11.6538 	EXP 	DMN_BallTask: status = NOT_STARTED
11.7006 	WARNING 	User requested fullscreen with size [1080 1080], but screen is actually [1920, 1080]. Using actual size
12.1568 	EXP 	Created window1 = Window(allowGUI=False, allowStencil=False, autoLog=True, backendConf=UNKNOWN, backgroundFit=<method-wrapper '__getattribute__' of attributeSetter object at 0x7e9768db57e0>, backgroundImage=<method-wrapper '__getattribute__' of attributeSetter object at 0x7e9768db5780>, bitsMode=UNKNOWN, blendMode='avg', bpc=(8, 8, 8), color=array([-1, -1, -1]), colorSpace='rgb', depthBits=8, fullscr=True, gamma=None, gammaErrorPolicy='raise', infoMsg=UNKNOWN, lms=UNKNOWN, monitor=<psychopy.monitors.calibTools.Monitor object at 0x7e9759d882b0>, multiSample=False, name='window1', numSamples=2, pos=[np.float64(0.0), np.float64(0.0)], screen=1, size=array([1920, 1080]), stencilBits=0, stereo=False, title='PsychoPy', units='norm', useFBO=True, useRetina=False, viewOri=0.0, viewPos=None, viewScale=None, waitBlanking=True, winType='pyglet')
12.1569 	EXP 	window1: backgroundImage = None
12.1569 	EXP 	window1: backgroundFit = 'cover'
12.1593 	EXP 	window1: Attempting to measure frame rate of screen (1) ...
12.1593 	EXP 	window1: recordFrameIntervals = False
12.3229 	EXP 	window1: recordFrameIntervals = True
12.5065 	EXP 	Screen (1) actual frame rate measured at 60.00Hz
12.5065 	EXP 	window1: recordFrameIntervals = False
12.5526 	EXP 	Created text = TextStim(__class__=<class 'psychopy.visual.text.TextStim'>, alignHoriz=method-wrapper(...), alignText='center', alignVert=method-wrapper(...), anchorHoriz='center', anchorVert='center', antialias=True, autoDraw=False, autoLog=True, bold=False, color=array([1., 1., 1.]), colorSpace='rgb', contrast=1.0, depth=0.0, draggable=False, flipHoriz=False, flipVert=False, font='Arial', fontFiles=[], height=np.float64(0.06), italic=False, languageStyle='LTR', name='text', opacity=1, ori=0, pos=array([0. , 0.2]), rgb=UNKNOWN, text=str(...), units='norm', win=Window(...), wrapWidth=1.2)
12.5532 	EXP 	Created text = TextStim(__class__=<class 'psychopy.visual.text.TextStim'>, alignHoriz=method-wrapper(...), alignText='center', alignVert=method-wrapper(...), anchorHoriz='center', anchorVert='center', antialias=True, autoDraw=False, autoLog=True, bold=False, color=array([1., 1., 1.]), colorSpace='rgb', contrast=1.0, depth=0.0, draggable=False, flipHoriz=False, flipVert=False, font='Arial', fontFiles=[], height=0.06, italic=False, languageStyle='LTR', name='text', opacity=1, ori=0, pos=array([0., 0.]), rgb=UNKNOWN, text='', units='norm', win=Window(...), wrapWidth=1.2)
12.5563 	EXP 	Created waiting_for_trigger_text = TextStim(__class__=<class 'psychopy.visual.text.TextStim'>, alignHoriz=method-wrapper(...), alignText='center', alignVert=method-wrapper(...), anchorHoriz='center', anchorVert='center', antialias=True, autoDraw=False, autoLog=True, bold=False, color=array([1., 1., 1.]), colorSpace='rgb', contrast=1.0, depth=0.0, draggable=False, flipHoriz=False, flipVert=False, font='Arial', fontFiles=[], height=np.float64(0.1), italic=False, languageStyle='LTR', name='waiting_for_trigger_text', opacity=1, ori=0, pos=array([0., 0.]), rgb=UNKNOWN, text='waiting for scanner', units='norm', win=Window(...), wrapWidth=2)
12.5587 	EXP 	Created text_2 = TextStim(__class__=<class 'psychopy.visual.text.TextStim'>, alignHoriz=method-wrapper(...), alignText='center', alignVert=method-wrapper(...), anchorHoriz='center', anchorVert='center', antialias=True, autoDraw=False, autoLog=True, bold=False, color=array([1., 1., 1.]), colorSpace='rgb', contrast=1.0, depth=0.0, draggable=False, flipHoriz=False, flipVert=False, font='Arial', fontFiles=[], height=np.float64(0.3), italic=False, languageStyle='LTR', name='text_2', opacity=1, ori=0, pos=array([0., 0.]), rgb=UNKNOWN, text='+', units='norm', win=Window(...), wrapWidth=1)
12.5614 	EXP 	Created text_relax = TextStim(__class__=<class 'psychopy.visual.text.TextStim'>, alignHoriz=method-wrapper(...), alignText='center', alignVert=method-wrapper(...), anchorHoriz='center', anchorVert='center', antialias=True, autoDraw=False, autoLog=True, bold=False, color=array([1., 1., 1.]), colorSpace='rgb', contrast=1.0, depth=0.0, draggable=False, flipHoriz=False, flipVert=False, font='Arial', fontFiles=[], height=np.float64(0.07), italic=False, languageStyle='LTR', name='text_relax', opacity=1, ori=0, pos=array([ 0. , -0.2]), rgb=UNKNOWN, text='Relax', units='norm', win=Window(...), wrapWidth=1)
12.5637 	EXP 	Created text_4 = TextStim(__class__=<class 'psychopy.visual.text.TextStim'>, alignHoriz=method-wrapper(...), alignText='center', alignVert=method-wrapper(...), anchorHoriz='center', anchorVert='center', antialias=True, autoDraw=False, autoLog=True, bold=False, color=array([1., 1., 1.]), colorSpace='rgb', contrast=1.0, depth=-3.0, draggable=False, flipHoriz=False, flipVert=False, font='Arial', fontFiles=[], height=np.float64(0.1), italic=False, languageStyle='LTR', name='text_4', opacity=1, ori=0, pos=array([0., 0.]), rgb=UNKNOWN, text='default text', units='norm', win=Window(...), wrapWidth=1)
12.5694 	WARNING 	fillRGB parameter is deprecated. Please use lineColor and colorSpace instead
12.5696 	WARNING 	lineRGB parameter is deprecated. Please use lineColor and colorSpace instead
12.5731 	EXP 	Created unnamed Circle = Circle(__class__=<class 'psychopy.visual.circle.Circle'>, anchor=('center', 'center'), autoDraw=False, autoLog=True, closeShape=True, color=method-wrapper(...), colorSpace='rgb', contrast=None, depth=0, draggable=False, fillColor=array([0, 0, 0]), fillColorSpace='rgb', fillRGB=array([0, 0, 0]), interpolate=True, lineColor=array([ 1.,  1., -1.]), lineColorSpace='rgb', lineRGB=array([ 1,  1, -1]), lineWidth=3, name='unnamed Circle', opacity=1, ori=0.0, pos=array([0.        , 0.33333333]), size=array([1., 1.]), units='norm', vertices=ndarray(...), win=Window(...), windingRule=None)
12.5776 	WARNING 	fillRGB parameter is deprecated. Please use lineColor and colorSpace instead
12.5776 	WARNING 	lineRGB parameter is deprecated. Please use lineColor and colorSpace instead
12.5810 	EXP 	Created unnamed Circle = Circle(__class__=<class 'psychopy.visual.circle.Circle'>, anchor=('center', 'center'), autoDraw=False, autoLog=True, closeShape=True, color=method-wrapper(...), colorSpace='rgb', contrast=None, depth=0, draggable=False, fillColor=array([0, 0, 0]), fillColorSpace='rgb', fillRGB=array([0, 0, 0]), interpolate=True, lineColor=array([0.35686275, 0.69411765, 0.80392157]), lineColorSpace='rgb', lineRGB=array([0.35686275, 0.69411765, 0.80392157]), lineWidth=3, name='unnamed Circle', opacity=1, ori=0.0, pos=array([ 0.        , -0.33333333]), size=array([1., 1.]), units='norm', vertices=ndarray(...), win=Window(...), windingRule=None)
12.5853 	WARNING 	fillRGB parameter is deprecated. Please use lineColor and colorSpace instead
12.5853 	WARNING 	lineRGB parameter is deprecated. Please use lineColor and colorSpace instead
12.5888 	EXP 	Created unnamed Circle = Circle(__class__=<class 'psychopy.visual.circle.Circle'>, anchor=('center', 'center'), autoDraw=False, autoLog=True, closeShape=True, color=method-wrapper(...), colorSpace='rgb', contrast=None, depth=0, draggable=False, fillColor=array([1, 1, 1]), fillColorSpace='rgb', fillRGB=array([1, 1, 1]), interpolate=True, lineColor=array([1., 1., 1.]), lineColorSpace='rgb', lineRGB=array([1, 1, 1]), lineWidth=1.5, name='unnamed Circle', opacity=1, ori=0.0, pos=array([0., 0.]), size=array([1., 1.]), units='norm', vertices=ndarray(...), win=Window(...), windingRule=None)
12.5931 	WARNING 	fillRGB parameter is deprecated. Please use lineColor and colorSpace instead
12.5932 	WARNING 	lineRGB parameter is deprecated. Please use lineColor and colorSpace instead
12.5966 	EXP 	Created unnamed Circle = Circle(__class__=<class 'psychopy.visual.circle.Circle'>, anchor=('center', 'center'), autoDraw=False, autoLog=True, closeShape=True, color=method-wrapper(...), colorSpace='rgb', contrast=None, depth=0, draggable=False, fillColor=array([1, 1, 1]), fillColorSpace='rgb', fillRGB=array([1, 1, 1]), interpolate=True, lineColor=array([1., 1., 1.]), lineColorSpace='rgb', lineRGB=array([1, 1, 1]), lineWidth=3, name='unnamed Circle', opacity=1, ori=0.0, pos=array([0., 0.]), size=array([1., 1.]), units='norm', vertices=ndarray(...), win=Window(...), windingRule=None)
12.5993 	EXP 	Created instruct_text = TextStim(__class__=<class 'psychopy.visual.text.TextStim'>, alignHoriz=method-wrapper(...), alignText='center', alignVert=method-wrapper(...), anchorHoriz='center', anchorVert='center', antialias=True, autoDraw=False, autoLog=True, bold=False, color=array([1., 1., 1.]), colorSpace='rgb', contrast=1.0, depth=0.0, draggable=False, flipHoriz=False, flipVert=False, font='Arial', fontFiles=[], height=np.float64(0.06), italic=False, languageStyle='LTR', name='instruct_text', opacity=1, ori=0, pos=array([0., 0.]), rgb=UNKNOWN, text='replace me', units='norm', win=Window(...), wrapWidth=1.2)
12.6017 	EXP 	Created thank_you_end_run_text = TextStim(__class__=<class 'psychopy.visual.text.TextStim'>, alignHoriz=method-wrapper(...), alignText='center', alignVert=method-wrapper(...), anchorHoriz='center', anchorVert='center', antialias=True, autoDraw=False, autoLog=True, bold=False, color=array([1., 1., 1.]), colorSpace='rgb', contrast=1.0, depth=0.0, draggable=False, flipHoriz=False, flipVert=False, font='Arial', fontFiles=[], height=np.float64(0.1), italic=False, languageStyle='LTR', name='thank_you_end_run_text', opacity=1, ori=0, pos=array([0., 0.]), rgb=UNKNOWN, text='thank you!', units='norm', win=Window(...), wrapWidth=1)
12.6099 	EXP 	instruct_text: height = np.float64(0.06)
12.6099 	EXP 	instruct_text: height = np.float64(0.06)
12.6099 	EXP 	instruct_text: height = np.float64(0.06)
12.6099 	EXP 	instruct_text: text = 'Next, you will get to continue the Mindful Describing practice you just learned.    \n\nBefore, you mentioned using your ff as an anchor for your Describing Practice. Try to continue using this as your anchor, but it is also okay to switch anytime.\n\nYou will see 2 circles with a white ball in the middle, but they won’t move for now.'
11.6538 	EXP 	DMN_BallTask: status = NOT_STARTED
11.7006 	WARNING 	User requested fullscreen with size [1080 1080], but screen is actually [1920, 1080]. Using actual size
12.1568 	EXP 	Created window1 = Window(allowGUI=False, allowStencil=False, autoLog=True, backendConf=UNKNOWN, backgroundFit=<method-wrapper '__getattribute__' of attributeSetter object at 0x7e9768db57e0>, backgroundImage=<method-wrapper '__getattribute__' of attributeSetter object at 0x7e9768db5780>, bitsMode=UNKNOWN, blendMode='avg', bpc=(8, 8, 8), color=array([-1, -1, -1]), colorSpace='rgb', depthBits=8, fullscr=True, gamma=None, gammaErrorPolicy='raise', infoMsg=UNKNOWN, lms=UNKNOWN, monitor=<psychopy.monitors.calibTools.Monitor object at 0x7e9759d882b0>, multiSample=False, name='window1', numSamples=2, pos=[np.float64(0.0), np.float64(0.0)], screen=1, size=array([1920, 1080]), stencilBits=0, stereo=False, title='PsychoPy', units='norm', useFBO=True, useRetina=False, viewOri=0.0, viewPos=None, viewScale=None, waitBlanking=True, winType='pyglet')
12.1569 	EXP 	window1: backgroundImage = None
12.1569 	EXP 	window1: backgroundFit = 'cover'
12.1593 	EXP 	window1: Attempting to measure frame rate of screen (1) ...
12.1593 	EXP 	window1: recordFrameIntervals = False
12.3229 	EXP 	window1: recordFrameIntervals = True
12.5065 	EXP 	Screen (1) actual frame rate measured at 60.00Hz
12.5065 	EXP 	window1: recordFrameIntervals = False
12.5526 	EXP 	Created text = TextStim(__class__=<class 'psychopy.visual.text.TextStim'>, alignHoriz=method-wrapper(...), alignText='center', alignVert=method-wrapper(...), anchorHoriz='center', anchorVert='center', antialias=True, autoDraw=False, autoLog=True, bold=False, color=array([1., 1., 1.]), colorSpace='rgb', contrast=1.0, depth=0.0, draggable=False, flipHoriz=False, flipVert=False, font='Arial', fontFiles=[], height=np.float64(0.06), italic=False, languageStyle='LTR', name='text', opacity=1, ori=0, pos=array([0. , 0.2]), rgb=UNKNOWN, text=str(...), units='norm', win=Window(...), wrapWidth=1.2)
12.5532 	EXP 	Created text = TextStim(__class__=<class 'psychopy.visual.text.TextStim'>, alignHoriz=method-wrapper(...), alignText='center', alignVert=method-wrapper(...), anchorHoriz='center', anchorVert='center', antialias=True, autoDraw=False, autoLog=True, bold=False, color=array([1., 1., 1.]), colorSpace='rgb', contrast=1.0, depth=0.0, draggable=False, flipHoriz=False, flipVert=False, font='Arial', fontFiles=[], height=0.06, italic=False, languageStyle='LTR', name='text', opacity=1, ori=0, pos=array([0., 0.]), rgb=UNKNOWN, text='', units='norm', win=Window(...), wrapWidth=1.2)
12.5563 	EXP 	Created waiting_for_trigger_text = TextStim(__class__=<class 'psychopy.visual.text.TextStim'>, alignHoriz=method-wrapper(...), alignText='center', alignVert=method-wrapper(...), anchorHoriz='center', anchorVert='center', antialias=True, autoDraw=False, autoLog=True, bold=False, color=array([1., 1., 1.]), colorSpace='rgb', contrast=1.0, depth=0.0, draggable=False, flipHoriz=False, flipVert=False, font='Arial', fontFiles=[], height=np.float64(0.1), italic=False, languageStyle='LTR', name='waiting_for_trigger_text', opacity=1, ori=0, pos=array([0., 0.]), rgb=UNKNOWN, text='waiting for scanner', units='norm', win=Window(...), wrapWidth=2)
12.5587 	EXP 	Created text_2 = TextStim(__class__=<class 'psychopy.visual.text.TextStim'>, alignHoriz=method-wrapper(...), alignText='center', alignVert=method-wrapper(...), anchorHoriz='center', anchorVert='center', antialias=True, autoDraw=False, autoLog=True, bold=False, color=array([1., 1., 1.]), colorSpace='rgb', contrast=1.0, depth=0.0, draggable=False, flipHoriz=False, flipVert=False, font='Arial', fontFiles=[], height=np.float64(0.3), italic=False, languageStyle='LTR', name='text_2', opacity=1, ori=0, pos=array([0., 0.]), rgb=UNKNOWN, text='+', units='norm', win=Window(...), wrapWidth=1)
12.5614 	EXP 	Created text_relax = TextStim(__class__=<class 'psychopy.visual.text.TextStim'>, alignHoriz=method-wrapper(...), alignText='center', alignVert=method-wrapper(...), anchorHoriz='center', anchorVert='center', antialias=True, autoDraw=False, autoLog=True, bold=False, color=array([1., 1., 1.]), colorSpace='rgb', contrast=1.0, depth=0.0, draggable=False, flipHoriz=False, flipVert=False, font='Arial', fontFiles=[], height=np.float64(0.07), italic=False, languageStyle='LTR', name='text_relax', opacity=1, ori=0, pos=array([ 0. , -0.2]), rgb=UNKNOWN, text='Relax', units='norm', win=Window(...), wrapWidth=1)
12.5637 	EXP 	Created text_4 = TextStim(__class__=<class 'psychopy.visual.text.TextStim'>, alignHoriz=method-wrapper(...), alignText='center', alignVert=method-wrapper(...), anchorHoriz='center', anchorVert='center', antialias=True, autoDraw=False, autoLog=True, bold=False, color=array([1., 1., 1.]), colorSpace='rgb', contrast=1.0, depth=-3.0, draggable=False, flipHoriz=False, flipVert=False, font='Arial', fontFiles=[], height=np.float64(0.1), italic=False, languageStyle='LTR', name='text_4', opacity=1, ori=0, pos=array([0., 0.]), rgb=UNKNOWN, text='default text', units='norm', win=Window(...), wrapWidth=1)
12.5694 	WARNING 	fillRGB parameter is deprecated. Please use lineColor and colorSpace instead
12.5696 	WARNING 	lineRGB parameter is deprecated. Please use lineColor and colorSpace instead
12.5731 	EXP 	Created unnamed Circle = Circle(__class__=<class 'psychopy.visual.circle.Circle'>, anchor=('center', 'center'), autoDraw=False, autoLog=True, closeShape=True, color=method-wrapper(...), colorSpace='rgb', contrast=None, depth=0, draggable=False, fillColor=array([0, 0, 0]), fillColorSpace='rgb', fillRGB=array([0, 0, 0]), interpolate=True, lineColor=array([ 1.,  1., -1.]), lineColorSpace='rgb', lineRGB=array([ 1,  1, -1]), lineWidth=3, name='unnamed Circle', opacity=1, ori=0.0, pos=array([0.        , 0.33333333]), size=array([1., 1.]), units='norm', vertices=ndarray(...), win=Window(...), windingRule=None)
12.5776 	WARNING 	fillRGB parameter is deprecated. Please use lineColor and colorSpace instead
12.5776 	WARNING 	lineRGB parameter is deprecated. Please use lineColor and colorSpace instead
12.5810 	EXP 	Created unnamed Circle = Circle(__class__=<class 'psychopy.visual.circle.Circle'>, anchor=('center', 'center'), autoDraw=False, autoLog=True, closeShape=True, color=method-wrapper(...), colorSpace='rgb', contrast=None, depth=0, draggable=False, fillColor=array([0, 0, 0]), fillColorSpace='rgb', fillRGB=array([0, 0, 0]), interpolate=True, lineColor=array([0.35686275, 0.69411765, 0.80392157]), lineColorSpace='rgb', lineRGB=array([0.35686275, 0.69411765, 0.80392157]), lineWidth=3, name='unnamed Circle', opacity=1, ori=0.0, pos=array([ 0.        , -0.33333333]), size=array([1., 1.]), units='norm', vertices=ndarray(...), win=Window(...), windingRule=None)
12.5853 	WARNING 	fillRGB parameter is deprecated. Please use lineColor and colorSpace instead
12.5853 	WARNING 	lineRGB parameter is deprecated. Please use lineColor and colorSpace instead
12.5888 	EXP 	Created unnamed Circle = Circle(__class__=<class 'psychopy.visual.circle.Circle'>, anchor=('center', 'center'), autoDraw=False, autoLog=True, closeShape=True, color=method-wrapper(...), colorSpace='rgb', contrast=None, depth=0, draggable=False, fillColor=array([1, 1, 1]), fillColorSpace='rgb', fillRGB=array([1, 1, 1]), interpolate=True, lineColor=array([1., 1., 1.]), lineColorSpace='rgb', lineRGB=array([1, 1, 1]), lineWidth=1.5, name='unnamed Circle', opacity=1, ori=0.0, pos=array([0., 0.]), size=array([1., 1.]), units='norm', vertices=ndarray(...), win=Window(...), windingRule=None)
12.5931 	WARNING 	fillRGB parameter is deprecated. Please use lineColor and colorSpace instead
12.5932 	WARNING 	lineRGB parameter is deprecated. Please use lineColor and colorSpace instead
12.5966 	EXP 	Created unnamed Circle = Circle(__class__=<class 'psychopy.visual.circle.Circle'>, anchor=('center', 'center'), autoDraw=False, autoLog=True, closeShape=True, color=method-wrapper(...), colorSpace='rgb', contrast=None, depth=0, draggable=False, fillColor=array([1, 1, 1]), fillColorSpace='rgb', fillRGB=array([1, 1, 1]), interpolate=True, lineColor=array([1., 1., 1.]), lineColorSpace='rgb', lineRGB=array([1, 1, 1]), lineWidth=3, name='unnamed Circle', opacity=1, ori=0.0, pos=array([0., 0.]), size=array([1., 1.]), units='norm', vertices=ndarray(...), win=Window(...), windingRule=None)
12.5993 	EXP 	Created instruct_text = TextStim(__class__=<class 'psychopy.visual.text.TextStim'>, alignHoriz=method-wrapper(...), alignText='center', alignVert=method-wrapper(...), anchorHoriz='center', anchorVert='center', antialias=True, autoDraw=False, autoLog=True, bold=False, color=array([1., 1., 1.]), colorSpace='rgb', contrast=1.0, depth=0.0, draggable=False, flipHoriz=False, flipVert=False, font='Arial', fontFiles=[], height=np.float64(0.06), italic=False, languageStyle='LTR', name='instruct_text', opacity=1, ori=0, pos=array([0., 0.]), rgb=UNKNOWN, text='replace me', units='norm', win=Window(...), wrapWidth=1.2)
12.6017 	EXP 	Created thank_you_end_run_text = TextStim(__class__=<class 'psychopy.visual.text.TextStim'>, alignHoriz=method-wrapper(...), alignText='center', alignVert=method-wrapper(...), anchorHoriz='center', anchorVert='center', antialias=True, autoDraw=False, autoLog=True, bold=False, color=array([1., 1., 1.]), colorSpace='rgb', contrast=1.0, depth=0.0, draggable=False, flipHoriz=False, flipVert=False, font='Arial', fontFiles=[], height=np.float64(0.1), italic=False, languageStyle='LTR', name='thank_you_end_run_text', opacity=1, ori=0, pos=array([0., 0.]), rgb=UNKNOWN, text='thank you!', units='norm', win=Window(...), wrapWidth=1)
12.6099 	EXP 	instruct_text: height = np.float64(0.06)
12.6099 	EXP 	instruct_text: height = np.float64(0.06)
12.6099 	EXP 	instruct_text: height = np.float64(0.06)
12.6099 	EXP 	instruct_text: text = 'Next, you will get to continue the Mindful Describing practice you just learned.    \n\nBefore, you mentioned using your ff as an anchor for your Describing Practice. Try to continue using this as your anchor, but it is also okay to switch anytime.\n\nYou will see 2 circles with a white ball in the middle, but they won’t move for now.'
6.8386 	EXP 	DMN_BallTask: status = NOT_STARTED
6.8849 	WARNING 	User requested fullscreen with size [1080 1080], but screen is actually [1920, 1080]. Using actual size
7.3322 	EXP 	Created window1 = Window(allowGUI=False, allowStencil=False, autoLog=True, backendConf=UNKNOWN, backgroundFit=<method-wrapper '__getattribute__' of attributeSetter object at 0x7d0b9b4bd960>, backgroundImage=<method-wrapper '__getattribute__' of attributeSetter object at 0x7d0b9b4bd900>, bitsMode=UNKNOWN, blendMode='avg', bpc=(8, 8, 8), color=array([-1, -1, -1]), colorSpace='rgb', depthBits=8, fullscr=True, gamma=None, gammaErrorPolicy='raise', infoMsg=UNKNOWN, lms=UNKNOWN, monitor=<psychopy.monitors.calibTools.Monitor object at 0x7d0b904804c0>, multiSample=False, name='window1', numSamples=2, pos=[np.float64(0.0), np.float64(0.0)], screen=1, size=array([1920, 1080]), stencilBits=0, stereo=False, title='PsychoPy', units='norm', useFBO=True, useRetina=False, viewOri=0.0, viewPos=None, viewScale=None, waitBlanking=True, winType='pyglet')
7.3323 	EXP 	window1: backgroundImage = None
7.3323 	EXP 	window1: backgroundFit = 'cover'
7.3353 	EXP 	window1: Attempting to measure frame rate of screen (1) ...
7.3353 	EXP 	window1: recordFrameIntervals = False
7.4982 	EXP 	window1: recordFrameIntervals = True
7.6816 	EXP 	Screen (1) actual frame rate measured at 60.01Hz
7.6816 	EXP 	window1: recordFrameIntervals = False
7.7264 	EXP 	Created text = TextStim(__class__=<class 'psychopy.visual.text.TextStim'>, alignHoriz=method-wrapper(...), alignText='center', alignVert=method-wrapper(...), anchorHoriz='center', anchorVert='center', antialias=True, autoDraw=False, autoLog=True, bold=False, color=array([1., 1., 1.]), colorSpace='rgb', contrast=1.0, depth=0.0, draggable=False, flipHoriz=False, flipVert=False, font='Arial', fontFiles=[], height=np.float64(0.06), italic=False, languageStyle='LTR', name='text', opacity=1, ori=0, pos=array([0. , 0.2]), rgb=UNKNOWN, text=str(...), units='norm', win=Window(...), wrapWidth=1.2)
7.7270 	EXP 	Created text = TextStim(__class__=<class 'psychopy.visual.text.TextStim'>, alignHoriz=method-wrapper(...), alignText='center', alignVert=method-wrapper(...), anchorHoriz='center', anchorVert='center', antialias=True, autoDraw=False, autoLog=True, bold=False, color=array([1., 1., 1.]), colorSpace='rgb', contrast=1.0, depth=0.0, draggable=False, flipHoriz=False, flipVert=False, font='Arial', fontFiles=[], height=0.06, italic=False, languageStyle='LTR', name='text', opacity=1, ori=0, pos=array([0., 0.]), rgb=UNKNOWN, text='', units='norm', win=Window(...), wrapWidth=1.2)
7.7302 	EXP 	Created waiting_for_trigger_text = TextStim(__class__=<class 'psychopy.visual.text.TextStim'>, alignHoriz=method-wrapper(...), alignText='center', alignVert=method-wrapper(...), anchorHoriz='center', anchorVert='center', antialias=True, autoDraw=False, autoLog=True, bold=False, color=array([1., 1., 1.]), colorSpace='rgb', contrast=1.0, depth=0.0, draggable=False, flipHoriz=False, flipVert=False, font='Arial', fontFiles=[], height=np.float64(0.1), italic=False, languageStyle='LTR', name='waiting_for_trigger_text', opacity=1, ori=0, pos=array([0., 0.]), rgb=UNKNOWN, text='waiting for scanner', units='norm', win=Window(...), wrapWidth=2)
7.7326 	EXP 	Created text_2 = TextStim(__class__=<class 'psychopy.visual.text.TextStim'>, alignHoriz=method-wrapper(...), alignText='center', alignVert=method-wrapper(...), anchorHoriz='center', anchorVert='center', antialias=True, autoDraw=False, autoLog=True, bold=False, color=array([1., 1., 1.]), colorSpace='rgb', contrast=1.0, depth=0.0, draggable=False, flipHoriz=False, flipVert=False, font='Arial', fontFiles=[], height=np.float64(0.3), italic=False, languageStyle='LTR', name='text_2', opacity=1, ori=0, pos=array([0., 0.]), rgb=UNKNOWN, text='+', units='norm', win=Window(...), wrapWidth=1)
7.7352 	EXP 	Created text_relax = TextStim(__class__=<class 'psychopy.visual.text.TextStim'>, alignHoriz=method-wrapper(...), alignText='center', alignVert=method-wrapper(...), anchorHoriz='center', anchorVert='center', antialias=True, autoDraw=False, autoLog=True, bold=False, color=array([1., 1., 1.]), colorSpace='rgb', contrast=1.0, depth=0.0, draggable=False, flipHoriz=False, flipVert=False, font='Arial', fontFiles=[], height=np.float64(0.07), italic=False, languageStyle='LTR', name='text_relax', opacity=1, ori=0, pos=array([ 0. , -0.2]), rgb=UNKNOWN, text='Relax', units='norm', win=Window(...), wrapWidth=1)
7.7376 	EXP 	Created text_4 = TextStim(__class__=<class 'psychopy.visual.text.TextStim'>, alignHoriz=method-wrapper(...), alignText='center', alignVert=method-wrapper(...), anchorHoriz='center', anchorVert='center', antialias=True, autoDraw=False, autoLog=True, bold=False, color=array([1., 1., 1.]), colorSpace='rgb', contrast=1.0, depth=-3.0, draggable=False, flipHoriz=False, flipVert=False, font='Arial', fontFiles=[], height=np.float64(0.1), italic=False, languageStyle='LTR', name='text_4', opacity=1, ori=0, pos=array([0., 0.]), rgb=UNKNOWN, text='default text', units='norm', win=Window(...), wrapWidth=1)
7.7432 	WARNING 	fillRGB parameter is deprecated. Please use lineColor and colorSpace instead
7.7433 	WARNING 	lineRGB parameter is deprecated. Please use lineColor and colorSpace instead
7.7467 	EXP 	Created unnamed Circle = Circle(__class__=<class 'psychopy.visual.circle.Circle'>, anchor=('center', 'center'), autoDraw=False, autoLog=True, closeShape=True, color=method-wrapper(...), colorSpace='rgb', contrast=None, depth=0, draggable=False, fillColor=array([0, 0, 0]), fillColorSpace='rgb', fillRGB=array([0, 0, 0]), interpolate=True, lineColor=array([ 1.,  1., -1.]), lineColorSpace='rgb', lineRGB=array([ 1,  1, -1]), lineWidth=3, name='unnamed Circle', opacity=1, ori=0.0, pos=array([0.        , 0.33333333]), size=array([1., 1.]), units='norm', vertices=ndarray(...), win=Window(...), windingRule=None)
7.7509 	WARNING 	fillRGB parameter is deprecated. Please use lineColor and colorSpace instead
7.7510 	WARNING 	lineRGB parameter is deprecated. Please use lineColor and colorSpace instead
7.7543 	EXP 	Created unnamed Circle = Circle(__class__=<class 'psychopy.visual.circle.Circle'>, anchor=('center', 'center'), autoDraw=False, autoLog=True, closeShape=True, color=method-wrapper(...), colorSpace='rgb', contrast=None, depth=0, draggable=False, fillColor=array([0, 0, 0]), fillColorSpace='rgb', fillRGB=array([0, 0, 0]), interpolate=True, lineColor=array([0.35686275, 0.69411765, 0.80392157]), lineColorSpace='rgb', lineRGB=array([0.35686275, 0.69411765, 0.80392157]), lineWidth=3, name='unnamed Circle', opacity=1, ori=0.0, pos=array([ 0.        , -0.33333333]), size=array([1., 1.]), units='norm', vertices=ndarray(...), win=Window(...), windingRule=None)
7.7586 	WARNING 	fillRGB parameter is deprecated. Please use lineColor and colorSpace instead
7.7587 	WARNING 	lineRGB parameter is deprecated. Please use lineColor and colorSpace instead
7.7620 	EXP 	Created unnamed Circle = Circle(__class__=<class 'psychopy.visual.circle.Circle'>, anchor=('center', 'center'), autoDraw=False, autoLog=True, closeShape=True, color=method-wrapper(...), colorSpace='rgb', contrast=None, depth=0, draggable=False, fillColor=array([1, 1, 1]), fillColorSpace='rgb', fillRGB=array([1, 1, 1]), interpolate=True, lineColor=array([1., 1., 1.]), lineColorSpace='rgb', lineRGB=array([1, 1, 1]), lineWidth=1.5, name='unnamed Circle', opacity=1, ori=0.0, pos=array([0., 0.]), size=array([1., 1.]), units='norm', vertices=ndarray(...), win=Window(...), windingRule=None)
7.7663 	WARNING 	fillRGB parameter is deprecated. Please use lineColor and colorSpace instead
7.7664 	WARNING 	lineRGB parameter is deprecated. Please use lineColor and colorSpace instead
7.7697 	EXP 	Created unnamed Circle = Circle(__class__=<class 'psychopy.visual.circle.Circle'>, anchor=('center', 'center'), autoDraw=False, autoLog=True, closeShape=True, color=method-wrapper(...), colorSpace='rgb', contrast=None, depth=0, draggable=False, fillColor=array([1, 1, 1]), fillColorSpace='rgb', fillRGB=array([1, 1, 1]), interpolate=True, lineColor=array([1., 1., 1.]), lineColorSpace='rgb', lineRGB=array([1, 1, 1]), lineWidth=3, name='unnamed Circle', opacity=1, ori=0.0, pos=array([0., 0.]), size=array([1., 1.]), units='norm', vertices=ndarray(...), win=Window(...), windingRule=None)
7.7724 	EXP 	Created instruct_text = TextStim(__class__=<class 'psychopy.visual.text.TextStim'>, alignHoriz=method-wrapper(...), alignText='center', alignVert=method-wrapper(...), anchorHoriz='center', anchorVert='center', antialias=True, autoDraw=False, autoLog=True, bold=False, color=array([1., 1., 1.]), colorSpace='rgb', contrast=1.0, depth=0.0, draggable=False, flipHoriz=False, flipVert=False, font='Arial', fontFiles=[], height=np.float64(0.06), italic=False, languageStyle='LTR', name='instruct_text', opacity=1, ori=0, pos=array([0., 0.]), rgb=UNKNOWN, text='replace me', units='norm', win=Window(...), wrapWidth=1.2)
7.7745 	EXP 	Created thank_you_end_run_text = TextStim(__class__=<class 'psychopy.visual.text.TextStim'>, alignHoriz=method-wrapper(...), alignText='center', alignVert=method-wrapper(...), anchorHoriz='center', anchorVert='center', antialias=True, autoDraw=False, autoLog=True, bold=False, color=array([1., 1., 1.]), colorSpace='rgb', contrast=1.0, depth=0.0, draggable=False, flipHoriz=False, flipVert=False, font='Arial', fontFiles=[], height=np.float64(0.1), italic=False, languageStyle='LTR', name='thank_you_end_run_text', opacity=1, ori=0, pos=array([0., 0.]), rgb=UNKNOWN, text='thank you!', units='norm', win=Window(...), wrapWidth=1)
7.7826 	EXP 	instruct_text: height = np.float64(0.06)
7.7826 	EXP 	instruct_text: height = np.float64(0.06)
7.7826 	EXP 	instruct_text: height = np.float64(0.06)
7.7826 	EXP 	instruct_text: text = 'Next, you will get to continue the Mindful Describing practice you just learned.    \n\nBefore, you mentioned using your ff as an anchor for your Describing Practice. Try to continue using this as your anchor, but it is also okay to switch anytime.\n\nYou will see 2 circles with a white ball in the middle, but they won’t move for now.'
10.5874 	DATA 	Keypress: lalt
63.2911 	DATA 	Keypress: space
63.2975 	EXP 	instruct_text: height = np.float64(0.06)
63.2975 	EXP 	instruct_text: height = np.float64(0.06)
63.2975 	EXP 	instruct_text: height = np.float64(0.06)
63.2975 	EXP 	instruct_text: text = 'You will see the plus sign (+) for 30 seconds at the start. Whenever you see the plus +,  please don’t practice Describing – just relax.\n\nOnce the circles appear, please start the Describing practice. This practice will last 2.5 min.'
63.4340 	DATA 	Keypress: space
63.4362 	EXP 	waiting_for_trigger_text: autoDraw = True
63.5798 	DATA 	Keypress: space
64.0646 	DATA 	Keypress: 5
64.0809 	EXP 	waiting_for_trigger_text: autoDraw = False
64.0809 	EXP 	text_2: autoDraw = True
64.0809 	EXP 	text_relax: autoDraw = True
88.4962 	DATA 	Keypress: lalt
94.0975 	EXP 	text_2: autoDraw = False
94.0975 	EXP 	text_relax: autoDraw = False
94.0975 	EXP 	text_2: autoDraw = False
244.0665 	EXP 	unnamed Circle: fillColor = <class 'numpy.ndarray'>
244.0665 	EXP 	unnamed Circle: fillColor = <class 'numpy.ndarray'>
244.0665 	EXP 	unnamed Circle: fillColor = <class 'numpy.ndarray'>
244.0665 	EXP 	unnamed Circle: radius = np.float64(0.135)
244.0665 	EXP 	unnamed Circle: fillColor = 'white'
244.0665 	EXP 	unnamed Circle: fillColor = <class 'numpy.ndarray'>
244.0665 	EXP 	unnamed Circle: fillColor = <class 'numpy.ndarray'>
244.0665 	EXP 	unnamed Circle: radius = np.float64(0.12150000000000001)
244.0665 	EXP 	unnamed Circle: fillColor = 'white'
244.0665 	EXP 	unnamed Circle: fillColor = <class 'numpy.ndarray'>
244.0665 	EXP 	unnamed Circle: fillColor = <class 'numpy.ndarray'>
244.0665 	EXP 	unnamed Circle: radius = np.float64(0.10935000000000002)
244.0665 	EXP 	unnamed Circle: fillColor = 'white'
244.0665 	EXP 	unnamed Circle: fillColor = <class 'numpy.ndarray'>
244.0665 	EXP 	unnamed Circle: fillColor = <class 'numpy.ndarray'>
244.0665 	EXP 	unnamed Circle: radius = np.float64(0.09841500000000002)
244.0665 	EXP 	unnamed Circle: fillColor = 'white'
244.0665 	EXP 	unnamed Circle: fillColor = <class 'numpy.ndarray'>
244.0665 	EXP 	unnamed Circle: fillColor = <class 'numpy.ndarray'>
244.0665 	EXP 	unnamed Circle: radius = np.float64(0.08857350000000001)
244.0665 	EXP 	unnamed Circle: fillColor = 'white'
244.0665 	EXP 	unnamed Circle: fillColor = <class 'numpy.ndarray'>
244.0665 	EXP 	unnamed Circle: fillColor = <class 'numpy.ndarray'>
244.0665 	EXP 	unnamed Circle: radius = np.float64(0.07971615000000001)
244.0665 	EXP 	unnamed Circle: fillColor = 'white'
244.0665 	EXP 	unnamed Circle: fillColor = <class 'numpy.ndarray'>
244.0665 	EXP 	unnamed Circle: fillColor = <class 'numpy.ndarray'>
244.0665 	EXP 	unnamed Circle: radius = np.float64(0.07174453500000001)
244.0665 	EXP 	unnamed Circle: fillColor = 'white'
244.0665 	EXP 	unnamed Circle: fillColor = <class 'numpy.ndarray'>
244.0665 	EXP 	unnamed Circle: fillColor = <class 'numpy.ndarray'>
244.0665 	EXP 	unnamed Circle: radius = np.float64(0.06457008150000002)
244.0665 	EXP 	unnamed Circle: fillColor = 'white'
244.0665 	EXP 	unnamed Circle: fillColor = <class 'numpy.ndarray'>
244.0665 	EXP 	unnamed Circle: fillColor = <class 'numpy.ndarray'>
244.0665 	EXP 	unnamed Circle: radius = np.float64(0.058113073350000016)
244.0665 	EXP 	unnamed Circle: fillColor = 'white'
244.0665 	EXP 	unnamed Circle: fillColor = <class 'numpy.ndarray'>
244.0665 	EXP 	unnamed Circle: fillColor = <class 'numpy.ndarray'>
244.0665 	EXP 	unnamed Circle: radius = np.float64(0.052301766015000015)
244.0665 	EXP 	unnamed Circle: fillColor = 'white'
244.0665 	EXP 	unnamed Circle: fillColor = <class 'numpy.ndarray'>
244.0665 	EXP 	unnamed Circle: fillColor = <class 'numpy.ndarray'>
244.0665 	EXP 	unnamed Circle: radius = np.float64(0.047071589413500016)
244.0665 	EXP 	unnamed Circle: fillColor = 'white'
244.0665 	EXP 	unnamed Circle: fillColor = <class 'numpy.ndarray'>
244.0665 	EXP 	unnamed Circle: fillColor = <class 'numpy.ndarray'>
244.0665 	EXP 	unnamed Circle: radius = np.float64(0.042364430472150015)
244.0665 	EXP 	unnamed Circle: fillColor = 'white'
244.0665 	EXP 	unnamed Circle: fillColor = <class 'numpy.ndarray'>
244.0665 	EXP 	unnamed Circle: fillColor = <class 'numpy.ndarray'>
244.0665 	EXP 	unnamed Circle: radius = np.float64(0.03812798742493501)
244.0665 	EXP 	unnamed Circle: fillColor = 'white'
244.0665 	EXP 	unnamed Circle: fillColor = <class 'numpy.ndarray'>
244.0665 	EXP 	unnamed Circle: fillColor = <class 'numpy.ndarray'>
244.0665 	EXP 	unnamed Circle: radius = np.float64(0.03431518868244151)
244.0665 	EXP 	unnamed Circle: fillColor = 'white'
244.0665 	EXP 	unnamed Circle: fillColor = <class 'numpy.ndarray'>
244.0665 	EXP 	unnamed Circle: fillColor = <class 'numpy.ndarray'>
244.0665 	EXP 	unnamed Circle: radius = np.float64(0.030883669814197358)
244.0665 	EXP 	unnamed Circle: fillColor = 'white'
244.0665 	EXP 	unnamed Circle: fillColor = <class 'numpy.ndarray'>
244.0665 	EXP 	unnamed Circle: fillColor = <class 'numpy.ndarray'>
244.0665 	EXP 	unnamed Circle: radius = np.float64(0.03)
244.0665 	EXP 	unnamed Circle: fillColor = 'white'
244.0665 	EXP 	unnamed Circle: fillColor = <class 'numpy.ndarray'>
244.0665 	EXP 	unnamed Circle: fillColor = <class 'numpy.ndarray'>
244.0665 	EXP 	unnamed Circle: radius = np.float64(0.03)
244.0665 	EXP 	unnamed Circle: fillColor = 'white'
244.0665 	EXP 	unnamed Circle: fillColor = <class 'numpy.ndarray'>
244.0665 	EXP 	unnamed Circle: fillColor = <class 'numpy.ndarray'>
244.0665 	EXP 	unnamed Circle: radius = np.float64(0.03)
244.0665 	EXP 	unnamed Circle: fillColor = 'white'
244.0665 	EXP 	unnamed Circle: fillColor = <class 'numpy.ndarray'>
244.0665 	EXP 	unnamed Circle: fillColor = <class 'numpy.ndarray'>
244.0665 	EXP 	unnamed Circle: radius = np.float64(0.03)
244.0665 	EXP 	unnamed Circle: fillColor = 'white'
244.0665 	EXP 	unnamed Circle: fillColor = <class 'numpy.ndarray'>
244.0665 	EXP 	unnamed Circle: fillColor = <class 'numpy.ndarray'>
244.0665 	EXP 	unnamed Circle: radius = np.float64(0.03)
244.0665 	EXP 	unnamed Circle: fillColor = 'white'
244.0665 	EXP 	unnamed Circle: fillColor = <class 'numpy.ndarray'>
244.0665 	EXP 	unnamed Circle: fillColor = <class 'numpy.ndarray'>
244.0665 	EXP 	unnamed Circle: radius = np.float64(0.03)
244.0665 	EXP 	unnamed Circle: fillColor = 'white'
244.0665 	EXP 	unnamed Circle: fillColor = <class 'numpy.ndarray'>
244.0665 	EXP 	unnamed Circle: fillColor = <class 'numpy.ndarray'>
244.0665 	EXP 	unnamed Circle: radius = np.float64(0.03)
244.0665 	EXP 	unnamed Circle: fillColor = 'white'
244.0665 	EXP 	unnamed Circle: fillColor = <class 'numpy.ndarray'>
244.0665 	EXP 	unnamed Circle: fillColor = <class 'numpy.ndarray'>
244.0665 	EXP 	unnamed Circle: radius = np.float64(0.03)
244.0665 	EXP 	unnamed Circle: fillColor = 'white'
244.0665 	EXP 	unnamed Circle: fillColor = <class 'numpy.ndarray'>
244.0665 	EXP 	unnamed Circle: fillColor = <class 'numpy.ndarray'>
244.0665 	EXP 	unnamed Circle: radius = np.float64(0.03)
244.0665 	EXP 	unnamed Circle: fillColor = 'white'
244.0665 	EXP 	unnamed Circle: fillColor = <class 'numpy.ndarray'>
244.0665 	EXP 	unnamed Circle: fillColor = <class 'numpy.ndarray'>
244.0665 	EXP 	unnamed Circle: radius = np.float64(0.03)
244.0665 	EXP 	unnamed Circle: fillColor = 'white'
244.0665 	EXP 	unnamed Circle: fillColor = <class 'numpy.ndarray'>
244.0665 	EXP 	unnamed Circle: fillColor = <class 'numpy.ndarray'>
244.0665 	EXP 	unnamed Circle: radius = np.float64(0.03)
244.0665 	EXP 	unnamed Circle: fillColor = 'white'
244.0665 	EXP 	unnamed Circle: fillColor = <class 'numpy.ndarray'>
244.0665 	EXP 	unnamed Circle: fillColor = <class 'numpy.ndarray'>
244.0665 	EXP 	unnamed Circle: radius = np.float64(0.03)
244.0665 	EXP 	unnamed Circle: fillColor = 'white'
244.0665 	EXP 	unnamed Circle: fillColor = <class 'numpy.ndarray'>
244.0665 	EXP 	unnamed Circle: fillColor = <class 'numpy.ndarray'>
244.0665 	EXP 	unnamed Circle: radius = np.float64(0.03)
244.0665 	EXP 	unnamed Circle: fillColor = 'white'
244.0665 	EXP 	unnamed Circle: fillColor = <class 'numpy.ndarray'>
244.0665 	EXP 	unnamed Circle: fillColor = <class 'numpy.ndarray'>
244.0665 	EXP 	unnamed Circle: radius = np.float64(0.03)
244.0665 	EXP 	unnamed Circle: fillColor = 'white'
244.0665 	EXP 	unnamed Circle: fillColor = <class 'numpy.ndarray'>
244.0665 	EXP 	unnamed Circle: fillColor = <class 'numpy.ndarray'>
244.0665 	EXP 	unnamed Circle: radius = np.float64(0.03)
244.0665 	EXP 	unnamed Circle: fillColor = 'white'
244.0665 	EXP 	unnamed Circle: fillColor = <class 'numpy.ndarray'>
244.0665 	EXP 	unnamed Circle: fillColor = <class 'numpy.ndarray'>
244.0665 	EXP 	unnamed Circle: radius = np.float64(0.03)
244.0665 	EXP 	unnamed Circle: fillColor = 'white'
244.0665 	EXP 	unnamed Circle: fillColor = <class 'numpy.ndarray'>
244.0665 	EXP 	unnamed Circle: fillColor = <class 'numpy.ndarray'>
244.0665 	EXP 	unnamed Circle: radius = np.float64(0.03)
244.0665 	EXP 	unnamed Circle: fillColor = 'white'
244.0665 	EXP 	unnamed Circle: fillColor = <class 'numpy.ndarray'>
244.0665 	EXP 	unnamed Circle: fillColor = <class 'numpy.ndarray'>
244.0665 	EXP 	unnamed Circle: radius = np.float64(0.03)
244.0665 	EXP 	unnamed Circle: fillColor = 'white'
244.0665 	EXP 	unnamed Circle: fillColor = <class 'numpy.ndarray'>
244.0665 	EXP 	unnamed Circle: fillColor = <class 'numpy.ndarray'>
244.0665 	EXP 	unnamed Circle: radius = np.float64(0.03)
244.0665 	EXP 	unnamed Circle: fillColor = 'white'
244.0665 	EXP 	unnamed Circle: fillColor = <class 'numpy.ndarray'>
244.0665 	EXP 	unnamed Circle: fillColor = <class 'numpy.ndarray'>
244.0665 	EXP 	unnamed Circle: radius = np.float64(0.03)
244.0665 	EXP 	unnamed Circle: fillColor = 'white'
244.0665 	EXP 	unnamed Circle: fillColor = <class 'numpy.ndarray'>
244.0665 	EXP 	unnamed Circle: fillColor = <class 'numpy.ndarray'>
244.0665 	EXP 	unnamed Circle: radius = np.float64(0.03)
244.0665 	EXP 	unnamed Circle: fillColor = 'white'
244.0665 	EXP 	unnamed Circle: fillColor = <class 'numpy.ndarray'>
244.0665 	EXP 	unnamed Circle: fillColor = <class 'numpy.ndarray'>
244.0665 	EXP 	unnamed Circle: radius = np.float64(0.03)
244.0665 	EXP 	unnamed Circle: fillColor = 'white'
244.0665 	EXP 	unnamed Circle: fillColor = <class 'numpy.ndarray'>
244.0665 	EXP 	unnamed Circle: fillColor = <class 'numpy.ndarray'>
244.0665 	EXP 	unnamed Circle: radius = np.float64(0.03)
244.0665 	EXP 	unnamed Circle: fillColor = 'white'
244.0665 	EXP 	unnamed Circle: fillColor = <class 'numpy.ndarray'>
244.0665 	EXP 	unnamed Circle: fillColor = <class 'numpy.ndarray'>
244.0665 	EXP 	unnamed Circle: radius = np.float64(0.03)
244.0665 	EXP 	unnamed Circle: fillColor = 'white'
244.0665 	EXP 	unnamed Circle: fillColor = <class 'numpy.ndarray'>
244.0665 	EXP 	unnamed Circle: fillColor = <class 'numpy.ndarray'>
244.0665 	EXP 	unnamed Circle: radius = np.float64(0.03)
244.0665 	EXP 	unnamed Circle: fillColor = 'white'
244.0665 	EXP 	unnamed Circle: fillColor = <class 'numpy.ndarray'>
244.0665 	EXP 	unnamed Circle: fillColor = <class 'numpy.ndarray'>
244.0665 	EXP 	unnamed Circle: radius = np.float64(0.03)
244.0665 	EXP 	unnamed Circle: fillColor = 'white'
244.0665 	EXP 	unnamed Circle: fillColor = <class 'numpy.ndarray'>
244.0665 	EXP 	unnamed Circle: fillColor = <class 'numpy.ndarray'>
244.0665 	EXP 	unnamed Circle: radius = np.float64(0.03)
244.0665 	EXP 	unnamed Circle: fillColor = 'white'
244.0665 	EXP 	unnamed Circle: fillColor = <class 'numpy.ndarray'>
244.0665 	EXP 	unnamed Circle: fillColor = <class 'numpy.ndarray'>
244.0665 	EXP 	unnamed Circle: radius = np.float64(0.03)
244.0665 	EXP 	unnamed Circle: fillColor = 'white'
244.0665 	EXP 	unnamed Circle: fillColor = <class 'numpy.ndarray'>
244.0665 	EXP 	unnamed Circle: fillColor = <class 'numpy.ndarray'>
244.0665 	EXP 	unnamed Circle: radius = np.float64(0.03)
244.0665 	EXP 	unnamed Circle: fillColor = 'white'
244.0665 	EXP 	unnamed Circle: fillColor = <class 'numpy.ndarray'>
244.0665 	EXP 	unnamed Circle: fillColor = <class 'numpy.ndarray'>
244.0665 	EXP 	unnamed Circle: radius = np.float64(0.03)
244.0665 	EXP 	unnamed Circle: fillColor = 'white'
244.0665 	EXP 	unnamed Circle: fillColor = <class 'numpy.ndarray'>
244.0665 	EXP 	unnamed Circle: fillColor = <class 'numpy.ndarray'>
244.0665 	EXP 	unnamed Circle: radius = np.float64(0.03)
244.0665 	EXP 	unnamed Circle: fillColor = 'white'
244.0665 	EXP 	unnamed Circle: fillColor = <class 'numpy.ndarray'>
244.0665 	EXP 	unnamed Circle: fillColor = <class 'numpy.ndarray'>
244.0665 	EXP 	unnamed Circle: radius = np.float64(0.03)
244.0665 	EXP 	unnamed Circle: fillColor = 'white'
244.0665 	EXP 	unnamed Circle: fillColor = <class 'numpy.ndarray'>
244.0665 	EXP 	unnamed Circle: fillColor = <class 'numpy.ndarray'>
244.0665 	EXP 	unnamed Circle: radius = np.float64(0.03)
244.0665 	EXP 	unnamed Circle: fillColor = 'white'
244.0665 	EXP 	unnamed Circle: fillColor = <class 'numpy.ndarray'>
244.0665 	EXP 	unnamed Circle: fillColor = <class 'numpy.ndarray'>
244.0665 	EXP 	unnamed Circle: radius = np.float64(0.03)
244.0665 	EXP 	unnamed Circle: fillColor = 'white'
244.0665 	EXP 	unnamed Circle: fillColor = <class 'numpy.ndarray'>
244.0665 	EXP 	unnamed Circle: fillColor = <class 'numpy.ndarray'>
244.0665 	EXP 	unnamed Circle: radius = np.float64(0.03)
244.0665 	EXP 	unnamed Circle: fillColor = 'white'
244.0665 	EXP 	unnamed Circle: fillColor = <class 'numpy.ndarray'>
244.0665 	EXP 	unnamed Circle: fillColor = <class 'numpy.ndarray'>
244.0665 	EXP 	unnamed Circle: radius = np.float64(0.03)
244.0665 	EXP 	unnamed Circle: fillColor = 'white'
244.0665 	EXP 	unnamed Circle: fillColor = <class 'numpy.ndarray'>
244.0665 	EXP 	unnamed Circle: fillColor = <class 'numpy.ndarray'>
244.0665 	EXP 	unnamed Circle: radius = np.float64(0.03)
244.0665 	EXP 	unnamed Circle: fillColor = 'white'
244.0665 	EXP 	unnamed Circle: fillColor = <class 'numpy.ndarray'>
244.0665 	EXP 	unnamed Circle: fillColor = <class 'numpy.ndarray'>
244.0665 	EXP 	unnamed Circle: radius = np.float64(0.03)
244.0665 	EXP 	unnamed Circle: fillColor = 'white'
244.0665 	EXP 	unnamed Circle: fillColor = <class 'numpy.ndarray'>
244.0665 	EXP 	unnamed Circle: fillColor = <class 'numpy.ndarray'>
244.0665 	EXP 	unnamed Circle: radius = np.float64(0.03)
244.0665 	EXP 	unnamed Circle: fillColor = 'white'
244.0665 	EXP 	unnamed Circle: fillColor = <class 'numpy.ndarray'>
244.0665 	EXP 	unnamed Circle: fillColor = <class 'numpy.ndarray'>
244.0665 	EXP 	unnamed Circle: radius = np.float64(0.03)
244.0665 	EXP 	unnamed Circle: fillColor = 'white'
244.0665 	EXP 	unnamed Circle: fillColor = <class 'numpy.ndarray'>
244.0665 	EXP 	unnamed Circle: fillColor = <class 'numpy.ndarray'>
244.0665 	EXP 	unnamed Circle: radius = np.float64(0.03)
244.0665 	EXP 	unnamed Circle: fillColor = 'white'
244.0665 	EXP 	unnamed Circle: fillColor = <class 'numpy.ndarray'>
244.0665 	EXP 	unnamed Circle: fillColor = <class 'numpy.ndarray'>
244.0665 	EXP 	unnamed Circle: radius = np.float64(0.03)
244.0665 	EXP 	unnamed Circle: fillColor = 'white'
244.0665 	EXP 	unnamed Circle: fillColor = <class 'numpy.ndarray'>
244.0665 	EXP 	unnamed Circle: fillColor = <class 'numpy.ndarray'>
244.0665 	EXP 	unnamed Circle: radius = np.float64(0.03)
244.0665 	EXP 	unnamed Circle: fillColor = 'white'
244.0665 	EXP 	unnamed Circle: fillColor = <class 'numpy.ndarray'>
244.0665 	EXP 	unnamed Circle: fillColor = <class 'numpy.ndarray'>
244.0665 	EXP 	unnamed Circle: radius = np.float64(0.03)
244.0665 	EXP 	unnamed Circle: fillColor = 'white'
244.0665 	EXP 	unnamed Circle: fillColor = <class 'numpy.ndarray'>
244.0665 	EXP 	unnamed Circle: fillColor = <class 'numpy.ndarray'>
244.0665 	EXP 	unnamed Circle: radius = np.float64(0.03)
244.0665 	EXP 	unnamed Circle: fillColor = 'white'
244.0665 	EXP 	unnamed Circle: fillColor = <class 'numpy.ndarray'>
244.0665 	EXP 	unnamed Circle: fillColor = <class 'numpy.ndarray'>
244.0665 	EXP 	unnamed Circle: radius = np.float64(0.03)
244.0665 	EXP 	unnamed Circle: fillColor = 'white'
244.0665 	EXP 	unnamed Circle: fillColor = <class 'numpy.ndarray'>
244.0665 	EXP 	unnamed Circle: fillColor = <class 'numpy.ndarray'>
244.0665 	EXP 	unnamed Circle: radius = np.float64(0.03)
244.0665 	EXP 	unnamed Circle: fillColor = 'white'
244.0665 	EXP 	unnamed Circle: fillColor = <class 'numpy.ndarray'>
244.0665 	EXP 	unnamed Circle: fillColor = <class 'numpy.ndarray'>
244.0665 	EXP 	unnamed Circle: radius = np.float64(0.03)
244.0665 	EXP 	unnamed Circle: fillColor = 'white'
244.0665 	EXP 	unnamed Circle: fillColor = <class 'numpy.ndarray'>
244.0665 	EXP 	unnamed Circle: fillColor = <class 'numpy.ndarray'>
244.0665 	EXP 	unnamed Circle: radius = np.float64(0.03)
244.0665 	EXP 	unnamed Circle: fillColor = 'white'
244.0665 	EXP 	unnamed Circle: fillColor = <class 'numpy.ndarray'>
244.0665 	EXP 	unnamed Circle: fillColor = <class 'numpy.ndarray'>
244.0665 	EXP 	unnamed Circle: radius = np.float64(0.03)
244.0665 	EXP 	unnamed Circle: fillColor = 'white'
244.0665 	EXP 	unnamed Circle: fillColor = <class 'numpy.ndarray'>
244.0665 	EXP 	unnamed Circle: fillColor = <class 'numpy.ndarray'>
244.0665 	EXP 	unnamed Circle: radius = np.float64(0.03)
244.0665 	EXP 	unnamed Circle: fillColor = 'white'
244.0665 	EXP 	unnamed Circle: fillColor = <class 'numpy.ndarray'>
244.0665 	EXP 	unnamed Circle: fillColor = <class 'numpy.ndarray'>
244.0665 	EXP 	unnamed Circle: radius = np.float64(0.03)
244.0665 	EXP 	unnamed Circle: fillColor = 'white'
244.0665 	EXP 	unnamed Circle: fillColor = <class 'numpy.ndarray'>
244.0665 	EXP 	unnamed Circle: fillColor = <class 'numpy.ndarray'>
244.0665 	EXP 	unnamed Circle: radius = np.float64(0.03)
244.0665 	EXP 	unnamed Circle: fillColor = 'white'
244.0665 	EXP 	unnamed Circle: fillColor = <class 'numpy.ndarray'>
244.0665 	EXP 	unnamed Circle: fillColor = <class 'numpy.ndarray'>
244.0665 	EXP 	unnamed Circle: radius = np.float64(0.03)
244.0665 	EXP 	unnamed Circle: fillColor = 'white'
244.0665 	EXP 	unnamed Circle: fillColor = <class 'numpy.ndarray'>
244.0665 	EXP 	unnamed Circle: fillColor = <class 'numpy.ndarray'>
244.0665 	EXP 	unnamed Circle: radius = np.float64(0.03)
244.0665 	EXP 	unnamed Circle: fillColor = 'white'
244.0665 	EXP 	unnamed Circle: fillColor = <class 'numpy.ndarray'>
244.0665 	EXP 	unnamed Circle: fillColor = <class 'numpy.ndarray'>
244.0665 	EXP 	unnamed Circle: radius = np.float64(0.03)
244.0665 	EXP 	unnamed Circle: fillColor = 'white'
244.0665 	EXP 	unnamed Circle: fillColor = <class 'numpy.ndarray'>
244.0665 	EXP 	unnamed Circle: fillColor = <class 'numpy.ndarray'>
244.0665 	EXP 	unnamed Circle: radius = np.float64(0.03)
244.0665 	EXP 	unnamed Circle: fillColor = 'white'
244.0665 	EXP 	unnamed Circle: fillColor = <class 'numpy.ndarray'>
244.0665 	EXP 	unnamed Circle: fillColor = <class 'numpy.ndarray'>
244.0665 	EXP 	unnamed Circle: radius = np.float64(0.03)
244.0665 	EXP 	unnamed Circle: fillColor = 'white'
244.0665 	EXP 	unnamed Circle: fillColor = <class 'numpy.ndarray'>
244.0665 	EXP 	unnamed Circle: fillColor = <class 'numpy.ndarray'>
244.0665 	EXP 	unnamed Circle: radius = np.float64(0.03)
244.0665 	EXP 	unnamed Circle: fillColor = 'white'
244.0665 	EXP 	unnamed Circle: fillColor = <class 'numpy.ndarray'>
244.0665 	EXP 	unnamed Circle: fillColor = <class 'numpy.ndarray'>
244.0665 	EXP 	unnamed Circle: radius = np.float64(0.03)
244.0665 	EXP 	unnamed Circle: fillColor = 'white'
244.0665 	EXP 	unnamed Circle: fillColor = <class 'numpy.ndarray'>
244.0665 	EXP 	unnamed Circle: fillColor = <class 'numpy.ndarray'>
244.0665 	EXP 	unnamed Circle: radius = np.float64(0.03)
244.0665 	EXP 	unnamed Circle: fillColor = 'white'
244.0665 	EXP 	unnamed Circle: fillColor = <class 'numpy.ndarray'>
244.0665 	EXP 	unnamed Circle: fillColor = <class 'numpy.ndarray'>
244.0665 	EXP 	unnamed Circle: radius = np.float64(0.03)
244.0665 	EXP 	unnamed Circle: fillColor = 'white'
244.0665 	EXP 	unnamed Circle: fillColor = <class 'numpy.ndarray'>
244.0665 	EXP 	unnamed Circle: fillColor = <class 'numpy.ndarray'>
244.0665 	EXP 	unnamed Circle: radius = np.float64(0.03)
244.0665 	EXP 	unnamed Circle: fillColor = 'white'
244.0665 	EXP 	unnamed Circle: fillColor = <class 'numpy.ndarray'>
244.0665 	EXP 	unnamed Circle: fillColor = <class 'numpy.ndarray'>
244.0665 	EXP 	unnamed Circle: radius = np.float64(0.03)
244.0665 	EXP 	unnamed Circle: fillColor = 'white'
244.0665 	EXP 	unnamed Circle: fillColor = <class 'numpy.ndarray'>
244.0665 	EXP 	unnamed Circle: fillColor = <class 'numpy.ndarray'>
244.0665 	EXP 	unnamed Circle: radius = np.float64(0.03)
244.0665 	EXP 	unnamed Circle: fillColor = 'white'
244.0665 	EXP 	unnamed Circle: fillColor = <class 'numpy.ndarray'>
244.0665 	EXP 	unnamed Circle: fillColor = <class 'numpy.ndarray'>
244.0665 	EXP 	unnamed Circle: radius = np.float64(0.03)
244.0665 	EXP 	unnamed Circle: fillColor = 'white'
244.0665 	EXP 	unnamed Circle: fillColor = <class 'numpy.ndarray'>
244.0665 	EXP 	unnamed Circle: fillColor = <class 'numpy.ndarray'>
244.0665 	EXP 	unnamed Circle: radius = np.float64(0.03)
244.0665 	EXP 	unnamed Circle: fillColor = 'white'
244.0665 	EXP 	unnamed Circle: fillColor = <class 'numpy.ndarray'>
244.0665 	EXP 	unnamed Circle: fillColor = <class 'numpy.ndarray'>
244.0665 	EXP 	unnamed Circle: radius = np.float64(0.03)
244.0665 	EXP 	unnamed Circle: fillColor = 'white'
244.0665 	EXP 	unnamed Circle: fillColor = <class 'numpy.ndarray'>
244.0665 	EXP 	unnamed Circle: fillColor = <class 'numpy.ndarray'>
244.0665 	EXP 	unnamed Circle: radius = np.float64(0.03)
244.0665 	EXP 	unnamed Circle: fillColor = 'white'
244.0665 	EXP 	unnamed Circle: fillColor = <class 'numpy.ndarray'>
244.0665 	EXP 	unnamed Circle: fillColor = <class 'numpy.ndarray'>
244.0665 	EXP 	unnamed Circle: radius = np.float64(0.03)
244.0665 	EXP 	unnamed Circle: fillColor = 'white'
244.0665 	EXP 	unnamed Circle: fillColor = <class 'numpy.ndarray'>
244.0665 	EXP 	unnamed Circle: fillColor = <class 'numpy.ndarray'>
244.0665 	EXP 	unnamed Circle: radius = np.float64(0.03)
244.0665 	EXP 	unnamed Circle: fillColor = 'white'
244.0665 	EXP 	unnamed Circle: fillColor = <class 'numpy.ndarray'>
244.0665 	EXP 	unnamed Circle: fillColor = <class 'numpy.ndarray'>
244.0665 	EXP 	unnamed Circle: radius = np.float64(0.03)
244.0665 	EXP 	unnamed Circle: fillColor = 'white'
244.0665 	EXP 	unnamed Circle: fillColor = <class 'numpy.ndarray'>
244.0665 	EXP 	unnamed Circle: fillColor = <class 'numpy.ndarray'>
244.0665 	EXP 	unnamed Circle: radius = np.float64(0.03)
244.0665 	EXP 	unnamed Circle: fillColor = 'white'
244.0665 	EXP 	unnamed Circle: fillColor = <class 'numpy.ndarray'>
244.0665 	EXP 	unnamed Circle: fillColor = <class 'numpy.ndarray'>
244.0665 	EXP 	unnamed Circle: radius = np.float64(0.03)
244.0665 	EXP 	unnamed Circle: fillColor = 'white'
244.0665 	EXP 	unnamed Circle: fillColor = <class 'numpy.ndarray'>
244.0665 	EXP 	unnamed Circle: fillColor = <class 'numpy.ndarray'>
244.0665 	EXP 	unnamed Circle: radius = np.float64(0.03)
244.0665 	EXP 	unnamed Circle: fillColor = 'white'
244.0665 	EXP 	unnamed Circle: fillColor = <class 'numpy.ndarray'>
244.0665 	EXP 	unnamed Circle: fillColor = <class 'numpy.ndarray'>
244.0665 	EXP 	unnamed Circle: radius = np.float64(0.03)
244.0665 	EXP 	unnamed Circle: fillColor = 'white'
244.0665 	EXP 	unnamed Circle: fillColor = <class 'numpy.ndarray'>
244.0665 	EXP 	unnamed Circle: fillColor = <class 'numpy.ndarray'>
244.0665 	EXP 	unnamed Circle: radius = np.float64(0.03)
244.0665 	EXP 	unnamed Circle: fillColor = 'white'
244.0665 	EXP 	unnamed Circle: fillColor = <class 'numpy.ndarray'>
244.0665 	EXP 	unnamed Circle: fillColor = <class 'numpy.ndarray'>
244.0665 	EXP 	unnamed Circle: radius = np.float64(0.03)
244.0665 	EXP 	unnamed Circle: fillColor = 'white'
244.0665 	EXP 	unnamed Circle: fillColor = <class 'numpy.ndarray'>
244.0665 	EXP 	unnamed Circle: fillColor = <class 'numpy.ndarray'>
244.0665 	EXP 	unnamed Circle: radius = np.float64(0.03)
244.0665 	EXP 	unnamed Circle: fillColor = 'white'
244.0665 	EXP 	unnamed Circle: fillColor = <class 'numpy.ndarray'>
244.0665 	EXP 	unnamed Circle: fillColor = <class 'numpy.ndarray'>
244.0665 	EXP 	unnamed Circle: radius = np.float64(0.03)
244.0665 	EXP 	unnamed Circle: fillColor = 'white'
244.0665 	EXP 	unnamed Circle: fillColor = <class 'numpy.ndarray'>
244.0665 	EXP 	unnamed Circle: fillColor = <class 'numpy.ndarray'>
244.0665 	EXP 	unnamed Circle: radius = np.float64(0.03)
244.0665 	EXP 	unnamed Circle: fillColor = 'white'
244.0665 	EXP 	unnamed Circle: fillColor = <class 'numpy.ndarray'>
244.0665 	EXP 	unnamed Circle: fillColor = <class 'numpy.ndarray'>
244.0665 	EXP 	unnamed Circle: radius = np.float64(0.03)
244.0665 	EXP 	unnamed Circle: fillColor = 'white'
244.0665 	EXP 	unnamed Circle: fillColor = <class 'numpy.ndarray'>
244.0665 	EXP 	unnamed Circle: fillColor = <class 'numpy.ndarray'>
244.0665 	EXP 	unnamed Circle: radius = np.float64(0.03)
244.0665 	EXP 	unnamed Circle: fillColor = 'white'
244.0665 	EXP 	unnamed Circle: fillColor = <class 'numpy.ndarray'>
244.0665 	EXP 	unnamed Circle: fillColor = <class 'numpy.ndarray'>
244.0665 	EXP 	unnamed Circle: radius = np.float64(0.03)
244.0665 	EXP 	unnamed Circle: fillColor = 'white'
244.0665 	EXP 	unnamed Circle: fillColor = <class 'numpy.ndarray'>
244.0665 	EXP 	unnamed Circle: fillColor = <class 'numpy.ndarray'>
244.0665 	EXP 	unnamed Circle: radius = np.float64(0.03)
244.0665 	EXP 	unnamed Circle: fillColor = 'white'
244.0665 	EXP 	unnamed Circle: fillColor = <class 'numpy.ndarray'>
244.0665 	EXP 	unnamed Circle: fillColor = <class 'numpy.ndarray'>
244.0665 	EXP 	unnamed Circle: radius = np.float64(0.03)
244.0665 	EXP 	unnamed Circle: fillColor = 'white'
244.0665 	EXP 	unnamed Circle: fillColor = <class 'numpy.ndarray'>
244.0665 	EXP 	unnamed Circle: fillColor = <class 'numpy.ndarray'>
244.0665 	EXP 	unnamed Circle: radius = np.float64(0.03)
244.0665 	EXP 	unnamed Circle: fillColor = 'white'
244.0665 	EXP 	unnamed Circle: fillColor = <class 'numpy.ndarray'>
244.0665 	EXP 	unnamed Circle: fillColor = <class 'numpy.ndarray'>
244.0665 	EXP 	unnamed Circle: radius = np.float64(0.03)
244.0665 	EXP 	unnamed Circle: fillColor = 'white'
244.0665 	EXP 	unnamed Circle: fillColor = <class 'numpy.ndarray'>
244.0665 	EXP 	unnamed Circle: fillColor = <class 'numpy.ndarray'>
244.0665 	EXP 	unnamed Circle: radius = np.float64(0.03)
244.0665 	EXP 	unnamed Circle: fillColor = 'white'
244.0665 	EXP 	unnamed Circle: fillColor = <class 'numpy.ndarray'>
244.0665 	EXP 	unnamed Circle: fillColor = <class 'numpy.ndarray'>
244.0665 	EXP 	unnamed Circle: radius = np.float64(0.03)
244.0665 	EXP 	unnamed Circle: fillColor = 'white'
244.0665 	EXP 	unnamed Circle: fillColor = <class 'numpy.ndarray'>
244.0665 	EXP 	unnamed Circle: fillColor = <class 'numpy.ndarray'>
244.0665 	EXP 	unnamed Circle: radius = np.float64(0.03)
244.0665 	EXP 	unnamed Circle: fillColor = 'white'
244.0665 	EXP 	unnamed Circle: fillColor = <class 'numpy.ndarray'>
244.0665 	EXP 	unnamed Circle: fillColor = <class 'numpy.ndarray'>
244.0665 	EXP 	unnamed Circle: radius = np.float64(0.03)
244.0665 	EXP 	unnamed Circle: fillColor = 'white'
244.0665 	EXP 	unnamed Circle: fillColor = <class 'numpy.ndarray'>
244.0665 	EXP 	unnamed Circle: fillColor = <class 'numpy.ndarray'>
244.0665 	EXP 	unnamed Circle: radius = np.float64(0.03)
244.0665 	EXP 	unnamed Circle: fillColor = 'white'
244.0665 	EXP 	unnamed Circle: fillColor = <class 'numpy.ndarray'>
244.0665 	EXP 	unnamed Circle: fillColor = <class 'numpy.ndarray'>
244.0665 	EXP 	unnamed Circle: radius = np.float64(0.03)
244.0665 	EXP 	unnamed Circle: fillColor = 'white'
244.0665 	EXP 	unnamed Circle: fillColor = <class 'numpy.ndarray'>
244.0665 	EXP 	unnamed Circle: fillColor = <class 'numpy.ndarray'>
244.0665 	EXP 	unnamed Circle: radius = np.float64(0.03)
244.0665 	EXP 	unnamed Circle: fillColor = 'white'
244.0665 	EXP 	unnamed Circle: fillColor = <class 'numpy.ndarray'>
244.0665 	EXP 	unnamed Circle: fillColor = <class 'numpy.ndarray'>
244.0665 	EXP 	unnamed Circle: radius = np.float64(0.03)
244.0665 	EXP 	unnamed Circle: fillColor = 'white'
244.0665 	EXP 	unnamed Circle: fillColor = <class 'numpy.ndarray'>
244.0665 	EXP 	unnamed Circle: fillColor = <class 'numpy.ndarray'>
244.0665 	EXP 	unnamed Circle: radius = np.float64(0.03)
244.0665 	EXP 	unnamed Circle: fillColor = 'white'
244.0665 	EXP 	unnamed Circle: fillColor = <class 'numpy.ndarray'>
244.0665 	EXP 	unnamed Circle: fillColor = <class 'numpy.ndarray'>
244.0665 	EXP 	unnamed Circle: radius = np.float64(0.03)
244.0665 	EXP 	unnamed Circle: fillColor = 'white'
244.0665 	EXP 	unnamed Circle: fillColor = <class 'numpy.ndarray'>
244.0665 	EXP 	unnamed Circle: fillColor = <class 'numpy.ndarray'>
244.0665 	EXP 	unnamed Circle: radius = np.float64(0.03)
244.0665 	EXP 	unnamed Circle: fillColor = 'white'
244.0665 	EXP 	unnamed Circle: fillColor = <class 'numpy.ndarray'>
244.0665 	EXP 	unnamed Circle: fillColor = <class 'numpy.ndarray'>
244.0665 	EXP 	unnamed Circle: radius = np.float64(0.03)
244.0665 	EXP 	unnamed Circle: fillColor = 'white'
244.0665 	EXP 	unnamed Circle: fillColor = <class 'numpy.ndarray'>
244.0665 	EXP 	unnamed Circle: fillColor = <class 'numpy.ndarray'>
244.0665 	EXP 	unnamed Circle: radius = np.float64(0.03)
244.0665 	EXP 	unnamed Circle: fillColor = 'white'
244.0665 	EXP 	unnamed Circle: fillColor = <class 'numpy.ndarray'>
244.0665 	EXP 	unnamed Circle: fillColor = <class 'numpy.ndarray'>
244.0665 	EXP 	unnamed Circle: radius = np.float64(0.03)
244.0665 	EXP 	unnamed Circle: fillColor = 'white'
244.0665 	EXP 	unnamed Circle: fillColor = <class 'numpy.ndarray'>
244.0665 	EXP 	unnamed Circle: fillColor = <class 'numpy.ndarray'>
244.0665 	EXP 	unnamed Circle: radius = np.float64(0.03)
244.0665 	EXP 	unnamed Circle: fillColor = 'white'
244.0665 	EXP 	unnamed Circle: fillColor = <class 'numpy.ndarray'>
244.0665 	EXP 	unnamed Circle: fillColor = <class 'numpy.ndarray'>
244.0665 	EXP 	unnamed Circle: radius = np.float64(0.03)
244.0665 	EXP 	unnamed Circle: fillColor = 'white'
244.0665 	EXP 	unnamed Circle: fillColor = <class 'numpy.ndarray'>
244.0665 	EXP 	unnamed Circle: fillColor = <class 'numpy.ndarray'>
244.0665 	EXP 	unnamed Circle: radius = np.float64(0.03)
244.0665 	EXP 	unnamed Circle: fillColor = 'white'
244.0665 	EXP 	unnamed Circle: fillColor = <class 'numpy.ndarray'>
244.0665 	EXP 	unnamed Circle: fillColor = <class 'numpy.ndarray'>
244.0665 	EXP 	unnamed Circle: radius = np.float64(0.03)
244.0665 	EXP 	unnamed Circle: fillColor = 'white'
244.0665 	EXP 	unnamed Circle: fillColor = <class 'numpy.ndarray'>
244.0665 	EXP 	text_2: autoDraw = True
245.0799 	EXP 	text_2: autoDraw = False
245.0799 	EXP 	text_2: autoDraw = False
287.1822 	DATA 	Keypress: 2
287.1853 	EXP 	Created text = TextStim(__class__=<class 'psychopy.visual.text.TextStim'>, alignHoriz=method-wrapper(...), alignText='center', alignVert=method-wrapper(...), anchorHoriz='center', anchorVert='center', antialias=True, autoDraw=False, autoLog=True, bold=False, color=array([1., 1., 1.]), colorSpace='rgb', contrast=1.0, depth=0.0, draggable=False, flipHoriz=False, flipVert=False, font='Arial', fontFiles=[], height=np.float64(0.06), italic=False, languageStyle='LTR', name='text', opacity=1, ori=0, pos=array([0. , 0.2]), rgb=UNKNOWN, text=str(...), units='norm', win=Window(...), wrapWidth=1.2)
287.1901 	WARNING 	Font b'Arial' was requested. No similar font found.
287.1978 	WARNING 	Font b'Arial' was requested. No similar font found.
287.2045 	WARNING 	Font b'Arial' was requested. No similar font found.
287.2103 	WARNING 	Font b'Arial' was requested. No similar font found.
287.2171 	EXP 	Created None = Slider(__class__=<class 'psychopy.visual.slider.Slider'>, autoDraw=False, autoLog=True, borderColor=None, color=None, colorSpace='rgb', depth=0, fillColor=None, flip=False, font='Arial', granularity=1, labelColor=None, labelHeight=np.float64(0.06), labelWrapWidth=None, labels=('Never', 'Always'), lineColor=None, markerColor=None, name=None, opacity=None, ori=0, pos=array([0., 0.]), readOnly=False, self=UNKNOWN, size=array([0.85, 0.1 ]), startValue=None, style='rating', styleTweaks=[], ticks=array([1, 9]), units='norm', win=Window(...))
287.2248 	EXP 	None: autoLog = True
287.2248 	EXP 	None: styleTweaks = []
287.2248 	EXP 	None: styleTweaks = []
287.2248 	EXP 	None: styleTweaks = []
287.2248 	EXP 	None: styleTweaks = []
287.2248 	EXP 	None: contrast = 1.0
287.2248 	EXP 	None: markerPos = None
287.2248 	EXP 	None: autoLog = True
287.2248 	EXP 	None: markerPos = 5
287.3287 	DATA 	Keypress: 0
287.3316 	EXP 	None: markerPos = 5
287.3335 	EXP 	Created text = TextStim(__class__=<class 'psychopy.visual.text.TextStim'>, alignHoriz=method-wrapper(...), alignText='center', alignVert=method-wrapper(...), anchorHoriz='center', anchorVert='center', antialias=True, autoDraw=False, autoLog=True, bold=False, color=array([1., 1., 1.]), colorSpace='rgb', contrast=1.0, depth=0.0, draggable=False, flipHoriz=False, flipVert=False, font='Arial', fontFiles=[], height=np.float64(0.06), italic=False, languageStyle='LTR', name='text', opacity=1, ori=0, pos=array([0. , 0.2]), rgb=UNKNOWN, text=str(...), units='norm', win=Window(...), wrapWidth=1.2)
287.3371 	WARNING 	Font b'Arial' was requested. No similar font found.
287.3400 	WARNING 	Font b'Arial' was requested. No similar font found.
287.3429 	WARNING 	Font b'Arial' was requested. No similar font found.
287.3475 	WARNING 	Font b'Arial' was requested. No similar font found.
287.3543 	EXP 	Created None = Slider(__class__=<class 'psychopy.visual.slider.Slider'>, autoDraw=False, autoLog=True, borderColor=None, color=None, colorSpace='rgb', depth=0, fillColor=None, flip=False, font='Arial', granularity=1, labelColor=None, labelHeight=np.float64(0.06), labelWrapWidth=None, labels=('Never', 'All the time'), lineColor=None, markerColor=None, name=None, opacity=None, ori=0, pos=array([0., 0.]), readOnly=False, self=UNKNOWN, size=array([0.85, 0.1 ]), startValue=None, style='rating', styleTweaks=[], ticks=array([1, 9]), units='norm', win=Window(...))
287.3595 	EXP 	None: autoLog = True
287.3595 	EXP 	None: styleTweaks = []
287.3595 	EXP 	None: styleTweaks = []
287.3595 	EXP 	None: styleTweaks = []
287.3595 	EXP 	None: styleTweaks = []
287.3595 	EXP 	None: contrast = 1.0
287.3595 	EXP 	None: markerPos = None
287.3595 	EXP 	None: autoLog = True
287.3595 	EXP 	None: markerPos = 5
287.3851 	DATA 	Keypress: 2
287.3882 	EXP 	None: markerPos = 6
287.4973 	DATA 	Keypress: 0
287.5002 	EXP 	None: markerPos = 6
287.5019 	EXP 	Created text = TextStim(__class__=<class 'psychopy.visual.text.TextStim'>, alignHoriz=method-wrapper(...), alignText='center', alignVert=method-wrapper(...), anchorHoriz='center', anchorVert='center', antialias=True, autoDraw=False, autoLog=True, bold=False, color=array([1., 1., 1.]), colorSpace='rgb', contrast=1.0, depth=0.0, draggable=False, flipHoriz=False, flipVert=False, font='Arial', fontFiles=[], height=np.float64(0.06), italic=False, languageStyle='LTR', name='text', opacity=1, ori=0, pos=array([0. , 0.2]), rgb=UNKNOWN, text=str(...), units='norm', win=Window(...), wrapWidth=1.2)
287.5054 	WARNING 	Font b'Arial' was requested. No similar font found.
287.5092 	WARNING 	Font b'Arial' was requested. No similar font found.
287.5121 	WARNING 	Font b'Arial' was requested. No similar font found.
287.5177 	WARNING 	Font b'Arial' was requested. No similar font found.
287.5247 	EXP 	Created None = Slider(__class__=<class 'psychopy.visual.slider.Slider'>, autoDraw=False, autoLog=True, borderColor=None, color=None, colorSpace='rgb', depth=0, fillColor=None, flip=False, font='Arial', granularity=1, labelColor=None, labelHeight=np.float64(0.06), labelWrapWidth=None, labels=('Not at all', 'Very Difficult'), lineColor=None, markerColor=None, name=None, opacity=None, ori=0, pos=array([0., 0.]), readOnly=False, self=UNKNOWN, size=array([0.85, 0.1 ]), startValue=None, style='rating', styleTweaks=[], ticks=array([1, 9]), units='norm', win=Window(...))
287.5308 	EXP 	None: autoLog = True
287.5308 	EXP 	None: styleTweaks = []
287.5308 	EXP 	None: styleTweaks = []
287.5308 	EXP 	None: styleTweaks = []
287.5308 	EXP 	None: styleTweaks = []
287.5308 	EXP 	None: contrast = 1.0
287.5308 	EXP 	None: markerPos = None
287.5308 	EXP 	None: autoLog = True
287.5308 	EXP 	None: markerPos = 5
287.5900 	DATA 	Keypress: 2
287.5933 	EXP 	None: markerPos = 6
287.6598 	DATA 	Keypress: 0
287.6630 	EXP 	None: markerPos = 6
287.6649 	EXP 	Created text = TextStim(__class__=<class 'psychopy.visual.text.TextStim'>, alignHoriz=method-wrapper(...), alignText='center', alignVert=method-wrapper(...), anchorHoriz='center', anchorVert='center', antialias=True, autoDraw=False, autoLog=True, bold=False, color=array([1., 1., 1.]), colorSpace='rgb', contrast=1.0, depth=0.0, draggable=False, flipHoriz=False, flipVert=False, font='Arial', fontFiles=[], height=np.float64(0.06), italic=False, languageStyle='LTR', name='text', opacity=1, ori=0, pos=array([0. , 0.2]), rgb=UNKNOWN, text='How calm do you feel right now?', units='norm', win=Window(...), wrapWidth=1.2)
287.6684 	WARNING 	Font b'Arial' was requested. No similar font found.
287.6714 	WARNING 	Font b'Arial' was requested. No similar font found.
287.6743 	WARNING 	Font b'Arial' was requested. No similar font found.
287.6773 	WARNING 	Font b'Arial' was requested. No similar font found.
287.6842 	EXP 	Created None = Slider(__class__=<class 'psychopy.visual.slider.Slider'>, autoDraw=False, autoLog=True, borderColor=None, color=None, colorSpace='rgb', depth=0, fillColor=None, flip=False, font='Arial', granularity=1, labelColor=None, labelHeight=np.float64(0.06), labelWrapWidth=None, labels=('Not at all', 'Very calm'), lineColor=None, markerColor=None, name=None, opacity=None, ori=0, pos=array([0., 0.]), readOnly=False, self=UNKNOWN, size=array([0.85, 0.1 ]), startValue=None, style='rating', styleTweaks=[], ticks=array([1, 9]), units='norm', win=Window(...))
287.6882 	EXP 	None: autoLog = True
287.6882 	EXP 	None: styleTweaks = []
287.6882 	EXP 	None: styleTweaks = []
287.6882 	EXP 	None: styleTweaks = []
287.6882 	EXP 	None: styleTweaks = []
287.6882 	EXP 	None: contrast = 1.0
287.6882 	EXP 	None: markerPos = None
287.6882 	EXP 	None: autoLog = True
287.6882 	EXP 	None: markerPos = 5
287.7661 	DATA 	Keypress: 2
287.7693 	EXP 	None: markerPos = 6
287.8243 	DATA 	Keypress: 0
287.8272 	EXP 	None: markerPos = 6
6.8386 	EXP 	DMN_BallTask: status = NOT_STARTED
6.8849 	WARNING 	User requested fullscreen with size [1080 1080], but screen is actually [1920, 1080]. Using actual size
7.3322 	EXP 	Created window1 = Window(allowGUI=False, allowStencil=False, autoLog=True, backendConf=UNKNOWN, backgroundFit=<method-wrapper '__getattribute__' of attributeSetter object at 0x7d0b9b4bd960>, backgroundImage=<method-wrapper '__getattribute__' of attributeSetter object at 0x7d0b9b4bd900>, bitsMode=UNKNOWN, blendMode='avg', bpc=(8, 8, 8), color=array([-1, -1, -1]), colorSpace='rgb', depthBits=8, fullscr=True, gamma=None, gammaErrorPolicy='raise', infoMsg=UNKNOWN, lms=UNKNOWN, monitor=<psychopy.monitors.calibTools.Monitor object at 0x7d0b904804c0>, multiSample=False, name='window1', numSamples=2, pos=[np.float64(0.0), np.float64(0.0)], screen=1, size=array([1920, 1080]), stencilBits=0, stereo=False, title='PsychoPy', units='norm', useFBO=True, useRetina=False, viewOri=0.0, viewPos=None, viewScale=None, waitBlanking=True, winType='pyglet')
7.3323 	EXP 	window1: backgroundImage = None
7.3323 	EXP 	window1: backgroundFit = 'cover'
7.3353 	EXP 	window1: Attempting to measure frame rate of screen (1) ...
7.3353 	EXP 	window1: recordFrameIntervals = False
7.4982 	EXP 	window1: recordFrameIntervals = True
7.6816 	EXP 	Screen (1) actual frame rate measured at 60.01Hz
7.6816 	EXP 	window1: recordFrameIntervals = False
7.7264 	EXP 	Created text = TextStim(__class__=<class 'psychopy.visual.text.TextStim'>, alignHoriz=method-wrapper(...), alignText='center', alignVert=method-wrapper(...), anchorHoriz='center', anchorVert='center', antialias=True, autoDraw=False, autoLog=True, bold=False, color=array([1., 1., 1.]), colorSpace='rgb', contrast=1.0, depth=0.0, draggable=False, flipHoriz=False, flipVert=False, font='Arial', fontFiles=[], height=np.float64(0.06), italic=False, languageStyle='LTR', name='text', opacity=1, ori=0, pos=array([0. , 0.2]), rgb=UNKNOWN, text=str(...), units='norm', win=Window(...), wrapWidth=1.2)
7.7270 	EXP 	Created text = TextStim(__class__=<class 'psychopy.visual.text.TextStim'>, alignHoriz=method-wrapper(...), alignText='center', alignVert=method-wrapper(...), anchorHoriz='center', anchorVert='center', antialias=True, autoDraw=False, autoLog=True, bold=False, color=array([1., 1., 1.]), colorSpace='rgb', contrast=1.0, depth=0.0, draggable=False, flipHoriz=False, flipVert=False, font='Arial', fontFiles=[], height=0.06, italic=False, languageStyle='LTR', name='text', opacity=1, ori=0, pos=array([0., 0.]), rgb=UNKNOWN, text='', units='norm', win=Window(...), wrapWidth=1.2)
7.7302 	EXP 	Created waiting_for_trigger_text = TextStim(__class__=<class 'psychopy.visual.text.TextStim'>, alignHoriz=method-wrapper(...), alignText='center', alignVert=method-wrapper(...), anchorHoriz='center', anchorVert='center', antialias=True, autoDraw=False, autoLog=True, bold=False, color=array([1., 1., 1.]), colorSpace='rgb', contrast=1.0, depth=0.0, draggable=False, flipHoriz=False, flipVert=False, font='Arial', fontFiles=[], height=np.float64(0.1), italic=False, languageStyle='LTR', name='waiting_for_trigger_text', opacity=1, ori=0, pos=array([0., 0.]), rgb=UNKNOWN, text='waiting for scanner', units='norm', win=Window(...), wrapWidth=2)
7.7326 	EXP 	Created text_2 = TextStim(__class__=<class 'psychopy.visual.text.TextStim'>, alignHoriz=method-wrapper(...), alignText='center', alignVert=method-wrapper(...), anchorHoriz='center', anchorVert='center', antialias=True, autoDraw=False, autoLog=True, bold=False, color=array([1., 1., 1.]), colorSpace='rgb', contrast=1.0, depth=0.0, draggable=False, flipHoriz=False, flipVert=False, font='Arial', fontFiles=[], height=np.float64(0.3), italic=False, languageStyle='LTR', name='text_2', opacity=1, ori=0, pos=array([0., 0.]), rgb=UNKNOWN, text='+', units='norm', win=Window(...), wrapWidth=1)
7.7352 	EXP 	Created text_relax = TextStim(__class__=<class 'psychopy.visual.text.TextStim'>, alignHoriz=method-wrapper(...), alignText='center', alignVert=method-wrapper(...), anchorHoriz='center', anchorVert='center', antialias=True, autoDraw=False, autoLog=True, bold=False, color=array([1., 1., 1.]), colorSpace='rgb', contrast=1.0, depth=0.0, draggable=False, flipHoriz=False, flipVert=False, font='Arial', fontFiles=[], height=np.float64(0.07), italic=False, languageStyle='LTR', name='text_relax', opacity=1, ori=0, pos=array([ 0. , -0.2]), rgb=UNKNOWN, text='Relax', units='norm', win=Window(...), wrapWidth=1)
7.7376 	EXP 	Created text_4 = TextStim(__class__=<class 'psychopy.visual.text.TextStim'>, alignHoriz=method-wrapper(...), alignText='center', alignVert=method-wrapper(...), anchorHoriz='center', anchorVert='center', antialias=True, autoDraw=False, autoLog=True, bold=False, color=array([1., 1., 1.]), colorSpace='rgb', contrast=1.0, depth=-3.0, draggable=False, flipHoriz=False, flipVert=False, font='Arial', fontFiles=[], height=np.float64(0.1), italic=False, languageStyle='LTR', name='text_4', opacity=1, ori=0, pos=array([0., 0.]), rgb=UNKNOWN, text='default text', units='norm', win=Window(...), wrapWidth=1)
7.7432 	WARNING 	fillRGB parameter is deprecated. Please use lineColor and colorSpace instead
7.7433 	WARNING 	lineRGB parameter is deprecated. Please use lineColor and colorSpace instead
7.7467 	EXP 	Created unnamed Circle = Circle(__class__=<class 'psychopy.visual.circle.Circle'>, anchor=('center', 'center'), autoDraw=False, autoLog=True, closeShape=True, color=method-wrapper(...), colorSpace='rgb', contrast=None, depth=0, draggable=False, fillColor=array([0, 0, 0]), fillColorSpace='rgb', fillRGB=array([0, 0, 0]), interpolate=True, lineColor=array([ 1.,  1., -1.]), lineColorSpace='rgb', lineRGB=array([ 1,  1, -1]), lineWidth=3, name='unnamed Circle', opacity=1, ori=0.0, pos=array([0.        , 0.33333333]), size=array([1., 1.]), units='norm', vertices=ndarray(...), win=Window(...), windingRule=None)
7.7509 	WARNING 	fillRGB parameter is deprecated. Please use lineColor and colorSpace instead
7.7510 	WARNING 	lineRGB parameter is deprecated. Please use lineColor and colorSpace instead
7.7543 	EXP 	Created unnamed Circle = Circle(__class__=<class 'psychopy.visual.circle.Circle'>, anchor=('center', 'center'), autoDraw=False, autoLog=True, closeShape=True, color=method-wrapper(...), colorSpace='rgb', contrast=None, depth=0, draggable=False, fillColor=array([0, 0, 0]), fillColorSpace='rgb', fillRGB=array([0, 0, 0]), interpolate=True, lineColor=array([0.35686275, 0.69411765, 0.80392157]), lineColorSpace='rgb', lineRGB=array([0.35686275, 0.69411765, 0.80392157]), lineWidth=3, name='unnamed Circle', opacity=1, ori=0.0, pos=array([ 0.        , -0.33333333]), size=array([1., 1.]), units='norm', vertices=ndarray(...), win=Window(...), windingRule=None)
7.7586 	WARNING 	fillRGB parameter is deprecated. Please use lineColor and colorSpace instead
7.7587 	WARNING 	lineRGB parameter is deprecated. Please use lineColor and colorSpace instead
7.7620 	EXP 	Created unnamed Circle = Circle(__class__=<class 'psychopy.visual.circle.Circle'>, anchor=('center', 'center'), autoDraw=False, autoLog=True, closeShape=True, color=method-wrapper(...), colorSpace='rgb', contrast=None, depth=0, draggable=False, fillColor=array([1, 1, 1]), fillColorSpace='rgb', fillRGB=array([1, 1, 1]), interpolate=True, lineColor=array([1., 1., 1.]), lineColorSpace='rgb', lineRGB=array([1, 1, 1]), lineWidth=1.5, name='unnamed Circle', opacity=1, ori=0.0, pos=array([0., 0.]), size=array([1., 1.]), units='norm', vertices=ndarray(...), win=Window(...), windingRule=None)
7.7663 	WARNING 	fillRGB parameter is deprecated. Please use lineColor and colorSpace instead
7.7664 	WARNING 	lineRGB parameter is deprecated. Please use lineColor and colorSpace instead
7.7697 	EXP 	Created unnamed Circle = Circle(__class__=<class 'psychopy.visual.circle.Circle'>, anchor=('center', 'center'), autoDraw=False, autoLog=True, closeShape=True, color=method-wrapper(...), colorSpace='rgb', contrast=None, depth=0, draggable=False, fillColor=array([1, 1, 1]), fillColorSpace='rgb', fillRGB=array([1, 1, 1]), interpolate=True, lineColor=array([1., 1., 1.]), lineColorSpace='rgb', lineRGB=array([1, 1, 1]), lineWidth=3, name='unnamed Circle', opacity=1, ori=0.0, pos=array([0., 0.]), size=array([1., 1.]), units='norm', vertices=ndarray(...), win=Window(...), windingRule=None)
7.7724 	EXP 	Created instruct_text = TextStim(__class__=<class 'psychopy.visual.text.TextStim'>, alignHoriz=method-wrapper(...), alignText='center', alignVert=method-wrapper(...), anchorHoriz='center', anchorVert='center', antialias=True, autoDraw=False, autoLog=True, bold=False, color=array([1., 1., 1.]), colorSpace='rgb', contrast=1.0, depth=0.0, draggable=False, flipHoriz=False, flipVert=False, font='Arial', fontFiles=[], height=np.float64(0.06), italic=False, languageStyle='LTR', name='instruct_text', opacity=1, ori=0, pos=array([0., 0.]), rgb=UNKNOWN, text='replace me', units='norm', win=Window(...), wrapWidth=1.2)
7.7745 	EXP 	Created thank_you_end_run_text = TextStim(__class__=<class 'psychopy.visual.text.TextStim'>, alignHoriz=method-wrapper(...), alignText='center', alignVert=method-wrapper(...), anchorHoriz='center', anchorVert='center', antialias=True, autoDraw=False, autoLog=True, bold=False, color=array([1., 1., 1.]), colorSpace='rgb', contrast=1.0, depth=0.0, draggable=False, flipHoriz=False, flipVert=False, font='Arial', fontFiles=[], height=np.float64(0.1), italic=False, languageStyle='LTR', name='thank_you_end_run_text', opacity=1, ori=0, pos=array([0., 0.]), rgb=UNKNOWN, text='thank you!', units='norm', win=Window(...), wrapWidth=1)
7.7826 	EXP 	instruct_text: height = np.float64(0.06)
7.7826 	EXP 	instruct_text: height = np.float64(0.06)
7.7826 	EXP 	instruct_text: height = np.float64(0.06)
7.7826 	EXP 	instruct_text: text = 'Next, you will get to continue the Mindful Describing practice you just learned.    \n\nBefore, you mentioned using your ff as an anchor for your Describing Practice. Try to continue using this as your anchor, but it is also okay to switch anytime.\n\nYou will see 2 circles with a white ball in the middle, but they won’t move for now.'
10.5874 	DATA 	Keypress: lalt
63.2911 	DATA 	Keypress: space
63.2975 	EXP 	instruct_text: height = np.float64(0.06)
63.2975 	EXP 	instruct_text: height = np.float64(0.06)
63.2975 	EXP 	instruct_text: height = np.float64(0.06)
63.2975 	EXP 	instruct_text: text = 'You will see the plus sign (+) for 30 seconds at the start. Whenever you see the plus +,  please don’t practice Describing – just relax.\n\nOnce the circles appear, please start the Describing practice. This practice will last 2.5 min.'
63.4340 	DATA 	Keypress: space
63.4362 	EXP 	waiting_for_trigger_text: autoDraw = True
63.5798 	DATA 	Keypress: space
64.0646 	DATA 	Keypress: 5
64.0809 	EXP 	waiting_for_trigger_text: autoDraw = False
64.0809 	EXP 	text_2: autoDraw = True
64.0809 	EXP 	text_relax: autoDraw = True
88.4962 	DATA 	Keypress: lalt
94.0975 	EXP 	text_2: autoDraw = False
94.0975 	EXP 	text_relax: autoDraw = False
94.0975 	EXP 	text_2: autoDraw = False
244.0665 	EXP 	unnamed Circle: fillColor = <class 'numpy.ndarray'>
244.0665 	EXP 	unnamed Circle: fillColor = <class 'numpy.ndarray'>
244.0665 	EXP 	unnamed Circle: fillColor = <class 'numpy.ndarray'>
244.0665 	EXP 	unnamed Circle: radius = np.float64(0.135)
244.0665 	EXP 	unnamed Circle: fillColor = 'white'
244.0665 	EXP 	unnamed Circle: fillColor = <class 'numpy.ndarray'>
244.0665 	EXP 	unnamed Circle: fillColor = <class 'numpy.ndarray'>
244.0665 	EXP 	unnamed Circle: radius = np.float64(0.12150000000000001)
244.0665 	EXP 	unnamed Circle: fillColor = 'white'
244.0665 	EXP 	unnamed Circle: fillColor = <class 'numpy.ndarray'>
244.0665 	EXP 	unnamed Circle: fillColor = <class 'numpy.ndarray'>
244.0665 	EXP 	unnamed Circle: radius = np.float64(0.10935000000000002)
244.0665 	EXP 	unnamed Circle: fillColor = 'white'
244.0665 	EXP 	unnamed Circle: fillColor = <class 'numpy.ndarray'>
244.0665 	EXP 	unnamed Circle: fillColor = <class 'numpy.ndarray'>
244.0665 	EXP 	unnamed Circle: radius = np.float64(0.09841500000000002)
244.0665 	EXP 	unnamed Circle: fillColor = 'white'
244.0665 	EXP 	unnamed Circle: fillColor = <class 'numpy.ndarray'>
244.0665 	EXP 	unnamed Circle: fillColor = <class 'numpy.ndarray'>
244.0665 	EXP 	unnamed Circle: radius = np.float64(0.08857350000000001)
244.0665 	EXP 	unnamed Circle: fillColor = 'white'
244.0665 	EXP 	unnamed Circle: fillColor = <class 'numpy.ndarray'>
244.0665 	EXP 	unnamed Circle: fillColor = <class 'numpy.ndarray'>
244.0665 	EXP 	unnamed Circle: radius = np.float64(0.07971615000000001)
244.0665 	EXP 	unnamed Circle: fillColor = 'white'
244.0665 	EXP 	unnamed Circle: fillColor = <class 'numpy.ndarray'>
244.0665 	EXP 	unnamed Circle: fillColor = <class 'numpy.ndarray'>
244.0665 	EXP 	unnamed Circle: radius = np.float64(0.07174453500000001)
244.0665 	EXP 	unnamed Circle: fillColor = 'white'
244.0665 	EXP 	unnamed Circle: fillColor = <class 'numpy.ndarray'>
244.0665 	EXP 	unnamed Circle: fillColor = <class 'numpy.ndarray'>
244.0665 	EXP 	unnamed Circle: radius = np.float64(0.06457008150000002)
244.0665 	EXP 	unnamed Circle: fillColor = 'white'
244.0665 	EXP 	unnamed Circle: fillColor = <class 'numpy.ndarray'>
244.0665 	EXP 	unnamed Circle: fillColor = <class 'numpy.ndarray'>
244.0665 	EXP 	unnamed Circle: radius = np.float64(0.058113073350000016)
244.0665 	EXP 	unnamed Circle: fillColor = 'white'
244.0665 	EXP 	unnamed Circle: fillColor = <class 'numpy.ndarray'>
244.0665 	EXP 	unnamed Circle: fillColor = <class 'numpy.ndarray'>
244.0665 	EXP 	unnamed Circle: radius = np.float64(0.052301766015000015)
244.0665 	EXP 	unnamed Circle: fillColor = 'white'
244.0665 	EXP 	unnamed Circle: fillColor = <class 'numpy.ndarray'>
244.0665 	EXP 	unnamed Circle: fillColor = <class 'numpy.ndarray'>
244.0665 	EXP 	unnamed Circle: radius = np.float64(0.047071589413500016)
244.0665 	EXP 	unnamed Circle: fillColor = 'white'
244.0665 	EXP 	unnamed Circle: fillColor = <class 'numpy.ndarray'>
244.0665 	EXP 	unnamed Circle: fillColor = <class 'numpy.ndarray'>
244.0665 	EXP 	unnamed Circle: radius = np.float64(0.042364430472150015)
244.0665 	EXP 	unnamed Circle: fillColor = 'white'
244.0665 	EXP 	unnamed Circle: fillColor = <class 'numpy.ndarray'>
244.0665 	EXP 	unnamed Circle: fillColor = <class 'numpy.ndarray'>
244.0665 	EXP 	unnamed Circle: radius = np.float64(0.03812798742493501)
244.0665 	EXP 	unnamed Circle: fillColor = 'white'
244.0665 	EXP 	unnamed Circle: fillColor = <class 'numpy.ndarray'>
244.0665 	EXP 	unnamed Circle: fillColor = <class 'numpy.ndarray'>
244.0665 	EXP 	unnamed Circle: radius = np.float64(0.03431518868244151)
244.0665 	EXP 	unnamed Circle: fillColor = 'white'
244.0665 	EXP 	unnamed Circle: fillColor = <class 'numpy.ndarray'>
244.0665 	EXP 	unnamed Circle: fillColor = <class 'numpy.ndarray'>
244.0665 	EXP 	unnamed Circle: radius = np.float64(0.030883669814197358)
244.0665 	EXP 	unnamed Circle: fillColor = 'white'
244.0665 	EXP 	unnamed Circle: fillColor = <class 'numpy.ndarray'>
244.0665 	EXP 	unnamed Circle: fillColor = <class 'numpy.ndarray'>
244.0665 	EXP 	unnamed Circle: radius = np.float64(0.03)
244.0665 	EXP 	unnamed Circle: fillColor = 'white'
244.0665 	EXP 	unnamed Circle: fillColor = <class 'numpy.ndarray'>
244.0665 	EXP 	unnamed Circle: fillColor = <class 'numpy.ndarray'>
244.0665 	EXP 	unnamed Circle: radius = np.float64(0.03)
244.0665 	EXP 	unnamed Circle: fillColor = 'white'
244.0665 	EXP 	unnamed Circle: fillColor = <class 'numpy.ndarray'>
244.0665 	EXP 	unnamed Circle: fillColor = <class 'numpy.ndarray'>
244.0665 	EXP 	unnamed Circle: radius = np.float64(0.03)
244.0665 	EXP 	unnamed Circle: fillColor = 'white'
244.0665 	EXP 	unnamed Circle: fillColor = <class 'numpy.ndarray'>
244.0665 	EXP 	unnamed Circle: fillColor = <class 'numpy.ndarray'>
244.0665 	EXP 	unnamed Circle: radius = np.float64(0.03)
244.0665 	EXP 	unnamed Circle: fillColor = 'white'
244.0665 	EXP 	unnamed Circle: fillColor = <class 'numpy.ndarray'>
244.0665 	EXP 	unnamed Circle: fillColor = <class 'numpy.ndarray'>
244.0665 	EXP 	unnamed Circle: radius = np.float64(0.03)
244.0665 	EXP 	unnamed Circle: fillColor = 'white'
244.0665 	EXP 	unnamed Circle: fillColor = <class 'numpy.ndarray'>
244.0665 	EXP 	unnamed Circle: fillColor = <class 'numpy.ndarray'>
244.0665 	EXP 	unnamed Circle: radius = np.float64(0.03)
244.0665 	EXP 	unnamed Circle: fillColor = 'white'
244.0665 	EXP 	unnamed Circle: fillColor = <class 'numpy.ndarray'>
244.0665 	EXP 	unnamed Circle: fillColor = <class 'numpy.ndarray'>
244.0665 	EXP 	unnamed Circle: radius = np.float64(0.03)
244.0665 	EXP 	unnamed Circle: fillColor = 'white'
244.0665 	EXP 	unnamed Circle: fillColor = <class 'numpy.ndarray'>
244.0665 	EXP 	unnamed Circle: fillColor = <class 'numpy.ndarray'>
244.0665 	EXP 	unnamed Circle: radius = np.float64(0.03)
244.0665 	EXP 	unnamed Circle: fillColor = 'white'
244.0665 	EXP 	unnamed Circle: fillColor = <class 'numpy.ndarray'>
244.0665 	EXP 	unnamed Circle: fillColor = <class 'numpy.ndarray'>
244.0665 	EXP 	unnamed Circle: radius = np.float64(0.03)
244.0665 	EXP 	unnamed Circle: fillColor = 'white'
244.0665 	EXP 	unnamed Circle: fillColor = <class 'numpy.ndarray'>
244.0665 	EXP 	unnamed Circle: fillColor = <class 'numpy.ndarray'>
244.0665 	EXP 	unnamed Circle: radius = np.float64(0.03)
244.0665 	EXP 	unnamed Circle: fillColor = 'white'
244.0665 	EXP 	unnamed Circle: fillColor = <class 'numpy.ndarray'>
244.0665 	EXP 	unnamed Circle: fillColor = <class 'numpy.ndarray'>
244.0665 	EXP 	unnamed Circle: radius = np.float64(0.03)
244.0665 	EXP 	unnamed Circle: fillColor = 'white'
244.0665 	EXP 	unnamed Circle: fillColor = <class 'numpy.ndarray'>
244.0665 	EXP 	unnamed Circle: fillColor = <class 'numpy.ndarray'>
244.0665 	EXP 	unnamed Circle: radius = np.float64(0.03)
244.0665 	EXP 	unnamed Circle: fillColor = 'white'
244.0665 	EXP 	unnamed Circle: fillColor = <class 'numpy.ndarray'>
244.0665 	EXP 	unnamed Circle: fillColor = <class 'numpy.ndarray'>
244.0665 	EXP 	unnamed Circle: radius = np.float64(0.03)
244.0665 	EXP 	unnamed Circle: fillColor = 'white'
244.0665 	EXP 	unnamed Circle: fillColor = <class 'numpy.ndarray'>
244.0665 	EXP 	unnamed Circle: fillColor = <class 'numpy.ndarray'>
244.0665 	EXP 	unnamed Circle: radius = np.float64(0.03)
244.0665 	EXP 	unnamed Circle: fillColor = 'white'
244.0665 	EXP 	unnamed Circle: fillColor = <class 'numpy.ndarray'>
244.0665 	EXP 	unnamed Circle: fillColor = <class 'numpy.ndarray'>
244.0665 	EXP 	unnamed Circle: radius = np.float64(0.03)
244.0665 	EXP 	unnamed Circle: fillColor = 'white'
244.0665 	EXP 	unnamed Circle: fillColor = <class 'numpy.ndarray'>
244.0665 	EXP 	unnamed Circle: fillColor = <class 'numpy.ndarray'>
244.0665 	EXP 	unnamed Circle: radius = np.float64(0.03)
244.0665 	EXP 	unnamed Circle: fillColor = 'white'
244.0665 	EXP 	unnamed Circle: fillColor = <class 'numpy.ndarray'>
244.0665 	EXP 	unnamed Circle: fillColor = <class 'numpy.ndarray'>
244.0665 	EXP 	unnamed Circle: radius = np.float64(0.03)
244.0665 	EXP 	unnamed Circle: fillColor = 'white'
244.0665 	EXP 	unnamed Circle: fillColor = <class 'numpy.ndarray'>
244.0665 	EXP 	unnamed Circle: fillColor = <class 'numpy.ndarray'>
244.0665 	EXP 	unnamed Circle: radius = np.float64(0.03)
244.0665 	EXP 	unnamed Circle: fillColor = 'white'
244.0665 	EXP 	unnamed Circle: fillColor = <class 'numpy.ndarray'>
244.0665 	EXP 	unnamed Circle: fillColor = <class 'numpy.ndarray'>
244.0665 	EXP 	unnamed Circle: radius = np.float64(0.03)
244.0665 	EXP 	unnamed Circle: fillColor = 'white'
244.0665 	EXP 	unnamed Circle: fillColor = <class 'numpy.ndarray'>
244.0665 	EXP 	unnamed Circle: fillColor = <class 'numpy.ndarray'>
244.0665 	EXP 	unnamed Circle: radius = np.float64(0.03)
244.0665 	EXP 	unnamed Circle: fillColor = 'white'
244.0665 	EXP 	unnamed Circle: fillColor = <class 'numpy.ndarray'>
244.0665 	EXP 	unnamed Circle: fillColor = <class 'numpy.ndarray'>
244.0665 	EXP 	unnamed Circle: radius = np.float64(0.03)
244.0665 	EXP 	unnamed Circle: fillColor = 'white'
244.0665 	EXP 	unnamed Circle: fillColor = <class 'numpy.ndarray'>
244.0665 	EXP 	unnamed Circle: fillColor = <class 'numpy.ndarray'>
244.0665 	EXP 	unnamed Circle: radius = np.float64(0.03)
244.0665 	EXP 	unnamed Circle: fillColor = 'white'
244.0665 	EXP 	unnamed Circle: fillColor = <class 'numpy.ndarray'>
244.0665 	EXP 	unnamed Circle: fillColor = <class 'numpy.ndarray'>
244.0665 	EXP 	unnamed Circle: radius = np.float64(0.03)
244.0665 	EXP 	unnamed Circle: fillColor = 'white'
244.0665 	EXP 	unnamed Circle: fillColor = <class 'numpy.ndarray'>
244.0665 	EXP 	unnamed Circle: fillColor = <class 'numpy.ndarray'>
244.0665 	EXP 	unnamed Circle: radius = np.float64(0.03)
244.0665 	EXP 	unnamed Circle: fillColor = 'white'
244.0665 	EXP 	unnamed Circle: fillColor = <class 'numpy.ndarray'>
244.0665 	EXP 	unnamed Circle: fillColor = <class 'numpy.ndarray'>
244.0665 	EXP 	unnamed Circle: radius = np.float64(0.03)
244.0665 	EXP 	unnamed Circle: fillColor = 'white'
244.0665 	EXP 	unnamed Circle: fillColor = <class 'numpy.ndarray'>
244.0665 	EXP 	unnamed Circle: fillColor = <class 'numpy.ndarray'>
244.0665 	EXP 	unnamed Circle: radius = np.float64(0.03)
244.0665 	EXP 	unnamed Circle: fillColor = 'white'
244.0665 	EXP 	unnamed Circle: fillColor = <class 'numpy.ndarray'>
244.0665 	EXP 	unnamed Circle: fillColor = <class 'numpy.ndarray'>
244.0665 	EXP 	unnamed Circle: radius = np.float64(0.03)
244.0665 	EXP 	unnamed Circle: fillColor = 'white'
244.0665 	EXP 	unnamed Circle: fillColor = <class 'numpy.ndarray'>
244.0665 	EXP 	unnamed Circle: fillColor = <class 'numpy.ndarray'>
244.0665 	EXP 	unnamed Circle: radius = np.float64(0.03)
244.0665 	EXP 	unnamed Circle: fillColor = 'white'
244.0665 	EXP 	unnamed Circle: fillColor = <class 'numpy.ndarray'>
244.0665 	EXP 	unnamed Circle: fillColor = <class 'numpy.ndarray'>
244.0665 	EXP 	unnamed Circle: radius = np.float64(0.03)
244.0665 	EXP 	unnamed Circle: fillColor = 'white'
244.0665 	EXP 	unnamed Circle: fillColor = <class 'numpy.ndarray'>
244.0665 	EXP 	unnamed Circle: fillColor = <class 'numpy.ndarray'>
244.0665 	EXP 	unnamed Circle: radius = np.float64(0.03)
244.0665 	EXP 	unnamed Circle: fillColor = 'white'
244.0665 	EXP 	unnamed Circle: fillColor = <class 'numpy.ndarray'>
244.0665 	EXP 	unnamed Circle: fillColor = <class 'numpy.ndarray'>
244.0665 	EXP 	unnamed Circle: radius = np.float64(0.03)
244.0665 	EXP 	unnamed Circle: fillColor = 'white'
244.0665 	EXP 	unnamed Circle: fillColor = <class 'numpy.ndarray'>
244.0665 	EXP 	unnamed Circle: fillColor = <class 'numpy.ndarray'>
244.0665 	EXP 	unnamed Circle: radius = np.float64(0.03)
244.0665 	EXP 	unnamed Circle: fillColor = 'white'
244.0665 	EXP 	unnamed Circle: fillColor = <class 'numpy.ndarray'>
244.0665 	EXP 	unnamed Circle: fillColor = <class 'numpy.ndarray'>
244.0665 	EXP 	unnamed Circle: radius = np.float64(0.03)
244.0665 	EXP 	unnamed Circle: fillColor = 'white'
244.0665 	EXP 	unnamed Circle: fillColor = <class 'numpy.ndarray'>
244.0665 	EXP 	unnamed Circle: fillColor = <class 'numpy.ndarray'>
244.0665 	EXP 	unnamed Circle: radius = np.float64(0.03)
244.0665 	EXP 	unnamed Circle: fillColor = 'white'
244.0665 	EXP 	unnamed Circle: fillColor = <class 'numpy.ndarray'>
244.0665 	EXP 	unnamed Circle: fillColor = <class 'numpy.ndarray'>
244.0665 	EXP 	unnamed Circle: radius = np.float64(0.03)
244.0665 	EXP 	unnamed Circle: fillColor = 'white'
244.0665 	EXP 	unnamed Circle: fillColor = <class 'numpy.ndarray'>
244.0665 	EXP 	unnamed Circle: fillColor = <class 'numpy.ndarray'>
244.0665 	EXP 	unnamed Circle: radius = np.float64(0.03)
244.0665 	EXP 	unnamed Circle: fillColor = 'white'
244.0665 	EXP 	unnamed Circle: fillColor = <class 'numpy.ndarray'>
244.0665 	EXP 	unnamed Circle: fillColor = <class 'numpy.ndarray'>
244.0665 	EXP 	unnamed Circle: radius = np.float64(0.03)
244.0665 	EXP 	unnamed Circle: fillColor = 'white'
244.0665 	EXP 	unnamed Circle: fillColor = <class 'numpy.ndarray'>
244.0665 	EXP 	unnamed Circle: fillColor = <class 'numpy.ndarray'>
244.0665 	EXP 	unnamed Circle: radius = np.float64(0.03)
244.0665 	EXP 	unnamed Circle: fillColor = 'white'
244.0665 	EXP 	unnamed Circle: fillColor = <class 'numpy.ndarray'>
244.0665 	EXP 	unnamed Circle: fillColor = <class 'numpy.ndarray'>
244.0665 	EXP 	unnamed Circle: radius = np.float64(0.03)
244.0665 	EXP 	unnamed Circle: fillColor = 'white'
244.0665 	EXP 	unnamed Circle: fillColor = <class 'numpy.ndarray'>
244.0665 	EXP 	unnamed Circle: fillColor = <class 'numpy.ndarray'>
244.0665 	EXP 	unnamed Circle: radius = np.float64(0.03)
244.0665 	EXP 	unnamed Circle: fillColor = 'white'
244.0665 	EXP 	unnamed Circle: fillColor = <class 'numpy.ndarray'>
244.0665 	EXP 	unnamed Circle: fillColor = <class 'numpy.ndarray'>
244.0665 	EXP 	unnamed Circle: radius = np.float64(0.03)
244.0665 	EXP 	unnamed Circle: fillColor = 'white'
244.0665 	EXP 	unnamed Circle: fillColor = <class 'numpy.ndarray'>
244.0665 	EXP 	unnamed Circle: fillColor = <class 'numpy.ndarray'>
244.0665 	EXP 	unnamed Circle: radius = np.float64(0.03)
244.0665 	EXP 	unnamed Circle: fillColor = 'white'
244.0665 	EXP 	unnamed Circle: fillColor = <class 'numpy.ndarray'>
244.0665 	EXP 	unnamed Circle: fillColor = <class 'numpy.ndarray'>
244.0665 	EXP 	unnamed Circle: radius = np.float64(0.03)
244.0665 	EXP 	unnamed Circle: fillColor = 'white'
244.0665 	EXP 	unnamed Circle: fillColor = <class 'numpy.ndarray'>
244.0665 	EXP 	unnamed Circle: fillColor = <class 'numpy.ndarray'>
244.0665 	EXP 	unnamed Circle: radius = np.float64(0.03)
244.0665 	EXP 	unnamed Circle: fillColor = 'white'
244.0665 	EXP 	unnamed Circle: fillColor = <class 'numpy.ndarray'>
244.0665 	EXP 	unnamed Circle: fillColor = <class 'numpy.ndarray'>
244.0665 	EXP 	unnamed Circle: radius = np.float64(0.03)
244.0665 	EXP 	unnamed Circle: fillColor = 'white'
244.0665 	EXP 	unnamed Circle: fillColor = <class 'numpy.ndarray'>
244.0665 	EXP 	unnamed Circle: fillColor = <class 'numpy.ndarray'>
244.0665 	EXP 	unnamed Circle: radius = np.float64(0.03)
244.0665 	EXP 	unnamed Circle: fillColor = 'white'
244.0665 	EXP 	unnamed Circle: fillColor = <class 'numpy.ndarray'>
244.0665 	EXP 	unnamed Circle: fillColor = <class 'numpy.ndarray'>
244.0665 	EXP 	unnamed Circle: radius = np.float64(0.03)
244.0665 	EXP 	unnamed Circle: fillColor = 'white'
244.0665 	EXP 	unnamed Circle: fillColor = <class 'numpy.ndarray'>
244.0665 	EXP 	unnamed Circle: fillColor = <class 'numpy.ndarray'>
244.0665 	EXP 	unnamed Circle: radius = np.float64(0.03)
244.0665 	EXP 	unnamed Circle: fillColor = 'white'
244.0665 	EXP 	unnamed Circle: fillColor = <class 'numpy.ndarray'>
244.0665 	EXP 	unnamed Circle: fillColor = <class 'numpy.ndarray'>
244.0665 	EXP 	unnamed Circle: radius = np.float64(0.03)
244.0665 	EXP 	unnamed Circle: fillColor = 'white'
244.0665 	EXP 	unnamed Circle: fillColor = <class 'numpy.ndarray'>
244.0665 	EXP 	unnamed Circle: fillColor = <class 'numpy.ndarray'>
244.0665 	EXP 	unnamed Circle: radius = np.float64(0.03)
244.0665 	EXP 	unnamed Circle: fillColor = 'white'
244.0665 	EXP 	unnamed Circle: fillColor = <class 'numpy.ndarray'>
244.0665 	EXP 	unnamed Circle: fillColor = <class 'numpy.ndarray'>
244.0665 	EXP 	unnamed Circle: radius = np.float64(0.03)
244.0665 	EXP 	unnamed Circle: fillColor = 'white'
244.0665 	EXP 	unnamed Circle: fillColor = <class 'numpy.ndarray'>
244.0665 	EXP 	unnamed Circle: fillColor = <class 'numpy.ndarray'>
244.0665 	EXP 	unnamed Circle: radius = np.float64(0.03)
244.0665 	EXP 	unnamed Circle: fillColor = 'white'
244.0665 	EXP 	unnamed Circle: fillColor = <class 'numpy.ndarray'>
244.0665 	EXP 	unnamed Circle: fillColor = <class 'numpy.ndarray'>
244.0665 	EXP 	unnamed Circle: radius = np.float64(0.03)
244.0665 	EXP 	unnamed Circle: fillColor = 'white'
244.0665 	EXP 	unnamed Circle: fillColor = <class 'numpy.ndarray'>
244.0665 	EXP 	unnamed Circle: fillColor = <class 'numpy.ndarray'>
244.0665 	EXP 	unnamed Circle: radius = np.float64(0.03)
244.0665 	EXP 	unnamed Circle: fillColor = 'white'
244.0665 	EXP 	unnamed Circle: fillColor = <class 'numpy.ndarray'>
244.0665 	EXP 	unnamed Circle: fillColor = <class 'numpy.ndarray'>
244.0665 	EXP 	unnamed Circle: radius = np.float64(0.03)
244.0665 	EXP 	unnamed Circle: fillColor = 'white'
244.0665 	EXP 	unnamed Circle: fillColor = <class 'numpy.ndarray'>
244.0665 	EXP 	unnamed Circle: fillColor = <class 'numpy.ndarray'>
244.0665 	EXP 	unnamed Circle: radius = np.float64(0.03)
244.0665 	EXP 	unnamed Circle: fillColor = 'white'
244.0665 	EXP 	unnamed Circle: fillColor = <class 'numpy.ndarray'>
244.0665 	EXP 	unnamed Circle: fillColor = <class 'numpy.ndarray'>
244.0665 	EXP 	unnamed Circle: radius = np.float64(0.03)
244.0665 	EXP 	unnamed Circle: fillColor = 'white'
244.0665 	EXP 	unnamed Circle: fillColor = <class 'numpy.ndarray'>
244.0665 	EXP 	unnamed Circle: fillColor = <class 'numpy.ndarray'>
244.0665 	EXP 	unnamed Circle: radius = np.float64(0.03)
244.0665 	EXP 	unnamed Circle: fillColor = 'white'
244.0665 	EXP 	unnamed Circle: fillColor = <class 'numpy.ndarray'>
244.0665 	EXP 	unnamed Circle: fillColor = <class 'numpy.ndarray'>
244.0665 	EXP 	unnamed Circle: radius = np.float64(0.03)
244.0665 	EXP 	unnamed Circle: fillColor = 'white'
244.0665 	EXP 	unnamed Circle: fillColor = <class 'numpy.ndarray'>
244.0665 	EXP 	unnamed Circle: fillColor = <class 'numpy.ndarray'>
244.0665 	EXP 	unnamed Circle: radius = np.float64(0.03)
244.0665 	EXP 	unnamed Circle: fillColor = 'white'
244.0665 	EXP 	unnamed Circle: fillColor = <class 'numpy.ndarray'>
244.0665 	EXP 	unnamed Circle: fillColor = <class 'numpy.ndarray'>
244.0665 	EXP 	unnamed Circle: radius = np.float64(0.03)
244.0665 	EXP 	unnamed Circle: fillColor = 'white'
244.0665 	EXP 	unnamed Circle: fillColor = <class 'numpy.ndarray'>
244.0665 	EXP 	unnamed Circle: fillColor = <class 'numpy.ndarray'>
244.0665 	EXP 	unnamed Circle: radius = np.float64(0.03)
244.0665 	EXP 	unnamed Circle: fillColor = 'white'
244.0665 	EXP 	unnamed Circle: fillColor = <class 'numpy.ndarray'>
244.0665 	EXP 	unnamed Circle: fillColor = <class 'numpy.ndarray'>
244.0665 	EXP 	unnamed Circle: radius = np.float64(0.03)
244.0665 	EXP 	unnamed Circle: fillColor = 'white'
244.0665 	EXP 	unnamed Circle: fillColor = <class 'numpy.ndarray'>
244.0665 	EXP 	unnamed Circle: fillColor = <class 'numpy.ndarray'>
244.0665 	EXP 	unnamed Circle: radius = np.float64(0.03)
244.0665 	EXP 	unnamed Circle: fillColor = 'white'
244.0665 	EXP 	unnamed Circle: fillColor = <class 'numpy.ndarray'>
244.0665 	EXP 	unnamed Circle: fillColor = <class 'numpy.ndarray'>
244.0665 	EXP 	unnamed Circle: radius = np.float64(0.03)
244.0665 	EXP 	unnamed Circle: fillColor = 'white'
244.0665 	EXP 	unnamed Circle: fillColor = <class 'numpy.ndarray'>
244.0665 	EXP 	unnamed Circle: fillColor = <class 'numpy.ndarray'>
244.0665 	EXP 	unnamed Circle: radius = np.float64(0.03)
244.0665 	EXP 	unnamed Circle: fillColor = 'white'
244.0665 	EXP 	unnamed Circle: fillColor = <class 'numpy.ndarray'>
244.0665 	EXP 	unnamed Circle: fillColor = <class 'numpy.ndarray'>
244.0665 	EXP 	unnamed Circle: radius = np.float64(0.03)
244.0665 	EXP 	unnamed Circle: fillColor = 'white'
244.0665 	EXP 	unnamed Circle: fillColor = <class 'numpy.ndarray'>
244.0665 	EXP 	unnamed Circle: fillColor = <class 'numpy.ndarray'>
244.0665 	EXP 	unnamed Circle: radius = np.float64(0.03)
244.0665 	EXP 	unnamed Circle: fillColor = 'white'
244.0665 	EXP 	unnamed Circle: fillColor = <class 'numpy.ndarray'>
244.0665 	EXP 	unnamed Circle: fillColor = <class 'numpy.ndarray'>
244.0665 	EXP 	unnamed Circle: radius = np.float64(0.03)
244.0665 	EXP 	unnamed Circle: fillColor = 'white'
244.0665 	EXP 	unnamed Circle: fillColor = <class 'numpy.ndarray'>
244.0665 	EXP 	unnamed Circle: fillColor = <class 'numpy.ndarray'>
244.0665 	EXP 	unnamed Circle: radius = np.float64(0.03)
244.0665 	EXP 	unnamed Circle: fillColor = 'white'
244.0665 	EXP 	unnamed Circle: fillColor = <class 'numpy.ndarray'>
244.0665 	EXP 	unnamed Circle: fillColor = <class 'numpy.ndarray'>
244.0665 	EXP 	unnamed Circle: radius = np.float64(0.03)
244.0665 	EXP 	unnamed Circle: fillColor = 'white'
244.0665 	EXP 	unnamed Circle: fillColor = <class 'numpy.ndarray'>
244.0665 	EXP 	unnamed Circle: fillColor = <class 'numpy.ndarray'>
244.0665 	EXP 	unnamed Circle: radius = np.float64(0.03)
244.0665 	EXP 	unnamed Circle: fillColor = 'white'
244.0665 	EXP 	unnamed Circle: fillColor = <class 'numpy.ndarray'>
244.0665 	EXP 	unnamed Circle: fillColor = <class 'numpy.ndarray'>
244.0665 	EXP 	unnamed Circle: radius = np.float64(0.03)
244.0665 	EXP 	unnamed Circle: fillColor = 'white'
244.0665 	EXP 	unnamed Circle: fillColor = <class 'numpy.ndarray'>
244.0665 	EXP 	unnamed Circle: fillColor = <class 'numpy.ndarray'>
244.0665 	EXP 	unnamed Circle: radius = np.float64(0.03)
244.0665 	EXP 	unnamed Circle: fillColor = 'white'
244.0665 	EXP 	unnamed Circle: fillColor = <class 'numpy.ndarray'>
244.0665 	EXP 	unnamed Circle: fillColor = <class 'numpy.ndarray'>
244.0665 	EXP 	unnamed Circle: radius = np.float64(0.03)
244.0665 	EXP 	unnamed Circle: fillColor = 'white'
244.0665 	EXP 	unnamed Circle: fillColor = <class 'numpy.ndarray'>
244.0665 	EXP 	unnamed Circle: fillColor = <class 'numpy.ndarray'>
244.0665 	EXP 	unnamed Circle: radius = np.float64(0.03)
244.0665 	EXP 	unnamed Circle: fillColor = 'white'
244.0665 	EXP 	unnamed Circle: fillColor = <class 'numpy.ndarray'>
244.0665 	EXP 	unnamed Circle: fillColor = <class 'numpy.ndarray'>
244.0665 	EXP 	unnamed Circle: radius = np.float64(0.03)
244.0665 	EXP 	unnamed Circle: fillColor = 'white'
244.0665 	EXP 	unnamed Circle: fillColor = <class 'numpy.ndarray'>
244.0665 	EXP 	unnamed Circle: fillColor = <class 'numpy.ndarray'>
244.0665 	EXP 	unnamed Circle: radius = np.float64(0.03)
244.0665 	EXP 	unnamed Circle: fillColor = 'white'
244.0665 	EXP 	unnamed Circle: fillColor = <class 'numpy.ndarray'>
244.0665 	EXP 	unnamed Circle: fillColor = <class 'numpy.ndarray'>
244.0665 	EXP 	unnamed Circle: radius = np.float64(0.03)
244.0665 	EXP 	unnamed Circle: fillColor = 'white'
244.0665 	EXP 	unnamed Circle: fillColor = <class 'numpy.ndarray'>
244.0665 	EXP 	unnamed Circle: fillColor = <class 'numpy.ndarray'>
244.0665 	EXP 	unnamed Circle: radius = np.float64(0.03)
244.0665 	EXP 	unnamed Circle: fillColor = 'white'
244.0665 	EXP 	unnamed Circle: fillColor = <class 'numpy.ndarray'>
244.0665 	EXP 	unnamed Circle: fillColor = <class 'numpy.ndarray'>
244.0665 	EXP 	unnamed Circle: radius = np.float64(0.03)
244.0665 	EXP 	unnamed Circle: fillColor = 'white'
244.0665 	EXP 	unnamed Circle: fillColor = <class 'numpy.ndarray'>
244.0665 	EXP 	unnamed Circle: fillColor = <class 'numpy.ndarray'>
244.0665 	EXP 	unnamed Circle: radius = np.float64(0.03)
244.0665 	EXP 	unnamed Circle: fillColor = 'white'
244.0665 	EXP 	unnamed Circle: fillColor = <class 'numpy.ndarray'>
244.0665 	EXP 	unnamed Circle: fillColor = <class 'numpy.ndarray'>
244.0665 	EXP 	unnamed Circle: radius = np.float64(0.03)
244.0665 	EXP 	unnamed Circle: fillColor = 'white'
244.0665 	EXP 	unnamed Circle: fillColor = <class 'numpy.ndarray'>
244.0665 	EXP 	unnamed Circle: fillColor = <class 'numpy.ndarray'>
244.0665 	EXP 	unnamed Circle: radius = np.float64(0.03)
244.0665 	EXP 	unnamed Circle: fillColor = 'white'
244.0665 	EXP 	unnamed Circle: fillColor = <class 'numpy.ndarray'>
244.0665 	EXP 	unnamed Circle: fillColor = <class 'numpy.ndarray'>
244.0665 	EXP 	unnamed Circle: radius = np.float64(0.03)
244.0665 	EXP 	unnamed Circle: fillColor = 'white'
244.0665 	EXP 	unnamed Circle: fillColor = <class 'numpy.ndarray'>
244.0665 	EXP 	unnamed Circle: fillColor = <class 'numpy.ndarray'>
244.0665 	EXP 	unnamed Circle: radius = np.float64(0.03)
244.0665 	EXP 	unnamed Circle: fillColor = 'white'
244.0665 	EXP 	unnamed Circle: fillColor = <class 'numpy.ndarray'>
244.0665 	EXP 	unnamed Circle: fillColor = <class 'numpy.ndarray'>
244.0665 	EXP 	unnamed Circle: radius = np.float64(0.03)
244.0665 	EXP 	unnamed Circle: fillColor = 'white'
244.0665 	EXP 	unnamed Circle: fillColor = <class 'numpy.ndarray'>
244.0665 	EXP 	unnamed Circle: fillColor = <class 'numpy.ndarray'>
244.0665 	EXP 	unnamed Circle: radius = np.float64(0.03)
244.0665 	EXP 	unnamed Circle: fillColor = 'white'
244.0665 	EXP 	unnamed Circle: fillColor = <class 'numpy.ndarray'>
244.0665 	EXP 	unnamed Circle: fillColor = <class 'numpy.ndarray'>
244.0665 	EXP 	unnamed Circle: radius = np.float64(0.03)
244.0665 	EXP 	unnamed Circle: fillColor = 'white'
244.0665 	EXP 	unnamed Circle: fillColor = <class 'numpy.ndarray'>
244.0665 	EXP 	unnamed Circle: fillColor = <class 'numpy.ndarray'>
244.0665 	EXP 	unnamed Circle: radius = np.float64(0.03)
244.0665 	EXP 	unnamed Circle: fillColor = 'white'
244.0665 	EXP 	unnamed Circle: fillColor = <class 'numpy.ndarray'>
244.0665 	EXP 	unnamed Circle: fillColor = <class 'numpy.ndarray'>
244.0665 	EXP 	unnamed Circle: radius = np.float64(0.03)
244.0665 	EXP 	unnamed Circle: fillColor = 'white'
244.0665 	EXP 	unnamed Circle: fillColor = <class 'numpy.ndarray'>
244.0665 	EXP 	unnamed Circle: fillColor = <class 'numpy.ndarray'>
244.0665 	EXP 	unnamed Circle: radius = np.float64(0.03)
244.0665 	EXP 	unnamed Circle: fillColor = 'white'
244.0665 	EXP 	unnamed Circle: fillColor = <class 'numpy.ndarray'>
244.0665 	EXP 	unnamed Circle: fillColor = <class 'numpy.ndarray'>
244.0665 	EXP 	unnamed Circle: radius = np.float64(0.03)
244.0665 	EXP 	unnamed Circle: fillColor = 'white'
244.0665 	EXP 	unnamed Circle: fillColor = <class 'numpy.ndarray'>
244.0665 	EXP 	unnamed Circle: fillColor = <class 'numpy.ndarray'>
244.0665 	EXP 	unnamed Circle: radius = np.float64(0.03)
244.0665 	EXP 	unnamed Circle: fillColor = 'white'
244.0665 	EXP 	unnamed Circle: fillColor = <class 'numpy.ndarray'>
244.0665 	EXP 	unnamed Circle: fillColor = <class 'numpy.ndarray'>
244.0665 	EXP 	unnamed Circle: radius = np.float64(0.03)
244.0665 	EXP 	unnamed Circle: fillColor = 'white'
244.0665 	EXP 	unnamed Circle: fillColor = <class 'numpy.ndarray'>
244.0665 	EXP 	unnamed Circle: fillColor = <class 'numpy.ndarray'>
244.0665 	EXP 	unnamed Circle: radius = np.float64(0.03)
244.0665 	EXP 	unnamed Circle: fillColor = 'white'
244.0665 	EXP 	unnamed Circle: fillColor = <class 'numpy.ndarray'>
244.0665 	EXP 	unnamed Circle: fillColor = <class 'numpy.ndarray'>
244.0665 	EXP 	unnamed Circle: radius = np.float64(0.03)
244.0665 	EXP 	unnamed Circle: fillColor = 'white'
244.0665 	EXP 	unnamed Circle: fillColor = <class 'numpy.ndarray'>
244.0665 	EXP 	unnamed Circle: fillColor = <class 'numpy.ndarray'>
244.0665 	EXP 	unnamed Circle: radius = np.float64(0.03)
244.0665 	EXP 	unnamed Circle: fillColor = 'white'
244.0665 	EXP 	unnamed Circle: fillColor = <class 'numpy.ndarray'>
244.0665 	EXP 	unnamed Circle: fillColor = <class 'numpy.ndarray'>
244.0665 	EXP 	unnamed Circle: radius = np.float64(0.03)
244.0665 	EXP 	unnamed Circle: fillColor = 'white'
244.0665 	EXP 	unnamed Circle: fillColor = <class 'numpy.ndarray'>
244.0665 	EXP 	unnamed Circle: fillColor = <class 'numpy.ndarray'>
244.0665 	EXP 	unnamed Circle: radius = np.float64(0.03)
244.0665 	EXP 	unnamed Circle: fillColor = 'white'
244.0665 	EXP 	unnamed Circle: fillColor = <class 'numpy.ndarray'>
244.0665 	EXP 	unnamed Circle: fillColor = <class 'numpy.ndarray'>
244.0665 	EXP 	unnamed Circle: radius = np.float64(0.03)
244.0665 	EXP 	unnamed Circle: fillColor = 'white'
244.0665 	EXP 	unnamed Circle: fillColor = <class 'numpy.ndarray'>
244.0665 	EXP 	unnamed Circle: fillColor = <class 'numpy.ndarray'>
244.0665 	EXP 	unnamed Circle: radius = np.float64(0.03)
244.0665 	EXP 	unnamed Circle: fillColor = 'white'
244.0665 	EXP 	unnamed Circle: fillColor = <class 'numpy.ndarray'>
244.0665 	EXP 	unnamed Circle: fillColor = <class 'numpy.ndarray'>
244.0665 	EXP 	unnamed Circle: radius = np.float64(0.03)
244.0665 	EXP 	unnamed Circle: fillColor = 'white'
244.0665 	EXP 	unnamed Circle: fillColor = <class 'numpy.ndarray'>
244.0665 	EXP 	unnamed Circle: fillColor = <class 'numpy.ndarray'>
244.0665 	EXP 	unnamed Circle: radius = np.float64(0.03)
244.0665 	EXP 	unnamed Circle: fillColor = 'white'
244.0665 	EXP 	unnamed Circle: fillColor = <class 'numpy.ndarray'>
244.0665 	EXP 	unnamed Circle: fillColor = <class 'numpy.ndarray'>
244.0665 	EXP 	unnamed Circle: radius = np.float64(0.03)
244.0665 	EXP 	unnamed Circle: fillColor = 'white'
244.0665 	EXP 	unnamed Circle: fillColor = <class 'numpy.ndarray'>
244.0665 	EXP 	unnamed Circle: fillColor = <class 'numpy.ndarray'>
244.0665 	EXP 	unnamed Circle: radius = np.float64(0.03)
244.0665 	EXP 	unnamed Circle: fillColor = 'white'
244.0665 	EXP 	unnamed Circle: fillColor = <class 'numpy.ndarray'>
244.0665 	EXP 	text_2: autoDraw = True
245.0799 	EXP 	text_2: autoDraw = False
245.0799 	EXP 	text_2: autoDraw = False
287.1822 	DATA 	Keypress: 2
287.1853 	EXP 	Created text = TextStim(__class__=<class 'psychopy.visual.text.TextStim'>, alignHoriz=method-wrapper(...), alignText='center', alignVert=method-wrapper(...), anchorHoriz='center', anchorVert='center', antialias=True, autoDraw=False, autoLog=True, bold=False, color=array([1., 1., 1.]), colorSpace='rgb', contrast=1.0, depth=0.0, draggable=False, flipHoriz=False, flipVert=False, font='Arial', fontFiles=[], height=np.float64(0.06), italic=False, languageStyle='LTR', name='text', opacity=1, ori=0, pos=array([0. , 0.2]), rgb=UNKNOWN, text=str(...), units='norm', win=Window(...), wrapWidth=1.2)
287.1901 	WARNING 	Font b'Arial' was requested. No similar font found.
287.1978 	WARNING 	Font b'Arial' was requested. No similar font found.
287.2045 	WARNING 	Font b'Arial' was requested. No similar font found.
287.2103 	WARNING 	Font b'Arial' was requested. No similar font found.
287.2171 	EXP 	Created None = Slider(__class__=<class 'psychopy.visual.slider.Slider'>, autoDraw=False, autoLog=True, borderColor=None, color=None, colorSpace='rgb', depth=0, fillColor=None, flip=False, font='Arial', granularity=1, labelColor=None, labelHeight=np.float64(0.06), labelWrapWidth=None, labels=('Never', 'Always'), lineColor=None, markerColor=None, name=None, opacity=None, ori=0, pos=array([0., 0.]), readOnly=False, self=UNKNOWN, size=array([0.85, 0.1 ]), startValue=None, style='rating', styleTweaks=[], ticks=array([1, 9]), units='norm', win=Window(...))
287.2248 	EXP 	None: autoLog = True
287.2248 	EXP 	None: styleTweaks = []
287.2248 	EXP 	None: styleTweaks = []
287.2248 	EXP 	None: styleTweaks = []
287.2248 	EXP 	None: styleTweaks = []
287.2248 	EXP 	None: contrast = 1.0
287.2248 	EXP 	None: markerPos = None
287.2248 	EXP 	None: autoLog = True
287.2248 	EXP 	None: markerPos = 5
287.3287 	DATA 	Keypress: 0
287.3316 	EXP 	None: markerPos = 5
287.3335 	EXP 	Created text = TextStim(__class__=<class 'psychopy.visual.text.TextStim'>, alignHoriz=method-wrapper(...), alignText='center', alignVert=method-wrapper(...), anchorHoriz='center', anchorVert='center', antialias=True, autoDraw=False, autoLog=True, bold=False, color=array([1., 1., 1.]), colorSpace='rgb', contrast=1.0, depth=0.0, draggable=False, flipHoriz=False, flipVert=False, font='Arial', fontFiles=[], height=np.float64(0.06), italic=False, languageStyle='LTR', name='text', opacity=1, ori=0, pos=array([0. , 0.2]), rgb=UNKNOWN, text=str(...), units='norm', win=Window(...), wrapWidth=1.2)
287.3371 	WARNING 	Font b'Arial' was requested. No similar font found.
287.3400 	WARNING 	Font b'Arial' was requested. No similar font found.
287.3429 	WARNING 	Font b'Arial' was requested. No similar font found.
287.3475 	WARNING 	Font b'Arial' was requested. No similar font found.
287.3543 	EXP 	Created None = Slider(__class__=<class 'psychopy.visual.slider.Slider'>, autoDraw=False, autoLog=True, borderColor=None, color=None, colorSpace='rgb', depth=0, fillColor=None, flip=False, font='Arial', granularity=1, labelColor=None, labelHeight=np.float64(0.06), labelWrapWidth=None, labels=('Never', 'All the time'), lineColor=None, markerColor=None, name=None, opacity=None, ori=0, pos=array([0., 0.]), readOnly=False, self=UNKNOWN, size=array([0.85, 0.1 ]), startValue=None, style='rating', styleTweaks=[], ticks=array([1, 9]), units='norm', win=Window(...))
287.3595 	EXP 	None: autoLog = True
287.3595 	EXP 	None: styleTweaks = []
287.3595 	EXP 	None: styleTweaks = []
287.3595 	EXP 	None: styleTweaks = []
287.3595 	EXP 	None: styleTweaks = []
287.3595 	EXP 	None: contrast = 1.0
287.3595 	EXP 	None: markerPos = None
287.3595 	EXP 	None: autoLog = True
287.3595 	EXP 	None: markerPos = 5
287.3851 	DATA 	Keypress: 2
287.3882 	EXP 	None: markerPos = 6
287.4973 	DATA 	Keypress: 0
287.5002 	EXP 	None: markerPos = 6
287.5019 	EXP 	Created text = TextStim(__class__=<class 'psychopy.visual.text.TextStim'>, alignHoriz=method-wrapper(...), alignText='center', alignVert=method-wrapper(...), anchorHoriz='center', anchorVert='center', antialias=True, autoDraw=False, autoLog=True, bold=False, color=array([1., 1., 1.]), colorSpace='rgb', contrast=1.0, depth=0.0, draggable=False, flipHoriz=False, flipVert=False, font='Arial', fontFiles=[], height=np.float64(0.06), italic=False, languageStyle='LTR', name='text', opacity=1, ori=0, pos=array([0. , 0.2]), rgb=UNKNOWN, text=str(...), units='norm', win=Window(...), wrapWidth=1.2)
287.5054 	WARNING 	Font b'Arial' was requested. No similar font found.
287.5092 	WARNING 	Font b'Arial' was requested. No similar font found.
287.5121 	WARNING 	Font b'Arial' was requested. No similar font found.
287.5177 	WARNING 	Font b'Arial' was requested. No similar font found.
287.5247 	EXP 	Created None = Slider(__class__=<class 'psychopy.visual.slider.Slider'>, autoDraw=False, autoLog=True, borderColor=None, color=None, colorSpace='rgb', depth=0, fillColor=None, flip=False, font='Arial', granularity=1, labelColor=None, labelHeight=np.float64(0.06), labelWrapWidth=None, labels=('Not at all', 'Very Difficult'), lineColor=None, markerColor=None, name=None, opacity=None, ori=0, pos=array([0., 0.]), readOnly=False, self=UNKNOWN, size=array([0.85, 0.1 ]), startValue=None, style='rating', styleTweaks=[], ticks=array([1, 9]), units='norm', win=Window(...))
287.5308 	EXP 	None: autoLog = True
287.5308 	EXP 	None: styleTweaks = []
287.5308 	EXP 	None: styleTweaks = []
287.5308 	EXP 	None: styleTweaks = []
287.5308 	EXP 	None: styleTweaks = []
287.5308 	EXP 	None: contrast = 1.0
287.5308 	EXP 	None: markerPos = None
287.5308 	EXP 	None: autoLog = True
287.5308 	EXP 	None: markerPos = 5
287.5900 	DATA 	Keypress: 2
287.5933 	EXP 	None: markerPos = 6
287.6598 	DATA 	Keypress: 0
287.6630 	EXP 	None: markerPos = 6
287.6649 	EXP 	Created text = TextStim(__class__=<class 'psychopy.visual.text.TextStim'>, alignHoriz=method-wrapper(...), alignText='center', alignVert=method-wrapper(...), anchorHoriz='center', anchorVert='center', antialias=True, autoDraw=False, autoLog=True, bold=False, color=array([1., 1., 1.]), colorSpace='rgb', contrast=1.0, depth=0.0, draggable=False, flipHoriz=False, flipVert=False, font='Arial', fontFiles=[], height=np.float64(0.06), italic=False, languageStyle='LTR', name='text', opacity=1, ori=0, pos=array([0. , 0.2]), rgb=UNKNOWN, text='How calm do you feel right now?', units='norm', win=Window(...), wrapWidth=1.2)
287.6684 	WARNING 	Font b'Arial' was requested. No similar font found.
287.6714 	WARNING 	Font b'Arial' was requested. No similar font found.
287.6743 	WARNING 	Font b'Arial' was requested. No similar font found.
287.6773 	WARNING 	Font b'Arial' was requested. No similar font found.
287.6842 	EXP 	Created None = Slider(__class__=<class 'psychopy.visual.slider.Slider'>, autoDraw=False, autoLog=True, borderColor=None, color=None, colorSpace='rgb', depth=0, fillColor=None, flip=False, font='Arial', granularity=1, labelColor=None, labelHeight=np.float64(0.06), labelWrapWidth=None, labels=('Not at all', 'Very calm'), lineColor=None, markerColor=None, name=None, opacity=None, ori=0, pos=array([0., 0.]), readOnly=False, self=UNKNOWN, size=array([0.85, 0.1 ]), startValue=None, style='rating', styleTweaks=[], ticks=array([1, 9]), units='norm', win=Window(...))
287.6882 	EXP 	None: autoLog = True
287.6882 	EXP 	None: styleTweaks = []
287.6882 	EXP 	None: styleTweaks = []
287.6882 	EXP 	None: styleTweaks = []
287.6882 	EXP 	None: styleTweaks = []
287.6882 	EXP 	None: contrast = 1.0
287.6882 	EXP 	None: markerPos = None
287.6882 	EXP 	None: autoLog = True
287.6882 	EXP 	None: markerPos = 5
287.7661 	DATA 	Keypress: 2
287.7693 	EXP 	None: markerPos = 6
287.8243 	DATA 	Keypress: 0
287.8272 	EXP 	None: markerPos = 6
