time,ball_x,ball_y,ball_radius,ball_color_r,ball_color_g,ball_color_b,roi1_x,roi1_y,roi1_radius,roi1_color_r,roi1_color_g,roi1_color_b,roi1_lineColor_r,roi1_lineColor_g,roi1_lineColor_b,roi2_x,roi2_y,roi2_radius,roi2_color_r,roi2_color_g,roi2_color_b,roi2_lineColor_r,roi2_lineColor_g,roi2_lineColor_b
61.12782597541809,0.0,0.0,0.03,1,1,1,0.0,0.3333333333333333,0.15,-1,-1,-1,1.0,1.0,-1.0,0.0,-0.3333333333333333,0.15,-1,-1,-1,0.356862745098039,0.694117647058824,0.803921568627451
61.16244721412659,0.0,0.0,0.03,1,1,1,0.0,0.3333333333333333,0.15,-1,-1,-1,1.0,1.0,-1.0,0.0,-0.3333333333333333,0.15,-1,-1,-1,0.356862745098039,0.694117647058824,0.803921568627451
61.197253942489624,0.0,0.0,0.03,1,1,1,0.0,0.3333333333333333,0.15,-1,-1,-1,1.0,1.0,-1.0,0.0,-0.3333333333333333,0.15,-1,-1,-1,0.356862745098039,0.694117647058824,0.803921568627451
61.23193621635437,0.0,0.0024357683377590183,0.03,1,1,1,0.0,0.3333333333333333,0.15,-1,-1,-1,1.0,1.0,-1.0,0.0,-0.3333333333333333,0.15,-1,-1,-1,0.356862745098039,0.694117647058824,0.803921568627451
61.27382469177246,0.0,0.004871536675518036,0.03,1,1,1,0.0,0.3333333333333333,0.15,-1,-1,-1,1.0,1.0,-1.0,0.0,-0.3333333333333333,0.15,-1,-1,-1,0.356862745098039,0.694117647058824,0.803921568627451
61.315407276153564,0.0,0.007307305013277053,0.03,1,1,1,0.0,0.3333333333333333,0.15,-1,-1,-1,1.0,1.0,-1.0,0.0,-0.3333333333333333,0.15,-1,-1,-1,0.356862745098039,0.694117647058824,0.803921568627451
61.35082197189331,0.0,0.009743073351036073,0.03,1,1,1,0.0,0.3333333333333333,0.15,-1,-1,-1,1.0,1.0,-1.0,0.0,-0.3333333333333333,0.15,-1,-1,-1,0.356862745098039,0.694117647058824,0.803921568627451
61.38539719581604,0.0,0.012178841688795095,0.03,1,1,1,0.0,0.3333333333333333,0.15,-1,-1,-1,1.0,1.0,-1.0,0.0,-0.3333333333333333,0.15,-1,-1,-1,0.356862745098039,0.694117647058824,0.803921568627451
61.42320537567139,0.0,0.014614610026554117,0.03,1,1,1,0.0,0.3333333333333333,0.15,-1,-1,-1,1.0,1.0,-1.0,0.0,-0.3333333333333333,0.15,-1,-1,-1,0.356862745098039,0.694117647058824,0.803921568627451
61.458237648010254,0.0,0.017050378364313133,0.03,1,1,1,0.0,0.3333333333333333,0.15,-1,-1,-1,1.0,1.0,-1.0,0.0,-0.3333333333333333,0.15,-1,-1,-1,0.356862745098039,0.694117647058824,0.803921568627451
61.49625539779663,0.0,0.019486146702072146,0.03,1,1,1,0.0,0.3333333333333333,0.15,-1,-1,-1,1.0,1.0,-1.0,0.0,-0.3333333333333333,0.15,-1,-1,-1,0.356862745098039,0.694117647058824,0.803921568627451
61.531089782714844,0.0,0.02192191503983116,0.03,1,1,1,0.0,0.3333333333333333,0.15,-1,-1,-1,1.0,1.0,-1.0,0.0,-0.3333333333333333,0.15,-1,-1,-1,0.356862745098039,0.694117647058824,0.803921568627451
61.565733194351196,0.0,0.024357683377590172,0.03,1,1,1,0.0,0.3333333333333333,0.15,-1,-1,-1,1.0,1.0,-1.0,0.0,-0.3333333333333333,0.15,-1,-1,-1,0.356862745098039,0.694117647058824,0.803921568627451
61.60072326660156,0.0,0.026793451715349186,0.03,1,1,1,0.0,0.3333333333333333,0.15,-1,-1,-1,1.0,1.0,-1.0,0.0,-0.3333333333333333,0.15,-1,-1,-1,0.356862745098039,0.694117647058824,0.803921568627451
61.63529300689697,0.0,0.0292292200531082,0.03,1,1,1,0.0,0.3333333333333333,0.15,-1,-1,-1,1.0,1.0,-1.0,0.0,-0.3333333333333333,0.15,-1,-1,-1,0.356862745098039,0.694117647058824,0.803921568627451
61.67755389213562,0.0,0.03166498839086721,0.03,1,1,1,0.0,0.3333333333333333,0.15,-1,-1,-1,1.0,1.0,-1.0,0.0,-0.3333333333333333,0.15,-1,-1,-1,0.356862745098039,0.694117647058824,0.803921568627451
61.7189998626709,0.0,0.034100756728626225,0.03,1,1,1,0.0,0.3333333333333333,0.15,-1,-1,-1,1.0,1.0,-1.0,0.0,-0.3333333333333333,0.15,-1,-1,-1,0.356862745098039,0.694117647058824,0.803921568627451
61.753255128860474,0.0,0.03653652506638524,0.03,1,1,1,0.0,0.3333333333333333,0.15,-1,-1,-1,1.0,1.0,-1.0,0.0,-0.3333333333333333,0.15,-1,-1,-1,0.356862745098039,0.694117647058824,0.803921568627451
61.79326248168945,0.0,0.03897229340414425,0.03,1,1,1,0.0,0.3333333333333333,0.15,-1,-1,-1,1.0,1.0,-1.0,0.0,-0.3333333333333333,0.15,-1,-1,-1,0.356862745098039,0.694117647058824,0.803921568627451
61.82761073112488,0.0,0.041408061741903264,0.03,1,1,1,0.0,0.3333333333333333,0.15,-1,-1,-1,1.0,1.0,-1.0,0.0,-0.3333333333333333,0.15,-1,-1,-1,0.356862745098039,0.694117647058824,0.803921568627451
61.864259243011475,0.0,0.04384383007966228,0.03,1,1,1,0.0,0.3333333333333333,0.15,-1,-1,-1,1.0,1.0,-1.0,0.0,-0.3333333333333333,0.15,-1,-1,-1,0.356862745098039,0.694117647058824,0.803921568627451
61.91303539276123,0.0,0.04627959841742129,0.03,1,1,1,0.0,0.3333333333333333,0.15,-1,-1,-1,1.0,1.0,-1.0,0.0,-0.3333333333333333,0.15,-1,-1,-1,0.356862745098039,0.694117647058824,0.803921568627451
61.947736740112305,0.0,0.0487153667551803,0.03,1,1,1,0.0,0.3333333333333333,0.15,-1,-1,-1,1.0,1.0,-1.0,0.0,-0.3333333333333333,0.15,-1,-1,-1,0.356862745098039,0.694117647058824,0.803921568627451
61.9824013710022,0.0,0.051151135092939316,0.03,1,1,1,0.0,0.3333333333333333,0.15,-1,-1,-1,1.0,1.0,-1.0,0.0,-0.3333333333333333,0.15,-1,-1,-1,0.356862745098039,0.694117647058824,0.803921568627451
62.01709008216858,0.0,0.05358690343069833,0.03,1,1,1,0.0,0.3333333333333333,0.15,-1,-1,-1,1.0,1.0,-1.0,0.0,-0.3333333333333333,0.15,-1,-1,-1,0.356862745098039,0.694117647058824,0.803921568627451
62.05177116394043,0.0,0.05602267176845734,0.03,1,1,1,0.0,0.3333333333333333,0.15,-1,-1,-1,1.0,1.0,-1.0,0.0,-0.3333333333333333,0.15,-1,-1,-1,0.356862745098039,0.694117647058824,0.803921568627451
62.095675468444824,0.0,0.058458440106216356,0.03,1,1,1,0.0,0.3333333333333333,0.15,-1,-1,-1,1.0,1.0,-1.0,0.0,-0.3333333333333333,0.15,-1,-1,-1,0.356862745098039,0.694117647058824,0.803921568627451
62.1283278465271,0.0,0.06089420844397538,0.03,1,1,1,0.0,0.3333333333333333,0.15,-1,-1,-1,1.0,1.0,-1.0,0.0,-0.3333333333333333,0.15,-1,-1,-1,0.356862745098039,0.694117647058824,0.803921568627451
62.162797689437866,0.0,0.06332997678173441,0.03,1,1,1,0.0,0.3333333333333333,0.15,-1,-1,-1,1.0,1.0,-1.0,0.0,-0.3333333333333333,0.15,-1,-1,-1,0.356862745098039,0.694117647058824,0.803921568627451
62.19695043563843,0.0,0.06576574511949346,0.03,1,1,1,0.0,0.3333333333333333,0.15,-1,-1,-1,1.0,1.0,-1.0,0.0,-0.3333333333333333,0.15,-1,-1,-1,0.356862745098039,0.694117647058824,0.803921568627451
62.231868743896484,0.0,0.0682015134572525,0.03,1,1,1,0.0,0.3333333333333333,0.15,-1,-1,-1,1.0,1.0,-1.0,0.0,-0.3333333333333333,0.15,-1,-1,-1,0.356862745098039,0.694117647058824,0.803921568627451
62.26850891113281,0.0,0.07063728179501155,0.03,1,1,1,0.0,0.3333333333333333,0.15,-1,-1,-1,1.0,1.0,-1.0,0.0,-0.3333333333333333,0.15,-1,-1,-1,0.356862745098039,0.694117647058824,0.803921568627451
62.33455419540405,0.0,0.0730730501327706,0.03,1,1,1,0.0,0.3333333333333333,0.15,-1,-1,-1,1.0,1.0,-1.0,0.0,-0.3333333333333333,0.15,-1,-1,-1,0.356862745098039,0.694117647058824,0.803921568627451
62.36835765838623,0.0,0.07550881847052965,0.03,1,1,1,0.0,0.3333333333333333,0.15,-1,-1,-1,1.0,1.0,-1.0,0.0,-0.3333333333333333,0.15,-1,-1,-1,0.356862745098039,0.694117647058824,0.803921568627451
62.40282368659973,0.0,0.0779445868082887,0.03,1,1,1,0.0,0.3333333333333333,0.15,-1,-1,-1,1.0,1.0,-1.0,0.0,-0.3333333333333333,0.15,-1,-1,-1,0.356862745098039,0.694117647058824,0.803921568627451
62.43753099441528,0.0,0.07678314889169584,0.03,1,1,1,0.0,0.3333333333333333,0.15,-1,-1,-1,1.0,1.0,-1.0,0.0,-0.3333333333333333,0.15,-1,-1,-1,0.356862745098039,0.694117647058824,0.803921568627451
62.47570538520813,0.0,0.07562171097510298,0.03,1,1,1,0.0,0.3333333333333333,0.15,-1,-1,-1,1.0,1.0,-1.0,0.0,-0.3333333333333333,0.15,-1,-1,-1,0.356862745098039,0.694117647058824,0.803921568627451
62.50860571861267,0.0,0.07446027305851012,0.03,1,1,1,0.0,0.3333333333333333,0.15,-1,-1,-1,1.0,1.0,-1.0,0.0,-0.3333333333333333,0.15,-1,-1,-1,0.356862745098039,0.694117647058824,0.803921568627451
62.54403781890869,0.0,0.07329883514191726,0.03,1,1,1,0.0,0.3333333333333333,0.15,-1,-1,-1,1.0,1.0,-1.0,0.0,-0.3333333333333333,0.15,-1,-1,-1,0.356862745098039,0.694117647058824,0.803921568627451
62.57882332801819,0.0,0.0721373972253244,0.03,1,1,1,0.0,0.3333333333333333,0.15,-1,-1,-1,1.0,1.0,-1.0,0.0,-0.3333333333333333,0.15,-1,-1,-1,0.356862745098039,0.694117647058824,0.803921568627451
62.61342120170593,0.0,0.07097595930873155,0.03,1,1,1,0.0,0.3333333333333333,0.15,-1,-1,-1,1.0,1.0,-1.0,0.0,-0.3333333333333333,0.15,-1,-1,-1,0.356862745098039,0.694117647058824,0.803921568627451
62.65582823753357,0.0,0.06981452139213869,0.03,1,1,1,0.0,0.3333333333333333,0.15,-1,-1,-1,1.0,1.0,-1.0,0.0,-0.3333333333333333,0.15,-1,-1,-1,0.356862745098039,0.694117647058824,0.803921568627451
62.68907976150513,0.0,0.06865308347554583,0.03,1,1,1,0.0,0.3333333333333333,0.15,-1,-1,-1,1.0,1.0,-1.0,0.0,-0.3333333333333333,0.15,-1,-1,-1,0.356862745098039,0.694117647058824,0.803921568627451
62.72442698478699,0.0,0.06749164555895297,0.03,1,1,1,0.0,0.3333333333333333,0.15,-1,-1,-1,1.0,1.0,-1.0,0.0,-0.3333333333333333,0.15,-1,-1,-1,0.356862745098039,0.694117647058824,0.803921568627451
62.75893044471741,0.0,0.06633020764236011,0.03,1,1,1,0.0,0.3333333333333333,0.15,-1,-1,-1,1.0,1.0,-1.0,0.0,-0.3333333333333333,0.15,-1,-1,-1,0.356862745098039,0.694117647058824,0.803921568627451
62.79379320144653,0.0,0.06516876972576725,0.03,1,1,1,0.0,0.3333333333333333,0.15,-1,-1,-1,1.0,1.0,-1.0,0.0,-0.3333333333333333,0.15,-1,-1,-1,0.356862745098039,0.694117647058824,0.803921568627451
62.82899284362793,0.0,0.0640073318091744,0.03,1,1,1,0.0,0.3333333333333333,0.15,-1,-1,-1,1.0,1.0,-1.0,0.0,-0.3333333333333333,0.15,-1,-1,-1,0.356862745098039,0.694117647058824,0.803921568627451
62.86353135108948,0.0,0.06284589389258154,0.03,1,1,1,0.0,0.3333333333333333,0.15,-1,-1,-1,1.0,1.0,-1.0,0.0,-0.3333333333333333,0.15,-1,-1,-1,0.356862745098039,0.694117647058824,0.803921568627451
62.898463010787964,0.0,0.06168445597598867,0.03,1,1,1,0.0,0.3333333333333333,0.15,-1,-1,-1,1.0,1.0,-1.0,0.0,-0.3333333333333333,0.15,-1,-1,-1,0.356862745098039,0.694117647058824,0.803921568627451
62.932799100875854,0.0,0.0605230180593958,0.03,1,1,1,0.0,0.3333333333333333,0.15,-1,-1,-1,1.0,1.0,-1.0,0.0,-0.3333333333333333,0.15,-1,-1,-1,0.356862745098039,0.694117647058824,0.803921568627451
62.96747636795044,0.0,0.059361580142802926,0.03,1,1,1,0.0,0.3333333333333333,0.15,-1,-1,-1,1.0,1.0,-1.0,0.0,-0.3333333333333333,0.15,-1,-1,-1,0.356862745098039,0.694117647058824,0.803921568627451
63.00203466415405,0.0,0.05820014222621007,0.03,1,1,1,0.0,0.3333333333333333,0.15,-1,-1,-1,1.0,1.0,-1.0,0.0,-0.3333333333333333,0.15,-1,-1,-1,0.356862745098039,0.694117647058824,0.803921568627451
63.04040265083313,0.0,0.05703870430961721,0.03,1,1,1,0.0,0.3333333333333333,0.15,-1,-1,-1,1.0,1.0,-1.0,0.0,-0.3333333333333333,0.15,-1,-1,-1,0.356862745098039,0.694117647058824,0.803921568627451
63.075963735580444,0.0,0.05587726639302435,0.03,1,1,1,0.0,0.3333333333333333,0.15,-1,-1,-1,1.0,1.0,-1.0,0.0,-0.3333333333333333,0.15,-1,-1,-1,0.356862745098039,0.694117647058824,0.803921568627451
63.114001512527466,0.0,0.05471582847643149,0.03,1,1,1,0.0,0.3333333333333333,0.15,-1,-1,-1,1.0,1.0,-1.0,0.0,-0.3333333333333333,0.15,-1,-1,-1,0.356862745098039,0.694117647058824,0.803921568627451
63.14788556098938,0.0,0.053554390559838634,0.03,1,1,1,0.0,0.3333333333333333,0.15,-1,-1,-1,1.0,1.0,-1.0,0.0,-0.3333333333333333,0.15,-1,-1,-1,0.356862745098039,0.694117647058824,0.803921568627451
63.18246817588806,0.0,0.052392952643245776,0.03,1,1,1,0.0,0.3333333333333333,0.15,-1,-1,-1,1.0,1.0,-1.0,0.0,-0.3333333333333333,0.15,-1,-1,-1,0.356862745098039,0.694117647058824,0.803921568627451
63.21738266944885,0.0,0.05123151472665292,0.03,1,1,1,0.0,0.3333333333333333,0.15,-1,-1,-1,1.0,1.0,-1.0,0.0,-0.3333333333333333,0.15,-1,-1,-1,0.356862745098039,0.694117647058824,0.803921568627451
63.252243518829346,0.0,0.05007007681006006,0.03,1,1,1,0.0,0.3333333333333333,0.15,-1,-1,-1,1.0,1.0,-1.0,0.0,-0.3333333333333333,0.15,-1,-1,-1,0.356862745098039,0.694117647058824,0.803921568627451
63.29440498352051,0.0,0.0489086388934672,0.03,1,1,1,0.0,0.3333333333333333,0.15,-1,-1,-1,1.0,1.0,-1.0,0.0,-0.3333333333333333,0.15,-1,-1,-1,0.356862745098039,0.694117647058824,0.803921568627451
63.329339027404785,0.0,0.04774720097687434,0.03,1,1,1,0.0,0.3333333333333333,0.15,-1,-1,-1,1.0,1.0,-1.0,0.0,-0.3333333333333333,0.15,-1,-1,-1,0.356862745098039,0.694117647058824,0.803921568627451
63.36354446411133,0.0,0.04658576306028148,0.03,1,1,1,0.0,0.3333333333333333,0.15,-1,-1,-1,1.0,1.0,-1.0,0.0,-0.3333333333333333,0.15,-1,-1,-1,0.356862745098039,0.694117647058824,0.803921568627451
63.39795279502869,0.0,0.045424325143688625,0.03,1,1,1,0.0,0.3333333333333333,0.15,-1,-1,-1,1.0,1.0,-1.0,0.0,-0.3333333333333333,0.15,-1,-1,-1,0.356862745098039,0.694117647058824,0.803921568627451
63.433025598526,0.0,0.04426288722709577,0.03,1,1,1,0.0,0.3333333333333333,0.15,-1,-1,-1,1.0,1.0,-1.0,0.0,-0.3333333333333333,0.15,-1,-1,-1,0.356862745098039,0.694117647058824,0.803921568627451
63.4670946598053,0.0,0.04310144931050291,0.03,1,1,1,0.0,0.3333333333333333,0.15,-1,-1,-1,1.0,1.0,-1.0,0.0,-0.3333333333333333,0.15,-1,-1,-1,0.356862745098039,0.694117647058824,0.803921568627451
63.51179242134094,0.0,0.04194001139391005,0.03,1,1,1,0.0,0.3333333333333333,0.15,-1,-1,-1,1.0,1.0,-1.0,0.0,-0.3333333333333333,0.15,-1,-1,-1,0.356862745098039,0.694117647058824,0.803921568627451
63.54606032371521,0.0,0.04077857347731719,0.03,1,1,1,0.0,0.3333333333333333,0.15,-1,-1,-1,1.0,1.0,-1.0,0.0,-0.3333333333333333,0.15,-1,-1,-1,0.356862745098039,0.694117647058824,0.803921568627451
63.57879948616028,0.0,0.03961713556072433,0.03,1,1,1,0.0,0.3333333333333333,0.15,-1,-1,-1,1.0,1.0,-1.0,0.0,-0.3333333333333333,0.15,-1,-1,-1,0.356862745098039,0.694117647058824,0.803921568627451
63.61402082443237,0.0,0.039272530951541776,0.03,1,1,1,0.0,0.3333333333333333,0.15,-1,-1,-1,1.0,1.0,-1.0,0.0,-0.3333333333333333,0.15,-1,-1,-1,0.356862745098039,0.694117647058824,0.803921568627451
63.648512840270996,0.0,0.042195259572000425,0.03,1,1,1,0.0,0.3333333333333333,0.15,-1,-1,-1,1.0,1.0,-1.0,0.0,-0.3333333333333333,0.15,-1,-1,-1,0.356862745098039,0.694117647058824,0.803921568627451
63.68975210189819,0.0,0.045117988192459074,0.03,1,1,1,0.0,0.3333333333333333,0.15,-1,-1,-1,1.0,1.0,-1.0,0.0,-0.3333333333333333,0.15,-1,-1,-1,0.356862745098039,0.694117647058824,0.803921568627451
63.72478437423706,0.0,0.04804071681291772,0.03,1,1,1,0.0,0.3333333333333333,0.15,-1,-1,-1,1.0,1.0,-1.0,0.0,-0.3333333333333333,0.15,-1,-1,-1,0.356862745098039,0.694117647058824,0.803921568627451
63.75956320762634,0.0,0.05096344543337637,0.03,1,1,1,0.0,0.3333333333333333,0.15,-1,-1,-1,1.0,1.0,-1.0,0.0,-0.3333333333333333,0.15,-1,-1,-1,0.356862745098039,0.694117647058824,0.803921568627451
63.79414486885071,0.0,0.05388617405383502,0.03,1,1,1,0.0,0.3333333333333333,0.15,-1,-1,-1,1.0,1.0,-1.0,0.0,-0.3333333333333333,0.15,-1,-1,-1,0.356862745098039,0.694117647058824,0.803921568627451
63.82891583442688,0.0,0.05680890267429367,0.03,1,1,1,0.0,0.3333333333333333,0.15,-1,-1,-1,1.0,1.0,-1.0,0.0,-0.3333333333333333,0.15,-1,-1,-1,0.356862745098039,0.694117647058824,0.803921568627451
63.87064838409424,0.0,0.05973163129475232,0.03,1,1,1,0.0,0.3333333333333333,0.15,-1,-1,-1,1.0,1.0,-1.0,0.0,-0.3333333333333333,0.15,-1,-1,-1,0.356862745098039,0.694117647058824,0.803921568627451
63.90540814399719,0.0,0.06265435991521097,0.03,1,1,1,0.0,0.3333333333333333,0.15,-1,-1,-1,1.0,1.0,-1.0,0.0,-0.3333333333333333,0.15,-1,-1,-1,0.356862745098039,0.694117647058824,0.803921568627451
63.94002437591553,0.0,0.06557708853566965,0.03,1,1,1,0.0,0.3333333333333333,0.15,-1,-1,-1,1.0,1.0,-1.0,0.0,-0.3333333333333333,0.15,-1,-1,-1,0.356862745098039,0.694117647058824,0.803921568627451
63.979247093200684,0.0,0.06849981715612834,0.03,1,1,1,0.0,0.3333333333333333,0.15,-1,-1,-1,1.0,1.0,-1.0,0.0,-0.3333333333333333,0.15,-1,-1,-1,0.356862745098039,0.694117647058824,0.803921568627451
64.01339411735535,0.0,0.07142254577658702,0.03,1,1,1,0.0,0.3333333333333333,0.15,-1,-1,-1,1.0,1.0,-1.0,0.0,-0.3333333333333333,0.15,-1,-1,-1,0.356862745098039,0.694117647058824,0.803921568627451
64.048259973526,0.0,0.0743452743970457,0.03,1,1,1,0.0,0.3333333333333333,0.15,-1,-1,-1,1.0,1.0,-1.0,0.0,-0.3333333333333333,0.15,-1,-1,-1,0.356862745098039,0.694117647058824,0.803921568627451
64.08624863624573,0.0,0.07726800301750439,0.03,1,1,1,0.0,0.3333333333333333,0.15,-1,-1,-1,1.0,1.0,-1.0,0.0,-0.3333333333333333,0.15,-1,-1,-1,0.356862745098039,0.694117647058824,0.803921568627451
64.12068963050842,0.0,0.08019073163796307,0.03,1,1,1,0.0,0.3333333333333333,0.15,-1,-1,-1,1.0,1.0,-1.0,0.0,-0.3333333333333333,0.15,-1,-1,-1,0.356862745098039,0.694117647058824,0.803921568627451
64.15528869628906,0.0,0.08311346025842176,0.03,1,1,1,0.0,0.3333333333333333,0.15,-1,-1,-1,1.0,1.0,-1.0,0.0,-0.3333333333333333,0.15,-1,-1,-1,0.356862745098039,0.694117647058824,0.803921568627451
64.19029545783997,0.0,0.08603618887888044,0.03,1,1,1,0.0,0.3333333333333333,0.15,-1,-1,-1,1.0,1.0,-1.0,0.0,-0.3333333333333333,0.15,-1,-1,-1,0.356862745098039,0.694117647058824,0.803921568627451
64.22466492652893,0.0,0.08895891749933912,0.03,1,1,1,0.0,0.3333333333333333,0.15,-1,-1,-1,1.0,1.0,-1.0,0.0,-0.3333333333333333,0.15,-1,-1,-1,0.356862745098039,0.694117647058824,0.803921568627451
64.26719546318054,0.0,0.09188164611979781,0.03,1,1,1,0.0,0.3333333333333333,0.15,-1,-1,-1,1.0,1.0,-1.0,0.0,-0.3333333333333333,0.15,-1,-1,-1,0.356862745098039,0.694117647058824,0.803921568627451
64.30099415779114,0.0,0.09480437474025649,0.03,1,1,1,0.0,0.3333333333333333,0.15,-1,-1,-1,1.0,1.0,-1.0,0.0,-0.3333333333333333,0.15,-1,-1,-1,0.356862745098039,0.694117647058824,0.803921568627451
64.33621025085449,0.0,0.09772710336071518,0.03,1,1,1,0.0,0.3333333333333333,0.15,-1,-1,-1,1.0,1.0,-1.0,0.0,-0.3333333333333333,0.15,-1,-1,-1,0.356862745098039,0.694117647058824,0.803921568627451
64.37051057815552,0.0,0.10064983198117386,0.03,1,1,1,0.0,0.3333333333333333,0.15,-1,-1,-1,1.0,1.0,-1.0,0.0,-0.3333333333333333,0.15,-1,-1,-1,0.356862745098039,0.694117647058824,0.803921568627451
64.40567779541016,0.0,0.10357256060163254,0.03,1,1,1,0.0,0.3333333333333333,0.15,-1,-1,-1,1.0,1.0,-1.0,0.0,-0.3333333333333333,0.15,-1,-1,-1,0.356862745098039,0.694117647058824,0.803921568627451
64.44018959999084,0.0,0.10649528922209123,0.03,1,1,1,0.0,0.3333333333333333,0.15,-1,-1,-1,1.0,1.0,-1.0,0.0,-0.3333333333333333,0.15,-1,-1,-1,0.356862745098039,0.694117647058824,0.803921568627451
64.484210729599,0.0,0.10941801784254991,0.03,1,1,1,0.0,0.3333333333333333,0.15,-1,-1,-1,1.0,1.0,-1.0,0.0,-0.3333333333333333,0.15,-1,-1,-1,0.356862745098039,0.694117647058824,0.803921568627451
64.51685810089111,0.0,0.1123407464630086,0.03,1,1,1,0.0,0.3333333333333333,0.15,-1,-1,-1,1.0,1.0,-1.0,0.0,-0.3333333333333333,0.15,-1,-1,-1,0.356862745098039,0.694117647058824,0.803921568627451
64.55297017097473,0.0,0.11526347508346728,0.03,1,1,1,0.0,0.3333333333333333,0.15,-1,-1,-1,1.0,1.0,-1.0,0.0,-0.3333333333333333,0.15,-1,-1,-1,0.356862745098039,0.694117647058824,0.803921568627451
64.58792972564697,0.0,0.11818620370392596,0.03,1,1,1,0.0,0.3333333333333333,0.15,-1,-1,-1,1.0,1.0,-1.0,0.0,-0.3333333333333333,0.15,-1,-1,-1,0.356862745098039,0.694117647058824,0.803921568627451
64.62107181549072,0.0,0.12110893232438469,0.03,1,1,1,0.0,0.3333333333333333,0.15,-1,-1,-1,1.0,1.0,-1.0,0.0,-0.3333333333333333,0.15,-1,-1,-1,0.356862745098039,0.694117647058824,0.803921568627451
64.65752410888672,0.0,0.1240316609448434,0.03,1,1,1,0.0,0.3333333333333333,0.15,-1,-1,-1,1.0,1.0,-1.0,0.0,-0.3333333333333333,0.15,-1,-1,-1,0.356862745098039,0.694117647058824,0.803921568627451
64.70520091056824,0.0,0.12695438956530206,0.03,1,1,1,0.0,0.3333333333333333,0.15,-1,-1,-1,1.0,1.0,-1.0,0.0,-0.3333333333333333,0.15,-1,-1,-1,0.356862745098039,0.694117647058824,0.803921568627451
64.74702525138855,0.0,0.12987711818576067,0.03,1,1,1,0.0,0.3333333333333333,0.15,-1,-1,-1,1.0,1.0,-1.0,0.0,-0.3333333333333333,0.15,-1,-1,-1,0.356862745098039,0.694117647058824,0.803921568627451
64.78140497207642,0.0,0.13279984680621928,0.03,1,1,1,0.0,0.3333333333333333,0.15,-1,-1,-1,1.0,1.0,-1.0,0.0,-0.3333333333333333,0.15,-1,-1,-1,0.356862745098039,0.694117647058824,0.803921568627451
64.82037425041199,0.0,0.13485397114195907,0.03,1,1,1,0.0,0.3333333333333333,0.15,-1,-1,-1,1.0,1.0,-1.0,0.0,-0.3333333333333333,0.15,-1,-1,-1,0.356862745098039,0.694117647058824,0.803921568627451
64.85496163368225,0.0,0.13343367833882355,0.03,1,1,1,0.0,0.3333333333333333,0.15,-1,-1,-1,1.0,1.0,-1.0,0.0,-0.3333333333333333,0.15,-1,-1,-1,0.356862745098039,0.694117647058824,0.803921568627451
64.89006209373474,0.0,0.13201338553568803,0.03,1,1,1,0.0,0.3333333333333333,0.15,-1,-1,-1,1.0,1.0,-1.0,0.0,-0.3333333333333333,0.15,-1,-1,-1,0.356862745098039,0.694117647058824,0.803921568627451
64.92719197273254,0.0,0.1305930927325525,0.03,1,1,1,0.0,0.3333333333333333,0.15,-1,-1,-1,1.0,1.0,-1.0,0.0,-0.3333333333333333,0.15,-1,-1,-1,0.356862745098039,0.694117647058824,0.803921568627451
64.96872591972351,0.0,0.129172799929417,0.03,1,1,1,0.0,0.3333333333333333,0.15,-1,-1,-1,1.0,1.0,-1.0,0.0,-0.3333333333333333,0.15,-1,-1,-1,0.356862745098039,0.694117647058824,0.803921568627451
65.00352191925049,0.0,0.12775250712628147,0.03,1,1,1,0.0,0.3333333333333333,0.15,-1,-1,-1,1.0,1.0,-1.0,0.0,-0.3333333333333333,0.15,-1,-1,-1,0.356862745098039,0.694117647058824,0.803921568627451
65.03812074661255,0.0,0.12633221432314595,0.03,1,1,1,0.0,0.3333333333333333,0.15,-1,-1,-1,1.0,1.0,-1.0,0.0,-0.3333333333333333,0.15,-1,-1,-1,0.356862745098039,0.694117647058824,0.803921568627451
65.0727105140686,0.0,0.12491192152001045,0.03,1,1,1,0.0,0.3333333333333333,0.15,-1,-1,-1,1.0,1.0,-1.0,0.0,-0.3333333333333333,0.15,-1,-1,-1,0.356862745098039,0.694117647058824,0.803921568627451
65.11433982849121,0.0,0.12349162871687501,0.03,1,1,1,0.0,0.3333333333333333,0.15,-1,-1,-1,1.0,1.0,-1.0,0.0,-0.3333333333333333,0.15,-1,-1,-1,0.356862745098039,0.694117647058824,0.803921568627451
65.15801858901978,0.0,0.12207133591373957,0.03,1,1,1,0.0,0.3333333333333333,0.15,-1,-1,-1,1.0,1.0,-1.0,0.0,-0.3333333333333333,0.15,-1,-1,-1,0.356862745098039,0.694117647058824,0.803921568627451
65.19078135490417,0.0,0.12065104311060414,0.03,1,1,1,0.0,0.3333333333333333,0.15,-1,-1,-1,1.0,1.0,-1.0,0.0,-0.3333333333333333,0.15,-1,-1,-1,0.356862745098039,0.694117647058824,0.803921568627451
65.225839138031,0.0,0.1192307503074687,0.03,1,1,1,0.0,0.3333333333333333,0.15,-1,-1,-1,1.0,1.0,-1.0,0.0,-0.3333333333333333,0.15,-1,-1,-1,0.356862745098039,0.694117647058824,0.803921568627451
65.26051473617554,0.0,0.11781045750433324,0.03,1,1,1,0.0,0.3333333333333333,0.15,-1,-1,-1,1.0,1.0,-1.0,0.0,-0.3333333333333333,0.15,-1,-1,-1,0.356862745098039,0.694117647058824,0.803921568627451
65.30898547172546,0.0,0.11639016470119778,0.03,1,1,1,0.0,0.3333333333333333,0.15,-1,-1,-1,1.0,1.0,-1.0,0.0,-0.3333333333333333,0.15,-1,-1,-1,0.356862745098039,0.694117647058824,0.803921568627451
65.34999251365662,0.0,0.11496987189806233,0.03,1,1,1,0.0,0.3333333333333333,0.15,-1,-1,-1,1.0,1.0,-1.0,0.0,-0.3333333333333333,0.15,-1,-1,-1,0.356862745098039,0.694117647058824,0.803921568627451
65.38450956344604,0.0,0.11354957909492688,0.03,1,1,1,0.0,0.3333333333333333,0.15,-1,-1,-1,1.0,1.0,-1.0,0.0,-0.3333333333333333,0.15,-1,-1,-1,0.356862745098039,0.694117647058824,0.803921568627451
65.42449164390564,0.0,0.11212928629179143,0.03,1,1,1,0.0,0.3333333333333333,0.15,-1,-1,-1,1.0,1.0,-1.0,0.0,-0.3333333333333333,0.15,-1,-1,-1,0.356862745098039,0.694117647058824,0.803921568627451
65.45878624916077,0.0,0.11070899348865598,0.03,1,1,1,0.0,0.3333333333333333,0.15,-1,-1,-1,1.0,1.0,-1.0,0.0,-0.3333333333333333,0.15,-1,-1,-1,0.356862745098039,0.694117647058824,0.803921568627451
65.49506711959839,0.0,0.10928870068552053,0.03,1,1,1,0.0,0.3333333333333333,0.15,-1,-1,-1,1.0,1.0,-1.0,0.0,-0.3333333333333333,0.15,-1,-1,-1,0.356862745098039,0.694117647058824,0.803921568627451
65.52989768981934,0.0,0.10786840788238508,0.03,1,1,1,0.0,0.3333333333333333,0.15,-1,-1,-1,1.0,1.0,-1.0,0.0,-0.3333333333333333,0.15,-1,-1,-1,0.356862745098039,0.694117647058824,0.803921568627451
65.56458473205566,0.0,0.10644811507924963,0.03,1,1,1,0.0,0.3333333333333333,0.15,-1,-1,-1,1.0,1.0,-1.0,0.0,-0.3333333333333333,0.15,-1,-1,-1,0.356862745098039,0.694117647058824,0.803921568627451
65.59917163848877,0.0,0.10502782227611418,0.03,1,1,1,0.0,0.3333333333333333,0.15,-1,-1,-1,1.0,1.0,-1.0,0.0,-0.3333333333333333,0.15,-1,-1,-1,0.356862745098039,0.694117647058824,0.803921568627451
65.63380455970764,0.0,0.10360752947297873,0.03,1,1,1,0.0,0.3333333333333333,0.15,-1,-1,-1,1.0,1.0,-1.0,0.0,-0.3333333333333333,0.15,-1,-1,-1,0.356862745098039,0.694117647058824,0.803921568627451
65.6756911277771,0.0,0.10218723666984328,0.03,1,1,1,0.0,0.3333333333333333,0.15,-1,-1,-1,1.0,1.0,-1.0,0.0,-0.3333333333333333,0.15,-1,-1,-1,0.356862745098039,0.694117647058824,0.803921568627451
65.71022129058838,0.0,0.10076694386670783,0.03,1,1,1,0.0,0.3333333333333333,0.15,-1,-1,-1,1.0,1.0,-1.0,0.0,-0.3333333333333333,0.15,-1,-1,-1,0.356862745098039,0.694117647058824,0.803921568627451
65.74487662315369,0.0,0.09934665106357238,0.03,1,1,1,0.0,0.3333333333333333,0.15,-1,-1,-1,1.0,1.0,-1.0,0.0,-0.3333333333333333,0.15,-1,-1,-1,0.356862745098039,0.694117647058824,0.803921568627451
65.77977395057678,0.0,0.09792635826043693,0.03,1,1,1,0.0,0.3333333333333333,0.15,-1,-1,-1,1.0,1.0,-1.0,0.0,-0.3333333333333333,0.15,-1,-1,-1,0.356862745098039,0.694117647058824,0.803921568627451
65.8140172958374,0.0,0.09650606545730148,0.03,1,1,1,0.0,0.3333333333333333,0.15,-1,-1,-1,1.0,1.0,-1.0,0.0,-0.3333333333333333,0.15,-1,-1,-1,0.356862745098039,0.694117647058824,0.803921568627451
65.84915661811829,0.0,0.09508577265416603,0.03,1,1,1,0.0,0.3333333333333333,0.15,-1,-1,-1,1.0,1.0,-1.0,0.0,-0.3333333333333333,0.15,-1,-1,-1,0.356862745098039,0.694117647058824,0.803921568627451
65.8938639163971,0.0,0.09366547985103058,0.03,1,1,1,0.0,0.3333333333333333,0.15,-1,-1,-1,1.0,1.0,-1.0,0.0,-0.3333333333333333,0.15,-1,-1,-1,0.356862745098039,0.694117647058824,0.803921568627451
65.92699909210205,0.0,0.09224518704789512,0.03,1,1,1,0.0,0.3333333333333333,0.15,-1,-1,-1,1.0,1.0,-1.0,0.0,-0.3333333333333333,0.15,-1,-1,-1,0.356862745098039,0.694117647058824,0.803921568627451
65.96059346199036,0.0,0.09082489424475967,0.03,1,1,1,0.0,0.3333333333333333,0.15,-1,-1,-1,1.0,1.0,-1.0,0.0,-0.3333333333333333,0.15,-1,-1,-1,0.356862745098039,0.694117647058824,0.803921568627451
65.99467206001282,0.0,0.08940460144162422,0.03,1,1,1,0.0,0.3333333333333333,0.15,-1,-1,-1,1.0,1.0,-1.0,0.0,-0.3333333333333333,0.15,-1,-1,-1,0.356862745098039,0.694117647058824,0.803921568627451
66.02991914749146,0.0,0.08985381422820093,0.03,1,1,1,0.0,0.3333333333333333,0.15,-1,-1,-1,1.0,1.0,-1.0,0.0,-0.3333333333333333,0.15,-1,-1,-1,0.356862745098039,0.694117647058824,0.803921568627451
66.06442499160767,0.0,0.09310728539934589,0.03,1,1,1,0.0,0.3333333333333333,0.15,-1,-1,-1,1.0,1.0,-1.0,0.0,-0.3333333333333333,0.15,-1,-1,-1,0.356862745098039,0.694117647058824,0.803921568627451
66.11365342140198,0.0,0.09636075657049084,0.03,1,1,1,0.0,0.3333333333333333,0.15,-1,-1,-1,1.0,1.0,-1.0,0.0,-0.3333333333333333,0.15,-1,-1,-1,0.356862745098039,0.694117647058824,0.803921568627451
66.14812350273132,0.0,0.0996142277416358,0.03,1,1,1,0.0,0.3333333333333333,0.15,-1,-1,-1,1.0,1.0,-1.0,0.0,-0.3333333333333333,0.15,-1,-1,-1,0.356862745098039,0.694117647058824,0.803921568627451
66.18212103843689,0.0,0.10286769891278075,0.03,1,1,1,0.0,0.3333333333333333,0.15,-1,-1,-1,1.0,1.0,-1.0,0.0,-0.3333333333333333,0.15,-1,-1,-1,0.356862745098039,0.694117647058824,0.803921568627451
66.21730732917786,0.0,0.1061211700839257,0.03,1,1,1,0.0,0.3333333333333333,0.15,-1,-1,-1,1.0,1.0,-1.0,0.0,-0.3333333333333333,0.15,-1,-1,-1,0.356862745098039,0.694117647058824,0.803921568627451
66.25221872329712,0.0,0.10937464125507065,0.03,1,1,1,0.0,0.3333333333333333,0.15,-1,-1,-1,1.0,1.0,-1.0,0.0,-0.3333333333333333,0.15,-1,-1,-1,0.356862745098039,0.694117647058824,0.803921568627451
66.28689861297607,0.0,0.1126281124262156,0.03,1,1,1,0.0,0.3333333333333333,0.15,-1,-1,-1,1.0,1.0,-1.0,0.0,-0.3333333333333333,0.15,-1,-1,-1,0.356862745098039,0.694117647058824,0.803921568627451
66.3214066028595,0.0,0.11588158359736056,0.03,1,1,1,0.0,0.3333333333333333,0.15,-1,-1,-1,1.0,1.0,-1.0,0.0,-0.3333333333333333,0.15,-1,-1,-1,0.356862745098039,0.694117647058824,0.803921568627451
66.3562970161438,0.0,0.11913505476850551,0.03,1,1,1,0.0,0.3333333333333333,0.15,-1,-1,-1,1.0,1.0,-1.0,0.0,-0.3333333333333333,0.15,-1,-1,-1,0.356862745098039,0.694117647058824,0.803921568627451
66.39468193054199,0.0,0.12238852593965045,0.03,1,1,1,0.0,0.3333333333333333,0.15,-1,-1,-1,1.0,1.0,-1.0,0.0,-0.3333333333333333,0.15,-1,-1,-1,0.356862745098039,0.694117647058824,0.803921568627451
66.42935514450073,0.0,0.1256419971107954,0.03,1,1,1,0.0,0.3333333333333333,0.15,-1,-1,-1,1.0,1.0,-1.0,0.0,-0.3333333333333333,0.15,-1,-1,-1,0.356862745098039,0.694117647058824,0.803921568627451
66.46444582939148,0.0,0.12889546828194043,0.03,1,1,1,0.0,0.3333333333333333,0.15,-1,-1,-1,1.0,1.0,-1.0,0.0,-0.3333333333333333,0.15,-1,-1,-1,0.356862745098039,0.694117647058824,0.803921568627451
66.50178694725037,0.0,0.13214893945308545,0.03,1,1,1,0.0,0.3333333333333333,0.15,-1,-1,-1,1.0,1.0,-1.0,0.0,-0.3333333333333333,0.15,-1,-1,-1,0.356862745098039,0.694117647058824,0.803921568627451
66.53652620315552,0.0,0.13540241062423047,0.03,1,1,1,0.0,0.3333333333333333,0.15,-1,-1,-1,1.0,1.0,-1.0,0.0,-0.3333333333333333,0.15,-1,-1,-1,0.356862745098039,0.694117647058824,0.803921568627451
66.571049451828,0.0,0.1386558817953755,0.03,1,1,1,0.0,0.3333333333333333,0.15,-1,-1,-1,1.0,1.0,-1.0,0.0,-0.3333333333333333,0.15,-1,-1,-1,0.356862745098039,0.694117647058824,0.803921568627451
66.60580325126648,0.0,0.14190935296652052,0.03,1,1,1,0.0,0.3333333333333333,0.15,-1,-1,-1,1.0,1.0,-1.0,0.0,-0.3333333333333333,0.15,-1,-1,-1,0.356862745098039,0.694117647058824,0.803921568627451
66.64084219932556,0.0,0.14516282413766554,0.03,1,1,1,0.0,0.3333333333333333,0.15,-1,-1,-1,1.0,1.0,-1.0,0.0,-0.3333333333333333,0.15,-1,-1,-1,0.356862745098039,0.694117647058824,0.803921568627451
66.67561316490173,0.0,0.14841629530881056,0.03,1,1,1,0.0,0.3333333333333333,0.15,-1,-1,-1,1.0,1.0,-1.0,0.0,-0.3333333333333333,0.15,-1,-1,-1,0.356862745098039,0.694117647058824,0.803921568627451
66.71082854270935,0.0,0.1516697664799556,0.03,1,1,1,0.0,0.3333333333333333,0.15,-1,-1,-1,1.0,1.0,-1.0,0.0,-0.3333333333333333,0.15,-1,-1,-1,0.356862745098039,0.694117647058824,0.803921568627451
66.74526190757751,0.0,0.1549232376511006,0.03,1,1,1,0.0,0.3333333333333333,0.15,-1,-1,-1,1.0,1.0,-1.0,0.0,-0.3333333333333333,0.15,-1,-1,-1,0.356862745098039,0.694117647058824,0.803921568627451
66.7794439792633,0.0,0.15817670882224563,0.03,1,1,1,0.0,0.3333333333333333,0.15,-1,-1,-1,1.0,1.0,-1.0,0.0,-0.3333333333333333,0.15,-1,-1,-1,0.356862745098039,0.694117647058824,0.803921568627451
66.81469178199768,0.0,0.16143017999339065,0.03,1,1,1,0.0,0.3333333333333333,0.15,-1,-1,-1,1.0,1.0,-1.0,0.0,-0.3333333333333333,0.15,-1,-1,-1,0.356862745098039,0.694117647058824,0.803921568627451
66.85617184638977,0.0,0.16468365116453568,0.03,1,1,1,0.0,0.3333333333333333,0.15,-1,-1,-1,1.0,1.0,-1.0,0.0,-0.3333333333333333,0.15,-1,-1,-1,0.356862745098039,0.694117647058824,0.803921568627451
66.89967584609985,0.0,0.1679371223356807,0.03,1,1,1,0.0,0.3333333333333333,0.15,-1,-1,-1,1.0,1.0,-1.0,0.0,-0.3333333333333333,0.15,-1,-1,-1,0.356862745098039,0.694117647058824,0.803921568627451
66.93261075019836,0.0,0.17119059350682572,0.03,1,1,1,0.0,0.3333333333333333,0.15,-1,-1,-1,1.0,1.0,-1.0,0.0,-0.3333333333333333,0.15,-1,-1,-1,0.356862745098039,0.694117647058824,0.803921568627451
66.96759867668152,0.0,0.17444406467797074,0.03,1,1,1,0.0,0.3333333333333333,0.15,-1,-1,-1,1.0,1.0,-1.0,0.0,-0.3333333333333333,0.15,-1,-1,-1,0.356862745098039,0.694117647058824,0.803921568627451
67.00212049484253,0.0,0.17769753584911577,0.03,1,1,1,0.0,0.3333333333333333,0.15,-1,-1,-1,1.0,1.0,-1.0,0.0,-0.3333333333333333,0.15,-1,-1,-1,0.356862745098039,0.694117647058824,0.803921568627451
67.03692579269409,0.0,0.1809510070202608,0.03,1,1,1,0.0,0.3333333333333333,0.15,-1,-1,-1,1.0,1.0,-1.0,0.0,-0.3333333333333333,0.15,-1,-1,-1,0.356862745098039,0.694117647058824,0.803921568627451
67.07838749885559,0.0,0.1842044781914058,0.03,1,1,1,0.0,0.3333333333333333,0.15,-1,-1,-1,1.0,1.0,-1.0,0.0,-0.3333333333333333,0.15,-1,-1,-1,0.356862745098039,0.694117647058824,0.803921568627451
67.1134672164917,0.0,0.18745794936255084,0.03,1,1,1,0.0,0.3333333333333333,0.15,-1,-1,-1,1.0,1.0,-1.0,0.0,-0.3333333333333333,0.15,-1,-1,-1,0.356862745098039,0.694117647058824,0.803921568627451
67.14806604385376,0.0,0.19071142053369586,0.03,1,1,1,0.0,0.3333333333333333,0.15,-1,-1,-1,1.0,1.0,-1.0,0.0,-0.3333333333333333,0.15,-1,-1,-1,0.356862745098039,0.694117647058824,0.803921568627451
67.18269085884094,0.0,0.19396489170484088,0.03,1,1,1,0.0,0.3333333333333333,0.15,-1,-1,-1,1.0,1.0,-1.0,0.0,-0.3333333333333333,0.15,-1,-1,-1,0.356862745098039,0.694117647058824,0.803921568627451
67.22447443008423,0.0,0.195972317065089,0.03,1,1,1,0.0,0.3333333333333333,0.15,-1,-1,-1,1.0,1.0,-1.0,0.0,-0.3333333333333333,0.15,-1,-1,-1,0.356862745098039,0.694117647058824,0.803921568627451
67.25899815559387,0.0,0.1929955591817495,0.03,1,1,1,0.0,0.3333333333333333,0.15,-1,-1,-1,1.0,1.0,-1.0,0.0,-0.3333333333333333,0.15,-1,-1,-1,0.356862745098039,0.694117647058824,0.803921568627451
67.29330325126648,0.0,0.19001880129840998,0.03,1,1,1,0.0,0.3333333333333333,0.15,-1,-1,-1,1.0,1.0,-1.0,0.0,-0.3333333333333333,0.15,-1,-1,-1,0.356862745098039,0.694117647058824,0.803921568627451
67.33343815803528,0.0,0.18704204341507047,0.03,1,1,1,0.0,0.3333333333333333,0.15,-1,-1,-1,1.0,1.0,-1.0,0.0,-0.3333333333333333,0.15,-1,-1,-1,0.356862745098039,0.694117647058824,0.803921568627451
67.36679601669312,0.0,0.18406528553173096,0.03,1,1,1,0.0,0.3333333333333333,0.15,-1,-1,-1,1.0,1.0,-1.0,0.0,-0.3333333333333333,0.15,-1,-1,-1,0.356862745098039,0.694117647058824,0.803921568627451
67.40138578414917,0.0,0.18108852764839145,0.03,1,1,1,0.0,0.3333333333333333,0.15,-1,-1,-1,1.0,1.0,-1.0,0.0,-0.3333333333333333,0.15,-1,-1,-1,0.356862745098039,0.694117647058824,0.803921568627451
67.44010877609253,0.0,0.17811176976505194,0.03,1,1,1,0.0,0.3333333333333333,0.15,-1,-1,-1,1.0,1.0,-1.0,0.0,-0.3333333333333333,0.15,-1,-1,-1,0.356862745098039,0.694117647058824,0.803921568627451
67.47499132156372,0.0,0.17513501188171243,0.03,1,1,1,0.0,0.3333333333333333,0.15,-1,-1,-1,1.0,1.0,-1.0,0.0,-0.3333333333333333,0.15,-1,-1,-1,0.356862745098039,0.694117647058824,0.803921568627451
67.50980591773987,0.0,0.17215825399837292,0.03,1,1,1,0.0,0.3333333333333333,0.15,-1,-1,-1,1.0,1.0,-1.0,0.0,-0.3333333333333333,0.15,-1,-1,-1,0.356862745098039,0.694117647058824,0.803921568627451
67.54509854316711,0.0,0.16918149611503341,0.03,1,1,1,0.0,0.3333333333333333,0.15,-1,-1,-1,1.0,1.0,-1.0,0.0,-0.3333333333333333,0.15,-1,-1,-1,0.356862745098039,0.694117647058824,0.803921568627451
67.57916569709778,0.0,0.1662047382316939,0.03,1,1,1,0.0,0.3333333333333333,0.15,-1,-1,-1,1.0,1.0,-1.0,0.0,-0.3333333333333333,0.15,-1,-1,-1,0.356862745098039,0.694117647058824,0.803921568627451
67.62093663215637,0.0,0.1632279803483544,0.03,1,1,1,0.0,0.3333333333333333,0.15,-1,-1,-1,1.0,1.0,-1.0,0.0,-0.3333333333333333,0.15,-1,-1,-1,0.356862745098039,0.694117647058824,0.803921568627451
67.6625349521637,0.0,0.1602512224650149,0.03,1,1,1,0.0,0.3333333333333333,0.15,-1,-1,-1,1.0,1.0,-1.0,0.0,-0.3333333333333333,0.15,-1,-1,-1,0.356862745098039,0.694117647058824,0.803921568627451
67.69723224639893,0.0,0.15727446458167538,0.03,1,1,1,0.0,0.3333333333333333,0.15,-1,-1,-1,1.0,1.0,-1.0,0.0,-0.3333333333333333,0.15,-1,-1,-1,0.356862745098039,0.694117647058824,0.803921568627451
67.73704552650452,0.0,0.15429770669833587,0.03,1,1,1,0.0,0.3333333333333333,0.15,-1,-1,-1,1.0,1.0,-1.0,0.0,-0.3333333333333333,0.15,-1,-1,-1,0.356862745098039,0.694117647058824,0.803921568627451
67.77122354507446,0.0,0.15132094881499636,0.03,1,1,1,0.0,0.3333333333333333,0.15,-1,-1,-1,1.0,1.0,-1.0,0.0,-0.3333333333333333,0.15,-1,-1,-1,0.356862745098039,0.694117647058824,0.803921568627451
67.80625987052917,0.0,0.14834419093165685,0.03,1,1,1,0.0,0.3333333333333333,0.15,-1,-1,-1,1.0,1.0,-1.0,0.0,-0.3333333333333333,0.15,-1,-1,-1,0.356862745098039,0.694117647058824,0.803921568627451
67.84389185905457,0.0,0.14536743304831734,0.03,1,1,1,0.0,0.3333333333333333,0.15,-1,-1,-1,1.0,1.0,-1.0,0.0,-0.3333333333333333,0.15,-1,-1,-1,0.356862745098039,0.694117647058824,0.803921568627451
67.88530278205872,0.0,0.14239067516497783,0.03,1,1,1,0.0,0.3333333333333333,0.15,-1,-1,-1,1.0,1.0,-1.0,0.0,-0.3333333333333333,0.15,-1,-1,-1,0.356862745098039,0.694117647058824,0.803921568627451
67.91993594169617,0.0,0.13941391728163832,0.03,1,1,1,0.0,0.3333333333333333,0.15,-1,-1,-1,1.0,1.0,-1.0,0.0,-0.3333333333333333,0.15,-1,-1,-1,0.356862745098039,0.694117647058824,0.803921568627451
67.95499753952026,0.0,0.1364371593982988,0.03,1,1,1,0.0,0.3333333333333333,0.15,-1,-1,-1,1.0,1.0,-1.0,0.0,-0.3333333333333333,0.15,-1,-1,-1,0.356862745098039,0.694117647058824,0.803921568627451
67.99634432792664,0.0,0.1334604015149593,0.03,1,1,1,0.0,0.3333333333333333,0.15,-1,-1,-1,1.0,1.0,-1.0,0.0,-0.3333333333333333,0.15,-1,-1,-1,0.356862745098039,0.694117647058824,0.803921568627451
68.04062104225159,0.0,0.1304836436316198,0.03,1,1,1,0.0,0.3333333333333333,0.15,-1,-1,-1,1.0,1.0,-1.0,0.0,-0.3333333333333333,0.15,-1,-1,-1,0.356862745098039,0.694117647058824,0.803921568627451
68.07974910736084,0.0,0.12750688574828029,0.03,1,1,1,0.0,0.3333333333333333,0.15,-1,-1,-1,1.0,1.0,-1.0,0.0,-0.3333333333333333,0.15,-1,-1,-1,0.356862745098039,0.694117647058824,0.803921568627451
68.11409902572632,0.0,0.12453012786494079,0.03,1,1,1,0.0,0.3333333333333333,0.15,-1,-1,-1,1.0,1.0,-1.0,0.0,-0.3333333333333333,0.15,-1,-1,-1,0.356862745098039,0.694117647058824,0.803921568627451
68.14893841743469,0.0,0.12155336998160125,0.03,1,1,1,0.0,0.3333333333333333,0.15,-1,-1,-1,1.0,1.0,-1.0,0.0,-0.3333333333333333,0.15,-1,-1,-1,0.356862745098039,0.694117647058824,0.803921568627451
68.19097232818604,0.0,0.11857661209826176,0.03,1,1,1,0.0,0.3333333333333333,0.15,-1,-1,-1,1.0,1.0,-1.0,0.0,-0.3333333333333333,0.15,-1,-1,-1,0.356862745098039,0.694117647058824,0.803921568627451
68.2323408126831,0.0,0.11559985421492225,0.03,1,1,1,0.0,0.3333333333333333,0.15,-1,-1,-1,1.0,1.0,-1.0,0.0,-0.3333333333333333,0.15,-1,-1,-1,0.356862745098039,0.694117647058824,0.803921568627451
68.27572536468506,0.0,0.11262309633158274,0.03,1,1,1,0.0,0.3333333333333333,0.15,-1,-1,-1,1.0,1.0,-1.0,0.0,-0.3333333333333333,0.15,-1,-1,-1,0.356862745098039,0.694117647058824,0.803921568627451
68.30917167663574,0.0,0.10964633844824323,0.03,1,1,1,0.0,0.3333333333333333,0.15,-1,-1,-1,1.0,1.0,-1.0,0.0,-0.3333333333333333,0.15,-1,-1,-1,0.356862745098039,0.694117647058824,0.803921568627451
68.34528112411499,0.0,0.10666958056490372,0.03,1,1,1,0.0,0.3333333333333333,0.15,-1,-1,-1,1.0,1.0,-1.0,0.0,-0.3333333333333333,0.15,-1,-1,-1,0.356862745098039,0.694117647058824,0.803921568627451
68.37940120697021,0.0,0.10369282268156421,0.03,1,1,1,0.0,0.3333333333333333,0.15,-1,-1,-1,1.0,1.0,-1.0,0.0,-0.3333333333333333,0.15,-1,-1,-1,0.356862745098039,0.694117647058824,0.803921568627451
68.41340494155884,0.0,0.1007160647982247,0.03,1,1,1,0.0,0.3333333333333333,0.15,-1,-1,-1,1.0,1.0,-1.0,0.0,-0.3333333333333333,0.15,-1,-1,-1,0.356862745098039,0.694117647058824,0.803921568627451
68.46214818954468,0.0,0.09691179485525692,0.03,1,1,1,0.0,0.3333333333333333,0.15,-1,-1,-1,1.0,1.0,-1.0,0.0,-0.3333333333333333,0.15,-1,-1,-1,0.356862745098039,0.694117647058824,0.803921568627451
68.49597430229187,0.0,0.09290064689738206,0.03,1,1,1,0.0,0.3333333333333333,0.15,-1,-1,-1,1.0,1.0,-1.0,0.0,-0.3333333333333333,0.15,-1,-1,-1,0.356862745098039,0.694117647058824,0.803921568627451
68.53063869476318,0.0,0.0888894989395072,0.03,1,1,1,0.0,0.3333333333333333,0.15,-1,-1,-1,1.0,1.0,-1.0,0.0,-0.3333333333333333,0.15,-1,-1,-1,0.356862745098039,0.694117647058824,0.803921568627451
68.56528377532959,0.0,0.08487835098163235,0.03,1,1,1,0.0,0.3333333333333333,0.15,-1,-1,-1,1.0,1.0,-1.0,0.0,-0.3333333333333333,0.15,-1,-1,-1,0.356862745098039,0.694117647058824,0.803921568627451
68.59994101524353,0.0,0.0808672030237575,0.03,1,1,1,0.0,0.3333333333333333,0.15,-1,-1,-1,1.0,1.0,-1.0,0.0,-0.3333333333333333,0.15,-1,-1,-1,0.356862745098039,0.694117647058824,0.803921568627451
68.64347553253174,0.0,0.07685605506588264,0.03,1,1,1,0.0,0.3333333333333333,0.15,-1,-1,-1,1.0,1.0,-1.0,0.0,-0.3333333333333333,0.15,-1,-1,-1,0.356862745098039,0.694117647058824,0.803921568627451
68.67517137527466,0.0,0.07284490710800778,0.03,1,1,1,0.0,0.3333333333333333,0.15,-1,-1,-1,1.0,1.0,-1.0,0.0,-0.3333333333333333,0.15,-1,-1,-1,0.356862745098039,0.694117647058824,0.803921568627451
68.71146130561829,0.0,0.06883375915013293,0.03,1,1,1,0.0,0.3333333333333333,0.15,-1,-1,-1,1.0,1.0,-1.0,0.0,-0.3333333333333333,0.15,-1,-1,-1,0.356862745098039,0.694117647058824,0.803921568627451
68.74586820602417,0.0,0.06482261119225807,0.03,1,1,1,0.0,0.3333333333333333,0.15,-1,-1,-1,1.0,1.0,-1.0,0.0,-0.3333333333333333,0.15,-1,-1,-1,0.356862745098039,0.694117647058824,0.803921568627451
68.77972340583801,0.0,0.06081146323438323,0.03,1,1,1,0.0,0.3333333333333333,0.15,-1,-1,-1,1.0,1.0,-1.0,0.0,-0.3333333333333333,0.15,-1,-1,-1,0.356862745098039,0.694117647058824,0.803921568627451
68.82187223434448,0.0,0.056800315276508376,0.03,1,1,1,0.0,0.3333333333333333,0.15,-1,-1,-1,1.0,1.0,-1.0,0.0,-0.3333333333333333,0.15,-1,-1,-1,0.356862745098039,0.694117647058824,0.803921568627451
68.85672116279602,0.0,0.05278916731863352,0.03,1,1,1,0.0,0.3333333333333333,0.15,-1,-1,-1,1.0,1.0,-1.0,0.0,-0.3333333333333333,0.15,-1,-1,-1,0.356862745098039,0.694117647058824,0.803921568627451
68.89152240753174,0.0,0.048778019360758665,0.03,1,1,1,0.0,0.3333333333333333,0.15,-1,-1,-1,1.0,1.0,-1.0,0.0,-0.3333333333333333,0.15,-1,-1,-1,0.356862745098039,0.694117647058824,0.803921568627451
68.92628383636475,0.0,0.04476687140288381,0.03,1,1,1,0.0,0.3333333333333333,0.15,-1,-1,-1,1.0,1.0,-1.0,0.0,-0.3333333333333333,0.15,-1,-1,-1,0.356862745098039,0.694117647058824,0.803921568627451
68.96084094047546,0.0,0.040755723445008954,0.03,1,1,1,0.0,0.3333333333333333,0.15,-1,-1,-1,1.0,1.0,-1.0,0.0,-0.3333333333333333,0.15,-1,-1,-1,0.356862745098039,0.694117647058824,0.803921568627451
69.00282216072083,0.0,0.0367445754871341,0.03,1,1,1,0.0,0.3333333333333333,0.15,-1,-1,-1,1.0,1.0,-1.0,0.0,-0.3333333333333333,0.15,-1,-1,-1,0.356862745098039,0.694117647058824,0.803921568627451
69.04529333114624,0.0,0.03273342752925924,0.03,1,1,1,0.0,0.3333333333333333,0.15,-1,-1,-1,1.0,1.0,-1.0,0.0,-0.3333333333333333,0.15,-1,-1,-1,0.356862745098039,0.694117647058824,0.803921568627451
69.07871413230896,0.0,0.02872227957138439,0.03,1,1,1,0.0,0.3333333333333333,0.15,-1,-1,-1,1.0,1.0,-1.0,0.0,-0.3333333333333333,0.15,-1,-1,-1,0.356862745098039,0.694117647058824,0.803921568627451
69.11368727684021,0.0,0.024711131613509536,0.03,1,1,1,0.0,0.3333333333333333,0.15,-1,-1,-1,1.0,1.0,-1.0,0.0,-0.3333333333333333,0.15,-1,-1,-1,0.356862745098039,0.694117647058824,0.803921568627451
69.14855432510376,0.0,0.02069998365563468,0.03,1,1,1,0.0,0.3333333333333333,0.15,-1,-1,-1,1.0,1.0,-1.0,0.0,-0.3333333333333333,0.15,-1,-1,-1,0.356862745098039,0.694117647058824,0.803921568627451
69.18361449241638,0.0,0.016688835697759825,0.03,1,1,1,0.0,0.3333333333333333,0.15,-1,-1,-1,1.0,1.0,-1.0,0.0,-0.3333333333333333,0.15,-1,-1,-1,0.356862745098039,0.694117647058824,0.803921568627451
69.22502398490906,0.0,0.012677687739884962,0.03,1,1,1,0.0,0.3333333333333333,0.15,-1,-1,-1,1.0,1.0,-1.0,0.0,-0.3333333333333333,0.15,-1,-1,-1,0.356862745098039,0.694117647058824,0.803921568627451
69.259836435318,0.0,0.008666539782010098,0.03,1,1,1,0.0,0.3333333333333333,0.15,-1,-1,-1,1.0,1.0,-1.0,0.0,-0.3333333333333333,0.15,-1,-1,-1,0.356862745098039,0.694117647058824,0.803921568627451
69.2942590713501,0.0,0.0046553918241352375,0.03,1,1,1,0.0,0.3333333333333333,0.15,-1,-1,-1,1.0,1.0,-1.0,0.0,-0.3333333333333333,0.15,-1,-1,-1,0.356862745098039,0.694117647058824,0.803921568627451
69.32898616790771,0.0,0.0006442438662603757,0.03,1,1,1,0.0,0.3333333333333333,0.15,-1,-1,-1,1.0,1.0,-1.0,0.0,-0.3333333333333333,0.15,-1,-1,-1,0.356862745098039,0.694117647058824,0.803921568627451
69.36355519294739,0.0,-0.003366904091614486,0.03,1,1,1,0.0,0.3333333333333333,0.15,-1,-1,-1,1.0,1.0,-1.0,0.0,-0.3333333333333333,0.15,-1,-1,-1,0.356862745098039,0.694117647058824,0.803921568627451
69.4055564403534,0.0,-0.007378052049489346,0.03,1,1,1,0.0,0.3333333333333333,0.15,-1,-1,-1,1.0,1.0,-1.0,0.0,-0.3333333333333333,0.15,-1,-1,-1,0.356862745098039,0.694117647058824,0.803921568627451
69.44025778770447,0.0,-0.01138920000736421,0.03,1,1,1,0.0,0.3333333333333333,0.15,-1,-1,-1,1.0,1.0,-1.0,0.0,-0.3333333333333333,0.15,-1,-1,-1,0.356862745098039,0.694117647058824,0.803921568627451
69.47496795654297,0.0,-0.015400347965239073,0.03,1,1,1,0.0,0.3333333333333333,0.15,-1,-1,-1,1.0,1.0,-1.0,0.0,-0.3333333333333333,0.15,-1,-1,-1,0.356862745098039,0.694117647058824,0.803921568627451
69.51372385025024,0.0,-0.01941149592311393,0.03,1,1,1,0.0,0.3333333333333333,0.15,-1,-1,-1,1.0,1.0,-1.0,0.0,-0.3333333333333333,0.15,-1,-1,-1,0.356862745098039,0.694117647058824,0.803921568627451
69.54807758331299,0.0,-0.023422643880988785,0.03,1,1,1,0.0,0.3333333333333333,0.15,-1,-1,-1,1.0,1.0,-1.0,0.0,-0.3333333333333333,0.15,-1,-1,-1,0.356862745098039,0.694117647058824,0.803921568627451
69.58626246452332,0.0,-0.02743379183886364,0.03,1,1,1,0.0,0.3333333333333333,0.15,-1,-1,-1,1.0,1.0,-1.0,0.0,-0.3333333333333333,0.15,-1,-1,-1,0.356862745098039,0.694117647058824,0.803921568627451
69.62003636360168,0.0,-0.03144493979673849,0.03,1,1,1,0.0,0.3333333333333333,0.15,-1,-1,-1,1.0,1.0,-1.0,0.0,-0.3333333333333333,0.15,-1,-1,-1,0.356862745098039,0.694117647058824,0.803921568627451
69.65523719787598,0.0,-0.030027703723880778,0.03,1,1,1,0.0,0.3333333333333333,0.15,-1,-1,-1,1.0,1.0,-1.0,0.0,-0.3333333333333333,0.15,-1,-1,-1,0.356862745098039,0.694117647058824,0.803921568627451
69.69002485275269,0.0,-0.02725337164333991,0.03,1,1,1,0.0,0.3333333333333333,0.15,-1,-1,-1,1.0,1.0,-1.0,0.0,-0.3333333333333333,0.15,-1,-1,-1,0.356862745098039,0.694117647058824,0.803921568627451
69.73202800750732,0.0,-0.024479039562799045,0.03,1,1,1,0.0,0.3333333333333333,0.15,-1,-1,-1,1.0,1.0,-1.0,0.0,-0.3333333333333333,0.15,-1,-1,-1,0.356862745098039,0.694117647058824,0.803921568627451
69.77351331710815,0.0,-0.021704707482258178,0.03,1,1,1,0.0,0.3333333333333333,0.15,-1,-1,-1,1.0,1.0,-1.0,0.0,-0.3333333333333333,0.15,-1,-1,-1,0.356862745098039,0.694117647058824,0.803921568627451
69.80821561813354,0.0,-0.01893037540171731,0.03,1,1,1,0.0,0.3333333333333333,0.15,-1,-1,-1,1.0,1.0,-1.0,0.0,-0.3333333333333333,0.15,-1,-1,-1,0.356862745098039,0.694117647058824,0.803921568627451
69.84254026412964,0.0,-0.016156043321176445,0.03,1,1,1,0.0,0.3333333333333333,0.15,-1,-1,-1,1.0,1.0,-1.0,0.0,-0.3333333333333333,0.15,-1,-1,-1,0.356862745098039,0.694117647058824,0.803921568627451
69.88196992874146,0.0,-0.013381711240635587,0.03,1,1,1,0.0,0.3333333333333333,0.15,-1,-1,-1,1.0,1.0,-1.0,0.0,-0.3333333333333333,0.15,-1,-1,-1,0.356862745098039,0.694117647058824,0.803921568627451
69.91695618629456,0.0,-0.01060737916009473,0.03,1,1,1,0.0,0.3333333333333333,0.15,-1,-1,-1,1.0,1.0,-1.0,0.0,-0.3333333333333333,0.15,-1,-1,-1,0.356862745098039,0.694117647058824,0.803921568627451
69.9549810886383,0.0,-0.007833047079553871,0.03,1,1,1,0.0,0.3333333333333333,0.15,-1,-1,-1,1.0,1.0,-1.0,0.0,-0.3333333333333333,0.15,-1,-1,-1,0.356862745098039,0.694117647058824,0.803921568627451
69.99559378623962,0.0,-0.005058714999013009,0.03,1,1,1,0.0,0.3333333333333333,0.15,-1,-1,-1,1.0,1.0,-1.0,0.0,-0.3333333333333333,0.15,-1,-1,-1,0.356862745098039,0.694117647058824,0.803921568627451
70.03074359893799,0.0,-0.002284382918472147,0.03,1,1,1,0.0,0.3333333333333333,0.15,-1,-1,-1,1.0,1.0,-1.0,0.0,-0.3333333333333333,0.15,-1,-1,-1,0.356862745098039,0.694117647058824,0.803921568627451
70.06562089920044,0.0,0.0004899491620687148,0.03,1,1,1,0.0,0.3333333333333333,0.15,-1,-1,-1,1.0,1.0,-1.0,0.0,-0.3333333333333333,0.15,-1,-1,-1,0.356862745098039,0.694117647058824,0.803921568627451
70.10000705718994,0.0,0.003264281242609577,0.03,1,1,1,0.0,0.3333333333333333,0.15,-1,-1,-1,1.0,1.0,-1.0,0.0,-0.3333333333333333,0.15,-1,-1,-1,0.356862745098039,0.694117647058824,0.803921568627451
70.14135670661926,0.0,0.0060386133231504395,0.03,1,1,1,0.0,0.3333333333333333,0.15,-1,-1,-1,1.0,1.0,-1.0,0.0,-0.3333333333333333,0.15,-1,-1,-1,0.356862745098039,0.694117647058824,0.803921568627451
70.1852171421051,0.0,0.0088129454036913,0.03,1,1,1,0.0,0.3333333333333333,0.15,-1,-1,-1,1.0,1.0,-1.0,0.0,-0.3333333333333333,0.15,-1,-1,-1,0.356862745098039,0.694117647058824,0.803921568627451
70.21903204917908,0.0,0.011587277484232158,0.03,1,1,1,0.0,0.3333333333333333,0.15,-1,-1,-1,1.0,1.0,-1.0,0.0,-0.3333333333333333,0.15,-1,-1,-1,0.356862745098039,0.694117647058824,0.803921568627451
70.25240802764893,0.0,0.014361609564773016,0.03,1,1,1,0.0,0.3333333333333333,0.15,-1,-1,-1,1.0,1.0,-1.0,0.0,-0.3333333333333333,0.15,-1,-1,-1,0.356862745098039,0.694117647058824,0.803921568627451
70.28770089149475,0.0,0.01713594164531388,0.03,1,1,1,0.0,0.3333333333333333,0.15,-1,-1,-1,1.0,1.0,-1.0,0.0,-0.3333333333333333,0.15,-1,-1,-1,0.356862745098039,0.694117647058824,0.803921568627451
70.3223283290863,0.0,0.019910273725854747,0.03,1,1,1,0.0,0.3333333333333333,0.15,-1,-1,-1,1.0,1.0,-1.0,0.0,-0.3333333333333333,0.15,-1,-1,-1,0.356862745098039,0.694117647058824,0.803921568627451
70.37125563621521,0.0,0.022684605806395614,0.03,1,1,1,0.0,0.3333333333333333,0.15,-1,-1,-1,1.0,1.0,-1.0,0.0,-0.3333333333333333,0.15,-1,-1,-1,0.356862745098039,0.694117647058824,0.803921568627451
70.40525531768799,0.0,0.02545893788693648,0.03,1,1,1,0.0,0.3333333333333333,0.15,-1,-1,-1,1.0,1.0,-1.0,0.0,-0.3333333333333333,0.15,-1,-1,-1,0.356862745098039,0.694117647058824,0.803921568627451
70.44019484519958,0.0,0.028233269967477347,0.03,1,1,1,0.0,0.3333333333333333,0.15,-1,-1,-1,1.0,1.0,-1.0,0.0,-0.3333333333333333,0.15,-1,-1,-1,0.356862745098039,0.694117647058824,0.803921568627451
70.47523307800293,0.0,0.031007602048018203,0.03,1,1,1,0.0,0.3333333333333333,0.15,-1,-1,-1,1.0,1.0,-1.0,0.0,-0.3333333333333333,0.15,-1,-1,-1,0.356862745098039,0.694117647058824,0.803921568627451
70.51038527488708,0.0,0.03378193412855905,0.03,1,1,1,0.0,0.3333333333333333,0.15,-1,-1,-1,1.0,1.0,-1.0,0.0,-0.3333333333333333,0.15,-1,-1,-1,0.356862745098039,0.694117647058824,0.803921568627451
70.5449481010437,0.0,0.0365562662090999,0.03,1,1,1,0.0,0.3333333333333333,0.15,-1,-1,-1,1.0,1.0,-1.0,0.0,-0.3333333333333333,0.15,-1,-1,-1,0.356862745098039,0.694117647058824,0.803921568627451
70.59026026725769,0.0,0.03933059828964075,0.03,1,1,1,0.0,0.3333333333333333,0.15,-1,-1,-1,1.0,1.0,-1.0,0.0,-0.3333333333333333,0.15,-1,-1,-1,0.356862745098039,0.694117647058824,0.803921568627451
70.62813377380371,0.0,0.0421049303701816,0.03,1,1,1,0.0,0.3333333333333333,0.15,-1,-1,-1,1.0,1.0,-1.0,0.0,-0.3333333333333333,0.15,-1,-1,-1,0.356862745098039,0.694117647058824,0.803921568627451
70.66344237327576,0.0,0.04487926245072245,0.03,1,1,1,0.0,0.3333333333333333,0.15,-1,-1,-1,1.0,1.0,-1.0,0.0,-0.3333333333333333,0.15,-1,-1,-1,0.356862745098039,0.694117647058824,0.803921568627451
70.6982913017273,0.0,0.0476535945312633,0.03,1,1,1,0.0,0.3333333333333333,0.15,-1,-1,-1,1.0,1.0,-1.0,0.0,-0.3333333333333333,0.15,-1,-1,-1,0.356862745098039,0.694117647058824,0.803921568627451
70.73245692253113,0.0,0.05042792661180415,0.03,1,1,1,0.0,0.3333333333333333,0.15,-1,-1,-1,1.0,1.0,-1.0,0.0,-0.3333333333333333,0.15,-1,-1,-1,0.356862745098039,0.694117647058824,0.803921568627451
70.767409324646,0.0,0.053202258692344996,0.03,1,1,1,0.0,0.3333333333333333,0.15,-1,-1,-1,1.0,1.0,-1.0,0.0,-0.3333333333333333,0.15,-1,-1,-1,0.356862745098039,0.694117647058824,0.803921568627451
70.80884504318237,0.0,0.055976590772885845,0.03,1,1,1,0.0,0.3333333333333333,0.15,-1,-1,-1,1.0,1.0,-1.0,0.0,-0.3333333333333333,0.15,-1,-1,-1,0.356862745098039,0.694117647058824,0.803921568627451
70.85102272033691,0.0,0.061565465535707,0.03,1,1,1,0.0,0.3333333333333333,0.15,-1,-1,-1,1.0,1.0,-1.0,0.0,-0.3333333333333333,0.15,-1,-1,-1,0.356862745098039,0.694117647058824,0.803921568627451
70.89342403411865,0.0,0.07137615432194862,0.03,1,1,1,0.0,0.3333333333333333,0.15,-1,-1,-1,1.0,1.0,-1.0,0.0,-0.3333333333333333,0.15,-1,-1,-1,0.356862745098039,0.694117647058824,0.803921568627451
70.92781066894531,0.0,0.08118684310819023,0.03,1,1,1,0.0,0.3333333333333333,0.15,-1,-1,-1,1.0,1.0,-1.0,0.0,-0.3333333333333333,0.15,-1,-1,-1,0.356862745098039,0.694117647058824,0.803921568627451
70.96234059333801,0.0,0.09099753189443184,0.03,1,1,1,0.0,0.3333333333333333,0.15,-1,-1,-1,1.0,1.0,-1.0,0.0,-0.3333333333333333,0.15,-1,-1,-1,0.356862745098039,0.694117647058824,0.803921568627451
70.99713611602783,0.0,0.10080822068067345,0.03,1,1,1,0.0,0.3333333333333333,0.15,-1,-1,-1,1.0,1.0,-1.0,0.0,-0.3333333333333333,0.15,-1,-1,-1,0.356862745098039,0.694117647058824,0.803921568627451
71.03087258338928,0.0,0.11061890946691506,0.03,1,1,1,0.0,0.3333333333333333,0.15,-1,-1,-1,1.0,1.0,-1.0,0.0,-0.3333333333333333,0.15,-1,-1,-1,0.356862745098039,0.694117647058824,0.803921568627451
71.06708097457886,0.0,0.12042959825315667,0.03,1,1,1,0.0,0.3333333333333333,0.15,-1,-1,-1,1.0,1.0,-1.0,0.0,-0.3333333333333333,0.15,-1,-1,-1,0.356862745098039,0.694117647058824,0.803921568627451
71.1144471168518,0.0,0.1302402870393983,0.03,1,1,1,0.0,0.3333333333333333,0.15,-1,-1,-1,1.0,1.0,-1.0,0.0,-0.3333333333333333,0.15,-1,-1,-1,0.356862745098039,0.694117647058824,0.803921568627451
71.14890789985657,0.0,0.1400509758256399,0.03,1,1,1,0.0,0.3333333333333333,0.15,-1,-1,-1,1.0,1.0,-1.0,0.0,-0.3333333333333333,0.15,-1,-1,-1,0.356862745098039,0.694117647058824,0.803921568627451
71.18410992622375,0.0,0.14986166461188152,0.03,1,1,1,0.0,0.3333333333333333,0.15,-1,-1,-1,1.0,1.0,-1.0,0.0,-0.3333333333333333,0.15,-1,-1,-1,0.356862745098039,0.694117647058824,0.803921568627451
71.21867084503174,0.0,0.15967235339812313,0.03,1,1,1,0.0,0.3333333333333333,0.15,-1,-1,-1,1.0,1.0,-1.0,0.0,-0.3333333333333333,0.15,-1,-1,-1,0.356862745098039,0.694117647058824,0.803921568627451
71.25347352027893,0.0,0.16948304218436475,0.03,1,1,1,0.0,0.3333333333333333,0.15,-1,-1,-1,1.0,1.0,-1.0,0.0,-0.3333333333333333,0.15,-1,-1,-1,0.356862745098039,0.694117647058824,0.803921568627451
71.29846906661987,0.0,0.17929373097060636,0.03,1,1,1,0.0,0.3333333333333333,0.15,-1,-1,-1,1.0,1.0,-1.0,0.0,-0.3333333333333333,0.15,-1,-1,-1,0.356862745098039,0.694117647058824,0.803921568627451
71.33757543563843,0.0,0.18910441975684797,0.03,1,1,1,0.0,0.3333333333333333,0.15,-1,-1,-1,1.0,1.0,-1.0,0.0,-0.3333333333333333,0.15,-1,-1,-1,0.356862745098039,0.694117647058824,0.803921568627451
71.37814521789551,0.0,0.19891510854308958,0.03,1,1,1,0.0,0.3333333333333333,0.15,-1,-1,-1,1.0,1.0,-1.0,0.0,-0.3333333333333333,0.15,-1,-1,-1,0.356862745098039,0.694117647058824,0.803921568627451
71.41315484046936,0.0,0.2087257973293312,0.03,1,1,1,0.0,0.3333333333333333,0.15,-1,-1,-1,1.0,1.0,-1.0,0.0,-0.3333333333333333,0.15,-1,-1,-1,0.356862745098039,0.694117647058824,0.803921568627451
71.44782543182373,0.0,0.2185364861155728,0.03,1,1,1,0.0,0.3333333333333333,0.15,-1,-1,-1,1.0,1.0,-1.0,0.0,-0.3333333333333333,0.15,-1,-1,-1,0.356862745098039,0.694117647058824,0.803921568627451
71.48957777023315,0.0,0.22834717490181441,0.03,1,1,1,0.0,0.3333333333333333,0.15,-1,-1,-1,1.0,1.0,-1.0,0.0,-0.3333333333333333,0.15,-1,-1,-1,0.356862745098039,0.694117647058824,0.803921568627451
71.53256893157959,0.0,0.23815786368805603,0.03,1,1,1,0.0,0.3333333333333333,0.15,-1,-1,-1,1.0,1.0,-1.0,0.0,-0.3333333333333333,0.15,-1,-1,-1,0.356862745098039,0.694117647058824,0.803921568627451
71.56657123565674,0.0,0.24796855247429778,0.03,1,1,1,0.0,0.3333333333333333,0.15,-1,-1,-1,1.0,1.0,-1.0,0.0,-0.3333333333333333,0.15,-1,-1,-1,0.356862745098039,0.694117647058824,0.803921568627451
71.60054922103882,0.0,0.2577792412605395,0.03,1,1,1,0.0,0.3333333333333333,0.15,-1,-1,-1,1.0,1.0,-1.0,0.0,-0.3333333333333333,0.15,-1,-1,-1,0.356862745098039,0.694117647058824,0.803921568627451
71.63477993011475,0.0,0.2675899300467813,0.03,1,1,1,0.0,0.3333333333333333,0.15,-1,-1,-1,1.0,1.0,-1.0,0.0,-0.3333333333333333,0.15,-1,-1,-1,0.356862745098039,0.694117647058824,0.803921568627451
71.66910338401794,0.0,0.277400618833023,0.03,1,1,1,0.0,0.3333333333333333,0.15,-1,-1,-1,1.0,1.0,-1.0,0.0,-0.3333333333333333,0.15,-1,-1,-1,0.356862745098039,0.694117647058824,0.803921568627451
71.70457720756531,0.0,0.2872113076192648,0.03,1,1,1,0.0,0.3333333333333333,0.15,-1,-1,-1,1.0,1.0,-1.0,0.0,-0.3333333333333333,0.15,-1,-1,-1,0.356862745098039,0.694117647058824,0.803921568627451
71.74585700035095,0.0,0.2970219964055065,0.03,1,1,1,0.0,0.3333333333333333,0.15,-1,-1,-1,1.0,1.0,-1.0,0.0,-0.3333333333333333,0.15,-1,-1,-1,0.356862745098039,0.694117647058824,0.803921568627451
71.78074645996094,0.0,0.3068326851917483,0.03,1,1,1,0.0,0.3333333333333333,0.15,-1,-1,-1,1.0,1.0,-1.0,0.0,-0.3333333333333333,0.15,-1,-1,-1,0.356862745098039,0.694117647058824,0.803921568627451
71.81542325019836,0.0,0.31664337397799003,0.03,1,1,1,0.0,0.3333333333333333,0.15,-1,-1,-1,1.0,1.0,-1.0,0.0,-0.3333333333333333,0.15,-1,-1,-1,0.356862745098039,0.694117647058824,0.803921568627451
71.85046148300171,0.0,0.3264540627642318,0.03,1,1,1,0.0,0.3333333333333333,0.15,-1,-1,-1,1.0,1.0,-1.0,0.0,-0.3333333333333333,0.15,-1,-1,-1,0.356862745098039,0.694117647058824,0.803921568627451
71.89199352264404,0.0,0.3343026137932252,0.03,1,1,1,0.0,0.3333333333333333,0.15,-1,-1,-1,1.0,1.0,-1.0,0.0,-0.3333333333333333,0.15,-1,-1,-1,0.356862745098039,0.694117647058824,0.803921568627451
71.93645310401917,0.0,0.3343026137932252,0.03,1,1,1,0.0,0.3333333333333333,0.15,-1,-1,-1,1.0,1.0,-1.0,0.0,-0.3333333333333333,0.15,-1,-1,-1,0.356862745098039,0.694117647058824,0.803921568627451
71.97487473487854,0.0,0.3343026137932252,0.03,1,1,1,0.0,0.3333333333333333,0.15,-1,-1,-1,1.0,1.0,-1.0,0.0,-0.3333333333333333,0.15,-1,-1,-1,0.356862745098039,0.694117647058824,0.803921568627451
72.0092282295227,0.0,0.3343026137932252,0.03,1,1,1,0.0,0.3333333333333333,0.15,-1,-1,-1,1.0,1.0,-1.0,0.0,-0.3333333333333333,0.15,-1,-1,-1,0.356862745098039,0.694117647058824,0.803921568627451
72.05174541473389,0.0,0.002210985713221869,0.03,1,1,1,0.0,0.3333333333333333,0.135,1,1,1,1.0,1.0,-1.0,0.0,-0.3333333333333333,0.15,-1,-1,-1,0.356862745098039,0.694117647058824,0.803921568627451
72.08705711364746,0.0,0.007738449996276542,0.03,1,1,1,0.0,0.3333333333333333,0.135,1,1,1,1.0,1.0,-1.0,0.0,-0.3333333333333333,0.15,-1,-1,-1,0.356862745098039,0.694117647058824,0.803921568627451
72.12795162200928,0.0,0.013265914279331215,0.03,1,1,1,0.0,0.3333333333333333,0.135,1,1,1,1.0,1.0,-1.0,0.0,-0.3333333333333333,0.15,-1,-1,-1,0.356862745098039,0.694117647058824,0.803921568627451
72.16216826438904,0.0,0.018793378562385887,0.03,1,1,1,0.0,0.3333333333333333,0.135,1,1,1,1.0,1.0,-1.0,0.0,-0.3333333333333333,0.15,-1,-1,-1,0.356862745098039,0.694117647058824,0.803921568627451
72.19704389572144,0.0,0.02432084284544056,0.03,1,1,1,0.0,0.3333333333333333,0.135,1,1,1,1.0,1.0,-1.0,0.0,-0.3333333333333333,0.15,-1,-1,-1,0.356862745098039,0.694117647058824,0.803921568627451
72.23194980621338,0.0,0.029848307128495236,0.03,1,1,1,0.0,0.3333333333333333,0.135,1,1,1,1.0,1.0,-1.0,0.0,-0.3333333333333333,0.15,-1,-1,-1,0.356862745098039,0.694117647058824,0.803921568627451
72.27017760276794,0.0,0.035375771411549906,0.03,1,1,1,0.0,0.3333333333333333,0.135,1,1,1,1.0,1.0,-1.0,0.0,-0.3333333333333333,0.15,-1,-1,-1,0.356862745098039,0.694117647058824,0.803921568627451
72.31541538238525,0.0,0.04090323569460458,0.03,1,1,1,0.0,0.3333333333333333,0.135,1,1,1,1.0,1.0,-1.0,0.0,-0.3333333333333333,0.15,-1,-1,-1,0.356862745098039,0.694117647058824,0.803921568627451
72.35759735107422,0.0,0.04643069997765925,0.03,1,1,1,0.0,0.3333333333333333,0.135,1,1,1,1.0,1.0,-1.0,0.0,-0.3333333333333333,0.15,-1,-1,-1,0.356862745098039,0.694117647058824,0.803921568627451
72.39169001579285,0.0,0.051958164260713924,0.03,1,1,1,0.0,0.3333333333333333,0.135,1,1,1,1.0,1.0,-1.0,0.0,-0.3333333333333333,0.15,-1,-1,-1,0.356862745098039,0.694117647058824,0.803921568627451
72.42650318145752,0.0,0.0574856285437686,0.03,1,1,1,0.0,0.3333333333333333,0.135,1,1,1,1.0,1.0,-1.0,0.0,-0.3333333333333333,0.15,-1,-1,-1,0.356862745098039,0.694117647058824,0.803921568627451
72.461021900177,0.0,0.06301309282682327,0.03,1,1,1,0.0,0.3333333333333333,0.135,1,1,1,1.0,1.0,-1.0,0.0,-0.3333333333333333,0.15,-1,-1,-1,0.356862745098039,0.694117647058824,0.803921568627451
72.49580216407776,0.0,0.06854055710987794,0.03,1,1,1,0.0,0.3333333333333333,0.135,1,1,1,1.0,1.0,-1.0,0.0,-0.3333333333333333,0.15,-1,-1,-1,0.356862745098039,0.694117647058824,0.803921568627451
72.53918218612671,0.0,0.07406802139293261,0.03,1,1,1,0.0,0.3333333333333333,0.135,1,1,1,1.0,1.0,-1.0,0.0,-0.3333333333333333,0.15,-1,-1,-1,0.356862745098039,0.694117647058824,0.803921568627451
72.5729615688324,0.0,0.07959548567598729,0.03,1,1,1,0.0,0.3333333333333333,0.135,1,1,1,1.0,1.0,-1.0,0.0,-0.3333333333333333,0.15,-1,-1,-1,0.356862745098039,0.694117647058824,0.803921568627451
72.60684490203857,0.0,0.08512294995904196,0.03,1,1,1,0.0,0.3333333333333333,0.135,1,1,1,1.0,1.0,-1.0,0.0,-0.3333333333333333,0.15,-1,-1,-1,0.356862745098039,0.694117647058824,0.803921568627451
72.64231491088867,0.0,0.09065041424209663,0.03,1,1,1,0.0,0.3333333333333333,0.135,1,1,1,1.0,1.0,-1.0,0.0,-0.3333333333333333,0.15,-1,-1,-1,0.356862745098039,0.694117647058824,0.803921568627451
72.67755246162415,0.0,0.0961778785251513,0.03,1,1,1,0.0,0.3333333333333333,0.135,1,1,1,1.0,1.0,-1.0,0.0,-0.3333333333333333,0.15,-1,-1,-1,0.356862745098039,0.694117647058824,0.803921568627451
72.7178430557251,0.0,0.10170534280820598,0.03,1,1,1,0.0,0.3333333333333333,0.135,1,1,1,1.0,1.0,-1.0,0.0,-0.3333333333333333,0.15,-1,-1,-1,0.356862745098039,0.694117647058824,0.803921568627451
72.75284051895142,0.0,0.10723280709126065,0.03,1,1,1,0.0,0.3333333333333333,0.135,1,1,1,1.0,1.0,-1.0,0.0,-0.3333333333333333,0.15,-1,-1,-1,0.356862745098039,0.694117647058824,0.803921568627451
72.78789567947388,0.0,0.11276027137431532,0.03,1,1,1,0.0,0.3333333333333333,0.135,1,1,1,1.0,1.0,-1.0,0.0,-0.3333333333333333,0.15,-1,-1,-1,0.356862745098039,0.694117647058824,0.803921568627451
72.82259607315063,0.0,0.11828773565737,0.03,1,1,1,0.0,0.3333333333333333,0.135,1,1,1,1.0,1.0,-1.0,0.0,-0.3333333333333333,0.15,-1,-1,-1,0.356862745098039,0.694117647058824,0.803921568627451
72.8647358417511,0.0,0.12381519994042467,0.03,1,1,1,0.0,0.3333333333333333,0.135,1,1,1,1.0,1.0,-1.0,0.0,-0.3333333333333333,0.15,-1,-1,-1,0.356862745098039,0.694117647058824,0.803921568627451
72.90709209442139,0.0,0.12934266422347934,0.03,1,1,1,0.0,0.3333333333333333,0.135,1,1,1,1.0,1.0,-1.0,0.0,-0.3333333333333333,0.15,-1,-1,-1,0.356862745098039,0.694117647058824,0.803921568627451
72.94151782989502,0.0,0.13487012850653401,0.03,1,1,1,0.0,0.3333333333333333,0.135,1,1,1,1.0,1.0,-1.0,0.0,-0.3333333333333333,0.15,-1,-1,-1,0.356862745098039,0.694117647058824,0.803921568627451
72.975825548172,0.0,0.1403975927895887,0.03,1,1,1,0.0,0.3333333333333333,0.135,1,1,1,1.0,1.0,-1.0,0.0,-0.3333333333333333,0.15,-1,-1,-1,0.356862745098039,0.694117647058824,0.803921568627451
73.00913333892822,0.0,0.14592505707264336,0.03,1,1,1,0.0,0.3333333333333333,0.135,1,1,1,1.0,1.0,-1.0,0.0,-0.3333333333333333,0.15,-1,-1,-1,0.356862745098039,0.694117647058824,0.803921568627451
73.0442259311676,0.0,0.15145252135569803,0.03,1,1,1,0.0,0.3333333333333333,0.135,1,1,1,1.0,1.0,-1.0,0.0,-0.3333333333333333,0.15,-1,-1,-1,0.356862745098039,0.694117647058824,0.803921568627451
73.09361791610718,0.0,0.1569799856387527,0.03,1,1,1,0.0,0.3333333333333333,0.135,1,1,1,1.0,1.0,-1.0,0.0,-0.3333333333333333,0.15,-1,-1,-1,0.356862745098039,0.694117647058824,0.803921568627451
73.12781953811646,0.0,0.16250744992180738,0.03,1,1,1,0.0,0.3333333333333333,0.135,1,1,1,1.0,1.0,-1.0,0.0,-0.3333333333333333,0.15,-1,-1,-1,0.356862745098039,0.694117647058824,0.803921568627451
73.16239595413208,0.0,0.16803491420486205,0.03,1,1,1,0.0,0.3333333333333333,0.135,1,1,1,1.0,1.0,-1.0,0.0,-0.3333333333333333,0.15,-1,-1,-1,0.356862745098039,0.694117647058824,0.803921568627451
73.19804406166077,0.0,0.17356237848791672,0.03,1,1,1,0.0,0.3333333333333333,0.135,1,1,1,1.0,1.0,-1.0,0.0,-0.3333333333333333,0.15,-1,-1,-1,0.356862745098039,0.694117647058824,0.803921568627451
73.23245120048523,0.0,0.1790898427709714,0.03,1,1,1,0.0,0.3333333333333333,0.135,1,1,1,1.0,1.0,-1.0,0.0,-0.3333333333333333,0.15,-1,-1,-1,0.356862745098039,0.694117647058824,0.803921568627451
73.27663516998291,0.0,0.17604430835300083,0.03,1,1,1,0.0,0.3333333333333333,0.135,-1,-1,-1,1.0,1.0,-1.0,0.0,-0.3333333333333333,0.15,-1,-1,-1,0.356862745098039,0.694117647058824,0.803921568627451
73.31522297859192,0.0,0.17085552425977396,0.03,1,1,1,0.0,0.3333333333333333,0.135,-1,-1,-1,1.0,1.0,-1.0,0.0,-0.3333333333333333,0.15,-1,-1,-1,0.356862745098039,0.694117647058824,0.803921568627451
73.35045766830444,0.0,0.1656667401665471,0.03,1,1,1,0.0,0.3333333333333333,0.135,-1,-1,-1,1.0,1.0,-1.0,0.0,-0.3333333333333333,0.15,-1,-1,-1,0.356862745098039,0.694117647058824,0.803921568627451
73.38488245010376,0.0,0.16047795607332022,0.03,1,1,1,0.0,0.3333333333333333,0.135,-1,-1,-1,1.0,1.0,-1.0,0.0,-0.3333333333333333,0.15,-1,-1,-1,0.356862745098039,0.694117647058824,0.803921568627451
73.41993403434753,0.0,0.15528917198009334,0.03,1,1,1,0.0,0.3333333333333333,0.135,-1,-1,-1,1.0,1.0,-1.0,0.0,-0.3333333333333333,0.15,-1,-1,-1,0.356862745098039,0.694117647058824,0.803921568627451
73.45513892173767,0.0,0.15010038788686647,0.03,1,1,1,0.0,0.3333333333333333,0.135,-1,-1,-1,1.0,1.0,-1.0,0.0,-0.3333333333333333,0.15,-1,-1,-1,0.356862745098039,0.694117647058824,0.803921568627451
73.4965090751648,0.0,0.1449116037936396,0.03,1,1,1,0.0,0.3333333333333333,0.135,-1,-1,-1,1.0,1.0,-1.0,0.0,-0.3333333333333333,0.15,-1,-1,-1,0.356862745098039,0.694117647058824,0.803921568627451
73.53813457489014,0.0,0.13972281970041273,0.03,1,1,1,0.0,0.3333333333333333,0.135,-1,-1,-1,1.0,1.0,-1.0,0.0,-0.3333333333333333,0.15,-1,-1,-1,0.356862745098039,0.694117647058824,0.803921568627451
73.58089232444763,0.0,0.13453403560718585,0.03,1,1,1,0.0,0.3333333333333333,0.135,-1,-1,-1,1.0,1.0,-1.0,0.0,-0.3333333333333333,0.15,-1,-1,-1,0.356862745098039,0.694117647058824,0.803921568627451
73.61408257484436,0.0,0.12934525151395898,0.03,1,1,1,0.0,0.3333333333333333,0.135,-1,-1,-1,1.0,1.0,-1.0,0.0,-0.3333333333333333,0.15,-1,-1,-1,0.356862745098039,0.694117647058824,0.803921568627451
73.64944171905518,0.0,0.12415646742073211,0.03,1,1,1,0.0,0.3333333333333333,0.135,-1,-1,-1,1.0,1.0,-1.0,0.0,-0.3333333333333333,0.15,-1,-1,-1,0.356862745098039,0.694117647058824,0.803921568627451
73.68492221832275,0.0,0.11896768332750517,0.03,1,1,1,0.0,0.3333333333333333,0.135,-1,-1,-1,1.0,1.0,-1.0,0.0,-0.3333333333333333,0.15,-1,-1,-1,0.356862745098039,0.694117647058824,0.803921568627451
73.73229336738586,0.0,0.11377889923427822,0.03,1,1,1,0.0,0.3333333333333333,0.135,-1,-1,-1,1.0,1.0,-1.0,0.0,-0.3333333333333333,0.15,-1,-1,-1,0.356862745098039,0.694117647058824,0.803921568627451
73.76717042922974,0.0,0.10859011514105128,0.03,1,1,1,0.0,0.3333333333333333,0.135,-1,-1,-1,1.0,1.0,-1.0,0.0,-0.3333333333333333,0.15,-1,-1,-1,0.356862745098039,0.694117647058824,0.803921568627451
73.80189895629883,0.0,0.10340133104782434,0.03,1,1,1,0.0,0.3333333333333333,0.135,-1,-1,-1,1.0,1.0,-1.0,0.0,-0.3333333333333333,0.15,-1,-1,-1,0.356862745098039,0.694117647058824,0.803921568627451
73.83649730682373,0.0,0.0982125469545974,0.03,1,1,1,0.0,0.3333333333333333,0.135,-1,-1,-1,1.0,1.0,-1.0,0.0,-0.3333333333333333,0.15,-1,-1,-1,0.356862745098039,0.694117647058824,0.803921568627451
73.88134479522705,0.0,0.09302376286137046,0.03,1,1,1,0.0,0.3333333333333333,0.135,-1,-1,-1,1.0,1.0,-1.0,0.0,-0.3333333333333333,0.15,-1,-1,-1,0.356862745098039,0.694117647058824,0.803921568627451
73.91946053504944,0.0,0.08783497876814352,0.03,1,1,1,0.0,0.3333333333333333,0.135,-1,-1,-1,1.0,1.0,-1.0,0.0,-0.3333333333333333,0.15,-1,-1,-1,0.356862745098039,0.694117647058824,0.803921568627451
73.95447111129761,0.0,0.08264619467491657,0.03,1,1,1,0.0,0.3333333333333333,0.135,-1,-1,-1,1.0,1.0,-1.0,0.0,-0.3333333333333333,0.15,-1,-1,-1,0.356862745098039,0.694117647058824,0.803921568627451
73.98863005638123,0.0,0.07745741058168963,0.03,1,1,1,0.0,0.3333333333333333,0.135,-1,-1,-1,1.0,1.0,-1.0,0.0,-0.3333333333333333,0.15,-1,-1,-1,0.356862745098039,0.694117647058824,0.803921568627451
74.03113317489624,0.0,0.07226862648846269,0.03,1,1,1,0.0,0.3333333333333333,0.135,-1,-1,-1,1.0,1.0,-1.0,0.0,-0.3333333333333333,0.15,-1,-1,-1,0.356862745098039,0.694117647058824,0.803921568627451
74.07271480560303,0.0,0.06707984239523575,0.03,1,1,1,0.0,0.3333333333333333,0.135,-1,-1,-1,1.0,1.0,-1.0,0.0,-0.3333333333333333,0.15,-1,-1,-1,0.356862745098039,0.694117647058824,0.803921568627451
74.11563396453857,0.0,0.061891058302008806,0.03,1,1,1,0.0,0.3333333333333333,0.135,-1,-1,-1,1.0,1.0,-1.0,0.0,-0.3333333333333333,0.15,-1,-1,-1,0.356862745098039,0.694117647058824,0.803921568627451
74.15088987350464,0.0,0.05670227420878185,0.03,1,1,1,0.0,0.3333333333333333,0.135,-1,-1,-1,1.0,1.0,-1.0,0.0,-0.3333333333333333,0.15,-1,-1,-1,0.356862745098039,0.694117647058824,0.803921568627451
74.1842749118805,0.0,0.05151349011555491,0.03,1,1,1,0.0,0.3333333333333333,0.135,-1,-1,-1,1.0,1.0,-1.0,0.0,-0.3333333333333333,0.15,-1,-1,-1,0.356862745098039,0.694117647058824,0.803921568627451
74.21986937522888,0.0,0.046324706022327966,0.03,1,1,1,0.0,0.3333333333333333,0.135,-1,-1,-1,1.0,1.0,-1.0,0.0,-0.3333333333333333,0.15,-1,-1,-1,0.356862745098039,0.694117647058824,0.803921568627451
74.26675391197205,0.0,0.041135921929101024,0.03,1,1,1,0.0,0.3333333333333333,0.135,-1,-1,-1,1.0,1.0,-1.0,0.0,-0.3333333333333333,0.15,-1,-1,-1,0.356862745098039,0.694117647058824,0.803921568627451
74.30192613601685,0.0,0.03594713783587408,0.03,1,1,1,0.0,0.3333333333333333,0.135,-1,-1,-1,1.0,1.0,-1.0,0.0,-0.3333333333333333,0.15,-1,-1,-1,0.356862745098039,0.694117647058824,0.803921568627451
74.33743238449097,0.0,0.030758353742647144,0.03,1,1,1,0.0,0.3333333333333333,0.135,-1,-1,-1,1.0,1.0,-1.0,0.0,-0.3333333333333333,0.15,-1,-1,-1,0.356862745098039,0.694117647058824,0.803921568627451
74.37105226516724,0.0,0.025569569649420216,0.03,1,1,1,0.0,0.3333333333333333,0.135,-1,-1,-1,1.0,1.0,-1.0,0.0,-0.3333333333333333,0.15,-1,-1,-1,0.356862745098039,0.694117647058824,0.803921568627451
74.40588450431824,0.0,0.02038078555619329,0.03,1,1,1,0.0,0.3333333333333333,0.135,-1,-1,-1,1.0,1.0,-1.0,0.0,-0.3333333333333333,0.15,-1,-1,-1,0.356862745098039,0.694117647058824,0.803921568627451
74.4505877494812,0.0,0.015192001462966365,0.03,1,1,1,0.0,0.3333333333333333,0.135,-1,-1,-1,1.0,1.0,-1.0,0.0,-0.3333333333333333,0.15,-1,-1,-1,0.356862745098039,0.694117647058824,0.803921568627451
74.48916888237,0.0,0.017126155010591584,0.03,1,1,1,0.0,0.3333333333333333,0.135,-1,-1,-1,1.0,1.0,-1.0,0.0,-0.3333333333333333,0.15,-1,-1,-1,0.356862745098039,0.694117647058824,0.803921568627451
74.52287912368774,0.0,0.019060308558216804,0.03,1,1,1,0.0,0.3333333333333333,0.135,-1,-1,-1,1.0,1.0,-1.0,0.0,-0.3333333333333333,0.15,-1,-1,-1,0.356862745098039,0.694117647058824,0.803921568627451
74.55743408203125,0.0,0.020994462105842025,0.03,1,1,1,0.0,0.3333333333333333,0.135,-1,-1,-1,1.0,1.0,-1.0,0.0,-0.3333333333333333,0.15,-1,-1,-1,0.356862745098039,0.694117647058824,0.803921568627451
74.59230160713196,0.0,0.022928615653467245,0.03,1,1,1,0.0,0.3333333333333333,0.135,-1,-1,-1,1.0,1.0,-1.0,0.0,-0.3333333333333333,0.15,-1,-1,-1,0.356862745098039,0.694117647058824,0.803921568627451
74.63433241844177,0.0,0.024862769201092465,0.03,1,1,1,0.0,0.3333333333333333,0.135,-1,-1,-1,1.0,1.0,-1.0,0.0,-0.3333333333333333,0.15,-1,-1,-1,0.356862745098039,0.694117647058824,0.803921568627451
74.66882061958313,0.0,0.026796922748717686,0.03,1,1,1,0.0,0.3333333333333333,0.135,-1,-1,-1,1.0,1.0,-1.0,0.0,-0.3333333333333333,0.15,-1,-1,-1,0.356862745098039,0.694117647058824,0.803921568627451
74.70293164253235,0.0,0.028731076296342906,0.03,1,1,1,0.0,0.3333333333333333,0.135,-1,-1,-1,1.0,1.0,-1.0,0.0,-0.3333333333333333,0.15,-1,-1,-1,0.356862745098039,0.694117647058824,0.803921568627451
74.73866248130798,0.0,0.030665229843968123,0.03,1,1,1,0.0,0.3333333333333333,0.135,-1,-1,-1,1.0,1.0,-1.0,0.0,-0.3333333333333333,0.15,-1,-1,-1,0.356862745098039,0.694117647058824,0.803921568627451
74.77321767807007,0.0,0.03259938339159333,0.03,1,1,1,0.0,0.3333333333333333,0.135,-1,-1,-1,1.0,1.0,-1.0,0.0,-0.3333333333333333,0.15,-1,-1,-1,0.356862745098039,0.694117647058824,0.803921568627451
74.80747318267822,0.0,0.03453353693921853,0.03,1,1,1,0.0,0.3333333333333333,0.135,-1,-1,-1,1.0,1.0,-1.0,0.0,-0.3333333333333333,0.15,-1,-1,-1,0.356862745098039,0.694117647058824,0.803921568627451
74.85180759429932,0.0,0.036467690486843736,0.03,1,1,1,0.0,0.3333333333333333,0.135,-1,-1,-1,1.0,1.0,-1.0,0.0,-0.3333333333333333,0.15,-1,-1,-1,0.356862745098039,0.694117647058824,0.803921568627451
74.88516592979431,0.0,0.03840184403446894,0.03,1,1,1,0.0,0.3333333333333333,0.135,-1,-1,-1,1.0,1.0,-1.0,0.0,-0.3333333333333333,0.15,-1,-1,-1,0.356862745098039,0.694117647058824,0.803921568627451
74.91880631446838,0.0,0.04033599758209414,0.03,1,1,1,0.0,0.3333333333333333,0.135,-1,-1,-1,1.0,1.0,-1.0,0.0,-0.3333333333333333,0.15,-1,-1,-1,0.356862745098039,0.694117647058824,0.803921568627451
74.95397806167603,0.0,0.042270151129719345,0.03,1,1,1,0.0,0.3333333333333333,0.135,-1,-1,-1,1.0,1.0,-1.0,0.0,-0.3333333333333333,0.15,-1,-1,-1,0.356862745098039,0.694117647058824,0.803921568627451
74.98796677589417,0.0,0.04420430467734455,0.03,1,1,1,0.0,0.3333333333333333,0.135,-1,-1,-1,1.0,1.0,-1.0,0.0,-0.3333333333333333,0.15,-1,-1,-1,0.356862745098039,0.694117647058824,0.803921568627451
75.037513256073,0.0,0.04613845822496975,0.03,1,1,1,0.0,0.3333333333333333,0.135,-1,-1,-1,1.0,1.0,-1.0,0.0,-0.3333333333333333,0.15,-1,-1,-1,0.356862745098039,0.694117647058824,0.803921568627451
75.0716986656189,0.0,0.048072611772594954,0.03,1,1,1,0.0,0.3333333333333333,0.135,-1,-1,-1,1.0,1.0,-1.0,0.0,-0.3333333333333333,0.15,-1,-1,-1,0.356862745098039,0.694117647058824,0.803921568627451
75.10600352287292,0.0,0.05000676532022016,0.03,1,1,1,0.0,0.3333333333333333,0.135,-1,-1,-1,1.0,1.0,-1.0,0.0,-0.3333333333333333,0.15,-1,-1,-1,0.356862745098039,0.694117647058824,0.803921568627451
75.14073896408081,0.0,0.05194091886784536,0.03,1,1,1,0.0,0.3333333333333333,0.135,-1,-1,-1,1.0,1.0,-1.0,0.0,-0.3333333333333333,0.15,-1,-1,-1,0.356862745098039,0.694117647058824,0.803921568627451
75.1753625869751,0.0,0.053875072415470564,0.03,1,1,1,0.0,0.3333333333333333,0.135,-1,-1,-1,1.0,1.0,-1.0,0.0,-0.3333333333333333,0.15,-1,-1,-1,0.356862745098039,0.694117647058824,0.803921568627451
75.21091771125793,0.0,0.05580922596309577,0.03,1,1,1,0.0,0.3333333333333333,0.135,-1,-1,-1,1.0,1.0,-1.0,0.0,-0.3333333333333333,0.15,-1,-1,-1,0.356862745098039,0.694117647058824,0.803921568627451
75.24550199508667,0.0,0.05774337951072097,0.03,1,1,1,0.0,0.3333333333333333,0.135,-1,-1,-1,1.0,1.0,-1.0,0.0,-0.3333333333333333,0.15,-1,-1,-1,0.356862745098039,0.694117647058824,0.803921568627451
75.28966212272644,0.0,0.05967753305834619,0.03,1,1,1,0.0,0.3333333333333333,0.135,-1,-1,-1,1.0,1.0,-1.0,0.0,-0.3333333333333333,0.15,-1,-1,-1,0.356862745098039,0.694117647058824,0.803921568627451
75.32317113876343,0.0,0.061611686605971376,0.03,1,1,1,0.0,0.3333333333333333,0.135,-1,-1,-1,1.0,1.0,-1.0,0.0,-0.3333333333333333,0.15,-1,-1,-1,0.356862745098039,0.694117647058824,0.803921568627451
75.35641026496887,0.0,0.06354584015359657,0.03,1,1,1,0.0,0.3333333333333333,0.135,-1,-1,-1,1.0,1.0,-1.0,0.0,-0.3333333333333333,0.15,-1,-1,-1,0.356862745098039,0.694117647058824,0.803921568627451
75.39107036590576,0.0,0.06547999370122178,0.03,1,1,1,0.0,0.3333333333333333,0.135,-1,-1,-1,1.0,1.0,-1.0,0.0,-0.3333333333333333,0.15,-1,-1,-1,0.356862745098039,0.694117647058824,0.803921568627451
75.425701379776,0.0,0.06741414724884698,0.03,1,1,1,0.0,0.3333333333333333,0.135,-1,-1,-1,1.0,1.0,-1.0,0.0,-0.3333333333333333,0.15,-1,-1,-1,0.356862745098039,0.694117647058824,0.803921568627451
75.46044659614563,0.0,0.06934830079647218,0.03,1,1,1,0.0,0.3333333333333333,0.135,-1,-1,-1,1.0,1.0,-1.0,0.0,-0.3333333333333333,0.15,-1,-1,-1,0.356862745098039,0.694117647058824,0.803921568627451
75.5023455619812,0.0,0.07128245434409738,0.03,1,1,1,0.0,0.3333333333333333,0.135,-1,-1,-1,1.0,1.0,-1.0,0.0,-0.3333333333333333,0.15,-1,-1,-1,0.356862745098039,0.694117647058824,0.803921568627451
75.53709197044373,0.0,0.07321660789172259,0.03,1,1,1,0.0,0.3333333333333333,0.135,-1,-1,-1,1.0,1.0,-1.0,0.0,-0.3333333333333333,0.15,-1,-1,-1,0.356862745098039,0.694117647058824,0.803921568627451
75.57195997238159,0.0,0.07515076143934779,0.03,1,1,1,0.0,0.3333333333333333,0.135,-1,-1,-1,1.0,1.0,-1.0,0.0,-0.3333333333333333,0.15,-1,-1,-1,0.356862745098039,0.694117647058824,0.803921568627451
75.60580372810364,0.0,0.077084914986973,0.03,1,1,1,0.0,0.3333333333333333,0.135,-1,-1,-1,1.0,1.0,-1.0,0.0,-0.3333333333333333,0.15,-1,-1,-1,0.356862745098039,0.694117647058824,0.803921568627451
75.64134812355042,0.0,0.0790190685345982,0.03,1,1,1,0.0,0.3333333333333333,0.135,-1,-1,-1,1.0,1.0,-1.0,0.0,-0.3333333333333333,0.15,-1,-1,-1,0.356862745098039,0.694117647058824,0.803921568627451
75.68333554267883,0.0,0.07947705919055656,0.03,1,1,1,0.0,0.3333333333333333,0.135,-1,-1,-1,1.0,1.0,-1.0,0.0,-0.3333333333333333,0.15,-1,-1,-1,0.356862745098039,0.694117647058824,0.803921568627451
75.71765089035034,0.0,0.07895094125207036,0.03,1,1,1,0.0,0.3333333333333333,0.135,-1,-1,-1,1.0,1.0,-1.0,0.0,-0.3333333333333333,0.15,-1,-1,-1,0.356862745098039,0.694117647058824,0.803921568627451
75.75217461585999,0.0,0.07842482331358416,0.03,1,1,1,0.0,0.3333333333333333,0.135,-1,-1,-1,1.0,1.0,-1.0,0.0,-0.3333333333333333,0.15,-1,-1,-1,0.356862745098039,0.694117647058824,0.803921568627451
75.79096913337708,0.0,0.07789870537509797,0.03,1,1,1,0.0,0.3333333333333333,0.135,-1,-1,-1,1.0,1.0,-1.0,0.0,-0.3333333333333333,0.15,-1,-1,-1,0.356862745098039,0.694117647058824,0.803921568627451
75.82609796524048,0.0,0.07737258743661177,0.03,1,1,1,0.0,0.3333333333333333,0.135,-1,-1,-1,1.0,1.0,-1.0,0.0,-0.3333333333333333,0.15,-1,-1,-1,0.356862745098039,0.694117647058824,0.803921568627451
75.86384892463684,0.0,0.07684646949812557,0.03,1,1,1,0.0,0.3333333333333333,0.135,-1,-1,-1,1.0,1.0,-1.0,0.0,-0.3333333333333333,0.15,-1,-1,-1,0.356862745098039,0.694117647058824,0.803921568627451
75.8982527256012,0.0,0.07632035155963937,0.03,1,1,1,0.0,0.3333333333333333,0.135,-1,-1,-1,1.0,1.0,-1.0,0.0,-0.3333333333333333,0.15,-1,-1,-1,0.356862745098039,0.694117647058824,0.803921568627451
75.93292760848999,0.0,0.07579423362115317,0.03,1,1,1,0.0,0.3333333333333333,0.135,-1,-1,-1,1.0,1.0,-1.0,0.0,-0.3333333333333333,0.15,-1,-1,-1,0.356862745098039,0.694117647058824,0.803921568627451
75.96732187271118,0.0,0.07526811568266698,0.03,1,1,1,0.0,0.3333333333333333,0.135,-1,-1,-1,1.0,1.0,-1.0,0.0,-0.3333333333333333,0.15,-1,-1,-1,0.356862745098039,0.694117647058824,0.803921568627451
76.0020751953125,0.0,0.07474199774418078,0.03,1,1,1,0.0,0.3333333333333333,0.135,-1,-1,-1,1.0,1.0,-1.0,0.0,-0.3333333333333333,0.15,-1,-1,-1,0.356862745098039,0.694117647058824,0.803921568627451
76.04425692558289,0.0,0.07421587980569458,0.03,1,1,1,0.0,0.3333333333333333,0.135,-1,-1,-1,1.0,1.0,-1.0,0.0,-0.3333333333333333,0.15,-1,-1,-1,0.356862745098039,0.694117647058824,0.803921568627451
76.07866501808167,0.0,0.07368976186720838,0.03,1,1,1,0.0,0.3333333333333333,0.135,-1,-1,-1,1.0,1.0,-1.0,0.0,-0.3333333333333333,0.15,-1,-1,-1,0.356862745098039,0.694117647058824,0.803921568627451
76.11323070526123,0.0,0.07316364392872218,0.03,1,1,1,0.0,0.3333333333333333,0.135,-1,-1,-1,1.0,1.0,-1.0,0.0,-0.3333333333333333,0.15,-1,-1,-1,0.356862745098039,0.694117647058824,0.803921568627451
76.14836692810059,0.0,0.07263752599023598,0.03,1,1,1,0.0,0.3333333333333333,0.135,-1,-1,-1,1.0,1.0,-1.0,0.0,-0.3333333333333333,0.15,-1,-1,-1,0.356862745098039,0.694117647058824,0.803921568627451
76.18311834335327,0.0,0.07211140805174979,0.03,1,1,1,0.0,0.3333333333333333,0.135,-1,-1,-1,1.0,1.0,-1.0,0.0,-0.3333333333333333,0.15,-1,-1,-1,0.356862745098039,0.694117647058824,0.803921568627451
76.21795964241028,0.0,0.07158529011326359,0.03,1,1,1,0.0,0.3333333333333333,0.135,-1,-1,-1,1.0,1.0,-1.0,0.0,-0.3333333333333333,0.15,-1,-1,-1,0.356862745098039,0.694117647058824,0.803921568627451
76.26209020614624,0.0,0.07105917217477739,0.03,1,1,1,0.0,0.3333333333333333,0.135,-1,-1,-1,1.0,1.0,-1.0,0.0,-0.3333333333333333,0.15,-1,-1,-1,0.356862745098039,0.694117647058824,0.803921568627451
76.2953851222992,0.0,0.07053305423629119,0.03,1,1,1,0.0,0.3333333333333333,0.135,-1,-1,-1,1.0,1.0,-1.0,0.0,-0.3333333333333333,0.15,-1,-1,-1,0.356862745098039,0.694117647058824,0.803921568627451
76.32846260070801,0.0,0.070006936297805,0.03,1,1,1,0.0,0.3333333333333333,0.135,-1,-1,-1,1.0,1.0,-1.0,0.0,-0.3333333333333333,0.15,-1,-1,-1,0.356862745098039,0.694117647058824,0.803921568627451
76.3639018535614,0.0,0.0694808183593188,0.03,1,1,1,0.0,0.3333333333333333,0.135,-1,-1,-1,1.0,1.0,-1.0,0.0,-0.3333333333333333,0.15,-1,-1,-1,0.356862745098039,0.694117647058824,0.803921568627451
76.39806795120239,0.0,0.0689547004208326,0.03,1,1,1,0.0,0.3333333333333333,0.135,-1,-1,-1,1.0,1.0,-1.0,0.0,-0.3333333333333333,0.15,-1,-1,-1,0.356862745098039,0.694117647058824,0.803921568627451
76.44759106636047,0.0,0.0684285824823464,0.03,1,1,1,0.0,0.3333333333333333,0.135,-1,-1,-1,1.0,1.0,-1.0,0.0,-0.3333333333333333,0.15,-1,-1,-1,0.356862745098039,0.694117647058824,0.803921568627451
76.48236083984375,0.0,0.0679024645438602,0.03,1,1,1,0.0,0.3333333333333333,0.135,-1,-1,-1,1.0,1.0,-1.0,0.0,-0.3333333333333333,0.15,-1,-1,-1,0.356862745098039,0.694117647058824,0.803921568627451
76.51705551147461,0.0,0.067376346605374,0.03,1,1,1,0.0,0.3333333333333333,0.135,-1,-1,-1,1.0,1.0,-1.0,0.0,-0.3333333333333333,0.15,-1,-1,-1,0.356862745098039,0.694117647058824,0.803921568627451
76.55159783363342,0.0,0.0668502286668878,0.03,1,1,1,0.0,0.3333333333333333,0.135,-1,-1,-1,1.0,1.0,-1.0,0.0,-0.3333333333333333,0.15,-1,-1,-1,0.356862745098039,0.694117647058824,0.803921568627451
76.58647561073303,0.0,0.06632411072840161,0.03,1,1,1,0.0,0.3333333333333333,0.135,-1,-1,-1,1.0,1.0,-1.0,0.0,-0.3333333333333333,0.15,-1,-1,-1,0.356862745098039,0.694117647058824,0.803921568627451
76.63226580619812,0.0,0.06579799278991541,0.03,1,1,1,0.0,0.3333333333333333,0.135,-1,-1,-1,1.0,1.0,-1.0,0.0,-0.3333333333333333,0.15,-1,-1,-1,0.356862745098039,0.694117647058824,0.803921568627451
76.66945338249207,0.0,0.06527187485142921,0.03,1,1,1,0.0,0.3333333333333333,0.135,-1,-1,-1,1.0,1.0,-1.0,0.0,-0.3333333333333333,0.15,-1,-1,-1,0.356862745098039,0.694117647058824,0.803921568627451
76.704421043396,0.0,0.06474575691294301,0.03,1,1,1,0.0,0.3333333333333333,0.135,-1,-1,-1,1.0,1.0,-1.0,0.0,-0.3333333333333333,0.15,-1,-1,-1,0.356862745098039,0.694117647058824,0.803921568627451
76.73911237716675,0.0,0.06421963897445682,0.03,1,1,1,0.0,0.3333333333333333,0.135,-1,-1,-1,1.0,1.0,-1.0,0.0,-0.3333333333333333,0.15,-1,-1,-1,0.356862745098039,0.694117647058824,0.803921568627451
76.77388310432434,0.0,0.06369352103597062,0.03,1,1,1,0.0,0.3333333333333333,0.135,-1,-1,-1,1.0,1.0,-1.0,0.0,-0.3333333333333333,0.15,-1,-1,-1,0.356862745098039,0.694117647058824,0.803921568627451
76.80865573883057,0.0,0.06316740309748442,0.03,1,1,1,0.0,0.3333333333333333,0.135,-1,-1,-1,1.0,1.0,-1.0,0.0,-0.3333333333333333,0.15,-1,-1,-1,0.356862745098039,0.694117647058824,0.803921568627451
76.85055780410767,0.0,0.06264128515899822,0.03,1,1,1,0.0,0.3333333333333333,0.135,-1,-1,-1,1.0,1.0,-1.0,0.0,-0.3333333333333333,0.15,-1,-1,-1,0.356862745098039,0.694117647058824,0.803921568627451
76.8849368095398,0.0,0.060701843413463644,0.03,1,1,1,0.0,0.3333333333333333,0.135,-1,-1,-1,1.0,1.0,-1.0,0.0,-0.3333333333333333,0.15,-1,-1,-1,0.356862745098039,0.694117647058824,0.803921568627451
76.92009234428406,0.0,0.057820185796563485,0.03,1,1,1,0.0,0.3333333333333333,0.135,-1,-1,-1,1.0,1.0,-1.0,0.0,-0.3333333333333333,0.15,-1,-1,-1,0.356862745098039,0.694117647058824,0.803921568627451
76.95470476150513,0.0,0.05493852817966332,0.03,1,1,1,0.0,0.3333333333333333,0.135,-1,-1,-1,1.0,1.0,-1.0,0.0,-0.3333333333333333,0.15,-1,-1,-1,0.356862745098039,0.694117647058824,0.803921568627451
76.98944878578186,0.0,0.052056870562763154,0.03,1,1,1,0.0,0.3333333333333333,0.135,-1,-1,-1,1.0,1.0,-1.0,0.0,-0.3333333333333333,0.15,-1,-1,-1,0.356862745098039,0.694117647058824,0.803921568627451
77.03492021560669,0.0,0.04917521294586299,0.03,1,1,1,0.0,0.3333333333333333,0.135,-1,-1,-1,1.0,1.0,-1.0,0.0,-0.3333333333333333,0.15,-1,-1,-1,0.356862745098039,0.694117647058824,0.803921568627451
77.0731565952301,0.0,0.04629355532896282,0.03,1,1,1,0.0,0.3333333333333333,0.135,-1,-1,-1,1.0,1.0,-1.0,0.0,-0.3333333333333333,0.15,-1,-1,-1,0.356862745098039,0.694117647058824,0.803921568627451
77.1078531742096,0.0,0.04341189771206266,0.03,1,1,1,0.0,0.3333333333333333,0.135,-1,-1,-1,1.0,1.0,-1.0,0.0,-0.3333333333333333,0.15,-1,-1,-1,0.356862745098039,0.694117647058824,0.803921568627451
77.14230990409851,0.0,0.04053024009516249,0.03,1,1,1,0.0,0.3333333333333333,0.135,-1,-1,-1,1.0,1.0,-1.0,0.0,-0.3333333333333333,0.15,-1,-1,-1,0.356862745098039,0.694117647058824,0.803921568627451
77.17699337005615,0.0,0.037648582478262325,0.03,1,1,1,0.0,0.3333333333333333,0.135,-1,-1,-1,1.0,1.0,-1.0,0.0,-0.3333333333333333,0.15,-1,-1,-1,0.356862745098039,0.694117647058824,0.803921568627451
77.21880197525024,0.0,0.03476692486136216,0.03,1,1,1,0.0,0.3333333333333333,0.135,-1,-1,-1,1.0,1.0,-1.0,0.0,-0.3333333333333333,0.15,-1,-1,-1,0.356862745098039,0.694117647058824,0.803921568627451
77.26011633872986,0.0,0.031885267244461994,0.03,1,1,1,0.0,0.3333333333333333,0.135,-1,-1,-1,1.0,1.0,-1.0,0.0,-0.3333333333333333,0.15,-1,-1,-1,0.356862745098039,0.694117647058824,0.803921568627451
77.2948739528656,0.0,0.029003609627561832,0.03,1,1,1,0.0,0.3333333333333333,0.135,-1,-1,-1,1.0,1.0,-1.0,0.0,-0.3333333333333333,0.15,-1,-1,-1,0.356862745098039,0.694117647058824,0.803921568627451
77.33403491973877,0.0,0.026121952010661666,0.03,1,1,1,0.0,0.3333333333333333,0.135,-1,-1,-1,1.0,1.0,-1.0,0.0,-0.3333333333333333,0.15,-1,-1,-1,0.356862745098039,0.694117647058824,0.803921568627451
77.36855578422546,0.0,0.0232402943937615,0.03,1,1,1,0.0,0.3333333333333333,0.135,-1,-1,-1,1.0,1.0,-1.0,0.0,-0.3333333333333333,0.15,-1,-1,-1,0.356862745098039,0.694117647058824,0.803921568627451
77.4062750339508,0.0,0.020358636776861335,0.03,1,1,1,0.0,0.3333333333333333,0.135,-1,-1,-1,1.0,1.0,-1.0,0.0,-0.3333333333333333,0.15,-1,-1,-1,0.356862745098039,0.694117647058824,0.803921568627451
77.447918176651,0.0,0.01747697915996117,0.03,1,1,1,0.0,0.3333333333333333,0.135,-1,-1,-1,1.0,1.0,-1.0,0.0,-0.3333333333333333,0.15,-1,-1,-1,0.356862745098039,0.694117647058824,0.803921568627451
77.4828770160675,0.0,0.014595321543061009,0.03,1,1,1,0.0,0.3333333333333333,0.135,-1,-1,-1,1.0,1.0,-1.0,0.0,-0.3333333333333333,0.15,-1,-1,-1,0.356862745098039,0.694117647058824,0.803921568627451
77.51741552352905,0.0,0.011713663926160852,0.03,1,1,1,0.0,0.3333333333333333,0.135,-1,-1,-1,1.0,1.0,-1.0,0.0,-0.3333333333333333,0.15,-1,-1,-1,0.356862745098039,0.694117647058824,0.803921568627451
77.55153274536133,0.0,0.008832006309260695,0.03,1,1,1,0.0,0.3333333333333333,0.135,-1,-1,-1,1.0,1.0,-1.0,0.0,-0.3333333333333333,0.15,-1,-1,-1,0.356862745098039,0.694117647058824,0.803921568627451
77.5928544998169,0.0,0.005950348692360534,0.03,1,1,1,0.0,0.3333333333333333,0.135,-1,-1,-1,1.0,1.0,-1.0,0.0,-0.3333333333333333,0.15,-1,-1,-1,0.356862745098039,0.694117647058824,0.803921568627451
77.62734889984131,0.0,0.0030686910754603733,0.03,1,1,1,0.0,0.3333333333333333,0.135,-1,-1,-1,1.0,1.0,-1.0,0.0,-0.3333333333333333,0.15,-1,-1,-1,0.356862745098039,0.694117647058824,0.803921568627451
77.66264796257019,0.0,0.00018703345856021397,0.03,1,1,1,0.0,0.3333333333333333,0.135,-1,-1,-1,1.0,1.0,-1.0,0.0,-0.3333333333333333,0.15,-1,-1,-1,0.356862745098039,0.694117647058824,0.803921568627451
77.70206069946289,0.0,-0.0026946241583399454,0.03,1,1,1,0.0,0.3333333333333333,0.135,-1,-1,-1,1.0,1.0,-1.0,0.0,-0.3333333333333333,0.15,-1,-1,-1,0.356862745098039,0.694117647058824,0.803921568627451
77.73511362075806,0.0,-0.005576281775240105,0.03,1,1,1,0.0,0.3333333333333333,0.135,-1,-1,-1,1.0,1.0,-1.0,0.0,-0.3333333333333333,0.15,-1,-1,-1,0.356862745098039,0.694117647058824,0.803921568627451
77.77007484436035,0.0,-0.008457939392140266,0.03,1,1,1,0.0,0.3333333333333333,0.135,-1,-1,-1,1.0,1.0,-1.0,0.0,-0.3333333333333333,0.15,-1,-1,-1,0.356862745098039,0.694117647058824,0.803921568627451
77.80785155296326,0.0,-0.011339597009040423,0.03,1,1,1,0.0,0.3333333333333333,0.135,-1,-1,-1,1.0,1.0,-1.0,0.0,-0.3333333333333333,0.15,-1,-1,-1,0.356862745098039,0.694117647058824,0.803921568627451
77.84274053573608,0.0,-0.01422125462594058,0.03,1,1,1,0.0,0.3333333333333333,0.135,-1,-1,-1,1.0,1.0,-1.0,0.0,-0.3333333333333333,0.15,-1,-1,-1,0.356862745098039,0.694117647058824,0.803921568627451
77.87745976448059,0.0,-0.017102912242840742,0.03,1,1,1,0.0,0.3333333333333333,0.135,-1,-1,-1,1.0,1.0,-1.0,0.0,-0.3333333333333333,0.15,-1,-1,-1,0.356862745098039,0.694117647058824,0.803921568627451
77.91237258911133,0.0,-0.019984569859740908,0.03,1,1,1,0.0,0.3333333333333333,0.135,-1,-1,-1,1.0,1.0,-1.0,0.0,-0.3333333333333333,0.15,-1,-1,-1,0.356862745098039,0.694117647058824,0.803921568627451
77.94690155982971,0.0,-0.022866227476641073,0.03,1,1,1,0.0,0.3333333333333333,0.135,-1,-1,-1,1.0,1.0,-1.0,0.0,-0.3333333333333333,0.15,-1,-1,-1,0.356862745098039,0.694117647058824,0.803921568627451
77.98873448371887,0.0,-0.02574788509354124,0.03,1,1,1,0.0,0.3333333333333333,0.135,-1,-1,-1,1.0,1.0,-1.0,0.0,-0.3333333333333333,0.15,-1,-1,-1,0.356862745098039,0.694117647058824,0.803921568627451
78.02301335334778,0.0,-0.028629542710441405,0.03,1,1,1,0.0,0.3333333333333333,0.135,-1,-1,-1,1.0,1.0,-1.0,0.0,-0.3333333333333333,0.15,-1,-1,-1,0.356862745098039,0.694117647058824,0.803921568627451
78.05834293365479,0.0,-0.03151120032734156,0.03,1,1,1,0.0,0.3333333333333333,0.135,-1,-1,-1,1.0,1.0,-1.0,0.0,-0.3333333333333333,0.15,-1,-1,-1,0.356862745098039,0.694117647058824,0.803921568627451
78.0931088924408,0.0,-0.029342795855199534,0.03,1,1,1,0.0,0.3333333333333333,0.135,-1,-1,-1,1.0,1.0,-1.0,0.0,-0.3333333333333333,0.15,-1,-1,-1,0.356862745098039,0.694117647058824,0.803921568627451
78.12777805328369,0.0,-0.023807683323696042,0.03,1,1,1,0.0,0.3333333333333333,0.135,-1,-1,-1,1.0,1.0,-1.0,0.0,-0.3333333333333333,0.15,-1,-1,-1,0.356862745098039,0.694117647058824,0.803921568627451
78.16231966018677,0.0,-0.01827257079219255,0.03,1,1,1,0.0,0.3333333333333333,0.135,-1,-1,-1,1.0,1.0,-1.0,0.0,-0.3333333333333333,0.15,-1,-1,-1,0.356862745098039,0.694117647058824,0.803921568627451
78.20696496963501,0.0,-0.01273745826068906,0.03,1,1,1,0.0,0.3333333333333333,0.135,-1,-1,-1,1.0,1.0,-1.0,0.0,-0.3333333333333333,0.15,-1,-1,-1,0.356862745098039,0.694117647058824,0.803921568627451
78.24559450149536,0.0,-0.007202345729185577,0.03,1,1,1,0.0,0.3333333333333333,0.135,-1,-1,-1,1.0,1.0,-1.0,0.0,-0.3333333333333333,0.15,-1,-1,-1,0.356862745098039,0.694117647058824,0.803921568627451
78.28067994117737,0.0,-0.0016672331976820933,0.03,1,1,1,0.0,0.3333333333333333,0.135,-1,-1,-1,1.0,1.0,-1.0,0.0,-0.3333333333333333,0.15,-1,-1,-1,0.356862745098039,0.694117647058824,0.803921568627451
78.31516599655151,0.0,0.003867879333821391,0.03,1,1,1,0.0,0.3333333333333333,0.135,-1,-1,-1,1.0,1.0,-1.0,0.0,-0.3333333333333333,0.15,-1,-1,-1,0.356862745098039,0.694117647058824,0.803921568627451
78.34956645965576,0.0,0.009402991865324875,0.03,1,1,1,0.0,0.3333333333333333,0.135,-1,-1,-1,1.0,1.0,-1.0,0.0,-0.3333333333333333,0.15,-1,-1,-1,0.356862745098039,0.694117647058824,0.803921568627451
78.39208698272705,0.0,0.014938104396828359,0.03,1,1,1,0.0,0.3333333333333333,0.135,-1,-1,-1,1.0,1.0,-1.0,0.0,-0.3333333333333333,0.15,-1,-1,-1,0.356862745098039,0.694117647058824,0.803921568627451
78.43362522125244,0.0,0.02047321692833185,0.03,1,1,1,0.0,0.3333333333333333,0.135,-1,-1,-1,1.0,1.0,-1.0,0.0,-0.3333333333333333,0.15,-1,-1,-1,0.356862745098039,0.694117647058824,0.803921568627451
78.46773624420166,0.0,0.026008329459835344,0.03,1,1,1,0.0,0.3333333333333333,0.135,-1,-1,-1,1.0,1.0,-1.0,0.0,-0.3333333333333333,0.15,-1,-1,-1,0.356862745098039,0.694117647058824,0.803921568627451
78.50289130210876,0.0,0.031543441991338836,0.03,1,1,1,0.0,0.3333333333333333,0.135,-1,-1,-1,1.0,1.0,-1.0,0.0,-0.3333333333333333,0.15,-1,-1,-1,0.356862745098039,0.694117647058824,0.803921568627451
78.53692650794983,0.0,0.03707855452284231,0.03,1,1,1,0.0,0.3333333333333333,0.135,-1,-1,-1,1.0,1.0,-1.0,0.0,-0.3333333333333333,0.15,-1,-1,-1,0.356862745098039,0.694117647058824,0.803921568627451
78.57542443275452,0.0,0.042613667054345786,0.03,1,1,1,0.0,0.3333333333333333,0.135,-1,-1,-1,1.0,1.0,-1.0,0.0,-0.3333333333333333,0.15,-1,-1,-1,0.356862745098039,0.694117647058824,0.803921568627451
78.60965299606323,0.0,0.04814877958584926,0.03,1,1,1,0.0,0.3333333333333333,0.135,-1,-1,-1,1.0,1.0,-1.0,0.0,-0.3333333333333333,0.15,-1,-1,-1,0.356862745098039,0.694117647058824,0.803921568627451
78.64805960655212,0.0,0.053683892117352736,0.03,1,1,1,0.0,0.3333333333333333,0.135,-1,-1,-1,1.0,1.0,-1.0,0.0,-0.3333333333333333,0.15,-1,-1,-1,0.356862745098039,0.694117647058824,0.803921568627451
78.68331289291382,0.0,0.05921900464885621,0.03,1,1,1,0.0,0.3333333333333333,0.135,-1,-1,-1,1.0,1.0,-1.0,0.0,-0.3333333333333333,0.15,-1,-1,-1,0.356862745098039,0.694117647058824,0.803921568627451
78.71781754493713,0.0,0.06475411718035969,0.03,1,1,1,0.0,0.3333333333333333,0.135,-1,-1,-1,1.0,1.0,-1.0,0.0,-0.3333333333333333,0.15,-1,-1,-1,0.356862745098039,0.694117647058824,0.803921568627451
78.75233340263367,0.0,0.07028922971186316,0.03,1,1,1,0.0,0.3333333333333333,0.135,-1,-1,-1,1.0,1.0,-1.0,0.0,-0.3333333333333333,0.15,-1,-1,-1,0.356862745098039,0.694117647058824,0.803921568627451
78.78724098205566,0.0,0.07582434224336664,0.03,1,1,1,0.0,0.3333333333333333,0.135,-1,-1,-1,1.0,1.0,-1.0,0.0,-0.3333333333333333,0.15,-1,-1,-1,0.356862745098039,0.694117647058824,0.803921568627451
78.82967448234558,0.0,0.08135945477487011,0.03,1,1,1,0.0,0.3333333333333333,0.135,-1,-1,-1,1.0,1.0,-1.0,0.0,-0.3333333333333333,0.15,-1,-1,-1,0.356862745098039,0.694117647058824,0.803921568627451
78.86451745033264,0.0,0.08689456730637359,0.03,1,1,1,0.0,0.3333333333333333,0.135,-1,-1,-1,1.0,1.0,-1.0,0.0,-0.3333333333333333,0.15,-1,-1,-1,0.356862745098039,0.694117647058824,0.803921568627451
78.89893198013306,0.0,0.09242967983787706,0.03,1,1,1,0.0,0.3333333333333333,0.135,-1,-1,-1,1.0,1.0,-1.0,0.0,-0.3333333333333333,0.15,-1,-1,-1,0.356862745098039,0.694117647058824,0.803921568627451
78.93350076675415,0.0,0.09796479236938054,0.03,1,1,1,0.0,0.3333333333333333,0.135,-1,-1,-1,1.0,1.0,-1.0,0.0,-0.3333333333333333,0.15,-1,-1,-1,0.356862745098039,0.694117647058824,0.803921568627451
78.96810674667358,0.0,0.10349990490088401,0.03,1,1,1,0.0,0.3333333333333333,0.135,-1,-1,-1,1.0,1.0,-1.0,0.0,-0.3333333333333333,0.15,-1,-1,-1,0.356862745098039,0.694117647058824,0.803921568627451
79.01191186904907,0.0,0.10903501743238748,0.03,1,1,1,0.0,0.3333333333333333,0.135,-1,-1,-1,1.0,1.0,-1.0,0.0,-0.3333333333333333,0.15,-1,-1,-1,0.356862745098039,0.694117647058824,0.803921568627451
79.04526209831238,0.0,0.11457012996389096,0.03,1,1,1,0.0,0.3333333333333333,0.135,-1,-1,-1,1.0,1.0,-1.0,0.0,-0.3333333333333333,0.15,-1,-1,-1,0.356862745098039,0.694117647058824,0.803921568627451
79.07969355583191,0.0,0.12010524249539442,0.03,1,1,1,0.0,0.3333333333333333,0.135,-1,-1,-1,1.0,1.0,-1.0,0.0,-0.3333333333333333,0.15,-1,-1,-1,0.356862745098039,0.694117647058824,0.803921568627451
79.11412000656128,0.0,0.1256403550268979,0.03,1,1,1,0.0,0.3333333333333333,0.135,-1,-1,-1,1.0,1.0,-1.0,0.0,-0.3333333333333333,0.15,-1,-1,-1,0.356862745098039,0.694117647058824,0.803921568627451
79.14906883239746,0.0,0.13117546755840145,0.03,1,1,1,0.0,0.3333333333333333,0.135,-1,-1,-1,1.0,1.0,-1.0,0.0,-0.3333333333333333,0.15,-1,-1,-1,0.356862745098039,0.694117647058824,0.803921568627451
79.18351340293884,0.0,0.136710580089905,0.03,1,1,1,0.0,0.3333333333333333,0.135,-1,-1,-1,1.0,1.0,-1.0,0.0,-0.3333333333333333,0.15,-1,-1,-1,0.356862745098039,0.694117647058824,0.803921568627451
79.23253083229065,0.0,0.14224569262140854,0.03,1,1,1,0.0,0.3333333333333333,0.135,-1,-1,-1,1.0,1.0,-1.0,0.0,-0.3333333333333333,0.15,-1,-1,-1,0.356862745098039,0.694117647058824,0.803921568627451
79.26735162734985,0.0,0.1477808051529121,0.03,1,1,1,0.0,0.3333333333333333,0.135,-1,-1,-1,1.0,1.0,-1.0,0.0,-0.3333333333333333,0.15,-1,-1,-1,0.356862745098039,0.694117647058824,0.803921568627451
79.30105113983154,0.0,0.14668645137689126,0.03,1,1,1,0.0,0.3333333333333333,0.135,-1,-1,-1,1.0,1.0,-1.0,0.0,-0.3333333333333333,0.15,-1,-1,-1,0.356862745098039,0.694117647058824,0.803921568627451
79.33657956123352,0.0,0.14393473102398935,0.03,1,1,1,0.0,0.3333333333333333,0.135,-1,-1,-1,1.0,1.0,-1.0,0.0,-0.3333333333333333,0.15,-1,-1,-1,0.356862745098039,0.694117647058824,0.803921568627451
79.3702712059021,0.0,0.14118301067108743,0.03,1,1,1,0.0,0.3333333333333333,0.135,-1,-1,-1,1.0,1.0,-1.0,0.0,-0.3333333333333333,0.15,-1,-1,-1,0.356862745098039,0.694117647058824,0.803921568627451
79.41578316688538,0.0,0.13843129031818552,0.03,1,1,1,0.0,0.3333333333333333,0.135,-1,-1,-1,1.0,1.0,-1.0,0.0,-0.3333333333333333,0.15,-1,-1,-1,0.356862745098039,0.694117647058824,0.803921568627451
79.45452952384949,0.0,0.1356795699652836,0.03,1,1,1,0.0,0.3333333333333333,0.135,-1,-1,-1,1.0,1.0,-1.0,0.0,-0.3333333333333333,0.15,-1,-1,-1,0.356862745098039,0.694117647058824,0.803921568627451
79.49558210372925,0.0,0.1329278496123817,0.03,1,1,1,0.0,0.3333333333333333,0.135,-1,-1,-1,1.0,1.0,-1.0,0.0,-0.3333333333333333,0.15,-1,-1,-1,0.356862745098039,0.694117647058824,0.803921568627451
79.53100180625916,0.0,0.13017612925947977,0.03,1,1,1,0.0,0.3333333333333333,0.135,-1,-1,-1,1.0,1.0,-1.0,0.0,-0.3333333333333333,0.15,-1,-1,-1,0.356862745098039,0.694117647058824,0.803921568627451
79.56541109085083,0.0,0.12742440890657786,0.03,1,1,1,0.0,0.3333333333333333,0.135,-1,-1,-1,1.0,1.0,-1.0,0.0,-0.3333333333333333,0.15,-1,-1,-1,0.356862745098039,0.694117647058824,0.803921568627451
79.6070990562439,0.0,0.12467268855367596,0.03,1,1,1,0.0,0.3333333333333333,0.135,-1,-1,-1,1.0,1.0,-1.0,0.0,-0.3333333333333333,0.15,-1,-1,-1,0.356862745098039,0.694117647058824,0.803921568627451
79.65041494369507,0.0,0.12192096820077407,0.03,1,1,1,0.0,0.3333333333333333,0.135,-1,-1,-1,1.0,1.0,-1.0,0.0,-0.3333333333333333,0.15,-1,-1,-1,0.356862745098039,0.694117647058824,0.803921568627451
79.68436694145203,0.0,0.11916924784787218,0.03,1,1,1,0.0,0.3333333333333333,0.135,-1,-1,-1,1.0,1.0,-1.0,0.0,-0.3333333333333333,0.15,-1,-1,-1,0.356862745098039,0.694117647058824,0.803921568627451
79.71884155273438,0.0,0.11641752749497027,0.03,1,1,1,0.0,0.3333333333333333,0.135,-1,-1,-1,1.0,1.0,-1.0,0.0,-0.3333333333333333,0.15,-1,-1,-1,0.356862745098039,0.694117647058824,0.803921568627451
79.75365567207336,0.0,0.11366580714206835,0.03,1,1,1,0.0,0.3333333333333333,0.135,-1,-1,-1,1.0,1.0,-1.0,0.0,-0.3333333333333333,0.15,-1,-1,-1,0.356862745098039,0.694117647058824,0.803921568627451
79.78826832771301,0.0,0.11091408678916644,0.03,1,1,1,0.0,0.3333333333333333,0.135,-1,-1,-1,1.0,1.0,-1.0,0.0,-0.3333333333333333,0.15,-1,-1,-1,0.356862745098039,0.694117647058824,0.803921568627451
79.83614873886108,0.0,0.10816236643626452,0.03,1,1,1,0.0,0.3333333333333333,0.135,-1,-1,-1,1.0,1.0,-1.0,0.0,-0.3333333333333333,0.15,-1,-1,-1,0.356862745098039,0.694117647058824,0.803921568627451
79.8709225654602,0.0,0.1054106460833626,0.03,1,1,1,0.0,0.3333333333333333,0.135,-1,-1,-1,1.0,1.0,-1.0,0.0,-0.3333333333333333,0.15,-1,-1,-1,0.356862745098039,0.694117647058824,0.803921568627451
79.90572929382324,0.0,0.10265892573046069,0.03,1,1,1,0.0,0.3333333333333333,0.135,-1,-1,-1,1.0,1.0,-1.0,0.0,-0.3333333333333333,0.15,-1,-1,-1,0.356862745098039,0.694117647058824,0.803921568627451
79.94047212600708,0.0,0.09990720537755877,0.03,1,1,1,0.0,0.3333333333333333,0.135,-1,-1,-1,1.0,1.0,-1.0,0.0,-0.3333333333333333,0.15,-1,-1,-1,0.356862745098039,0.694117647058824,0.803921568627451
79.98519086837769,0.0,0.09715548502465686,0.03,1,1,1,0.0,0.3333333333333333,0.135,-1,-1,-1,1.0,1.0,-1.0,0.0,-0.3333333333333333,0.15,-1,-1,-1,0.356862745098039,0.694117647058824,0.803921568627451
80.02416563034058,0.0,0.09440376467175494,0.03,1,1,1,0.0,0.3333333333333333,0.135,-1,-1,-1,1.0,1.0,-1.0,0.0,-0.3333333333333333,0.15,-1,-1,-1,0.356862745098039,0.694117647058824,0.803921568627451
80.05879402160645,0.0,0.09165204431885303,0.03,1,1,1,0.0,0.3333333333333333,0.135,-1,-1,-1,1.0,1.0,-1.0,0.0,-0.3333333333333333,0.15,-1,-1,-1,0.356862745098039,0.694117647058824,0.803921568627451
80.09383130073547,0.0,0.08890032396595111,0.03,1,1,1,0.0,0.3333333333333333,0.135,-1,-1,-1,1.0,1.0,-1.0,0.0,-0.3333333333333333,0.15,-1,-1,-1,0.356862745098039,0.694117647058824,0.803921568627451
80.12806725502014,0.0,0.0861486036130492,0.03,1,1,1,0.0,0.3333333333333333,0.135,-1,-1,-1,1.0,1.0,-1.0,0.0,-0.3333333333333333,0.15,-1,-1,-1,0.356862745098039,0.694117647058824,0.803921568627451
80.16997361183167,0.0,0.08339688326014728,0.03,1,1,1,0.0,0.3333333333333333,0.135,-1,-1,-1,1.0,1.0,-1.0,0.0,-0.3333333333333333,0.15,-1,-1,-1,0.356862745098039,0.694117647058824,0.803921568627451
80.21109628677368,0.0,0.08064516290724537,0.03,1,1,1,0.0,0.3333333333333333,0.135,-1,-1,-1,1.0,1.0,-1.0,0.0,-0.3333333333333333,0.15,-1,-1,-1,0.356862745098039,0.694117647058824,0.803921568627451
80.245920419693,0.0,0.07789344255434345,0.03,1,1,1,0.0,0.3333333333333333,0.135,-1,-1,-1,1.0,1.0,-1.0,0.0,-0.3333333333333333,0.15,-1,-1,-1,0.356862745098039,0.694117647058824,0.803921568627451
80.28581976890564,0.0,0.07514172220144154,0.03,1,1,1,0.0,0.3333333333333333,0.135,-1,-1,-1,1.0,1.0,-1.0,0.0,-0.3333333333333333,0.15,-1,-1,-1,0.356862745098039,0.694117647058824,0.803921568627451
80.32098841667175,0.0,0.07239000184853962,0.03,1,1,1,0.0,0.3333333333333333,0.135,-1,-1,-1,1.0,1.0,-1.0,0.0,-0.3333333333333333,0.15,-1,-1,-1,0.356862745098039,0.694117647058824,0.803921568627451
80.3581964969635,0.0,0.06963828149563771,0.03,1,1,1,0.0,0.3333333333333333,0.135,-1,-1,-1,1.0,1.0,-1.0,0.0,-0.3333333333333333,0.15,-1,-1,-1,0.356862745098039,0.694117647058824,0.803921568627451
80.39874172210693,0.0,0.06688656114273579,0.03,1,1,1,0.0,0.3333333333333333,0.135,-1,-1,-1,1.0,1.0,-1.0,0.0,-0.3333333333333333,0.15,-1,-1,-1,0.356862745098039,0.694117647058824,0.803921568627451
80.43349146842957,0.0,0.06413484078983388,0.03,1,1,1,0.0,0.3333333333333333,0.135,-1,-1,-1,1.0,1.0,-1.0,0.0,-0.3333333333333333,0.15,-1,-1,-1,0.356862745098039,0.694117647058824,0.803921568627451
80.46813178062439,0.0,0.06138312043693194,0.03,1,1,1,0.0,0.3333333333333333,0.135,-1,-1,-1,1.0,1.0,-1.0,0.0,-0.3333333333333333,0.15,-1,-1,-1,0.356862745098039,0.694117647058824,0.803921568627451
80.50294637680054,0.0,0.06070919191322084,0.03,1,1,1,0.0,0.3333333333333333,0.135,-1,-1,-1,1.0,1.0,-1.0,0.0,-0.3333333333333333,0.15,-1,-1,-1,0.356862745098039,0.694117647058824,0.803921568627451
80.54392385482788,0.0,0.06055471134680745,0.03,1,1,1,0.0,0.3333333333333333,0.135,-1,-1,-1,1.0,1.0,-1.0,0.0,-0.3333333333333333,0.15,-1,-1,-1,0.356862745098039,0.694117647058824,0.803921568627451
80.57864093780518,0.0,0.06040023078039406,0.03,1,1,1,0.0,0.3333333333333333,0.135,-1,-1,-1,1.0,1.0,-1.0,0.0,-0.3333333333333333,0.15,-1,-1,-1,0.356862745098039,0.694117647058824,0.803921568627451
80.61342525482178,0.0,0.06024575021398067,0.03,1,1,1,0.0,0.3333333333333333,0.135,-1,-1,-1,1.0,1.0,-1.0,0.0,-0.3333333333333333,0.15,-1,-1,-1,0.356862745098039,0.694117647058824,0.803921568627451
80.6522569656372,0.0,0.06009126964756727,0.03,1,1,1,0.0,0.3333333333333333,0.135,-1,-1,-1,1.0,1.0,-1.0,0.0,-0.3333333333333333,0.15,-1,-1,-1,0.356862745098039,0.694117647058824,0.803921568627451
80.6862690448761,0.0,0.05993678908115388,0.03,1,1,1,0.0,0.3333333333333333,0.135,-1,-1,-1,1.0,1.0,-1.0,0.0,-0.3333333333333333,0.15,-1,-1,-1,0.356862745098039,0.694117647058824,0.803921568627451
80.7212450504303,0.0,0.05978230851474047,0.03,1,1,1,0.0,0.3333333333333333,0.135,-1,-1,-1,1.0,1.0,-1.0,0.0,-0.3333333333333333,0.15,-1,-1,-1,0.356862745098039,0.694117647058824,0.803921568627451
80.75935053825378,0.0,0.059627827948327064,0.03,1,1,1,0.0,0.3333333333333333,0.135,-1,-1,-1,1.0,1.0,-1.0,0.0,-0.3333333333333333,0.15,-1,-1,-1,0.356862745098039,0.694117647058824,0.803921568627451
80.79370069503784,0.0,0.05947334738191367,0.03,1,1,1,0.0,0.3333333333333333,0.135,-1,-1,-1,1.0,1.0,-1.0,0.0,-0.3333333333333333,0.15,-1,-1,-1,0.356862745098039,0.694117647058824,0.803921568627451
80.82903623580933,0.0,0.05931886681550026,0.03,1,1,1,0.0,0.3333333333333333,0.135,-1,-1,-1,1.0,1.0,-1.0,0.0,-0.3333333333333333,0.15,-1,-1,-1,0.356862745098039,0.694117647058824,0.803921568627451
80.86353492736816,0.0,0.05916438624908687,0.03,1,1,1,0.0,0.3333333333333333,0.135,-1,-1,-1,1.0,1.0,-1.0,0.0,-0.3333333333333333,0.15,-1,-1,-1,0.356862745098039,0.694117647058824,0.803921568627451
80.89785051345825,0.0,0.05900990568267348,0.03,1,1,1,0.0,0.3333333333333333,0.135,-1,-1,-1,1.0,1.0,-1.0,0.0,-0.3333333333333333,0.15,-1,-1,-1,0.356862745098039,0.694117647058824,0.803921568627451
80.93988704681396,0.0,0.058855425116260095,0.03,1,1,1,0.0,0.3333333333333333,0.135,-1,-1,-1,1.0,1.0,-1.0,0.0,-0.3333333333333333,0.15,-1,-1,-1,0.356862745098039,0.694117647058824,0.803921568627451
80.97468662261963,0.0,0.05870094454984671,0.03,1,1,1,0.0,0.3333333333333333,0.135,-1,-1,-1,1.0,1.0,-1.0,0.0,-0.3333333333333333,0.15,-1,-1,-1,0.356862745098039,0.694117647058824,0.803921568627451
81.00906419754028,0.0,0.05854646398343332,0.03,1,1,1,0.0,0.3333333333333333,0.135,-1,-1,-1,1.0,1.0,-1.0,0.0,-0.3333333333333333,0.15,-1,-1,-1,0.356862745098039,0.694117647058824,0.803921568627451
81.04387855529785,0.0,0.058391983417019934,0.03,1,1,1,0.0,0.3333333333333333,0.135,-1,-1,-1,1.0,1.0,-1.0,0.0,-0.3333333333333333,0.15,-1,-1,-1,0.356862745098039,0.694117647058824,0.803921568627451
81.07896542549133,0.0,0.05823750285060655,0.03,1,1,1,0.0,0.3333333333333333,0.135,-1,-1,-1,1.0,1.0,-1.0,0.0,-0.3333333333333333,0.15,-1,-1,-1,0.356862745098039,0.694117647058824,0.803921568627451
81.12394261360168,0.0,0.05808302228419316,0.03,1,1,1,0.0,0.3333333333333333,0.135,-1,-1,-1,1.0,1.0,-1.0,0.0,-0.3333333333333333,0.15,-1,-1,-1,0.356862745098039,0.694117647058824,0.803921568627451
81.16173315048218,0.0,0.05792854171777977,0.03,1,1,1,0.0,0.3333333333333333,0.135,-1,-1,-1,1.0,1.0,-1.0,0.0,-0.3333333333333333,0.15,-1,-1,-1,0.356862745098039,0.694117647058824,0.803921568627451
81.19698762893677,0.0,0.057774061151366386,0.03,1,1,1,0.0,0.3333333333333333,0.135,-1,-1,-1,1.0,1.0,-1.0,0.0,-0.3333333333333333,0.15,-1,-1,-1,0.356862745098039,0.694117647058824,0.803921568627451
81.23129653930664,0.0,0.057619580584953,0.03,1,1,1,0.0,0.3333333333333333,0.135,-1,-1,-1,1.0,1.0,-1.0,0.0,-0.3333333333333333,0.15,-1,-1,-1,0.356862745098039,0.694117647058824,0.803921568627451
81.2663345336914,0.0,0.05746510001853961,0.03,1,1,1,0.0,0.3333333333333333,0.135,-1,-1,-1,1.0,1.0,-1.0,0.0,-0.3333333333333333,0.15,-1,-1,-1,0.356862745098039,0.694117647058824,0.803921568627451
81.30148029327393,0.0,0.057310619452126225,0.03,1,1,1,0.0,0.3333333333333333,0.135,-1,-1,-1,1.0,1.0,-1.0,0.0,-0.3333333333333333,0.15,-1,-1,-1,0.356862745098039,0.694117647058824,0.803921568627451
81.34419655799866,0.0,0.05715613888571284,0.03,1,1,1,0.0,0.3333333333333333,0.135,-1,-1,-1,1.0,1.0,-1.0,0.0,-0.3333333333333333,0.15,-1,-1,-1,0.356862745098039,0.694117647058824,0.803921568627451
81.37755012512207,0.0,0.05700165831929945,0.03,1,1,1,0.0,0.3333333333333333,0.135,-1,-1,-1,1.0,1.0,-1.0,0.0,-0.3333333333333333,0.15,-1,-1,-1,0.356862745098039,0.694117647058824,0.803921568627451
81.4122724533081,0.0,0.056847177752886065,0.03,1,1,1,0.0,0.3333333333333333,0.135,-1,-1,-1,1.0,1.0,-1.0,0.0,-0.3333333333333333,0.15,-1,-1,-1,0.356862745098039,0.694117647058824,0.803921568627451
81.44659686088562,0.0,0.05669269718647268,0.03,1,1,1,0.0,0.3333333333333333,0.135,-1,-1,-1,1.0,1.0,-1.0,0.0,-0.3333333333333333,0.15,-1,-1,-1,0.356862745098039,0.694117647058824,0.803921568627451
81.48170375823975,0.0,0.05653821662005929,0.03,1,1,1,0.0,0.3333333333333333,0.135,-1,-1,-1,1.0,1.0,-1.0,0.0,-0.3333333333333333,0.15,-1,-1,-1,0.356862745098039,0.694117647058824,0.803921568627451
81.52495861053467,0.0,0.056383736053645904,0.03,1,1,1,0.0,0.3333333333333333,0.135,-1,-1,-1,1.0,1.0,-1.0,0.0,-0.3333333333333333,0.15,-1,-1,-1,0.356862745098039,0.694117647058824,0.803921568627451
81.55922150611877,0.0,0.05622925548723252,0.03,1,1,1,0.0,0.3333333333333333,0.135,-1,-1,-1,1.0,1.0,-1.0,0.0,-0.3333333333333333,0.15,-1,-1,-1,0.356862745098039,0.694117647058824,0.803921568627451
81.59224009513855,0.0,0.05607477492081913,0.03,1,1,1,0.0,0.3333333333333333,0.135,-1,-1,-1,1.0,1.0,-1.0,0.0,-0.3333333333333333,0.15,-1,-1,-1,0.356862745098039,0.694117647058824,0.803921568627451
81.6280677318573,0.0,0.05592029435440574,0.03,1,1,1,0.0,0.3333333333333333,0.135,-1,-1,-1,1.0,1.0,-1.0,0.0,-0.3333333333333333,0.15,-1,-1,-1,0.356862745098039,0.694117647058824,0.803921568627451
81.66254925727844,0.0,0.055765813787992356,0.03,1,1,1,0.0,0.3333333333333333,0.135,-1,-1,-1,1.0,1.0,-1.0,0.0,-0.3333333333333333,0.15,-1,-1,-1,0.356862745098039,0.694117647058824,0.803921568627451
81.69692540168762,0.0,0.05404633484562654,0.03,1,1,1,0.0,0.3333333333333333,0.135,-1,-1,-1,1.0,1.0,-1.0,0.0,-0.3333333333333333,0.15,-1,-1,-1,0.356862745098039,0.694117647058824,0.803921568627451
81.73867630958557,0.0,0.05128352365262578,0.03,1,1,1,0.0,0.3333333333333333,0.135,-1,-1,-1,1.0,1.0,-1.0,0.0,-0.3333333333333333,0.15,-1,-1,-1,0.356862745098039,0.694117647058824,0.803921568627451
81.77353286743164,0.0,0.04852071245962501,0.03,1,1,1,0.0,0.3333333333333333,0.135,-1,-1,-1,1.0,1.0,-1.0,0.0,-0.3333333333333333,0.15,-1,-1,-1,0.356862745098039,0.694117647058824,0.803921568627451
81.80824637413025,0.0,0.04575790126662425,0.03,1,1,1,0.0,0.3333333333333333,0.135,-1,-1,-1,1.0,1.0,-1.0,0.0,-0.3333333333333333,0.15,-1,-1,-1,0.356862745098039,0.694117647058824,0.803921568627451
81.8429639339447,0.0,0.04299509007362348,0.03,1,1,1,0.0,0.3333333333333333,0.135,-1,-1,-1,1.0,1.0,-1.0,0.0,-0.3333333333333333,0.15,-1,-1,-1,0.356862745098039,0.694117647058824,0.803921568627451
81.87771010398865,0.0,0.04023227888062272,0.03,1,1,1,0.0,0.3333333333333333,0.135,-1,-1,-1,1.0,1.0,-1.0,0.0,-0.3333333333333333,0.15,-1,-1,-1,0.356862745098039,0.694117647058824,0.803921568627451
81.91949439048767,0.0,0.03746946768762195,0.03,1,1,1,0.0,0.3333333333333333,0.135,-1,-1,-1,1.0,1.0,-1.0,0.0,-0.3333333333333333,0.15,-1,-1,-1,0.356862745098039,0.694117647058824,0.803921568627451
81.95384120941162,0.0,0.03470665649462119,0.03,1,1,1,0.0,0.3333333333333333,0.135,-1,-1,-1,1.0,1.0,-1.0,0.0,-0.3333333333333333,0.15,-1,-1,-1,0.356862745098039,0.694117647058824,0.803921568627451
81.98898220062256,0.0,0.03194384530162042,0.03,1,1,1,0.0,0.3333333333333333,0.135,-1,-1,-1,1.0,1.0,-1.0,0.0,-0.3333333333333333,0.15,-1,-1,-1,0.356862745098039,0.694117647058824,0.803921568627451
82.02713060379028,0.0,0.02918103410861965,0.03,1,1,1,0.0,0.3333333333333333,0.135,-1,-1,-1,1.0,1.0,-1.0,0.0,-0.3333333333333333,0.15,-1,-1,-1,0.356862745098039,0.694117647058824,0.803921568627451
82.06188654899597,0.0,0.026418222915618867,0.03,1,1,1,0.0,0.3333333333333333,0.135,-1,-1,-1,1.0,1.0,-1.0,0.0,-0.3333333333333333,0.15,-1,-1,-1,0.356862745098039,0.694117647058824,0.803921568627451
82.09921789169312,0.0,0.023655411722618085,0.03,1,1,1,0.0,0.3333333333333333,0.135,-1,-1,-1,1.0,1.0,-1.0,0.0,-0.3333333333333333,0.15,-1,-1,-1,0.356862745098039,0.694117647058824,0.803921568627451
82.13451743125916,0.0,0.020892600529617302,0.03,1,1,1,0.0,0.3333333333333333,0.135,-1,-1,-1,1.0,1.0,-1.0,0.0,-0.3333333333333333,0.15,-1,-1,-1,0.356862745098039,0.694117647058824,0.803921568627451
82.16888880729675,0.0,0.01812978933661652,0.03,1,1,1,0.0,0.3333333333333333,0.135,-1,-1,-1,1.0,1.0,-1.0,0.0,-0.3333333333333333,0.15,-1,-1,-1,0.356862745098039,0.694117647058824,0.803921568627451
82.20373392105103,0.0,0.015366978143615739,0.03,1,1,1,0.0,0.3333333333333333,0.135,-1,-1,-1,1.0,1.0,-1.0,0.0,-0.3333333333333333,0.15,-1,-1,-1,0.356862745098039,0.694117647058824,0.803921568627451
82.23843908309937,0.0,0.012604166950614965,0.03,1,1,1,0.0,0.3333333333333333,0.135,-1,-1,-1,1.0,1.0,-1.0,0.0,-0.3333333333333333,0.15,-1,-1,-1,0.356862745098039,0.694117647058824,0.803921568627451
82.30113768577576,0.0,0.009841355757614191,0.03,1,1,1,0.0,0.3333333333333333,0.135,-1,-1,-1,1.0,1.0,-1.0,0.0,-0.3333333333333333,0.15,-1,-1,-1,0.356862745098039,0.694117647058824,0.803921568627451
82.33748126029968,0.0,0.0070785445646134185,0.03,1,1,1,0.0,0.3333333333333333,0.135,-1,-1,-1,1.0,1.0,-1.0,0.0,-0.3333333333333333,0.15,-1,-1,-1,0.356862745098039,0.694117647058824,0.803921568627451
82.37069749832153,0.0,0.004315733371612645,0.03,1,1,1,0.0,0.3333333333333333,0.135,-1,-1,-1,1.0,1.0,-1.0,0.0,-0.3333333333333333,0.15,-1,-1,-1,0.356862745098039,0.694117647058824,0.803921568627451
82.40504908561707,0.0,0.0015529221786118705,0.03,1,1,1,0.0,0.3333333333333333,0.135,-1,-1,-1,1.0,1.0,-1.0,0.0,-0.3333333333333333,0.15,-1,-1,-1,0.356862745098039,0.694117647058824,0.803921568627451
82.44721126556396,0.0,-0.0012098890143889037,0.03,1,1,1,0.0,0.3333333333333333,0.135,-1,-1,-1,1.0,1.0,-1.0,0.0,-0.3333333333333333,0.15,-1,-1,-1,0.356862745098039,0.694117647058824,0.803921568627451
82.48232007026672,0.0,-0.0039727002073896775,0.03,1,1,1,0.0,0.3333333333333333,0.135,-1,-1,-1,1.0,1.0,-1.0,0.0,-0.3333333333333333,0.15,-1,-1,-1,0.356862745098039,0.694117647058824,0.803921568627451
82.5168285369873,0.0,-0.006735511400390451,0.03,1,1,1,0.0,0.3333333333333333,0.135,-1,-1,-1,1.0,1.0,-1.0,0.0,-0.3333333333333333,0.15,-1,-1,-1,0.356862745098039,0.694117647058824,0.803921568627451
82.55163598060608,0.0,-0.009498322593391225,0.03,1,1,1,0.0,0.3333333333333333,0.135,-1,-1,-1,1.0,1.0,-1.0,0.0,-0.3333333333333333,0.15,-1,-1,-1,0.356862745098039,0.694117647058824,0.803921568627451
82.5932183265686,0.0,-0.012261133786391999,0.03,1,1,1,0.0,0.3333333333333333,0.135,-1,-1,-1,1.0,1.0,-1.0,0.0,-0.3333333333333333,0.15,-1,-1,-1,0.356862745098039,0.694117647058824,0.803921568627451
82.63645362854004,0.0,-0.015023944979392771,0.03,1,1,1,0.0,0.3333333333333333,0.135,-1,-1,-1,1.0,1.0,-1.0,0.0,-0.3333333333333333,0.15,-1,-1,-1,0.356862745098039,0.694117647058824,0.803921568627451
82.66840529441833,0.0,-0.01778675617239355,0.03,1,1,1,0.0,0.3333333333333333,0.135,-1,-1,-1,1.0,1.0,-1.0,0.0,-0.3333333333333333,0.15,-1,-1,-1,0.356862745098039,0.694117647058824,0.803921568627451
82.7044825553894,0.0,-0.020549567365394334,0.03,1,1,1,0.0,0.3333333333333333,0.135,-1,-1,-1,1.0,1.0,-1.0,0.0,-0.3333333333333333,0.15,-1,-1,-1,0.356862745098039,0.694117647058824,0.803921568627451
82.7394711971283,0.0,-0.023312378558395117,0.03,1,1,1,0.0,0.3333333333333333,0.135,-1,-1,-1,1.0,1.0,-1.0,0.0,-0.3333333333333333,0.15,-1,-1,-1,0.356862745098039,0.694117647058824,0.803921568627451
82.77569603919983,0.0,-0.0260751897513959,0.03,1,1,1,0.0,0.3333333333333333,0.135,-1,-1,-1,1.0,1.0,-1.0,0.0,-0.3333333333333333,0.15,-1,-1,-1,0.356862745098039,0.694117647058824,0.803921568627451
82.82211446762085,0.0,-0.02883800094439668,0.03,1,1,1,0.0,0.3333333333333333,0.135,-1,-1,-1,1.0,1.0,-1.0,0.0,-0.3333333333333333,0.15,-1,-1,-1,0.356862745098039,0.694117647058824,0.803921568627451
82.8569507598877,0.0,-0.03160081213739746,0.03,1,1,1,0.0,0.3333333333333333,0.135,-1,-1,-1,1.0,1.0,-1.0,0.0,-0.3333333333333333,0.15,-1,-1,-1,0.356862745098039,0.694117647058824,0.803921568627451
82.89221954345703,0.0,-0.035145474701437245,0.03,1,1,1,0.0,0.3333333333333333,0.135,-1,-1,-1,1.0,1.0,-1.0,0.0,-0.3333333333333333,0.15,-1,-1,-1,0.356862745098039,0.694117647058824,0.803921568627451
82.92670822143555,0.0,-0.03986291432203556,0.03,1,1,1,0.0,0.3333333333333333,0.135,-1,-1,-1,1.0,1.0,-1.0,0.0,-0.3333333333333333,0.15,-1,-1,-1,0.356862745098039,0.694117647058824,0.803921568627451
82.97198271751404,0.0,-0.04458035394263387,0.03,1,1,1,0.0,0.3333333333333333,0.135,-1,-1,-1,1.0,1.0,-1.0,0.0,-0.3333333333333333,0.15,-1,-1,-1,0.356862745098039,0.694117647058824,0.803921568627451
83.01056838035583,0.0,-0.04929779356323218,0.03,1,1,1,0.0,0.3333333333333333,0.135,-1,-1,-1,1.0,1.0,-1.0,0.0,-0.3333333333333333,0.15,-1,-1,-1,0.356862745098039,0.694117647058824,0.803921568627451
83.05174779891968,0.0,-0.054015233183830495,0.03,1,1,1,0.0,0.3333333333333333,0.135,-1,-1,-1,1.0,1.0,-1.0,0.0,-0.3333333333333333,0.15,-1,-1,-1,0.356862745098039,0.694117647058824,0.803921568627451
83.08626294136047,0.0,-0.05873267280442881,0.03,1,1,1,0.0,0.3333333333333333,0.135,-1,-1,-1,1.0,1.0,-1.0,0.0,-0.3333333333333333,0.15,-1,-1,-1,0.356862745098039,0.694117647058824,0.803921568627451
83.12124300003052,0.0,-0.06345011242502711,0.03,1,1,1,0.0,0.3333333333333333,0.135,-1,-1,-1,1.0,1.0,-1.0,0.0,-0.3333333333333333,0.15,-1,-1,-1,0.356862745098039,0.694117647058824,0.803921568627451
83.16304326057434,0.0,-0.06816755204562543,0.03,1,1,1,0.0,0.3333333333333333,0.135,-1,-1,-1,1.0,1.0,-1.0,0.0,-0.3333333333333333,0.15,-1,-1,-1,0.356862745098039,0.694117647058824,0.803921568627451
83.20617175102234,0.0,-0.07288499166622374,0.03,1,1,1,0.0,0.3333333333333333,0.135,-1,-1,-1,1.0,1.0,-1.0,0.0,-0.3333333333333333,0.15,-1,-1,-1,0.356862745098039,0.694117647058824,0.803921568627451
83.24017095565796,0.0,-0.07760243128682205,0.03,1,1,1,0.0,0.3333333333333333,0.135,-1,-1,-1,1.0,1.0,-1.0,0.0,-0.3333333333333333,0.15,-1,-1,-1,0.356862745098039,0.694117647058824,0.803921568627451
83.27387642860413,0.0,-0.08231987090742036,0.03,1,1,1,0.0,0.3333333333333333,0.135,-1,-1,-1,1.0,1.0,-1.0,0.0,-0.3333333333333333,0.15,-1,-1,-1,0.356862745098039,0.694117647058824,0.803921568627451
83.30988693237305,0.0,-0.08703731052801868,0.03,1,1,1,0.0,0.3333333333333333,0.135,-1,-1,-1,1.0,1.0,-1.0,0.0,-0.3333333333333333,0.15,-1,-1,-1,0.356862745098039,0.694117647058824,0.803921568627451
83.34493517875671,0.0,-0.09175475014861699,0.03,1,1,1,0.0,0.3333333333333333,0.135,-1,-1,-1,1.0,1.0,-1.0,0.0,-0.3333333333333333,0.15,-1,-1,-1,0.356862745098039,0.694117647058824,0.803921568627451
83.39215111732483,0.0,-0.0964721897692153,0.03,1,1,1,0.0,0.3333333333333333,0.135,-1,-1,-1,1.0,1.0,-1.0,0.0,-0.3333333333333333,0.15,-1,-1,-1,0.356862745098039,0.694117647058824,0.803921568627451
83.42691397666931,0.0,-0.10118962938981362,0.03,1,1,1,0.0,0.3333333333333333,0.135,-1,-1,-1,1.0,1.0,-1.0,0.0,-0.3333333333333333,0.15,-1,-1,-1,0.356862745098039,0.694117647058824,0.803921568627451
83.46135950088501,0.0,-0.10590706901041193,0.03,1,1,1,0.0,0.3333333333333333,0.135,-1,-1,-1,1.0,1.0,-1.0,0.0,-0.3333333333333333,0.15,-1,-1,-1,0.356862745098039,0.694117647058824,0.803921568627451
83.49569654464722,0.0,-0.11062450863101024,0.03,1,1,1,0.0,0.3333333333333333,0.135,-1,-1,-1,1.0,1.0,-1.0,0.0,-0.3333333333333333,0.15,-1,-1,-1,0.356862745098039,0.694117647058824,0.803921568627451
83.54105925559998,0.0,-0.11534194825160855,0.03,1,1,1,0.0,0.3333333333333333,0.135,-1,-1,-1,1.0,1.0,-1.0,0.0,-0.3333333333333333,0.15,-1,-1,-1,0.356862745098039,0.694117647058824,0.803921568627451
83.57866597175598,0.0,-0.12005938787220687,0.03,1,1,1,0.0,0.3333333333333333,0.135,-1,-1,-1,1.0,1.0,-1.0,0.0,-0.3333333333333333,0.15,-1,-1,-1,0.356862745098039,0.694117647058824,0.803921568627451
83.61369800567627,0.0,-0.12477682749280516,0.03,1,1,1,0.0,0.3333333333333333,0.135,-1,-1,-1,1.0,1.0,-1.0,0.0,-0.3333333333333333,0.15,-1,-1,-1,0.356862745098039,0.694117647058824,0.803921568627451
83.64873361587524,0.0,-0.12949426711340348,0.03,1,1,1,0.0,0.3333333333333333,0.135,-1,-1,-1,1.0,1.0,-1.0,0.0,-0.3333333333333333,0.15,-1,-1,-1,0.356862745098039,0.694117647058824,0.803921568627451
83.6832287311554,0.0,-0.1342117067340018,0.03,1,1,1,0.0,0.3333333333333333,0.135,-1,-1,-1,1.0,1.0,-1.0,0.0,-0.3333333333333333,0.15,-1,-1,-1,0.356862745098039,0.694117647058824,0.803921568627451
83.72534108161926,0.0,-0.1389291463546001,0.03,1,1,1,0.0,0.3333333333333333,0.135,-1,-1,-1,1.0,1.0,-1.0,0.0,-0.3333333333333333,0.15,-1,-1,-1,0.356862745098039,0.694117647058824,0.803921568627451
83.76665115356445,0.0,-0.14364658597519842,0.03,1,1,1,0.0,0.3333333333333333,0.135,-1,-1,-1,1.0,1.0,-1.0,0.0,-0.3333333333333333,0.15,-1,-1,-1,0.356862745098039,0.694117647058824,0.803921568627451
83.80865907669067,0.0,-0.14836402559579673,0.03,1,1,1,0.0,0.3333333333333333,0.135,-1,-1,-1,1.0,1.0,-1.0,0.0,-0.3333333333333333,0.15,-1,-1,-1,0.356862745098039,0.694117647058824,0.803921568627451
83.84279561042786,0.0,-0.15308146521639504,0.03,1,1,1,0.0,0.3333333333333333,0.135,-1,-1,-1,1.0,1.0,-1.0,0.0,-0.3333333333333333,0.15,-1,-1,-1,0.356862745098039,0.694117647058824,0.803921568627451
83.87754034996033,0.0,-0.15779890483699335,0.03,1,1,1,0.0,0.3333333333333333,0.135,-1,-1,-1,1.0,1.0,-1.0,0.0,-0.3333333333333333,0.15,-1,-1,-1,0.356862745098039,0.694117647058824,0.803921568627451
83.91211533546448,0.0,-0.16251634445759167,0.03,1,1,1,0.0,0.3333333333333333,0.135,-1,-1,-1,1.0,1.0,-1.0,0.0,-0.3333333333333333,0.15,-1,-1,-1,0.356862745098039,0.694117647058824,0.803921568627451
83.95385193824768,0.0,-0.16723378407818998,0.03,1,1,1,0.0,0.3333333333333333,0.135,-1,-1,-1,1.0,1.0,-1.0,0.0,-0.3333333333333333,0.15,-1,-1,-1,0.356862745098039,0.694117647058824,0.803921568627451
83.98860216140747,0.0,-0.1719512236987883,0.03,1,1,1,0.0,0.3333333333333333,0.135,-1,-1,-1,1.0,1.0,-1.0,0.0,-0.3333333333333333,0.15,-1,-1,-1,0.356862745098039,0.694117647058824,0.803921568627451
84.02336072921753,0.0,-0.1766686633193866,0.03,1,1,1,0.0,0.3333333333333333,0.135,-1,-1,-1,1.0,1.0,-1.0,0.0,-0.3333333333333333,0.15,-1,-1,-1,0.356862745098039,0.694117647058824,0.803921568627451
84.05844950675964,0.0,-0.18138610293998492,0.03,1,1,1,0.0,0.3333333333333333,0.135,-1,-1,-1,1.0,1.0,-1.0,0.0,-0.3333333333333333,0.15,-1,-1,-1,0.356862745098039,0.694117647058824,0.803921568627451
84.10022449493408,0.0,-0.18368500461194218,0.03,1,1,1,0.0,0.3333333333333333,0.135,-1,-1,-1,1.0,1.0,-1.0,0.0,-0.3333333333333333,0.15,-1,-1,-1,0.356862745098039,0.694117647058824,0.803921568627451
84.14215683937073,0.0,-0.18235609936093786,0.03,1,1,1,0.0,0.3333333333333333,0.135,-1,-1,-1,1.0,1.0,-1.0,0.0,-0.3333333333333333,0.15,-1,-1,-1,0.356862745098039,0.694117647058824,0.803921568627451
84.17635154724121,0.0,-0.18102719410993354,0.03,1,1,1,0.0,0.3333333333333333,0.135,-1,-1,-1,1.0,1.0,-1.0,0.0,-0.3333333333333333,0.15,-1,-1,-1,0.356862745098039,0.694117647058824,0.803921568627451
84.21103429794312,0.0,-0.17969828885892922,0.03,1,1,1,0.0,0.3333333333333333,0.135,-1,-1,-1,1.0,1.0,-1.0,0.0,-0.3333333333333333,0.15,-1,-1,-1,0.356862745098039,0.694117647058824,0.803921568627451
84.24592089653015,0.0,-0.1783693836079249,0.03,1,1,1,0.0,0.3333333333333333,0.135,-1,-1,-1,1.0,1.0,-1.0,0.0,-0.3333333333333333,0.15,-1,-1,-1,0.356862745098039,0.694117647058824,0.803921568627451
84.28010034561157,0.0,-0.17704047835692058,0.03,1,1,1,0.0,0.3333333333333333,0.135,-1,-1,-1,1.0,1.0,-1.0,0.0,-0.3333333333333333,0.15,-1,-1,-1,0.356862745098039,0.694117647058824,0.803921568627451
84.32196760177612,0.0,-0.17571157310591626,0.03,1,1,1,0.0,0.3333333333333333,0.135,-1,-1,-1,1.0,1.0,-1.0,0.0,-0.3333333333333333,0.15,-1,-1,-1,0.356862745098039,0.694117647058824,0.803921568627451
84.3568742275238,0.0,-0.17438266785491194,0.03,1,1,1,0.0,0.3333333333333333,0.135,-1,-1,-1,1.0,1.0,-1.0,0.0,-0.3333333333333333,0.15,-1,-1,-1,0.356862745098039,0.694117647058824,0.803921568627451
84.39153933525085,0.0,-0.17305376260390762,0.03,1,1,1,0.0,0.3333333333333333,0.135,-1,-1,-1,1.0,1.0,-1.0,0.0,-0.3333333333333333,0.15,-1,-1,-1,0.356862745098039,0.694117647058824,0.803921568627451
84.42629551887512,0.0,-0.1717248573529033,0.03,1,1,1,0.0,0.3333333333333333,0.135,-1,-1,-1,1.0,1.0,-1.0,0.0,-0.3333333333333333,0.15,-1,-1,-1,0.356862745098039,0.694117647058824,0.803921568627451
84.46751570701599,0.0,-0.17039595210189898,0.03,1,1,1,0.0,0.3333333333333333,0.135,-1,-1,-1,1.0,1.0,-1.0,0.0,-0.3333333333333333,0.15,-1,-1,-1,0.356862745098039,0.694117647058824,0.803921568627451
84.5025384426117,0.0,-0.16906704685089466,0.03,1,1,1,0.0,0.3333333333333333,0.135,-1,-1,-1,1.0,1.0,-1.0,0.0,-0.3333333333333333,0.15,-1,-1,-1,0.356862745098039,0.694117647058824,0.803921568627451
84.53721308708191,0.0,-0.16773814159989034,0.03,1,1,1,0.0,0.3333333333333333,0.135,-1,-1,-1,1.0,1.0,-1.0,0.0,-0.3333333333333333,0.15,-1,-1,-1,0.356862745098039,0.694117647058824,0.803921568627451
84.57583260536194,0.0,-0.16640923634888602,0.03,1,1,1,0.0,0.3333333333333333,0.135,-1,-1,-1,1.0,1.0,-1.0,0.0,-0.3333333333333333,0.15,-1,-1,-1,0.356862745098039,0.694117647058824,0.803921568627451
84.61146759986877,0.0,-0.1650803310978817,0.03,1,1,1,0.0,0.3333333333333333,0.135,-1,-1,-1,1.0,1.0,-1.0,0.0,-0.3333333333333333,0.15,-1,-1,-1,0.356862745098039,0.694117647058824,0.803921568627451
84.64813923835754,0.0,-0.16375142584687738,0.03,1,1,1,0.0,0.3333333333333333,0.135,-1,-1,-1,1.0,1.0,-1.0,0.0,-0.3333333333333333,0.15,-1,-1,-1,0.356862745098039,0.694117647058824,0.803921568627451
84.68983697891235,0.0,-0.16242252059587306,0.03,1,1,1,0.0,0.3333333333333333,0.135,-1,-1,-1,1.0,1.0,-1.0,0.0,-0.3333333333333333,0.15,-1,-1,-1,0.356862745098039,0.694117647058824,0.803921568627451
84.72494435310364,0.0,-0.16109361534486874,0.03,1,1,1,0.0,0.3333333333333333,0.135,-1,-1,-1,1.0,1.0,-1.0,0.0,-0.3333333333333333,0.15,-1,-1,-1,0.356862745098039,0.694117647058824,0.803921568627451
84.75937557220459,0.0,-0.15976471009386442,0.03,1,1,1,0.0,0.3333333333333333,0.135,-1,-1,-1,1.0,1.0,-1.0,0.0,-0.3333333333333333,0.15,-1,-1,-1,0.356862745098039,0.694117647058824,0.803921568627451
84.79441022872925,0.0,-0.1584358048428601,0.03,1,1,1,0.0,0.3333333333333333,0.135,-1,-1,-1,1.0,1.0,-1.0,0.0,-0.3333333333333333,0.15,-1,-1,-1,0.356862745098039,0.694117647058824,0.803921568627451
84.83605527877808,0.0,-0.15710689959185578,0.03,1,1,1,0.0,0.3333333333333333,0.135,-1,-1,-1,1.0,1.0,-1.0,0.0,-0.3333333333333333,0.15,-1,-1,-1,0.356862745098039,0.694117647058824,0.803921568627451
84.87108826637268,0.0,-0.15577799434085146,0.03,1,1,1,0.0,0.3333333333333333,0.135,-1,-1,-1,1.0,1.0,-1.0,0.0,-0.3333333333333333,0.15,-1,-1,-1,0.356862745098039,0.694117647058824,0.803921568627451
84.90560364723206,0.0,-0.15444908908984714,0.03,1,1,1,0.0,0.3333333333333333,0.135,-1,-1,-1,1.0,1.0,-1.0,0.0,-0.3333333333333333,0.15,-1,-1,-1,0.356862745098039,0.694117647058824,0.803921568627451
84.94382834434509,0.0,-0.15312018383884282,0.03,1,1,1,0.0,0.3333333333333333,0.135,-1,-1,-1,1.0,1.0,-1.0,0.0,-0.3333333333333333,0.15,-1,-1,-1,0.356862745098039,0.694117647058824,0.803921568627451
84.97804284095764,0.0,-0.1517912785878385,0.03,1,1,1,0.0,0.3333333333333333,0.135,-1,-1,-1,1.0,1.0,-1.0,0.0,-0.3333333333333333,0.15,-1,-1,-1,0.356862745098039,0.694117647058824,0.803921568627451
85.01684045791626,0.0,-0.15046237333683418,0.03,1,1,1,0.0,0.3333333333333333,0.135,-1,-1,-1,1.0,1.0,-1.0,0.0,-0.3333333333333333,0.15,-1,-1,-1,0.356862745098039,0.694117647058824,0.803921568627451
85.05142211914062,0.0,-0.14913346808582986,0.03,1,1,1,0.0,0.3333333333333333,0.135,-1,-1,-1,1.0,1.0,-1.0,0.0,-0.3333333333333333,0.15,-1,-1,-1,0.356862745098039,0.694117647058824,0.803921568627451
85.08577132225037,0.0,-0.14780456283482554,0.03,1,1,1,0.0,0.3333333333333333,0.135,-1,-1,-1,1.0,1.0,-1.0,0.0,-0.3333333333333333,0.15,-1,-1,-1,0.356862745098039,0.694117647058824,0.803921568627451
85.1205644607544,0.0,-0.14647565758382122,0.03,1,1,1,0.0,0.3333333333333333,0.135,-1,-1,-1,1.0,1.0,-1.0,0.0,-0.3333333333333333,0.15,-1,-1,-1,0.356862745098039,0.694117647058824,0.803921568627451
85.15620422363281,0.0,-0.1451467523328169,0.03,1,1,1,0.0,0.3333333333333333,0.135,-1,-1,-1,1.0,1.0,-1.0,0.0,-0.3333333333333333,0.15,-1,-1,-1,0.356862745098039,0.694117647058824,0.803921568627451
85.19741153717041,0.0,-0.14381784708181258,0.03,1,1,1,0.0,0.3333333333333333,0.135,-1,-1,-1,1.0,1.0,-1.0,0.0,-0.3333333333333333,0.15,-1,-1,-1,0.356862745098039,0.694117647058824,0.803921568627451
85.23142528533936,0.0,-0.14248894183080826,0.03,1,1,1,0.0,0.3333333333333333,0.135,-1,-1,-1,1.0,1.0,-1.0,0.0,-0.3333333333333333,0.15,-1,-1,-1,0.356862745098039,0.694117647058824,0.803921568627451
85.26616144180298,0.0,-0.14116003657980394,0.03,1,1,1,0.0,0.3333333333333333,0.135,-1,-1,-1,1.0,1.0,-1.0,0.0,-0.3333333333333333,0.15,-1,-1,-1,0.356862745098039,0.694117647058824,0.803921568627451
85.30200529098511,0.0,-0.14301326003566167,0.03,1,1,1,0.0,0.3333333333333333,0.135,-1,-1,-1,1.0,1.0,-1.0,0.0,-0.3333333333333333,0.15,-1,-1,-1,0.356862745098039,0.694117647058824,0.803921568627451
85.33633184432983,0.0,-0.14698790262942743,0.03,1,1,1,0.0,0.3333333333333333,0.135,-1,-1,-1,1.0,1.0,-1.0,0.0,-0.3333333333333333,0.15,-1,-1,-1,0.356862745098039,0.694117647058824,0.803921568627451
85.37071442604065,0.0,-0.1509625452231932,0.03,1,1,1,0.0,0.3333333333333333,0.135,-1,-1,-1,1.0,1.0,-1.0,0.0,-0.3333333333333333,0.15,-1,-1,-1,0.356862745098039,0.694117647058824,0.803921568627451
85.41622042655945,0.0,-0.15493718781695895,0.03,1,1,1,0.0,0.3333333333333333,0.135,-1,-1,-1,1.0,1.0,-1.0,0.0,-0.3333333333333333,0.15,-1,-1,-1,0.356862745098039,0.694117647058824,0.803921568627451
85.45362377166748,0.0,-0.1589118304107247,0.03,1,1,1,0.0,0.3333333333333333,0.135,-1,-1,-1,1.0,1.0,-1.0,0.0,-0.3333333333333333,0.15,-1,-1,-1,0.356862745098039,0.694117647058824,0.803921568627451
85.48949813842773,0.0,-0.16288647300449047,0.03,1,1,1,0.0,0.3333333333333333,0.135,-1,-1,-1,1.0,1.0,-1.0,0.0,-0.3333333333333333,0.15,-1,-1,-1,0.356862745098039,0.694117647058824,0.803921568627451
85.52369570732117,0.0,-0.16686111559825623,0.03,1,1,1,0.0,0.3333333333333333,0.135,-1,-1,-1,1.0,1.0,-1.0,0.0,-0.3333333333333333,0.15,-1,-1,-1,0.356862745098039,0.694117647058824,0.803921568627451
85.55895853042603,0.0,-0.17083575819202199,0.03,1,1,1,0.0,0.3333333333333333,0.135,-1,-1,-1,1.0,1.0,-1.0,0.0,-0.3333333333333333,0.15,-1,-1,-1,0.356862745098039,0.694117647058824,0.803921568627451
85.60063982009888,0.0,-0.17481040078578775,0.03,1,1,1,0.0,0.3333333333333333,0.135,-1,-1,-1,1.0,1.0,-1.0,0.0,-0.3333333333333333,0.15,-1,-1,-1,0.356862745098039,0.694117647058824,0.803921568627451
85.64227771759033,0.0,-0.1787850433795535,0.03,1,1,1,0.0,0.3333333333333333,0.135,-1,-1,-1,1.0,1.0,-1.0,0.0,-0.3333333333333333,0.15,-1,-1,-1,0.356862745098039,0.694117647058824,0.803921568627451
85.67689061164856,0.0,-0.18275968597331926,0.03,1,1,1,0.0,0.3333333333333333,0.135,-1,-1,-1,1.0,1.0,-1.0,0.0,-0.3333333333333333,0.15,-1,-1,-1,0.356862745098039,0.694117647058824,0.803921568627451
85.71148014068604,0.0,-0.18673432856708502,0.03,1,1,1,0.0,0.3333333333333333,0.135,-1,-1,-1,1.0,1.0,-1.0,0.0,-0.3333333333333333,0.15,-1,-1,-1,0.356862745098039,0.694117647058824,0.803921568627451
85.75043153762817,0.0,-0.19070897116085078,0.03,1,1,1,0.0,0.3333333333333333,0.135,-1,-1,-1,1.0,1.0,-1.0,0.0,-0.3333333333333333,0.15,-1,-1,-1,0.356862745098039,0.694117647058824,0.803921568627451
85.78544116020203,0.0,-0.19468361375461654,0.03,1,1,1,0.0,0.3333333333333333,0.135,-1,-1,-1,1.0,1.0,-1.0,0.0,-0.3333333333333333,0.15,-1,-1,-1,0.356862745098039,0.694117647058824,0.803921568627451
85.82383966445923,0.0,-0.1986582563483823,0.03,1,1,1,0.0,0.3333333333333333,0.135,-1,-1,-1,1.0,1.0,-1.0,0.0,-0.3333333333333333,0.15,-1,-1,-1,0.356862745098039,0.694117647058824,0.803921568627451
85.8714394569397,0.0,-0.20263289894214806,0.03,1,1,1,0.0,0.3333333333333333,0.135,-1,-1,-1,1.0,1.0,-1.0,0.0,-0.3333333333333333,0.15,-1,-1,-1,0.356862745098039,0.694117647058824,0.803921568627451
85.9061176776886,0.0,-0.20660754153591382,0.03,1,1,1,0.0,0.3333333333333333,0.135,-1,-1,-1,1.0,1.0,-1.0,0.0,-0.3333333333333333,0.15,-1,-1,-1,0.356862745098039,0.694117647058824,0.803921568627451
85.94044661521912,0.0,-0.21058218412967958,0.03,1,1,1,0.0,0.3333333333333333,0.135,-1,-1,-1,1.0,1.0,-1.0,0.0,-0.3333333333333333,0.15,-1,-1,-1,0.356862745098039,0.694117647058824,0.803921568627451
85.97528553009033,0.0,-0.21455682672344534,0.03,1,1,1,0.0,0.3333333333333333,0.135,-1,-1,-1,1.0,1.0,-1.0,0.0,-0.3333333333333333,0.15,-1,-1,-1,0.356862745098039,0.694117647058824,0.803921568627451
86.01985383033752,0.0,-0.2185314693172111,0.03,1,1,1,0.0,0.3333333333333333,0.135,-1,-1,-1,1.0,1.0,-1.0,0.0,-0.3333333333333333,0.15,-1,-1,-1,0.356862745098039,0.694117647058824,0.803921568627451
86.05892395973206,0.0,-0.22250611191097686,0.03,1,1,1,0.0,0.3333333333333333,0.135,-1,-1,-1,1.0,1.0,-1.0,0.0,-0.3333333333333333,0.15,-1,-1,-1,0.356862745098039,0.694117647058824,0.803921568627451
86.10037136077881,0.0,-0.22648075450474262,0.03,1,1,1,0.0,0.3333333333333333,0.135,-1,-1,-1,1.0,1.0,-1.0,0.0,-0.3333333333333333,0.15,-1,-1,-1,0.356862745098039,0.694117647058824,0.803921568627451
86.13571047782898,0.0,-0.23045539709850837,0.03,1,1,1,0.0,0.3333333333333333,0.135,-1,-1,-1,1.0,1.0,-1.0,0.0,-0.3333333333333333,0.15,-1,-1,-1,0.356862745098039,0.694117647058824,0.803921568627451
86.17037844657898,0.0,-0.23443003969227413,0.03,1,1,1,0.0,0.3333333333333333,0.135,-1,-1,-1,1.0,1.0,-1.0,0.0,-0.3333333333333333,0.15,-1,-1,-1,0.356862745098039,0.694117647058824,0.803921568627451
86.211674451828,0.0,-0.23840468228603992,0.03,1,1,1,0.0,0.3333333333333333,0.135,-1,-1,-1,1.0,1.0,-1.0,0.0,-0.3333333333333333,0.15,-1,-1,-1,0.356862745098039,0.694117647058824,0.803921568627451
86.25593757629395,0.0,-0.2423793248798057,0.03,1,1,1,0.0,0.3333333333333333,0.135,-1,-1,-1,1.0,1.0,-1.0,0.0,-0.3333333333333333,0.15,-1,-1,-1,0.356862745098039,0.694117647058824,0.803921568627451
86.29502201080322,0.0,-0.2463539674735715,0.03,1,1,1,0.0,0.3333333333333333,0.135,-1,-1,-1,1.0,1.0,-1.0,0.0,-0.3333333333333333,0.15,-1,-1,-1,0.356862745098039,0.694117647058824,0.803921568627451
86.32982611656189,0.0,-0.2503286100673373,0.03,1,1,1,0.0,0.3333333333333333,0.135,-1,-1,-1,1.0,1.0,-1.0,0.0,-0.3333333333333333,0.15,-1,-1,-1,0.356862745098039,0.694117647058824,0.803921568627451
86.36492323875427,0.0,-0.2543032526611032,0.03,1,1,1,0.0,0.3333333333333333,0.135,-1,-1,-1,1.0,1.0,-1.0,0.0,-0.3333333333333333,0.15,-1,-1,-1,0.356862745098039,0.694117647058824,0.803921568627451
86.39903903007507,0.0,-0.2582778952548691,0.03,1,1,1,0.0,0.3333333333333333,0.135,-1,-1,-1,1.0,1.0,-1.0,0.0,-0.3333333333333333,0.15,-1,-1,-1,0.356862745098039,0.694117647058824,0.803921568627451
86.44088172912598,0.0,-0.262252537848635,0.03,1,1,1,0.0,0.3333333333333333,0.135,-1,-1,-1,1.0,1.0,-1.0,0.0,-0.3333333333333333,0.15,-1,-1,-1,0.356862745098039,0.694117647058824,0.803921568627451
86.4825234413147,0.0,-0.2662271804424009,0.03,1,1,1,0.0,0.3333333333333333,0.135,-1,-1,-1,1.0,1.0,-1.0,0.0,-0.3333333333333333,0.15,-1,-1,-1,0.356862745098039,0.694117647058824,0.803921568627451
86.52573943138123,0.0,-0.2662271804424009,0.03,1,1,1,0.0,0.3333333333333333,0.135,-1,-1,-1,1.0,1.0,-1.0,0.0,-0.3333333333333333,0.15,-1,-1,-1,0.356862745098039,0.694117647058824,0.803921568627451
86.55869674682617,0.0,-0.2662271804424009,0.03,1,1,1,0.0,0.3333333333333333,0.135,-1,-1,-1,1.0,1.0,-1.0,0.0,-0.3333333333333333,0.15,-1,-1,-1,0.356862745098039,0.694117647058824,0.803921568627451
86.59274935722351,0.0,-0.2662271804424009,0.03,1,1,1,0.0,0.3333333333333333,0.135,-1,-1,-1,1.0,1.0,-1.0,0.0,-0.3333333333333333,0.15,-1,-1,-1,0.356862745098039,0.694117647058824,0.803921568627451
86.627023935318,0.0,-0.2662271804424009,0.03,1,1,1,0.0,0.3333333333333333,0.135,-1,-1,-1,1.0,1.0,-1.0,0.0,-0.3333333333333333,0.15,-1,-1,-1,0.356862745098039,0.694117647058824,0.803921568627451
86.66153883934021,0.0,-0.2662271804424009,0.03,1,1,1,0.0,0.3333333333333333,0.135,-1,-1,-1,1.0,1.0,-1.0,0.0,-0.3333333333333333,0.15,-1,-1,-1,0.356862745098039,0.694117647058824,0.803921568627451
86.70368552207947,0.0,-0.2662271804424009,0.03,1,1,1,0.0,0.3333333333333333,0.135,-1,-1,-1,1.0,1.0,-1.0,0.0,-0.3333333333333333,0.15,-1,-1,-1,0.356862745098039,0.694117647058824,0.803921568627451
86.73886227607727,0.0,-0.2662271804424009,0.03,1,1,1,0.0,0.3333333333333333,0.135,-1,-1,-1,1.0,1.0,-1.0,0.0,-0.3333333333333333,0.15,-1,-1,-1,0.356862745098039,0.694117647058824,0.803921568627451
86.7731065750122,0.0,-0.2662271804424009,0.03,1,1,1,0.0,0.3333333333333333,0.135,-1,-1,-1,1.0,1.0,-1.0,0.0,-0.3333333333333333,0.15,-1,-1,-1,0.356862745098039,0.694117647058824,0.803921568627451
86.80792760848999,0.0,-0.2662271804424009,0.03,1,1,1,0.0,0.3333333333333333,0.135,-1,-1,-1,1.0,1.0,-1.0,0.0,-0.3333333333333333,0.15,-1,-1,-1,0.356862745098039,0.694117647058824,0.803921568627451
86.84293580055237,0.0,-0.2662271804424009,0.03,1,1,1,0.0,0.3333333333333333,0.135,-1,-1,-1,1.0,1.0,-1.0,0.0,-0.3333333333333333,0.15,-1,-1,-1,0.356862745098039,0.694117647058824,0.803921568627451
86.88411140441895,0.0,-0.2662271804424009,0.03,1,1,1,0.0,0.3333333333333333,0.135,-1,-1,-1,1.0,1.0,-1.0,0.0,-0.3333333333333333,0.15,-1,-1,-1,0.356862745098039,0.694117647058824,0.803921568627451
86.91860914230347,0.0,-0.2662271804424009,0.03,1,1,1,0.0,0.3333333333333333,0.135,-1,-1,-1,1.0,1.0,-1.0,0.0,-0.3333333333333333,0.15,-1,-1,-1,0.356862745098039,0.694117647058824,0.803921568627451
86.95348954200745,0.0,-0.2662271804424009,0.03,1,1,1,0.0,0.3333333333333333,0.135,-1,-1,-1,1.0,1.0,-1.0,0.0,-0.3333333333333333,0.15,-1,-1,-1,0.356862745098039,0.694117647058824,0.803921568627451
86.99249053001404,0.0,-0.2662271804424009,0.03,1,1,1,0.0,0.3333333333333333,0.135,-1,-1,-1,1.0,1.0,-1.0,0.0,-0.3333333333333333,0.15,-1,-1,-1,0.356862745098039,0.694117647058824,0.803921568627451
87.02686333656311,0.0,-0.2662271804424009,0.03,1,1,1,0.0,0.3333333333333333,0.135,-1,-1,-1,1.0,1.0,-1.0,0.0,-0.3333333333333333,0.15,-1,-1,-1,0.356862745098039,0.694117647058824,0.803921568627451
87.06486821174622,0.0,-0.2662271804424009,0.03,1,1,1,0.0,0.3333333333333333,0.135,-1,-1,-1,1.0,1.0,-1.0,0.0,-0.3333333333333333,0.15,-1,-1,-1,0.356862745098039,0.694117647058824,0.803921568627451
87.11388659477234,0.0,-0.2662271804424009,0.03,1,1,1,0.0,0.3333333333333333,0.135,-1,-1,-1,1.0,1.0,-1.0,0.0,-0.3333333333333333,0.15,-1,-1,-1,0.356862745098039,0.694117647058824,0.803921568627451
87.147953748703,0.0,-0.2662271804424009,0.03,1,1,1,0.0,0.3333333333333333,0.135,-1,-1,-1,1.0,1.0,-1.0,0.0,-0.3333333333333333,0.15,-1,-1,-1,0.356862745098039,0.694117647058824,0.803921568627451
87.18277788162231,0.0,-0.2662271804424009,0.03,1,1,1,0.0,0.3333333333333333,0.135,-1,-1,-1,1.0,1.0,-1.0,0.0,-0.3333333333333333,0.15,-1,-1,-1,0.356862745098039,0.694117647058824,0.803921568627451
87.21774172782898,0.0,-0.2662271804424009,0.03,1,1,1,0.0,0.3333333333333333,0.135,-1,-1,-1,1.0,1.0,-1.0,0.0,-0.3333333333333333,0.15,-1,-1,-1,0.356862745098039,0.694117647058824,0.803921568627451
87.25235486030579,0.0,-0.2662271804424009,0.03,1,1,1,0.0,0.3333333333333333,0.135,-1,-1,-1,1.0,1.0,-1.0,0.0,-0.3333333333333333,0.15,-1,-1,-1,0.356862745098039,0.694117647058824,0.803921568627451
87.29590511322021,0.0,-0.2662271804424009,0.03,1,1,1,0.0,0.3333333333333333,0.135,-1,-1,-1,1.0,1.0,-1.0,0.0,-0.3333333333333333,0.15,-1,-1,-1,0.356862745098039,0.694117647058824,0.803921568627451
87.32963418960571,0.0,-0.2662271804424009,0.03,1,1,1,0.0,0.3333333333333333,0.135,-1,-1,-1,1.0,1.0,-1.0,0.0,-0.3333333333333333,0.15,-1,-1,-1,0.356862745098039,0.694117647058824,0.803921568627451
87.36335015296936,0.0,-0.2662271804424009,0.03,1,1,1,0.0,0.3333333333333333,0.135,-1,-1,-1,1.0,1.0,-1.0,0.0,-0.3333333333333333,0.15,-1,-1,-1,0.356862745098039,0.694117647058824,0.803921568627451
87.3982720375061,0.0,-0.2662271804424009,0.03,1,1,1,0.0,0.3333333333333333,0.135,-1,-1,-1,1.0,1.0,-1.0,0.0,-0.3333333333333333,0.15,-1,-1,-1,0.356862745098039,0.694117647058824,0.803921568627451
87.43329620361328,0.0,-0.2662271804424009,0.03,1,1,1,0.0,0.3333333333333333,0.135,-1,-1,-1,1.0,1.0,-1.0,0.0,-0.3333333333333333,0.15,-1,-1,-1,0.356862745098039,0.694117647058824,0.803921568627451
87.46728229522705,0.0,-0.2662271804424009,0.03,1,1,1,0.0,0.3333333333333333,0.135,-1,-1,-1,1.0,1.0,-1.0,0.0,-0.3333333333333333,0.15,-1,-1,-1,0.356862745098039,0.694117647058824,0.803921568627451
87.50921177864075,0.0,-0.2662271804424009,0.03,1,1,1,0.0,0.3333333333333333,0.135,-1,-1,-1,1.0,1.0,-1.0,0.0,-0.3333333333333333,0.15,-1,-1,-1,0.356862745098039,0.694117647058824,0.803921568627451
87.5441062450409,0.0,-0.2662271804424009,0.03,1,1,1,0.0,0.3333333333333333,0.135,-1,-1,-1,1.0,1.0,-1.0,0.0,-0.3333333333333333,0.15,-1,-1,-1,0.356862745098039,0.694117647058824,0.803921568627451
87.57824397087097,0.0,-0.2662271804424009,0.03,1,1,1,0.0,0.3333333333333333,0.135,-1,-1,-1,1.0,1.0,-1.0,0.0,-0.3333333333333333,0.15,-1,-1,-1,0.356862745098039,0.694117647058824,0.803921568627451
87.61340761184692,0.0,-0.2662271804424009,0.03,1,1,1,0.0,0.3333333333333333,0.135,-1,-1,-1,1.0,1.0,-1.0,0.0,-0.3333333333333333,0.15,-1,-1,-1,0.356862745098039,0.694117647058824,0.803921568627451
87.64794707298279,0.0,-0.2662271804424009,0.03,1,1,1,0.0,0.3333333333333333,0.135,-1,-1,-1,1.0,1.0,-1.0,0.0,-0.3333333333333333,0.15,-1,-1,-1,0.356862745098039,0.694117647058824,0.803921568627451
87.68254518508911,0.0,-0.2662271804424009,0.03,1,1,1,0.0,0.3333333333333333,0.135,-1,-1,-1,1.0,1.0,-1.0,0.0,-0.3333333333333333,0.15,-1,-1,-1,0.356862745098039,0.694117647058824,0.803921568627451
87.7246835231781,0.0,-0.2662271804424009,0.03,1,1,1,0.0,0.3333333333333333,0.135,-1,-1,-1,1.0,1.0,-1.0,0.0,-0.3333333333333333,0.15,-1,-1,-1,0.356862745098039,0.694117647058824,0.803921568627451
87.75898456573486,0.0,-0.2662271804424009,0.03,1,1,1,0.0,0.3333333333333333,0.135,-1,-1,-1,1.0,1.0,-1.0,0.0,-0.3333333333333333,0.15,-1,-1,-1,0.356862745098039,0.694117647058824,0.803921568627451
87.79340505599976,0.0,-0.2662271804424009,0.03,1,1,1,0.0,0.3333333333333333,0.135,-1,-1,-1,1.0,1.0,-1.0,0.0,-0.3333333333333333,0.15,-1,-1,-1,0.356862745098039,0.694117647058824,0.803921568627451
87.83200693130493,0.0,-0.2662271804424009,0.03,1,1,1,0.0,0.3333333333333333,0.135,-1,-1,-1,1.0,1.0,-1.0,0.0,-0.3333333333333333,0.15,-1,-1,-1,0.356862745098039,0.694117647058824,0.803921568627451
87.86668634414673,0.0,-0.2662271804424009,0.03,1,1,1,0.0,0.3333333333333333,0.135,-1,-1,-1,1.0,1.0,-1.0,0.0,-0.3333333333333333,0.15,-1,-1,-1,0.356862745098039,0.694117647058824,0.803921568627451
87.90465450286865,0.0,-0.2662271804424009,0.03,1,1,1,0.0,0.3333333333333333,0.135,-1,-1,-1,1.0,1.0,-1.0,0.0,-0.3333333333333333,0.15,-1,-1,-1,0.356862745098039,0.694117647058824,0.803921568627451
87.9393994808197,0.0,-0.2662271804424009,0.03,1,1,1,0.0,0.3333333333333333,0.135,-1,-1,-1,1.0,1.0,-1.0,0.0,-0.3333333333333333,0.15,-1,-1,-1,0.356862745098039,0.694117647058824,0.803921568627451
87.97428679466248,0.0,-0.2662271804424009,0.03,1,1,1,0.0,0.3333333333333333,0.135,-1,-1,-1,1.0,1.0,-1.0,0.0,-0.3333333333333333,0.15,-1,-1,-1,0.356862745098039,0.694117647058824,0.803921568627451
88.0089361667633,0.0,-0.2662271804424009,0.03,1,1,1,0.0,0.3333333333333333,0.135,-1,-1,-1,1.0,1.0,-1.0,0.0,-0.3333333333333333,0.15,-1,-1,-1,0.356862745098039,0.694117647058824,0.803921568627451
88.04345273971558,0.0,-0.2662271804424009,0.03,1,1,1,0.0,0.3333333333333333,0.135,-1,-1,-1,1.0,1.0,-1.0,0.0,-0.3333333333333333,0.15,-1,-1,-1,0.356862745098039,0.694117647058824,0.803921568627451
88.07834553718567,0.0,-0.2662271804424009,0.03,1,1,1,0.0,0.3333333333333333,0.135,-1,-1,-1,1.0,1.0,-1.0,0.0,-0.3333333333333333,0.15,-1,-1,-1,0.356862745098039,0.694117647058824,0.803921568627451
88.12045907974243,0.0,-0.2662271804424009,0.03,1,1,1,0.0,0.3333333333333333,0.135,-1,-1,-1,1.0,1.0,-1.0,0.0,-0.3333333333333333,0.15,-1,-1,-1,0.356862745098039,0.694117647058824,0.803921568627451
88.15465259552002,0.0,-0.2662271804424009,0.03,1,1,1,0.0,0.3333333333333333,0.135,-1,-1,-1,1.0,1.0,-1.0,0.0,-0.3333333333333333,0.15,-1,-1,-1,0.356862745098039,0.694117647058824,0.803921568627451
88.1894199848175,0.0,-0.2662271804424009,0.03,1,1,1,0.0,0.3333333333333333,0.135,-1,-1,-1,1.0,1.0,-1.0,0.0,-0.3333333333333333,0.15,-1,-1,-1,0.356862745098039,0.694117647058824,0.803921568627451
88.2242202758789,0.0,-0.2662271804424009,0.03,1,1,1,0.0,0.3333333333333333,0.135,-1,-1,-1,1.0,1.0,-1.0,0.0,-0.3333333333333333,0.15,-1,-1,-1,0.356862745098039,0.694117647058824,0.803921568627451
88.25890302658081,0.0,-0.2662271804424009,0.03,1,1,1,0.0,0.3333333333333333,0.135,-1,-1,-1,1.0,1.0,-1.0,0.0,-0.3333333333333333,0.15,-1,-1,-1,0.356862745098039,0.694117647058824,0.803921568627451
88.29359316825867,0.0,-0.2662271804424009,0.03,1,1,1,0.0,0.3333333333333333,0.135,-1,-1,-1,1.0,1.0,-1.0,0.0,-0.3333333333333333,0.15,-1,-1,-1,0.356862745098039,0.694117647058824,0.803921568627451
88.3376190662384,0.0,-0.2662271804424009,0.03,1,1,1,0.0,0.3333333333333333,0.135,-1,-1,-1,1.0,1.0,-1.0,0.0,-0.3333333333333333,0.15,-1,-1,-1,0.356862745098039,0.694117647058824,0.803921568627451
88.37118458747864,0.0,-0.2662271804424009,0.03,1,1,1,0.0,0.3333333333333333,0.135,-1,-1,-1,1.0,1.0,-1.0,0.0,-0.3333333333333333,0.15,-1,-1,-1,0.356862745098039,0.694117647058824,0.803921568627451
88.40454125404358,0.0,-0.2662271804424009,0.03,1,1,1,0.0,0.3333333333333333,0.135,-1,-1,-1,1.0,1.0,-1.0,0.0,-0.3333333333333333,0.15,-1,-1,-1,0.356862745098039,0.694117647058824,0.803921568627451
88.43986868858337,0.0,-0.2662271804424009,0.03,1,1,1,0.0,0.3333333333333333,0.135,-1,-1,-1,1.0,1.0,-1.0,0.0,-0.3333333333333333,0.15,-1,-1,-1,0.356862745098039,0.694117647058824,0.803921568627451
88.4762876033783,0.0,-0.2662271804424009,0.03,1,1,1,0.0,0.3333333333333333,0.135,-1,-1,-1,1.0,1.0,-1.0,0.0,-0.3333333333333333,0.15,-1,-1,-1,0.356862745098039,0.694117647058824,0.803921568627451
88.51641345024109,0.0,-0.2662271804424009,0.03,1,1,1,0.0,0.3333333333333333,0.135,-1,-1,-1,1.0,1.0,-1.0,0.0,-0.3333333333333333,0.15,-1,-1,-1,0.356862745098039,0.694117647058824,0.803921568627451
88.55084252357483,0.0,-0.2662271804424009,0.03,1,1,1,0.0,0.3333333333333333,0.135,-1,-1,-1,1.0,1.0,-1.0,0.0,-0.3333333333333333,0.15,-1,-1,-1,0.356862745098039,0.694117647058824,0.803921568627451
88.58598589897156,0.0,-0.2662271804424009,0.03,1,1,1,0.0,0.3333333333333333,0.135,-1,-1,-1,1.0,1.0,-1.0,0.0,-0.3333333333333333,0.15,-1,-1,-1,0.356862745098039,0.694117647058824,0.803921568627451
88.62054300308228,0.0,-0.2662271804424009,0.03,1,1,1,0.0,0.3333333333333333,0.135,-1,-1,-1,1.0,1.0,-1.0,0.0,-0.3333333333333333,0.15,-1,-1,-1,0.356862745098039,0.694117647058824,0.803921568627451
88.65574812889099,0.0,-0.2662271804424009,0.03,1,1,1,0.0,0.3333333333333333,0.135,-1,-1,-1,1.0,1.0,-1.0,0.0,-0.3333333333333333,0.15,-1,-1,-1,0.356862745098039,0.694117647058824,0.803921568627451
88.69695258140564,0.0,-0.2662271804424009,0.03,1,1,1,0.0,0.3333333333333333,0.135,-1,-1,-1,1.0,1.0,-1.0,0.0,-0.3333333333333333,0.15,-1,-1,-1,0.356862745098039,0.694117647058824,0.803921568627451
88.73163533210754,0.0,-0.2662271804424009,0.03,1,1,1,0.0,0.3333333333333333,0.135,-1,-1,-1,1.0,1.0,-1.0,0.0,-0.3333333333333333,0.15,-1,-1,-1,0.356862745098039,0.694117647058824,0.803921568627451
88.76566338539124,0.0,-0.2662271804424009,0.03,1,1,1,0.0,0.3333333333333333,0.135,-1,-1,-1,1.0,1.0,-1.0,0.0,-0.3333333333333333,0.15,-1,-1,-1,0.356862745098039,0.694117647058824,0.803921568627451
88.80065703392029,0.0,-0.2662271804424009,0.03,1,1,1,0.0,0.3333333333333333,0.135,-1,-1,-1,1.0,1.0,-1.0,0.0,-0.3333333333333333,0.15,-1,-1,-1,0.356862745098039,0.694117647058824,0.803921568627451
88.83983159065247,0.0,-0.2662271804424009,0.03,1,1,1,0.0,0.3333333333333333,0.135,-1,-1,-1,1.0,1.0,-1.0,0.0,-0.3333333333333333,0.15,-1,-1,-1,0.356862745098039,0.694117647058824,0.803921568627451
88.87500333786011,0.0,-0.2662271804424009,0.03,1,1,1,0.0,0.3333333333333333,0.135,-1,-1,-1,1.0,1.0,-1.0,0.0,-0.3333333333333333,0.15,-1,-1,-1,0.356862745098039,0.694117647058824,0.803921568627451
88.91338109970093,0.0,-0.2629523926508952,0.03,1,1,1,0.0,0.3333333333333333,0.135,-1,-1,-1,1.0,1.0,-1.0,0.0,-0.3333333333333333,0.15,-1,-1,-1,0.356862745098039,0.694117647058824,0.803921568627451
88.95433807373047,0.0,-0.2574944129983857,0.03,1,1,1,0.0,0.3333333333333333,0.135,-1,-1,-1,1.0,1.0,-1.0,0.0,-0.3333333333333333,0.15,-1,-1,-1,0.356862745098039,0.694117647058824,0.803921568627451
88.989497423172,0.0,-0.2520364333458762,0.03,1,1,1,0.0,0.3333333333333333,0.135,-1,-1,-1,1.0,1.0,-1.0,0.0,-0.3333333333333333,0.15,-1,-1,-1,0.356862745098039,0.694117647058824,0.803921568627451
89.0241322517395,0.0,-0.24657845369336673,0.03,1,1,1,0.0,0.3333333333333333,0.135,-1,-1,-1,1.0,1.0,-1.0,0.0,-0.3333333333333333,0.15,-1,-1,-1,0.356862745098039,0.694117647058824,0.803921568627451
89.06546974182129,0.0,-0.2411204740408573,0.03,1,1,1,0.0,0.3333333333333333,0.135,-1,-1,-1,1.0,1.0,-1.0,0.0,-0.3333333333333333,0.15,-1,-1,-1,0.356862745098039,0.694117647058824,0.803921568627451
89.10895872116089,0.0,-0.2356624943883478,0.03,1,1,1,0.0,0.3333333333333333,0.135,-1,-1,-1,1.0,1.0,-1.0,0.0,-0.3333333333333333,0.15,-1,-1,-1,0.356862745098039,0.694117647058824,0.803921568627451
89.14218521118164,0.0,-0.2302045147358383,0.03,1,1,1,0.0,0.3333333333333333,0.135,-1,-1,-1,1.0,1.0,-1.0,0.0,-0.3333333333333333,0.15,-1,-1,-1,0.356862745098039,0.694117647058824,0.803921568627451
89.17783617973328,0.0,-0.2247465350833288,0.03,1,1,1,0.0,0.3333333333333333,0.135,-1,-1,-1,1.0,1.0,-1.0,0.0,-0.3333333333333333,0.15,-1,-1,-1,0.356862745098039,0.694117647058824,0.803921568627451
89.2132556438446,0.0,-0.21928855543081932,0.03,1,1,1,0.0,0.3333333333333333,0.135,-1,-1,-1,1.0,1.0,-1.0,0.0,-0.3333333333333333,0.15,-1,-1,-1,0.356862745098039,0.694117647058824,0.803921568627451
89.25981545448303,0.0,-0.21383057577830983,0.03,1,1,1,0.0,0.3333333333333333,0.135,-1,-1,-1,1.0,1.0,-1.0,0.0,-0.3333333333333333,0.15,-1,-1,-1,0.356862745098039,0.694117647058824,0.803921568627451
89.29467344284058,0.0,-0.20837259612580034,0.03,1,1,1,0.0,0.3333333333333333,0.135,-1,-1,-1,1.0,1.0,-1.0,0.0,-0.3333333333333333,0.15,-1,-1,-1,0.356862745098039,0.694117647058824,0.803921568627451
89.3293969631195,0.0,-0.20291461647329084,0.03,1,1,1,0.0,0.3333333333333333,0.135,-1,-1,-1,1.0,1.0,-1.0,0.0,-0.3333333333333333,0.15,-1,-1,-1,0.356862745098039,0.694117647058824,0.803921568627451
89.36388278007507,0.0,-0.19745663682078135,0.03,1,1,1,0.0,0.3333333333333333,0.135,-1,-1,-1,1.0,1.0,-1.0,0.0,-0.3333333333333333,0.15,-1,-1,-1,0.356862745098039,0.694117647058824,0.803921568627451
89.39896607398987,0.0,-0.19199865716827186,0.03,1,1,1,0.0,0.3333333333333333,0.135,-1,-1,-1,1.0,1.0,-1.0,0.0,-0.3333333333333333,0.15,-1,-1,-1,0.356862745098039,0.694117647058824,0.803921568627451
89.44469618797302,0.0,-0.18654067751576237,0.03,1,1,1,0.0,0.3333333333333333,0.135,-1,-1,-1,1.0,1.0,-1.0,0.0,-0.3333333333333333,0.15,-1,-1,-1,0.356862745098039,0.694117647058824,0.803921568627451
89.48247528076172,0.0,-0.18108269786325287,0.03,1,1,1,0.0,0.3333333333333333,0.135,-1,-1,-1,1.0,1.0,-1.0,0.0,-0.3333333333333333,0.15,-1,-1,-1,0.356862745098039,0.694117647058824,0.803921568627451
89.53084468841553,0.0,-0.17562471821074338,0.03,1,1,1,0.0,0.3333333333333333,0.135,-1,-1,-1,1.0,1.0,-1.0,0.0,-0.3333333333333333,0.15,-1,-1,-1,0.356862745098039,0.694117647058824,0.803921568627451
89.56597352027893,0.0,-0.1701667385582339,0.03,1,1,1,0.0,0.3333333333333333,0.135,-1,-1,-1,1.0,1.0,-1.0,0.0,-0.3333333333333333,0.15,-1,-1,-1,0.356862745098039,0.694117647058824,0.803921568627451
89.59959530830383,0.0,-0.1647087589057244,0.03,1,1,1,0.0,0.3333333333333333,0.135,-1,-1,-1,1.0,1.0,-1.0,0.0,-0.3333333333333333,0.15,-1,-1,-1,0.356862745098039,0.694117647058824,0.803921568627451
89.63464951515198,0.0,-0.1592507792532149,0.03,1,1,1,0.0,0.3333333333333333,0.135,-1,-1,-1,1.0,1.0,-1.0,0.0,-0.3333333333333333,0.15,-1,-1,-1,0.356862745098039,0.694117647058824,0.803921568627451
89.67826461791992,0.0,-0.1537927996007054,0.03,1,1,1,0.0,0.3333333333333333,0.135,-1,-1,-1,1.0,1.0,-1.0,0.0,-0.3333333333333333,0.15,-1,-1,-1,0.356862745098039,0.694117647058824,0.803921568627451
89.71146965026855,0.0,-0.14833481994819592,0.03,1,1,1,0.0,0.3333333333333333,0.135,-1,-1,-1,1.0,1.0,-1.0,0.0,-0.3333333333333333,0.15,-1,-1,-1,0.356862745098039,0.694117647058824,0.803921568627451
89.74498271942139,0.0,-0.14287684029568642,0.03,1,1,1,0.0,0.3333333333333333,0.135,-1,-1,-1,1.0,1.0,-1.0,0.0,-0.3333333333333333,0.15,-1,-1,-1,0.356862745098039,0.694117647058824,0.803921568627451
89.77985525131226,0.0,-0.13741886064317693,0.03,1,1,1,0.0,0.3333333333333333,0.135,-1,-1,-1,1.0,1.0,-1.0,0.0,-0.3333333333333333,0.15,-1,-1,-1,0.356862745098039,0.694117647058824,0.803921568627451
89.81497168540955,0.0,-0.13196088099066744,0.03,1,1,1,0.0,0.3333333333333333,0.135,-1,-1,-1,1.0,1.0,-1.0,0.0,-0.3333333333333333,0.15,-1,-1,-1,0.356862745098039,0.694117647058824,0.803921568627451
89.8494918346405,0.0,-0.12650290133815795,0.03,1,1,1,0.0,0.3333333333333333,0.135,-1,-1,-1,1.0,1.0,-1.0,0.0,-0.3333333333333333,0.15,-1,-1,-1,0.356862745098039,0.694117647058824,0.803921568627451
89.89145684242249,0.0,-0.12104492168564847,0.03,1,1,1,0.0,0.3333333333333333,0.135,-1,-1,-1,1.0,1.0,-1.0,0.0,-0.3333333333333333,0.15,-1,-1,-1,0.356862745098039,0.694117647058824,0.803921568627451
89.9253249168396,0.0,-0.11558694203313899,0.03,1,1,1,0.0,0.3333333333333333,0.135,-1,-1,-1,1.0,1.0,-1.0,0.0,-0.3333333333333333,0.15,-1,-1,-1,0.356862745098039,0.694117647058824,0.803921568627451
89.960782289505,0.0,-0.1101289623806295,0.03,1,1,1,0.0,0.3333333333333333,0.135,-1,-1,-1,1.0,1.0,-1.0,0.0,-0.3333333333333333,0.15,-1,-1,-1,0.356862745098039,0.694117647058824,0.803921568627451
89.99556279182434,0.0,-0.10467098272812,0.03,1,1,1,0.0,0.3333333333333333,0.135,-1,-1,-1,1.0,1.0,-1.0,0.0,-0.3333333333333333,0.15,-1,-1,-1,0.356862745098039,0.694117647058824,0.803921568627451
90.02984857559204,0.0,-0.09921300307561051,0.03,1,1,1,0.0,0.3333333333333333,0.135,-1,-1,-1,1.0,1.0,-1.0,0.0,-0.3333333333333333,0.15,-1,-1,-1,0.356862745098039,0.694117647058824,0.803921568627451
90.07156157493591,0.0,-0.09375502342310102,0.03,1,1,1,0.0,0.3333333333333333,0.135,-1,-1,-1,1.0,1.0,-1.0,0.0,-0.3333333333333333,0.15,-1,-1,-1,0.356862745098039,0.694117647058824,0.803921568627451
90.1066734790802,0.0,-0.08899689491164389,0.03,1,1,1,0.0,0.3333333333333333,0.135,-1,-1,-1,1.0,1.0,-1.0,0.0,-0.3333333333333333,0.15,-1,-1,-1,0.356862745098039,0.694117647058824,0.803921568627451
90.14101195335388,0.0,-0.08528854311176531,0.03,1,1,1,0.0,0.3333333333333333,0.135,-1,-1,-1,1.0,1.0,-1.0,0.0,-0.3333333333333333,0.15,-1,-1,-1,0.356862745098039,0.694117647058824,0.803921568627451
90.17946124076843,0.0,-0.08158019131188674,0.03,1,1,1,0.0,0.3333333333333333,0.135,-1,-1,-1,1.0,1.0,-1.0,0.0,-0.3333333333333333,0.15,-1,-1,-1,0.356862745098039,0.694117647058824,0.803921568627451
90.21381711959839,0.0,-0.07787183951200816,0.03,1,1,1,0.0,0.3333333333333333,0.135,-1,-1,-1,1.0,1.0,-1.0,0.0,-0.3333333333333333,0.15,-1,-1,-1,0.356862745098039,0.694117647058824,0.803921568627451
90.25249123573303,0.0,-0.07416348771212958,0.03,1,1,1,0.0,0.3333333333333333,0.135,-1,-1,-1,1.0,1.0,-1.0,0.0,-0.3333333333333333,0.15,-1,-1,-1,0.356862745098039,0.694117647058824,0.803921568627451
90.28683710098267,0.0,-0.070455135912251,0.03,1,1,1,0.0,0.3333333333333333,0.135,-1,-1,-1,1.0,1.0,-1.0,0.0,-0.3333333333333333,0.15,-1,-1,-1,0.356862745098039,0.694117647058824,0.803921568627451
90.32211256027222,0.0,-0.06674678411237242,0.03,1,1,1,0.0,0.3333333333333333,0.135,-1,-1,-1,1.0,1.0,-1.0,0.0,-0.3333333333333333,0.15,-1,-1,-1,0.356862745098039,0.694117647058824,0.803921568627451
90.3568263053894,0.0,-0.06303843231249384,0.03,1,1,1,0.0,0.3333333333333333,0.135,-1,-1,-1,1.0,1.0,-1.0,0.0,-0.3333333333333333,0.15,-1,-1,-1,0.356862745098039,0.694117647058824,0.803921568627451
90.39145565032959,0.0,-0.05933008051261526,0.03,1,1,1,0.0,0.3333333333333333,0.135,-1,-1,-1,1.0,1.0,-1.0,0.0,-0.3333333333333333,0.15,-1,-1,-1,0.356862745098039,0.694117647058824,0.803921568627451
90.4335765838623,0.0,-0.055621728712736684,0.03,1,1,1,0.0,0.3333333333333333,0.135,-1,-1,-1,1.0,1.0,-1.0,0.0,-0.3333333333333333,0.15,-1,-1,-1,0.356862745098039,0.694117647058824,0.803921568627451
90.46752214431763,0.0,-0.051913376912858106,0.03,1,1,1,0.0,0.3333333333333333,0.135,-1,-1,-1,1.0,1.0,-1.0,0.0,-0.3333333333333333,0.15,-1,-1,-1,0.356862745098039,0.694117647058824,0.803921568627451
90.50235319137573,0.0,-0.04820502511297953,0.03,1,1,1,0.0,0.3333333333333333,0.135,-1,-1,-1,1.0,1.0,-1.0,0.0,-0.3333333333333333,0.15,-1,-1,-1,0.356862745098039,0.694117647058824,0.803921568627451
90.53702569007874,0.0,-0.04449667331310095,0.03,1,1,1,0.0,0.3333333333333333,0.135,-1,-1,-1,1.0,1.0,-1.0,0.0,-0.3333333333333333,0.15,-1,-1,-1,0.356862745098039,0.694117647058824,0.803921568627451
90.57189273834229,0.0,-0.04078832151322237,0.03,1,1,1,0.0,0.3333333333333333,0.135,-1,-1,-1,1.0,1.0,-1.0,0.0,-0.3333333333333333,0.15,-1,-1,-1,0.356862745098039,0.694117647058824,0.803921568627451
90.61665177345276,0.0,-0.03707996971334379,0.03,1,1,1,0.0,0.3333333333333333,0.135,-1,-1,-1,1.0,1.0,-1.0,0.0,-0.3333333333333333,0.15,-1,-1,-1,0.356862745098039,0.694117647058824,0.803921568627451
90.65492033958435,0.0,-0.03337161791346521,0.03,1,1,1,0.0,0.3333333333333333,0.135,-1,-1,-1,1.0,1.0,-1.0,0.0,-0.3333333333333333,0.15,-1,-1,-1,0.356862745098039,0.694117647058824,0.803921568627451
90.69006967544556,0.0,-0.029663266113586627,0.03,1,1,1,0.0,0.3333333333333333,0.135,-1,-1,-1,1.0,1.0,-1.0,0.0,-0.3333333333333333,0.15,-1,-1,-1,0.356862745098039,0.694117647058824,0.803921568627451
90.72474980354309,0.0,-0.02595491431370803,0.03,1,1,1,0.0,0.3333333333333333,0.135,-1,-1,-1,1.0,1.0,-1.0,0.0,-0.3333333333333333,0.15,-1,-1,-1,0.356862745098039,0.694117647058824,0.803921568627451
90.75987815856934,0.0,-0.022246562513829435,0.03,1,1,1,0.0,0.3333333333333333,0.135,-1,-1,-1,1.0,1.0,-1.0,0.0,-0.3333333333333333,0.15,-1,-1,-1,0.356862745098039,0.694117647058824,0.803921568627451
90.80186724662781,0.0,-0.01853821071395084,0.03,1,1,1,0.0,0.3333333333333333,0.135,-1,-1,-1,1.0,1.0,-1.0,0.0,-0.3333333333333333,0.15,-1,-1,-1,0.356862745098039,0.694117647058824,0.803921568627451
90.83610582351685,0.0,-0.014829858914072246,0.03,1,1,1,0.0,0.3333333333333333,0.135,-1,-1,-1,1.0,1.0,-1.0,0.0,-0.3333333333333333,0.15,-1,-1,-1,0.356862745098039,0.694117647058824,0.803921568627451
90.87122130393982,0.0,-0.011121507114193659,0.03,1,1,1,0.0,0.3333333333333333,0.135,-1,-1,-1,1.0,1.0,-1.0,0.0,-0.3333333333333333,0.15,-1,-1,-1,0.356862745098039,0.694117647058824,0.803921568627451
90.9052734375,0.0,-0.007413155314315072,0.03,1,1,1,0.0,0.3333333333333333,0.135,-1,-1,-1,1.0,1.0,-1.0,0.0,-0.3333333333333333,0.15,-1,-1,-1,0.356862745098039,0.694117647058824,0.803921568627451
90.94046878814697,0.0,-0.0037048035144364843,0.03,1,1,1,0.0,0.3333333333333333,0.135,-1,-1,-1,1.0,1.0,-1.0,0.0,-0.3333333333333333,0.15,-1,-1,-1,0.356862745098039,0.694117647058824,0.803921568627451
90.98482298851013,0.0,3.54828544210325e-06,0.03,1,1,1,0.0,0.3333333333333333,0.135,-1,-1,-1,1.0,1.0,-1.0,0.0,-0.3333333333333333,0.15,-1,-1,-1,0.356862745098039,0.694117647058824,0.803921568627451
91.02341079711914,0.0,0.0037119000853206904,0.03,1,1,1,0.0,0.3333333333333333,0.135,-1,-1,-1,1.0,1.0,-1.0,0.0,-0.3333333333333333,0.15,-1,-1,-1,0.356862745098039,0.694117647058824,0.803921568627451
91.05861139297485,0.0,0.007420251885199278,0.03,1,1,1,0.0,0.3333333333333333,0.135,-1,-1,-1,1.0,1.0,-1.0,0.0,-0.3333333333333333,0.15,-1,-1,-1,0.356862745098039,0.694117647058824,0.803921568627451
91.09327721595764,0.0,0.011128603685077865,0.03,1,1,1,0.0,0.3333333333333333,0.135,-1,-1,-1,1.0,1.0,-1.0,0.0,-0.3333333333333333,0.15,-1,-1,-1,0.356862745098039,0.694117647058824,0.803921568627451
91.13488292694092,0.0,0.014836955484956452,0.03,1,1,1,0.0,0.3333333333333333,0.135,-1,-1,-1,1.0,1.0,-1.0,0.0,-0.3333333333333333,0.15,-1,-1,-1,0.356862745098039,0.694117647058824,0.803921568627451
91.17638492584229,0.0,0.01854530728483505,0.03,1,1,1,0.0,0.3333333333333333,0.135,-1,-1,-1,1.0,1.0,-1.0,0.0,-0.3333333333333333,0.15,-1,-1,-1,0.356862745098039,0.694117647058824,0.803921568627451
91.21073722839355,0.0,0.022253659084713644,0.03,1,1,1,0.0,0.3333333333333333,0.135,-1,-1,-1,1.0,1.0,-1.0,0.0,-0.3333333333333333,0.15,-1,-1,-1,0.356862745098039,0.694117647058824,0.803921568627451
91.24564242362976,0.0,0.02596201088459224,0.03,1,1,1,0.0,0.3333333333333333,0.135,-1,-1,-1,1.0,1.0,-1.0,0.0,-0.3333333333333333,0.15,-1,-1,-1,0.356862745098039,0.694117647058824,0.803921568627451
91.28371548652649,0.0,0.02967036268447084,0.03,1,1,1,0.0,0.3333333333333333,0.135,-1,-1,-1,1.0,1.0,-1.0,0.0,-0.3333333333333333,0.15,-1,-1,-1,0.356862745098039,0.694117647058824,0.803921568627451
91.32005906105042,0.0,0.02851760289673813,0.03,1,1,1,0.0,0.3333333333333333,0.135,-1,-1,-1,1.0,1.0,-1.0,0.0,-0.3333333333333333,0.15,-1,-1,-1,0.356862745098039,0.694117647058824,0.803921568627451
91.35719442367554,0.0,0.024124102050597892,0.03,1,1,1,0.0,0.3333333333333333,0.135,-1,-1,-1,1.0,1.0,-1.0,0.0,-0.3333333333333333,0.15,-1,-1,-1,0.356862745098039,0.694117647058824,0.803921568627451
91.39828896522522,0.0,0.019730601204457653,0.03,1,1,1,0.0,0.3333333333333333,0.135,-1,-1,-1,1.0,1.0,-1.0,0.0,-0.3333333333333333,0.15,-1,-1,-1,0.356862745098039,0.694117647058824,0.803921568627451
91.43314957618713,0.0,0.015337100358317415,0.03,1,1,1,0.0,0.3333333333333333,0.135,-1,-1,-1,1.0,1.0,-1.0,0.0,-0.3333333333333333,0.15,-1,-1,-1,0.356862745098039,0.694117647058824,0.803921568627451
91.46823596954346,0.0,0.010943599512177184,0.03,1,1,1,0.0,0.3333333333333333,0.135,-1,-1,-1,1.0,1.0,-1.0,0.0,-0.3333333333333333,0.15,-1,-1,-1,0.356862745098039,0.694117647058824,0.803921568627451
91.51012587547302,0.0,0.006550098666036951,0.03,1,1,1,0.0,0.3333333333333333,0.135,-1,-1,-1,1.0,1.0,-1.0,0.0,-0.3333333333333333,0.15,-1,-1,-1,0.356862745098039,0.694117647058824,0.803921568627451
91.55564522743225,0.0,0.002156597819896716,0.03,1,1,1,0.0,0.3333333333333333,0.135,-1,-1,-1,1.0,1.0,-1.0,0.0,-0.3333333333333333,0.15,-1,-1,-1,0.356862745098039,0.694117647058824,0.803921568627451
91.59310364723206,0.0,-0.002236903026243518,0.03,1,1,1,0.0,0.3333333333333333,0.135,-1,-1,-1,1.0,1.0,-1.0,0.0,-0.3333333333333333,0.15,-1,-1,-1,0.356862745098039,0.694117647058824,0.803921568627451
91.62855339050293,0.0,-0.006630403872383753,0.03,1,1,1,0.0,0.3333333333333333,0.135,-1,-1,-1,1.0,1.0,-1.0,0.0,-0.3333333333333333,0.15,-1,-1,-1,0.356862745098039,0.694117647058824,0.803921568627451
91.6627368927002,0.0,-0.011023904718523984,0.03,1,1,1,0.0,0.3333333333333333,0.135,-1,-1,-1,1.0,1.0,-1.0,0.0,-0.3333333333333333,0.15,-1,-1,-1,0.356862745098039,0.694117647058824,0.803921568627451
91.69713497161865,0.0,-0.015417405564664215,0.03,1,1,1,0.0,0.3333333333333333,0.135,-1,-1,-1,1.0,1.0,-1.0,0.0,-0.3333333333333333,0.15,-1,-1,-1,0.356862745098039,0.694117647058824,0.803921568627451
91.73899364471436,0.0,-0.019810906410804453,0.03,1,1,1,0.0,0.3333333333333333,0.135,-1,-1,-1,1.0,1.0,-1.0,0.0,-0.3333333333333333,0.15,-1,-1,-1,0.356862745098039,0.694117647058824,0.803921568627451
91.77435302734375,0.0,-0.024204407256944692,0.03,1,1,1,0.0,0.3333333333333333,0.135,-1,-1,-1,1.0,1.0,-1.0,0.0,-0.3333333333333333,0.15,-1,-1,-1,0.356862745098039,0.694117647058824,0.803921568627451
91.80873465538025,0.0,-0.02859790810308493,0.03,1,1,1,0.0,0.3333333333333333,0.135,-1,-1,-1,1.0,1.0,-1.0,0.0,-0.3333333333333333,0.15,-1,-1,-1,0.356862745098039,0.694117647058824,0.803921568627451
91.84345555305481,0.0,-0.03299140894922517,0.03,1,1,1,0.0,0.3333333333333333,0.135,-1,-1,-1,1.0,1.0,-1.0,0.0,-0.3333333333333333,0.15,-1,-1,-1,0.356862745098039,0.694117647058824,0.803921568627451
91.87818932533264,0.0,-0.03738490979536539,0.03,1,1,1,0.0,0.3333333333333333,0.135,-1,-1,-1,1.0,1.0,-1.0,0.0,-0.3333333333333333,0.15,-1,-1,-1,0.356862745098039,0.694117647058824,0.803921568627451
91.92272281646729,0.0,-0.041778410641505614,0.03,1,1,1,0.0,0.3333333333333333,0.135,-1,-1,-1,1.0,1.0,-1.0,0.0,-0.3333333333333333,0.15,-1,-1,-1,0.356862745098039,0.694117647058824,0.803921568627451
91.96130967140198,0.0,-0.046171911487645836,0.03,1,1,1,0.0,0.3333333333333333,0.135,-1,-1,-1,1.0,1.0,-1.0,0.0,-0.3333333333333333,0.15,-1,-1,-1,0.356862745098039,0.694117647058824,0.803921568627451
91.99680471420288,0.0,-0.05056541233378606,0.03,1,1,1,0.0,0.3333333333333333,0.135,-1,-1,-1,1.0,1.0,-1.0,0.0,-0.3333333333333333,0.15,-1,-1,-1,0.356862745098039,0.694117647058824,0.803921568627451
92.03094911575317,0.0,-0.05495891317992628,0.03,1,1,1,0.0,0.3333333333333333,0.135,-1,-1,-1,1.0,1.0,-1.0,0.0,-0.3333333333333333,0.15,-1,-1,-1,0.356862745098039,0.694117647058824,0.803921568627451
92.07268834114075,0.0,-0.0593524140260665,0.03,1,1,1,0.0,0.3333333333333333,0.135,-1,-1,-1,1.0,1.0,-1.0,0.0,-0.3333333333333333,0.15,-1,-1,-1,0.356862745098039,0.694117647058824,0.803921568627451
92.11489224433899,0.0,-0.06374591487220674,0.03,1,1,1,0.0,0.3333333333333333,0.135,-1,-1,-1,1.0,1.0,-1.0,0.0,-0.3333333333333333,0.15,-1,-1,-1,0.356862745098039,0.694117647058824,0.803921568627451
92.15735340118408,0.0,-0.06813941571834696,0.03,1,1,1,0.0,0.3333333333333333,0.135,-1,-1,-1,1.0,1.0,-1.0,0.0,-0.3333333333333333,0.15,-1,-1,-1,0.356862745098039,0.694117647058824,0.803921568627451
92.19105315208435,0.0,-0.07253291656448718,0.03,1,1,1,0.0,0.3333333333333333,0.135,-1,-1,-1,1.0,1.0,-1.0,0.0,-0.3333333333333333,0.15,-1,-1,-1,0.356862745098039,0.694117647058824,0.803921568627451
92.22615003585815,0.0,-0.0769264174106274,0.03,1,1,1,0.0,0.3333333333333333,0.135,-1,-1,-1,1.0,1.0,-1.0,0.0,-0.3333333333333333,0.15,-1,-1,-1,0.356862745098039,0.694117647058824,0.803921568627451
92.26161670684814,0.0,-0.08131991825676763,0.03,1,1,1,0.0,0.3333333333333333,0.135,-1,-1,-1,1.0,1.0,-1.0,0.0,-0.3333333333333333,0.15,-1,-1,-1,0.356862745098039,0.694117647058824,0.803921568627451
92.32274222373962,0.0,-0.08571341910290785,0.03,1,1,1,0.0,0.3333333333333333,0.135,-1,-1,-1,1.0,1.0,-1.0,0.0,-0.3333333333333333,0.15,-1,-1,-1,0.356862745098039,0.694117647058824,0.803921568627451
92.35667109489441,0.0,-0.09010691994904807,0.03,1,1,1,0.0,0.3333333333333333,0.135,-1,-1,-1,1.0,1.0,-1.0,0.0,-0.3333333333333333,0.15,-1,-1,-1,0.356862745098039,0.694117647058824,0.803921568627451
92.4033772945404,0.0,-0.09450042079518829,0.03,1,1,1,0.0,0.3333333333333333,0.135,-1,-1,-1,1.0,1.0,-1.0,0.0,-0.3333333333333333,0.15,-1,-1,-1,0.356862745098039,0.694117647058824,0.803921568627451
92.43809866905212,0.0,-0.09889392164132851,0.03,1,1,1,0.0,0.3333333333333333,0.135,-1,-1,-1,1.0,1.0,-1.0,0.0,-0.3333333333333333,0.15,-1,-1,-1,0.356862745098039,0.694117647058824,0.803921568627451
92.47510099411011,0.0,-0.10328742248746874,0.03,1,1,1,0.0,0.3333333333333333,0.135,-1,-1,-1,1.0,1.0,-1.0,0.0,-0.3333333333333333,0.15,-1,-1,-1,0.356862745098039,0.694117647058824,0.803921568627451
92.52474331855774,0.0,-0.10426286779133125,0.03,1,1,1,0.0,0.3333333333333333,0.135,-1,-1,-1,1.0,1.0,-1.0,0.0,-0.3333333333333333,0.15,-1,-1,-1,0.356862745098039,0.694117647058824,0.803921568627451
92.55869913101196,0.0,-0.10295960940034195,0.03,1,1,1,0.0,0.3333333333333333,0.135,-1,-1,-1,1.0,1.0,-1.0,0.0,-0.3333333333333333,0.15,-1,-1,-1,0.356862745098039,0.694117647058824,0.803921568627451
92.59271168708801,0.0,-0.10165635100935265,0.03,1,1,1,0.0,0.3333333333333333,0.135,-1,-1,-1,1.0,1.0,-1.0,0.0,-0.3333333333333333,0.15,-1,-1,-1,0.356862745098039,0.694117647058824,0.803921568627451
92.63782572746277,0.0,-0.10035309261836335,0.03,1,1,1,0.0,0.3333333333333333,0.135,-1,-1,-1,1.0,1.0,-1.0,0.0,-0.3333333333333333,0.15,-1,-1,-1,0.356862745098039,0.694117647058824,0.803921568627451
92.67605185508728,0.0,-0.09904983422737405,0.03,1,1,1,0.0,0.3333333333333333,0.135,-1,-1,-1,1.0,1.0,-1.0,0.0,-0.3333333333333333,0.15,-1,-1,-1,0.356862745098039,0.694117647058824,0.803921568627451
92.71079158782959,0.0,-0.09774657583638476,0.03,1,1,1,0.0,0.3333333333333333,0.135,-1,-1,-1,1.0,1.0,-1.0,0.0,-0.3333333333333333,0.15,-1,-1,-1,0.356862745098039,0.694117647058824,0.803921568627451
92.74542260169983,0.0,-0.09644331744539546,0.03,1,1,1,0.0,0.3333333333333333,0.135,-1,-1,-1,1.0,1.0,-1.0,0.0,-0.3333333333333333,0.15,-1,-1,-1,0.356862745098039,0.694117647058824,0.803921568627451
92.78004693984985,0.0,-0.09514005905440616,0.03,1,1,1,0.0,0.3333333333333333,0.135,-1,-1,-1,1.0,1.0,-1.0,0.0,-0.3333333333333333,0.15,-1,-1,-1,0.356862745098039,0.694117647058824,0.803921568627451
92.82231879234314,0.0,-0.09383680066341686,0.03,1,1,1,0.0,0.3333333333333333,0.135,-1,-1,-1,1.0,1.0,-1.0,0.0,-0.3333333333333333,0.15,-1,-1,-1,0.356862745098039,0.694117647058824,0.803921568627451
92.86355233192444,0.0,-0.09253354227242756,0.03,1,1,1,0.0,0.3333333333333333,0.135,-1,-1,-1,1.0,1.0,-1.0,0.0,-0.3333333333333333,0.15,-1,-1,-1,0.356862745098039,0.694117647058824,0.803921568627451
92.89831948280334,0.0,-0.09123028388143826,0.03,1,1,1,0.0,0.3333333333333333,0.135,-1,-1,-1,1.0,1.0,-1.0,0.0,-0.3333333333333333,0.15,-1,-1,-1,0.356862745098039,0.694117647058824,0.803921568627451
92.93333673477173,0.0,-0.08992702549044897,0.03,1,1,1,0.0,0.3333333333333333,0.135,-1,-1,-1,1.0,1.0,-1.0,0.0,-0.3333333333333333,0.15,-1,-1,-1,0.356862745098039,0.694117647058824,0.803921568627451
92.96732211112976,0.0,-0.08862376709945967,0.03,1,1,1,0.0,0.3333333333333333,0.135,-1,-1,-1,1.0,1.0,-1.0,0.0,-0.3333333333333333,0.15,-1,-1,-1,0.356862745098039,0.694117647058824,0.803921568627451
93.00694060325623,0.0,-0.08732050870847037,0.03,1,1,1,0.0,0.3333333333333333,0.135,-1,-1,-1,1.0,1.0,-1.0,0.0,-0.3333333333333333,0.15,-1,-1,-1,0.356862745098039,0.694117647058824,0.803921568627451
93.04436254501343,0.0,-0.08601725031748107,0.03,1,1,1,0.0,0.3333333333333333,0.135,-1,-1,-1,1.0,1.0,-1.0,0.0,-0.3333333333333333,0.15,-1,-1,-1,0.356862745098039,0.694117647058824,0.803921568627451
93.08601450920105,0.0,-0.08471399192649177,0.03,1,1,1,0.0,0.3333333333333333,0.135,-1,-1,-1,1.0,1.0,-1.0,0.0,-0.3333333333333333,0.15,-1,-1,-1,0.356862745098039,0.694117647058824,0.803921568627451
93.12073707580566,0.0,-0.08341073353550248,0.03,1,1,1,0.0,0.3333333333333333,0.135,-1,-1,-1,1.0,1.0,-1.0,0.0,-0.3333333333333333,0.15,-1,-1,-1,0.356862745098039,0.694117647058824,0.803921568627451
93.15556287765503,0.0,-0.08210747514451318,0.03,1,1,1,0.0,0.3333333333333333,0.135,-1,-1,-1,1.0,1.0,-1.0,0.0,-0.3333333333333333,0.15,-1,-1,-1,0.356862745098039,0.694117647058824,0.803921568627451
93.19010424613953,0.0,-0.08080421675352388,0.03,1,1,1,0.0,0.3333333333333333,0.135,-1,-1,-1,1.0,1.0,-1.0,0.0,-0.3333333333333333,0.15,-1,-1,-1,0.356862745098039,0.694117647058824,0.803921568627451
93.22498965263367,0.0,-0.07950095836253458,0.03,1,1,1,0.0,0.3333333333333333,0.135,-1,-1,-1,1.0,1.0,-1.0,0.0,-0.3333333333333333,0.15,-1,-1,-1,0.356862745098039,0.694117647058824,0.803921568627451
93.26641798019409,0.0,-0.07819769997154528,0.03,1,1,1,0.0,0.3333333333333333,0.135,-1,-1,-1,1.0,1.0,-1.0,0.0,-0.3333333333333333,0.15,-1,-1,-1,0.356862745098039,0.694117647058824,0.803921568627451
93.30078768730164,0.0,-0.07689444158055599,0.03,1,1,1,0.0,0.3333333333333333,0.135,-1,-1,-1,1.0,1.0,-1.0,0.0,-0.3333333333333333,0.15,-1,-1,-1,0.356862745098039,0.694117647058824,0.803921568627451
93.33598613739014,0.0,-0.07559118318956669,0.03,1,1,1,0.0,0.3333333333333333,0.135,-1,-1,-1,1.0,1.0,-1.0,0.0,-0.3333333333333333,0.15,-1,-1,-1,0.356862745098039,0.694117647058824,0.803921568627451
93.37446069717407,0.0,-0.07428792479857739,0.03,1,1,1,0.0,0.3333333333333333,0.135,-1,-1,-1,1.0,1.0,-1.0,0.0,-0.3333333333333333,0.15,-1,-1,-1,0.356862745098039,0.694117647058824,0.803921568627451
93.41046667098999,0.0,-0.07298466640758809,0.03,1,1,1,0.0,0.3333333333333333,0.135,-1,-1,-1,1.0,1.0,-1.0,0.0,-0.3333333333333333,0.15,-1,-1,-1,0.356862745098039,0.694117647058824,0.803921568627451
93.44671702384949,0.0,-0.0716814080165988,0.03,1,1,1,0.0,0.3333333333333333,0.135,-1,-1,-1,1.0,1.0,-1.0,0.0,-0.3333333333333333,0.15,-1,-1,-1,0.356862745098039,0.694117647058824,0.803921568627451
93.48875069618225,0.0,-0.0703781496256095,0.03,1,1,1,0.0,0.3333333333333333,0.135,-1,-1,-1,1.0,1.0,-1.0,0.0,-0.3333333333333333,0.15,-1,-1,-1,0.356862745098039,0.694117647058824,0.803921568627451
93.52406430244446,0.0,-0.0690748912346202,0.03,1,1,1,0.0,0.3333333333333333,0.135,-1,-1,-1,1.0,1.0,-1.0,0.0,-0.3333333333333333,0.15,-1,-1,-1,0.356862745098039,0.694117647058824,0.803921568627451
93.5578601360321,0.0,-0.0677716328436309,0.03,1,1,1,0.0,0.3333333333333333,0.135,-1,-1,-1,1.0,1.0,-1.0,0.0,-0.3333333333333333,0.15,-1,-1,-1,0.356862745098039,0.694117647058824,0.803921568627451
93.59267115592957,0.0,-0.0664683744526416,0.03,1,1,1,0.0,0.3333333333333333,0.135,-1,-1,-1,1.0,1.0,-1.0,0.0,-0.3333333333333333,0.15,-1,-1,-1,0.356862745098039,0.694117647058824,0.803921568627451
93.63428711891174,0.0,-0.0651651160616523,0.03,1,1,1,0.0,0.3333333333333333,0.135,-1,-1,-1,1.0,1.0,-1.0,0.0,-0.3333333333333333,0.15,-1,-1,-1,0.356862745098039,0.694117647058824,0.803921568627451
93.67687964439392,0.0,-0.063861857670663,0.03,1,1,1,0.0,0.3333333333333333,0.135,-1,-1,-1,1.0,1.0,-1.0,0.0,-0.3333333333333333,0.15,-1,-1,-1,0.356862745098039,0.694117647058824,0.803921568627451
93.71091055870056,0.0,-0.06369586494976,0.03,1,1,1,0.0,0.3333333333333333,0.135,-1,-1,-1,1.0,1.0,-1.0,0.0,-0.3333333333333333,0.15,-1,-1,-1,0.356862745098039,0.694117647058824,0.803921568627451
93.74597024917603,0.0,-0.06523577073398643,0.03,1,1,1,0.0,0.3333333333333333,0.135,-1,-1,-1,1.0,1.0,-1.0,0.0,-0.3333333333333333,0.15,-1,-1,-1,0.356862745098039,0.694117647058824,0.803921568627451
93.78001546859741,0.0,-0.06677567651821285,0.03,1,1,1,0.0,0.3333333333333333,0.135,-1,-1,-1,1.0,1.0,-1.0,0.0,-0.3333333333333333,0.15,-1,-1,-1,0.356862745098039,0.694117647058824,0.803921568627451
93.82157564163208,0.0,-0.06831558230243928,0.03,1,1,1,0.0,0.3333333333333333,0.135,-1,-1,-1,1.0,1.0,-1.0,0.0,-0.3333333333333333,0.15,-1,-1,-1,0.356862745098039,0.694117647058824,0.803921568627451
93.85651516914368,0.0,-0.06985548808666571,0.03,1,1,1,0.0,0.3333333333333333,0.135,-1,-1,-1,1.0,1.0,-1.0,0.0,-0.3333333333333333,0.15,-1,-1,-1,0.356862745098039,0.694117647058824,0.803921568627451
93.89142274856567,0.0,-0.07139539387089214,0.03,1,1,1,0.0,0.3333333333333333,0.135,-1,-1,-1,1.0,1.0,-1.0,0.0,-0.3333333333333333,0.15,-1,-1,-1,0.356862745098039,0.694117647058824,0.803921568627451
93.92649412155151,0.0,-0.07293529965511857,0.03,1,1,1,0.0,0.3333333333333333,0.135,-1,-1,-1,1.0,1.0,-1.0,0.0,-0.3333333333333333,0.15,-1,-1,-1,0.356862745098039,0.694117647058824,0.803921568627451
93.96821188926697,0.0,-0.074475205439345,0.03,1,1,1,0.0,0.3333333333333333,0.135,-1,-1,-1,1.0,1.0,-1.0,0.0,-0.3333333333333333,0.15,-1,-1,-1,0.356862745098039,0.694117647058824,0.803921568627451
94.0117449760437,0.0,-0.07601511122357142,0.03,1,1,1,0.0,0.3333333333333333,0.135,-1,-1,-1,1.0,1.0,-1.0,0.0,-0.3333333333333333,0.15,-1,-1,-1,0.356862745098039,0.694117647058824,0.803921568627451
94.04431986808777,0.0,-0.07755501700779785,0.03,1,1,1,0.0,0.3333333333333333,0.135,-1,-1,-1,1.0,1.0,-1.0,0.0,-0.3333333333333333,0.15,-1,-1,-1,0.356862745098039,0.694117647058824,0.803921568627451
94.07916331291199,0.0,-0.07909492279202428,0.03,1,1,1,0.0,0.3333333333333333,0.135,-1,-1,-1,1.0,1.0,-1.0,0.0,-0.3333333333333333,0.15,-1,-1,-1,0.356862745098039,0.694117647058824,0.803921568627451
94.11390805244446,0.0,-0.0806348285762507,0.03,1,1,1,0.0,0.3333333333333333,0.135,-1,-1,-1,1.0,1.0,-1.0,0.0,-0.3333333333333333,0.15,-1,-1,-1,0.356862745098039,0.694117647058824,0.803921568627451
94.14831948280334,0.0,-0.08217473436047713,0.03,1,1,1,0.0,0.3333333333333333,0.135,-1,-1,-1,1.0,1.0,-1.0,0.0,-0.3333333333333333,0.15,-1,-1,-1,0.356862745098039,0.694117647058824,0.803921568627451
94.1973524093628,0.0,-0.08371464014470356,0.03,1,1,1,0.0,0.3333333333333333,0.135,-1,-1,-1,1.0,1.0,-1.0,0.0,-0.3333333333333333,0.15,-1,-1,-1,0.356862745098039,0.694117647058824,0.803921568627451
94.23203778266907,0.0,-0.08525454592892999,0.03,1,1,1,0.0,0.3333333333333333,0.135,-1,-1,-1,1.0,1.0,-1.0,0.0,-0.3333333333333333,0.15,-1,-1,-1,0.356862745098039,0.694117647058824,0.803921568627451
94.26631617546082,0.0,-0.08679445171315642,0.03,1,1,1,0.0,0.3333333333333333,0.135,-1,-1,-1,1.0,1.0,-1.0,0.0,-0.3333333333333333,0.15,-1,-1,-1,0.356862745098039,0.694117647058824,0.803921568627451
94.30191826820374,0.0,-0.08833435749738285,0.03,1,1,1,0.0,0.3333333333333333,0.135,-1,-1,-1,1.0,1.0,-1.0,0.0,-0.3333333333333333,0.15,-1,-1,-1,0.356862745098039,0.694117647058824,0.803921568627451
94.33627128601074,0.0,-0.08987426328160927,0.03,1,1,1,0.0,0.3333333333333333,0.135,-1,-1,-1,1.0,1.0,-1.0,0.0,-0.3333333333333333,0.15,-1,-1,-1,0.356862745098039,0.694117647058824,0.803921568627451
94.38200974464417,0.0,-0.0914141690658357,0.03,1,1,1,0.0,0.3333333333333333,0.135,-1,-1,-1,1.0,1.0,-1.0,0.0,-0.3333333333333333,0.15,-1,-1,-1,0.356862745098039,0.694117647058824,0.803921568627451
94.41989517211914,0.0,-0.09295407485006213,0.03,1,1,1,0.0,0.3333333333333333,0.135,-1,-1,-1,1.0,1.0,-1.0,0.0,-0.3333333333333333,0.15,-1,-1,-1,0.356862745098039,0.694117647058824,0.803921568627451
94.45444965362549,0.0,-0.09449398063428856,0.03,1,1,1,0.0,0.3333333333333333,0.135,-1,-1,-1,1.0,1.0,-1.0,0.0,-0.3333333333333333,0.15,-1,-1,-1,0.356862745098039,0.694117647058824,0.803921568627451
94.48924469947815,0.0,-0.09603388641851499,0.03,1,1,1,0.0,0.3333333333333333,0.135,-1,-1,-1,1.0,1.0,-1.0,0.0,-0.3333333333333333,0.15,-1,-1,-1,0.356862745098039,0.694117647058824,0.803921568627451
94.52411890029907,0.0,-0.09757379220274141,0.03,1,1,1,0.0,0.3333333333333333,0.135,-1,-1,-1,1.0,1.0,-1.0,0.0,-0.3333333333333333,0.15,-1,-1,-1,0.356862745098039,0.694117647058824,0.803921568627451
94.55840563774109,0.0,-0.09911369798696784,0.03,1,1,1,0.0,0.3333333333333333,0.135,-1,-1,-1,1.0,1.0,-1.0,0.0,-0.3333333333333333,0.15,-1,-1,-1,0.356862745098039,0.694117647058824,0.803921568627451
94.6005482673645,0.0,-0.10065360377119427,0.03,1,1,1,0.0,0.3333333333333333,0.135,-1,-1,-1,1.0,1.0,-1.0,0.0,-0.3333333333333333,0.15,-1,-1,-1,0.356862745098039,0.694117647058824,0.803921568627451
94.64230751991272,0.0,-0.1021935095554207,0.03,1,1,1,0.0,0.3333333333333333,0.135,-1,-1,-1,1.0,1.0,-1.0,0.0,-0.3333333333333333,0.15,-1,-1,-1,0.356862745098039,0.694117647058824,0.803921568627451
94.67690253257751,0.0,-0.10373341533964713,0.03,1,1,1,0.0,0.3333333333333333,0.135,-1,-1,-1,1.0,1.0,-1.0,0.0,-0.3333333333333333,0.15,-1,-1,-1,0.356862745098039,0.694117647058824,0.803921568627451
94.7166576385498,0.0,-0.10527332112387355,0.03,1,1,1,0.0,0.3333333333333333,0.135,-1,-1,-1,1.0,1.0,-1.0,0.0,-0.3333333333333333,0.15,-1,-1,-1,0.356862745098039,0.694117647058824,0.803921568627451
94.75037503242493,0.0,-0.10681322690809998,0.03,1,1,1,0.0,0.3333333333333333,0.135,-1,-1,-1,1.0,1.0,-1.0,0.0,-0.3333333333333333,0.15,-1,-1,-1,0.356862745098039,0.694117647058824,0.803921568627451
94.78528189659119,0.0,-0.10835313269232641,0.03,1,1,1,0.0,0.3333333333333333,0.135,-1,-1,-1,1.0,1.0,-1.0,0.0,-0.3333333333333333,0.15,-1,-1,-1,0.356862745098039,0.694117647058824,0.803921568627451
94.82316875457764,0.0,-0.10989303847655284,0.03,1,1,1,0.0,0.3333333333333333,0.135,-1,-1,-1,1.0,1.0,-1.0,0.0,-0.3333333333333333,0.15,-1,-1,-1,0.356862745098039,0.694117647058824,0.803921568627451
94.86331844329834,0.0,-0.11143294426077927,0.03,1,1,1,0.0,0.3333333333333333,0.135,-1,-1,-1,1.0,1.0,-1.0,0.0,-0.3333333333333333,0.15,-1,-1,-1,0.356862745098039,0.694117647058824,0.803921568627451
94.89900970458984,0.0,-0.1129728500450057,0.03,1,1,1,0.0,0.3333333333333333,0.135,-1,-1,-1,1.0,1.0,-1.0,0.0,-0.3333333333333333,0.15,-1,-1,-1,0.356862745098039,0.694117647058824,0.803921568627451
94.93418741226196,0.0,-0.11557233679725878,0.03,1,1,1,0.0,0.3333333333333333,0.135,-1,-1,-1,1.0,1.0,-1.0,0.0,-0.3333333333333333,0.15,-1,-1,-1,0.356862745098039,0.694117647058824,0.803921568627451
94.9755859375,0.0,-0.11817182354951188,0.03,1,1,1,0.0,0.3333333333333333,0.135,-1,-1,-1,1.0,1.0,-1.0,0.0,-0.3333333333333333,0.15,-1,-1,-1,0.356862745098039,0.694117647058824,0.803921568627451
95.01938533782959,0.0,-0.12077131030176494,0.03,1,1,1,0.0,0.3333333333333333,0.135,-1,-1,-1,1.0,1.0,-1.0,0.0,-0.3333333333333333,0.15,-1,-1,-1,0.356862745098039,0.694117647058824,0.803921568627451
95.05896711349487,0.0,-0.12337079705401806,0.03,1,1,1,0.0,0.3333333333333333,0.135,-1,-1,-1,1.0,1.0,-1.0,0.0,-0.3333333333333333,0.15,-1,-1,-1,0.356862745098039,0.694117647058824,0.803921568627451
95.09332036972046,0.0,-0.12597028380627115,0.03,1,1,1,0.0,0.3333333333333333,0.135,-1,-1,-1,1.0,1.0,-1.0,0.0,-0.3333333333333333,0.15,-1,-1,-1,0.356862745098039,0.694117647058824,0.803921568627451
95.12828731536865,0.0,-0.1285697705585243,0.03,1,1,1,0.0,0.3333333333333333,0.135,-1,-1,-1,1.0,1.0,-1.0,0.0,-0.3333333333333333,0.15,-1,-1,-1,0.356862745098039,0.694117647058824,0.803921568627451
95.16333842277527,0.0,-0.13116925731077747,0.03,1,1,1,0.0,0.3333333333333333,0.135,-1,-1,-1,1.0,1.0,-1.0,0.0,-0.3333333333333333,0.15,-1,-1,-1,0.356862745098039,0.694117647058824,0.803921568627451
95.20466923713684,0.0,-0.13376874406303063,0.03,1,1,1,0.0,0.3333333333333333,0.135,-1,-1,-1,1.0,1.0,-1.0,0.0,-0.3333333333333333,0.15,-1,-1,-1,0.356862745098039,0.694117647058824,0.803921568627451
95.2464771270752,0.0,-0.1363682308152838,0.03,1,1,1,0.0,0.3333333333333333,0.135,-1,-1,-1,1.0,1.0,-1.0,0.0,-0.3333333333333333,0.15,-1,-1,-1,0.356862745098039,0.694117647058824,0.803921568627451
95.28061771392822,0.0,-0.13896771756753695,0.03,1,1,1,0.0,0.3333333333333333,0.135,-1,-1,-1,1.0,1.0,-1.0,0.0,-0.3333333333333333,0.15,-1,-1,-1,0.356862745098039,0.694117647058824,0.803921568627451
95.31992435455322,0.0,-0.1415672043197901,0.03,1,1,1,0.0,0.3333333333333333,0.135,-1,-1,-1,1.0,1.0,-1.0,0.0,-0.3333333333333333,0.15,-1,-1,-1,0.356862745098039,0.694117647058824,0.803921568627451
95.35632085800171,0.0,-0.14416669107204327,0.03,1,1,1,0.0,0.3333333333333333,0.135,-1,-1,-1,1.0,1.0,-1.0,0.0,-0.3333333333333333,0.15,-1,-1,-1,0.356862745098039,0.694117647058824,0.803921568627451
95.39367938041687,0.0,-0.14676617782429643,0.03,1,1,1,0.0,0.3333333333333333,0.135,-1,-1,-1,1.0,1.0,-1.0,0.0,-0.3333333333333333,0.15,-1,-1,-1,0.356862745098039,0.694117647058824,0.803921568627451
95.44089555740356,0.0,-0.1493656645765496,0.03,1,1,1,0.0,0.3333333333333333,0.135,-1,-1,-1,1.0,1.0,-1.0,0.0,-0.3333333333333333,0.15,-1,-1,-1,0.356862745098039,0.694117647058824,0.803921568627451
95.47553205490112,0.0,-0.15196515132880276,0.03,1,1,1,0.0,0.3333333333333333,0.135,-1,-1,-1,1.0,1.0,-1.0,0.0,-0.3333333333333333,0.15,-1,-1,-1,0.356862745098039,0.694117647058824,0.803921568627451
95.50966596603394,0.0,-0.15456463808105592,0.03,1,1,1,0.0,0.3333333333333333,0.135,-1,-1,-1,1.0,1.0,-1.0,0.0,-0.3333333333333333,0.15,-1,-1,-1,0.356862745098039,0.694117647058824,0.803921568627451
95.54439043998718,0.0,-0.15716412483330908,0.03,1,1,1,0.0,0.3333333333333333,0.135,-1,-1,-1,1.0,1.0,-1.0,0.0,-0.3333333333333333,0.15,-1,-1,-1,0.356862745098039,0.694117647058824,0.803921568627451
95.58934593200684,0.0,-0.15976361158556224,0.03,1,1,1,0.0,0.3333333333333333,0.135,-1,-1,-1,1.0,1.0,-1.0,0.0,-0.3333333333333333,0.15,-1,-1,-1,0.356862745098039,0.694117647058824,0.803921568627451
95.62767744064331,0.0,-0.1623630983378154,0.03,1,1,1,0.0,0.3333333333333333,0.135,-1,-1,-1,1.0,1.0,-1.0,0.0,-0.3333333333333333,0.15,-1,-1,-1,0.356862745098039,0.694117647058824,0.803921568627451
95.66211605072021,0.0,-0.16496258509006856,0.03,1,1,1,0.0,0.3333333333333333,0.135,-1,-1,-1,1.0,1.0,-1.0,0.0,-0.3333333333333333,0.15,-1,-1,-1,0.356862745098039,0.694117647058824,0.803921568627451
95.69732451438904,0.0,-0.16756207184232172,0.03,1,1,1,0.0,0.3333333333333333,0.135,-1,-1,-1,1.0,1.0,-1.0,0.0,-0.3333333333333333,0.15,-1,-1,-1,0.356862745098039,0.694117647058824,0.803921568627451
95.73915219306946,0.0,-0.17016155859457488,0.03,1,1,1,0.0,0.3333333333333333,0.135,-1,-1,-1,1.0,1.0,-1.0,0.0,-0.3333333333333333,0.15,-1,-1,-1,0.356862745098039,0.694117647058824,0.803921568627451
95.78001260757446,0.0,-0.17276104534682804,0.03,1,1,1,0.0,0.3333333333333333,0.135,-1,-1,-1,1.0,1.0,-1.0,0.0,-0.3333333333333333,0.15,-1,-1,-1,0.356862745098039,0.694117647058824,0.803921568627451
95.81483769416809,0.0,-0.1753605320990812,0.03,1,1,1,0.0,0.3333333333333333,0.135,-1,-1,-1,1.0,1.0,-1.0,0.0,-0.3333333333333333,0.15,-1,-1,-1,0.356862745098039,0.694117647058824,0.803921568627451
95.84977650642395,0.0,-0.17796001885133436,0.03,1,1,1,0.0,0.3333333333333333,0.135,-1,-1,-1,1.0,1.0,-1.0,0.0,-0.3333333333333333,0.15,-1,-1,-1,0.356862745098039,0.694117647058824,0.803921568627451
95.88803815841675,0.0,-0.18055950560358752,0.03,1,1,1,0.0,0.3333333333333333,0.135,-1,-1,-1,1.0,1.0,-1.0,0.0,-0.3333333333333333,0.15,-1,-1,-1,0.356862745098039,0.694117647058824,0.803921568627451
95.92341256141663,0.0,-0.18315899235584068,0.03,1,1,1,0.0,0.3333333333333333,0.135,-1,-1,-1,1.0,1.0,-1.0,0.0,-0.3333333333333333,0.15,-1,-1,-1,0.356862745098039,0.694117647058824,0.803921568627451
95.96085929870605,0.0,-0.18575847910809384,0.03,1,1,1,0.0,0.3333333333333333,0.135,-1,-1,-1,1.0,1.0,-1.0,0.0,-0.3333333333333333,0.15,-1,-1,-1,0.356862745098039,0.694117647058824,0.803921568627451
95.9956648349762,0.0,-0.188357965860347,0.03,1,1,1,0.0,0.3333333333333333,0.135,-1,-1,-1,1.0,1.0,-1.0,0.0,-0.3333333333333333,0.15,-1,-1,-1,0.356862745098039,0.694117647058824,0.803921568627451
96.03045868873596,0.0,-0.19095745261260016,0.03,1,1,1,0.0,0.3333333333333333,0.135,-1,-1,-1,1.0,1.0,-1.0,0.0,-0.3333333333333333,0.15,-1,-1,-1,0.356862745098039,0.694117647058824,0.803921568627451
96.06474232673645,0.0,-0.19355693936485333,0.03,1,1,1,0.0,0.3333333333333333,0.135,-1,-1,-1,1.0,1.0,-1.0,0.0,-0.3333333333333333,0.15,-1,-1,-1,0.356862745098039,0.694117647058824,0.803921568627451
96.10763382911682,0.0,-0.19615642611710649,0.03,1,1,1,0.0,0.3333333333333333,0.135,-1,-1,-1,1.0,1.0,-1.0,0.0,-0.3333333333333333,0.15,-1,-1,-1,0.356862745098039,0.694117647058824,0.803921568627451
96.1487283706665,0.0,-0.19313079542144485,0.03,1,1,1,0.0,0.3333333333333333,0.135,-1,-1,-1,1.0,1.0,-1.0,0.0,-0.3333333333333333,0.15,-1,-1,-1,0.356862745098039,0.694117647058824,0.803921568627451
96.18360495567322,0.0,-0.1901051647257832,0.03,1,1,1,0.0,0.3333333333333333,0.135,-1,-1,-1,1.0,1.0,-1.0,0.0,-0.3333333333333333,0.15,-1,-1,-1,0.356862745098039,0.694117647058824,0.803921568627451
96.2178566455841,0.0,-0.18707953403012156,0.03,1,1,1,0.0,0.3333333333333333,0.135,-1,-1,-1,1.0,1.0,-1.0,0.0,-0.3333333333333333,0.15,-1,-1,-1,0.356862745098039,0.694117647058824,0.803921568627451
96.25222325325012,0.0,-0.18405390333445992,0.03,1,1,1,0.0,0.3333333333333333,0.135,-1,-1,-1,1.0,1.0,-1.0,0.0,-0.3333333333333333,0.15,-1,-1,-1,0.356862745098039,0.694117647058824,0.803921568627451
96.29165816307068,0.0,-0.18102827263879828,0.03,1,1,1,0.0,0.3333333333333333,0.135,-1,-1,-1,1.0,1.0,-1.0,0.0,-0.3333333333333333,0.15,-1,-1,-1,0.356862745098039,0.694117647058824,0.803921568627451
96.32929801940918,0.0,-0.17800264194313664,0.03,1,1,1,0.0,0.3333333333333333,0.135,-1,-1,-1,1.0,1.0,-1.0,0.0,-0.3333333333333333,0.15,-1,-1,-1,0.356862745098039,0.694117647058824,0.803921568627451
96.36979699134827,0.0,-0.174977011247475,0.03,1,1,1,0.0,0.3333333333333333,0.135,-1,-1,-1,1.0,1.0,-1.0,0.0,-0.3333333333333333,0.15,-1,-1,-1,0.356862745098039,0.694117647058824,0.803921568627451
96.40537428855896,0.0,-0.17195138055181336,0.03,1,1,1,0.0,0.3333333333333333,0.135,-1,-1,-1,1.0,1.0,-1.0,0.0,-0.3333333333333333,0.15,-1,-1,-1,0.356862745098039,0.694117647058824,0.803921568627451
96.43952894210815,0.0,-0.16892574985615172,0.03,1,1,1,0.0,0.3333333333333333,0.135,-1,-1,-1,1.0,1.0,-1.0,0.0,-0.3333333333333333,0.15,-1,-1,-1,0.356862745098039,0.694117647058824,0.803921568627451
96.47454023361206,0.0,-0.16590011916049008,0.03,1,1,1,0.0,0.3333333333333333,0.135,-1,-1,-1,1.0,1.0,-1.0,0.0,-0.3333333333333333,0.15,-1,-1,-1,0.356862745098039,0.694117647058824,0.803921568627451
96.51652503013611,0.0,-0.16287448846482844,0.03,1,1,1,0.0,0.3333333333333333,0.135,-1,-1,-1,1.0,1.0,-1.0,0.0,-0.3333333333333333,0.15,-1,-1,-1,0.356862745098039,0.694117647058824,0.803921568627451
96.56052994728088,0.0,-0.1598488577691668,0.03,1,1,1,0.0,0.3333333333333333,0.135,-1,-1,-1,1.0,1.0,-1.0,0.0,-0.3333333333333333,0.15,-1,-1,-1,0.356862745098039,0.694117647058824,0.803921568627451
96.59361481666565,0.0,-0.15682322707350516,0.03,1,1,1,0.0,0.3333333333333333,0.135,-1,-1,-1,1.0,1.0,-1.0,0.0,-0.3333333333333333,0.15,-1,-1,-1,0.356862745098039,0.694117647058824,0.803921568627451
96.62820076942444,0.0,-0.15379759637784352,0.03,1,1,1,0.0,0.3333333333333333,0.135,-1,-1,-1,1.0,1.0,-1.0,0.0,-0.3333333333333333,0.15,-1,-1,-1,0.356862745098039,0.694117647058824,0.803921568627451
96.66298937797546,0.0,-0.15077196568218187,0.03,1,1,1,0.0,0.3333333333333333,0.135,-1,-1,-1,1.0,1.0,-1.0,0.0,-0.3333333333333333,0.15,-1,-1,-1,0.356862745098039,0.694117647058824,0.803921568627451
96.69729542732239,0.0,-0.14774633498652023,0.03,1,1,1,0.0,0.3333333333333333,0.135,-1,-1,-1,1.0,1.0,-1.0,0.0,-0.3333333333333333,0.15,-1,-1,-1,0.356862745098039,0.694117647058824,0.803921568627451
96.7313506603241,0.0,-0.1447207042908586,0.03,1,1,1,0.0,0.3333333333333333,0.135,-1,-1,-1,1.0,1.0,-1.0,0.0,-0.3333333333333333,0.15,-1,-1,-1,0.356862745098039,0.694117647058824,0.803921568627451
96.77349925041199,0.0,-0.14169507359519695,0.03,1,1,1,0.0,0.3333333333333333,0.135,-1,-1,-1,1.0,1.0,-1.0,0.0,-0.3333333333333333,0.15,-1,-1,-1,0.356862745098039,0.694117647058824,0.803921568627451
96.80753517150879,0.0,-0.1386694428995353,0.03,1,1,1,0.0,0.3333333333333333,0.135,-1,-1,-1,1.0,1.0,-1.0,0.0,-0.3333333333333333,0.15,-1,-1,-1,0.356862745098039,0.694117647058824,0.803921568627451
96.84258151054382,0.0,-0.13564381220387367,0.03,1,1,1,0.0,0.3333333333333333,0.135,-1,-1,-1,1.0,1.0,-1.0,0.0,-0.3333333333333333,0.15,-1,-1,-1,0.356862745098039,0.694117647058824,0.803921568627451
96.87754130363464,0.0,-0.13261818150821203,0.03,1,1,1,0.0,0.3333333333333333,0.135,-1,-1,-1,1.0,1.0,-1.0,0.0,-0.3333333333333333,0.15,-1,-1,-1,0.356862745098039,0.694117647058824,0.803921568627451
96.91904401779175,0.0,-0.1295925508125504,0.03,1,1,1,0.0,0.3333333333333333,0.135,-1,-1,-1,1.0,1.0,-1.0,0.0,-0.3333333333333333,0.15,-1,-1,-1,0.356862745098039,0.694117647058824,0.803921568627451
96.96277832984924,0.0,-0.12656692011688875,0.03,1,1,1,0.0,0.3333333333333333,0.135,-1,-1,-1,1.0,1.0,-1.0,0.0,-0.3333333333333333,0.15,-1,-1,-1,0.356862745098039,0.694117647058824,0.803921568627451
96.99581503868103,0.0,-0.12354128942122711,0.03,1,1,1,0.0,0.3333333333333333,0.135,-1,-1,-1,1.0,1.0,-1.0,0.0,-0.3333333333333333,0.15,-1,-1,-1,0.356862745098039,0.694117647058824,0.803921568627451
97.03059101104736,0.0,-0.12051565872556545,0.03,1,1,1,0.0,0.3333333333333333,0.135,-1,-1,-1,1.0,1.0,-1.0,0.0,-0.3333333333333333,0.15,-1,-1,-1,0.356862745098039,0.694117647058824,0.803921568627451
97.06538224220276,0.0,-0.11749002802990381,0.03,1,1,1,0.0,0.3333333333333333,0.135,-1,-1,-1,1.0,1.0,-1.0,0.0,-0.3333333333333333,0.15,-1,-1,-1,0.356862745098039,0.694117647058824,0.803921568627451
97.0999915599823,0.0,-0.11446439733424217,0.03,1,1,1,0.0,0.3333333333333333,0.135,-1,-1,-1,1.0,1.0,-1.0,0.0,-0.3333333333333333,0.15,-1,-1,-1,0.356862745098039,0.694117647058824,0.803921568627451
97.14120960235596,0.0,-0.11143876663858053,0.03,1,1,1,0.0,0.3333333333333333,0.135,-1,-1,-1,1.0,1.0,-1.0,0.0,-0.3333333333333333,0.15,-1,-1,-1,0.356862745098039,0.694117647058824,0.803921568627451
97.17577576637268,0.0,-0.10841313594291889,0.03,1,1,1,0.0,0.3333333333333333,0.135,-1,-1,-1,1.0,1.0,-1.0,0.0,-0.3333333333333333,0.15,-1,-1,-1,0.356862745098039,0.694117647058824,0.803921568627451
97.21070384979248,0.0,-0.10538750524725725,0.03,1,1,1,0.0,0.3333333333333333,0.135,-1,-1,-1,1.0,1.0,-1.0,0.0,-0.3333333333333333,0.15,-1,-1,-1,0.356862745098039,0.694117647058824,0.803921568627451
97.24539184570312,0.0,-0.10236187455159561,0.03,1,1,1,0.0,0.3333333333333333,0.135,-1,-1,-1,1.0,1.0,-1.0,0.0,-0.3333333333333333,0.15,-1,-1,-1,0.356862745098039,0.694117647058824,0.803921568627451
97.28033351898193,0.0,-0.09933624385593397,0.03,1,1,1,0.0,0.3333333333333333,0.135,-1,-1,-1,1.0,1.0,-1.0,0.0,-0.3333333333333333,0.15,-1,-1,-1,0.356862745098039,0.694117647058824,0.803921568627451
97.32224249839783,0.0,-0.09714403230407938,0.03,1,1,1,0.0,0.3333333333333333,0.135,-1,-1,-1,1.0,1.0,-1.0,0.0,-0.3333333333333333,0.15,-1,-1,-1,0.356862745098039,0.694117647058824,0.803921568627451
97.36452460289001,0.0,-0.098285497327453,0.03,1,1,1,0.0,0.3333333333333333,0.135,-1,-1,-1,1.0,1.0,-1.0,0.0,-0.3333333333333333,0.15,-1,-1,-1,0.356862745098039,0.694117647058824,0.803921568627451
97.39801669120789,0.0,-0.09942696235082661,0.03,1,1,1,0.0,0.3333333333333333,0.135,-1,-1,-1,1.0,1.0,-1.0,0.0,-0.3333333333333333,0.15,-1,-1,-1,0.356862745098039,0.694117647058824,0.803921568627451
97.43303346633911,0.0,-0.10056842737420023,0.03,1,1,1,0.0,0.3333333333333333,0.135,-1,-1,-1,1.0,1.0,-1.0,0.0,-0.3333333333333333,0.15,-1,-1,-1,0.356862745098039,0.694117647058824,0.803921568627451
97.46774625778198,0.0,-0.10170989239757385,0.03,1,1,1,0.0,0.3333333333333333,0.135,-1,-1,-1,1.0,1.0,-1.0,0.0,-0.3333333333333333,0.15,-1,-1,-1,0.356862745098039,0.694117647058824,0.803921568627451
97.50997686386108,0.0,-0.10285135742094746,0.03,1,1,1,0.0,0.3333333333333333,0.135,-1,-1,-1,1.0,1.0,-1.0,0.0,-0.3333333333333333,0.15,-1,-1,-1,0.356862745098039,0.694117647058824,0.803921568627451
97.54470872879028,0.0,-0.10399282244432108,0.03,1,1,1,0.0,0.3333333333333333,0.135,-1,-1,-1,1.0,1.0,-1.0,0.0,-0.3333333333333333,0.15,-1,-1,-1,0.356862745098039,0.694117647058824,0.803921568627451
97.5793809890747,0.0,-0.1051342874676947,0.03,1,1,1,0.0,0.3333333333333333,0.135,-1,-1,-1,1.0,1.0,-1.0,0.0,-0.3333333333333333,0.15,-1,-1,-1,0.356862745098039,0.694117647058824,0.803921568627451
97.61451172828674,0.0,-0.10627575249106831,0.03,1,1,1,0.0,0.3333333333333333,0.135,-1,-1,-1,1.0,1.0,-1.0,0.0,-0.3333333333333333,0.15,-1,-1,-1,0.356862745098039,0.694117647058824,0.803921568627451
97.64889192581177,0.0,-0.10741721751444193,0.03,1,1,1,0.0,0.3333333333333333,0.135,-1,-1,-1,1.0,1.0,-1.0,0.0,-0.3333333333333333,0.15,-1,-1,-1,0.356862745098039,0.694117647058824,0.803921568627451
97.69061970710754,0.0,-0.10855868253781555,0.03,1,1,1,0.0,0.3333333333333333,0.135,-1,-1,-1,1.0,1.0,-1.0,0.0,-0.3333333333333333,0.15,-1,-1,-1,0.356862745098039,0.694117647058824,0.803921568627451
97.73287916183472,0.0,-0.10970014756118916,0.03,1,1,1,0.0,0.3333333333333333,0.135,-1,-1,-1,1.0,1.0,-1.0,0.0,-0.3333333333333333,0.15,-1,-1,-1,0.356862745098039,0.694117647058824,0.803921568627451
97.76763367652893,0.0,-0.11084161258456278,0.03,1,1,1,0.0,0.3333333333333333,0.135,-1,-1,-1,1.0,1.0,-1.0,0.0,-0.3333333333333333,0.15,-1,-1,-1,0.356862745098039,0.694117647058824,0.803921568627451
97.80161952972412,0.0,-0.1119830776079364,0.03,1,1,1,0.0,0.3333333333333333,0.135,-1,-1,-1,1.0,1.0,-1.0,0.0,-0.3333333333333333,0.15,-1,-1,-1,0.356862745098039,0.694117647058824,0.803921568627451
97.83661246299744,0.0,-0.11312454263131001,0.03,1,1,1,0.0,0.3333333333333333,0.135,-1,-1,-1,1.0,1.0,-1.0,0.0,-0.3333333333333333,0.15,-1,-1,-1,0.356862745098039,0.694117647058824,0.803921568627451
97.8721387386322,0.0,-0.11426600765468363,0.03,1,1,1,0.0,0.3333333333333333,0.135,-1,-1,-1,1.0,1.0,-1.0,0.0,-0.3333333333333333,0.15,-1,-1,-1,0.356862745098039,0.694117647058824,0.803921568627451
97.92001175880432,0.0,-0.11540747267805725,0.03,1,1,1,0.0,0.3333333333333333,0.135,-1,-1,-1,1.0,1.0,-1.0,0.0,-0.3333333333333333,0.15,-1,-1,-1,0.356862745098039,0.694117647058824,0.803921568627451
97.96128845214844,0.0,-0.11654893770143086,0.03,1,1,1,0.0,0.3333333333333333,0.135,-1,-1,-1,1.0,1.0,-1.0,0.0,-0.3333333333333333,0.15,-1,-1,-1,0.356862745098039,0.694117647058824,0.803921568627451
97.99602723121643,0.0,-0.11769040272480448,0.03,1,1,1,0.0,0.3333333333333333,0.135,-1,-1,-1,1.0,1.0,-1.0,0.0,-0.3333333333333333,0.15,-1,-1,-1,0.356862745098039,0.694117647058824,0.803921568627451
98.03537201881409,0.0,-0.1188318677481781,0.03,1,1,1,0.0,0.3333333333333333,0.135,-1,-1,-1,1.0,1.0,-1.0,0.0,-0.3333333333333333,0.15,-1,-1,-1,0.356862745098039,0.694117647058824,0.803921568627451
98.06938743591309,0.0,-0.1199733327715517,0.03,1,1,1,0.0,0.3333333333333333,0.135,-1,-1,-1,1.0,1.0,-1.0,0.0,-0.3333333333333333,0.15,-1,-1,-1,0.356862745098039,0.694117647058824,0.803921568627451
98.10447692871094,0.0,-0.12111479779492529,0.03,1,1,1,0.0,0.3333333333333333,0.135,-1,-1,-1,1.0,1.0,-1.0,0.0,-0.3333333333333333,0.15,-1,-1,-1,0.356862745098039,0.694117647058824,0.803921568627451
98.14159798622131,0.0,-0.12225626281829889,0.03,1,1,1,0.0,0.3333333333333333,0.135,-1,-1,-1,1.0,1.0,-1.0,0.0,-0.3333333333333333,0.15,-1,-1,-1,0.356862745098039,0.694117647058824,0.803921568627451
98.1834704875946,0.0,-0.12339772784167248,0.03,1,1,1,0.0,0.3333333333333333,0.135,-1,-1,-1,1.0,1.0,-1.0,0.0,-0.3333333333333333,0.15,-1,-1,-1,0.356862745098039,0.694117647058824,0.803921568627451
98.21827220916748,0.0,-0.12453919286504608,0.03,1,1,1,0.0,0.3333333333333333,0.135,-1,-1,-1,1.0,1.0,-1.0,0.0,-0.3333333333333333,0.15,-1,-1,-1,0.356862745098039,0.694117647058824,0.803921568627451
98.25293564796448,0.0,-0.1256806578884197,0.03,1,1,1,0.0,0.3333333333333333,0.135,-1,-1,-1,1.0,1.0,-1.0,0.0,-0.3333333333333333,0.15,-1,-1,-1,0.356862745098039,0.694117647058824,0.803921568627451
98.28765749931335,0.0,-0.12682212291179332,0.03,1,1,1,0.0,0.3333333333333333,0.135,-1,-1,-1,1.0,1.0,-1.0,0.0,-0.3333333333333333,0.15,-1,-1,-1,0.356862745098039,0.694117647058824,0.803921568627451
98.32223415374756,0.0,-0.12796358793516693,0.03,1,1,1,0.0,0.3333333333333333,0.135,-1,-1,-1,1.0,1.0,-1.0,0.0,-0.3333333333333333,0.15,-1,-1,-1,0.356862745098039,0.694117647058824,0.803921568627451
98.36388850212097,0.0,-0.12910505295854055,0.03,1,1,1,0.0,0.3333333333333333,0.135,-1,-1,-1,1.0,1.0,-1.0,0.0,-0.3333333333333333,0.15,-1,-1,-1,0.356862745098039,0.694117647058824,0.803921568627451
98.40691113471985,0.0,-0.13024651798191417,0.03,1,1,1,0.0,0.3333333333333333,0.135,-1,-1,-1,1.0,1.0,-1.0,0.0,-0.3333333333333333,0.15,-1,-1,-1,0.356862745098039,0.694117647058824,0.803921568627451
98.43993854522705,0.0,-0.13138798300528778,0.03,1,1,1,0.0,0.3333333333333333,0.135,-1,-1,-1,1.0,1.0,-1.0,0.0,-0.3333333333333333,0.15,-1,-1,-1,0.356862745098039,0.694117647058824,0.803921568627451
98.47605752944946,0.0,-0.1325294480286614,0.03,1,1,1,0.0,0.3333333333333333,0.135,-1,-1,-1,1.0,1.0,-1.0,0.0,-0.3333333333333333,0.15,-1,-1,-1,0.356862745098039,0.694117647058824,0.803921568627451
98.51094937324524,0.0,-0.13367091305203502,0.03,1,1,1,0.0,0.3333333333333333,0.135,-1,-1,-1,1.0,1.0,-1.0,0.0,-0.3333333333333333,0.15,-1,-1,-1,0.356862745098039,0.694117647058824,0.803921568627451
98.55886483192444,0.0,-0.13483759587651428,0.03,1,1,1,0.0,0.3333333333333333,0.135,-1,-1,-1,1.0,1.0,-1.0,0.0,-0.3333333333333333,0.15,-1,-1,-1,0.356862745098039,0.694117647058824,0.803921568627451
98.59333777427673,0.0,-0.13601058315126996,0.03,1,1,1,0.0,0.3333333333333333,0.135,-1,-1,-1,1.0,1.0,-1.0,0.0,-0.3333333333333333,0.15,-1,-1,-1,0.356862745098039,0.694117647058824,0.803921568627451
98.6279776096344,0.0,-0.13718357042602564,0.03,1,1,1,0.0,0.3333333333333333,0.135,-1,-1,-1,1.0,1.0,-1.0,0.0,-0.3333333333333333,0.15,-1,-1,-1,0.356862745098039,0.694117647058824,0.803921568627451
98.66212487220764,0.0,-0.1383565577007813,0.03,1,1,1,0.0,0.3333333333333333,0.135,-1,-1,-1,1.0,1.0,-1.0,0.0,-0.3333333333333333,0.15,-1,-1,-1,0.356862745098039,0.694117647058824,0.803921568627451
98.69683456420898,0.0,-0.139529544975537,0.03,1,1,1,0.0,0.3333333333333333,0.135,-1,-1,-1,1.0,1.0,-1.0,0.0,-0.3333333333333333,0.15,-1,-1,-1,0.356862745098039,0.694117647058824,0.803921568627451
98.740882396698,0.0,-0.14070253225029267,0.03,1,1,1,0.0,0.3333333333333333,0.135,-1,-1,-1,1.0,1.0,-1.0,0.0,-0.3333333333333333,0.15,-1,-1,-1,0.356862745098039,0.694117647058824,0.803921568627451
98.77385377883911,0.0,-0.14187551952504834,0.03,1,1,1,0.0,0.3333333333333333,0.135,-1,-1,-1,1.0,1.0,-1.0,0.0,-0.3333333333333333,0.15,-1,-1,-1,0.356862745098039,0.694117647058824,0.803921568627451
98.80771970748901,0.0,-0.14304850679980402,0.03,1,1,1,0.0,0.3333333333333333,0.135,-1,-1,-1,1.0,1.0,-1.0,0.0,-0.3333333333333333,0.15,-1,-1,-1,0.356862745098039,0.694117647058824,0.803921568627451
98.84259843826294,0.0,-0.1442214940745597,0.03,1,1,1,0.0,0.3333333333333333,0.135,-1,-1,-1,1.0,1.0,-1.0,0.0,-0.3333333333333333,0.15,-1,-1,-1,0.356862745098039,0.694117647058824,0.803921568627451
98.87719893455505,0.0,-0.14539448134931537,0.03,1,1,1,0.0,0.3333333333333333,0.135,-1,-1,-1,1.0,1.0,-1.0,0.0,-0.3333333333333333,0.15,-1,-1,-1,0.356862745098039,0.694117647058824,0.803921568627451
98.91186189651489,0.0,-0.14656746862407105,0.03,1,1,1,0.0,0.3333333333333333,0.135,-1,-1,-1,1.0,1.0,-1.0,0.0,-0.3333333333333333,0.15,-1,-1,-1,0.356862745098039,0.694117647058824,0.803921568627451
98.95365953445435,0.0,-0.14774045589882673,0.03,1,1,1,0.0,0.3333333333333333,0.135,-1,-1,-1,1.0,1.0,-1.0,0.0,-0.3333333333333333,0.15,-1,-1,-1,0.356862745098039,0.694117647058824,0.803921568627451
98.98846888542175,0.0,-0.1489134431735824,0.03,1,1,1,0.0,0.3333333333333333,0.135,-1,-1,-1,1.0,1.0,-1.0,0.0,-0.3333333333333333,0.15,-1,-1,-1,0.356862745098039,0.694117647058824,0.803921568627451
99.02314186096191,0.0,-0.15008643044833808,0.03,1,1,1,0.0,0.3333333333333333,0.135,-1,-1,-1,1.0,1.0,-1.0,0.0,-0.3333333333333333,0.15,-1,-1,-1,0.356862745098039,0.694117647058824,0.803921568627451
99.05778503417969,0.0,-0.15125941772309376,0.03,1,1,1,0.0,0.3333333333333333,0.135,-1,-1,-1,1.0,1.0,-1.0,0.0,-0.3333333333333333,0.15,-1,-1,-1,0.356862745098039,0.694117647058824,0.803921568627451
99.0995032787323,0.0,-0.15243240499784944,0.03,1,1,1,0.0,0.3333333333333333,0.135,-1,-1,-1,1.0,1.0,-1.0,0.0,-0.3333333333333333,0.15,-1,-1,-1,0.356862745098039,0.694117647058824,0.803921568627451
99.13404250144958,0.0,-0.1536053922726051,0.03,1,1,1,0.0,0.3333333333333333,0.135,-1,-1,-1,1.0,1.0,-1.0,0.0,-0.3333333333333333,0.15,-1,-1,-1,0.356862745098039,0.694117647058824,0.803921568627451
99.16871500015259,0.0,-0.1547783795473608,0.03,1,1,1,0.0,0.3333333333333333,0.135,-1,-1,-1,1.0,1.0,-1.0,0.0,-0.3333333333333333,0.15,-1,-1,-1,0.356862745098039,0.694117647058824,0.803921568627451
99.20314049720764,0.0,-0.15595136682211647,0.03,1,1,1,0.0,0.3333333333333333,0.135,-1,-1,-1,1.0,1.0,-1.0,0.0,-0.3333333333333333,0.15,-1,-1,-1,0.356862745098039,0.694117647058824,0.803921568627451
99.24267482757568,0.0,-0.15712435409687214,0.03,1,1,1,0.0,0.3333333333333333,0.135,-1,-1,-1,1.0,1.0,-1.0,0.0,-0.3333333333333333,0.15,-1,-1,-1,0.356862745098039,0.694117647058824,0.803921568627451
99.27951097488403,0.0,-0.15829734137162782,0.03,1,1,1,0.0,0.3333333333333333,0.135,-1,-1,-1,1.0,1.0,-1.0,0.0,-0.3333333333333333,0.15,-1,-1,-1,0.356862745098039,0.694117647058824,0.803921568627451
99.3218104839325,0.0,-0.1594703286463835,0.03,1,1,1,0.0,0.3333333333333333,0.135,-1,-1,-1,1.0,1.0,-1.0,0.0,-0.3333333333333333,0.15,-1,-1,-1,0.356862745098039,0.694117647058824,0.803921568627451
99.35758066177368,0.0,-0.16064331592113917,0.03,1,1,1,0.0,0.3333333333333333,0.135,-1,-1,-1,1.0,1.0,-1.0,0.0,-0.3333333333333333,0.15,-1,-1,-1,0.356862745098039,0.694117647058824,0.803921568627451
99.39155411720276,0.0,-0.16181630319589485,0.03,1,1,1,0.0,0.3333333333333333,0.135,-1,-1,-1,1.0,1.0,-1.0,0.0,-0.3333333333333333,0.15,-1,-1,-1,0.356862745098039,0.694117647058824,0.803921568627451
99.42586374282837,0.0,-0.16298929047065053,0.03,1,1,1,0.0,0.3333333333333333,0.135,-1,-1,-1,1.0,1.0,-1.0,0.0,-0.3333333333333333,0.15,-1,-1,-1,0.356862745098039,0.694117647058824,0.803921568627451
99.46749377250671,0.0,-0.1641622777454062,0.03,1,1,1,0.0,0.3333333333333333,0.135,-1,-1,-1,1.0,1.0,-1.0,0.0,-0.3333333333333333,0.15,-1,-1,-1,0.356862745098039,0.694117647058824,0.803921568627451
99.50278925895691,0.0,-0.16533526502016188,0.03,1,1,1,0.0,0.3333333333333333,0.135,-1,-1,-1,1.0,1.0,-1.0,0.0,-0.3333333333333333,0.15,-1,-1,-1,0.356862745098039,0.694117647058824,0.803921568627451
99.536865234375,0.0,-0.16650825229491756,0.03,1,1,1,0.0,0.3333333333333333,0.135,-1,-1,-1,1.0,1.0,-1.0,0.0,-0.3333333333333333,0.15,-1,-1,-1,0.356862745098039,0.694117647058824,0.803921568627451
99.5717134475708,0.0,-0.16768123956967323,0.03,1,1,1,0.0,0.3333333333333333,0.135,-1,-1,-1,1.0,1.0,-1.0,0.0,-0.3333333333333333,0.15,-1,-1,-1,0.356862745098039,0.694117647058824,0.803921568627451
99.610196352005,0.0,-0.1688542268444289,0.03,1,1,1,0.0,0.3333333333333333,0.135,-1,-1,-1,1.0,1.0,-1.0,0.0,-0.3333333333333333,0.15,-1,-1,-1,0.356862745098039,0.694117647058824,0.803921568627451
99.6455614566803,0.0,-0.1700272141191846,0.03,1,1,1,0.0,0.3333333333333333,0.135,-1,-1,-1,1.0,1.0,-1.0,0.0,-0.3333333333333333,0.15,-1,-1,-1,0.356862745098039,0.694117647058824,0.803921568627451
99.68261170387268,0.0,-0.17120020139394027,0.03,1,1,1,0.0,0.3333333333333333,0.135,-1,-1,-1,1.0,1.0,-1.0,0.0,-0.3333333333333333,0.15,-1,-1,-1,0.356862745098039,0.694117647058824,0.803921568627451
99.71765637397766,0.0,-0.17237318866869594,0.03,1,1,1,0.0,0.3333333333333333,0.135,-1,-1,-1,1.0,1.0,-1.0,0.0,-0.3333333333333333,0.15,-1,-1,-1,0.356862745098039,0.694117647058824,0.803921568627451
99.75298428535461,0.0,-0.17046544762983512,0.03,1,1,1,0.0,0.3333333333333333,0.135,-1,-1,-1,1.0,1.0,-1.0,0.0,-0.3333333333333333,0.15,-1,-1,-1,0.356862745098039,0.694117647058824,0.803921568627451
99.78683686256409,0.0,-0.16778752451257017,0.03,1,1,1,0.0,0.3333333333333333,0.135,-1,-1,-1,1.0,1.0,-1.0,0.0,-0.3333333333333333,0.15,-1,-1,-1,0.356862745098039,0.694117647058824,0.803921568627451
99.82932472229004,0.0,-0.16510960139530523,0.03,1,1,1,0.0,0.3333333333333333,0.135,-1,-1,-1,1.0,1.0,-1.0,0.0,-0.3333333333333333,0.15,-1,-1,-1,0.356862745098039,0.694117647058824,0.803921568627451
99.87067890167236,0.0,-0.16243167827804028,0.03,1,1,1,0.0,0.3333333333333333,0.135,-1,-1,-1,1.0,1.0,-1.0,0.0,-0.3333333333333333,0.15,-1,-1,-1,0.356862745098039,0.694117647058824,0.803921568627451
99.90564775466919,0.0,-0.15975375516077533,0.03,1,1,1,0.0,0.3333333333333333,0.135,-1,-1,-1,1.0,1.0,-1.0,0.0,-0.3333333333333333,0.15,-1,-1,-1,0.356862745098039,0.694117647058824,0.803921568627451
99.93969130516052,0.0,-0.1570758320435104,0.03,1,1,1,0.0,0.3333333333333333,0.135,-1,-1,-1,1.0,1.0,-1.0,0.0,-0.3333333333333333,0.15,-1,-1,-1,0.356862745098039,0.694117647058824,0.803921568627451
99.97769927978516,0.0,-0.15439790892624544,0.03,1,1,1,0.0,0.3333333333333333,0.135,-1,-1,-1,1.0,1.0,-1.0,0.0,-0.3333333333333333,0.15,-1,-1,-1,0.356862745098039,0.694117647058824,0.803921568627451
100.01374506950378,0.0,-0.1517199858089805,0.03,1,1,1,0.0,0.3333333333333333,0.135,-1,-1,-1,1.0,1.0,-1.0,0.0,-0.3333333333333333,0.15,-1,-1,-1,0.356862745098039,0.694117647058824,0.803921568627451
100.05105233192444,0.0,-0.14904206269171555,0.03,1,1,1,0.0,0.3333333333333333,0.135,-1,-1,-1,1.0,1.0,-1.0,0.0,-0.3333333333333333,0.15,-1,-1,-1,0.356862745098039,0.694117647058824,0.803921568627451
100.09290409088135,0.0,-0.1463641395744506,0.03,1,1,1,0.0,0.3333333333333333,0.135,-1,-1,-1,1.0,1.0,-1.0,0.0,-0.3333333333333333,0.15,-1,-1,-1,0.356862745098039,0.694117647058824,0.803921568627451
100.12713050842285,0.0,-0.14368621645718566,0.03,1,1,1,0.0,0.3333333333333333,0.135,-1,-1,-1,1.0,1.0,-1.0,0.0,-0.3333333333333333,0.15,-1,-1,-1,0.356862745098039,0.694117647058824,0.803921568627451
100.16238498687744,0.0,-0.1410082933399207,0.03,1,1,1,0.0,0.3333333333333333,0.135,-1,-1,-1,1.0,1.0,-1.0,0.0,-0.3333333333333333,0.15,-1,-1,-1,0.356862745098039,0.694117647058824,0.803921568627451
100.1976113319397,0.0,-0.13833037022265576,0.03,1,1,1,0.0,0.3333333333333333,0.135,-1,-1,-1,1.0,1.0,-1.0,0.0,-0.3333333333333333,0.15,-1,-1,-1,0.356862745098039,0.694117647058824,0.803921568627451
100.23896336555481,0.0,-0.13565244710539082,0.03,1,1,1,0.0,0.3333333333333333,0.135,-1,-1,-1,1.0,1.0,-1.0,0.0,-0.3333333333333333,0.15,-1,-1,-1,0.356862745098039,0.694117647058824,0.803921568627451
100.28217220306396,0.0,-0.13297452398812587,0.03,1,1,1,0.0,0.3333333333333333,0.135,-1,-1,-1,1.0,1.0,-1.0,0.0,-0.3333333333333333,0.15,-1,-1,-1,0.356862745098039,0.694117647058824,0.803921568627451
100.31592535972595,0.0,-0.13029660087086092,0.03,1,1,1,0.0,0.3333333333333333,0.135,-1,-1,-1,1.0,1.0,-1.0,0.0,-0.3333333333333333,0.15,-1,-1,-1,0.356862745098039,0.694117647058824,0.803921568627451
100.34951162338257,0.0,-0.12761867775359598,0.03,1,1,1,0.0,0.3333333333333333,0.135,-1,-1,-1,1.0,1.0,-1.0,0.0,-0.3333333333333333,0.15,-1,-1,-1,0.356862745098039,0.694117647058824,0.803921568627451
100.38474464416504,0.0,-0.12494075463633102,0.03,1,1,1,0.0,0.3333333333333333,0.135,-1,-1,-1,1.0,1.0,-1.0,0.0,-0.3333333333333333,0.15,-1,-1,-1,0.356862745098039,0.694117647058824,0.803921568627451
100.42003464698792,0.0,-0.12226283151906596,0.03,1,1,1,0.0,0.3333333333333333,0.135,-1,-1,-1,1.0,1.0,-1.0,0.0,-0.3333333333333333,0.15,-1,-1,-1,0.356862745098039,0.694117647058824,0.803921568627451
100.46819639205933,0.0,-0.11958490840180094,0.03,1,1,1,0.0,0.3333333333333333,0.135,-1,-1,-1,1.0,1.0,-1.0,0.0,-0.3333333333333333,0.15,-1,-1,-1,0.356862745098039,0.694117647058824,0.803921568627451
100.51000785827637,0.0,-0.11690698528453591,0.03,1,1,1,0.0,0.3333333333333333,0.135,-1,-1,-1,1.0,1.0,-1.0,0.0,-0.3333333333333333,0.15,-1,-1,-1,0.356862745098039,0.694117647058824,0.803921568627451
100.5448830127716,0.0,-0.1142290621672709,0.03,1,1,1,0.0,0.3333333333333333,0.135,-1,-1,-1,1.0,1.0,-1.0,0.0,-0.3333333333333333,0.15,-1,-1,-1,0.356862745098039,0.694117647058824,0.803921568627451
100.5801010131836,0.0,-0.11155113905000588,0.03,1,1,1,0.0,0.3333333333333333,0.135,-1,-1,-1,1.0,1.0,-1.0,0.0,-0.3333333333333333,0.15,-1,-1,-1,0.356862745098039,0.694117647058824,0.803921568627451
100.61416792869568,0.0,-0.10887321593274087,0.03,1,1,1,0.0,0.3333333333333333,0.135,-1,-1,-1,1.0,1.0,-1.0,0.0,-0.3333333333333333,0.15,-1,-1,-1,0.356862745098039,0.694117647058824,0.803921568627451
100.6533374786377,0.0,-0.10619529281547585,0.03,1,1,1,0.0,0.3333333333333333,0.135,-1,-1,-1,1.0,1.0,-1.0,0.0,-0.3333333333333333,0.15,-1,-1,-1,0.356862745098039,0.694117647058824,0.803921568627451
100.68803429603577,0.0,-0.10351736969821083,0.03,1,1,1,0.0,0.3333333333333333,0.135,-1,-1,-1,1.0,1.0,-1.0,0.0,-0.3333333333333333,0.15,-1,-1,-1,0.356862745098039,0.694117647058824,0.803921568627451
100.72516655921936,0.0,-0.10083944658094582,0.03,1,1,1,0.0,0.3333333333333333,0.135,-1,-1,-1,1.0,1.0,-1.0,0.0,-0.3333333333333333,0.15,-1,-1,-1,0.356862745098039,0.694117647058824,0.803921568627451
100.76717472076416,0.0,-0.0981615234636808,0.03,1,1,1,0.0,0.3333333333333333,0.135,-1,-1,-1,1.0,1.0,-1.0,0.0,-0.3333333333333333,0.15,-1,-1,-1,0.356862745098039,0.694117647058824,0.803921568627451
100.80188703536987,0.0,-0.09548360034641579,0.03,1,1,1,0.0,0.3333333333333333,0.135,-1,-1,-1,1.0,1.0,-1.0,0.0,-0.3333333333333333,0.15,-1,-1,-1,0.356862745098039,0.694117647058824,0.803921568627451
100.8364360332489,0.0,-0.09280567722915077,0.03,1,1,1,0.0,0.3333333333333333,0.135,-1,-1,-1,1.0,1.0,-1.0,0.0,-0.3333333333333333,0.15,-1,-1,-1,0.356862745098039,0.694117647058824,0.803921568627451
100.87820768356323,0.0,-0.09012775411188576,0.03,1,1,1,0.0,0.3333333333333333,0.135,-1,-1,-1,1.0,1.0,-1.0,0.0,-0.3333333333333333,0.15,-1,-1,-1,0.356862745098039,0.694117647058824,0.803921568627451
100.921706199646,0.0,-0.08744983099462074,0.03,1,1,1,0.0,0.3333333333333333,0.135,-1,-1,-1,1.0,1.0,-1.0,0.0,-0.3333333333333333,0.15,-1,-1,-1,0.356862745098039,0.694117647058824,0.803921568627451
100.95502161979675,0.0,-0.08313545047418852,0.03,1,1,1,0.0,0.3333333333333333,0.135,-1,-1,-1,1.0,1.0,-1.0,0.0,-0.3333333333333333,0.15,-1,-1,-1,0.356862745098039,0.694117647058824,0.803921568627451
100.98987793922424,0.0,-0.0784119556029645,0.03,1,1,1,0.0,0.3333333333333333,0.135,-1,-1,-1,1.0,1.0,-1.0,0.0,-0.3333333333333333,0.15,-1,-1,-1,0.356862745098039,0.694117647058824,0.803921568627451
101.02358078956604,0.0,-0.07368846073174048,0.03,1,1,1,0.0,0.3333333333333333,0.135,-1,-1,-1,1.0,1.0,-1.0,0.0,-0.3333333333333333,0.15,-1,-1,-1,0.356862745098039,0.694117647058824,0.803921568627451
101.05932569503784,0.0,-0.06896496586051647,0.03,1,1,1,0.0,0.3333333333333333,0.135,-1,-1,-1,1.0,1.0,-1.0,0.0,-0.3333333333333333,0.15,-1,-1,-1,0.356862745098039,0.694117647058824,0.803921568627451
101.10748505592346,0.0,-0.06424147098929245,0.03,1,1,1,0.0,0.3333333333333333,0.135,-1,-1,-1,1.0,1.0,-1.0,0.0,-0.3333333333333333,0.15,-1,-1,-1,0.356862745098039,0.694117647058824,0.803921568627451
101.14187431335449,0.0,-0.05951797611806842,0.03,1,1,1,0.0,0.3333333333333333,0.135,-1,-1,-1,1.0,1.0,-1.0,0.0,-0.3333333333333333,0.15,-1,-1,-1,0.356862745098039,0.694117647058824,0.803921568627451
101.17647051811218,0.0,-0.054794481246844405,0.03,1,1,1,0.0,0.3333333333333333,0.135,-1,-1,-1,1.0,1.0,-1.0,0.0,-0.3333333333333333,0.15,-1,-1,-1,0.356862745098039,0.694117647058824,0.803921568627451
101.21101593971252,0.0,-0.05007098637562039,0.03,1,1,1,0.0,0.3333333333333333,0.135,-1,-1,-1,1.0,1.0,-1.0,0.0,-0.3333333333333333,0.15,-1,-1,-1,0.356862745098039,0.694117647058824,0.803921568627451
101.2457845211029,0.0,-0.04534749150439637,0.03,1,1,1,0.0,0.3333333333333333,0.135,-1,-1,-1,1.0,1.0,-1.0,0.0,-0.3333333333333333,0.15,-1,-1,-1,0.356862745098039,0.694117647058824,0.803921568627451
101.29070591926575,0.0,-0.04062399663317235,0.03,1,1,1,0.0,0.3333333333333333,0.135,-1,-1,-1,1.0,1.0,-1.0,0.0,-0.3333333333333333,0.15,-1,-1,-1,0.356862745098039,0.694117647058824,0.803921568627451
101.32872176170349,0.0,-0.03590050176194833,0.03,1,1,1,0.0,0.3333333333333333,0.135,-1,-1,-1,1.0,1.0,-1.0,0.0,-0.3333333333333333,0.15,-1,-1,-1,0.356862745098039,0.694117647058824,0.803921568627451
101.36351323127747,0.0,-0.031177006890724317,0.03,1,1,1,0.0,0.3333333333333333,0.135,-1,-1,-1,1.0,1.0,-1.0,0.0,-0.3333333333333333,0.15,-1,-1,-1,0.356862745098039,0.694117647058824,0.803921568627451
101.3981032371521,0.0,-0.02645351201950032,0.03,1,1,1,0.0,0.3333333333333333,0.135,-1,-1,-1,1.0,1.0,-1.0,0.0,-0.3333333333333333,0.15,-1,-1,-1,0.356862745098039,0.694117647058824,0.803921568627451
101.43275237083435,0.0,-0.02173001714827632,0.03,1,1,1,0.0,0.3333333333333333,0.135,-1,-1,-1,1.0,1.0,-1.0,0.0,-0.3333333333333333,0.15,-1,-1,-1,0.356862745098039,0.694117647058824,0.803921568627451
101.47466921806335,0.0,-0.017006522277052318,0.03,1,1,1,0.0,0.3333333333333333,0.135,-1,-1,-1,1.0,1.0,-1.0,0.0,-0.3333333333333333,0.15,-1,-1,-1,0.356862745098039,0.694117647058824,0.803921568627451
101.51631379127502,0.0,-0.012283027405828317,0.03,1,1,1,0.0,0.3333333333333333,0.135,-1,-1,-1,1.0,1.0,-1.0,0.0,-0.3333333333333333,0.15,-1,-1,-1,0.356862745098039,0.694117647058824,0.803921568627451
101.55104970932007,0.0,-0.007559532534604316,0.03,1,1,1,0.0,0.3333333333333333,0.135,-1,-1,-1,1.0,1.0,-1.0,0.0,-0.3333333333333333,0.15,-1,-1,-1,0.356862745098039,0.694117647058824,0.803921568627451
101.58564901351929,0.0,-0.002836037663380315,0.03,1,1,1,0.0,0.3333333333333333,0.135,-1,-1,-1,1.0,1.0,-1.0,0.0,-0.3333333333333333,0.15,-1,-1,-1,0.356862745098039,0.694117647058824,0.803921568627451
101.61982727050781,0.0,0.001887457207843686,0.03,1,1,1,0.0,0.3333333333333333,0.135,-1,-1,-1,1.0,1.0,-1.0,0.0,-0.3333333333333333,0.15,-1,-1,-1,0.356862745098039,0.694117647058824,0.803921568627451
101.65922617912292,0.0,0.006610952079067687,0.03,1,1,1,0.0,0.3333333333333333,0.135,-1,-1,-1,1.0,1.0,-1.0,0.0,-0.3333333333333333,0.15,-1,-1,-1,0.356862745098039,0.694117647058824,0.803921568627451
101.69400691986084,0.0,0.011334446950291689,0.03,1,1,1,0.0,0.3333333333333333,0.135,-1,-1,-1,1.0,1.0,-1.0,0.0,-0.3333333333333333,0.15,-1,-1,-1,0.356862745098039,0.694117647058824,0.803921568627451
101.73169541358948,0.0,0.01605794182151569,0.03,1,1,1,0.0,0.3333333333333333,0.135,-1,-1,-1,1.0,1.0,-1.0,0.0,-0.3333333333333333,0.15,-1,-1,-1,0.356862745098039,0.694117647058824,0.803921568627451
101.76568102836609,0.0,0.020781436692739692,0.03,1,1,1,0.0,0.3333333333333333,0.135,-1,-1,-1,1.0,1.0,-1.0,0.0,-0.3333333333333333,0.15,-1,-1,-1,0.356862745098039,0.694117647058824,0.803921568627451
101.80006432533264,0.0,0.025504931563963693,0.03,1,1,1,0.0,0.3333333333333333,0.135,-1,-1,-1,1.0,1.0,-1.0,0.0,-0.3333333333333333,0.15,-1,-1,-1,0.356862745098039,0.694117647058824,0.803921568627451
101.83536338806152,0.0,0.030228426435187698,0.03,1,1,1,0.0,0.3333333333333333,0.135,-1,-1,-1,1.0,1.0,-1.0,0.0,-0.3333333333333333,0.15,-1,-1,-1,0.356862745098039,0.694117647058824,0.803921568627451
101.87024140357971,0.0,0.034951921306411705,0.03,1,1,1,0.0,0.3333333333333333,0.135,-1,-1,-1,1.0,1.0,-1.0,0.0,-0.3333333333333333,0.15,-1,-1,-1,0.356862745098039,0.694117647058824,0.803921568627451
101.91200804710388,0.0,0.039675416177635724,0.03,1,1,1,0.0,0.3333333333333333,0.135,-1,-1,-1,1.0,1.0,-1.0,0.0,-0.3333333333333333,0.15,-1,-1,-1,0.356862745098039,0.694117647058824,0.803921568627451
101.94608092308044,0.0,0.04439891104885974,0.03,1,1,1,0.0,0.3333333333333333,0.135,-1,-1,-1,1.0,1.0,-1.0,0.0,-0.3333333333333333,0.15,-1,-1,-1,0.356862745098039,0.694117647058824,0.803921568627451
101.9809467792511,0.0,0.04912240592008376,0.03,1,1,1,0.0,0.3333333333333333,0.135,-1,-1,-1,1.0,1.0,-1.0,0.0,-0.3333333333333333,0.15,-1,-1,-1,0.356862745098039,0.694117647058824,0.803921568627451
102.01599359512329,0.0,0.05384590079130778,0.03,1,1,1,0.0,0.3333333333333333,0.135,-1,-1,-1,1.0,1.0,-1.0,0.0,-0.3333333333333333,0.15,-1,-1,-1,0.356862745098039,0.694117647058824,0.803921568627451
102.0503203868866,0.0,0.0585693956625318,0.03,1,1,1,0.0,0.3333333333333333,0.135,-1,-1,-1,1.0,1.0,-1.0,0.0,-0.3333333333333333,0.15,-1,-1,-1,0.356862745098039,0.694117647058824,0.803921568627451
102.0850932598114,0.0,0.06329289053375581,0.03,1,1,1,0.0,0.3333333333333333,0.135,-1,-1,-1,1.0,1.0,-1.0,0.0,-0.3333333333333333,0.15,-1,-1,-1,0.356862745098039,0.694117647058824,0.803921568627451
102.13084626197815,0.0,0.06801638540497983,0.03,1,1,1,0.0,0.3333333333333333,0.135,-1,-1,-1,1.0,1.0,-1.0,0.0,-0.3333333333333333,0.15,-1,-1,-1,0.356862745098039,0.694117647058824,0.803921568627451
102.1689076423645,0.0,0.06895468933100242,0.03,1,1,1,0.0,0.3333333333333333,0.135,-1,-1,-1,1.0,1.0,-1.0,0.0,-0.3333333333333333,0.15,-1,-1,-1,0.356862745098039,0.694117647058824,0.803921568627451
102.20386695861816,0.0,0.06989299325702501,0.03,1,1,1,0.0,0.3333333333333333,0.135,-1,-1,-1,1.0,1.0,-1.0,0.0,-0.3333333333333333,0.15,-1,-1,-1,0.356862745098039,0.694117647058824,0.803921568627451
102.23847794532776,0.0,0.0708312971830476,0.03,1,1,1,0.0,0.3333333333333333,0.135,-1,-1,-1,1.0,1.0,-1.0,0.0,-0.3333333333333333,0.15,-1,-1,-1,0.356862745098039,0.694117647058824,0.803921568627451
102.30244207382202,0.0,0.0717696011090702,0.03,1,1,1,0.0,0.3333333333333333,0.135,-1,-1,-1,1.0,1.0,-1.0,0.0,-0.3333333333333333,0.15,-1,-1,-1,0.356862745098039,0.694117647058824,0.803921568627451
102.33575224876404,0.0,0.07270790503509279,0.03,1,1,1,0.0,0.3333333333333333,0.135,-1,-1,-1,1.0,1.0,-1.0,0.0,-0.3333333333333333,0.15,-1,-1,-1,0.356862745098039,0.694117647058824,0.803921568627451
102.37097883224487,0.0,0.07364620896111539,0.03,1,1,1,0.0,0.3333333333333333,0.135,-1,-1,-1,1.0,1.0,-1.0,0.0,-0.3333333333333333,0.15,-1,-1,-1,0.356862745098039,0.694117647058824,0.803921568627451
102.4045660495758,0.0,0.07458451288713798,0.03,1,1,1,0.0,0.3333333333333333,0.135,-1,-1,-1,1.0,1.0,-1.0,0.0,-0.3333333333333333,0.15,-1,-1,-1,0.356862745098039,0.694117647058824,0.803921568627451
102.43956303596497,0.0,0.07552281681316057,0.03,1,1,1,0.0,0.3333333333333333,0.135,-1,-1,-1,1.0,1.0,-1.0,0.0,-0.3333333333333333,0.15,-1,-1,-1,0.356862745098039,0.694117647058824,0.803921568627451
102.48148918151855,0.0,0.07646112073918317,0.03,1,1,1,0.0,0.3333333333333333,0.135,-1,-1,-1,1.0,1.0,-1.0,0.0,-0.3333333333333333,0.15,-1,-1,-1,0.356862745098039,0.694117647058824,0.803921568627451
102.51651048660278,0.0,0.07739942466520576,0.03,1,1,1,0.0,0.3333333333333333,0.135,-1,-1,-1,1.0,1.0,-1.0,0.0,-0.3333333333333333,0.15,-1,-1,-1,0.356862745098039,0.694117647058824,0.803921568627451
102.55101704597473,0.0,0.07833772859122835,0.03,1,1,1,0.0,0.3333333333333333,0.135,-1,-1,-1,1.0,1.0,-1.0,0.0,-0.3333333333333333,0.15,-1,-1,-1,0.356862745098039,0.694117647058824,0.803921568627451
102.58639001846313,0.0,0.07927603251725095,0.03,1,1,1,0.0,0.3333333333333333,0.135,-1,-1,-1,1.0,1.0,-1.0,0.0,-0.3333333333333333,0.15,-1,-1,-1,0.356862745098039,0.694117647058824,0.803921568627451
102.62044048309326,0.0,0.08021433644327354,0.03,1,1,1,0.0,0.3333333333333333,0.135,-1,-1,-1,1.0,1.0,-1.0,0.0,-0.3333333333333333,0.15,-1,-1,-1,0.356862745098039,0.694117647058824,0.803921568627451
102.6620147228241,0.0,0.08115264036929613,0.03,1,1,1,0.0,0.3333333333333333,0.135,-1,-1,-1,1.0,1.0,-1.0,0.0,-0.3333333333333333,0.15,-1,-1,-1,0.356862745098039,0.694117647058824,0.803921568627451
102.69705986976624,0.0,0.08209094429531873,0.03,1,1,1,0.0,0.3333333333333333,0.135,-1,-1,-1,1.0,1.0,-1.0,0.0,-0.3333333333333333,0.15,-1,-1,-1,0.356862745098039,0.694117647058824,0.803921568627451
102.73130345344543,0.0,0.08302924822134132,0.03,1,1,1,0.0,0.3333333333333333,0.135,-1,-1,-1,1.0,1.0,-1.0,0.0,-0.3333333333333333,0.15,-1,-1,-1,0.356862745098039,0.694117647058824,0.803921568627451
102.77069997787476,0.0,0.08396755214736391,0.03,1,1,1,0.0,0.3333333333333333,0.135,-1,-1,-1,1.0,1.0,-1.0,0.0,-0.3333333333333333,0.15,-1,-1,-1,0.356862745098039,0.694117647058824,0.803921568627451
102.8039870262146,0.0,0.08490585607338651,0.03,1,1,1,0.0,0.3333333333333333,0.135,-1,-1,-1,1.0,1.0,-1.0,0.0,-0.3333333333333333,0.15,-1,-1,-1,0.356862745098039,0.694117647058824,0.803921568627451
102.84028697013855,0.0,0.0858441599994091,0.03,1,1,1,0.0,0.3333333333333333,0.135,-1,-1,-1,1.0,1.0,-1.0,0.0,-0.3333333333333333,0.15,-1,-1,-1,0.356862745098039,0.694117647058824,0.803921568627451
102.87703704833984,0.0,0.0867824639254317,0.03,1,1,1,0.0,0.3333333333333333,0.135,-1,-1,-1,1.0,1.0,-1.0,0.0,-0.3333333333333333,0.15,-1,-1,-1,0.356862745098039,0.694117647058824,0.803921568627451
102.91165828704834,0.0,0.08772076785145429,0.03,1,1,1,0.0,0.3333333333333333,0.135,-1,-1,-1,1.0,1.0,-1.0,0.0,-0.3333333333333333,0.15,-1,-1,-1,0.356862745098039,0.694117647058824,0.803921568627451
102.94669365882874,0.0,0.08865907177747688,0.03,1,1,1,0.0,0.3333333333333333,0.135,-1,-1,-1,1.0,1.0,-1.0,0.0,-0.3333333333333333,0.15,-1,-1,-1,0.356862745098039,0.694117647058824,0.803921568627451
102.98151135444641,0.0,0.08959737570349947,0.03,1,1,1,0.0,0.3333333333333333,0.135,-1,-1,-1,1.0,1.0,-1.0,0.0,-0.3333333333333333,0.15,-1,-1,-1,0.356862745098039,0.694117647058824,0.803921568627451
103.02372717857361,0.0,0.09053567962952207,0.03,1,1,1,0.0,0.3333333333333333,0.135,-1,-1,-1,1.0,1.0,-1.0,0.0,-0.3333333333333333,0.15,-1,-1,-1,0.356862745098039,0.694117647058824,0.803921568627451
103.06543970108032,0.0,0.09147398355554466,0.03,1,1,1,0.0,0.3333333333333333,0.135,-1,-1,-1,1.0,1.0,-1.0,0.0,-0.3333333333333333,0.15,-1,-1,-1,0.356862745098039,0.694117647058824,0.803921568627451
103.1080551147461,0.0,0.09241228748156725,0.03,1,1,1,0.0,0.3333333333333333,0.135,-1,-1,-1,1.0,1.0,-1.0,0.0,-0.3333333333333333,0.15,-1,-1,-1,0.356862745098039,0.694117647058824,0.803921568627451
103.14160418510437,0.0,0.09335059140758985,0.03,1,1,1,0.0,0.3333333333333333,0.135,-1,-1,-1,1.0,1.0,-1.0,0.0,-0.3333333333333333,0.15,-1,-1,-1,0.356862745098039,0.694117647058824,0.803921568627451
103.17639970779419,0.0,0.09428889533361244,0.03,1,1,1,0.0,0.3333333333333333,0.135,-1,-1,-1,1.0,1.0,-1.0,0.0,-0.3333333333333333,0.15,-1,-1,-1,0.356862745098039,0.694117647058824,0.803921568627451
103.21148324012756,0.0,0.09522719925963503,0.03,1,1,1,0.0,0.3333333333333333,0.135,-1,-1,-1,1.0,1.0,-1.0,0.0,-0.3333333333333333,0.15,-1,-1,-1,0.356862745098039,0.694117647058824,0.803921568627451
103.24529457092285,0.0,0.09616550318565763,0.03,1,1,1,0.0,0.3333333333333333,0.135,-1,-1,-1,1.0,1.0,-1.0,0.0,-0.3333333333333333,0.15,-1,-1,-1,0.356862745098039,0.694117647058824,0.803921568627451
103.28710198402405,0.0,0.09710380711168022,0.03,1,1,1,0.0,0.3333333333333333,0.135,-1,-1,-1,1.0,1.0,-1.0,0.0,-0.3333333333333333,0.15,-1,-1,-1,0.356862745098039,0.694117647058824,0.803921568627451
103.32137203216553,0.0,0.09804211103770281,0.03,1,1,1,0.0,0.3333333333333333,0.135,-1,-1,-1,1.0,1.0,-1.0,0.0,-0.3333333333333333,0.15,-1,-1,-1,0.356862745098039,0.694117647058824,0.803921568627451
103.35711789131165,0.0,0.09718147522283994,0.03,1,1,1,0.0,0.3333333333333333,0.135,-1,-1,-1,1.0,1.0,-1.0,0.0,-0.3333333333333333,0.15,-1,-1,-1,0.356862745098039,0.694117647058824,0.803921568627451
103.39135146141052,0.0,0.09512154624738677,0.03,1,1,1,0.0,0.3333333333333333,0.135,-1,-1,-1,1.0,1.0,-1.0,0.0,-0.3333333333333333,0.15,-1,-1,-1,0.356862745098039,0.694117647058824,0.803921568627451
103.43305730819702,0.0,0.09306161727193359,0.03,1,1,1,0.0,0.3333333333333333,0.135,-1,-1,-1,1.0,1.0,-1.0,0.0,-0.3333333333333333,0.15,-1,-1,-1,0.356862745098039,0.694117647058824,0.803921568627451
103.47802305221558,0.0,0.0910016882964804,0.03,1,1,1,0.0,0.3333333333333333,0.135,-1,-1,-1,1.0,1.0,-1.0,0.0,-0.3333333333333333,0.15,-1,-1,-1,0.356862745098039,0.694117647058824,0.803921568627451
103.51733779907227,0.0,0.08894175932102723,0.03,1,1,1,0.0,0.3333333333333333,0.135,-1,-1,-1,1.0,1.0,-1.0,0.0,-0.3333333333333333,0.15,-1,-1,-1,0.356862745098039,0.694117647058824,0.803921568627451
103.55169177055359,0.0,0.08688183034557405,0.03,1,1,1,0.0,0.3333333333333333,0.135,-1,-1,-1,1.0,1.0,-1.0,0.0,-0.3333333333333333,0.15,-1,-1,-1,0.356862745098039,0.694117647058824,0.803921568627451
103.58637070655823,0.0,0.08482190137012087,0.03,1,1,1,0.0,0.3333333333333333,0.135,-1,-1,-1,1.0,1.0,-1.0,0.0,-0.3333333333333333,0.15,-1,-1,-1,0.356862745098039,0.694117647058824,0.803921568627451
103.62802004814148,0.0,0.08276197239466769,0.03,1,1,1,0.0,0.3333333333333333,0.135,-1,-1,-1,1.0,1.0,-1.0,0.0,-0.3333333333333333,0.15,-1,-1,-1,0.356862745098039,0.694117647058824,0.803921568627451
103.66968250274658,0.0,0.08070204341921451,0.03,1,1,1,0.0,0.3333333333333333,0.135,-1,-1,-1,1.0,1.0,-1.0,0.0,-0.3333333333333333,0.15,-1,-1,-1,0.356862745098039,0.694117647058824,0.803921568627451
103.70440721511841,0.0,0.07864211444376133,0.03,1,1,1,0.0,0.3333333333333333,0.135,-1,-1,-1,1.0,1.0,-1.0,0.0,-0.3333333333333333,0.15,-1,-1,-1,0.356862745098039,0.694117647058824,0.803921568627451
103.73911786079407,0.0,0.07658218546830815,0.03,1,1,1,0.0,0.3333333333333333,0.135,-1,-1,-1,1.0,1.0,-1.0,0.0,-0.3333333333333333,0.15,-1,-1,-1,0.356862745098039,0.694117647058824,0.803921568627451
103.77805018424988,0.0,0.07452225649285497,0.03,1,1,1,0.0,0.3333333333333333,0.135,-1,-1,-1,1.0,1.0,-1.0,0.0,-0.3333333333333333,0.15,-1,-1,-1,0.356862745098039,0.694117647058824,0.803921568627451
103.81279015541077,0.0,0.0724623275174018,0.03,1,1,1,0.0,0.3333333333333333,0.135,-1,-1,-1,1.0,1.0,-1.0,0.0,-0.3333333333333333,0.15,-1,-1,-1,0.356862745098039,0.694117647058824,0.803921568627451
103.85083365440369,0.0,0.07040239854194862,0.03,1,1,1,0.0,0.3333333333333333,0.135,-1,-1,-1,1.0,1.0,-1.0,0.0,-0.3333333333333333,0.15,-1,-1,-1,0.356862745098039,0.694117647058824,0.803921568627451
103.89173221588135,0.0,0.06834246956649544,0.03,1,1,1,0.0,0.3333333333333333,0.135,-1,-1,-1,1.0,1.0,-1.0,0.0,-0.3333333333333333,0.15,-1,-1,-1,0.356862745098039,0.694117647058824,0.803921568627451
103.9265832901001,0.0,0.06628254059104226,0.03,1,1,1,0.0,0.3333333333333333,0.135,-1,-1,-1,1.0,1.0,-1.0,0.0,-0.3333333333333333,0.15,-1,-1,-1,0.356862745098039,0.694117647058824,0.803921568627451
103.96180605888367,0.0,0.06422261161558908,0.03,1,1,1,0.0,0.3333333333333333,0.135,-1,-1,-1,1.0,1.0,-1.0,0.0,-0.3333333333333333,0.15,-1,-1,-1,0.356862745098039,0.694117647058824,0.803921568627451
103.99624156951904,0.0,0.06216268264013591,0.03,1,1,1,0.0,0.3333333333333333,0.135,-1,-1,-1,1.0,1.0,-1.0,0.0,-0.3333333333333333,0.15,-1,-1,-1,0.356862745098039,0.694117647058824,0.803921568627451
104.03772711753845,0.0,0.06010275366468277,0.03,1,1,1,0.0,0.3333333333333333,0.135,-1,-1,-1,1.0,1.0,-1.0,0.0,-0.3333333333333333,0.15,-1,-1,-1,0.356862745098039,0.694117647058824,0.803921568627451
104.08210730552673,0.0,0.05804282468922963,0.03,1,1,1,0.0,0.3333333333333333,0.135,-1,-1,-1,1.0,1.0,-1.0,0.0,-0.3333333333333333,0.15,-1,-1,-1,0.356862745098039,0.694117647058824,0.803921568627451
104.12116956710815,0.0,0.05598289571377649,0.03,1,1,1,0.0,0.3333333333333333,0.135,-1,-1,-1,1.0,1.0,-1.0,0.0,-0.3333333333333333,0.15,-1,-1,-1,0.356862745098039,0.694117647058824,0.803921568627451
104.15574502944946,0.0,0.05392296673832334,0.03,1,1,1,0.0,0.3333333333333333,0.135,-1,-1,-1,1.0,1.0,-1.0,0.0,-0.3333333333333333,0.15,-1,-1,-1,0.356862745098039,0.694117647058824,0.803921568627451
104.19029116630554,0.0,0.0518630377628702,0.03,1,1,1,0.0,0.3333333333333333,0.135,-1,-1,-1,1.0,1.0,-1.0,0.0,-0.3333333333333333,0.15,-1,-1,-1,0.356862745098039,0.694117647058824,0.803921568627451
104.2323260307312,0.0,0.049803108787417054,0.03,1,1,1,0.0,0.3333333333333333,0.135,-1,-1,-1,1.0,1.0,-1.0,0.0,-0.3333333333333333,0.15,-1,-1,-1,0.356862745098039,0.694117647058824,0.803921568627451
104.27409219741821,0.0,0.04774317981196391,0.03,1,1,1,0.0,0.3333333333333333,0.135,-1,-1,-1,1.0,1.0,-1.0,0.0,-0.3333333333333333,0.15,-1,-1,-1,0.356862745098039,0.694117647058824,0.803921568627451
104.30882024765015,0.0,0.045683250836510765,0.03,1,1,1,0.0,0.3333333333333333,0.135,-1,-1,-1,1.0,1.0,-1.0,0.0,-0.3333333333333333,0.15,-1,-1,-1,0.356862745098039,0.694117647058824,0.803921568627451
104.34831094741821,0.0,0.04362332186105762,0.03,1,1,1,0.0,0.3333333333333333,0.135,-1,-1,-1,1.0,1.0,-1.0,0.0,-0.3333333333333333,0.15,-1,-1,-1,0.356862745098039,0.694117647058824,0.803921568627451
104.38244247436523,0.0,0.041563392885604476,0.03,1,1,1,0.0,0.3333333333333333,0.135,-1,-1,-1,1.0,1.0,-1.0,0.0,-0.3333333333333333,0.15,-1,-1,-1,0.356862745098039,0.694117647058824,0.803921568627451
104.41698360443115,0.0,0.03950346391015133,0.03,1,1,1,0.0,0.3333333333333333,0.135,-1,-1,-1,1.0,1.0,-1.0,0.0,-0.3333333333333333,0.15,-1,-1,-1,0.356862745098039,0.694117647058824,0.803921568627451
104.45313715934753,0.0,0.03744353493469819,0.03,1,1,1,0.0,0.3333333333333333,0.135,-1,-1,-1,1.0,1.0,-1.0,0.0,-0.3333333333333333,0.15,-1,-1,-1,0.356862745098039,0.694117647058824,0.803921568627451
104.49596238136292,0.0,0.03538360595924504,0.03,1,1,1,0.0,0.3333333333333333,0.135,-1,-1,-1,1.0,1.0,-1.0,0.0,-0.3333333333333333,0.15,-1,-1,-1,0.356862745098039,0.694117647058824,0.803921568627451
104.53049945831299,0.0,0.0333236769837919,0.03,1,1,1,0.0,0.3333333333333333,0.135,-1,-1,-1,1.0,1.0,-1.0,0.0,-0.3333333333333333,0.15,-1,-1,-1,0.356862745098039,0.694117647058824,0.803921568627451
104.56533098220825,0.0,0.030603077411039212,0.03,1,1,1,0.0,0.3333333333333333,0.135,-1,-1,-1,1.0,1.0,-1.0,0.0,-0.3333333333333333,0.15,-1,-1,-1,0.356862745098039,0.694117647058824,0.803921568627451
104.59973669052124,0.0,0.02771731018896165,0.03,1,1,1,0.0,0.3333333333333333,0.135,-1,-1,-1,1.0,1.0,-1.0,0.0,-0.3333333333333333,0.15,-1,-1,-1,0.356862745098039,0.694117647058824,0.803921568627451
104.64153051376343,0.0,0.024831542966884092,0.03,1,1,1,0.0,0.3333333333333333,0.135,-1,-1,-1,1.0,1.0,-1.0,0.0,-0.3333333333333333,0.15,-1,-1,-1,0.356862745098039,0.694117647058824,0.803921568627451
104.67609286308289,0.0,0.021945775744806533,0.03,1,1,1,0.0,0.3333333333333333,0.135,-1,-1,-1,1.0,1.0,-1.0,0.0,-0.3333333333333333,0.15,-1,-1,-1,0.356862745098039,0.694117647058824,0.803921568627451
104.71067142486572,0.0,0.019060008522728975,0.03,1,1,1,0.0,0.3333333333333333,0.135,-1,-1,-1,1.0,1.0,-1.0,0.0,-0.3333333333333333,0.15,-1,-1,-1,0.356862745098039,0.694117647058824,0.803921568627451
104.75030541419983,0.0,0.016174241300651416,0.03,1,1,1,0.0,0.3333333333333333,0.135,-1,-1,-1,1.0,1.0,-1.0,0.0,-0.3333333333333333,0.15,-1,-1,-1,0.356862745098039,0.694117647058824,0.803921568627451
104.78454089164734,0.0,0.013288474078573859,0.03,1,1,1,0.0,0.3333333333333333,0.135,-1,-1,-1,1.0,1.0,-1.0,0.0,-0.3333333333333333,0.15,-1,-1,-1,0.356862745098039,0.694117647058824,0.803921568627451
104.82149624824524,0.0,0.0104027068564963,0.03,1,1,1,0.0,0.3333333333333333,0.135,-1,-1,-1,1.0,1.0,-1.0,0.0,-0.3333333333333333,0.15,-1,-1,-1,0.356862745098039,0.694117647058824,0.803921568627451
104.86347389221191,0.0,0.007516939634418741,0.03,1,1,1,0.0,0.3333333333333333,0.135,-1,-1,-1,1.0,1.0,-1.0,0.0,-0.3333333333333333,0.15,-1,-1,-1,0.356862745098039,0.694117647058824,0.803921568627451
104.89863705635071,0.0,0.004631172412341182,0.03,1,1,1,0.0,0.3333333333333333,0.135,-1,-1,-1,1.0,1.0,-1.0,0.0,-0.3333333333333333,0.15,-1,-1,-1,0.356862745098039,0.694117647058824,0.803921568627451
104.93357563018799,0.0,0.0017454051902636237,0.03,1,1,1,0.0,0.3333333333333333,0.135,-1,-1,-1,1.0,1.0,-1.0,0.0,-0.3333333333333333,0.15,-1,-1,-1,0.356862745098039,0.694117647058824,0.803921568627451
104.96847677230835,0.0,-0.001140362031813935,0.03,1,1,1,0.0,0.3333333333333333,0.135,-1,-1,-1,1.0,1.0,-1.0,0.0,-0.3333333333333333,0.15,-1,-1,-1,0.356862745098039,0.694117647058824,0.803921568627451
105.0094268321991,0.0,-0.004026129253891494,0.03,1,1,1,0.0,0.3333333333333333,0.135,-1,-1,-1,1.0,1.0,-1.0,0.0,-0.3333333333333333,0.15,-1,-1,-1,0.356862745098039,0.694117647058824,0.803921568627451
105.05334091186523,0.0,-0.006911896475969052,0.03,1,1,1,0.0,0.3333333333333333,0.135,-1,-1,-1,1.0,1.0,-1.0,0.0,-0.3333333333333333,0.15,-1,-1,-1,0.356862745098039,0.694117647058824,0.803921568627451
105.08819842338562,0.0,-0.009797663698046612,0.03,1,1,1,0.0,0.3333333333333333,0.135,-1,-1,-1,1.0,1.0,-1.0,0.0,-0.3333333333333333,0.15,-1,-1,-1,0.356862745098039,0.694117647058824,0.803921568627451
105.12033081054688,0.0,-0.01268343092012417,0.03,1,1,1,0.0,0.3333333333333333,0.135,-1,-1,-1,1.0,1.0,-1.0,0.0,-0.3333333333333333,0.15,-1,-1,-1,0.356862745098039,0.694117647058824,0.803921568627451
105.15464806556702,0.0,-0.015569198142201725,0.03,1,1,1,0.0,0.3333333333333333,0.135,-1,-1,-1,1.0,1.0,-1.0,0.0,-0.3333333333333333,0.15,-1,-1,-1,0.356862745098039,0.694117647058824,0.803921568627451
105.18991351127625,0.0,-0.018454965364279284,0.03,1,1,1,0.0,0.3333333333333333,0.135,-1,-1,-1,1.0,1.0,-1.0,0.0,-0.3333333333333333,0.15,-1,-1,-1,0.356862745098039,0.694117647058824,0.803921568627451
105.23895287513733,0.0,-0.021340732586356843,0.03,1,1,1,0.0,0.3333333333333333,0.135,-1,-1,-1,1.0,1.0,-1.0,0.0,-0.3333333333333333,0.15,-1,-1,-1,0.356862745098039,0.694117647058824,0.803921568627451
105.27288603782654,0.0,-0.0242264998084344,0.03,1,1,1,0.0,0.3333333333333333,0.135,-1,-1,-1,1.0,1.0,-1.0,0.0,-0.3333333333333333,0.15,-1,-1,-1,0.356862745098039,0.694117647058824,0.803921568627451
105.30760884284973,0.0,-0.02711226703051196,0.03,1,1,1,0.0,0.3333333333333333,0.135,-1,-1,-1,1.0,1.0,-1.0,0.0,-0.3333333333333333,0.15,-1,-1,-1,0.356862745098039,0.694117647058824,0.803921568627451
105.34254097938538,0.0,-0.029998034252589522,0.03,1,1,1,0.0,0.3333333333333333,0.135,-1,-1,-1,1.0,1.0,-1.0,0.0,-0.3333333333333333,0.15,-1,-1,-1,0.356862745098039,0.694117647058824,0.803921568627451
105.37719392776489,0.0,-0.03288380147466709,0.03,1,1,1,0.0,0.3333333333333333,0.135,-1,-1,-1,1.0,1.0,-1.0,0.0,-0.3333333333333333,0.15,-1,-1,-1,0.356862745098039,0.694117647058824,0.803921568627451
105.42180275917053,0.0,-0.035769568696744664,0.03,1,1,1,0.0,0.3333333333333333,0.135,-1,-1,-1,1.0,1.0,-1.0,0.0,-0.3333333333333333,0.15,-1,-1,-1,0.356862745098039,0.694117647058824,0.803921568627451
105.46020221710205,0.0,-0.03865533591882224,0.03,1,1,1,0.0,0.3333333333333333,0.135,-1,-1,-1,1.0,1.0,-1.0,0.0,-0.3333333333333333,0.15,-1,-1,-1,0.356862745098039,0.694117647058824,0.803921568627451
105.49489402770996,0.0,-0.041541103140899815,0.03,1,1,1,0.0,0.3333333333333333,0.135,-1,-1,-1,1.0,1.0,-1.0,0.0,-0.3333333333333333,0.15,-1,-1,-1,0.356862745098039,0.694117647058824,0.803921568627451
105.5299904346466,0.0,-0.04442687036297739,0.03,1,1,1,0.0,0.3333333333333333,0.135,-1,-1,-1,1.0,1.0,-1.0,0.0,-0.3333333333333333,0.15,-1,-1,-1,0.356862745098039,0.694117647058824,0.803921568627451
105.56477689743042,0.0,-0.04731263758505497,0.03,1,1,1,0.0,0.3333333333333333,0.135,-1,-1,-1,1.0,1.0,-1.0,0.0,-0.3333333333333333,0.15,-1,-1,-1,0.356862745098039,0.694117647058824,0.803921568627451
105.60709118843079,0.0,-0.05019840480713254,0.03,1,1,1,0.0,0.3333333333333333,0.135,-1,-1,-1,1.0,1.0,-1.0,0.0,-0.3333333333333333,0.15,-1,-1,-1,0.356862745098039,0.694117647058824,0.803921568627451
105.6409318447113,0.0,-0.05308417202921012,0.03,1,1,1,0.0,0.3333333333333333,0.135,-1,-1,-1,1.0,1.0,-1.0,0.0,-0.3333333333333333,0.15,-1,-1,-1,0.356862745098039,0.694117647058824,0.803921568627451
105.67609286308289,0.0,-0.055969939251287695,0.03,1,1,1,0.0,0.3333333333333333,0.135,-1,-1,-1,1.0,1.0,-1.0,0.0,-0.3333333333333333,0.15,-1,-1,-1,0.356862745098039,0.694117647058824,0.803921568627451
105.71046304702759,0.0,-0.05885570647336527,0.03,1,1,1,0.0,0.3333333333333333,0.135,-1,-1,-1,1.0,1.0,-1.0,0.0,-0.3333333333333333,0.15,-1,-1,-1,0.356862745098039,0.694117647058824,0.803921568627451
105.7458930015564,0.0,-0.06124212040544941,0.03,1,1,1,0.0,0.3333333333333333,0.135,-1,-1,-1,1.0,1.0,-1.0,0.0,-0.3333333333333333,0.15,-1,-1,-1,0.356862745098039,0.694117647058824,0.803921568627451
105.78931403160095,0.0,-0.06163112117755988,0.03,1,1,1,0.0,0.3333333333333333,0.135,-1,-1,-1,1.0,1.0,-1.0,0.0,-0.3333333333333333,0.15,-1,-1,-1,0.356862745098039,0.694117647058824,0.803921568627451
105.82260823249817,0.0,-0.062020121949670354,0.03,1,1,1,0.0,0.3333333333333333,0.135,-1,-1,-1,1.0,1.0,-1.0,0.0,-0.3333333333333333,0.15,-1,-1,-1,0.356862745098039,0.694117647058824,0.803921568627451
105.8560037612915,0.0,-0.06240912272178083,0.03,1,1,1,0.0,0.3333333333333333,0.135,-1,-1,-1,1.0,1.0,-1.0,0.0,-0.3333333333333333,0.15,-1,-1,-1,0.356862745098039,0.694117647058824,0.803921568627451
105.89153790473938,0.0,-0.06279812349389127,0.03,1,1,1,0.0,0.3333333333333333,0.135,-1,-1,-1,1.0,1.0,-1.0,0.0,-0.3333333333333333,0.15,-1,-1,-1,0.356862745098039,0.694117647058824,0.803921568627451
105.92538642883301,0.0,-0.06318712426600172,0.03,1,1,1,0.0,0.3333333333333333,0.135,-1,-1,-1,1.0,1.0,-1.0,0.0,-0.3333333333333333,0.15,-1,-1,-1,0.356862745098039,0.694117647058824,0.803921568627451
105.96783375740051,0.0,-0.06357612503811216,0.03,1,1,1,0.0,0.3333333333333333,0.135,-1,-1,-1,1.0,1.0,-1.0,0.0,-0.3333333333333333,0.15,-1,-1,-1,0.356862745098039,0.694117647058824,0.803921568627451
106.00250720977783,0.0,-0.06396512581022261,0.03,1,1,1,0.0,0.3333333333333333,0.135,-1,-1,-1,1.0,1.0,-1.0,0.0,-0.3333333333333333,0.15,-1,-1,-1,0.356862745098039,0.694117647058824,0.803921568627451
106.03673553466797,0.0,-0.06435412658233305,0.03,1,1,1,0.0,0.3333333333333333,0.135,-1,-1,-1,1.0,1.0,-1.0,0.0,-0.3333333333333333,0.15,-1,-1,-1,0.356862745098039,0.694117647058824,0.803921568627451
106.07161331176758,0.0,-0.0647431273544435,0.03,1,1,1,0.0,0.3333333333333333,0.135,-1,-1,-1,1.0,1.0,-1.0,0.0,-0.3333333333333333,0.15,-1,-1,-1,0.356862745098039,0.694117647058824,0.803921568627451
106.1064784526825,0.0,-0.06513212812655395,0.03,1,1,1,0.0,0.3333333333333333,0.135,-1,-1,-1,1.0,1.0,-1.0,0.0,-0.3333333333333333,0.15,-1,-1,-1,0.356862745098039,0.694117647058824,0.803921568627451
106.14771962165833,0.0,-0.06552112889866439,0.03,1,1,1,0.0,0.3333333333333333,0.135,-1,-1,-1,1.0,1.0,-1.0,0.0,-0.3333333333333333,0.15,-1,-1,-1,0.356862745098039,0.694117647058824,0.803921568627451
106.18193674087524,0.0,-0.06591012967077484,0.03,1,1,1,0.0,0.3333333333333333,0.135,-1,-1,-1,1.0,1.0,-1.0,0.0,-0.3333333333333333,0.15,-1,-1,-1,0.356862745098039,0.694117647058824,0.803921568627451
106.21797132492065,0.0,-0.06629913044288528,0.03,1,1,1,0.0,0.3333333333333333,0.135,-1,-1,-1,1.0,1.0,-1.0,0.0,-0.3333333333333333,0.15,-1,-1,-1,0.356862745098039,0.694117647058824,0.803921568627451
106.25200748443604,0.0,-0.06668813121499573,0.03,1,1,1,0.0,0.3333333333333333,0.135,-1,-1,-1,1.0,1.0,-1.0,0.0,-0.3333333333333333,0.15,-1,-1,-1,0.356862745098039,0.694117647058824,0.803921568627451
106.29042649269104,0.0,-0.06707713198710617,0.03,1,1,1,0.0,0.3333333333333333,0.135,-1,-1,-1,1.0,1.0,-1.0,0.0,-0.3333333333333333,0.15,-1,-1,-1,0.356862745098039,0.694117647058824,0.803921568627451
106.32570838928223,0.0,-0.06746613275921662,0.03,1,1,1,0.0,0.3333333333333333,0.135,-1,-1,-1,1.0,1.0,-1.0,0.0,-0.3333333333333333,0.15,-1,-1,-1,0.356862745098039,0.694117647058824,0.803921568627451
106.36322832107544,0.0,-0.06785513353132706,0.03,1,1,1,0.0,0.3333333333333333,0.135,-1,-1,-1,1.0,1.0,-1.0,0.0,-0.3333333333333333,0.15,-1,-1,-1,0.356862745098039,0.694117647058824,0.803921568627451
106.40495657920837,0.0,-0.06824413430343751,0.03,1,1,1,0.0,0.3333333333333333,0.135,-1,-1,-1,1.0,1.0,-1.0,0.0,-0.3333333333333333,0.15,-1,-1,-1,0.356862745098039,0.694117647058824,0.803921568627451
106.43995809555054,0.0,-0.06863313507554795,0.03,1,1,1,0.0,0.3333333333333333,0.135,-1,-1,-1,1.0,1.0,-1.0,0.0,-0.3333333333333333,0.15,-1,-1,-1,0.356862745098039,0.694117647058824,0.803921568627451
106.47540593147278,0.0,-0.0690221358476584,0.03,1,1,1,0.0,0.3333333333333333,0.135,-1,-1,-1,1.0,1.0,-1.0,0.0,-0.3333333333333333,0.15,-1,-1,-1,0.356862745098039,0.694117647058824,0.803921568627451
106.50973272323608,0.0,-0.06941113661976885,0.03,1,1,1,0.0,0.3333333333333333,0.135,-1,-1,-1,1.0,1.0,-1.0,0.0,-0.3333333333333333,0.15,-1,-1,-1,0.356862745098039,0.694117647058824,0.803921568627451
106.5514748096466,0.0,-0.06980013739187929,0.03,1,1,1,0.0,0.3333333333333333,0.135,-1,-1,-1,1.0,1.0,-1.0,0.0,-0.3333333333333333,0.15,-1,-1,-1,0.356862745098039,0.694117647058824,0.803921568627451
106.59448838233948,0.0,-0.07018913816398974,0.03,1,1,1,0.0,0.3333333333333333,0.135,-1,-1,-1,1.0,1.0,-1.0,0.0,-0.3333333333333333,0.15,-1,-1,-1,0.356862745098039,0.694117647058824,0.803921568627451
106.62853240966797,0.0,-0.07057813893610018,0.03,1,1,1,0.0,0.3333333333333333,0.135,-1,-1,-1,1.0,1.0,-1.0,0.0,-0.3333333333333333,0.15,-1,-1,-1,0.356862745098039,0.694117647058824,0.803921568627451
106.66244173049927,0.0,-0.07096713970821063,0.03,1,1,1,0.0,0.3333333333333333,0.135,-1,-1,-1,1.0,1.0,-1.0,0.0,-0.3333333333333333,0.15,-1,-1,-1,0.356862745098039,0.694117647058824,0.803921568627451
106.69804048538208,0.0,-0.07135614048032107,0.03,1,1,1,0.0,0.3333333333333333,0.135,-1,-1,-1,1.0,1.0,-1.0,0.0,-0.3333333333333333,0.15,-1,-1,-1,0.356862745098039,0.694117647058824,0.803921568627451
106.73223567008972,0.0,-0.07174514125243152,0.03,1,1,1,0.0,0.3333333333333333,0.135,-1,-1,-1,1.0,1.0,-1.0,0.0,-0.3333333333333333,0.15,-1,-1,-1,0.356862745098039,0.694117647058824,0.803921568627451
106.78020000457764,0.0,-0.07213414202454196,0.03,1,1,1,0.0,0.3333333333333333,0.135,-1,-1,-1,1.0,1.0,-1.0,0.0,-0.3333333333333333,0.15,-1,-1,-1,0.356862745098039,0.694117647058824,0.803921568627451
106.81528902053833,0.0,-0.07252314279665241,0.03,1,1,1,0.0,0.3333333333333333,0.135,-1,-1,-1,1.0,1.0,-1.0,0.0,-0.3333333333333333,0.15,-1,-1,-1,0.356862745098039,0.694117647058824,0.803921568627451
106.8500144481659,0.0,-0.07291214356876285,0.03,1,1,1,0.0,0.3333333333333333,0.135,-1,-1,-1,1.0,1.0,-1.0,0.0,-0.3333333333333333,0.15,-1,-1,-1,0.356862745098039,0.694117647058824,0.803921568627451
106.88467812538147,0.0,-0.0733011443408733,0.03,1,1,1,0.0,0.3333333333333333,0.135,-1,-1,-1,1.0,1.0,-1.0,0.0,-0.3333333333333333,0.15,-1,-1,-1,0.356862745098039,0.694117647058824,0.803921568627451
106.91941142082214,0.0,-0.07369014511298375,0.03,1,1,1,0.0,0.3333333333333333,0.135,-1,-1,-1,1.0,1.0,-1.0,0.0,-0.3333333333333333,0.15,-1,-1,-1,0.356862745098039,0.694117647058824,0.803921568627451
106.96477913856506,0.0,-0.07250240715311247,0.03,1,1,1,0.0,0.3333333333333333,0.135,-1,-1,-1,1.0,1.0,-1.0,0.0,-0.3333333333333333,0.15,-1,-1,-1,0.356862745098039,0.694117647058824,0.803921568627451
107.00318145751953,0.0,-0.06894956109526862,0.03,1,1,1,0.0,0.3333333333333333,0.135,-1,-1,-1,1.0,1.0,-1.0,0.0,-0.3333333333333333,0.15,-1,-1,-1,0.356862745098039,0.694117647058824,0.803921568627451
107.03757834434509,0.0,-0.06539671503742477,0.03,1,1,1,0.0,0.3333333333333333,0.135,-1,-1,-1,1.0,1.0,-1.0,0.0,-0.3333333333333333,0.15,-1,-1,-1,0.356862745098039,0.694117647058824,0.803921568627451
107.0728006362915,0.0,-0.06184386897958092,0.03,1,1,1,0.0,0.3333333333333333,0.135,-1,-1,-1,1.0,1.0,-1.0,0.0,-0.3333333333333333,0.15,-1,-1,-1,0.356862745098039,0.694117647058824,0.803921568627451
107.10717725753784,0.0,-0.05829102292173711,0.03,1,1,1,0.0,0.3333333333333333,0.135,-1,-1,-1,1.0,1.0,-1.0,0.0,-0.3333333333333333,0.15,-1,-1,-1,0.356862745098039,0.694117647058824,0.803921568627451
107.14828538894653,0.0,-0.05473817686389329,0.03,1,1,1,0.0,0.3333333333333333,0.135,-1,-1,-1,1.0,1.0,-1.0,0.0,-0.3333333333333333,0.15,-1,-1,-1,0.356862745098039,0.694117647058824,0.803921568627451
107.19048285484314,0.0,-0.05118533080604947,0.03,1,1,1,0.0,0.3333333333333333,0.135,-1,-1,-1,1.0,1.0,-1.0,0.0,-0.3333333333333333,0.15,-1,-1,-1,0.356862745098039,0.694117647058824,0.803921568627451
107.22516202926636,0.0,-0.04763248474820565,0.03,1,1,1,0.0,0.3333333333333333,0.135,-1,-1,-1,1.0,1.0,-1.0,0.0,-0.3333333333333333,0.15,-1,-1,-1,0.356862745098039,0.694117647058824,0.803921568627451
107.26427507400513,0.0,-0.044079638690361835,0.03,1,1,1,0.0,0.3333333333333333,0.135,-1,-1,-1,1.0,1.0,-1.0,0.0,-0.3333333333333333,0.15,-1,-1,-1,0.356862745098039,0.694117647058824,0.803921568627451
107.29940176010132,0.0,-0.040526792632518016,0.03,1,1,1,0.0,0.3333333333333333,0.135,-1,-1,-1,1.0,1.0,-1.0,0.0,-0.3333333333333333,0.15,-1,-1,-1,0.356862745098039,0.694117647058824,0.803921568627451
107.33648085594177,0.0,-0.0369739465746742,0.03,1,1,1,0.0,0.3333333333333333,0.135,-1,-1,-1,1.0,1.0,-1.0,0.0,-0.3333333333333333,0.15,-1,-1,-1,0.356862745098039,0.694117647058824,0.803921568627451
107.38436317443848,0.0,-0.03342110051683038,0.03,1,1,1,0.0,0.3333333333333333,0.135,-1,-1,-1,1.0,1.0,-1.0,0.0,-0.3333333333333333,0.15,-1,-1,-1,0.356862745098039,0.694117647058824,0.803921568627451
107.41946029663086,0.0,-0.029868254458986557,0.03,1,1,1,0.0,0.3333333333333333,0.135,-1,-1,-1,1.0,1.0,-1.0,0.0,-0.3333333333333333,0.15,-1,-1,-1,0.356862745098039,0.694117647058824,0.803921568627451
107.4541003704071,0.0,-0.02631540840114274,0.03,1,1,1,0.0,0.3333333333333333,0.135,-1,-1,-1,1.0,1.0,-1.0,0.0,-0.3333333333333333,0.15,-1,-1,-1,0.356862745098039,0.694117647058824,0.803921568627451
107.48954916000366,0.0,-0.02276256234329892,0.03,1,1,1,0.0,0.3333333333333333,0.135,-1,-1,-1,1.0,1.0,-1.0,0.0,-0.3333333333333333,0.15,-1,-1,-1,0.356862745098039,0.694117647058824,0.803921568627451
107.52333736419678,0.0,-0.019209716285455102,0.03,1,1,1,0.0,0.3333333333333333,0.135,-1,-1,-1,1.0,1.0,-1.0,0.0,-0.3333333333333333,0.15,-1,-1,-1,0.356862745098039,0.694117647058824,0.803921568627451
107.56758427619934,0.0,-0.015656870227611284,0.03,1,1,1,0.0,0.3333333333333333,0.135,-1,-1,-1,1.0,1.0,-1.0,0.0,-0.3333333333333333,0.15,-1,-1,-1,0.356862745098039,0.694117647058824,0.803921568627451
107.60024881362915,0.0,-0.012104024169767458,0.03,1,1,1,0.0,0.3333333333333333,0.135,-1,-1,-1,1.0,1.0,-1.0,0.0,-0.3333333333333333,0.15,-1,-1,-1,0.356862745098039,0.694117647058824,0.803921568627451
107.63419461250305,0.0,-0.008551178111923631,0.03,1,1,1,0.0,0.3333333333333333,0.135,-1,-1,-1,1.0,1.0,-1.0,0.0,-0.3333333333333333,0.15,-1,-1,-1,0.356862745098039,0.694117647058824,0.803921568627451
107.6691403388977,0.0,-0.004998332054079804,0.03,1,1,1,0.0,0.3333333333333333,0.135,-1,-1,-1,1.0,1.0,-1.0,0.0,-0.3333333333333333,0.15,-1,-1,-1,0.356862745098039,0.694117647058824,0.803921568627451
107.70392870903015,0.0,-0.0014454859962359774,0.03,1,1,1,0.0,0.3333333333333333,0.135,-1,-1,-1,1.0,1.0,-1.0,0.0,-0.3333333333333333,0.15,-1,-1,-1,0.356862745098039,0.694117647058824,0.803921568627451
107.73842000961304,0.0,0.0021073600616078486,0.03,1,1,1,0.0,0.3333333333333333,0.135,-1,-1,-1,1.0,1.0,-1.0,0.0,-0.3333333333333333,0.15,-1,-1,-1,0.356862745098039,0.694117647058824,0.803921568627451
107.78024744987488,0.0,0.005660206119451675,0.03,1,1,1,0.0,0.3333333333333333,0.135,-1,-1,-1,1.0,1.0,-1.0,0.0,-0.3333333333333333,0.15,-1,-1,-1,0.356862745098039,0.694117647058824,0.803921568627451
107.81494045257568,0.0,0.009213052177295502,0.03,1,1,1,0.0,0.3333333333333333,0.135,-1,-1,-1,1.0,1.0,-1.0,0.0,-0.3333333333333333,0.15,-1,-1,-1,0.356862745098039,0.694117647058824,0.803921568627451
107.85069680213928,0.0,0.01276589823513933,0.03,1,1,1,0.0,0.3333333333333333,0.135,-1,-1,-1,1.0,1.0,-1.0,0.0,-0.3333333333333333,0.15,-1,-1,-1,0.356862745098039,0.694117647058824,0.803921568627451
107.8843948841095,0.0,0.016318744292983158,0.03,1,1,1,0.0,0.3333333333333333,0.135,-1,-1,-1,1.0,1.0,-1.0,0.0,-0.3333333333333333,0.15,-1,-1,-1,0.356862745098039,0.694117647058824,0.803921568627451
107.92598485946655,0.0,0.019871590350826977,0.03,1,1,1,0.0,0.3333333333333333,0.135,-1,-1,-1,1.0,1.0,-1.0,0.0,-0.3333333333333333,0.15,-1,-1,-1,0.356862745098039,0.694117647058824,0.803921568627451
107.96096754074097,0.0,0.023424436408670795,0.03,1,1,1,0.0,0.3333333333333333,0.135,-1,-1,-1,1.0,1.0,-1.0,0.0,-0.3333333333333333,0.15,-1,-1,-1,0.356862745098039,0.694117647058824,0.803921568627451
107.99529004096985,0.0,0.026977282466514613,0.03,1,1,1,0.0,0.3333333333333333,0.135,-1,-1,-1,1.0,1.0,-1.0,0.0,-0.3333333333333333,0.15,-1,-1,-1,0.356862745098039,0.694117647058824,0.803921568627451
108.03436279296875,0.0,0.030530128524358425,0.03,1,1,1,0.0,0.3333333333333333,0.135,-1,-1,-1,1.0,1.0,-1.0,0.0,-0.3333333333333333,0.15,-1,-1,-1,0.356862745098039,0.694117647058824,0.803921568627451
108.06807351112366,0.0,0.03408297458220224,0.03,1,1,1,0.0,0.3333333333333333,0.135,-1,-1,-1,1.0,1.0,-1.0,0.0,-0.3333333333333333,0.15,-1,-1,-1,0.356862745098039,0.694117647058824,0.803921568627451
108.10306143760681,0.0,0.03763582064004606,0.03,1,1,1,0.0,0.3333333333333333,0.135,-1,-1,-1,1.0,1.0,-1.0,0.0,-0.3333333333333333,0.15,-1,-1,-1,0.356862745098039,0.694117647058824,0.803921568627451
108.14074563980103,0.0,0.04118866669788988,0.03,1,1,1,0.0,0.3333333333333333,0.135,-1,-1,-1,1.0,1.0,-1.0,0.0,-0.3333333333333333,0.15,-1,-1,-1,0.356862745098039,0.694117647058824,0.803921568627451
108.17609548568726,0.0,0.04036900508066958,0.03,1,1,1,0.0,0.3333333333333333,0.135,-1,-1,-1,1.0,1.0,-1.0,0.0,-0.3333333333333333,0.15,-1,-1,-1,0.356862745098039,0.694117647058824,0.803921568627451
108.21032404899597,0.0,0.03845621654468326,0.03,1,1,1,0.0,0.3333333333333333,0.135,-1,-1,-1,1.0,1.0,-1.0,0.0,-0.3333333333333333,0.15,-1,-1,-1,0.356862745098039,0.694117647058824,0.803921568627451
108.24585247039795,0.0,0.036543428008696935,0.03,1,1,1,0.0,0.3333333333333333,0.135,-1,-1,-1,1.0,1.0,-1.0,0.0,-0.3333333333333333,0.15,-1,-1,-1,0.356862745098039,0.694117647058824,0.803921568627451
108.28742671012878,0.0,0.03463063947271061,0.03,1,1,1,0.0,0.3333333333333333,0.135,-1,-1,-1,1.0,1.0,-1.0,0.0,-0.3333333333333333,0.15,-1,-1,-1,0.356862745098039,0.694117647058824,0.803921568627451
108.32875394821167,0.0,0.03271785093672429,0.03,1,1,1,0.0,0.3333333333333333,0.135,-1,-1,-1,1.0,1.0,-1.0,0.0,-0.3333333333333333,0.15,-1,-1,-1,0.356862745098039,0.694117647058824,0.803921568627451
108.36404728889465,0.0,0.030805062400737968,0.03,1,1,1,0.0,0.3333333333333333,0.135,-1,-1,-1,1.0,1.0,-1.0,0.0,-0.3333333333333333,0.15,-1,-1,-1,0.356862745098039,0.694117647058824,0.803921568627451
108.39846849441528,0.0,0.02889227386475165,0.03,1,1,1,0.0,0.3333333333333333,0.135,-1,-1,-1,1.0,1.0,-1.0,0.0,-0.3333333333333333,0.15,-1,-1,-1,0.356862745098039,0.694117647058824,0.803921568627451
108.43728852272034,0.0,0.026979485328765325,0.03,1,1,1,0.0,0.3333333333333333,0.135,-1,-1,-1,1.0,1.0,-1.0,0.0,-0.3333333333333333,0.15,-1,-1,-1,0.356862745098039,0.694117647058824,0.803921568627451
108.47094941139221,0.0,0.025066696792779,0.03,1,1,1,0.0,0.3333333333333333,0.135,-1,-1,-1,1.0,1.0,-1.0,0.0,-0.3333333333333333,0.15,-1,-1,-1,0.356862745098039,0.694117647058824,0.803921568627451
108.50933694839478,0.0,0.023153908256792678,0.03,1,1,1,0.0,0.3333333333333333,0.135,-1,-1,-1,1.0,1.0,-1.0,0.0,-0.3333333333333333,0.15,-1,-1,-1,0.356862745098039,0.694117647058824,0.803921568627451
108.54405069351196,0.0,0.021241119720806355,0.03,1,1,1,0.0,0.3333333333333333,0.135,-1,-1,-1,1.0,1.0,-1.0,0.0,-0.3333333333333333,0.15,-1,-1,-1,0.356862745098039,0.694117647058824,0.803921568627451
108.57902598381042,0.0,0.01932833118482003,0.03,1,1,1,0.0,0.3333333333333333,0.135,-1,-1,-1,1.0,1.0,-1.0,0.0,-0.3333333333333333,0.15,-1,-1,-1,0.356862745098039,0.694117647058824,0.803921568627451
108.61340832710266,0.0,0.017415542648833708,0.03,1,1,1,0.0,0.3333333333333333,0.135,-1,-1,-1,1.0,1.0,-1.0,0.0,-0.3333333333333333,0.15,-1,-1,-1,0.356862745098039,0.694117647058824,0.803921568627451
108.65560173988342,0.0,0.015502754112847386,0.03,1,1,1,0.0,0.3333333333333333,0.135,-1,-1,-1,1.0,1.0,-1.0,0.0,-0.3333333333333333,0.15,-1,-1,-1,0.356862745098039,0.694117647058824,0.803921568627451
108.69682264328003,0.0,0.013589965576861072,0.03,1,1,1,0.0,0.3333333333333333,0.135,-1,-1,-1,1.0,1.0,-1.0,0.0,-0.3333333333333333,0.15,-1,-1,-1,0.356862745098039,0.694117647058824,0.803921568627451
108.73179984092712,0.0,0.011677177040874757,0.03,1,1,1,0.0,0.3333333333333333,0.135,-1,-1,-1,1.0,1.0,-1.0,0.0,-0.3333333333333333,0.15,-1,-1,-1,0.356862745098039,0.694117647058824,0.803921568627451
108.76619577407837,0.0,0.009764388504888442,0.03,1,1,1,0.0,0.3333333333333333,0.135,-1,-1,-1,1.0,1.0,-1.0,0.0,-0.3333333333333333,0.15,-1,-1,-1,0.356862745098039,0.694117647058824,0.803921568627451
108.80545997619629,0.0,0.007851599968902128,0.03,1,1,1,0.0,0.3333333333333333,0.135,-1,-1,-1,1.0,1.0,-1.0,0.0,-0.3333333333333333,0.15,-1,-1,-1,0.356862745098039,0.694117647058824,0.803921568627451
108.83925747871399,0.0,0.005938811432915809,0.03,1,1,1,0.0,0.3333333333333333,0.135,-1,-1,-1,1.0,1.0,-1.0,0.0,-0.3333333333333333,0.15,-1,-1,-1,0.356862745098039,0.694117647058824,0.803921568627451
108.87340068817139,0.0,0.00402602289692949,0.03,1,1,1,0.0,0.3333333333333333,0.135,-1,-1,-1,1.0,1.0,-1.0,0.0,-0.3333333333333333,0.15,-1,-1,-1,0.356862745098039,0.694117647058824,0.803921568627451
108.9115982055664,0.0,0.0021132343609431728,0.03,1,1,1,0.0,0.3333333333333333,0.135,-1,-1,-1,1.0,1.0,-1.0,0.0,-0.3333333333333333,0.15,-1,-1,-1,0.356862745098039,0.694117647058824,0.803921568627451
108.94671320915222,0.0,0.0002004458249568551,0.03,1,1,1,0.0,0.3333333333333333,0.135,-1,-1,-1,1.0,1.0,-1.0,0.0,-0.3333333333333333,0.15,-1,-1,-1,0.356862745098039,0.694117647058824,0.803921568627451
108.9813859462738,0.0,-0.0017123427110294625,0.03,1,1,1,0.0,0.3333333333333333,0.135,-1,-1,-1,1.0,1.0,-1.0,0.0,-0.3333333333333333,0.15,-1,-1,-1,0.356862745098039,0.694117647058824,0.803921568627451
109.01637983322144,0.0,-0.0036251312470157795,0.03,1,1,1,0.0,0.3333333333333333,0.135,-1,-1,-1,1.0,1.0,-1.0,0.0,-0.3333333333333333,0.15,-1,-1,-1,0.356862745098039,0.694117647058824,0.803921568627451
109.05861520767212,0.0,-0.005537919783002099,0.03,1,1,1,0.0,0.3333333333333333,0.135,-1,-1,-1,1.0,1.0,-1.0,0.0,-0.3333333333333333,0.15,-1,-1,-1,0.356862745098039,0.694117647058824,0.803921568627451
109.09985256195068,0.0,-0.007450708318988417,0.03,1,1,1,0.0,0.3333333333333333,0.135,-1,-1,-1,1.0,1.0,-1.0,0.0,-0.3333333333333333,0.15,-1,-1,-1,0.356862745098039,0.694117647058824,0.803921568627451
109.1341621875763,0.0,-0.009363496854974732,0.03,1,1,1,0.0,0.3333333333333333,0.135,-1,-1,-1,1.0,1.0,-1.0,0.0,-0.3333333333333333,0.15,-1,-1,-1,0.356862745098039,0.694117647058824,0.803921568627451
109.16906094551086,0.0,-0.011276285390961047,0.03,1,1,1,0.0,0.3333333333333333,0.135,-1,-1,-1,1.0,1.0,-1.0,0.0,-0.3333333333333333,0.15,-1,-1,-1,0.356862745098039,0.694117647058824,0.803921568627451
109.20686340332031,0.0,-0.013189073926947362,0.03,1,1,1,0.0,0.3333333333333333,0.135,-1,-1,-1,1.0,1.0,-1.0,0.0,-0.3333333333333333,0.15,-1,-1,-1,0.356862745098039,0.694117647058824,0.803921568627451
109.2414801120758,0.0,-0.015101862462933678,0.03,1,1,1,0.0,0.3333333333333333,0.135,-1,-1,-1,1.0,1.0,-1.0,0.0,-0.3333333333333333,0.15,-1,-1,-1,0.356862745098039,0.694117647058824,0.803921568627451
109.28022384643555,0.0,-0.017014650998919998,0.03,1,1,1,0.0,0.3333333333333333,0.135,-1,-1,-1,1.0,1.0,-1.0,0.0,-0.3333333333333333,0.15,-1,-1,-1,0.356862745098039,0.694117647058824,0.803921568627451
109.31469535827637,0.0,-0.01892743953490632,0.03,1,1,1,0.0,0.3333333333333333,0.135,-1,-1,-1,1.0,1.0,-1.0,0.0,-0.3333333333333333,0.15,-1,-1,-1,0.356862745098039,0.694117647058824,0.803921568627451
109.34981918334961,0.0,-0.020840228070892645,0.03,1,1,1,0.0,0.3333333333333333,0.135,-1,-1,-1,1.0,1.0,-1.0,0.0,-0.3333333333333333,0.15,-1,-1,-1,0.356862745098039,0.694117647058824,0.803921568627451
109.38447737693787,0.0,-0.023697962261574505,0.03,1,1,1,0.0,0.3333333333333333,0.135,-1,-1,-1,1.0,1.0,-1.0,0.0,-0.3333333333333333,0.15,-1,-1,-1,0.356862745098039,0.694117647058824,0.803921568627451
109.42641043663025,0.0,-0.026555696452256364,0.03,1,1,1,0.0,0.3333333333333333,0.135,-1,-1,-1,1.0,1.0,-1.0,0.0,-0.3333333333333333,0.15,-1,-1,-1,0.356862745098039,0.694117647058824,0.803921568627451
109.4685127735138,0.0,-0.029413430642938224,0.03,1,1,1,0.0,0.3333333333333333,0.135,-1,-1,-1,1.0,1.0,-1.0,0.0,-0.3333333333333333,0.15,-1,-1,-1,0.356862745098039,0.694117647058824,0.803921568627451
109.50883078575134,0.0,-0.03227116483362009,0.03,1,1,1,0.0,0.3333333333333333,0.135,-1,-1,-1,1.0,1.0,-1.0,0.0,-0.3333333333333333,0.15,-1,-1,-1,0.356862745098039,0.694117647058824,0.803921568627451
109.54235076904297,0.0,-0.03512889902430195,0.03,1,1,1,0.0,0.3333333333333333,0.135,-1,-1,-1,1.0,1.0,-1.0,0.0,-0.3333333333333333,0.15,-1,-1,-1,0.356862745098039,0.694117647058824,0.803921568627451
109.57680773735046,0.0,-0.03798663321498381,0.03,1,1,1,0.0,0.3333333333333333,0.135,-1,-1,-1,1.0,1.0,-1.0,0.0,-0.3333333333333333,0.15,-1,-1,-1,0.356862745098039,0.694117647058824,0.803921568627451
109.61147904396057,0.0,-0.04084436740566567,0.03,1,1,1,0.0,0.3333333333333333,0.135,-1,-1,-1,1.0,1.0,-1.0,0.0,-0.3333333333333333,0.15,-1,-1,-1,0.356862745098039,0.694117647058824,0.803921568627451
109.64967489242554,0.0,-0.04370210159634753,0.03,1,1,1,0.0,0.3333333333333333,0.135,-1,-1,-1,1.0,1.0,-1.0,0.0,-0.3333333333333333,0.15,-1,-1,-1,0.356862745098039,0.694117647058824,0.803921568627451
109.68996024131775,0.0,-0.04655983578702939,0.03,1,1,1,0.0,0.3333333333333333,0.135,-1,-1,-1,1.0,1.0,-1.0,0.0,-0.3333333333333333,0.15,-1,-1,-1,0.356862745098039,0.694117647058824,0.803921568627451
109.7253029346466,0.0,-0.04941756997771125,0.03,1,1,1,0.0,0.3333333333333333,0.135,-1,-1,-1,1.0,1.0,-1.0,0.0,-0.3333333333333333,0.15,-1,-1,-1,0.356862745098039,0.694117647058824,0.803921568627451
109.76040172576904,0.0,-0.05227530416839311,0.03,1,1,1,0.0,0.3333333333333333,0.135,-1,-1,-1,1.0,1.0,-1.0,0.0,-0.3333333333333333,0.15,-1,-1,-1,0.356862745098039,0.694117647058824,0.803921568627451
109.80202054977417,0.0,-0.055133038359074966,0.03,1,1,1,0.0,0.3333333333333333,0.135,-1,-1,-1,1.0,1.0,-1.0,0.0,-0.3333333333333333,0.15,-1,-1,-1,0.356862745098039,0.694117647058824,0.803921568627451
109.84519076347351,0.0,-0.057990772549756826,0.03,1,1,1,0.0,0.3333333333333333,0.135,-1,-1,-1,1.0,1.0,-1.0,0.0,-0.3333333333333333,0.15,-1,-1,-1,0.356862745098039,0.694117647058824,0.803921568627451
109.87718939781189,0.0,-0.060848506740438686,0.03,1,1,1,0.0,0.3333333333333333,0.135,-1,-1,-1,1.0,1.0,-1.0,0.0,-0.3333333333333333,0.15,-1,-1,-1,0.356862745098039,0.694117647058824,0.803921568627451
109.91426706314087,0.0,-0.06370624093112055,0.03,1,1,1,0.0,0.3333333333333333,0.135,-1,-1,-1,1.0,1.0,-1.0,0.0,-0.3333333333333333,0.15,-1,-1,-1,0.356862745098039,0.694117647058824,0.803921568627451
109.9490647315979,0.0,-0.06656397512180241,0.03,1,1,1,0.0,0.3333333333333333,0.135,-1,-1,-1,1.0,1.0,-1.0,0.0,-0.3333333333333333,0.15,-1,-1,-1,0.356862745098039,0.694117647058824,0.803921568627451
109.99647450447083,0.0,-0.06942170931248427,0.03,1,1,1,0.0,0.3333333333333333,0.135,-1,-1,-1,1.0,1.0,-1.0,0.0,-0.3333333333333333,0.15,-1,-1,-1,0.356862745098039,0.694117647058824,0.803921568627451
110.03091406822205,0.0,-0.07227944350316613,0.03,1,1,1,0.0,0.3333333333333333,0.135,-1,-1,-1,1.0,1.0,-1.0,0.0,-0.3333333333333333,0.15,-1,-1,-1,0.356862745098039,0.694117647058824,0.803921568627451
110.06596088409424,0.0,-0.07513717769384799,0.03,1,1,1,0.0,0.3333333333333333,0.135,-1,-1,-1,1.0,1.0,-1.0,0.0,-0.3333333333333333,0.15,-1,-1,-1,0.356862745098039,0.694117647058824,0.803921568627451
110.10035228729248,0.0,-0.07799491188452985,0.03,1,1,1,0.0,0.3333333333333333,0.135,-1,-1,-1,1.0,1.0,-1.0,0.0,-0.3333333333333333,0.15,-1,-1,-1,0.356862745098039,0.694117647058824,0.803921568627451
110.13506245613098,0.0,-0.08085264607521171,0.03,1,1,1,0.0,0.3333333333333333,0.135,-1,-1,-1,1.0,1.0,-1.0,0.0,-0.3333333333333333,0.15,-1,-1,-1,0.356862745098039,0.694117647058824,0.803921568627451
110.17905187606812,0.0,-0.08371038026589357,0.03,1,1,1,0.0,0.3333333333333333,0.135,-1,-1,-1,1.0,1.0,-1.0,0.0,-0.3333333333333333,0.15,-1,-1,-1,0.356862745098039,0.694117647058824,0.803921568627451
110.21831965446472,0.0,-0.08656811445657543,0.03,1,1,1,0.0,0.3333333333333333,0.135,-1,-1,-1,1.0,1.0,-1.0,0.0,-0.3333333333333333,0.15,-1,-1,-1,0.356862745098039,0.694117647058824,0.803921568627451
110.2528920173645,0.0,-0.08942584864725729,0.03,1,1,1,0.0,0.3333333333333333,0.135,-1,-1,-1,1.0,1.0,-1.0,0.0,-0.3333333333333333,0.15,-1,-1,-1,0.356862745098039,0.694117647058824,0.803921568627451
110.28774118423462,0.0,-0.09228358283793915,0.03,1,1,1,0.0,0.3333333333333333,0.135,-1,-1,-1,1.0,1.0,-1.0,0.0,-0.3333333333333333,0.15,-1,-1,-1,0.356862745098039,0.694117647058824,0.803921568627451
110.3294734954834,0.0,-0.09514131702862101,0.03,1,1,1,0.0,0.3333333333333333,0.135,-1,-1,-1,1.0,1.0,-1.0,0.0,-0.3333333333333333,0.15,-1,-1,-1,0.356862745098039,0.694117647058824,0.803921568627451
110.37081742286682,0.0,-0.09799905121930287,0.03,1,1,1,0.0,0.3333333333333333,0.135,-1,-1,-1,1.0,1.0,-1.0,0.0,-0.3333333333333333,0.15,-1,-1,-1,0.356862745098039,0.694117647058824,0.803921568627451
110.41443300247192,0.0,-0.10085678540998473,0.03,1,1,1,0.0,0.3333333333333333,0.135,-1,-1,-1,1.0,1.0,-1.0,0.0,-0.3333333333333333,0.15,-1,-1,-1,0.356862745098039,0.694117647058824,0.803921568627451
110.4478702545166,0.0,-0.10371451960066659,0.03,1,1,1,0.0,0.3333333333333333,0.135,-1,-1,-1,1.0,1.0,-1.0,0.0,-0.3333333333333333,0.15,-1,-1,-1,0.356862745098039,0.694117647058824,0.803921568627451
110.4831063747406,0.0,-0.10657225379134845,0.03,1,1,1,0.0,0.3333333333333333,0.135,-1,-1,-1,1.0,1.0,-1.0,0.0,-0.3333333333333333,0.15,-1,-1,-1,0.356862745098039,0.694117647058824,0.803921568627451
110.5164442062378,0.0,-0.10942998798203031,0.03,1,1,1,0.0,0.3333333333333333,0.135,-1,-1,-1,1.0,1.0,-1.0,0.0,-0.3333333333333333,0.15,-1,-1,-1,0.356862745098039,0.694117647058824,0.803921568627451
110.55113005638123,0.0,-0.11228772217271217,0.03,1,1,1,0.0,0.3333333333333333,0.135,-1,-1,-1,1.0,1.0,-1.0,0.0,-0.3333333333333333,0.15,-1,-1,-1,0.356862745098039,0.694117647058824,0.803921568627451
110.60030055046082,0.0,-0.11262574144127954,0.03,1,1,1,0.0,0.3333333333333333,0.135,-1,-1,-1,1.0,1.0,-1.0,0.0,-0.3333333333333333,0.15,-1,-1,-1,0.356862745098039,0.694117647058824,0.803921568627451
110.63394260406494,0.0,-0.11296376070984691,0.03,1,1,1,0.0,0.3333333333333333,0.135,-1,-1,-1,1.0,1.0,-1.0,0.0,-0.3333333333333333,0.15,-1,-1,-1,0.356862745098039,0.694117647058824,0.803921568627451
110.66831278800964,0.0,-0.11330177997841429,0.03,1,1,1,0.0,0.3333333333333333,0.135,-1,-1,-1,1.0,1.0,-1.0,0.0,-0.3333333333333333,0.15,-1,-1,-1,0.356862745098039,0.694117647058824,0.803921568627451
110.70333886146545,0.0,-0.11363979924698166,0.03,1,1,1,0.0,0.3333333333333333,0.135,-1,-1,-1,1.0,1.0,-1.0,0.0,-0.3333333333333333,0.15,-1,-1,-1,0.356862745098039,0.694117647058824,0.803921568627451
110.73786091804504,0.0,-0.11397781851554903,0.03,1,1,1,0.0,0.3333333333333333,0.135,-1,-1,-1,1.0,1.0,-1.0,0.0,-0.3333333333333333,0.15,-1,-1,-1,0.356862745098039,0.694117647058824,0.803921568627451
110.77295732498169,0.0,-0.1143158377841164,0.03,1,1,1,0.0,0.3333333333333333,0.135,-1,-1,-1,1.0,1.0,-1.0,0.0,-0.3333333333333333,0.15,-1,-1,-1,0.356862745098039,0.694117647058824,0.803921568627451
110.8164930343628,0.0,-0.11465385705268377,0.03,1,1,1,0.0,0.3333333333333333,0.135,-1,-1,-1,1.0,1.0,-1.0,0.0,-0.3333333333333333,0.15,-1,-1,-1,0.356862745098039,0.694117647058824,0.803921568627451
110.84973073005676,0.0,-0.11499187632125114,0.03,1,1,1,0.0,0.3333333333333333,0.135,-1,-1,-1,1.0,1.0,-1.0,0.0,-0.3333333333333333,0.15,-1,-1,-1,0.356862745098039,0.694117647058824,0.803921568627451
110.8838517665863,0.0,-0.11532989558981852,0.03,1,1,1,0.0,0.3333333333333333,0.135,-1,-1,-1,1.0,1.0,-1.0,0.0,-0.3333333333333333,0.15,-1,-1,-1,0.356862745098039,0.694117647058824,0.803921568627451
110.91823720932007,0.0,-0.11566791485838589,0.03,1,1,1,0.0,0.3333333333333333,0.135,-1,-1,-1,1.0,1.0,-1.0,0.0,-0.3333333333333333,0.15,-1,-1,-1,0.356862745098039,0.694117647058824,0.803921568627451
110.95260763168335,0.0,-0.11600593412695326,0.03,1,1,1,0.0,0.3333333333333333,0.135,-1,-1,-1,1.0,1.0,-1.0,0.0,-0.3333333333333333,0.15,-1,-1,-1,0.356862745098039,0.694117647058824,0.803921568627451
110.99471426010132,0.0,-0.11634395339552063,0.03,1,1,1,0.0,0.3333333333333333,0.135,-1,-1,-1,1.0,1.0,-1.0,0.0,-0.3333333333333333,0.15,-1,-1,-1,0.356862745098039,0.694117647058824,0.803921568627451
111.02905178070068,0.0,-0.116681972664088,0.03,1,1,1,0.0,0.3333333333333333,0.135,-1,-1,-1,1.0,1.0,-1.0,0.0,-0.3333333333333333,0.15,-1,-1,-1,0.356862745098039,0.694117647058824,0.803921568627451
111.06381440162659,0.0,-0.11701999193265537,0.03,1,1,1,0.0,0.3333333333333333,0.135,-1,-1,-1,1.0,1.0,-1.0,0.0,-0.3333333333333333,0.15,-1,-1,-1,0.356862745098039,0.694117647058824,0.803921568627451
111.09957027435303,0.0,-0.11735801120122274,0.03,1,1,1,0.0,0.3333333333333333,0.135,-1,-1,-1,1.0,1.0,-1.0,0.0,-0.3333333333333333,0.15,-1,-1,-1,0.356862745098039,0.694117647058824,0.803921568627451
111.133798122406,0.0,-0.11769603046979012,0.03,1,1,1,0.0,0.3333333333333333,0.135,-1,-1,-1,1.0,1.0,-1.0,0.0,-0.3333333333333333,0.15,-1,-1,-1,0.356862745098039,0.694117647058824,0.803921568627451
111.17533755302429,0.0,-0.11803404973835749,0.03,1,1,1,0.0,0.3333333333333333,0.135,-1,-1,-1,1.0,1.0,-1.0,0.0,-0.3333333333333333,0.15,-1,-1,-1,0.356862745098039,0.694117647058824,0.803921568627451
111.20990347862244,0.0,-0.11837206900692486,0.03,1,1,1,0.0,0.3333333333333333,0.135,-1,-1,-1,1.0,1.0,-1.0,0.0,-0.3333333333333333,0.15,-1,-1,-1,0.356862745098039,0.694117647058824,0.803921568627451
111.2448058128357,0.0,-0.11871008827549222,0.03,1,1,1,0.0,0.3333333333333333,0.135,-1,-1,-1,1.0,1.0,-1.0,0.0,-0.3333333333333333,0.15,-1,-1,-1,0.356862745098039,0.694117647058824,0.803921568627451
111.2845048904419,0.0,-0.11904810754405953,0.03,1,1,1,0.0,0.3333333333333333,0.135,-1,-1,-1,1.0,1.0,-1.0,0.0,-0.3333333333333333,0.15,-1,-1,-1,0.356862745098039,0.694117647058824,0.803921568627451
111.3176498413086,0.0,-0.11938612681262692,0.03,1,1,1,0.0,0.3333333333333333,0.135,-1,-1,-1,1.0,1.0,-1.0,0.0,-0.3333333333333333,0.15,-1,-1,-1,0.356862745098039,0.694117647058824,0.803921568627451
111.35269737243652,0.0,-0.11972414608119424,0.03,1,1,1,0.0,0.3333333333333333,0.135,-1,-1,-1,1.0,1.0,-1.0,0.0,-0.3333333333333333,0.15,-1,-1,-1,0.356862745098039,0.694117647058824,0.803921568627451
111.3904960155487,0.0,-0.12006216534976157,0.03,1,1,1,0.0,0.3333333333333333,0.135,-1,-1,-1,1.0,1.0,-1.0,0.0,-0.3333333333333333,0.15,-1,-1,-1,0.356862745098039,0.694117647058824,0.803921568627451
111.42584705352783,0.0,-0.12040018461832892,0.03,1,1,1,0.0,0.3333333333333333,0.135,-1,-1,-1,1.0,1.0,-1.0,0.0,-0.3333333333333333,0.15,-1,-1,-1,0.356862745098039,0.694117647058824,0.803921568627451
111.46003723144531,0.0,-0.12073820388689627,0.03,1,1,1,0.0,0.3333333333333333,0.135,-1,-1,-1,1.0,1.0,-1.0,0.0,-0.3333333333333333,0.15,-1,-1,-1,0.356862745098039,0.694117647058824,0.803921568627451
111.49490451812744,0.0,-0.1210762231554636,0.03,1,1,1,0.0,0.3333333333333333,0.135,-1,-1,-1,1.0,1.0,-1.0,0.0,-0.3333333333333333,0.15,-1,-1,-1,0.356862745098039,0.694117647058824,0.803921568627451
111.53732776641846,0.0,-0.12141424242403094,0.03,1,1,1,0.0,0.3333333333333333,0.135,-1,-1,-1,1.0,1.0,-1.0,0.0,-0.3333333333333333,0.15,-1,-1,-1,0.356862745098039,0.694117647058824,0.803921568627451
111.57130718231201,0.0,-0.1217522616925983,0.03,1,1,1,0.0,0.3333333333333333,0.135,-1,-1,-1,1.0,1.0,-1.0,0.0,-0.3333333333333333,0.15,-1,-1,-1,0.356862745098039,0.694117647058824,0.803921568627451
111.60577821731567,0.0,-0.12209028096116561,0.03,1,1,1,0.0,0.3333333333333333,0.135,-1,-1,-1,1.0,1.0,-1.0,0.0,-0.3333333333333333,0.15,-1,-1,-1,0.356862745098039,0.694117647058824,0.803921568627451
111.640869140625,0.0,-0.12242830022973294,0.03,1,1,1,0.0,0.3333333333333333,0.135,-1,-1,-1,1.0,1.0,-1.0,0.0,-0.3333333333333333,0.15,-1,-1,-1,0.356862745098039,0.694117647058824,0.803921568627451
111.67543029785156,0.0,-0.1227663194983003,0.03,1,1,1,0.0,0.3333333333333333,0.135,-1,-1,-1,1.0,1.0,-1.0,0.0,-0.3333333333333333,0.15,-1,-1,-1,0.356862745098039,0.694117647058824,0.803921568627451
111.72099900245667,0.0,-0.12310433876686765,0.03,1,1,1,0.0,0.3333333333333333,0.135,-1,-1,-1,1.0,1.0,-1.0,0.0,-0.3333333333333333,0.15,-1,-1,-1,0.356862745098039,0.694117647058824,0.803921568627451
111.75862216949463,0.0,-0.12423526605358096,0.03,1,1,1,0.0,0.3333333333333333,0.135,-1,-1,-1,1.0,1.0,-1.0,0.0,-0.3333333333333333,0.15,-1,-1,-1,0.356862745098039,0.694117647058824,0.803921568627451
111.79360556602478,0.0,-0.12853782541287823,0.03,1,1,1,0.0,0.3333333333333333,0.135,-1,-1,-1,1.0,1.0,-1.0,0.0,-0.3333333333333333,0.15,-1,-1,-1,0.356862745098039,0.694117647058824,0.803921568627451
111.82801795005798,0.0,-0.1328403847721755,0.03,1,1,1,0.0,0.3333333333333333,0.135,-1,-1,-1,1.0,1.0,-1.0,0.0,-0.3333333333333333,0.15,-1,-1,-1,0.356862745098039,0.694117647058824,0.803921568627451
111.86287379264832,0.0,-0.13714294413147277,0.03,1,1,1,0.0,0.3333333333333333,0.135,-1,-1,-1,1.0,1.0,-1.0,0.0,-0.3333333333333333,0.15,-1,-1,-1,0.356862745098039,0.694117647058824,0.803921568627451
111.89750838279724,0.0,-0.14144550349077004,0.03,1,1,1,0.0,0.3333333333333333,0.135,-1,-1,-1,1.0,1.0,-1.0,0.0,-0.3333333333333333,0.15,-1,-1,-1,0.356862745098039,0.694117647058824,0.803921568627451
111.93997311592102,0.0,-0.1457480628500673,0.03,1,1,1,0.0,0.3333333333333333,0.135,-1,-1,-1,1.0,1.0,-1.0,0.0,-0.3333333333333333,0.15,-1,-1,-1,0.356862745098039,0.694117647058824,0.803921568627451
111.9742693901062,0.0,-0.15005062220936458,0.03,1,1,1,0.0,0.3333333333333333,0.135,-1,-1,-1,1.0,1.0,-1.0,0.0,-0.3333333333333333,0.15,-1,-1,-1,0.356862745098039,0.694117647058824,0.803921568627451
112.00830221176147,0.0,-0.15435318156866185,0.03,1,1,1,0.0,0.3333333333333333,0.135,-1,-1,-1,1.0,1.0,-1.0,0.0,-0.3333333333333333,0.15,-1,-1,-1,0.356862745098039,0.694117647058824,0.803921568627451
112.04383277893066,0.0,-0.15865574092795912,0.03,1,1,1,0.0,0.3333333333333333,0.135,-1,-1,-1,1.0,1.0,-1.0,0.0,-0.3333333333333333,0.15,-1,-1,-1,0.356862745098039,0.694117647058824,0.803921568627451
112.07886505126953,0.0,-0.16295830028725639,0.03,1,1,1,0.0,0.3333333333333333,0.135,-1,-1,-1,1.0,1.0,-1.0,0.0,-0.3333333333333333,0.15,-1,-1,-1,0.356862745098039,0.694117647058824,0.803921568627451
112.11343431472778,0.0,-0.16726085964655366,0.03,1,1,1,0.0,0.3333333333333333,0.135,-1,-1,-1,1.0,1.0,-1.0,0.0,-0.3333333333333333,0.15,-1,-1,-1,0.356862745098039,0.694117647058824,0.803921568627451
112.15755653381348,0.0,-0.17156341900585093,0.03,1,1,1,0.0,0.3333333333333333,0.135,-1,-1,-1,1.0,1.0,-1.0,0.0,-0.3333333333333333,0.15,-1,-1,-1,0.356862745098039,0.694117647058824,0.803921568627451
112.19095993041992,0.0,-0.1758659783651482,0.03,1,1,1,0.0,0.3333333333333333,0.135,-1,-1,-1,1.0,1.0,-1.0,0.0,-0.3333333333333333,0.15,-1,-1,-1,0.356862745098039,0.694117647058824,0.803921568627451
112.22403335571289,0.0,-0.18016853772444547,0.03,1,1,1,0.0,0.3333333333333333,0.135,-1,-1,-1,1.0,1.0,-1.0,0.0,-0.3333333333333333,0.15,-1,-1,-1,0.356862745098039,0.694117647058824,0.803921568627451
112.25909185409546,0.0,-0.18447109708374274,0.03,1,1,1,0.0,0.3333333333333333,0.135,-1,-1,-1,1.0,1.0,-1.0,0.0,-0.3333333333333333,0.15,-1,-1,-1,0.356862745098039,0.694117647058824,0.803921568627451
112.32170987129211,0.0,-0.18877365644304,0.03,1,1,1,0.0,0.3333333333333333,0.135,-1,-1,-1,1.0,1.0,-1.0,0.0,-0.3333333333333333,0.15,-1,-1,-1,0.356862745098039,0.694117647058824,0.803921568627451
112.36353063583374,0.0,-0.19307621580233728,0.03,1,1,1,0.0,0.3333333333333333,0.135,-1,-1,-1,1.0,1.0,-1.0,0.0,-0.3333333333333333,0.15,-1,-1,-1,0.356862745098039,0.694117647058824,0.803921568627451
112.39801216125488,0.0,-0.19737877516163455,0.03,1,1,1,0.0,0.3333333333333333,0.135,-1,-1,-1,1.0,1.0,-1.0,0.0,-0.3333333333333333,0.15,-1,-1,-1,0.356862745098039,0.694117647058824,0.803921568627451
112.43334746360779,0.0,-0.20168133452093182,0.03,1,1,1,0.0,0.3333333333333333,0.135,-1,-1,-1,1.0,1.0,-1.0,0.0,-0.3333333333333333,0.15,-1,-1,-1,0.356862745098039,0.694117647058824,0.803921568627451
112.47267532348633,0.0,-0.20598389388022909,0.03,1,1,1,0.0,0.3333333333333333,0.135,-1,-1,-1,1.0,1.0,-1.0,0.0,-0.3333333333333333,0.15,-1,-1,-1,0.356862745098039,0.694117647058824,0.803921568627451
112.5071907043457,0.0,-0.21028645323952636,0.03,1,1,1,0.0,0.3333333333333333,0.135,-1,-1,-1,1.0,1.0,-1.0,0.0,-0.3333333333333333,0.15,-1,-1,-1,0.356862745098039,0.694117647058824,0.803921568627451
112.54449033737183,0.0,-0.21458901259882363,0.03,1,1,1,0.0,0.3333333333333333,0.135,-1,-1,-1,1.0,1.0,-1.0,0.0,-0.3333333333333333,0.15,-1,-1,-1,0.356862745098039,0.694117647058824,0.803921568627451
112.58659434318542,0.0,-0.2188915719581209,0.03,1,1,1,0.0,0.3333333333333333,0.135,-1,-1,-1,1.0,1.0,-1.0,0.0,-0.3333333333333333,0.15,-1,-1,-1,0.356862745098039,0.694117647058824,0.803921568627451
112.6205084323883,0.0,-0.22319413131741817,0.03,1,1,1,0.0,0.3333333333333333,0.135,-1,-1,-1,1.0,1.0,-1.0,0.0,-0.3333333333333333,0.15,-1,-1,-1,0.356862745098039,0.694117647058824,0.803921568627451
112.65531253814697,0.0,-0.22749669067671544,0.03,1,1,1,0.0,0.3333333333333333,0.135,-1,-1,-1,1.0,1.0,-1.0,0.0,-0.3333333333333333,0.15,-1,-1,-1,0.356862745098039,0.694117647058824,0.803921568627451
112.69039916992188,0.0,-0.2317992500360127,0.03,1,1,1,0.0,0.3333333333333333,0.135,-1,-1,-1,1.0,1.0,-1.0,0.0,-0.3333333333333333,0.15,-1,-1,-1,0.356862745098039,0.694117647058824,0.803921568627451
112.73136281967163,0.0,-0.23610180939530998,0.03,1,1,1,0.0,0.3333333333333333,0.135,-1,-1,-1,1.0,1.0,-1.0,0.0,-0.3333333333333333,0.15,-1,-1,-1,0.356862745098039,0.694117647058824,0.803921568627451
112.77545118331909,0.0,-0.24040436875460722,0.03,1,1,1,0.0,0.3333333333333333,0.135,-1,-1,-1,1.0,1.0,-1.0,0.0,-0.3333333333333333,0.15,-1,-1,-1,0.356862745098039,0.694117647058824,0.803921568627451
112.80874443054199,0.0,-0.2447069281139045,0.03,1,1,1,0.0,0.3333333333333333,0.135,-1,-1,-1,1.0,1.0,-1.0,0.0,-0.3333333333333333,0.15,-1,-1,-1,0.356862745098039,0.694117647058824,0.803921568627451
112.84229469299316,0.0,-0.2490094874732017,0.03,1,1,1,0.0,0.3333333333333333,0.135,-1,-1,-1,1.0,1.0,-1.0,0.0,-0.3333333333333333,0.15,-1,-1,-1,0.356862745098039,0.694117647058824,0.803921568627451
112.87759470939636,0.0,-0.2533120468324989,0.03,1,1,1,0.0,0.3333333333333333,0.135,-1,-1,-1,1.0,1.0,-1.0,0.0,-0.3333333333333333,0.15,-1,-1,-1,0.356862745098039,0.694117647058824,0.803921568627451
112.91208839416504,0.0,-0.25761460619179605,0.03,1,1,1,0.0,0.3333333333333333,0.135,-1,-1,-1,1.0,1.0,-1.0,0.0,-0.3333333333333333,0.15,-1,-1,-1,0.356862745098039,0.694117647058824,0.803921568627451
112.9606339931488,0.0,-0.2619171655510932,0.03,1,1,1,0.0,0.3333333333333333,0.135,-1,-1,-1,1.0,1.0,-1.0,0.0,-0.3333333333333333,0.15,-1,-1,-1,0.356862745098039,0.694117647058824,0.803921568627451
113.00271987915039,0.0,-0.2547529492909683,0.03,1,1,1,0.0,0.3333333333333333,0.135,-1,-1,-1,1.0,1.0,-1.0,0.0,-0.3333333333333333,0.15,-1,-1,-1,0.356862745098039,0.694117647058824,0.803921568627451
113.04344725608826,0.0,-0.2475887330308434,0.03,1,1,1,0.0,0.3333333333333333,0.135,-1,-1,-1,1.0,1.0,-1.0,0.0,-0.3333333333333333,0.15,-1,-1,-1,0.356862745098039,0.694117647058824,0.803921568627451
113.07611274719238,0.0,-0.24042451677071827,0.03,1,1,1,0.0,0.3333333333333333,0.135,-1,-1,-1,1.0,1.0,-1.0,0.0,-0.3333333333333333,0.15,-1,-1,-1,0.356862745098039,0.694117647058824,0.803921568627451
113.11087107658386,0.0,-0.23326030051059324,0.03,1,1,1,0.0,0.3333333333333333,0.135,-1,-1,-1,1.0,1.0,-1.0,0.0,-0.3333333333333333,0.15,-1,-1,-1,0.356862745098039,0.694117647058824,0.803921568627451
113.14804911613464,0.0,-0.22609608425046823,0.03,1,1,1,0.0,0.3333333333333333,0.135,-1,-1,-1,1.0,1.0,-1.0,0.0,-0.3333333333333333,0.15,-1,-1,-1,0.356862745098039,0.694117647058824,0.803921568627451
113.18997240066528,0.0,-0.21893186799034323,0.03,1,1,1,0.0,0.3333333333333333,0.135,-1,-1,-1,1.0,1.0,-1.0,0.0,-0.3333333333333333,0.15,-1,-1,-1,0.356862745098039,0.694117647058824,0.803921568627451
113.22463536262512,0.0,-0.21176765173021822,0.03,1,1,1,0.0,0.3333333333333333,0.135,-1,-1,-1,1.0,1.0,-1.0,0.0,-0.3333333333333333,0.15,-1,-1,-1,0.356862745098039,0.694117647058824,0.803921568627451
113.25934028625488,0.0,-0.20460343547009321,0.03,1,1,1,0.0,0.3333333333333333,0.135,-1,-1,-1,1.0,1.0,-1.0,0.0,-0.3333333333333333,0.15,-1,-1,-1,0.356862745098039,0.694117647058824,0.803921568627451
113.29411005973816,0.0,-0.1974392192099682,0.03,1,1,1,0.0,0.3333333333333333,0.135,-1,-1,-1,1.0,1.0,-1.0,0.0,-0.3333333333333333,0.15,-1,-1,-1,0.356862745098039,0.694117647058824,0.803921568627451
113.3358883857727,0.0,-0.1902750029498432,0.03,1,1,1,0.0,0.3333333333333333,0.135,-1,-1,-1,1.0,1.0,-1.0,0.0,-0.3333333333333333,0.15,-1,-1,-1,0.356862745098039,0.694117647058824,0.803921568627451
113.37933588027954,0.0,-0.1831107866897182,0.03,1,1,1,0.0,0.3333333333333333,0.135,-1,-1,-1,1.0,1.0,-1.0,0.0,-0.3333333333333333,0.15,-1,-1,-1,0.356862745098039,0.694117647058824,0.803921568627451
113.41224408149719,0.0,-0.1759465704295932,0.03,1,1,1,0.0,0.3333333333333333,0.135,-1,-1,-1,1.0,1.0,-1.0,0.0,-0.3333333333333333,0.15,-1,-1,-1,0.356862745098039,0.694117647058824,0.803921568627451
113.44703888893127,0.0,-0.16878235416946819,0.03,1,1,1,0.0,0.3333333333333333,0.135,-1,-1,-1,1.0,1.0,-1.0,0.0,-0.3333333333333333,0.15,-1,-1,-1,0.356862745098039,0.694117647058824,0.803921568627451
113.48367214202881,0.0,-0.16161813790934318,0.03,1,1,1,0.0,0.3333333333333333,0.135,-1,-1,-1,1.0,1.0,-1.0,0.0,-0.3333333333333333,0.15,-1,-1,-1,0.356862745098039,0.694117647058824,0.803921568627451
113.51654744148254,0.0,-0.15445392164921817,0.03,1,1,1,0.0,0.3333333333333333,0.135,-1,-1,-1,1.0,1.0,-1.0,0.0,-0.3333333333333333,0.15,-1,-1,-1,0.356862745098039,0.694117647058824,0.803921568627451
113.55740880966187,0.0,-0.14728970538909317,0.03,1,1,1,0.0,0.3333333333333333,0.135,-1,-1,-1,1.0,1.0,-1.0,0.0,-0.3333333333333333,0.15,-1,-1,-1,0.356862745098039,0.694117647058824,0.803921568627451
113.59191823005676,0.0,-0.14012548912896816,0.03,1,1,1,0.0,0.3333333333333333,0.135,-1,-1,-1,1.0,1.0,-1.0,0.0,-0.3333333333333333,0.15,-1,-1,-1,0.356862745098039,0.694117647058824,0.803921568627451
113.62695741653442,0.0,-0.13296127286884316,0.03,1,1,1,0.0,0.3333333333333333,0.135,-1,-1,-1,1.0,1.0,-1.0,0.0,-0.3333333333333333,0.15,-1,-1,-1,0.356862745098039,0.694117647058824,0.803921568627451
113.66152501106262,0.0,-0.12579705660871815,0.03,1,1,1,0.0,0.3333333333333333,0.135,-1,-1,-1,1.0,1.0,-1.0,0.0,-0.3333333333333333,0.15,-1,-1,-1,0.356862745098039,0.694117647058824,0.803921568627451
113.69636964797974,0.0,-0.11863284034859319,0.03,1,1,1,0.0,0.3333333333333333,0.135,-1,-1,-1,1.0,1.0,-1.0,0.0,-0.3333333333333333,0.15,-1,-1,-1,0.356862745098039,0.694117647058824,0.803921568627451
113.73874640464783,0.0,-0.11146862408846825,0.03,1,1,1,0.0,0.3333333333333333,0.135,-1,-1,-1,1.0,1.0,-1.0,0.0,-0.3333333333333333,0.15,-1,-1,-1,0.356862745098039,0.694117647058824,0.803921568627451
113.77270483970642,0.0,-0.10430440782834331,0.03,1,1,1,0.0,0.3333333333333333,0.135,-1,-1,-1,1.0,1.0,-1.0,0.0,-0.3333333333333333,0.15,-1,-1,-1,0.356862745098039,0.694117647058824,0.803921568627451
113.80752515792847,0.0,-0.09714019156821838,0.03,1,1,1,0.0,0.3333333333333333,0.135,-1,-1,-1,1.0,1.0,-1.0,0.0,-0.3333333333333333,0.15,-1,-1,-1,0.356862745098039,0.694117647058824,0.803921568627451
113.84612107276917,0.0,-0.08997597530809344,0.03,1,1,1,0.0,0.3333333333333333,0.135,-1,-1,-1,1.0,1.0,-1.0,0.0,-0.3333333333333333,0.15,-1,-1,-1,0.356862745098039,0.694117647058824,0.803921568627451
113.88130831718445,0.0,-0.0828117590479685,0.03,1,1,1,0.0,0.3333333333333333,0.135,-1,-1,-1,1.0,1.0,-1.0,0.0,-0.3333333333333333,0.15,-1,-1,-1,0.356862745098039,0.694117647058824,0.803921568627451
113.91852951049805,0.0,-0.07564754278784357,0.03,1,1,1,0.0,0.3333333333333333,0.135,-1,-1,-1,1.0,1.0,-1.0,0.0,-0.3333333333333333,0.15,-1,-1,-1,0.356862745098039,0.694117647058824,0.803921568627451
113.95327711105347,0.0,-0.06848332652771863,0.03,1,1,1,0.0,0.3333333333333333,0.135,-1,-1,-1,1.0,1.0,-1.0,0.0,-0.3333333333333333,0.15,-1,-1,-1,0.356862745098039,0.694117647058824,0.803921568627451
113.98783421516418,0.0,-0.06131911026759369,0.03,1,1,1,0.0,0.3333333333333333,0.135,-1,-1,-1,1.0,1.0,-1.0,0.0,-0.3333333333333333,0.15,-1,-1,-1,0.356862745098039,0.694117647058824,0.803921568627451
114.0231659412384,0.0,-0.05415489400746872,0.03,1,1,1,0.0,0.3333333333333333,0.135,-1,-1,-1,1.0,1.0,-1.0,0.0,-0.3333333333333333,0.15,-1,-1,-1,0.356862745098039,0.694117647058824,0.803921568627451
114.06509494781494,0.0,-0.04699067774734375,0.03,1,1,1,0.0,0.3333333333333333,0.135,-1,-1,-1,1.0,1.0,-1.0,0.0,-0.3333333333333333,0.15,-1,-1,-1,0.356862745098039,0.694117647058824,0.803921568627451
114.09934139251709,0.0,-0.03982646148721878,0.03,1,1,1,0.0,0.3333333333333333,0.135,-1,-1,-1,1.0,1.0,-1.0,0.0,-0.3333333333333333,0.15,-1,-1,-1,0.356862745098039,0.694117647058824,0.803921568627451
114.13382291793823,0.0,-0.03266224522709381,0.03,1,1,1,0.0,0.3333333333333333,0.135,-1,-1,-1,1.0,1.0,-1.0,0.0,-0.3333333333333333,0.15,-1,-1,-1,0.356862745098039,0.694117647058824,0.803921568627451
114.16872239112854,0.0,-0.02693087221899384,0.03,1,1,1,0.0,0.3333333333333333,0.135,-1,-1,-1,1.0,1.0,-1.0,0.0,-0.3333333333333333,0.15,-1,-1,-1,0.356862745098039,0.694117647058824,0.803921568627451
114.2026629447937,0.0,-0.02693087221899384,0.03,1,1,1,0.0,0.3333333333333333,0.135,-1,-1,-1,1.0,1.0,-1.0,0.0,-0.3333333333333333,0.15,-1,-1,-1,0.356862745098039,0.694117647058824,0.803921568627451
114.23764371871948,0.0,-0.02693087221899384,0.03,1,1,1,0.0,0.3333333333333333,0.135,-1,-1,-1,1.0,1.0,-1.0,0.0,-0.3333333333333333,0.15,-1,-1,-1,0.356862745098039,0.694117647058824,0.803921568627451
114.27216792106628,0.0,-0.02693087221899384,0.03,1,1,1,0.0,0.3333333333333333,0.135,-1,-1,-1,1.0,1.0,-1.0,0.0,-0.3333333333333333,0.15,-1,-1,-1,0.356862745098039,0.694117647058824,0.803921568627451
114.30674242973328,0.0,-0.02693087221899384,0.03,1,1,1,0.0,0.3333333333333333,0.135,-1,-1,-1,1.0,1.0,-1.0,0.0,-0.3333333333333333,0.15,-1,-1,-1,0.356862745098039,0.694117647058824,0.803921568627451
114.34153819084167,0.0,-0.02693087221899384,0.03,1,1,1,0.0,0.3333333333333333,0.135,-1,-1,-1,1.0,1.0,-1.0,0.0,-0.3333333333333333,0.15,-1,-1,-1,0.356862745098039,0.694117647058824,0.803921568627451
114.37643909454346,0.0,-0.02693087221899384,0.03,1,1,1,0.0,0.3333333333333333,0.135,-1,-1,-1,1.0,1.0,-1.0,0.0,-0.3333333333333333,0.15,-1,-1,-1,0.356862745098039,0.694117647058824,0.803921568627451
114.41666579246521,0.0,-0.02693087221899384,0.03,1,1,1,0.0,0.3333333333333333,0.135,-1,-1,-1,1.0,1.0,-1.0,0.0,-0.3333333333333333,0.15,-1,-1,-1,0.356862745098039,0.694117647058824,0.803921568627451
114.4504280090332,0.0,-0.02693087221899384,0.03,1,1,1,0.0,0.3333333333333333,0.135,-1,-1,-1,1.0,1.0,-1.0,0.0,-0.3333333333333333,0.15,-1,-1,-1,0.356862745098039,0.694117647058824,0.803921568627451
114.48789381980896,0.0,-0.02693087221899384,0.03,1,1,1,0.0,0.3333333333333333,0.135,-1,-1,-1,1.0,1.0,-1.0,0.0,-0.3333333333333333,0.15,-1,-1,-1,0.356862745098039,0.694117647058824,0.803921568627451
114.52278566360474,0.0,-0.02693087221899384,0.03,1,1,1,0.0,0.3333333333333333,0.135,-1,-1,-1,1.0,1.0,-1.0,0.0,-0.3333333333333333,0.15,-1,-1,-1,0.356862745098039,0.694117647058824,0.803921568627451
114.55764055252075,0.0,-0.02693087221899384,0.03,1,1,1,0.0,0.3333333333333333,0.135,-1,-1,-1,1.0,1.0,-1.0,0.0,-0.3333333333333333,0.15,-1,-1,-1,0.356862745098039,0.694117647058824,0.803921568627451
114.59246468544006,0.0,-0.02693087221899384,0.03,1,1,1,0.0,0.3333333333333333,0.135,-1,-1,-1,1.0,1.0,-1.0,0.0,-0.3333333333333333,0.15,-1,-1,-1,0.356862745098039,0.694117647058824,0.803921568627451
114.63313221931458,0.0,-0.02693087221899384,0.03,1,1,1,0.0,0.3333333333333333,0.135,-1,-1,-1,1.0,1.0,-1.0,0.0,-0.3333333333333333,0.15,-1,-1,-1,0.356862745098039,0.694117647058824,0.803921568627451
114.66797685623169,0.0,-0.02693087221899384,0.03,1,1,1,0.0,0.3333333333333333,0.135,-1,-1,-1,1.0,1.0,-1.0,0.0,-0.3333333333333333,0.15,-1,-1,-1,0.356862745098039,0.694117647058824,0.803921568627451
114.70265913009644,0.0,-0.02693087221899384,0.03,1,1,1,0.0,0.3333333333333333,0.135,-1,-1,-1,1.0,1.0,-1.0,0.0,-0.3333333333333333,0.15,-1,-1,-1,0.356862745098039,0.694117647058824,0.803921568627451
114.738032579422,0.0,-0.02693087221899384,0.03,1,1,1,0.0,0.3333333333333333,0.135,-1,-1,-1,1.0,1.0,-1.0,0.0,-0.3333333333333333,0.15,-1,-1,-1,0.356862745098039,0.694117647058824,0.803921568627451
114.77271032333374,0.0,-0.02693087221899384,0.03,1,1,1,0.0,0.3333333333333333,0.135,-1,-1,-1,1.0,1.0,-1.0,0.0,-0.3333333333333333,0.15,-1,-1,-1,0.356862745098039,0.694117647058824,0.803921568627451
114.80810308456421,0.0,-0.02693087221899384,0.03,1,1,1,0.0,0.3333333333333333,0.135,-1,-1,-1,1.0,1.0,-1.0,0.0,-0.3333333333333333,0.15,-1,-1,-1,0.356862745098039,0.694117647058824,0.803921568627451
114.8420729637146,0.0,-0.02693087221899384,0.03,1,1,1,0.0,0.3333333333333333,0.135,-1,-1,-1,1.0,1.0,-1.0,0.0,-0.3333333333333333,0.15,-1,-1,-1,0.356862745098039,0.694117647058824,0.803921568627451
114.88634824752808,0.0,-0.02693087221899384,0.03,1,1,1,0.0,0.3333333333333333,0.135,-1,-1,-1,1.0,1.0,-1.0,0.0,-0.3333333333333333,0.15,-1,-1,-1,0.356862745098039,0.694117647058824,0.803921568627451
114.92026591300964,0.0,-0.02693087221899384,0.03,1,1,1,0.0,0.3333333333333333,0.135,-1,-1,-1,1.0,1.0,-1.0,0.0,-0.3333333333333333,0.15,-1,-1,-1,0.356862745098039,0.694117647058824,0.803921568627451
114.95293998718262,0.0,-0.02693087221899384,0.03,1,1,1,0.0,0.3333333333333333,0.135,-1,-1,-1,1.0,1.0,-1.0,0.0,-0.3333333333333333,0.15,-1,-1,-1,0.356862745098039,0.694117647058824,0.803921568627451
114.98794364929199,0.0,-0.02693087221899384,0.03,1,1,1,0.0,0.3333333333333333,0.135,-1,-1,-1,1.0,1.0,-1.0,0.0,-0.3333333333333333,0.15,-1,-1,-1,0.356862745098039,0.694117647058824,0.803921568627451
115.02318716049194,0.0,-0.02693087221899384,0.03,1,1,1,0.0,0.3333333333333333,0.135,-1,-1,-1,1.0,1.0,-1.0,0.0,-0.3333333333333333,0.15,-1,-1,-1,0.356862745098039,0.694117647058824,0.803921568627451
115.05856776237488,0.0,-0.02693087221899384,0.03,1,1,1,0.0,0.3333333333333333,0.135,-1,-1,-1,1.0,1.0,-1.0,0.0,-0.3333333333333333,0.15,-1,-1,-1,0.356862745098039,0.694117647058824,0.803921568627451
115.10664916038513,0.0,-0.02693087221899384,0.03,1,1,1,0.0,0.3333333333333333,0.135,-1,-1,-1,1.0,1.0,-1.0,0.0,-0.3333333333333333,0.15,-1,-1,-1,0.356862745098039,0.694117647058824,0.803921568627451
115.14133310317993,0.0,-0.02693087221899384,0.03,1,1,1,0.0,0.3333333333333333,0.135,-1,-1,-1,1.0,1.0,-1.0,0.0,-0.3333333333333333,0.15,-1,-1,-1,0.356862745098039,0.694117647058824,0.803921568627451
115.1754834651947,0.0,-0.02693087221899384,0.03,1,1,1,0.0,0.3333333333333333,0.135,-1,-1,-1,1.0,1.0,-1.0,0.0,-0.3333333333333333,0.15,-1,-1,-1,0.356862745098039,0.694117647058824,0.803921568627451
115.2101833820343,0.0,-0.02693087221899384,0.03,1,1,1,0.0,0.3333333333333333,0.135,-1,-1,-1,1.0,1.0,-1.0,0.0,-0.3333333333333333,0.15,-1,-1,-1,0.356862745098039,0.694117647058824,0.803921568627451
115.24509763717651,0.0,-0.02693087221899384,0.03,1,1,1,0.0,0.3333333333333333,0.135,-1,-1,-1,1.0,1.0,-1.0,0.0,-0.3333333333333333,0.15,-1,-1,-1,0.356862745098039,0.694117647058824,0.803921568627451
115.27977275848389,0.0,-0.02693087221899384,0.03,1,1,1,0.0,0.3333333333333333,0.135,-1,-1,-1,1.0,1.0,-1.0,0.0,-0.3333333333333333,0.15,-1,-1,-1,0.356862745098039,0.694117647058824,0.803921568627451
115.32330846786499,0.0,-0.02693087221899384,0.03,1,1,1,0.0,0.3333333333333333,0.135,-1,-1,-1,1.0,1.0,-1.0,0.0,-0.3333333333333333,0.15,-1,-1,-1,0.356862745098039,0.694117647058824,0.803921568627451
115.3566825389862,0.0,-0.02693087221899384,0.03,1,1,1,0.0,0.3333333333333333,0.135,-1,-1,-1,1.0,1.0,-1.0,0.0,-0.3333333333333333,0.15,-1,-1,-1,0.356862745098039,0.694117647058824,0.803921568627451
115.39128136634827,0.0,-0.02693087221899384,0.03,1,1,1,0.0,0.3333333333333333,0.135,-1,-1,-1,1.0,1.0,-1.0,0.0,-0.3333333333333333,0.15,-1,-1,-1,0.356862745098039,0.694117647058824,0.803921568627451
115.4281713962555,0.0,-0.02693087221899384,0.03,1,1,1,0.0,0.3333333333333333,0.135,-1,-1,-1,1.0,1.0,-1.0,0.0,-0.3333333333333333,0.15,-1,-1,-1,0.356862745098039,0.694117647058824,0.803921568627451
115.46200656890869,0.0,-0.02693087221899384,0.03,1,1,1,0.0,0.3333333333333333,0.135,-1,-1,-1,1.0,1.0,-1.0,0.0,-0.3333333333333333,0.15,-1,-1,-1,0.356862745098039,0.694117647058824,0.803921568627451
115.50996589660645,0.0,-0.02693087221899384,0.03,1,1,1,0.0,0.3333333333333333,0.135,-1,-1,-1,1.0,1.0,-1.0,0.0,-0.3333333333333333,0.15,-1,-1,-1,0.356862745098039,0.694117647058824,0.803921568627451
115.54465627670288,0.0,-0.02693087221899384,0.03,1,1,1,0.0,0.3333333333333333,0.135,-1,-1,-1,1.0,1.0,-1.0,0.0,-0.3333333333333333,0.15,-1,-1,-1,0.356862745098039,0.694117647058824,0.803921568627451
115.57936215400696,0.0,-0.02693087221899384,0.03,1,1,1,0.0,0.3333333333333333,0.135,-1,-1,-1,1.0,1.0,-1.0,0.0,-0.3333333333333333,0.15,-1,-1,-1,0.356862745098039,0.694117647058824,0.803921568627451
115.61416268348694,0.0,-0.02693087221899384,0.03,1,1,1,0.0,0.3333333333333333,0.135,-1,-1,-1,1.0,1.0,-1.0,0.0,-0.3333333333333333,0.15,-1,-1,-1,0.356862745098039,0.694117647058824,0.803921568627451
115.64886975288391,0.0,-0.02693087221899384,0.03,1,1,1,0.0,0.3333333333333333,0.135,-1,-1,-1,1.0,1.0,-1.0,0.0,-0.3333333333333333,0.15,-1,-1,-1,0.356862745098039,0.694117647058824,0.803921568627451
115.69352960586548,0.0,-0.02693087221899384,0.03,1,1,1,0.0,0.3333333333333333,0.135,-1,-1,-1,1.0,1.0,-1.0,0.0,-0.3333333333333333,0.15,-1,-1,-1,0.356862745098039,0.694117647058824,0.803921568627451
115.73211574554443,0.0,-0.02693087221899384,0.03,1,1,1,0.0,0.3333333333333333,0.135,-1,-1,-1,1.0,1.0,-1.0,0.0,-0.3333333333333333,0.15,-1,-1,-1,0.356862745098039,0.694117647058824,0.803921568627451
115.76702833175659,0.0,-0.02693087221899384,0.03,1,1,1,0.0,0.3333333333333333,0.135,-1,-1,-1,1.0,1.0,-1.0,0.0,-0.3333333333333333,0.15,-1,-1,-1,0.356862745098039,0.694117647058824,0.803921568627451
115.80205774307251,0.0,-0.02693087221899384,0.03,1,1,1,0.0,0.3333333333333333,0.135,-1,-1,-1,1.0,1.0,-1.0,0.0,-0.3333333333333333,0.15,-1,-1,-1,0.356862745098039,0.694117647058824,0.803921568627451
115.83682060241699,0.0,-0.02693087221899384,0.03,1,1,1,0.0,0.3333333333333333,0.135,-1,-1,-1,1.0,1.0,-1.0,0.0,-0.3333333333333333,0.15,-1,-1,-1,0.356862745098039,0.694117647058824,0.803921568627451
115.87809872627258,0.0,-0.02693087221899384,0.03,1,1,1,0.0,0.3333333333333333,0.135,-1,-1,-1,1.0,1.0,-1.0,0.0,-0.3333333333333333,0.15,-1,-1,-1,0.356862745098039,0.694117647058824,0.803921568627451
115.91968154907227,0.0,-0.02693087221899384,0.03,1,1,1,0.0,0.3333333333333333,0.135,-1,-1,-1,1.0,1.0,-1.0,0.0,-0.3333333333333333,0.15,-1,-1,-1,0.356862745098039,0.694117647058824,0.803921568627451
115.95451331138611,0.0,-0.02693087221899384,0.03,1,1,1,0.0,0.3333333333333333,0.135,-1,-1,-1,1.0,1.0,-1.0,0.0,-0.3333333333333333,0.15,-1,-1,-1,0.356862745098039,0.694117647058824,0.803921568627451
115.9948582649231,0.0,-0.02693087221899384,0.03,1,1,1,0.0,0.3333333333333333,0.135,-1,-1,-1,1.0,1.0,-1.0,0.0,-0.3333333333333333,0.15,-1,-1,-1,0.356862745098039,0.694117647058824,0.803921568627451
116.02905225753784,0.0,-0.02693087221899384,0.03,1,1,1,0.0,0.3333333333333333,0.135,-1,-1,-1,1.0,1.0,-1.0,0.0,-0.3333333333333333,0.15,-1,-1,-1,0.356862745098039,0.694117647058824,0.803921568627451
116.06590151786804,0.0,-0.02693087221899384,0.03,1,1,1,0.0,0.3333333333333333,0.135,-1,-1,-1,1.0,1.0,-1.0,0.0,-0.3333333333333333,0.15,-1,-1,-1,0.356862745098039,0.694117647058824,0.803921568627451
116.11402988433838,0.0,-0.02693087221899384,0.03,1,1,1,0.0,0.3333333333333333,0.135,-1,-1,-1,1.0,1.0,-1.0,0.0,-0.3333333333333333,0.15,-1,-1,-1,0.356862745098039,0.694117647058824,0.803921568627451
116.1488745212555,0.0,-0.02693087221899384,0.03,1,1,1,0.0,0.3333333333333333,0.135,-1,-1,-1,1.0,1.0,-1.0,0.0,-0.3333333333333333,0.15,-1,-1,-1,0.356862745098039,0.694117647058824,0.803921568627451
116.18363642692566,0.0,-0.02693087221899384,0.03,1,1,1,0.0,0.3333333333333333,0.135,-1,-1,-1,1.0,1.0,-1.0,0.0,-0.3333333333333333,0.15,-1,-1,-1,0.356862745098039,0.694117647058824,0.803921568627451
116.21836519241333,0.0,-0.02693087221899384,0.03,1,1,1,0.0,0.3333333333333333,0.135,-1,-1,-1,1.0,1.0,-1.0,0.0,-0.3333333333333333,0.15,-1,-1,-1,0.356862745098039,0.694117647058824,0.803921568627451
116.26366758346558,0.0,-0.02693087221899384,0.03,1,1,1,0.0,0.3333333333333333,0.135,-1,-1,-1,1.0,1.0,-1.0,0.0,-0.3333333333333333,0.15,-1,-1,-1,0.356862745098039,0.694117647058824,0.803921568627451
116.30145740509033,0.0,-0.02693087221899384,0.03,1,1,1,0.0,0.3333333333333333,0.135,-1,-1,-1,1.0,1.0,-1.0,0.0,-0.3333333333333333,0.15,-1,-1,-1,0.356862745098039,0.694117647058824,0.803921568627451
116.33567810058594,0.0,-0.02693087221899384,0.03,1,1,1,0.0,0.3333333333333333,0.135,-1,-1,-1,1.0,1.0,-1.0,0.0,-0.3333333333333333,0.15,-1,-1,-1,0.356862745098039,0.694117647058824,0.803921568627451
116.37070918083191,0.0,-0.02693087221899384,0.03,1,1,1,0.0,0.3333333333333333,0.135,-1,-1,-1,1.0,1.0,-1.0,0.0,-0.3333333333333333,0.15,-1,-1,-1,0.356862745098039,0.694117647058824,0.803921568627451
116.40524983406067,0.0,-0.02693087221899384,0.03,1,1,1,0.0,0.3333333333333333,0.135,-1,-1,-1,1.0,1.0,-1.0,0.0,-0.3333333333333333,0.15,-1,-1,-1,0.356862745098039,0.694117647058824,0.803921568627451
116.44743537902832,0.0,-0.02693087221899384,0.03,1,1,1,0.0,0.3333333333333333,0.135,-1,-1,-1,1.0,1.0,-1.0,0.0,-0.3333333333333333,0.15,-1,-1,-1,0.356862745098039,0.694117647058824,0.803921568627451
116.48908567428589,0.0,-0.02693087221899384,0.03,1,1,1,0.0,0.3333333333333333,0.135,-1,-1,-1,1.0,1.0,-1.0,0.0,-0.3333333333333333,0.15,-1,-1,-1,0.356862745098039,0.694117647058824,0.803921568627451
116.53145360946655,0.0,-0.02693087221899384,0.03,1,1,1,0.0,0.3333333333333333,0.135,-1,-1,-1,1.0,1.0,-1.0,0.0,-0.3333333333333333,0.15,-1,-1,-1,0.356862745098039,0.694117647058824,0.803921568627451
116.56414365768433,0.0,-0.02693087221899384,0.03,1,1,1,0.0,0.3333333333333333,0.135,-1,-1,-1,1.0,1.0,-1.0,0.0,-0.3333333333333333,0.15,-1,-1,-1,0.356862745098039,0.694117647058824,0.803921568627451
116.60046076774597,0.0,-0.021520139899497304,0.03,1,1,1,0.0,0.3333333333333333,0.135,-1,-1,-1,1.0,1.0,-1.0,0.0,-0.3333333333333333,0.15,-1,-1,-1,0.356862745098039,0.694117647058824,0.803921568627451
116.63440418243408,0.0,-0.01610940758000077,0.03,1,1,1,0.0,0.3333333333333333,0.135,-1,-1,-1,1.0,1.0,-1.0,0.0,-0.3333333333333333,0.15,-1,-1,-1,0.356862745098039,0.694117647058824,0.803921568627451
116.67587351799011,0.0,-0.010698675260504234,0.03,1,1,1,0.0,0.3333333333333333,0.135,-1,-1,-1,1.0,1.0,-1.0,0.0,-0.3333333333333333,0.15,-1,-1,-1,0.356862745098039,0.694117647058824,0.803921568627451
116.71094107627869,0.0,-0.005287942941007699,0.03,1,1,1,0.0,0.3333333333333333,0.135,-1,-1,-1,1.0,1.0,-1.0,0.0,-0.3333333333333333,0.15,-1,-1,-1,0.356862745098039,0.694117647058824,0.803921568627451
116.74591255187988,0.0,0.00012278937848883608,0.03,1,1,1,0.0,0.3333333333333333,0.135,-1,-1,-1,1.0,1.0,-1.0,0.0,-0.3333333333333333,0.15,-1,-1,-1,0.356862745098039,0.694117647058824,0.803921568627451
116.78027248382568,0.0,0.005533521697985371,0.03,1,1,1,0.0,0.3333333333333333,0.135,-1,-1,-1,1.0,1.0,-1.0,0.0,-0.3333333333333333,0.15,-1,-1,-1,0.356862745098039,0.694117647058824,0.803921568627451
116.82208800315857,0.0,0.010944254017481907,0.03,1,1,1,0.0,0.3333333333333333,0.135,-1,-1,-1,1.0,1.0,-1.0,0.0,-0.3333333333333333,0.15,-1,-1,-1,0.356862745098039,0.694117647058824,0.803921568627451
116.86545848846436,0.0,0.016354986336978444,0.03,1,1,1,0.0,0.3333333333333333,0.135,-1,-1,-1,1.0,1.0,-1.0,0.0,-0.3333333333333333,0.15,-1,-1,-1,0.356862745098039,0.694117647058824,0.803921568627451
116.89878749847412,0.0,0.02176571865647498,0.03,1,1,1,0.0,0.3333333333333333,0.135,-1,-1,-1,1.0,1.0,-1.0,0.0,-0.3333333333333333,0.15,-1,-1,-1,0.356862745098039,0.694117647058824,0.803921568627451
116.93316149711609,0.0,0.027176450975971513,0.03,1,1,1,0.0,0.3333333333333333,0.135,-1,-1,-1,1.0,1.0,-1.0,0.0,-0.3333333333333333,0.15,-1,-1,-1,0.356862745098039,0.694117647058824,0.803921568627451
116.96804118156433,0.0,0.03258718329546805,0.03,1,1,1,0.0,0.3333333333333333,0.135,-1,-1,-1,1.0,1.0,-1.0,0.0,-0.3333333333333333,0.15,-1,-1,-1,0.356862745098039,0.694117647058824,0.803921568627451
117.00285220146179,0.0,0.037997915614964586,0.03,1,1,1,0.0,0.3333333333333333,0.135,-1,-1,-1,1.0,1.0,-1.0,0.0,-0.3333333333333333,0.15,-1,-1,-1,0.356862745098039,0.694117647058824,0.803921568627451
117.05172371864319,0.0,0.04340864793446112,0.03,1,1,1,0.0,0.3333333333333333,0.135,-1,-1,-1,1.0,1.0,-1.0,0.0,-0.3333333333333333,0.15,-1,-1,-1,0.356862745098039,0.694117647058824,0.803921568627451
117.0859022140503,0.0,0.048819380253957656,0.03,1,1,1,0.0,0.3333333333333333,0.135,-1,-1,-1,1.0,1.0,-1.0,0.0,-0.3333333333333333,0.15,-1,-1,-1,0.356862745098039,0.694117647058824,0.803921568627451
117.1206443309784,0.0,0.05423011257345419,0.03,1,1,1,0.0,0.3333333333333333,0.135,-1,-1,-1,1.0,1.0,-1.0,0.0,-0.3333333333333333,0.15,-1,-1,-1,0.356862745098039,0.694117647058824,0.803921568627451
117.15499639511108,0.0,0.059640844892950726,0.03,1,1,1,0.0,0.3333333333333333,0.135,-1,-1,-1,1.0,1.0,-1.0,0.0,-0.3333333333333333,0.15,-1,-1,-1,0.356862745098039,0.694117647058824,0.803921568627451
117.18986487388611,0.0,0.06505157721244728,0.03,1,1,1,0.0,0.3333333333333333,0.135,-1,-1,-1,1.0,1.0,-1.0,0.0,-0.3333333333333333,0.15,-1,-1,-1,0.356862745098039,0.694117647058824,0.803921568627451
117.22459030151367,0.0,0.07046230953194385,0.03,1,1,1,0.0,0.3333333333333333,0.135,-1,-1,-1,1.0,1.0,-1.0,0.0,-0.3333333333333333,0.15,-1,-1,-1,0.356862745098039,0.694117647058824,0.803921568627451
117.27117109298706,0.0,0.07587304185144042,0.03,1,1,1,0.0,0.3333333333333333,0.135,-1,-1,-1,1.0,1.0,-1.0,0.0,-0.3333333333333333,0.15,-1,-1,-1,0.356862745098039,0.694117647058824,0.803921568627451
117.30807900428772,0.0,0.08128377417093699,0.03,1,1,1,0.0,0.3333333333333333,0.135,-1,-1,-1,1.0,1.0,-1.0,0.0,-0.3333333333333333,0.15,-1,-1,-1,0.356862745098039,0.694117647058824,0.803921568627451
117.34971928596497,0.0,0.08669450649043356,0.03,1,1,1,0.0,0.3333333333333333,0.135,-1,-1,-1,1.0,1.0,-1.0,0.0,-0.3333333333333333,0.15,-1,-1,-1,0.356862745098039,0.694117647058824,0.803921568627451
117.38484120368958,0.0,0.09210523880993013,0.03,1,1,1,0.0,0.3333333333333333,0.135,-1,-1,-1,1.0,1.0,-1.0,0.0,-0.3333333333333333,0.15,-1,-1,-1,0.356862745098039,0.694117647058824,0.803921568627451
117.41927480697632,0.0,0.0975159711294267,0.03,1,1,1,0.0,0.3333333333333333,0.135,-1,-1,-1,1.0,1.0,-1.0,0.0,-0.3333333333333333,0.15,-1,-1,-1,0.356862745098039,0.694117647058824,0.803921568627451
117.4606385231018,0.0,0.10292670344892327,0.03,1,1,1,0.0,0.3333333333333333,0.135,-1,-1,-1,1.0,1.0,-1.0,0.0,-0.3333333333333333,0.15,-1,-1,-1,0.356862745098039,0.694117647058824,0.803921568627451
117.50384545326233,0.0,0.10833743576841984,0.03,1,1,1,0.0,0.3333333333333333,0.135,-1,-1,-1,1.0,1.0,-1.0,0.0,-0.3333333333333333,0.15,-1,-1,-1,0.356862745098039,0.694117647058824,0.803921568627451
117.53709316253662,0.0,0.11374816808791641,0.03,1,1,1,0.0,0.3333333333333333,0.135,-1,-1,-1,1.0,1.0,-1.0,0.0,-0.3333333333333333,0.15,-1,-1,-1,0.356862745098039,0.694117647058824,0.803921568627451
117.57182884216309,0.0,0.11915890040741299,0.03,1,1,1,0.0,0.3333333333333333,0.135,-1,-1,-1,1.0,1.0,-1.0,0.0,-0.3333333333333333,0.15,-1,-1,-1,0.356862745098039,0.694117647058824,0.803921568627451
117.6060094833374,0.0,0.12456963272690955,0.03,1,1,1,0.0,0.3333333333333333,0.135,-1,-1,-1,1.0,1.0,-1.0,0.0,-0.3333333333333333,0.15,-1,-1,-1,0.356862745098039,0.694117647058824,0.803921568627451
117.64064168930054,0.0,0.12998036504640612,0.03,1,1,1,0.0,0.3333333333333333,0.135,-1,-1,-1,1.0,1.0,-1.0,0.0,-0.3333333333333333,0.15,-1,-1,-1,0.356862745098039,0.694117647058824,0.803921568627451
117.68273544311523,0.0,0.13539109736590269,0.03,1,1,1,0.0,0.3333333333333333,0.135,-1,-1,-1,1.0,1.0,-1.0,0.0,-0.3333333333333333,0.15,-1,-1,-1,0.356862745098039,0.694117647058824,0.803921568627451
117.71744203567505,0.0,0.14080182968539925,0.03,1,1,1,0.0,0.3333333333333333,0.135,-1,-1,-1,1.0,1.0,-1.0,0.0,-0.3333333333333333,0.15,-1,-1,-1,0.356862745098039,0.694117647058824,0.803921568627451
117.75234341621399,0.0,0.14621256200489582,0.03,1,1,1,0.0,0.3333333333333333,0.135,-1,-1,-1,1.0,1.0,-1.0,0.0,-0.3333333333333333,0.15,-1,-1,-1,0.356862745098039,0.694117647058824,0.803921568627451
117.78706812858582,0.0,0.14764724748668956,0.03,1,1,1,0.0,0.3333333333333333,0.135,-1,-1,-1,1.0,1.0,-1.0,0.0,-0.3333333333333333,0.15,-1,-1,-1,0.356862745098039,0.694117647058824,0.803921568627451
117.82165813446045,0.0,0.1464312350766814,0.03,1,1,1,0.0,0.3333333333333333,0.135,-1,-1,-1,1.0,1.0,-1.0,0.0,-0.3333333333333333,0.15,-1,-1,-1,0.356862745098039,0.694117647058824,0.803921568627451
117.86320805549622,0.0,0.14521522266667325,0.03,1,1,1,0.0,0.3333333333333333,0.135,-1,-1,-1,1.0,1.0,-1.0,0.0,-0.3333333333333333,0.15,-1,-1,-1,0.356862745098039,0.694117647058824,0.803921568627451
117.90872764587402,0.0,0.1439992102566651,0.03,1,1,1,0.0,0.3333333333333333,0.135,-1,-1,-1,1.0,1.0,-1.0,0.0,-0.3333333333333333,0.15,-1,-1,-1,0.356862745098039,0.694117647058824,0.803921568627451
117.9462833404541,0.0,0.14278319784665694,0.03,1,1,1,0.0,0.3333333333333333,0.135,-1,-1,-1,1.0,1.0,-1.0,0.0,-0.3333333333333333,0.15,-1,-1,-1,0.356862745098039,0.694117647058824,0.803921568627451
117.98123574256897,0.0,0.14156718543664878,0.03,1,1,1,0.0,0.3333333333333333,0.135,-1,-1,-1,1.0,1.0,-1.0,0.0,-0.3333333333333333,0.15,-1,-1,-1,0.356862745098039,0.694117647058824,0.803921568627451
118.01616477966309,0.0,0.14035117302664063,0.03,1,1,1,0.0,0.3333333333333333,0.135,-1,-1,-1,1.0,1.0,-1.0,0.0,-0.3333333333333333,0.15,-1,-1,-1,0.356862745098039,0.694117647058824,0.803921568627451
118.0510048866272,0.0,0.13913516061663248,0.03,1,1,1,0.0,0.3333333333333333,0.135,-1,-1,-1,1.0,1.0,-1.0,0.0,-0.3333333333333333,0.15,-1,-1,-1,0.356862745098039,0.694117647058824,0.803921568627451
118.0932228565216,0.0,0.13791914820662432,0.03,1,1,1,0.0,0.3333333333333333,0.135,-1,-1,-1,1.0,1.0,-1.0,0.0,-0.3333333333333333,0.15,-1,-1,-1,0.356862745098039,0.694117647058824,0.803921568627451
118.12740898132324,0.0,0.13670313579661617,0.03,1,1,1,0.0,0.3333333333333333,0.135,-1,-1,-1,1.0,1.0,-1.0,0.0,-0.3333333333333333,0.15,-1,-1,-1,0.356862745098039,0.694117647058824,0.803921568627451
118.16179776191711,0.0,0.135487123386608,0.03,1,1,1,0.0,0.3333333333333333,0.135,-1,-1,-1,1.0,1.0,-1.0,0.0,-0.3333333333333333,0.15,-1,-1,-1,0.356862745098039,0.694117647058824,0.803921568627451
118.19700908660889,0.0,0.13427111097659986,0.03,1,1,1,0.0,0.3333333333333333,0.135,-1,-1,-1,1.0,1.0,-1.0,0.0,-0.3333333333333333,0.15,-1,-1,-1,0.356862745098039,0.694117647058824,0.803921568627451
118.23133635520935,0.0,0.1330550985665917,0.03,1,1,1,0.0,0.3333333333333333,0.135,-1,-1,-1,1.0,1.0,-1.0,0.0,-0.3333333333333333,0.15,-1,-1,-1,0.356862745098039,0.694117647058824,0.803921568627451
118.26607489585876,0.0,0.13183908615658355,0.03,1,1,1,0.0,0.3333333333333333,0.135,-1,-1,-1,1.0,1.0,-1.0,0.0,-0.3333333333333333,0.15,-1,-1,-1,0.356862745098039,0.694117647058824,0.803921568627451
118.30100727081299,0.0,0.1306230737465754,0.03,1,1,1,0.0,0.3333333333333333,0.135,-1,-1,-1,1.0,1.0,-1.0,0.0,-0.3333333333333333,0.15,-1,-1,-1,0.356862745098039,0.694117647058824,0.803921568627451
118.34446406364441,0.0,0.12940706133656724,0.03,1,1,1,0.0,0.3333333333333333,0.135,-1,-1,-1,1.0,1.0,-1.0,0.0,-0.3333333333333333,0.15,-1,-1,-1,0.356862745098039,0.694117647058824,0.803921568627451
118.37786436080933,0.0,0.12819104892655908,0.03,1,1,1,0.0,0.3333333333333333,0.135,-1,-1,-1,1.0,1.0,-1.0,0.0,-0.3333333333333333,0.15,-1,-1,-1,0.356862745098039,0.694117647058824,0.803921568627451
118.41199707984924,0.0,0.12697503651655093,0.03,1,1,1,0.0,0.3333333333333333,0.135,-1,-1,-1,1.0,1.0,-1.0,0.0,-0.3333333333333333,0.15,-1,-1,-1,0.356862745098039,0.694117647058824,0.803921568627451
118.44784355163574,0.0,0.12575902410654277,0.03,1,1,1,0.0,0.3333333333333333,0.135,-1,-1,-1,1.0,1.0,-1.0,0.0,-0.3333333333333333,0.15,-1,-1,-1,0.356862745098039,0.694117647058824,0.803921568627451
118.48196697235107,0.0,0.1245430116965346,0.03,1,1,1,0.0,0.3333333333333333,0.135,-1,-1,-1,1.0,1.0,-1.0,0.0,-0.3333333333333333,0.15,-1,-1,-1,0.356862745098039,0.694117647058824,0.803921568627451
118.51701021194458,0.0,0.1233269992865264,0.03,1,1,1,0.0,0.3333333333333333,0.135,-1,-1,-1,1.0,1.0,-1.0,0.0,-0.3333333333333333,0.15,-1,-1,-1,0.356862745098039,0.694117647058824,0.803921568627451
118.56571984291077,0.0,0.12211098687651824,0.03,1,1,1,0.0,0.3333333333333333,0.135,-1,-1,-1,1.0,1.0,-1.0,0.0,-0.3333333333333333,0.15,-1,-1,-1,0.356862745098039,0.694117647058824,0.803921568627451
118.60704040527344,0.0,0.12089497446651004,0.03,1,1,1,0.0,0.3333333333333333,0.135,-1,-1,-1,1.0,1.0,-1.0,0.0,-0.3333333333333333,0.15,-1,-1,-1,0.356862745098039,0.694117647058824,0.803921568627451
118.6416449546814,0.0,0.11967896205650184,0.03,1,1,1,0.0,0.3333333333333333,0.135,-1,-1,-1,1.0,1.0,-1.0,0.0,-0.3333333333333333,0.15,-1,-1,-1,0.356862745098039,0.694117647058824,0.803921568627451
118.6763219833374,0.0,0.11846294964649369,0.03,1,1,1,0.0,0.3333333333333333,0.135,-1,-1,-1,1.0,1.0,-1.0,0.0,-0.3333333333333333,0.15,-1,-1,-1,0.356862745098039,0.694117647058824,0.803921568627451
118.7151780128479,0.0,0.11724693723648554,0.03,1,1,1,0.0,0.3333333333333333,0.135,-1,-1,-1,1.0,1.0,-1.0,0.0,-0.3333333333333333,0.15,-1,-1,-1,0.356862745098039,0.694117647058824,0.803921568627451
118.74972653388977,0.0,0.11603092482647738,0.03,1,1,1,0.0,0.3333333333333333,0.135,-1,-1,-1,1.0,1.0,-1.0,0.0,-0.3333333333333333,0.15,-1,-1,-1,0.356862745098039,0.694117647058824,0.803921568627451
118.78696966171265,0.0,0.11481491241646923,0.03,1,1,1,0.0,0.3333333333333333,0.135,-1,-1,-1,1.0,1.0,-1.0,0.0,-0.3333333333333333,0.15,-1,-1,-1,0.356862745098039,0.694117647058824,0.803921568627451
118.82973384857178,0.0,0.11359890000646107,0.03,1,1,1,0.0,0.3333333333333333,0.135,-1,-1,-1,1.0,1.0,-1.0,0.0,-0.3333333333333333,0.15,-1,-1,-1,0.356862745098039,0.694117647058824,0.803921568627451
118.8638846874237,0.0,0.11238288759645292,0.03,1,1,1,0.0,0.3333333333333333,0.135,-1,-1,-1,1.0,1.0,-1.0,0.0,-0.3333333333333333,0.15,-1,-1,-1,0.356862745098039,0.694117647058824,0.803921568627451
118.89856934547424,0.0,0.11116687518644476,0.03,1,1,1,0.0,0.3333333333333333,0.135,-1,-1,-1,1.0,1.0,-1.0,0.0,-0.3333333333333333,0.15,-1,-1,-1,0.356862745098039,0.694117647058824,0.803921568627451
118.93296408653259,0.0,0.1099508627764366,0.03,1,1,1,0.0,0.3333333333333333,0.135,-1,-1,-1,1.0,1.0,-1.0,0.0,-0.3333333333333333,0.15,-1,-1,-1,0.356862745098039,0.694117647058824,0.803921568627451
118.97501707077026,0.0,0.10873485036642845,0.03,1,1,1,0.0,0.3333333333333333,0.135,-1,-1,-1,1.0,1.0,-1.0,0.0,-0.3333333333333333,0.15,-1,-1,-1,0.356862745098039,0.694117647058824,0.803921568627451
119.01939392089844,0.0,0.10436444451407097,0.03,1,1,1,0.0,0.3333333333333333,0.135,-1,-1,-1,1.0,1.0,-1.0,0.0,-0.3333333333333333,0.15,-1,-1,-1,0.356862745098039,0.694117647058824,0.803921568627451
119.05816721916199,0.0,0.09999403866171348,0.03,1,1,1,0.0,0.3333333333333333,0.135,-1,-1,-1,1.0,1.0,-1.0,0.0,-0.3333333333333333,0.15,-1,-1,-1,0.356862745098039,0.694117647058824,0.803921568627451
119.09307265281677,0.0,0.095623632809356,0.03,1,1,1,0.0,0.3333333333333333,0.135,-1,-1,-1,1.0,1.0,-1.0,0.0,-0.3333333333333333,0.15,-1,-1,-1,0.356862745098039,0.694117647058824,0.803921568627451
119.1280951499939,0.0,0.09125322695699851,0.03,1,1,1,0.0,0.3333333333333333,0.135,-1,-1,-1,1.0,1.0,-1.0,0.0,-0.3333333333333333,0.15,-1,-1,-1,0.356862745098039,0.694117647058824,0.803921568627451
119.16945624351501,0.0,0.08688282110464103,0.03,1,1,1,0.0,0.3333333333333333,0.135,-1,-1,-1,1.0,1.0,-1.0,0.0,-0.3333333333333333,0.15,-1,-1,-1,0.356862745098039,0.694117647058824,0.803921568627451
119.21086740493774,0.0,0.08251241525228355,0.03,1,1,1,0.0,0.3333333333333333,0.135,-1,-1,-1,1.0,1.0,-1.0,0.0,-0.3333333333333333,0.15,-1,-1,-1,0.356862745098039,0.694117647058824,0.803921568627451
119.25422549247742,0.0,0.07814200939992606,0.03,1,1,1,0.0,0.3333333333333333,0.135,-1,-1,-1,1.0,1.0,-1.0,0.0,-0.3333333333333333,0.15,-1,-1,-1,0.356862745098039,0.694117647058824,0.803921568627451
119.28858828544617,0.0,0.07377160354756858,0.03,1,1,1,0.0,0.3333333333333333,0.135,-1,-1,-1,1.0,1.0,-1.0,0.0,-0.3333333333333333,0.15,-1,-1,-1,0.356862745098039,0.694117647058824,0.803921568627451
119.32191920280457,0.0,0.0694011976952111,0.03,1,1,1,0.0,0.3333333333333333,0.135,-1,-1,-1,1.0,1.0,-1.0,0.0,-0.3333333333333333,0.15,-1,-1,-1,0.356862745098039,0.694117647058824,0.803921568627451
119.35743260383606,0.0,0.06503079184285361,0.03,1,1,1,0.0,0.3333333333333333,0.135,-1,-1,-1,1.0,1.0,-1.0,0.0,-0.3333333333333333,0.15,-1,-1,-1,0.356862745098039,0.694117647058824,0.803921568627451
119.3920407295227,0.0,0.06066038599049615,0.03,1,1,1,0.0,0.3333333333333333,0.135,-1,-1,-1,1.0,1.0,-1.0,0.0,-0.3333333333333333,0.15,-1,-1,-1,0.356862745098039,0.694117647058824,0.803921568627451
119.43256425857544,0.0,0.056289980138138705,0.03,1,1,1,0.0,0.3333333333333333,0.135,-1,-1,-1,1.0,1.0,-1.0,0.0,-0.3333333333333333,0.15,-1,-1,-1,0.356862745098039,0.694117647058824,0.803921568627451
119.46743893623352,0.0,0.051919574285781256,0.03,1,1,1,0.0,0.3333333333333333,0.135,-1,-1,-1,1.0,1.0,-1.0,0.0,-0.3333333333333333,0.15,-1,-1,-1,0.356862745098039,0.694117647058824,0.803921568627451
119.5023102760315,0.0,0.04754916843342381,0.03,1,1,1,0.0,0.3333333333333333,0.135,-1,-1,-1,1.0,1.0,-1.0,0.0,-0.3333333333333333,0.15,-1,-1,-1,0.356862745098039,0.694117647058824,0.803921568627451
119.53684520721436,0.0,0.04317876258106636,0.03,1,1,1,0.0,0.3333333333333333,0.135,-1,-1,-1,1.0,1.0,-1.0,0.0,-0.3333333333333333,0.15,-1,-1,-1,0.356862745098039,0.694117647058824,0.803921568627451
119.57098913192749,0.0,0.03880835672870891,0.03,1,1,1,0.0,0.3333333333333333,0.135,-1,-1,-1,1.0,1.0,-1.0,0.0,-0.3333333333333333,0.15,-1,-1,-1,0.356862745098039,0.694117647058824,0.803921568627451
119.61336064338684,0.0,0.03443795087635146,0.03,1,1,1,0.0,0.3333333333333333,0.135,-1,-1,-1,1.0,1.0,-1.0,0.0,-0.3333333333333333,0.15,-1,-1,-1,0.356862745098039,0.694117647058824,0.803921568627451
119.64837288856506,0.0,0.030067545023994,0.03,1,1,1,0.0,0.3333333333333333,0.135,-1,-1,-1,1.0,1.0,-1.0,0.0,-0.3333333333333333,0.15,-1,-1,-1,0.356862745098039,0.694117647058824,0.803921568627451
119.68266582489014,0.0,0.025697139171636532,0.03,1,1,1,0.0,0.3333333333333333,0.135,-1,-1,-1,1.0,1.0,-1.0,0.0,-0.3333333333333333,0.15,-1,-1,-1,0.356862745098039,0.694117647058824,0.803921568627451
119.7218656539917,0.0,0.021326733319279065,0.03,1,1,1,0.0,0.3333333333333333,0.135,-1,-1,-1,1.0,1.0,-1.0,0.0,-0.3333333333333333,0.15,-1,-1,-1,0.356862745098039,0.694117647058824,0.803921568627451
119.75590229034424,0.0,0.0169563274669216,0.03,1,1,1,0.0,0.3333333333333333,0.135,-1,-1,-1,1.0,1.0,-1.0,0.0,-0.3333333333333333,0.15,-1,-1,-1,0.356862745098039,0.694117647058824,0.803921568627451
119.7897036075592,0.0,0.012585921614564137,0.03,1,1,1,0.0,0.3333333333333333,0.135,-1,-1,-1,1.0,1.0,-1.0,0.0,-0.3333333333333333,0.15,-1,-1,-1,0.356862745098039,0.694117647058824,0.803921568627451
119.8279869556427,0.0,0.00821551576220668,0.03,1,1,1,0.0,0.3333333333333333,0.135,-1,-1,-1,1.0,1.0,-1.0,0.0,-0.3333333333333333,0.15,-1,-1,-1,0.356862745098039,0.694117647058824,0.803921568627451
119.86295437812805,0.0,0.0038451099098492166,0.03,1,1,1,0.0,0.3333333333333333,0.135,-1,-1,-1,1.0,1.0,-1.0,0.0,-0.3333333333333333,0.15,-1,-1,-1,0.356862745098039,0.694117647058824,0.803921568627451
119.89782786369324,0.0,-0.0005252959425082456,0.03,1,1,1,0.0,0.3333333333333333,0.135,-1,-1,-1,1.0,1.0,-1.0,0.0,-0.3333333333333333,0.15,-1,-1,-1,0.356862745098039,0.694117647058824,0.803921568627451
119.93239641189575,0.0,-0.004895701794865708,0.03,1,1,1,0.0,0.3333333333333333,0.135,-1,-1,-1,1.0,1.0,-1.0,0.0,-0.3333333333333333,0.15,-1,-1,-1,0.356862745098039,0.694117647058824,0.803921568627451
119.97523522377014,0.0,-0.009266107647223168,0.03,1,1,1,0.0,0.3333333333333333,0.135,-1,-1,-1,1.0,1.0,-1.0,0.0,-0.3333333333333333,0.15,-1,-1,-1,0.356862745098039,0.694117647058824,0.803921568627451
120.0161542892456,0.0,-0.013636513499580626,0.03,1,1,1,0.0,0.3333333333333333,0.135,-1,-1,-1,1.0,1.0,-1.0,0.0,-0.3333333333333333,0.15,-1,-1,-1,0.356862745098039,0.694117647058824,0.803921568627451
120.05052661895752,0.0,-0.01800691935193809,0.03,1,1,1,0.0,0.3333333333333333,0.135,-1,-1,-1,1.0,1.0,-1.0,0.0,-0.3333333333333333,0.15,-1,-1,-1,0.356862745098039,0.694117647058824,0.803921568627451
120.08486652374268,0.0,-0.022377325204295556,0.03,1,1,1,0.0,0.3333333333333333,0.135,-1,-1,-1,1.0,1.0,-1.0,0.0,-0.3333333333333333,0.15,-1,-1,-1,0.356862745098039,0.694117647058824,0.803921568627451
120.11971855163574,0.0,-0.026747731056653023,0.03,1,1,1,0.0,0.3333333333333333,0.135,-1,-1,-1,1.0,1.0,-1.0,0.0,-0.3333333333333333,0.15,-1,-1,-1,0.356862745098039,0.694117647058824,0.803921568627451
120.15851140022278,0.0,-0.031118136909010493,0.03,1,1,1,0.0,0.3333333333333333,0.135,-1,-1,-1,1.0,1.0,-1.0,0.0,-0.3333333333333333,0.15,-1,-1,-1,0.356862745098039,0.694117647058824,0.803921568627451
120.19358491897583,0.0,-0.03422261957688407,0.03,1,1,1,0.0,0.3333333333333333,0.135,-1,-1,-1,1.0,1.0,-1.0,0.0,-0.3333333333333333,0.15,-1,-1,-1,0.356862745098039,0.694117647058824,0.803921568627451
120.23093318939209,0.0,-0.035428217468031833,0.03,1,1,1,0.0,0.3333333333333333,0.135,-1,-1,-1,1.0,1.0,-1.0,0.0,-0.3333333333333333,0.15,-1,-1,-1,0.356862745098039,0.694117647058824,0.803921568627451
120.26597809791565,0.0,-0.036633815359179596,0.03,1,1,1,0.0,0.3333333333333333,0.135,-1,-1,-1,1.0,1.0,-1.0,0.0,-0.3333333333333333,0.15,-1,-1,-1,0.356862745098039,0.694117647058824,0.803921568627451
120.300785779953,0.0,-0.03783941325032736,0.03,1,1,1,0.0,0.3333333333333333,0.135,-1,-1,-1,1.0,1.0,-1.0,0.0,-0.3333333333333333,0.15,-1,-1,-1,0.356862745098039,0.694117647058824,0.803921568627451
120.33533763885498,0.0,-0.03904501114147512,0.03,1,1,1,0.0,0.3333333333333333,0.135,-1,-1,-1,1.0,1.0,-1.0,0.0,-0.3333333333333333,0.15,-1,-1,-1,0.356862745098039,0.694117647058824,0.803921568627451
120.37830090522766,0.0,-0.04025060903262288,0.03,1,1,1,0.0,0.3333333333333333,0.135,-1,-1,-1,1.0,1.0,-1.0,0.0,-0.3333333333333333,0.15,-1,-1,-1,0.356862745098039,0.694117647058824,0.803921568627451
120.41908597946167,0.0,-0.041456206923770646,0.03,1,1,1,0.0,0.3333333333333333,0.135,-1,-1,-1,1.0,1.0,-1.0,0.0,-0.3333333333333333,0.15,-1,-1,-1,0.356862745098039,0.694117647058824,0.803921568627451
120.45372271537781,0.0,-0.04266180481491841,0.03,1,1,1,0.0,0.3333333333333333,0.135,-1,-1,-1,1.0,1.0,-1.0,0.0,-0.3333333333333333,0.15,-1,-1,-1,0.356862745098039,0.694117647058824,0.803921568627451
120.48813581466675,0.0,-0.04386740270606617,0.03,1,1,1,0.0,0.3333333333333333,0.135,-1,-1,-1,1.0,1.0,-1.0,0.0,-0.3333333333333333,0.15,-1,-1,-1,0.356862745098039,0.694117647058824,0.803921568627451
120.52725958824158,0.0,-0.04507300059721393,0.03,1,1,1,0.0,0.3333333333333333,0.135,-1,-1,-1,1.0,1.0,-1.0,0.0,-0.3333333333333333,0.15,-1,-1,-1,0.356862745098039,0.694117647058824,0.803921568627451
120.5612485408783,0.0,-0.046278598488361695,0.03,1,1,1,0.0,0.3333333333333333,0.135,-1,-1,-1,1.0,1.0,-1.0,0.0,-0.3333333333333333,0.15,-1,-1,-1,0.356862745098039,0.694117647058824,0.803921568627451
120.59659194946289,0.0,-0.04748419637950946,0.03,1,1,1,0.0,0.3333333333333333,0.135,-1,-1,-1,1.0,1.0,-1.0,0.0,-0.3333333333333333,0.15,-1,-1,-1,0.356862745098039,0.694117647058824,0.803921568627451
120.63413906097412,0.0,-0.04868979427065722,0.03,1,1,1,0.0,0.3333333333333333,0.135,-1,-1,-1,1.0,1.0,-1.0,0.0,-0.3333333333333333,0.15,-1,-1,-1,0.356862745098039,0.694117647058824,0.803921568627451
120.66872310638428,0.0,-0.04989539216180498,0.03,1,1,1,0.0,0.3333333333333333,0.135,-1,-1,-1,1.0,1.0,-1.0,0.0,-0.3333333333333333,0.15,-1,-1,-1,0.356862745098039,0.694117647058824,0.803921568627451
120.70348358154297,0.0,-0.051100990052952745,0.03,1,1,1,0.0,0.3333333333333333,0.135,-1,-1,-1,1.0,1.0,-1.0,0.0,-0.3333333333333333,0.15,-1,-1,-1,0.356862745098039,0.694117647058824,0.803921568627451
120.73835945129395,0.0,-0.05230658794410051,0.03,1,1,1,0.0,0.3333333333333333,0.135,-1,-1,-1,1.0,1.0,-1.0,0.0,-0.3333333333333333,0.15,-1,-1,-1,0.356862745098039,0.694117647058824,0.803921568627451
120.77313351631165,0.0,-0.05351218583524827,0.03,1,1,1,0.0,0.3333333333333333,0.135,-1,-1,-1,1.0,1.0,-1.0,0.0,-0.3333333333333333,0.15,-1,-1,-1,0.356862745098039,0.694117647058824,0.803921568627451
120.8151216506958,0.0,-0.05471778372639603,0.03,1,1,1,0.0,0.3333333333333333,0.135,-1,-1,-1,1.0,1.0,-1.0,0.0,-0.3333333333333333,0.15,-1,-1,-1,0.356862745098039,0.694117647058824,0.803921568627451
120.85648322105408,0.0,-0.055923381617543795,0.03,1,1,1,0.0,0.3333333333333333,0.135,-1,-1,-1,1.0,1.0,-1.0,0.0,-0.3333333333333333,0.15,-1,-1,-1,0.356862745098039,0.694117647058824,0.803921568627451
120.8908474445343,0.0,-0.05712897950869156,0.03,1,1,1,0.0,0.3333333333333333,0.135,-1,-1,-1,1.0,1.0,-1.0,0.0,-0.3333333333333333,0.15,-1,-1,-1,0.356862745098039,0.694117647058824,0.803921568627451
120.9263424873352,0.0,-0.05833457739983932,0.03,1,1,1,0.0,0.3333333333333333,0.135,-1,-1,-1,1.0,1.0,-1.0,0.0,-0.3333333333333333,0.15,-1,-1,-1,0.356862745098039,0.694117647058824,0.803921568627451
120.96410965919495,0.0,-0.05954017529098709,0.03,1,1,1,0.0,0.3333333333333333,0.135,-1,-1,-1,1.0,1.0,-1.0,0.0,-0.3333333333333333,0.15,-1,-1,-1,0.356862745098039,0.694117647058824,0.803921568627451
120.9984016418457,0.0,-0.06074577318213485,0.03,1,1,1,0.0,0.3333333333333333,0.135,-1,-1,-1,1.0,1.0,-1.0,0.0,-0.3333333333333333,0.15,-1,-1,-1,0.356862745098039,0.694117647058824,0.803921568627451
121.0366952419281,0.0,-0.06195137107328258,0.03,1,1,1,0.0,0.3333333333333333,0.135,-1,-1,-1,1.0,1.0,-1.0,0.0,-0.3333333333333333,0.15,-1,-1,-1,0.356862745098039,0.694117647058824,0.803921568627451
121.07161164283752,0.0,-0.06315696896443031,0.03,1,1,1,0.0,0.3333333333333333,0.135,-1,-1,-1,1.0,1.0,-1.0,0.0,-0.3333333333333333,0.15,-1,-1,-1,0.356862745098039,0.694117647058824,0.803921568627451
121.10631394386292,0.0,-0.06436256685557804,0.03,1,1,1,0.0,0.3333333333333333,0.135,-1,-1,-1,1.0,1.0,-1.0,0.0,-0.3333333333333333,0.15,-1,-1,-1,0.356862745098039,0.694117647058824,0.803921568627451
121.14141464233398,0.0,-0.06556816474672576,0.03,1,1,1,0.0,0.3333333333333333,0.135,-1,-1,-1,1.0,1.0,-1.0,0.0,-0.3333333333333333,0.15,-1,-1,-1,0.356862745098039,0.694117647058824,0.803921568627451
121.17572736740112,0.0,-0.06677376263787349,0.03,1,1,1,0.0,0.3333333333333333,0.135,-1,-1,-1,1.0,1.0,-1.0,0.0,-0.3333333333333333,0.15,-1,-1,-1,0.356862745098039,0.694117647058824,0.803921568627451
121.21807074546814,0.0,-0.06797936052902122,0.03,1,1,1,0.0,0.3333333333333333,0.135,-1,-1,-1,1.0,1.0,-1.0,0.0,-0.3333333333333333,0.15,-1,-1,-1,0.356862745098039,0.694117647058824,0.803921568627451
121.25955939292908,0.0,-0.06918495842016895,0.03,1,1,1,0.0,0.3333333333333333,0.135,-1,-1,-1,1.0,1.0,-1.0,0.0,-0.3333333333333333,0.15,-1,-1,-1,0.356862745098039,0.694117647058824,0.803921568627451
121.29428029060364,0.0,-0.07039055631131667,0.03,1,1,1,0.0,0.3333333333333333,0.135,-1,-1,-1,1.0,1.0,-1.0,0.0,-0.3333333333333333,0.15,-1,-1,-1,0.356862745098039,0.694117647058824,0.803921568627451
121.32897520065308,0.0,-0.0715961542024644,0.03,1,1,1,0.0,0.3333333333333333,0.135,-1,-1,-1,1.0,1.0,-1.0,0.0,-0.3333333333333333,0.15,-1,-1,-1,0.356862745098039,0.694117647058824,0.803921568627451
121.36807227134705,0.0,-0.07280175209361213,0.03,1,1,1,0.0,0.3333333333333333,0.135,-1,-1,-1,1.0,1.0,-1.0,0.0,-0.3333333333333333,0.15,-1,-1,-1,0.356862745098039,0.694117647058824,0.803921568627451
121.40305376052856,0.0,-0.07522648277445633,0.03,1,1,1,0.0,0.3333333333333333,0.135,-1,-1,-1,1.0,1.0,-1.0,0.0,-0.3333333333333333,0.15,-1,-1,-1,0.356862745098039,0.694117647058824,0.803921568627451
121.4396014213562,0.0,-0.07846396864843151,0.03,1,1,1,0.0,0.3333333333333333,0.135,-1,-1,-1,1.0,1.0,-1.0,0.0,-0.3333333333333333,0.15,-1,-1,-1,0.356862745098039,0.694117647058824,0.803921568627451
121.47556161880493,0.0,-0.0817014545224067,0.03,1,1,1,0.0,0.3333333333333333,0.135,-1,-1,-1,1.0,1.0,-1.0,0.0,-0.3333333333333333,0.15,-1,-1,-1,0.356862745098039,0.694117647058824,0.803921568627451
121.509850025177,0.0,-0.08493894039638188,0.03,1,1,1,0.0,0.3333333333333333,0.135,-1,-1,-1,1.0,1.0,-1.0,0.0,-0.3333333333333333,0.15,-1,-1,-1,0.356862745098039,0.694117647058824,0.803921568627451
121.5445625782013,0.0,-0.08817642627035706,0.03,1,1,1,0.0,0.3333333333333333,0.135,-1,-1,-1,1.0,1.0,-1.0,0.0,-0.3333333333333333,0.15,-1,-1,-1,0.356862745098039,0.694117647058824,0.803921568627451
121.57897019386292,0.0,-0.09141391214433224,0.03,1,1,1,0.0,0.3333333333333333,0.135,-1,-1,-1,1.0,1.0,-1.0,0.0,-0.3333333333333333,0.15,-1,-1,-1,0.356862745098039,0.694117647058824,0.803921568627451
121.62066078186035,0.0,-0.09465139801830742,0.03,1,1,1,0.0,0.3333333333333333,0.135,-1,-1,-1,1.0,1.0,-1.0,0.0,-0.3333333333333333,0.15,-1,-1,-1,0.356862745098039,0.694117647058824,0.803921568627451
121.66273641586304,0.0,-0.0978888838922826,0.03,1,1,1,0.0,0.3333333333333333,0.135,-1,-1,-1,1.0,1.0,-1.0,0.0,-0.3333333333333333,0.15,-1,-1,-1,0.356862745098039,0.694117647058824,0.803921568627451
121.69721245765686,0.0,-0.10112636976625779,0.03,1,1,1,0.0,0.3333333333333333,0.135,-1,-1,-1,1.0,1.0,-1.0,0.0,-0.3333333333333333,0.15,-1,-1,-1,0.356862745098039,0.694117647058824,0.803921568627451
121.73629760742188,0.0,-0.10436385564023297,0.03,1,1,1,0.0,0.3333333333333333,0.135,-1,-1,-1,1.0,1.0,-1.0,0.0,-0.3333333333333333,0.15,-1,-1,-1,0.356862745098039,0.694117647058824,0.803921568627451
121.77119994163513,0.0,-0.10760134151420815,0.03,1,1,1,0.0,0.3333333333333333,0.135,-1,-1,-1,1.0,1.0,-1.0,0.0,-0.3333333333333333,0.15,-1,-1,-1,0.356862745098039,0.694117647058824,0.803921568627451
121.80821561813354,0.0,-0.11083882738818333,0.03,1,1,1,0.0,0.3333333333333333,0.135,-1,-1,-1,1.0,1.0,-1.0,0.0,-0.3333333333333333,0.15,-1,-1,-1,0.356862745098039,0.694117647058824,0.803921568627451
121.85013818740845,0.0,-0.11407631326215852,0.03,1,1,1,0.0,0.3333333333333333,0.135,-1,-1,-1,1.0,1.0,-1.0,0.0,-0.3333333333333333,0.15,-1,-1,-1,0.356862745098039,0.694117647058824,0.803921568627451
121.88470077514648,0.0,-0.1173137991361337,0.03,1,1,1,0.0,0.3333333333333333,0.135,-1,-1,-1,1.0,1.0,-1.0,0.0,-0.3333333333333333,0.15,-1,-1,-1,0.356862745098039,0.694117647058824,0.803921568627451
121.91981720924377,0.0,-0.12055128501010885,0.03,1,1,1,0.0,0.3333333333333333,0.135,-1,-1,-1,1.0,1.0,-1.0,0.0,-0.3333333333333333,0.15,-1,-1,-1,0.356862745098039,0.694117647058824,0.803921568627451
121.9548032283783,0.0,-0.12378877088408397,0.03,1,1,1,0.0,0.3333333333333333,0.135,-1,-1,-1,1.0,1.0,-1.0,0.0,-0.3333333333333333,0.15,-1,-1,-1,0.356862745098039,0.694117647058824,0.803921568627451
121.99585747718811,0.0,-0.12702625675805915,0.03,1,1,1,0.0,0.3333333333333333,0.135,-1,-1,-1,1.0,1.0,-1.0,0.0,-0.3333333333333333,0.15,-1,-1,-1,0.356862745098039,0.694117647058824,0.803921568627451
122.04002499580383,0.0,-0.13026374263203433,0.03,1,1,1,0.0,0.3333333333333333,0.135,-1,-1,-1,1.0,1.0,-1.0,0.0,-0.3333333333333333,0.15,-1,-1,-1,0.356862745098039,0.694117647058824,0.803921568627451
122.07943630218506,0.0,-0.1335012285060095,0.03,1,1,1,0.0,0.3333333333333333,0.135,-1,-1,-1,1.0,1.0,-1.0,0.0,-0.3333333333333333,0.15,-1,-1,-1,0.356862745098039,0.694117647058824,0.803921568627451
122.11447215080261,0.0,-0.1367387143799847,0.03,1,1,1,0.0,0.3333333333333333,0.135,-1,-1,-1,1.0,1.0,-1.0,0.0,-0.3333333333333333,0.15,-1,-1,-1,0.356862745098039,0.694117647058824,0.803921568627451
122.14873600006104,0.0,-0.13997620025395988,0.03,1,1,1,0.0,0.3333333333333333,0.135,-1,-1,-1,1.0,1.0,-1.0,0.0,-0.3333333333333333,0.15,-1,-1,-1,0.356862745098039,0.694117647058824,0.803921568627451
122.190514087677,0.0,-0.14321368612793506,0.03,1,1,1,0.0,0.3333333333333333,0.135,-1,-1,-1,1.0,1.0,-1.0,0.0,-0.3333333333333333,0.15,-1,-1,-1,0.356862745098039,0.694117647058824,0.803921568627451
122.23188424110413,0.0,-0.14645117200191024,0.03,1,1,1,0.0,0.3333333333333333,0.135,-1,-1,-1,1.0,1.0,-1.0,0.0,-0.3333333333333333,0.15,-1,-1,-1,0.356862745098039,0.694117647058824,0.803921568627451
122.27546715736389,0.0,-0.14968865787588542,0.03,1,1,1,0.0,0.3333333333333333,0.135,-1,-1,-1,1.0,1.0,-1.0,0.0,-0.3333333333333333,0.15,-1,-1,-1,0.356862745098039,0.694117647058824,0.803921568627451
122.32145309448242,0.0,-0.1529261437498606,0.03,1,1,1,0.0,0.3333333333333333,0.135,-1,-1,-1,1.0,1.0,-1.0,0.0,-0.3333333333333333,0.15,-1,-1,-1,0.356862745098039,0.694117647058824,0.803921568627451
122.35695505142212,0.0,-0.1561636296238358,0.03,1,1,1,0.0,0.3333333333333333,0.135,-1,-1,-1,1.0,1.0,-1.0,0.0,-0.3333333333333333,0.15,-1,-1,-1,0.356862745098039,0.694117647058824,0.803921568627451
122.39877915382385,0.0,-0.15940111549781097,0.03,1,1,1,0.0,0.3333333333333333,0.135,-1,-1,-1,1.0,1.0,-1.0,0.0,-0.3333333333333333,0.15,-1,-1,-1,0.356862745098039,0.694117647058824,0.803921568627451
122.44231843948364,0.0,-0.16263860137178615,0.03,1,1,1,0.0,0.3333333333333333,0.135,-1,-1,-1,1.0,1.0,-1.0,0.0,-0.3333333333333333,0.15,-1,-1,-1,0.356862745098039,0.694117647058824,0.803921568627451
122.48179268836975,0.0,-0.16587608724576133,0.03,1,1,1,0.0,0.3333333333333333,0.135,-1,-1,-1,1.0,1.0,-1.0,0.0,-0.3333333333333333,0.15,-1,-1,-1,0.356862745098039,0.694117647058824,0.803921568627451
122.51633358001709,0.0,-0.16911357311973652,0.03,1,1,1,0.0,0.3333333333333333,0.135,-1,-1,-1,1.0,1.0,-1.0,0.0,-0.3333333333333333,0.15,-1,-1,-1,0.356862745098039,0.694117647058824,0.803921568627451
122.55111956596375,0.0,-0.1723510589937117,0.03,1,1,1,0.0,0.3333333333333333,0.135,-1,-1,-1,1.0,1.0,-1.0,0.0,-0.3333333333333333,0.15,-1,-1,-1,0.356862745098039,0.694117647058824,0.803921568627451
122.58574223518372,0.0,-0.17465532491880897,0.03,1,1,1,0.0,0.3333333333333333,0.135,-1,-1,-1,1.0,1.0,-1.0,0.0,-0.3333333333333333,0.15,-1,-1,-1,0.356862745098039,0.694117647058824,0.803921568627451
122.62779664993286,0.0,-0.17322671104839463,0.03,1,1,1,0.0,0.3333333333333333,0.135,-1,-1,-1,1.0,1.0,-1.0,0.0,-0.3333333333333333,0.15,-1,-1,-1,0.356862745098039,0.694117647058824,0.803921568627451
122.66202068328857,0.0,-0.17179809717798028,0.03,1,1,1,0.0,0.3333333333333333,0.135,-1,-1,-1,1.0,1.0,-1.0,0.0,-0.3333333333333333,0.15,-1,-1,-1,0.356862745098039,0.694117647058824,0.803921568627451
122.69652342796326,0.0,-0.17036948330756593,0.03,1,1,1,0.0,0.3333333333333333,0.135,-1,-1,-1,1.0,1.0,-1.0,0.0,-0.3333333333333333,0.15,-1,-1,-1,0.356862745098039,0.694117647058824,0.803921568627451
122.73150205612183,0.0,-0.1689408694371516,0.03,1,1,1,0.0,0.3333333333333333,0.135,-1,-1,-1,1.0,1.0,-1.0,0.0,-0.3333333333333333,0.15,-1,-1,-1,0.356862745098039,0.694117647058824,0.803921568627451
122.7650556564331,0.0,-0.16751225556673724,0.03,1,1,1,0.0,0.3333333333333333,0.135,-1,-1,-1,1.0,1.0,-1.0,0.0,-0.3333333333333333,0.15,-1,-1,-1,0.356862745098039,0.694117647058824,0.803921568627451
122.81022882461548,0.0,-0.1660836416963229,0.03,1,1,1,0.0,0.3333333333333333,0.135,-1,-1,-1,1.0,1.0,-1.0,0.0,-0.3333333333333333,0.15,-1,-1,-1,0.356862745098039,0.694117647058824,0.803921568627451
122.84319710731506,0.0,-0.16465502782590855,0.03,1,1,1,0.0,0.3333333333333333,0.135,-1,-1,-1,1.0,1.0,-1.0,0.0,-0.3333333333333333,0.15,-1,-1,-1,0.356862745098039,0.694117647058824,0.803921568627451
122.87664651870728,0.0,-0.1632264139554942,0.03,1,1,1,0.0,0.3333333333333333,0.135,-1,-1,-1,1.0,1.0,-1.0,0.0,-0.3333333333333333,0.15,-1,-1,-1,0.356862745098039,0.694117647058824,0.803921568627451
122.9114716053009,0.0,-0.16179780008507985,0.03,1,1,1,0.0,0.3333333333333333,0.135,-1,-1,-1,1.0,1.0,-1.0,0.0,-0.3333333333333333,0.15,-1,-1,-1,0.356862745098039,0.694117647058824,0.803921568627451
122.9464271068573,0.0,-0.1603691862146655,0.03,1,1,1,0.0,0.3333333333333333,0.135,-1,-1,-1,1.0,1.0,-1.0,0.0,-0.3333333333333333,0.15,-1,-1,-1,0.356862745098039,0.694117647058824,0.803921568627451
122.99567866325378,0.0,-0.15894057234425116,0.03,1,1,1,0.0,0.3333333333333333,0.135,-1,-1,-1,1.0,1.0,-1.0,0.0,-0.3333333333333333,0.15,-1,-1,-1,0.356862745098039,0.694117647058824,0.803921568627451
123.02995038032532,0.0,-0.1575119584738368,0.03,1,1,1,0.0,0.3333333333333333,0.135,-1,-1,-1,1.0,1.0,-1.0,0.0,-0.3333333333333333,0.15,-1,-1,-1,0.356862745098039,0.694117647058824,0.803921568627451
123.0647120475769,0.0,-0.15608334460342246,0.03,1,1,1,0.0,0.3333333333333333,0.135,-1,-1,-1,1.0,1.0,-1.0,0.0,-0.3333333333333333,0.15,-1,-1,-1,0.356862745098039,0.694117647058824,0.803921568627451
123.09924125671387,0.0,-0.15465473073300812,0.03,1,1,1,0.0,0.3333333333333333,0.135,-1,-1,-1,1.0,1.0,-1.0,0.0,-0.3333333333333333,0.15,-1,-1,-1,0.356862745098039,0.694117647058824,0.803921568627451
123.14384937286377,0.0,-0.15322611686259377,0.03,1,1,1,0.0,0.3333333333333333,0.135,-1,-1,-1,1.0,1.0,-1.0,0.0,-0.3333333333333333,0.15,-1,-1,-1,0.356862745098039,0.694117647058824,0.803921568627451
123.18276691436768,0.0,-0.15179750299217942,0.03,1,1,1,0.0,0.3333333333333333,0.135,-1,-1,-1,1.0,1.0,-1.0,0.0,-0.3333333333333333,0.15,-1,-1,-1,0.356862745098039,0.694117647058824,0.803921568627451
123.21704816818237,0.0,-0.15036888912176508,0.03,1,1,1,0.0,0.3333333333333333,0.135,-1,-1,-1,1.0,1.0,-1.0,0.0,-0.3333333333333333,0.15,-1,-1,-1,0.356862745098039,0.694117647058824,0.803921568627451
123.25163459777832,0.0,-0.14894027525135073,0.03,1,1,1,0.0,0.3333333333333333,0.135,-1,-1,-1,1.0,1.0,-1.0,0.0,-0.3333333333333333,0.15,-1,-1,-1,0.356862745098039,0.694117647058824,0.803921568627451
123.28688430786133,0.0,-0.14751166138093638,0.03,1,1,1,0.0,0.3333333333333333,0.135,-1,-1,-1,1.0,1.0,-1.0,0.0,-0.3333333333333333,0.15,-1,-1,-1,0.356862745098039,0.694117647058824,0.803921568627451
123.32147526741028,0.0,-0.14608304751052203,0.03,1,1,1,0.0,0.3333333333333333,0.135,-1,-1,-1,1.0,1.0,-1.0,0.0,-0.3333333333333333,0.15,-1,-1,-1,0.356862745098039,0.694117647058824,0.803921568627451
123.36330103874207,0.0,-0.1446544336401077,0.03,1,1,1,0.0,0.3333333333333333,0.135,-1,-1,-1,1.0,1.0,-1.0,0.0,-0.3333333333333333,0.15,-1,-1,-1,0.356862745098039,0.694117647058824,0.803921568627451
123.40524554252625,0.0,-0.14322581976969334,0.03,1,1,1,0.0,0.3333333333333333,0.135,-1,-1,-1,1.0,1.0,-1.0,0.0,-0.3333333333333333,0.15,-1,-1,-1,0.356862745098039,0.694117647058824,0.803921568627451
123.43986582756042,0.0,-0.141797205899279,0.03,1,1,1,0.0,0.3333333333333333,0.135,-1,-1,-1,1.0,1.0,-1.0,0.0,-0.3333333333333333,0.15,-1,-1,-1,0.356862745098039,0.694117647058824,0.803921568627451
123.47904300689697,0.0,-0.14036859202886465,0.03,1,1,1,0.0,0.3333333333333333,0.135,-1,-1,-1,1.0,1.0,-1.0,0.0,-0.3333333333333333,0.15,-1,-1,-1,0.356862745098039,0.694117647058824,0.803921568627451
123.51250076293945,0.0,-0.1389399781584503,0.03,1,1,1,0.0,0.3333333333333333,0.135,-1,-1,-1,1.0,1.0,-1.0,0.0,-0.3333333333333333,0.15,-1,-1,-1,0.356862745098039,0.694117647058824,0.803921568627451
123.54743766784668,0.0,-0.13751136428803595,0.03,1,1,1,0.0,0.3333333333333333,0.135,-1,-1,-1,1.0,1.0,-1.0,0.0,-0.3333333333333333,0.15,-1,-1,-1,0.356862745098039,0.694117647058824,0.803921568627451
123.58506202697754,0.0,-0.1360827504176216,0.03,1,1,1,0.0,0.3333333333333333,0.135,-1,-1,-1,1.0,1.0,-1.0,0.0,-0.3333333333333333,0.15,-1,-1,-1,0.356862745098039,0.694117647058824,0.803921568627451
123.62026166915894,0.0,-0.13465413654720726,0.03,1,1,1,0.0,0.3333333333333333,0.135,-1,-1,-1,1.0,1.0,-1.0,0.0,-0.3333333333333333,0.15,-1,-1,-1,0.356862745098039,0.694117647058824,0.803921568627451
123.65496730804443,0.0,-0.1332255226767929,0.03,1,1,1,0.0,0.3333333333333333,0.135,-1,-1,-1,1.0,1.0,-1.0,0.0,-0.3333333333333333,0.15,-1,-1,-1,0.356862745098039,0.694117647058824,0.803921568627451
123.68986248970032,0.0,-0.13179690880637857,0.03,1,1,1,0.0,0.3333333333333333,0.135,-1,-1,-1,1.0,1.0,-1.0,0.0,-0.3333333333333333,0.15,-1,-1,-1,0.356862745098039,0.694117647058824,0.803921568627451
123.73163485527039,0.0,-0.13036829493596422,0.03,1,1,1,0.0,0.3333333333333333,0.135,-1,-1,-1,1.0,1.0,-1.0,0.0,-0.3333333333333333,0.15,-1,-1,-1,0.356862745098039,0.694117647058824,0.803921568627451
123.77283763885498,0.0,-0.12893968106554987,0.03,1,1,1,0.0,0.3333333333333333,0.135,-1,-1,-1,1.0,1.0,-1.0,0.0,-0.3333333333333333,0.15,-1,-1,-1,0.356862745098039,0.694117647058824,0.803921568627451
123.80755615234375,0.0,-0.12962123550173302,0.03,1,1,1,0.0,0.3333333333333333,0.135,-1,-1,-1,1.0,1.0,-1.0,0.0,-0.3333333333333333,0.15,-1,-1,-1,0.356862745098039,0.694117647058824,0.803921568627451
123.84173011779785,0.0,-0.13083033201456554,0.03,1,1,1,0.0,0.3333333333333333,0.135,-1,-1,-1,1.0,1.0,-1.0,0.0,-0.3333333333333333,0.15,-1,-1,-1,0.356862745098039,0.694117647058824,0.803921568627451
123.88170576095581,0.0,-0.13203942852739806,0.03,1,1,1,0.0,0.3333333333333333,0.135,-1,-1,-1,1.0,1.0,-1.0,0.0,-0.3333333333333333,0.15,-1,-1,-1,0.356862745098039,0.694117647058824,0.803921568627451
123.91854453086853,0.0,-0.13324852504023058,0.03,1,1,1,0.0,0.3333333333333333,0.135,-1,-1,-1,1.0,1.0,-1.0,0.0,-0.3333333333333333,0.15,-1,-1,-1,0.356862745098039,0.694117647058824,0.803921568627451
123.96047639846802,0.0,-0.1344576215530631,0.03,1,1,1,0.0,0.3333333333333333,0.135,-1,-1,-1,1.0,1.0,-1.0,0.0,-0.3333333333333333,0.15,-1,-1,-1,0.356862745098039,0.694117647058824,0.803921568627451
123.99532747268677,0.0,-0.13566671806589561,0.03,1,1,1,0.0,0.3333333333333333,0.135,-1,-1,-1,1.0,1.0,-1.0,0.0,-0.3333333333333333,0.15,-1,-1,-1,0.356862745098039,0.694117647058824,0.803921568627451
124.02987551689148,0.0,-0.13687581457872813,0.03,1,1,1,0.0,0.3333333333333333,0.135,-1,-1,-1,1.0,1.0,-1.0,0.0,-0.3333333333333333,0.15,-1,-1,-1,0.356862745098039,0.694117647058824,0.803921568627451
124.0646002292633,0.0,-0.13808491109156065,0.03,1,1,1,0.0,0.3333333333333333,0.135,-1,-1,-1,1.0,1.0,-1.0,0.0,-0.3333333333333333,0.15,-1,-1,-1,0.356862745098039,0.694117647058824,0.803921568627451
124.10623931884766,0.0,-0.13929400760439317,0.03,1,1,1,0.0,0.3333333333333333,0.135,-1,-1,-1,1.0,1.0,-1.0,0.0,-0.3333333333333333,0.15,-1,-1,-1,0.356862745098039,0.694117647058824,0.803921568627451
124.15006184577942,0.0,-0.1405031041172257,0.03,1,1,1,0.0,0.3333333333333333,0.135,-1,-1,-1,1.0,1.0,-1.0,0.0,-0.3333333333333333,0.15,-1,-1,-1,0.356862745098039,0.694117647058824,0.803921568627451
124.18327331542969,0.0,-0.1417122006300582,0.03,1,1,1,0.0,0.3333333333333333,0.135,-1,-1,-1,1.0,1.0,-1.0,0.0,-0.3333333333333333,0.15,-1,-1,-1,0.356862745098039,0.694117647058824,0.803921568627451
124.21783351898193,0.0,-0.14292129714289073,0.03,1,1,1,0.0,0.3333333333333333,0.135,-1,-1,-1,1.0,1.0,-1.0,0.0,-0.3333333333333333,0.15,-1,-1,-1,0.356862745098039,0.694117647058824,0.803921568627451
124.25249600410461,0.0,-0.14413039365572325,0.03,1,1,1,0.0,0.3333333333333333,0.135,-1,-1,-1,1.0,1.0,-1.0,0.0,-0.3333333333333333,0.15,-1,-1,-1,0.356862745098039,0.694117647058824,0.803921568627451
124.28783106803894,0.0,-0.14533949016855577,0.03,1,1,1,0.0,0.3333333333333333,0.135,-1,-1,-1,1.0,1.0,-1.0,0.0,-0.3333333333333333,0.15,-1,-1,-1,0.356862745098039,0.694117647058824,0.803921568627451
124.32090640068054,0.0,-0.1465485866813883,0.03,1,1,1,0.0,0.3333333333333333,0.135,-1,-1,-1,1.0,1.0,-1.0,0.0,-0.3333333333333333,0.15,-1,-1,-1,0.356862745098039,0.694117647058824,0.803921568627451
124.3629629611969,0.0,-0.1477576831942208,0.03,1,1,1,0.0,0.3333333333333333,0.135,-1,-1,-1,1.0,1.0,-1.0,0.0,-0.3333333333333333,0.15,-1,-1,-1,0.356862745098039,0.694117647058824,0.803921568627451
124.3979012966156,0.0,-0.14896677970705333,0.03,1,1,1,0.0,0.3333333333333333,0.135,-1,-1,-1,1.0,1.0,-1.0,0.0,-0.3333333333333333,0.15,-1,-1,-1,0.356862745098039,0.694117647058824,0.803921568627451
124.4334557056427,0.0,-0.15017587621988585,0.03,1,1,1,0.0,0.3333333333333333,0.135,-1,-1,-1,1.0,1.0,-1.0,0.0,-0.3333333333333333,0.15,-1,-1,-1,0.356862745098039,0.694117647058824,0.803921568627451
124.46710729598999,0.0,-0.15138497273271836,0.03,1,1,1,0.0,0.3333333333333333,0.135,-1,-1,-1,1.0,1.0,-1.0,0.0,-0.3333333333333333,0.15,-1,-1,-1,0.356862745098039,0.694117647058824,0.803921568627451
124.50980114936829,0.0,-0.15259406924555088,0.03,1,1,1,0.0,0.3333333333333333,0.135,-1,-1,-1,1.0,1.0,-1.0,0.0,-0.3333333333333333,0.15,-1,-1,-1,0.356862745098039,0.694117647058824,0.803921568627451
124.55251097679138,0.0,-0.1538031657583834,0.03,1,1,1,0.0,0.3333333333333333,0.135,-1,-1,-1,1.0,1.0,-1.0,0.0,-0.3333333333333333,0.15,-1,-1,-1,0.356862745098039,0.694117647058824,0.803921568627451
124.58622479438782,0.0,-0.15501226227121592,0.03,1,1,1,0.0,0.3333333333333333,0.135,-1,-1,-1,1.0,1.0,-1.0,0.0,-0.3333333333333333,0.15,-1,-1,-1,0.356862745098039,0.694117647058824,0.803921568627451
124.62243151664734,0.0,-0.15622135878404844,0.03,1,1,1,0.0,0.3333333333333333,0.135,-1,-1,-1,1.0,1.0,-1.0,0.0,-0.3333333333333333,0.15,-1,-1,-1,0.356862745098039,0.694117647058824,0.803921568627451
124.65592074394226,0.0,-0.15743045529688096,0.03,1,1,1,0.0,0.3333333333333333,0.135,-1,-1,-1,1.0,1.0,-1.0,0.0,-0.3333333333333333,0.15,-1,-1,-1,0.356862745098039,0.694117647058824,0.803921568627451
124.70398616790771,0.0,-0.15863955180971348,0.03,1,1,1,0.0,0.3333333333333333,0.135,-1,-1,-1,1.0,1.0,-1.0,0.0,-0.3333333333333333,0.15,-1,-1,-1,0.356862745098039,0.694117647058824,0.803921568627451
124.74570918083191,0.0,-0.159848648322546,0.03,1,1,1,0.0,0.3333333333333333,0.135,-1,-1,-1,1.0,1.0,-1.0,0.0,-0.3333333333333333,0.15,-1,-1,-1,0.356862745098039,0.694117647058824,0.803921568627451
124.78034281730652,0.0,-0.16105774483537852,0.03,1,1,1,0.0,0.3333333333333333,0.135,-1,-1,-1,1.0,1.0,-1.0,0.0,-0.3333333333333333,0.15,-1,-1,-1,0.356862745098039,0.694117647058824,0.803921568627451
124.81917905807495,0.0,-0.16226684134821104,0.03,1,1,1,0.0,0.3333333333333333,0.135,-1,-1,-1,1.0,1.0,-1.0,0.0,-0.3333333333333333,0.15,-1,-1,-1,0.356862745098039,0.694117647058824,0.803921568627451
124.8543062210083,0.0,-0.16347593786104356,0.03,1,1,1,0.0,0.3333333333333333,0.135,-1,-1,-1,1.0,1.0,-1.0,0.0,-0.3333333333333333,0.15,-1,-1,-1,0.356862745098039,0.694117647058824,0.803921568627451
124.89244174957275,0.0,-0.16468503437387608,0.03,1,1,1,0.0,0.3333333333333333,0.135,-1,-1,-1,1.0,1.0,-1.0,0.0,-0.3333333333333333,0.15,-1,-1,-1,0.356862745098039,0.694117647058824,0.803921568627451
124.93295288085938,0.0,-0.1658941308867086,0.03,1,1,1,0.0,0.3333333333333333,0.135,-1,-1,-1,1.0,1.0,-1.0,0.0,-0.3333333333333333,0.15,-1,-1,-1,0.356862745098039,0.694117647058824,0.803921568627451
124.96827673912048,0.0,-0.16710322739954112,0.03,1,1,1,0.0,0.3333333333333333,0.135,-1,-1,-1,1.0,1.0,-1.0,0.0,-0.3333333333333333,0.15,-1,-1,-1,0.356862745098039,0.694117647058824,0.803921568627451
125.0031189918518,0.0,-0.16610437009503304,0.03,1,1,1,0.0,0.3333333333333333,0.135,-1,-1,-1,1.0,1.0,-1.0,0.0,-0.3333333333333333,0.15,-1,-1,-1,0.356862745098039,0.694117647058824,0.803921568627451
125.04428267478943,0.0,-0.16363354357896456,0.03,1,1,1,0.0,0.3333333333333333,0.135,-1,-1,-1,1.0,1.0,-1.0,0.0,-0.3333333333333333,0.15,-1,-1,-1,0.356862745098039,0.694117647058824,0.803921568627451
125.0873031616211,0.0,-0.1611627170628961,0.03,1,1,1,0.0,0.3333333333333333,0.135,-1,-1,-1,1.0,1.0,-1.0,0.0,-0.3333333333333333,0.15,-1,-1,-1,0.356862745098039,0.694117647058824,0.803921568627451
125.1211986541748,0.0,-0.1586918905468276,0.03,1,1,1,0.0,0.3333333333333333,0.135,-1,-1,-1,1.0,1.0,-1.0,0.0,-0.3333333333333333,0.15,-1,-1,-1,0.356862745098039,0.694117647058824,0.803921568627451
125.15546321868896,0.0,-0.15622106403075914,0.03,1,1,1,0.0,0.3333333333333333,0.135,-1,-1,-1,1.0,1.0,-1.0,0.0,-0.3333333333333333,0.15,-1,-1,-1,0.356862745098039,0.694117647058824,0.803921568627451
125.19056153297424,0.0,-0.15375023751469066,0.03,1,1,1,0.0,0.3333333333333333,0.135,-1,-1,-1,1.0,1.0,-1.0,0.0,-0.3333333333333333,0.15,-1,-1,-1,0.356862745098039,0.694117647058824,0.803921568627451
125.2264711856842,0.0,-0.1512794109986222,0.03,1,1,1,0.0,0.3333333333333333,0.135,-1,-1,-1,1.0,1.0,-1.0,0.0,-0.3333333333333333,0.15,-1,-1,-1,0.356862745098039,0.694117647058824,0.803921568627451
125.27361369132996,0.0,-0.1488085844825537,0.03,1,1,1,0.0,0.3333333333333333,0.135,-1,-1,-1,1.0,1.0,-1.0,0.0,-0.3333333333333333,0.15,-1,-1,-1,0.356862745098039,0.694117647058824,0.803921568627451
125.31497287750244,0.0,-0.14633775796648524,0.03,1,1,1,0.0,0.3333333333333333,0.135,-1,-1,-1,1.0,1.0,-1.0,0.0,-0.3333333333333333,0.15,-1,-1,-1,0.356862745098039,0.694117647058824,0.803921568627451
125.35007786750793,0.0,-0.14386693145041676,0.03,1,1,1,0.0,0.3333333333333333,0.135,-1,-1,-1,1.0,1.0,-1.0,0.0,-0.3333333333333333,0.15,-1,-1,-1,0.356862745098039,0.694117647058824,0.803921568627451
125.38889598846436,0.0,-0.1413961049343483,0.03,1,1,1,0.0,0.3333333333333333,0.135,-1,-1,-1,1.0,1.0,-1.0,0.0,-0.3333333333333333,0.15,-1,-1,-1,0.356862745098039,0.694117647058824,0.803921568627451
125.42358565330505,0.0,-0.1389252784182798,0.03,1,1,1,0.0,0.3333333333333333,0.135,-1,-1,-1,1.0,1.0,-1.0,0.0,-0.3333333333333333,0.15,-1,-1,-1,0.356862745098039,0.694117647058824,0.803921568627451
125.4618079662323,0.0,-0.13645445190221134,0.03,1,1,1,0.0,0.3333333333333333,0.135,-1,-1,-1,1.0,1.0,-1.0,0.0,-0.3333333333333333,0.15,-1,-1,-1,0.356862745098039,0.694117647058824,0.803921568627451
125.50271677970886,0.0,-0.13398362538614286,0.03,1,1,1,0.0,0.3333333333333333,0.135,-1,-1,-1,1.0,1.0,-1.0,0.0,-0.3333333333333333,0.15,-1,-1,-1,0.356862745098039,0.694117647058824,0.803921568627451
125.53711771965027,0.0,-0.1315127988700744,0.03,1,1,1,0.0,0.3333333333333333,0.135,-1,-1,-1,1.0,1.0,-1.0,0.0,-0.3333333333333333,0.15,-1,-1,-1,0.356862745098039,0.694117647058824,0.803921568627451
125.57250189781189,0.0,-0.1290419723540059,0.03,1,1,1,0.0,0.3333333333333333,0.135,-1,-1,-1,1.0,1.0,-1.0,0.0,-0.3333333333333333,0.15,-1,-1,-1,0.356862745098039,0.694117647058824,0.803921568627451
125.60627698898315,0.0,-0.12657114583793744,0.03,1,1,1,0.0,0.3333333333333333,0.135,-1,-1,-1,1.0,1.0,-1.0,0.0,-0.3333333333333333,0.15,-1,-1,-1,0.356862745098039,0.694117647058824,0.803921568627451
125.64802479743958,0.0,-0.12410031932186895,0.03,1,1,1,0.0,0.3333333333333333,0.135,-1,-1,-1,1.0,1.0,-1.0,0.0,-0.3333333333333333,0.15,-1,-1,-1,0.356862745098039,0.694117647058824,0.803921568627451
125.68276953697205,0.0,-0.12162949280580049,0.03,1,1,1,0.0,0.3333333333333333,0.135,-1,-1,-1,1.0,1.0,-1.0,0.0,-0.3333333333333333,0.15,-1,-1,-1,0.356862745098039,0.694117647058824,0.803921568627451
125.71773934364319,0.0,-0.11915866628973201,0.03,1,1,1,0.0,0.3333333333333333,0.135,-1,-1,-1,1.0,1.0,-1.0,0.0,-0.3333333333333333,0.15,-1,-1,-1,0.356862745098039,0.694117647058824,0.803921568627451
125.75572943687439,0.0,-0.11668783977366354,0.03,1,1,1,0.0,0.3333333333333333,0.135,-1,-1,-1,1.0,1.0,-1.0,0.0,-0.3333333333333333,0.15,-1,-1,-1,0.356862745098039,0.694117647058824,0.803921568627451
125.79051995277405,0.0,-0.11421701325759506,0.03,1,1,1,0.0,0.3333333333333333,0.135,-1,-1,-1,1.0,1.0,-1.0,0.0,-0.3333333333333333,0.15,-1,-1,-1,0.356862745098039,0.694117647058824,0.803921568627451
125.82850980758667,0.0,-0.11174618674152659,0.03,1,1,1,0.0,0.3333333333333333,0.135,-1,-1,-1,1.0,1.0,-1.0,0.0,-0.3333333333333333,0.15,-1,-1,-1,0.356862745098039,0.694117647058824,0.803921568627451
125.8629002571106,0.0,-0.10927536022545811,0.03,1,1,1,0.0,0.3333333333333333,0.135,-1,-1,-1,1.0,1.0,-1.0,0.0,-0.3333333333333333,0.15,-1,-1,-1,0.356862745098039,0.694117647058824,0.803921568627451
125.89806962013245,0.0,-0.10680453370938964,0.03,1,1,1,0.0,0.3333333333333333,0.135,-1,-1,-1,1.0,1.0,-1.0,0.0,-0.3333333333333333,0.15,-1,-1,-1,0.356862745098039,0.694117647058824,0.803921568627451
125.93249034881592,0.0,-0.10433370719332116,0.03,1,1,1,0.0,0.3333333333333333,0.135,-1,-1,-1,1.0,1.0,-1.0,0.0,-0.3333333333333333,0.15,-1,-1,-1,0.356862745098039,0.694117647058824,0.803921568627451
125.96746397018433,0.0,-0.10186288067725269,0.03,1,1,1,0.0,0.3333333333333333,0.135,-1,-1,-1,1.0,1.0,-1.0,0.0,-0.3333333333333333,0.15,-1,-1,-1,0.356862745098039,0.694117647058824,0.803921568627451
126.0098123550415,0.0,-0.09939205416118421,0.03,1,1,1,0.0,0.3333333333333333,0.135,-1,-1,-1,1.0,1.0,-1.0,0.0,-0.3333333333333333,0.15,-1,-1,-1,0.356862745098039,0.694117647058824,0.803921568627451
126.04381084442139,0.0,-0.09692122764511574,0.03,1,1,1,0.0,0.3333333333333333,0.135,-1,-1,-1,1.0,1.0,-1.0,0.0,-0.3333333333333333,0.15,-1,-1,-1,0.356862745098039,0.694117647058824,0.803921568627451
126.07839727401733,0.0,-0.09445040112904726,0.03,1,1,1,0.0,0.3333333333333333,0.135,-1,-1,-1,1.0,1.0,-1.0,0.0,-0.3333333333333333,0.15,-1,-1,-1,0.356862745098039,0.694117647058824,0.803921568627451
126.11321759223938,0.0,-0.09197957461297879,0.03,1,1,1,0.0,0.3333333333333333,0.135,-1,-1,-1,1.0,1.0,-1.0,0.0,-0.3333333333333333,0.15,-1,-1,-1,0.356862745098039,0.694117647058824,0.803921568627451
126.14821672439575,0.0,-0.08950874809691031,0.03,1,1,1,0.0,0.3333333333333333,0.135,-1,-1,-1,1.0,1.0,-1.0,0.0,-0.3333333333333333,0.15,-1,-1,-1,0.356862745098039,0.694117647058824,0.803921568627451
126.19245076179504,0.0,-0.08703792158084184,0.03,1,1,1,0.0,0.3333333333333333,0.135,-1,-1,-1,1.0,1.0,-1.0,0.0,-0.3333333333333333,0.15,-1,-1,-1,0.356862745098039,0.694117647058824,0.803921568627451
126.2255449295044,0.0,-0.09225300083159843,0.03,1,1,1,0.0,0.3333333333333333,0.135,-1,-1,-1,1.0,1.0,-1.0,0.0,-0.3333333333333333,0.15,-1,-1,-1,0.356862745098039,0.694117647058824,0.803921568627451
126.25874257087708,0.0,-0.09746808008235502,0.03,1,1,1,0.0,0.3333333333333333,0.135,-1,-1,-1,1.0,1.0,-1.0,0.0,-0.3333333333333333,0.15,-1,-1,-1,0.356862745098039,0.694117647058824,0.803921568627451
126.29401302337646,0.0,-0.10268315933311162,0.03,1,1,1,0.0,0.3333333333333333,0.135,-1,-1,-1,1.0,1.0,-1.0,0.0,-0.3333333333333333,0.15,-1,-1,-1,0.356862745098039,0.694117647058824,0.803921568627451
126.32777619361877,0.0,-0.10789823858386821,0.03,1,1,1,0.0,0.3333333333333333,0.135,-1,-1,-1,1.0,1.0,-1.0,0.0,-0.3333333333333333,0.15,-1,-1,-1,0.356862745098039,0.694117647058824,0.803921568627451
126.36367392539978,0.0,-0.1131133178346248,0.03,1,1,1,0.0,0.3333333333333333,0.135,-1,-1,-1,1.0,1.0,-1.0,0.0,-0.3333333333333333,0.15,-1,-1,-1,0.356862745098039,0.694117647058824,0.803921568627451
126.4053418636322,0.0,-0.1183283970853814,0.03,1,1,1,0.0,0.3333333333333333,0.135,-1,-1,-1,1.0,1.0,-1.0,0.0,-0.3333333333333333,0.15,-1,-1,-1,0.356862745098039,0.694117647058824,0.803921568627451
126.43969225883484,0.0,-0.12354347633613798,0.03,1,1,1,0.0,0.3333333333333333,0.135,-1,-1,-1,1.0,1.0,-1.0,0.0,-0.3333333333333333,0.15,-1,-1,-1,0.356862745098039,0.694117647058824,0.803921568627451
126.47447609901428,0.0,-0.12875855558689456,0.03,1,1,1,0.0,0.3333333333333333,0.135,-1,-1,-1,1.0,1.0,-1.0,0.0,-0.3333333333333333,0.15,-1,-1,-1,0.356862745098039,0.694117647058824,0.803921568627451
126.50912308692932,0.0,-0.13397363483765115,0.03,1,1,1,0.0,0.3333333333333333,0.135,-1,-1,-1,1.0,1.0,-1.0,0.0,-0.3333333333333333,0.15,-1,-1,-1,0.356862745098039,0.694117647058824,0.803921568627451
126.5441038608551,0.0,-0.13918871408840774,0.03,1,1,1,0.0,0.3333333333333333,0.135,-1,-1,-1,1.0,1.0,-1.0,0.0,-0.3333333333333333,0.15,-1,-1,-1,0.356862745098039,0.694117647058824,0.803921568627451
126.58543992042542,0.0,-0.14440379333916434,0.03,1,1,1,0.0,0.3333333333333333,0.135,-1,-1,-1,1.0,1.0,-1.0,0.0,-0.3333333333333333,0.15,-1,-1,-1,0.356862745098039,0.694117647058824,0.803921568627451
126.62061882019043,0.0,-0.14961887258992093,0.03,1,1,1,0.0,0.3333333333333333,0.135,-1,-1,-1,1.0,1.0,-1.0,0.0,-0.3333333333333333,0.15,-1,-1,-1,0.356862745098039,0.694117647058824,0.803921568627451
126.65535235404968,0.0,-0.15483395184067753,0.03,1,1,1,0.0,0.3333333333333333,0.135,-1,-1,-1,1.0,1.0,-1.0,0.0,-0.3333333333333333,0.15,-1,-1,-1,0.356862745098039,0.694117647058824,0.803921568627451
126.6932635307312,0.0,-0.16004903109143412,0.03,1,1,1,0.0,0.3333333333333333,0.135,-1,-1,-1,1.0,1.0,-1.0,0.0,-0.3333333333333333,0.15,-1,-1,-1,0.356862745098039,0.694117647058824,0.803921568627451
126.72900462150574,0.0,-0.1652641103421907,0.03,1,1,1,0.0,0.3333333333333333,0.135,-1,-1,-1,1.0,1.0,-1.0,0.0,-0.3333333333333333,0.15,-1,-1,-1,0.356862745098039,0.694117647058824,0.803921568627451
126.76620626449585,0.0,-0.1704791895929473,0.03,1,1,1,0.0,0.3333333333333333,0.135,-1,-1,-1,1.0,1.0,-1.0,0.0,-0.3333333333333333,0.15,-1,-1,-1,0.356862745098039,0.694117647058824,0.803921568627451
126.80782842636108,0.0,-0.1756942688437039,0.03,1,1,1,0.0,0.3333333333333333,0.135,-1,-1,-1,1.0,1.0,-1.0,0.0,-0.3333333333333333,0.15,-1,-1,-1,0.356862745098039,0.694117647058824,0.803921568627451
126.8424141407013,0.0,-0.1809093480944605,0.03,1,1,1,0.0,0.3333333333333333,0.135,-1,-1,-1,1.0,1.0,-1.0,0.0,-0.3333333333333333,0.15,-1,-1,-1,0.356862745098039,0.694117647058824,0.803921568627451
126.87721538543701,0.0,-0.18612442734521709,0.03,1,1,1,0.0,0.3333333333333333,0.135,-1,-1,-1,1.0,1.0,-1.0,0.0,-0.3333333333333333,0.15,-1,-1,-1,0.356862745098039,0.694117647058824,0.803921568627451
126.91252636909485,0.0,-0.19133950659597368,0.03,1,1,1,0.0,0.3333333333333333,0.135,-1,-1,-1,1.0,1.0,-1.0,0.0,-0.3333333333333333,0.15,-1,-1,-1,0.356862745098039,0.694117647058824,0.803921568627451
126.95379400253296,0.0,-0.19655458584673027,0.03,1,1,1,0.0,0.3333333333333333,0.135,-1,-1,-1,1.0,1.0,-1.0,0.0,-0.3333333333333333,0.15,-1,-1,-1,0.356862745098039,0.694117647058824,0.803921568627451
126.98839926719666,0.0,-0.20176966509748687,0.03,1,1,1,0.0,0.3333333333333333,0.135,-1,-1,-1,1.0,1.0,-1.0,0.0,-0.3333333333333333,0.15,-1,-1,-1,0.356862745098039,0.694117647058824,0.803921568627451
127.02286744117737,0.0,-0.20698474434824346,0.03,1,1,1,0.0,0.3333333333333333,0.135,-1,-1,-1,1.0,1.0,-1.0,0.0,-0.3333333333333333,0.15,-1,-1,-1,0.356862745098039,0.694117647058824,0.803921568627451
127.06272292137146,0.0,-0.21219982359900005,0.03,1,1,1,0.0,0.3333333333333333,0.135,-1,-1,-1,1.0,1.0,-1.0,0.0,-0.3333333333333333,0.15,-1,-1,-1,0.356862745098039,0.694117647058824,0.803921568627451
127.09597039222717,0.0,-0.21741490284975665,0.03,1,1,1,0.0,0.3333333333333333,0.135,-1,-1,-1,1.0,1.0,-1.0,0.0,-0.3333333333333333,0.15,-1,-1,-1,0.356862745098039,0.694117647058824,0.803921568627451
127.13027763366699,0.0,-0.22262998210051324,0.03,1,1,1,0.0,0.3333333333333333,0.135,-1,-1,-1,1.0,1.0,-1.0,0.0,-0.3333333333333333,0.15,-1,-1,-1,0.356862745098039,0.694117647058824,0.803921568627451
127.16920924186707,0.0,-0.22784506135126983,0.03,1,1,1,0.0,0.3333333333333333,0.135,-1,-1,-1,1.0,1.0,-1.0,0.0,-0.3333333333333333,0.15,-1,-1,-1,0.356862745098039,0.694117647058824,0.803921568627451
127.20349597930908,0.0,-0.23306014060202643,0.03,1,1,1,0.0,0.3333333333333333,0.135,-1,-1,-1,1.0,1.0,-1.0,0.0,-0.3333333333333333,0.15,-1,-1,-1,0.356862745098039,0.694117647058824,0.803921568627451
127.23884725570679,0.0,-0.23827521985278305,0.03,1,1,1,0.0,0.3333333333333333,0.135,-1,-1,-1,1.0,1.0,-1.0,0.0,-0.3333333333333333,0.15,-1,-1,-1,0.356862745098039,0.694117647058824,0.803921568627451
127.27329635620117,0.0,-0.2434902991035397,0.03,1,1,1,0.0,0.3333333333333333,0.135,-1,-1,-1,1.0,1.0,-1.0,0.0,-0.3333333333333333,0.15,-1,-1,-1,0.356862745098039,0.694117647058824,0.803921568627451
127.3156476020813,0.0,-0.24870537835429632,0.03,1,1,1,0.0,0.3333333333333333,0.135,-1,-1,-1,1.0,1.0,-1.0,0.0,-0.3333333333333333,0.15,-1,-1,-1,0.356862745098039,0.694117647058824,0.803921568627451
127.35678195953369,0.0,-0.25392045760505294,0.03,1,1,1,0.0,0.3333333333333333,0.135,-1,-1,-1,1.0,1.0,-1.0,0.0,-0.3333333333333333,0.15,-1,-1,-1,0.356862745098039,0.694117647058824,0.803921568627451
127.39103102684021,0.0,-0.25913553685580953,0.03,1,1,1,0.0,0.3333333333333333,0.135,-1,-1,-1,1.0,1.0,-1.0,0.0,-0.3333333333333333,0.15,-1,-1,-1,0.356862745098039,0.694117647058824,0.803921568627451
127.43155789375305,0.0,-0.26339259534466636,0.03,1,1,1,0.0,0.3333333333333333,0.135,-1,-1,-1,1.0,1.0,-1.0,0.0,-0.3333333333333333,0.15,-1,-1,-1,0.356862745098039,0.694117647058824,0.803921568627451
127.46432423591614,0.0,-0.26741014864304824,0.03,1,1,1,0.0,0.3333333333333333,0.135,-1,-1,-1,1.0,1.0,-1.0,0.0,-0.3333333333333333,0.15,-1,-1,-1,0.356862745098039,0.694117647058824,0.803921568627451
127.49934720993042,0.0,-0.2714277019414301,0.03,1,1,1,0.0,0.3333333333333333,0.135,-1,-1,-1,1.0,1.0,-1.0,0.0,-0.3333333333333333,0.15,-1,-1,-1,0.356862745098039,0.694117647058824,0.803921568627451
127.53743600845337,0.0,-0.275445255239812,0.03,1,1,1,0.0,0.3333333333333333,0.135,-1,-1,-1,1.0,1.0,-1.0,0.0,-0.3333333333333333,0.15,-1,-1,-1,0.356862745098039,0.694117647058824,0.803921568627451
127.57933163642883,0.0,-0.2794628085381939,0.03,1,1,1,0.0,0.3333333333333333,0.135,-1,-1,-1,1.0,1.0,-1.0,0.0,-0.3333333333333333,0.15,-1,-1,-1,0.356862745098039,0.694117647058824,0.803921568627451
127.61404776573181,0.0,-0.28348036183657577,0.03,1,1,1,0.0,0.3333333333333333,0.135,-1,-1,-1,1.0,1.0,-1.0,0.0,-0.3333333333333333,0.15,-1,-1,-1,0.356862745098039,0.694117647058824,0.803921568627451
127.64865207672119,0.0,-0.28749791513495765,0.03,1,1,1,0.0,0.3333333333333333,0.135,-1,-1,-1,1.0,1.0,-1.0,0.0,-0.3333333333333333,0.15,-1,-1,-1,0.356862745098039,0.694117647058824,0.803921568627451
127.68973660469055,0.0,-0.29151546843333953,0.03,1,1,1,0.0,0.3333333333333333,0.135,-1,-1,-1,1.0,1.0,-1.0,0.0,-0.3333333333333333,0.15,-1,-1,-1,0.356862745098039,0.694117647058824,0.803921568627451
127.73241543769836,0.0,-0.2955330217317214,0.03,1,1,1,0.0,0.3333333333333333,0.135,-1,-1,-1,1.0,1.0,-1.0,0.0,-0.3333333333333333,0.15,-1,-1,-1,0.356862745098039,0.694117647058824,0.803921568627451
127.76587319374084,0.0,-0.2995505750301033,0.03,1,1,1,0.0,0.3333333333333333,0.135,-1,-1,-1,1.0,1.0,-1.0,0.0,-0.3333333333333333,0.15,-1,-1,-1,0.356862745098039,0.694117647058824,0.803921568627451
127.80162310600281,0.0,-0.3035681283284852,0.03,1,1,1,0.0,0.3333333333333333,0.135,-1,-1,-1,1.0,1.0,-1.0,0.0,-0.3333333333333333,0.15,-1,-1,-1,0.356862745098039,0.694117647058824,0.803921568627451
127.83631038665771,0.0,-0.30758568162686706,0.03,1,1,1,0.0,0.3333333333333333,0.135,-1,-1,-1,1.0,1.0,-1.0,0.0,-0.3333333333333333,0.15,-1,-1,-1,0.356862745098039,0.694117647058824,0.803921568627451
127.88486933708191,0.0,-0.31160323492524894,0.03,1,1,1,0.0,0.3333333333333333,0.135,-1,-1,-1,1.0,1.0,-1.0,0.0,-0.3333333333333333,0.15,-1,-1,-1,0.356862745098039,0.694117647058824,0.803921568627451
127.92645812034607,0.0,-0.3156207882236308,0.03,1,1,1,0.0,0.3333333333333333,0.135,-1,-1,-1,1.0,1.0,-1.0,0.0,-0.3333333333333333,0.15,-1,-1,-1,0.356862745098039,0.694117647058824,0.803921568627451
127.96122360229492,0.0,-0.3196383415220127,0.03,1,1,1,0.0,0.3333333333333333,0.135,-1,-1,-1,1.0,1.0,-1.0,0.0,-0.3333333333333333,0.15,-1,-1,-1,0.356862745098039,0.694117647058824,0.803921568627451
128.00019145011902,0.0,-0.3236558948203946,0.03,1,1,1,0.0,0.3333333333333333,0.135,-1,-1,-1,1.0,1.0,-1.0,0.0,-0.3333333333333333,0.15,-1,-1,-1,0.356862745098039,0.694117647058824,0.803921568627451
128.03462648391724,0.0,-0.32767344811877647,0.03,1,1,1,0.0,0.3333333333333333,0.135,-1,-1,-1,1.0,1.0,-1.0,0.0,-0.3333333333333333,0.15,-1,-1,-1,0.356862745098039,0.694117647058824,0.803921568627451
128.07203435897827,0.0,-0.33169100141715835,0.03,1,1,1,0.0,0.3333333333333333,0.135,-1,-1,-1,1.0,1.0,-1.0,0.0,-0.3333333333333333,0.15,-1,-1,-1,0.356862745098039,0.694117647058824,0.803921568627451
128.12091374397278,0.0,-0.3341015333961875,0.03,1,1,1,0.0,0.3333333333333333,0.135,-1,-1,-1,1.0,1.0,-1.0,0.0,-0.3333333333333333,0.15,-1,-1,-1,0.356862745098039,0.694117647058824,0.803921568627451
128.15574955940247,0.0,-0.3341015333961875,0.03,1,1,1,0.0,0.3333333333333333,0.135,-1,-1,-1,1.0,1.0,-1.0,0.0,-0.3333333333333333,0.15,-1,-1,-1,0.356862745098039,0.694117647058824,0.803921568627451
128.19040417671204,0.0,-0.3341015333961875,0.03,1,1,1,0.0,0.3333333333333333,0.135,-1,-1,-1,1.0,1.0,-1.0,0.0,-0.3333333333333333,0.15,-1,-1,-1,0.356862745098039,0.694117647058824,0.803921568627451
128.2255597114563,0.0,-0.3341015333961875,0.03,1,1,1,0.0,0.3333333333333333,0.135,-1,-1,-1,1.0,1.0,-1.0,0.0,-0.3333333333333333,0.15,-1,-1,-1,0.356862745098039,0.694117647058824,0.803921568627451
128.2701222896576,0.0,-0.3341015333961875,0.03,1,1,1,0.0,0.3333333333333333,0.135,-1,-1,-1,1.0,1.0,-1.0,0.0,-0.3333333333333333,0.15,-1,-1,-1,0.356862745098039,0.694117647058824,0.803921568627451
128.30849766731262,0.0,-0.3341015333961875,0.03,1,1,1,0.0,0.3333333333333333,0.135,-1,-1,-1,1.0,1.0,-1.0,0.0,-0.3333333333333333,0.15,-1,-1,-1,0.356862745098039,0.694117647058824,0.803921568627451
128.34971594810486,0.0,-0.3341015333961875,0.03,1,1,1,0.0,0.3333333333333333,0.135,-1,-1,-1,1.0,1.0,-1.0,0.0,-0.3333333333333333,0.15,-1,-1,-1,0.356862745098039,0.694117647058824,0.803921568627451
128.3846092224121,0.0,-0.3341015333961875,0.03,1,1,1,0.0,0.3333333333333333,0.135,-1,-1,-1,1.0,1.0,-1.0,0.0,-0.3333333333333333,0.15,-1,-1,-1,0.356862745098039,0.694117647058824,0.803921568627451
128.4195418357849,0.0,-0.3341015333961875,0.03,1,1,1,0.0,0.3333333333333333,0.135,-1,-1,-1,1.0,1.0,-1.0,0.0,-0.3333333333333333,0.15,-1,-1,-1,0.356862745098039,0.694117647058824,0.803921568627451
128.46119713783264,0.0,-0.3341015333961875,0.03,1,1,1,0.0,0.3333333333333333,0.135,-1,-1,-1,1.0,1.0,-1.0,0.0,-0.3333333333333333,0.15,-1,-1,-1,0.356862745098039,0.694117647058824,0.803921568627451
128.50414299964905,0.0,-0.3341015333961875,0.03,1,1,1,0.0,0.3333333333333333,0.135,-1,-1,-1,1.0,1.0,-1.0,0.0,-0.3333333333333333,0.15,-1,-1,-1,0.356862745098039,0.694117647058824,0.803921568627451
128.5372452735901,0.0,-0.3341015333961875,0.03,1,1,1,0.0,0.3333333333333333,0.135,-1,-1,-1,1.0,1.0,-1.0,0.0,-0.3333333333333333,0.15,-1,-1,-1,0.356862745098039,0.694117647058824,0.803921568627451
128.57180333137512,0.0,-0.3341015333961875,0.03,1,1,1,0.0,0.3333333333333333,0.135,-1,-1,-1,1.0,1.0,-1.0,0.0,-0.3333333333333333,0.15,-1,-1,-1,0.356862745098039,0.694117647058824,0.803921568627451
128.61854648590088,0.0,-2.454211520402575e-05,0.03,1,1,1,0.0,0.3333333333333333,0.135,-1,-1,-1,1.0,1.0,-1.0,0.0,-0.3333333333333333,0.135,1,1,1,0.356862745098039,0.694117647058824,0.803921568627451
128.65565538406372,0.0,-0.0001472526912241545,0.03,1,1,1,0.0,0.3333333333333333,0.135,-1,-1,-1,1.0,1.0,-1.0,0.0,-0.3333333333333333,0.135,1,1,1,0.356862745098039,0.694117647058824,0.803921568627451
128.69012904167175,0.0,-0.00026996326724428325,0.03,1,1,1,0.0,0.3333333333333333,0.135,-1,-1,-1,1.0,1.0,-1.0,0.0,-0.3333333333333333,0.135,1,1,1,0.356862745098039,0.694117647058824,0.803921568627451
128.72440099716187,0.0,-0.000392673843264412,0.03,1,1,1,0.0,0.3333333333333333,0.135,-1,-1,-1,1.0,1.0,-1.0,0.0,-0.3333333333333333,0.135,1,1,1,0.356862745098039,0.694117647058824,0.803921568627451
128.75877046585083,0.0,-0.0005153844192845408,0.03,1,1,1,0.0,0.3333333333333333,0.135,-1,-1,-1,1.0,1.0,-1.0,0.0,-0.3333333333333333,0.135,1,1,1,0.356862745098039,0.694117647058824,0.803921568627451
128.8033401966095,0.0,-0.0006380949953046698,0.03,1,1,1,0.0,0.3333333333333333,0.135,-1,-1,-1,1.0,1.0,-1.0,0.0,-0.3333333333333333,0.135,1,1,1,0.356862745098039,0.694117647058824,0.803921568627451
128.83619904518127,0.0,-0.0007608055713247988,0.03,1,1,1,0.0,0.3333333333333333,0.135,-1,-1,-1,1.0,1.0,-1.0,0.0,-0.3333333333333333,0.135,1,1,1,0.356862745098039,0.694117647058824,0.803921568627451
128.86959433555603,0.0,-0.0008835161473449278,0.03,1,1,1,0.0,0.3333333333333333,0.135,-1,-1,-1,1.0,1.0,-1.0,0.0,-0.3333333333333333,0.135,1,1,1,0.356862745098039,0.694117647058824,0.803921568627451
128.90507435798645,0.0,-0.0010062267233650567,0.03,1,1,1,0.0,0.3333333333333333,0.135,-1,-1,-1,1.0,1.0,-1.0,0.0,-0.3333333333333333,0.135,1,1,1,0.356862745098039,0.694117647058824,0.803921568627451
128.94008564949036,0.0,-0.0011289372993851857,0.03,1,1,1,0.0,0.3333333333333333,0.135,-1,-1,-1,1.0,1.0,-1.0,0.0,-0.3333333333333333,0.135,1,1,1,0.356862745098039,0.694117647058824,0.803921568627451
128.97433423995972,0.0,-0.0012516478754053147,0.03,1,1,1,0.0,0.3333333333333333,0.135,-1,-1,-1,1.0,1.0,-1.0,0.0,-0.3333333333333333,0.135,1,1,1,0.356862745098039,0.694117647058824,0.803921568627451
129.01586627960205,0.0,-0.0013743584514254437,0.03,1,1,1,0.0,0.3333333333333333,0.135,-1,-1,-1,1.0,1.0,-1.0,0.0,-0.3333333333333333,0.135,1,1,1,0.356862745098039,0.694117647058824,0.803921568627451
129.05048871040344,0.0,-0.0014970690274455727,0.03,1,1,1,0.0,0.3333333333333333,0.135,-1,-1,-1,1.0,1.0,-1.0,0.0,-0.3333333333333333,0.135,1,1,1,0.356862745098039,0.694117647058824,0.803921568627451
129.0850248336792,0.0,-0.0016197796034657017,0.03,1,1,1,0.0,0.3333333333333333,0.135,-1,-1,-1,1.0,1.0,-1.0,0.0,-0.3333333333333333,0.135,1,1,1,0.356862745098039,0.694117647058824,0.803921568627451
129.11986899375916,0.0,-0.0017424901794858307,0.03,1,1,1,0.0,0.3333333333333333,0.135,-1,-1,-1,1.0,1.0,-1.0,0.0,-0.3333333333333333,0.135,1,1,1,0.356862745098039,0.694117647058824,0.803921568627451
129.1551377773285,0.0,-0.0018652007555059597,0.03,1,1,1,0.0,0.3333333333333333,0.135,-1,-1,-1,1.0,1.0,-1.0,0.0,-0.3333333333333333,0.135,1,1,1,0.356862745098039,0.694117647058824,0.803921568627451
129.19704604148865,0.0,-0.0019879113315260885,0.03,1,1,1,0.0,0.3333333333333333,0.135,-1,-1,-1,1.0,1.0,-1.0,0.0,-0.3333333333333333,0.135,1,1,1,0.356862745098039,0.694117647058824,0.803921568627451
129.2312090396881,0.0,-0.0021106219075462175,0.03,1,1,1,0.0,0.3333333333333333,0.135,-1,-1,-1,1.0,1.0,-1.0,0.0,-0.3333333333333333,0.135,1,1,1,0.356862745098039,0.694117647058824,0.803921568627451
129.26567840576172,0.0,-0.0022333324835663465,0.03,1,1,1,0.0,0.3333333333333333,0.135,-1,-1,-1,1.0,1.0,-1.0,0.0,-0.3333333333333333,0.135,1,1,1,0.356862745098039,0.694117647058824,0.803921568627451
129.30504059791565,0.0,-0.0023560430595864755,0.03,1,1,1,0.0,0.3333333333333333,0.135,-1,-1,-1,1.0,1.0,-1.0,0.0,-0.3333333333333333,0.135,1,1,1,0.356862745098039,0.694117647058824,0.803921568627451
129.33898210525513,0.0,-0.0024787536356066044,0.03,1,1,1,0.0,0.3333333333333333,0.135,-1,-1,-1,1.0,1.0,-1.0,0.0,-0.3333333333333333,0.135,1,1,1,0.356862745098039,0.694117647058824,0.803921568627451
129.37478923797607,0.0,-0.0026014642116267334,0.03,1,1,1,0.0,0.3333333333333333,0.135,-1,-1,-1,1.0,1.0,-1.0,0.0,-0.3333333333333333,0.135,1,1,1,0.356862745098039,0.694117647058824,0.803921568627451
129.41234946250916,0.0,-0.0027241747876468624,0.03,1,1,1,0.0,0.3333333333333333,0.135,-1,-1,-1,1.0,1.0,-1.0,0.0,-0.3333333333333333,0.135,1,1,1,0.356862745098039,0.694117647058824,0.803921568627451
129.45360684394836,0.0,-0.0028468853636669914,0.03,1,1,1,0.0,0.3333333333333333,0.135,-1,-1,-1,1.0,1.0,-1.0,0.0,-0.3333333333333333,0.135,1,1,1,0.356862745098039,0.694117647058824,0.803921568627451
129.4884431362152,0.0,-0.0029695959396871204,0.03,1,1,1,0.0,0.3333333333333333,0.135,-1,-1,-1,1.0,1.0,-1.0,0.0,-0.3333333333333333,0.135,1,1,1,0.356862745098039,0.694117647058824,0.803921568627451
129.52305364608765,0.0,-0.0030923065157072494,0.03,1,1,1,0.0,0.3333333333333333,0.135,-1,-1,-1,1.0,1.0,-1.0,0.0,-0.3333333333333333,0.135,1,1,1,0.356862745098039,0.694117647058824,0.803921568627451
129.55820155143738,0.0,-0.0032150170917273784,0.03,1,1,1,0.0,0.3333333333333333,0.135,-1,-1,-1,1.0,1.0,-1.0,0.0,-0.3333333333333333,0.135,1,1,1,0.356862745098039,0.694117647058824,0.803921568627451
129.5925109386444,0.0,-0.0033377276677475074,0.03,1,1,1,0.0,0.3333333333333333,0.135,-1,-1,-1,1.0,1.0,-1.0,0.0,-0.3333333333333333,0.135,1,1,1,0.356862745098039,0.694117647058824,0.803921568627451
129.63409566879272,0.0,-0.0034604382437676364,0.03,1,1,1,0.0,0.3333333333333333,0.135,-1,-1,-1,1.0,1.0,-1.0,0.0,-0.3333333333333333,0.135,1,1,1,0.356862745098039,0.694117647058824,0.803921568627451
129.66887521743774,0.0,-0.0035831488197877654,0.03,1,1,1,0.0,0.3333333333333333,0.135,-1,-1,-1,1.0,1.0,-1.0,0.0,-0.3333333333333333,0.135,1,1,1,0.356862745098039,0.694117647058824,0.803921568627451
129.70387434959412,0.0,-0.0037058593958078944,0.03,1,1,1,0.0,0.3333333333333333,0.135,-1,-1,-1,1.0,1.0,-1.0,0.0,-0.3333333333333333,0.135,1,1,1,0.356862745098039,0.694117647058824,0.803921568627451
129.74201774597168,0.0,-0.0038285699718280226,0.03,1,1,1,0.0,0.3333333333333333,0.135,-1,-1,-1,1.0,1.0,-1.0,0.0,-0.3333333333333333,0.135,1,1,1,0.356862745098039,0.694117647058824,0.803921568627451
129.77664709091187,0.0,-0.003951280547848151,0.03,1,1,1,0.0,0.3333333333333333,0.135,-1,-1,-1,1.0,1.0,-1.0,0.0,-0.3333333333333333,0.135,1,1,1,0.356862745098039,0.694117647058824,0.803921568627451
129.81444191932678,0.0,-0.004049449008664254,0.03,1,1,1,0.0,0.3333333333333333,0.135,-1,-1,-1,1.0,1.0,-1.0,0.0,-0.3333333333333333,0.135,-1,-1,-1,0.356862745098039,0.694117647058824,0.803921568627451
129.85645389556885,0.0,-0.004049449008664254,0.03,1,1,1,0.0,0.3333333333333333,0.135,-1,-1,-1,1.0,1.0,-1.0,0.0,-0.3333333333333333,0.135,-1,-1,-1,0.356862745098039,0.694117647058824,0.803921568627451
129.89107751846313,0.0,-0.004049449008664254,0.03,1,1,1,0.0,0.3333333333333333,0.135,-1,-1,-1,1.0,1.0,-1.0,0.0,-0.3333333333333333,0.135,-1,-1,-1,0.356862745098039,0.694117647058824,0.803921568627451
129.92458415031433,0.0,-0.004049449008664254,0.03,1,1,1,0.0,0.3333333333333333,0.135,-1,-1,-1,1.0,1.0,-1.0,0.0,-0.3333333333333333,0.135,-1,-1,-1,0.356862745098039,0.694117647058824,0.803921568627451
129.95964574813843,0.0,-0.004049449008664254,0.03,1,1,1,0.0,0.3333333333333333,0.135,-1,-1,-1,1.0,1.0,-1.0,0.0,-0.3333333333333333,0.135,-1,-1,-1,0.356862745098039,0.694117647058824,0.803921568627451
130.00208711624146,0.0,-0.004049449008664254,0.03,1,1,1,0.0,0.3333333333333333,0.135,-1,-1,-1,1.0,1.0,-1.0,0.0,-0.3333333333333333,0.135,-1,-1,-1,0.356862745098039,0.694117647058824,0.803921568627451
130.0463831424713,0.0,-0.004049449008664254,0.03,1,1,1,0.0,0.3333333333333333,0.135,-1,-1,-1,1.0,1.0,-1.0,0.0,-0.3333333333333333,0.135,-1,-1,-1,0.356862745098039,0.694117647058824,0.803921568627451
130.0793216228485,0.0,-0.004049449008664254,0.03,1,1,1,0.0,0.3333333333333333,0.135,-1,-1,-1,1.0,1.0,-1.0,0.0,-0.3333333333333333,0.135,-1,-1,-1,0.356862745098039,0.694117647058824,0.803921568627451
130.1128511428833,0.0,-0.004049449008664254,0.03,1,1,1,0.0,0.3333333333333333,0.135,-1,-1,-1,1.0,1.0,-1.0,0.0,-0.3333333333333333,0.135,-1,-1,-1,0.356862745098039,0.694117647058824,0.803921568627451
130.14824080467224,0.0,-0.004049449008664254,0.03,1,1,1,0.0,0.3333333333333333,0.135,-1,-1,-1,1.0,1.0,-1.0,0.0,-0.3333333333333333,0.135,-1,-1,-1,0.356862745098039,0.694117647058824,0.803921568627451
130.18266010284424,0.0,-0.004049449008664254,0.03,1,1,1,0.0,0.3333333333333333,0.135,-1,-1,-1,1.0,1.0,-1.0,0.0,-0.3333333333333333,0.135,-1,-1,-1,0.356862745098039,0.694117647058824,0.803921568627451
130.22407603263855,0.0,-0.004049449008664254,0.03,1,1,1,0.0,0.3333333333333333,0.135,-1,-1,-1,1.0,1.0,-1.0,0.0,-0.3333333333333333,0.135,-1,-1,-1,0.356862745098039,0.694117647058824,0.803921568627451
130.2585735321045,0.0,-0.004049449008664254,0.03,1,1,1,0.0,0.3333333333333333,0.135,-1,-1,-1,1.0,1.0,-1.0,0.0,-0.3333333333333333,0.135,-1,-1,-1,0.356862745098039,0.694117647058824,0.803921568627451
130.2936463356018,0.0,-0.004049449008664254,0.03,1,1,1,0.0,0.3333333333333333,0.135,-1,-1,-1,1.0,1.0,-1.0,0.0,-0.3333333333333333,0.135,-1,-1,-1,0.356862745098039,0.694117647058824,0.803921568627451
130.32824110984802,0.0,-0.004049449008664254,0.03,1,1,1,0.0,0.3333333333333333,0.135,-1,-1,-1,1.0,1.0,-1.0,0.0,-0.3333333333333333,0.135,-1,-1,-1,0.356862745098039,0.694117647058824,0.803921568627451
130.3627028465271,0.0,-0.004049449008664254,0.03,1,1,1,0.0,0.3333333333333333,0.135,-1,-1,-1,1.0,1.0,-1.0,0.0,-0.3333333333333333,0.135,-1,-1,-1,0.356862745098039,0.694117647058824,0.803921568627451
130.40485405921936,0.0,-0.004049449008664254,0.03,1,1,1,0.0,0.3333333333333333,0.135,-1,-1,-1,1.0,1.0,-1.0,0.0,-0.3333333333333333,0.135,-1,-1,-1,0.356862745098039,0.694117647058824,0.803921568627451
130.4397804737091,0.0,-0.004049449008664254,0.03,1,1,1,0.0,0.3333333333333333,0.135,-1,-1,-1,1.0,1.0,-1.0,0.0,-0.3333333333333333,0.135,-1,-1,-1,0.356862745098039,0.694117647058824,0.803921568627451
130.47426676750183,0.0,-0.004049449008664254,0.03,1,1,1,0.0,0.3333333333333333,0.135,-1,-1,-1,1.0,1.0,-1.0,0.0,-0.3333333333333333,0.135,-1,-1,-1,0.356862745098039,0.694117647058824,0.803921568627451
130.513662815094,0.0,-0.004049449008664254,0.03,1,1,1,0.0,0.3333333333333333,0.135,-1,-1,-1,1.0,1.0,-1.0,0.0,-0.3333333333333333,0.135,-1,-1,-1,0.356862745098039,0.694117647058824,0.803921568627451
130.54801440238953,0.0,-0.004049449008664254,0.03,1,1,1,0.0,0.3333333333333333,0.135,-1,-1,-1,1.0,1.0,-1.0,0.0,-0.3333333333333333,0.135,-1,-1,-1,0.356862745098039,0.694117647058824,0.803921568627451
130.58307814598083,0.0,-0.004049449008664254,0.03,1,1,1,0.0,0.3333333333333333,0.135,-1,-1,-1,1.0,1.0,-1.0,0.0,-0.3333333333333333,0.135,-1,-1,-1,0.356862745098039,0.694117647058824,0.803921568627451
130.62224555015564,0.0,-0.004049449008664254,0.03,1,1,1,0.0,0.3333333333333333,0.135,-1,-1,-1,1.0,1.0,-1.0,0.0,-0.3333333333333333,0.135,-1,-1,-1,0.356862745098039,0.694117647058824,0.803921568627451
130.66244220733643,0.0,-0.004049449008664254,0.03,1,1,1,0.0,0.3333333333333333,0.135,-1,-1,-1,1.0,1.0,-1.0,0.0,-0.3333333333333333,0.135,-1,-1,-1,0.356862745098039,0.694117647058824,0.803921568627451
130.6969645023346,0.0,-0.004049449008664254,0.03,1,1,1,0.0,0.3333333333333333,0.135,-1,-1,-1,1.0,1.0,-1.0,0.0,-0.3333333333333333,0.135,-1,-1,-1,0.356862745098039,0.694117647058824,0.803921568627451
130.73200798034668,0.0,-0.004049449008664254,0.03,1,1,1,0.0,0.3333333333333333,0.135,-1,-1,-1,1.0,1.0,-1.0,0.0,-0.3333333333333333,0.135,-1,-1,-1,0.356862745098039,0.694117647058824,0.803921568627451
130.76627469062805,0.0,-0.004049449008664254,0.03,1,1,1,0.0,0.3333333333333333,0.135,-1,-1,-1,1.0,1.0,-1.0,0.0,-0.3333333333333333,0.135,-1,-1,-1,0.356862745098039,0.694117647058824,0.803921568627451
130.80829524993896,0.0,-0.004049449008664254,0.03,1,1,1,0.0,0.3333333333333333,0.135,-1,-1,-1,1.0,1.0,-1.0,0.0,-0.3333333333333333,0.135,-1,-1,-1,0.356862745098039,0.694117647058824,0.803921568627451
130.85154676437378,0.0,-0.004049449008664254,0.03,1,1,1,0.0,0.3333333333333333,0.135,-1,-1,-1,1.0,1.0,-1.0,0.0,-0.3333333333333333,0.135,-1,-1,-1,0.356862745098039,0.694117647058824,0.803921568627451
130.88502717018127,0.0,-0.004049449008664254,0.03,1,1,1,0.0,0.3333333333333333,0.135,-1,-1,-1,1.0,1.0,-1.0,0.0,-0.3333333333333333,0.135,-1,-1,-1,0.356862745098039,0.694117647058824,0.803921568627451
130.91986227035522,0.0,-0.004049449008664254,0.03,1,1,1,0.0,0.3333333333333333,0.135,-1,-1,-1,1.0,1.0,-1.0,0.0,-0.3333333333333333,0.135,-1,-1,-1,0.356862745098039,0.694117647058824,0.803921568627451
130.9548192024231,0.0,-0.004049449008664254,0.03,1,1,1,0.0,0.3333333333333333,0.135,-1,-1,-1,1.0,1.0,-1.0,0.0,-0.3333333333333333,0.135,-1,-1,-1,0.356862745098039,0.694117647058824,0.803921568627451
131.00275206565857,0.0,-0.004049449008664254,0.03,1,1,1,0.0,0.3333333333333333,0.135,-1,-1,-1,1.0,1.0,-1.0,0.0,-0.3333333333333333,0.135,-1,-1,-1,0.356862745098039,0.694117647058824,0.803921568627451
131.04453682899475,0.0,-0.0031770223107815336,0.03,1,1,1,0.0,0.3333333333333333,0.135,-1,-1,-1,1.0,1.0,-1.0,0.0,-0.3333333333333333,0.135,-1,-1,-1,0.356862745098039,0.694117647058824,0.803921568627451
131.07836294174194,0.0,-0.0017229778143103324,0.03,1,1,1,0.0,0.3333333333333333,0.135,-1,-1,-1,1.0,1.0,-1.0,0.0,-0.3333333333333333,0.135,-1,-1,-1,0.356862745098039,0.694117647058824,0.803921568627451
131.11287379264832,0.0,-0.0002689333178391315,0.03,1,1,1,0.0,0.3333333333333333,0.135,-1,-1,-1,1.0,1.0,-1.0,0.0,-0.3333333333333333,0.135,-1,-1,-1,0.356862745098039,0.694117647058824,0.803921568627451
131.15122509002686,0.0,0.0011851111786320692,0.03,1,1,1,0.0,0.3333333333333333,0.135,-1,-1,-1,1.0,1.0,-1.0,0.0,-0.3333333333333333,0.135,-1,-1,-1,0.356862745098039,0.694117647058824,0.803921568627451
131.18639397621155,0.0,0.0026391556751032704,0.03,1,1,1,0.0,0.3333333333333333,0.135,-1,-1,-1,1.0,1.0,-1.0,0.0,-0.3333333333333333,0.135,-1,-1,-1,0.356862745098039,0.694117647058824,0.803921568627451
131.22457551956177,0.0,0.004093200171574472,0.03,1,1,1,0.0,0.3333333333333333,0.135,-1,-1,-1,1.0,1.0,-1.0,0.0,-0.3333333333333333,0.135,-1,-1,-1,0.356862745098039,0.694117647058824,0.803921568627451
131.25854110717773,0.0,0.005547244668045671,0.03,1,1,1,0.0,0.3333333333333333,0.135,-1,-1,-1,1.0,1.0,-1.0,0.0,-0.3333333333333333,0.135,-1,-1,-1,0.356862745098039,0.694117647058824,0.803921568627451
131.2936074733734,0.0,0.00700128916451687,0.03,1,1,1,0.0,0.3333333333333333,0.135,-1,-1,-1,1.0,1.0,-1.0,0.0,-0.3333333333333333,0.135,-1,-1,-1,0.356862745098039,0.694117647058824,0.803921568627451
131.32832646369934,0.0,0.00845533366098807,0.03,1,1,1,0.0,0.3333333333333333,0.135,-1,-1,-1,1.0,1.0,-1.0,0.0,-0.3333333333333333,0.135,-1,-1,-1,0.356862745098039,0.694117647058824,0.803921568627451
131.37035179138184,0.0,0.00990937815745927,0.03,1,1,1,0.0,0.3333333333333333,0.135,-1,-1,-1,1.0,1.0,-1.0,0.0,-0.3333333333333333,0.135,-1,-1,-1,0.356862745098039,0.694117647058824,0.803921568627451
131.4047725200653,0.0,0.011363422653930469,0.03,1,1,1,0.0,0.3333333333333333,0.135,-1,-1,-1,1.0,1.0,-1.0,0.0,-0.3333333333333333,0.135,-1,-1,-1,0.356862745098039,0.694117647058824,0.803921568627451
131.4397838115692,0.0,0.012817467150401668,0.03,1,1,1,0.0,0.3333333333333333,0.135,-1,-1,-1,1.0,1.0,-1.0,0.0,-0.3333333333333333,0.135,-1,-1,-1,0.356862745098039,0.694117647058824,0.803921568627451
131.47363424301147,0.0,0.014271511646872867,0.03,1,1,1,0.0,0.3333333333333333,0.135,-1,-1,-1,1.0,1.0,-1.0,0.0,-0.3333333333333333,0.135,-1,-1,-1,0.356862745098039,0.694117647058824,0.803921568627451
131.50839757919312,0.0,0.01572555614334407,0.03,1,1,1,0.0,0.3333333333333333,0.135,-1,-1,-1,1.0,1.0,-1.0,0.0,-0.3333333333333333,0.135,-1,-1,-1,0.356862745098039,0.694117647058824,0.803921568627451
131.54268503189087,0.0,0.01717960063981527,0.03,1,1,1,0.0,0.3333333333333333,0.135,-1,-1,-1,1.0,1.0,-1.0,0.0,-0.3333333333333333,0.135,-1,-1,-1,0.356862745098039,0.694117647058824,0.803921568627451
131.5869755744934,0.0,0.01863364513628647,0.03,1,1,1,0.0,0.3333333333333333,0.135,-1,-1,-1,1.0,1.0,-1.0,0.0,-0.3333333333333333,0.135,-1,-1,-1,0.356862745098039,0.694117647058824,0.803921568627451
131.62086033821106,0.0,0.020087689632757668,0.03,1,1,1,0.0,0.3333333333333333,0.135,-1,-1,-1,1.0,1.0,-1.0,0.0,-0.3333333333333333,0.135,-1,-1,-1,0.356862745098039,0.694117647058824,0.803921568627451
131.65404653549194,0.0,0.021541734129228867,0.03,1,1,1,0.0,0.3333333333333333,0.135,-1,-1,-1,1.0,1.0,-1.0,0.0,-0.3333333333333333,0.135,-1,-1,-1,0.356862745098039,0.694117647058824,0.803921568627451
131.68903732299805,0.0,0.022995778625700066,0.03,1,1,1,0.0,0.3333333333333333,0.135,-1,-1,-1,1.0,1.0,-1.0,0.0,-0.3333333333333333,0.135,-1,-1,-1,0.356862745098039,0.694117647058824,0.803921568627451
131.72382044792175,0.0,0.024449823122171265,0.03,1,1,1,0.0,0.3333333333333333,0.135,-1,-1,-1,1.0,1.0,-1.0,0.0,-0.3333333333333333,0.135,-1,-1,-1,0.356862745098039,0.694117647058824,0.803921568627451
131.75834274291992,0.0,0.025903867618642464,0.03,1,1,1,0.0,0.3333333333333333,0.135,-1,-1,-1,1.0,1.0,-1.0,0.0,-0.3333333333333333,0.135,-1,-1,-1,0.356862745098039,0.694117647058824,0.803921568627451
131.79974699020386,0.0,0.027357912115113663,0.03,1,1,1,0.0,0.3333333333333333,0.135,-1,-1,-1,1.0,1.0,-1.0,0.0,-0.3333333333333333,0.135,-1,-1,-1,0.356862745098039,0.694117647058824,0.803921568627451
131.83483123779297,0.0,0.028811956611584862,0.03,1,1,1,0.0,0.3333333333333333,0.135,-1,-1,-1,1.0,1.0,-1.0,0.0,-0.3333333333333333,0.135,-1,-1,-1,0.356862745098039,0.694117647058824,0.803921568627451
131.86951231956482,0.0,0.03026600110805607,0.03,1,1,1,0.0,0.3333333333333333,0.135,-1,-1,-1,1.0,1.0,-1.0,0.0,-0.3333333333333333,0.135,-1,-1,-1,0.356862745098039,0.694117647058824,0.803921568627451
131.90385842323303,0.0,0.03172004560452727,0.03,1,1,1,0.0,0.3333333333333333,0.135,-1,-1,-1,1.0,1.0,-1.0,0.0,-0.3333333333333333,0.135,-1,-1,-1,0.356862745098039,0.694117647058824,0.803921568627451
131.93881106376648,0.0,0.03317409010099847,0.03,1,1,1,0.0,0.3333333333333333,0.135,-1,-1,-1,1.0,1.0,-1.0,0.0,-0.3333333333333333,0.135,-1,-1,-1,0.356862745098039,0.694117647058824,0.803921568627451
131.98056936264038,0.0,0.03462813459746967,0.03,1,1,1,0.0,0.3333333333333333,0.135,-1,-1,-1,1.0,1.0,-1.0,0.0,-0.3333333333333333,0.135,-1,-1,-1,0.356862745098039,0.694117647058824,0.803921568627451
132.01531958580017,0.0,0.03608217909394087,0.03,1,1,1,0.0,0.3333333333333333,0.135,-1,-1,-1,1.0,1.0,-1.0,0.0,-0.3333333333333333,0.135,-1,-1,-1,0.356862745098039,0.694117647058824,0.803921568627451
132.04987812042236,0.0,0.03753622359041207,0.03,1,1,1,0.0,0.3333333333333333,0.135,-1,-1,-1,1.0,1.0,-1.0,0.0,-0.3333333333333333,0.135,-1,-1,-1,0.356862745098039,0.694117647058824,0.803921568627451
132.08894443511963,0.0,0.038990268086883266,0.03,1,1,1,0.0,0.3333333333333333,0.135,-1,-1,-1,1.0,1.0,-1.0,0.0,-0.3333333333333333,0.135,-1,-1,-1,0.356862745098039,0.694117647058824,0.803921568627451
132.12265419960022,0.0,0.040444312583354465,0.03,1,1,1,0.0,0.3333333333333333,0.135,-1,-1,-1,1.0,1.0,-1.0,0.0,-0.3333333333333333,0.135,-1,-1,-1,0.356862745098039,0.694117647058824,0.803921568627451
132.1578688621521,0.0,0.041898357079825664,0.03,1,1,1,0.0,0.3333333333333333,0.135,-1,-1,-1,1.0,1.0,-1.0,0.0,-0.3333333333333333,0.135,-1,-1,-1,0.356862745098039,0.694117647058824,0.803921568627451
132.1963710784912,0.0,0.04335240157629686,0.03,1,1,1,0.0,0.3333333333333333,0.135,-1,-1,-1,1.0,1.0,-1.0,0.0,-0.3333333333333333,0.135,-1,-1,-1,0.356862745098039,0.694117647058824,0.803921568627451
132.23112726211548,0.0,0.04524092344192028,0.03,1,1,1,0.0,0.3333333333333333,0.135,-1,-1,-1,1.0,1.0,-1.0,0.0,-0.3333333333333333,0.135,-1,-1,-1,0.356862745098039,0.694117647058824,0.803921568627451
132.26537322998047,0.0,0.04886735478415257,0.03,1,1,1,0.0,0.3333333333333333,0.135,-1,-1,-1,1.0,1.0,-1.0,0.0,-0.3333333333333333,0.135,-1,-1,-1,0.356862745098039,0.694117647058824,0.803921568627451
132.32127451896667,0.0,0.05249378612638486,0.03,1,1,1,0.0,0.3333333333333333,0.135,-1,-1,-1,1.0,1.0,-1.0,0.0,-0.3333333333333333,0.135,-1,-1,-1,0.356862745098039,0.694117647058824,0.803921568627451
132.3556671142578,0.0,0.05612021746861715,0.03,1,1,1,0.0,0.3333333333333333,0.135,-1,-1,-1,1.0,1.0,-1.0,0.0,-0.3333333333333333,0.135,-1,-1,-1,0.356862745098039,0.694117647058824,0.803921568627451
132.40032172203064,0.0,0.05974664881084944,0.03,1,1,1,0.0,0.3333333333333333,0.135,-1,-1,-1,1.0,1.0,-1.0,0.0,-0.3333333333333333,0.135,-1,-1,-1,0.356862745098039,0.694117647058824,0.803921568627451
132.43338823318481,0.0,0.06337308015308174,0.03,1,1,1,0.0,0.3333333333333333,0.135,-1,-1,-1,1.0,1.0,-1.0,0.0,-0.3333333333333333,0.135,-1,-1,-1,0.356862745098039,0.694117647058824,0.803921568627451
132.4664750099182,0.0,0.06699951149531407,0.03,1,1,1,0.0,0.3333333333333333,0.135,-1,-1,-1,1.0,1.0,-1.0,0.0,-0.3333333333333333,0.135,-1,-1,-1,0.356862745098039,0.694117647058824,0.803921568627451
132.50093913078308,0.0,0.07062594283754639,0.03,1,1,1,0.0,0.3333333333333333,0.135,-1,-1,-1,1.0,1.0,-1.0,0.0,-0.3333333333333333,0.135,-1,-1,-1,0.356862745098039,0.694117647058824,0.803921568627451
132.53583359718323,0.0,0.07425237417977872,0.03,1,1,1,0.0,0.3333333333333333,0.135,-1,-1,-1,1.0,1.0,-1.0,0.0,-0.3333333333333333,0.135,-1,-1,-1,0.356862745098039,0.694117647058824,0.803921568627451
132.5779414176941,0.0,0.07787880552201104,0.03,1,1,1,0.0,0.3333333333333333,0.135,-1,-1,-1,1.0,1.0,-1.0,0.0,-0.3333333333333333,0.135,-1,-1,-1,0.356862745098039,0.694117647058824,0.803921568627451
132.61265230178833,0.0,0.08150523686424337,0.03,1,1,1,0.0,0.3333333333333333,0.135,-1,-1,-1,1.0,1.0,-1.0,0.0,-0.3333333333333333,0.135,-1,-1,-1,0.356862745098039,0.694117647058824,0.803921568627451
132.64690446853638,0.0,0.08513166820647569,0.03,1,1,1,0.0,0.3333333333333333,0.135,-1,-1,-1,1.0,1.0,-1.0,0.0,-0.3333333333333333,0.135,-1,-1,-1,0.356862745098039,0.694117647058824,0.803921568627451
132.68240118026733,0.0,0.08875809954870802,0.03,1,1,1,0.0,0.3333333333333333,0.135,-1,-1,-1,1.0,1.0,-1.0,0.0,-0.3333333333333333,0.135,-1,-1,-1,0.356862745098039,0.694117647058824,0.803921568627451
132.717054605484,0.0,0.09238453089094034,0.03,1,1,1,0.0,0.3333333333333333,0.135,-1,-1,-1,1.0,1.0,-1.0,0.0,-0.3333333333333333,0.135,-1,-1,-1,0.356862745098039,0.694117647058824,0.803921568627451
132.7589292526245,0.0,0.09601096223317267,0.03,1,1,1,0.0,0.3333333333333333,0.135,-1,-1,-1,1.0,1.0,-1.0,0.0,-0.3333333333333333,0.135,-1,-1,-1,0.356862745098039,0.694117647058824,0.803921568627451
132.80127453804016,0.0,0.09963739357540499,0.03,1,1,1,0.0,0.3333333333333333,0.135,-1,-1,-1,1.0,1.0,-1.0,0.0,-0.3333333333333333,0.135,-1,-1,-1,0.356862745098039,0.694117647058824,0.803921568627451
132.83477520942688,0.0,0.10326382491763732,0.03,1,1,1,0.0,0.3333333333333333,0.135,-1,-1,-1,1.0,1.0,-1.0,0.0,-0.3333333333333333,0.135,-1,-1,-1,0.356862745098039,0.694117647058824,0.803921568627451
132.8709752559662,0.0,0.10689025625986964,0.03,1,1,1,0.0,0.3333333333333333,0.135,-1,-1,-1,1.0,1.0,-1.0,0.0,-0.3333333333333333,0.135,-1,-1,-1,0.356862745098039,0.694117647058824,0.803921568627451
132.90518927574158,0.0,0.11051668760210197,0.03,1,1,1,0.0,0.3333333333333333,0.135,-1,-1,-1,1.0,1.0,-1.0,0.0,-0.3333333333333333,0.135,-1,-1,-1,0.356862745098039,0.694117647058824,0.803921568627451
132.93933606147766,0.0,0.1141431189443343,0.03,1,1,1,0.0,0.3333333333333333,0.135,-1,-1,-1,1.0,1.0,-1.0,0.0,-0.3333333333333333,0.135,-1,-1,-1,0.356862745098039,0.694117647058824,0.803921568627451
132.98104643821716,0.0,0.11776955028656662,0.03,1,1,1,0.0,0.3333333333333333,0.135,-1,-1,-1,1.0,1.0,-1.0,0.0,-0.3333333333333333,0.135,-1,-1,-1,0.356862745098039,0.694117647058824,0.803921568627451
133.01567220687866,0.0,0.12139598162879892,0.03,1,1,1,0.0,0.3333333333333333,0.135,-1,-1,-1,1.0,1.0,-1.0,0.0,-0.3333333333333333,0.135,-1,-1,-1,0.356862745098039,0.694117647058824,0.803921568627451
133.05042505264282,0.0,0.12502241297103123,0.03,1,1,1,0.0,0.3333333333333333,0.135,-1,-1,-1,1.0,1.0,-1.0,0.0,-0.3333333333333333,0.135,-1,-1,-1,0.356862745098039,0.694117647058824,0.803921568627451
133.08484840393066,0.0,0.12864884431326348,0.03,1,1,1,0.0,0.3333333333333333,0.135,-1,-1,-1,1.0,1.0,-1.0,0.0,-0.3333333333333333,0.135,-1,-1,-1,0.356862745098039,0.694117647058824,0.803921568627451
133.11972641944885,0.0,0.13227527565549574,0.03,1,1,1,0.0,0.3333333333333333,0.135,-1,-1,-1,1.0,1.0,-1.0,0.0,-0.3333333333333333,0.135,-1,-1,-1,0.356862745098039,0.694117647058824,0.803921568627451
133.16142773628235,0.0,0.135901706997728,0.03,1,1,1,0.0,0.3333333333333333,0.135,-1,-1,-1,1.0,1.0,-1.0,0.0,-0.3333333333333333,0.135,-1,-1,-1,0.356862745098039,0.694117647058824,0.803921568627451
133.1963517665863,0.0,0.13952813833996025,0.03,1,1,1,0.0,0.3333333333333333,0.135,-1,-1,-1,1.0,1.0,-1.0,0.0,-0.3333333333333333,0.135,-1,-1,-1,0.356862745098039,0.694117647058824,0.803921568627451
133.23153614997864,0.0,0.1431545696821925,0.03,1,1,1,0.0,0.3333333333333333,0.135,-1,-1,-1,1.0,1.0,-1.0,0.0,-0.3333333333333333,0.135,-1,-1,-1,0.356862745098039,0.694117647058824,0.803921568627451
133.27095079421997,0.0,0.14678100102442476,0.03,1,1,1,0.0,0.3333333333333333,0.135,-1,-1,-1,1.0,1.0,-1.0,0.0,-0.3333333333333333,0.135,-1,-1,-1,0.356862745098039,0.694117647058824,0.803921568627451
133.3049600124359,0.0,0.15040743236665702,0.03,1,1,1,0.0,0.3333333333333333,0.135,-1,-1,-1,1.0,1.0,-1.0,0.0,-0.3333333333333333,0.135,-1,-1,-1,0.356862745098039,0.694117647058824,0.803921568627451
133.34240889549255,0.0,0.15403386370888927,0.03,1,1,1,0.0,0.3333333333333333,0.135,-1,-1,-1,1.0,1.0,-1.0,0.0,-0.3333333333333333,0.135,-1,-1,-1,0.356862745098039,0.694117647058824,0.803921568627451
133.39163994789124,0.0,0.15766029505112153,0.03,1,1,1,0.0,0.3333333333333333,0.135,-1,-1,-1,1.0,1.0,-1.0,0.0,-0.3333333333333333,0.135,-1,-1,-1,0.356862745098039,0.694117647058824,0.803921568627451
133.42574048042297,0.0,0.16128672639335379,0.03,1,1,1,0.0,0.3333333333333333,0.135,-1,-1,-1,1.0,1.0,-1.0,0.0,-0.3333333333333333,0.135,-1,-1,-1,0.356862745098039,0.694117647058824,0.803921568627451
133.46043825149536,0.0,0.16282537967875008,0.03,1,1,1,0.0,0.3333333333333333,0.135,-1,-1,-1,1.0,1.0,-1.0,0.0,-0.3333333333333333,0.135,-1,-1,-1,0.356862745098039,0.694117647058824,0.803921568627451
133.49522471427917,0.0,0.16436403296414637,0.03,1,1,1,0.0,0.3333333333333333,0.135,-1,-1,-1,1.0,1.0,-1.0,0.0,-0.3333333333333333,0.135,-1,-1,-1,0.356862745098039,0.694117647058824,0.803921568627451
133.53744888305664,0.0,0.16590268624954266,0.03,1,1,1,0.0,0.3333333333333333,0.135,-1,-1,-1,1.0,1.0,-1.0,0.0,-0.3333333333333333,0.135,-1,-1,-1,0.356862745098039,0.694117647058824,0.803921568627451
133.5732672214508,0.0,0.16744133953493895,0.03,1,1,1,0.0,0.3333333333333333,0.135,-1,-1,-1,1.0,1.0,-1.0,0.0,-0.3333333333333333,0.135,-1,-1,-1,0.356862745098039,0.694117647058824,0.803921568627451
133.6064167022705,0.0,0.16897999282033524,0.03,1,1,1,0.0,0.3333333333333333,0.135,-1,-1,-1,1.0,1.0,-1.0,0.0,-0.3333333333333333,0.135,-1,-1,-1,0.356862745098039,0.694117647058824,0.803921568627451
133.64324378967285,0.0,0.17051864610573153,0.03,1,1,1,0.0,0.3333333333333333,0.135,-1,-1,-1,1.0,1.0,-1.0,0.0,-0.3333333333333333,0.135,-1,-1,-1,0.356862745098039,0.694117647058824,0.803921568627451
133.67720866203308,0.0,0.17205729939112782,0.03,1,1,1,0.0,0.3333333333333333,0.135,-1,-1,-1,1.0,1.0,-1.0,0.0,-0.3333333333333333,0.135,-1,-1,-1,0.356862745098039,0.694117647058824,0.803921568627451
133.72501468658447,0.0,0.1735959526765241,0.03,1,1,1,0.0,0.3333333333333333,0.135,-1,-1,-1,1.0,1.0,-1.0,0.0,-0.3333333333333333,0.135,-1,-1,-1,0.356862745098039,0.694117647058824,0.803921568627451
133.75947046279907,0.0,0.1751346059619204,0.03,1,1,1,0.0,0.3333333333333333,0.135,-1,-1,-1,1.0,1.0,-1.0,0.0,-0.3333333333333333,0.135,-1,-1,-1,0.356862745098039,0.694117647058824,0.803921568627451
133.79419445991516,0.0,0.1766732592473167,0.03,1,1,1,0.0,0.3333333333333333,0.135,-1,-1,-1,1.0,1.0,-1.0,0.0,-0.3333333333333333,0.135,-1,-1,-1,0.356862745098039,0.694117647058824,0.803921568627451
133.82898831367493,0.0,0.17821191253271298,0.03,1,1,1,0.0,0.3333333333333333,0.135,-1,-1,-1,1.0,1.0,-1.0,0.0,-0.3333333333333333,0.135,-1,-1,-1,0.356862745098039,0.694117647058824,0.803921568627451
133.87356805801392,0.0,0.17975056581810928,0.03,1,1,1,0.0,0.3333333333333333,0.135,-1,-1,-1,1.0,1.0,-1.0,0.0,-0.3333333333333333,0.135,-1,-1,-1,0.356862745098039,0.694117647058824,0.803921568627451
133.9124903678894,0.0,0.18128921910350557,0.03,1,1,1,0.0,0.3333333333333333,0.135,-1,-1,-1,1.0,1.0,-1.0,0.0,-0.3333333333333333,0.135,-1,-1,-1,0.356862745098039,0.694117647058824,0.803921568627451
133.9474139213562,0.0,0.18282787238890186,0.03,1,1,1,0.0,0.3333333333333333,0.135,-1,-1,-1,1.0,1.0,-1.0,0.0,-0.3333333333333333,0.135,-1,-1,-1,0.356862745098039,0.694117647058824,0.803921568627451
133.98184180259705,0.0,0.18436652567429815,0.03,1,1,1,0.0,0.3333333333333333,0.135,-1,-1,-1,1.0,1.0,-1.0,0.0,-0.3333333333333333,0.135,-1,-1,-1,0.356862745098039,0.694117647058824,0.803921568627451
134.02338671684265,0.0,0.18590517895969444,0.03,1,1,1,0.0,0.3333333333333333,0.135,-1,-1,-1,1.0,1.0,-1.0,0.0,-0.3333333333333333,0.135,-1,-1,-1,0.356862745098039,0.694117647058824,0.803921568627451
134.0646035671234,0.0,0.18744383224509073,0.03,1,1,1,0.0,0.3333333333333333,0.135,-1,-1,-1,1.0,1.0,-1.0,0.0,-0.3333333333333333,0.135,-1,-1,-1,0.356862745098039,0.694117647058824,0.803921568627451
134.09925079345703,0.0,0.18898248553048702,0.03,1,1,1,0.0,0.3333333333333333,0.135,-1,-1,-1,1.0,1.0,-1.0,0.0,-0.3333333333333333,0.135,-1,-1,-1,0.356862745098039,0.694117647058824,0.803921568627451
134.1341474056244,0.0,0.1905211388158833,0.03,1,1,1,0.0,0.3333333333333333,0.135,-1,-1,-1,1.0,1.0,-1.0,0.0,-0.3333333333333333,0.135,-1,-1,-1,0.356862745098039,0.694117647058824,0.803921568627451
134.1686201095581,0.0,0.1920597921012796,0.03,1,1,1,0.0,0.3333333333333333,0.135,-1,-1,-1,1.0,1.0,-1.0,0.0,-0.3333333333333333,0.135,-1,-1,-1,0.356862745098039,0.694117647058824,0.803921568627451
134.20795059204102,0.0,0.1935984453866759,0.03,1,1,1,0.0,0.3333333333333333,0.135,-1,-1,-1,1.0,1.0,-1.0,0.0,-0.3333333333333333,0.135,-1,-1,-1,0.356862745098039,0.694117647058824,0.803921568627451
134.24261474609375,0.0,0.19513709867207218,0.03,1,1,1,0.0,0.3333333333333333,0.135,-1,-1,-1,1.0,1.0,-1.0,0.0,-0.3333333333333333,0.135,-1,-1,-1,0.356862745098039,0.694117647058824,0.803921568627451
134.28046941757202,0.0,0.19667575195746848,0.03,1,1,1,0.0,0.3333333333333333,0.135,-1,-1,-1,1.0,1.0,-1.0,0.0,-0.3333333333333333,0.135,-1,-1,-1,0.356862745098039,0.694117647058824,0.803921568627451
134.32204365730286,0.0,0.19821440524286477,0.03,1,1,1,0.0,0.3333333333333333,0.135,-1,-1,-1,1.0,1.0,-1.0,0.0,-0.3333333333333333,0.135,-1,-1,-1,0.356862745098039,0.694117647058824,0.803921568627451
134.35684251785278,0.0,0.19975305852826106,0.03,1,1,1,0.0,0.3333333333333333,0.135,-1,-1,-1,1.0,1.0,-1.0,0.0,-0.3333333333333333,0.135,-1,-1,-1,0.356862745098039,0.694117647058824,0.803921568627451
134.3917019367218,0.0,0.20129171181365735,0.03,1,1,1,0.0,0.3333333333333333,0.135,-1,-1,-1,1.0,1.0,-1.0,0.0,-0.3333333333333333,0.135,-1,-1,-1,0.356862745098039,0.694117647058824,0.803921568627451
134.43306612968445,0.0,0.20283036509905364,0.03,1,1,1,0.0,0.3333333333333333,0.135,-1,-1,-1,1.0,1.0,-1.0,0.0,-0.3333333333333333,0.135,-1,-1,-1,0.356862745098039,0.694117647058824,0.803921568627451
134.4790403842926,0.0,0.20436901838444993,0.03,1,1,1,0.0,0.3333333333333333,0.135,-1,-1,-1,1.0,1.0,-1.0,0.0,-0.3333333333333333,0.135,-1,-1,-1,0.356862745098039,0.694117647058824,0.803921568627451
134.51594805717468,0.0,0.20590767166984622,0.03,1,1,1,0.0,0.3333333333333333,0.135,-1,-1,-1,1.0,1.0,-1.0,0.0,-0.3333333333333333,0.135,-1,-1,-1,0.356862745098039,0.694117647058824,0.803921568627451
134.5499346256256,0.0,0.2074463249552425,0.03,1,1,1,0.0,0.3333333333333333,0.135,-1,-1,-1,1.0,1.0,-1.0,0.0,-0.3333333333333333,0.135,-1,-1,-1,0.356862745098039,0.694117647058824,0.803921568627451
134.58550643920898,0.0,0.2089849782406388,0.03,1,1,1,0.0,0.3333333333333333,0.135,-1,-1,-1,1.0,1.0,-1.0,0.0,-0.3333333333333333,0.135,-1,-1,-1,0.356862745098039,0.694117647058824,0.803921568627451
134.61979508399963,0.0,0.2105236315260351,0.03,1,1,1,0.0,0.3333333333333333,0.135,-1,-1,-1,1.0,1.0,-1.0,0.0,-0.3333333333333333,0.135,-1,-1,-1,0.356862745098039,0.694117647058824,0.803921568627451
134.66252088546753,0.0,0.20994161578694323,0.03,1,1,1,0.0,0.3333333333333333,0.135,-1,-1,-1,1.0,1.0,-1.0,0.0,-0.3333333333333333,0.135,-1,-1,-1,0.356862745098039,0.694117647058824,0.803921568627451
134.69684481620789,0.0,0.20882943279172933,0.03,1,1,1,0.0,0.3333333333333333,0.135,-1,-1,-1,1.0,1.0,-1.0,0.0,-0.3333333333333333,0.135,-1,-1,-1,0.356862745098039,0.694117647058824,0.803921568627451
134.73109245300293,0.0,0.20771724979651543,0.03,1,1,1,0.0,0.3333333333333333,0.135,-1,-1,-1,1.0,1.0,-1.0,0.0,-0.3333333333333333,0.135,-1,-1,-1,0.356862745098039,0.694117647058824,0.803921568627451
134.7658498287201,0.0,0.20660506680130153,0.03,1,1,1,0.0,0.3333333333333333,0.135,-1,-1,-1,1.0,1.0,-1.0,0.0,-0.3333333333333333,0.135,-1,-1,-1,0.356862745098039,0.694117647058824,0.803921568627451
134.80069303512573,0.0,0.20549288380608763,0.03,1,1,1,0.0,0.3333333333333333,0.135,-1,-1,-1,1.0,1.0,-1.0,0.0,-0.3333333333333333,0.135,-1,-1,-1,0.356862745098039,0.694117647058824,0.803921568627451
134.83542704582214,0.0,0.20438070081087373,0.03,1,1,1,0.0,0.3333333333333333,0.135,-1,-1,-1,1.0,1.0,-1.0,0.0,-0.3333333333333333,0.135,-1,-1,-1,0.356862745098039,0.694117647058824,0.803921568627451
134.87840366363525,0.0,0.20326851781565983,0.03,1,1,1,0.0,0.3333333333333333,0.135,-1,-1,-1,1.0,1.0,-1.0,0.0,-0.3333333333333333,0.135,-1,-1,-1,0.356862745098039,0.694117647058824,0.803921568627451
134.91236519813538,0.0,0.20215633482044593,0.03,1,1,1,0.0,0.3333333333333333,0.135,-1,-1,-1,1.0,1.0,-1.0,0.0,-0.3333333333333333,0.135,-1,-1,-1,0.356862745098039,0.694117647058824,0.803921568627451
134.94669103622437,0.0,0.20104415182523203,0.03,1,1,1,0.0,0.3333333333333333,0.135,-1,-1,-1,1.0,1.0,-1.0,0.0,-0.3333333333333333,0.135,-1,-1,-1,0.356862745098039,0.694117647058824,0.803921568627451
134.98129034042358,0.0,0.19993196883001813,0.03,1,1,1,0.0,0.3333333333333333,0.135,-1,-1,-1,1.0,1.0,-1.0,0.0,-0.3333333333333333,0.135,-1,-1,-1,0.356862745098039,0.694117647058824,0.803921568627451
135.01610136032104,0.0,0.19881978583480422,0.03,1,1,1,0.0,0.3333333333333333,0.135,-1,-1,-1,1.0,1.0,-1.0,0.0,-0.3333333333333333,0.135,-1,-1,-1,0.356862745098039,0.694117647058824,0.803921568627451
135.05053114891052,0.0,0.19770760283959032,0.03,1,1,1,0.0,0.3333333333333333,0.135,-1,-1,-1,1.0,1.0,-1.0,0.0,-0.3333333333333333,0.135,-1,-1,-1,0.356862745098039,0.694117647058824,0.803921568627451
135.09264588356018,0.0,0.19659541984437642,0.03,1,1,1,0.0,0.3333333333333333,0.135,-1,-1,-1,1.0,1.0,-1.0,0.0,-0.3333333333333333,0.135,-1,-1,-1,0.356862745098039,0.694117647058824,0.803921568627451
135.12724232673645,0.0,0.19548323684916252,0.03,1,1,1,0.0,0.3333333333333333,0.135,-1,-1,-1,1.0,1.0,-1.0,0.0,-0.3333333333333333,0.135,-1,-1,-1,0.356862745098039,0.694117647058824,0.803921568627451
135.16161966323853,0.0,0.19437105385394862,0.03,1,1,1,0.0,0.3333333333333333,0.135,-1,-1,-1,1.0,1.0,-1.0,0.0,-0.3333333333333333,0.135,-1,-1,-1,0.356862745098039,0.694117647058824,0.803921568627451
135.19665050506592,0.0,0.19325887085873472,0.03,1,1,1,0.0,0.3333333333333333,0.135,-1,-1,-1,1.0,1.0,-1.0,0.0,-0.3333333333333333,0.135,-1,-1,-1,0.356862745098039,0.694117647058824,0.803921568627451
135.23818039894104,0.0,0.19214668786352082,0.03,1,1,1,0.0,0.3333333333333333,0.135,-1,-1,-1,1.0,1.0,-1.0,0.0,-0.3333333333333333,0.135,-1,-1,-1,0.356862745098039,0.694117647058824,0.803921568627451
135.27283096313477,0.0,0.19103450486830692,0.03,1,1,1,0.0,0.3333333333333333,0.135,-1,-1,-1,1.0,1.0,-1.0,0.0,-0.3333333333333333,0.135,-1,-1,-1,0.356862745098039,0.694117647058824,0.803921568627451
135.30779767036438,0.0,0.18992232187309302,0.03,1,1,1,0.0,0.3333333333333333,0.135,-1,-1,-1,1.0,1.0,-1.0,0.0,-0.3333333333333333,0.135,-1,-1,-1,0.356862745098039,0.694117647058824,0.803921568627451
135.34626531600952,0.0,0.18881013887787912,0.03,1,1,1,0.0,0.3333333333333333,0.135,-1,-1,-1,1.0,1.0,-1.0,0.0,-0.3333333333333333,0.135,-1,-1,-1,0.356862745098039,0.694117647058824,0.803921568627451
135.38123989105225,0.0,0.18769795588266522,0.03,1,1,1,0.0,0.3333333333333333,0.135,-1,-1,-1,1.0,1.0,-1.0,0.0,-0.3333333333333333,0.135,-1,-1,-1,0.356862745098039,0.694117647058824,0.803921568627451
135.41624855995178,0.0,0.18658577288745132,0.03,1,1,1,0.0,0.3333333333333333,0.135,-1,-1,-1,1.0,1.0,-1.0,0.0,-0.3333333333333333,0.135,-1,-1,-1,0.356862745098039,0.694117647058824,0.803921568627451
135.45364546775818,0.0,0.18547358989223742,0.03,1,1,1,0.0,0.3333333333333333,0.135,-1,-1,-1,1.0,1.0,-1.0,0.0,-0.3333333333333333,0.135,-1,-1,-1,0.356862745098039,0.694117647058824,0.803921568627451
135.4949231147766,0.0,0.18436140689702352,0.03,1,1,1,0.0,0.3333333333333333,0.135,-1,-1,-1,1.0,1.0,-1.0,0.0,-0.3333333333333333,0.135,-1,-1,-1,0.356862745098039,0.694117647058824,0.803921568627451
135.52979373931885,0.0,0.18324922390180962,0.03,1,1,1,0.0,0.3333333333333333,0.135,-1,-1,-1,1.0,1.0,-1.0,0.0,-0.3333333333333333,0.135,-1,-1,-1,0.356862745098039,0.694117647058824,0.803921568627451
135.5645604133606,0.0,0.18213704090659572,0.03,1,1,1,0.0,0.3333333333333333,0.135,-1,-1,-1,1.0,1.0,-1.0,0.0,-0.3333333333333333,0.135,-1,-1,-1,0.356862745098039,0.694117647058824,0.803921568627451
135.59915137290955,0.0,0.18102485791138181,0.03,1,1,1,0.0,0.3333333333333333,0.135,-1,-1,-1,1.0,1.0,-1.0,0.0,-0.3333333333333333,0.135,-1,-1,-1,0.356862745098039,0.694117647058824,0.803921568627451
135.6405394077301,0.0,0.17991267491616791,0.03,1,1,1,0.0,0.3333333333333333,0.135,-1,-1,-1,1.0,1.0,-1.0,0.0,-0.3333333333333333,0.135,-1,-1,-1,0.356862745098039,0.694117647058824,0.803921568627451
135.67557621002197,0.0,0.178800491920954,0.03,1,1,1,0.0,0.3333333333333333,0.135,-1,-1,-1,1.0,1.0,-1.0,0.0,-0.3333333333333333,0.135,-1,-1,-1,0.356862745098039,0.694117647058824,0.803921568627451
135.71049237251282,0.0,0.1776883089257401,0.03,1,1,1,0.0,0.3333333333333333,0.135,-1,-1,-1,1.0,1.0,-1.0,0.0,-0.3333333333333333,0.135,-1,-1,-1,0.356862745098039,0.694117647058824,0.803921568627451
135.74486708641052,0.0,0.1765761259305262,0.03,1,1,1,0.0,0.3333333333333333,0.135,-1,-1,-1,1.0,1.0,-1.0,0.0,-0.3333333333333333,0.135,-1,-1,-1,0.356862745098039,0.694117647058824,0.803921568627451
135.78316473960876,0.0,0.1754639429353123,0.03,1,1,1,0.0,0.3333333333333333,0.135,-1,-1,-1,1.0,1.0,-1.0,0.0,-0.3333333333333333,0.135,-1,-1,-1,0.356862745098039,0.694117647058824,0.803921568627451
135.81786131858826,0.0,0.1743517599400984,0.03,1,1,1,0.0,0.3333333333333333,0.135,-1,-1,-1,1.0,1.0,-1.0,0.0,-0.3333333333333333,0.135,-1,-1,-1,0.356862745098039,0.694117647058824,0.803921568627451
135.85608291625977,0.0,0.17705906570153548,0.03,1,1,1,0.0,0.3333333333333333,0.135,-1,-1,-1,1.0,1.0,-1.0,0.0,-0.3333333333333333,0.135,-1,-1,-1,0.356862745098039,0.694117647058824,0.803921568627451
135.89819383621216,0.0,0.18231269730073987,0.03,1,1,1,0.0,0.3333333333333333,0.135,-1,-1,-1,1.0,1.0,-1.0,0.0,-0.3333333333333333,0.135,-1,-1,-1,0.356862745098039,0.694117647058824,0.803921568627451
135.9327781200409,0.0,0.18756632889994426,0.03,1,1,1,0.0,0.3333333333333333,0.135,-1,-1,-1,1.0,1.0,-1.0,0.0,-0.3333333333333333,0.135,-1,-1,-1,0.356862745098039,0.694117647058824,0.803921568627451
135.96742749214172,0.0,0.19281996049914865,0.03,1,1,1,0.0,0.3333333333333333,0.135,-1,-1,-1,1.0,1.0,-1.0,0.0,-0.3333333333333333,0.135,-1,-1,-1,0.356862745098039,0.694117647058824,0.803921568627451
136.00196290016174,0.0,0.19807359209835304,0.03,1,1,1,0.0,0.3333333333333333,0.135,-1,-1,-1,1.0,1.0,-1.0,0.0,-0.3333333333333333,0.135,-1,-1,-1,0.356862745098039,0.694117647058824,0.803921568627451
136.0442726612091,0.0,0.20332722369755743,0.03,1,1,1,0.0,0.3333333333333333,0.135,-1,-1,-1,1.0,1.0,-1.0,0.0,-0.3333333333333333,0.135,-1,-1,-1,0.356862745098039,0.694117647058824,0.803921568627451
136.07833456993103,0.0,0.20858085529676182,0.03,1,1,1,0.0,0.3333333333333333,0.135,-1,-1,-1,1.0,1.0,-1.0,0.0,-0.3333333333333333,0.135,-1,-1,-1,0.356862745098039,0.694117647058824,0.803921568627451
136.11310005187988,0.0,0.2138344868959662,0.03,1,1,1,0.0,0.3333333333333333,0.135,-1,-1,-1,1.0,1.0,-1.0,0.0,-0.3333333333333333,0.135,-1,-1,-1,0.356862745098039,0.694117647058824,0.803921568627451
136.15213871002197,0.0,0.2190881184951706,0.03,1,1,1,0.0,0.3333333333333333,0.135,-1,-1,-1,1.0,1.0,-1.0,0.0,-0.3333333333333333,0.135,-1,-1,-1,0.356862745098039,0.694117647058824,0.803921568627451
136.1857190132141,0.0,0.224341750094375,0.03,1,1,1,0.0,0.3333333333333333,0.135,-1,-1,-1,1.0,1.0,-1.0,0.0,-0.3333333333333333,0.135,-1,-1,-1,0.356862745098039,0.694117647058824,0.803921568627451
136.22127175331116,0.0,0.22959538169357938,0.03,1,1,1,0.0,0.3333333333333333,0.135,-1,-1,-1,1.0,1.0,-1.0,0.0,-0.3333333333333333,0.135,-1,-1,-1,0.356862745098039,0.694117647058824,0.803921568627451
136.25914931297302,0.0,0.23484901329278376,0.03,1,1,1,0.0,0.3333333333333333,0.135,-1,-1,-1,1.0,1.0,-1.0,0.0,-0.3333333333333333,0.135,-1,-1,-1,0.356862745098039,0.694117647058824,0.803921568627451
136.29360055923462,0.0,0.24010264489198815,0.03,1,1,1,0.0,0.3333333333333333,0.135,-1,-1,-1,1.0,1.0,-1.0,0.0,-0.3333333333333333,0.135,-1,-1,-1,0.356862745098039,0.694117647058824,0.803921568627451
136.32809495925903,0.0,0.24535627649119257,0.03,1,1,1,0.0,0.3333333333333333,0.135,-1,-1,-1,1.0,1.0,-1.0,0.0,-0.3333333333333333,0.135,-1,-1,-1,0.356862745098039,0.694117647058824,0.803921568627451
136.3633852005005,0.0,0.250609908090397,0.03,1,1,1,0.0,0.3333333333333333,0.135,-1,-1,-1,1.0,1.0,-1.0,0.0,-0.3333333333333333,0.135,-1,-1,-1,0.356862745098039,0.694117647058824,0.803921568627451
136.4059591293335,0.0,0.2558635396896014,0.03,1,1,1,0.0,0.3333333333333333,0.135,-1,-1,-1,1.0,1.0,-1.0,0.0,-0.3333333333333333,0.135,-1,-1,-1,0.356862745098039,0.694117647058824,0.803921568627451
136.44009256362915,0.0,0.2611171712888058,0.03,1,1,1,0.0,0.3333333333333333,0.135,-1,-1,-1,1.0,1.0,-1.0,0.0,-0.3333333333333333,0.135,-1,-1,-1,0.356862745098039,0.694117647058824,0.803921568627451
136.4745180606842,0.0,0.2663708028880102,0.03,1,1,1,0.0,0.3333333333333333,0.135,-1,-1,-1,1.0,1.0,-1.0,0.0,-0.3333333333333333,0.135,-1,-1,-1,0.356862745098039,0.694117647058824,0.803921568627451
136.50945663452148,0.0,0.27162443448721457,0.03,1,1,1,0.0,0.3333333333333333,0.135,-1,-1,-1,1.0,1.0,-1.0,0.0,-0.3333333333333333,0.135,-1,-1,-1,0.356862745098039,0.694117647058824,0.803921568627451
136.54447555541992,0.0,0.27687806608641896,0.03,1,1,1,0.0,0.3333333333333333,0.135,-1,-1,-1,1.0,1.0,-1.0,0.0,-0.3333333333333333,0.135,-1,-1,-1,0.356862745098039,0.694117647058824,0.803921568627451
136.58972454071045,0.0,0.28213169768562335,0.03,1,1,1,0.0,0.3333333333333333,0.135,-1,-1,-1,1.0,1.0,-1.0,0.0,-0.3333333333333333,0.135,-1,-1,-1,0.356862745098039,0.694117647058824,0.803921568627451
136.62750601768494,0.0,0.28738532928482774,0.03,1,1,1,0.0,0.3333333333333333,0.135,-1,-1,-1,1.0,1.0,-1.0,0.0,-0.3333333333333333,0.135,-1,-1,-1,0.356862745098039,0.694117647058824,0.803921568627451
136.66935896873474,0.0,0.29263896088403213,0.03,1,1,1,0.0,0.3333333333333333,0.135,-1,-1,-1,1.0,1.0,-1.0,0.0,-0.3333333333333333,0.135,-1,-1,-1,0.356862745098039,0.694117647058824,0.803921568627451
136.70404362678528,0.0,0.2978925924832365,0.03,1,1,1,0.0,0.3333333333333333,0.135,-1,-1,-1,1.0,1.0,-1.0,0.0,-0.3333333333333333,0.135,-1,-1,-1,0.356862745098039,0.694117647058824,0.803921568627451
136.7389829158783,0.0,0.3031462240824409,0.03,1,1,1,0.0,0.3333333333333333,0.135,-1,-1,-1,1.0,1.0,-1.0,0.0,-0.3333333333333333,0.135,-1,-1,-1,0.356862745098039,0.694117647058824,0.803921568627451
136.7805392742157,0.0,0.3083998556816453,0.03,1,1,1,0.0,0.3333333333333333,0.135,-1,-1,-1,1.0,1.0,-1.0,0.0,-0.3333333333333333,0.135,-1,-1,-1,0.356862745098039,0.694117647058824,0.803921568627451
136.82356929779053,0.0,0.3136534872808497,0.03,1,1,1,0.0,0.3333333333333333,0.135,-1,-1,-1,1.0,1.0,-1.0,0.0,-0.3333333333333333,0.135,-1,-1,-1,0.356862745098039,0.694117647058824,0.803921568627451
136.85697865486145,0.0,0.3189071188800541,0.03,1,1,1,0.0,0.3333333333333333,0.135,-1,-1,-1,1.0,1.0,-1.0,0.0,-0.3333333333333333,0.135,-1,-1,-1,0.356862745098039,0.694117647058824,0.803921568627451
136.89240884780884,0.0,0.32416075047925846,0.03,1,1,1,0.0,0.3333333333333333,0.135,-1,-1,-1,1.0,1.0,-1.0,0.0,-0.3333333333333333,0.135,-1,-1,-1,0.356862745098039,0.694117647058824,0.803921568627451
136.92705059051514,0.0,0.32941438207846285,0.03,1,1,1,0.0,0.3333333333333333,0.135,-1,-1,-1,1.0,1.0,-1.0,0.0,-0.3333333333333333,0.135,-1,-1,-1,0.356862745098039,0.694117647058824,0.803921568627451
136.97506880760193,0.0,0.33361728735782636,0.03,1,1,1,0.0,0.3333333333333333,0.135,-1,-1,-1,1.0,1.0,-1.0,0.0,-0.3333333333333333,0.135,-1,-1,-1,0.356862745098039,0.694117647058824,0.803921568627451
137.01664853096008,0.0,0.33361728735782636,0.03,1,1,1,0.0,0.3333333333333333,0.135,-1,-1,-1,1.0,1.0,-1.0,0.0,-0.3333333333333333,0.135,-1,-1,-1,0.356862745098039,0.694117647058824,0.803921568627451
137.05728244781494,0.0,-0.0006656547097660777,0.03,1,1,1,0.0,0.3333333333333333,0.12150000000000001,1,1,1,1.0,1.0,-1.0,0.0,-0.3333333333333333,0.135,-1,-1,-1,0.356862745098039,0.694117647058824,0.803921568627451
137.0901792049408,0.0,-0.002329791484181272,0.03,1,1,1,0.0,0.3333333333333333,0.12150000000000001,1,1,1,1.0,1.0,-1.0,0.0,-0.3333333333333333,0.135,-1,-1,-1,0.356862745098039,0.694117647058824,0.803921568627451
137.12448263168335,0.0,-0.003993928258596465,0.03,1,1,1,0.0,0.3333333333333333,0.12150000000000001,1,1,1,1.0,1.0,-1.0,0.0,-0.3333333333333333,0.135,-1,-1,-1,0.356862745098039,0.694117647058824,0.803921568627451
137.1629786491394,0.0,-0.005658065033011659,0.03,1,1,1,0.0,0.3333333333333333,0.12150000000000001,1,1,1,1.0,1.0,-1.0,0.0,-0.3333333333333333,0.135,-1,-1,-1,0.356862745098039,0.694117647058824,0.803921568627451
137.20418429374695,0.0,-0.007322201807426852,0.03,1,1,1,0.0,0.3333333333333333,0.12150000000000001,1,1,1,1.0,1.0,-1.0,0.0,-0.3333333333333333,0.135,-1,-1,-1,0.356862745098039,0.694117647058824,0.803921568627451
137.23891758918762,0.0,-0.008986338581842047,0.03,1,1,1,0.0,0.3333333333333333,0.12150000000000001,1,1,1,1.0,1.0,-1.0,0.0,-0.3333333333333333,0.135,-1,-1,-1,0.356862745098039,0.694117647058824,0.803921568627451
137.2736005783081,0.0,-0.01065047535625724,0.03,1,1,1,0.0,0.3333333333333333,0.12150000000000001,1,1,1,1.0,1.0,-1.0,0.0,-0.3333333333333333,0.135,-1,-1,-1,0.356862745098039,0.694117647058824,0.803921568627451
137.30829167366028,0.0,-0.012314612130672434,0.03,1,1,1,0.0,0.3333333333333333,0.12150000000000001,1,1,1,1.0,1.0,-1.0,0.0,-0.3333333333333333,0.135,-1,-1,-1,0.356862745098039,0.694117647058824,0.803921568627451
137.34268760681152,0.0,-0.013978748905087627,0.03,1,1,1,0.0,0.3333333333333333,0.12150000000000001,1,1,1,1.0,1.0,-1.0,0.0,-0.3333333333333333,0.135,-1,-1,-1,0.356862745098039,0.694117647058824,0.803921568627451
137.3847301006317,0.0,-0.01564288567950282,0.03,1,1,1,0.0,0.3333333333333333,0.12150000000000001,1,1,1,1.0,1.0,-1.0,0.0,-0.3333333333333333,0.135,-1,-1,-1,0.356862745098039,0.694117647058824,0.803921568627451
137.4278371334076,0.0,-0.017307022453918023,0.03,1,1,1,0.0,0.3333333333333333,0.12150000000000001,1,1,1,1.0,1.0,-1.0,0.0,-0.3333333333333333,0.135,-1,-1,-1,0.356862745098039,0.694117647058824,0.803921568627451
137.46140146255493,0.0,-0.018971159228333225,0.03,1,1,1,0.0,0.3333333333333333,0.12150000000000001,1,1,1,1.0,1.0,-1.0,0.0,-0.3333333333333333,0.135,-1,-1,-1,0.356862745098039,0.694117647058824,0.803921568627451
137.49607133865356,0.0,-0.020635296002748427,0.03,1,1,1,0.0,0.3333333333333333,0.12150000000000001,1,1,1,1.0,1.0,-1.0,0.0,-0.3333333333333333,0.135,-1,-1,-1,0.356862745098039,0.694117647058824,0.803921568627451
137.53062653541565,0.0,-0.02229943277716363,0.03,1,1,1,0.0,0.3333333333333333,0.12150000000000001,1,1,1,1.0,1.0,-1.0,0.0,-0.3333333333333333,0.135,-1,-1,-1,0.356862745098039,0.694117647058824,0.803921568627451
137.57909154891968,0.0,-0.023963569551578832,0.03,1,1,1,0.0,0.3333333333333333,0.12150000000000001,1,1,1,1.0,1.0,-1.0,0.0,-0.3333333333333333,0.135,-1,-1,-1,0.356862745098039,0.694117647058824,0.803921568627451
137.6132402420044,0.0,-0.025627706325994034,0.03,1,1,1,0.0,0.3333333333333333,0.12150000000000001,1,1,1,1.0,1.0,-1.0,0.0,-0.3333333333333333,0.135,-1,-1,-1,0.356862745098039,0.694117647058824,0.803921568627451
137.6483612060547,0.0,-0.027291843100409236,0.03,1,1,1,0.0,0.3333333333333333,0.12150000000000001,1,1,1,1.0,1.0,-1.0,0.0,-0.3333333333333333,0.135,-1,-1,-1,0.356862745098039,0.694117647058824,0.803921568627451
137.6825864315033,0.0,-0.02895597987482444,0.03,1,1,1,0.0,0.3333333333333333,0.12150000000000001,1,1,1,1.0,1.0,-1.0,0.0,-0.3333333333333333,0.135,-1,-1,-1,0.356862745098039,0.694117647058824,0.803921568627451
137.71778655052185,0.0,-0.030620116649239634,0.03,1,1,1,0.0,0.3333333333333333,0.12150000000000001,1,1,1,1.0,1.0,-1.0,0.0,-0.3333333333333333,0.135,-1,-1,-1,0.356862745098039,0.694117647058824,0.803921568627451
137.760995388031,0.0,-0.03228425342365483,0.03,1,1,1,0.0,0.3333333333333333,0.12150000000000001,1,1,1,1.0,1.0,-1.0,0.0,-0.3333333333333333,0.135,-1,-1,-1,0.356862745098039,0.694117647058824,0.803921568627451
137.7943150997162,0.0,-0.033948390198070034,0.03,1,1,1,0.0,0.3333333333333333,0.12150000000000001,1,1,1,1.0,1.0,-1.0,0.0,-0.3333333333333333,0.135,-1,-1,-1,0.356862745098039,0.694117647058824,0.803921568627451
137.82837200164795,0.0,-0.03561252697248524,0.03,1,1,1,0.0,0.3333333333333333,0.12150000000000001,1,1,1,1.0,1.0,-1.0,0.0,-0.3333333333333333,0.135,-1,-1,-1,0.356862745098039,0.694117647058824,0.803921568627451
137.86379075050354,0.0,-0.03727666374690044,0.03,1,1,1,0.0,0.3333333333333333,0.12150000000000001,1,1,1,1.0,1.0,-1.0,0.0,-0.3333333333333333,0.135,-1,-1,-1,0.356862745098039,0.694117647058824,0.803921568627451
137.89820742607117,0.0,-0.03894080052131564,0.03,1,1,1,0.0,0.3333333333333333,0.12150000000000001,1,1,1,1.0,1.0,-1.0,0.0,-0.3333333333333333,0.135,-1,-1,-1,0.356862745098039,0.694117647058824,0.803921568627451
137.93938660621643,0.0,-0.04060493729573084,0.03,1,1,1,0.0,0.3333333333333333,0.12150000000000001,1,1,1,1.0,1.0,-1.0,0.0,-0.3333333333333333,0.135,-1,-1,-1,0.356862745098039,0.694117647058824,0.803921568627451
137.97421622276306,0.0,-0.042269074070146045,0.03,1,1,1,0.0,0.3333333333333333,0.12150000000000001,1,1,1,1.0,1.0,-1.0,0.0,-0.3333333333333333,0.135,-1,-1,-1,0.356862745098039,0.694117647058824,0.803921568627451
138.00903701782227,0.0,-0.04393321084456125,0.03,1,1,1,0.0,0.3333333333333333,0.12150000000000001,1,1,1,1.0,1.0,-1.0,0.0,-0.3333333333333333,0.135,-1,-1,-1,0.356862745098039,0.694117647058824,0.803921568627451
138.04389810562134,0.0,-0.04559734761897645,0.03,1,1,1,0.0,0.3333333333333333,0.12150000000000001,1,1,1,1.0,1.0,-1.0,0.0,-0.3333333333333333,0.135,-1,-1,-1,0.356862745098039,0.694117647058824,0.803921568627451
138.07836365699768,0.0,-0.04726148439339165,0.03,1,1,1,0.0,0.3333333333333333,0.12150000000000001,1,1,1,1.0,1.0,-1.0,0.0,-0.3333333333333333,0.135,-1,-1,-1,0.356862745098039,0.694117647058824,0.803921568627451
138.1201617717743,0.0,-0.048925621167806854,0.03,1,1,1,0.0,0.3333333333333333,0.12150000000000001,1,1,1,1.0,1.0,-1.0,0.0,-0.3333333333333333,0.135,-1,-1,-1,0.356862745098039,0.694117647058824,0.803921568627451
138.15479350090027,0.0,-0.050589757942222056,0.03,1,1,1,0.0,0.3333333333333333,0.12150000000000001,1,1,1,1.0,1.0,-1.0,0.0,-0.3333333333333333,0.135,-1,-1,-1,0.356862745098039,0.694117647058824,0.803921568627451
138.18966937065125,0.0,-0.05225389471663726,0.03,1,1,1,0.0,0.3333333333333333,0.12150000000000001,1,1,1,1.0,1.0,-1.0,0.0,-0.3333333333333333,0.135,-1,-1,-1,0.356862745098039,0.694117647058824,0.803921568627451
138.22410249710083,0.0,-0.05391803149105246,0.03,1,1,1,0.0,0.3333333333333333,0.12150000000000001,1,1,1,1.0,1.0,-1.0,0.0,-0.3333333333333333,0.135,-1,-1,-1,0.356862745098039,0.694117647058824,0.803921568627451
138.26257133483887,0.0,-0.059177459766452334,0.03,1,1,1,0.0,0.3333333333333333,0.12150000000000001,-1,-1,-1,1.0,1.0,-1.0,0.0,-0.3333333333333333,0.135,-1,-1,-1,0.356862745098039,0.694117647058824,0.803921568627451
138.29757833480835,0.0,-0.06683374904250863,0.03,1,1,1,0.0,0.3333333333333333,0.12150000000000001,-1,-1,-1,1.0,1.0,-1.0,0.0,-0.3333333333333333,0.135,-1,-1,-1,0.356862745098039,0.694117647058824,0.803921568627451
138.33511424064636,0.0,-0.07449003831856492,0.03,1,1,1,0.0,0.3333333333333333,0.12150000000000001,-1,-1,-1,1.0,1.0,-1.0,0.0,-0.3333333333333333,0.135,-1,-1,-1,0.356862745098039,0.694117647058824,0.803921568627451
138.369934797287,0.0,-0.0821463275946212,0.03,1,1,1,0.0,0.3333333333333333,0.12150000000000001,-1,-1,-1,1.0,1.0,-1.0,0.0,-0.3333333333333333,0.135,-1,-1,-1,0.356862745098039,0.694117647058824,0.803921568627451
138.4044873714447,0.0,-0.08980261687067749,0.03,1,1,1,0.0,0.3333333333333333,0.12150000000000001,-1,-1,-1,1.0,1.0,-1.0,0.0,-0.3333333333333333,0.135,-1,-1,-1,0.356862745098039,0.694117647058824,0.803921568627451
138.43921613693237,0.0,-0.09745890614673378,0.03,1,1,1,0.0,0.3333333333333333,0.12150000000000001,-1,-1,-1,1.0,1.0,-1.0,0.0,-0.3333333333333333,0.135,-1,-1,-1,0.356862745098039,0.694117647058824,0.803921568627451
138.47399735450745,0.0,-0.10511519542279006,0.03,1,1,1,0.0,0.3333333333333333,0.12150000000000001,-1,-1,-1,1.0,1.0,-1.0,0.0,-0.3333333333333333,0.135,-1,-1,-1,0.356862745098039,0.694117647058824,0.803921568627451
138.51619172096252,0.0,-0.11277148469884635,0.03,1,1,1,0.0,0.3333333333333333,0.12150000000000001,-1,-1,-1,1.0,1.0,-1.0,0.0,-0.3333333333333333,0.135,-1,-1,-1,0.356862745098039,0.694117647058824,0.803921568627451
138.5509328842163,0.0,-0.12042777397490265,0.03,1,1,1,0.0,0.3333333333333333,0.12150000000000001,-1,-1,-1,1.0,1.0,-1.0,0.0,-0.3333333333333333,0.135,-1,-1,-1,0.356862745098039,0.694117647058824,0.803921568627451
138.5855324268341,0.0,-0.12808406325095895,0.03,1,1,1,0.0,0.3333333333333333,0.12150000000000001,-1,-1,-1,1.0,1.0,-1.0,0.0,-0.3333333333333333,0.135,-1,-1,-1,0.356862745098039,0.694117647058824,0.803921568627451
138.61990118026733,0.0,-0.1357403525270153,0.03,1,1,1,0.0,0.3333333333333333,0.12150000000000001,-1,-1,-1,1.0,1.0,-1.0,0.0,-0.3333333333333333,0.135,-1,-1,-1,0.356862745098039,0.694117647058824,0.803921568627451
138.65482640266418,0.0,-0.14339664180307166,0.03,1,1,1,0.0,0.3333333333333333,0.12150000000000001,-1,-1,-1,1.0,1.0,-1.0,0.0,-0.3333333333333333,0.135,-1,-1,-1,0.356862745098039,0.694117647058824,0.803921568627451
138.68946361541748,0.0,-0.151052931079128,0.03,1,1,1,0.0,0.3333333333333333,0.12150000000000001,-1,-1,-1,1.0,1.0,-1.0,0.0,-0.3333333333333333,0.135,-1,-1,-1,0.356862745098039,0.694117647058824,0.803921568627451
138.73119068145752,0.0,-0.15870922035518437,0.03,1,1,1,0.0,0.3333333333333333,0.12150000000000001,-1,-1,-1,1.0,1.0,-1.0,0.0,-0.3333333333333333,0.135,-1,-1,-1,0.356862745098039,0.694117647058824,0.803921568627451
138.76699566841125,0.0,-0.16636550963124072,0.03,1,1,1,0.0,0.3333333333333333,0.12150000000000001,-1,-1,-1,1.0,1.0,-1.0,0.0,-0.3333333333333333,0.135,-1,-1,-1,0.356862745098039,0.694117647058824,0.803921568627451
138.80051517486572,0.0,-0.17402179890729708,0.03,1,1,1,0.0,0.3333333333333333,0.12150000000000001,-1,-1,-1,1.0,1.0,-1.0,0.0,-0.3333333333333333,0.135,-1,-1,-1,0.356862745098039,0.694117647058824,0.803921568627451
138.8350293636322,0.0,-0.18167808818335343,0.03,1,1,1,0.0,0.3333333333333333,0.12150000000000001,-1,-1,-1,1.0,1.0,-1.0,0.0,-0.3333333333333333,0.135,-1,-1,-1,0.356862745098039,0.694117647058824,0.803921568627451
138.8697052001953,0.0,-0.1893343774594098,0.03,1,1,1,0.0,0.3333333333333333,0.12150000000000001,-1,-1,-1,1.0,1.0,-1.0,0.0,-0.3333333333333333,0.135,-1,-1,-1,0.356862745098039,0.694117647058824,0.803921568627451
138.91898775100708,0.0,-0.19699066673546614,0.03,1,1,1,0.0,0.3333333333333333,0.12150000000000001,-1,-1,-1,1.0,1.0,-1.0,0.0,-0.3333333333333333,0.135,-1,-1,-1,0.356862745098039,0.694117647058824,0.803921568627451
138.95324397087097,0.0,-0.2046469560115225,0.03,1,1,1,0.0,0.3333333333333333,0.12150000000000001,-1,-1,-1,1.0,1.0,-1.0,0.0,-0.3333333333333333,0.135,-1,-1,-1,0.356862745098039,0.694117647058824,0.803921568627451
138.987797498703,0.0,-0.21230324528757885,0.03,1,1,1,0.0,0.3333333333333333,0.12150000000000001,-1,-1,-1,1.0,1.0,-1.0,0.0,-0.3333333333333333,0.135,-1,-1,-1,0.356862745098039,0.694117647058824,0.803921568627451
139.02275252342224,0.0,-0.2199595345636352,0.03,1,1,1,0.0,0.3333333333333333,0.12150000000000001,-1,-1,-1,1.0,1.0,-1.0,0.0,-0.3333333333333333,0.135,-1,-1,-1,0.356862745098039,0.694117647058824,0.803921568627451
139.05710887908936,0.0,-0.22761582383969156,0.03,1,1,1,0.0,0.3333333333333333,0.12150000000000001,-1,-1,-1,1.0,1.0,-1.0,0.0,-0.3333333333333333,0.135,-1,-1,-1,0.356862745098039,0.694117647058824,0.803921568627451
139.10093998908997,0.0,-0.23527211311574792,0.03,1,1,1,0.0,0.3333333333333333,0.12150000000000001,-1,-1,-1,1.0,1.0,-1.0,0.0,-0.3333333333333333,0.135,-1,-1,-1,0.356862745098039,0.694117647058824,0.803921568627451
139.1340138912201,0.0,-0.24292840239180424,0.03,1,1,1,0.0,0.3333333333333333,0.12150000000000001,-1,-1,-1,1.0,1.0,-1.0,0.0,-0.3333333333333333,0.135,-1,-1,-1,0.356862745098039,0.694117647058824,0.803921568627451
139.168851852417,0.0,-0.25058469166786057,0.03,1,1,1,0.0,0.3333333333333333,0.12150000000000001,-1,-1,-1,1.0,1.0,-1.0,0.0,-0.3333333333333333,0.135,-1,-1,-1,0.356862745098039,0.694117647058824,0.803921568627451
139.20290637016296,0.0,-0.2582409809439168,0.03,1,1,1,0.0,0.3333333333333333,0.12150000000000001,-1,-1,-1,1.0,1.0,-1.0,0.0,-0.3333333333333333,0.135,-1,-1,-1,0.356862745098039,0.694117647058824,0.803921568627451
139.2381796836853,0.0,-0.265897270219973,0.03,1,1,1,0.0,0.3333333333333333,0.12150000000000001,-1,-1,-1,1.0,1.0,-1.0,0.0,-0.3333333333333333,0.135,-1,-1,-1,0.356862745098039,0.694117647058824,0.803921568627451
139.2877311706543,0.0,-0.2735535594960292,0.03,1,1,1,0.0,0.3333333333333333,0.12150000000000001,-1,-1,-1,1.0,1.0,-1.0,0.0,-0.3333333333333333,0.135,-1,-1,-1,0.356862745098039,0.694117647058824,0.803921568627451
139.32183122634888,0.0,-0.28120984877208544,0.03,1,1,1,0.0,0.3333333333333333,0.12150000000000001,-1,-1,-1,1.0,1.0,-1.0,0.0,-0.3333333333333333,0.135,-1,-1,-1,0.356862745098039,0.694117647058824,0.803921568627451
139.35649800300598,0.0,-0.28886613804814165,0.03,1,1,1,0.0,0.3333333333333333,0.12150000000000001,-1,-1,-1,1.0,1.0,-1.0,0.0,-0.3333333333333333,0.135,-1,-1,-1,0.356862745098039,0.694117647058824,0.803921568627451
139.3910162448883,0.0,-0.29652242732419787,0.03,1,1,1,0.0,0.3333333333333333,0.12150000000000001,-1,-1,-1,1.0,1.0,-1.0,0.0,-0.3333333333333333,0.135,-1,-1,-1,0.356862745098039,0.694117647058824,0.803921568627451
139.42554688453674,0.0,-0.3041787166002541,0.03,1,1,1,0.0,0.3333333333333333,0.12150000000000001,-1,-1,-1,1.0,1.0,-1.0,0.0,-0.3333333333333333,0.135,-1,-1,-1,0.356862745098039,0.694117647058824,0.803921568627451
139.47161149978638,0.0,-0.30581632405266623,0.03,1,1,1,0.0,0.3333333333333333,0.12150000000000001,-1,-1,-1,1.0,1.0,-1.0,0.0,-0.3333333333333333,0.135,-1,-1,-1,0.356862745098039,0.694117647058824,0.803921568627451
139.5098762512207,0.0,-0.30344147695598234,0.03,1,1,1,0.0,0.3333333333333333,0.12150000000000001,-1,-1,-1,1.0,1.0,-1.0,0.0,-0.3333333333333333,0.135,-1,-1,-1,0.356862745098039,0.694117647058824,0.803921568627451
139.55147981643677,0.0,-0.30106662985929844,0.03,1,1,1,0.0,0.3333333333333333,0.12150000000000001,-1,-1,-1,1.0,1.0,-1.0,0.0,-0.3333333333333333,0.135,-1,-1,-1,0.356862745098039,0.694117647058824,0.803921568627451
139.58646440505981,0.0,-0.29869178276261454,0.03,1,1,1,0.0,0.3333333333333333,0.12150000000000001,-1,-1,-1,1.0,1.0,-1.0,0.0,-0.3333333333333333,0.135,-1,-1,-1,0.356862745098039,0.694117647058824,0.803921568627451
139.6209409236908,0.0,-0.29631693566593065,0.03,1,1,1,0.0,0.3333333333333333,0.12150000000000001,-1,-1,-1,1.0,1.0,-1.0,0.0,-0.3333333333333333,0.135,-1,-1,-1,0.356862745098039,0.694117647058824,0.803921568627451
139.66244983673096,0.0,-0.29394208856924675,0.03,1,1,1,0.0,0.3333333333333333,0.12150000000000001,-1,-1,-1,1.0,1.0,-1.0,0.0,-0.3333333333333333,0.135,-1,-1,-1,0.356862745098039,0.694117647058824,0.803921568627451
139.7058184146881,0.0,-0.29156724147256285,0.03,1,1,1,0.0,0.3333333333333333,0.12150000000000001,-1,-1,-1,1.0,1.0,-1.0,0.0,-0.3333333333333333,0.135,-1,-1,-1,0.356862745098039,0.694117647058824,0.803921568627451
139.7398989200592,0.0,-0.28919239437587896,0.03,1,1,1,0.0,0.3333333333333333,0.12150000000000001,-1,-1,-1,1.0,1.0,-1.0,0.0,-0.3333333333333333,0.135,-1,-1,-1,0.356862745098039,0.694117647058824,0.803921568627451
139.77342581748962,0.0,-0.28681754727919506,0.03,1,1,1,0.0,0.3333333333333333,0.12150000000000001,-1,-1,-1,1.0,1.0,-1.0,0.0,-0.3333333333333333,0.135,-1,-1,-1,0.356862745098039,0.694117647058824,0.803921568627451
139.8105025291443,0.0,-0.28444270018251117,0.03,1,1,1,0.0,0.3333333333333333,0.12150000000000001,-1,-1,-1,1.0,1.0,-1.0,0.0,-0.3333333333333333,0.135,-1,-1,-1,0.356862745098039,0.694117647058824,0.803921568627451
139.84445595741272,0.0,-0.28206785308582727,0.03,1,1,1,0.0,0.3333333333333333,0.12150000000000001,-1,-1,-1,1.0,1.0,-1.0,0.0,-0.3333333333333333,0.135,-1,-1,-1,0.356862745098039,0.694117647058824,0.803921568627451
139.89164423942566,0.0,-0.2796930059891434,0.03,1,1,1,0.0,0.3333333333333333,0.12150000000000001,-1,-1,-1,1.0,1.0,-1.0,0.0,-0.3333333333333333,0.135,-1,-1,-1,0.356862745098039,0.694117647058824,0.803921568627451
139.93329071998596,0.0,-0.2773181588924595,0.03,1,1,1,0.0,0.3333333333333333,0.12150000000000001,-1,-1,-1,1.0,1.0,-1.0,0.0,-0.3333333333333333,0.135,-1,-1,-1,0.356862745098039,0.694117647058824,0.803921568627451
139.97309160232544,0.0,-0.2749433117957756,0.03,1,1,1,0.0,0.3333333333333333,0.12150000000000001,-1,-1,-1,1.0,1.0,-1.0,0.0,-0.3333333333333333,0.135,-1,-1,-1,0.356862745098039,0.694117647058824,0.803921568627451
140.006822347641,0.0,-0.2725684646990917,0.03,1,1,1,0.0,0.3333333333333333,0.12150000000000001,-1,-1,-1,1.0,1.0,-1.0,0.0,-0.3333333333333333,0.135,-1,-1,-1,0.356862745098039,0.694117647058824,0.803921568627451
140.0414686203003,0.0,-0.2701936176024078,0.03,1,1,1,0.0,0.3333333333333333,0.12150000000000001,-1,-1,-1,1.0,1.0,-1.0,0.0,-0.3333333333333333,0.135,-1,-1,-1,0.356862745098039,0.694117647058824,0.803921568627451
140.07951951026917,0.0,-0.2678187705057239,0.03,1,1,1,0.0,0.3333333333333333,0.12150000000000001,-1,-1,-1,1.0,1.0,-1.0,0.0,-0.3333333333333333,0.135,-1,-1,-1,0.356862745098039,0.694117647058824,0.803921568627451
140.12041926383972,0.0,-0.26544392340904,0.03,1,1,1,0.0,0.3333333333333333,0.12150000000000001,-1,-1,-1,1.0,1.0,-1.0,0.0,-0.3333333333333333,0.135,-1,-1,-1,0.356862745098039,0.694117647058824,0.803921568627451
140.15581250190735,0.0,-0.2630690763123561,0.03,1,1,1,0.0,0.3333333333333333,0.12150000000000001,-1,-1,-1,1.0,1.0,-1.0,0.0,-0.3333333333333333,0.135,-1,-1,-1,0.356862745098039,0.694117647058824,0.803921568627451
140.19047665596008,0.0,-0.2606942292156722,0.03,1,1,1,0.0,0.3333333333333333,0.12150000000000001,-1,-1,-1,1.0,1.0,-1.0,0.0,-0.3333333333333333,0.135,-1,-1,-1,0.356862745098039,0.694117647058824,0.803921568627451
140.22484755516052,0.0,-0.2583193821189883,0.03,1,1,1,0.0,0.3333333333333333,0.12150000000000001,-1,-1,-1,1.0,1.0,-1.0,0.0,-0.3333333333333333,0.135,-1,-1,-1,0.356862745098039,0.694117647058824,0.803921568627451
140.259605884552,0.0,-0.2559445350223044,0.03,1,1,1,0.0,0.3333333333333333,0.12150000000000001,-1,-1,-1,1.0,1.0,-1.0,0.0,-0.3333333333333333,0.135,-1,-1,-1,0.356862745098039,0.694117647058824,0.803921568627451
140.30135846138,0.0,-0.2535696879256205,0.03,1,1,1,0.0,0.3333333333333333,0.12150000000000001,-1,-1,-1,1.0,1.0,-1.0,0.0,-0.3333333333333333,0.135,-1,-1,-1,0.356862745098039,0.694117647058824,0.803921568627451
140.34523367881775,0.0,-0.2511948408289366,0.03,1,1,1,0.0,0.3333333333333333,0.12150000000000001,-1,-1,-1,1.0,1.0,-1.0,0.0,-0.3333333333333333,0.135,-1,-1,-1,0.356862745098039,0.694117647058824,0.803921568627451
140.37870931625366,0.0,-0.24881999373225272,0.03,1,1,1,0.0,0.3333333333333333,0.12150000000000001,-1,-1,-1,1.0,1.0,-1.0,0.0,-0.3333333333333333,0.135,-1,-1,-1,0.356862745098039,0.694117647058824,0.803921568627451
140.41332292556763,0.0,-0.24644514663556885,0.03,1,1,1,0.0,0.3333333333333333,0.12150000000000001,-1,-1,-1,1.0,1.0,-1.0,0.0,-0.3333333333333333,0.135,-1,-1,-1,0.356862745098039,0.694117647058824,0.803921568627451
140.4496693611145,0.0,-0.24407029953888495,0.03,1,1,1,0.0,0.3333333333333333,0.12150000000000001,-1,-1,-1,1.0,1.0,-1.0,0.0,-0.3333333333333333,0.135,-1,-1,-1,0.356862745098039,0.694117647058824,0.803921568627451
140.4841434955597,0.0,-0.24169545244220114,0.03,1,1,1,0.0,0.3333333333333333,0.12150000000000001,-1,-1,-1,1.0,1.0,-1.0,0.0,-0.3333333333333333,0.135,-1,-1,-1,0.356862745098039,0.694117647058824,0.803921568627451
140.5228681564331,0.0,-0.23932060534551722,0.03,1,1,1,0.0,0.3333333333333333,0.12150000000000001,-1,-1,-1,1.0,1.0,-1.0,0.0,-0.3333333333333333,0.135,-1,-1,-1,0.356862745098039,0.694117647058824,0.803921568627451
140.557874917984,0.0,-0.23694575824883335,0.03,1,1,1,0.0,0.3333333333333333,0.12150000000000001,-1,-1,-1,1.0,1.0,-1.0,0.0,-0.3333333333333333,0.135,-1,-1,-1,0.356862745098039,0.694117647058824,0.803921568627451
140.59231758117676,0.0,-0.23457091115214945,0.03,1,1,1,0.0,0.3333333333333333,0.12150000000000001,-1,-1,-1,1.0,1.0,-1.0,0.0,-0.3333333333333333,0.135,-1,-1,-1,0.356862745098039,0.694117647058824,0.803921568627451
140.62723183631897,0.0,-0.23219606405546556,0.03,1,1,1,0.0,0.3333333333333333,0.12150000000000001,-1,-1,-1,1.0,1.0,-1.0,0.0,-0.3333333333333333,0.135,-1,-1,-1,0.356862745098039,0.694117647058824,0.803921568627451
140.66224884986877,0.0,-0.23181974492325047,0.03,1,1,1,0.0,0.3333333333333333,0.12150000000000001,-1,-1,-1,1.0,1.0,-1.0,0.0,-0.3333333333333333,0.135,-1,-1,-1,0.356862745098039,0.694117647058824,0.803921568627451
140.70408701896667,0.0,-0.23277577776734792,0.03,1,1,1,0.0,0.3333333333333333,0.12150000000000001,-1,-1,-1,1.0,1.0,-1.0,0.0,-0.3333333333333333,0.135,-1,-1,-1,0.356862745098039,0.694117647058824,0.803921568627451
140.74755191802979,0.0,-0.23373181061144538,0.03,1,1,1,0.0,0.3333333333333333,0.12150000000000001,-1,-1,-1,1.0,1.0,-1.0,0.0,-0.3333333333333333,0.135,-1,-1,-1,0.356862745098039,0.694117647058824,0.803921568627451
140.7804548740387,0.0,-0.23468784345554283,0.03,1,1,1,0.0,0.3333333333333333,0.12150000000000001,-1,-1,-1,1.0,1.0,-1.0,0.0,-0.3333333333333333,0.135,-1,-1,-1,0.356862745098039,0.694117647058824,0.803921568627451
140.81513047218323,0.0,-0.2356438762996403,0.03,1,1,1,0.0,0.3333333333333333,0.12150000000000001,-1,-1,-1,1.0,1.0,-1.0,0.0,-0.3333333333333333,0.135,-1,-1,-1,0.356862745098039,0.694117647058824,0.803921568627451
140.8495852947235,0.0,-0.23659990914373774,0.03,1,1,1,0.0,0.3333333333333333,0.12150000000000001,-1,-1,-1,1.0,1.0,-1.0,0.0,-0.3333333333333333,0.135,-1,-1,-1,0.356862745098039,0.694117647058824,0.803921568627451
140.88364791870117,0.0,-0.23755594198783522,0.03,1,1,1,0.0,0.3333333333333333,0.12150000000000001,-1,-1,-1,1.0,1.0,-1.0,0.0,-0.3333333333333333,0.135,-1,-1,-1,0.356862745098039,0.694117647058824,0.803921568627451
140.9333200454712,0.0,-0.2385119748319327,0.03,1,1,1,0.0,0.3333333333333333,0.12150000000000001,-1,-1,-1,1.0,1.0,-1.0,0.0,-0.3333333333333333,0.135,-1,-1,-1,0.356862745098039,0.694117647058824,0.803921568627451
140.96753406524658,0.0,-0.2394680076760302,0.03,1,1,1,0.0,0.3333333333333333,0.12150000000000001,-1,-1,-1,1.0,1.0,-1.0,0.0,-0.3333333333333333,0.135,-1,-1,-1,0.356862745098039,0.694117647058824,0.803921568627451
141.00178599357605,0.0,-0.2404240405201277,0.03,1,1,1,0.0,0.3333333333333333,0.12150000000000001,-1,-1,-1,1.0,1.0,-1.0,0.0,-0.3333333333333333,0.135,-1,-1,-1,0.356862745098039,0.694117647058824,0.803921568627451
141.03665375709534,0.0,-0.24138007336422518,0.03,1,1,1,0.0,0.3333333333333333,0.12150000000000001,-1,-1,-1,1.0,1.0,-1.0,0.0,-0.3333333333333333,0.135,-1,-1,-1,0.356862745098039,0.694117647058824,0.803921568627451
141.07163214683533,0.0,-0.24233610620832266,0.03,1,1,1,0.0,0.3333333333333333,0.12150000000000001,-1,-1,-1,1.0,1.0,-1.0,0.0,-0.3333333333333333,0.135,-1,-1,-1,0.356862745098039,0.694117647058824,0.803921568627451
141.10608339309692,0.0,-0.24329213905242014,0.03,1,1,1,0.0,0.3333333333333333,0.12150000000000001,-1,-1,-1,1.0,1.0,-1.0,0.0,-0.3333333333333333,0.135,-1,-1,-1,0.356862745098039,0.694117647058824,0.803921568627451
141.15032839775085,0.0,-0.24424817189651765,0.03,1,1,1,0.0,0.3333333333333333,0.12150000000000001,-1,-1,-1,1.0,1.0,-1.0,0.0,-0.3333333333333333,0.135,-1,-1,-1,0.356862745098039,0.694117647058824,0.803921568627451
141.1829161643982,0.0,-0.24520420474061513,0.03,1,1,1,0.0,0.3333333333333333,0.12150000000000001,-1,-1,-1,1.0,1.0,-1.0,0.0,-0.3333333333333333,0.135,-1,-1,-1,0.356862745098039,0.694117647058824,0.803921568627451
141.21686267852783,0.0,-0.24616023758471262,0.03,1,1,1,0.0,0.3333333333333333,0.12150000000000001,-1,-1,-1,1.0,1.0,-1.0,0.0,-0.3333333333333333,0.135,-1,-1,-1,0.356862745098039,0.694117647058824,0.803921568627451
141.25241541862488,0.0,-0.24711627042881013,0.03,1,1,1,0.0,0.3333333333333333,0.12150000000000001,-1,-1,-1,1.0,1.0,-1.0,0.0,-0.3333333333333333,0.135,-1,-1,-1,0.356862745098039,0.694117647058824,0.803921568627451
141.28685069084167,0.0,-0.2480723032729076,0.03,1,1,1,0.0,0.3333333333333333,0.12150000000000001,-1,-1,-1,1.0,1.0,-1.0,0.0,-0.3333333333333333,0.135,-1,-1,-1,0.356862745098039,0.694117647058824,0.803921568627451
141.3214123249054,0.0,-0.2490283361170051,0.03,1,1,1,0.0,0.3333333333333333,0.12150000000000001,-1,-1,-1,1.0,1.0,-1.0,0.0,-0.3333333333333333,0.135,-1,-1,-1,0.356862745098039,0.694117647058824,0.803921568627451
141.36318159103394,0.0,-0.24998436896110257,0.03,1,1,1,0.0,0.3333333333333333,0.12150000000000001,-1,-1,-1,1.0,1.0,-1.0,0.0,-0.3333333333333333,0.135,-1,-1,-1,0.356862745098039,0.694117647058824,0.803921568627451
141.397846698761,0.0,-0.25094040180520005,0.03,1,1,1,0.0,0.3333333333333333,0.12150000000000001,-1,-1,-1,1.0,1.0,-1.0,0.0,-0.3333333333333333,0.135,-1,-1,-1,0.356862745098039,0.694117647058824,0.803921568627451
141.43161725997925,0.0,-0.2518964346492975,0.03,1,1,1,0.0,0.3333333333333333,0.12150000000000001,-1,-1,-1,1.0,1.0,-1.0,0.0,-0.3333333333333333,0.135,-1,-1,-1,0.356862745098039,0.694117647058824,0.803921568627451
141.46707963943481,0.0,-0.25285246749339496,0.03,1,1,1,0.0,0.3333333333333333,0.12150000000000001,-1,-1,-1,1.0,1.0,-1.0,0.0,-0.3333333333333333,0.135,-1,-1,-1,0.356862745098039,0.694117647058824,0.803921568627451
141.5089671611786,0.0,-0.2538085003374924,0.03,1,1,1,0.0,0.3333333333333333,0.12150000000000001,-1,-1,-1,1.0,1.0,-1.0,0.0,-0.3333333333333333,0.135,-1,-1,-1,0.356862745098039,0.694117647058824,0.803921568627451
141.54395127296448,0.0,-0.25476453318158987,0.03,1,1,1,0.0,0.3333333333333333,0.12150000000000001,-1,-1,-1,1.0,1.0,-1.0,0.0,-0.3333333333333333,0.135,-1,-1,-1,0.356862745098039,0.694117647058824,0.803921568627451
141.57832980155945,0.0,-0.2557205660256873,0.03,1,1,1,0.0,0.3333333333333333,0.12150000000000001,-1,-1,-1,1.0,1.0,-1.0,0.0,-0.3333333333333333,0.135,-1,-1,-1,0.356862745098039,0.694117647058824,0.803921568627451
141.61707019805908,0.0,-0.2566765988697848,0.03,1,1,1,0.0,0.3333333333333333,0.12150000000000001,-1,-1,-1,1.0,1.0,-1.0,0.0,-0.3333333333333333,0.135,-1,-1,-1,0.356862745098039,0.694117647058824,0.803921568627451
141.6522822380066,0.0,-0.25763263171388223,0.03,1,1,1,0.0,0.3333333333333333,0.12150000000000001,-1,-1,-1,1.0,1.0,-1.0,0.0,-0.3333333333333333,0.135,-1,-1,-1,0.356862745098039,0.694117647058824,0.803921568627451
141.68932366371155,0.0,-0.2585886645579797,0.03,1,1,1,0.0,0.3333333333333333,0.12150000000000001,-1,-1,-1,1.0,1.0,-1.0,0.0,-0.3333333333333333,0.135,-1,-1,-1,0.356862745098039,0.694117647058824,0.803921568627451
141.72392320632935,0.0,-0.25954469740207714,0.03,1,1,1,0.0,0.3333333333333333,0.12150000000000001,-1,-1,-1,1.0,1.0,-1.0,0.0,-0.3333333333333333,0.135,-1,-1,-1,0.356862745098039,0.694117647058824,0.803921568627451
141.75859022140503,0.0,-0.2605007302461746,0.03,1,1,1,0.0,0.3333333333333333,0.12150000000000001,-1,-1,-1,1.0,1.0,-1.0,0.0,-0.3333333333333333,0.135,-1,-1,-1,0.356862745098039,0.694117647058824,0.803921568627451
141.79396796226501,0.0,-0.26145676309027205,0.03,1,1,1,0.0,0.3333333333333333,0.12150000000000001,-1,-1,-1,1.0,1.0,-1.0,0.0,-0.3333333333333333,0.135,-1,-1,-1,0.356862745098039,0.694117647058824,0.803921568627451
141.82835626602173,0.0,-0.2624127959343695,0.03,1,1,1,0.0,0.3333333333333333,0.12150000000000001,-1,-1,-1,1.0,1.0,-1.0,0.0,-0.3333333333333333,0.135,-1,-1,-1,0.356862745098039,0.694117647058824,0.803921568627451
141.87050580978394,0.0,-0.26352925229451235,0.03,1,1,1,0.0,0.3333333333333333,0.12150000000000001,-1,-1,-1,1.0,1.0,-1.0,0.0,-0.3333333333333333,0.135,-1,-1,-1,0.356862745098039,0.694117647058824,0.803921568627451
141.9120090007782,0.0,-0.2648863439287233,0.03,1,1,1,0.0,0.3333333333333333,0.12150000000000001,-1,-1,-1,1.0,1.0,-1.0,0.0,-0.3333333333333333,0.135,-1,-1,-1,0.356862745098039,0.694117647058824,0.803921568627451
141.9461431503296,0.0,-0.2662434355629342,0.03,1,1,1,0.0,0.3333333333333333,0.12150000000000001,-1,-1,-1,1.0,1.0,-1.0,0.0,-0.3333333333333333,0.135,-1,-1,-1,0.356862745098039,0.694117647058824,0.803921568627451
141.9850559234619,0.0,-0.26760052719714517,0.03,1,1,1,0.0,0.3333333333333333,0.12150000000000001,-1,-1,-1,1.0,1.0,-1.0,0.0,-0.3333333333333333,0.135,-1,-1,-1,0.356862745098039,0.694117647058824,0.803921568627451
142.01939344406128,0.0,-0.2689576188313561,0.03,1,1,1,0.0,0.3333333333333333,0.12150000000000001,-1,-1,-1,1.0,1.0,-1.0,0.0,-0.3333333333333333,0.135,-1,-1,-1,0.356862745098039,0.694117647058824,0.803921568627451
142.05441617965698,0.0,-0.27031471046556704,0.03,1,1,1,0.0,0.3333333333333333,0.12150000000000001,-1,-1,-1,1.0,1.0,-1.0,0.0,-0.3333333333333333,0.135,-1,-1,-1,0.356862745098039,0.694117647058824,0.803921568627451
142.09242749214172,0.0,-0.271671802099778,0.03,1,1,1,0.0,0.3333333333333333,0.12150000000000001,-1,-1,-1,1.0,1.0,-1.0,0.0,-0.3333333333333333,0.135,-1,-1,-1,0.356862745098039,0.694117647058824,0.803921568627451
142.1268858909607,0.0,-0.2730288937339889,0.03,1,1,1,0.0,0.3333333333333333,0.12150000000000001,-1,-1,-1,1.0,1.0,-1.0,0.0,-0.3333333333333333,0.135,-1,-1,-1,0.356862745098039,0.694117647058824,0.803921568627451
142.16142678260803,0.0,-0.27438598536819986,0.03,1,1,1,0.0,0.3333333333333333,0.12150000000000001,-1,-1,-1,1.0,1.0,-1.0,0.0,-0.3333333333333333,0.135,-1,-1,-1,0.356862745098039,0.694117647058824,0.803921568627451
142.196391582489,0.0,-0.2757430770024108,0.03,1,1,1,0.0,0.3333333333333333,0.12150000000000001,-1,-1,-1,1.0,1.0,-1.0,0.0,-0.3333333333333333,0.135,-1,-1,-1,0.356862745098039,0.694117647058824,0.803921568627451
142.23859477043152,0.0,-0.27710016863662174,0.03,1,1,1,0.0,0.3333333333333333,0.12150000000000001,-1,-1,-1,1.0,1.0,-1.0,0.0,-0.3333333333333333,0.135,-1,-1,-1,0.356862745098039,0.694117647058824,0.803921568627451
142.27333307266235,0.0,-0.2784572602708327,0.03,1,1,1,0.0,0.3333333333333333,0.12150000000000001,-1,-1,-1,1.0,1.0,-1.0,0.0,-0.3333333333333333,0.135,-1,-1,-1,0.356862745098039,0.694117647058824,0.803921568627451
142.30788159370422,0.0,-0.2798143519050436,0.03,1,1,1,0.0,0.3333333333333333,0.12150000000000001,-1,-1,-1,1.0,1.0,-1.0,0.0,-0.3333333333333333,0.135,-1,-1,-1,0.356862745098039,0.694117647058824,0.803921568627451
142.3440179824829,0.0,-0.28117144353925455,0.03,1,1,1,0.0,0.3333333333333333,0.12150000000000001,-1,-1,-1,1.0,1.0,-1.0,0.0,-0.3333333333333333,0.135,-1,-1,-1,0.356862745098039,0.694117647058824,0.803921568627451
142.37688970565796,0.0,-0.2825285351734655,0.03,1,1,1,0.0,0.3333333333333333,0.12150000000000001,-1,-1,-1,1.0,1.0,-1.0,0.0,-0.3333333333333333,0.135,-1,-1,-1,0.356862745098039,0.694117647058824,0.803921568627451
142.41195154190063,0.0,-0.28388562680767643,0.03,1,1,1,0.0,0.3333333333333333,0.12150000000000001,-1,-1,-1,1.0,1.0,-1.0,0.0,-0.3333333333333333,0.135,-1,-1,-1,0.356862745098039,0.694117647058824,0.803921568627451
142.45559120178223,0.0,-0.28524271844188737,0.03,1,1,1,0.0,0.3333333333333333,0.12150000000000001,-1,-1,-1,1.0,1.0,-1.0,0.0,-0.3333333333333333,0.135,-1,-1,-1,0.356862745098039,0.694117647058824,0.803921568627451
142.49052214622498,0.0,-0.2865998100760983,0.03,1,1,1,0.0,0.3333333333333333,0.12150000000000001,-1,-1,-1,1.0,1.0,-1.0,0.0,-0.3333333333333333,0.135,-1,-1,-1,0.356862745098039,0.694117647058824,0.803921568627451
142.52474737167358,0.0,-0.28795690171030924,0.03,1,1,1,0.0,0.3333333333333333,0.12150000000000001,-1,-1,-1,1.0,1.0,-1.0,0.0,-0.3333333333333333,0.135,-1,-1,-1,0.356862745098039,0.694117647058824,0.803921568627451
142.56040167808533,0.0,-0.2893139933445202,0.03,1,1,1,0.0,0.3333333333333333,0.12150000000000001,-1,-1,-1,1.0,1.0,-1.0,0.0,-0.3333333333333333,0.135,-1,-1,-1,0.356862745098039,0.694117647058824,0.803921568627451
142.59377193450928,0.0,-0.2906710849787311,0.03,1,1,1,0.0,0.3333333333333333,0.12150000000000001,-1,-1,-1,1.0,1.0,-1.0,0.0,-0.3333333333333333,0.135,-1,-1,-1,0.356862745098039,0.694117647058824,0.803921568627451
142.6292245388031,0.0,-0.29202817661294206,0.03,1,1,1,0.0,0.3333333333333333,0.12150000000000001,-1,-1,-1,1.0,1.0,-1.0,0.0,-0.3333333333333333,0.135,-1,-1,-1,0.356862745098039,0.694117647058824,0.803921568627451
142.67635869979858,0.0,-0.293385268247153,0.03,1,1,1,0.0,0.3333333333333333,0.12150000000000001,-1,-1,-1,1.0,1.0,-1.0,0.0,-0.3333333333333333,0.135,-1,-1,-1,0.356862745098039,0.694117647058824,0.803921568627451
142.71103310585022,0.0,-0.29474235988136394,0.03,1,1,1,0.0,0.3333333333333333,0.12150000000000001,-1,-1,-1,1.0,1.0,-1.0,0.0,-0.3333333333333333,0.135,-1,-1,-1,0.356862745098039,0.694117647058824,0.803921568627451
142.7457938194275,0.0,-0.2960994515155749,0.03,1,1,1,0.0,0.3333333333333333,0.12150000000000001,-1,-1,-1,1.0,1.0,-1.0,0.0,-0.3333333333333333,0.135,-1,-1,-1,0.356862745098039,0.694117647058824,0.803921568627451
142.7804627418518,0.0,-0.2974565431497858,0.03,1,1,1,0.0,0.3333333333333333,0.12150000000000001,-1,-1,-1,1.0,1.0,-1.0,0.0,-0.3333333333333333,0.135,-1,-1,-1,0.356862745098039,0.694117647058824,0.803921568627451
142.82534527778625,0.0,-0.29881363478399675,0.03,1,1,1,0.0,0.3333333333333333,0.12150000000000001,-1,-1,-1,1.0,1.0,-1.0,0.0,-0.3333333333333333,0.135,-1,-1,-1,0.356862745098039,0.694117647058824,0.803921568627451
142.86367011070251,0.0,-0.3001707264182077,0.03,1,1,1,0.0,0.3333333333333333,0.12150000000000001,-1,-1,-1,1.0,1.0,-1.0,0.0,-0.3333333333333333,0.135,-1,-1,-1,0.356862745098039,0.694117647058824,0.803921568627451
142.89895796775818,0.0,-0.30152781805241863,0.03,1,1,1,0.0,0.3333333333333333,0.12150000000000001,-1,-1,-1,1.0,1.0,-1.0,0.0,-0.3333333333333333,0.135,-1,-1,-1,0.356862745098039,0.694117647058824,0.803921568627451
142.93360090255737,0.0,-0.30288490968662957,0.03,1,1,1,0.0,0.3333333333333333,0.12150000000000001,-1,-1,-1,1.0,1.0,-1.0,0.0,-0.3333333333333333,0.135,-1,-1,-1,0.356862745098039,0.694117647058824,0.803921568627451
142.96786999702454,0.0,-0.3042420013208405,0.03,1,1,1,0.0,0.3333333333333333,0.12150000000000001,-1,-1,-1,1.0,1.0,-1.0,0.0,-0.3333333333333333,0.135,-1,-1,-1,0.356862745098039,0.694117647058824,0.803921568627451
143.0097188949585,0.0,-0.30559909295505144,0.03,1,1,1,0.0,0.3333333333333333,0.12150000000000001,-1,-1,-1,1.0,1.0,-1.0,0.0,-0.3333333333333333,0.135,-1,-1,-1,0.356862745098039,0.694117647058824,0.803921568627451
143.05127549171448,0.0,-0.3069561845892624,0.03,1,1,1,0.0,0.3333333333333333,0.12150000000000001,-1,-1,-1,1.0,1.0,-1.0,0.0,-0.3333333333333333,0.135,-1,-1,-1,0.356862745098039,0.694117647058824,0.803921568627451
143.08594489097595,0.0,-0.30727451377859843,0.03,1,1,1,0.0,0.3333333333333333,0.12150000000000001,-1,-1,-1,1.0,1.0,-1.0,0.0,-0.3333333333333333,0.135,-1,-1,-1,0.356862745098039,0.694117647058824,0.803921568627451
143.12505555152893,0.0,-0.30733315235671577,0.03,1,1,1,0.0,0.3333333333333333,0.12150000000000001,-1,-1,-1,1.0,1.0,-1.0,0.0,-0.3333333333333333,0.135,-1,-1,-1,0.356862745098039,0.694117647058824,0.803921568627451
143.15990829467773,0.0,-0.3073917909348331,0.03,1,1,1,0.0,0.3333333333333333,0.12150000000000001,-1,-1,-1,1.0,1.0,-1.0,0.0,-0.3333333333333333,0.135,-1,-1,-1,0.356862745098039,0.694117647058824,0.803921568627451
143.19696640968323,0.0,-0.30745042951295043,0.03,1,1,1,0.0,0.3333333333333333,0.12150000000000001,-1,-1,-1,1.0,1.0,-1.0,0.0,-0.3333333333333333,0.135,-1,-1,-1,0.356862745098039,0.694117647058824,0.803921568627451
143.2455928325653,0.0,-0.30750906809106776,0.03,1,1,1,0.0,0.3333333333333333,0.12150000000000001,-1,-1,-1,1.0,1.0,-1.0,0.0,-0.3333333333333333,0.135,-1,-1,-1,0.356862745098039,0.694117647058824,0.803921568627451
143.28029108047485,0.0,-0.3075677066691851,0.03,1,1,1,0.0,0.3333333333333333,0.12150000000000001,-1,-1,-1,1.0,1.0,-1.0,0.0,-0.3333333333333333,0.135,-1,-1,-1,0.356862745098039,0.694117647058824,0.803921568627451
143.31564331054688,0.0,-0.3076263452473024,0.03,1,1,1,0.0,0.3333333333333333,0.12150000000000001,-1,-1,-1,1.0,1.0,-1.0,0.0,-0.3333333333333333,0.135,-1,-1,-1,0.356862745098039,0.694117647058824,0.803921568627451
143.3499665260315,0.0,-0.30768498382541976,0.03,1,1,1,0.0,0.3333333333333333,0.12150000000000001,-1,-1,-1,1.0,1.0,-1.0,0.0,-0.3333333333333333,0.135,-1,-1,-1,0.356862745098039,0.694117647058824,0.803921568627451
143.39431643486023,0.0,-0.3077436224035371,0.03,1,1,1,0.0,0.3333333333333333,0.12150000000000001,-1,-1,-1,1.0,1.0,-1.0,0.0,-0.3333333333333333,0.135,-1,-1,-1,0.356862745098039,0.694117647058824,0.803921568627451
143.43361639976501,0.0,-0.3078022609816544,0.03,1,1,1,0.0,0.3333333333333333,0.12150000000000001,-1,-1,-1,1.0,1.0,-1.0,0.0,-0.3333333333333333,0.135,-1,-1,-1,0.356862745098039,0.694117647058824,0.803921568627451
143.4748969078064,0.0,-0.30786089955977175,0.03,1,1,1,0.0,0.3333333333333333,0.12150000000000001,-1,-1,-1,1.0,1.0,-1.0,0.0,-0.3333333333333333,0.135,-1,-1,-1,0.356862745098039,0.694117647058824,0.803921568627451
143.50966453552246,0.0,-0.3079195381378891,0.03,1,1,1,0.0,0.3333333333333333,0.12150000000000001,-1,-1,-1,1.0,1.0,-1.0,0.0,-0.3333333333333333,0.135,-1,-1,-1,0.356862745098039,0.694117647058824,0.803921568627451
143.54337549209595,0.0,-0.3079781767160064,0.03,1,1,1,0.0,0.3333333333333333,0.12150000000000001,-1,-1,-1,1.0,1.0,-1.0,0.0,-0.3333333333333333,0.135,-1,-1,-1,0.356862745098039,0.694117647058824,0.803921568627451
143.58548498153687,0.0,-0.30803681529412374,0.03,1,1,1,0.0,0.3333333333333333,0.12150000000000001,-1,-1,-1,1.0,1.0,-1.0,0.0,-0.3333333333333333,0.135,-1,-1,-1,0.356862745098039,0.694117647058824,0.803921568627451
143.62938714027405,0.0,-0.3080954538722411,0.03,1,1,1,0.0,0.3333333333333333,0.12150000000000001,-1,-1,-1,1.0,1.0,-1.0,0.0,-0.3333333333333333,0.135,-1,-1,-1,0.356862745098039,0.694117647058824,0.803921568627451
143.66262245178223,0.0,-0.3081540924503584,0.03,1,1,1,0.0,0.3333333333333333,0.12150000000000001,-1,-1,-1,1.0,1.0,-1.0,0.0,-0.3333333333333333,0.135,-1,-1,-1,0.356862745098039,0.694117647058824,0.803921568627451
143.6969051361084,0.0,-0.30821273102847574,0.03,1,1,1,0.0,0.3333333333333333,0.12150000000000001,-1,-1,-1,1.0,1.0,-1.0,0.0,-0.3333333333333333,0.135,-1,-1,-1,0.356862745098039,0.694117647058824,0.803921568627451
143.73161387443542,0.0,-0.30827136960659307,0.03,1,1,1,0.0,0.3333333333333333,0.12150000000000001,-1,-1,-1,1.0,1.0,-1.0,0.0,-0.3333333333333333,0.135,-1,-1,-1,0.356862745098039,0.694117647058824,0.803921568627451
143.76587867736816,0.0,-0.3083300081847104,0.03,1,1,1,0.0,0.3333333333333333,0.12150000000000001,-1,-1,-1,1.0,1.0,-1.0,0.0,-0.3333333333333333,0.135,-1,-1,-1,0.356862745098039,0.694117647058824,0.803921568627451
143.80795812606812,0.0,-0.30838864676282773,0.03,1,1,1,0.0,0.3333333333333333,0.12150000000000001,-1,-1,-1,1.0,1.0,-1.0,0.0,-0.3333333333333333,0.135,-1,-1,-1,0.356862745098039,0.694117647058824,0.803921568627451
143.84226202964783,0.0,-0.30844728534094507,0.03,1,1,1,0.0,0.3333333333333333,0.12150000000000001,-1,-1,-1,1.0,1.0,-1.0,0.0,-0.3333333333333333,0.135,-1,-1,-1,0.356862745098039,0.694117647058824,0.803921568627451
143.87762713432312,0.0,-0.3085059239190624,0.03,1,1,1,0.0,0.3333333333333333,0.12150000000000001,-1,-1,-1,1.0,1.0,-1.0,0.0,-0.3333333333333333,0.135,-1,-1,-1,0.356862745098039,0.694117647058824,0.803921568627451
143.91184735298157,0.0,-0.30856456249717973,0.03,1,1,1,0.0,0.3333333333333333,0.12150000000000001,-1,-1,-1,1.0,1.0,-1.0,0.0,-0.3333333333333333,0.135,-1,-1,-1,0.356862745098039,0.694117647058824,0.803921568627451
143.953373670578,0.0,-0.30862320107529706,0.03,1,1,1,0.0,0.3333333333333333,0.12150000000000001,-1,-1,-1,1.0,1.0,-1.0,0.0,-0.3333333333333333,0.135,-1,-1,-1,0.356862745098039,0.694117647058824,0.803921568627451
143.98779559135437,0.0,-0.3086818396534144,0.03,1,1,1,0.0,0.3333333333333333,0.12150000000000001,-1,-1,-1,1.0,1.0,-1.0,0.0,-0.3333333333333333,0.135,-1,-1,-1,0.356862745098039,0.694117647058824,0.803921568627451
144.02289962768555,0.0,-0.3087404782315317,0.03,1,1,1,0.0,0.3333333333333333,0.12150000000000001,-1,-1,-1,1.0,1.0,-1.0,0.0,-0.3333333333333333,0.135,-1,-1,-1,0.356862745098039,0.694117647058824,0.803921568627451
144.0579776763916,0.0,-0.30879911680964905,0.03,1,1,1,0.0,0.3333333333333333,0.12150000000000001,-1,-1,-1,1.0,1.0,-1.0,0.0,-0.3333333333333333,0.135,-1,-1,-1,0.356862745098039,0.694117647058824,0.803921568627451
144.09594440460205,0.0,-0.3088577553877664,0.03,1,1,1,0.0,0.3333333333333333,0.12150000000000001,-1,-1,-1,1.0,1.0,-1.0,0.0,-0.3333333333333333,0.135,-1,-1,-1,0.356862745098039,0.694117647058824,0.803921568627451
144.13098549842834,0.0,-0.3089163939658837,0.03,1,1,1,0.0,0.3333333333333333,0.12150000000000001,-1,-1,-1,1.0,1.0,-1.0,0.0,-0.3333333333333333,0.135,-1,-1,-1,0.356862745098039,0.694117647058824,0.803921568627451
144.16854190826416,0.0,-0.30897503254400105,0.03,1,1,1,0.0,0.3333333333333333,0.12150000000000001,-1,-1,-1,1.0,1.0,-1.0,0.0,-0.3333333333333333,0.135,-1,-1,-1,0.356862745098039,0.694117647058824,0.803921568627451
144.20334029197693,0.0,-0.3090336711221184,0.03,1,1,1,0.0,0.3333333333333333,0.12150000000000001,-1,-1,-1,1.0,1.0,-1.0,0.0,-0.3333333333333333,0.135,-1,-1,-1,0.356862745098039,0.694117647058824,0.803921568627451
144.2380301952362,0.0,-0.3090923097002357,0.03,1,1,1,0.0,0.3333333333333333,0.12150000000000001,-1,-1,-1,1.0,1.0,-1.0,0.0,-0.3333333333333333,0.135,-1,-1,-1,0.356862745098039,0.694117647058824,0.803921568627451
144.27298521995544,0.0,-0.3091392205627296,0.03,1,1,1,0.0,0.3333333333333333,0.12150000000000001,-1,-1,-1,1.0,1.0,-1.0,0.0,-0.3333333333333333,0.135,-1,-1,-1,0.356862745098039,0.694117647058824,0.803921568627451
144.31506037712097,0.0,-0.3091392205627296,0.03,1,1,1,0.0,0.3333333333333333,0.12150000000000001,-1,-1,-1,1.0,1.0,-1.0,0.0,-0.3333333333333333,0.135,-1,-1,-1,0.356862745098039,0.694117647058824,0.803921568627451
144.34904646873474,0.0,-0.3091392205627296,0.03,1,1,1,0.0,0.3333333333333333,0.12150000000000001,-1,-1,-1,1.0,1.0,-1.0,0.0,-0.3333333333333333,0.135,-1,-1,-1,0.356862745098039,0.694117647058824,0.803921568627451
144.384295463562,0.0,-0.3091392205627296,0.03,1,1,1,0.0,0.3333333333333333,0.12150000000000001,-1,-1,-1,1.0,1.0,-1.0,0.0,-0.3333333333333333,0.135,-1,-1,-1,0.356862745098039,0.694117647058824,0.803921568627451
144.41848611831665,0.0,-0.3091392205627296,0.03,1,1,1,0.0,0.3333333333333333,0.12150000000000001,-1,-1,-1,1.0,1.0,-1.0,0.0,-0.3333333333333333,0.135,-1,-1,-1,0.356862745098039,0.694117647058824,0.803921568627451
144.45277762413025,0.0,-0.3091392205627296,0.03,1,1,1,0.0,0.3333333333333333,0.12150000000000001,-1,-1,-1,1.0,1.0,-1.0,0.0,-0.3333333333333333,0.135,-1,-1,-1,0.356862745098039,0.694117647058824,0.803921568627451
144.48810148239136,0.0,-0.3091392205627296,0.03,1,1,1,0.0,0.3333333333333333,0.12150000000000001,-1,-1,-1,1.0,1.0,-1.0,0.0,-0.3333333333333333,0.135,-1,-1,-1,0.356862745098039,0.694117647058824,0.803921568627451
144.53194451332092,0.0,-0.3091392205627296,0.03,1,1,1,0.0,0.3333333333333333,0.12150000000000001,-1,-1,-1,1.0,1.0,-1.0,0.0,-0.3333333333333333,0.135,-1,-1,-1,0.356862745098039,0.694117647058824,0.803921568627451
144.5649061203003,0.0,-0.3091392205627296,0.03,1,1,1,0.0,0.3333333333333333,0.12150000000000001,-1,-1,-1,1.0,1.0,-1.0,0.0,-0.3333333333333333,0.135,-1,-1,-1,0.356862745098039,0.694117647058824,0.803921568627451
144.599702835083,0.0,-0.3091392205627296,0.03,1,1,1,0.0,0.3333333333333333,0.12150000000000001,-1,-1,-1,1.0,1.0,-1.0,0.0,-0.3333333333333333,0.135,-1,-1,-1,0.356862745098039,0.694117647058824,0.803921568627451
144.63435411453247,0.0,-0.3091392205627296,0.03,1,1,1,0.0,0.3333333333333333,0.12150000000000001,-1,-1,-1,1.0,1.0,-1.0,0.0,-0.3333333333333333,0.135,-1,-1,-1,0.356862745098039,0.694117647058824,0.803921568627451
144.66965985298157,0.0,-0.3091392205627296,0.03,1,1,1,0.0,0.3333333333333333,0.12150000000000001,-1,-1,-1,1.0,1.0,-1.0,0.0,-0.3333333333333333,0.135,-1,-1,-1,0.356862745098039,0.694117647058824,0.803921568627451
144.7032904624939,0.0,-0.3091392205627296,0.03,1,1,1,0.0,0.3333333333333333,0.12150000000000001,-1,-1,-1,1.0,1.0,-1.0,0.0,-0.3333333333333333,0.135,-1,-1,-1,0.356862745098039,0.694117647058824,0.803921568627451
144.75262212753296,0.0,-0.3091392205627296,0.03,1,1,1,0.0,0.3333333333333333,0.12150000000000001,-1,-1,-1,1.0,1.0,-1.0,0.0,-0.3333333333333333,0.135,-1,-1,-1,0.356862745098039,0.694117647058824,0.803921568627451
144.7864475250244,0.0,-0.3091392205627296,0.03,1,1,1,0.0,0.3333333333333333,0.12150000000000001,-1,-1,-1,1.0,1.0,-1.0,0.0,-0.3333333333333333,0.135,-1,-1,-1,0.356862745098039,0.694117647058824,0.803921568627451
144.82145166397095,0.0,-0.3091392205627296,0.03,1,1,1,0.0,0.3333333333333333,0.12150000000000001,-1,-1,-1,1.0,1.0,-1.0,0.0,-0.3333333333333333,0.135,-1,-1,-1,0.356862745098039,0.694117647058824,0.803921568627451
144.85564875602722,0.0,-0.3091392205627296,0.03,1,1,1,0.0,0.3333333333333333,0.12150000000000001,-1,-1,-1,1.0,1.0,-1.0,0.0,-0.3333333333333333,0.135,-1,-1,-1,0.356862745098039,0.694117647058824,0.803921568627451
144.90112924575806,0.0,-0.3091392205627296,0.03,1,1,1,0.0,0.3333333333333333,0.12150000000000001,-1,-1,-1,1.0,1.0,-1.0,0.0,-0.3333333333333333,0.135,-1,-1,-1,0.356862745098039,0.694117647058824,0.803921568627451
144.93962025642395,0.0,-0.3091392205627296,0.03,1,1,1,0.0,0.3333333333333333,0.12150000000000001,-1,-1,-1,1.0,1.0,-1.0,0.0,-0.3333333333333333,0.135,-1,-1,-1,0.356862745098039,0.694117647058824,0.803921568627451
144.9741632938385,0.0,-0.3091392205627296,0.03,1,1,1,0.0,0.3333333333333333,0.12150000000000001,-1,-1,-1,1.0,1.0,-1.0,0.0,-0.3333333333333333,0.135,-1,-1,-1,0.356862745098039,0.694117647058824,0.803921568627451
145.00871586799622,0.0,-0.3091392205627296,0.03,1,1,1,0.0,0.3333333333333333,0.12150000000000001,-1,-1,-1,1.0,1.0,-1.0,0.0,-0.3333333333333333,0.135,-1,-1,-1,0.356862745098039,0.694117647058824,0.803921568627451
145.04419565200806,0.0,-0.3091392205627296,0.03,1,1,1,0.0,0.3333333333333333,0.12150000000000001,-1,-1,-1,1.0,1.0,-1.0,0.0,-0.3333333333333333,0.135,-1,-1,-1,0.356862745098039,0.694117647058824,0.803921568627451
145.08594179153442,0.0,-0.3091392205627296,0.03,1,1,1,0.0,0.3333333333333333,0.12150000000000001,-1,-1,-1,1.0,1.0,-1.0,0.0,-0.3333333333333333,0.135,-1,-1,-1,0.356862745098039,0.694117647058824,0.803921568627451
145.12006402015686,0.0,-0.3091392205627296,0.03,1,1,1,0.0,0.3333333333333333,0.12150000000000001,-1,-1,-1,1.0,1.0,-1.0,0.0,-0.3333333333333333,0.135,-1,-1,-1,0.356862745098039,0.694117647058824,0.803921568627451
145.1546573638916,0.0,-0.3091392205627296,0.03,1,1,1,0.0,0.3333333333333333,0.12150000000000001,-1,-1,-1,1.0,1.0,-1.0,0.0,-0.3333333333333333,0.135,-1,-1,-1,0.356862745098039,0.694117647058824,0.803921568627451
145.1888747215271,0.0,-0.3091392205627296,0.03,1,1,1,0.0,0.3333333333333333,0.12150000000000001,-1,-1,-1,1.0,1.0,-1.0,0.0,-0.3333333333333333,0.135,-1,-1,-1,0.356862745098039,0.694117647058824,0.803921568627451
145.2247965335846,0.0,-0.3091392205627296,0.03,1,1,1,0.0,0.3333333333333333,0.12150000000000001,-1,-1,-1,1.0,1.0,-1.0,0.0,-0.3333333333333333,0.135,-1,-1,-1,0.356862745098039,0.694117647058824,0.803921568627451
145.25855708122253,0.0,-0.3091392205627296,0.03,1,1,1,0.0,0.3333333333333333,0.12150000000000001,-1,-1,-1,1.0,1.0,-1.0,0.0,-0.3333333333333333,0.135,-1,-1,-1,0.356862745098039,0.694117647058824,0.803921568627451
145.30356168746948,0.0,-0.3091392205627296,0.03,1,1,1,0.0,0.3333333333333333,0.12150000000000001,-1,-1,-1,1.0,1.0,-1.0,0.0,-0.3333333333333333,0.135,-1,-1,-1,0.356862745098039,0.694117647058824,0.803921568627451
145.34235215187073,0.0,-0.3091392205627296,0.03,1,1,1,0.0,0.3333333333333333,0.12150000000000001,-1,-1,-1,1.0,1.0,-1.0,0.0,-0.3333333333333333,0.135,-1,-1,-1,0.356862745098039,0.694117647058824,0.803921568627451
145.3768391609192,0.0,-0.3091392205627296,0.03,1,1,1,0.0,0.3333333333333333,0.12150000000000001,-1,-1,-1,1.0,1.0,-1.0,0.0,-0.3333333333333333,0.135,-1,-1,-1,0.356862745098039,0.694117647058824,0.803921568627451
145.41200304031372,0.0,-0.3091392205627296,0.03,1,1,1,0.0,0.3333333333333333,0.12150000000000001,-1,-1,-1,1.0,1.0,-1.0,0.0,-0.3333333333333333,0.135,-1,-1,-1,0.356862745098039,0.694117647058824,0.803921568627451
145.4545135498047,0.0,-0.3091392205627296,0.03,1,1,1,0.0,0.3333333333333333,0.12150000000000001,-1,-1,-1,1.0,1.0,-1.0,0.0,-0.3333333333333333,0.135,-1,-1,-1,0.356862745098039,0.694117647058824,0.803921568627451
145.49628925323486,0.0,-0.308968524884603,0.03,1,1,1,0.0,0.3333333333333333,0.12150000000000001,-1,-1,-1,1.0,1.0,-1.0,0.0,-0.3333333333333333,0.135,-1,-1,-1,0.356862745098039,0.694117647058824,0.803921568627451
145.53825855255127,0.0,-0.30868403208772544,0.03,1,1,1,0.0,0.3333333333333333,0.12150000000000001,-1,-1,-1,1.0,1.0,-1.0,0.0,-0.3333333333333333,0.135,-1,-1,-1,0.356862745098039,0.694117647058824,0.803921568627451
145.57279443740845,0.0,-0.30839953929084785,0.03,1,1,1,0.0,0.3333333333333333,0.12150000000000001,-1,-1,-1,1.0,1.0,-1.0,0.0,-0.3333333333333333,0.135,-1,-1,-1,0.356862745098039,0.694117647058824,0.803921568627451
145.60725259780884,0.0,-0.30811504649397026,0.03,1,1,1,0.0,0.3333333333333333,0.12150000000000001,-1,-1,-1,1.0,1.0,-1.0,0.0,-0.3333333333333333,0.135,-1,-1,-1,0.356862745098039,0.694117647058824,0.803921568627451
145.64225363731384,0.0,-0.30783055369709267,0.03,1,1,1,0.0,0.3333333333333333,0.12150000000000001,-1,-1,-1,1.0,1.0,-1.0,0.0,-0.3333333333333333,0.135,-1,-1,-1,0.356862745098039,0.694117647058824,0.803921568627451
145.6902093887329,0.0,-0.3075460609002151,0.03,1,1,1,0.0,0.3333333333333333,0.12150000000000001,-1,-1,-1,1.0,1.0,-1.0,0.0,-0.3333333333333333,0.135,-1,-1,-1,0.356862745098039,0.694117647058824,0.803921568627451
145.72519445419312,0.0,-0.3072615681033375,0.03,1,1,1,0.0,0.3333333333333333,0.12150000000000001,-1,-1,-1,1.0,1.0,-1.0,0.0,-0.3333333333333333,0.135,-1,-1,-1,0.356862745098039,0.694117647058824,0.803921568627451
145.76000356674194,0.0,-0.3069770753064599,0.03,1,1,1,0.0,0.3333333333333333,0.12150000000000001,-1,-1,-1,1.0,1.0,-1.0,0.0,-0.3333333333333333,0.135,-1,-1,-1,0.356862745098039,0.694117647058824,0.803921568627451
145.79444694519043,0.0,-0.3066925825095823,0.03,1,1,1,0.0,0.3333333333333333,0.12150000000000001,-1,-1,-1,1.0,1.0,-1.0,0.0,-0.3333333333333333,0.135,-1,-1,-1,0.356862745098039,0.694117647058824,0.803921568627451
145.82935738563538,0.0,-0.3064080897127047,0.03,1,1,1,0.0,0.3333333333333333,0.12150000000000001,-1,-1,-1,1.0,1.0,-1.0,0.0,-0.3333333333333333,0.135,-1,-1,-1,0.356862745098039,0.694117647058824,0.803921568627451
145.87425351142883,0.0,-0.30612359691582713,0.03,1,1,1,0.0,0.3333333333333333,0.12150000000000001,-1,-1,-1,1.0,1.0,-1.0,0.0,-0.3333333333333333,0.135,-1,-1,-1,0.356862745098039,0.694117647058824,0.803921568627451
145.91268849372864,0.0,-0.30583910411894955,0.03,1,1,1,0.0,0.3333333333333333,0.12150000000000001,-1,-1,-1,1.0,1.0,-1.0,0.0,-0.3333333333333333,0.135,-1,-1,-1,0.356862745098039,0.694117647058824,0.803921568627451
145.9542498588562,0.0,-0.30555461132207196,0.03,1,1,1,0.0,0.3333333333333333,0.12150000000000001,-1,-1,-1,1.0,1.0,-1.0,0.0,-0.3333333333333333,0.135,-1,-1,-1,0.356862745098039,0.694117647058824,0.803921568627451
145.98944187164307,0.0,-0.30527011852519437,0.03,1,1,1,0.0,0.3333333333333333,0.12150000000000001,-1,-1,-1,1.0,1.0,-1.0,0.0,-0.3333333333333333,0.135,-1,-1,-1,0.356862745098039,0.694117647058824,0.803921568627451
146.0238242149353,0.0,-0.3049856257283168,0.03,1,1,1,0.0,0.3333333333333333,0.12150000000000001,-1,-1,-1,1.0,1.0,-1.0,0.0,-0.3333333333333333,0.135,-1,-1,-1,0.356862745098039,0.694117647058824,0.803921568627451
146.065744638443,0.0,-0.3047011329314392,0.03,1,1,1,0.0,0.3333333333333333,0.12150000000000001,-1,-1,-1,1.0,1.0,-1.0,0.0,-0.3333333333333333,0.135,-1,-1,-1,0.356862745098039,0.694117647058824,0.803921568627451
146.1088626384735,0.0,-0.3044166401345616,0.03,1,1,1,0.0,0.3333333333333333,0.12150000000000001,-1,-1,-1,1.0,1.0,-1.0,0.0,-0.3333333333333333,0.135,-1,-1,-1,0.356862745098039,0.694117647058824,0.803921568627451
146.14271426200867,0.0,-0.304132147337684,0.03,1,1,1,0.0,0.3333333333333333,0.12150000000000001,-1,-1,-1,1.0,1.0,-1.0,0.0,-0.3333333333333333,0.135,-1,-1,-1,0.356862745098039,0.694117647058824,0.803921568627451
146.1769723892212,0.0,-0.3038476545408064,0.03,1,1,1,0.0,0.3333333333333333,0.12150000000000001,-1,-1,-1,1.0,1.0,-1.0,0.0,-0.3333333333333333,0.135,-1,-1,-1,0.356862745098039,0.694117647058824,0.803921568627451
146.21173763275146,0.0,-0.30356316174392883,0.03,1,1,1,0.0,0.3333333333333333,0.12150000000000001,-1,-1,-1,1.0,1.0,-1.0,0.0,-0.3333333333333333,0.135,-1,-1,-1,0.356862745098039,0.694117647058824,0.803921568627451
146.25993084907532,0.0,-0.30327866894705124,0.03,1,1,1,0.0,0.3333333333333333,0.12150000000000001,-1,-1,-1,1.0,1.0,-1.0,0.0,-0.3333333333333333,0.135,-1,-1,-1,0.356862745098039,0.694117647058824,0.803921568627451
146.30160427093506,0.0,-0.30299417615017366,0.03,1,1,1,0.0,0.3333333333333333,0.12150000000000001,-1,-1,-1,1.0,1.0,-1.0,0.0,-0.3333333333333333,0.135,-1,-1,-1,0.356862745098039,0.694117647058824,0.803921568627451
146.33607506752014,0.0,-0.30270968335329607,0.03,1,1,1,0.0,0.3333333333333333,0.12150000000000001,-1,-1,-1,1.0,1.0,-1.0,0.0,-0.3333333333333333,0.135,-1,-1,-1,0.356862745098039,0.694117647058824,0.803921568627451
146.37535977363586,0.0,-0.3024251905564185,0.03,1,1,1,0.0,0.3333333333333333,0.12150000000000001,-1,-1,-1,1.0,1.0,-1.0,0.0,-0.3333333333333333,0.135,-1,-1,-1,0.356862745098039,0.694117647058824,0.803921568627451
146.40900659561157,0.0,-0.3021406977595409,0.03,1,1,1,0.0,0.3333333333333333,0.12150000000000001,-1,-1,-1,1.0,1.0,-1.0,0.0,-0.3333333333333333,0.135,-1,-1,-1,0.356862745098039,0.694117647058824,0.803921568627451
146.44384932518005,0.0,-0.3018562049626633,0.03,1,1,1,0.0,0.3333333333333333,0.12150000000000001,-1,-1,-1,1.0,1.0,-1.0,0.0,-0.3333333333333333,0.135,-1,-1,-1,0.356862745098039,0.694117647058824,0.803921568627451
146.48133420944214,0.0,-0.3015717121657857,0.03,1,1,1,0.0,0.3333333333333333,0.12150000000000001,-1,-1,-1,1.0,1.0,-1.0,0.0,-0.3333333333333333,0.135,-1,-1,-1,0.356862745098039,0.694117647058824,0.803921568627451
146.52294969558716,0.0,-0.3012872193689081,0.03,1,1,1,0.0,0.3333333333333333,0.12150000000000001,-1,-1,-1,1.0,1.0,-1.0,0.0,-0.3333333333333333,0.135,-1,-1,-1,0.356862745098039,0.694117647058824,0.803921568627451
146.5572304725647,0.0,-0.30100272657203053,0.03,1,1,1,0.0,0.3333333333333333,0.12150000000000001,-1,-1,-1,1.0,1.0,-1.0,0.0,-0.3333333333333333,0.135,-1,-1,-1,0.356862745098039,0.694117647058824,0.803921568627451
146.5914466381073,0.0,-0.30071823377515294,0.03,1,1,1,0.0,0.3333333333333333,0.12150000000000001,-1,-1,-1,1.0,1.0,-1.0,0.0,-0.3333333333333333,0.135,-1,-1,-1,0.356862745098039,0.694117647058824,0.803921568627451
146.6333727836609,0.0,-0.30043374097827535,0.03,1,1,1,0.0,0.3333333333333333,0.12150000000000001,-1,-1,-1,1.0,1.0,-1.0,0.0,-0.3333333333333333,0.135,-1,-1,-1,0.356862745098039,0.694117647058824,0.803921568627451
146.66804337501526,0.0,-0.30014924818139777,0.03,1,1,1,0.0,0.3333333333333333,0.12150000000000001,-1,-1,-1,1.0,1.0,-1.0,0.0,-0.3333333333333333,0.135,-1,-1,-1,0.356862745098039,0.694117647058824,0.803921568627451
146.70312809944153,0.0,-0.3008503382844545,0.03,1,1,1,0.0,0.3333333333333333,0.12150000000000001,-1,-1,-1,1.0,1.0,-1.0,0.0,-0.3333333333333333,0.135,-1,-1,-1,0.356862745098039,0.694117647058824,0.803921568627451
146.73799896240234,0.0,-0.30179782411249484,0.03,1,1,1,0.0,0.3333333333333333,0.12150000000000001,-1,-1,-1,1.0,1.0,-1.0,0.0,-0.3333333333333333,0.135,-1,-1,-1,0.356862745098039,0.694117647058824,0.803921568627451
146.77616620063782,0.0,-0.30274530994053517,0.03,1,1,1,0.0,0.3333333333333333,0.12150000000000001,-1,-1,-1,1.0,1.0,-1.0,0.0,-0.3333333333333333,0.135,-1,-1,-1,0.356862745098039,0.694117647058824,0.803921568627451
146.81120133399963,0.0,-0.3036927957685755,0.03,1,1,1,0.0,0.3333333333333333,0.12150000000000001,-1,-1,-1,1.0,1.0,-1.0,0.0,-0.3333333333333333,0.135,-1,-1,-1,0.356862745098039,0.694117647058824,0.803921568627451
146.848224401474,0.0,-0.3046402815966158,0.03,1,1,1,0.0,0.3333333333333333,0.12150000000000001,-1,-1,-1,1.0,1.0,-1.0,0.0,-0.3333333333333333,0.135,-1,-1,-1,0.356862745098039,0.694117647058824,0.803921568627451
146.8828320503235,0.0,-0.30558776742465615,0.03,1,1,1,0.0,0.3333333333333333,0.12150000000000001,-1,-1,-1,1.0,1.0,-1.0,0.0,-0.3333333333333333,0.135,-1,-1,-1,0.356862745098039,0.694117647058824,0.803921568627451
146.9183373451233,0.0,-0.3065352532526965,0.03,1,1,1,0.0,0.3333333333333333,0.12150000000000001,-1,-1,-1,1.0,1.0,-1.0,0.0,-0.3333333333333333,0.135,-1,-1,-1,0.356862745098039,0.694117647058824,0.803921568627451
146.95281648635864,0.0,-0.3074827390807368,0.03,1,1,1,0.0,0.3333333333333333,0.12150000000000001,-1,-1,-1,1.0,1.0,-1.0,0.0,-0.3333333333333333,0.135,-1,-1,-1,0.356862745098039,0.694117647058824,0.803921568627451
146.9875774383545,0.0,-0.30843022490877714,0.03,1,1,1,0.0,0.3333333333333333,0.12150000000000001,-1,-1,-1,1.0,1.0,-1.0,0.0,-0.3333333333333333,0.135,-1,-1,-1,0.356862745098039,0.694117647058824,0.803921568627451
147.03009748458862,0.0,-0.30937771073681747,0.03,1,1,1,0.0,0.3333333333333333,0.12150000000000001,-1,-1,-1,1.0,1.0,-1.0,0.0,-0.3333333333333333,0.135,-1,-1,-1,0.356862745098039,0.694117647058824,0.803921568627451
147.0640470981598,0.0,-0.3103251965648578,0.03,1,1,1,0.0,0.3333333333333333,0.12150000000000001,-1,-1,-1,1.0,1.0,-1.0,0.0,-0.3333333333333333,0.135,-1,-1,-1,0.356862745098039,0.694117647058824,0.803921568627451
147.0987503528595,0.0,-0.3112726823928981,0.03,1,1,1,0.0,0.3333333333333333,0.12150000000000001,-1,-1,-1,1.0,1.0,-1.0,0.0,-0.3333333333333333,0.135,-1,-1,-1,0.356862745098039,0.694117647058824,0.803921568627451
147.13355088233948,0.0,-0.31222016822093845,0.03,1,1,1,0.0,0.3333333333333333,0.12150000000000001,-1,-1,-1,1.0,1.0,-1.0,0.0,-0.3333333333333333,0.135,-1,-1,-1,0.356862745098039,0.694117647058824,0.803921568627451
147.16781163215637,0.0,-0.3131676540489788,0.03,1,1,1,0.0,0.3333333333333333,0.12150000000000001,-1,-1,-1,1.0,1.0,-1.0,0.0,-0.3333333333333333,0.135,-1,-1,-1,0.356862745098039,0.694117647058824,0.803921568627451
147.20308780670166,0.0,-0.3141151398770191,0.03,1,1,1,0.0,0.3333333333333333,0.12150000000000001,-1,-1,-1,1.0,1.0,-1.0,0.0,-0.3333333333333333,0.135,-1,-1,-1,0.356862745098039,0.694117647058824,0.803921568627451
147.24723076820374,0.0,-0.31506262570505944,0.03,1,1,1,0.0,0.3333333333333333,0.12150000000000001,-1,-1,-1,1.0,1.0,-1.0,0.0,-0.3333333333333333,0.135,-1,-1,-1,0.356862745098039,0.694117647058824,0.803921568627451
147.28055214881897,0.0,-0.31601011153309977,0.03,1,1,1,0.0,0.3333333333333333,0.12150000000000001,-1,-1,-1,1.0,1.0,-1.0,0.0,-0.3333333333333333,0.135,-1,-1,-1,0.356862745098039,0.694117647058824,0.803921568627451
147.31433510780334,0.0,-0.3169575973611401,0.03,1,1,1,0.0,0.3333333333333333,0.12150000000000001,-1,-1,-1,1.0,1.0,-1.0,0.0,-0.3333333333333333,0.135,-1,-1,-1,0.356862745098039,0.694117647058824,0.803921568627451
147.34922623634338,0.0,-0.3179050831891804,0.03,1,1,1,0.0,0.3333333333333333,0.12150000000000001,-1,-1,-1,1.0,1.0,-1.0,0.0,-0.3333333333333333,0.135,-1,-1,-1,0.356862745098039,0.694117647058824,0.803921568627451
147.38446712493896,0.0,-0.31885256901722075,0.03,1,1,1,0.0,0.3333333333333333,0.12150000000000001,-1,-1,-1,1.0,1.0,-1.0,0.0,-0.3333333333333333,0.135,-1,-1,-1,0.356862745098039,0.694117647058824,0.803921568627451
147.4176151752472,0.0,-0.3198000548452611,0.03,1,1,1,0.0,0.3333333333333333,0.12150000000000001,-1,-1,-1,1.0,1.0,-1.0,0.0,-0.3333333333333333,0.135,-1,-1,-1,0.356862745098039,0.694117647058824,0.803921568627451
147.4597795009613,0.0,-0.3207475406733014,0.03,1,1,1,0.0,0.3333333333333333,0.12150000000000001,-1,-1,-1,1.0,1.0,-1.0,0.0,-0.3333333333333333,0.135,-1,-1,-1,0.356862745098039,0.694117647058824,0.803921568627451
147.4948604106903,0.0,-0.32169502650134174,0.03,1,1,1,0.0,0.3333333333333333,0.12150000000000001,-1,-1,-1,1.0,1.0,-1.0,0.0,-0.3333333333333333,0.135,-1,-1,-1,0.356862745098039,0.694117647058824,0.803921568627451
147.5293424129486,0.0,-0.32264251232938207,0.03,1,1,1,0.0,0.3333333333333333,0.12150000000000001,-1,-1,-1,1.0,1.0,-1.0,0.0,-0.3333333333333333,0.135,-1,-1,-1,0.356862745098039,0.694117647058824,0.803921568627451
147.56393551826477,0.0,-0.3235899981574224,0.03,1,1,1,0.0,0.3333333333333333,0.12150000000000001,-1,-1,-1,1.0,1.0,-1.0,0.0,-0.3333333333333333,0.135,-1,-1,-1,0.356862745098039,0.694117647058824,0.803921568627451
147.59861850738525,0.0,-0.3245374839854627,0.03,1,1,1,0.0,0.3333333333333333,0.12150000000000001,-1,-1,-1,1.0,1.0,-1.0,0.0,-0.3333333333333333,0.135,-1,-1,-1,0.356862745098039,0.694117647058824,0.803921568627451
147.64014720916748,0.0,-0.32548496981350306,0.03,1,1,1,0.0,0.3333333333333333,0.12150000000000001,-1,-1,-1,1.0,1.0,-1.0,0.0,-0.3333333333333333,0.135,-1,-1,-1,0.356862745098039,0.694117647058824,0.803921568627451
147.67497730255127,0.0,-0.3264324556415434,0.03,1,1,1,0.0,0.3333333333333333,0.12150000000000001,-1,-1,-1,1.0,1.0,-1.0,0.0,-0.3333333333333333,0.135,-1,-1,-1,0.356862745098039,0.694117647058824,0.803921568627451
147.70899963378906,0.0,-0.3273799414695837,0.03,1,1,1,0.0,0.3333333333333333,0.12150000000000001,-1,-1,-1,1.0,1.0,-1.0,0.0,-0.3333333333333333,0.135,-1,-1,-1,0.356862745098039,0.694117647058824,0.803921568627451
147.74871850013733,0.0,-0.32832742729762404,0.03,1,1,1,0.0,0.3333333333333333,0.12150000000000001,-1,-1,-1,1.0,1.0,-1.0,0.0,-0.3333333333333333,0.135,-1,-1,-1,0.356862745098039,0.694117647058824,0.803921568627451
147.7831621170044,0.0,-0.32927491312566437,0.03,1,1,1,0.0,0.3333333333333333,0.12150000000000001,-1,-1,-1,1.0,1.0,-1.0,0.0,-0.3333333333333333,0.135,-1,-1,-1,0.356862745098039,0.694117647058824,0.803921568627451
147.82055282592773,0.0,-0.3302223989537047,0.03,1,1,1,0.0,0.3333333333333333,0.12150000000000001,-1,-1,-1,1.0,1.0,-1.0,0.0,-0.3333333333333333,0.135,-1,-1,-1,0.356862745098039,0.694117647058824,0.803921568627451
147.85552525520325,0.0,-0.331169884781745,0.03,1,1,1,0.0,0.3333333333333333,0.12150000000000001,-1,-1,-1,1.0,1.0,-1.0,0.0,-0.3333333333333333,0.135,-1,-1,-1,0.356862745098039,0.694117647058824,0.803921568627451
147.89065051078796,0.0,-0.3321980732542225,0.03,1,1,1,0.0,0.3333333333333333,0.12150000000000001,-1,-1,-1,1.0,1.0,-1.0,0.0,-0.3333333333333333,0.135,-1,-1,-1,0.356862745098039,0.694117647058824,0.803921568627451
147.9249677658081,0.0,-0.33334731569335574,0.03,1,1,1,0.0,0.3333333333333333,0.12150000000000001,-1,-1,-1,1.0,1.0,-1.0,0.0,-0.3333333333333333,0.135,-1,-1,-1,0.356862745098039,0.694117647058824,0.803921568627451
147.9599688053131,0.0,-0.33334731569335574,0.03,1,1,1,0.0,0.3333333333333333,0.12150000000000001,-1,-1,-1,1.0,1.0,-1.0,0.0,-0.3333333333333333,0.135,-1,-1,-1,0.356862745098039,0.694117647058824,0.803921568627451
148.0023534297943,0.0,-0.33334731569335574,0.03,1,1,1,0.0,0.3333333333333333,0.12150000000000001,-1,-1,-1,1.0,1.0,-1.0,0.0,-0.3333333333333333,0.135,-1,-1,-1,0.356862745098039,0.694117647058824,0.803921568627451
148.03653001785278,0.0,-0.33334731569335574,0.03,1,1,1,0.0,0.3333333333333333,0.12150000000000001,-1,-1,-1,1.0,1.0,-1.0,0.0,-0.3333333333333333,0.135,-1,-1,-1,0.356862745098039,0.694117647058824,0.803921568627451
148.07126092910767,0.0,-0.33334731569335574,0.03,1,1,1,0.0,0.3333333333333333,0.12150000000000001,-1,-1,-1,1.0,1.0,-1.0,0.0,-0.3333333333333333,0.135,-1,-1,-1,0.356862745098039,0.694117647058824,0.803921568627451
148.10580587387085,0.0,-0.33334731569335574,0.03,1,1,1,0.0,0.3333333333333333,0.12150000000000001,-1,-1,-1,1.0,1.0,-1.0,0.0,-0.3333333333333333,0.135,-1,-1,-1,0.356862745098039,0.694117647058824,0.803921568627451
148.14050698280334,0.0,-0.33334731569335574,0.03,1,1,1,0.0,0.3333333333333333,0.12150000000000001,-1,-1,-1,1.0,1.0,-1.0,0.0,-0.3333333333333333,0.135,-1,-1,-1,0.356862745098039,0.694117647058824,0.803921568627451
148.1746940612793,0.0,-0.33334731569335574,0.03,1,1,1,0.0,0.3333333333333333,0.12150000000000001,-1,-1,-1,1.0,1.0,-1.0,0.0,-0.3333333333333333,0.135,-1,-1,-1,0.356862745098039,0.694117647058824,0.803921568627451
148.21701526641846,0.0,-0.33334731569335574,0.03,1,1,1,0.0,0.3333333333333333,0.12150000000000001,-1,-1,-1,1.0,1.0,-1.0,0.0,-0.3333333333333333,0.135,-1,-1,-1,0.356862745098039,0.694117647058824,0.803921568627451
148.2530858516693,0.0,-0.33334731569335574,0.03,1,1,1,0.0,0.3333333333333333,0.12150000000000001,-1,-1,-1,1.0,1.0,-1.0,0.0,-0.3333333333333333,0.135,-1,-1,-1,0.356862745098039,0.694117647058824,0.803921568627451
148.2866349220276,0.0,-0.33334731569335574,0.03,1,1,1,0.0,0.3333333333333333,0.12150000000000001,-1,-1,-1,1.0,1.0,-1.0,0.0,-0.3333333333333333,0.135,-1,-1,-1,0.356862745098039,0.694117647058824,0.803921568627451
148.32171177864075,0.0,-0.33334731569335574,0.03,1,1,1,0.0,0.3333333333333333,0.12150000000000001,-1,-1,-1,1.0,1.0,-1.0,0.0,-0.3333333333333333,0.135,-1,-1,-1,0.356862745098039,0.694117647058824,0.803921568627451
148.3560254573822,0.0,-0.33334731569335574,0.03,1,1,1,0.0,0.3333333333333333,0.12150000000000001,-1,-1,-1,1.0,1.0,-1.0,0.0,-0.3333333333333333,0.135,-1,-1,-1,0.356862745098039,0.694117647058824,0.803921568627451
148.40559005737305,0.0,-0.33334731569335574,0.03,1,1,1,0.0,0.3333333333333333,0.12150000000000001,-1,-1,-1,1.0,1.0,-1.0,0.0,-0.3333333333333333,0.135,-1,-1,-1,0.356862745098039,0.694117647058824,0.803921568627451
148.43942546844482,0.0,-0.33334731569335574,0.03,1,1,1,0.0,0.3333333333333333,0.12150000000000001,-1,-1,-1,1.0,1.0,-1.0,0.0,-0.3333333333333333,0.135,-1,-1,-1,0.356862745098039,0.694117647058824,0.803921568627451
148.47444200515747,0.0,-0.33334731569335574,0.03,1,1,1,0.0,0.3333333333333333,0.12150000000000001,-1,-1,-1,1.0,1.0,-1.0,0.0,-0.3333333333333333,0.135,-1,-1,-1,0.356862745098039,0.694117647058824,0.803921568627451
148.50941562652588,0.0,-0.33334731569335574,0.03,1,1,1,0.0,0.3333333333333333,0.12150000000000001,-1,-1,-1,1.0,1.0,-1.0,0.0,-0.3333333333333333,0.135,-1,-1,-1,0.356862745098039,0.694117647058824,0.803921568627451
148.55503129959106,0.0,-0.33334731569335574,0.03,1,1,1,0.0,0.3333333333333333,0.12150000000000001,-1,-1,-1,1.0,1.0,-1.0,0.0,-0.3333333333333333,0.135,-1,-1,-1,0.356862745098039,0.694117647058824,0.803921568627451
148.59254956245422,0.0,-0.33334731569335574,0.03,1,1,1,0.0,0.3333333333333333,0.12150000000000001,-1,-1,-1,1.0,1.0,-1.0,0.0,-0.3333333333333333,0.135,-1,-1,-1,0.356862745098039,0.694117647058824,0.803921568627451
148.62738227844238,0.0,-0.33334731569335574,0.03,1,1,1,0.0,0.3333333333333333,0.12150000000000001,-1,-1,-1,1.0,1.0,-1.0,0.0,-0.3333333333333333,0.135,-1,-1,-1,0.356862745098039,0.694117647058824,0.803921568627451
148.662606716156,0.0,-0.33334731569335574,0.03,1,1,1,0.0,0.3333333333333333,0.12150000000000001,-1,-1,-1,1.0,1.0,-1.0,0.0,-0.3333333333333333,0.135,-1,-1,-1,0.356862745098039,0.694117647058824,0.803921568627451
148.6969861984253,0.0,-0.33334731569335574,0.03,1,1,1,0.0,0.3333333333333333,0.12150000000000001,-1,-1,-1,1.0,1.0,-1.0,0.0,-0.3333333333333333,0.135,-1,-1,-1,0.356862745098039,0.694117647058824,0.803921568627451
148.7385971546173,0.0,-0.33334731569335574,0.03,1,1,1,0.0,0.3333333333333333,0.12150000000000001,-1,-1,-1,1.0,1.0,-1.0,0.0,-0.3333333333333333,0.135,-1,-1,-1,0.356862745098039,0.694117647058824,0.803921568627451
148.78034782409668,0.0,-0.33334731569335574,0.03,1,1,1,0.0,0.3333333333333333,0.12150000000000001,-1,-1,-1,1.0,1.0,-1.0,0.0,-0.3333333333333333,0.135,-1,-1,-1,0.356862745098039,0.694117647058824,0.803921568627451
148.8148808479309,0.0,-0.33334731569335574,0.03,1,1,1,0.0,0.3333333333333333,0.12150000000000001,-1,-1,-1,1.0,1.0,-1.0,0.0,-0.3333333333333333,0.135,-1,-1,-1,0.356862745098039,0.694117647058824,0.803921568627451
148.85469007492065,0.0,-0.33334731569335574,0.03,1,1,1,0.0,0.3333333333333333,0.12150000000000001,-1,-1,-1,1.0,1.0,-1.0,0.0,-0.3333333333333333,0.135,-1,-1,-1,0.356862745098039,0.694117647058824,0.803921568627451
148.88847756385803,0.0,-0.33334731569335574,0.03,1,1,1,0.0,0.3333333333333333,0.12150000000000001,-1,-1,-1,1.0,1.0,-1.0,0.0,-0.3333333333333333,0.135,-1,-1,-1,0.356862745098039,0.694117647058824,0.803921568627451
148.9235315322876,0.0,-0.33334731569335574,0.03,1,1,1,0.0,0.3333333333333333,0.12150000000000001,-1,-1,-1,1.0,1.0,-1.0,0.0,-0.3333333333333333,0.135,-1,-1,-1,0.356862745098039,0.694117647058824,0.803921568627451
148.96060872077942,0.0,-0.33334731569335574,0.03,1,1,1,0.0,0.3333333333333333,0.12150000000000001,-1,-1,-1,1.0,1.0,-1.0,0.0,-0.3333333333333333,0.135,-1,-1,-1,0.356862745098039,0.694117647058824,0.803921568627451
149.00224685668945,0.0,-0.33334731569335574,0.03,1,1,1,0.0,0.3333333333333333,0.12150000000000001,-1,-1,-1,1.0,1.0,-1.0,0.0,-0.3333333333333333,0.135,-1,-1,-1,0.356862745098039,0.694117647058824,0.803921568627451
149.03758907318115,0.0,-0.33334731569335574,0.03,1,1,1,0.0,0.3333333333333333,0.12150000000000001,-1,-1,-1,1.0,1.0,-1.0,0.0,-0.3333333333333333,0.135,-1,-1,-1,0.356862745098039,0.694117647058824,0.803921568627451
149.07168579101562,0.0,-0.33334731569335574,0.03,1,1,1,0.0,0.3333333333333333,0.12150000000000001,-1,-1,-1,1.0,1.0,-1.0,0.0,-0.3333333333333333,0.135,-1,-1,-1,0.356862745098039,0.694117647058824,0.803921568627451
149.1139874458313,0.0,-0.0032451659998410627,0.03,1,1,1,0.0,0.3333333333333333,0.12150000000000001,-1,-1,-1,1.0,1.0,-1.0,0.0,-0.3333333333333333,0.12150000000000001,1,1,1,0.356862745098039,0.694117647058824,0.803921568627451
149.15699577331543,0.0,-0.00730162349964239,0.03,1,1,1,0.0,0.3333333333333333,0.12150000000000001,-1,-1,-1,1.0,1.0,-1.0,0.0,-0.3333333333333333,0.12150000000000001,1,1,1,0.356862745098039,0.694117647058824,0.803921568627451
149.1911141872406,0.0,-0.011358080999443722,0.03,1,1,1,0.0,0.3333333333333333,0.12150000000000001,-1,-1,-1,1.0,1.0,-1.0,0.0,-0.3333333333333333,0.12150000000000001,1,1,1,0.356862745098039,0.694117647058824,0.803921568627451
149.2267837524414,0.0,-0.015414538499245055,0.03,1,1,1,0.0,0.3333333333333333,0.12150000000000001,-1,-1,-1,1.0,1.0,-1.0,0.0,-0.3333333333333333,0.12150000000000001,1,1,1,0.356862745098039,0.694117647058824,0.803921568627451
149.25957250595093,0.0,-0.019470995999046385,0.03,1,1,1,0.0,0.3333333333333333,0.12150000000000001,-1,-1,-1,1.0,1.0,-1.0,0.0,-0.3333333333333333,0.12150000000000001,1,1,1,0.356862745098039,0.694117647058824,0.803921568627451
149.29579281806946,0.0,-0.023527453498847717,0.03,1,1,1,0.0,0.3333333333333333,0.12150000000000001,-1,-1,-1,1.0,1.0,-1.0,0.0,-0.3333333333333333,0.12150000000000001,1,1,1,0.356862745098039,0.694117647058824,0.803921568627451
149.3433153629303,0.0,-0.02758391099864905,0.03,1,1,1,0.0,0.3333333333333333,0.12150000000000001,-1,-1,-1,1.0,1.0,-1.0,0.0,-0.3333333333333333,0.12150000000000001,1,1,1,0.356862745098039,0.694117647058824,0.803921568627451
149.3775670528412,0.0,-0.03164036849845037,0.03,1,1,1,0.0,0.3333333333333333,0.12150000000000001,-1,-1,-1,1.0,1.0,-1.0,0.0,-0.3333333333333333,0.12150000000000001,1,1,1,0.356862745098039,0.694117647058824,0.803921568627451
149.4122040271759,0.0,-0.035696825998251705,0.03,1,1,1,0.0,0.3333333333333333,0.12150000000000001,-1,-1,-1,1.0,1.0,-1.0,0.0,-0.3333333333333333,0.12150000000000001,1,1,1,0.356862745098039,0.694117647058824,0.803921568627451
149.44689750671387,0.0,-0.03975328349805304,0.03,1,1,1,0.0,0.3333333333333333,0.12150000000000001,-1,-1,-1,1.0,1.0,-1.0,0.0,-0.3333333333333333,0.12150000000000001,1,1,1,0.356862745098039,0.694117647058824,0.803921568627451
149.48143768310547,0.0,-0.04380974099785437,0.03,1,1,1,0.0,0.3333333333333333,0.12150000000000001,-1,-1,-1,1.0,1.0,-1.0,0.0,-0.3333333333333333,0.12150000000000001,1,1,1,0.356862745098039,0.694117647058824,0.803921568627451
149.52569961547852,0.0,-0.0478661984976557,0.03,1,1,1,0.0,0.3333333333333333,0.12150000000000001,-1,-1,-1,1.0,1.0,-1.0,0.0,-0.3333333333333333,0.12150000000000001,1,1,1,0.356862745098039,0.694117647058824,0.803921568627451
149.5642306804657,0.0,-0.05192265599745703,0.03,1,1,1,0.0,0.3333333333333333,0.12150000000000001,-1,-1,-1,1.0,1.0,-1.0,0.0,-0.3333333333333333,0.12150000000000001,1,1,1,0.356862745098039,0.694117647058824,0.803921568627451
149.59967684745789,0.0,-0.05597911349725836,0.03,1,1,1,0.0,0.3333333333333333,0.12150000000000001,-1,-1,-1,1.0,1.0,-1.0,0.0,-0.3333333333333333,0.12150000000000001,1,1,1,0.356862745098039,0.694117647058824,0.803921568627451
149.6341474056244,0.0,-0.06003557099705969,0.03,1,1,1,0.0,0.3333333333333333,0.12150000000000001,-1,-1,-1,1.0,1.0,-1.0,0.0,-0.3333333333333333,0.12150000000000001,1,1,1,0.356862745098039,0.694117647058824,0.803921568627451
149.66830205917358,0.0,-0.06409202849686102,0.03,1,1,1,0.0,0.3333333333333333,0.12150000000000001,-1,-1,-1,1.0,1.0,-1.0,0.0,-0.3333333333333333,0.12150000000000001,1,1,1,0.356862745098039,0.694117647058824,0.803921568627451
149.7106921672821,0.0,-0.06814848599666232,0.03,1,1,1,0.0,0.3333333333333333,0.12150000000000001,-1,-1,-1,1.0,1.0,-1.0,0.0,-0.3333333333333333,0.12150000000000001,1,1,1,0.356862745098039,0.694117647058824,0.803921568627451
149.74458622932434,0.0,-0.07220494349646361,0.03,1,1,1,0.0,0.3333333333333333,0.12150000000000001,-1,-1,-1,1.0,1.0,-1.0,0.0,-0.3333333333333333,0.12150000000000001,1,1,1,0.356862745098039,0.694117647058824,0.803921568627451
149.77939677238464,0.0,-0.07626140099626491,0.03,1,1,1,0.0,0.3333333333333333,0.12150000000000001,-1,-1,-1,1.0,1.0,-1.0,0.0,-0.3333333333333333,0.12150000000000001,1,1,1,0.356862745098039,0.694117647058824,0.803921568627451
149.81497383117676,0.0,-0.08031785849606621,0.03,1,1,1,0.0,0.3333333333333333,0.12150000000000001,-1,-1,-1,1.0,1.0,-1.0,0.0,-0.3333333333333333,0.12150000000000001,1,1,1,0.356862745098039,0.694117647058824,0.803921568627451
149.8489248752594,0.0,-0.0843743159958675,0.03,1,1,1,0.0,0.3333333333333333,0.12150000000000001,-1,-1,-1,1.0,1.0,-1.0,0.0,-0.3333333333333333,0.12150000000000001,1,1,1,0.356862745098039,0.694117647058824,0.803921568627451
149.89281606674194,0.0,-0.0884307734956688,0.03,1,1,1,0.0,0.3333333333333333,0.12150000000000001,-1,-1,-1,1.0,1.0,-1.0,0.0,-0.3333333333333333,0.12150000000000001,1,1,1,0.356862745098039,0.694117647058824,0.803921568627451
149.9264006614685,0.0,-0.0924872309954701,0.03,1,1,1,0.0,0.3333333333333333,0.12150000000000001,-1,-1,-1,1.0,1.0,-1.0,0.0,-0.3333333333333333,0.12150000000000001,1,1,1,0.356862745098039,0.694117647058824,0.803921568627451
149.95947122573853,0.0,-0.0965436884952714,0.03,1,1,1,0.0,0.3333333333333333,0.12150000000000001,-1,-1,-1,1.0,1.0,-1.0,0.0,-0.3333333333333333,0.12150000000000001,1,1,1,0.356862745098039,0.694117647058824,0.803921568627451
149.99515867233276,0.0,-0.10060014599507269,0.03,1,1,1,0.0,0.3333333333333333,0.12150000000000001,-1,-1,-1,1.0,1.0,-1.0,0.0,-0.3333333333333333,0.12150000000000001,1,1,1,0.356862745098039,0.694117647058824,0.803921568627451
150.02944087982178,0.0,-0.10465660349487399,0.03,1,1,1,0.0,0.3333333333333333,0.12150000000000001,-1,-1,-1,1.0,1.0,-1.0,0.0,-0.3333333333333333,0.12150000000000001,1,1,1,0.356862745098039,0.694117647058824,0.803921568627451
150.07106113433838,0.0,-0.10871306099467529,0.03,1,1,1,0.0,0.3333333333333333,0.12150000000000001,-1,-1,-1,1.0,1.0,-1.0,0.0,-0.3333333333333333,0.12150000000000001,1,1,1,0.356862745098039,0.694117647058824,0.803921568627451
150.1058554649353,0.0,-0.11276951849447658,0.03,1,1,1,0.0,0.3333333333333333,0.12150000000000001,-1,-1,-1,1.0,1.0,-1.0,0.0,-0.3333333333333333,0.12150000000000001,1,1,1,0.356862745098039,0.694117647058824,0.803921568627451
150.14093375205994,0.0,-0.11682597599427788,0.03,1,1,1,0.0,0.3333333333333333,0.12150000000000001,-1,-1,-1,1.0,1.0,-1.0,0.0,-0.3333333333333333,0.12150000000000001,1,1,1,0.356862745098039,0.694117647058824,0.803921568627451
150.17559790611267,0.0,-0.12088243349407916,0.03,1,1,1,0.0,0.3333333333333333,0.12150000000000001,-1,-1,-1,1.0,1.0,-1.0,0.0,-0.3333333333333333,0.12150000000000001,1,1,1,0.356862745098039,0.694117647058824,0.803921568627451
150.2102153301239,0.0,-0.12493889099388045,0.03,1,1,1,0.0,0.3333333333333333,0.12150000000000001,-1,-1,-1,1.0,1.0,-1.0,0.0,-0.3333333333333333,0.12150000000000001,1,1,1,0.356862745098039,0.694117647058824,0.803921568627451
150.25234508514404,0.0,-0.12899534849368174,0.03,1,1,1,0.0,0.3333333333333333,0.12150000000000001,-1,-1,-1,1.0,1.0,-1.0,0.0,-0.3333333333333333,0.12150000000000001,1,1,1,0.356862745098039,0.694117647058824,0.803921568627451
150.28665137290955,0.0,-0.13209467605609537,0.03,1,1,1,0.0,0.3333333333333333,0.12150000000000001,-1,-1,-1,1.0,1.0,-1.0,0.0,-0.3333333333333333,0.12150000000000001,-1,-1,-1,0.356862745098039,0.694117647058824,0.803921568627451
150.3210232257843,0.0,-0.13136548386895833,0.03,1,1,1,0.0,0.3333333333333333,0.12150000000000001,-1,-1,-1,1.0,1.0,-1.0,0.0,-0.3333333333333333,0.12150000000000001,-1,-1,-1,0.356862745098039,0.694117647058824,0.803921568627451
150.36006999015808,0.0,-0.13063629168182128,0.03,1,1,1,0.0,0.3333333333333333,0.12150000000000001,-1,-1,-1,1.0,1.0,-1.0,0.0,-0.3333333333333333,0.12150000000000001,-1,-1,-1,0.356862745098039,0.694117647058824,0.803921568627451
150.39489555358887,0.0,-0.12990709949468424,0.03,1,1,1,0.0,0.3333333333333333,0.12150000000000001,-1,-1,-1,1.0,1.0,-1.0,0.0,-0.3333333333333333,0.12150000000000001,-1,-1,-1,0.356862745098039,0.694117647058824,0.803921568627451
150.42935729026794,0.0,-0.1291779073075472,0.03,1,1,1,0.0,0.3333333333333333,0.12150000000000001,-1,-1,-1,1.0,1.0,-1.0,0.0,-0.3333333333333333,0.12150000000000001,-1,-1,-1,0.356862745098039,0.694117647058824,0.803921568627451
150.46700024604797,0.0,-0.12844871512041015,0.03,1,1,1,0.0,0.3333333333333333,0.12150000000000001,-1,-1,-1,1.0,1.0,-1.0,0.0,-0.3333333333333333,0.12150000000000001,-1,-1,-1,0.356862745098039,0.694117647058824,0.803921568627451
150.50158166885376,0.0,-0.1277195229332731,0.03,1,1,1,0.0,0.3333333333333333,0.12150000000000001,-1,-1,-1,1.0,1.0,-1.0,0.0,-0.3333333333333333,0.12150000000000001,-1,-1,-1,0.356862745098039,0.694117647058824,0.803921568627451
150.53627061843872,0.0,-0.12699033074613605,0.03,1,1,1,0.0,0.3333333333333333,0.12150000000000001,-1,-1,-1,1.0,1.0,-1.0,0.0,-0.3333333333333333,0.12150000000000001,-1,-1,-1,0.356862745098039,0.694117647058824,0.803921568627451
150.5708544254303,0.0,-0.126261138558999,0.03,1,1,1,0.0,0.3333333333333333,0.12150000000000001,-1,-1,-1,1.0,1.0,-1.0,0.0,-0.3333333333333333,0.12150000000000001,-1,-1,-1,0.356862745098039,0.694117647058824,0.803921568627451
150.60557317733765,0.0,-0.12553194637186196,0.03,1,1,1,0.0,0.3333333333333333,0.12150000000000001,-1,-1,-1,1.0,1.0,-1.0,0.0,-0.3333333333333333,0.12150000000000001,-1,-1,-1,0.356862745098039,0.694117647058824,0.803921568627451
150.64798521995544,0.0,-0.12480275418472489,0.03,1,1,1,0.0,0.3333333333333333,0.12150000000000001,-1,-1,-1,1.0,1.0,-1.0,0.0,-0.3333333333333333,0.12150000000000001,-1,-1,-1,0.356862745098039,0.694117647058824,0.803921568627451
150.68259572982788,0.0,-0.12407356199758782,0.03,1,1,1,0.0,0.3333333333333333,0.12150000000000001,-1,-1,-1,1.0,1.0,-1.0,0.0,-0.3333333333333333,0.12150000000000001,-1,-1,-1,0.356862745098039,0.694117647058824,0.803921568627451
150.7168891429901,0.0,-0.12334436981045074,0.03,1,1,1,0.0,0.3333333333333333,0.12150000000000001,-1,-1,-1,1.0,1.0,-1.0,0.0,-0.3333333333333333,0.12150000000000001,-1,-1,-1,0.356862745098039,0.694117647058824,0.803921568627451
150.75163984298706,0.0,-0.12261517762331367,0.03,1,1,1,0.0,0.3333333333333333,0.12150000000000001,-1,-1,-1,1.0,1.0,-1.0,0.0,-0.3333333333333333,0.12150000000000001,-1,-1,-1,0.356862745098039,0.694117647058824,0.803921568627451
150.78591418266296,0.0,-0.1218859854361766,0.03,1,1,1,0.0,0.3333333333333333,0.12150000000000001,-1,-1,-1,1.0,1.0,-1.0,0.0,-0.3333333333333333,0.12150000000000001,-1,-1,-1,0.356862745098039,0.694117647058824,0.803921568627451
150.82007026672363,0.0,-0.12115679324903952,0.03,1,1,1,0.0,0.3333333333333333,0.12150000000000001,-1,-1,-1,1.0,1.0,-1.0,0.0,-0.3333333333333333,0.12150000000000001,-1,-1,-1,0.356862745098039,0.694117647058824,0.803921568627451
150.85594654083252,0.0,-0.12042760106190245,0.03,1,1,1,0.0,0.3333333333333333,0.12150000000000001,-1,-1,-1,1.0,1.0,-1.0,0.0,-0.3333333333333333,0.12150000000000001,-1,-1,-1,0.356862745098039,0.694117647058824,0.803921568627451
150.89046382904053,0.0,-0.11969840887476538,0.03,1,1,1,0.0,0.3333333333333333,0.12150000000000001,-1,-1,-1,1.0,1.0,-1.0,0.0,-0.3333333333333333,0.12150000000000001,-1,-1,-1,0.356862745098039,0.694117647058824,0.803921568627451
150.92531538009644,0.0,-0.1189692166876283,0.03,1,1,1,0.0,0.3333333333333333,0.12150000000000001,-1,-1,-1,1.0,1.0,-1.0,0.0,-0.3333333333333333,0.12150000000000001,-1,-1,-1,0.356862745098039,0.694117647058824,0.803921568627451
150.95986151695251,0.0,-0.11824002450049122,0.03,1,1,1,0.0,0.3333333333333333,0.12150000000000001,-1,-1,-1,1.0,1.0,-1.0,0.0,-0.3333333333333333,0.12150000000000001,-1,-1,-1,0.356862745098039,0.694117647058824,0.803921568627451
150.99958419799805,0.0,-0.1175108323133541,0.03,1,1,1,0.0,0.3333333333333333,0.12150000000000001,-1,-1,-1,1.0,1.0,-1.0,0.0,-0.3333333333333333,0.12150000000000001,-1,-1,-1,0.356862745098039,0.694117647058824,0.803921568627451
151.03649830818176,0.0,-0.11678164012621699,0.03,1,1,1,0.0,0.3333333333333333,0.12150000000000001,-1,-1,-1,1.0,1.0,-1.0,0.0,-0.3333333333333333,0.12150000000000001,-1,-1,-1,0.356862745098039,0.694117647058824,0.803921568627451
151.07825660705566,0.0,-0.11605244793907987,0.03,1,1,1,0.0,0.3333333333333333,0.12150000000000001,-1,-1,-1,1.0,1.0,-1.0,0.0,-0.3333333333333333,0.12150000000000001,-1,-1,-1,0.356862745098039,0.694117647058824,0.803921568627451
151.1129789352417,0.0,-0.11532325575194276,0.03,1,1,1,0.0,0.3333333333333333,0.12150000000000001,-1,-1,-1,1.0,1.0,-1.0,0.0,-0.3333333333333333,0.12150000000000001,-1,-1,-1,0.356862745098039,0.694117647058824,0.803921568627451
151.14768362045288,0.0,-0.11459406356480564,0.03,1,1,1,0.0,0.3333333333333333,0.12150000000000001,-1,-1,-1,1.0,1.0,-1.0,0.0,-0.3333333333333333,0.12150000000000001,-1,-1,-1,0.356862745098039,0.694117647058824,0.803921568627451
151.18222165107727,0.0,-0.11386487137766853,0.03,1,1,1,0.0,0.3333333333333333,0.12150000000000001,-1,-1,-1,1.0,1.0,-1.0,0.0,-0.3333333333333333,0.12150000000000001,-1,-1,-1,0.356862745098039,0.694117647058824,0.803921568627451
151.22395181655884,0.0,-0.11313567919053141,0.03,1,1,1,0.0,0.3333333333333333,0.12150000000000001,-1,-1,-1,1.0,1.0,-1.0,0.0,-0.3333333333333333,0.12150000000000001,-1,-1,-1,0.356862745098039,0.694117647058824,0.803921568627451
151.25860857963562,0.0,-0.1124064870033943,0.03,1,1,1,0.0,0.3333333333333333,0.12150000000000001,-1,-1,-1,1.0,1.0,-1.0,0.0,-0.3333333333333333,0.12150000000000001,-1,-1,-1,0.356862745098039,0.694117647058824,0.803921568627451
151.29341053962708,0.0,-0.11167729481625718,0.03,1,1,1,0.0,0.3333333333333333,0.12150000000000001,-1,-1,-1,1.0,1.0,-1.0,0.0,-0.3333333333333333,0.12150000000000001,-1,-1,-1,0.356862745098039,0.694117647058824,0.803921568627451
151.33212447166443,0.0,-0.11094810262912007,0.03,1,1,1,0.0,0.3333333333333333,0.12150000000000001,-1,-1,-1,1.0,1.0,-1.0,0.0,-0.3333333333333333,0.12150000000000001,-1,-1,-1,0.356862745098039,0.694117647058824,0.803921568627451
151.36686635017395,0.0,-0.11021891044198295,0.03,1,1,1,0.0,0.3333333333333333,0.12150000000000001,-1,-1,-1,1.0,1.0,-1.0,0.0,-0.3333333333333333,0.12150000000000001,-1,-1,-1,0.356862745098039,0.694117647058824,0.803921568627451
151.40513706207275,0.0,-0.10948971825484584,0.03,1,1,1,0.0,0.3333333333333333,0.12150000000000001,-1,-1,-1,1.0,1.0,-1.0,0.0,-0.3333333333333333,0.12150000000000001,-1,-1,-1,0.356862745098039,0.694117647058824,0.803921568627451
151.43920922279358,0.0,-0.10876052606770872,0.03,1,1,1,0.0,0.3333333333333333,0.12150000000000001,-1,-1,-1,1.0,1.0,-1.0,0.0,-0.3333333333333333,0.12150000000000001,-1,-1,-1,0.356862745098039,0.694117647058824,0.803921568627451
151.47391867637634,0.0,-0.10803133388057161,0.03,1,1,1,0.0,0.3333333333333333,0.12150000000000001,-1,-1,-1,1.0,1.0,-1.0,0.0,-0.3333333333333333,0.12150000000000001,-1,-1,-1,0.356862745098039,0.694117647058824,0.803921568627451
151.5102140903473,0.0,-0.10903063326167595,0.03,1,1,1,0.0,0.3333333333333333,0.12150000000000001,-1,-1,-1,1.0,1.0,-1.0,0.0,-0.3333333333333333,0.12150000000000001,-1,-1,-1,0.356862745098039,0.694117647058824,0.803921568627451
151.5442671775818,0.0,-0.11046205553484065,0.03,1,1,1,0.0,0.3333333333333333,0.12150000000000001,-1,-1,-1,1.0,1.0,-1.0,0.0,-0.3333333333333333,0.12150000000000001,-1,-1,-1,0.356862745098039,0.694117647058824,0.803921568627451
151.58580136299133,0.0,-0.11189347780800535,0.03,1,1,1,0.0,0.3333333333333333,0.12150000000000001,-1,-1,-1,1.0,1.0,-1.0,0.0,-0.3333333333333333,0.12150000000000001,-1,-1,-1,0.356862745098039,0.694117647058824,0.803921568627451
151.62756633758545,0.0,-0.11332490008117005,0.03,1,1,1,0.0,0.3333333333333333,0.12150000000000001,-1,-1,-1,1.0,1.0,-1.0,0.0,-0.3333333333333333,0.12150000000000001,-1,-1,-1,0.356862745098039,0.694117647058824,0.803921568627451
151.6620638370514,0.0,-0.11475632235433475,0.03,1,1,1,0.0,0.3333333333333333,0.12150000000000001,-1,-1,-1,1.0,1.0,-1.0,0.0,-0.3333333333333333,0.12150000000000001,-1,-1,-1,0.356862745098039,0.694117647058824,0.803921568627451
151.69691133499146,0.0,-0.11618774462749945,0.03,1,1,1,0.0,0.3333333333333333,0.12150000000000001,-1,-1,-1,1.0,1.0,-1.0,0.0,-0.3333333333333333,0.12150000000000001,-1,-1,-1,0.356862745098039,0.694117647058824,0.803921568627451
151.73617005348206,0.0,-0.11761916690066415,0.03,1,1,1,0.0,0.3333333333333333,0.12150000000000001,-1,-1,-1,1.0,1.0,-1.0,0.0,-0.3333333333333333,0.12150000000000001,-1,-1,-1,0.356862745098039,0.694117647058824,0.803921568627451
151.77031755447388,0.0,-0.11905058917382884,0.03,1,1,1,0.0,0.3333333333333333,0.12150000000000001,-1,-1,-1,1.0,1.0,-1.0,0.0,-0.3333333333333333,0.12150000000000001,-1,-1,-1,0.356862745098039,0.694117647058824,0.803921568627451
151.80910968780518,0.0,-0.12048201144699354,0.03,1,1,1,0.0,0.3333333333333333,0.12150000000000001,-1,-1,-1,1.0,1.0,-1.0,0.0,-0.3333333333333333,0.12150000000000001,-1,-1,-1,0.356862745098039,0.694117647058824,0.803921568627451
151.84989857673645,0.0,-0.12191343372015824,0.03,1,1,1,0.0,0.3333333333333333,0.12150000000000001,-1,-1,-1,1.0,1.0,-1.0,0.0,-0.3333333333333333,0.12150000000000001,-1,-1,-1,0.356862745098039,0.694117647058824,0.803921568627451
151.8844816684723,0.0,-0.12334485599332294,0.03,1,1,1,0.0,0.3333333333333333,0.12150000000000001,-1,-1,-1,1.0,1.0,-1.0,0.0,-0.3333333333333333,0.12150000000000001,-1,-1,-1,0.356862745098039,0.694117647058824,0.803921568627451
151.91917395591736,0.0,-0.12477627826648764,0.03,1,1,1,0.0,0.3333333333333333,0.12150000000000001,-1,-1,-1,1.0,1.0,-1.0,0.0,-0.3333333333333333,0.12150000000000001,-1,-1,-1,0.356862745098039,0.694117647058824,0.803921568627451
151.95346522331238,0.0,-0.12620770053965233,0.03,1,1,1,0.0,0.3333333333333333,0.12150000000000001,-1,-1,-1,1.0,1.0,-1.0,0.0,-0.3333333333333333,0.12150000000000001,-1,-1,-1,0.356862745098039,0.694117647058824,0.803921568627451
151.99512553215027,0.0,-0.12763912281281703,0.03,1,1,1,0.0,0.3333333333333333,0.12150000000000001,-1,-1,-1,1.0,1.0,-1.0,0.0,-0.3333333333333333,0.12150000000000001,-1,-1,-1,0.356862745098039,0.694117647058824,0.803921568627451
152.03973484039307,0.0,-0.12907054508598173,0.03,1,1,1,0.0,0.3333333333333333,0.12150000000000001,-1,-1,-1,1.0,1.0,-1.0,0.0,-0.3333333333333333,0.12150000000000001,-1,-1,-1,0.356862745098039,0.694117647058824,0.803921568627451
152.07884407043457,0.0,-0.13050196735914643,0.03,1,1,1,0.0,0.3333333333333333,0.12150000000000001,-1,-1,-1,1.0,1.0,-1.0,0.0,-0.3333333333333333,0.12150000000000001,-1,-1,-1,0.356862745098039,0.694117647058824,0.803921568627451
152.1140215396881,0.0,-0.13193338963231113,0.03,1,1,1,0.0,0.3333333333333333,0.12150000000000001,-1,-1,-1,1.0,1.0,-1.0,0.0,-0.3333333333333333,0.12150000000000001,-1,-1,-1,0.356862745098039,0.694117647058824,0.803921568627451
152.14839506149292,0.0,-0.13336481190547583,0.03,1,1,1,0.0,0.3333333333333333,0.12150000000000001,-1,-1,-1,1.0,1.0,-1.0,0.0,-0.3333333333333333,0.12150000000000001,-1,-1,-1,0.356862745098039,0.694117647058824,0.803921568627451
152.1826045513153,0.0,-0.13479623417864053,0.03,1,1,1,0.0,0.3333333333333333,0.12150000000000001,-1,-1,-1,1.0,1.0,-1.0,0.0,-0.3333333333333333,0.12150000000000001,-1,-1,-1,0.356862745098039,0.694117647058824,0.803921568627451
152.22485947608948,0.0,-0.13622765645180523,0.03,1,1,1,0.0,0.3333333333333333,0.12150000000000001,-1,-1,-1,1.0,1.0,-1.0,0.0,-0.3333333333333333,0.12150000000000001,-1,-1,-1,0.356862745098039,0.694117647058824,0.803921568627451
152.26650738716125,0.0,-0.13765907872496994,0.03,1,1,1,0.0,0.3333333333333333,0.12150000000000001,-1,-1,-1,1.0,1.0,-1.0,0.0,-0.3333333333333333,0.12150000000000001,-1,-1,-1,0.356862745098039,0.694117647058824,0.803921568627451
152.3218424320221,0.0,-0.13909050099813464,0.03,1,1,1,0.0,0.3333333333333333,0.12150000000000001,-1,-1,-1,1.0,1.0,-1.0,0.0,-0.3333333333333333,0.12150000000000001,-1,-1,-1,0.356862745098039,0.694117647058824,0.803921568627451
152.35666799545288,0.0,-0.14052192327129934,0.03,1,1,1,0.0,0.3333333333333333,0.12150000000000001,-1,-1,-1,1.0,1.0,-1.0,0.0,-0.3333333333333333,0.12150000000000001,-1,-1,-1,0.356862745098039,0.694117647058824,0.803921568627451
152.39203643798828,0.0,-0.14195334554446404,0.03,1,1,1,0.0,0.3333333333333333,0.12150000000000001,-1,-1,-1,1.0,1.0,-1.0,0.0,-0.3333333333333333,0.12150000000000001,-1,-1,-1,0.356862745098039,0.694117647058824,0.803921568627451
152.43303227424622,0.0,-0.14338476781762874,0.03,1,1,1,0.0,0.3333333333333333,0.12150000000000001,-1,-1,-1,1.0,1.0,-1.0,0.0,-0.3333333333333333,0.12150000000000001,-1,-1,-1,0.356862745098039,0.694117647058824,0.803921568627451
152.47615027427673,0.0,-0.14481619009079344,0.03,1,1,1,0.0,0.3333333333333333,0.12150000000000001,-1,-1,-1,1.0,1.0,-1.0,0.0,-0.3333333333333333,0.12150000000000001,-1,-1,-1,0.356862745098039,0.694117647058824,0.803921568627451
152.50944113731384,0.0,-0.14624761236395814,0.03,1,1,1,0.0,0.3333333333333333,0.12150000000000001,-1,-1,-1,1.0,1.0,-1.0,0.0,-0.3333333333333333,0.12150000000000001,-1,-1,-1,0.356862745098039,0.694117647058824,0.803921568627451
152.54476642608643,0.0,-0.14767903463712284,0.03,1,1,1,0.0,0.3333333333333333,0.12150000000000001,-1,-1,-1,1.0,1.0,-1.0,0.0,-0.3333333333333333,0.12150000000000001,-1,-1,-1,0.356862745098039,0.694117647058824,0.803921568627451
152.5776023864746,0.0,-0.14911045691028754,0.03,1,1,1,0.0,0.3333333333333333,0.12150000000000001,-1,-1,-1,1.0,1.0,-1.0,0.0,-0.3333333333333333,0.12150000000000001,-1,-1,-1,0.356862745098039,0.694117647058824,0.803921568627451
152.62004923820496,0.0,-0.15054187918345224,0.03,1,1,1,0.0,0.3333333333333333,0.12150000000000001,-1,-1,-1,1.0,1.0,-1.0,0.0,-0.3333333333333333,0.12150000000000001,-1,-1,-1,0.356862745098039,0.694117647058824,0.803921568627451
152.65444540977478,0.0,-0.15197330145661694,0.03,1,1,1,0.0,0.3333333333333333,0.12150000000000001,-1,-1,-1,1.0,1.0,-1.0,0.0,-0.3333333333333333,0.12150000000000001,-1,-1,-1,0.356862745098039,0.694117647058824,0.803921568627451
152.68952298164368,0.0,-0.15229240729965798,0.03,1,1,1,0.0,0.3333333333333333,0.12150000000000001,-1,-1,-1,1.0,1.0,-1.0,0.0,-0.3333333333333333,0.12150000000000001,-1,-1,-1,0.356862745098039,0.694117647058824,0.803921568627451
152.72387313842773,0.0,-0.14816224742220438,0.03,1,1,1,0.0,0.3333333333333333,0.12150000000000001,-1,-1,-1,1.0,1.0,-1.0,0.0,-0.3333333333333333,0.12150000000000001,-1,-1,-1,0.356862745098039,0.694117647058824,0.803921568627451
152.75874829292297,0.0,-0.14403208754475078,0.03,1,1,1,0.0,0.3333333333333333,0.12150000000000001,-1,-1,-1,1.0,1.0,-1.0,0.0,-0.3333333333333333,0.12150000000000001,-1,-1,-1,0.356862745098039,0.694117647058824,0.803921568627451
152.80060720443726,0.0,-0.13990192766729717,0.03,1,1,1,0.0,0.3333333333333333,0.12150000000000001,-1,-1,-1,1.0,1.0,-1.0,0.0,-0.3333333333333333,0.12150000000000001,-1,-1,-1,0.356862745098039,0.694117647058824,0.803921568627451
152.84293794631958,0.0,-0.13577176778984357,0.03,1,1,1,0.0,0.3333333333333333,0.12150000000000001,-1,-1,-1,1.0,1.0,-1.0,0.0,-0.3333333333333333,0.12150000000000001,-1,-1,-1,0.356862745098039,0.694117647058824,0.803921568627451
152.87666392326355,0.0,-0.13164160791238996,0.03,1,1,1,0.0,0.3333333333333333,0.12150000000000001,-1,-1,-1,1.0,1.0,-1.0,0.0,-0.3333333333333333,0.12150000000000001,-1,-1,-1,0.356862745098039,0.694117647058824,0.803921568627451
152.9119007587433,0.0,-0.12751144803493636,0.03,1,1,1,0.0,0.3333333333333333,0.12150000000000001,-1,-1,-1,1.0,1.0,-1.0,0.0,-0.3333333333333333,0.12150000000000001,-1,-1,-1,0.356862745098039,0.694117647058824,0.803921568627451
152.94582176208496,0.0,-0.12338128815748277,0.03,1,1,1,0.0,0.3333333333333333,0.12150000000000001,-1,-1,-1,1.0,1.0,-1.0,0.0,-0.3333333333333333,0.12150000000000001,-1,-1,-1,0.356862745098039,0.694117647058824,0.803921568627451
152.98774313926697,0.0,-0.11925112828002923,0.03,1,1,1,0.0,0.3333333333333333,0.12150000000000001,-1,-1,-1,1.0,1.0,-1.0,0.0,-0.3333333333333333,0.12150000000000001,-1,-1,-1,0.356862745098039,0.694117647058824,0.803921568627451
153.0225384235382,0.0,-0.1151209684025757,0.03,1,1,1,0.0,0.3333333333333333,0.12150000000000001,-1,-1,-1,1.0,1.0,-1.0,0.0,-0.3333333333333333,0.12150000000000001,-1,-1,-1,0.356862745098039,0.694117647058824,0.803921568627451
153.05679988861084,0.0,-0.11099080852512216,0.03,1,1,1,0.0,0.3333333333333333,0.12150000000000001,-1,-1,-1,1.0,1.0,-1.0,0.0,-0.3333333333333333,0.12150000000000001,-1,-1,-1,0.356862745098039,0.694117647058824,0.803921568627451
153.09243297576904,0.0,-0.10686064864766863,0.03,1,1,1,0.0,0.3333333333333333,0.12150000000000001,-1,-1,-1,1.0,1.0,-1.0,0.0,-0.3333333333333333,0.12150000000000001,-1,-1,-1,0.356862745098039,0.694117647058824,0.803921568627451
153.12648844718933,0.0,-0.1027304887702151,0.03,1,1,1,0.0,0.3333333333333333,0.12150000000000001,-1,-1,-1,1.0,1.0,-1.0,0.0,-0.3333333333333333,0.12150000000000001,-1,-1,-1,0.356862745098039,0.694117647058824,0.803921568627451
153.1683542728424,0.0,-0.09860032889276156,0.03,1,1,1,0.0,0.3333333333333333,0.12150000000000001,-1,-1,-1,1.0,1.0,-1.0,0.0,-0.3333333333333333,0.12150000000000001,-1,-1,-1,0.356862745098039,0.694117647058824,0.803921568627451
153.20316576957703,0.0,-0.09447016901530803,0.03,1,1,1,0.0,0.3333333333333333,0.12150000000000001,-1,-1,-1,1.0,1.0,-1.0,0.0,-0.3333333333333333,0.12150000000000001,-1,-1,-1,0.356862745098039,0.694117647058824,0.803921568627451
153.2379174232483,0.0,-0.09034000913785449,0.03,1,1,1,0.0,0.3333333333333333,0.12150000000000001,-1,-1,-1,1.0,1.0,-1.0,0.0,-0.3333333333333333,0.12150000000000001,-1,-1,-1,0.356862745098039,0.694117647058824,0.803921568627451
153.27785873413086,0.0,-0.08620984926040096,0.03,1,1,1,0.0,0.3333333333333333,0.12150000000000001,-1,-1,-1,1.0,1.0,-1.0,0.0,-0.3333333333333333,0.12150000000000001,-1,-1,-1,0.356862745098039,0.694117647058824,0.803921568627451
153.31144452095032,0.0,-0.08207968938294742,0.03,1,1,1,0.0,0.3333333333333333,0.12150000000000001,-1,-1,-1,1.0,1.0,-1.0,0.0,-0.3333333333333333,0.12150000000000001,-1,-1,-1,0.356862745098039,0.694117647058824,0.803921568627451
153.34860110282898,0.0,-0.07794952950549389,0.03,1,1,1,0.0,0.3333333333333333,0.12150000000000001,-1,-1,-1,1.0,1.0,-1.0,0.0,-0.3333333333333333,0.12150000000000001,-1,-1,-1,0.356862745098039,0.694117647058824,0.803921568627451
153.39077711105347,0.0,-0.07381936962804035,0.03,1,1,1,0.0,0.3333333333333333,0.12150000000000001,-1,-1,-1,1.0,1.0,-1.0,0.0,-0.3333333333333333,0.12150000000000001,-1,-1,-1,0.356862745098039,0.694117647058824,0.803921568627451
153.42521405220032,0.0,-0.06968920975058682,0.03,1,1,1,0.0,0.3333333333333333,0.12150000000000001,-1,-1,-1,1.0,1.0,-1.0,0.0,-0.3333333333333333,0.12150000000000001,-1,-1,-1,0.356862745098039,0.694117647058824,0.803921568627451
153.45974802970886,0.0,-0.06555904987313328,0.03,1,1,1,0.0,0.3333333333333333,0.12150000000000001,-1,-1,-1,1.0,1.0,-1.0,0.0,-0.3333333333333333,0.12150000000000001,-1,-1,-1,0.356862745098039,0.694117647058824,0.803921568627451
153.49469566345215,0.0,-0.061428889995679754,0.03,1,1,1,0.0,0.3333333333333333,0.12150000000000001,-1,-1,-1,1.0,1.0,-1.0,0.0,-0.3333333333333333,0.12150000000000001,-1,-1,-1,0.356862745098039,0.694117647058824,0.803921568627451
153.52954983711243,0.0,-0.05729873011822622,0.03,1,1,1,0.0,0.3333333333333333,0.12150000000000001,-1,-1,-1,1.0,1.0,-1.0,0.0,-0.3333333333333333,0.12150000000000001,-1,-1,-1,0.356862745098039,0.694117647058824,0.803921568627451
153.57038283348083,0.0,-0.053168570240772685,0.03,1,1,1,0.0,0.3333333333333333,0.12150000000000001,-1,-1,-1,1.0,1.0,-1.0,0.0,-0.3333333333333333,0.12150000000000001,-1,-1,-1,0.356862745098039,0.694117647058824,0.803921568627451
153.60544180870056,0.0,-0.04903841036331915,0.03,1,1,1,0.0,0.3333333333333333,0.12150000000000001,-1,-1,-1,1.0,1.0,-1.0,0.0,-0.3333333333333333,0.12150000000000001,-1,-1,-1,0.356862745098039,0.694117647058824,0.803921568627451
153.64036464691162,0.0,-0.044908250485865615,0.03,1,1,1,0.0,0.3333333333333333,0.12150000000000001,-1,-1,-1,1.0,1.0,-1.0,0.0,-0.3333333333333333,0.12150000000000001,-1,-1,-1,0.356862745098039,0.694117647058824,0.803921568627451
153.6791648864746,0.0,-0.04077809060841208,0.03,1,1,1,0.0,0.3333333333333333,0.12150000000000001,-1,-1,-1,1.0,1.0,-1.0,0.0,-0.3333333333333333,0.12150000000000001,-1,-1,-1,0.356862745098039,0.694117647058824,0.803921568627451
153.71304535865784,0.0,-0.036647930730958546,0.03,1,1,1,0.0,0.3333333333333333,0.12150000000000001,-1,-1,-1,1.0,1.0,-1.0,0.0,-0.3333333333333333,0.12150000000000001,-1,-1,-1,0.356862745098039,0.694117647058824,0.803921568627451
153.74909830093384,0.0,-0.03251777085350501,0.03,1,1,1,0.0,0.3333333333333333,0.12150000000000001,-1,-1,-1,1.0,1.0,-1.0,0.0,-0.3333333333333333,0.12150000000000001,-1,-1,-1,0.356862745098039,0.694117647058824,0.803921568627451
153.78629803657532,0.0,-0.028387610976051473,0.03,1,1,1,0.0,0.3333333333333333,0.12150000000000001,-1,-1,-1,1.0,1.0,-1.0,0.0,-0.3333333333333333,0.12150000000000001,-1,-1,-1,0.356862745098039,0.694117647058824,0.803921568627451
153.82097864151,0.0,-0.024257451098597938,0.03,1,1,1,0.0,0.3333333333333333,0.12150000000000001,-1,-1,-1,1.0,1.0,-1.0,0.0,-0.3333333333333333,0.12150000000000001,-1,-1,-1,0.356862745098039,0.694117647058824,0.803921568627451
153.8553831577301,0.0,-0.020127291221144403,0.03,1,1,1,0.0,0.3333333333333333,0.12150000000000001,-1,-1,-1,1.0,1.0,-1.0,0.0,-0.3333333333333333,0.12150000000000001,-1,-1,-1,0.356862745098039,0.694117647058824,0.803921568627451
153.8908531665802,0.0,-0.018540414094238532,0.03,1,1,1,0.0,0.3333333333333333,0.12150000000000001,-1,-1,-1,1.0,1.0,-1.0,0.0,-0.3333333333333333,0.12150000000000001,-1,-1,-1,0.356862745098039,0.694117647058824,0.803921568627451
153.93232202529907,0.0,-0.027126667969523312,0.03,1,1,1,0.0,0.3333333333333333,0.12150000000000001,-1,-1,-1,1.0,1.0,-1.0,0.0,-0.3333333333333333,0.12150000000000001,-1,-1,-1,0.356862745098039,0.694117647058824,0.803921568627451
153.96655941009521,0.0,-0.0357129218448081,0.03,1,1,1,0.0,0.3333333333333333,0.12150000000000001,-1,-1,-1,1.0,1.0,-1.0,0.0,-0.3333333333333333,0.12150000000000001,-1,-1,-1,0.356862745098039,0.694117647058824,0.803921568627451
154.00151777267456,0.0,-0.0442991757200929,0.03,1,1,1,0.0,0.3333333333333333,0.12150000000000001,-1,-1,-1,1.0,1.0,-1.0,0.0,-0.3333333333333333,0.12150000000000001,-1,-1,-1,0.356862745098039,0.694117647058824,0.803921568627451
154.03605389595032,0.0,-0.052885429595377696,0.03,1,1,1,0.0,0.3333333333333333,0.12150000000000001,-1,-1,-1,1.0,1.0,-1.0,0.0,-0.3333333333333333,0.12150000000000001,-1,-1,-1,0.356862745098039,0.694117647058824,0.803921568627451
154.07155346870422,0.0,-0.0614716834706625,0.03,1,1,1,0.0,0.3333333333333333,0.12150000000000001,-1,-1,-1,1.0,1.0,-1.0,0.0,-0.3333333333333333,0.12150000000000001,-1,-1,-1,0.356862745098039,0.694117647058824,0.803921568627451
154.10609436035156,0.0,-0.07005793734594727,0.03,1,1,1,0.0,0.3333333333333333,0.12150000000000001,-1,-1,-1,1.0,1.0,-1.0,0.0,-0.3333333333333333,0.12150000000000001,-1,-1,-1,0.356862745098039,0.694117647058824,0.803921568627451
154.14062404632568,0.0,-0.07864419122123203,0.03,1,1,1,0.0,0.3333333333333333,0.12150000000000001,-1,-1,-1,1.0,1.0,-1.0,0.0,-0.3333333333333333,0.12150000000000001,-1,-1,-1,0.356862745098039,0.694117647058824,0.803921568627451
154.1844823360443,0.0,-0.0872304450965168,0.03,1,1,1,0.0,0.3333333333333333,0.12150000000000001,-1,-1,-1,1.0,1.0,-1.0,0.0,-0.3333333333333333,0.12150000000000001,-1,-1,-1,0.356862745098039,0.694117647058824,0.803921568627451
154.21759867668152,0.0,-0.09581669897180156,0.03,1,1,1,0.0,0.3333333333333333,0.12150000000000001,-1,-1,-1,1.0,1.0,-1.0,0.0,-0.3333333333333333,0.12150000000000001,-1,-1,-1,0.356862745098039,0.694117647058824,0.803921568627451
154.25163650512695,0.0,-0.10440295284708632,0.03,1,1,1,0.0,0.3333333333333333,0.12150000000000001,-1,-1,-1,1.0,1.0,-1.0,0.0,-0.3333333333333333,0.12150000000000001,-1,-1,-1,0.356862745098039,0.694117647058824,0.803921568627451
154.28628611564636,0.0,-0.11298920672237109,0.03,1,1,1,0.0,0.3333333333333333,0.12150000000000001,-1,-1,-1,1.0,1.0,-1.0,0.0,-0.3333333333333333,0.12150000000000001,-1,-1,-1,0.356862745098039,0.694117647058824,0.803921568627451
154.32132768630981,0.0,-0.12157546059765587,0.03,1,1,1,0.0,0.3333333333333333,0.12150000000000001,-1,-1,-1,1.0,1.0,-1.0,0.0,-0.3333333333333333,0.12150000000000001,-1,-1,-1,0.356862745098039,0.694117647058824,0.803921568627451
154.35570001602173,0.0,-0.13016171447294067,0.03,1,1,1,0.0,0.3333333333333333,0.12150000000000001,-1,-1,-1,1.0,1.0,-1.0,0.0,-0.3333333333333333,0.12150000000000001,-1,-1,-1,0.356862745098039,0.694117647058824,0.803921568627451
154.39766097068787,0.0,-0.1387479683482255,0.03,1,1,1,0.0,0.3333333333333333,0.12150000000000001,-1,-1,-1,1.0,1.0,-1.0,0.0,-0.3333333333333333,0.12150000000000001,-1,-1,-1,0.356862745098039,0.694117647058824,0.803921568627451
154.43255186080933,0.0,-0.14733422222351034,0.03,1,1,1,0.0,0.3333333333333333,0.12150000000000001,-1,-1,-1,1.0,1.0,-1.0,0.0,-0.3333333333333333,0.12150000000000001,-1,-1,-1,0.356862745098039,0.694117647058824,0.803921568627451
154.46785044670105,0.0,-0.15592047609879517,0.03,1,1,1,0.0,0.3333333333333333,0.12150000000000001,-1,-1,-1,1.0,1.0,-1.0,0.0,-0.3333333333333333,0.12150000000000001,-1,-1,-1,0.356862745098039,0.694117647058824,0.803921568627451
154.50259065628052,0.0,-0.16450672997408,0.03,1,1,1,0.0,0.3333333333333333,0.12150000000000001,-1,-1,-1,1.0,1.0,-1.0,0.0,-0.3333333333333333,0.12150000000000001,-1,-1,-1,0.356862745098039,0.694117647058824,0.803921568627451
154.54338717460632,0.0,-0.17309298384936483,0.03,1,1,1,0.0,0.3333333333333333,0.12150000000000001,-1,-1,-1,1.0,1.0,-1.0,0.0,-0.3333333333333333,0.12150000000000001,-1,-1,-1,0.356862745098039,0.694117647058824,0.803921568627451
154.57840085029602,0.0,-0.18167923772464967,0.03,1,1,1,0.0,0.3333333333333333,0.12150000000000001,-1,-1,-1,1.0,1.0,-1.0,0.0,-0.3333333333333333,0.12150000000000001,-1,-1,-1,0.356862745098039,0.694117647058824,0.803921568627451
154.61333513259888,0.0,-0.1902654915999345,0.03,1,1,1,0.0,0.3333333333333333,0.12150000000000001,-1,-1,-1,1.0,1.0,-1.0,0.0,-0.3333333333333333,0.12150000000000001,-1,-1,-1,0.356862745098039,0.694117647058824,0.803921568627451
154.64800930023193,0.0,-0.19885174547521933,0.03,1,1,1,0.0,0.3333333333333333,0.12150000000000001,-1,-1,-1,1.0,1.0,-1.0,0.0,-0.3333333333333333,0.12150000000000001,-1,-1,-1,0.356862745098039,0.694117647058824,0.803921568627451
154.68739414215088,0.0,-0.20743799935050417,0.03,1,1,1,0.0,0.3333333333333333,0.12150000000000001,-1,-1,-1,1.0,1.0,-1.0,0.0,-0.3333333333333333,0.12150000000000001,-1,-1,-1,0.356862745098039,0.694117647058824,0.803921568627451
154.72208714485168,0.0,-0.216024253225789,0.03,1,1,1,0.0,0.3333333333333333,0.12150000000000001,-1,-1,-1,1.0,1.0,-1.0,0.0,-0.3333333333333333,0.12150000000000001,-1,-1,-1,0.356862745098039,0.694117647058824,0.803921568627451
154.76029515266418,0.0,-0.22461050710107383,0.03,1,1,1,0.0,0.3333333333333333,0.12150000000000001,-1,-1,-1,1.0,1.0,-1.0,0.0,-0.3333333333333333,0.12150000000000001,-1,-1,-1,0.356862745098039,0.694117647058824,0.803921568627451
154.80081415176392,0.0,-0.23319676097635866,0.03,1,1,1,0.0,0.3333333333333333,0.12150000000000001,-1,-1,-1,1.0,1.0,-1.0,0.0,-0.3333333333333333,0.12150000000000001,-1,-1,-1,0.356862745098039,0.694117647058824,0.803921568627451
154.83590817451477,0.0,-0.24178301485164344,0.03,1,1,1,0.0,0.3333333333333333,0.12150000000000001,-1,-1,-1,1.0,1.0,-1.0,0.0,-0.3333333333333333,0.12150000000000001,-1,-1,-1,0.356862745098039,0.694117647058824,0.803921568627451
154.87060570716858,0.0,-0.2503692687269283,0.03,1,1,1,0.0,0.3333333333333333,0.12150000000000001,-1,-1,-1,1.0,1.0,-1.0,0.0,-0.3333333333333333,0.12150000000000001,-1,-1,-1,0.356862745098039,0.694117647058824,0.803921568627451
154.9048888683319,0.0,-0.2589555226022131,0.03,1,1,1,0.0,0.3333333333333333,0.12150000000000001,-1,-1,-1,1.0,1.0,-1.0,0.0,-0.3333333333333333,0.12150000000000001,-1,-1,-1,0.356862745098039,0.694117647058824,0.803921568627451
154.94677805900574,0.0,-0.26754177647749794,0.03,1,1,1,0.0,0.3333333333333333,0.12150000000000001,-1,-1,-1,1.0,1.0,-1.0,0.0,-0.3333333333333333,0.12150000000000001,-1,-1,-1,0.356862745098039,0.694117647058824,0.803921568627451
154.9908583164215,0.0,-0.27612803035278277,0.03,1,1,1,0.0,0.3333333333333333,0.12150000000000001,-1,-1,-1,1.0,1.0,-1.0,0.0,-0.3333333333333333,0.12150000000000001,-1,-1,-1,0.356862745098039,0.694117647058824,0.803921568627451
155.02984809875488,0.0,-0.2847142842280676,0.03,1,1,1,0.0,0.3333333333333333,0.12150000000000001,-1,-1,-1,1.0,1.0,-1.0,0.0,-0.3333333333333333,0.12150000000000001,-1,-1,-1,0.356862745098039,0.694117647058824,0.803921568627451
155.06448006629944,0.0,-0.29330053810335244,0.03,1,1,1,0.0,0.3333333333333333,0.12150000000000001,-1,-1,-1,1.0,1.0,-1.0,0.0,-0.3333333333333333,0.12150000000000001,-1,-1,-1,0.356862745098039,0.694117647058824,0.803921568627451
155.10013389587402,0.0,-0.29830747630192417,0.03,1,1,1,0.0,0.3333333333333333,0.12150000000000001,-1,-1,-1,1.0,1.0,-1.0,0.0,-0.3333333333333333,0.12150000000000001,-1,-1,-1,0.356862745098039,0.694117647058824,0.803921568627451
155.14153623580933,0.0,-0.29794544098542625,0.03,1,1,1,0.0,0.3333333333333333,0.12150000000000001,-1,-1,-1,1.0,1.0,-1.0,0.0,-0.3333333333333333,0.12150000000000001,-1,-1,-1,0.356862745098039,0.694117647058824,0.803921568627451
155.18270778656006,0.0,-0.2975834056689283,0.03,1,1,1,0.0,0.3333333333333333,0.12150000000000001,-1,-1,-1,1.0,1.0,-1.0,0.0,-0.3333333333333333,0.12150000000000001,-1,-1,-1,0.356862745098039,0.694117647058824,0.803921568627451
155.21789860725403,0.0,-0.2972213703524304,0.03,1,1,1,0.0,0.3333333333333333,0.12150000000000001,-1,-1,-1,1.0,1.0,-1.0,0.0,-0.3333333333333333,0.12150000000000001,-1,-1,-1,0.356862745098039,0.694117647058824,0.803921568627451
155.25688910484314,0.0,-0.2968593350359325,0.03,1,1,1,0.0,0.3333333333333333,0.12150000000000001,-1,-1,-1,1.0,1.0,-1.0,0.0,-0.3333333333333333,0.12150000000000001,-1,-1,-1,0.356862745098039,0.694117647058824,0.803921568627451
155.2919306755066,0.0,-0.29649729971943456,0.03,1,1,1,0.0,0.3333333333333333,0.12150000000000001,-1,-1,-1,1.0,1.0,-1.0,0.0,-0.3333333333333333,0.12150000000000001,-1,-1,-1,0.356862745098039,0.694117647058824,0.803921568627451
155.32936191558838,0.0,-0.29613526440293664,0.03,1,1,1,0.0,0.3333333333333333,0.12150000000000001,-1,-1,-1,1.0,1.0,-1.0,0.0,-0.3333333333333333,0.12150000000000001,-1,-1,-1,0.356862745098039,0.694117647058824,0.803921568627451
155.37083888053894,0.0,-0.2957732290864387,0.03,1,1,1,0.0,0.3333333333333333,0.12150000000000001,-1,-1,-1,1.0,1.0,-1.0,0.0,-0.3333333333333333,0.12150000000000001,-1,-1,-1,0.356862745098039,0.694117647058824,0.803921568627451
155.40535354614258,0.0,-0.2954111937699408,0.03,1,1,1,0.0,0.3333333333333333,0.12150000000000001,-1,-1,-1,1.0,1.0,-1.0,0.0,-0.3333333333333333,0.12150000000000001,-1,-1,-1,0.356862745098039,0.694117647058824,0.803921568627451
155.43967938423157,0.0,-0.2950491584534429,0.03,1,1,1,0.0,0.3333333333333333,0.12150000000000001,-1,-1,-1,1.0,1.0,-1.0,0.0,-0.3333333333333333,0.12150000000000001,-1,-1,-1,0.356862745098039,0.694117647058824,0.803921568627451
155.47386622428894,0.0,-0.29468712313694495,0.03,1,1,1,0.0,0.3333333333333333,0.12150000000000001,-1,-1,-1,1.0,1.0,-1.0,0.0,-0.3333333333333333,0.12150000000000001,-1,-1,-1,0.356862745098039,0.694117647058824,0.803921568627451
155.51612186431885,0.0,-0.29432508782044703,0.03,1,1,1,0.0,0.3333333333333333,0.12150000000000001,-1,-1,-1,1.0,1.0,-1.0,0.0,-0.3333333333333333,0.12150000000000001,-1,-1,-1,0.356862745098039,0.694117647058824,0.803921568627451
155.55931282043457,0.0,-0.2939630525039491,0.03,1,1,1,0.0,0.3333333333333333,0.12150000000000001,-1,-1,-1,1.0,1.0,-1.0,0.0,-0.3333333333333333,0.12150000000000001,-1,-1,-1,0.356862745098039,0.694117647058824,0.803921568627451
155.59178948402405,0.0,-0.2936010171874512,0.03,1,1,1,0.0,0.3333333333333333,0.12150000000000001,-1,-1,-1,1.0,1.0,-1.0,0.0,-0.3333333333333333,0.12150000000000001,-1,-1,-1,0.356862745098039,0.694117647058824,0.803921568627451
155.62714195251465,0.0,-0.29323898187095326,0.03,1,1,1,0.0,0.3333333333333333,0.12150000000000001,-1,-1,-1,1.0,1.0,-1.0,0.0,-0.3333333333333333,0.12150000000000001,-1,-1,-1,0.356862745098039,0.694117647058824,0.803921568627451
155.66217422485352,0.0,-0.29287694655445534,0.03,1,1,1,0.0,0.3333333333333333,0.12150000000000001,-1,-1,-1,1.0,1.0,-1.0,0.0,-0.3333333333333333,0.12150000000000001,-1,-1,-1,0.356862745098039,0.694117647058824,0.803921568627451
155.6963653564453,0.0,-0.2925149112379574,0.03,1,1,1,0.0,0.3333333333333333,0.12150000000000001,-1,-1,-1,1.0,1.0,-1.0,0.0,-0.3333333333333333,0.12150000000000001,-1,-1,-1,0.356862745098039,0.694117647058824,0.803921568627451
155.7378454208374,0.0,-0.2921528759214595,0.03,1,1,1,0.0,0.3333333333333333,0.12150000000000001,-1,-1,-1,1.0,1.0,-1.0,0.0,-0.3333333333333333,0.12150000000000001,-1,-1,-1,0.356862745098039,0.694117647058824,0.803921568627451
155.77258729934692,0.0,-0.2917908406049616,0.03,1,1,1,0.0,0.3333333333333333,0.12150000000000001,-1,-1,-1,1.0,1.0,-1.0,0.0,-0.3333333333333333,0.12150000000000001,-1,-1,-1,0.356862745098039,0.694117647058824,0.803921568627451
155.80710768699646,0.0,-0.29142880528846365,0.03,1,1,1,0.0,0.3333333333333333,0.12150000000000001,-1,-1,-1,1.0,1.0,-1.0,0.0,-0.3333333333333333,0.12150000000000001,-1,-1,-1,0.356862745098039,0.694117647058824,0.803921568627451
155.84241127967834,0.0,-0.29106676997196573,0.03,1,1,1,0.0,0.3333333333333333,0.12150000000000001,-1,-1,-1,1.0,1.0,-1.0,0.0,-0.3333333333333333,0.12150000000000001,-1,-1,-1,0.356862745098039,0.694117647058824,0.803921568627451
155.87725973129272,0.0,-0.2907047346554678,0.03,1,1,1,0.0,0.3333333333333333,0.12150000000000001,-1,-1,-1,1.0,1.0,-1.0,0.0,-0.3333333333333333,0.12150000000000001,-1,-1,-1,0.356862745098039,0.694117647058824,0.803921568627451
155.91903710365295,0.0,-0.2903426993389699,0.03,1,1,1,0.0,0.3333333333333333,0.12150000000000001,-1,-1,-1,1.0,1.0,-1.0,0.0,-0.3333333333333333,0.12150000000000001,-1,-1,-1,0.356862745098039,0.694117647058824,0.803921568627451
155.95339465141296,0.0,-0.28998066402247197,0.03,1,1,1,0.0,0.3333333333333333,0.12150000000000001,-1,-1,-1,1.0,1.0,-1.0,0.0,-0.3333333333333333,0.12150000000000001,-1,-1,-1,0.356862745098039,0.694117647058824,0.803921568627451
155.98776054382324,0.0,-0.28961862870597405,0.03,1,1,1,0.0,0.3333333333333333,0.12150000000000001,-1,-1,-1,1.0,1.0,-1.0,0.0,-0.3333333333333333,0.12150000000000001,-1,-1,-1,0.356862745098039,0.694117647058824,0.803921568627451
156.02723288536072,0.0,-0.2892565933894761,0.03,1,1,1,0.0,0.3333333333333333,0.12150000000000001,-1,-1,-1,1.0,1.0,-1.0,0.0,-0.3333333333333333,0.12150000000000001,-1,-1,-1,0.356862745098039,0.694117647058824,0.803921568627451
156.0624451637268,0.0,-0.2888945580729782,0.03,1,1,1,0.0,0.3333333333333333,0.12150000000000001,-1,-1,-1,1.0,1.0,-1.0,0.0,-0.3333333333333333,0.12150000000000001,-1,-1,-1,0.356862745098039,0.694117647058824,0.803921568627451
156.0986692905426,0.0,-0.2885325227564803,0.03,1,1,1,0.0,0.3333333333333333,0.12150000000000001,-1,-1,-1,1.0,1.0,-1.0,0.0,-0.3333333333333333,0.12150000000000001,-1,-1,-1,0.356862745098039,0.694117647058824,0.803921568627451
156.13393354415894,0.0,-0.28817048743998236,0.03,1,1,1,0.0,0.3333333333333333,0.12150000000000001,-1,-1,-1,1.0,1.0,-1.0,0.0,-0.3333333333333333,0.12150000000000001,-1,-1,-1,0.356862745098039,0.694117647058824,0.803921568627451
156.16844177246094,0.0,-0.28780845212348444,0.03,1,1,1,0.0,0.3333333333333333,0.12150000000000001,-1,-1,-1,1.0,1.0,-1.0,0.0,-0.3333333333333333,0.12150000000000001,-1,-1,-1,0.356862745098039,0.694117647058824,0.803921568627451
156.20326900482178,0.0,-0.2874464168069865,0.03,1,1,1,0.0,0.3333333333333333,0.12150000000000001,-1,-1,-1,1.0,1.0,-1.0,0.0,-0.3333333333333333,0.12150000000000001,-1,-1,-1,0.356862745098039,0.694117647058824,0.803921568627451
156.23796105384827,0.0,-0.2870843814904886,0.03,1,1,1,0.0,0.3333333333333333,0.12150000000000001,-1,-1,-1,1.0,1.0,-1.0,0.0,-0.3333333333333333,0.12150000000000001,-1,-1,-1,0.356862745098039,0.694117647058824,0.803921568627451
156.2728328704834,0.0,-0.28672234617399067,0.03,1,1,1,0.0,0.3333333333333333,0.12150000000000001,-1,-1,-1,1.0,1.0,-1.0,0.0,-0.3333333333333333,0.12150000000000001,-1,-1,-1,0.356862745098039,0.694117647058824,0.803921568627451
156.31505846977234,0.0,-0.2860543005432486,0.03,1,1,1,0.0,0.3333333333333333,0.12150000000000001,-1,-1,-1,1.0,1.0,-1.0,0.0,-0.3333333333333333,0.12150000000000001,-1,-1,-1,0.356862745098039,0.694117647058824,0.803921568627451
156.35631370544434,0.0,-0.2849272394411403,0.03,1,1,1,0.0,0.3333333333333333,0.12150000000000001,-1,-1,-1,1.0,1.0,-1.0,0.0,-0.3333333333333333,0.12150000000000001,-1,-1,-1,0.356862745098039,0.694117647058824,0.803921568627451
156.39107871055603,0.0,-0.283800178339032,0.03,1,1,1,0.0,0.3333333333333333,0.12150000000000001,-1,-1,-1,1.0,1.0,-1.0,0.0,-0.3333333333333333,0.12150000000000001,-1,-1,-1,0.356862745098039,0.694117647058824,0.803921568627451
156.4258794784546,0.0,-0.2826731172369237,0.03,1,1,1,0.0,0.3333333333333333,0.12150000000000001,-1,-1,-1,1.0,1.0,-1.0,0.0,-0.3333333333333333,0.12150000000000001,-1,-1,-1,0.356862745098039,0.694117647058824,0.803921568627451
156.46368384361267,0.0,-0.28154605613481537,0.03,1,1,1,0.0,0.3333333333333333,0.12150000000000001,-1,-1,-1,1.0,1.0,-1.0,0.0,-0.3333333333333333,0.12150000000000001,-1,-1,-1,0.356862745098039,0.694117647058824,0.803921568627451
156.49900031089783,0.0,-0.28041899503270706,0.03,1,1,1,0.0,0.3333333333333333,0.12150000000000001,-1,-1,-1,1.0,1.0,-1.0,0.0,-0.3333333333333333,0.12150000000000001,-1,-1,-1,0.356862745098039,0.694117647058824,0.803921568627451
156.53640723228455,0.0,-0.27929193393059876,0.03,1,1,1,0.0,0.3333333333333333,0.12150000000000001,-1,-1,-1,1.0,1.0,-1.0,0.0,-0.3333333333333333,0.12150000000000001,-1,-1,-1,0.356862745098039,0.694117647058824,0.803921568627451
156.5783565044403,0.0,-0.27816487282849045,0.03,1,1,1,0.0,0.3333333333333333,0.12150000000000001,-1,-1,-1,1.0,1.0,-1.0,0.0,-0.3333333333333333,0.12150000000000001,-1,-1,-1,0.356862745098039,0.694117647058824,0.803921568627451
156.61341333389282,0.0,-0.27703781172638214,0.03,1,1,1,0.0,0.3333333333333333,0.12150000000000001,-1,-1,-1,1.0,1.0,-1.0,0.0,-0.3333333333333333,0.12150000000000001,-1,-1,-1,0.356862745098039,0.694117647058824,0.803921568627451
156.64787340164185,0.0,-0.27591075062427384,0.03,1,1,1,0.0,0.3333333333333333,0.12150000000000001,-1,-1,-1,1.0,1.0,-1.0,0.0,-0.3333333333333333,0.12150000000000001,-1,-1,-1,0.356862745098039,0.694117647058824,0.803921568627451
156.68231534957886,0.0,-0.27478368952216553,0.03,1,1,1,0.0,0.3333333333333333,0.12150000000000001,-1,-1,-1,1.0,1.0,-1.0,0.0,-0.3333333333333333,0.12150000000000001,-1,-1,-1,0.356862745098039,0.694117647058824,0.803921568627451
156.7244746685028,0.0,-0.2736566284200572,0.03,1,1,1,0.0,0.3333333333333333,0.12150000000000001,-1,-1,-1,1.0,1.0,-1.0,0.0,-0.3333333333333333,0.12150000000000001,-1,-1,-1,0.356862745098039,0.694117647058824,0.803921568627451
156.75883603096008,0.0,-0.2725295673179489,0.03,1,1,1,0.0,0.3333333333333333,0.12150000000000001,-1,-1,-1,1.0,1.0,-1.0,0.0,-0.3333333333333333,0.12150000000000001,-1,-1,-1,0.356862745098039,0.694117647058824,0.803921568627451
156.7935574054718,0.0,-0.2714025062158406,0.03,1,1,1,0.0,0.3333333333333333,0.12150000000000001,-1,-1,-1,1.0,1.0,-1.0,0.0,-0.3333333333333333,0.12150000000000001,-1,-1,-1,0.356862745098039,0.694117647058824,0.803921568627451
156.82764983177185,0.0,-0.2702754451137323,0.03,1,1,1,0.0,0.3333333333333333,0.12150000000000001,-1,-1,-1,1.0,1.0,-1.0,0.0,-0.3333333333333333,0.12150000000000001,-1,-1,-1,0.356862745098039,0.694117647058824,0.803921568627451
156.8668496608734,0.0,-0.269148384011624,0.03,1,1,1,0.0,0.3333333333333333,0.12150000000000001,-1,-1,-1,1.0,1.0,-1.0,0.0,-0.3333333333333333,0.12150000000000001,-1,-1,-1,0.356862745098039,0.694117647058824,0.803921568627451
156.90169215202332,0.0,-0.2680213229095157,0.03,1,1,1,0.0,0.3333333333333333,0.12150000000000001,-1,-1,-1,1.0,1.0,-1.0,0.0,-0.3333333333333333,0.12150000000000001,-1,-1,-1,0.356862745098039,0.694117647058824,0.803921568627451
156.93926882743835,0.0,-0.2668942618074074,0.03,1,1,1,0.0,0.3333333333333333,0.12150000000000001,-1,-1,-1,1.0,1.0,-1.0,0.0,-0.3333333333333333,0.12150000000000001,-1,-1,-1,0.356862745098039,0.694117647058824,0.803921568627451
156.97406435012817,0.0,-0.2657672007052991,0.03,1,1,1,0.0,0.3333333333333333,0.12150000000000001,-1,-1,-1,1.0,1.0,-1.0,0.0,-0.3333333333333333,0.12150000000000001,-1,-1,-1,0.356862745098039,0.694117647058824,0.803921568627451
157.008948802948,0.0,-0.26464013960319077,0.03,1,1,1,0.0,0.3333333333333333,0.12150000000000001,-1,-1,-1,1.0,1.0,-1.0,0.0,-0.3333333333333333,0.12150000000000001,-1,-1,-1,0.356862745098039,0.694117647058824,0.803921568627451
157.04342985153198,0.0,-0.26351307850108246,0.03,1,1,1,0.0,0.3333333333333333,0.12150000000000001,-1,-1,-1,1.0,1.0,-1.0,0.0,-0.3333333333333333,0.12150000000000001,-1,-1,-1,0.356862745098039,0.694117647058824,0.803921568627451
157.08587646484375,0.0,-0.26238601739897416,0.03,1,1,1,0.0,0.3333333333333333,0.12150000000000001,-1,-1,-1,1.0,1.0,-1.0,0.0,-0.3333333333333333,0.12150000000000001,-1,-1,-1,0.356862745098039,0.694117647058824,0.803921568627451
157.12027263641357,0.0,-0.26125895629686585,0.03,1,1,1,0.0,0.3333333333333333,0.12150000000000001,-1,-1,-1,1.0,1.0,-1.0,0.0,-0.3333333333333333,0.12150000000000001,-1,-1,-1,0.356862745098039,0.694117647058824,0.803921568627451
157.15523290634155,0.0,-0.26013189519475755,0.03,1,1,1,0.0,0.3333333333333333,0.12150000000000001,-1,-1,-1,1.0,1.0,-1.0,0.0,-0.3333333333333333,0.12150000000000001,-1,-1,-1,0.356862745098039,0.694117647058824,0.803921568627451
157.18937158584595,0.0,-0.25900483409264924,0.03,1,1,1,0.0,0.3333333333333333,0.12150000000000001,-1,-1,-1,1.0,1.0,-1.0,0.0,-0.3333333333333333,0.12150000000000001,-1,-1,-1,0.356862745098039,0.694117647058824,0.803921568627451
157.224271774292,0.0,-0.25787777299054093,0.03,1,1,1,0.0,0.3333333333333333,0.12150000000000001,-1,-1,-1,1.0,1.0,-1.0,0.0,-0.3333333333333333,0.12150000000000001,-1,-1,-1,0.356862745098039,0.694117647058824,0.803921568627451
157.26884746551514,0.0,-0.2567507118884326,0.03,1,1,1,0.0,0.3333333333333333,0.12150000000000001,-1,-1,-1,1.0,1.0,-1.0,0.0,-0.3333333333333333,0.12150000000000001,-1,-1,-1,0.356862745098039,0.694117647058824,0.803921568627451
157.30785822868347,0.0,-0.2556236507863243,0.03,1,1,1,0.0,0.3333333333333333,0.12150000000000001,-1,-1,-1,1.0,1.0,-1.0,0.0,-0.3333333333333333,0.12150000000000001,-1,-1,-1,0.356862745098039,0.694117647058824,0.803921568627451
157.34261226654053,0.0,-0.254496589684216,0.03,1,1,1,0.0,0.3333333333333333,0.12150000000000001,-1,-1,-1,1.0,1.0,-1.0,0.0,-0.3333333333333333,0.12150000000000001,-1,-1,-1,0.356862745098039,0.694117647058824,0.803921568627451
157.37780332565308,0.0,-0.2533695285821077,0.03,1,1,1,0.0,0.3333333333333333,0.12150000000000001,-1,-1,-1,1.0,1.0,-1.0,0.0,-0.3333333333333333,0.12150000000000001,-1,-1,-1,0.356862745098039,0.694117647058824,0.803921568627451
157.41191625595093,0.0,-0.2522424674799994,0.03,1,1,1,0.0,0.3333333333333333,0.12150000000000001,-1,-1,-1,1.0,1.0,-1.0,0.0,-0.3333333333333333,0.12150000000000001,-1,-1,-1,0.356862745098039,0.694117647058824,0.803921568627451
157.44655919075012,0.0,-0.2511154063778911,0.03,1,1,1,0.0,0.3333333333333333,0.12150000000000001,-1,-1,-1,1.0,1.0,-1.0,0.0,-0.3333333333333333,0.12150000000000001,-1,-1,-1,0.356862745098039,0.694117647058824,0.803921568627451
157.4888870716095,0.0,-0.24998834527578281,0.03,1,1,1,0.0,0.3333333333333333,0.12150000000000001,-1,-1,-1,1.0,1.0,-1.0,0.0,-0.3333333333333333,0.12150000000000001,-1,-1,-1,0.356862745098039,0.694117647058824,0.803921568627451
157.53087067604065,0.0,-0.2530662181316365,0.03,1,1,1,0.0,0.3333333333333333,0.12150000000000001,-1,-1,-1,1.0,1.0,-1.0,0.0,-0.3333333333333333,0.12150000000000001,-1,-1,-1,0.356862745098039,0.694117647058824,0.803921568627451
157.5646276473999,0.0,-0.258947380292798,0.03,1,1,1,0.0,0.3333333333333333,0.12150000000000001,-1,-1,-1,1.0,1.0,-1.0,0.0,-0.3333333333333333,0.12150000000000001,-1,-1,-1,0.356862745098039,0.694117647058824,0.803921568627451
157.59908890724182,0.0,-0.26482854245395954,0.03,1,1,1,0.0,0.3333333333333333,0.12150000000000001,-1,-1,-1,1.0,1.0,-1.0,0.0,-0.3333333333333333,0.12150000000000001,-1,-1,-1,0.356862745098039,0.694117647058824,0.803921568627451
157.63886666297913,0.0,-0.27070970461512106,0.03,1,1,1,0.0,0.3333333333333333,0.12150000000000001,-1,-1,-1,1.0,1.0,-1.0,0.0,-0.3333333333333333,0.12150000000000001,-1,-1,-1,0.356862745098039,0.694117647058824,0.803921568627451
157.6733112335205,0.0,-0.2765908667762826,0.03,1,1,1,0.0,0.3333333333333333,0.12150000000000001,-1,-1,-1,1.0,1.0,-1.0,0.0,-0.3333333333333333,0.12150000000000001,-1,-1,-1,0.356862745098039,0.694117647058824,0.803921568627451
157.71103692054749,0.0,-0.2824720289374441,0.03,1,1,1,0.0,0.3333333333333333,0.12150000000000001,-1,-1,-1,1.0,1.0,-1.0,0.0,-0.3333333333333333,0.12150000000000001,-1,-1,-1,0.356862745098039,0.694117647058824,0.803921568627451
157.7528383731842,0.0,-0.28835319109860563,0.03,1,1,1,0.0,0.3333333333333333,0.12150000000000001,-1,-1,-1,1.0,1.0,-1.0,0.0,-0.3333333333333333,0.12150000000000001,-1,-1,-1,0.356862745098039,0.694117647058824,0.803921568627451
157.78714871406555,0.0,-0.29423435325976716,0.03,1,1,1,0.0,0.3333333333333333,0.12150000000000001,-1,-1,-1,1.0,1.0,-1.0,0.0,-0.3333333333333333,0.12150000000000001,-1,-1,-1,0.356862745098039,0.694117647058824,0.803921568627451
157.82180666923523,0.0,-0.3001155154209287,0.03,1,1,1,0.0,0.3333333333333333,0.12150000000000001,-1,-1,-1,1.0,1.0,-1.0,0.0,-0.3333333333333333,0.12150000000000001,-1,-1,-1,0.356862745098039,0.694117647058824,0.803921568627451
157.85623383522034,0.0,-0.3059966775820902,0.03,1,1,1,0.0,0.3333333333333333,0.12150000000000001,-1,-1,-1,1.0,1.0,-1.0,0.0,-0.3333333333333333,0.12150000000000001,-1,-1,-1,0.356862745098039,0.694117647058824,0.803921568627451
157.8978054523468,0.0,-0.31187783974325173,0.03,1,1,1,0.0,0.3333333333333333,0.12150000000000001,-1,-1,-1,1.0,1.0,-1.0,0.0,-0.3333333333333333,0.12150000000000001,-1,-1,-1,0.356862745098039,0.694117647058824,0.803921568627451
157.9326524734497,0.0,-0.31775900190441325,0.03,1,1,1,0.0,0.3333333333333333,0.12150000000000001,-1,-1,-1,1.0,1.0,-1.0,0.0,-0.3333333333333333,0.12150000000000001,-1,-1,-1,0.356862745098039,0.694117647058824,0.803921568627451
157.9675235748291,0.0,-0.3236401640655748,0.03,1,1,1,0.0,0.3333333333333333,0.12150000000000001,-1,-1,-1,1.0,1.0,-1.0,0.0,-0.3333333333333333,0.12150000000000001,-1,-1,-1,0.356862745098039,0.694117647058824,0.803921568627451
158.00608468055725,0.0,-0.3295213262267363,0.03,1,1,1,0.0,0.3333333333333333,0.12150000000000001,-1,-1,-1,1.0,1.0,-1.0,0.0,-0.3333333333333333,0.12150000000000001,-1,-1,-1,0.356862745098039,0.694117647058824,0.803921568627451
158.04133772850037,0.0,-0.3342262559556655,0.03,1,1,1,0.0,0.3333333333333333,0.12150000000000001,-1,-1,-1,1.0,1.0,-1.0,0.0,-0.3333333333333333,0.12150000000000001,-1,-1,-1,0.356862745098039,0.694117647058824,0.803921568627451
158.0784456729889,0.0,-0.3342262559556655,0.03,1,1,1,0.0,0.3333333333333333,0.12150000000000001,-1,-1,-1,1.0,1.0,-1.0,0.0,-0.3333333333333333,0.12150000000000001,-1,-1,-1,0.356862745098039,0.694117647058824,0.803921568627451
158.1201777458191,0.0,-0.3342262559556655,0.03,1,1,1,0.0,0.3333333333333333,0.12150000000000001,-1,-1,-1,1.0,1.0,-1.0,0.0,-0.3333333333333333,0.12150000000000001,-1,-1,-1,0.356862745098039,0.694117647058824,0.803921568627451
158.15429639816284,0.0,-0.3342262559556655,0.03,1,1,1,0.0,0.3333333333333333,0.12150000000000001,-1,-1,-1,1.0,1.0,-1.0,0.0,-0.3333333333333333,0.12150000000000001,-1,-1,-1,0.356862745098039,0.694117647058824,0.803921568627451
158.18799591064453,0.0,-0.3342262559556655,0.03,1,1,1,0.0,0.3333333333333333,0.12150000000000001,-1,-1,-1,1.0,1.0,-1.0,0.0,-0.3333333333333333,0.12150000000000001,-1,-1,-1,0.356862745098039,0.694117647058824,0.803921568627451
158.224347114563,0.0,-0.3342262559556655,0.03,1,1,1,0.0,0.3333333333333333,0.12150000000000001,-1,-1,-1,1.0,1.0,-1.0,0.0,-0.3333333333333333,0.12150000000000001,-1,-1,-1,0.356862745098039,0.694117647058824,0.803921568627451
158.26595830917358,0.0,-0.3342262559556655,0.03,1,1,1,0.0,0.3333333333333333,0.12150000000000001,-1,-1,-1,1.0,1.0,-1.0,0.0,-0.3333333333333333,0.12150000000000001,-1,-1,-1,0.356862745098039,0.694117647058824,0.803921568627451
158.3094654083252,0.0,-0.3342262559556655,0.03,1,1,1,0.0,0.3333333333333333,0.12150000000000001,-1,-1,-1,1.0,1.0,-1.0,0.0,-0.3333333333333333,0.12150000000000001,-1,-1,-1,0.356862745098039,0.694117647058824,0.803921568627451
158.3451328277588,0.0,-0.3342262559556655,0.03,1,1,1,0.0,0.3333333333333333,0.12150000000000001,-1,-1,-1,1.0,1.0,-1.0,0.0,-0.3333333333333333,0.12150000000000001,-1,-1,-1,0.356862745098039,0.694117647058824,0.803921568627451
158.38446855545044,0.0,-0.3342262559556655,0.03,1,1,1,0.0,0.3333333333333333,0.12150000000000001,-1,-1,-1,1.0,1.0,-1.0,0.0,-0.3333333333333333,0.12150000000000001,-1,-1,-1,0.356862745098039,0.694117647058824,0.803921568627451
158.4190456867218,0.0,-0.3342262559556655,0.03,1,1,1,0.0,0.3333333333333333,0.12150000000000001,-1,-1,-1,1.0,1.0,-1.0,0.0,-0.3333333333333333,0.12150000000000001,-1,-1,-1,0.356862745098039,0.694117647058824,0.803921568627451
158.46082973480225,0.0,-0.3342262559556655,0.03,1,1,1,0.0,0.3333333333333333,0.12150000000000001,-1,-1,-1,1.0,1.0,-1.0,0.0,-0.3333333333333333,0.12150000000000001,-1,-1,-1,0.356862745098039,0.694117647058824,0.803921568627451
158.5024609565735,0.0,-0.3342262559556655,0.03,1,1,1,0.0,0.3333333333333333,0.12150000000000001,-1,-1,-1,1.0,1.0,-1.0,0.0,-0.3333333333333333,0.12150000000000001,-1,-1,-1,0.356862745098039,0.694117647058824,0.803921568627451
158.5367214679718,0.0,-0.3342262559556655,0.03,1,1,1,0.0,0.3333333333333333,0.12150000000000001,-1,-1,-1,1.0,1.0,-1.0,0.0,-0.3333333333333333,0.12150000000000001,-1,-1,-1,0.356862745098039,0.694117647058824,0.803921568627451
158.5712239742279,0.0,-0.3342262559556655,0.03,1,1,1,0.0,0.3333333333333333,0.12150000000000001,-1,-1,-1,1.0,1.0,-1.0,0.0,-0.3333333333333333,0.12150000000000001,-1,-1,-1,0.356862745098039,0.694117647058824,0.803921568627451
158.60608768463135,0.0,-0.3342262559556655,0.03,1,1,1,0.0,0.3333333333333333,0.12150000000000001,-1,-1,-1,1.0,1.0,-1.0,0.0,-0.3333333333333333,0.12150000000000001,-1,-1,-1,0.356862745098039,0.694117647058824,0.803921568627451
158.6448631286621,0.0,-0.3342262559556655,0.03,1,1,1,0.0,0.3333333333333333,0.12150000000000001,-1,-1,-1,1.0,1.0,-1.0,0.0,-0.3333333333333333,0.12150000000000001,-1,-1,-1,0.356862745098039,0.694117647058824,0.803921568627451
158.67986488342285,0.0,-0.3342262559556655,0.03,1,1,1,0.0,0.3333333333333333,0.12150000000000001,-1,-1,-1,1.0,1.0,-1.0,0.0,-0.3333333333333333,0.12150000000000001,-1,-1,-1,0.356862745098039,0.694117647058824,0.803921568627451
158.72604370117188,0.0,0.0015823219230677314,0.03,1,1,1,0.0,0.3333333333333333,0.12150000000000001,-1,-1,-1,1.0,1.0,-1.0,0.0,-0.3333333333333333,0.10935000000000002,1,1,1,0.356862745098039,0.694117647058824,0.803921568627451
158.7517969608307,0.0,0.009493931538406388,0.03,1,1,1,0.0,0.3333333333333333,0.12150000000000001,-1,-1,-1,1.0,1.0,-1.0,0.0,-0.3333333333333333,0.10935000000000002,1,1,1,0.356862745098039,0.694117647058824,0.803921568627451
158.78545832633972,0.0,0.017405541153745045,0.03,1,1,1,0.0,0.3333333333333333,0.12150000000000001,-1,-1,-1,1.0,1.0,-1.0,0.0,-0.3333333333333333,0.10935000000000002,1,1,1,0.356862745098039,0.694117647058824,0.803921568627451
158.82050442695618,0.0,0.0253171507690837,0.03,1,1,1,0.0,0.3333333333333333,0.12150000000000001,-1,-1,-1,1.0,1.0,-1.0,0.0,-0.3333333333333333,0.10935000000000002,1,1,1,0.356862745098039,0.694117647058824,0.803921568627451
158.85554432868958,0.0,0.03322876038442236,0.03,1,1,1,0.0,0.3333333333333333,0.12150000000000001,-1,-1,-1,1.0,1.0,-1.0,0.0,-0.3333333333333333,0.10935000000000002,1,1,1,0.356862745098039,0.694117647058824,0.803921568627451
158.89729928970337,0.0,0.04114036999976101,0.03,1,1,1,0.0,0.3333333333333333,0.12150000000000001,-1,-1,-1,1.0,1.0,-1.0,0.0,-0.3333333333333333,0.10935000000000002,1,1,1,0.356862745098039,0.694117647058824,0.803921568627451
158.93182229995728,0.0,0.04905197961509967,0.03,1,1,1,0.0,0.3333333333333333,0.12150000000000001,-1,-1,-1,1.0,1.0,-1.0,0.0,-0.3333333333333333,0.10935000000000002,1,1,1,0.356862745098039,0.694117647058824,0.803921568627451
158.96667981147766,0.0,0.05696358923043832,0.03,1,1,1,0.0,0.3333333333333333,0.12150000000000001,-1,-1,-1,1.0,1.0,-1.0,0.0,-0.3333333333333333,0.10935000000000002,1,1,1,0.356862745098039,0.694117647058824,0.803921568627451
159.00148224830627,0.0,0.064875198845777,0.03,1,1,1,0.0,0.3333333333333333,0.12150000000000001,-1,-1,-1,1.0,1.0,-1.0,0.0,-0.3333333333333333,0.10935000000000002,1,1,1,0.356862745098039,0.694117647058824,0.803921568627451
159.03611969947815,0.0,0.07278680846111565,0.03,1,1,1,0.0,0.3333333333333333,0.12150000000000001,-1,-1,-1,1.0,1.0,-1.0,0.0,-0.3333333333333333,0.10935000000000002,1,1,1,0.356862745098039,0.694117647058824,0.803921568627451
159.07056951522827,0.0,0.08069841807645431,0.03,1,1,1,0.0,0.3333333333333333,0.12150000000000001,-1,-1,-1,1.0,1.0,-1.0,0.0,-0.3333333333333333,0.10935000000000002,1,1,1,0.356862745098039,0.694117647058824,0.803921568627451
159.11448001861572,0.0,0.08861002769179296,0.03,1,1,1,0.0,0.3333333333333333,0.12150000000000001,-1,-1,-1,1.0,1.0,-1.0,0.0,-0.3333333333333333,0.10935000000000002,1,1,1,0.356862745098039,0.694117647058824,0.803921568627451
159.14815211296082,0.0,0.09652163730713162,0.03,1,1,1,0.0,0.3333333333333333,0.12150000000000001,-1,-1,-1,1.0,1.0,-1.0,0.0,-0.3333333333333333,0.10935000000000002,1,1,1,0.356862745098039,0.694117647058824,0.803921568627451
159.1817181110382,0.0,0.10443324692247027,0.03,1,1,1,0.0,0.3333333333333333,0.12150000000000001,-1,-1,-1,1.0,1.0,-1.0,0.0,-0.3333333333333333,0.10935000000000002,1,1,1,0.356862745098039,0.694117647058824,0.803921568627451
159.21628546714783,0.0,0.11234485653780893,0.03,1,1,1,0.0,0.3333333333333333,0.12150000000000001,-1,-1,-1,1.0,1.0,-1.0,0.0,-0.3333333333333333,0.10935000000000002,1,1,1,0.356862745098039,0.694117647058824,0.803921568627451
159.2511761188507,0.0,0.12025646615314758,0.03,1,1,1,0.0,0.3333333333333333,0.12150000000000001,-1,-1,-1,1.0,1.0,-1.0,0.0,-0.3333333333333333,0.10935000000000002,1,1,1,0.356862745098039,0.694117647058824,0.803921568627451
159.2999083995819,0.0,0.12816807576848627,0.03,1,1,1,0.0,0.3333333333333333,0.12150000000000001,-1,-1,-1,1.0,1.0,-1.0,0.0,-0.3333333333333333,0.10935000000000002,1,1,1,0.356862745098039,0.694117647058824,0.803921568627451
159.33456754684448,0.0,0.13607968538382492,0.03,1,1,1,0.0,0.3333333333333333,0.12150000000000001,-1,-1,-1,1.0,1.0,-1.0,0.0,-0.3333333333333333,0.10935000000000002,1,1,1,0.356862745098039,0.694117647058824,0.803921568627451
159.36953115463257,0.0,0.14399129499916358,0.03,1,1,1,0.0,0.3333333333333333,0.12150000000000001,-1,-1,-1,1.0,1.0,-1.0,0.0,-0.3333333333333333,0.10935000000000002,1,1,1,0.356862745098039,0.694117647058824,0.803921568627451
159.40412020683289,0.0,0.15190290461450223,0.03,1,1,1,0.0,0.3333333333333333,0.12150000000000001,-1,-1,-1,1.0,1.0,-1.0,0.0,-0.3333333333333333,0.10935000000000002,1,1,1,0.356862745098039,0.694117647058824,0.803921568627451
159.4385166168213,0.0,0.1598145142298409,0.03,1,1,1,0.0,0.3333333333333333,0.12150000000000001,-1,-1,-1,1.0,1.0,-1.0,0.0,-0.3333333333333333,0.10935000000000002,1,1,1,0.356862745098039,0.694117647058824,0.803921568627451
159.48435592651367,0.0,0.16772612384517954,0.03,1,1,1,0.0,0.3333333333333333,0.12150000000000001,-1,-1,-1,1.0,1.0,-1.0,0.0,-0.3333333333333333,0.10935000000000002,1,1,1,0.356862745098039,0.694117647058824,0.803921568627451
159.5223410129547,0.0,0.1756377334605182,0.03,1,1,1,0.0,0.3333333333333333,0.12150000000000001,-1,-1,-1,1.0,1.0,-1.0,0.0,-0.3333333333333333,0.10935000000000002,1,1,1,0.356862745098039,0.694117647058824,0.803921568627451
159.55656504631042,0.0,0.18354934307585685,0.03,1,1,1,0.0,0.3333333333333333,0.12150000000000001,-1,-1,-1,1.0,1.0,-1.0,0.0,-0.3333333333333333,0.10935000000000002,1,1,1,0.356862745098039,0.694117647058824,0.803921568627451
159.59111881256104,0.0,0.1914609526911955,0.03,1,1,1,0.0,0.3333333333333333,0.12150000000000001,-1,-1,-1,1.0,1.0,-1.0,0.0,-0.3333333333333333,0.10935000000000002,1,1,1,0.356862745098039,0.694117647058824,0.803921568627451
159.62612628936768,0.0,0.19937256230653416,0.03,1,1,1,0.0,0.3333333333333333,0.12150000000000001,-1,-1,-1,1.0,1.0,-1.0,0.0,-0.3333333333333333,0.10935000000000002,1,1,1,0.356862745098039,0.694117647058824,0.803921568627451
159.66090369224548,0.0,0.20728417192187282,0.03,1,1,1,0.0,0.3333333333333333,0.12150000000000001,-1,-1,-1,1.0,1.0,-1.0,0.0,-0.3333333333333333,0.10935000000000002,1,1,1,0.356862745098039,0.694117647058824,0.803921568627451
159.69572615623474,0.0,0.21519578153721147,0.03,1,1,1,0.0,0.3333333333333333,0.12150000000000001,-1,-1,-1,1.0,1.0,-1.0,0.0,-0.3333333333333333,0.10935000000000002,1,1,1,0.356862745098039,0.694117647058824,0.803921568627451
159.73765325546265,0.0,0.22310739115255013,0.03,1,1,1,0.0,0.3333333333333333,0.12150000000000001,-1,-1,-1,1.0,1.0,-1.0,0.0,-0.3333333333333333,0.10935000000000002,1,1,1,0.356862745098039,0.694117647058824,0.803921568627451
159.7721655368805,0.0,0.23101900076788878,0.03,1,1,1,0.0,0.3333333333333333,0.12150000000000001,-1,-1,-1,1.0,1.0,-1.0,0.0,-0.3333333333333333,0.10935000000000002,1,1,1,0.356862745098039,0.694117647058824,0.803921568627451
159.80688905715942,0.0,0.23893061038322744,0.03,1,1,1,0.0,0.3333333333333333,0.12150000000000001,-1,-1,-1,1.0,1.0,-1.0,0.0,-0.3333333333333333,0.10935000000000002,1,1,1,0.356862745098039,0.694117647058824,0.803921568627451
159.84142661094666,0.0,0.24684221999856612,0.03,1,1,1,0.0,0.3333333333333333,0.12150000000000001,-1,-1,-1,1.0,1.0,-1.0,0.0,-0.3333333333333333,0.10935000000000002,1,1,1,0.356862745098039,0.694117647058824,0.803921568627451
159.87647080421448,0.0,0.2547538296139048,0.03,1,1,1,0.0,0.3333333333333333,0.12150000000000001,-1,-1,-1,1.0,1.0,-1.0,0.0,-0.3333333333333333,0.10935000000000002,1,1,1,0.356862745098039,0.694117647058824,0.803921568627451
159.92058396339417,0.0,0.26266543922924346,0.03,1,1,1,0.0,0.3333333333333333,0.12150000000000001,-1,-1,-1,1.0,1.0,-1.0,0.0,-0.3333333333333333,0.10935000000000002,1,1,1,0.356862745098039,0.694117647058824,0.803921568627451
159.9539921283722,0.0,0.2642592738511653,0.03,1,1,1,0.0,0.3333333333333333,0.12150000000000001,-1,-1,-1,1.0,1.0,-1.0,0.0,-0.3333333333333333,0.10935000000000002,-1,-1,-1,0.356862745098039,0.694117647058824,0.803921568627451
159.98752331733704,0.0,0.2658531084730872,0.03,1,1,1,0.0,0.3333333333333333,0.12150000000000001,-1,-1,-1,1.0,1.0,-1.0,0.0,-0.3333333333333333,0.10935000000000002,-1,-1,-1,0.356862745098039,0.694117647058824,0.803921568627451
160.0223114490509,0.0,0.26744694309500905,0.03,1,1,1,0.0,0.3333333333333333,0.12150000000000001,-1,-1,-1,1.0,1.0,-1.0,0.0,-0.3333333333333333,0.10935000000000002,-1,-1,-1,0.356862745098039,0.694117647058824,0.803921568627451
160.05728244781494,0.0,0.2690407777169309,0.03,1,1,1,0.0,0.3333333333333333,0.12150000000000001,-1,-1,-1,1.0,1.0,-1.0,0.0,-0.3333333333333333,0.10935000000000002,-1,-1,-1,0.356862745098039,0.694117647058824,0.803921568627451
160.09137082099915,0.0,0.2706346123388528,0.03,1,1,1,0.0,0.3333333333333333,0.12150000000000001,-1,-1,-1,1.0,1.0,-1.0,0.0,-0.3333333333333333,0.10935000000000002,-1,-1,-1,0.356862745098039,0.694117647058824,0.803921568627451
160.13289952278137,0.0,0.27222844696077464,0.03,1,1,1,0.0,0.3333333333333333,0.12150000000000001,-1,-1,-1,1.0,1.0,-1.0,0.0,-0.3333333333333333,0.10935000000000002,-1,-1,-1,0.356862745098039,0.694117647058824,0.803921568627451
160.16808772087097,0.0,0.2738222815826965,0.03,1,1,1,0.0,0.3333333333333333,0.12150000000000001,-1,-1,-1,1.0,1.0,-1.0,0.0,-0.3333333333333333,0.10935000000000002,-1,-1,-1,0.356862745098039,0.694117647058824,0.803921568627451
160.20279932022095,0.0,0.27541611620461837,0.03,1,1,1,0.0,0.3333333333333333,0.12150000000000001,-1,-1,-1,1.0,1.0,-1.0,0.0,-0.3333333333333333,0.10935000000000002,-1,-1,-1,0.356862745098039,0.694117647058824,0.803921568627451
160.23709893226624,0.0,0.27700995082654023,0.03,1,1,1,0.0,0.3333333333333333,0.12150000000000001,-1,-1,-1,1.0,1.0,-1.0,0.0,-0.3333333333333333,0.10935000000000002,-1,-1,-1,0.356862745098039,0.694117647058824,0.803921568627451
160.2723274230957,0.0,0.2786037854484621,0.03,1,1,1,0.0,0.3333333333333333,0.12150000000000001,-1,-1,-1,1.0,1.0,-1.0,0.0,-0.3333333333333333,0.10935000000000002,-1,-1,-1,0.356862745098039,0.694117647058824,0.803921568627451
160.3134515285492,0.0,0.28019762007038396,0.03,1,1,1,0.0,0.3333333333333333,0.12150000000000001,-1,-1,-1,1.0,1.0,-1.0,0.0,-0.3333333333333333,0.10935000000000002,-1,-1,-1,0.356862745098039,0.694117647058824,0.803921568627451
160.34768176078796,0.0,0.2817914546923058,0.03,1,1,1,0.0,0.3333333333333333,0.12150000000000001,-1,-1,-1,1.0,1.0,-1.0,0.0,-0.3333333333333333,0.10935000000000002,-1,-1,-1,0.356862745098039,0.694117647058824,0.803921568627451
160.38350558280945,0.0,0.2833852893142277,0.03,1,1,1,0.0,0.3333333333333333,0.12150000000000001,-1,-1,-1,1.0,1.0,-1.0,0.0,-0.3333333333333333,0.10935000000000002,-1,-1,-1,0.356862745098039,0.694117647058824,0.803921568627451
160.41765570640564,0.0,0.28497912393614955,0.03,1,1,1,0.0,0.3333333333333333,0.12150000000000001,-1,-1,-1,1.0,1.0,-1.0,0.0,-0.3333333333333333,0.10935000000000002,-1,-1,-1,0.356862745098039,0.694117647058824,0.803921568627451
160.4571180343628,0.0,0.2865729585580714,0.03,1,1,1,0.0,0.3333333333333333,0.12150000000000001,-1,-1,-1,1.0,1.0,-1.0,0.0,-0.3333333333333333,0.10935000000000002,-1,-1,-1,0.356862745098039,0.694117647058824,0.803921568627451
160.49435663223267,0.0,0.2881667931799933,0.03,1,1,1,0.0,0.3333333333333333,0.12150000000000001,-1,-1,-1,1.0,1.0,-1.0,0.0,-0.3333333333333333,0.10935000000000002,-1,-1,-1,0.356862745098039,0.694117647058824,0.803921568627451
160.52986216545105,0.0,0.28976062780191514,0.03,1,1,1,0.0,0.3333333333333333,0.12150000000000001,-1,-1,-1,1.0,1.0,-1.0,0.0,-0.3333333333333333,0.10935000000000002,-1,-1,-1,0.356862745098039,0.694117647058824,0.803921568627451
160.56477618217468,0.0,0.291354462423837,0.03,1,1,1,0.0,0.3333333333333333,0.12150000000000001,-1,-1,-1,1.0,1.0,-1.0,0.0,-0.3333333333333333,0.10935000000000002,-1,-1,-1,0.356862745098039,0.694117647058824,0.803921568627451
160.59930729866028,0.0,0.29294829704575887,0.03,1,1,1,0.0,0.3333333333333333,0.12150000000000001,-1,-1,-1,1.0,1.0,-1.0,0.0,-0.3333333333333333,0.10935000000000002,-1,-1,-1,0.356862745098039,0.694117647058824,0.803921568627451
160.63359475135803,0.0,0.29454213166768073,0.03,1,1,1,0.0,0.3333333333333333,0.12150000000000001,-1,-1,-1,1.0,1.0,-1.0,0.0,-0.3333333333333333,0.10935000000000002,-1,-1,-1,0.356862745098039,0.694117647058824,0.803921568627451
160.67585110664368,0.0,0.2961359662896026,0.03,1,1,1,0.0,0.3333333333333333,0.12150000000000001,-1,-1,-1,1.0,1.0,-1.0,0.0,-0.3333333333333333,0.10935000000000002,-1,-1,-1,0.356862745098039,0.694117647058824,0.803921568627451
160.7173309326172,0.0,0.29772980091152446,0.03,1,1,1,0.0,0.3333333333333333,0.12150000000000001,-1,-1,-1,1.0,1.0,-1.0,0.0,-0.3333333333333333,0.10935000000000002,-1,-1,-1,0.356862745098039,0.694117647058824,0.803921568627451
160.7520031929016,0.0,0.2993236355334463,0.03,1,1,1,0.0,0.3333333333333333,0.12150000000000001,-1,-1,-1,1.0,1.0,-1.0,0.0,-0.3333333333333333,0.10935000000000002,-1,-1,-1,0.356862745098039,0.694117647058824,0.803921568627451
160.7904396057129,0.0,0.3009174701553682,0.03,1,1,1,0.0,0.3333333333333333,0.12150000000000001,-1,-1,-1,1.0,1.0,-1.0,0.0,-0.3333333333333333,0.10935000000000002,-1,-1,-1,0.356862745098039,0.694117647058824,0.803921568627451
160.82600164413452,0.0,0.30251130477729005,0.03,1,1,1,0.0,0.3333333333333333,0.12150000000000001,-1,-1,-1,1.0,1.0,-1.0,0.0,-0.3333333333333333,0.10935000000000002,-1,-1,-1,0.356862745098039,0.694117647058824,0.803921568627451
160.86288714408875,0.0,0.3041051393992119,0.03,1,1,1,0.0,0.3333333333333333,0.12150000000000001,-1,-1,-1,1.0,1.0,-1.0,0.0,-0.3333333333333333,0.10935000000000002,-1,-1,-1,0.356862745098039,0.694117647058824,0.803921568627451
160.89750981330872,0.0,0.3056989740211338,0.03,1,1,1,0.0,0.3333333333333333,0.12150000000000001,-1,-1,-1,1.0,1.0,-1.0,0.0,-0.3333333333333333,0.10935000000000002,-1,-1,-1,0.356862745098039,0.694117647058824,0.803921568627451
160.9322075843811,0.0,0.30729280864305564,0.03,1,1,1,0.0,0.3333333333333333,0.12150000000000001,-1,-1,-1,1.0,1.0,-1.0,0.0,-0.3333333333333333,0.10935000000000002,-1,-1,-1,0.356862745098039,0.694117647058824,0.803921568627451
160.96703505516052,0.0,0.3088866432649775,0.03,1,1,1,0.0,0.3333333333333333,0.12150000000000001,-1,-1,-1,1.0,1.0,-1.0,0.0,-0.3333333333333333,0.10935000000000002,-1,-1,-1,0.356862745098039,0.694117647058824,0.803921568627451
161.00211882591248,0.0,0.31048047788689936,0.03,1,1,1,0.0,0.3333333333333333,0.12150000000000001,-1,-1,-1,1.0,1.0,-1.0,0.0,-0.3333333333333333,0.10935000000000002,-1,-1,-1,0.356862745098039,0.694117647058824,0.803921568627451
161.03674221038818,0.0,0.3120743125088212,0.03,1,1,1,0.0,0.3333333333333333,0.12150000000000001,-1,-1,-1,1.0,1.0,-1.0,0.0,-0.3333333333333333,0.10935000000000002,-1,-1,-1,0.356862745098039,0.694117647058824,0.803921568627451
161.07167053222656,0.0,0.3136681471307431,0.03,1,1,1,0.0,0.3333333333333333,0.12150000000000001,-1,-1,-1,1.0,1.0,-1.0,0.0,-0.3333333333333333,0.10935000000000002,-1,-1,-1,0.356862745098039,0.694117647058824,0.803921568627451
161.11287999153137,0.0,0.31526198175266495,0.03,1,1,1,0.0,0.3333333333333333,0.12150000000000001,-1,-1,-1,1.0,1.0,-1.0,0.0,-0.3333333333333333,0.10935000000000002,-1,-1,-1,0.356862745098039,0.694117647058824,0.803921568627451
161.1556966304779,0.0,0.31657598778252016,0.03,1,1,1,0.0,0.3333333333333333,0.12150000000000001,-1,-1,-1,1.0,1.0,-1.0,0.0,-0.3333333333333333,0.10935000000000002,-1,-1,-1,0.356862745098039,0.694117647058824,0.803921568627451
161.18875193595886,0.0,0.31770344141766427,0.03,1,1,1,0.0,0.3333333333333333,0.12150000000000001,-1,-1,-1,1.0,1.0,-1.0,0.0,-0.3333333333333333,0.10935000000000002,-1,-1,-1,0.356862745098039,0.694117647058824,0.803921568627451
161.22380304336548,0.0,0.31883089505280837,0.03,1,1,1,0.0,0.3333333333333333,0.12150000000000001,-1,-1,-1,1.0,1.0,-1.0,0.0,-0.3333333333333333,0.10935000000000002,-1,-1,-1,0.356862745098039,0.694117647058824,0.803921568627451
161.26290798187256,0.0,0.3199583486879525,0.03,1,1,1,0.0,0.3333333333333333,0.12150000000000001,-1,-1,-1,1.0,1.0,-1.0,0.0,-0.3333333333333333,0.10935000000000002,-1,-1,-1,0.356862745098039,0.694117647058824,0.803921568627451
161.2975776195526,0.0,0.3210858023230966,0.03,1,1,1,0.0,0.3333333333333333,0.12150000000000001,-1,-1,-1,1.0,1.0,-1.0,0.0,-0.3333333333333333,0.10935000000000002,-1,-1,-1,0.356862745098039,0.694117647058824,0.803921568627451
161.33619618415833,0.0,0.3222132559582407,0.03,1,1,1,0.0,0.3333333333333333,0.12150000000000001,-1,-1,-1,1.0,1.0,-1.0,0.0,-0.3333333333333333,0.10935000000000002,-1,-1,-1,0.356862745098039,0.694117647058824,0.803921568627451
161.37655901908875,0.0,0.3233407095933848,0.03,1,1,1,0.0,0.3333333333333333,0.12150000000000001,-1,-1,-1,1.0,1.0,-1.0,0.0,-0.3333333333333333,0.10935000000000002,-1,-1,-1,0.356862745098039,0.694117647058824,0.803921568627451
161.41095662117004,0.0,0.3244681632285289,0.03,1,1,1,0.0,0.3333333333333333,0.12150000000000001,-1,-1,-1,1.0,1.0,-1.0,0.0,-0.3333333333333333,0.10935000000000002,-1,-1,-1,0.356862745098039,0.694117647058824,0.803921568627451
161.44596481323242,0.0,0.325595616863673,0.03,1,1,1,0.0,0.3333333333333333,0.12150000000000001,-1,-1,-1,1.0,1.0,-1.0,0.0,-0.3333333333333333,0.10935000000000002,-1,-1,-1,0.356862745098039,0.694117647058824,0.803921568627451
161.4875454902649,0.0,0.3267230704988171,0.03,1,1,1,0.0,0.3333333333333333,0.12150000000000001,-1,-1,-1,1.0,1.0,-1.0,0.0,-0.3333333333333333,0.10935000000000002,-1,-1,-1,0.356862745098039,0.694117647058824,0.803921568627451
161.52222847938538,0.0,0.3278505241339612,0.03,1,1,1,0.0,0.3333333333333333,0.12150000000000001,-1,-1,-1,1.0,1.0,-1.0,0.0,-0.3333333333333333,0.10935000000000002,-1,-1,-1,0.356862745098039,0.694117647058824,0.803921568627451
161.556538105011,0.0,0.3289779777691053,0.03,1,1,1,0.0,0.3333333333333333,0.12150000000000001,-1,-1,-1,1.0,1.0,-1.0,0.0,-0.3333333333333333,0.10935000000000002,-1,-1,-1,0.356862745098039,0.694117647058824,0.803921568627451
161.59154176712036,0.0,0.3301054314042494,0.03,1,1,1,0.0,0.3333333333333333,0.12150000000000001,-1,-1,-1,1.0,1.0,-1.0,0.0,-0.3333333333333333,0.10935000000000002,-1,-1,-1,0.356862745098039,0.694117647058824,0.803921568627451
161.62937092781067,0.0,0.3312328850393935,0.03,1,1,1,0.0,0.3333333333333333,0.12150000000000001,-1,-1,-1,1.0,1.0,-1.0,0.0,-0.3333333333333333,0.10935000000000002,-1,-1,-1,0.356862745098039,0.694117647058824,0.803921568627451
161.66446137428284,0.0,0.3323603386745376,0.03,1,1,1,0.0,0.3333333333333333,0.12150000000000001,-1,-1,-1,1.0,1.0,-1.0,0.0,-0.3333333333333333,0.10935000000000002,-1,-1,-1,0.356862745098039,0.694117647058824,0.803921568627451
161.70193815231323,0.0,0.33348779230968173,0.03,1,1,1,0.0,0.3333333333333333,0.12150000000000001,-1,-1,-1,1.0,1.0,-1.0,0.0,-0.3333333333333333,0.10935000000000002,-1,-1,-1,0.356862745098039,0.694117647058824,0.803921568627451
161.73710370063782,0.0,0.33348779230968173,0.03,1,1,1,0.0,0.3333333333333333,0.12150000000000001,-1,-1,-1,1.0,1.0,-1.0,0.0,-0.3333333333333333,0.10935000000000002,-1,-1,-1,0.356862745098039,0.694117647058824,0.803921568627451
161.77166509628296,0.0,0.33348779230968173,0.03,1,1,1,0.0,0.3333333333333333,0.12150000000000001,-1,-1,-1,1.0,1.0,-1.0,0.0,-0.3333333333333333,0.10935000000000002,-1,-1,-1,0.356862745098039,0.694117647058824,0.803921568627451
161.80654311180115,0.0,0.33348779230968173,0.03,1,1,1,0.0,0.3333333333333333,0.12150000000000001,-1,-1,-1,1.0,1.0,-1.0,0.0,-0.3333333333333333,0.10935000000000002,-1,-1,-1,0.356862745098039,0.694117647058824,0.803921568627451
161.84896159172058,0.0,0.33348779230968173,0.03,1,1,1,0.0,0.3333333333333333,0.12150000000000001,-1,-1,-1,1.0,1.0,-1.0,0.0,-0.3333333333333333,0.10935000000000002,-1,-1,-1,0.356862745098039,0.694117647058824,0.803921568627451
161.88311910629272,0.0,0.33348779230968173,0.03,1,1,1,0.0,0.3333333333333333,0.12150000000000001,-1,-1,-1,1.0,1.0,-1.0,0.0,-0.3333333333333333,0.10935000000000002,-1,-1,-1,0.356862745098039,0.694117647058824,0.803921568627451
161.91789531707764,0.0,0.33348779230968173,0.03,1,1,1,0.0,0.3333333333333333,0.12150000000000001,-1,-1,-1,1.0,1.0,-1.0,0.0,-0.3333333333333333,0.10935000000000002,-1,-1,-1,0.356862745098039,0.694117647058824,0.803921568627451
161.95285940170288,0.0,0.33348779230968173,0.03,1,1,1,0.0,0.3333333333333333,0.12150000000000001,-1,-1,-1,1.0,1.0,-1.0,0.0,-0.3333333333333333,0.10935000000000002,-1,-1,-1,0.356862745098039,0.694117647058824,0.803921568627451
161.98718214035034,0.0,0.33348779230968173,0.03,1,1,1,0.0,0.3333333333333333,0.12150000000000001,-1,-1,-1,1.0,1.0,-1.0,0.0,-0.3333333333333333,0.10935000000000002,-1,-1,-1,0.356862745098039,0.694117647058824,0.803921568627451
162.02200365066528,0.0,0.33348779230968173,0.03,1,1,1,0.0,0.3333333333333333,0.12150000000000001,-1,-1,-1,1.0,1.0,-1.0,0.0,-0.3333333333333333,0.10935000000000002,-1,-1,-1,0.356862745098039,0.694117647058824,0.803921568627451
162.0560154914856,0.0,0.33348779230968173,0.03,1,1,1,0.0,0.3333333333333333,0.12150000000000001,-1,-1,-1,1.0,1.0,-1.0,0.0,-0.3333333333333333,0.10935000000000002,-1,-1,-1,0.356862745098039,0.694117647058824,0.803921568627451
162.1001913547516,0.0,0.33348779230968173,0.03,1,1,1,0.0,0.3333333333333333,0.12150000000000001,-1,-1,-1,1.0,1.0,-1.0,0.0,-0.3333333333333333,0.10935000000000002,-1,-1,-1,0.356862745098039,0.694117647058824,0.803921568627451
162.13441824913025,0.0,0.33348779230968173,0.03,1,1,1,0.0,0.3333333333333333,0.12150000000000001,-1,-1,-1,1.0,1.0,-1.0,0.0,-0.3333333333333333,0.10935000000000002,-1,-1,-1,0.356862745098039,0.694117647058824,0.803921568627451
162.167706489563,0.0,0.33348779230968173,0.03,1,1,1,0.0,0.3333333333333333,0.12150000000000001,-1,-1,-1,1.0,1.0,-1.0,0.0,-0.3333333333333333,0.10935000000000002,-1,-1,-1,0.356862745098039,0.694117647058824,0.803921568627451
162.20210099220276,0.0,0.33348779230968173,0.03,1,1,1,0.0,0.3333333333333333,0.12150000000000001,-1,-1,-1,1.0,1.0,-1.0,0.0,-0.3333333333333333,0.10935000000000002,-1,-1,-1,0.356862745098039,0.694117647058824,0.803921568627451
162.23734998703003,0.0,0.33348779230968173,0.03,1,1,1,0.0,0.3333333333333333,0.12150000000000001,-1,-1,-1,1.0,1.0,-1.0,0.0,-0.3333333333333333,0.10935000000000002,-1,-1,-1,0.356862745098039,0.694117647058824,0.803921568627451
162.2718324661255,0.0,0.33348779230968173,0.03,1,1,1,0.0,0.3333333333333333,0.12150000000000001,-1,-1,-1,1.0,1.0,-1.0,0.0,-0.3333333333333333,0.10935000000000002,-1,-1,-1,0.356862745098039,0.694117647058824,0.803921568627451
162.32720685005188,0.0,0.33348779230968173,0.03,1,1,1,0.0,0.3333333333333333,0.12150000000000001,-1,-1,-1,1.0,1.0,-1.0,0.0,-0.3333333333333333,0.10935000000000002,-1,-1,-1,0.356862745098039,0.694117647058824,0.803921568627451
162.3622715473175,0.0,0.0042805826335011385,0.03,1,1,1,0.0,0.3333333333333333,0.10935000000000002,1,1,1,1.0,1.0,-1.0,0.0,-0.3333333333333333,0.10935000000000002,-1,-1,-1,0.356862745098039,0.694117647058824,0.803921568627451
162.4035141468048,0.0,0.009631310925377562,0.03,1,1,1,0.0,0.3333333333333333,0.10935000000000002,1,1,1,1.0,1.0,-1.0,0.0,-0.3333333333333333,0.10935000000000002,-1,-1,-1,0.356862745098039,0.694117647058824,0.803921568627451
162.4393515586853,0.0,0.014982039217253985,0.03,1,1,1,0.0,0.3333333333333333,0.10935000000000002,1,1,1,1.0,1.0,-1.0,0.0,-0.3333333333333333,0.10935000000000002,-1,-1,-1,0.356862745098039,0.694117647058824,0.803921568627451
162.4735460281372,0.0,0.020332767509130413,0.03,1,1,1,0.0,0.3333333333333333,0.10935000000000002,1,1,1,1.0,1.0,-1.0,0.0,-0.3333333333333333,0.10935000000000002,-1,-1,-1,0.356862745098039,0.694117647058824,0.803921568627451
162.5148274898529,0.0,0.025683495801006845,0.03,1,1,1,0.0,0.3333333333333333,0.10935000000000002,1,1,1,1.0,1.0,-1.0,0.0,-0.3333333333333333,0.10935000000000002,-1,-1,-1,0.356862745098039,0.694117647058824,0.803921568627451
162.5493986606598,0.0,0.031034224092883273,0.03,1,1,1,0.0,0.3333333333333333,0.10935000000000002,1,1,1,1.0,1.0,-1.0,0.0,-0.3333333333333333,0.10935000000000002,-1,-1,-1,0.356862745098039,0.694117647058824,0.803921568627451
162.584374666214,0.0,0.0363849523847597,0.03,1,1,1,0.0,0.3333333333333333,0.10935000000000002,1,1,1,1.0,1.0,-1.0,0.0,-0.3333333333333333,0.10935000000000002,-1,-1,-1,0.356862745098039,0.694117647058824,0.803921568627451
162.61881709098816,0.0,0.04173568067663613,0.03,1,1,1,0.0,0.3333333333333333,0.10935000000000002,1,1,1,1.0,1.0,-1.0,0.0,-0.3333333333333333,0.10935000000000002,-1,-1,-1,0.356862745098039,0.694117647058824,0.803921568627451
162.65387225151062,0.0,0.047086408968512565,0.03,1,1,1,0.0,0.3333333333333333,0.10935000000000002,1,1,1,1.0,1.0,-1.0,0.0,-0.3333333333333333,0.10935000000000002,-1,-1,-1,0.356862745098039,0.694117647058824,0.803921568627451
162.69569993019104,0.0,0.052437137260389,0.03,1,1,1,0.0,0.3333333333333333,0.10935000000000002,1,1,1,1.0,1.0,-1.0,0.0,-0.3333333333333333,0.10935000000000002,-1,-1,-1,0.356862745098039,0.694117647058824,0.803921568627451
162.7305109500885,0.0,0.05778786555226543,0.03,1,1,1,0.0,0.3333333333333333,0.10935000000000002,1,1,1,1.0,1.0,-1.0,0.0,-0.3333333333333333,0.10935000000000002,-1,-1,-1,0.356862745098039,0.694117647058824,0.803921568627451
162.76513957977295,0.0,0.06313859384414185,0.03,1,1,1,0.0,0.3333333333333333,0.10935000000000002,1,1,1,1.0,1.0,-1.0,0.0,-0.3333333333333333,0.10935000000000002,-1,-1,-1,0.356862745098039,0.694117647058824,0.803921568627451
162.804838180542,0.0,0.06848932213601824,0.03,1,1,1,0.0,0.3333333333333333,0.10935000000000002,1,1,1,1.0,1.0,-1.0,0.0,-0.3333333333333333,0.10935000000000002,-1,-1,-1,0.356862745098039,0.694117647058824,0.803921568627451
162.83780074119568,0.0,0.07384005042789464,0.03,1,1,1,0.0,0.3333333333333333,0.10935000000000002,1,1,1,1.0,1.0,-1.0,0.0,-0.3333333333333333,0.10935000000000002,-1,-1,-1,0.356862745098039,0.694117647058824,0.803921568627451
162.87293243408203,0.0,0.07919077871977104,0.03,1,1,1,0.0,0.3333333333333333,0.10935000000000002,1,1,1,1.0,1.0,-1.0,0.0,-0.3333333333333333,0.10935000000000002,-1,-1,-1,0.356862745098039,0.694117647058824,0.803921568627451
162.91068768501282,0.0,0.08454150701164743,0.03,1,1,1,0.0,0.3333333333333333,0.10935000000000002,1,1,1,1.0,1.0,-1.0,0.0,-0.3333333333333333,0.10935000000000002,-1,-1,-1,0.356862745098039,0.694117647058824,0.803921568627451
162.94552445411682,0.0,0.08989223530352383,0.03,1,1,1,0.0,0.3333333333333333,0.10935000000000002,1,1,1,1.0,1.0,-1.0,0.0,-0.3333333333333333,0.10935000000000002,-1,-1,-1,0.356862745098039,0.694117647058824,0.803921568627451
162.98048877716064,0.0,0.09524296359540023,0.03,1,1,1,0.0,0.3333333333333333,0.10935000000000002,1,1,1,1.0,1.0,-1.0,0.0,-0.3333333333333333,0.10935000000000002,-1,-1,-1,0.356862745098039,0.694117647058824,0.803921568627451
163.01514077186584,0.0,0.10059369188727663,0.03,1,1,1,0.0,0.3333333333333333,0.10935000000000002,1,1,1,1.0,1.0,-1.0,0.0,-0.3333333333333333,0.10935000000000002,-1,-1,-1,0.356862745098039,0.694117647058824,0.803921568627451
163.05000567436218,0.0,0.10594442017915302,0.03,1,1,1,0.0,0.3333333333333333,0.10935000000000002,1,1,1,1.0,1.0,-1.0,0.0,-0.3333333333333333,0.10935000000000002,-1,-1,-1,0.356862745098039,0.694117647058824,0.803921568627451
163.09154534339905,0.0,0.11129514847102942,0.03,1,1,1,0.0,0.3333333333333333,0.10935000000000002,1,1,1,1.0,1.0,-1.0,0.0,-0.3333333333333333,0.10935000000000002,-1,-1,-1,0.356862745098039,0.694117647058824,0.803921568627451
163.12569117546082,0.0,0.11664587676290582,0.03,1,1,1,0.0,0.3333333333333333,0.10935000000000002,1,1,1,1.0,1.0,-1.0,0.0,-0.3333333333333333,0.10935000000000002,-1,-1,-1,0.356862745098039,0.694117647058824,0.803921568627451
163.16063141822815,0.0,0.12199660505478223,0.03,1,1,1,0.0,0.3333333333333333,0.10935000000000002,1,1,1,1.0,1.0,-1.0,0.0,-0.3333333333333333,0.10935000000000002,-1,-1,-1,0.356862745098039,0.694117647058824,0.803921568627451
163.19581866264343,0.0,0.12734733334665868,0.03,1,1,1,0.0,0.3333333333333333,0.10935000000000002,1,1,1,1.0,1.0,-1.0,0.0,-0.3333333333333333,0.10935000000000002,-1,-1,-1,0.356862745098039,0.694117647058824,0.803921568627451
163.23048734664917,0.0,0.13269806163853515,0.03,1,1,1,0.0,0.3333333333333333,0.10935000000000002,1,1,1,1.0,1.0,-1.0,0.0,-0.3333333333333333,0.10935000000000002,-1,-1,-1,0.356862745098039,0.694117647058824,0.803921568627451
163.27482676506042,0.0,0.13804878993041161,0.03,1,1,1,0.0,0.3333333333333333,0.10935000000000002,1,1,1,1.0,1.0,-1.0,0.0,-0.3333333333333333,0.10935000000000002,-1,-1,-1,0.356862745098039,0.694117647058824,0.803921568627451
163.30786681175232,0.0,0.14339951822228808,0.03,1,1,1,0.0,0.3333333333333333,0.10935000000000002,1,1,1,1.0,1.0,-1.0,0.0,-0.3333333333333333,0.10935000000000002,-1,-1,-1,0.356862745098039,0.694117647058824,0.803921568627451
163.3408796787262,0.0,0.14875024651416455,0.03,1,1,1,0.0,0.3333333333333333,0.10935000000000002,1,1,1,1.0,1.0,-1.0,0.0,-0.3333333333333333,0.10935000000000002,-1,-1,-1,0.356862745098039,0.694117647058824,0.803921568627451
163.37632656097412,0.0,0.154100974806041,0.03,1,1,1,0.0,0.3333333333333333,0.10935000000000002,1,1,1,1.0,1.0,-1.0,0.0,-0.3333333333333333,0.10935000000000002,-1,-1,-1,0.356862745098039,0.694117647058824,0.803921568627451
163.41105580329895,0.0,0.15945170309791748,0.03,1,1,1,0.0,0.3333333333333333,0.10935000000000002,1,1,1,1.0,1.0,-1.0,0.0,-0.3333333333333333,0.10935000000000002,-1,-1,-1,0.356862745098039,0.694117647058824,0.803921568627451
163.45264649391174,0.0,0.16480243138979395,0.03,1,1,1,0.0,0.3333333333333333,0.10935000000000002,1,1,1,1.0,1.0,-1.0,0.0,-0.3333333333333333,0.10935000000000002,-1,-1,-1,0.356862745098039,0.694117647058824,0.803921568627451
163.48762202262878,0.0,0.1701531596816704,0.03,1,1,1,0.0,0.3333333333333333,0.10935000000000002,1,1,1,1.0,1.0,-1.0,0.0,-0.3333333333333333,0.10935000000000002,-1,-1,-1,0.356862745098039,0.694117647058824,0.803921568627451
163.5224630832672,0.0,0.17550388797354688,0.03,1,1,1,0.0,0.3333333333333333,0.10935000000000002,1,1,1,1.0,1.0,-1.0,0.0,-0.3333333333333333,0.10935000000000002,-1,-1,-1,0.356862745098039,0.694117647058824,0.803921568627451
163.55780744552612,0.0,0.17405568179505013,0.03,1,1,1,0.0,0.3333333333333333,0.10935000000000002,-1,-1,-1,1.0,1.0,-1.0,0.0,-0.3333333333333333,0.10935000000000002,-1,-1,-1,0.356862745098039,0.694117647058824,0.803921568627451
163.59235739707947,0.0,0.16807485263630456,0.03,1,1,1,0.0,0.3333333333333333,0.10935000000000002,-1,-1,-1,1.0,1.0,-1.0,0.0,-0.3333333333333333,0.10935000000000002,-1,-1,-1,0.356862745098039,0.694117647058824,0.803921568627451
163.63399648666382,0.0,0.162094023477559,0.03,1,1,1,0.0,0.3333333333333333,0.10935000000000002,-1,-1,-1,1.0,1.0,-1.0,0.0,-0.3333333333333333,0.10935000000000002,-1,-1,-1,0.356862745098039,0.694117647058824,0.803921568627451
163.67884349822998,0.0,0.15611319431881343,0.03,1,1,1,0.0,0.3333333333333333,0.10935000000000002,-1,-1,-1,1.0,1.0,-1.0,0.0,-0.3333333333333333,0.10935000000000002,-1,-1,-1,0.356862745098039,0.694117647058824,0.803921568627451
163.71712064743042,0.0,0.15013236516006787,0.03,1,1,1,0.0,0.3333333333333333,0.10935000000000002,-1,-1,-1,1.0,1.0,-1.0,0.0,-0.3333333333333333,0.10935000000000002,-1,-1,-1,0.356862745098039,0.694117647058824,0.803921568627451
163.75255846977234,0.0,0.1441515360013223,0.03,1,1,1,0.0,0.3333333333333333,0.10935000000000002,-1,-1,-1,1.0,1.0,-1.0,0.0,-0.3333333333333333,0.10935000000000002,-1,-1,-1,0.356862745098039,0.694117647058824,0.803921568627451
163.78669929504395,0.0,0.13817070684257673,0.03,1,1,1,0.0,0.3333333333333333,0.10935000000000002,-1,-1,-1,1.0,1.0,-1.0,0.0,-0.3333333333333333,0.10935000000000002,-1,-1,-1,0.356862745098039,0.694117647058824,0.803921568627451
163.82849264144897,0.0,0.13218987768383117,0.03,1,1,1,0.0,0.3333333333333333,0.10935000000000002,-1,-1,-1,1.0,1.0,-1.0,0.0,-0.3333333333333333,0.10935000000000002,-1,-1,-1,0.356862745098039,0.694117647058824,0.803921568627451
163.86267161369324,0.0,0.1262090485250856,0.03,1,1,1,0.0,0.3333333333333333,0.10935000000000002,-1,-1,-1,1.0,1.0,-1.0,0.0,-0.3333333333333333,0.10935000000000002,-1,-1,-1,0.356862745098039,0.694117647058824,0.803921568627451
163.8975260257721,0.0,0.12022821936634,0.03,1,1,1,0.0,0.3333333333333333,0.10935000000000002,-1,-1,-1,1.0,1.0,-1.0,0.0,-0.3333333333333333,0.10935000000000002,-1,-1,-1,0.356862745098039,0.694117647058824,0.803921568627451
163.93306374549866,0.0,0.11424739020759438,0.03,1,1,1,0.0,0.3333333333333333,0.10935000000000002,-1,-1,-1,1.0,1.0,-1.0,0.0,-0.3333333333333333,0.10935000000000002,-1,-1,-1,0.356862745098039,0.694117647058824,0.803921568627451
163.9672040939331,0.0,0.10826656104884874,0.03,1,1,1,0.0,0.3333333333333333,0.10935000000000002,-1,-1,-1,1.0,1.0,-1.0,0.0,-0.3333333333333333,0.10935000000000002,-1,-1,-1,0.356862745098039,0.694117647058824,0.803921568627451
164.00202751159668,0.0,0.10228573189010311,0.03,1,1,1,0.0,0.3333333333333333,0.10935000000000002,-1,-1,-1,1.0,1.0,-1.0,0.0,-0.3333333333333333,0.10935000000000002,-1,-1,-1,0.356862745098039,0.694117647058824,0.803921568627451
164.03681325912476,0.0,0.09630490273135747,0.03,1,1,1,0.0,0.3333333333333333,0.10935000000000002,-1,-1,-1,1.0,1.0,-1.0,0.0,-0.3333333333333333,0.10935000000000002,-1,-1,-1,0.356862745098039,0.694117647058824,0.803921568627451
164.0825481414795,0.0,0.09032407357261184,0.03,1,1,1,0.0,0.3333333333333333,0.10935000000000002,-1,-1,-1,1.0,1.0,-1.0,0.0,-0.3333333333333333,0.10935000000000002,-1,-1,-1,0.356862745098039,0.694117647058824,0.803921568627451
164.12047219276428,0.0,0.0843432444138662,0.03,1,1,1,0.0,0.3333333333333333,0.10935000000000002,-1,-1,-1,1.0,1.0,-1.0,0.0,-0.3333333333333333,0.10935000000000002,-1,-1,-1,0.356862745098039,0.694117647058824,0.803921568627451
164.16184425354004,0.0,0.07836241525512057,0.03,1,1,1,0.0,0.3333333333333333,0.10935000000000002,-1,-1,-1,1.0,1.0,-1.0,0.0,-0.3333333333333333,0.10935000000000002,-1,-1,-1,0.356862745098039,0.694117647058824,0.803921568627451
164.19660544395447,0.0,0.07238158609637493,0.03,1,1,1,0.0,0.3333333333333333,0.10935000000000002,-1,-1,-1,1.0,1.0,-1.0,0.0,-0.3333333333333333,0.10935000000000002,-1,-1,-1,0.356862745098039,0.694117647058824,0.803921568627451
164.23132848739624,0.0,0.0664007569376293,0.03,1,1,1,0.0,0.3333333333333333,0.10935000000000002,-1,-1,-1,1.0,1.0,-1.0,0.0,-0.3333333333333333,0.10935000000000002,-1,-1,-1,0.356862745098039,0.694117647058824,0.803921568627451
164.27285599708557,0.0,0.06041992777888368,0.03,1,1,1,0.0,0.3333333333333333,0.10935000000000002,-1,-1,-1,1.0,1.0,-1.0,0.0,-0.3333333333333333,0.10935000000000002,-1,-1,-1,0.356862745098039,0.694117647058824,0.803921568627451
164.31616950035095,0.0,0.05443909862013804,0.03,1,1,1,0.0,0.3333333333333333,0.10935000000000002,-1,-1,-1,1.0,1.0,-1.0,0.0,-0.3333333333333333,0.10935000000000002,-1,-1,-1,0.356862745098039,0.694117647058824,0.803921568627451
164.35005736351013,0.0,0.04845826946139241,0.03,1,1,1,0.0,0.3333333333333333,0.10935000000000002,-1,-1,-1,1.0,1.0,-1.0,0.0,-0.3333333333333333,0.10935000000000002,-1,-1,-1,0.356862745098039,0.694117647058824,0.803921568627451
164.3838174343109,0.0,0.042477440302646774,0.03,1,1,1,0.0,0.3333333333333333,0.10935000000000002,-1,-1,-1,1.0,1.0,-1.0,0.0,-0.3333333333333333,0.10935000000000002,-1,-1,-1,0.356862745098039,0.694117647058824,0.803921568627451
164.41872024536133,0.0,0.03649661114390114,0.03,1,1,1,0.0,0.3333333333333333,0.10935000000000002,-1,-1,-1,1.0,1.0,-1.0,0.0,-0.3333333333333333,0.10935000000000002,-1,-1,-1,0.356862745098039,0.694117647058824,0.803921568627451
164.45191097259521,0.0,0.030515781985155505,0.03,1,1,1,0.0,0.3333333333333333,0.10935000000000002,-1,-1,-1,1.0,1.0,-1.0,0.0,-0.3333333333333333,0.10935000000000002,-1,-1,-1,0.356862745098039,0.694117647058824,0.803921568627451
164.4879698753357,0.0,0.02453495282640987,0.03,1,1,1,0.0,0.3333333333333333,0.10935000000000002,-1,-1,-1,1.0,1.0,-1.0,0.0,-0.3333333333333333,0.10935000000000002,-1,-1,-1,0.356862745098039,0.694117647058824,0.803921568627451
164.5308690071106,0.0,0.018554123667664235,0.03,1,1,1,0.0,0.3333333333333333,0.10935000000000002,-1,-1,-1,1.0,1.0,-1.0,0.0,-0.3333333333333333,0.10935000000000002,-1,-1,-1,0.356862745098039,0.694117647058824,0.803921568627451
164.56466364860535,0.0,0.012573294508918599,0.03,1,1,1,0.0,0.3333333333333333,0.10935000000000002,-1,-1,-1,1.0,1.0,-1.0,0.0,-0.3333333333333333,0.10935000000000002,-1,-1,-1,0.356862745098039,0.694117647058824,0.803921568627451
164.60007214546204,0.0,0.006592465350172964,0.03,1,1,1,0.0,0.3333333333333333,0.10935000000000002,-1,-1,-1,1.0,1.0,-1.0,0.0,-0.3333333333333333,0.10935000000000002,-1,-1,-1,0.356862745098039,0.694117647058824,0.803921568627451
164.63359570503235,0.0,0.0006116361914273306,0.03,1,1,1,0.0,0.3333333333333333,0.10935000000000002,-1,-1,-1,1.0,1.0,-1.0,0.0,-0.3333333333333333,0.10935000000000002,-1,-1,-1,0.356862745098039,0.694117647058824,0.803921568627451
164.66853737831116,0.0,-0.005369192967318302,0.03,1,1,1,0.0,0.3333333333333333,0.10935000000000002,-1,-1,-1,1.0,1.0,-1.0,0.0,-0.3333333333333333,0.10935000000000002,-1,-1,-1,0.356862745098039,0.694117647058824,0.803921568627451
164.7104196548462,0.0,-0.011350022126063937,0.03,1,1,1,0.0,0.3333333333333333,0.10935000000000002,-1,-1,-1,1.0,1.0,-1.0,0.0,-0.3333333333333333,0.10935000000000002,-1,-1,-1,0.356862745098039,0.694117647058824,0.803921568627451
164.74485683441162,0.0,-0.016066604550323074,0.03,1,1,1,0.0,0.3333333333333333,0.10935000000000002,-1,-1,-1,1.0,1.0,-1.0,0.0,-0.3333333333333333,0.10935000000000002,-1,-1,-1,0.356862745098039,0.694117647058824,0.803921568627451
164.7793424129486,0.0,-0.015726200036636228,0.03,1,1,1,0.0,0.3333333333333333,0.10935000000000002,-1,-1,-1,1.0,1.0,-1.0,0.0,-0.3333333333333333,0.10935000000000002,-1,-1,-1,0.356862745098039,0.694117647058824,0.803921568627451
164.8177525997162,0.0,-0.015385795522949379,0.03,1,1,1,0.0,0.3333333333333333,0.10935000000000002,-1,-1,-1,1.0,1.0,-1.0,0.0,-0.3333333333333333,0.10935000000000002,-1,-1,-1,0.356862745098039,0.694117647058824,0.803921568627451
164.85241532325745,0.0,-0.015045391009262528,0.03,1,1,1,0.0,0.3333333333333333,0.10935000000000002,-1,-1,-1,1.0,1.0,-1.0,0.0,-0.3333333333333333,0.10935000000000002,-1,-1,-1,0.356862745098039,0.694117647058824,0.803921568627451
164.8904049396515,0.0,-0.014704986495575683,0.03,1,1,1,0.0,0.3333333333333333,0.10935000000000002,-1,-1,-1,1.0,1.0,-1.0,0.0,-0.3333333333333333,0.10935000000000002,-1,-1,-1,0.356862745098039,0.694117647058824,0.803921568627451
164.92516613006592,0.0,-0.014364581981888837,0.03,1,1,1,0.0,0.3333333333333333,0.10935000000000002,-1,-1,-1,1.0,1.0,-1.0,0.0,-0.3333333333333333,0.10935000000000002,-1,-1,-1,0.356862745098039,0.694117647058824,0.803921568627451
164.95992755889893,0.0,-0.014024177468201992,0.03,1,1,1,0.0,0.3333333333333333,0.10935000000000002,-1,-1,-1,1.0,1.0,-1.0,0.0,-0.3333333333333333,0.10935000000000002,-1,-1,-1,0.356862745098039,0.694117647058824,0.803921568627451
164.99458932876587,0.0,-0.013683772954515146,0.03,1,1,1,0.0,0.3333333333333333,0.10935000000000002,-1,-1,-1,1.0,1.0,-1.0,0.0,-0.3333333333333333,0.10935000000000002,-1,-1,-1,0.356862745098039,0.694117647058824,0.803921568627451
165.03700804710388,0.0,-0.0133433684408283,0.03,1,1,1,0.0,0.3333333333333333,0.10935000000000002,-1,-1,-1,1.0,1.0,-1.0,0.0,-0.3333333333333333,0.10935000000000002,-1,-1,-1,0.356862745098039,0.694117647058824,0.803921568627451
165.07103037834167,0.0,-0.013002963927141455,0.03,1,1,1,0.0,0.3333333333333333,0.10935000000000002,-1,-1,-1,1.0,1.0,-1.0,0.0,-0.3333333333333333,0.10935000000000002,-1,-1,-1,0.356862745098039,0.694117647058824,0.803921568627451
165.10560774803162,0.0,-0.01266255941345461,0.03,1,1,1,0.0,0.3333333333333333,0.10935000000000002,-1,-1,-1,1.0,1.0,-1.0,0.0,-0.3333333333333333,0.10935000000000002,-1,-1,-1,0.356862745098039,0.694117647058824,0.803921568627451
165.14107275009155,0.0,-0.012322154899767764,0.03,1,1,1,0.0,0.3333333333333333,0.10935000000000002,-1,-1,-1,1.0,1.0,-1.0,0.0,-0.3333333333333333,0.10935000000000002,-1,-1,-1,0.356862745098039,0.694117647058824,0.803921568627451
165.17494773864746,0.0,-0.011981750386080918,0.03,1,1,1,0.0,0.3333333333333333,0.10935000000000002,-1,-1,-1,1.0,1.0,-1.0,0.0,-0.3333333333333333,0.10935000000000002,-1,-1,-1,0.356862745098039,0.694117647058824,0.803921568627451
165.2099370956421,0.0,-0.011641345872394073,0.03,1,1,1,0.0,0.3333333333333333,0.10935000000000002,-1,-1,-1,1.0,1.0,-1.0,0.0,-0.3333333333333333,0.10935000000000002,-1,-1,-1,0.356862745098039,0.694117647058824,0.803921568627451
165.25428748130798,0.0,-0.011300941358707227,0.03,1,1,1,0.0,0.3333333333333333,0.10935000000000002,-1,-1,-1,1.0,1.0,-1.0,0.0,-0.3333333333333333,0.10935000000000002,-1,-1,-1,0.356862745098039,0.694117647058824,0.803921568627451
165.2871105670929,0.0,-0.010960536845020382,0.03,1,1,1,0.0,0.3333333333333333,0.10935000000000002,-1,-1,-1,1.0,1.0,-1.0,0.0,-0.3333333333333333,0.10935000000000002,-1,-1,-1,0.356862745098039,0.694117647058824,0.803921568627451
165.32073879241943,0.0,-0.010620132331333536,0.03,1,1,1,0.0,0.3333333333333333,0.10935000000000002,-1,-1,-1,1.0,1.0,-1.0,0.0,-0.3333333333333333,0.10935000000000002,-1,-1,-1,0.356862745098039,0.694117647058824,0.803921568627451
165.35640215873718,0.0,-0.01027972781764669,0.03,1,1,1,0.0,0.3333333333333333,0.10935000000000002,-1,-1,-1,1.0,1.0,-1.0,0.0,-0.3333333333333333,0.10935000000000002,-1,-1,-1,0.356862745098039,0.694117647058824,0.803921568627451
165.39062356948853,0.0,-0.009939323303959845,0.03,1,1,1,0.0,0.3333333333333333,0.10935000000000002,-1,-1,-1,1.0,1.0,-1.0,0.0,-0.3333333333333333,0.10935000000000002,-1,-1,-1,0.356862745098039,0.694117647058824,0.803921568627451
165.4325008392334,0.0,-0.009598918790273,0.03,1,1,1,0.0,0.3333333333333333,0.10935000000000002,-1,-1,-1,1.0,1.0,-1.0,0.0,-0.3333333333333333,0.10935000000000002,-1,-1,-1,0.356862745098039,0.694117647058824,0.803921568627451
165.46677494049072,0.0,-0.009258514276586154,0.03,1,1,1,0.0,0.3333333333333333,0.10935000000000002,-1,-1,-1,1.0,1.0,-1.0,0.0,-0.3333333333333333,0.10935000000000002,-1,-1,-1,0.356862745098039,0.694117647058824,0.803921568627451
165.5015091896057,0.0,-0.008918109762899308,0.03,1,1,1,0.0,0.3333333333333333,0.10935000000000002,-1,-1,-1,1.0,1.0,-1.0,0.0,-0.3333333333333333,0.10935000000000002,-1,-1,-1,0.356862745098039,0.694117647058824,0.803921568627451
165.5361795425415,0.0,-0.008577705249212463,0.03,1,1,1,0.0,0.3333333333333333,0.10935000000000002,-1,-1,-1,1.0,1.0,-1.0,0.0,-0.3333333333333333,0.10935000000000002,-1,-1,-1,0.356862745098039,0.694117647058824,0.803921568627451
165.5783863067627,0.0,-0.008237300735525617,0.03,1,1,1,0.0,0.3333333333333333,0.10935000000000002,-1,-1,-1,1.0,1.0,-1.0,0.0,-0.3333333333333333,0.10935000000000002,-1,-1,-1,0.356862745098039,0.694117647058824,0.803921568627451
165.62138080596924,0.0,-0.007896896221838772,0.03,1,1,1,0.0,0.3333333333333333,0.10935000000000002,-1,-1,-1,1.0,1.0,-1.0,0.0,-0.3333333333333333,0.10935000000000002,-1,-1,-1,0.356862745098039,0.694117647058824,0.803921568627451
165.65441489219666,0.0,-0.00755649170815193,0.03,1,1,1,0.0,0.3333333333333333,0.10935000000000002,-1,-1,-1,1.0,1.0,-1.0,0.0,-0.3333333333333333,0.10935000000000002,-1,-1,-1,0.356862745098039,0.694117647058824,0.803921568627451
165.68970012664795,0.0,-0.0072160871944650885,0.03,1,1,1,0.0,0.3333333333333333,0.10935000000000002,-1,-1,-1,1.0,1.0,-1.0,0.0,-0.3333333333333333,0.10935000000000002,-1,-1,-1,0.356862745098039,0.694117647058824,0.803921568627451
165.72388696670532,0.0,-0.006875682680778247,0.03,1,1,1,0.0,0.3333333333333333,0.10935000000000002,-1,-1,-1,1.0,1.0,-1.0,0.0,-0.3333333333333333,0.10935000000000002,-1,-1,-1,0.356862745098039,0.694117647058824,0.803921568627451
165.75869727134705,0.0,-0.006535278167091406,0.03,1,1,1,0.0,0.3333333333333333,0.10935000000000002,-1,-1,-1,1.0,1.0,-1.0,0.0,-0.3333333333333333,0.10935000000000002,-1,-1,-1,0.356862745098039,0.694117647058824,0.803921568627451
165.80059576034546,0.0,-0.006194873653404565,0.03,1,1,1,0.0,0.3333333333333333,0.10935000000000002,-1,-1,-1,1.0,1.0,-1.0,0.0,-0.3333333333333333,0.10935000000000002,-1,-1,-1,0.356862745098039,0.694117647058824,0.803921568627451
165.8348536491394,0.0,-0.005854469139717724,0.03,1,1,1,0.0,0.3333333333333333,0.10935000000000002,-1,-1,-1,1.0,1.0,-1.0,0.0,-0.3333333333333333,0.10935000000000002,-1,-1,-1,0.356862745098039,0.694117647058824,0.803921568627451
165.8697862625122,0.0,-0.0055140646260308825,0.03,1,1,1,0.0,0.3333333333333333,0.10935000000000002,-1,-1,-1,1.0,1.0,-1.0,0.0,-0.3333333333333333,0.10935000000000002,-1,-1,-1,0.356862745098039,0.694117647058824,0.803921568627451
165.9045696258545,0.0,-0.005173660112344041,0.03,1,1,1,0.0,0.3333333333333333,0.10935000000000002,-1,-1,-1,1.0,1.0,-1.0,0.0,-0.3333333333333333,0.10935000000000002,-1,-1,-1,0.356862745098039,0.694117647058824,0.803921568627451
165.93936848640442,0.0,-0.0048332555986572,0.03,1,1,1,0.0,0.3333333333333333,0.10935000000000002,-1,-1,-1,1.0,1.0,-1.0,0.0,-0.3333333333333333,0.10935000000000002,-1,-1,-1,0.356862745098039,0.694117647058824,0.803921568627451
165.9809229373932,0.0,-0.0063261040168836975,0.03,1,1,1,0.0,0.3333333333333333,0.10935000000000002,-1,-1,-1,1.0,1.0,-1.0,0.0,-0.3333333333333333,0.10935000000000002,-1,-1,-1,0.356862745098039,0.694117647058824,0.803921568627451
166.015478849411,0.0,-0.007818952435110195,0.03,1,1,1,0.0,0.3333333333333333,0.10935000000000002,-1,-1,-1,1.0,1.0,-1.0,0.0,-0.3333333333333333,0.10935000000000002,-1,-1,-1,0.356862745098039,0.694117647058824,0.803921568627451
166.05022144317627,0.0,-0.009311800853336688,0.03,1,1,1,0.0,0.3333333333333333,0.10935000000000002,-1,-1,-1,1.0,1.0,-1.0,0.0,-0.3333333333333333,0.10935000000000002,-1,-1,-1,0.356862745098039,0.694117647058824,0.803921568627451
166.08885622024536,0.0,-0.010804649271563181,0.03,1,1,1,0.0,0.3333333333333333,0.10935000000000002,-1,-1,-1,1.0,1.0,-1.0,0.0,-0.3333333333333333,0.10935000000000002,-1,-1,-1,0.356862745098039,0.694117647058824,0.803921568627451
166.12293887138367,0.0,-0.012297497689789674,0.03,1,1,1,0.0,0.3333333333333333,0.10935000000000002,-1,-1,-1,1.0,1.0,-1.0,0.0,-0.3333333333333333,0.10935000000000002,-1,-1,-1,0.356862745098039,0.694117647058824,0.803921568627451
166.16179847717285,0.0,-0.013790346108016167,0.03,1,1,1,0.0,0.3333333333333333,0.10935000000000002,-1,-1,-1,1.0,1.0,-1.0,0.0,-0.3333333333333333,0.10935000000000002,-1,-1,-1,0.356862745098039,0.694117647058824,0.803921568627451
166.19581007957458,0.0,-0.015283194526242662,0.03,1,1,1,0.0,0.3333333333333333,0.10935000000000002,-1,-1,-1,1.0,1.0,-1.0,0.0,-0.3333333333333333,0.10935000000000002,-1,-1,-1,0.356862745098039,0.694117647058824,0.803921568627451
166.23038744926453,0.0,-0.016776042944469157,0.03,1,1,1,0.0,0.3333333333333333,0.10935000000000002,-1,-1,-1,1.0,1.0,-1.0,0.0,-0.3333333333333333,0.10935000000000002,-1,-1,-1,0.356862745098039,0.694117647058824,0.803921568627451
166.26517462730408,0.0,-0.01826889136269565,0.03,1,1,1,0.0,0.3333333333333333,0.10935000000000002,-1,-1,-1,1.0,1.0,-1.0,0.0,-0.3333333333333333,0.10935000000000002,-1,-1,-1,0.356862745098039,0.694117647058824,0.803921568627451
166.30031156539917,0.0,-0.019761739780922143,0.03,1,1,1,0.0,0.3333333333333333,0.10935000000000002,-1,-1,-1,1.0,1.0,-1.0,0.0,-0.3333333333333333,0.10935000000000002,-1,-1,-1,0.356862745098039,0.694117647058824,0.803921568627451
166.3417785167694,0.0,-0.021254588199148636,0.03,1,1,1,0.0,0.3333333333333333,0.10935000000000002,-1,-1,-1,1.0,1.0,-1.0,0.0,-0.3333333333333333,0.10935000000000002,-1,-1,-1,0.356862745098039,0.694117647058824,0.803921568627451
166.376615524292,0.0,-0.02274743661737513,0.03,1,1,1,0.0,0.3333333333333333,0.10935000000000002,-1,-1,-1,1.0,1.0,-1.0,0.0,-0.3333333333333333,0.10935000000000002,-1,-1,-1,0.356862745098039,0.694117647058824,0.803921568627451
166.41106057167053,0.0,-0.024240285035601623,0.03,1,1,1,0.0,0.3333333333333333,0.10935000000000002,-1,-1,-1,1.0,1.0,-1.0,0.0,-0.3333333333333333,0.10935000000000002,-1,-1,-1,0.356862745098039,0.694117647058824,0.803921568627451
166.44563937187195,0.0,-0.025733133453828116,0.03,1,1,1,0.0,0.3333333333333333,0.10935000000000002,-1,-1,-1,1.0,1.0,-1.0,0.0,-0.3333333333333333,0.10935000000000002,-1,-1,-1,0.356862745098039,0.694117647058824,0.803921568627451
166.48084664344788,0.0,-0.02722598187205461,0.03,1,1,1,0.0,0.3333333333333333,0.10935000000000002,-1,-1,-1,1.0,1.0,-1.0,0.0,-0.3333333333333333,0.10935000000000002,-1,-1,-1,0.356862745098039,0.694117647058824,0.803921568627451
166.52658438682556,0.0,-0.028718830290281102,0.03,1,1,1,0.0,0.3333333333333333,0.10935000000000002,-1,-1,-1,1.0,1.0,-1.0,0.0,-0.3333333333333333,0.10935000000000002,-1,-1,-1,0.356862745098039,0.694117647058824,0.803921568627451
166.56454467773438,0.0,-0.0302116787085076,0.03,1,1,1,0.0,0.3333333333333333,0.10935000000000002,-1,-1,-1,1.0,1.0,-1.0,0.0,-0.3333333333333333,0.10935000000000002,-1,-1,-1,0.356862745098039,0.694117647058824,0.803921568627451
166.5989818572998,0.0,-0.0317045271267341,0.03,1,1,1,0.0,0.3333333333333333,0.10935000000000002,-1,-1,-1,1.0,1.0,-1.0,0.0,-0.3333333333333333,0.10935000000000002,-1,-1,-1,0.356862745098039,0.694117647058824,0.803921568627451
166.63369488716125,0.0,-0.03319737554496059,0.03,1,1,1,0.0,0.3333333333333333,0.10935000000000002,-1,-1,-1,1.0,1.0,-1.0,0.0,-0.3333333333333333,0.10935000000000002,-1,-1,-1,0.356862745098039,0.694117647058824,0.803921568627451
166.66835403442383,0.0,-0.034690223963187085,0.03,1,1,1,0.0,0.3333333333333333,0.10935000000000002,-1,-1,-1,1.0,1.0,-1.0,0.0,-0.3333333333333333,0.10935000000000002,-1,-1,-1,0.356862745098039,0.694117647058824,0.803921568627451
166.70302438735962,0.0,-0.03618307238141358,0.03,1,1,1,0.0,0.3333333333333333,0.10935000000000002,-1,-1,-1,1.0,1.0,-1.0,0.0,-0.3333333333333333,0.10935000000000002,-1,-1,-1,0.356862745098039,0.694117647058824,0.803921568627451
166.738041639328,0.0,-0.03767592079964007,0.03,1,1,1,0.0,0.3333333333333333,0.10935000000000002,-1,-1,-1,1.0,1.0,-1.0,0.0,-0.3333333333333333,0.10935000000000002,-1,-1,-1,0.356862745098039,0.694117647058824,0.803921568627451
166.7801275253296,0.0,-0.039168769217866564,0.03,1,1,1,0.0,0.3333333333333333,0.10935000000000002,-1,-1,-1,1.0,1.0,-1.0,0.0,-0.3333333333333333,0.10935000000000002,-1,-1,-1,0.356862745098039,0.694117647058824,0.803921568627451
166.82147240638733,0.0,-0.04066161763609306,0.03,1,1,1,0.0,0.3333333333333333,0.10935000000000002,-1,-1,-1,1.0,1.0,-1.0,0.0,-0.3333333333333333,0.10935000000000002,-1,-1,-1,0.356862745098039,0.694117647058824,0.803921568627451
166.85610818862915,0.0,-0.04215446605431955,0.03,1,1,1,0.0,0.3333333333333333,0.10935000000000002,-1,-1,-1,1.0,1.0,-1.0,0.0,-0.3333333333333333,0.10935000000000002,-1,-1,-1,0.356862745098039,0.694117647058824,0.803921568627451
166.89097023010254,0.0,-0.043647314472546044,0.03,1,1,1,0.0,0.3333333333333333,0.10935000000000002,-1,-1,-1,1.0,1.0,-1.0,0.0,-0.3333333333333333,0.10935000000000002,-1,-1,-1,0.356862745098039,0.694117647058824,0.803921568627451
166.93062233924866,0.0,-0.04514016289077254,0.03,1,1,1,0.0,0.3333333333333333,0.10935000000000002,-1,-1,-1,1.0,1.0,-1.0,0.0,-0.3333333333333333,0.10935000000000002,-1,-1,-1,0.356862745098039,0.694117647058824,0.803921568627451
166.96480345726013,0.0,-0.04663301130899903,0.03,1,1,1,0.0,0.3333333333333333,0.10935000000000002,-1,-1,-1,1.0,1.0,-1.0,0.0,-0.3333333333333333,0.10935000000000002,-1,-1,-1,0.356862745098039,0.694117647058824,0.803921568627451
167.00197291374207,0.0,-0.04812585972722552,0.03,1,1,1,0.0,0.3333333333333333,0.10935000000000002,-1,-1,-1,1.0,1.0,-1.0,0.0,-0.3333333333333333,0.10935000000000002,-1,-1,-1,0.356862745098039,0.694117647058824,0.803921568627451
167.04378175735474,0.0,-0.049618708145452016,0.03,1,1,1,0.0,0.3333333333333333,0.10935000000000002,-1,-1,-1,1.0,1.0,-1.0,0.0,-0.3333333333333333,0.10935000000000002,-1,-1,-1,0.356862745098039,0.694117647058824,0.803921568627451
167.07922506332397,0.0,-0.05111155656367851,0.03,1,1,1,0.0,0.3333333333333333,0.10935000000000002,-1,-1,-1,1.0,1.0,-1.0,0.0,-0.3333333333333333,0.10935000000000002,-1,-1,-1,0.356862745098039,0.694117647058824,0.803921568627451
167.11357712745667,0.0,-0.052604404981905,0.03,1,1,1,0.0,0.3333333333333333,0.10935000000000002,-1,-1,-1,1.0,1.0,-1.0,0.0,-0.3333333333333333,0.10935000000000002,-1,-1,-1,0.356862745098039,0.694117647058824,0.803921568627451
167.14865922927856,0.0,-0.053804819627040805,0.03,1,1,1,0.0,0.3333333333333333,0.10935000000000002,-1,-1,-1,1.0,1.0,-1.0,0.0,-0.3333333333333333,0.10935000000000002,-1,-1,-1,0.356862745098039,0.694117647058824,0.803921568627451
167.1898283958435,0.0,-0.053835499179813846,0.03,1,1,1,0.0,0.3333333333333333,0.10935000000000002,-1,-1,-1,1.0,1.0,-1.0,0.0,-0.3333333333333333,0.10935000000000002,-1,-1,-1,0.356862745098039,0.694117647058824,0.803921568627451
167.23291301727295,0.0,-0.05386617873258689,0.03,1,1,1,0.0,0.3333333333333333,0.10935000000000002,-1,-1,-1,1.0,1.0,-1.0,0.0,-0.3333333333333333,0.10935000000000002,-1,-1,-1,0.356862745098039,0.694117647058824,0.803921568627451
167.2656967639923,0.0,-0.05389685828535993,0.03,1,1,1,0.0,0.3333333333333333,0.10935000000000002,-1,-1,-1,1.0,1.0,-1.0,0.0,-0.3333333333333333,0.10935000000000002,-1,-1,-1,0.356862745098039,0.694117647058824,0.803921568627451
167.3010184764862,0.0,-0.05392753783813297,0.03,1,1,1,0.0,0.3333333333333333,0.10935000000000002,-1,-1,-1,1.0,1.0,-1.0,0.0,-0.3333333333333333,0.10935000000000002,-1,-1,-1,0.356862745098039,0.694117647058824,0.803921568627451
167.33584094047546,0.0,-0.05395821739090601,0.03,1,1,1,0.0,0.3333333333333333,0.10935000000000002,-1,-1,-1,1.0,1.0,-1.0,0.0,-0.3333333333333333,0.10935000000000002,-1,-1,-1,0.356862745098039,0.694117647058824,0.803921568627451
167.3840184211731,0.0,-0.05398889694367905,0.03,1,1,1,0.0,0.3333333333333333,0.10935000000000002,-1,-1,-1,1.0,1.0,-1.0,0.0,-0.3333333333333333,0.10935000000000002,-1,-1,-1,0.356862745098039,0.694117647058824,0.803921568627451
167.42594027519226,0.0,-0.054019576496452094,0.03,1,1,1,0.0,0.3333333333333333,0.10935000000000002,-1,-1,-1,1.0,1.0,-1.0,0.0,-0.3333333333333333,0.10935000000000002,-1,-1,-1,0.356862745098039,0.694117647058824,0.803921568627451
167.45958256721497,0.0,-0.054050256049225136,0.03,1,1,1,0.0,0.3333333333333333,0.10935000000000002,-1,-1,-1,1.0,1.0,-1.0,0.0,-0.3333333333333333,0.10935000000000002,-1,-1,-1,0.356862745098039,0.694117647058824,0.803921568627451
167.49494314193726,0.0,-0.05408093560199818,0.03,1,1,1,0.0,0.3333333333333333,0.10935000000000002,-1,-1,-1,1.0,1.0,-1.0,0.0,-0.3333333333333333,0.10935000000000002,-1,-1,-1,0.356862745098039,0.694117647058824,0.803921568627451
167.53451418876648,0.0,-0.05411161515477122,0.03,1,1,1,0.0,0.3333333333333333,0.10935000000000002,-1,-1,-1,1.0,1.0,-1.0,0.0,-0.3333333333333333,0.10935000000000002,-1,-1,-1,0.356862745098039,0.694117647058824,0.803921568627451
167.56854152679443,0.0,-0.05414229470754426,0.03,1,1,1,0.0,0.3333333333333333,0.10935000000000002,-1,-1,-1,1.0,1.0,-1.0,0.0,-0.3333333333333333,0.10935000000000002,-1,-1,-1,0.356862745098039,0.694117647058824,0.803921568627451
167.6066553592682,0.0,-0.0541729742603173,0.03,1,1,1,0.0,0.3333333333333333,0.10935000000000002,-1,-1,-1,1.0,1.0,-1.0,0.0,-0.3333333333333333,0.10935000000000002,-1,-1,-1,0.356862745098039,0.694117647058824,0.803921568627451
167.64734745025635,0.0,-0.05420365381309034,0.03,1,1,1,0.0,0.3333333333333333,0.10935000000000002,-1,-1,-1,1.0,1.0,-1.0,0.0,-0.3333333333333333,0.10935000000000002,-1,-1,-1,0.356862745098039,0.694117647058824,0.803921568627451
167.68191695213318,0.0,-0.054234333365863384,0.03,1,1,1,0.0,0.3333333333333333,0.10935000000000002,-1,-1,-1,1.0,1.0,-1.0,0.0,-0.3333333333333333,0.10935000000000002,-1,-1,-1,0.356862745098039,0.694117647058824,0.803921568627451
167.71678113937378,0.0,-0.054265012918636425,0.03,1,1,1,0.0,0.3333333333333333,0.10935000000000002,-1,-1,-1,1.0,1.0,-1.0,0.0,-0.3333333333333333,0.10935000000000002,-1,-1,-1,0.356862745098039,0.694117647058824,0.803921568627451
167.75105094909668,0.0,-0.05429569247140947,0.03,1,1,1,0.0,0.3333333333333333,0.10935000000000002,-1,-1,-1,1.0,1.0,-1.0,0.0,-0.3333333333333333,0.10935000000000002,-1,-1,-1,0.356862745098039,0.694117647058824,0.803921568627451
167.79268860816956,0.0,-0.05432637202418251,0.03,1,1,1,0.0,0.3333333333333333,0.10935000000000002,-1,-1,-1,1.0,1.0,-1.0,0.0,-0.3333333333333333,0.10935000000000002,-1,-1,-1,0.356862745098039,0.694117647058824,0.803921568627451
167.82777881622314,0.0,-0.05435705157695555,0.03,1,1,1,0.0,0.3333333333333333,0.10935000000000002,-1,-1,-1,1.0,1.0,-1.0,0.0,-0.3333333333333333,0.10935000000000002,-1,-1,-1,0.356862745098039,0.694117647058824,0.803921568627451
167.86272954940796,0.0,-0.05438773112972859,0.03,1,1,1,0.0,0.3333333333333333,0.10935000000000002,-1,-1,-1,1.0,1.0,-1.0,0.0,-0.3333333333333333,0.10935000000000002,-1,-1,-1,0.356862745098039,0.694117647058824,0.803921568627451
167.9011402130127,0.0,-0.05441841068250163,0.03,1,1,1,0.0,0.3333333333333333,0.10935000000000002,-1,-1,-1,1.0,1.0,-1.0,0.0,-0.3333333333333333,0.10935000000000002,-1,-1,-1,0.356862745098039,0.694117647058824,0.803921568627451
167.9359290599823,0.0,-0.05444909023527467,0.03,1,1,1,0.0,0.3333333333333333,0.10935000000000002,-1,-1,-1,1.0,1.0,-1.0,0.0,-0.3333333333333333,0.10935000000000002,-1,-1,-1,0.356862745098039,0.694117647058824,0.803921568627451
167.97349953651428,0.0,-0.054479769788047715,0.03,1,1,1,0.0,0.3333333333333333,0.10935000000000002,-1,-1,-1,1.0,1.0,-1.0,0.0,-0.3333333333333333,0.10935000000000002,-1,-1,-1,0.356862745098039,0.694117647058824,0.803921568627451
168.00811767578125,0.0,-0.054510449340820756,0.03,1,1,1,0.0,0.3333333333333333,0.10935000000000002,-1,-1,-1,1.0,1.0,-1.0,0.0,-0.3333333333333333,0.10935000000000002,-1,-1,-1,0.356862745098039,0.694117647058824,0.803921568627451
168.04267477989197,0.0,-0.0545411288935938,0.03,1,1,1,0.0,0.3333333333333333,0.10935000000000002,-1,-1,-1,1.0,1.0,-1.0,0.0,-0.3333333333333333,0.10935000000000002,-1,-1,-1,0.356862745098039,0.694117647058824,0.803921568627451
168.07800674438477,0.0,-0.05457180844636684,0.03,1,1,1,0.0,0.3333333333333333,0.10935000000000002,-1,-1,-1,1.0,1.0,-1.0,0.0,-0.3333333333333333,0.10935000000000002,-1,-1,-1,0.356862745098039,0.694117647058824,0.803921568627451
168.1127998828888,0.0,-0.05460248799913988,0.03,1,1,1,0.0,0.3333333333333333,0.10935000000000002,-1,-1,-1,1.0,1.0,-1.0,0.0,-0.3333333333333333,0.10935000000000002,-1,-1,-1,0.356862745098039,0.694117647058824,0.803921568627451
168.1472623348236,0.0,-0.05463316755191292,0.03,1,1,1,0.0,0.3333333333333333,0.10935000000000002,-1,-1,-1,1.0,1.0,-1.0,0.0,-0.3333333333333333,0.10935000000000002,-1,-1,-1,0.356862745098039,0.694117647058824,0.803921568627451
168.18906140327454,0.0,-0.05466384710468596,0.03,1,1,1,0.0,0.3333333333333333,0.10935000000000002,-1,-1,-1,1.0,1.0,-1.0,0.0,-0.3333333333333333,0.10935000000000002,-1,-1,-1,0.356862745098039,0.694117647058824,0.803921568627451
168.22384977340698,0.0,-0.054694526657459004,0.03,1,1,1,0.0,0.3333333333333333,0.10935000000000002,-1,-1,-1,1.0,1.0,-1.0,0.0,-0.3333333333333333,0.10935000000000002,-1,-1,-1,0.356862745098039,0.694117647058824,0.803921568627451
168.25909304618835,0.0,-0.054725206210232046,0.03,1,1,1,0.0,0.3333333333333333,0.10935000000000002,-1,-1,-1,1.0,1.0,-1.0,0.0,-0.3333333333333333,0.10935000000000002,-1,-1,-1,0.356862745098039,0.694117647058824,0.803921568627451
168.29308223724365,0.0,-0.05475588576300509,0.03,1,1,1,0.0,0.3333333333333333,0.10935000000000002,-1,-1,-1,1.0,1.0,-1.0,0.0,-0.3333333333333333,0.10935000000000002,-1,-1,-1,0.356862745098039,0.694117647058824,0.803921568627451
168.3284831047058,0.0,-0.05478656531577813,0.03,1,1,1,0.0,0.3333333333333333,0.10935000000000002,-1,-1,-1,1.0,1.0,-1.0,0.0,-0.3333333333333333,0.10935000000000002,-1,-1,-1,0.356862745098039,0.694117647058824,0.803921568627451
168.3724856376648,0.0,-0.055214005321222254,0.03,1,1,1,0.0,0.3333333333333333,0.10935000000000002,-1,-1,-1,1.0,1.0,-1.0,0.0,-0.3333333333333333,0.10935000000000002,-1,-1,-1,0.356862745098039,0.694117647058824,0.803921568627451
168.41171383857727,0.0,-0.05590595229511377,0.03,1,1,1,0.0,0.3333333333333333,0.10935000000000002,-1,-1,-1,1.0,1.0,-1.0,0.0,-0.3333333333333333,0.10935000000000002,-1,-1,-1,0.356862745098039,0.694117647058824,0.803921568627451
168.44575357437134,0.0,-0.05659789926900528,0.03,1,1,1,0.0,0.3333333333333333,0.10935000000000002,-1,-1,-1,1.0,1.0,-1.0,0.0,-0.3333333333333333,0.10935000000000002,-1,-1,-1,0.356862745098039,0.694117647058824,0.803921568627451
168.48071956634521,0.0,-0.0572898462428968,0.03,1,1,1,0.0,0.3333333333333333,0.10935000000000002,-1,-1,-1,1.0,1.0,-1.0,0.0,-0.3333333333333333,0.10935000000000002,-1,-1,-1,0.356862745098039,0.694117647058824,0.803921568627451
168.52305006980896,0.0,-0.05798179321678831,0.03,1,1,1,0.0,0.3333333333333333,0.10935000000000002,-1,-1,-1,1.0,1.0,-1.0,0.0,-0.3333333333333333,0.10935000000000002,-1,-1,-1,0.356862745098039,0.694117647058824,0.803921568627451
168.56389713287354,0.0,-0.05867374019067983,0.03,1,1,1,0.0,0.3333333333333333,0.10935000000000002,-1,-1,-1,1.0,1.0,-1.0,0.0,-0.3333333333333333,0.10935000000000002,-1,-1,-1,0.356862745098039,0.694117647058824,0.803921568627451
168.5985336303711,0.0,-0.059365687164571336,0.03,1,1,1,0.0,0.3333333333333333,0.10935000000000002,-1,-1,-1,1.0,1.0,-1.0,0.0,-0.3333333333333333,0.10935000000000002,-1,-1,-1,0.356862745098039,0.694117647058824,0.803921568627451
168.63354778289795,0.0,-0.060057634138462865,0.03,1,1,1,0.0,0.3333333333333333,0.10935000000000002,-1,-1,-1,1.0,1.0,-1.0,0.0,-0.3333333333333333,0.10935000000000002,-1,-1,-1,0.356862745098039,0.694117647058824,0.803921568627451
168.6725800037384,0.0,-0.0607495811123544,0.03,1,1,1,0.0,0.3333333333333333,0.10935000000000002,-1,-1,-1,1.0,1.0,-1.0,0.0,-0.3333333333333333,0.10935000000000002,-1,-1,-1,0.356862745098039,0.694117647058824,0.803921568627451
168.70630073547363,0.0,-0.06144152808624594,0.03,1,1,1,0.0,0.3333333333333333,0.10935000000000002,-1,-1,-1,1.0,1.0,-1.0,0.0,-0.3333333333333333,0.10935000000000002,-1,-1,-1,0.356862745098039,0.694117647058824,0.803921568627451
168.7409327030182,0.0,-0.06213347506013745,0.03,1,1,1,0.0,0.3333333333333333,0.10935000000000002,-1,-1,-1,1.0,1.0,-1.0,0.0,-0.3333333333333333,0.10935000000000002,-1,-1,-1,0.356862745098039,0.694117647058824,0.803921568627451
168.77899980545044,0.0,-0.06282542203402897,0.03,1,1,1,0.0,0.3333333333333333,0.10935000000000002,-1,-1,-1,1.0,1.0,-1.0,0.0,-0.3333333333333333,0.10935000000000002,-1,-1,-1,0.356862745098039,0.694117647058824,0.803921568627451
168.81349062919617,0.0,-0.06351736900792045,0.03,1,1,1,0.0,0.3333333333333333,0.10935000000000002,-1,-1,-1,1.0,1.0,-1.0,0.0,-0.3333333333333333,0.10935000000000002,-1,-1,-1,0.356862745098039,0.694117647058824,0.803921568627451
168.84895205497742,0.0,-0.06420931598181193,0.03,1,1,1,0.0,0.3333333333333333,0.10935000000000002,-1,-1,-1,1.0,1.0,-1.0,0.0,-0.3333333333333333,0.10935000000000002,-1,-1,-1,0.356862745098039,0.694117647058824,0.803921568627451
168.8839066028595,0.0,-0.0649012629557034,0.03,1,1,1,0.0,0.3333333333333333,0.10935000000000002,-1,-1,-1,1.0,1.0,-1.0,0.0,-0.3333333333333333,0.10935000000000002,-1,-1,-1,0.356862745098039,0.694117647058824,0.803921568627451
168.92563915252686,0.0,-0.06559320992959489,0.03,1,1,1,0.0,0.3333333333333333,0.10935000000000002,-1,-1,-1,1.0,1.0,-1.0,0.0,-0.3333333333333333,0.10935000000000002,-1,-1,-1,0.356862745098039,0.694117647058824,0.803921568627451
168.96083092689514,0.0,-0.06628515690348637,0.03,1,1,1,0.0,0.3333333333333333,0.10935000000000002,-1,-1,-1,1.0,1.0,-1.0,0.0,-0.3333333333333333,0.10935000000000002,-1,-1,-1,0.356862745098039,0.694117647058824,0.803921568627451
168.99473595619202,0.0,-0.06697710387737785,0.03,1,1,1,0.0,0.3333333333333333,0.10935000000000002,-1,-1,-1,1.0,1.0,-1.0,0.0,-0.3333333333333333,0.10935000000000002,-1,-1,-1,0.356862745098039,0.694117647058824,0.803921568627451
169.02890348434448,0.0,-0.06766905085126933,0.03,1,1,1,0.0,0.3333333333333333,0.10935000000000002,-1,-1,-1,1.0,1.0,-1.0,0.0,-0.3333333333333333,0.10935000000000002,-1,-1,-1,0.356862745098039,0.694117647058824,0.803921568627451
169.0639877319336,0.0,-0.06836099782516081,0.03,1,1,1,0.0,0.3333333333333333,0.10935000000000002,-1,-1,-1,1.0,1.0,-1.0,0.0,-0.3333333333333333,0.10935000000000002,-1,-1,-1,0.356862745098039,0.694117647058824,0.803921568627451
169.09854364395142,0.0,-0.06905294479905229,0.03,1,1,1,0.0,0.3333333333333333,0.10935000000000002,-1,-1,-1,1.0,1.0,-1.0,0.0,-0.3333333333333333,0.10935000000000002,-1,-1,-1,0.356862745098039,0.694117647058824,0.803921568627451
169.14232635498047,0.0,-0.06974489177294377,0.03,1,1,1,0.0,0.3333333333333333,0.10935000000000002,-1,-1,-1,1.0,1.0,-1.0,0.0,-0.3333333333333333,0.10935000000000002,-1,-1,-1,0.356862745098039,0.694117647058824,0.803921568627451
169.17542362213135,0.0,-0.07043683874683525,0.03,1,1,1,0.0,0.3333333333333333,0.10935000000000002,-1,-1,-1,1.0,1.0,-1.0,0.0,-0.3333333333333333,0.10935000000000002,-1,-1,-1,0.356862745098039,0.694117647058824,0.803921568627451
169.20988702774048,0.0,-0.07112878572072673,0.03,1,1,1,0.0,0.3333333333333333,0.10935000000000002,-1,-1,-1,1.0,1.0,-1.0,0.0,-0.3333333333333333,0.10935000000000002,-1,-1,-1,0.356862745098039,0.694117647058824,0.803921568627451
169.24499988555908,0.0,-0.07182073269461821,0.03,1,1,1,0.0,0.3333333333333333,0.10935000000000002,-1,-1,-1,1.0,1.0,-1.0,0.0,-0.3333333333333333,0.10935000000000002,-1,-1,-1,0.356862745098039,0.694117647058824,0.803921568627451
169.27940821647644,0.0,-0.07251267966850969,0.03,1,1,1,0.0,0.3333333333333333,0.10935000000000002,-1,-1,-1,1.0,1.0,-1.0,0.0,-0.3333333333333333,0.10935000000000002,-1,-1,-1,0.356862745098039,0.694117647058824,0.803921568627451
169.32107710838318,0.0,-0.07320462664240117,0.03,1,1,1,0.0,0.3333333333333333,0.10935000000000002,-1,-1,-1,1.0,1.0,-1.0,0.0,-0.3333333333333333,0.10935000000000002,-1,-1,-1,0.356862745098039,0.694117647058824,0.803921568627451
169.35578727722168,0.0,-0.07389657361629265,0.03,1,1,1,0.0,0.3333333333333333,0.10935000000000002,-1,-1,-1,1.0,1.0,-1.0,0.0,-0.3333333333333333,0.10935000000000002,-1,-1,-1,0.356862745098039,0.694117647058824,0.803921568627451
169.39067196846008,0.0,-0.07458852059018413,0.03,1,1,1,0.0,0.3333333333333333,0.10935000000000002,-1,-1,-1,1.0,1.0,-1.0,0.0,-0.3333333333333333,0.10935000000000002,-1,-1,-1,0.356862745098039,0.694117647058824,0.803921568627451
169.42487144470215,0.0,-0.07528046756407561,0.03,1,1,1,0.0,0.3333333333333333,0.10935000000000002,-1,-1,-1,1.0,1.0,-1.0,0.0,-0.3333333333333333,0.10935000000000002,-1,-1,-1,0.356862745098039,0.694117647058824,0.803921568627451
169.4672908782959,0.0,-0.07597241453796709,0.03,1,1,1,0.0,0.3333333333333333,0.10935000000000002,-1,-1,-1,1.0,1.0,-1.0,0.0,-0.3333333333333333,0.10935000000000002,-1,-1,-1,0.356862745098039,0.694117647058824,0.803921568627451
169.50212740898132,0.0,-0.07666436151185857,0.03,1,1,1,0.0,0.3333333333333333,0.10935000000000002,-1,-1,-1,1.0,1.0,-1.0,0.0,-0.3333333333333333,0.10935000000000002,-1,-1,-1,0.356862745098039,0.694117647058824,0.803921568627451
169.53709936141968,0.0,-0.07735630848575005,0.03,1,1,1,0.0,0.3333333333333333,0.10935000000000002,-1,-1,-1,1.0,1.0,-1.0,0.0,-0.3333333333333333,0.10935000000000002,-1,-1,-1,0.356862745098039,0.694117647058824,0.803921568627451
169.57631301879883,0.0,-0.08002590256455092,0.03,1,1,1,0.0,0.3333333333333333,0.10935000000000002,-1,-1,-1,1.0,1.0,-1.0,0.0,-0.3333333333333333,0.10935000000000002,-1,-1,-1,0.356862745098039,0.694117647058824,0.803921568627451
169.6110556125641,0.0,-0.08318990841957913,0.03,1,1,1,0.0,0.3333333333333333,0.10935000000000002,-1,-1,-1,1.0,1.0,-1.0,0.0,-0.3333333333333333,0.10935000000000002,-1,-1,-1,0.356862745098039,0.694117647058824,0.803921568627451
169.64859223365784,0.0,-0.08635391427460734,0.03,1,1,1,0.0,0.3333333333333333,0.10935000000000002,-1,-1,-1,1.0,1.0,-1.0,0.0,-0.3333333333333333,0.10935000000000002,-1,-1,-1,0.356862745098039,0.694117647058824,0.803921568627451
169.6898307800293,0.0,-0.08951792012963555,0.03,1,1,1,0.0,0.3333333333333333,0.10935000000000002,-1,-1,-1,1.0,1.0,-1.0,0.0,-0.3333333333333333,0.10935000000000002,-1,-1,-1,0.356862745098039,0.694117647058824,0.803921568627451
169.72451162338257,0.0,-0.09268192598466377,0.03,1,1,1,0.0,0.3333333333333333,0.10935000000000002,-1,-1,-1,1.0,1.0,-1.0,0.0,-0.3333333333333333,0.10935000000000002,-1,-1,-1,0.356862745098039,0.694117647058824,0.803921568627451
169.75914335250854,0.0,-0.09584593183969198,0.03,1,1,1,0.0,0.3333333333333333,0.10935000000000002,-1,-1,-1,1.0,1.0,-1.0,0.0,-0.3333333333333333,0.10935000000000002,-1,-1,-1,0.356862745098039,0.694117647058824,0.803921568627451
169.7939476966858,0.0,-0.09900993769472019,0.03,1,1,1,0.0,0.3333333333333333,0.10935000000000002,-1,-1,-1,1.0,1.0,-1.0,0.0,-0.3333333333333333,0.10935000000000002,-1,-1,-1,0.356862745098039,0.694117647058824,0.803921568627451
169.83596873283386,0.0,-0.1021739435497484,0.03,1,1,1,0.0,0.3333333333333333,0.10935000000000002,-1,-1,-1,1.0,1.0,-1.0,0.0,-0.3333333333333333,0.10935000000000002,-1,-1,-1,0.356862745098039,0.694117647058824,0.803921568627451
169.87898468971252,0.0,-0.10533794940477662,0.03,1,1,1,0.0,0.3333333333333333,0.10935000000000002,-1,-1,-1,1.0,1.0,-1.0,0.0,-0.3333333333333333,0.10935000000000002,-1,-1,-1,0.356862745098039,0.694117647058824,0.803921568627451
169.9123785495758,0.0,-0.10850195525980483,0.03,1,1,1,0.0,0.3333333333333333,0.10935000000000002,-1,-1,-1,1.0,1.0,-1.0,0.0,-0.3333333333333333,0.10935000000000002,-1,-1,-1,0.356862745098039,0.694117647058824,0.803921568627451
169.94922423362732,0.0,-0.11166596111483304,0.03,1,1,1,0.0,0.3333333333333333,0.10935000000000002,-1,-1,-1,1.0,1.0,-1.0,0.0,-0.3333333333333333,0.10935000000000002,-1,-1,-1,0.356862745098039,0.694117647058824,0.803921568627451
169.9833459854126,0.0,-0.11482996696986125,0.03,1,1,1,0.0,0.3333333333333333,0.10935000000000002,-1,-1,-1,1.0,1.0,-1.0,0.0,-0.3333333333333333,0.10935000000000002,-1,-1,-1,0.356862745098039,0.694117647058824,0.803921568627451
170.03003239631653,0.0,-0.11799397282488946,0.03,1,1,1,0.0,0.3333333333333333,0.10935000000000002,-1,-1,-1,1.0,1.0,-1.0,0.0,-0.3333333333333333,0.10935000000000002,-1,-1,-1,0.356862745098039,0.694117647058824,0.803921568627451
170.06468987464905,0.0,-0.12115797867991768,0.03,1,1,1,0.0,0.3333333333333333,0.10935000000000002,-1,-1,-1,1.0,1.0,-1.0,0.0,-0.3333333333333333,0.10935000000000002,-1,-1,-1,0.356862745098039,0.694117647058824,0.803921568627451
170.09916806221008,0.0,-0.12432198453494589,0.03,1,1,1,0.0,0.3333333333333333,0.10935000000000002,-1,-1,-1,1.0,1.0,-1.0,0.0,-0.3333333333333333,0.10935000000000002,-1,-1,-1,0.356862745098039,0.694117647058824,0.803921568627451
170.13411617279053,0.0,-0.1274859903899741,0.03,1,1,1,0.0,0.3333333333333333,0.10935000000000002,-1,-1,-1,1.0,1.0,-1.0,0.0,-0.3333333333333333,0.10935000000000002,-1,-1,-1,0.356862745098039,0.694117647058824,0.803921568627451
170.16883993148804,0.0,-0.13064999624500231,0.03,1,1,1,0.0,0.3333333333333333,0.10935000000000002,-1,-1,-1,1.0,1.0,-1.0,0.0,-0.3333333333333333,0.10935000000000002,-1,-1,-1,0.356862745098039,0.694117647058824,0.803921568627451
170.21406745910645,0.0,-0.13381400210003053,0.03,1,1,1,0.0,0.3333333333333333,0.10935000000000002,-1,-1,-1,1.0,1.0,-1.0,0.0,-0.3333333333333333,0.10935000000000002,-1,-1,-1,0.356862745098039,0.694117647058824,0.803921568627451
170.25240683555603,0.0,-0.13697800795505874,0.03,1,1,1,0.0,0.3333333333333333,0.10935000000000002,-1,-1,-1,1.0,1.0,-1.0,0.0,-0.3333333333333333,0.10935000000000002,-1,-1,-1,0.356862745098039,0.694117647058824,0.803921568627451
170.28702902793884,0.0,-0.14014201381008695,0.03,1,1,1,0.0,0.3333333333333333,0.10935000000000002,-1,-1,-1,1.0,1.0,-1.0,0.0,-0.3333333333333333,0.10935000000000002,-1,-1,-1,0.356862745098039,0.694117647058824,0.803921568627451
170.32783126831055,0.0,-0.14330601966511516,0.03,1,1,1,0.0,0.3333333333333333,0.10935000000000002,-1,-1,-1,1.0,1.0,-1.0,0.0,-0.3333333333333333,0.10935000000000002,-1,-1,-1,0.356862745098039,0.694117647058824,0.803921568627451
170.36293029785156,0.0,-0.14647002552014338,0.03,1,1,1,0.0,0.3333333333333333,0.10935000000000002,-1,-1,-1,1.0,1.0,-1.0,0.0,-0.3333333333333333,0.10935000000000002,-1,-1,-1,0.356862745098039,0.694117647058824,0.803921568627451
170.40548276901245,0.0,-0.1496340313751716,0.03,1,1,1,0.0,0.3333333333333333,0.10935000000000002,-1,-1,-1,1.0,1.0,-1.0,0.0,-0.3333333333333333,0.10935000000000002,-1,-1,-1,0.356862745098039,0.694117647058824,0.803921568627451
170.44822907447815,0.0,-0.1527980372301998,0.03,1,1,1,0.0,0.3333333333333333,0.10935000000000002,-1,-1,-1,1.0,1.0,-1.0,0.0,-0.3333333333333333,0.10935000000000002,-1,-1,-1,0.356862745098039,0.694117647058824,0.803921568627451
170.48218536376953,0.0,-0.155962043085228,0.03,1,1,1,0.0,0.3333333333333333,0.10935000000000002,-1,-1,-1,1.0,1.0,-1.0,0.0,-0.3333333333333333,0.10935000000000002,-1,-1,-1,0.356862745098039,0.694117647058824,0.803921568627451
170.51594424247742,0.0,-0.15912604894025623,0.03,1,1,1,0.0,0.3333333333333333,0.10935000000000002,-1,-1,-1,1.0,1.0,-1.0,0.0,-0.3333333333333333,0.10935000000000002,-1,-1,-1,0.356862745098039,0.694117647058824,0.803921568627451
170.54981207847595,0.0,-0.16229005479528444,0.03,1,1,1,0.0,0.3333333333333333,0.10935000000000002,-1,-1,-1,1.0,1.0,-1.0,0.0,-0.3333333333333333,0.10935000000000002,-1,-1,-1,0.356862745098039,0.694117647058824,0.803921568627451
170.58534598350525,0.0,-0.16545406065031265,0.03,1,1,1,0.0,0.3333333333333333,0.10935000000000002,-1,-1,-1,1.0,1.0,-1.0,0.0,-0.3333333333333333,0.10935000000000002,-1,-1,-1,0.356862745098039,0.694117647058824,0.803921568627451
170.6199300289154,0.0,-0.16861806650534086,0.03,1,1,1,0.0,0.3333333333333333,0.10935000000000002,-1,-1,-1,1.0,1.0,-1.0,0.0,-0.3333333333333333,0.10935000000000002,-1,-1,-1,0.356862745098039,0.694117647058824,0.803921568627451
170.6686623096466,0.0,-0.17178207236036908,0.03,1,1,1,0.0,0.3333333333333333,0.10935000000000002,-1,-1,-1,1.0,1.0,-1.0,0.0,-0.3333333333333333,0.10935000000000002,-1,-1,-1,0.356862745098039,0.694117647058824,0.803921568627451
170.70291543006897,0.0,-0.1749460782153973,0.03,1,1,1,0.0,0.3333333333333333,0.10935000000000002,-1,-1,-1,1.0,1.0,-1.0,0.0,-0.3333333333333333,0.10935000000000002,-1,-1,-1,0.356862745098039,0.694117647058824,0.803921568627451
170.73757600784302,0.0,-0.1781100840704255,0.03,1,1,1,0.0,0.3333333333333333,0.10935000000000002,-1,-1,-1,1.0,1.0,-1.0,0.0,-0.3333333333333333,0.10935000000000002,-1,-1,-1,0.356862745098039,0.694117647058824,0.803921568627451
170.7724871635437,0.0,-0.17874288524143114,0.03,1,1,1,0.0,0.3333333333333333,0.10935000000000002,-1,-1,-1,1.0,1.0,-1.0,0.0,-0.3333333333333333,0.10935000000000002,-1,-1,-1,0.356862745098039,0.694117647058824,0.803921568627451
170.80704045295715,0.0,-0.17874288524143114,0.03,1,1,1,0.0,0.3333333333333333,0.10935000000000002,-1,-1,-1,1.0,1.0,-1.0,0.0,-0.3333333333333333,0.10935000000000002,-1,-1,-1,0.356862745098039,0.694117647058824,0.803921568627451
170.8419201374054,0.0,-0.17874288524143114,0.03,1,1,1,0.0,0.3333333333333333,0.10935000000000002,-1,-1,-1,1.0,1.0,-1.0,0.0,-0.3333333333333333,0.10935000000000002,-1,-1,-1,0.356862745098039,0.694117647058824,0.803921568627451
170.88590550422668,0.0,-0.17874288524143114,0.03,1,1,1,0.0,0.3333333333333333,0.10935000000000002,-1,-1,-1,1.0,1.0,-1.0,0.0,-0.3333333333333333,0.10935000000000002,-1,-1,-1,0.356862745098039,0.694117647058824,0.803921568627451
170.91934466362,0.0,-0.17874288524143114,0.03,1,1,1,0.0,0.3333333333333333,0.10935000000000002,-1,-1,-1,1.0,1.0,-1.0,0.0,-0.3333333333333333,0.10935000000000002,-1,-1,-1,0.356862745098039,0.694117647058824,0.803921568627451
170.9528591632843,0.0,-0.17874288524143114,0.03,1,1,1,0.0,0.3333333333333333,0.10935000000000002,-1,-1,-1,1.0,1.0,-1.0,0.0,-0.3333333333333333,0.10935000000000002,-1,-1,-1,0.356862745098039,0.694117647058824,0.803921568627451
170.9875204563141,0.0,-0.17874288524143114,0.03,1,1,1,0.0,0.3333333333333333,0.10935000000000002,-1,-1,-1,1.0,1.0,-1.0,0.0,-0.3333333333333333,0.10935000000000002,-1,-1,-1,0.356862745098039,0.694117647058824,0.803921568627451
171.0224781036377,0.0,-0.17874288524143114,0.03,1,1,1,0.0,0.3333333333333333,0.10935000000000002,-1,-1,-1,1.0,1.0,-1.0,0.0,-0.3333333333333333,0.10935000000000002,-1,-1,-1,0.356862745098039,0.694117647058824,0.803921568627451
171.0571370124817,0.0,-0.17874288524143114,0.03,1,1,1,0.0,0.3333333333333333,0.10935000000000002,-1,-1,-1,1.0,1.0,-1.0,0.0,-0.3333333333333333,0.10935000000000002,-1,-1,-1,0.356862745098039,0.694117647058824,0.803921568627451
171.09865379333496,0.0,-0.17874288524143114,0.03,1,1,1,0.0,0.3333333333333333,0.10935000000000002,-1,-1,-1,1.0,1.0,-1.0,0.0,-0.3333333333333333,0.10935000000000002,-1,-1,-1,0.356862745098039,0.694117647058824,0.803921568627451
171.13351273536682,0.0,-0.17874288524143114,0.03,1,1,1,0.0,0.3333333333333333,0.10935000000000002,-1,-1,-1,1.0,1.0,-1.0,0.0,-0.3333333333333333,0.10935000000000002,-1,-1,-1,0.356862745098039,0.694117647058824,0.803921568627451
171.16822028160095,0.0,-0.17874288524143114,0.03,1,1,1,0.0,0.3333333333333333,0.10935000000000002,-1,-1,-1,1.0,1.0,-1.0,0.0,-0.3333333333333333,0.10935000000000002,-1,-1,-1,0.356862745098039,0.694117647058824,0.803921568627451
171.2028772830963,0.0,-0.17874288524143114,0.03,1,1,1,0.0,0.3333333333333333,0.10935000000000002,-1,-1,-1,1.0,1.0,-1.0,0.0,-0.3333333333333333,0.10935000000000002,-1,-1,-1,0.356862745098039,0.694117647058824,0.803921568627451
171.24473333358765,0.0,-0.17874288524143114,0.03,1,1,1,0.0,0.3333333333333333,0.10935000000000002,-1,-1,-1,1.0,1.0,-1.0,0.0,-0.3333333333333333,0.10935000000000002,-1,-1,-1,0.356862745098039,0.694117647058824,0.803921568627451
171.2881145477295,0.0,-0.17874288524143114,0.03,1,1,1,0.0,0.3333333333333333,0.10935000000000002,-1,-1,-1,1.0,1.0,-1.0,0.0,-0.3333333333333333,0.10935000000000002,-1,-1,-1,0.356862745098039,0.694117647058824,0.803921568627451
171.3213963508606,0.0,-0.17874288524143114,0.03,1,1,1,0.0,0.3333333333333333,0.10935000000000002,-1,-1,-1,1.0,1.0,-1.0,0.0,-0.3333333333333333,0.10935000000000002,-1,-1,-1,0.356862745098039,0.694117647058824,0.803921568627451
171.35545444488525,0.0,-0.17874288524143114,0.03,1,1,1,0.0,0.3333333333333333,0.10935000000000002,-1,-1,-1,1.0,1.0,-1.0,0.0,-0.3333333333333333,0.10935000000000002,-1,-1,-1,0.356862745098039,0.694117647058824,0.803921568627451
171.3904514312744,0.0,-0.17874288524143114,0.03,1,1,1,0.0,0.3333333333333333,0.10935000000000002,-1,-1,-1,1.0,1.0,-1.0,0.0,-0.3333333333333333,0.10935000000000002,-1,-1,-1,0.356862745098039,0.694117647058824,0.803921568627451
171.4249620437622,0.0,-0.17874288524143114,0.03,1,1,1,0.0,0.3333333333333333,0.10935000000000002,-1,-1,-1,1.0,1.0,-1.0,0.0,-0.3333333333333333,0.10935000000000002,-1,-1,-1,0.356862745098039,0.694117647058824,0.803921568627451
171.459623336792,0.0,-0.17874288524143114,0.03,1,1,1,0.0,0.3333333333333333,0.10935000000000002,-1,-1,-1,1.0,1.0,-1.0,0.0,-0.3333333333333333,0.10935000000000002,-1,-1,-1,0.356862745098039,0.694117647058824,0.803921568627451
171.50177645683289,0.0,-0.17874288524143114,0.03,1,1,1,0.0,0.3333333333333333,0.10935000000000002,-1,-1,-1,1.0,1.0,-1.0,0.0,-0.3333333333333333,0.10935000000000002,-1,-1,-1,0.356862745098039,0.694117647058824,0.803921568627451
171.53627729415894,0.0,-0.17874288524143114,0.03,1,1,1,0.0,0.3333333333333333,0.10935000000000002,-1,-1,-1,1.0,1.0,-1.0,0.0,-0.3333333333333333,0.10935000000000002,-1,-1,-1,0.356862745098039,0.694117647058824,0.803921568627451
171.57104563713074,0.0,-0.17874288524143114,0.03,1,1,1,0.0,0.3333333333333333,0.10935000000000002,-1,-1,-1,1.0,1.0,-1.0,0.0,-0.3333333333333333,0.10935000000000002,-1,-1,-1,0.356862745098039,0.694117647058824,0.803921568627451
171.60528111457825,0.0,-0.17874288524143114,0.03,1,1,1,0.0,0.3333333333333333,0.10935000000000002,-1,-1,-1,1.0,1.0,-1.0,0.0,-0.3333333333333333,0.10935000000000002,-1,-1,-1,0.356862745098039,0.694117647058824,0.803921568627451
171.6474471092224,0.0,-0.17874288524143114,0.03,1,1,1,0.0,0.3333333333333333,0.10935000000000002,-1,-1,-1,1.0,1.0,-1.0,0.0,-0.3333333333333333,0.10935000000000002,-1,-1,-1,0.356862745098039,0.694117647058824,0.803921568627451
171.68221855163574,0.0,-0.17874288524143114,0.03,1,1,1,0.0,0.3333333333333333,0.10935000000000002,-1,-1,-1,1.0,1.0,-1.0,0.0,-0.3333333333333333,0.10935000000000002,-1,-1,-1,0.356862745098039,0.694117647058824,0.803921568627451
171.71686053276062,0.0,-0.17874288524143114,0.03,1,1,1,0.0,0.3333333333333333,0.10935000000000002,-1,-1,-1,1.0,1.0,-1.0,0.0,-0.3333333333333333,0.10935000000000002,-1,-1,-1,0.356862745098039,0.694117647058824,0.803921568627451
171.75171780586243,0.0,-0.17874288524143114,0.03,1,1,1,0.0,0.3333333333333333,0.10935000000000002,-1,-1,-1,1.0,1.0,-1.0,0.0,-0.3333333333333333,0.10935000000000002,-1,-1,-1,0.356862745098039,0.694117647058824,0.803921568627451
171.78995299339294,0.0,-0.17874288524143114,0.03,1,1,1,0.0,0.3333333333333333,0.10935000000000002,-1,-1,-1,1.0,1.0,-1.0,0.0,-0.3333333333333333,0.10935000000000002,-1,-1,-1,0.356862745098039,0.694117647058824,0.803921568627451
171.8247082233429,0.0,-0.17874288524143114,0.03,1,1,1,0.0,0.3333333333333333,0.10935000000000002,-1,-1,-1,1.0,1.0,-1.0,0.0,-0.3333333333333333,0.10935000000000002,-1,-1,-1,0.356862745098039,0.694117647058824,0.803921568627451
171.862642288208,0.0,-0.17874288524143114,0.03,1,1,1,0.0,0.3333333333333333,0.10935000000000002,-1,-1,-1,1.0,1.0,-1.0,0.0,-0.3333333333333333,0.10935000000000002,-1,-1,-1,0.356862745098039,0.694117647058824,0.803921568627451
171.89731621742249,0.0,-0.17874288524143114,0.03,1,1,1,0.0,0.3333333333333333,0.10935000000000002,-1,-1,-1,1.0,1.0,-1.0,0.0,-0.3333333333333333,0.10935000000000002,-1,-1,-1,0.356862745098039,0.694117647058824,0.803921568627451
171.9319908618927,0.0,-0.17874288524143114,0.03,1,1,1,0.0,0.3333333333333333,0.10935000000000002,-1,-1,-1,1.0,1.0,-1.0,0.0,-0.3333333333333333,0.10935000000000002,-1,-1,-1,0.356862745098039,0.694117647058824,0.803921568627451
171.96719431877136,0.0,-0.17499032723183375,0.03,1,1,1,0.0,0.3333333333333333,0.10935000000000002,-1,-1,-1,1.0,1.0,-1.0,0.0,-0.3333333333333333,0.10935000000000002,-1,-1,-1,0.356862745098039,0.694117647058824,0.803921568627451
172.00132155418396,0.0,-0.16873606388250476,0.03,1,1,1,0.0,0.3333333333333333,0.10935000000000002,-1,-1,-1,1.0,1.0,-1.0,0.0,-0.3333333333333333,0.10935000000000002,-1,-1,-1,0.356862745098039,0.694117647058824,0.803921568627451
172.04360938072205,0.0,-0.16248180053317576,0.03,1,1,1,0.0,0.3333333333333333,0.10935000000000002,-1,-1,-1,1.0,1.0,-1.0,0.0,-0.3333333333333333,0.10935000000000002,-1,-1,-1,0.356862745098039,0.694117647058824,0.803921568627451
172.07806992530823,0.0,-0.15622753718384677,0.03,1,1,1,0.0,0.3333333333333333,0.10935000000000002,-1,-1,-1,1.0,1.0,-1.0,0.0,-0.3333333333333333,0.10935000000000002,-1,-1,-1,0.356862745098039,0.694117647058824,0.803921568627451
172.11296725273132,0.0,-0.14997327383451778,0.03,1,1,1,0.0,0.3333333333333333,0.10935000000000002,-1,-1,-1,1.0,1.0,-1.0,0.0,-0.3333333333333333,0.10935000000000002,-1,-1,-1,0.356862745098039,0.694117647058824,0.803921568627451
172.1477108001709,0.0,-0.1437190104851888,0.03,1,1,1,0.0,0.3333333333333333,0.10935000000000002,-1,-1,-1,1.0,1.0,-1.0,0.0,-0.3333333333333333,0.10935000000000002,-1,-1,-1,0.356862745098039,0.694117647058824,0.803921568627451
172.1825726032257,0.0,-0.1374647471358598,0.03,1,1,1,0.0,0.3333333333333333,0.10935000000000002,-1,-1,-1,1.0,1.0,-1.0,0.0,-0.3333333333333333,0.10935000000000002,-1,-1,-1,0.356862745098039,0.694117647058824,0.803921568627451
172.21684217453003,0.0,-0.1312104837865308,0.03,1,1,1,0.0,0.3333333333333333,0.10935000000000002,-1,-1,-1,1.0,1.0,-1.0,0.0,-0.3333333333333333,0.10935000000000002,-1,-1,-1,0.356862745098039,0.694117647058824,0.803921568627451
172.2614598274231,0.0,-0.12495622043720178,0.03,1,1,1,0.0,0.3333333333333333,0.10935000000000002,-1,-1,-1,1.0,1.0,-1.0,0.0,-0.3333333333333333,0.10935000000000002,-1,-1,-1,0.356862745098039,0.694117647058824,0.803921568627451
172.30024218559265,0.0,-0.11870195708787273,0.03,1,1,1,0.0,0.3333333333333333,0.10935000000000002,-1,-1,-1,1.0,1.0,-1.0,0.0,-0.3333333333333333,0.10935000000000002,-1,-1,-1,0.356862745098039,0.694117647058824,0.803921568627451
172.3350384235382,0.0,-0.11244769373854367,0.03,1,1,1,0.0,0.3333333333333333,0.10935000000000002,-1,-1,-1,1.0,1.0,-1.0,0.0,-0.3333333333333333,0.10935000000000002,-1,-1,-1,0.356862745098039,0.694117647058824,0.803921568627451
172.3694508075714,0.0,-0.10619343038921461,0.03,1,1,1,0.0,0.3333333333333333,0.10935000000000002,-1,-1,-1,1.0,1.0,-1.0,0.0,-0.3333333333333333,0.10935000000000002,-1,-1,-1,0.356862745098039,0.694117647058824,0.803921568627451
172.40473008155823,0.0,-0.09993916703988555,0.03,1,1,1,0.0,0.3333333333333333,0.10935000000000002,-1,-1,-1,1.0,1.0,-1.0,0.0,-0.3333333333333333,0.10935000000000002,-1,-1,-1,0.356862745098039,0.694117647058824,0.803921568627451
172.43898797035217,0.0,-0.09368490369055649,0.03,1,1,1,0.0,0.3333333333333333,0.10935000000000002,-1,-1,-1,1.0,1.0,-1.0,0.0,-0.3333333333333333,0.10935000000000002,-1,-1,-1,0.356862745098039,0.694117647058824,0.803921568627451
172.4809718132019,0.0,-0.08743064034122743,0.03,1,1,1,0.0,0.3333333333333333,0.10935000000000002,-1,-1,-1,1.0,1.0,-1.0,0.0,-0.3333333333333333,0.10935000000000002,-1,-1,-1,0.356862745098039,0.694117647058824,0.803921568627451
172.515727519989,0.0,-0.08117637699189836,0.03,1,1,1,0.0,0.3333333333333333,0.10935000000000002,-1,-1,-1,1.0,1.0,-1.0,0.0,-0.3333333333333333,0.10935000000000002,-1,-1,-1,0.356862745098039,0.694117647058824,0.803921568627451
172.55111360549927,0.0,-0.0749221136425693,0.03,1,1,1,0.0,0.3333333333333333,0.10935000000000002,-1,-1,-1,1.0,1.0,-1.0,0.0,-0.3333333333333333,0.10935000000000002,-1,-1,-1,0.356862745098039,0.694117647058824,0.803921568627451
172.5857470035553,0.0,-0.06866785029324024,0.03,1,1,1,0.0,0.3333333333333333,0.10935000000000002,-1,-1,-1,1.0,1.0,-1.0,0.0,-0.3333333333333333,0.10935000000000002,-1,-1,-1,0.356862745098039,0.694117647058824,0.803921568627451
172.62041568756104,0.0,-0.062413586943911185,0.03,1,1,1,0.0,0.3333333333333333,0.10935000000000002,-1,-1,-1,1.0,1.0,-1.0,0.0,-0.3333333333333333,0.10935000000000002,-1,-1,-1,0.356862745098039,0.694117647058824,0.803921568627451
172.6655604839325,0.0,-0.05615932359458216,0.03,1,1,1,0.0,0.3333333333333333,0.10935000000000002,-1,-1,-1,1.0,1.0,-1.0,0.0,-0.3333333333333333,0.10935000000000002,-1,-1,-1,0.356862745098039,0.694117647058824,0.803921568627451
172.70371556282043,0.0,-0.04990506024525313,0.03,1,1,1,0.0,0.3333333333333333,0.10935000000000002,-1,-1,-1,1.0,1.0,-1.0,0.0,-0.3333333333333333,0.10935000000000002,-1,-1,-1,0.356862745098039,0.694117647058824,0.803921568627451
172.74549555778503,0.0,-0.043650796895924104,0.03,1,1,1,0.0,0.3333333333333333,0.10935000000000002,-1,-1,-1,1.0,1.0,-1.0,0.0,-0.3333333333333333,0.10935000000000002,-1,-1,-1,0.356862745098039,0.694117647058824,0.803921568627451
172.78008818626404,0.0,-0.03739653354659508,0.03,1,1,1,0.0,0.3333333333333333,0.10935000000000002,-1,-1,-1,1.0,1.0,-1.0,0.0,-0.3333333333333333,0.10935000000000002,-1,-1,-1,0.356862745098039,0.694117647058824,0.803921568627451
172.81477046012878,0.0,-0.031142270197266047,0.03,1,1,1,0.0,0.3333333333333333,0.10935000000000002,-1,-1,-1,1.0,1.0,-1.0,0.0,-0.3333333333333333,0.10935000000000002,-1,-1,-1,0.356862745098039,0.694117647058824,0.803921568627451
172.8565821647644,0.0,-0.024888006847937,0.03,1,1,1,0.0,0.3333333333333333,0.10935000000000002,-1,-1,-1,1.0,1.0,-1.0,0.0,-0.3333333333333333,0.10935000000000002,-1,-1,-1,0.356862745098039,0.694117647058824,0.803921568627451
172.9002685546875,0.0,-0.018633743498607955,0.03,1,1,1,0.0,0.3333333333333333,0.10935000000000002,-1,-1,-1,1.0,1.0,-1.0,0.0,-0.3333333333333333,0.10935000000000002,-1,-1,-1,0.356862745098039,0.694117647058824,0.803921568627451
172.93971920013428,0.0,-0.012379480149278912,0.03,1,1,1,0.0,0.3333333333333333,0.10935000000000002,-1,-1,-1,1.0,1.0,-1.0,0.0,-0.3333333333333333,0.10935000000000002,-1,-1,-1,0.356862745098039,0.694117647058824,0.803921568627451
172.97528624534607,0.0,-0.006125216799949868,0.03,1,1,1,0.0,0.3333333333333333,0.10935000000000002,-1,-1,-1,1.0,1.0,-1.0,0.0,-0.3333333333333333,0.10935000000000002,-1,-1,-1,0.356862745098039,0.694117647058824,0.803921568627451
173.00921821594238,0.0,0.00012904654937917611,0.03,1,1,1,0.0,0.3333333333333333,0.10935000000000002,-1,-1,-1,1.0,1.0,-1.0,0.0,-0.3333333333333333,0.10935000000000002,-1,-1,-1,0.356862745098039,0.694117647058824,0.803921568627451
173.05112886428833,0.0,0.00638330989870822,0.03,1,1,1,0.0,0.3333333333333333,0.10935000000000002,-1,-1,-1,1.0,1.0,-1.0,0.0,-0.3333333333333333,0.10935000000000002,-1,-1,-1,0.356862745098039,0.694117647058824,0.803921568627451
173.09253907203674,0.0,0.012637573248037264,0.03,1,1,1,0.0,0.3333333333333333,0.10935000000000002,-1,-1,-1,1.0,1.0,-1.0,0.0,-0.3333333333333333,0.10935000000000002,-1,-1,-1,0.356862745098039,0.694117647058824,0.803921568627451
173.13497829437256,0.0,0.018891836597366308,0.03,1,1,1,0.0,0.3333333333333333,0.10935000000000002,-1,-1,-1,1.0,1.0,-1.0,0.0,-0.3333333333333333,0.10935000000000002,-1,-1,-1,0.356862745098039,0.694117647058824,0.803921568627451
173.1692156791687,0.0,0.019054866008335183,0.03,1,1,1,0.0,0.3333333333333333,0.10935000000000002,-1,-1,-1,1.0,1.0,-1.0,0.0,-0.3333333333333333,0.10935000000000002,-1,-1,-1,0.356862745098039,0.694117647058824,0.803921568627451
173.20429110527039,0.0,0.015157072793730615,0.03,1,1,1,0.0,0.3333333333333333,0.10935000000000002,-1,-1,-1,1.0,1.0,-1.0,0.0,-0.3333333333333333,0.10935000000000002,-1,-1,-1,0.356862745098039,0.694117647058824,0.803921568627451
173.2389497756958,0.0,0.011259279579126053,0.03,1,1,1,0.0,0.3333333333333333,0.10935000000000002,-1,-1,-1,1.0,1.0,-1.0,0.0,-0.3333333333333333,0.10935000000000002,-1,-1,-1,0.356862745098039,0.694117647058824,0.803921568627451
173.28715753555298,0.0,0.0073614863645214915,0.03,1,1,1,0.0,0.3333333333333333,0.10935000000000002,-1,-1,-1,1.0,1.0,-1.0,0.0,-0.3333333333333333,0.10935000000000002,-1,-1,-1,0.356862745098039,0.694117647058824,0.803921568627451
173.32159805297852,0.0,0.00346369314991693,0.03,1,1,1,0.0,0.3333333333333333,0.10935000000000002,-1,-1,-1,1.0,1.0,-1.0,0.0,-0.3333333333333333,0.10935000000000002,-1,-1,-1,0.356862745098039,0.694117647058824,0.803921568627451
173.3561565876007,0.0,-0.0004341000646876326,0.03,1,1,1,0.0,0.3333333333333333,0.10935000000000002,-1,-1,-1,1.0,1.0,-1.0,0.0,-0.3333333333333333,0.10935000000000002,-1,-1,-1,0.356862745098039,0.694117647058824,0.803921568627451
173.39151644706726,0.0,-0.004331893279292195,0.03,1,1,1,0.0,0.3333333333333333,0.10935000000000002,-1,-1,-1,1.0,1.0,-1.0,0.0,-0.3333333333333333,0.10935000000000002,-1,-1,-1,0.356862745098039,0.694117647058824,0.803921568627451
173.42552375793457,0.0,-0.008229686493896759,0.03,1,1,1,0.0,0.3333333333333333,0.10935000000000002,-1,-1,-1,1.0,1.0,-1.0,0.0,-0.3333333333333333,0.10935000000000002,-1,-1,-1,0.356862745098039,0.694117647058824,0.803921568627451
173.47121715545654,0.0,-0.01212747970850132,0.03,1,1,1,0.0,0.3333333333333333,0.10935000000000002,-1,-1,-1,1.0,1.0,-1.0,0.0,-0.3333333333333333,0.10935000000000002,-1,-1,-1,0.356862745098039,0.694117647058824,0.803921568627451
173.50880336761475,0.0,-0.01602527292310588,0.03,1,1,1,0.0,0.3333333333333333,0.10935000000000002,-1,-1,-1,1.0,1.0,-1.0,0.0,-0.3333333333333333,0.10935000000000002,-1,-1,-1,0.356862745098039,0.694117647058824,0.803921568627451
173.55142283439636,0.0,-0.01992306613771045,0.03,1,1,1,0.0,0.3333333333333333,0.10935000000000002,-1,-1,-1,1.0,1.0,-1.0,0.0,-0.3333333333333333,0.10935000000000002,-1,-1,-1,0.356862745098039,0.694117647058824,0.803921568627451
173.5854434967041,0.0,-0.02382085935231502,0.03,1,1,1,0.0,0.3333333333333333,0.10935000000000002,-1,-1,-1,1.0,1.0,-1.0,0.0,-0.3333333333333333,0.10935000000000002,-1,-1,-1,0.356862745098039,0.694117647058824,0.803921568627451
173.61972975730896,0.0,-0.02771865256691959,0.03,1,1,1,0.0,0.3333333333333333,0.10935000000000002,-1,-1,-1,1.0,1.0,-1.0,0.0,-0.3333333333333333,0.10935000000000002,-1,-1,-1,0.356862745098039,0.694117647058824,0.803921568627451
173.65457892417908,0.0,-0.031616445781524165,0.03,1,1,1,0.0,0.3333333333333333,0.10935000000000002,-1,-1,-1,1.0,1.0,-1.0,0.0,-0.3333333333333333,0.10935000000000002,-1,-1,-1,0.356862745098039,0.694117647058824,0.803921568627451
173.696307182312,0.0,-0.03551423899612872,0.03,1,1,1,0.0,0.3333333333333333,0.10935000000000002,-1,-1,-1,1.0,1.0,-1.0,0.0,-0.3333333333333333,0.10935000000000002,-1,-1,-1,0.356862745098039,0.694117647058824,0.803921568627451
173.73976922035217,0.0,-0.03941203221073327,0.03,1,1,1,0.0,0.3333333333333333,0.10935000000000002,-1,-1,-1,1.0,1.0,-1.0,0.0,-0.3333333333333333,0.10935000000000002,-1,-1,-1,0.356862745098039,0.694117647058824,0.803921568627451
173.77291059494019,0.0,-0.043309825425337824,0.03,1,1,1,0.0,0.3333333333333333,0.10935000000000002,-1,-1,-1,1.0,1.0,-1.0,0.0,-0.3333333333333333,0.10935000000000002,-1,-1,-1,0.356862745098039,0.694117647058824,0.803921568627451
173.80761551856995,0.0,-0.04720761863994238,0.03,1,1,1,0.0,0.3333333333333333,0.10935000000000002,-1,-1,-1,1.0,1.0,-1.0,0.0,-0.3333333333333333,0.10935000000000002,-1,-1,-1,0.356862745098039,0.694117647058824,0.803921568627451
173.8420045375824,0.0,-0.05110541185454693,0.03,1,1,1,0.0,0.3333333333333333,0.10935000000000002,-1,-1,-1,1.0,1.0,-1.0,0.0,-0.3333333333333333,0.10935000000000002,-1,-1,-1,0.356862745098039,0.694117647058824,0.803921568627451
173.87653923034668,0.0,-0.05500320506915148,0.03,1,1,1,0.0,0.3333333333333333,0.10935000000000002,-1,-1,-1,1.0,1.0,-1.0,0.0,-0.3333333333333333,0.10935000000000002,-1,-1,-1,0.356862745098039,0.694117647058824,0.803921568627451
173.91868090629578,0.0,-0.058900998283756036,0.03,1,1,1,0.0,0.3333333333333333,0.10935000000000002,-1,-1,-1,1.0,1.0,-1.0,0.0,-0.3333333333333333,0.10935000000000002,-1,-1,-1,0.356862745098039,0.694117647058824,0.803921568627451
173.9533393383026,0.0,-0.06279879149836058,0.03,1,1,1,0.0,0.3333333333333333,0.10935000000000002,-1,-1,-1,1.0,1.0,-1.0,0.0,-0.3333333333333333,0.10935000000000002,-1,-1,-1,0.356862745098039,0.694117647058824,0.803921568627451
173.98802280426025,0.0,-0.06669658471296513,0.03,1,1,1,0.0,0.3333333333333333,0.10935000000000002,-1,-1,-1,1.0,1.0,-1.0,0.0,-0.3333333333333333,0.10935000000000002,-1,-1,-1,0.356862745098039,0.694117647058824,0.803921568627451
174.0225431919098,0.0,-0.07059437792756969,0.03,1,1,1,0.0,0.3333333333333333,0.10935000000000002,-1,-1,-1,1.0,1.0,-1.0,0.0,-0.3333333333333333,0.10935000000000002,-1,-1,-1,0.356862745098039,0.694117647058824,0.803921568627451
174.06450819969177,0.0,-0.07449217114217424,0.03,1,1,1,0.0,0.3333333333333333,0.10935000000000002,-1,-1,-1,1.0,1.0,-1.0,0.0,-0.3333333333333333,0.10935000000000002,-1,-1,-1,0.356862745098039,0.694117647058824,0.803921568627451
174.09933853149414,0.0,-0.0783899643567788,0.03,1,1,1,0.0,0.3333333333333333,0.10935000000000002,-1,-1,-1,1.0,1.0,-1.0,0.0,-0.3333333333333333,0.10935000000000002,-1,-1,-1,0.356862745098039,0.694117647058824,0.803921568627451
174.13326287269592,0.0,-0.08228775757138335,0.03,1,1,1,0.0,0.3333333333333333,0.10935000000000002,-1,-1,-1,1.0,1.0,-1.0,0.0,-0.3333333333333333,0.10935000000000002,-1,-1,-1,0.356862745098039,0.694117647058824,0.803921568627451
174.16785645484924,0.0,-0.0861855507859879,0.03,1,1,1,0.0,0.3333333333333333,0.10935000000000002,-1,-1,-1,1.0,1.0,-1.0,0.0,-0.3333333333333333,0.10935000000000002,-1,-1,-1,0.356862745098039,0.694117647058824,0.803921568627451
174.20599246025085,0.0,-0.09008334400059245,0.03,1,1,1,0.0,0.3333333333333333,0.10935000000000002,-1,-1,-1,1.0,1.0,-1.0,0.0,-0.3333333333333333,0.10935000000000002,-1,-1,-1,0.356862745098039,0.694117647058824,0.803921568627451
174.24063801765442,0.0,-0.093981137215197,0.03,1,1,1,0.0,0.3333333333333333,0.10935000000000002,-1,-1,-1,1.0,1.0,-1.0,0.0,-0.3333333333333333,0.10935000000000002,-1,-1,-1,0.356862745098039,0.694117647058824,0.803921568627451
174.27951622009277,0.0,-0.09787893042980156,0.03,1,1,1,0.0,0.3333333333333333,0.10935000000000002,-1,-1,-1,1.0,1.0,-1.0,0.0,-0.3333333333333333,0.10935000000000002,-1,-1,-1,0.356862745098039,0.694117647058824,0.803921568627451
174.31394147872925,0.0,-0.10177672364440611,0.03,1,1,1,0.0,0.3333333333333333,0.10935000000000002,-1,-1,-1,1.0,1.0,-1.0,0.0,-0.3333333333333333,0.10935000000000002,-1,-1,-1,0.356862745098039,0.694117647058824,0.803921568627451
174.34885811805725,0.0,-0.10567451685901066,0.03,1,1,1,0.0,0.3333333333333333,0.10935000000000002,-1,-1,-1,1.0,1.0,-1.0,0.0,-0.3333333333333333,0.10935000000000002,-1,-1,-1,0.356862745098039,0.694117647058824,0.803921568627451
174.38388204574585,0.0,-0.1086233554010579,0.03,1,1,1,0.0,0.3333333333333333,0.10935000000000002,-1,-1,-1,1.0,1.0,-1.0,0.0,-0.3333333333333333,0.10935000000000002,-1,-1,-1,0.356862745098039,0.694117647058824,0.803921568627451
174.4260003566742,0.0,-0.11157219394310514,0.03,1,1,1,0.0,0.3333333333333333,0.10935000000000002,-1,-1,-1,1.0,1.0,-1.0,0.0,-0.3333333333333333,0.10935000000000002,-1,-1,-1,0.356862745098039,0.694117647058824,0.803921568627451
174.467041015625,0.0,-0.11452103248515237,0.03,1,1,1,0.0,0.3333333333333333,0.10935000000000002,-1,-1,-1,1.0,1.0,-1.0,0.0,-0.3333333333333333,0.10935000000000002,-1,-1,-1,0.356862745098039,0.694117647058824,0.803921568627451
174.50195503234863,0.0,-0.11746987102719961,0.03,1,1,1,0.0,0.3333333333333333,0.10935000000000002,-1,-1,-1,1.0,1.0,-1.0,0.0,-0.3333333333333333,0.10935000000000002,-1,-1,-1,0.356862745098039,0.694117647058824,0.803921568627451
174.536527633667,0.0,-0.12041870956924683,0.03,1,1,1,0.0,0.3333333333333333,0.10935000000000002,-1,-1,-1,1.0,1.0,-1.0,0.0,-0.3333333333333333,0.10935000000000002,-1,-1,-1,0.356862745098039,0.694117647058824,0.803921568627451
174.5710768699646,0.0,-0.12336754811129404,0.03,1,1,1,0.0,0.3333333333333333,0.10935000000000002,-1,-1,-1,1.0,1.0,-1.0,0.0,-0.3333333333333333,0.10935000000000002,-1,-1,-1,0.356862745098039,0.694117647058824,0.803921568627451
174.6097502708435,0.0,-0.12631638665334122,0.03,1,1,1,0.0,0.3333333333333333,0.10935000000000002,-1,-1,-1,1.0,1.0,-1.0,0.0,-0.3333333333333333,0.10935000000000002,-1,-1,-1,0.356862745098039,0.694117647058824,0.803921568627451
174.64779806137085,0.0,-0.12926522519538838,0.03,1,1,1,0.0,0.3333333333333333,0.10935000000000002,-1,-1,-1,1.0,1.0,-1.0,0.0,-0.3333333333333333,0.10935000000000002,-1,-1,-1,0.356862745098039,0.694117647058824,0.803921568627451
174.6893708705902,0.0,-0.13221406373743555,0.03,1,1,1,0.0,0.3333333333333333,0.10935000000000002,-1,-1,-1,1.0,1.0,-1.0,0.0,-0.3333333333333333,0.10935000000000002,-1,-1,-1,0.356862745098039,0.694117647058824,0.803921568627451
174.72420477867126,0.0,-0.13516290227948272,0.03,1,1,1,0.0,0.3333333333333333,0.10935000000000002,-1,-1,-1,1.0,1.0,-1.0,0.0,-0.3333333333333333,0.10935000000000002,-1,-1,-1,0.356862745098039,0.694117647058824,0.803921568627451
174.75883865356445,0.0,-0.13811174082152988,0.03,1,1,1,0.0,0.3333333333333333,0.10935000000000002,-1,-1,-1,1.0,1.0,-1.0,0.0,-0.3333333333333333,0.10935000000000002,-1,-1,-1,0.356862745098039,0.694117647058824,0.803921568627451
174.7937798500061,0.0,-0.14106057936357705,0.03,1,1,1,0.0,0.3333333333333333,0.10935000000000002,-1,-1,-1,1.0,1.0,-1.0,0.0,-0.3333333333333333,0.10935000000000002,-1,-1,-1,0.356862745098039,0.694117647058824,0.803921568627451
174.83515620231628,0.0,-0.14400941790562422,0.03,1,1,1,0.0,0.3333333333333333,0.10935000000000002,-1,-1,-1,1.0,1.0,-1.0,0.0,-0.3333333333333333,0.10935000000000002,-1,-1,-1,0.356862745098039,0.694117647058824,0.803921568627451
174.86993026733398,0.0,-0.14695825644767138,0.03,1,1,1,0.0,0.3333333333333333,0.10935000000000002,-1,-1,-1,1.0,1.0,-1.0,0.0,-0.3333333333333333,0.10935000000000002,-1,-1,-1,0.356862745098039,0.694117647058824,0.803921568627451
174.9043755531311,0.0,-0.14990709498971855,0.03,1,1,1,0.0,0.3333333333333333,0.10935000000000002,-1,-1,-1,1.0,1.0,-1.0,0.0,-0.3333333333333333,0.10935000000000002,-1,-1,-1,0.356862745098039,0.694117647058824,0.803921568627451
174.93908262252808,0.0,-0.15285593353176571,0.03,1,1,1,0.0,0.3333333333333333,0.10935000000000002,-1,-1,-1,1.0,1.0,-1.0,0.0,-0.3333333333333333,0.10935000000000002,-1,-1,-1,0.356862745098039,0.694117647058824,0.803921568627451
174.97796273231506,0.0,-0.15580477207381288,0.03,1,1,1,0.0,0.3333333333333333,0.10935000000000002,-1,-1,-1,1.0,1.0,-1.0,0.0,-0.3333333333333333,0.10935000000000002,-1,-1,-1,0.356862745098039,0.694117647058824,0.803921568627451
175.01320505142212,0.0,-0.15875361061586005,0.03,1,1,1,0.0,0.3333333333333333,0.10935000000000002,-1,-1,-1,1.0,1.0,-1.0,0.0,-0.3333333333333333,0.10935000000000002,-1,-1,-1,0.356862745098039,0.694117647058824,0.803921568627451
175.05065488815308,0.0,-0.1617024491579072,0.03,1,1,1,0.0,0.3333333333333333,0.10935000000000002,-1,-1,-1,1.0,1.0,-1.0,0.0,-0.3333333333333333,0.10935000000000002,-1,-1,-1,0.356862745098039,0.694117647058824,0.803921568627451
175.09172224998474,0.0,-0.16465128769995438,0.03,1,1,1,0.0,0.3333333333333333,0.10935000000000002,-1,-1,-1,1.0,1.0,-1.0,0.0,-0.3333333333333333,0.10935000000000002,-1,-1,-1,0.356862745098039,0.694117647058824,0.803921568627451
175.1268494129181,0.0,-0.16760012624200155,0.03,1,1,1,0.0,0.3333333333333333,0.10935000000000002,-1,-1,-1,1.0,1.0,-1.0,0.0,-0.3333333333333333,0.10935000000000002,-1,-1,-1,0.356862745098039,0.694117647058824,0.803921568627451
175.1612536907196,0.0,-0.1705489647840487,0.03,1,1,1,0.0,0.3333333333333333,0.10935000000000002,-1,-1,-1,1.0,1.0,-1.0,0.0,-0.3333333333333333,0.10935000000000002,-1,-1,-1,0.356862745098039,0.694117647058824,0.803921568627451
175.19573950767517,0.0,-0.17349780332609588,0.03,1,1,1,0.0,0.3333333333333333,0.10935000000000002,-1,-1,-1,1.0,1.0,-1.0,0.0,-0.3333333333333333,0.10935000000000002,-1,-1,-1,0.356862745098039,0.694117647058824,0.803921568627451
175.23091197013855,0.0,-0.17644664186814304,0.03,1,1,1,0.0,0.3333333333333333,0.10935000000000002,-1,-1,-1,1.0,1.0,-1.0,0.0,-0.3333333333333333,0.10935000000000002,-1,-1,-1,0.356862745098039,0.694117647058824,0.803921568627451
175.27304911613464,0.0,-0.1793954804101902,0.03,1,1,1,0.0,0.3333333333333333,0.10935000000000002,-1,-1,-1,1.0,1.0,-1.0,0.0,-0.3333333333333333,0.10935000000000002,-1,-1,-1,0.356862745098039,0.694117647058824,0.803921568627451
175.30738472938538,0.0,-0.18234431895223738,0.03,1,1,1,0.0,0.3333333333333333,0.10935000000000002,-1,-1,-1,1.0,1.0,-1.0,0.0,-0.3333333333333333,0.10935000000000002,-1,-1,-1,0.356862745098039,0.694117647058824,0.803921568627451
175.34294629096985,0.0,-0.18529315749428454,0.03,1,1,1,0.0,0.3333333333333333,0.10935000000000002,-1,-1,-1,1.0,1.0,-1.0,0.0,-0.3333333333333333,0.10935000000000002,-1,-1,-1,0.356862745098039,0.694117647058824,0.803921568627451
175.381206035614,0.0,-0.1882419960363317,0.03,1,1,1,0.0,0.3333333333333333,0.10935000000000002,-1,-1,-1,1.0,1.0,-1.0,0.0,-0.3333333333333333,0.10935000000000002,-1,-1,-1,0.356862745098039,0.694117647058824,0.803921568627451
175.4153275489807,0.0,-0.19119083457837888,0.03,1,1,1,0.0,0.3333333333333333,0.10935000000000002,-1,-1,-1,1.0,1.0,-1.0,0.0,-0.3333333333333333,0.10935000000000002,-1,-1,-1,0.356862745098039,0.694117647058824,0.803921568627451
175.45101046562195,0.0,-0.19413967312042604,0.03,1,1,1,0.0,0.3333333333333333,0.10935000000000002,-1,-1,-1,1.0,1.0,-1.0,0.0,-0.3333333333333333,0.10935000000000002,-1,-1,-1,0.356862745098039,0.694117647058824,0.803921568627451
175.4889886379242,0.0,-0.1970885116624732,0.03,1,1,1,0.0,0.3333333333333333,0.10935000000000002,-1,-1,-1,1.0,1.0,-1.0,0.0,-0.3333333333333333,0.10935000000000002,-1,-1,-1,0.356862745098039,0.694117647058824,0.803921568627451
175.53000283241272,0.0,-0.20003735020452038,0.03,1,1,1,0.0,0.3333333333333333,0.10935000000000002,-1,-1,-1,1.0,1.0,-1.0,0.0,-0.3333333333333333,0.10935000000000002,-1,-1,-1,0.356862745098039,0.694117647058824,0.803921568627451
175.56533217430115,0.0,-0.20238390212304685,0.03,1,1,1,0.0,0.3333333333333333,0.10935000000000002,-1,-1,-1,1.0,1.0,-1.0,0.0,-0.3333333333333333,0.10935000000000002,-1,-1,-1,0.356862745098039,0.694117647058824,0.803921568627451
175.59933400154114,0.0,-0.2038270241062923,0.03,1,1,1,0.0,0.3333333333333333,0.10935000000000002,-1,-1,-1,1.0,1.0,-1.0,0.0,-0.3333333333333333,0.10935000000000002,-1,-1,-1,0.356862745098039,0.694117647058824,0.803921568627451
175.63451719284058,0.0,-0.20527014608953775,0.03,1,1,1,0.0,0.3333333333333333,0.10935000000000002,-1,-1,-1,1.0,1.0,-1.0,0.0,-0.3333333333333333,0.10935000000000002,-1,-1,-1,0.356862745098039,0.694117647058824,0.803921568627451
175.6761612892151,0.0,-0.2067132680727832,0.03,1,1,1,0.0,0.3333333333333333,0.10935000000000002,-1,-1,-1,1.0,1.0,-1.0,0.0,-0.3333333333333333,0.10935000000000002,-1,-1,-1,0.356862745098039,0.694117647058824,0.803921568627451
175.72024178504944,0.0,-0.20815639005602865,0.03,1,1,1,0.0,0.3333333333333333,0.10935000000000002,-1,-1,-1,1.0,1.0,-1.0,0.0,-0.3333333333333333,0.10935000000000002,-1,-1,-1,0.356862745098039,0.694117647058824,0.803921568627451
175.75941395759583,0.0,-0.2095995120392741,0.03,1,1,1,0.0,0.3333333333333333,0.10935000000000002,-1,-1,-1,1.0,1.0,-1.0,0.0,-0.3333333333333333,0.10935000000000002,-1,-1,-1,0.356862745098039,0.694117647058824,0.803921568627451
175.7945990562439,0.0,-0.21104263402251955,0.03,1,1,1,0.0,0.3333333333333333,0.10935000000000002,-1,-1,-1,1.0,1.0,-1.0,0.0,-0.3333333333333333,0.10935000000000002,-1,-1,-1,0.356862745098039,0.694117647058824,0.803921568627451
175.8289511203766,0.0,-0.212485756005765,0.03,1,1,1,0.0,0.3333333333333333,0.10935000000000002,-1,-1,-1,1.0,1.0,-1.0,0.0,-0.3333333333333333,0.10935000000000002,-1,-1,-1,0.356862745098039,0.694117647058824,0.803921568627451
175.87067580223083,0.0,-0.21392887798901045,0.03,1,1,1,0.0,0.3333333333333333,0.10935000000000002,-1,-1,-1,1.0,1.0,-1.0,0.0,-0.3333333333333333,0.10935000000000002,-1,-1,-1,0.356862745098039,0.694117647058824,0.803921568627451
175.91217422485352,0.0,-0.2153719999722559,0.03,1,1,1,0.0,0.3333333333333333,0.10935000000000002,-1,-1,-1,1.0,1.0,-1.0,0.0,-0.3333333333333333,0.10935000000000002,-1,-1,-1,0.356862745098039,0.694117647058824,0.803921568627451
175.9552550315857,0.0,-0.21681512195550134,0.03,1,1,1,0.0,0.3333333333333333,0.10935000000000002,-1,-1,-1,1.0,1.0,-1.0,0.0,-0.3333333333333333,0.10935000000000002,-1,-1,-1,0.356862745098039,0.694117647058824,0.803921568627451
175.98850989341736,0.0,-0.2182582439387468,0.03,1,1,1,0.0,0.3333333333333333,0.10935000000000002,-1,-1,-1,1.0,1.0,-1.0,0.0,-0.3333333333333333,0.10935000000000002,-1,-1,-1,0.356862745098039,0.694117647058824,0.803921568627451
176.024817943573,0.0,-0.21970136592199224,0.03,1,1,1,0.0,0.3333333333333333,0.10935000000000002,-1,-1,-1,1.0,1.0,-1.0,0.0,-0.3333333333333333,0.10935000000000002,-1,-1,-1,0.356862745098039,0.694117647058824,0.803921568627451
176.05931568145752,0.0,-0.2211444879052377,0.03,1,1,1,0.0,0.3333333333333333,0.10935000000000002,-1,-1,-1,1.0,1.0,-1.0,0.0,-0.3333333333333333,0.10935000000000002,-1,-1,-1,0.356862745098039,0.694117647058824,0.803921568627451
176.10665893554688,0.0,-0.22258760988848314,0.03,1,1,1,0.0,0.3333333333333333,0.10935000000000002,-1,-1,-1,1.0,1.0,-1.0,0.0,-0.3333333333333333,0.10935000000000002,-1,-1,-1,0.356862745098039,0.694117647058824,0.803921568627451
176.14156532287598,0.0,-0.2240307318717286,0.03,1,1,1,0.0,0.3333333333333333,0.10935000000000002,-1,-1,-1,1.0,1.0,-1.0,0.0,-0.3333333333333333,0.10935000000000002,-1,-1,-1,0.356862745098039,0.694117647058824,0.803921568627451
176.1757504940033,0.0,-0.22547385385497404,0.03,1,1,1,0.0,0.3333333333333333,0.10935000000000002,-1,-1,-1,1.0,1.0,-1.0,0.0,-0.3333333333333333,0.10935000000000002,-1,-1,-1,0.356862745098039,0.694117647058824,0.803921568627451
176.2112376689911,0.0,-0.2269169758382195,0.03,1,1,1,0.0,0.3333333333333333,0.10935000000000002,-1,-1,-1,1.0,1.0,-1.0,0.0,-0.3333333333333333,0.10935000000000002,-1,-1,-1,0.356862745098039,0.694117647058824,0.803921568627451
176.2454354763031,0.0,-0.22836009782146494,0.03,1,1,1,0.0,0.3333333333333333,0.10935000000000002,-1,-1,-1,1.0,1.0,-1.0,0.0,-0.3333333333333333,0.10935000000000002,-1,-1,-1,0.356862745098039,0.694117647058824,0.803921568627451
176.2901268005371,0.0,-0.22980321980471038,0.03,1,1,1,0.0,0.3333333333333333,0.10935000000000002,-1,-1,-1,1.0,1.0,-1.0,0.0,-0.3333333333333333,0.10935000000000002,-1,-1,-1,0.356862745098039,0.694117647058824,0.803921568627451
176.32893657684326,0.0,-0.23124634178795583,0.03,1,1,1,0.0,0.3333333333333333,0.10935000000000002,-1,-1,-1,1.0,1.0,-1.0,0.0,-0.3333333333333333,0.10935000000000002,-1,-1,-1,0.356862745098039,0.694117647058824,0.803921568627451
176.36306524276733,0.0,-0.23268946377120128,0.03,1,1,1,0.0,0.3333333333333333,0.10935000000000002,-1,-1,-1,1.0,1.0,-1.0,0.0,-0.3333333333333333,0.10935000000000002,-1,-1,-1,0.356862745098039,0.694117647058824,0.803921568627451
176.39786291122437,0.0,-0.23413258575444673,0.03,1,1,1,0.0,0.3333333333333333,0.10935000000000002,-1,-1,-1,1.0,1.0,-1.0,0.0,-0.3333333333333333,0.10935000000000002,-1,-1,-1,0.356862745098039,0.694117647058824,0.803921568627451
176.432879447937,0.0,-0.23557570773769218,0.03,1,1,1,0.0,0.3333333333333333,0.10935000000000002,-1,-1,-1,1.0,1.0,-1.0,0.0,-0.3333333333333333,0.10935000000000002,-1,-1,-1,0.356862745098039,0.694117647058824,0.803921568627451
176.4748568534851,0.0,-0.23701882972093763,0.03,1,1,1,0.0,0.3333333333333333,0.10935000000000002,-1,-1,-1,1.0,1.0,-1.0,0.0,-0.3333333333333333,0.10935000000000002,-1,-1,-1,0.356862745098039,0.694117647058824,0.803921568627451
176.51541781425476,0.0,-0.2384619517041831,0.03,1,1,1,0.0,0.3333333333333333,0.10935000000000002,-1,-1,-1,1.0,1.0,-1.0,0.0,-0.3333333333333333,0.10935000000000002,-1,-1,-1,0.356862745098039,0.694117647058824,0.803921568627451
176.55053162574768,0.0,-0.23990507368742864,0.03,1,1,1,0.0,0.3333333333333333,0.10935000000000002,-1,-1,-1,1.0,1.0,-1.0,0.0,-0.3333333333333333,0.10935000000000002,-1,-1,-1,0.356862745098039,0.694117647058824,0.803921568627451
176.58507299423218,0.0,-0.24134819567067414,0.03,1,1,1,0.0,0.3333333333333333,0.10935000000000002,-1,-1,-1,1.0,1.0,-1.0,0.0,-0.3333333333333333,0.10935000000000002,-1,-1,-1,0.356862745098039,0.694117647058824,0.803921568627451
176.62336993217468,0.0,-0.24279131765391965,0.03,1,1,1,0.0,0.3333333333333333,0.10935000000000002,-1,-1,-1,1.0,1.0,-1.0,0.0,-0.3333333333333333,0.10935000000000002,-1,-1,-1,0.356862745098039,0.694117647058824,0.803921568627451
176.65772080421448,0.0,-0.24423443963716518,0.03,1,1,1,0.0,0.3333333333333333,0.10935000000000002,-1,-1,-1,1.0,1.0,-1.0,0.0,-0.3333333333333333,0.10935000000000002,-1,-1,-1,0.356862745098039,0.694117647058824,0.803921568627451
176.69635319709778,0.0,-0.24567756162041068,0.03,1,1,1,0.0,0.3333333333333333,0.10935000000000002,-1,-1,-1,1.0,1.0,-1.0,0.0,-0.3333333333333333,0.10935000000000002,-1,-1,-1,0.356862745098039,0.694117647058824,0.803921568627451
176.73056745529175,0.0,-0.2471206836036562,0.03,1,1,1,0.0,0.3333333333333333,0.10935000000000002,-1,-1,-1,1.0,1.0,-1.0,0.0,-0.3333333333333333,0.10935000000000002,-1,-1,-1,0.356862745098039,0.694117647058824,0.803921568627451
176.76567912101746,0.0,-0.24870041569395798,0.03,1,1,1,0.0,0.3333333333333333,0.10935000000000002,-1,-1,-1,1.0,1.0,-1.0,0.0,-0.3333333333333333,0.10935000000000002,-1,-1,-1,0.356862745098039,0.694117647058824,0.803921568627451
176.80039739608765,0.0,-0.2508265882124848,0.03,1,1,1,0.0,0.3333333333333333,0.10935000000000002,-1,-1,-1,1.0,1.0,-1.0,0.0,-0.3333333333333333,0.10935000000000002,-1,-1,-1,0.356862745098039,0.694117647058824,0.803921568627451
176.83478927612305,0.0,-0.2529527607310116,0.03,1,1,1,0.0,0.3333333333333333,0.10935000000000002,-1,-1,-1,1.0,1.0,-1.0,0.0,-0.3333333333333333,0.10935000000000002,-1,-1,-1,0.356862745098039,0.694117647058824,0.803921568627451
176.87695717811584,0.0,-0.25507893324953834,0.03,1,1,1,0.0,0.3333333333333333,0.10935000000000002,-1,-1,-1,1.0,1.0,-1.0,0.0,-0.3333333333333333,0.10935000000000002,-1,-1,-1,0.356862745098039,0.694117647058824,0.803921568627451
176.9112937450409,0.0,-0.2572051057680651,0.03,1,1,1,0.0,0.3333333333333333,0.10935000000000002,-1,-1,-1,1.0,1.0,-1.0,0.0,-0.3333333333333333,0.10935000000000002,-1,-1,-1,0.356862745098039,0.694117647058824,0.803921568627451
176.94631385803223,0.0,-0.25933127828659186,0.03,1,1,1,0.0,0.3333333333333333,0.10935000000000002,-1,-1,-1,1.0,1.0,-1.0,0.0,-0.3333333333333333,0.10935000000000002,-1,-1,-1,0.356862745098039,0.694117647058824,0.803921568627451
176.98065567016602,0.0,-0.2614574508051186,0.03,1,1,1,0.0,0.3333333333333333,0.10935000000000002,-1,-1,-1,1.0,1.0,-1.0,0.0,-0.3333333333333333,0.10935000000000002,-1,-1,-1,0.356862745098039,0.694117647058824,0.803921568627451
177.01558828353882,0.0,-0.2635836233236454,0.03,1,1,1,0.0,0.3333333333333333,0.10935000000000002,-1,-1,-1,1.0,1.0,-1.0,0.0,-0.3333333333333333,0.10935000000000002,-1,-1,-1,0.356862745098039,0.694117647058824,0.803921568627451
177.05037188529968,0.0,-0.26570979584217214,0.03,1,1,1,0.0,0.3333333333333333,0.10935000000000002,-1,-1,-1,1.0,1.0,-1.0,0.0,-0.3333333333333333,0.10935000000000002,-1,-1,-1,0.356862745098039,0.694117647058824,0.803921568627451
177.09378719329834,0.0,-0.2678359683606989,0.03,1,1,1,0.0,0.3333333333333333,0.10935000000000002,-1,-1,-1,1.0,1.0,-1.0,0.0,-0.3333333333333333,0.10935000000000002,-1,-1,-1,0.356862745098039,0.694117647058824,0.803921568627451
177.127436876297,0.0,-0.26996214087922565,0.03,1,1,1,0.0,0.3333333333333333,0.10935000000000002,-1,-1,-1,1.0,1.0,-1.0,0.0,-0.3333333333333333,0.10935000000000002,-1,-1,-1,0.356862745098039,0.694117647058824,0.803921568627451
177.1611135005951,0.0,-0.2720883133977524,0.03,1,1,1,0.0,0.3333333333333333,0.10935000000000002,-1,-1,-1,1.0,1.0,-1.0,0.0,-0.3333333333333333,0.10935000000000002,-1,-1,-1,0.356862745098039,0.694117647058824,0.803921568627451
177.19606804847717,0.0,-0.27421448591627917,0.03,1,1,1,0.0,0.3333333333333333,0.10935000000000002,-1,-1,-1,1.0,1.0,-1.0,0.0,-0.3333333333333333,0.10935000000000002,-1,-1,-1,0.356862745098039,0.694117647058824,0.803921568627451
177.2310791015625,0.0,-0.27634065843480593,0.03,1,1,1,0.0,0.3333333333333333,0.10935000000000002,-1,-1,-1,1.0,1.0,-1.0,0.0,-0.3333333333333333,0.10935000000000002,-1,-1,-1,0.356862745098039,0.694117647058824,0.803921568627451
177.2652506828308,0.0,-0.2784668309533327,0.03,1,1,1,0.0,0.3333333333333333,0.10935000000000002,-1,-1,-1,1.0,1.0,-1.0,0.0,-0.3333333333333333,0.10935000000000002,-1,-1,-1,0.356862745098039,0.694117647058824,0.803921568627451
177.30664491653442,0.0,-0.28059300347185945,0.03,1,1,1,0.0,0.3333333333333333,0.10935000000000002,-1,-1,-1,1.0,1.0,-1.0,0.0,-0.3333333333333333,0.10935000000000002,-1,-1,-1,0.356862745098039,0.694117647058824,0.803921568627451
177.34177327156067,0.0,-0.2827191759903862,0.03,1,1,1,0.0,0.3333333333333333,0.10935000000000002,-1,-1,-1,1.0,1.0,-1.0,0.0,-0.3333333333333333,0.10935000000000002,-1,-1,-1,0.356862745098039,0.694117647058824,0.803921568627451
177.37640619277954,0.0,-0.28484534850891297,0.03,1,1,1,0.0,0.3333333333333333,0.10935000000000002,-1,-1,-1,1.0,1.0,-1.0,0.0,-0.3333333333333333,0.10935000000000002,-1,-1,-1,0.356862745098039,0.694117647058824,0.803921568627451
177.4125154018402,0.0,-0.2869715210274397,0.03,1,1,1,0.0,0.3333333333333333,0.10935000000000002,-1,-1,-1,1.0,1.0,-1.0,0.0,-0.3333333333333333,0.10935000000000002,-1,-1,-1,0.356862745098039,0.694117647058824,0.803921568627451
177.45291137695312,0.0,-0.2890976935459665,0.03,1,1,1,0.0,0.3333333333333333,0.10935000000000002,-1,-1,-1,1.0,1.0,-1.0,0.0,-0.3333333333333333,0.10935000000000002,-1,-1,-1,0.356862745098039,0.694117647058824,0.803921568627451
177.49642944335938,0.0,-0.29122386606449324,0.03,1,1,1,0.0,0.3333333333333333,0.10935000000000002,-1,-1,-1,1.0,1.0,-1.0,0.0,-0.3333333333333333,0.10935000000000002,-1,-1,-1,0.356862745098039,0.694117647058824,0.803921568627451
177.52996063232422,0.0,-0.29335003858302,0.03,1,1,1,0.0,0.3333333333333333,0.10935000000000002,-1,-1,-1,1.0,1.0,-1.0,0.0,-0.3333333333333333,0.10935000000000002,-1,-1,-1,0.356862745098039,0.694117647058824,0.803921568627451
177.56512093544006,0.0,-0.29547621110154676,0.03,1,1,1,0.0,0.3333333333333333,0.10935000000000002,-1,-1,-1,1.0,1.0,-1.0,0.0,-0.3333333333333333,0.10935000000000002,-1,-1,-1,0.356862745098039,0.694117647058824,0.803921568627451
177.5992558002472,0.0,-0.2976023836200735,0.03,1,1,1,0.0,0.3333333333333333,0.10935000000000002,-1,-1,-1,1.0,1.0,-1.0,0.0,-0.3333333333333333,0.10935000000000002,-1,-1,-1,0.356862745098039,0.694117647058824,0.803921568627451
177.6339201927185,0.0,-0.2997285561386003,0.03,1,1,1,0.0,0.3333333333333333,0.10935000000000002,-1,-1,-1,1.0,1.0,-1.0,0.0,-0.3333333333333333,0.10935000000000002,-1,-1,-1,0.356862745098039,0.694117647058824,0.803921568627451
177.66826248168945,0.0,-0.30185472865712704,0.03,1,1,1,0.0,0.3333333333333333,0.10935000000000002,-1,-1,-1,1.0,1.0,-1.0,0.0,-0.3333333333333333,0.10935000000000002,-1,-1,-1,0.356862745098039,0.694117647058824,0.803921568627451
177.71740341186523,0.0,-0.3039809011756538,0.03,1,1,1,0.0,0.3333333333333333,0.10935000000000002,-1,-1,-1,1.0,1.0,-1.0,0.0,-0.3333333333333333,0.10935000000000002,-1,-1,-1,0.356862745098039,0.694117647058824,0.803921568627451
177.75152444839478,0.0,-0.30610707369418055,0.03,1,1,1,0.0,0.3333333333333333,0.10935000000000002,-1,-1,-1,1.0,1.0,-1.0,0.0,-0.3333333333333333,0.10935000000000002,-1,-1,-1,0.356862745098039,0.694117647058824,0.803921568627451
177.7870008945465,0.0,-0.3082332462127073,0.03,1,1,1,0.0,0.3333333333333333,0.10935000000000002,-1,-1,-1,1.0,1.0,-1.0,0.0,-0.3333333333333333,0.10935000000000002,-1,-1,-1,0.356862745098039,0.694117647058824,0.803921568627451
177.82116746902466,0.0,-0.31035941873123407,0.03,1,1,1,0.0,0.3333333333333333,0.10935000000000002,-1,-1,-1,1.0,1.0,-1.0,0.0,-0.3333333333333333,0.10935000000000002,-1,-1,-1,0.356862745098039,0.694117647058824,0.803921568627451
177.85587358474731,0.0,-0.31248559124976083,0.03,1,1,1,0.0,0.3333333333333333,0.10935000000000002,-1,-1,-1,1.0,1.0,-1.0,0.0,-0.3333333333333333,0.10935000000000002,-1,-1,-1,0.356862745098039,0.694117647058824,0.803921568627451
177.90061593055725,0.0,-0.3146117637682876,0.03,1,1,1,0.0,0.3333333333333333,0.10935000000000002,-1,-1,-1,1.0,1.0,-1.0,0.0,-0.3333333333333333,0.10935000000000002,-1,-1,-1,0.356862745098039,0.694117647058824,0.803921568627451
177.93904399871826,0.0,-0.31673793628681435,0.03,1,1,1,0.0,0.3333333333333333,0.10935000000000002,-1,-1,-1,1.0,1.0,-1.0,0.0,-0.3333333333333333,0.10935000000000002,-1,-1,-1,0.356862745098039,0.694117647058824,0.803921568627451
177.9742181301117,0.0,-0.31682305482130213,0.03,1,1,1,0.0,0.3333333333333333,0.10935000000000002,-1,-1,-1,1.0,1.0,-1.0,0.0,-0.3333333333333333,0.10935000000000002,-1,-1,-1,0.356862745098039,0.694117647058824,0.803921568627451
178.00882363319397,0.0,-0.31384659237973145,0.03,1,1,1,0.0,0.3333333333333333,0.10935000000000002,-1,-1,-1,1.0,1.0,-1.0,0.0,-0.3333333333333333,0.10935000000000002,-1,-1,-1,0.356862745098039,0.694117647058824,0.803921568627451
178.05126786231995,0.0,-0.31087012993816077,0.03,1,1,1,0.0,0.3333333333333333,0.10935000000000002,-1,-1,-1,1.0,1.0,-1.0,0.0,-0.3333333333333333,0.10935000000000002,-1,-1,-1,0.356862745098039,0.694117647058824,0.803921568627451
178.09208345413208,0.0,-0.3078936674965901,0.03,1,1,1,0.0,0.3333333333333333,0.10935000000000002,-1,-1,-1,1.0,1.0,-1.0,0.0,-0.3333333333333333,0.10935000000000002,-1,-1,-1,0.356862745098039,0.694117647058824,0.803921568627451
178.12706780433655,0.0,-0.3049172050550194,0.03,1,1,1,0.0,0.3333333333333333,0.10935000000000002,-1,-1,-1,1.0,1.0,-1.0,0.0,-0.3333333333333333,0.10935000000000002,-1,-1,-1,0.356862745098039,0.694117647058824,0.803921568627451
178.16178512573242,0.0,-0.3019407426134487,0.03,1,1,1,0.0,0.3333333333333333,0.10935000000000002,-1,-1,-1,1.0,1.0,-1.0,0.0,-0.3333333333333333,0.10935000000000002,-1,-1,-1,0.356862745098039,0.694117647058824,0.803921568627451
178.19956016540527,0.0,-0.29896428017187804,0.03,1,1,1,0.0,0.3333333333333333,0.10935000000000002,-1,-1,-1,1.0,1.0,-1.0,0.0,-0.3333333333333333,0.10935000000000002,-1,-1,-1,0.356862745098039,0.694117647058824,0.803921568627451
178.23557925224304,0.0,-0.29598781773030736,0.03,1,1,1,0.0,0.3333333333333333,0.10935000000000002,-1,-1,-1,1.0,1.0,-1.0,0.0,-0.3333333333333333,0.10935000000000002,-1,-1,-1,0.356862745098039,0.694117647058824,0.803921568627451
178.27229952812195,0.0,-0.2930113552887367,0.03,1,1,1,0.0,0.3333333333333333,0.10935000000000002,-1,-1,-1,1.0,1.0,-1.0,0.0,-0.3333333333333333,0.10935000000000002,-1,-1,-1,0.356862745098039,0.694117647058824,0.803921568627451
178.31451153755188,0.0,-0.290034892847166,0.03,1,1,1,0.0,0.3333333333333333,0.10935000000000002,-1,-1,-1,1.0,1.0,-1.0,0.0,-0.3333333333333333,0.10935000000000002,-1,-1,-1,0.356862745098039,0.694117647058824,0.803921568627451
178.34882426261902,0.0,-0.2870584304055953,0.03,1,1,1,0.0,0.3333333333333333,0.10935000000000002,-1,-1,-1,1.0,1.0,-1.0,0.0,-0.3333333333333333,0.10935000000000002,-1,-1,-1,0.356862745098039,0.694117647058824,0.803921568627451
178.3831832408905,0.0,-0.28408196796402463,0.03,1,1,1,0.0,0.3333333333333333,0.10935000000000002,-1,-1,-1,1.0,1.0,-1.0,0.0,-0.3333333333333333,0.10935000000000002,-1,-1,-1,0.356862745098039,0.694117647058824,0.803921568627451
178.41888737678528,0.0,-0.28110550552245395,0.03,1,1,1,0.0,0.3333333333333333,0.10935000000000002,-1,-1,-1,1.0,1.0,-1.0,0.0,-0.3333333333333333,0.10935000000000002,-1,-1,-1,0.356862745098039,0.694117647058824,0.803921568627451
178.4605269432068,0.0,-0.27812904308088326,0.03,1,1,1,0.0,0.3333333333333333,0.10935000000000002,-1,-1,-1,1.0,1.0,-1.0,0.0,-0.3333333333333333,0.10935000000000002,-1,-1,-1,0.356862745098039,0.694117647058824,0.803921568627451
178.50440621376038,0.0,-0.2751525806393126,0.03,1,1,1,0.0,0.3333333333333333,0.10935000000000002,-1,-1,-1,1.0,1.0,-1.0,0.0,-0.3333333333333333,0.10935000000000002,-1,-1,-1,0.356862745098039,0.694117647058824,0.803921568627451
178.54414105415344,0.0,-0.2721761181977419,0.03,1,1,1,0.0,0.3333333333333333,0.10935000000000002,-1,-1,-1,1.0,1.0,-1.0,0.0,-0.3333333333333333,0.10935000000000002,-1,-1,-1,0.356862745098039,0.694117647058824,0.803921568627451
178.57836365699768,0.0,-0.2691996557561712,0.03,1,1,1,0.0,0.3333333333333333,0.10935000000000002,-1,-1,-1,1.0,1.0,-1.0,0.0,-0.3333333333333333,0.10935000000000002,-1,-1,-1,0.356862745098039,0.694117647058824,0.803921568627451
178.61302161216736,0.0,-0.26622319331460054,0.03,1,1,1,0.0,0.3333333333333333,0.10935000000000002,-1,-1,-1,1.0,1.0,-1.0,0.0,-0.3333333333333333,0.10935000000000002,-1,-1,-1,0.356862745098039,0.694117647058824,0.803921568627451
178.65448784828186,0.0,-0.26324673087302985,0.03,1,1,1,0.0,0.3333333333333333,0.10935000000000002,-1,-1,-1,1.0,1.0,-1.0,0.0,-0.3333333333333333,0.10935000000000002,-1,-1,-1,0.356862745098039,0.694117647058824,0.803921568627451
178.6963083744049,0.0,-0.2602702684314592,0.03,1,1,1,0.0,0.3333333333333333,0.10935000000000002,-1,-1,-1,1.0,1.0,-1.0,0.0,-0.3333333333333333,0.10935000000000002,-1,-1,-1,0.356862745098039,0.694117647058824,0.803921568627451
178.7392168045044,0.0,-0.2572938059898885,0.03,1,1,1,0.0,0.3333333333333333,0.10935000000000002,-1,-1,-1,1.0,1.0,-1.0,0.0,-0.3333333333333333,0.10935000000000002,-1,-1,-1,0.356862745098039,0.694117647058824,0.803921568627451
178.77234482765198,0.0,-0.2543173435483178,0.03,1,1,1,0.0,0.3333333333333333,0.10935000000000002,-1,-1,-1,1.0,1.0,-1.0,0.0,-0.3333333333333333,0.10935000000000002,-1,-1,-1,0.356862745098039,0.694117647058824,0.803921568627451
178.80737113952637,0.0,-0.2513408811067471,0.03,1,1,1,0.0,0.3333333333333333,0.10935000000000002,-1,-1,-1,1.0,1.0,-1.0,0.0,-0.3333333333333333,0.10935000000000002,-1,-1,-1,0.356862745098039,0.694117647058824,0.803921568627451
178.84312319755554,0.0,-0.24836441866517653,0.03,1,1,1,0.0,0.3333333333333333,0.10935000000000002,-1,-1,-1,1.0,1.0,-1.0,0.0,-0.3333333333333333,0.10935000000000002,-1,-1,-1,0.356862745098039,0.694117647058824,0.803921568627451
178.87697505950928,0.0,-0.24538795622360596,0.03,1,1,1,0.0,0.3333333333333333,0.10935000000000002,-1,-1,-1,1.0,1.0,-1.0,0.0,-0.3333333333333333,0.10935000000000002,-1,-1,-1,0.356862745098039,0.694117647058824,0.803921568627451
178.91820454597473,0.0,-0.24241149378203553,0.03,1,1,1,0.0,0.3333333333333333,0.10935000000000002,-1,-1,-1,1.0,1.0,-1.0,0.0,-0.3333333333333333,0.10935000000000002,-1,-1,-1,0.356862745098039,0.694117647058824,0.803921568627451
178.95350909233093,0.0,-0.23943503134046507,0.03,1,1,1,0.0,0.3333333333333333,0.10935000000000002,-1,-1,-1,1.0,1.0,-1.0,0.0,-0.3333333333333333,0.10935000000000002,-1,-1,-1,0.356862745098039,0.694117647058824,0.803921568627451
178.98823499679565,0.0,-0.23645856889889458,0.03,1,1,1,0.0,0.3333333333333333,0.10935000000000002,-1,-1,-1,1.0,1.0,-1.0,0.0,-0.3333333333333333,0.10935000000000002,-1,-1,-1,0.356862745098039,0.694117647058824,0.803921568627451
179.0230221748352,0.0,-0.23348210645732403,0.03,1,1,1,0.0,0.3333333333333333,0.10935000000000002,-1,-1,-1,1.0,1.0,-1.0,0.0,-0.3333333333333333,0.10935000000000002,-1,-1,-1,0.356862745098039,0.694117647058824,0.803921568627451
179.06492638587952,0.0,-0.2305056440157535,0.03,1,1,1,0.0,0.3333333333333333,0.10935000000000002,-1,-1,-1,1.0,1.0,-1.0,0.0,-0.3333333333333333,0.10935000000000002,-1,-1,-1,0.356862745098039,0.694117647058824,0.803921568627451
179.1080298423767,0.0,-0.22752918157418295,0.03,1,1,1,0.0,0.3333333333333333,0.10935000000000002,-1,-1,-1,1.0,1.0,-1.0,0.0,-0.3333333333333333,0.10935000000000002,-1,-1,-1,0.356862745098039,0.694117647058824,0.803921568627451
179.1410834789276,0.0,-0.2245527191326124,0.03,1,1,1,0.0,0.3333333333333333,0.10935000000000002,-1,-1,-1,1.0,1.0,-1.0,0.0,-0.3333333333333333,0.10935000000000002,-1,-1,-1,0.356862745098039,0.694117647058824,0.803921568627451
179.17687463760376,0.0,-0.22067071109305786,0.03,1,1,1,0.0,0.3333333333333333,0.10935000000000002,-1,-1,-1,1.0,1.0,-1.0,0.0,-0.3333333333333333,0.10935000000000002,-1,-1,-1,0.356862745098039,0.694117647058824,0.803921568627451
179.21304988861084,0.0,-0.2154303846565273,0.03,1,1,1,0.0,0.3333333333333333,0.10935000000000002,-1,-1,-1,1.0,1.0,-1.0,0.0,-0.3333333333333333,0.10935000000000002,-1,-1,-1,0.356862745098039,0.694117647058824,0.803921568627451
179.25029611587524,0.0,-0.21019005821999676,0.03,1,1,1,0.0,0.3333333333333333,0.10935000000000002,-1,-1,-1,1.0,1.0,-1.0,0.0,-0.3333333333333333,0.10935000000000002,-1,-1,-1,0.356862745098039,0.694117647058824,0.803921568627451
179.2850525379181,0.0,-0.2049497317834662,0.03,1,1,1,0.0,0.3333333333333333,0.10935000000000002,-1,-1,-1,1.0,1.0,-1.0,0.0,-0.3333333333333333,0.10935000000000002,-1,-1,-1,0.356862745098039,0.694117647058824,0.803921568627451
179.3199462890625,0.0,-0.19970940534693565,0.03,1,1,1,0.0,0.3333333333333333,0.10935000000000002,-1,-1,-1,1.0,1.0,-1.0,0.0,-0.3333333333333333,0.10935000000000002,-1,-1,-1,0.356862745098039,0.694117647058824,0.803921568627451
179.35608768463135,0.0,-0.1944690789104051,0.03,1,1,1,0.0,0.3333333333333333,0.10935000000000002,-1,-1,-1,1.0,1.0,-1.0,0.0,-0.3333333333333333,0.10935000000000002,-1,-1,-1,0.356862745098039,0.694117647058824,0.803921568627451
179.3906877040863,0.0,-0.18922875247387455,0.03,1,1,1,0.0,0.3333333333333333,0.10935000000000002,-1,-1,-1,1.0,1.0,-1.0,0.0,-0.3333333333333333,0.10935000000000002,-1,-1,-1,0.356862745098039,0.694117647058824,0.803921568627451
179.43246340751648,0.0,-0.183988426037344,0.03,1,1,1,0.0,0.3333333333333333,0.10935000000000002,-1,-1,-1,1.0,1.0,-1.0,0.0,-0.3333333333333333,0.10935000000000002,-1,-1,-1,0.356862745098039,0.694117647058824,0.803921568627451
179.47515225410461,0.0,-0.17874809960081345,0.03,1,1,1,0.0,0.3333333333333333,0.10935000000000002,-1,-1,-1,1.0,1.0,-1.0,0.0,-0.3333333333333333,0.10935000000000002,-1,-1,-1,0.356862745098039,0.694117647058824,0.803921568627451
179.5094554424286,0.0,-0.1735077731642829,0.03,1,1,1,0.0,0.3333333333333333,0.10935000000000002,-1,-1,-1,1.0,1.0,-1.0,0.0,-0.3333333333333333,0.10935000000000002,-1,-1,-1,0.356862745098039,0.694117647058824,0.803921568627451
179.5426058769226,0.0,-0.16826744672775235,0.03,1,1,1,0.0,0.3333333333333333,0.10935000000000002,-1,-1,-1,1.0,1.0,-1.0,0.0,-0.3333333333333333,0.10935000000000002,-1,-1,-1,0.356862745098039,0.694117647058824,0.803921568627451
179.57746624946594,0.0,-0.1630271202912218,0.03,1,1,1,0.0,0.3333333333333333,0.10935000000000002,-1,-1,-1,1.0,1.0,-1.0,0.0,-0.3333333333333333,0.10935000000000002,-1,-1,-1,0.356862745098039,0.694117647058824,0.803921568627451
179.6121518611908,0.0,-0.15778679385469124,0.03,1,1,1,0.0,0.3333333333333333,0.10935000000000002,-1,-1,-1,1.0,1.0,-1.0,0.0,-0.3333333333333333,0.10935000000000002,-1,-1,-1,0.356862745098039,0.694117647058824,0.803921568627451
179.6480655670166,0.0,-0.1525464674181607,0.03,1,1,1,0.0,0.3333333333333333,0.10935000000000002,-1,-1,-1,1.0,1.0,-1.0,0.0,-0.3333333333333333,0.10935000000000002,-1,-1,-1,0.356862745098039,0.694117647058824,0.803921568627451
179.6887505054474,0.0,-0.14730614098163014,0.03,1,1,1,0.0,0.3333333333333333,0.10935000000000002,-1,-1,-1,1.0,1.0,-1.0,0.0,-0.3333333333333333,0.10935000000000002,-1,-1,-1,0.356862745098039,0.694117647058824,0.803921568627451
179.72378730773926,0.0,-0.1420658145450996,0.03,1,1,1,0.0,0.3333333333333333,0.10935000000000002,-1,-1,-1,1.0,1.0,-1.0,0.0,-0.3333333333333333,0.10935000000000002,-1,-1,-1,0.356862745098039,0.694117647058824,0.803921568627451
179.75866532325745,0.0,-0.13682548810856904,0.03,1,1,1,0.0,0.3333333333333333,0.10935000000000002,-1,-1,-1,1.0,1.0,-1.0,0.0,-0.3333333333333333,0.10935000000000002,-1,-1,-1,0.356862745098039,0.694117647058824,0.803921568627451
179.79314494132996,0.0,-0.1315851616720385,0.03,1,1,1,0.0,0.3333333333333333,0.10935000000000002,-1,-1,-1,1.0,1.0,-1.0,0.0,-0.3333333333333333,0.10935000000000002,-1,-1,-1,0.356862745098039,0.694117647058824,0.803921568627451
179.8349039554596,0.0,-0.12634483523550794,0.03,1,1,1,0.0,0.3333333333333333,0.10935000000000002,-1,-1,-1,1.0,1.0,-1.0,0.0,-0.3333333333333333,0.10935000000000002,-1,-1,-1,0.356862745098039,0.694117647058824,0.803921568627451
179.8688645362854,0.0,-0.12110450879897741,0.03,1,1,1,0.0,0.3333333333333333,0.10935000000000002,-1,-1,-1,1.0,1.0,-1.0,0.0,-0.3333333333333333,0.10935000000000002,-1,-1,-1,0.356862745098039,0.694117647058824,0.803921568627451
179.9037148952484,0.0,-0.11586418236244696,0.03,1,1,1,0.0,0.3333333333333333,0.10935000000000002,-1,-1,-1,1.0,1.0,-1.0,0.0,-0.3333333333333333,0.10935000000000002,-1,-1,-1,0.356862745098039,0.694117647058824,0.803921568627451
179.94325709342957,0.0,-0.11062385592591648,0.03,1,1,1,0.0,0.3333333333333333,0.10935000000000002,-1,-1,-1,1.0,1.0,-1.0,0.0,-0.3333333333333333,0.10935000000000002,-1,-1,-1,0.356862745098039,0.694117647058824,0.803921568627451
179.97833156585693,0.0,-0.105383529489386,0.03,1,1,1,0.0,0.3333333333333333,0.10935000000000002,-1,-1,-1,1.0,1.0,-1.0,0.0,-0.3333333333333333,0.10935000000000002,-1,-1,-1,0.356862745098039,0.694117647058824,0.803921568627451
180.01504564285278,0.0,-0.10014320305285551,0.03,1,1,1,0.0,0.3333333333333333,0.10935000000000002,-1,-1,-1,1.0,1.0,-1.0,0.0,-0.3333333333333333,0.10935000000000002,-1,-1,-1,0.356862745098039,0.694117647058824,0.803921568627451
180.0570559501648,0.0,-0.09490287661632503,0.03,1,1,1,0.0,0.3333333333333333,0.10935000000000002,-1,-1,-1,1.0,1.0,-1.0,0.0,-0.3333333333333333,0.10935000000000002,-1,-1,-1,0.356862745098039,0.694117647058824,0.803921568627451
180.0919897556305,0.0,-0.08966255017979455,0.03,1,1,1,0.0,0.3333333333333333,0.10935000000000002,-1,-1,-1,1.0,1.0,-1.0,0.0,-0.3333333333333333,0.10935000000000002,-1,-1,-1,0.356862745098039,0.694117647058824,0.803921568627451
180.12649655342102,0.0,-0.08442222374326407,0.03,1,1,1,0.0,0.3333333333333333,0.10935000000000002,-1,-1,-1,1.0,1.0,-1.0,0.0,-0.3333333333333333,0.10935000000000002,-1,-1,-1,0.356862745098039,0.694117647058824,0.803921568627451
180.16124892234802,0.0,-0.07918189730673358,0.03,1,1,1,0.0,0.3333333333333333,0.10935000000000002,-1,-1,-1,1.0,1.0,-1.0,0.0,-0.3333333333333333,0.10935000000000002,-1,-1,-1,0.356862745098039,0.694117647058824,0.803921568627451
180.19572496414185,0.0,-0.0739415708702031,0.03,1,1,1,0.0,0.3333333333333333,0.10935000000000002,-1,-1,-1,1.0,1.0,-1.0,0.0,-0.3333333333333333,0.10935000000000002,-1,-1,-1,0.356862745098039,0.694117647058824,0.803921568627451
180.2376561164856,0.0,-0.06870124443367262,0.03,1,1,1,0.0,0.3333333333333333,0.10935000000000002,-1,-1,-1,1.0,1.0,-1.0,0.0,-0.3333333333333333,0.10935000000000002,-1,-1,-1,0.356862745098039,0.694117647058824,0.803921568627451
180.27265048027039,0.0,-0.06346091799714214,0.03,1,1,1,0.0,0.3333333333333333,0.10935000000000002,-1,-1,-1,1.0,1.0,-1.0,0.0,-0.3333333333333333,0.10935000000000002,-1,-1,-1,0.356862745098039,0.694117647058824,0.803921568627451
180.3068037033081,0.0,-0.05822059156061161,0.03,1,1,1,0.0,0.3333333333333333,0.10935000000000002,-1,-1,-1,1.0,1.0,-1.0,0.0,-0.3333333333333333,0.10935000000000002,-1,-1,-1,0.356862745098039,0.694117647058824,0.803921568627451
180.34583830833435,0.0,-0.05298026512408109,0.03,1,1,1,0.0,0.3333333333333333,0.10935000000000002,-1,-1,-1,1.0,1.0,-1.0,0.0,-0.3333333333333333,0.10935000000000002,-1,-1,-1,0.356862745098039,0.694117647058824,0.803921568627451
180.38036394119263,0.0,-0.04707770404663437,0.03,1,1,1,0.0,0.3333333333333333,0.10935000000000002,-1,-1,-1,1.0,1.0,-1.0,0.0,-0.3333333333333333,0.10935000000000002,-1,-1,-1,0.356862745098039,0.694117647058824,0.803921568627451
180.41499543190002,0.0,-0.040181791007813335,0.03,1,1,1,0.0,0.3333333333333333,0.10935000000000002,-1,-1,-1,1.0,1.0,-1.0,0.0,-0.3333333333333333,0.10935000000000002,-1,-1,-1,0.356862745098039,0.694117647058824,0.803921568627451
180.45296382904053,0.0,-0.0332858779689923,0.03,1,1,1,0.0,0.3333333333333333,0.10935000000000002,-1,-1,-1,1.0,1.0,-1.0,0.0,-0.3333333333333333,0.10935000000000002,-1,-1,-1,0.356862745098039,0.694117647058824,0.803921568627451
180.48761177062988,0.0,-0.026389964930171268,0.03,1,1,1,0.0,0.3333333333333333,0.10935000000000002,-1,-1,-1,1.0,1.0,-1.0,0.0,-0.3333333333333333,0.10935000000000002,-1,-1,-1,0.356862745098039,0.694117647058824,0.803921568627451
180.52278685569763,0.0,-0.019494051891350235,0.03,1,1,1,0.0,0.3333333333333333,0.10935000000000002,-1,-1,-1,1.0,1.0,-1.0,0.0,-0.3333333333333333,0.10935000000000002,-1,-1,-1,0.356862745098039,0.694117647058824,0.803921568627451
180.55712294578552,0.0,-0.012598138852529202,0.03,1,1,1,0.0,0.3333333333333333,0.10935000000000002,-1,-1,-1,1.0,1.0,-1.0,0.0,-0.3333333333333333,0.10935000000000002,-1,-1,-1,0.356862745098039,0.694117647058824,0.803921568627451
180.59195709228516,0.0,-0.0057022258137081686,0.03,1,1,1,0.0,0.3333333333333333,0.10935000000000002,-1,-1,-1,1.0,1.0,-1.0,0.0,-0.3333333333333333,0.10935000000000002,-1,-1,-1,0.356862745098039,0.694117647058824,0.803921568627451
180.6344509124756,0.0,0.001193687225112864,0.03,1,1,1,0.0,0.3333333333333333,0.10935000000000002,-1,-1,-1,1.0,1.0,-1.0,0.0,-0.3333333333333333,0.10935000000000002,-1,-1,-1,0.356862745098039,0.694117647058824,0.803921568627451
180.6682140827179,0.0,0.008089600263933896,0.03,1,1,1,0.0,0.3333333333333333,0.10935000000000002,-1,-1,-1,1.0,1.0,-1.0,0.0,-0.3333333333333333,0.10935000000000002,-1,-1,-1,0.356862745098039,0.694117647058824,0.803921568627451
180.7027726173401,0.0,0.01498551330275493,0.03,1,1,1,0.0,0.3333333333333333,0.10935000000000002,-1,-1,-1,1.0,1.0,-1.0,0.0,-0.3333333333333333,0.10935000000000002,-1,-1,-1,0.356862745098039,0.694117647058824,0.803921568627451
180.7373285293579,0.0,0.02188142634157596,0.03,1,1,1,0.0,0.3333333333333333,0.10935000000000002,-1,-1,-1,1.0,1.0,-1.0,0.0,-0.3333333333333333,0.10935000000000002,-1,-1,-1,0.356862745098039,0.694117647058824,0.803921568627451
180.77177238464355,0.0,0.028777339380396994,0.03,1,1,1,0.0,0.3333333333333333,0.10935000000000002,-1,-1,-1,1.0,1.0,-1.0,0.0,-0.3333333333333333,0.10935000000000002,-1,-1,-1,0.356862745098039,0.694117647058824,0.803921568627451
180.80725479125977,0.0,0.035673252419218024,0.03,1,1,1,0.0,0.3333333333333333,0.10935000000000002,-1,-1,-1,1.0,1.0,-1.0,0.0,-0.3333333333333333,0.10935000000000002,-1,-1,-1,0.356862745098039,0.694117647058824,0.803921568627451
180.84176874160767,0.0,0.04256916545803906,0.03,1,1,1,0.0,0.3333333333333333,0.10935000000000002,-1,-1,-1,1.0,1.0,-1.0,0.0,-0.3333333333333333,0.10935000000000002,-1,-1,-1,0.356862745098039,0.694117647058824,0.803921568627451
180.88539958000183,0.0,0.04946507849686009,0.03,1,1,1,0.0,0.3333333333333333,0.10935000000000002,-1,-1,-1,1.0,1.0,-1.0,0.0,-0.3333333333333333,0.10935000000000002,-1,-1,-1,0.356862745098039,0.694117647058824,0.803921568627451
180.9192922115326,0.0,0.056360991535681124,0.03,1,1,1,0.0,0.3333333333333333,0.10935000000000002,-1,-1,-1,1.0,1.0,-1.0,0.0,-0.3333333333333333,0.10935000000000002,-1,-1,-1,0.356862745098039,0.694117647058824,0.803921568627451
180.9525125026703,0.0,0.06325690457450216,0.03,1,1,1,0.0,0.3333333333333333,0.10935000000000002,-1,-1,-1,1.0,1.0,-1.0,0.0,-0.3333333333333333,0.10935000000000002,-1,-1,-1,0.356862745098039,0.694117647058824,0.803921568627451
180.98785185813904,0.0,0.07015281761332319,0.03,1,1,1,0.0,0.3333333333333333,0.10935000000000002,-1,-1,-1,1.0,1.0,-1.0,0.0,-0.3333333333333333,0.10935000000000002,-1,-1,-1,0.356862745098039,0.694117647058824,0.803921568627451
181.02327513694763,0.0,0.07704873065214422,0.03,1,1,1,0.0,0.3333333333333333,0.10935000000000002,-1,-1,-1,1.0,1.0,-1.0,0.0,-0.3333333333333333,0.10935000000000002,-1,-1,-1,0.356862745098039,0.694117647058824,0.803921568627451
181.05805349349976,0.0,0.08394464369096526,0.03,1,1,1,0.0,0.3333333333333333,0.10935000000000002,-1,-1,-1,1.0,1.0,-1.0,0.0,-0.3333333333333333,0.10935000000000002,-1,-1,-1,0.356862745098039,0.694117647058824,0.803921568627451
181.10541415214539,0.0,0.09084055672978629,0.03,1,1,1,0.0,0.3333333333333333,0.10935000000000002,-1,-1,-1,1.0,1.0,-1.0,0.0,-0.3333333333333333,0.10935000000000002,-1,-1,-1,0.356862745098039,0.694117647058824,0.803921568627451
181.13955545425415,0.0,0.09773646976860732,0.03,1,1,1,0.0,0.3333333333333333,0.10935000000000002,-1,-1,-1,1.0,1.0,-1.0,0.0,-0.3333333333333333,0.10935000000000002,-1,-1,-1,0.356862745098039,0.694117647058824,0.803921568627451
181.17393040657043,0.0,0.10463238280742836,0.03,1,1,1,0.0,0.3333333333333333,0.10935000000000002,-1,-1,-1,1.0,1.0,-1.0,0.0,-0.3333333333333333,0.10935000000000002,-1,-1,-1,0.356862745098039,0.694117647058824,0.803921568627451
181.20874571800232,0.0,0.11152829584624939,0.03,1,1,1,0.0,0.3333333333333333,0.10935000000000002,-1,-1,-1,1.0,1.0,-1.0,0.0,-0.3333333333333333,0.10935000000000002,-1,-1,-1,0.356862745098039,0.694117647058824,0.803921568627451
181.24389839172363,0.0,0.11842420888507042,0.03,1,1,1,0.0,0.3333333333333333,0.10935000000000002,-1,-1,-1,1.0,1.0,-1.0,0.0,-0.3333333333333333,0.10935000000000002,-1,-1,-1,0.356862745098039,0.694117647058824,0.803921568627451
181.28773617744446,0.0,0.12532012192389144,0.03,1,1,1,0.0,0.3333333333333333,0.10935000000000002,-1,-1,-1,1.0,1.0,-1.0,0.0,-0.3333333333333333,0.10935000000000002,-1,-1,-1,0.356862745098039,0.694117647058824,0.803921568627451
181.32225012779236,0.0,0.13221603496271248,0.03,1,1,1,0.0,0.3333333333333333,0.10935000000000002,-1,-1,-1,1.0,1.0,-1.0,0.0,-0.3333333333333333,0.10935000000000002,-1,-1,-1,0.356862745098039,0.694117647058824,0.803921568627451
181.35498356819153,0.0,0.1391119480015335,0.03,1,1,1,0.0,0.3333333333333333,0.10935000000000002,-1,-1,-1,1.0,1.0,-1.0,0.0,-0.3333333333333333,0.10935000000000002,-1,-1,-1,0.356862745098039,0.694117647058824,0.803921568627451
181.38974618911743,0.0,0.14600786104035454,0.03,1,1,1,0.0,0.3333333333333333,0.10935000000000002,-1,-1,-1,1.0,1.0,-1.0,0.0,-0.3333333333333333,0.10935000000000002,-1,-1,-1,0.356862745098039,0.694117647058824,0.803921568627451
181.42511367797852,0.0,0.15290377407917558,0.03,1,1,1,0.0,0.3333333333333333,0.10935000000000002,-1,-1,-1,1.0,1.0,-1.0,0.0,-0.3333333333333333,0.10935000000000002,-1,-1,-1,0.356862745098039,0.694117647058824,0.803921568627451
181.45945596694946,0.0,0.1597996871179966,0.03,1,1,1,0.0,0.3333333333333333,0.10935000000000002,-1,-1,-1,1.0,1.0,-1.0,0.0,-0.3333333333333333,0.10935000000000002,-1,-1,-1,0.356862745098039,0.694117647058824,0.803921568627451
181.50846028327942,0.0,0.16669560015681764,0.03,1,1,1,0.0,0.3333333333333333,0.10935000000000002,-1,-1,-1,1.0,1.0,-1.0,0.0,-0.3333333333333333,0.10935000000000002,-1,-1,-1,0.356862745098039,0.694117647058824,0.803921568627451
181.54298043251038,0.0,0.17359151319563867,0.03,1,1,1,0.0,0.3333333333333333,0.10935000000000002,-1,-1,-1,1.0,1.0,-1.0,0.0,-0.3333333333333333,0.10935000000000002,-1,-1,-1,0.356862745098039,0.694117647058824,0.803921568627451
181.57807326316833,0.0,0.17648022700252639,0.03,1,1,1,0.0,0.3333333333333333,0.10935000000000002,-1,-1,-1,1.0,1.0,-1.0,0.0,-0.3333333333333333,0.10935000000000002,-1,-1,-1,0.356862745098039,0.694117647058824,0.803921568627451
181.61279892921448,0.0,0.1733581419615141,0.03,1,1,1,0.0,0.3333333333333333,0.10935000000000002,-1,-1,-1,1.0,1.0,-1.0,0.0,-0.3333333333333333,0.10935000000000002,-1,-1,-1,0.356862745098039,0.694117647058824,0.803921568627451
181.64726614952087,0.0,0.17023605692050184,0.03,1,1,1,0.0,0.3333333333333333,0.10935000000000002,-1,-1,-1,1.0,1.0,-1.0,0.0,-0.3333333333333333,0.10935000000000002,-1,-1,-1,0.356862745098039,0.694117647058824,0.803921568627451
181.6927797794342,0.0,0.16711397187948956,0.03,1,1,1,0.0,0.3333333333333333,0.10935000000000002,-1,-1,-1,1.0,1.0,-1.0,0.0,-0.3333333333333333,0.10935000000000002,-1,-1,-1,0.356862745098039,0.694117647058824,0.803921568627451
181.73130655288696,0.0,0.1639918868384773,0.03,1,1,1,0.0,0.3333333333333333,0.10935000000000002,-1,-1,-1,1.0,1.0,-1.0,0.0,-0.3333333333333333,0.10935000000000002,-1,-1,-1,0.356862745098039,0.694117647058824,0.803921568627451
181.7651882171631,0.0,0.16086980179746502,0.03,1,1,1,0.0,0.3333333333333333,0.10935000000000002,-1,-1,-1,1.0,1.0,-1.0,0.0,-0.3333333333333333,0.10935000000000002,-1,-1,-1,0.356862745098039,0.694117647058824,0.803921568627451
181.80045318603516,0.0,0.15774771675645274,0.03,1,1,1,0.0,0.3333333333333333,0.10935000000000002,-1,-1,-1,1.0,1.0,-1.0,0.0,-0.3333333333333333,0.10935000000000002,-1,-1,-1,0.356862745098039,0.694117647058824,0.803921568627451
181.83518767356873,0.0,0.15462563171544047,0.03,1,1,1,0.0,0.3333333333333333,0.10935000000000002,-1,-1,-1,1.0,1.0,-1.0,0.0,-0.3333333333333333,0.10935000000000002,-1,-1,-1,0.356862745098039,0.694117647058824,0.803921568627451
181.86977910995483,0.0,0.1515035466744282,0.03,1,1,1,0.0,0.3333333333333333,0.10935000000000002,-1,-1,-1,1.0,1.0,-1.0,0.0,-0.3333333333333333,0.10935000000000002,-1,-1,-1,0.356862745098039,0.694117647058824,0.803921568627451
181.91137528419495,0.0,0.14838146163341592,0.03,1,1,1,0.0,0.3333333333333333,0.10935000000000002,-1,-1,-1,1.0,1.0,-1.0,0.0,-0.3333333333333333,0.10935000000000002,-1,-1,-1,0.356862745098039,0.694117647058824,0.803921568627451
181.94468545913696,0.0,0.14525937659240365,0.03,1,1,1,0.0,0.3333333333333333,0.10935000000000002,-1,-1,-1,1.0,1.0,-1.0,0.0,-0.3333333333333333,0.10935000000000002,-1,-1,-1,0.356862745098039,0.694117647058824,0.803921568627451
181.97985291481018,0.0,0.14213729155139138,0.03,1,1,1,0.0,0.3333333333333333,0.10935000000000002,-1,-1,-1,1.0,1.0,-1.0,0.0,-0.3333333333333333,0.10935000000000002,-1,-1,-1,0.356862745098039,0.694117647058824,0.803921568627451
182.01558923721313,0.0,0.1390152065103791,0.03,1,1,1,0.0,0.3333333333333333,0.10935000000000002,-1,-1,-1,1.0,1.0,-1.0,0.0,-0.3333333333333333,0.10935000000000002,-1,-1,-1,0.356862745098039,0.694117647058824,0.803921568627451
182.050128698349,0.0,0.13589312146936683,0.03,1,1,1,0.0,0.3333333333333333,0.10935000000000002,-1,-1,-1,1.0,1.0,-1.0,0.0,-0.3333333333333333,0.10935000000000002,-1,-1,-1,0.356862745098039,0.694117647058824,0.803921568627451
182.08489656448364,0.0,0.13277103642835456,0.03,1,1,1,0.0,0.3333333333333333,0.10935000000000002,-1,-1,-1,1.0,1.0,-1.0,0.0,-0.3333333333333333,0.10935000000000002,-1,-1,-1,0.356862745098039,0.694117647058824,0.803921568627451
182.12957072257996,0.0,0.12964895138734228,0.03,1,1,1,0.0,0.3333333333333333,0.10935000000000002,-1,-1,-1,1.0,1.0,-1.0,0.0,-0.3333333333333333,0.10935000000000002,-1,-1,-1,0.356862745098039,0.694117647058824,0.803921568627451
182.16829419136047,0.0,0.12652686634633,0.03,1,1,1,0.0,0.3333333333333333,0.10935000000000002,-1,-1,-1,1.0,1.0,-1.0,0.0,-0.3333333333333333,0.10935000000000002,-1,-1,-1,0.356862745098039,0.694117647058824,0.803921568627451
182.20340299606323,0.0,0.12340478130531769,0.03,1,1,1,0.0,0.3333333333333333,0.10935000000000002,-1,-1,-1,1.0,1.0,-1.0,0.0,-0.3333333333333333,0.10935000000000002,-1,-1,-1,0.356862745098039,0.694117647058824,0.803921568627451
182.2381808757782,0.0,0.12028269626430538,0.03,1,1,1,0.0,0.3333333333333333,0.10935000000000002,-1,-1,-1,1.0,1.0,-1.0,0.0,-0.3333333333333333,0.10935000000000002,-1,-1,-1,0.356862745098039,0.694117647058824,0.803921568627451
182.3047490119934,0.0,0.11716061122329305,0.03,1,1,1,0.0,0.3333333333333333,0.10935000000000002,-1,-1,-1,1.0,1.0,-1.0,0.0,-0.3333333333333333,0.10935000000000002,-1,-1,-1,0.356862745098039,0.694117647058824,0.803921568627451
182.33986711502075,0.0,0.1140385261822807,0.03,1,1,1,0.0,0.3333333333333333,0.10935000000000002,-1,-1,-1,1.0,1.0,-1.0,0.0,-0.3333333333333333,0.10935000000000002,-1,-1,-1,0.356862745098039,0.694117647058824,0.803921568627451
182.37749671936035,0.0,0.11091644114126836,0.03,1,1,1,0.0,0.3333333333333333,0.10935000000000002,-1,-1,-1,1.0,1.0,-1.0,0.0,-0.3333333333333333,0.10935000000000002,-1,-1,-1,0.356862745098039,0.694117647058824,0.803921568627451
182.4177496433258,0.0,0.10779435610025602,0.03,1,1,1,0.0,0.3333333333333333,0.10935000000000002,-1,-1,-1,1.0,1.0,-1.0,0.0,-0.3333333333333333,0.10935000000000002,-1,-1,-1,0.356862745098039,0.694117647058824,0.803921568627451
182.46047854423523,0.0,0.10467227105924368,0.03,1,1,1,0.0,0.3333333333333333,0.10935000000000002,-1,-1,-1,1.0,1.0,-1.0,0.0,-0.3333333333333333,0.10935000000000002,-1,-1,-1,0.356862745098039,0.694117647058824,0.803921568627451
182.49468779563904,0.0,0.10155018601823133,0.03,1,1,1,0.0,0.3333333333333333,0.10935000000000002,-1,-1,-1,1.0,1.0,-1.0,0.0,-0.3333333333333333,0.10935000000000002,-1,-1,-1,0.356862745098039,0.694117647058824,0.803921568627451
182.52919507026672,0.0,0.09842810097721899,0.03,1,1,1,0.0,0.3333333333333333,0.10935000000000002,-1,-1,-1,1.0,1.0,-1.0,0.0,-0.3333333333333333,0.10935000000000002,-1,-1,-1,0.356862745098039,0.694117647058824,0.803921568627451
182.57294011116028,0.0,0.09530601593620665,0.03,1,1,1,0.0,0.3333333333333333,0.10935000000000002,-1,-1,-1,1.0,1.0,-1.0,0.0,-0.3333333333333333,0.10935000000000002,-1,-1,-1,0.356862745098039,0.694117647058824,0.803921568627451
182.60592913627625,0.0,0.0921839308951943,0.03,1,1,1,0.0,0.3333333333333333,0.10935000000000002,-1,-1,-1,1.0,1.0,-1.0,0.0,-0.3333333333333333,0.10935000000000002,-1,-1,-1,0.356862745098039,0.694117647058824,0.803921568627451
182.64006924629211,0.0,0.08906184585418196,0.03,1,1,1,0.0,0.3333333333333333,0.10935000000000002,-1,-1,-1,1.0,1.0,-1.0,0.0,-0.3333333333333333,0.10935000000000002,-1,-1,-1,0.356862745098039,0.694117647058824,0.803921568627451
182.675194978714,0.0,0.08593976081316962,0.03,1,1,1,0.0,0.3333333333333333,0.10935000000000002,-1,-1,-1,1.0,1.0,-1.0,0.0,-0.3333333333333333,0.10935000000000002,-1,-1,-1,0.356862745098039,0.694117647058824,0.803921568627451
182.70999145507812,0.0,0.08281767577215728,0.03,1,1,1,0.0,0.3333333333333333,0.10935000000000002,-1,-1,-1,1.0,1.0,-1.0,0.0,-0.3333333333333333,0.10935000000000002,-1,-1,-1,0.356862745098039,0.694117647058824,0.803921568627451
182.74389004707336,0.0,0.07969559073114493,0.03,1,1,1,0.0,0.3333333333333333,0.10935000000000002,-1,-1,-1,1.0,1.0,-1.0,0.0,-0.3333333333333333,0.10935000000000002,-1,-1,-1,0.356862745098039,0.694117647058824,0.803921568627451
182.7940535545349,0.0,0.08091501777469007,0.03,1,1,1,0.0,0.3333333333333333,0.10935000000000002,-1,-1,-1,1.0,1.0,-1.0,0.0,-0.3333333333333333,0.10935000000000002,-1,-1,-1,0.356862745098039,0.694117647058824,0.803921568627451
182.8276765346527,0.0,0.08502878620794019,0.03,1,1,1,0.0,0.3333333333333333,0.10935000000000002,-1,-1,-1,1.0,1.0,-1.0,0.0,-0.3333333333333333,0.10935000000000002,-1,-1,-1,0.356862745098039,0.694117647058824,0.803921568627451
182.86240220069885,0.0,0.08914255464119031,0.03,1,1,1,0.0,0.3333333333333333,0.10935000000000002,-1,-1,-1,1.0,1.0,-1.0,0.0,-0.3333333333333333,0.10935000000000002,-1,-1,-1,0.356862745098039,0.694117647058824,0.803921568627451
182.89750742912292,0.0,0.09325632307444043,0.03,1,1,1,0.0,0.3333333333333333,0.10935000000000002,-1,-1,-1,1.0,1.0,-1.0,0.0,-0.3333333333333333,0.10935000000000002,-1,-1,-1,0.356862745098039,0.694117647058824,0.803921568627451
182.9318141937256,0.0,0.09737009150769055,0.03,1,1,1,0.0,0.3333333333333333,0.10935000000000002,-1,-1,-1,1.0,1.0,-1.0,0.0,-0.3333333333333333,0.10935000000000002,-1,-1,-1,0.356862745098039,0.694117647058824,0.803921568627451
182.97568559646606,0.0,0.10148385994094067,0.03,1,1,1,0.0,0.3333333333333333,0.10935000000000002,-1,-1,-1,1.0,1.0,-1.0,0.0,-0.3333333333333333,0.10935000000000002,-1,-1,-1,0.356862745098039,0.694117647058824,0.803921568627451
183.00848841667175,0.0,0.10559762837419079,0.03,1,1,1,0.0,0.3333333333333333,0.10935000000000002,-1,-1,-1,1.0,1.0,-1.0,0.0,-0.3333333333333333,0.10935000000000002,-1,-1,-1,0.356862745098039,0.694117647058824,0.803921568627451
183.0428569316864,0.0,0.10971139680744091,0.03,1,1,1,0.0,0.3333333333333333,0.10935000000000002,-1,-1,-1,1.0,1.0,-1.0,0.0,-0.3333333333333333,0.10935000000000002,-1,-1,-1,0.356862745098039,0.694117647058824,0.803921568627451
183.07789015769958,0.0,0.11382516524069103,0.03,1,1,1,0.0,0.3333333333333333,0.10935000000000002,-1,-1,-1,1.0,1.0,-1.0,0.0,-0.3333333333333333,0.10935000000000002,-1,-1,-1,0.356862745098039,0.694117647058824,0.803921568627451
183.11350226402283,0.0,0.11793893367394115,0.03,1,1,1,0.0,0.3333333333333333,0.10935000000000002,-1,-1,-1,1.0,1.0,-1.0,0.0,-0.3333333333333333,0.10935000000000002,-1,-1,-1,0.356862745098039,0.694117647058824,0.803921568627451
183.14715909957886,0.0,0.12205270210719127,0.03,1,1,1,0.0,0.3333333333333333,0.10935000000000002,-1,-1,-1,1.0,1.0,-1.0,0.0,-0.3333333333333333,0.10935000000000002,-1,-1,-1,0.356862745098039,0.694117647058824,0.803921568627451
183.18871140480042,0.0,0.1261664705404414,0.03,1,1,1,0.0,0.3333333333333333,0.10935000000000002,-1,-1,-1,1.0,1.0,-1.0,0.0,-0.3333333333333333,0.10935000000000002,-1,-1,-1,0.356862745098039,0.694117647058824,0.803921568627451
183.22373914718628,0.0,0.1302802389736915,0.03,1,1,1,0.0,0.3333333333333333,0.10935000000000002,-1,-1,-1,1.0,1.0,-1.0,0.0,-0.3333333333333333,0.10935000000000002,-1,-1,-1,0.356862745098039,0.694117647058824,0.803921568627451
183.25848746299744,0.0,0.13439400740694163,0.03,1,1,1,0.0,0.3333333333333333,0.10935000000000002,-1,-1,-1,1.0,1.0,-1.0,0.0,-0.3333333333333333,0.10935000000000002,-1,-1,-1,0.356862745098039,0.694117647058824,0.803921568627451
183.29279327392578,0.0,0.13850777584019175,0.03,1,1,1,0.0,0.3333333333333333,0.10935000000000002,-1,-1,-1,1.0,1.0,-1.0,0.0,-0.3333333333333333,0.10935000000000002,-1,-1,-1,0.356862745098039,0.694117647058824,0.803921568627451
183.3277463912964,0.0,0.14262154427344187,0.03,1,1,1,0.0,0.3333333333333333,0.10935000000000002,-1,-1,-1,1.0,1.0,-1.0,0.0,-0.3333333333333333,0.10935000000000002,-1,-1,-1,0.356862745098039,0.694117647058824,0.803921568627451
183.3695526123047,0.0,0.146735312706692,0.03,1,1,1,0.0,0.3333333333333333,0.10935000000000002,-1,-1,-1,1.0,1.0,-1.0,0.0,-0.3333333333333333,0.10935000000000002,-1,-1,-1,0.356862745098039,0.694117647058824,0.803921568627451
183.40350985527039,0.0,0.1508490811399421,0.03,1,1,1,0.0,0.3333333333333333,0.10935000000000002,-1,-1,-1,1.0,1.0,-1.0,0.0,-0.3333333333333333,0.10935000000000002,-1,-1,-1,0.356862745098039,0.694117647058824,0.803921568627451
183.4384582042694,0.0,0.15496284957319223,0.03,1,1,1,0.0,0.3333333333333333,0.10935000000000002,-1,-1,-1,1.0,1.0,-1.0,0.0,-0.3333333333333333,0.10935000000000002,-1,-1,-1,0.356862745098039,0.694117647058824,0.803921568627451
183.47725558280945,0.0,0.15907661800644235,0.03,1,1,1,0.0,0.3333333333333333,0.10935000000000002,-1,-1,-1,1.0,1.0,-1.0,0.0,-0.3333333333333333,0.10935000000000002,-1,-1,-1,0.356862745098039,0.694117647058824,0.803921568627451
183.51231503486633,0.0,0.16319038643969247,0.03,1,1,1,0.0,0.3333333333333333,0.10935000000000002,-1,-1,-1,1.0,1.0,-1.0,0.0,-0.3333333333333333,0.10935000000000002,-1,-1,-1,0.356862745098039,0.694117647058824,0.803921568627451
183.55035018920898,0.0,0.1673041548729426,0.03,1,1,1,0.0,0.3333333333333333,0.10935000000000002,-1,-1,-1,1.0,1.0,-1.0,0.0,-0.3333333333333333,0.10935000000000002,-1,-1,-1,0.356862745098039,0.694117647058824,0.803921568627451
183.58413290977478,0.0,0.1714179233061927,0.03,1,1,1,0.0,0.3333333333333333,0.10935000000000002,-1,-1,-1,1.0,1.0,-1.0,0.0,-0.3333333333333333,0.10935000000000002,-1,-1,-1,0.356862745098039,0.694117647058824,0.803921568627451
183.6185863018036,0.0,0.17553169173944283,0.03,1,1,1,0.0,0.3333333333333333,0.10935000000000002,-1,-1,-1,1.0,1.0,-1.0,0.0,-0.3333333333333333,0.10935000000000002,-1,-1,-1,0.356862745098039,0.694117647058824,0.803921568627451
183.65409111976624,0.0,0.17964546017269295,0.03,1,1,1,0.0,0.3333333333333333,0.10935000000000002,-1,-1,-1,1.0,1.0,-1.0,0.0,-0.3333333333333333,0.10935000000000002,-1,-1,-1,0.356862745098039,0.694117647058824,0.803921568627451
183.69665622711182,0.0,0.18375922860594307,0.03,1,1,1,0.0,0.3333333333333333,0.10935000000000002,-1,-1,-1,1.0,1.0,-1.0,0.0,-0.3333333333333333,0.10935000000000002,-1,-1,-1,0.356862745098039,0.694117647058824,0.803921568627451
183.7376744747162,0.0,0.1878729970391932,0.03,1,1,1,0.0,0.3333333333333333,0.10935000000000002,-1,-1,-1,1.0,1.0,-1.0,0.0,-0.3333333333333333,0.10935000000000002,-1,-1,-1,0.356862745098039,0.694117647058824,0.803921568627451
183.77183270454407,0.0,0.1919867654724433,0.03,1,1,1,0.0,0.3333333333333333,0.10935000000000002,-1,-1,-1,1.0,1.0,-1.0,0.0,-0.3333333333333333,0.10935000000000002,-1,-1,-1,0.356862745098039,0.694117647058824,0.803921568627451
183.8063371181488,0.0,0.19610053390569343,0.03,1,1,1,0.0,0.3333333333333333,0.10935000000000002,-1,-1,-1,1.0,1.0,-1.0,0.0,-0.3333333333333333,0.10935000000000002,-1,-1,-1,0.356862745098039,0.694117647058824,0.803921568627451
183.84124541282654,0.0,0.20021430233894355,0.03,1,1,1,0.0,0.3333333333333333,0.10935000000000002,-1,-1,-1,1.0,1.0,-1.0,0.0,-0.3333333333333333,0.10935000000000002,-1,-1,-1,0.356862745098039,0.694117647058824,0.803921568627451
183.8803653717041,0.0,0.20432807077219367,0.03,1,1,1,0.0,0.3333333333333333,0.10935000000000002,-1,-1,-1,1.0,1.0,-1.0,0.0,-0.3333333333333333,0.10935000000000002,-1,-1,-1,0.356862745098039,0.694117647058824,0.803921568627451
183.91832900047302,0.0,0.2084418392054438,0.03,1,1,1,0.0,0.3333333333333333,0.10935000000000002,-1,-1,-1,1.0,1.0,-1.0,0.0,-0.3333333333333333,0.10935000000000002,-1,-1,-1,0.356862745098039,0.694117647058824,0.803921568627451
183.9519658088684,0.0,0.2125556076386939,0.03,1,1,1,0.0,0.3333333333333333,0.10935000000000002,-1,-1,-1,1.0,1.0,-1.0,0.0,-0.3333333333333333,0.10935000000000002,-1,-1,-1,0.356862745098039,0.694117647058824,0.803921568627451
183.98737931251526,0.0,0.21451527443422605,0.03,1,1,1,0.0,0.3333333333333333,0.10935000000000002,-1,-1,-1,1.0,1.0,-1.0,0.0,-0.3333333333333333,0.10935000000000002,-1,-1,-1,0.356862745098039,0.694117647058824,0.803921568627451
184.02201056480408,0.0,0.21503887347127953,0.03,1,1,1,0.0,0.3333333333333333,0.10935000000000002,-1,-1,-1,1.0,1.0,-1.0,0.0,-0.3333333333333333,0.10935000000000002,-1,-1,-1,0.356862745098039,0.694117647058824,0.803921568627451
184.05667281150818,0.0,0.21556247250833302,0.03,1,1,1,0.0,0.3333333333333333,0.10935000000000002,-1,-1,-1,1.0,1.0,-1.0,0.0,-0.3333333333333333,0.10935000000000002,-1,-1,-1,0.356862745098039,0.694117647058824,0.803921568627451
184.0989546775818,0.0,0.2160860715453865,0.03,1,1,1,0.0,0.3333333333333333,0.10935000000000002,-1,-1,-1,1.0,1.0,-1.0,0.0,-0.3333333333333333,0.10935000000000002,-1,-1,-1,0.356862745098039,0.694117647058824,0.803921568627451
184.14000940322876,0.0,0.21660967058244,0.03,1,1,1,0.0,0.3333333333333333,0.10935000000000002,-1,-1,-1,1.0,1.0,-1.0,0.0,-0.3333333333333333,0.10935000000000002,-1,-1,-1,0.356862745098039,0.694117647058824,0.803921568627451
184.17492389678955,0.0,0.21713326961949347,0.03,1,1,1,0.0,0.3333333333333333,0.10935000000000002,-1,-1,-1,1.0,1.0,-1.0,0.0,-0.3333333333333333,0.10935000000000002,-1,-1,-1,0.356862745098039,0.694117647058824,0.803921568627451
184.21377992630005,0.0,0.21765686865654696,0.03,1,1,1,0.0,0.3333333333333333,0.10935000000000002,-1,-1,-1,1.0,1.0,-1.0,0.0,-0.3333333333333333,0.10935000000000002,-1,-1,-1,0.356862745098039,0.694117647058824,0.803921568627451
184.24799251556396,0.0,0.21818046769360044,0.03,1,1,1,0.0,0.3333333333333333,0.10935000000000002,-1,-1,-1,1.0,1.0,-1.0,0.0,-0.3333333333333333,0.10935000000000002,-1,-1,-1,0.356862745098039,0.694117647058824,0.803921568627451
184.28587079048157,0.0,0.21870406673065393,0.03,1,1,1,0.0,0.3333333333333333,0.10935000000000002,-1,-1,-1,1.0,1.0,-1.0,0.0,-0.3333333333333333,0.10935000000000002,-1,-1,-1,0.356862745098039,0.694117647058824,0.803921568627451
184.32040929794312,0.0,0.2192276657677074,0.03,1,1,1,0.0,0.3333333333333333,0.10935000000000002,-1,-1,-1,1.0,1.0,-1.0,0.0,-0.3333333333333333,0.10935000000000002,-1,-1,-1,0.356862745098039,0.694117647058824,0.803921568627451
184.35537767410278,0.0,0.2197512648047609,0.03,1,1,1,0.0,0.3333333333333333,0.10935000000000002,-1,-1,-1,1.0,1.0,-1.0,0.0,-0.3333333333333333,0.10935000000000002,-1,-1,-1,0.356862745098039,0.694117647058824,0.803921568627451
184.39036083221436,0.0,0.22027486384181438,0.03,1,1,1,0.0,0.3333333333333333,0.10935000000000002,-1,-1,-1,1.0,1.0,-1.0,0.0,-0.3333333333333333,0.10935000000000002,-1,-1,-1,0.356862745098039,0.694117647058824,0.803921568627451
184.42532992362976,0.0,0.22079846287886787,0.03,1,1,1,0.0,0.3333333333333333,0.10935000000000002,-1,-1,-1,1.0,1.0,-1.0,0.0,-0.3333333333333333,0.10935000000000002,-1,-1,-1,0.356862745098039,0.694117647058824,0.803921568627451
184.46715664863586,0.0,0.22132206191592135,0.03,1,1,1,0.0,0.3333333333333333,0.10935000000000002,-1,-1,-1,1.0,1.0,-1.0,0.0,-0.3333333333333333,0.10935000000000002,-1,-1,-1,0.356862745098039,0.694117647058824,0.803921568627451
184.50891757011414,0.0,0.22184566095297484,0.03,1,1,1,0.0,0.3333333333333333,0.10935000000000002,-1,-1,-1,1.0,1.0,-1.0,0.0,-0.3333333333333333,0.10935000000000002,-1,-1,-1,0.356862745098039,0.694117647058824,0.803921568627451
184.54342532157898,0.0,0.22236925999002832,0.03,1,1,1,0.0,0.3333333333333333,0.10935000000000002,-1,-1,-1,1.0,1.0,-1.0,0.0,-0.3333333333333333,0.10935000000000002,-1,-1,-1,0.356862745098039,0.694117647058824,0.803921568627451
184.58252835273743,0.0,0.2228928590270818,0.03,1,1,1,0.0,0.3333333333333333,0.10935000000000002,-1,-1,-1,1.0,1.0,-1.0,0.0,-0.3333333333333333,0.10935000000000002,-1,-1,-1,0.356862745098039,0.694117647058824,0.803921568627451
184.61738991737366,0.0,0.2234164580641353,0.03,1,1,1,0.0,0.3333333333333333,0.10935000000000002,-1,-1,-1,1.0,1.0,-1.0,0.0,-0.3333333333333333,0.10935000000000002,-1,-1,-1,0.356862745098039,0.694117647058824,0.803921568627451
184.65600633621216,0.0,0.22394005710118878,0.03,1,1,1,0.0,0.3333333333333333,0.10935000000000002,-1,-1,-1,1.0,1.0,-1.0,0.0,-0.3333333333333333,0.10935000000000002,-1,-1,-1,0.356862745098039,0.694117647058824,0.803921568627451
184.6964008808136,0.0,0.22446365613824226,0.03,1,1,1,0.0,0.3333333333333333,0.10935000000000002,-1,-1,-1,1.0,1.0,-1.0,0.0,-0.3333333333333333,0.10935000000000002,-1,-1,-1,0.356862745098039,0.694117647058824,0.803921568627451
184.73109102249146,0.0,0.22498725517529575,0.03,1,1,1,0.0,0.3333333333333333,0.10935000000000002,-1,-1,-1,1.0,1.0,-1.0,0.0,-0.3333333333333333,0.10935000000000002,-1,-1,-1,0.356862745098039,0.694117647058824,0.803921568627451
184.76497530937195,0.0,0.22551085421234923,0.03,1,1,1,0.0,0.3333333333333333,0.10935000000000002,-1,-1,-1,1.0,1.0,-1.0,0.0,-0.3333333333333333,0.10935000000000002,-1,-1,-1,0.356862745098039,0.694117647058824,0.803921568627451
184.80008220672607,0.0,0.22603445324940272,0.03,1,1,1,0.0,0.3333333333333333,0.10935000000000002,-1,-1,-1,1.0,1.0,-1.0,0.0,-0.3333333333333333,0.10935000000000002,-1,-1,-1,0.356862745098039,0.694117647058824,0.803921568627451
184.84228610992432,0.0,0.2265580522864562,0.03,1,1,1,0.0,0.3333333333333333,0.10935000000000002,-1,-1,-1,1.0,1.0,-1.0,0.0,-0.3333333333333333,0.10935000000000002,-1,-1,-1,0.356862745098039,0.694117647058824,0.803921568627451
184.88554883003235,0.0,0.2270816513235097,0.03,1,1,1,0.0,0.3333333333333333,0.10935000000000002,-1,-1,-1,1.0,1.0,-1.0,0.0,-0.3333333333333333,0.10935000000000002,-1,-1,-1,0.356862745098039,0.694117647058824,0.803921568627451
184.9198398590088,0.0,0.22760525036056317,0.03,1,1,1,0.0,0.3333333333333333,0.10935000000000002,-1,-1,-1,1.0,1.0,-1.0,0.0,-0.3333333333333333,0.10935000000000002,-1,-1,-1,0.356862745098039,0.694117647058824,0.803921568627451
184.95307540893555,0.0,0.22812884939761666,0.03,1,1,1,0.0,0.3333333333333333,0.10935000000000002,-1,-1,-1,1.0,1.0,-1.0,0.0,-0.3333333333333333,0.10935000000000002,-1,-1,-1,0.356862745098039,0.694117647058824,0.803921568627451
184.98820519447327,0.0,0.22865244843467014,0.03,1,1,1,0.0,0.3333333333333333,0.10935000000000002,-1,-1,-1,1.0,1.0,-1.0,0.0,-0.3333333333333333,0.10935000000000002,-1,-1,-1,0.356862745098039,0.694117647058824,0.803921568627451
185.0225236415863,0.0,0.22917604747172363,0.03,1,1,1,0.0,0.3333333333333333,0.10935000000000002,-1,-1,-1,1.0,1.0,-1.0,0.0,-0.3333333333333333,0.10935000000000002,-1,-1,-1,0.356862745098039,0.694117647058824,0.803921568627451
185.0713188648224,0.0,0.2296996465087771,0.03,1,1,1,0.0,0.3333333333333333,0.10935000000000002,-1,-1,-1,1.0,1.0,-1.0,0.0,-0.3333333333333333,0.10935000000000002,-1,-1,-1,0.356862745098039,0.694117647058824,0.803921568627451
185.10585355758667,0.0,0.2302232455458306,0.03,1,1,1,0.0,0.3333333333333333,0.10935000000000002,-1,-1,-1,1.0,1.0,-1.0,0.0,-0.3333333333333333,0.10935000000000002,-1,-1,-1,0.356862745098039,0.694117647058824,0.803921568627451
185.1408407688141,0.0,0.23074684458288408,0.03,1,1,1,0.0,0.3333333333333333,0.10935000000000002,-1,-1,-1,1.0,1.0,-1.0,0.0,-0.3333333333333333,0.10935000000000002,-1,-1,-1,0.356862745098039,0.694117647058824,0.803921568627451
185.175847530365,0.0,0.23116572381252687,0.03,1,1,1,0.0,0.3333333333333333,0.10935000000000002,-1,-1,-1,1.0,1.0,-1.0,0.0,-0.3333333333333333,0.10935000000000002,-1,-1,-1,0.356862745098039,0.694117647058824,0.803921568627451
185.21070837974548,0.0,0.23116572381252687,0.03,1,1,1,0.0,0.3333333333333333,0.10935000000000002,-1,-1,-1,1.0,1.0,-1.0,0.0,-0.3333333333333333,0.10935000000000002,-1,-1,-1,0.356862745098039,0.694117647058824,0.803921568627451
185.25499534606934,0.0,0.23116572381252687,0.03,1,1,1,0.0,0.3333333333333333,0.10935000000000002,-1,-1,-1,1.0,1.0,-1.0,0.0,-0.3333333333333333,0.10935000000000002,-1,-1,-1,0.356862745098039,0.694117647058824,0.803921568627451
185.29330253601074,0.0,0.23116572381252687,0.03,1,1,1,0.0,0.3333333333333333,0.10935000000000002,-1,-1,-1,1.0,1.0,-1.0,0.0,-0.3333333333333333,0.10935000000000002,-1,-1,-1,0.356862745098039,0.694117647058824,0.803921568627451
185.3281102180481,0.0,0.23116572381252687,0.03,1,1,1,0.0,0.3333333333333333,0.10935000000000002,-1,-1,-1,1.0,1.0,-1.0,0.0,-0.3333333333333333,0.10935000000000002,-1,-1,-1,0.356862745098039,0.694117647058824,0.803921568627451
185.36313796043396,0.0,0.23116572381252687,0.03,1,1,1,0.0,0.3333333333333333,0.10935000000000002,-1,-1,-1,1.0,1.0,-1.0,0.0,-0.3333333333333333,0.10935000000000002,-1,-1,-1,0.356862745098039,0.694117647058824,0.803921568627451
185.3977289199829,0.0,0.23116572381252687,0.03,1,1,1,0.0,0.3333333333333333,0.10935000000000002,-1,-1,-1,1.0,1.0,-1.0,0.0,-0.3333333333333333,0.10935000000000002,-1,-1,-1,0.356862745098039,0.694117647058824,0.803921568627451
185.43226051330566,0.0,0.23116572381252687,0.03,1,1,1,0.0,0.3333333333333333,0.10935000000000002,-1,-1,-1,1.0,1.0,-1.0,0.0,-0.3333333333333333,0.10935000000000002,-1,-1,-1,0.356862745098039,0.694117647058824,0.803921568627451
185.46717762947083,0.0,0.23116572381252687,0.03,1,1,1,0.0,0.3333333333333333,0.10935000000000002,-1,-1,-1,1.0,1.0,-1.0,0.0,-0.3333333333333333,0.10935000000000002,-1,-1,-1,0.356862745098039,0.694117647058824,0.803921568627451
185.50887250900269,0.0,0.23116572381252687,0.03,1,1,1,0.0,0.3333333333333333,0.10935000000000002,-1,-1,-1,1.0,1.0,-1.0,0.0,-0.3333333333333333,0.10935000000000002,-1,-1,-1,0.356862745098039,0.694117647058824,0.803921568627451
185.5428910255432,0.0,0.23116572381252687,0.03,1,1,1,0.0,0.3333333333333333,0.10935000000000002,-1,-1,-1,1.0,1.0,-1.0,0.0,-0.3333333333333333,0.10935000000000002,-1,-1,-1,0.356862745098039,0.694117647058824,0.803921568627451
185.57773613929749,0.0,0.23116572381252687,0.03,1,1,1,0.0,0.3333333333333333,0.10935000000000002,-1,-1,-1,1.0,1.0,-1.0,0.0,-0.3333333333333333,0.10935000000000002,-1,-1,-1,0.356862745098039,0.694117647058824,0.803921568627451
185.6123561859131,0.0,0.23116572381252687,0.03,1,1,1,0.0,0.3333333333333333,0.10935000000000002,-1,-1,-1,1.0,1.0,-1.0,0.0,-0.3333333333333333,0.10935000000000002,-1,-1,-1,0.356862745098039,0.694117647058824,0.803921568627451
185.6468482017517,0.0,0.23116572381252687,0.03,1,1,1,0.0,0.3333333333333333,0.10935000000000002,-1,-1,-1,1.0,1.0,-1.0,0.0,-0.3333333333333333,0.10935000000000002,-1,-1,-1,0.356862745098039,0.694117647058824,0.803921568627451
185.6911735534668,0.0,0.23116572381252687,0.03,1,1,1,0.0,0.3333333333333333,0.10935000000000002,-1,-1,-1,1.0,1.0,-1.0,0.0,-0.3333333333333333,0.10935000000000002,-1,-1,-1,0.356862745098039,0.694117647058824,0.803921568627451
185.72436499595642,0.0,0.23116572381252687,0.03,1,1,1,0.0,0.3333333333333333,0.10935000000000002,-1,-1,-1,1.0,1.0,-1.0,0.0,-0.3333333333333333,0.10935000000000002,-1,-1,-1,0.356862745098039,0.694117647058824,0.803921568627451
185.7584388256073,0.0,0.23116572381252687,0.03,1,1,1,0.0,0.3333333333333333,0.10935000000000002,-1,-1,-1,1.0,1.0,-1.0,0.0,-0.3333333333333333,0.10935000000000002,-1,-1,-1,0.356862745098039,0.694117647058824,0.803921568627451
185.79299235343933,0.0,0.23116572381252687,0.03,1,1,1,0.0,0.3333333333333333,0.10935000000000002,-1,-1,-1,1.0,1.0,-1.0,0.0,-0.3333333333333333,0.10935000000000002,-1,-1,-1,0.356862745098039,0.694117647058824,0.803921568627451
185.82855606079102,0.0,0.23116572381252687,0.03,1,1,1,0.0,0.3333333333333333,0.10935000000000002,-1,-1,-1,1.0,1.0,-1.0,0.0,-0.3333333333333333,0.10935000000000002,-1,-1,-1,0.356862745098039,0.694117647058824,0.803921568627451
185.86237144470215,0.0,0.23116572381252687,0.03,1,1,1,0.0,0.3333333333333333,0.10935000000000002,-1,-1,-1,1.0,1.0,-1.0,0.0,-0.3333333333333333,0.10935000000000002,-1,-1,-1,0.356862745098039,0.694117647058824,0.803921568627451
185.90426802635193,0.0,0.23116572381252687,0.03,1,1,1,0.0,0.3333333333333333,0.10935000000000002,-1,-1,-1,1.0,1.0,-1.0,0.0,-0.3333333333333333,0.10935000000000002,-1,-1,-1,0.356862745098039,0.694117647058824,0.803921568627451
185.93889498710632,0.0,0.23116572381252687,0.03,1,1,1,0.0,0.3333333333333333,0.10935000000000002,-1,-1,-1,1.0,1.0,-1.0,0.0,-0.3333333333333333,0.10935000000000002,-1,-1,-1,0.356862745098039,0.694117647058824,0.803921568627451
185.97365379333496,0.0,0.23116572381252687,0.03,1,1,1,0.0,0.3333333333333333,0.10935000000000002,-1,-1,-1,1.0,1.0,-1.0,0.0,-0.3333333333333333,0.10935000000000002,-1,-1,-1,0.356862745098039,0.694117647058824,0.803921568627451
186.00851821899414,0.0,0.23116572381252687,0.03,1,1,1,0.0,0.3333333333333333,0.10935000000000002,-1,-1,-1,1.0,1.0,-1.0,0.0,-0.3333333333333333,0.10935000000000002,-1,-1,-1,0.356862745098039,0.694117647058824,0.803921568627451
186.04303312301636,0.0,0.23116572381252687,0.03,1,1,1,0.0,0.3333333333333333,0.10935000000000002,-1,-1,-1,1.0,1.0,-1.0,0.0,-0.3333333333333333,0.10935000000000002,-1,-1,-1,0.356862745098039,0.694117647058824,0.803921568627451
186.08463501930237,0.0,0.23116572381252687,0.03,1,1,1,0.0,0.3333333333333333,0.10935000000000002,-1,-1,-1,1.0,1.0,-1.0,0.0,-0.3333333333333333,0.10935000000000002,-1,-1,-1,0.356862745098039,0.694117647058824,0.803921568627451
186.11950302124023,0.0,0.23116572381252687,0.03,1,1,1,0.0,0.3333333333333333,0.10935000000000002,-1,-1,-1,1.0,1.0,-1.0,0.0,-0.3333333333333333,0.10935000000000002,-1,-1,-1,0.356862745098039,0.694117647058824,0.803921568627451
186.15411710739136,0.0,0.23116572381252687,0.03,1,1,1,0.0,0.3333333333333333,0.10935000000000002,-1,-1,-1,1.0,1.0,-1.0,0.0,-0.3333333333333333,0.10935000000000002,-1,-1,-1,0.356862745098039,0.694117647058824,0.803921568627451
186.19312381744385,0.0,0.23116572381252687,0.03,1,1,1,0.0,0.3333333333333333,0.10935000000000002,-1,-1,-1,1.0,1.0,-1.0,0.0,-0.3333333333333333,0.10935000000000002,-1,-1,-1,0.356862745098039,0.694117647058824,0.803921568627451
186.22671627998352,0.0,0.23116572381252687,0.03,1,1,1,0.0,0.3333333333333333,0.10935000000000002,-1,-1,-1,1.0,1.0,-1.0,0.0,-0.3333333333333333,0.10935000000000002,-1,-1,-1,0.356862745098039,0.694117647058824,0.803921568627451
186.26156163215637,0.0,0.23116572381252687,0.03,1,1,1,0.0,0.3333333333333333,0.10935000000000002,-1,-1,-1,1.0,1.0,-1.0,0.0,-0.3333333333333333,0.10935000000000002,-1,-1,-1,0.356862745098039,0.694117647058824,0.803921568627451
186.299786567688,0.0,0.23116572381252687,0.03,1,1,1,0.0,0.3333333333333333,0.10935000000000002,-1,-1,-1,1.0,1.0,-1.0,0.0,-0.3333333333333333,0.10935000000000002,-1,-1,-1,0.356862745098039,0.694117647058824,0.803921568627451
186.33444476127625,0.0,0.23116572381252687,0.03,1,1,1,0.0,0.3333333333333333,0.10935000000000002,-1,-1,-1,1.0,1.0,-1.0,0.0,-0.3333333333333333,0.10935000000000002,-1,-1,-1,0.356862745098039,0.694117647058824,0.803921568627451
186.36920642852783,0.0,0.23116572381252687,0.03,1,1,1,0.0,0.3333333333333333,0.10935000000000002,-1,-1,-1,1.0,1.0,-1.0,0.0,-0.3333333333333333,0.10935000000000002,-1,-1,-1,0.356862745098039,0.694117647058824,0.803921568627451
186.40448236465454,0.0,0.22675192299321512,0.03,1,1,1,0.0,0.3333333333333333,0.10935000000000002,-1,-1,-1,1.0,1.0,-1.0,0.0,-0.3333333333333333,0.10935000000000002,-1,-1,-1,0.356862745098039,0.694117647058824,0.803921568627451
186.43873929977417,0.0,0.22233812217390336,0.03,1,1,1,0.0,0.3333333333333333,0.10935000000000002,-1,-1,-1,1.0,1.0,-1.0,0.0,-0.3333333333333333,0.10935000000000002,-1,-1,-1,0.356862745098039,0.694117647058824,0.803921568627451
186.48098397254944,0.0,0.2179243213545916,0.03,1,1,1,0.0,0.3333333333333333,0.10935000000000002,-1,-1,-1,1.0,1.0,-1.0,0.0,-0.3333333333333333,0.10935000000000002,-1,-1,-1,0.356862745098039,0.694117647058824,0.803921568627451
186.51520085334778,0.0,0.21351052053527986,0.03,1,1,1,0.0,0.3333333333333333,0.10935000000000002,-1,-1,-1,1.0,1.0,-1.0,0.0,-0.3333333333333333,0.10935000000000002,-1,-1,-1,0.356862745098039,0.694117647058824,0.803921568627451
186.55023384094238,0.0,0.2090967197159681,0.03,1,1,1,0.0,0.3333333333333333,0.10935000000000002,-1,-1,-1,1.0,1.0,-1.0,0.0,-0.3333333333333333,0.10935000000000002,-1,-1,-1,0.356862745098039,0.694117647058824,0.803921568627451
186.58489847183228,0.0,0.20468291889665635,0.03,1,1,1,0.0,0.3333333333333333,0.10935000000000002,-1,-1,-1,1.0,1.0,-1.0,0.0,-0.3333333333333333,0.10935000000000002,-1,-1,-1,0.356862745098039,0.694117647058824,0.803921568627451
186.6194565296173,0.0,0.2002691180773446,0.03,1,1,1,0.0,0.3333333333333333,0.10935000000000002,-1,-1,-1,1.0,1.0,-1.0,0.0,-0.3333333333333333,0.10935000000000002,-1,-1,-1,0.356862745098039,0.694117647058824,0.803921568627451
186.66315579414368,0.0,0.19585531725803285,0.03,1,1,1,0.0,0.3333333333333333,0.10935000000000002,-1,-1,-1,1.0,1.0,-1.0,0.0,-0.3333333333333333,0.10935000000000002,-1,-1,-1,0.356862745098039,0.694117647058824,0.803921568627451
186.6964921951294,0.0,0.1914415164387211,0.03,1,1,1,0.0,0.3333333333333333,0.10935000000000002,-1,-1,-1,1.0,1.0,-1.0,0.0,-0.3333333333333333,0.10935000000000002,-1,-1,-1,0.356862745098039,0.694117647058824,0.803921568627451
186.73099780082703,0.0,0.18702771561940934,0.03,1,1,1,0.0,0.3333333333333333,0.10935000000000002,-1,-1,-1,1.0,1.0,-1.0,0.0,-0.3333333333333333,0.10935000000000002,-1,-1,-1,0.356862745098039,0.694117647058824,0.803921568627451
186.76566123962402,0.0,0.1826139148000976,0.03,1,1,1,0.0,0.3333333333333333,0.10935000000000002,-1,-1,-1,1.0,1.0,-1.0,0.0,-0.3333333333333333,0.10935000000000002,-1,-1,-1,0.356862745098039,0.694117647058824,0.803921568627451
186.80163192749023,0.0,0.17820011398078583,0.03,1,1,1,0.0,0.3333333333333333,0.10935000000000002,-1,-1,-1,1.0,1.0,-1.0,0.0,-0.3333333333333333,0.10935000000000002,-1,-1,-1,0.356862745098039,0.694117647058824,0.803921568627451
186.83570313453674,0.0,0.17378631316147408,0.03,1,1,1,0.0,0.3333333333333333,0.10935000000000002,-1,-1,-1,1.0,1.0,-1.0,0.0,-0.3333333333333333,0.10935000000000002,-1,-1,-1,0.356862745098039,0.694117647058824,0.803921568627451
186.88453197479248,0.0,0.16937251234216233,0.03,1,1,1,0.0,0.3333333333333333,0.10935000000000002,-1,-1,-1,1.0,1.0,-1.0,0.0,-0.3333333333333333,0.10935000000000002,-1,-1,-1,0.356862745098039,0.694117647058824,0.803921568627451
186.91892838478088,0.0,0.16495871152285058,0.03,1,1,1,0.0,0.3333333333333333,0.10935000000000002,-1,-1,-1,1.0,1.0,-1.0,0.0,-0.3333333333333333,0.10935000000000002,-1,-1,-1,0.356862745098039,0.694117647058824,0.803921568627451
186.95323848724365,0.0,0.16054491070353882,0.03,1,1,1,0.0,0.3333333333333333,0.10935000000000002,-1,-1,-1,1.0,1.0,-1.0,0.0,-0.3333333333333333,0.10935000000000002,-1,-1,-1,0.356862745098039,0.694117647058824,0.803921568627451
186.9869203567505,0.0,0.15613110988422707,0.03,1,1,1,0.0,0.3333333333333333,0.10935000000000002,-1,-1,-1,1.0,1.0,-1.0,0.0,-0.3333333333333333,0.10935000000000002,-1,-1,-1,0.356862745098039,0.694117647058824,0.803921568627451
187.0225706100464,0.0,0.15171730906491532,0.03,1,1,1,0.0,0.3333333333333333,0.10935000000000002,-1,-1,-1,1.0,1.0,-1.0,0.0,-0.3333333333333333,0.10935000000000002,-1,-1,-1,0.356862745098039,0.694117647058824,0.803921568627451
187.0672423839569,0.0,0.14730350824560356,0.03,1,1,1,0.0,0.3333333333333333,0.10935000000000002,-1,-1,-1,1.0,1.0,-1.0,0.0,-0.3333333333333333,0.10935000000000002,-1,-1,-1,0.356862745098039,0.694117647058824,0.803921568627451
187.10575222969055,0.0,0.1428897074262918,0.03,1,1,1,0.0,0.3333333333333333,0.10935000000000002,-1,-1,-1,1.0,1.0,-1.0,0.0,-0.3333333333333333,0.10935000000000002,-1,-1,-1,0.356862745098039,0.694117647058824,0.803921568627451
187.14115715026855,0.0,0.13847590660698006,0.03,1,1,1,0.0,0.3333333333333333,0.10935000000000002,-1,-1,-1,1.0,1.0,-1.0,0.0,-0.3333333333333333,0.10935000000000002,-1,-1,-1,0.356862745098039,0.694117647058824,0.803921568627451
187.17521238327026,0.0,0.1340621057876683,0.03,1,1,1,0.0,0.3333333333333333,0.10935000000000002,-1,-1,-1,1.0,1.0,-1.0,0.0,-0.3333333333333333,0.10935000000000002,-1,-1,-1,0.356862745098039,0.694117647058824,0.803921568627451
187.2100157737732,0.0,0.12964830496835655,0.03,1,1,1,0.0,0.3333333333333333,0.10935000000000002,-1,-1,-1,1.0,1.0,-1.0,0.0,-0.3333333333333333,0.10935000000000002,-1,-1,-1,0.356862745098039,0.694117647058824,0.803921568627451
187.25226354599,0.0,0.1252345041490448,0.03,1,1,1,0.0,0.3333333333333333,0.10935000000000002,-1,-1,-1,1.0,1.0,-1.0,0.0,-0.3333333333333333,0.10935000000000002,-1,-1,-1,0.356862745098039,0.694117647058824,0.803921568627451
187.2934534549713,0.0,0.12082070332973313,0.03,1,1,1,0.0,0.3333333333333333,0.10935000000000002,-1,-1,-1,1.0,1.0,-1.0,0.0,-0.3333333333333333,0.10935000000000002,-1,-1,-1,0.356862745098039,0.694117647058824,0.803921568627451
187.328218460083,0.0,0.11640690251042146,0.03,1,1,1,0.0,0.3333333333333333,0.10935000000000002,-1,-1,-1,1.0,1.0,-1.0,0.0,-0.3333333333333333,0.10935000000000002,-1,-1,-1,0.356862745098039,0.694117647058824,0.803921568627451
187.36245560646057,0.0,0.11199310169110978,0.03,1,1,1,0.0,0.3333333333333333,0.10935000000000002,-1,-1,-1,1.0,1.0,-1.0,0.0,-0.3333333333333333,0.10935000000000002,-1,-1,-1,0.356862745098039,0.694117647058824,0.803921568627451
187.39708065986633,0.0,0.1075793008717981,0.03,1,1,1,0.0,0.3333333333333333,0.10935000000000002,-1,-1,-1,1.0,1.0,-1.0,0.0,-0.3333333333333333,0.10935000000000002,-1,-1,-1,0.356862745098039,0.694117647058824,0.803921568627451
187.43555998802185,0.0,0.10316550005248641,0.03,1,1,1,0.0,0.3333333333333333,0.10935000000000002,-1,-1,-1,1.0,1.0,-1.0,0.0,-0.3333333333333333,0.10935000000000002,-1,-1,-1,0.356862745098039,0.694117647058824,0.803921568627451
187.47056460380554,0.0,0.09875169923317473,0.03,1,1,1,0.0,0.3333333333333333,0.10935000000000002,-1,-1,-1,1.0,1.0,-1.0,0.0,-0.3333333333333333,0.10935000000000002,-1,-1,-1,0.356862745098039,0.694117647058824,0.803921568627451
187.50880074501038,0.0,0.09433789841386304,0.03,1,1,1,0.0,0.3333333333333333,0.10935000000000002,-1,-1,-1,1.0,1.0,-1.0,0.0,-0.3333333333333333,0.10935000000000002,-1,-1,-1,0.356862745098039,0.694117647058824,0.803921568627451
187.55081748962402,0.0,0.08992409759455136,0.03,1,1,1,0.0,0.3333333333333333,0.10935000000000002,-1,-1,-1,1.0,1.0,-1.0,0.0,-0.3333333333333333,0.10935000000000002,-1,-1,-1,0.356862745098039,0.694117647058824,0.803921568627451
187.58584451675415,0.0,0.09056499286994886,0.03,1,1,1,0.0,0.3333333333333333,0.10935000000000002,-1,-1,-1,1.0,1.0,-1.0,0.0,-0.3333333333333333,0.10935000000000002,-1,-1,-1,0.356862745098039,0.694117647058824,0.803921568627451
187.62079238891602,0.0,0.09878793228741013,0.03,1,1,1,0.0,0.3333333333333333,0.10935000000000002,-1,-1,-1,1.0,1.0,-1.0,0.0,-0.3333333333333333,0.10935000000000002,-1,-1,-1,0.356862745098039,0.694117647058824,0.803921568627451
187.65507054328918,0.0,0.1070108717048714,0.03,1,1,1,0.0,0.3333333333333333,0.10935000000000002,-1,-1,-1,1.0,1.0,-1.0,0.0,-0.3333333333333333,0.10935000000000002,-1,-1,-1,0.356862745098039,0.694117647058824,0.803921568627451
187.68973922729492,0.0,0.11523381112233268,0.03,1,1,1,0.0,0.3333333333333333,0.10935000000000002,-1,-1,-1,1.0,1.0,-1.0,0.0,-0.3333333333333333,0.10935000000000002,-1,-1,-1,0.356862745098039,0.694117647058824,0.803921568627451
187.73136401176453,0.0,0.12345675053979392,0.03,1,1,1,0.0,0.3333333333333333,0.10935000000000002,-1,-1,-1,1.0,1.0,-1.0,0.0,-0.3333333333333333,0.10935000000000002,-1,-1,-1,0.356862745098039,0.694117647058824,0.803921568627451
187.775137424469,0.0,0.13167968995725518,0.03,1,1,1,0.0,0.3333333333333333,0.10935000000000002,-1,-1,-1,1.0,1.0,-1.0,0.0,-0.3333333333333333,0.10935000000000002,-1,-1,-1,0.356862745098039,0.694117647058824,0.803921568627451
187.8090467453003,0.0,0.13990262937471645,0.03,1,1,1,0.0,0.3333333333333333,0.10935000000000002,-1,-1,-1,1.0,1.0,-1.0,0.0,-0.3333333333333333,0.10935000000000002,-1,-1,-1,0.356862745098039,0.694117647058824,0.803921568627451
187.84425950050354,0.0,0.14812556879217773,0.03,1,1,1,0.0,0.3333333333333333,0.10935000000000002,-1,-1,-1,1.0,1.0,-1.0,0.0,-0.3333333333333333,0.10935000000000002,-1,-1,-1,0.356862745098039,0.694117647058824,0.803921568627451
187.87780117988586,0.0,0.156348508209639,0.03,1,1,1,0.0,0.3333333333333333,0.10935000000000002,-1,-1,-1,1.0,1.0,-1.0,0.0,-0.3333333333333333,0.10935000000000002,-1,-1,-1,0.356862745098039,0.694117647058824,0.803921568627451
187.9123330116272,0.0,0.16457144762710027,0.03,1,1,1,0.0,0.3333333333333333,0.10935000000000002,-1,-1,-1,1.0,1.0,-1.0,0.0,-0.3333333333333333,0.10935000000000002,-1,-1,-1,0.356862745098039,0.694117647058824,0.803921568627451
187.96098923683167,0.0,0.17279438704456154,0.03,1,1,1,0.0,0.3333333333333333,0.10935000000000002,-1,-1,-1,1.0,1.0,-1.0,0.0,-0.3333333333333333,0.10935000000000002,-1,-1,-1,0.356862745098039,0.694117647058824,0.803921568627451
188.0026364326477,0.0,0.18101732646202282,0.03,1,1,1,0.0,0.3333333333333333,0.10935000000000002,-1,-1,-1,1.0,1.0,-1.0,0.0,-0.3333333333333333,0.10935000000000002,-1,-1,-1,0.356862745098039,0.694117647058824,0.803921568627451
188.04143357276917,0.0,0.1892402658794841,0.03,1,1,1,0.0,0.3333333333333333,0.10935000000000002,-1,-1,-1,1.0,1.0,-1.0,0.0,-0.3333333333333333,0.10935000000000002,-1,-1,-1,0.356862745098039,0.694117647058824,0.803921568627451
188.07662439346313,0.0,0.19746320529694536,0.03,1,1,1,0.0,0.3333333333333333,0.10935000000000002,-1,-1,-1,1.0,1.0,-1.0,0.0,-0.3333333333333333,0.10935000000000002,-1,-1,-1,0.356862745098039,0.694117647058824,0.803921568627451
188.1145055294037,0.0,0.20568614471440663,0.03,1,1,1,0.0,0.3333333333333333,0.10935000000000002,-1,-1,-1,1.0,1.0,-1.0,0.0,-0.3333333333333333,0.10935000000000002,-1,-1,-1,0.356862745098039,0.694117647058824,0.803921568627451
188.16214060783386,0.0,0.2139090841318679,0.03,1,1,1,0.0,0.3333333333333333,0.10935000000000002,-1,-1,-1,1.0,1.0,-1.0,0.0,-0.3333333333333333,0.10935000000000002,-1,-1,-1,0.356862745098039,0.694117647058824,0.803921568627451
188.1966404914856,0.0,0.22213202354932918,0.03,1,1,1,0.0,0.3333333333333333,0.10935000000000002,-1,-1,-1,1.0,1.0,-1.0,0.0,-0.3333333333333333,0.10935000000000002,-1,-1,-1,0.356862745098039,0.694117647058824,0.803921568627451
188.2318856716156,0.0,0.23035496296679045,0.03,1,1,1,0.0,0.3333333333333333,0.10935000000000002,-1,-1,-1,1.0,1.0,-1.0,0.0,-0.3333333333333333,0.10935000000000002,-1,-1,-1,0.356862745098039,0.694117647058824,0.803921568627451
188.26605939865112,0.0,0.23857790238425172,0.03,1,1,1,0.0,0.3333333333333333,0.10935000000000002,-1,-1,-1,1.0,1.0,-1.0,0.0,-0.3333333333333333,0.10935000000000002,-1,-1,-1,0.356862745098039,0.694117647058824,0.803921568627451
188.33071875572205,0.0,0.24680084180171297,0.03,1,1,1,0.0,0.3333333333333333,0.10935000000000002,-1,-1,-1,1.0,1.0,-1.0,0.0,-0.3333333333333333,0.10935000000000002,-1,-1,-1,0.356862745098039,0.694117647058824,0.803921568627451
188.36220240592957,0.0,0.25502378121917424,0.03,1,1,1,0.0,0.3333333333333333,0.10935000000000002,-1,-1,-1,1.0,1.0,-1.0,0.0,-0.3333333333333333,0.10935000000000002,-1,-1,-1,0.356862745098039,0.694117647058824,0.803921568627451
188.39817333221436,0.0,0.2632467206366355,0.03,1,1,1,0.0,0.3333333333333333,0.10935000000000002,-1,-1,-1,1.0,1.0,-1.0,0.0,-0.3333333333333333,0.10935000000000002,-1,-1,-1,0.356862745098039,0.694117647058824,0.803921568627451
188.43290328979492,0.0,0.2714696600540968,0.03,1,1,1,0.0,0.3333333333333333,0.10935000000000002,-1,-1,-1,1.0,1.0,-1.0,0.0,-0.3333333333333333,0.10935000000000002,-1,-1,-1,0.356862745098039,0.694117647058824,0.803921568627451
188.46738982200623,0.0,0.27969259947155806,0.03,1,1,1,0.0,0.3333333333333333,0.10935000000000002,-1,-1,-1,1.0,1.0,-1.0,0.0,-0.3333333333333333,0.10935000000000002,-1,-1,-1,0.356862745098039,0.694117647058824,0.803921568627451
188.51247024536133,0.0,0.28791553888901933,0.03,1,1,1,0.0,0.3333333333333333,0.10935000000000002,-1,-1,-1,1.0,1.0,-1.0,0.0,-0.3333333333333333,0.10935000000000002,-1,-1,-1,0.356862745098039,0.694117647058824,0.803921568627451
188.55135989189148,0.0,0.2961384783064806,0.03,1,1,1,0.0,0.3333333333333333,0.10935000000000002,-1,-1,-1,1.0,1.0,-1.0,0.0,-0.3333333333333333,0.10935000000000002,-1,-1,-1,0.356862745098039,0.694117647058824,0.803921568627451
188.5846507549286,0.0,0.3043614177239419,0.03,1,1,1,0.0,0.3333333333333333,0.10935000000000002,-1,-1,-1,1.0,1.0,-1.0,0.0,-0.3333333333333333,0.10935000000000002,-1,-1,-1,0.356862745098039,0.694117647058824,0.803921568627451
188.61969327926636,0.0,0.31258435714140315,0.03,1,1,1,0.0,0.3333333333333333,0.10935000000000002,-1,-1,-1,1.0,1.0,-1.0,0.0,-0.3333333333333333,0.10935000000000002,-1,-1,-1,0.356862745098039,0.694117647058824,0.803921568627451
188.65474915504456,0.0,0.3208072965588644,0.03,1,1,1,0.0,0.3333333333333333,0.10935000000000002,-1,-1,-1,1.0,1.0,-1.0,0.0,-0.3333333333333333,0.10935000000000002,-1,-1,-1,0.356862745098039,0.694117647058824,0.803921568627451
188.69673347473145,0.0,0.3290302359763257,0.03,1,1,1,0.0,0.3333333333333333,0.10935000000000002,-1,-1,-1,1.0,1.0,-1.0,0.0,-0.3333333333333333,0.10935000000000002,-1,-1,-1,0.356862745098039,0.694117647058824,0.803921568627451
188.73788237571716,0.0,0.33396399962680245,0.03,1,1,1,0.0,0.3333333333333333,0.10935000000000002,-1,-1,-1,1.0,1.0,-1.0,0.0,-0.3333333333333333,0.10935000000000002,-1,-1,-1,0.356862745098039,0.694117647058824,0.803921568627451
188.77300143241882,0.0,0.33396399962680245,0.03,1,1,1,0.0,0.3333333333333333,0.10935000000000002,-1,-1,-1,1.0,1.0,-1.0,0.0,-0.3333333333333333,0.10935000000000002,-1,-1,-1,0.356862745098039,0.694117647058824,0.803921568627451
188.81144046783447,0.0,0.00132103156341048,0.03,1,1,1,0.0,0.3333333333333333,0.09841500000000002,1,1,1,1.0,1.0,-1.0,0.0,-0.3333333333333333,0.10935000000000002,-1,-1,-1,0.356862745098039,0.694117647058824,0.803921568627451
188.84593892097473,0.0,0.0026420631268209596,0.03,1,1,1,0.0,0.3333333333333333,0.09841500000000002,1,1,1,1.0,1.0,-1.0,0.0,-0.3333333333333333,0.10935000000000002,-1,-1,-1,0.356862745098039,0.694117647058824,0.803921568627451
188.88347554206848,0.0,0.003963094690231439,0.03,1,1,1,0.0,0.3333333333333333,0.09841500000000002,1,1,1,1.0,1.0,-1.0,0.0,-0.3333333333333333,0.10935000000000002,-1,-1,-1,0.356862745098039,0.694117647058824,0.803921568627451
188.9178602695465,0.0,0.005284126253641918,0.03,1,1,1,0.0,0.3333333333333333,0.09841500000000002,1,1,1,1.0,1.0,-1.0,0.0,-0.3333333333333333,0.10935000000000002,-1,-1,-1,0.356862745098039,0.694117647058824,0.803921568627451
188.95288848876953,0.0,0.0066051578170523975,0.03,1,1,1,0.0,0.3333333333333333,0.09841500000000002,1,1,1,1.0,1.0,-1.0,0.0,-0.3333333333333333,0.10935000000000002,-1,-1,-1,0.356862745098039,0.694117647058824,0.803921568627451
188.9877245426178,0.0,0.007926189380462878,0.03,1,1,1,0.0,0.3333333333333333,0.09841500000000002,1,1,1,1.0,1.0,-1.0,0.0,-0.3333333333333333,0.10935000000000002,-1,-1,-1,0.356862745098039,0.694117647058824,0.803921568627451
189.02303981781006,0.0,0.009247220943873362,0.03,1,1,1,0.0,0.3333333333333333,0.09841500000000002,1,1,1,1.0,1.0,-1.0,0.0,-0.3333333333333333,0.10935000000000002,-1,-1,-1,0.356862745098039,0.694117647058824,0.803921568627451
189.0644884109497,0.0,0.010568252507283845,0.03,1,1,1,0.0,0.3333333333333333,0.09841500000000002,1,1,1,1.0,1.0,-1.0,0.0,-0.3333333333333333,0.10935000000000002,-1,-1,-1,0.356862745098039,0.694117647058824,0.803921568627451
189.0987195968628,0.0,0.011889284070694329,0.03,1,1,1,0.0,0.3333333333333333,0.09841500000000002,1,1,1,1.0,1.0,-1.0,0.0,-0.3333333333333333,0.10935000000000002,-1,-1,-1,0.356862745098039,0.694117647058824,0.803921568627451
189.13359665870667,0.0,0.013210315634104812,0.03,1,1,1,0.0,0.3333333333333333,0.09841500000000002,1,1,1,1.0,1.0,-1.0,0.0,-0.3333333333333333,0.10935000000000002,-1,-1,-1,0.356862745098039,0.694117647058824,0.803921568627451
189.16841101646423,0.0,0.014531347197515296,0.03,1,1,1,0.0,0.3333333333333333,0.09841500000000002,1,1,1,1.0,1.0,-1.0,0.0,-0.3333333333333333,0.10935000000000002,-1,-1,-1,0.356862745098039,0.694117647058824,0.803921568627451
189.20261311531067,0.0,0.015852378760925774,0.03,1,1,1,0.0,0.3333333333333333,0.09841500000000002,1,1,1,1.0,1.0,-1.0,0.0,-0.3333333333333333,0.10935000000000002,-1,-1,-1,0.356862745098039,0.694117647058824,0.803921568627451
189.2373583316803,0.0,0.01717341032433625,0.03,1,1,1,0.0,0.3333333333333333,0.09841500000000002,1,1,1,1.0,1.0,-1.0,0.0,-0.3333333333333333,0.10935000000000002,-1,-1,-1,0.356862745098039,0.694117647058824,0.803921568627451
189.281001329422,0.0,0.018494441887746724,0.03,1,1,1,0.0,0.3333333333333333,0.09841500000000002,1,1,1,1.0,1.0,-1.0,0.0,-0.3333333333333333,0.10935000000000002,-1,-1,-1,0.356862745098039,0.694117647058824,0.803921568627451
189.31459832191467,0.0,0.0198154734511572,0.03,1,1,1,0.0,0.3333333333333333,0.09841500000000002,1,1,1,1.0,1.0,-1.0,0.0,-0.3333333333333333,0.10935000000000002,-1,-1,-1,0.356862745098039,0.694117647058824,0.803921568627451
189.3485746383667,0.0,0.021136505014567673,0.03,1,1,1,0.0,0.3333333333333333,0.09841500000000002,1,1,1,1.0,1.0,-1.0,0.0,-0.3333333333333333,0.10935000000000002,-1,-1,-1,0.356862745098039,0.694117647058824,0.803921568627451
189.383793592453,0.0,0.022457536577978148,0.03,1,1,1,0.0,0.3333333333333333,0.09841500000000002,1,1,1,1.0,1.0,-1.0,0.0,-0.3333333333333333,0.10935000000000002,-1,-1,-1,0.356862745098039,0.694117647058824,0.803921568627451
189.41981482505798,0.0,0.023778568141388623,0.03,1,1,1,0.0,0.3333333333333333,0.09841500000000002,1,1,1,1.0,1.0,-1.0,0.0,-0.3333333333333333,0.10935000000000002,-1,-1,-1,0.356862745098039,0.694117647058824,0.803921568627451
189.4525921344757,0.0,0.025099599704799098,0.03,1,1,1,0.0,0.3333333333333333,0.09841500000000002,1,1,1,1.0,1.0,-1.0,0.0,-0.3333333333333333,0.10935000000000002,-1,-1,-1,0.356862745098039,0.694117647058824,0.803921568627451
189.49481177330017,0.0,0.026420631268209573,0.03,1,1,1,0.0,0.3333333333333333,0.09841500000000002,1,1,1,1.0,1.0,-1.0,0.0,-0.3333333333333333,0.10935000000000002,-1,-1,-1,0.356862745098039,0.694117647058824,0.803921568627451
189.5295126438141,0.0,0.027741662831620047,0.03,1,1,1,0.0,0.3333333333333333,0.09841500000000002,1,1,1,1.0,1.0,-1.0,0.0,-0.3333333333333333,0.10935000000000002,-1,-1,-1,0.356862745098039,0.694117647058824,0.803921568627451
189.56425166130066,0.0,0.029062694395030522,0.03,1,1,1,0.0,0.3333333333333333,0.09841500000000002,1,1,1,1.0,1.0,-1.0,0.0,-0.3333333333333333,0.10935000000000002,-1,-1,-1,0.356862745098039,0.694117647058824,0.803921568627451
189.598788022995,0.0,0.030383725958441,0.03,1,1,1,0.0,0.3333333333333333,0.09841500000000002,1,1,1,1.0,1.0,-1.0,0.0,-0.3333333333333333,0.10935000000000002,-1,-1,-1,0.356862745098039,0.694117647058824,0.803921568627451
189.63344812393188,0.0,0.03170475752185147,0.03,1,1,1,0.0,0.3333333333333333,0.09841500000000002,1,1,1,1.0,1.0,-1.0,0.0,-0.3333333333333333,0.10935000000000002,-1,-1,-1,0.356862745098039,0.694117647058824,0.803921568627451
189.67509484291077,0.0,0.033025789085261964,0.03,1,1,1,0.0,0.3333333333333333,0.09841500000000002,1,1,1,1.0,1.0,-1.0,0.0,-0.3333333333333333,0.10935000000000002,-1,-1,-1,0.356862745098039,0.694117647058824,0.803921568627451
189.71066880226135,0.0,0.034346820648672456,0.03,1,1,1,0.0,0.3333333333333333,0.09841500000000002,1,1,1,1.0,1.0,-1.0,0.0,-0.3333333333333333,0.10935000000000002,-1,-1,-1,0.356862745098039,0.694117647058824,0.803921568627451
189.7441713809967,0.0,0.03566785221208295,0.03,1,1,1,0.0,0.3333333333333333,0.09841500000000002,1,1,1,1.0,1.0,-1.0,0.0,-0.3333333333333333,0.10935000000000002,-1,-1,-1,0.356862745098039,0.694117647058824,0.803921568627451
189.78291988372803,0.0,0.03698888377549344,0.03,1,1,1,0.0,0.3333333333333333,0.09841500000000002,1,1,1,1.0,1.0,-1.0,0.0,-0.3333333333333333,0.10935000000000002,-1,-1,-1,0.356862745098039,0.694117647058824,0.803921568627451
189.8175060749054,0.0,0.03830991533890393,0.03,1,1,1,0.0,0.3333333333333333,0.09841500000000002,1,1,1,1.0,1.0,-1.0,0.0,-0.3333333333333333,0.10935000000000002,-1,-1,-1,0.356862745098039,0.694117647058824,0.803921568627451
189.85531330108643,0.0,0.039630946902314425,0.03,1,1,1,0.0,0.3333333333333333,0.09841500000000002,1,1,1,1.0,1.0,-1.0,0.0,-0.3333333333333333,0.10935000000000002,-1,-1,-1,0.356862745098039,0.694117647058824,0.803921568627451
189.8901240825653,0.0,0.04095197846572492,0.03,1,1,1,0.0,0.3333333333333333,0.09841500000000002,1,1,1,1.0,1.0,-1.0,0.0,-0.3333333333333333,0.10935000000000002,-1,-1,-1,0.356862745098039,0.694117647058824,0.803921568627451
189.92473149299622,0.0,0.04227301002913541,0.03,1,1,1,0.0,0.3333333333333333,0.09841500000000002,1,1,1,1.0,1.0,-1.0,0.0,-0.3333333333333333,0.10935000000000002,-1,-1,-1,0.356862745098039,0.694117647058824,0.803921568627451
189.95968198776245,0.0,0.0435940415925459,0.03,1,1,1,0.0,0.3333333333333333,0.09841500000000002,1,1,1,1.0,1.0,-1.0,0.0,-0.3333333333333333,0.10935000000000002,-1,-1,-1,0.356862745098039,0.694117647058824,0.803921568627451
189.99519085884094,0.0,0.042616593564210443,0.03,1,1,1,0.0,0.3333333333333333,0.09841500000000002,-1,-1,-1,1.0,1.0,-1.0,0.0,-0.3333333333333333,0.10935000000000002,-1,-1,-1,0.356862745098039,0.694117647058824,0.803921568627451
190.03737330436707,0.0,0.04010682580804435,0.03,1,1,1,0.0,0.3333333333333333,0.09841500000000002,-1,-1,-1,1.0,1.0,-1.0,0.0,-0.3333333333333333,0.10935000000000002,-1,-1,-1,0.356862745098039,0.694117647058824,0.803921568627451
190.07094931602478,0.0,0.03759705805187826,0.03,1,1,1,0.0,0.3333333333333333,0.09841500000000002,-1,-1,-1,1.0,1.0,-1.0,0.0,-0.3333333333333333,0.10935000000000002,-1,-1,-1,0.356862745098039,0.694117647058824,0.803921568627451
190.10579228401184,0.0,0.03508729029571217,0.03,1,1,1,0.0,0.3333333333333333,0.09841500000000002,-1,-1,-1,1.0,1.0,-1.0,0.0,-0.3333333333333333,0.10935000000000002,-1,-1,-1,0.356862745098039,0.694117647058824,0.803921568627451
190.1399085521698,0.0,0.03257752253954608,0.03,1,1,1,0.0,0.3333333333333333,0.09841500000000002,-1,-1,-1,1.0,1.0,-1.0,0.0,-0.3333333333333333,0.10935000000000002,-1,-1,-1,0.356862745098039,0.694117647058824,0.803921568627451
190.17461252212524,0.0,0.030067754783380002,0.03,1,1,1,0.0,0.3333333333333333,0.09841500000000002,-1,-1,-1,1.0,1.0,-1.0,0.0,-0.3333333333333333,0.10935000000000002,-1,-1,-1,0.356862745098039,0.694117647058824,0.803921568627451
190.20985984802246,0.0,0.027557987027213928,0.03,1,1,1,0.0,0.3333333333333333,0.09841500000000002,-1,-1,-1,1.0,1.0,-1.0,0.0,-0.3333333333333333,0.10935000000000002,-1,-1,-1,0.356862745098039,0.694117647058824,0.803921568627451
190.2538390159607,0.0,0.025048219271047854,0.03,1,1,1,0.0,0.3333333333333333,0.09841500000000002,-1,-1,-1,1.0,1.0,-1.0,0.0,-0.3333333333333333,0.10935000000000002,-1,-1,-1,0.356862745098039,0.694117647058824,0.803921568627451
190.2866678237915,0.0,0.02253845151488178,0.03,1,1,1,0.0,0.3333333333333333,0.09841500000000002,-1,-1,-1,1.0,1.0,-1.0,0.0,-0.3333333333333333,0.10935000000000002,-1,-1,-1,0.356862745098039,0.694117647058824,0.803921568627451
190.32036113739014,0.0,0.020028683758715707,0.03,1,1,1,0.0,0.3333333333333333,0.09841500000000002,-1,-1,-1,1.0,1.0,-1.0,0.0,-0.3333333333333333,0.10935000000000002,-1,-1,-1,0.356862745098039,0.694117647058824,0.803921568627451
190.35527205467224,0.0,0.017518916002549633,0.03,1,1,1,0.0,0.3333333333333333,0.09841500000000002,-1,-1,-1,1.0,1.0,-1.0,0.0,-0.3333333333333333,0.10935000000000002,-1,-1,-1,0.356862745098039,0.694117647058824,0.803921568627451
190.39034795761108,0.0,0.015009148246383561,0.03,1,1,1,0.0,0.3333333333333333,0.09841500000000002,-1,-1,-1,1.0,1.0,-1.0,0.0,-0.3333333333333333,0.10935000000000002,-1,-1,-1,0.356862745098039,0.694117647058824,0.803921568627451
190.42554831504822,0.0,0.012499380490217487,0.03,1,1,1,0.0,0.3333333333333333,0.09841500000000002,-1,-1,-1,1.0,1.0,-1.0,0.0,-0.3333333333333333,0.10935000000000002,-1,-1,-1,0.356862745098039,0.694117647058824,0.803921568627451
190.4745671749115,0.0,0.009989612734051414,0.03,1,1,1,0.0,0.3333333333333333,0.09841500000000002,-1,-1,-1,1.0,1.0,-1.0,0.0,-0.3333333333333333,0.10935000000000002,-1,-1,-1,0.356862745098039,0.694117647058824,0.803921568627451
190.5160002708435,0.0,0.007479844977885339,0.03,1,1,1,0.0,0.3333333333333333,0.09841500000000002,-1,-1,-1,1.0,1.0,-1.0,0.0,-0.3333333333333333,0.10935000000000002,-1,-1,-1,0.356862745098039,0.694117647058824,0.803921568627451
190.55564045906067,0.0,0.004970077221719261,0.03,1,1,1,0.0,0.3333333333333333,0.09841500000000002,-1,-1,-1,1.0,1.0,-1.0,0.0,-0.3333333333333333,0.10935000000000002,-1,-1,-1,0.356862745098039,0.694117647058824,0.803921568627451
190.59068393707275,0.0,0.002460309465553184,0.03,1,1,1,0.0,0.3333333333333333,0.09841500000000002,-1,-1,-1,1.0,1.0,-1.0,0.0,-0.3333333333333333,0.10935000000000002,-1,-1,-1,0.356862745098039,0.694117647058824,0.803921568627451
190.62450075149536,0.0,-4.94582906128922e-05,0.03,1,1,1,0.0,0.3333333333333333,0.09841500000000002,-1,-1,-1,1.0,1.0,-1.0,0.0,-0.3333333333333333,0.10935000000000002,-1,-1,-1,0.356862745098039,0.694117647058824,0.803921568627451
190.66326355934143,0.0,-0.0025592260467789682,0.03,1,1,1,0.0,0.3333333333333333,0.09841500000000002,-1,-1,-1,1.0,1.0,-1.0,0.0,-0.3333333333333333,0.10935000000000002,-1,-1,-1,0.356862745098039,0.694117647058824,0.803921568627451
190.71088647842407,0.0,-0.0050689938029450455,0.03,1,1,1,0.0,0.3333333333333333,0.09841500000000002,-1,-1,-1,1.0,1.0,-1.0,0.0,-0.3333333333333333,0.10935000000000002,-1,-1,-1,0.356862745098039,0.694117647058824,0.803921568627451
190.7453489303589,0.0,-0.0075787615591111235,0.03,1,1,1,0.0,0.3333333333333333,0.09841500000000002,-1,-1,-1,1.0,1.0,-1.0,0.0,-0.3333333333333333,0.10935000000000002,-1,-1,-1,0.356862745098039,0.694117647058824,0.803921568627451
190.780127286911,0.0,-0.010088529315277197,0.03,1,1,1,0.0,0.3333333333333333,0.09841500000000002,-1,-1,-1,1.0,1.0,-1.0,0.0,-0.3333333333333333,0.10935000000000002,-1,-1,-1,0.356862745098039,0.694117647058824,0.803921568627451
190.8148262500763,0.0,-0.012598297071443271,0.03,1,1,1,0.0,0.3333333333333333,0.09841500000000002,-1,-1,-1,1.0,1.0,-1.0,0.0,-0.3333333333333333,0.10935000000000002,-1,-1,-1,0.356862745098039,0.694117647058824,0.803921568627451
190.8593146800995,0.0,-0.015108064827609345,0.03,1,1,1,0.0,0.3333333333333333,0.09841500000000002,-1,-1,-1,1.0,1.0,-1.0,0.0,-0.3333333333333333,0.10935000000000002,-1,-1,-1,0.356862745098039,0.694117647058824,0.803921568627451
190.89780044555664,0.0,-0.017617832583775417,0.03,1,1,1,0.0,0.3333333333333333,0.09841500000000002,-1,-1,-1,1.0,1.0,-1.0,0.0,-0.3333333333333333,0.10935000000000002,-1,-1,-1,0.356862745098039,0.694117647058824,0.803921568627451
190.93983578681946,0.0,-0.02012760033994149,0.03,1,1,1,0.0,0.3333333333333333,0.09841500000000002,-1,-1,-1,1.0,1.0,-1.0,0.0,-0.3333333333333333,0.10935000000000002,-1,-1,-1,0.356862745098039,0.694117647058824,0.803921568627451
190.9744827747345,0.0,-0.022637368096107564,0.03,1,1,1,0.0,0.3333333333333333,0.09841500000000002,-1,-1,-1,1.0,1.0,-1.0,0.0,-0.3333333333333333,0.10935000000000002,-1,-1,-1,0.356862745098039,0.694117647058824,0.803921568627451
191.0092432498932,0.0,-0.025147135852273638,0.03,1,1,1,0.0,0.3333333333333333,0.09841500000000002,-1,-1,-1,1.0,1.0,-1.0,0.0,-0.3333333333333333,0.10935000000000002,-1,-1,-1,0.356862745098039,0.694117647058824,0.803921568627451
191.05098867416382,0.0,-0.027656903608439712,0.03,1,1,1,0.0,0.3333333333333333,0.09841500000000002,-1,-1,-1,1.0,1.0,-1.0,0.0,-0.3333333333333333,0.10935000000000002,-1,-1,-1,0.356862745098039,0.694117647058824,0.803921568627451
191.0950620174408,0.0,-0.030166671364605782,0.03,1,1,1,0.0,0.3333333333333333,0.09841500000000002,-1,-1,-1,1.0,1.0,-1.0,0.0,-0.3333333333333333,0.10935000000000002,-1,-1,-1,0.356862745098039,0.694117647058824,0.803921568627451
191.13400220870972,0.0,-0.032676439120771866,0.03,1,1,1,0.0,0.3333333333333333,0.09841500000000002,-1,-1,-1,1.0,1.0,-1.0,0.0,-0.3333333333333333,0.10935000000000002,-1,-1,-1,0.356862745098039,0.694117647058824,0.803921568627451
191.16956520080566,0.0,-0.03518620687693796,0.03,1,1,1,0.0,0.3333333333333333,0.09841500000000002,-1,-1,-1,1.0,1.0,-1.0,0.0,-0.3333333333333333,0.10935000000000002,-1,-1,-1,0.356862745098039,0.694117647058824,0.803921568627451
191.20348000526428,0.0,-0.03615072421160771,0.03,1,1,1,0.0,0.3333333333333333,0.09841500000000002,-1,-1,-1,1.0,1.0,-1.0,0.0,-0.3333333333333333,0.10935000000000002,-1,-1,-1,0.356862745098039,0.694117647058824,0.803921568627451
191.2374336719513,0.0,-0.036728928940903384,0.03,1,1,1,0.0,0.3333333333333333,0.09841500000000002,-1,-1,-1,1.0,1.0,-1.0,0.0,-0.3333333333333333,0.10935000000000002,-1,-1,-1,0.356862745098039,0.694117647058824,0.803921568627451
191.27888131141663,0.0,-0.037307133670199055,0.03,1,1,1,0.0,0.3333333333333333,0.09841500000000002,-1,-1,-1,1.0,1.0,-1.0,0.0,-0.3333333333333333,0.10935000000000002,-1,-1,-1,0.356862745098039,0.694117647058824,0.803921568627451
191.32096362113953,0.0,-0.03788533839949473,0.03,1,1,1,0.0,0.3333333333333333,0.09841500000000002,-1,-1,-1,1.0,1.0,-1.0,0.0,-0.3333333333333333,0.10935000000000002,-1,-1,-1,0.356862745098039,0.694117647058824,0.803921568627451
191.35562539100647,0.0,-0.0384635431287904,0.03,1,1,1,0.0,0.3333333333333333,0.09841500000000002,-1,-1,-1,1.0,1.0,-1.0,0.0,-0.3333333333333333,0.10935000000000002,-1,-1,-1,0.356862745098039,0.694117647058824,0.803921568627451
191.39489841461182,0.0,-0.03904174785808607,0.03,1,1,1,0.0,0.3333333333333333,0.09841500000000002,-1,-1,-1,1.0,1.0,-1.0,0.0,-0.3333333333333333,0.10935000000000002,-1,-1,-1,0.356862745098039,0.694117647058824,0.803921568627451
191.42853164672852,0.0,-0.03961995258738174,0.03,1,1,1,0.0,0.3333333333333333,0.09841500000000002,-1,-1,-1,1.0,1.0,-1.0,0.0,-0.3333333333333333,0.10935000000000002,-1,-1,-1,0.356862745098039,0.694117647058824,0.803921568627451
191.46647477149963,0.0,-0.04019815731667741,0.03,1,1,1,0.0,0.3333333333333333,0.09841500000000002,-1,-1,-1,1.0,1.0,-1.0,0.0,-0.3333333333333333,0.10935000000000002,-1,-1,-1,0.356862745098039,0.694117647058824,0.803921568627451
191.50873970985413,0.0,-0.04077636204597308,0.03,1,1,1,0.0,0.3333333333333333,0.09841500000000002,-1,-1,-1,1.0,1.0,-1.0,0.0,-0.3333333333333333,0.10935000000000002,-1,-1,-1,0.356862745098039,0.694117647058824,0.803921568627451
191.5437958240509,0.0,-0.041354566775268754,0.03,1,1,1,0.0,0.3333333333333333,0.09841500000000002,-1,-1,-1,1.0,1.0,-1.0,0.0,-0.3333333333333333,0.10935000000000002,-1,-1,-1,0.356862745098039,0.694117647058824,0.803921568627451
191.57783961296082,0.0,-0.041932771504564426,0.03,1,1,1,0.0,0.3333333333333333,0.09841500000000002,-1,-1,-1,1.0,1.0,-1.0,0.0,-0.3333333333333333,0.10935000000000002,-1,-1,-1,0.356862745098039,0.694117647058824,0.803921568627451
191.61242628097534,0.0,-0.0425109762338601,0.03,1,1,1,0.0,0.3333333333333333,0.09841500000000002,-1,-1,-1,1.0,1.0,-1.0,0.0,-0.3333333333333333,0.10935000000000002,-1,-1,-1,0.356862745098039,0.694117647058824,0.803921568627451
191.6538851261139,0.0,-0.04308918096315577,0.03,1,1,1,0.0,0.3333333333333333,0.09841500000000002,-1,-1,-1,1.0,1.0,-1.0,0.0,-0.3333333333333333,0.10935000000000002,-1,-1,-1,0.356862745098039,0.694117647058824,0.803921568627451
191.68884754180908,0.0,-0.04366738569245144,0.03,1,1,1,0.0,0.3333333333333333,0.09841500000000002,-1,-1,-1,1.0,1.0,-1.0,0.0,-0.3333333333333333,0.10935000000000002,-1,-1,-1,0.356862745098039,0.694117647058824,0.803921568627451
191.72317385673523,0.0,-0.04424559042174711,0.03,1,1,1,0.0,0.3333333333333333,0.09841500000000002,-1,-1,-1,1.0,1.0,-1.0,0.0,-0.3333333333333333,0.10935000000000002,-1,-1,-1,0.356862745098039,0.694117647058824,0.803921568627451
191.76216554641724,0.0,-0.04482379515104278,0.03,1,1,1,0.0,0.3333333333333333,0.09841500000000002,-1,-1,-1,1.0,1.0,-1.0,0.0,-0.3333333333333333,0.10935000000000002,-1,-1,-1,0.356862745098039,0.694117647058824,0.803921568627451
191.79724550247192,0.0,-0.04540199988033845,0.03,1,1,1,0.0,0.3333333333333333,0.09841500000000002,-1,-1,-1,1.0,1.0,-1.0,0.0,-0.3333333333333333,0.10935000000000002,-1,-1,-1,0.356862745098039,0.694117647058824,0.803921568627451
191.8348741531372,0.0,-0.045980204609634125,0.03,1,1,1,0.0,0.3333333333333333,0.09841500000000002,-1,-1,-1,1.0,1.0,-1.0,0.0,-0.3333333333333333,0.10935000000000002,-1,-1,-1,0.356862745098039,0.694117647058824,0.803921568627451
191.86902928352356,0.0,-0.046558409338929796,0.03,1,1,1,0.0,0.3333333333333333,0.09841500000000002,-1,-1,-1,1.0,1.0,-1.0,0.0,-0.3333333333333333,0.10935000000000002,-1,-1,-1,0.356862745098039,0.694117647058824,0.803921568627451
191.9037003517151,0.0,-0.04713661406822547,0.03,1,1,1,0.0,0.3333333333333333,0.09841500000000002,-1,-1,-1,1.0,1.0,-1.0,0.0,-0.3333333333333333,0.10935000000000002,-1,-1,-1,0.356862745098039,0.694117647058824,0.803921568627451
191.9385871887207,0.0,-0.04771481879752114,0.03,1,1,1,0.0,0.3333333333333333,0.09841500000000002,-1,-1,-1,1.0,1.0,-1.0,0.0,-0.3333333333333333,0.10935000000000002,-1,-1,-1,0.356862745098039,0.694117647058824,0.803921568627451
191.97306513786316,0.0,-0.04829302352681681,0.03,1,1,1,0.0,0.3333333333333333,0.09841500000000002,-1,-1,-1,1.0,1.0,-1.0,0.0,-0.3333333333333333,0.10935000000000002,-1,-1,-1,0.356862745098039,0.694117647058824,0.803921568627451
192.00779342651367,0.0,-0.04887122825611248,0.03,1,1,1,0.0,0.3333333333333333,0.09841500000000002,-1,-1,-1,1.0,1.0,-1.0,0.0,-0.3333333333333333,0.10935000000000002,-1,-1,-1,0.356862745098039,0.694117647058824,0.803921568627451
192.0427532196045,0.0,-0.04944943298540815,0.03,1,1,1,0.0,0.3333333333333333,0.09841500000000002,-1,-1,-1,1.0,1.0,-1.0,0.0,-0.3333333333333333,0.10935000000000002,-1,-1,-1,0.356862745098039,0.694117647058824,0.803921568627451
192.0776617527008,0.0,-0.050027637714703824,0.03,1,1,1,0.0,0.3333333333333333,0.09841500000000002,-1,-1,-1,1.0,1.0,-1.0,0.0,-0.3333333333333333,0.10935000000000002,-1,-1,-1,0.356862745098039,0.694117647058824,0.803921568627451
192.11240077018738,0.0,-0.050605842443999495,0.03,1,1,1,0.0,0.3333333333333333,0.09841500000000002,-1,-1,-1,1.0,1.0,-1.0,0.0,-0.3333333333333333,0.10935000000000002,-1,-1,-1,0.356862745098039,0.694117647058824,0.803921568627451
192.14677357673645,0.0,-0.051184047173295166,0.03,1,1,1,0.0,0.3333333333333333,0.09841500000000002,-1,-1,-1,1.0,1.0,-1.0,0.0,-0.3333333333333333,0.10935000000000002,-1,-1,-1,0.356862745098039,0.694117647058824,0.803921568627451
192.18138599395752,0.0,-0.05176225190259084,0.03,1,1,1,0.0,0.3333333333333333,0.09841500000000002,-1,-1,-1,1.0,1.0,-1.0,0.0,-0.3333333333333333,0.10935000000000002,-1,-1,-1,0.356862745098039,0.694117647058824,0.803921568627451
192.22387599945068,0.0,-0.05234045663188651,0.03,1,1,1,0.0,0.3333333333333333,0.09841500000000002,-1,-1,-1,1.0,1.0,-1.0,0.0,-0.3333333333333333,0.10935000000000002,-1,-1,-1,0.356862745098039,0.694117647058824,0.803921568627451
192.25809812545776,0.0,-0.05291866136118218,0.03,1,1,1,0.0,0.3333333333333333,0.09841500000000002,-1,-1,-1,1.0,1.0,-1.0,0.0,-0.3333333333333333,0.10935000000000002,-1,-1,-1,0.356862745098039,0.694117647058824,0.803921568627451
192.2925751209259,0.0,-0.05349686609047785,0.03,1,1,1,0.0,0.3333333333333333,0.09841500000000002,-1,-1,-1,1.0,1.0,-1.0,0.0,-0.3333333333333333,0.10935000000000002,-1,-1,-1,0.356862745098039,0.694117647058824,0.803921568627451
192.33149790763855,0.0,-0.05407507081977352,0.03,1,1,1,0.0,0.3333333333333333,0.09841500000000002,-1,-1,-1,1.0,1.0,-1.0,0.0,-0.3333333333333333,0.10935000000000002,-1,-1,-1,0.356862745098039,0.694117647058824,0.803921568627451
192.36550521850586,0.0,-0.054653275549069194,0.03,1,1,1,0.0,0.3333333333333333,0.09841500000000002,-1,-1,-1,1.0,1.0,-1.0,0.0,-0.3333333333333333,0.10935000000000002,-1,-1,-1,0.356862745098039,0.694117647058824,0.803921568627451
192.40132355690002,0.0,-0.053540711886089686,0.03,1,1,1,0.0,0.3333333333333333,0.09841500000000002,-1,-1,-1,1.0,1.0,-1.0,0.0,-0.3333333333333333,0.10935000000000002,-1,-1,-1,0.356862745098039,0.694117647058824,0.803921568627451
192.43809366226196,0.0,-0.04989199563469741,0.03,1,1,1,0.0,0.3333333333333333,0.09841500000000002,-1,-1,-1,1.0,1.0,-1.0,0.0,-0.3333333333333333,0.10935000000000002,-1,-1,-1,0.356862745098039,0.694117647058824,0.803921568627451
192.47327280044556,0.0,-0.04624327938330513,0.03,1,1,1,0.0,0.3333333333333333,0.09841500000000002,-1,-1,-1,1.0,1.0,-1.0,0.0,-0.3333333333333333,0.10935000000000002,-1,-1,-1,0.356862745098039,0.694117647058824,0.803921568627451
192.50758266448975,0.0,-0.04259456313191285,0.03,1,1,1,0.0,0.3333333333333333,0.09841500000000002,-1,-1,-1,1.0,1.0,-1.0,0.0,-0.3333333333333333,0.10935000000000002,-1,-1,-1,0.356862745098039,0.694117647058824,0.803921568627451
192.54271125793457,0.0,-0.03894584688052057,0.03,1,1,1,0.0,0.3333333333333333,0.09841500000000002,-1,-1,-1,1.0,1.0,-1.0,0.0,-0.3333333333333333,0.10935000000000002,-1,-1,-1,0.356862745098039,0.694117647058824,0.803921568627451
192.57674956321716,0.0,-0.035297130629128294,0.03,1,1,1,0.0,0.3333333333333333,0.09841500000000002,-1,-1,-1,1.0,1.0,-1.0,0.0,-0.3333333333333333,0.10935000000000002,-1,-1,-1,0.356862745098039,0.694117647058824,0.803921568627451
192.61168265342712,0.0,-0.031648414377736016,0.03,1,1,1,0.0,0.3333333333333333,0.09841500000000002,-1,-1,-1,1.0,1.0,-1.0,0.0,-0.3333333333333333,0.10935000000000002,-1,-1,-1,0.356862745098039,0.694117647058824,0.803921568627451
192.64698672294617,0.0,-0.027999698126343734,0.03,1,1,1,0.0,0.3333333333333333,0.09841500000000002,-1,-1,-1,1.0,1.0,-1.0,0.0,-0.3333333333333333,0.10935000000000002,-1,-1,-1,0.356862745098039,0.694117647058824,0.803921568627451
192.6812286376953,0.0,-0.024350981874951456,0.03,1,1,1,0.0,0.3333333333333333,0.09841500000000002,-1,-1,-1,1.0,1.0,-1.0,0.0,-0.3333333333333333,0.10935000000000002,-1,-1,-1,0.356862745098039,0.694117647058824,0.803921568627451
192.71642303466797,0.0,-0.020702265623559177,0.03,1,1,1,0.0,0.3333333333333333,0.09841500000000002,-1,-1,-1,1.0,1.0,-1.0,0.0,-0.3333333333333333,0.10935000000000002,-1,-1,-1,0.356862745098039,0.694117647058824,0.803921568627451
192.75092673301697,0.0,-0.0170535493721669,0.03,1,1,1,0.0,0.3333333333333333,0.09841500000000002,-1,-1,-1,1.0,1.0,-1.0,0.0,-0.3333333333333333,0.10935000000000002,-1,-1,-1,0.356862745098039,0.694117647058824,0.803921568627451
192.785400390625,0.0,-0.013404833120774626,0.03,1,1,1,0.0,0.3333333333333333,0.09841500000000002,-1,-1,-1,1.0,1.0,-1.0,0.0,-0.3333333333333333,0.10935000000000002,-1,-1,-1,0.356862745098039,0.694117647058824,0.803921568627451
192.82762742042542,0.0,-0.009756116869382356,0.03,1,1,1,0.0,0.3333333333333333,0.09841500000000002,-1,-1,-1,1.0,1.0,-1.0,0.0,-0.3333333333333333,0.10935000000000002,-1,-1,-1,0.356862745098039,0.694117647058824,0.803921568627451
192.86188912391663,0.0,-0.006107400617990087,0.03,1,1,1,0.0,0.3333333333333333,0.09841500000000002,-1,-1,-1,1.0,1.0,-1.0,0.0,-0.3333333333333333,0.10935000000000002,-1,-1,-1,0.356862745098039,0.694117647058824,0.803921568627451
192.8961000442505,0.0,-0.0024586843665978164,0.03,1,1,1,0.0,0.3333333333333333,0.09841500000000002,-1,-1,-1,1.0,1.0,-1.0,0.0,-0.3333333333333333,0.10935000000000002,-1,-1,-1,0.356862745098039,0.694117647058824,0.803921568627451
192.9354567527771,0.0,0.0011900318847944554,0.03,1,1,1,0.0,0.3333333333333333,0.09841500000000002,-1,-1,-1,1.0,1.0,-1.0,0.0,-0.3333333333333333,0.10935000000000002,-1,-1,-1,0.356862745098039,0.694117647058824,0.803921568627451
192.96909523010254,0.0,0.004838748136186727,0.03,1,1,1,0.0,0.3333333333333333,0.09841500000000002,-1,-1,-1,1.0,1.0,-1.0,0.0,-0.3333333333333333,0.10935000000000002,-1,-1,-1,0.356862745098039,0.694117647058824,0.803921568627451
193.0053358078003,0.0,0.008487464387578999,0.03,1,1,1,0.0,0.3333333333333333,0.09841500000000002,-1,-1,-1,1.0,1.0,-1.0,0.0,-0.3333333333333333,0.10935000000000002,-1,-1,-1,0.356862745098039,0.694117647058824,0.803921568627451
193.04199767112732,0.0,0.012136180638971268,0.03,1,1,1,0.0,0.3333333333333333,0.09841500000000002,-1,-1,-1,1.0,1.0,-1.0,0.0,-0.3333333333333333,0.10935000000000002,-1,-1,-1,0.356862745098039,0.694117647058824,0.803921568627451
193.07715344429016,0.0,0.01578489689036354,0.03,1,1,1,0.0,0.3333333333333333,0.09841500000000002,-1,-1,-1,1.0,1.0,-1.0,0.0,-0.3333333333333333,0.10935000000000002,-1,-1,-1,0.356862745098039,0.694117647058824,0.803921568627451
193.1117799282074,0.0,0.019433613141755818,0.03,1,1,1,0.0,0.3333333333333333,0.09841500000000002,-1,-1,-1,1.0,1.0,-1.0,0.0,-0.3333333333333333,0.10935000000000002,-1,-1,-1,0.356862745098039,0.694117647058824,0.803921568627451
193.1466784477234,0.0,0.023082329393148096,0.03,1,1,1,0.0,0.3333333333333333,0.09841500000000002,-1,-1,-1,1.0,1.0,-1.0,0.0,-0.3333333333333333,0.10935000000000002,-1,-1,-1,0.356862745098039,0.694117647058824,0.803921568627451
193.18118500709534,0.0,0.026731045644540374,0.03,1,1,1,0.0,0.3333333333333333,0.09841500000000002,-1,-1,-1,1.0,1.0,-1.0,0.0,-0.3333333333333333,0.10935000000000002,-1,-1,-1,0.356862745098039,0.694117647058824,0.803921568627451
193.2159788608551,0.0,0.030379761895932656,0.03,1,1,1,0.0,0.3333333333333333,0.09841500000000002,-1,-1,-1,1.0,1.0,-1.0,0.0,-0.3333333333333333,0.10935000000000002,-1,-1,-1,0.356862745098039,0.694117647058824,0.803921568627451
193.25085163116455,0.0,0.03402847814732493,0.03,1,1,1,0.0,0.3333333333333333,0.09841500000000002,-1,-1,-1,1.0,1.0,-1.0,0.0,-0.3333333333333333,0.10935000000000002,-1,-1,-1,0.356862745098039,0.694117647058824,0.803921568627451
193.28580403327942,0.0,0.03767719439871721,0.03,1,1,1,0.0,0.3333333333333333,0.09841500000000002,-1,-1,-1,1.0,1.0,-1.0,0.0,-0.3333333333333333,0.10935000000000002,-1,-1,-1,0.356862745098039,0.694117647058824,0.803921568627451
193.32027983665466,0.0,0.04132591065010949,0.03,1,1,1,0.0,0.3333333333333333,0.09841500000000002,-1,-1,-1,1.0,1.0,-1.0,0.0,-0.3333333333333333,0.10935000000000002,-1,-1,-1,0.356862745098039,0.694117647058824,0.803921568627451
193.35485458374023,0.0,0.044974626901501766,0.03,1,1,1,0.0,0.3333333333333333,0.09841500000000002,-1,-1,-1,1.0,1.0,-1.0,0.0,-0.3333333333333333,0.10935000000000002,-1,-1,-1,0.356862745098039,0.694117647058824,0.803921568627451
193.38968420028687,0.0,0.048623343152894044,0.03,1,1,1,0.0,0.3333333333333333,0.09841500000000002,-1,-1,-1,1.0,1.0,-1.0,0.0,-0.3333333333333333,0.10935000000000002,-1,-1,-1,0.356862745098039,0.694117647058824,0.803921568627451
193.43147015571594,0.0,0.05227205940428632,0.03,1,1,1,0.0,0.3333333333333333,0.09841500000000002,-1,-1,-1,1.0,1.0,-1.0,0.0,-0.3333333333333333,0.10935000000000002,-1,-1,-1,0.356862745098039,0.694117647058824,0.803921568627451
193.46604180335999,0.0,0.0559207756556786,0.03,1,1,1,0.0,0.3333333333333333,0.09841500000000002,-1,-1,-1,1.0,1.0,-1.0,0.0,-0.3333333333333333,0.10935000000000002,-1,-1,-1,0.356862745098039,0.694117647058824,0.803921568627451
193.50179266929626,0.0,0.05956949190707087,0.03,1,1,1,0.0,0.3333333333333333,0.09841500000000002,-1,-1,-1,1.0,1.0,-1.0,0.0,-0.3333333333333333,0.10935000000000002,-1,-1,-1,0.356862745098039,0.694117647058824,0.803921568627451
193.53449273109436,0.0,0.06321820815846316,0.03,1,1,1,0.0,0.3333333333333333,0.09841500000000002,-1,-1,-1,1.0,1.0,-1.0,0.0,-0.3333333333333333,0.10935000000000002,-1,-1,-1,0.356862745098039,0.694117647058824,0.803921568627451
193.57367396354675,0.0,0.06686692440985544,0.03,1,1,1,0.0,0.3333333333333333,0.09841500000000002,-1,-1,-1,1.0,1.0,-1.0,0.0,-0.3333333333333333,0.10935000000000002,-1,-1,-1,0.356862745098039,0.694117647058824,0.803921568627451
193.60964226722717,0.0,0.06863996657078805,0.03,1,1,1,0.0,0.3333333333333333,0.09841500000000002,-1,-1,-1,1.0,1.0,-1.0,0.0,-0.3333333333333333,0.10935000000000002,-1,-1,-1,0.356862745098039,0.694117647058824,0.803921568627451
193.64774441719055,0.0,0.0691625593380809,0.03,1,1,1,0.0,0.3333333333333333,0.09841500000000002,-1,-1,-1,1.0,1.0,-1.0,0.0,-0.3333333333333333,0.10935000000000002,-1,-1,-1,0.356862745098039,0.694117647058824,0.803921568627451
193.6893482208252,0.0,0.06968515210537374,0.03,1,1,1,0.0,0.3333333333333333,0.09841500000000002,-1,-1,-1,1.0,1.0,-1.0,0.0,-0.3333333333333333,0.10935000000000002,-1,-1,-1,0.356862745098039,0.694117647058824,0.803921568627451
193.7242934703827,0.0,0.07020774487266658,0.03,1,1,1,0.0,0.3333333333333333,0.09841500000000002,-1,-1,-1,1.0,1.0,-1.0,0.0,-0.3333333333333333,0.10935000000000002,-1,-1,-1,0.356862745098039,0.694117647058824,0.803921568627451
193.75889778137207,0.0,0.07073033763995942,0.03,1,1,1,0.0,0.3333333333333333,0.09841500000000002,-1,-1,-1,1.0,1.0,-1.0,0.0,-0.3333333333333333,0.10935000000000002,-1,-1,-1,0.356862745098039,0.694117647058824,0.803921568627451
193.79343700408936,0.0,0.07125293040725227,0.03,1,1,1,0.0,0.3333333333333333,0.09841500000000002,-1,-1,-1,1.0,1.0,-1.0,0.0,-0.3333333333333333,0.10935000000000002,-1,-1,-1,0.356862745098039,0.694117647058824,0.803921568627451
193.83518362045288,0.0,0.07177552317454511,0.03,1,1,1,0.0,0.3333333333333333,0.09841500000000002,-1,-1,-1,1.0,1.0,-1.0,0.0,-0.3333333333333333,0.10935000000000002,-1,-1,-1,0.356862745098039,0.694117647058824,0.803921568627451
193.87950253486633,0.0,0.07229811594183795,0.03,1,1,1,0.0,0.3333333333333333,0.09841500000000002,-1,-1,-1,1.0,1.0,-1.0,0.0,-0.3333333333333333,0.10935000000000002,-1,-1,-1,0.356862745098039,0.694117647058824,0.803921568627451
193.91840147972107,0.0,0.0728207087091308,0.03,1,1,1,0.0,0.3333333333333333,0.09841500000000002,-1,-1,-1,1.0,1.0,-1.0,0.0,-0.3333333333333333,0.10935000000000002,-1,-1,-1,0.356862745098039,0.694117647058824,0.803921568627451
193.95343470573425,0.0,0.07334330147642364,0.03,1,1,1,0.0,0.3333333333333333,0.09841500000000002,-1,-1,-1,1.0,1.0,-1.0,0.0,-0.3333333333333333,0.10935000000000002,-1,-1,-1,0.356862745098039,0.694117647058824,0.803921568627451
193.98789978027344,0.0,0.07386589424371648,0.03,1,1,1,0.0,0.3333333333333333,0.09841500000000002,-1,-1,-1,1.0,1.0,-1.0,0.0,-0.3333333333333333,0.10935000000000002,-1,-1,-1,0.356862745098039,0.694117647058824,0.803921568627451
194.02998423576355,0.0,0.07438848701100932,0.03,1,1,1,0.0,0.3333333333333333,0.09841500000000002,-1,-1,-1,1.0,1.0,-1.0,0.0,-0.3333333333333333,0.10935000000000002,-1,-1,-1,0.356862745098039,0.694117647058824,0.803921568627451
194.07124876976013,0.0,0.07491107977830216,0.03,1,1,1,0.0,0.3333333333333333,0.09841500000000002,-1,-1,-1,1.0,1.0,-1.0,0.0,-0.3333333333333333,0.10935000000000002,-1,-1,-1,0.356862745098039,0.694117647058824,0.803921568627451
194.10596871376038,0.0,0.075433672545595,0.03,1,1,1,0.0,0.3333333333333333,0.09841500000000002,-1,-1,-1,1.0,1.0,-1.0,0.0,-0.3333333333333333,0.10935000000000002,-1,-1,-1,0.356862745098039,0.694117647058824,0.803921568627451
194.14061641693115,0.0,0.07595626531288785,0.03,1,1,1,0.0,0.3333333333333333,0.09841500000000002,-1,-1,-1,1.0,1.0,-1.0,0.0,-0.3333333333333333,0.10935000000000002,-1,-1,-1,0.356862745098039,0.694117647058824,0.803921568627451
194.17973160743713,0.0,0.07647885808018069,0.03,1,1,1,0.0,0.3333333333333333,0.09841500000000002,-1,-1,-1,1.0,1.0,-1.0,0.0,-0.3333333333333333,0.10935000000000002,-1,-1,-1,0.356862745098039,0.694117647058824,0.803921568627451
194.21453166007996,0.0,0.07700145084747353,0.03,1,1,1,0.0,0.3333333333333333,0.09841500000000002,-1,-1,-1,1.0,1.0,-1.0,0.0,-0.3333333333333333,0.10935000000000002,-1,-1,-1,0.356862745098039,0.694117647058824,0.803921568627451
194.25230169296265,0.0,0.07752404361476638,0.03,1,1,1,0.0,0.3333333333333333,0.09841500000000002,-1,-1,-1,1.0,1.0,-1.0,0.0,-0.3333333333333333,0.10935000000000002,-1,-1,-1,0.356862745098039,0.694117647058824,0.803921568627451
194.29340767860413,0.0,0.07804663638205922,0.03,1,1,1,0.0,0.3333333333333333,0.09841500000000002,-1,-1,-1,1.0,1.0,-1.0,0.0,-0.3333333333333333,0.10935000000000002,-1,-1,-1,0.356862745098039,0.694117647058824,0.803921568627451
194.32812786102295,0.0,0.07856922914935206,0.03,1,1,1,0.0,0.3333333333333333,0.09841500000000002,-1,-1,-1,1.0,1.0,-1.0,0.0,-0.3333333333333333,0.10935000000000002,-1,-1,-1,0.356862745098039,0.694117647058824,0.803921568627451
194.36290669441223,0.0,0.0790918219166449,0.03,1,1,1,0.0,0.3333333333333333,0.09841500000000002,-1,-1,-1,1.0,1.0,-1.0,0.0,-0.3333333333333333,0.10935000000000002,-1,-1,-1,0.356862745098039,0.694117647058824,0.803921568627451
194.40498113632202,0.0,0.07961441468393775,0.03,1,1,1,0.0,0.3333333333333333,0.09841500000000002,-1,-1,-1,1.0,1.0,-1.0,0.0,-0.3333333333333333,0.10935000000000002,-1,-1,-1,0.356862745098039,0.694117647058824,0.803921568627451
194.4392032623291,0.0,0.08013700745123059,0.03,1,1,1,0.0,0.3333333333333333,0.09841500000000002,-1,-1,-1,1.0,1.0,-1.0,0.0,-0.3333333333333333,0.10935000000000002,-1,-1,-1,0.356862745098039,0.694117647058824,0.803921568627451
194.47377490997314,0.0,0.08065960021852343,0.03,1,1,1,0.0,0.3333333333333333,0.09841500000000002,-1,-1,-1,1.0,1.0,-1.0,0.0,-0.3333333333333333,0.10935000000000002,-1,-1,-1,0.356862745098039,0.694117647058824,0.803921568627451
194.50868153572083,0.0,0.08118219298581628,0.03,1,1,1,0.0,0.3333333333333333,0.09841500000000002,-1,-1,-1,1.0,1.0,-1.0,0.0,-0.3333333333333333,0.10935000000000002,-1,-1,-1,0.356862745098039,0.694117647058824,0.803921568627451
194.54766392707825,0.0,0.08170478575310912,0.03,1,1,1,0.0,0.3333333333333333,0.09841500000000002,-1,-1,-1,1.0,1.0,-1.0,0.0,-0.3333333333333333,0.10935000000000002,-1,-1,-1,0.356862745098039,0.694117647058824,0.803921568627451
194.5816102027893,0.0,0.08222737852040196,0.03,1,1,1,0.0,0.3333333333333333,0.09841500000000002,-1,-1,-1,1.0,1.0,-1.0,0.0,-0.3333333333333333,0.10935000000000002,-1,-1,-1,0.356862745098039,0.694117647058824,0.803921568627451
194.61924600601196,0.0,0.0827499712876948,0.03,1,1,1,0.0,0.3333333333333333,0.09841500000000002,-1,-1,-1,1.0,1.0,-1.0,0.0,-0.3333333333333333,0.10935000000000002,-1,-1,-1,0.356862745098039,0.694117647058824,0.803921568627451
194.65406942367554,0.0,0.08327256405498765,0.03,1,1,1,0.0,0.3333333333333333,0.09841500000000002,-1,-1,-1,1.0,1.0,-1.0,0.0,-0.3333333333333333,0.10935000000000002,-1,-1,-1,0.356862745098039,0.694117647058824,0.803921568627451
194.68846321105957,0.0,0.08379515682228049,0.03,1,1,1,0.0,0.3333333333333333,0.09841500000000002,-1,-1,-1,1.0,1.0,-1.0,0.0,-0.3333333333333333,0.10935000000000002,-1,-1,-1,0.356862745098039,0.694117647058824,0.803921568627451
194.72344183921814,0.0,0.08431774958957333,0.03,1,1,1,0.0,0.3333333333333333,0.09841500000000002,-1,-1,-1,1.0,1.0,-1.0,0.0,-0.3333333333333333,0.10935000000000002,-1,-1,-1,0.356862745098039,0.694117647058824,0.803921568627451
194.76612377166748,0.0,0.08484034235686617,0.03,1,1,1,0.0,0.3333333333333333,0.09841500000000002,-1,-1,-1,1.0,1.0,-1.0,0.0,-0.3333333333333333,0.10935000000000002,-1,-1,-1,0.356862745098039,0.694117647058824,0.803921568627451
194.8074746131897,0.0,0.08638653241712202,0.03,1,1,1,0.0,0.3333333333333333,0.09841500000000002,-1,-1,-1,1.0,1.0,-1.0,0.0,-0.3333333333333333,0.10935000000000002,-1,-1,-1,0.356862745098039,0.694117647058824,0.803921568627451
194.84928250312805,0.0,0.08946811841682237,0.03,1,1,1,0.0,0.3333333333333333,0.09841500000000002,-1,-1,-1,1.0,1.0,-1.0,0.0,-0.3333333333333333,0.10935000000000002,-1,-1,-1,0.356862745098039,0.694117647058824,0.803921568627451
194.88299107551575,0.0,0.09254970441652272,0.03,1,1,1,0.0,0.3333333333333333,0.09841500000000002,-1,-1,-1,1.0,1.0,-1.0,0.0,-0.3333333333333333,0.10935000000000002,-1,-1,-1,0.356862745098039,0.694117647058824,0.803921568627451
194.91754579544067,0.0,0.09563129041622306,0.03,1,1,1,0.0,0.3333333333333333,0.09841500000000002,-1,-1,-1,1.0,1.0,-1.0,0.0,-0.3333333333333333,0.10935000000000002,-1,-1,-1,0.356862745098039,0.694117647058824,0.803921568627451
194.953054189682,0.0,0.09871287641592341,0.03,1,1,1,0.0,0.3333333333333333,0.09841500000000002,-1,-1,-1,1.0,1.0,-1.0,0.0,-0.3333333333333333,0.10935000000000002,-1,-1,-1,0.356862745098039,0.694117647058824,0.803921568627451
194.9875569343567,0.0,0.10179446241562376,0.03,1,1,1,0.0,0.3333333333333333,0.09841500000000002,-1,-1,-1,1.0,1.0,-1.0,0.0,-0.3333333333333333,0.10935000000000002,-1,-1,-1,0.356862745098039,0.694117647058824,0.803921568627451
195.03655123710632,0.0,0.10487604841532411,0.03,1,1,1,0.0,0.3333333333333333,0.09841500000000002,-1,-1,-1,1.0,1.0,-1.0,0.0,-0.3333333333333333,0.10935000000000002,-1,-1,-1,0.356862745098039,0.694117647058824,0.803921568627451
195.07049131393433,0.0,0.10795763441502446,0.03,1,1,1,0.0,0.3333333333333333,0.09841500000000002,-1,-1,-1,1.0,1.0,-1.0,0.0,-0.3333333333333333,0.10935000000000002,-1,-1,-1,0.356862745098039,0.694117647058824,0.803921568627451
195.10510659217834,0.0,0.1110392204147248,0.03,1,1,1,0.0,0.3333333333333333,0.09841500000000002,-1,-1,-1,1.0,1.0,-1.0,0.0,-0.3333333333333333,0.10935000000000002,-1,-1,-1,0.356862745098039,0.694117647058824,0.803921568627451
195.13961386680603,0.0,0.11412080641442515,0.03,1,1,1,0.0,0.3333333333333333,0.09841500000000002,-1,-1,-1,1.0,1.0,-1.0,0.0,-0.3333333333333333,0.10935000000000002,-1,-1,-1,0.356862745098039,0.694117647058824,0.803921568627451
195.1751389503479,0.0,0.1172023924141255,0.03,1,1,1,0.0,0.3333333333333333,0.09841500000000002,-1,-1,-1,1.0,1.0,-1.0,0.0,-0.3333333333333333,0.10935000000000002,-1,-1,-1,0.356862745098039,0.694117647058824,0.803921568627451
195.21905422210693,0.0,0.12028397841382588,0.03,1,1,1,0.0,0.3333333333333333,0.09841500000000002,-1,-1,-1,1.0,1.0,-1.0,0.0,-0.3333333333333333,0.10935000000000002,-1,-1,-1,0.356862745098039,0.694117647058824,0.803921568627451
195.25262761116028,0.0,0.12336556441352615,0.03,1,1,1,0.0,0.3333333333333333,0.09841500000000002,-1,-1,-1,1.0,1.0,-1.0,0.0,-0.3333333333333333,0.10935000000000002,-1,-1,-1,0.356862745098039,0.694117647058824,0.803921568627451
195.28599762916565,0.0,0.12644715041322652,0.03,1,1,1,0.0,0.3333333333333333,0.09841500000000002,-1,-1,-1,1.0,1.0,-1.0,0.0,-0.3333333333333333,0.10935000000000002,-1,-1,-1,0.356862745098039,0.694117647058824,0.803921568627451
195.3206970691681,0.0,0.12952873641292686,0.03,1,1,1,0.0,0.3333333333333333,0.09841500000000002,-1,-1,-1,1.0,1.0,-1.0,0.0,-0.3333333333333333,0.10935000000000002,-1,-1,-1,0.356862745098039,0.694117647058824,0.803921568627451
195.35537266731262,0.0,0.1326103224126272,0.03,1,1,1,0.0,0.3333333333333333,0.09841500000000002,-1,-1,-1,1.0,1.0,-1.0,0.0,-0.3333333333333333,0.10935000000000002,-1,-1,-1,0.356862745098039,0.694117647058824,0.803921568627451
195.40424942970276,0.0,0.13569190841232756,0.03,1,1,1,0.0,0.3333333333333333,0.09841500000000002,-1,-1,-1,1.0,1.0,-1.0,0.0,-0.3333333333333333,0.10935000000000002,-1,-1,-1,0.356862745098039,0.694117647058824,0.803921568627451
195.4456660747528,0.0,0.1387734944120279,0.03,1,1,1,0.0,0.3333333333333333,0.09841500000000002,-1,-1,-1,1.0,1.0,-1.0,0.0,-0.3333333333333333,0.10935000000000002,-1,-1,-1,0.356862745098039,0.694117647058824,0.803921568627451
195.48034620285034,0.0,0.14185508041172826,0.03,1,1,1,0.0,0.3333333333333333,0.09841500000000002,-1,-1,-1,1.0,1.0,-1.0,0.0,-0.3333333333333333,0.10935000000000002,-1,-1,-1,0.356862745098039,0.694117647058824,0.803921568627451
195.51963686943054,0.0,0.1449366664114286,0.03,1,1,1,0.0,0.3333333333333333,0.09841500000000002,-1,-1,-1,1.0,1.0,-1.0,0.0,-0.3333333333333333,0.10935000000000002,-1,-1,-1,0.356862745098039,0.694117647058824,0.803921568627451
195.55655479431152,0.0,0.14801825241112895,0.03,1,1,1,0.0,0.3333333333333333,0.09841500000000002,-1,-1,-1,1.0,1.0,-1.0,0.0,-0.3333333333333333,0.10935000000000002,-1,-1,-1,0.356862745098039,0.694117647058824,0.803921568627451
195.59854316711426,0.0,0.1510998384108293,0.03,1,1,1,0.0,0.3333333333333333,0.09841500000000002,-1,-1,-1,1.0,1.0,-1.0,0.0,-0.3333333333333333,0.10935000000000002,-1,-1,-1,0.356862745098039,0.694117647058824,0.803921568627451
195.63361191749573,0.0,0.15418142441052965,0.03,1,1,1,0.0,0.3333333333333333,0.09841500000000002,-1,-1,-1,1.0,1.0,-1.0,0.0,-0.3333333333333333,0.10935000000000002,-1,-1,-1,0.356862745098039,0.694117647058824,0.803921568627451
195.66802978515625,0.0,0.15726301041023,0.03,1,1,1,0.0,0.3333333333333333,0.09841500000000002,-1,-1,-1,1.0,1.0,-1.0,0.0,-0.3333333333333333,0.10935000000000002,-1,-1,-1,0.356862745098039,0.694117647058824,0.803921568627451
195.70292401313782,0.0,0.16034459640993035,0.03,1,1,1,0.0,0.3333333333333333,0.09841500000000002,-1,-1,-1,1.0,1.0,-1.0,0.0,-0.3333333333333333,0.10935000000000002,-1,-1,-1,0.356862745098039,0.694117647058824,0.803921568627451
195.7446005344391,0.0,0.1634261824096307,0.03,1,1,1,0.0,0.3333333333333333,0.09841500000000002,-1,-1,-1,1.0,1.0,-1.0,0.0,-0.3333333333333333,0.10935000000000002,-1,-1,-1,0.356862745098039,0.694117647058824,0.803921568627451
195.77913355827332,0.0,0.16650776840933104,0.03,1,1,1,0.0,0.3333333333333333,0.09841500000000002,-1,-1,-1,1.0,1.0,-1.0,0.0,-0.3333333333333333,0.10935000000000002,-1,-1,-1,0.356862745098039,0.694117647058824,0.803921568627451
195.8138222694397,0.0,0.1695893544090314,0.03,1,1,1,0.0,0.3333333333333333,0.09841500000000002,-1,-1,-1,1.0,1.0,-1.0,0.0,-0.3333333333333333,0.10935000000000002,-1,-1,-1,0.356862745098039,0.694117647058824,0.803921568627451
195.853924036026,0.0,0.17267094040873174,0.03,1,1,1,0.0,0.3333333333333333,0.09841500000000002,-1,-1,-1,1.0,1.0,-1.0,0.0,-0.3333333333333333,0.10935000000000002,-1,-1,-1,0.356862745098039,0.694117647058824,0.803921568627451
195.88689732551575,0.0,0.17575252640843209,0.03,1,1,1,0.0,0.3333333333333333,0.09841500000000002,-1,-1,-1,1.0,1.0,-1.0,0.0,-0.3333333333333333,0.10935000000000002,-1,-1,-1,0.356862745098039,0.694117647058824,0.803921568627451
195.92561388015747,0.0,0.17883411240813243,0.03,1,1,1,0.0,0.3333333333333333,0.09841500000000002,-1,-1,-1,1.0,1.0,-1.0,0.0,-0.3333333333333333,0.10935000000000002,-1,-1,-1,0.356862745098039,0.694117647058824,0.803921568627451
195.95958399772644,0.0,0.18191569840783278,0.03,1,1,1,0.0,0.3333333333333333,0.09841500000000002,-1,-1,-1,1.0,1.0,-1.0,0.0,-0.3333333333333333,0.10935000000000002,-1,-1,-1,0.356862745098039,0.694117647058824,0.803921568627451
195.99481654167175,0.0,0.1850243083091969,0.03,1,1,1,0.0,0.3333333333333333,0.09841500000000002,-1,-1,-1,1.0,1.0,-1.0,0.0,-0.3333333333333333,0.10935000000000002,-1,-1,-1,0.356862745098039,0.694117647058824,0.803921568627451
196.02923393249512,0.0,0.18824101381721603,0.03,1,1,1,0.0,0.3333333333333333,0.09841500000000002,-1,-1,-1,1.0,1.0,-1.0,0.0,-0.3333333333333333,0.10935000000000002,-1,-1,-1,0.356862745098039,0.694117647058824,0.803921568627451
196.0712697505951,0.0,0.19145771932523517,0.03,1,1,1,0.0,0.3333333333333333,0.09841500000000002,-1,-1,-1,1.0,1.0,-1.0,0.0,-0.3333333333333333,0.10935000000000002,-1,-1,-1,0.356862745098039,0.694117647058824,0.803921568627451
196.1057469844818,0.0,0.1946744248332543,0.03,1,1,1,0.0,0.3333333333333333,0.09841500000000002,-1,-1,-1,1.0,1.0,-1.0,0.0,-0.3333333333333333,0.10935000000000002,-1,-1,-1,0.356862745098039,0.694117647058824,0.803921568627451
196.13987350463867,0.0,0.19789113034127345,0.03,1,1,1,0.0,0.3333333333333333,0.09841500000000002,-1,-1,-1,1.0,1.0,-1.0,0.0,-0.3333333333333333,0.10935000000000002,-1,-1,-1,0.356862745098039,0.694117647058824,0.803921568627451
196.17487144470215,0.0,0.2011078358492926,0.03,1,1,1,0.0,0.3333333333333333,0.09841500000000002,-1,-1,-1,1.0,1.0,-1.0,0.0,-0.3333333333333333,0.10935000000000002,-1,-1,-1,0.356862745098039,0.694117647058824,0.803921568627451
196.20946407318115,0.0,0.20432454135731173,0.03,1,1,1,0.0,0.3333333333333333,0.09841500000000002,-1,-1,-1,1.0,1.0,-1.0,0.0,-0.3333333333333333,0.10935000000000002,-1,-1,-1,0.356862745098039,0.694117647058824,0.803921568627451
196.2544722557068,0.0,0.20754124686533088,0.03,1,1,1,0.0,0.3333333333333333,0.09841500000000002,-1,-1,-1,1.0,1.0,-1.0,0.0,-0.3333333333333333,0.10935000000000002,-1,-1,-1,0.356862745098039,0.694117647058824,0.803921568627451
196.29273295402527,0.0,0.21075795237335002,0.03,1,1,1,0.0,0.3333333333333333,0.09841500000000002,-1,-1,-1,1.0,1.0,-1.0,0.0,-0.3333333333333333,0.10935000000000002,-1,-1,-1,0.356862745098039,0.694117647058824,0.803921568627451
196.32717871665955,0.0,0.21397465788136916,0.03,1,1,1,0.0,0.3333333333333333,0.09841500000000002,-1,-1,-1,1.0,1.0,-1.0,0.0,-0.3333333333333333,0.10935000000000002,-1,-1,-1,0.356862745098039,0.694117647058824,0.803921568627451
196.36205768585205,0.0,0.2171913633893883,0.03,1,1,1,0.0,0.3333333333333333,0.09841500000000002,-1,-1,-1,1.0,1.0,-1.0,0.0,-0.3333333333333333,0.10935000000000002,-1,-1,-1,0.356862745098039,0.694117647058824,0.803921568627451
196.39725351333618,0.0,0.22040806889740744,0.03,1,1,1,0.0,0.3333333333333333,0.09841500000000002,-1,-1,-1,1.0,1.0,-1.0,0.0,-0.3333333333333333,0.10935000000000002,-1,-1,-1,0.356862745098039,0.694117647058824,0.803921568627451
196.43182396888733,0.0,0.22362477440542658,0.03,1,1,1,0.0,0.3333333333333333,0.09841500000000002,-1,-1,-1,1.0,1.0,-1.0,0.0,-0.3333333333333333,0.10935000000000002,-1,-1,-1,0.356862745098039,0.694117647058824,0.803921568627451
196.47369933128357,0.0,0.22684147991344572,0.03,1,1,1,0.0,0.3333333333333333,0.09841500000000002,-1,-1,-1,1.0,1.0,-1.0,0.0,-0.3333333333333333,0.10935000000000002,-1,-1,-1,0.356862745098039,0.694117647058824,0.803921568627451
196.5157985687256,0.0,0.23005818542146486,0.03,1,1,1,0.0,0.3333333333333333,0.09841500000000002,-1,-1,-1,1.0,1.0,-1.0,0.0,-0.3333333333333333,0.10935000000000002,-1,-1,-1,0.356862745098039,0.694117647058824,0.803921568627451
196.55697441101074,0.0,0.233274890929484,0.03,1,1,1,0.0,0.3333333333333333,0.09841500000000002,-1,-1,-1,1.0,1.0,-1.0,0.0,-0.3333333333333333,0.10935000000000002,-1,-1,-1,0.356862745098039,0.694117647058824,0.803921568627451
196.59200072288513,0.0,0.23649159643750314,0.03,1,1,1,0.0,0.3333333333333333,0.09841500000000002,-1,-1,-1,1.0,1.0,-1.0,0.0,-0.3333333333333333,0.10935000000000002,-1,-1,-1,0.356862745098039,0.694117647058824,0.803921568627451
196.6275658607483,0.0,0.2397083019455223,0.03,1,1,1,0.0,0.3333333333333333,0.09841500000000002,-1,-1,-1,1.0,1.0,-1.0,0.0,-0.3333333333333333,0.10935000000000002,-1,-1,-1,0.356862745098039,0.694117647058824,0.803921568627451
196.66163611412048,0.0,0.24292500745354148,0.03,1,1,1,0.0,0.3333333333333333,0.09841500000000002,-1,-1,-1,1.0,1.0,-1.0,0.0,-0.3333333333333333,0.10935000000000002,-1,-1,-1,0.356862745098039,0.694117647058824,0.803921568627451
196.71015310287476,0.0,0.24614171296156068,0.03,1,1,1,0.0,0.3333333333333333,0.09841500000000002,-1,-1,-1,1.0,1.0,-1.0,0.0,-0.3333333333333333,0.10935000000000002,-1,-1,-1,0.356862745098039,0.694117647058824,0.803921568627451
196.75262904167175,0.0,0.24935841846957987,0.03,1,1,1,0.0,0.3333333333333333,0.09841500000000002,-1,-1,-1,1.0,1.0,-1.0,0.0,-0.3333333333333333,0.10935000000000002,-1,-1,-1,0.356862745098039,0.694117647058824,0.803921568627451
196.7865047454834,0.0,0.2525751239775991,0.03,1,1,1,0.0,0.3333333333333333,0.09841500000000002,-1,-1,-1,1.0,1.0,-1.0,0.0,-0.3333333333333333,0.10935000000000002,-1,-1,-1,0.356862745098039,0.694117647058824,0.803921568627451
196.82639694213867,0.0,0.2557918294856184,0.03,1,1,1,0.0,0.3333333333333333,0.09841500000000002,-1,-1,-1,1.0,1.0,-1.0,0.0,-0.3333333333333333,0.10935000000000002,-1,-1,-1,0.356862745098039,0.694117647058824,0.803921568627451
196.86046886444092,0.0,0.2590085349936377,0.03,1,1,1,0.0,0.3333333333333333,0.09841500000000002,-1,-1,-1,1.0,1.0,-1.0,0.0,-0.3333333333333333,0.10935000000000002,-1,-1,-1,0.356862745098039,0.694117647058824,0.803921568627451
196.8969795703888,0.0,0.26222524050165696,0.03,1,1,1,0.0,0.3333333333333333,0.09841500000000002,-1,-1,-1,1.0,1.0,-1.0,0.0,-0.3333333333333333,0.10935000000000002,-1,-1,-1,0.356862745098039,0.694117647058824,0.803921568627451
196.94622993469238,0.0,0.26544194600967624,0.03,1,1,1,0.0,0.3333333333333333,0.09841500000000002,-1,-1,-1,1.0,1.0,-1.0,0.0,-0.3333333333333333,0.10935000000000002,-1,-1,-1,0.356862745098039,0.694117647058824,0.803921568627451
196.98056602478027,0.0,0.2686586515176955,0.03,1,1,1,0.0,0.3333333333333333,0.09841500000000002,-1,-1,-1,1.0,1.0,-1.0,0.0,-0.3333333333333333,0.10935000000000002,-1,-1,-1,0.356862745098039,0.694117647058824,0.803921568627451
197.01577425003052,0.0,0.2718753570257148,0.03,1,1,1,0.0,0.3333333333333333,0.09841500000000002,-1,-1,-1,1.0,1.0,-1.0,0.0,-0.3333333333333333,0.10935000000000002,-1,-1,-1,0.356862745098039,0.694117647058824,0.803921568627451
197.05086636543274,0.0,0.2750920625337341,0.03,1,1,1,0.0,0.3333333333333333,0.09841500000000002,-1,-1,-1,1.0,1.0,-1.0,0.0,-0.3333333333333333,0.10935000000000002,-1,-1,-1,0.356862745098039,0.694117647058824,0.803921568627451
197.0849792957306,0.0,0.27830876804175336,0.03,1,1,1,0.0,0.3333333333333333,0.09841500000000002,-1,-1,-1,1.0,1.0,-1.0,0.0,-0.3333333333333333,0.10935000000000002,-1,-1,-1,0.356862745098039,0.694117647058824,0.803921568627451
197.13067626953125,0.0,0.28152547354977264,0.03,1,1,1,0.0,0.3333333333333333,0.09841500000000002,-1,-1,-1,1.0,1.0,-1.0,0.0,-0.3333333333333333,0.10935000000000002,-1,-1,-1,0.356862745098039,0.694117647058824,0.803921568627451
197.16883182525635,0.0,0.2847421790577919,0.03,1,1,1,0.0,0.3333333333333333,0.09841500000000002,-1,-1,-1,1.0,1.0,-1.0,0.0,-0.3333333333333333,0.10935000000000002,-1,-1,-1,0.356862745098039,0.694117647058824,0.803921568627451
197.20349502563477,0.0,0.28821049844342284,0.03,1,1,1,0.0,0.3333333333333333,0.09841500000000002,-1,-1,-1,1.0,1.0,-1.0,0.0,-0.3333333333333333,0.10935000000000002,-1,-1,-1,0.356862745098039,0.694117647058824,0.803921568627451
197.23741817474365,0.0,0.2920562386454712,0.03,1,1,1,0.0,0.3333333333333333,0.09841500000000002,-1,-1,-1,1.0,1.0,-1.0,0.0,-0.3333333333333333,0.10935000000000002,-1,-1,-1,0.356862745098039,0.694117647058824,0.803921568627451
197.27179956436157,0.0,0.29590197884751956,0.03,1,1,1,0.0,0.3333333333333333,0.09841500000000002,-1,-1,-1,1.0,1.0,-1.0,0.0,-0.3333333333333333,0.10935000000000002,-1,-1,-1,0.356862745098039,0.694117647058824,0.803921568627451
197.30653429031372,0.0,0.29974771904956793,0.03,1,1,1,0.0,0.3333333333333333,0.09841500000000002,-1,-1,-1,1.0,1.0,-1.0,0.0,-0.3333333333333333,0.10935000000000002,-1,-1,-1,0.356862745098039,0.694117647058824,0.803921568627451
197.34754180908203,0.0,0.3035934592516163,0.03,1,1,1,0.0,0.3333333333333333,0.09841500000000002,-1,-1,-1,1.0,1.0,-1.0,0.0,-0.3333333333333333,0.10935000000000002,-1,-1,-1,0.356862745098039,0.694117647058824,0.803921568627451
197.39000940322876,0.0,0.30743919945366466,0.03,1,1,1,0.0,0.3333333333333333,0.09841500000000002,-1,-1,-1,1.0,1.0,-1.0,0.0,-0.3333333333333333,0.10935000000000002,-1,-1,-1,0.356862745098039,0.694117647058824,0.803921568627451
197.4254400730133,0.0,0.311284939655713,0.03,1,1,1,0.0,0.3333333333333333,0.09841500000000002,-1,-1,-1,1.0,1.0,-1.0,0.0,-0.3333333333333333,0.10935000000000002,-1,-1,-1,0.356862745098039,0.694117647058824,0.803921568627451
197.45906567573547,0.0,0.3151306798577614,0.03,1,1,1,0.0,0.3333333333333333,0.09841500000000002,-1,-1,-1,1.0,1.0,-1.0,0.0,-0.3333333333333333,0.10935000000000002,-1,-1,-1,0.356862745098039,0.694117647058824,0.803921568627451
197.49387526512146,0.0,0.31897642005980975,0.03,1,1,1,0.0,0.3333333333333333,0.09841500000000002,-1,-1,-1,1.0,1.0,-1.0,0.0,-0.3333333333333333,0.10935000000000002,-1,-1,-1,0.356862745098039,0.694117647058824,0.803921568627451
197.53280639648438,0.0,0.3228221602618581,0.03,1,1,1,0.0,0.3333333333333333,0.09841500000000002,-1,-1,-1,1.0,1.0,-1.0,0.0,-0.3333333333333333,0.10935000000000002,-1,-1,-1,0.356862745098039,0.694117647058824,0.803921568627451
197.56729865074158,0.0,0.3266679004639065,0.03,1,1,1,0.0,0.3333333333333333,0.09841500000000002,-1,-1,-1,1.0,1.0,-1.0,0.0,-0.3333333333333333,0.10935000000000002,-1,-1,-1,0.356862745098039,0.694117647058824,0.803921568627451
197.60432291030884,0.0,0.33051364066595484,0.03,1,1,1,0.0,0.3333333333333333,0.09841500000000002,-1,-1,-1,1.0,1.0,-1.0,0.0,-0.3333333333333333,0.10935000000000002,-1,-1,-1,0.356862745098039,0.694117647058824,0.803921568627451
197.63928723335266,0.0,0.33359023282759354,0.03,1,1,1,0.0,0.3333333333333333,0.09841500000000002,-1,-1,-1,1.0,1.0,-1.0,0.0,-0.3333333333333333,0.10935000000000002,-1,-1,-1,0.356862745098039,0.694117647058824,0.803921568627451
197.67402911186218,0.0,0.33359023282759354,0.03,1,1,1,0.0,0.3333333333333333,0.09841500000000002,-1,-1,-1,1.0,1.0,-1.0,0.0,-0.3333333333333333,0.10935000000000002,-1,-1,-1,0.356862745098039,0.694117647058824,0.803921568627451
197.7087812423706,0.0,0.33359023282759354,0.03,1,1,1,0.0,0.3333333333333333,0.09841500000000002,-1,-1,-1,1.0,1.0,-1.0,0.0,-0.3333333333333333,0.10935000000000002,-1,-1,-1,0.356862745098039,0.694117647058824,0.803921568627451
197.74306535720825,0.0,0.33359023282759354,0.03,1,1,1,0.0,0.3333333333333333,0.09841500000000002,-1,-1,-1,1.0,1.0,-1.0,0.0,-0.3333333333333333,0.10935000000000002,-1,-1,-1,0.356862745098039,0.694117647058824,0.803921568627451
197.77757382392883,0.0,0.33359023282759354,0.03,1,1,1,0.0,0.3333333333333333,0.09841500000000002,-1,-1,-1,1.0,1.0,-1.0,0.0,-0.3333333333333333,0.10935000000000002,-1,-1,-1,0.356862745098039,0.694117647058824,0.803921568627451
197.81313014030457,0.0,0.33359023282759354,0.03,1,1,1,0.0,0.3333333333333333,0.09841500000000002,-1,-1,-1,1.0,1.0,-1.0,0.0,-0.3333333333333333,0.10935000000000002,-1,-1,-1,0.356862745098039,0.694117647058824,0.803921568627451
197.84778308868408,0.0,0.33359023282759354,0.03,1,1,1,0.0,0.3333333333333333,0.09841500000000002,-1,-1,-1,1.0,1.0,-1.0,0.0,-0.3333333333333333,0.10935000000000002,-1,-1,-1,0.356862745098039,0.694117647058824,0.803921568627451
197.8827245235443,0.0,0.33359023282759354,0.03,1,1,1,0.0,0.3333333333333333,0.09841500000000002,-1,-1,-1,1.0,1.0,-1.0,0.0,-0.3333333333333333,0.10935000000000002,-1,-1,-1,0.356862745098039,0.694117647058824,0.803921568627451
197.91743445396423,0.0,0.33359023282759354,0.03,1,1,1,0.0,0.3333333333333333,0.09841500000000002,-1,-1,-1,1.0,1.0,-1.0,0.0,-0.3333333333333333,0.10935000000000002,-1,-1,-1,0.356862745098039,0.694117647058824,0.803921568627451
197.9517297744751,0.0,0.33359023282759354,0.03,1,1,1,0.0,0.3333333333333333,0.09841500000000002,-1,-1,-1,1.0,1.0,-1.0,0.0,-0.3333333333333333,0.10935000000000002,-1,-1,-1,0.356862745098039,0.694117647058824,0.803921568627451
197.9933693408966,0.0,0.33359023282759354,0.03,1,1,1,0.0,0.3333333333333333,0.09841500000000002,-1,-1,-1,1.0,1.0,-1.0,0.0,-0.3333333333333333,0.10935000000000002,-1,-1,-1,0.356862745098039,0.694117647058824,0.803921568627451
198.02790093421936,0.0,0.33359023282759354,0.03,1,1,1,0.0,0.3333333333333333,0.09841500000000002,-1,-1,-1,1.0,1.0,-1.0,0.0,-0.3333333333333333,0.10935000000000002,-1,-1,-1,0.356862745098039,0.694117647058824,0.803921568627451
198.06353664398193,0.0,0.33359023282759354,0.03,1,1,1,0.0,0.3333333333333333,0.09841500000000002,-1,-1,-1,1.0,1.0,-1.0,0.0,-0.3333333333333333,0.10935000000000002,-1,-1,-1,0.356862745098039,0.694117647058824,0.803921568627451
198.09750986099243,0.0,0.33359023282759354,0.03,1,1,1,0.0,0.3333333333333333,0.09841500000000002,-1,-1,-1,1.0,1.0,-1.0,0.0,-0.3333333333333333,0.10935000000000002,-1,-1,-1,0.356862745098039,0.694117647058824,0.803921568627451
198.1365249156952,0.0,0.33359023282759354,0.03,1,1,1,0.0,0.3333333333333333,0.09841500000000002,-1,-1,-1,1.0,1.0,-1.0,0.0,-0.3333333333333333,0.10935000000000002,-1,-1,-1,0.356862745098039,0.694117647058824,0.803921568627451
198.17140984535217,0.0,0.33359023282759354,0.03,1,1,1,0.0,0.3333333333333333,0.09841500000000002,-1,-1,-1,1.0,1.0,-1.0,0.0,-0.3333333333333333,0.10935000000000002,-1,-1,-1,0.356862745098039,0.694117647058824,0.803921568627451
198.20887732505798,0.0,0.33359023282759354,0.03,1,1,1,0.0,0.3333333333333333,0.09841500000000002,-1,-1,-1,1.0,1.0,-1.0,0.0,-0.3333333333333333,0.10935000000000002,-1,-1,-1,0.356862745098039,0.694117647058824,0.803921568627451
198.24337339401245,0.0,0.33359023282759354,0.03,1,1,1,0.0,0.3333333333333333,0.09841500000000002,-1,-1,-1,1.0,1.0,-1.0,0.0,-0.3333333333333333,0.10935000000000002,-1,-1,-1,0.356862745098039,0.694117647058824,0.803921568627451
198.27814412117004,0.0,0.33359023282759354,0.03,1,1,1,0.0,0.3333333333333333,0.09841500000000002,-1,-1,-1,1.0,1.0,-1.0,0.0,-0.3333333333333333,0.10935000000000002,-1,-1,-1,0.356862745098039,0.694117647058824,0.803921568627451
198.3129916191101,0.0,0.33359023282759354,0.03,1,1,1,0.0,0.3333333333333333,0.09841500000000002,-1,-1,-1,1.0,1.0,-1.0,0.0,-0.3333333333333333,0.10935000000000002,-1,-1,-1,0.356862745098039,0.694117647058824,0.803921568627451
198.34794878959656,0.0,0.33359023282759354,0.03,1,1,1,0.0,0.3333333333333333,0.09841500000000002,-1,-1,-1,1.0,1.0,-1.0,0.0,-0.3333333333333333,0.10935000000000002,-1,-1,-1,0.356862745098039,0.694117647058824,0.803921568627451
198.38229656219482,0.0,0.33359023282759354,0.03,1,1,1,0.0,0.3333333333333333,0.09841500000000002,-1,-1,-1,1.0,1.0,-1.0,0.0,-0.3333333333333333,0.10935000000000002,-1,-1,-1,0.356862745098039,0.694117647058824,0.803921568627451
198.42583179473877,0.0,0.0,0.03,1,1,1,0.0,0.3333333333333333,0.08857350000000001,1,1,1,1.0,1.0,-1.0,0.0,-0.3333333333333333,0.10935000000000002,-1,-1,-1,0.356862745098039,0.694117647058824,0.803921568627451
198.45964860916138,0.0,0.0,0.03,1,1,1,0.0,0.3333333333333333,0.08857350000000001,1,1,1,1.0,1.0,-1.0,0.0,-0.3333333333333333,0.10935000000000002,-1,-1,-1,0.356862745098039,0.694117647058824,0.803921568627451
198.49392366409302,0.0,0.0,0.03,1,1,1,0.0,0.3333333333333333,0.08857350000000001,1,1,1,1.0,1.0,-1.0,0.0,-0.3333333333333333,0.10935000000000002,-1,-1,-1,0.356862745098039,0.694117647058824,0.803921568627451
198.52929401397705,0.0,0.0,0.03,1,1,1,0.0,0.3333333333333333,0.08857350000000001,1,1,1,1.0,1.0,-1.0,0.0,-0.3333333333333333,0.10935000000000002,-1,-1,-1,0.356862745098039,0.694117647058824,0.803921568627451
198.56297874450684,0.0,0.0,0.03,1,1,1,0.0,0.3333333333333333,0.08857350000000001,1,1,1,1.0,1.0,-1.0,0.0,-0.3333333333333333,0.10935000000000002,-1,-1,-1,0.356862745098039,0.694117647058824,0.803921568627451
198.5982575416565,0.0,0.0,0.03,1,1,1,0.0,0.3333333333333333,0.08857350000000001,1,1,1,1.0,1.0,-1.0,0.0,-0.3333333333333333,0.10935000000000002,-1,-1,-1,0.356862745098039,0.694117647058824,0.803921568627451
198.6434826850891,0.0,0.0,0.03,1,1,1,0.0,0.3333333333333333,0.08857350000000001,1,1,1,1.0,1.0,-1.0,0.0,-0.3333333333333333,0.10935000000000002,-1,-1,-1,0.356862745098039,0.694117647058824,0.803921568627451
198.6816143989563,0.0,0.0,0.03,1,1,1,0.0,0.3333333333333333,0.08857350000000001,1,1,1,1.0,1.0,-1.0,0.0,-0.3333333333333333,0.10935000000000002,-1,-1,-1,0.356862745098039,0.694117647058824,0.803921568627451
198.71684741973877,0.0,0.0,0.03,1,1,1,0.0,0.3333333333333333,0.08857350000000001,1,1,1,1.0,1.0,-1.0,0.0,-0.3333333333333333,0.10935000000000002,-1,-1,-1,0.356862745098039,0.694117647058824,0.803921568627451
198.75121760368347,0.0,0.0,0.03,1,1,1,0.0,0.3333333333333333,0.08857350000000001,1,1,1,1.0,1.0,-1.0,0.0,-0.3333333333333333,0.10935000000000002,-1,-1,-1,0.356862745098039,0.694117647058824,0.803921568627451
198.78608679771423,0.0,0.0,0.03,1,1,1,0.0,0.3333333333333333,0.08857350000000001,1,1,1,1.0,1.0,-1.0,0.0,-0.3333333333333333,0.10935000000000002,-1,-1,-1,0.356862745098039,0.694117647058824,0.803921568627451
198.82773089408875,0.0,0.0,0.03,1,1,1,0.0,0.3333333333333333,0.08857350000000001,1,1,1,1.0,1.0,-1.0,0.0,-0.3333333333333333,0.10935000000000002,-1,-1,-1,0.356862745098039,0.694117647058824,0.803921568627451
198.86236000061035,0.0,0.0,0.03,1,1,1,0.0,0.3333333333333333,0.08857350000000001,1,1,1,1.0,1.0,-1.0,0.0,-0.3333333333333333,0.10935000000000002,-1,-1,-1,0.356862745098039,0.694117647058824,0.803921568627451
198.89706206321716,0.0,0.0,0.03,1,1,1,0.0,0.3333333333333333,0.08857350000000001,1,1,1,1.0,1.0,-1.0,0.0,-0.3333333333333333,0.10935000000000002,-1,-1,-1,0.356862745098039,0.694117647058824,0.803921568627451
198.93182849884033,0.0,0.0,0.03,1,1,1,0.0,0.3333333333333333,0.08857350000000001,1,1,1,1.0,1.0,-1.0,0.0,-0.3333333333333333,0.10935000000000002,-1,-1,-1,0.356862745098039,0.694117647058824,0.803921568627451
198.9665870666504,0.0,0.0,0.03,1,1,1,0.0,0.3333333333333333,0.08857350000000001,1,1,1,1.0,1.0,-1.0,0.0,-0.3333333333333333,0.10935000000000002,-1,-1,-1,0.356862745098039,0.694117647058824,0.803921568627451
199.00133895874023,0.0,0.0,0.03,1,1,1,0.0,0.3333333333333333,0.08857350000000001,1,1,1,1.0,1.0,-1.0,0.0,-0.3333333333333333,0.10935000000000002,-1,-1,-1,0.356862745098039,0.694117647058824,0.803921568627451
199.04641199111938,0.0,0.0,0.03,1,1,1,0.0,0.3333333333333333,0.08857350000000001,1,1,1,1.0,1.0,-1.0,0.0,-0.3333333333333333,0.10935000000000002,-1,-1,-1,0.356862745098039,0.694117647058824,0.803921568627451
199.0845923423767,0.0,0.0,0.03,1,1,1,0.0,0.3333333333333333,0.08857350000000001,1,1,1,1.0,1.0,-1.0,0.0,-0.3333333333333333,0.10935000000000002,-1,-1,-1,0.356862745098039,0.694117647058824,0.803921568627451
199.11965560913086,0.0,0.0,0.03,1,1,1,0.0,0.3333333333333333,0.08857350000000001,1,1,1,1.0,1.0,-1.0,0.0,-0.3333333333333333,0.10935000000000002,-1,-1,-1,0.356862745098039,0.694117647058824,0.803921568627451
199.15416264533997,0.0,0.0,0.03,1,1,1,0.0,0.3333333333333333,0.08857350000000001,1,1,1,1.0,1.0,-1.0,0.0,-0.3333333333333333,0.10935000000000002,-1,-1,-1,0.356862745098039,0.694117647058824,0.803921568627451
199.18888330459595,0.0,0.0,0.03,1,1,1,0.0,0.3333333333333333,0.08857350000000001,1,1,1,1.0,1.0,-1.0,0.0,-0.3333333333333333,0.10935000000000002,-1,-1,-1,0.356862745098039,0.694117647058824,0.803921568627451
199.23037004470825,0.0,0.0,0.03,1,1,1,0.0,0.3333333333333333,0.08857350000000001,1,1,1,1.0,1.0,-1.0,0.0,-0.3333333333333333,0.10935000000000002,-1,-1,-1,0.356862745098039,0.694117647058824,0.803921568627451
199.26515865325928,0.0,0.0,0.03,1,1,1,0.0,0.3333333333333333,0.08857350000000001,1,1,1,1.0,1.0,-1.0,0.0,-0.3333333333333333,0.10935000000000002,-1,-1,-1,0.356862745098039,0.694117647058824,0.803921568627451
199.2998583316803,0.0,0.0,0.03,1,1,1,0.0,0.3333333333333333,0.08857350000000001,1,1,1,1.0,1.0,-1.0,0.0,-0.3333333333333333,0.10935000000000002,-1,-1,-1,0.356862745098039,0.694117647058824,0.803921568627451
199.33369970321655,0.0,0.0,0.03,1,1,1,0.0,0.3333333333333333,0.08857350000000001,1,1,1,1.0,1.0,-1.0,0.0,-0.3333333333333333,0.10935000000000002,-1,-1,-1,0.356862745098039,0.694117647058824,0.803921568627451
199.3693025112152,0.0,0.0,0.03,1,1,1,0.0,0.3333333333333333,0.08857350000000001,1,1,1,1.0,1.0,-1.0,0.0,-0.3333333333333333,0.10935000000000002,-1,-1,-1,0.356862745098039,0.694117647058824,0.803921568627451
199.40405654907227,0.0,0.0,0.03,1,1,1,0.0,0.3333333333333333,0.08857350000000001,1,1,1,1.0,1.0,-1.0,0.0,-0.3333333333333333,0.10935000000000002,-1,-1,-1,0.356862745098039,0.694117647058824,0.803921568627451
199.44923377037048,0.0,0.0,0.03,1,1,1,0.0,0.3333333333333333,0.08857350000000001,1,1,1,1.0,1.0,-1.0,0.0,-0.3333333333333333,0.10935000000000002,-1,-1,-1,0.356862745098039,0.694117647058824,0.803921568627451
199.48788690567017,0.0,0.0,0.03,1,1,1,0.0,0.3333333333333333,0.08857350000000001,1,1,1,1.0,1.0,-1.0,0.0,-0.3333333333333333,0.10935000000000002,-1,-1,-1,0.356862745098039,0.694117647058824,0.803921568627451
199.52202153205872,0.0,0.0,0.03,1,1,1,0.0,0.3333333333333333,0.08857350000000001,1,1,1,1.0,1.0,-1.0,0.0,-0.3333333333333333,0.10935000000000002,-1,-1,-1,0.356862745098039,0.694117647058824,0.803921568627451
199.55672550201416,0.0,0.0,0.03,1,1,1,0.0,0.3333333333333333,0.08857350000000001,1,1,1,1.0,1.0,-1.0,0.0,-0.3333333333333333,0.10935000000000002,-1,-1,-1,0.356862745098039,0.694117647058824,0.803921568627451
199.59106755256653,0.0,0.0,0.03,1,1,1,0.0,0.3333333333333333,0.08857350000000001,1,1,1,1.0,1.0,-1.0,0.0,-0.3333333333333333,0.10935000000000002,-1,-1,-1,0.356862745098039,0.694117647058824,0.803921568627451
199.626366853714,0.0,-0.0005287525926309717,0.03,1,1,1,0.0,0.3333333333333333,0.08857350000000001,-1,-1,-1,1.0,1.0,-1.0,0.0,-0.3333333333333333,0.10935000000000002,-1,-1,-1,0.356862745098039,0.694117647058824,0.803921568627451
199.66832852363586,0.0,-0.0010575051852619436,0.03,1,1,1,0.0,0.3333333333333333,0.08857350000000001,-1,-1,-1,1.0,1.0,-1.0,0.0,-0.3333333333333333,0.10935000000000002,-1,-1,-1,0.356862745098039,0.694117647058824,0.803921568627451
199.70997214317322,0.0,-0.0015862577778929154,0.03,1,1,1,0.0,0.3333333333333333,0.08857350000000001,-1,-1,-1,1.0,1.0,-1.0,0.0,-0.3333333333333333,0.10935000000000002,-1,-1,-1,0.356862745098039,0.694117647058824,0.803921568627451
199.74480366706848,0.0,-0.002115010370523887,0.03,1,1,1,0.0,0.3333333333333333,0.08857350000000001,-1,-1,-1,1.0,1.0,-1.0,0.0,-0.3333333333333333,0.10935000000000002,-1,-1,-1,0.356862745098039,0.694117647058824,0.803921568627451
199.77911019325256,0.0,-0.0026437629631548575,0.03,1,1,1,0.0,0.3333333333333333,0.08857350000000001,-1,-1,-1,1.0,1.0,-1.0,0.0,-0.3333333333333333,0.10935000000000002,-1,-1,-1,0.356862745098039,0.694117647058824,0.803921568627451
199.8183147907257,0.0,-0.0031725155557858283,0.03,1,1,1,0.0,0.3333333333333333,0.08857350000000001,-1,-1,-1,1.0,1.0,-1.0,0.0,-0.3333333333333333,0.10935000000000002,-1,-1,-1,0.356862745098039,0.694117647058824,0.803921568627451
199.8527066707611,0.0,-0.003701268148416799,0.03,1,1,1,0.0,0.3333333333333333,0.08857350000000001,-1,-1,-1,1.0,1.0,-1.0,0.0,-0.3333333333333333,0.10935000000000002,-1,-1,-1,0.356862745098039,0.694117647058824,0.803921568627451
199.89008736610413,0.0,-0.004230020741047769,0.03,1,1,1,0.0,0.3333333333333333,0.08857350000000001,-1,-1,-1,1.0,1.0,-1.0,0.0,-0.3333333333333333,0.10935000000000002,-1,-1,-1,0.356862745098039,0.694117647058824,0.803921568627451
199.92586302757263,0.0,-0.00475877333367874,0.03,1,1,1,0.0,0.3333333333333333,0.08857350000000001,-1,-1,-1,1.0,1.0,-1.0,0.0,-0.3333333333333333,0.10935000000000002,-1,-1,-1,0.356862745098039,0.694117647058824,0.803921568627451
199.9606056213379,0.0,-0.005287525926309711,0.03,1,1,1,0.0,0.3333333333333333,0.08857350000000001,-1,-1,-1,1.0,1.0,-1.0,0.0,-0.3333333333333333,0.10935000000000002,-1,-1,-1,0.356862745098039,0.694117647058824,0.803921568627451
199.99488973617554,0.0,-0.0058162785189406815,0.03,1,1,1,0.0,0.3333333333333333,0.08857350000000001,-1,-1,-1,1.0,1.0,-1.0,0.0,-0.3333333333333333,0.10935000000000002,-1,-1,-1,0.356862745098039,0.694117647058824,0.803921568627451
200.0296757221222,0.0,-0.006345031111571652,0.03,1,1,1,0.0,0.3333333333333333,0.08857350000000001,-1,-1,-1,1.0,1.0,-1.0,0.0,-0.3333333333333333,0.10935000000000002,-1,-1,-1,0.356862745098039,0.694117647058824,0.803921568627451
200.0711281299591,0.0,-0.006873783704202623,0.03,1,1,1,0.0,0.3333333333333333,0.08857350000000001,-1,-1,-1,1.0,1.0,-1.0,0.0,-0.3333333333333333,0.10935000000000002,-1,-1,-1,0.356862745098039,0.694117647058824,0.803921568627451
200.11279034614563,0.0,-0.007402536296833594,0.03,1,1,1,0.0,0.3333333333333333,0.08857350000000001,-1,-1,-1,1.0,1.0,-1.0,0.0,-0.3333333333333333,0.10935000000000002,-1,-1,-1,0.356862745098039,0.694117647058824,0.803921568627451
200.14749550819397,0.0,-0.007931288889464566,0.03,1,1,1,0.0,0.3333333333333333,0.08857350000000001,-1,-1,-1,1.0,1.0,-1.0,0.0,-0.3333333333333333,0.10935000000000002,-1,-1,-1,0.356862745098039,0.694117647058824,0.803921568627451
200.18207383155823,0.0,-0.008460041482095537,0.03,1,1,1,0.0,0.3333333333333333,0.08857350000000001,-1,-1,-1,1.0,1.0,-1.0,0.0,-0.3333333333333333,0.10935000000000002,-1,-1,-1,0.356862745098039,0.694117647058824,0.803921568627451
200.22090005874634,0.0,-0.008988794074726508,0.03,1,1,1,0.0,0.3333333333333333,0.08857350000000001,-1,-1,-1,1.0,1.0,-1.0,0.0,-0.3333333333333333,0.10935000000000002,-1,-1,-1,0.356862745098039,0.694117647058824,0.803921568627451
200.25583839416504,0.0,-0.009517546667357478,0.03,1,1,1,0.0,0.3333333333333333,0.08857350000000001,-1,-1,-1,1.0,1.0,-1.0,0.0,-0.3333333333333333,0.10935000000000002,-1,-1,-1,0.356862745098039,0.694117647058824,0.803921568627451
200.29325819015503,0.0,-0.010046299259988449,0.03,1,1,1,0.0,0.3333333333333333,0.08857350000000001,-1,-1,-1,1.0,1.0,-1.0,0.0,-0.3333333333333333,0.10935000000000002,-1,-1,-1,0.356862745098039,0.694117647058824,0.803921568627451
200.33504056930542,0.0,-0.01057505185261942,0.03,1,1,1,0.0,0.3333333333333333,0.08857350000000001,-1,-1,-1,1.0,1.0,-1.0,0.0,-0.3333333333333333,0.10935000000000002,-1,-1,-1,0.356862745098039,0.694117647058824,0.803921568627451
200.36974787712097,0.0,-0.01110380444525039,0.03,1,1,1,0.0,0.3333333333333333,0.08857350000000001,-1,-1,-1,1.0,1.0,-1.0,0.0,-0.3333333333333333,0.10935000000000002,-1,-1,-1,0.356862745098039,0.694117647058824,0.803921568627451
200.40449452400208,0.0,-0.011632557037881361,0.03,1,1,1,0.0,0.3333333333333333,0.08857350000000001,-1,-1,-1,1.0,1.0,-1.0,0.0,-0.3333333333333333,0.10935000000000002,-1,-1,-1,0.356862745098039,0.694117647058824,0.803921568627451
200.44600296020508,0.0,-0.012161309630512332,0.03,1,1,1,0.0,0.3333333333333333,0.08857350000000001,-1,-1,-1,1.0,1.0,-1.0,0.0,-0.3333333333333333,0.10935000000000002,-1,-1,-1,0.356862745098039,0.694117647058824,0.803921568627451
200.48933839797974,0.0,-0.012690062223143303,0.03,1,1,1,0.0,0.3333333333333333,0.08857350000000001,-1,-1,-1,1.0,1.0,-1.0,0.0,-0.3333333333333333,0.10935000000000002,-1,-1,-1,0.356862745098039,0.694117647058824,0.803921568627451
200.52191495895386,0.0,-0.013218814815774273,0.03,1,1,1,0.0,0.3333333333333333,0.08857350000000001,-1,-1,-1,1.0,1.0,-1.0,0.0,-0.3333333333333333,0.10935000000000002,-1,-1,-1,0.356862745098039,0.694117647058824,0.803921568627451
200.5598587989807,0.0,-0.013747567408405244,0.03,1,1,1,0.0,0.3333333333333333,0.08857350000000001,-1,-1,-1,1.0,1.0,-1.0,0.0,-0.3333333333333333,0.10935000000000002,-1,-1,-1,0.356862745098039,0.694117647058824,0.803921568627451
200.5928168296814,0.0,-0.014276320001036215,0.03,1,1,1,0.0,0.3333333333333333,0.08857350000000001,-1,-1,-1,1.0,1.0,-1.0,0.0,-0.3333333333333333,0.10935000000000002,-1,-1,-1,0.356862745098039,0.694117647058824,0.803921568627451
200.6402943134308,0.0,-0.014805072593667186,0.03,1,1,1,0.0,0.3333333333333333,0.08857350000000001,-1,-1,-1,1.0,1.0,-1.0,0.0,-0.3333333333333333,0.10935000000000002,-1,-1,-1,0.356862745098039,0.694117647058824,0.803921568627451
200.67479014396667,0.0,-0.015333825186298155,0.03,1,1,1,0.0,0.3333333333333333,0.08857350000000001,-1,-1,-1,1.0,1.0,-1.0,0.0,-0.3333333333333333,0.10935000000000002,-1,-1,-1,0.356862745098039,0.694117647058824,0.803921568627451
200.70946955680847,0.0,-0.015862577778929132,0.03,1,1,1,0.0,0.3333333333333333,0.08857350000000001,-1,-1,-1,1.0,1.0,-1.0,0.0,-0.3333333333333333,0.10935000000000002,-1,-1,-1,0.356862745098039,0.694117647058824,0.803921568627451
200.7442648410797,0.0,-0.01639133037156011,0.03,1,1,1,0.0,0.3333333333333333,0.08857350000000001,-1,-1,-1,1.0,1.0,-1.0,0.0,-0.3333333333333333,0.10935000000000002,-1,-1,-1,0.356862745098039,0.694117647058824,0.803921568627451
200.77865028381348,0.0,-0.01692008296419109,0.03,1,1,1,0.0,0.3333333333333333,0.08857350000000001,-1,-1,-1,1.0,1.0,-1.0,0.0,-0.3333333333333333,0.10935000000000002,-1,-1,-1,0.356862745098039,0.694117647058824,0.803921568627451
200.82303261756897,0.0,-0.01641112521891098,0.03,1,1,1,0.0,0.3333333333333333,0.08857350000000001,-1,-1,-1,1.0,1.0,-1.0,0.0,-0.3333333333333333,0.10935000000000002,-1,-1,-1,0.356862745098039,0.694117647058824,0.803921568627451
200.86275053024292,0.0,-0.015210360581690147,0.03,1,1,1,0.0,0.3333333333333333,0.08857350000000001,-1,-1,-1,1.0,1.0,-1.0,0.0,-0.3333333333333333,0.10935000000000002,-1,-1,-1,0.356862745098039,0.694117647058824,0.803921568627451
200.8968207836151,0.0,-0.014009595944469311,0.03,1,1,1,0.0,0.3333333333333333,0.08857350000000001,-1,-1,-1,1.0,1.0,-1.0,0.0,-0.3333333333333333,0.10935000000000002,-1,-1,-1,0.356862745098039,0.694117647058824,0.803921568627451
200.93160104751587,0.0,-0.012808831307248476,0.03,1,1,1,0.0,0.3333333333333333,0.08857350000000001,-1,-1,-1,1.0,1.0,-1.0,0.0,-0.3333333333333333,0.10935000000000002,-1,-1,-1,0.356862745098039,0.694117647058824,0.803921568627451
200.9740071296692,0.0,-0.011608066670027641,0.03,1,1,1,0.0,0.3333333333333333,0.08857350000000001,-1,-1,-1,1.0,1.0,-1.0,0.0,-0.3333333333333333,0.10935000000000002,-1,-1,-1,0.356862745098039,0.694117647058824,0.803921568627451
201.00812363624573,0.0,-0.010407302032806806,0.03,1,1,1,0.0,0.3333333333333333,0.08857350000000001,-1,-1,-1,1.0,1.0,-1.0,0.0,-0.3333333333333333,0.10935000000000002,-1,-1,-1,0.356862745098039,0.694117647058824,0.803921568627451
201.04301977157593,0.0,-0.009206537395585971,0.03,1,1,1,0.0,0.3333333333333333,0.08857350000000001,-1,-1,-1,1.0,1.0,-1.0,0.0,-0.3333333333333333,0.10935000000000002,-1,-1,-1,0.356862745098039,0.694117647058824,0.803921568627451
201.07784247398376,0.0,-0.008005772758365136,0.03,1,1,1,0.0,0.3333333333333333,0.08857350000000001,-1,-1,-1,1.0,1.0,-1.0,0.0,-0.3333333333333333,0.10935000000000002,-1,-1,-1,0.356862745098039,0.694117647058824,0.803921568627451
201.11237597465515,0.0,-0.006805008121144299,0.03,1,1,1,0.0,0.3333333333333333,0.08857350000000001,-1,-1,-1,1.0,1.0,-1.0,0.0,-0.3333333333333333,0.10935000000000002,-1,-1,-1,0.356862745098039,0.694117647058824,0.803921568627451
201.14745545387268,0.0,-0.005604243483923464,0.03,1,1,1,0.0,0.3333333333333333,0.08857350000000001,-1,-1,-1,1.0,1.0,-1.0,0.0,-0.3333333333333333,0.10935000000000002,-1,-1,-1,0.356862745098039,0.694117647058824,0.803921568627451
201.19053506851196,0.0,-0.004403478846702629,0.03,1,1,1,0.0,0.3333333333333333,0.08857350000000001,-1,-1,-1,1.0,1.0,-1.0,0.0,-0.3333333333333333,0.10935000000000002,-1,-1,-1,0.356862745098039,0.694117647058824,0.803921568627451
201.22359371185303,0.0,-0.0032027142094817936,0.03,1,1,1,0.0,0.3333333333333333,0.08857350000000001,-1,-1,-1,1.0,1.0,-1.0,0.0,-0.3333333333333333,0.10935000000000002,-1,-1,-1,0.356862745098039,0.694117647058824,0.803921568627451
201.25833249092102,0.0,-0.0020019495722609585,0.03,1,1,1,0.0,0.3333333333333333,0.08857350000000001,-1,-1,-1,1.0,1.0,-1.0,0.0,-0.3333333333333333,0.10935000000000002,-1,-1,-1,0.356862745098039,0.694117647058824,0.803921568627451
201.29309678077698,0.0,-0.0008011849350401233,0.03,1,1,1,0.0,0.3333333333333333,0.08857350000000001,-1,-1,-1,1.0,1.0,-1.0,0.0,-0.3333333333333333,0.10935000000000002,-1,-1,-1,0.356862745098039,0.694117647058824,0.803921568627451
201.32770490646362,0.0,0.0003995797021807124,0.03,1,1,1,0.0,0.3333333333333333,0.08857350000000001,-1,-1,-1,1.0,1.0,-1.0,0.0,-0.3333333333333333,0.10935000000000002,-1,-1,-1,0.356862745098039,0.694117647058824,0.803921568627451
201.36913084983826,0.0,0.0016003443394015477,0.03,1,1,1,0.0,0.3333333333333333,0.08857350000000001,-1,-1,-1,1.0,1.0,-1.0,0.0,-0.3333333333333333,0.10935000000000002,-1,-1,-1,0.356862745098039,0.694117647058824,0.803921568627451
201.4043164253235,0.0,0.002801108976622383,0.03,1,1,1,0.0,0.3333333333333333,0.08857350000000001,-1,-1,-1,1.0,1.0,-1.0,0.0,-0.3333333333333333,0.10935000000000002,-1,-1,-1,0.356862745098039,0.694117647058824,0.803921568627451
201.4387776851654,0.0,0.004001873613843218,0.03,1,1,1,0.0,0.3333333333333333,0.08857350000000001,-1,-1,-1,1.0,1.0,-1.0,0.0,-0.3333333333333333,0.10935000000000002,-1,-1,-1,0.356862745098039,0.694117647058824,0.803921568627451
201.47322583198547,0.0,0.005202638251064053,0.03,1,1,1,0.0,0.3333333333333333,0.08857350000000001,-1,-1,-1,1.0,1.0,-1.0,0.0,-0.3333333333333333,0.10935000000000002,-1,-1,-1,0.356862745098039,0.694117647058824,0.803921568627451
201.5087902545929,0.0,0.006403402888284888,0.03,1,1,1,0.0,0.3333333333333333,0.08857350000000001,-1,-1,-1,1.0,1.0,-1.0,0.0,-0.3333333333333333,0.10935000000000002,-1,-1,-1,0.356862745098039,0.694117647058824,0.803921568627451
201.54994463920593,0.0,0.0076041675255057225,0.03,1,1,1,0.0,0.3333333333333333,0.08857350000000001,-1,-1,-1,1.0,1.0,-1.0,0.0,-0.3333333333333333,0.10935000000000002,-1,-1,-1,0.356862745098039,0.694117647058824,0.803921568627451
201.58487558364868,0.0,0.008804932162726558,0.03,1,1,1,0.0,0.3333333333333333,0.08857350000000001,-1,-1,-1,1.0,1.0,-1.0,0.0,-0.3333333333333333,0.10935000000000002,-1,-1,-1,0.356862745098039,0.694117647058824,0.803921568627451
201.6193392276764,0.0,0.010005696799947393,0.03,1,1,1,0.0,0.3333333333333333,0.08857350000000001,-1,-1,-1,1.0,1.0,-1.0,0.0,-0.3333333333333333,0.10935000000000002,-1,-1,-1,0.356862745098039,0.694117647058824,0.803921568627451
201.65399503707886,0.0,0.011206461437168228,0.03,1,1,1,0.0,0.3333333333333333,0.08857350000000001,-1,-1,-1,1.0,1.0,-1.0,0.0,-0.3333333333333333,0.10935000000000002,-1,-1,-1,0.356862745098039,0.694117647058824,0.803921568627451
201.69236397743225,0.0,0.012407226074389063,0.03,1,1,1,0.0,0.3333333333333333,0.08857350000000001,-1,-1,-1,1.0,1.0,-1.0,0.0,-0.3333333333333333,0.10935000000000002,-1,-1,-1,0.356862745098039,0.694117647058824,0.803921568627451
201.7269229888916,0.0,0.013607990711609898,0.03,1,1,1,0.0,0.3333333333333333,0.08857350000000001,-1,-1,-1,1.0,1.0,-1.0,0.0,-0.3333333333333333,0.10935000000000002,-1,-1,-1,0.356862745098039,0.694117647058824,0.803921568627451
201.76485180854797,0.0,0.014808755348830733,0.03,1,1,1,0.0,0.3333333333333333,0.08857350000000001,-1,-1,-1,1.0,1.0,-1.0,0.0,-0.3333333333333333,0.10935000000000002,-1,-1,-1,0.356862745098039,0.694117647058824,0.803921568627451
201.79962944984436,0.0,0.016009519986051567,0.03,1,1,1,0.0,0.3333333333333333,0.08857350000000001,-1,-1,-1,1.0,1.0,-1.0,0.0,-0.3333333333333333,0.10935000000000002,-1,-1,-1,0.356862745098039,0.694117647058824,0.803921568627451
201.8343026638031,0.0,0.017210284623272402,0.03,1,1,1,0.0,0.3333333333333333,0.08857350000000001,-1,-1,-1,1.0,1.0,-1.0,0.0,-0.3333333333333333,0.10935000000000002,-1,-1,-1,0.356862745098039,0.694117647058824,0.803921568627451
201.86904621124268,0.0,0.018411049260493237,0.03,1,1,1,0.0,0.3333333333333333,0.08857350000000001,-1,-1,-1,1.0,1.0,-1.0,0.0,-0.3333333333333333,0.10935000000000002,-1,-1,-1,0.356862745098039,0.694117647058824,0.803921568627451
201.91160535812378,0.0,0.019611813897714072,0.03,1,1,1,0.0,0.3333333333333333,0.08857350000000001,-1,-1,-1,1.0,1.0,-1.0,0.0,-0.3333333333333333,0.10935000000000002,-1,-1,-1,0.356862745098039,0.694117647058824,0.803921568627451
201.95249247550964,0.0,0.020812578534934907,0.03,1,1,1,0.0,0.3333333333333333,0.08857350000000001,-1,-1,-1,1.0,1.0,-1.0,0.0,-0.3333333333333333,0.10935000000000002,-1,-1,-1,0.356862745098039,0.694117647058824,0.803921568627451
201.98695421218872,0.0,0.022013343172155742,0.03,1,1,1,0.0,0.3333333333333333,0.08857350000000001,-1,-1,-1,1.0,1.0,-1.0,0.0,-0.3333333333333333,0.10935000000000002,-1,-1,-1,0.356862745098039,0.694117647058824,0.803921568627451
202.02249217033386,0.0,0.019939072274369626,0.03,1,1,1,0.0,0.3333333333333333,0.08857350000000001,-1,-1,-1,1.0,1.0,-1.0,0.0,-0.3333333333333333,0.10935000000000002,-1,-1,-1,0.356862745098039,0.694117647058824,0.803921568627451
202.0608868598938,0.0,0.017046042492831773,0.03,1,1,1,0.0,0.3333333333333333,0.08857350000000001,-1,-1,-1,1.0,1.0,-1.0,0.0,-0.3333333333333333,0.10935000000000002,-1,-1,-1,0.356862745098039,0.694117647058824,0.803921568627451
202.09491753578186,0.0,0.014153012711293916,0.03,1,1,1,0.0,0.3333333333333333,0.08857350000000001,-1,-1,-1,1.0,1.0,-1.0,0.0,-0.3333333333333333,0.10935000000000002,-1,-1,-1,0.356862745098039,0.694117647058824,0.803921568627451
202.13332629203796,0.0,0.011259982929756053,0.03,1,1,1,0.0,0.3333333333333333,0.08857350000000001,-1,-1,-1,1.0,1.0,-1.0,0.0,-0.3333333333333333,0.10935000000000002,-1,-1,-1,0.356862745098039,0.694117647058824,0.803921568627451
202.16779470443726,0.0,0.008366953148218191,0.03,1,1,1,0.0,0.3333333333333333,0.08857350000000001,-1,-1,-1,1.0,1.0,-1.0,0.0,-0.3333333333333333,0.10935000000000002,-1,-1,-1,0.356862745098039,0.694117647058824,0.803921568627451
202.202645778656,0.0,0.005473923366680334,0.03,1,1,1,0.0,0.3333333333333333,0.08857350000000001,-1,-1,-1,1.0,1.0,-1.0,0.0,-0.3333333333333333,0.10935000000000002,-1,-1,-1,0.356862745098039,0.694117647058824,0.803921568627451
202.23737001419067,0.0,0.0025808935851424756,0.03,1,1,1,0.0,0.3333333333333333,0.08857350000000001,-1,-1,-1,1.0,1.0,-1.0,0.0,-0.3333333333333333,0.10935000000000002,-1,-1,-1,0.356862745098039,0.694117647058824,0.803921568627451
202.29998016357422,0.0,-0.00031213619639538267,0.03,1,1,1,0.0,0.3333333333333333,0.08857350000000001,-1,-1,-1,1.0,1.0,-1.0,0.0,-0.3333333333333333,0.10935000000000002,-1,-1,-1,0.356862745098039,0.694117647058824,0.803921568627451
202.327889919281,0.0,-0.0032051659779332407,0.03,1,1,1,0.0,0.3333333333333333,0.08857350000000001,-1,-1,-1,1.0,1.0,-1.0,0.0,-0.3333333333333333,0.10935000000000002,-1,-1,-1,0.356862745098039,0.694117647058824,0.803921568627451
202.3669729232788,0.0,-0.006098195759471099,0.03,1,1,1,0.0,0.3333333333333333,0.08857350000000001,-1,-1,-1,1.0,1.0,-1.0,0.0,-0.3333333333333333,0.10935000000000002,-1,-1,-1,0.356862745098039,0.694117647058824,0.803921568627451
202.40051221847534,0.0,-0.008991225541008958,0.03,1,1,1,0.0,0.3333333333333333,0.08857350000000001,-1,-1,-1,1.0,1.0,-1.0,0.0,-0.3333333333333333,0.10935000000000002,-1,-1,-1,0.356862745098039,0.694117647058824,0.803921568627451
202.4356029033661,0.0,-0.01188425532254682,0.03,1,1,1,0.0,0.3333333333333333,0.08857350000000001,-1,-1,-1,1.0,1.0,-1.0,0.0,-0.3333333333333333,0.10935000000000002,-1,-1,-1,0.356862745098039,0.694117647058824,0.803921568627451
202.47301578521729,0.0,-0.014777285104084683,0.03,1,1,1,0.0,0.3333333333333333,0.08857350000000001,-1,-1,-1,1.0,1.0,-1.0,0.0,-0.3333333333333333,0.10935000000000002,-1,-1,-1,0.356862745098039,0.694117647058824,0.803921568627451
202.50921750068665,0.0,-0.01767031488562254,0.03,1,1,1,0.0,0.3333333333333333,0.08857350000000001,-1,-1,-1,1.0,1.0,-1.0,0.0,-0.3333333333333333,0.10935000000000002,-1,-1,-1,0.356862745098039,0.694117647058824,0.803921568627451
202.5435197353363,0.0,-0.020563344667160394,0.03,1,1,1,0.0,0.3333333333333333,0.08857350000000001,-1,-1,-1,1.0,1.0,-1.0,0.0,-0.3333333333333333,0.10935000000000002,-1,-1,-1,0.356862745098039,0.694117647058824,0.803921568627451
202.57793474197388,0.0,-0.023456374448698247,0.03,1,1,1,0.0,0.3333333333333333,0.08857350000000001,-1,-1,-1,1.0,1.0,-1.0,0.0,-0.3333333333333333,0.10935000000000002,-1,-1,-1,0.356862745098039,0.694117647058824,0.803921568627451
202.61295914649963,0.0,-0.0263494042302361,0.03,1,1,1,0.0,0.3333333333333333,0.08857350000000001,-1,-1,-1,1.0,1.0,-1.0,0.0,-0.3333333333333333,0.10935000000000002,-1,-1,-1,0.356862745098039,0.694117647058824,0.803921568627451
202.65458297729492,0.0,-0.029242434011773955,0.03,1,1,1,0.0,0.3333333333333333,0.08857350000000001,-1,-1,-1,1.0,1.0,-1.0,0.0,-0.3333333333333333,0.10935000000000002,-1,-1,-1,0.356862745098039,0.694117647058824,0.803921568627451
202.69628953933716,0.0,-0.03213546379331181,0.03,1,1,1,0.0,0.3333333333333333,0.08857350000000001,-1,-1,-1,1.0,1.0,-1.0,0.0,-0.3333333333333333,0.10935000000000002,-1,-1,-1,0.356862745098039,0.694117647058824,0.803921568627451
202.73101377487183,0.0,-0.03502849357484966,0.03,1,1,1,0.0,0.3333333333333333,0.08857350000000001,-1,-1,-1,1.0,1.0,-1.0,0.0,-0.3333333333333333,0.10935000000000002,-1,-1,-1,0.356862745098039,0.694117647058824,0.803921568627451
202.7700731754303,0.0,-0.037921523356387515,0.03,1,1,1,0.0,0.3333333333333333,0.08857350000000001,-1,-1,-1,1.0,1.0,-1.0,0.0,-0.3333333333333333,0.10935000000000002,-1,-1,-1,0.356862745098039,0.694117647058824,0.803921568627451
202.80504655838013,0.0,-0.04081455313792537,0.03,1,1,1,0.0,0.3333333333333333,0.08857350000000001,-1,-1,-1,1.0,1.0,-1.0,0.0,-0.3333333333333333,0.10935000000000002,-1,-1,-1,0.356862745098039,0.694117647058824,0.803921568627451
202.84231185913086,0.0,-0.04370758291946322,0.03,1,1,1,0.0,0.3333333333333333,0.08857350000000001,-1,-1,-1,1.0,1.0,-1.0,0.0,-0.3333333333333333,0.10935000000000002,-1,-1,-1,0.356862745098039,0.694117647058824,0.803921568627451
202.8838062286377,0.0,-0.046600612701001076,0.03,1,1,1,0.0,0.3333333333333333,0.08857350000000001,-1,-1,-1,1.0,1.0,-1.0,0.0,-0.3333333333333333,0.10935000000000002,-1,-1,-1,0.356862745098039,0.694117647058824,0.803921568627451
202.91846656799316,0.0,-0.04949364248253893,0.03,1,1,1,0.0,0.3333333333333333,0.08857350000000001,-1,-1,-1,1.0,1.0,-1.0,0.0,-0.3333333333333333,0.10935000000000002,-1,-1,-1,0.356862745098039,0.694117647058824,0.803921568627451
202.95279216766357,0.0,-0.05238667226407678,0.03,1,1,1,0.0,0.3333333333333333,0.08857350000000001,-1,-1,-1,1.0,1.0,-1.0,0.0,-0.3333333333333333,0.10935000000000002,-1,-1,-1,0.356862745098039,0.694117647058824,0.803921568627451
202.987694978714,0.0,-0.05527970204561464,0.03,1,1,1,0.0,0.3333333333333333,0.08857350000000001,-1,-1,-1,1.0,1.0,-1.0,0.0,-0.3333333333333333,0.10935000000000002,-1,-1,-1,0.356862745098039,0.694117647058824,0.803921568627451
203.02945852279663,0.0,-0.05817273182715249,0.03,1,1,1,0.0,0.3333333333333333,0.08857350000000001,-1,-1,-1,1.0,1.0,-1.0,0.0,-0.3333333333333333,0.10935000000000002,-1,-1,-1,0.356862745098039,0.694117647058824,0.803921568627451
203.0737805366516,0.0,-0.06106576160869036,0.03,1,1,1,0.0,0.3333333333333333,0.08857350000000001,-1,-1,-1,1.0,1.0,-1.0,0.0,-0.3333333333333333,0.10935000000000002,-1,-1,-1,0.356862745098039,0.694117647058824,0.803921568627451
203.11310958862305,0.0,-0.06395879139022821,0.03,1,1,1,0.0,0.3333333333333333,0.08857350000000001,-1,-1,-1,1.0,1.0,-1.0,0.0,-0.3333333333333333,0.10935000000000002,-1,-1,-1,0.356862745098039,0.694117647058824,0.803921568627451
203.14777612686157,0.0,-0.06685182117176607,0.03,1,1,1,0.0,0.3333333333333333,0.08857350000000001,-1,-1,-1,1.0,1.0,-1.0,0.0,-0.3333333333333333,0.10935000000000002,-1,-1,-1,0.356862745098039,0.694117647058824,0.803921568627451
203.1822566986084,0.0,-0.06974485095330392,0.03,1,1,1,0.0,0.3333333333333333,0.08857350000000001,-1,-1,-1,1.0,1.0,-1.0,0.0,-0.3333333333333333,0.10935000000000002,-1,-1,-1,0.356862745098039,0.694117647058824,0.803921568627451
203.224463224411,0.0,-0.07174197071690806,0.03,1,1,1,0.0,0.3333333333333333,0.08857350000000001,-1,-1,-1,1.0,1.0,-1.0,0.0,-0.3333333333333333,0.10935000000000002,-1,-1,-1,0.356862745098039,0.694117647058824,0.803921568627451
203.2657458782196,0.0,-0.07314181713522307,0.03,1,1,1,0.0,0.3333333333333333,0.08857350000000001,-1,-1,-1,1.0,1.0,-1.0,0.0,-0.3333333333333333,0.10935000000000002,-1,-1,-1,0.356862745098039,0.694117647058824,0.803921568627451
203.30909085273743,0.0,-0.07454166355353807,0.03,1,1,1,0.0,0.3333333333333333,0.08857350000000001,-1,-1,-1,1.0,1.0,-1.0,0.0,-0.3333333333333333,0.10935000000000002,-1,-1,-1,0.356862745098039,0.694117647058824,0.803921568627451
203.3423833847046,0.0,-0.07594150997185307,0.03,1,1,1,0.0,0.3333333333333333,0.08857350000000001,-1,-1,-1,1.0,1.0,-1.0,0.0,-0.3333333333333333,0.10935000000000002,-1,-1,-1,0.356862745098039,0.694117647058824,0.803921568627451
203.3773913383484,0.0,-0.07734135639016808,0.03,1,1,1,0.0,0.3333333333333333,0.08857350000000001,-1,-1,-1,1.0,1.0,-1.0,0.0,-0.3333333333333333,0.10935000000000002,-1,-1,-1,0.356862745098039,0.694117647058824,0.803921568627451
203.4120421409607,0.0,-0.07874120280848308,0.03,1,1,1,0.0,0.3333333333333333,0.08857350000000001,-1,-1,-1,1.0,1.0,-1.0,0.0,-0.3333333333333333,0.10935000000000002,-1,-1,-1,0.356862745098039,0.694117647058824,0.803921568627451
203.46028876304626,0.0,-0.08014104922679809,0.03,1,1,1,0.0,0.3333333333333333,0.08857350000000001,-1,-1,-1,1.0,1.0,-1.0,0.0,-0.3333333333333333,0.10935000000000002,-1,-1,-1,0.356862745098039,0.694117647058824,0.803921568627451
203.50188422203064,0.0,-0.08154089564511309,0.03,1,1,1,0.0,0.3333333333333333,0.08857350000000001,-1,-1,-1,1.0,1.0,-1.0,0.0,-0.3333333333333333,0.10935000000000002,-1,-1,-1,0.356862745098039,0.694117647058824,0.803921568627451
203.5364751815796,0.0,-0.0829407420634281,0.03,1,1,1,0.0,0.3333333333333333,0.08857350000000001,-1,-1,-1,1.0,1.0,-1.0,0.0,-0.3333333333333333,0.10935000000000002,-1,-1,-1,0.356862745098039,0.694117647058824,0.803921568627451
203.5713198184967,0.0,-0.0843405884817431,0.03,1,1,1,0.0,0.3333333333333333,0.08857350000000001,-1,-1,-1,1.0,1.0,-1.0,0.0,-0.3333333333333333,0.10935000000000002,-1,-1,-1,0.356862745098039,0.694117647058824,0.803921568627451
203.60537314414978,0.0,-0.0857404349000581,0.03,1,1,1,0.0,0.3333333333333333,0.08857350000000001,-1,-1,-1,1.0,1.0,-1.0,0.0,-0.3333333333333333,0.10935000000000002,-1,-1,-1,0.356862745098039,0.694117647058824,0.803921568627451
203.64365005493164,0.0,-0.0871402813183731,0.03,1,1,1,0.0,0.3333333333333333,0.08857350000000001,-1,-1,-1,1.0,1.0,-1.0,0.0,-0.3333333333333333,0.10935000000000002,-1,-1,-1,0.356862745098039,0.694117647058824,0.803921568627451
203.68149852752686,0.0,-0.08854012773668811,0.03,1,1,1,0.0,0.3333333333333333,0.08857350000000001,-1,-1,-1,1.0,1.0,-1.0,0.0,-0.3333333333333333,0.10935000000000002,-1,-1,-1,0.356862745098039,0.694117647058824,0.803921568627451
203.71631741523743,0.0,-0.08993997415500311,0.03,1,1,1,0.0,0.3333333333333333,0.08857350000000001,-1,-1,-1,1.0,1.0,-1.0,0.0,-0.3333333333333333,0.10935000000000002,-1,-1,-1,0.356862745098039,0.694117647058824,0.803921568627451
203.7515354156494,0.0,-0.09133982057331812,0.03,1,1,1,0.0,0.3333333333333333,0.08857350000000001,-1,-1,-1,1.0,1.0,-1.0,0.0,-0.3333333333333333,0.10935000000000002,-1,-1,-1,0.356862745098039,0.694117647058824,0.803921568627451
203.78594088554382,0.0,-0.09273966699163312,0.03,1,1,1,0.0,0.3333333333333333,0.08857350000000001,-1,-1,-1,1.0,1.0,-1.0,0.0,-0.3333333333333333,0.10935000000000002,-1,-1,-1,0.356862745098039,0.694117647058824,0.803921568627451
203.82021260261536,0.0,-0.09413951340994813,0.03,1,1,1,0.0,0.3333333333333333,0.08857350000000001,-1,-1,-1,1.0,1.0,-1.0,0.0,-0.3333333333333333,0.10935000000000002,-1,-1,-1,0.356862745098039,0.694117647058824,0.803921568627451
203.86273884773254,0.0,-0.09553935982826313,0.03,1,1,1,0.0,0.3333333333333333,0.08857350000000001,-1,-1,-1,1.0,1.0,-1.0,0.0,-0.3333333333333333,0.10935000000000002,-1,-1,-1,0.356862745098039,0.694117647058824,0.803921568627451
203.89679527282715,0.0,-0.09693920624657813,0.03,1,1,1,0.0,0.3333333333333333,0.08857350000000001,-1,-1,-1,1.0,1.0,-1.0,0.0,-0.3333333333333333,0.10935000000000002,-1,-1,-1,0.356862745098039,0.694117647058824,0.803921568627451
203.93128108978271,0.0,-0.09833905266489314,0.03,1,1,1,0.0,0.3333333333333333,0.08857350000000001,-1,-1,-1,1.0,1.0,-1.0,0.0,-0.3333333333333333,0.10935000000000002,-1,-1,-1,0.356862745098039,0.694117647058824,0.803921568627451
203.9660656452179,0.0,-0.09973889908320814,0.03,1,1,1,0.0,0.3333333333333333,0.08857350000000001,-1,-1,-1,1.0,1.0,-1.0,0.0,-0.3333333333333333,0.10935000000000002,-1,-1,-1,0.356862745098039,0.694117647058824,0.803921568627451
204.00134229660034,0.0,-0.10113874550152314,0.03,1,1,1,0.0,0.3333333333333333,0.08857350000000001,-1,-1,-1,1.0,1.0,-1.0,0.0,-0.3333333333333333,0.10935000000000002,-1,-1,-1,0.356862745098039,0.694117647058824,0.803921568627451
204.03592729568481,0.0,-0.10253859191983815,0.03,1,1,1,0.0,0.3333333333333333,0.08857350000000001,-1,-1,-1,1.0,1.0,-1.0,0.0,-0.3333333333333333,0.10935000000000002,-1,-1,-1,0.356862745098039,0.694117647058824,0.803921568627451
204.07992482185364,0.0,-0.10393843833815315,0.03,1,1,1,0.0,0.3333333333333333,0.08857350000000001,-1,-1,-1,1.0,1.0,-1.0,0.0,-0.3333333333333333,0.10935000000000002,-1,-1,-1,0.356862745098039,0.694117647058824,0.803921568627451
204.112957239151,0.0,-0.10533828475646816,0.03,1,1,1,0.0,0.3333333333333333,0.08857350000000001,-1,-1,-1,1.0,1.0,-1.0,0.0,-0.3333333333333333,0.10935000000000002,-1,-1,-1,0.356862745098039,0.694117647058824,0.803921568627451
204.14705181121826,0.0,-0.10673813117478316,0.03,1,1,1,0.0,0.3333333333333333,0.08857350000000001,-1,-1,-1,1.0,1.0,-1.0,0.0,-0.3333333333333333,0.10935000000000002,-1,-1,-1,0.356862745098039,0.694117647058824,0.803921568627451
204.18160796165466,0.0,-0.10813797759309816,0.03,1,1,1,0.0,0.3333333333333333,0.08857350000000001,-1,-1,-1,1.0,1.0,-1.0,0.0,-0.3333333333333333,0.10935000000000002,-1,-1,-1,0.356862745098039,0.694117647058824,0.803921568627451
204.2169806957245,0.0,-0.10953782401141317,0.03,1,1,1,0.0,0.3333333333333333,0.08857350000000001,-1,-1,-1,1.0,1.0,-1.0,0.0,-0.3333333333333333,0.10935000000000002,-1,-1,-1,0.356862745098039,0.694117647058824,0.803921568627451
204.2530117034912,0.0,-0.11093767042972817,0.03,1,1,1,0.0,0.3333333333333333,0.08857350000000001,-1,-1,-1,1.0,1.0,-1.0,0.0,-0.3333333333333333,0.10935000000000002,-1,-1,-1,0.356862745098039,0.694117647058824,0.803921568627451
204.2861819267273,0.0,-0.11233751684804318,0.03,1,1,1,0.0,0.3333333333333333,0.08857350000000001,-1,-1,-1,1.0,1.0,-1.0,0.0,-0.3333333333333333,0.10935000000000002,-1,-1,-1,0.356862745098039,0.694117647058824,0.803921568627451
204.32726550102234,0.0,-0.11373736326635818,0.03,1,1,1,0.0,0.3333333333333333,0.08857350000000001,-1,-1,-1,1.0,1.0,-1.0,0.0,-0.3333333333333333,0.10935000000000002,-1,-1,-1,0.356862745098039,0.694117647058824,0.803921568627451
204.36237049102783,0.0,-0.11513720968467318,0.03,1,1,1,0.0,0.3333333333333333,0.08857350000000001,-1,-1,-1,1.0,1.0,-1.0,0.0,-0.3333333333333333,0.10935000000000002,-1,-1,-1,0.356862745098039,0.694117647058824,0.803921568627451
204.39691066741943,0.0,-0.11653705610298819,0.03,1,1,1,0.0,0.3333333333333333,0.08857350000000001,-1,-1,-1,1.0,1.0,-1.0,0.0,-0.3333333333333333,0.10935000000000002,-1,-1,-1,0.356862745098039,0.694117647058824,0.803921568627451
204.4325885772705,0.0,-0.11595574885257726,0.03,1,1,1,0.0,0.3333333333333333,0.08857350000000001,-1,-1,-1,1.0,1.0,-1.0,0.0,-0.3333333333333333,0.10935000000000002,-1,-1,-1,0.356862745098039,0.694117647058824,0.803921568627451
204.46698713302612,0.0,-0.11537444160216632,0.03,1,1,1,0.0,0.3333333333333333,0.08857350000000001,-1,-1,-1,1.0,1.0,-1.0,0.0,-0.3333333333333333,0.10935000000000002,-1,-1,-1,0.356862745098039,0.694117647058824,0.803921568627451
204.50754761695862,0.0,-0.1147931343517554,0.03,1,1,1,0.0,0.3333333333333333,0.08857350000000001,-1,-1,-1,1.0,1.0,-1.0,0.0,-0.3333333333333333,0.10935000000000002,-1,-1,-1,0.356862745098039,0.694117647058824,0.803921568627451
204.55166840553284,0.0,-0.11421182710134446,0.03,1,1,1,0.0,0.3333333333333333,0.08857350000000001,-1,-1,-1,1.0,1.0,-1.0,0.0,-0.3333333333333333,0.10935000000000002,-1,-1,-1,0.356862745098039,0.694117647058824,0.803921568627451
204.58454990386963,0.0,-0.11363051985093353,0.03,1,1,1,0.0,0.3333333333333333,0.08857350000000001,-1,-1,-1,1.0,1.0,-1.0,0.0,-0.3333333333333333,0.10935000000000002,-1,-1,-1,0.356862745098039,0.694117647058824,0.803921568627451
204.6189935207367,0.0,-0.1130492126005226,0.03,1,1,1,0.0,0.3333333333333333,0.08857350000000001,-1,-1,-1,1.0,1.0,-1.0,0.0,-0.3333333333333333,0.10935000000000002,-1,-1,-1,0.356862745098039,0.694117647058824,0.803921568627451
204.65422296524048,0.0,-0.11246790535011167,0.03,1,1,1,0.0,0.3333333333333333,0.08857350000000001,-1,-1,-1,1.0,1.0,-1.0,0.0,-0.3333333333333333,0.10935000000000002,-1,-1,-1,0.356862745098039,0.694117647058824,0.803921568627451
204.68873190879822,0.0,-0.11188659809970074,0.03,1,1,1,0.0,0.3333333333333333,0.08857350000000001,-1,-1,-1,1.0,1.0,-1.0,0.0,-0.3333333333333333,0.10935000000000002,-1,-1,-1,0.356862745098039,0.694117647058824,0.803921568627451
204.73799753189087,0.0,-0.1113052908492898,0.03,1,1,1,0.0,0.3333333333333333,0.08857350000000001,-1,-1,-1,1.0,1.0,-1.0,0.0,-0.3333333333333333,0.10935000000000002,-1,-1,-1,0.356862745098039,0.694117647058824,0.803921568627451
204.77320623397827,0.0,-0.11072398359887888,0.03,1,1,1,0.0,0.3333333333333333,0.08857350000000001,-1,-1,-1,1.0,1.0,-1.0,0.0,-0.3333333333333333,0.10935000000000002,-1,-1,-1,0.356862745098039,0.694117647058824,0.803921568627451
204.8064305782318,0.0,-0.11014267634846794,0.03,1,1,1,0.0,0.3333333333333333,0.08857350000000001,-1,-1,-1,1.0,1.0,-1.0,0.0,-0.3333333333333333,0.10935000000000002,-1,-1,-1,0.356862745098039,0.694117647058824,0.803921568627451
204.8410725593567,0.0,-0.10956136909805701,0.03,1,1,1,0.0,0.3333333333333333,0.08857350000000001,-1,-1,-1,1.0,1.0,-1.0,0.0,-0.3333333333333333,0.10935000000000002,-1,-1,-1,0.356862745098039,0.694117647058824,0.803921568627451
204.87611937522888,0.0,-0.10898006184764608,0.03,1,1,1,0.0,0.3333333333333333,0.08857350000000001,-1,-1,-1,1.0,1.0,-1.0,0.0,-0.3333333333333333,0.10935000000000002,-1,-1,-1,0.356862745098039,0.694117647058824,0.803921568627451
204.9224615097046,0.0,-0.10839875459723515,0.03,1,1,1,0.0,0.3333333333333333,0.08857350000000001,-1,-1,-1,1.0,1.0,-1.0,0.0,-0.3333333333333333,0.10935000000000002,-1,-1,-1,0.356862745098039,0.694117647058824,0.803921568627451
204.9599690437317,0.0,-0.10781744734682422,0.03,1,1,1,0.0,0.3333333333333333,0.08857350000000001,-1,-1,-1,1.0,1.0,-1.0,0.0,-0.3333333333333333,0.10935000000000002,-1,-1,-1,0.356862745098039,0.694117647058824,0.803921568627451
204.99467062950134,0.0,-0.10723614009641329,0.03,1,1,1,0.0,0.3333333333333333,0.08857350000000001,-1,-1,-1,1.0,1.0,-1.0,0.0,-0.3333333333333333,0.10935000000000002,-1,-1,-1,0.356862745098039,0.694117647058824,0.803921568627451
205.02916383743286,0.0,-0.10665483284600236,0.03,1,1,1,0.0,0.3333333333333333,0.08857350000000001,-1,-1,-1,1.0,1.0,-1.0,0.0,-0.3333333333333333,0.10935000000000002,-1,-1,-1,0.356862745098039,0.694117647058824,0.803921568627451
205.0638451576233,0.0,-0.10607352559559143,0.03,1,1,1,0.0,0.3333333333333333,0.08857350000000001,-1,-1,-1,1.0,1.0,-1.0,0.0,-0.3333333333333333,0.10935000000000002,-1,-1,-1,0.356862745098039,0.694117647058824,0.803921568627451
205.10602068901062,0.0,-0.1054922183451805,0.03,1,1,1,0.0,0.3333333333333333,0.08857350000000001,-1,-1,-1,1.0,1.0,-1.0,0.0,-0.3333333333333333,0.10935000000000002,-1,-1,-1,0.356862745098039,0.694117647058824,0.803921568627451
205.1400647163391,0.0,-0.10491091109476956,0.03,1,1,1,0.0,0.3333333333333333,0.08857350000000001,-1,-1,-1,1.0,1.0,-1.0,0.0,-0.3333333333333333,0.10935000000000002,-1,-1,-1,0.356862745098039,0.694117647058824,0.803921568627451
205.17493391036987,0.0,-0.10432960384435863,0.03,1,1,1,0.0,0.3333333333333333,0.08857350000000001,-1,-1,-1,1.0,1.0,-1.0,0.0,-0.3333333333333333,0.10935000000000002,-1,-1,-1,0.356862745098039,0.694117647058824,0.803921568627451
205.21029138565063,0.0,-0.1037482965939477,0.03,1,1,1,0.0,0.3333333333333333,0.08857350000000001,-1,-1,-1,1.0,1.0,-1.0,0.0,-0.3333333333333333,0.10935000000000002,-1,-1,-1,0.356862745098039,0.694117647058824,0.803921568627451
205.24473786354065,0.0,-0.10316698934353677,0.03,1,1,1,0.0,0.3333333333333333,0.08857350000000001,-1,-1,-1,1.0,1.0,-1.0,0.0,-0.3333333333333333,0.10935000000000002,-1,-1,-1,0.356862745098039,0.694117647058824,0.803921568627451
205.28973174095154,0.0,-0.10258568209312584,0.03,1,1,1,0.0,0.3333333333333333,0.08857350000000001,-1,-1,-1,1.0,1.0,-1.0,0.0,-0.3333333333333333,0.10935000000000002,-1,-1,-1,0.356862745098039,0.694117647058824,0.803921568627451
205.32761454582214,0.0,-0.1020043748427149,0.03,1,1,1,0.0,0.3333333333333333,0.08857350000000001,-1,-1,-1,1.0,1.0,-1.0,0.0,-0.3333333333333333,0.10935000000000002,-1,-1,-1,0.356862745098039,0.694117647058824,0.803921568627451
205.36267757415771,0.0,-0.10142306759230398,0.03,1,1,1,0.0,0.3333333333333333,0.08857350000000001,-1,-1,-1,1.0,1.0,-1.0,0.0,-0.3333333333333333,0.10935000000000002,-1,-1,-1,0.356862745098039,0.694117647058824,0.803921568627451
205.3974380493164,0.0,-0.10084176034189304,0.03,1,1,1,0.0,0.3333333333333333,0.08857350000000001,-1,-1,-1,1.0,1.0,-1.0,0.0,-0.3333333333333333,0.10935000000000002,-1,-1,-1,0.356862745098039,0.694117647058824,0.803921568627451
205.43314623832703,0.0,-0.10026045309148211,0.03,1,1,1,0.0,0.3333333333333333,0.08857350000000001,-1,-1,-1,1.0,1.0,-1.0,0.0,-0.3333333333333333,0.10935000000000002,-1,-1,-1,0.356862745098039,0.694117647058824,0.803921568627451
205.4742238521576,0.0,-0.09967914584107118,0.03,1,1,1,0.0,0.3333333333333333,0.08857350000000001,-1,-1,-1,1.0,1.0,-1.0,0.0,-0.3333333333333333,0.10935000000000002,-1,-1,-1,0.356862745098039,0.694117647058824,0.803921568627451
205.51588773727417,0.0,-0.09909783859066025,0.03,1,1,1,0.0,0.3333333333333333,0.08857350000000001,-1,-1,-1,1.0,1.0,-1.0,0.0,-0.3333333333333333,0.10935000000000002,-1,-1,-1,0.356862745098039,0.694117647058824,0.803921568627451
205.55065989494324,0.0,-0.09851653134024932,0.03,1,1,1,0.0,0.3333333333333333,0.08857350000000001,-1,-1,-1,1.0,1.0,-1.0,0.0,-0.3333333333333333,0.10935000000000002,-1,-1,-1,0.356862745098039,0.694117647058824,0.803921568627451
205.58528327941895,0.0,-0.09793522408983839,0.03,1,1,1,0.0,0.3333333333333333,0.08857350000000001,-1,-1,-1,1.0,1.0,-1.0,0.0,-0.3333333333333333,0.10935000000000002,-1,-1,-1,0.356862745098039,0.694117647058824,0.803921568627451
205.62430572509766,0.0,-0.0962407445807193,0.03,1,1,1,0.0,0.3333333333333333,0.08857350000000001,-1,-1,-1,1.0,1.0,-1.0,0.0,-0.3333333333333333,0.10935000000000002,-1,-1,-1,0.356862745098039,0.694117647058824,0.803921568627451
205.65904116630554,0.0,-0.09380415023246143,0.03,1,1,1,0.0,0.3333333333333333,0.08857350000000001,-1,-1,-1,1.0,1.0,-1.0,0.0,-0.3333333333333333,0.10935000000000002,-1,-1,-1,0.356862745098039,0.694117647058824,0.803921568627451
205.69741368293762,0.0,-0.09136755588420356,0.03,1,1,1,0.0,0.3333333333333333,0.08857350000000001,-1,-1,-1,1.0,1.0,-1.0,0.0,-0.3333333333333333,0.10935000000000002,-1,-1,-1,0.356862745098039,0.694117647058824,0.803921568627451
205.74540877342224,0.0,-0.0889309615359457,0.03,1,1,1,0.0,0.3333333333333333,0.08857350000000001,-1,-1,-1,1.0,1.0,-1.0,0.0,-0.3333333333333333,0.10935000000000002,-1,-1,-1,0.356862745098039,0.694117647058824,0.803921568627451
205.7798056602478,0.0,-0.08649436718768783,0.03,1,1,1,0.0,0.3333333333333333,0.08857350000000001,-1,-1,-1,1.0,1.0,-1.0,0.0,-0.3333333333333333,0.10935000000000002,-1,-1,-1,0.356862745098039,0.694117647058824,0.803921568627451
205.81486749649048,0.0,-0.08405777283942996,0.03,1,1,1,0.0,0.3333333333333333,0.08857350000000001,-1,-1,-1,1.0,1.0,-1.0,0.0,-0.3333333333333333,0.10935000000000002,-1,-1,-1,0.356862745098039,0.694117647058824,0.803921568627451
205.84997296333313,0.0,-0.08162117849117209,0.03,1,1,1,0.0,0.3333333333333333,0.08857350000000001,-1,-1,-1,1.0,1.0,-1.0,0.0,-0.3333333333333333,0.10935000000000002,-1,-1,-1,0.356862745098039,0.694117647058824,0.803921568627451
205.8944730758667,0.0,-0.07918458414291422,0.03,1,1,1,0.0,0.3333333333333333,0.08857350000000001,-1,-1,-1,1.0,1.0,-1.0,0.0,-0.3333333333333333,0.10935000000000002,-1,-1,-1,0.356862745098039,0.694117647058824,0.803921568627451
205.93262720108032,0.0,-0.07674798979465636,0.03,1,1,1,0.0,0.3333333333333333,0.08857350000000001,-1,-1,-1,1.0,1.0,-1.0,0.0,-0.3333333333333333,0.10935000000000002,-1,-1,-1,0.356862745098039,0.694117647058824,0.803921568627451
205.9744918346405,0.0,-0.07431139544639849,0.03,1,1,1,0.0,0.3333333333333333,0.08857350000000001,-1,-1,-1,1.0,1.0,-1.0,0.0,-0.3333333333333333,0.10935000000000002,-1,-1,-1,0.356862745098039,0.694117647058824,0.803921568627451
206.00942158699036,0.0,-0.07187480109814062,0.03,1,1,1,0.0,0.3333333333333333,0.08857350000000001,-1,-1,-1,1.0,1.0,-1.0,0.0,-0.3333333333333333,0.10935000000000002,-1,-1,-1,0.356862745098039,0.694117647058824,0.803921568627451
206.04399371147156,0.0,-0.06943820674988276,0.03,1,1,1,0.0,0.3333333333333333,0.08857350000000001,-1,-1,-1,1.0,1.0,-1.0,0.0,-0.3333333333333333,0.10935000000000002,-1,-1,-1,0.356862745098039,0.694117647058824,0.803921568627451
206.08528518676758,0.0,-0.06700161240162489,0.03,1,1,1,0.0,0.3333333333333333,0.08857350000000001,-1,-1,-1,1.0,1.0,-1.0,0.0,-0.3333333333333333,0.10935000000000002,-1,-1,-1,0.356862745098039,0.694117647058824,0.803921568627451
206.12958002090454,0.0,-0.06456501805336702,0.03,1,1,1,0.0,0.3333333333333333,0.08857350000000001,-1,-1,-1,1.0,1.0,-1.0,0.0,-0.3333333333333333,0.10935000000000002,-1,-1,-1,0.356862745098039,0.694117647058824,0.803921568627451
206.16915941238403,0.0,-0.06212842370510917,0.03,1,1,1,0.0,0.3333333333333333,0.08857350000000001,-1,-1,-1,1.0,1.0,-1.0,0.0,-0.3333333333333333,0.10935000000000002,-1,-1,-1,0.356862745098039,0.694117647058824,0.803921568627451
206.2029423713684,0.0,-0.05969182935685135,0.03,1,1,1,0.0,0.3333333333333333,0.08857350000000001,-1,-1,-1,1.0,1.0,-1.0,0.0,-0.3333333333333333,0.10935000000000002,-1,-1,-1,0.356862745098039,0.694117647058824,0.803921568627451
206.23870420455933,0.0,-0.057255235008593516,0.03,1,1,1,0.0,0.3333333333333333,0.08857350000000001,-1,-1,-1,1.0,1.0,-1.0,0.0,-0.3333333333333333,0.10935000000000002,-1,-1,-1,0.356862745098039,0.694117647058824,0.803921568627451
206.2800099849701,0.0,-0.054818640660335684,0.03,1,1,1,0.0,0.3333333333333333,0.08857350000000001,-1,-1,-1,1.0,1.0,-1.0,0.0,-0.3333333333333333,0.10935000000000002,-1,-1,-1,0.356862745098039,0.694117647058824,0.803921568627451
206.32116889953613,0.0,-0.05238204631207785,0.03,1,1,1,0.0,0.3333333333333333,0.08857350000000001,-1,-1,-1,1.0,1.0,-1.0,0.0,-0.3333333333333333,0.10935000000000002,-1,-1,-1,0.356862745098039,0.694117647058824,0.803921568627451
206.36415243148804,0.0,-0.04994545196382002,0.03,1,1,1,0.0,0.3333333333333333,0.08857350000000001,-1,-1,-1,1.0,1.0,-1.0,0.0,-0.3333333333333333,0.10935000000000002,-1,-1,-1,0.356862745098039,0.694117647058824,0.803921568627451
206.39827370643616,0.0,-0.047508857615562186,0.03,1,1,1,0.0,0.3333333333333333,0.08857350000000001,-1,-1,-1,1.0,1.0,-1.0,0.0,-0.3333333333333333,0.10935000000000002,-1,-1,-1,0.356862745098039,0.694117647058824,0.803921568627451
206.43381547927856,0.0,-0.045072263267304354,0.03,1,1,1,0.0,0.3333333333333333,0.08857350000000001,-1,-1,-1,1.0,1.0,-1.0,0.0,-0.3333333333333333,0.10935000000000002,-1,-1,-1,0.356862745098039,0.694117647058824,0.803921568627451
206.46659421920776,0.0,-0.04263566891904652,0.03,1,1,1,0.0,0.3333333333333333,0.08857350000000001,-1,-1,-1,1.0,1.0,-1.0,0.0,-0.3333333333333333,0.10935000000000002,-1,-1,-1,0.356862745098039,0.694117647058824,0.803921568627451
206.515855550766,0.0,-0.04019907457078869,0.03,1,1,1,0.0,0.3333333333333333,0.08857350000000001,-1,-1,-1,1.0,1.0,-1.0,0.0,-0.3333333333333333,0.10935000000000002,-1,-1,-1,0.356862745098039,0.694117647058824,0.803921568627451
206.55070877075195,0.0,-0.037762480222530856,0.03,1,1,1,0.0,0.3333333333333333,0.08857350000000001,-1,-1,-1,1.0,1.0,-1.0,0.0,-0.3333333333333333,0.10935000000000002,-1,-1,-1,0.356862745098039,0.694117647058824,0.803921568627451
206.58542203903198,0.0,-0.03532588587427302,0.03,1,1,1,0.0,0.3333333333333333,0.08857350000000001,-1,-1,-1,1.0,1.0,-1.0,0.0,-0.3333333333333333,0.10935000000000002,-1,-1,-1,0.356862745098039,0.694117647058824,0.803921568627451
206.61947298049927,0.0,-0.03288929152601519,0.03,1,1,1,0.0,0.3333333333333333,0.08857350000000001,-1,-1,-1,1.0,1.0,-1.0,0.0,-0.3333333333333333,0.10935000000000002,-1,-1,-1,0.356862745098039,0.694117647058824,0.803921568627451
206.65443444252014,0.0,-0.030452697177757348,0.03,1,1,1,0.0,0.3333333333333333,0.08857350000000001,-1,-1,-1,1.0,1.0,-1.0,0.0,-0.3333333333333333,0.10935000000000002,-1,-1,-1,0.356862745098039,0.694117647058824,0.803921568627451
206.6985845565796,0.0,-0.028016102829499498,0.03,1,1,1,0.0,0.3333333333333333,0.08857350000000001,-1,-1,-1,1.0,1.0,-1.0,0.0,-0.3333333333333333,0.10935000000000002,-1,-1,-1,0.356862745098039,0.694117647058824,0.803921568627451
206.73728346824646,0.0,-0.025579508481241648,0.03,1,1,1,0.0,0.3333333333333333,0.08857350000000001,-1,-1,-1,1.0,1.0,-1.0,0.0,-0.3333333333333333,0.10935000000000002,-1,-1,-1,0.356862745098039,0.694117647058824,0.803921568627451
206.7722978591919,0.0,-0.023142914132983798,0.03,1,1,1,0.0,0.3333333333333333,0.08857350000000001,-1,-1,-1,1.0,1.0,-1.0,0.0,-0.3333333333333333,0.10935000000000002,-1,-1,-1,0.356862745098039,0.694117647058824,0.803921568627451
206.80747294425964,0.0,-0.021868333954087868,0.03,1,1,1,0.0,0.3333333333333333,0.08857350000000001,-1,-1,-1,1.0,1.0,-1.0,0.0,-0.3333333333333333,0.10935000000000002,-1,-1,-1,0.356862745098039,0.694117647058824,0.803921568627451
206.84168887138367,0.0,-0.025241810452639617,0.03,1,1,1,0.0,0.3333333333333333,0.08857350000000001,-1,-1,-1,1.0,1.0,-1.0,0.0,-0.3333333333333333,0.10935000000000002,-1,-1,-1,0.356862745098039,0.694117647058824,0.803921568627451
206.88419032096863,0.0,-0.028615286951191365,0.03,1,1,1,0.0,0.3333333333333333,0.08857350000000001,-1,-1,-1,1.0,1.0,-1.0,0.0,-0.3333333333333333,0.10935000000000002,-1,-1,-1,0.356862745098039,0.694117647058824,0.803921568627451
206.9254870414734,0.0,-0.03198876344974312,0.03,1,1,1,0.0,0.3333333333333333,0.08857350000000001,-1,-1,-1,1.0,1.0,-1.0,0.0,-0.3333333333333333,0.10935000000000002,-1,-1,-1,0.356862745098039,0.694117647058824,0.803921568627451
206.96018266677856,0.0,-0.03536223994829487,0.03,1,1,1,0.0,0.3333333333333333,0.08857350000000001,-1,-1,-1,1.0,1.0,-1.0,0.0,-0.3333333333333333,0.10935000000000002,-1,-1,-1,0.356862745098039,0.694117647058824,0.803921568627451
206.99978685379028,0.0,-0.03873571644684662,0.03,1,1,1,0.0,0.3333333333333333,0.08857350000000001,-1,-1,-1,1.0,1.0,-1.0,0.0,-0.3333333333333333,0.10935000000000002,-1,-1,-1,0.356862745098039,0.694117647058824,0.803921568627451
207.03423261642456,0.0,-0.04210919294539837,0.03,1,1,1,0.0,0.3333333333333333,0.08857350000000001,-1,-1,-1,1.0,1.0,-1.0,0.0,-0.3333333333333333,0.10935000000000002,-1,-1,-1,0.356862745098039,0.694117647058824,0.803921568627451
207.07188820838928,0.0,-0.045482669443950116,0.03,1,1,1,0.0,0.3333333333333333,0.08857350000000001,-1,-1,-1,1.0,1.0,-1.0,0.0,-0.3333333333333333,0.10935000000000002,-1,-1,-1,0.356862745098039,0.694117647058824,0.803921568627451
207.12017846107483,0.0,-0.048856145942501865,0.03,1,1,1,0.0,0.3333333333333333,0.08857350000000001,-1,-1,-1,1.0,1.0,-1.0,0.0,-0.3333333333333333,0.10935000000000002,-1,-1,-1,0.356862745098039,0.694117647058824,0.803921568627451
207.15437078475952,0.0,-0.052229622441053614,0.03,1,1,1,0.0,0.3333333333333333,0.08857350000000001,-1,-1,-1,1.0,1.0,-1.0,0.0,-0.3333333333333333,0.10935000000000002,-1,-1,-1,0.356862745098039,0.694117647058824,0.803921568627451
207.18913316726685,0.0,-0.05560309893960536,0.03,1,1,1,0.0,0.3333333333333333,0.08857350000000001,-1,-1,-1,1.0,1.0,-1.0,0.0,-0.3333333333333333,0.10935000000000002,-1,-1,-1,0.356862745098039,0.694117647058824,0.803921568627451
207.2239851951599,0.0,-0.05897657543815711,0.03,1,1,1,0.0,0.3333333333333333,0.08857350000000001,-1,-1,-1,1.0,1.0,-1.0,0.0,-0.3333333333333333,0.10935000000000002,-1,-1,-1,0.356862745098039,0.694117647058824,0.803921568627451
207.25835704803467,0.0,-0.062350051936708846,0.03,1,1,1,0.0,0.3333333333333333,0.08857350000000001,-1,-1,-1,1.0,1.0,-1.0,0.0,-0.3333333333333333,0.10935000000000002,-1,-1,-1,0.356862745098039,0.694117647058824,0.803921568627451
207.30388736724854,0.0,-0.06572352843526062,0.03,1,1,1,0.0,0.3333333333333333,0.08857350000000001,-1,-1,-1,1.0,1.0,-1.0,0.0,-0.3333333333333333,0.10935000000000002,-1,-1,-1,0.356862745098039,0.694117647058824,0.803921568627451
207.34188675880432,0.0,-0.0690970049338124,0.03,1,1,1,0.0,0.3333333333333333,0.08857350000000001,-1,-1,-1,1.0,1.0,-1.0,0.0,-0.3333333333333333,0.10935000000000002,-1,-1,-1,0.356862745098039,0.694117647058824,0.803921568627451
207.37648844718933,0.0,-0.07247048143236419,0.03,1,1,1,0.0,0.3333333333333333,0.08857350000000001,-1,-1,-1,1.0,1.0,-1.0,0.0,-0.3333333333333333,0.10935000000000002,-1,-1,-1,0.356862745098039,0.694117647058824,0.803921568627451
207.41186904907227,0.0,-0.07584395793091597,0.03,1,1,1,0.0,0.3333333333333333,0.08857350000000001,-1,-1,-1,1.0,1.0,-1.0,0.0,-0.3333333333333333,0.10935000000000002,-1,-1,-1,0.356862745098039,0.694117647058824,0.803921568627451
207.44590759277344,0.0,-0.07921743442946776,0.03,1,1,1,0.0,0.3333333333333333,0.08857350000000001,-1,-1,-1,1.0,1.0,-1.0,0.0,-0.3333333333333333,0.10935000000000002,-1,-1,-1,0.356862745098039,0.694117647058824,0.803921568627451
207.48078966140747,0.0,-0.08259091092801954,0.03,1,1,1,0.0,0.3333333333333333,0.08857350000000001,-1,-1,-1,1.0,1.0,-1.0,0.0,-0.3333333333333333,0.10935000000000002,-1,-1,-1,0.356862745098039,0.694117647058824,0.803921568627451
207.52300214767456,0.0,-0.08596438742657132,0.03,1,1,1,0.0,0.3333333333333333,0.08857350000000001,-1,-1,-1,1.0,1.0,-1.0,0.0,-0.3333333333333333,0.10935000000000002,-1,-1,-1,0.356862745098039,0.694117647058824,0.803921568627451
207.55673813819885,0.0,-0.0893378639251231,0.03,1,1,1,0.0,0.3333333333333333,0.08857350000000001,-1,-1,-1,1.0,1.0,-1.0,0.0,-0.3333333333333333,0.10935000000000002,-1,-1,-1,0.356862745098039,0.694117647058824,0.803921568627451
207.59162616729736,0.0,-0.09271134042367489,0.03,1,1,1,0.0,0.3333333333333333,0.08857350000000001,-1,-1,-1,1.0,1.0,-1.0,0.0,-0.3333333333333333,0.10935000000000002,-1,-1,-1,0.356862745098039,0.694117647058824,0.803921568627451
207.62642407417297,0.0,-0.09608481692222667,0.03,1,1,1,0.0,0.3333333333333333,0.08857350000000001,-1,-1,-1,1.0,1.0,-1.0,0.0,-0.3333333333333333,0.10935000000000002,-1,-1,-1,0.356862745098039,0.694117647058824,0.803921568627451
207.6613850593567,0.0,-0.09945829342077846,0.03,1,1,1,0.0,0.3333333333333333,0.08857350000000001,-1,-1,-1,1.0,1.0,-1.0,0.0,-0.3333333333333333,0.10935000000000002,-1,-1,-1,0.356862745098039,0.694117647058824,0.803921568627451
207.70613741874695,0.0,-0.10283176991933024,0.03,1,1,1,0.0,0.3333333333333333,0.08857350000000001,-1,-1,-1,1.0,1.0,-1.0,0.0,-0.3333333333333333,0.10935000000000002,-1,-1,-1,0.356862745098039,0.694117647058824,0.803921568627451
207.74454474449158,0.0,-0.10620524641788202,0.03,1,1,1,0.0,0.3333333333333333,0.08857350000000001,-1,-1,-1,1.0,1.0,-1.0,0.0,-0.3333333333333333,0.10935000000000002,-1,-1,-1,0.356862745098039,0.694117647058824,0.803921568627451
207.77907299995422,0.0,-0.10957872291643381,0.03,1,1,1,0.0,0.3333333333333333,0.08857350000000001,-1,-1,-1,1.0,1.0,-1.0,0.0,-0.3333333333333333,0.10935000000000002,-1,-1,-1,0.356862745098039,0.694117647058824,0.803921568627451
207.81382727622986,0.0,-0.11295219941498559,0.03,1,1,1,0.0,0.3333333333333333,0.08857350000000001,-1,-1,-1,1.0,1.0,-1.0,0.0,-0.3333333333333333,0.10935000000000002,-1,-1,-1,0.356862745098039,0.694117647058824,0.803921568627451
207.84900832176208,0.0,-0.11632567591353737,0.03,1,1,1,0.0,0.3333333333333333,0.08857350000000001,-1,-1,-1,1.0,1.0,-1.0,0.0,-0.3333333333333333,0.10935000000000002,-1,-1,-1,0.356862745098039,0.694117647058824,0.803921568627451
207.8914475440979,0.0,-0.11969915241208916,0.03,1,1,1,0.0,0.3333333333333333,0.08857350000000001,-1,-1,-1,1.0,1.0,-1.0,0.0,-0.3333333333333333,0.10935000000000002,-1,-1,-1,0.356862745098039,0.694117647058824,0.803921568627451
207.93242979049683,0.0,-0.12307262891064097,0.03,1,1,1,0.0,0.3333333333333333,0.08857350000000001,-1,-1,-1,1.0,1.0,-1.0,0.0,-0.3333333333333333,0.10935000000000002,-1,-1,-1,0.356862745098039,0.694117647058824,0.803921568627451
207.96698689460754,0.0,-0.1264461054091927,0.03,1,1,1,0.0,0.3333333333333333,0.08857350000000001,-1,-1,-1,1.0,1.0,-1.0,0.0,-0.3333333333333333,0.10935000000000002,-1,-1,-1,0.356862745098039,0.694117647058824,0.803921568627451
208.0013861656189,0.0,-0.12981958190774442,0.03,1,1,1,0.0,0.3333333333333333,0.08857350000000001,-1,-1,-1,1.0,1.0,-1.0,0.0,-0.3333333333333333,0.10935000000000002,-1,-1,-1,0.356862745098039,0.694117647058824,0.803921568627451
208.04029369354248,0.0,-0.13257018035841758,0.03,1,1,1,0.0,0.3333333333333333,0.08857350000000001,-1,-1,-1,1.0,1.0,-1.0,0.0,-0.3333333333333333,0.10935000000000002,-1,-1,-1,0.356862745098039,0.694117647058824,0.803921568627451
208.07572174072266,0.0,-0.13532077880909074,0.03,1,1,1,0.0,0.3333333333333333,0.08857350000000001,-1,-1,-1,1.0,1.0,-1.0,0.0,-0.3333333333333333,0.10935000000000002,-1,-1,-1,0.356862745098039,0.694117647058824,0.803921568627451
208.11257529258728,0.0,-0.1380713772597639,0.03,1,1,1,0.0,0.3333333333333333,0.08857350000000001,-1,-1,-1,1.0,1.0,-1.0,0.0,-0.3333333333333333,0.10935000000000002,-1,-1,-1,0.356862745098039,0.694117647058824,0.803921568627451
208.15396928787231,0.0,-0.14082197571043706,0.03,1,1,1,0.0,0.3333333333333333,0.08857350000000001,-1,-1,-1,1.0,1.0,-1.0,0.0,-0.3333333333333333,0.10935000000000002,-1,-1,-1,0.356862745098039,0.694117647058824,0.803921568627451
208.18865489959717,0.0,-0.14357257416111022,0.03,1,1,1,0.0,0.3333333333333333,0.08857350000000001,-1,-1,-1,1.0,1.0,-1.0,0.0,-0.3333333333333333,0.10935000000000002,-1,-1,-1,0.356862745098039,0.694117647058824,0.803921568627451
208.22338819503784,0.0,-0.14632317261178338,0.03,1,1,1,0.0,0.3333333333333333,0.08857350000000001,-1,-1,-1,1.0,1.0,-1.0,0.0,-0.3333333333333333,0.10935000000000002,-1,-1,-1,0.356862745098039,0.694117647058824,0.803921568627451
208.2584264278412,0.0,-0.14907377106245653,0.03,1,1,1,0.0,0.3333333333333333,0.08857350000000001,-1,-1,-1,1.0,1.0,-1.0,0.0,-0.3333333333333333,0.10935000000000002,-1,-1,-1,0.356862745098039,0.694117647058824,0.803921568627451
208.2999656200409,0.0,-0.1518243695131297,0.03,1,1,1,0.0,0.3333333333333333,0.08857350000000001,-1,-1,-1,1.0,1.0,-1.0,0.0,-0.3333333333333333,0.10935000000000002,-1,-1,-1,0.356862745098039,0.694117647058824,0.803921568627451
208.33449864387512,0.0,-0.15457496796380285,0.03,1,1,1,0.0,0.3333333333333333,0.08857350000000001,-1,-1,-1,1.0,1.0,-1.0,0.0,-0.3333333333333333,0.10935000000000002,-1,-1,-1,0.356862745098039,0.694117647058824,0.803921568627451
208.36930656433105,0.0,-0.157325566414476,0.03,1,1,1,0.0,0.3333333333333333,0.08857350000000001,-1,-1,-1,1.0,1.0,-1.0,0.0,-0.3333333333333333,0.10935000000000002,-1,-1,-1,0.356862745098039,0.694117647058824,0.803921568627451
208.40831232070923,0.0,-0.16007616486514917,0.03,1,1,1,0.0,0.3333333333333333,0.08857350000000001,-1,-1,-1,1.0,1.0,-1.0,0.0,-0.3333333333333333,0.10935000000000002,-1,-1,-1,0.356862745098039,0.694117647058824,0.803921568627451
208.44262886047363,0.0,-0.16282676331582233,0.03,1,1,1,0.0,0.3333333333333333,0.08857350000000001,-1,-1,-1,1.0,1.0,-1.0,0.0,-0.3333333333333333,0.10935000000000002,-1,-1,-1,0.356862745098039,0.694117647058824,0.803921568627451
208.47668552398682,0.0,-0.16557736176649548,0.03,1,1,1,0.0,0.3333333333333333,0.08857350000000001,-1,-1,-1,1.0,1.0,-1.0,0.0,-0.3333333333333333,0.10935000000000002,-1,-1,-1,0.356862745098039,0.694117647058824,0.803921568627451
208.51549291610718,0.0,-0.16832796021716864,0.03,1,1,1,0.0,0.3333333333333333,0.08857350000000001,-1,-1,-1,1.0,1.0,-1.0,0.0,-0.3333333333333333,0.10935000000000002,-1,-1,-1,0.356862745098039,0.694117647058824,0.803921568627451
208.5506410598755,0.0,-0.1710785586678418,0.03,1,1,1,0.0,0.3333333333333333,0.08857350000000001,-1,-1,-1,1.0,1.0,-1.0,0.0,-0.3333333333333333,0.10935000000000002,-1,-1,-1,0.356862745098039,0.694117647058824,0.803921568627451
208.5917444229126,0.0,-0.17382915711851496,0.03,1,1,1,0.0,0.3333333333333333,0.08857350000000001,-1,-1,-1,1.0,1.0,-1.0,0.0,-0.3333333333333333,0.10935000000000002,-1,-1,-1,0.356862745098039,0.694117647058824,0.803921568627451
208.62658166885376,0.0,-0.17657975556918812,0.03,1,1,1,0.0,0.3333333333333333,0.08857350000000001,-1,-1,-1,1.0,1.0,-1.0,0.0,-0.3333333333333333,0.10935000000000002,-1,-1,-1,0.356862745098039,0.694117647058824,0.803921568627451
208.66894698143005,0.0,-0.17933035401986128,0.03,1,1,1,0.0,0.3333333333333333,0.08857350000000001,-1,-1,-1,1.0,1.0,-1.0,0.0,-0.3333333333333333,0.10935000000000002,-1,-1,-1,0.356862745098039,0.694117647058824,0.803921568627451
208.71053385734558,0.0,-0.18208095247053444,0.03,1,1,1,0.0,0.3333333333333333,0.08857350000000001,-1,-1,-1,1.0,1.0,-1.0,0.0,-0.3333333333333333,0.10935000000000002,-1,-1,-1,0.356862745098039,0.694117647058824,0.803921568627451
208.74447870254517,0.0,-0.1848315509212076,0.03,1,1,1,0.0,0.3333333333333333,0.08857350000000001,-1,-1,-1,1.0,1.0,-1.0,0.0,-0.3333333333333333,0.10935000000000002,-1,-1,-1,0.356862745098039,0.694117647058824,0.803921568627451
208.77920770645142,0.0,-0.18758214937188075,0.03,1,1,1,0.0,0.3333333333333333,0.08857350000000001,-1,-1,-1,1.0,1.0,-1.0,0.0,-0.3333333333333333,0.10935000000000002,-1,-1,-1,0.356862745098039,0.694117647058824,0.803921568627451
208.81453347206116,0.0,-0.1903327478225539,0.03,1,1,1,0.0,0.3333333333333333,0.08857350000000001,-1,-1,-1,1.0,1.0,-1.0,0.0,-0.3333333333333333,0.10935000000000002,-1,-1,-1,0.356862745098039,0.694117647058824,0.803921568627451
208.86293959617615,0.0,-0.19308334627322707,0.03,1,1,1,0.0,0.3333333333333333,0.08857350000000001,-1,-1,-1,1.0,1.0,-1.0,0.0,-0.3333333333333333,0.10935000000000002,-1,-1,-1,0.356862745098039,0.694117647058824,0.803921568627451
208.8976273536682,0.0,-0.19583394472390023,0.03,1,1,1,0.0,0.3333333333333333,0.08857350000000001,-1,-1,-1,1.0,1.0,-1.0,0.0,-0.3333333333333333,0.10935000000000002,-1,-1,-1,0.356862745098039,0.694117647058824,0.803921568627451
208.93185544013977,0.0,-0.19858454317457339,0.03,1,1,1,0.0,0.3333333333333333,0.08857350000000001,-1,-1,-1,1.0,1.0,-1.0,0.0,-0.3333333333333333,0.10935000000000002,-1,-1,-1,0.356862745098039,0.694117647058824,0.803921568627451
208.96689748764038,0.0,-0.20133514162524654,0.03,1,1,1,0.0,0.3333333333333333,0.08857350000000001,-1,-1,-1,1.0,1.0,-1.0,0.0,-0.3333333333333333,0.10935000000000002,-1,-1,-1,0.356862745098039,0.694117647058824,0.803921568627451
209.00166654586792,0.0,-0.2040857400759197,0.03,1,1,1,0.0,0.3333333333333333,0.08857350000000001,-1,-1,-1,1.0,1.0,-1.0,0.0,-0.3333333333333333,0.10935000000000002,-1,-1,-1,0.356862745098039,0.694117647058824,0.803921568627451
209.04689192771912,0.0,-0.20683633852659286,0.03,1,1,1,0.0,0.3333333333333333,0.08857350000000001,-1,-1,-1,1.0,1.0,-1.0,0.0,-0.3333333333333333,0.10935000000000002,-1,-1,-1,0.356862745098039,0.694117647058824,0.803921568627451
209.08499264717102,0.0,-0.20958693697726602,0.03,1,1,1,0.0,0.3333333333333333,0.08857350000000001,-1,-1,-1,1.0,1.0,-1.0,0.0,-0.3333333333333333,0.10935000000000002,-1,-1,-1,0.356862745098039,0.694117647058824,0.803921568627451
209.12668299674988,0.0,-0.21233753542793918,0.03,1,1,1,0.0,0.3333333333333333,0.08857350000000001,-1,-1,-1,1.0,1.0,-1.0,0.0,-0.3333333333333333,0.10935000000000002,-1,-1,-1,0.356862745098039,0.694117647058824,0.803921568627451
209.16136860847473,0.0,-0.21508813387861234,0.03,1,1,1,0.0,0.3333333333333333,0.08857350000000001,-1,-1,-1,1.0,1.0,-1.0,0.0,-0.3333333333333333,0.10935000000000002,-1,-1,-1,0.356862745098039,0.694117647058824,0.803921568627451
209.19609236717224,0.0,-0.2178387323292855,0.03,1,1,1,0.0,0.3333333333333333,0.08857350000000001,-1,-1,-1,1.0,1.0,-1.0,0.0,-0.3333333333333333,0.10935000000000002,-1,-1,-1,0.356862745098039,0.694117647058824,0.803921568627451
209.23834657669067,0.0,-0.21949554828633341,0.03,1,1,1,0.0,0.3333333333333333,0.08857350000000001,-1,-1,-1,1.0,1.0,-1.0,0.0,-0.3333333333333333,0.10935000000000002,-1,-1,-1,0.356862745098039,0.694117647058824,0.803921568627451
209.28041124343872,0.0,-0.22087891861997502,0.03,1,1,1,0.0,0.3333333333333333,0.08857350000000001,-1,-1,-1,1.0,1.0,-1.0,0.0,-0.3333333333333333,0.10935000000000002,-1,-1,-1,0.356862745098039,0.694117647058824,0.803921568627451
209.31473302841187,0.0,-0.22226228895361663,0.03,1,1,1,0.0,0.3333333333333333,0.08857350000000001,-1,-1,-1,1.0,1.0,-1.0,0.0,-0.3333333333333333,0.10935000000000002,-1,-1,-1,0.356862745098039,0.694117647058824,0.803921568627451
209.34905910491943,0.0,-0.22364565928725824,0.03,1,1,1,0.0,0.3333333333333333,0.08857350000000001,-1,-1,-1,1.0,1.0,-1.0,0.0,-0.3333333333333333,0.10935000000000002,-1,-1,-1,0.356862745098039,0.694117647058824,0.803921568627451
209.38312602043152,0.0,-0.22502902962089985,0.03,1,1,1,0.0,0.3333333333333333,0.08857350000000001,-1,-1,-1,1.0,1.0,-1.0,0.0,-0.3333333333333333,0.10935000000000002,-1,-1,-1,0.356862745098039,0.694117647058824,0.803921568627451
209.41867780685425,0.0,-0.22641239995454146,0.03,1,1,1,0.0,0.3333333333333333,0.08857350000000001,-1,-1,-1,1.0,1.0,-1.0,0.0,-0.3333333333333333,0.10935000000000002,-1,-1,-1,0.356862745098039,0.694117647058824,0.803921568627451
209.4543011188507,0.0,-0.22779577028818307,0.03,1,1,1,0.0,0.3333333333333333,0.08857350000000001,-1,-1,-1,1.0,1.0,-1.0,0.0,-0.3333333333333333,0.10935000000000002,-1,-1,-1,0.356862745098039,0.694117647058824,0.803921568627451
209.50157141685486,0.0,-0.22917914062182468,0.03,1,1,1,0.0,0.3333333333333333,0.08857350000000001,-1,-1,-1,1.0,1.0,-1.0,0.0,-0.3333333333333333,0.10935000000000002,-1,-1,-1,0.356862745098039,0.694117647058824,0.803921568627451
209.53640985488892,0.0,-0.2305625109554663,0.03,1,1,1,0.0,0.3333333333333333,0.08857350000000001,-1,-1,-1,1.0,1.0,-1.0,0.0,-0.3333333333333333,0.10935000000000002,-1,-1,-1,0.356862745098039,0.694117647058824,0.803921568627451
209.57080149650574,0.0,-0.2319458812891079,0.03,1,1,1,0.0,0.3333333333333333,0.08857350000000001,-1,-1,-1,1.0,1.0,-1.0,0.0,-0.3333333333333333,0.10935000000000002,-1,-1,-1,0.356862745098039,0.694117647058824,0.803921568627451
209.60557317733765,0.0,-0.2333292516227495,0.03,1,1,1,0.0,0.3333333333333333,0.08857350000000001,-1,-1,-1,1.0,1.0,-1.0,0.0,-0.3333333333333333,0.10935000000000002,-1,-1,-1,0.356862745098039,0.694117647058824,0.803921568627451
209.64004635810852,0.0,-0.23471262195639112,0.03,1,1,1,0.0,0.3333333333333333,0.08857350000000001,-1,-1,-1,1.0,1.0,-1.0,0.0,-0.3333333333333333,0.10935000000000002,-1,-1,-1,0.356862745098039,0.694117647058824,0.803921568627451
209.68539333343506,0.0,-0.23609599229003272,0.03,1,1,1,0.0,0.3333333333333333,0.08857350000000001,-1,-1,-1,1.0,1.0,-1.0,0.0,-0.3333333333333333,0.10935000000000002,-1,-1,-1,0.356862745098039,0.694117647058824,0.803921568627451
209.72341656684875,0.0,-0.23747936262367433,0.03,1,1,1,0.0,0.3333333333333333,0.08857350000000001,-1,-1,-1,1.0,1.0,-1.0,0.0,-0.3333333333333333,0.10935000000000002,-1,-1,-1,0.356862745098039,0.694117647058824,0.803921568627451
209.7583475112915,0.0,-0.238862732957316,0.03,1,1,1,0.0,0.3333333333333333,0.08857350000000001,-1,-1,-1,1.0,1.0,-1.0,0.0,-0.3333333333333333,0.10935000000000002,-1,-1,-1,0.356862745098039,0.694117647058824,0.803921568627451
209.7928009033203,0.0,-0.24024610329095766,0.03,1,1,1,0.0,0.3333333333333333,0.08857350000000001,-1,-1,-1,1.0,1.0,-1.0,0.0,-0.3333333333333333,0.10935000000000002,-1,-1,-1,0.356862745098039,0.694117647058824,0.803921568627451
209.82772254943848,0.0,-0.24162947362459933,0.03,1,1,1,0.0,0.3333333333333333,0.08857350000000001,-1,-1,-1,1.0,1.0,-1.0,0.0,-0.3333333333333333,0.10935000000000002,-1,-1,-1,0.356862745098039,0.694117647058824,0.803921568627451
209.86980509757996,0.0,-0.243012843958241,0.03,1,1,1,0.0,0.3333333333333333,0.08857350000000001,-1,-1,-1,1.0,1.0,-1.0,0.0,-0.3333333333333333,0.10935000000000002,-1,-1,-1,0.356862745098039,0.694117647058824,0.803921568627451
209.90392875671387,0.0,-0.24439621429188266,0.03,1,1,1,0.0,0.3333333333333333,0.08857350000000001,-1,-1,-1,1.0,1.0,-1.0,0.0,-0.3333333333333333,0.10935000000000002,-1,-1,-1,0.356862745098039,0.694117647058824,0.803921568627451
209.93899035453796,0.0,-0.24577958462552432,0.03,1,1,1,0.0,0.3333333333333333,0.08857350000000001,-1,-1,-1,1.0,1.0,-1.0,0.0,-0.3333333333333333,0.10935000000000002,-1,-1,-1,0.356862745098039,0.694117647058824,0.803921568627451
209.97334909439087,0.0,-0.247162954959166,0.03,1,1,1,0.0,0.3333333333333333,0.08857350000000001,-1,-1,-1,1.0,1.0,-1.0,0.0,-0.3333333333333333,0.10935000000000002,-1,-1,-1,0.356862745098039,0.694117647058824,0.803921568627451
210.0081856250763,0.0,-0.24854632529280765,0.03,1,1,1,0.0,0.3333333333333333,0.08857350000000001,-1,-1,-1,1.0,1.0,-1.0,0.0,-0.3333333333333333,0.10935000000000002,-1,-1,-1,0.356862745098039,0.694117647058824,0.803921568627451
210.05204319953918,0.0,-0.24992969562644932,0.03,1,1,1,0.0,0.3333333333333333,0.08857350000000001,-1,-1,-1,1.0,1.0,-1.0,0.0,-0.3333333333333333,0.10935000000000002,-1,-1,-1,0.356862745098039,0.694117647058824,0.803921568627451
210.08504724502563,0.0,-0.25131306596009095,0.03,1,1,1,0.0,0.3333333333333333,0.08857350000000001,-1,-1,-1,1.0,1.0,-1.0,0.0,-0.3333333333333333,0.10935000000000002,-1,-1,-1,0.356862745098039,0.694117647058824,0.803921568627451
210.1192500591278,0.0,-0.25269643629373256,0.03,1,1,1,0.0,0.3333333333333333,0.08857350000000001,-1,-1,-1,1.0,1.0,-1.0,0.0,-0.3333333333333333,0.10935000000000002,-1,-1,-1,0.356862745098039,0.694117647058824,0.803921568627451
210.15395617485046,0.0,-0.25407980662737417,0.03,1,1,1,0.0,0.3333333333333333,0.08857350000000001,-1,-1,-1,1.0,1.0,-1.0,0.0,-0.3333333333333333,0.10935000000000002,-1,-1,-1,0.356862745098039,0.694117647058824,0.803921568627451
210.1886692047119,0.0,-0.2554631769610158,0.03,1,1,1,0.0,0.3333333333333333,0.08857350000000001,-1,-1,-1,1.0,1.0,-1.0,0.0,-0.3333333333333333,0.10935000000000002,-1,-1,-1,0.356862745098039,0.694117647058824,0.803921568627451
210.22319531440735,0.0,-0.2568465472946574,0.03,1,1,1,0.0,0.3333333333333333,0.08857350000000001,-1,-1,-1,1.0,1.0,-1.0,0.0,-0.3333333333333333,0.10935000000000002,-1,-1,-1,0.356862745098039,0.694117647058824,0.803921568627451
210.26520705223083,0.0,-0.258229917628299,0.03,1,1,1,0.0,0.3333333333333333,0.08857350000000001,-1,-1,-1,1.0,1.0,-1.0,0.0,-0.3333333333333333,0.10935000000000002,-1,-1,-1,0.356862745098039,0.694117647058824,0.803921568627451
210.29995775222778,0.0,-0.2596132879619406,0.03,1,1,1,0.0,0.3333333333333333,0.08857350000000001,-1,-1,-1,1.0,1.0,-1.0,0.0,-0.3333333333333333,0.10935000000000002,-1,-1,-1,0.356862745098039,0.694117647058824,0.803921568627451
210.3345444202423,0.0,-0.2609966582955822,0.03,1,1,1,0.0,0.3333333333333333,0.08857350000000001,-1,-1,-1,1.0,1.0,-1.0,0.0,-0.3333333333333333,0.10935000000000002,-1,-1,-1,0.356862745098039,0.694117647058824,0.803921568627451
210.36924004554749,0.0,-0.2623800286292238,0.03,1,1,1,0.0,0.3333333333333333,0.08857350000000001,-1,-1,-1,1.0,1.0,-1.0,0.0,-0.3333333333333333,0.10935000000000002,-1,-1,-1,0.356862745098039,0.694117647058824,0.803921568627451
210.40384554862976,0.0,-0.26376339896286544,0.03,1,1,1,0.0,0.3333333333333333,0.08857350000000001,-1,-1,-1,1.0,1.0,-1.0,0.0,-0.3333333333333333,0.10935000000000002,-1,-1,-1,0.356862745098039,0.694117647058824,0.803921568627451
210.4458451271057,0.0,-0.26494234545839185,0.03,1,1,1,0.0,0.3333333333333333,0.08857350000000001,-1,-1,-1,1.0,1.0,-1.0,0.0,-0.3333333333333333,0.10935000000000002,-1,-1,-1,0.356862745098039,0.694117647058824,0.803921568627451
210.48899745941162,0.0,-0.26612129195391826,0.03,1,1,1,0.0,0.3333333333333333,0.08857350000000001,-1,-1,-1,1.0,1.0,-1.0,0.0,-0.3333333333333333,0.10935000000000002,-1,-1,-1,0.356862745098039,0.694117647058824,0.803921568627451
210.52263689041138,0.0,-0.26730023844944467,0.03,1,1,1,0.0,0.3333333333333333,0.08857350000000001,-1,-1,-1,1.0,1.0,-1.0,0.0,-0.3333333333333333,0.10935000000000002,-1,-1,-1,0.356862745098039,0.694117647058824,0.803921568627451
210.55608129501343,0.0,-0.2684791849449711,0.03,1,1,1,0.0,0.3333333333333333,0.08857350000000001,-1,-1,-1,1.0,1.0,-1.0,0.0,-0.3333333333333333,0.10935000000000002,-1,-1,-1,0.356862745098039,0.694117647058824,0.803921568627451
210.59108424186707,0.0,-0.2696581314404975,0.03,1,1,1,0.0,0.3333333333333333,0.08857350000000001,-1,-1,-1,1.0,1.0,-1.0,0.0,-0.3333333333333333,0.10935000000000002,-1,-1,-1,0.356862745098039,0.694117647058824,0.803921568627451
210.62636828422546,0.0,-0.2708370779360239,0.03,1,1,1,0.0,0.3333333333333333,0.08857350000000001,-1,-1,-1,1.0,1.0,-1.0,0.0,-0.3333333333333333,0.10935000000000002,-1,-1,-1,0.356862745098039,0.694117647058824,0.803921568627451
210.6607162952423,0.0,-0.2720160244315503,0.03,1,1,1,0.0,0.3333333333333333,0.08857350000000001,-1,-1,-1,1.0,1.0,-1.0,0.0,-0.3333333333333333,0.10935000000000002,-1,-1,-1,0.356862745098039,0.694117647058824,0.803921568627451
210.70259523391724,0.0,-0.27319497092707673,0.03,1,1,1,0.0,0.3333333333333333,0.08857350000000001,-1,-1,-1,1.0,1.0,-1.0,0.0,-0.3333333333333333,0.10935000000000002,-1,-1,-1,0.356862745098039,0.694117647058824,0.803921568627451
210.7373514175415,0.0,-0.27437391742260314,0.03,1,1,1,0.0,0.3333333333333333,0.08857350000000001,-1,-1,-1,1.0,1.0,-1.0,0.0,-0.3333333333333333,0.10935000000000002,-1,-1,-1,0.356862745098039,0.694117647058824,0.803921568627451
210.7718722820282,0.0,-0.27555286391812955,0.03,1,1,1,0.0,0.3333333333333333,0.08857350000000001,-1,-1,-1,1.0,1.0,-1.0,0.0,-0.3333333333333333,0.10935000000000002,-1,-1,-1,0.356862745098039,0.694117647058824,0.803921568627451
210.81350755691528,0.0,-0.27673181041365597,0.03,1,1,1,0.0,0.3333333333333333,0.08857350000000001,-1,-1,-1,1.0,1.0,-1.0,0.0,-0.3333333333333333,0.10935000000000002,-1,-1,-1,0.356862745098039,0.694117647058824,0.803921568627451
210.85723233222961,0.0,-0.2779107569091824,0.03,1,1,1,0.0,0.3333333333333333,0.08857350000000001,-1,-1,-1,1.0,1.0,-1.0,0.0,-0.3333333333333333,0.10935000000000002,-1,-1,-1,0.356862745098039,0.694117647058824,0.803921568627451
210.89088559150696,0.0,-0.2790897034047088,0.03,1,1,1,0.0,0.3333333333333333,0.08857350000000001,-1,-1,-1,1.0,1.0,-1.0,0.0,-0.3333333333333333,0.10935000000000002,-1,-1,-1,0.356862745098039,0.694117647058824,0.803921568627451
210.92587518692017,0.0,-0.2802686499002352,0.03,1,1,1,0.0,0.3333333333333333,0.08857350000000001,-1,-1,-1,1.0,1.0,-1.0,0.0,-0.3333333333333333,0.10935000000000002,-1,-1,-1,0.356862745098039,0.694117647058824,0.803921568627451
210.95950198173523,0.0,-0.2814475963957616,0.03,1,1,1,0.0,0.3333333333333333,0.08857350000000001,-1,-1,-1,1.0,1.0,-1.0,0.0,-0.3333333333333333,0.10935000000000002,-1,-1,-1,0.356862745098039,0.694117647058824,0.803921568627451
210.99448132514954,0.0,-0.282626542891288,0.03,1,1,1,0.0,0.3333333333333333,0.08857350000000001,-1,-1,-1,1.0,1.0,-1.0,0.0,-0.3333333333333333,0.10935000000000002,-1,-1,-1,0.356862745098039,0.694117647058824,0.803921568627451
211.02922892570496,0.0,-0.28380548938681444,0.03,1,1,1,0.0,0.3333333333333333,0.08857350000000001,-1,-1,-1,1.0,1.0,-1.0,0.0,-0.3333333333333333,0.10935000000000002,-1,-1,-1,0.356862745098039,0.694117647058824,0.803921568627451
211.07032251358032,0.0,-0.28498443588234085,0.03,1,1,1,0.0,0.3333333333333333,0.08857350000000001,-1,-1,-1,1.0,1.0,-1.0,0.0,-0.3333333333333333,0.10935000000000002,-1,-1,-1,0.356862745098039,0.694117647058824,0.803921568627451
