time,ball_x,ball_y,ball_radius,ball_color_r,ball_color_g,ball_color_b,roi1_x,roi1_y,roi1_radius,roi1_color_r,roi1_color_g,roi1_color_b,roi1_lineColor_r,roi1_lineColor_g,roi1_lineColor_b,roi2_x,roi2_y,roi2_radius,roi2_color_r,roi2_color_g,roi2_color_b,roi2_lineColor_r,roi2_lineColor_g,roi2_lineColor_b
33.42773413658142,0.0,0.0,0.03,1,1,1,0.0,0.3333333333333333,0.15,-1,-1,-1,1.0,1.0,-1.0,0.0,-0.3333333333333333,0.15,-1,-1,-1,0.356862745098039,0.694117647058824,0.803921568627451
33.462788343429565,0.0,0.0,0.03,1,1,1,0.0,0.3333333333333333,0.15,-1,-1,-1,1.0,1.0,-1.0,0.0,-0.3333333333333333,0.15,-1,-1,-1,0.356862745098039,0.694117647058824,0.803921568627451
33.49660515785217,0.0,0.0,0.03,1,1,1,0.0,0.3333333333333333,0.15,-1,-1,-1,1.0,1.0,-1.0,0.0,-0.3333333333333333,0.15,-1,-1,-1,0.356862745098039,0.694117647058824,0.803921568627451
33.531320095062256,0.0,0.0,0.03,1,1,1,0.0,0.3333333333333333,0.15,-1,-1,-1,1.0,1.0,-1.0,0.0,-0.3333333333333333,0.15,-1,-1,-1,0.356862745098039,0.694117647058824,0.803921568627451
33.56660842895508,0.0,0.0,0.03,1,1,1,0.0,0.3333333333333333,0.15,-1,-1,-1,1.0,1.0,-1.0,0.0,-0.3333333333333333,0.15,-1,-1,-1,0.356862745098039,0.694117647058824,0.803921568627451
33.60115671157837,0.0,0.0,0.03,1,1,1,0.0,0.3333333333333333,0.15,-1,-1,-1,1.0,1.0,-1.0,0.0,-0.3333333333333333,0.15,-1,-1,-1,0.356862745098039,0.694117647058824,0.803921568627451
33.63557958602905,0.0,0.0,0.03,1,1,1,0.0,0.3333333333333333,0.15,-1,-1,-1,1.0,1.0,-1.0,0.0,-0.3333333333333333,0.15,-1,-1,-1,0.356862745098039,0.694117647058824,0.803921568627451
33.67101192474365,0.0,0.0,0.03,1,1,1,0.0,0.3333333333333333,0.15,-1,-1,-1,1.0,1.0,-1.0,0.0,-0.3333333333333333,0.15,-1,-1,-1,0.356862745098039,0.694117647058824,0.803921568627451
33.705960273742676,0.0,0.0,0.03,1,1,1,0.0,0.3333333333333333,0.15,-1,-1,-1,1.0,1.0,-1.0,0.0,-0.3333333333333333,0.15,-1,-1,-1,0.356862745098039,0.694117647058824,0.803921568627451
33.74042534828186,0.0,-0.0006648579906988512,0.03,1,1,1,0.0,0.3333333333333333,0.15,-1,-1,-1,1.0,1.0,-1.0,0.0,-0.3333333333333333,0.15,-1,-1,-1,0.356862745098039,0.694117647058824,0.803921568627451
33.775662422180176,0.0,-0.0039891479441931076,0.03,1,1,1,0.0,0.3333333333333333,0.15,-1,-1,-1,1.0,1.0,-1.0,0.0,-0.3333333333333333,0.15,-1,-1,-1,0.356862745098039,0.694117647058824,0.803921568627451
33.809632778167725,0.0,-0.007313437897687365,0.03,1,1,1,0.0,0.3333333333333333,0.15,-1,-1,-1,1.0,1.0,-1.0,0.0,-0.3333333333333333,0.15,-1,-1,-1,0.356862745098039,0.694117647058824,0.803921568627451
33.84387755393982,0.0,-0.01063772785118162,0.03,1,1,1,0.0,0.3333333333333333,0.15,-1,-1,-1,1.0,1.0,-1.0,0.0,-0.3333333333333333,0.15,-1,-1,-1,0.356862745098039,0.694117647058824,0.803921568627451
33.878551959991455,0.0,-0.013962017804675873,0.03,1,1,1,0.0,0.3333333333333333,0.15,-1,-1,-1,1.0,1.0,-1.0,0.0,-0.3333333333333333,0.15,-1,-1,-1,0.356862745098039,0.694117647058824,0.803921568627451
33.91369009017944,0.0,-0.017286307758170128,0.03,1,1,1,0.0,0.3333333333333333,0.15,-1,-1,-1,1.0,1.0,-1.0,0.0,-0.3333333333333333,0.15,-1,-1,-1,0.356862745098039,0.694117647058824,0.803921568627451
33.94867420196533,0.0,-0.02061059771166438,0.03,1,1,1,0.0,0.3333333333333333,0.15,-1,-1,-1,1.0,1.0,-1.0,0.0,-0.3333333333333333,0.15,-1,-1,-1,0.356862745098039,0.694117647058824,0.803921568627451
33.98362922668457,0.0,-0.023934887665158635,0.03,1,1,1,0.0,0.3333333333333333,0.15,-1,-1,-1,1.0,1.0,-1.0,0.0,-0.3333333333333333,0.15,-1,-1,-1,0.356862745098039,0.694117647058824,0.803921568627451
34.018227338790894,0.0,-0.02725917761865289,0.03,1,1,1,0.0,0.3333333333333333,0.15,-1,-1,-1,1.0,1.0,-1.0,0.0,-0.3333333333333333,0.15,-1,-1,-1,0.356862745098039,0.694117647058824,0.803921568627451
34.05329918861389,0.0,-0.03058346757214714,0.03,1,1,1,0.0,0.3333333333333333,0.15,-1,-1,-1,1.0,1.0,-1.0,0.0,-0.3333333333333333,0.15,-1,-1,-1,0.356862745098039,0.694117647058824,0.803921568627451
34.08741998672485,0.0,-0.0339077575256414,0.03,1,1,1,0.0,0.3333333333333333,0.15,-1,-1,-1,1.0,1.0,-1.0,0.0,-0.3333333333333333,0.15,-1,-1,-1,0.356862745098039,0.694117647058824,0.803921568627451
34.122239112854004,0.0,-0.03723204747913567,0.03,1,1,1,0.0,0.3333333333333333,0.15,-1,-1,-1,1.0,1.0,-1.0,0.0,-0.3333333333333333,0.15,-1,-1,-1,0.356862745098039,0.694117647058824,0.803921568627451
34.15676140785217,0.0,-0.040556337432629944,0.03,1,1,1,0.0,0.3333333333333333,0.15,-1,-1,-1,1.0,1.0,-1.0,0.0,-0.3333333333333333,0.15,-1,-1,-1,0.356862745098039,0.694117647058824,0.803921568627451
34.191203594207764,0.0,-0.043880627386124214,0.03,1,1,1,0.0,0.3333333333333333,0.15,-1,-1,-1,1.0,1.0,-1.0,0.0,-0.3333333333333333,0.15,-1,-1,-1,0.356862745098039,0.694117647058824,0.803921568627451
34.22654318809509,0.0,-0.047204917339618485,0.03,1,1,1,0.0,0.3333333333333333,0.15,-1,-1,-1,1.0,1.0,-1.0,0.0,-0.3333333333333333,0.15,-1,-1,-1,0.356862745098039,0.694117647058824,0.803921568627451
34.26109194755554,0.0,-0.050529207293112756,0.03,1,1,1,0.0,0.3333333333333333,0.15,-1,-1,-1,1.0,1.0,-1.0,0.0,-0.3333333333333333,0.15,-1,-1,-1,0.356862745098039,0.694117647058824,0.803921568627451
34.29544258117676,0.0,-0.05385349724660703,0.03,1,1,1,0.0,0.3333333333333333,0.15,-1,-1,-1,1.0,1.0,-1.0,0.0,-0.3333333333333333,0.15,-1,-1,-1,0.356862745098039,0.694117647058824,0.803921568627451
34.331106424331665,0.0,-0.0571777872001013,0.03,1,1,1,0.0,0.3333333333333333,0.15,-1,-1,-1,1.0,1.0,-1.0,0.0,-0.3333333333333333,0.15,-1,-1,-1,0.356862745098039,0.694117647058824,0.803921568627451
34.365304708480835,0.0,-0.06050207715359556,0.03,1,1,1,0.0,0.3333333333333333,0.15,-1,-1,-1,1.0,1.0,-1.0,0.0,-0.3333333333333333,0.15,-1,-1,-1,0.356862745098039,0.694117647058824,0.803921568627451
34.40001320838928,0.0,-0.06382636710708985,0.03,1,1,1,0.0,0.3333333333333333,0.15,-1,-1,-1,1.0,1.0,-1.0,0.0,-0.3333333333333333,0.15,-1,-1,-1,0.356862745098039,0.694117647058824,0.803921568627451
34.43473172187805,0.0,-0.06715065706058408,0.03,1,1,1,0.0,0.3333333333333333,0.15,-1,-1,-1,1.0,1.0,-1.0,0.0,-0.3333333333333333,0.15,-1,-1,-1,0.356862745098039,0.694117647058824,0.803921568627451
34.469361305236816,0.0,-0.07047494701407832,0.03,1,1,1,0.0,0.3333333333333333,0.15,-1,-1,-1,1.0,1.0,-1.0,0.0,-0.3333333333333333,0.15,-1,-1,-1,0.356862745098039,0.694117647058824,0.803921568627451
34.50426650047302,0.0,-0.07379923696757255,0.03,1,1,1,0.0,0.3333333333333333,0.15,-1,-1,-1,1.0,1.0,-1.0,0.0,-0.3333333333333333,0.15,-1,-1,-1,0.356862745098039,0.694117647058824,0.803921568627451
34.53868818283081,0.0,-0.07712352692106679,0.03,1,1,1,0.0,0.3333333333333333,0.15,-1,-1,-1,1.0,1.0,-1.0,0.0,-0.3333333333333333,0.15,-1,-1,-1,0.356862745098039,0.694117647058824,0.803921568627451
34.574023485183716,0.0,-0.08044781687456103,0.03,1,1,1,0.0,0.3333333333333333,0.15,-1,-1,-1,1.0,1.0,-1.0,0.0,-0.3333333333333333,0.15,-1,-1,-1,0.356862745098039,0.694117647058824,0.803921568627451
34.60835838317871,0.0,-0.08377210682805526,0.03,1,1,1,0.0,0.3333333333333333,0.15,-1,-1,-1,1.0,1.0,-1.0,0.0,-0.3333333333333333,0.15,-1,-1,-1,0.356862745098039,0.694117647058824,0.803921568627451
34.64303112030029,0.0,-0.0870963967815495,0.03,1,1,1,0.0,0.3333333333333333,0.15,-1,-1,-1,1.0,1.0,-1.0,0.0,-0.3333333333333333,0.15,-1,-1,-1,0.356862745098039,0.694117647058824,0.803921568627451
34.677814960479736,0.0,-0.09042068673504373,0.03,1,1,1,0.0,0.3333333333333333,0.15,-1,-1,-1,1.0,1.0,-1.0,0.0,-0.3333333333333333,0.15,-1,-1,-1,0.356862745098039,0.694117647058824,0.803921568627451
34.712456941604614,0.0,-0.09374497668853797,0.03,1,1,1,0.0,0.3333333333333333,0.15,-1,-1,-1,1.0,1.0,-1.0,0.0,-0.3333333333333333,0.15,-1,-1,-1,0.356862745098039,0.694117647058824,0.803921568627451
34.74716305732727,0.0,-0.0970692666420322,0.03,1,1,1,0.0,0.3333333333333333,0.15,-1,-1,-1,1.0,1.0,-1.0,0.0,-0.3333333333333333,0.15,-1,-1,-1,0.356862745098039,0.694117647058824,0.803921568627451
34.78190898895264,0.0,-0.10039355659552644,0.03,1,1,1,0.0,0.3333333333333333,0.15,-1,-1,-1,1.0,1.0,-1.0,0.0,-0.3333333333333333,0.15,-1,-1,-1,0.356862745098039,0.694117647058824,0.803921568627451
34.816776275634766,0.0,-0.10371784654902068,0.03,1,1,1,0.0,0.3333333333333333,0.15,-1,-1,-1,1.0,1.0,-1.0,0.0,-0.3333333333333333,0.15,-1,-1,-1,0.356862745098039,0.694117647058824,0.803921568627451
34.85153102874756,0.0,-0.10704213650251491,0.03,1,1,1,0.0,0.3333333333333333,0.15,-1,-1,-1,1.0,1.0,-1.0,0.0,-0.3333333333333333,0.15,-1,-1,-1,0.356862745098039,0.694117647058824,0.803921568627451
34.88649392127991,0.0,-0.11036642645600915,0.03,1,1,1,0.0,0.3333333333333333,0.15,-1,-1,-1,1.0,1.0,-1.0,0.0,-0.3333333333333333,0.15,-1,-1,-1,0.356862745098039,0.694117647058824,0.803921568627451
34.921003341674805,0.0,-0.11369071640950339,0.03,1,1,1,0.0,0.3333333333333333,0.15,-1,-1,-1,1.0,1.0,-1.0,0.0,-0.3333333333333333,0.15,-1,-1,-1,0.356862745098039,0.694117647058824,0.803921568627451
34.95483183860779,0.0,-0.11702359646547404,0.03,1,1,1,0.0,0.3333333333333333,0.15,-1,-1,-1,1.0,1.0,-1.0,0.0,-0.3333333333333333,0.15,-1,-1,-1,0.356862745098039,0.694117647058824,0.803921568627451
34.989274978637695,0.0,-0.12036220325642896,0.03,1,1,1,0.0,0.3333333333333333,0.15,-1,-1,-1,1.0,1.0,-1.0,0.0,-0.3333333333333333,0.15,-1,-1,-1,0.356862745098039,0.694117647058824,0.803921568627451
35.024187088012695,0.0,-0.12370081004738388,0.03,1,1,1,0.0,0.3333333333333333,0.15,-1,-1,-1,1.0,1.0,-1.0,0.0,-0.3333333333333333,0.15,-1,-1,-1,0.356862745098039,0.694117647058824,0.803921568627451
35.05938363075256,0.0,-0.12703941683833883,0.03,1,1,1,0.0,0.3333333333333333,0.15,-1,-1,-1,1.0,1.0,-1.0,0.0,-0.3333333333333333,0.15,-1,-1,-1,0.356862745098039,0.694117647058824,0.803921568627451
35.094258308410645,0.0,-0.13037802362929377,0.03,1,1,1,0.0,0.3333333333333333,0.15,-1,-1,-1,1.0,1.0,-1.0,0.0,-0.3333333333333333,0.15,-1,-1,-1,0.356862745098039,0.694117647058824,0.803921568627451
35.12867569923401,0.0,-0.1337166304202487,0.03,1,1,1,0.0,0.3333333333333333,0.15,-1,-1,-1,1.0,1.0,-1.0,0.0,-0.3333333333333333,0.15,-1,-1,-1,0.356862745098039,0.694117647058824,0.803921568627451
35.16351938247681,0.0,-0.13705523721120363,0.03,1,1,1,0.0,0.3333333333333333,0.15,-1,-1,-1,1.0,1.0,-1.0,0.0,-0.3333333333333333,0.15,-1,-1,-1,0.356862745098039,0.694117647058824,0.803921568627451
35.198267698287964,0.0,-0.14039384400215857,0.03,1,1,1,0.0,0.3333333333333333,0.15,-1,-1,-1,1.0,1.0,-1.0,0.0,-0.3333333333333333,0.15,-1,-1,-1,0.356862745098039,0.694117647058824,0.803921568627451
35.2329638004303,0.0,-0.1437324507931135,0.03,1,1,1,0.0,0.3333333333333333,0.15,-1,-1,-1,1.0,1.0,-1.0,0.0,-0.3333333333333333,0.15,-1,-1,-1,0.356862745098039,0.694117647058824,0.803921568627451
35.267627000808716,0.0,-0.14707105758406844,0.03,1,1,1,0.0,0.3333333333333333,0.15,-1,-1,-1,1.0,1.0,-1.0,0.0,-0.3333333333333333,0.15,-1,-1,-1,0.356862745098039,0.694117647058824,0.803921568627451
35.30249309539795,0.0,-0.15040966437502337,0.03,1,1,1,0.0,0.3333333333333333,0.15,-1,-1,-1,1.0,1.0,-1.0,0.0,-0.3333333333333333,0.15,-1,-1,-1,0.356862745098039,0.694117647058824,0.803921568627451
35.337106704711914,0.0,-0.1537482711659783,0.03,1,1,1,0.0,0.3333333333333333,0.15,-1,-1,-1,1.0,1.0,-1.0,0.0,-0.3333333333333333,0.15,-1,-1,-1,0.356862745098039,0.694117647058824,0.803921568627451
35.37181782722473,0.0,-0.15708687795693324,0.03,1,1,1,0.0,0.3333333333333333,0.15,-1,-1,-1,1.0,1.0,-1.0,0.0,-0.3333333333333333,0.15,-1,-1,-1,0.356862745098039,0.694117647058824,0.803921568627451
35.40625238418579,0.0,-0.16042548474788818,0.03,1,1,1,0.0,0.3333333333333333,0.15,-1,-1,-1,1.0,1.0,-1.0,0.0,-0.3333333333333333,0.15,-1,-1,-1,0.356862745098039,0.694117647058824,0.803921568627451
35.44118118286133,0.0,-0.1637640915388431,0.03,1,1,1,0.0,0.3333333333333333,0.15,-1,-1,-1,1.0,1.0,-1.0,0.0,-0.3333333333333333,0.15,-1,-1,-1,0.356862745098039,0.694117647058824,0.803921568627451
35.47599244117737,0.0,-0.16710269832979804,0.03,1,1,1,0.0,0.3333333333333333,0.15,-1,-1,-1,1.0,1.0,-1.0,0.0,-0.3333333333333333,0.15,-1,-1,-1,0.356862745098039,0.694117647058824,0.803921568627451
35.510706186294556,0.0,-0.17044130512075298,0.03,1,1,1,0.0,0.3333333333333333,0.15,-1,-1,-1,1.0,1.0,-1.0,0.0,-0.3333333333333333,0.15,-1,-1,-1,0.356862745098039,0.694117647058824,0.803921568627451
35.54566764831543,0.0,-0.1737799119117079,0.03,1,1,1,0.0,0.3333333333333333,0.15,-1,-1,-1,1.0,1.0,-1.0,0.0,-0.3333333333333333,0.15,-1,-1,-1,0.356862745098039,0.694117647058824,0.803921568627451
35.5802948474884,0.0,-0.17711851870266285,0.03,1,1,1,0.0,0.3333333333333333,0.15,-1,-1,-1,1.0,1.0,-1.0,0.0,-0.3333333333333333,0.15,-1,-1,-1,0.356862745098039,0.694117647058824,0.803921568627451
35.61468577384949,0.0,-0.18045712549361778,0.03,1,1,1,0.0,0.3333333333333333,0.15,-1,-1,-1,1.0,1.0,-1.0,0.0,-0.3333333333333333,0.15,-1,-1,-1,0.356862745098039,0.694117647058824,0.803921568627451
35.649921894073486,0.0,-0.18379573228457272,0.03,1,1,1,0.0,0.3333333333333333,0.15,-1,-1,-1,1.0,1.0,-1.0,0.0,-0.3333333333333333,0.15,-1,-1,-1,0.356862745098039,0.694117647058824,0.803921568627451
35.683907985687256,0.0,-0.18713433907552765,0.03,1,1,1,0.0,0.3333333333333333,0.15,-1,-1,-1,1.0,1.0,-1.0,0.0,-0.3333333333333333,0.15,-1,-1,-1,0.356862745098039,0.694117647058824,0.803921568627451
35.719125270843506,0.0,-0.19047294586648258,0.03,1,1,1,0.0,0.3333333333333333,0.15,-1,-1,-1,1.0,1.0,-1.0,0.0,-0.3333333333333333,0.15,-1,-1,-1,0.356862745098039,0.694117647058824,0.803921568627451
35.75413465499878,0.0,-0.19381155265743752,0.03,1,1,1,0.0,0.3333333333333333,0.15,-1,-1,-1,1.0,1.0,-1.0,0.0,-0.3333333333333333,0.15,-1,-1,-1,0.356862745098039,0.694117647058824,0.803921568627451
35.788697242736816,0.0,-0.19715015944839245,0.03,1,1,1,0.0,0.3333333333333333,0.15,-1,-1,-1,1.0,1.0,-1.0,0.0,-0.3333333333333333,0.15,-1,-1,-1,0.356862745098039,0.694117647058824,0.803921568627451
35.823182582855225,0.0,-0.2004887662393474,0.03,1,1,1,0.0,0.3333333333333333,0.15,-1,-1,-1,1.0,1.0,-1.0,0.0,-0.3333333333333333,0.15,-1,-1,-1,0.356862745098039,0.694117647058824,0.803921568627451
35.85779404640198,0.0,-0.20382737303030232,0.03,1,1,1,0.0,0.3333333333333333,0.15,-1,-1,-1,1.0,1.0,-1.0,0.0,-0.3333333333333333,0.15,-1,-1,-1,0.356862745098039,0.694117647058824,0.803921568627451
35.89298868179321,0.0,-0.20716597982125726,0.03,1,1,1,0.0,0.3333333333333333,0.15,-1,-1,-1,1.0,1.0,-1.0,0.0,-0.3333333333333333,0.15,-1,-1,-1,0.356862745098039,0.694117647058824,0.803921568627451
35.92731690406799,0.0,-0.2105045866122122,0.03,1,1,1,0.0,0.3333333333333333,0.15,-1,-1,-1,1.0,1.0,-1.0,0.0,-0.3333333333333333,0.15,-1,-1,-1,0.356862745098039,0.694117647058824,0.803921568627451
35.96198749542236,0.0,-0.21384319340316713,0.03,1,1,1,0.0,0.3333333333333333,0.15,-1,-1,-1,1.0,1.0,-1.0,0.0,-0.3333333333333333,0.15,-1,-1,-1,0.356862745098039,0.694117647058824,0.803921568627451
35.99677896499634,0.0,-0.21718180019412206,0.03,1,1,1,0.0,0.3333333333333333,0.15,-1,-1,-1,1.0,1.0,-1.0,0.0,-0.3333333333333333,0.15,-1,-1,-1,0.356862745098039,0.694117647058824,0.803921568627451
36.031174421310425,0.0,-0.220520406985077,0.03,1,1,1,0.0,0.3333333333333333,0.15,-1,-1,-1,1.0,1.0,-1.0,0.0,-0.3333333333333333,0.15,-1,-1,-1,0.356862745098039,0.694117647058824,0.803921568627451
36.065536975860596,0.0,-0.22385901377603193,0.03,1,1,1,0.0,0.3333333333333333,0.15,-1,-1,-1,1.0,1.0,-1.0,0.0,-0.3333333333333333,0.15,-1,-1,-1,0.356862745098039,0.694117647058824,0.803921568627451
36.10072302818298,0.0,-0.22719762056698686,0.03,1,1,1,0.0,0.3333333333333333,0.15,-1,-1,-1,1.0,1.0,-1.0,0.0,-0.3333333333333333,0.15,-1,-1,-1,0.356862745098039,0.694117647058824,0.803921568627451
36.135979890823364,0.0,-0.2305362273579418,0.03,1,1,1,0.0,0.3333333333333333,0.15,-1,-1,-1,1.0,1.0,-1.0,0.0,-0.3333333333333333,0.15,-1,-1,-1,0.356862745098039,0.694117647058824,0.803921568627451
36.17090153694153,0.0,-0.2305362273579418,0.03,1,1,1,0.0,0.3333333333333333,0.15,-1,-1,-1,1.0,1.0,-1.0,0.0,-0.3333333333333333,0.15,-1,-1,-1,0.356862745098039,0.694117647058824,0.803921568627451
36.20492935180664,0.0,-0.2305362273579418,0.03,1,1,1,0.0,0.3333333333333333,0.15,-1,-1,-1,1.0,1.0,-1.0,0.0,-0.3333333333333333,0.15,-1,-1,-1,0.356862745098039,0.694117647058824,0.803921568627451
36.239476442337036,0.0,-0.2305362273579418,0.03,1,1,1,0.0,0.3333333333333333,0.15,-1,-1,-1,1.0,1.0,-1.0,0.0,-0.3333333333333333,0.15,-1,-1,-1,0.356862745098039,0.694117647058824,0.803921568627451
36.27417826652527,0.0,-0.2305362273579418,0.03,1,1,1,0.0,0.3333333333333333,0.15,-1,-1,-1,1.0,1.0,-1.0,0.0,-0.3333333333333333,0.15,-1,-1,-1,0.356862745098039,0.694117647058824,0.803921568627451
36.30874276161194,0.0,-0.2305362273579418,0.03,1,1,1,0.0,0.3333333333333333,0.15,-1,-1,-1,1.0,1.0,-1.0,0.0,-0.3333333333333333,0.15,-1,-1,-1,0.356862745098039,0.694117647058824,0.803921568627451
36.34373140335083,0.0,-0.2305362273579418,0.03,1,1,1,0.0,0.3333333333333333,0.15,-1,-1,-1,1.0,1.0,-1.0,0.0,-0.3333333333333333,0.15,-1,-1,-1,0.356862745098039,0.694117647058824,0.803921568627451
36.378589153289795,0.0,-0.2305362273579418,0.03,1,1,1,0.0,0.3333333333333333,0.15,-1,-1,-1,1.0,1.0,-1.0,0.0,-0.3333333333333333,0.15,-1,-1,-1,0.356862745098039,0.694117647058824,0.803921568627451
36.413485527038574,0.0,-0.2305362273579418,0.03,1,1,1,0.0,0.3333333333333333,0.15,-1,-1,-1,1.0,1.0,-1.0,0.0,-0.3333333333333333,0.15,-1,-1,-1,0.356862745098039,0.694117647058824,0.803921568627451
36.44808530807495,0.0,-0.2305362273579418,0.03,1,1,1,0.0,0.3333333333333333,0.15,-1,-1,-1,1.0,1.0,-1.0,0.0,-0.3333333333333333,0.15,-1,-1,-1,0.356862745098039,0.694117647058824,0.803921568627451
36.482840061187744,0.0,-0.2305362273579418,0.03,1,1,1,0.0,0.3333333333333333,0.15,-1,-1,-1,1.0,1.0,-1.0,0.0,-0.3333333333333333,0.15,-1,-1,-1,0.356862745098039,0.694117647058824,0.803921568627451
36.51736783981323,0.0,-0.2305362273579418,0.03,1,1,1,0.0,0.3333333333333333,0.15,-1,-1,-1,1.0,1.0,-1.0,0.0,-0.3333333333333333,0.15,-1,-1,-1,0.356862745098039,0.694117647058824,0.803921568627451
36.55249547958374,0.0,-0.2305362273579418,0.03,1,1,1,0.0,0.3333333333333333,0.15,-1,-1,-1,1.0,1.0,-1.0,0.0,-0.3333333333333333,0.15,-1,-1,-1,0.356862745098039,0.694117647058824,0.803921568627451
36.58675980567932,0.0,-0.2305362273579418,0.03,1,1,1,0.0,0.3333333333333333,0.15,-1,-1,-1,1.0,1.0,-1.0,0.0,-0.3333333333333333,0.15,-1,-1,-1,0.356862745098039,0.694117647058824,0.803921568627451
36.62152457237244,0.0,-0.2305362273579418,0.03,1,1,1,0.0,0.3333333333333333,0.15,-1,-1,-1,1.0,1.0,-1.0,0.0,-0.3333333333333333,0.15,-1,-1,-1,0.356862745098039,0.694117647058824,0.803921568627451
36.65631294250488,0.0,-0.2305362273579418,0.03,1,1,1,0.0,0.3333333333333333,0.15,-1,-1,-1,1.0,1.0,-1.0,0.0,-0.3333333333333333,0.15,-1,-1,-1,0.356862745098039,0.694117647058824,0.803921568627451
36.691192626953125,0.0,-0.2305362273579418,0.03,1,1,1,0.0,0.3333333333333333,0.15,-1,-1,-1,1.0,1.0,-1.0,0.0,-0.3333333333333333,0.15,-1,-1,-1,0.356862745098039,0.694117647058824,0.803921568627451
36.7259726524353,0.0,-0.2305362273579418,0.03,1,1,1,0.0,0.3333333333333333,0.15,-1,-1,-1,1.0,1.0,-1.0,0.0,-0.3333333333333333,0.15,-1,-1,-1,0.356862745098039,0.694117647058824,0.803921568627451
36.760496377944946,0.0,-0.2305362273579418,0.03,1,1,1,0.0,0.3333333333333333,0.15,-1,-1,-1,1.0,1.0,-1.0,0.0,-0.3333333333333333,0.15,-1,-1,-1,0.356862745098039,0.694117647058824,0.803921568627451
36.79520606994629,0.0,-0.2305362273579418,0.03,1,1,1,0.0,0.3333333333333333,0.15,-1,-1,-1,1.0,1.0,-1.0,0.0,-0.3333333333333333,0.15,-1,-1,-1,0.356862745098039,0.694117647058824,0.803921568627451
36.829994440078735,0.0,-0.2305362273579418,0.03,1,1,1,0.0,0.3333333333333333,0.15,-1,-1,-1,1.0,1.0,-1.0,0.0,-0.3333333333333333,0.15,-1,-1,-1,0.356862745098039,0.694117647058824,0.803921568627451
36.86489486694336,0.0,-0.2305362273579418,0.03,1,1,1,0.0,0.3333333333333333,0.15,-1,-1,-1,1.0,1.0,-1.0,0.0,-0.3333333333333333,0.15,-1,-1,-1,0.356862745098039,0.694117647058824,0.803921568627451
36.89991068840027,0.0,-0.2305362273579418,0.03,1,1,1,0.0,0.3333333333333333,0.15,-1,-1,-1,1.0,1.0,-1.0,0.0,-0.3333333333333333,0.15,-1,-1,-1,0.356862745098039,0.694117647058824,0.803921568627451
36.934080362319946,0.0,-0.2305362273579418,0.03,1,1,1,0.0,0.3333333333333333,0.15,-1,-1,-1,1.0,1.0,-1.0,0.0,-0.3333333333333333,0.15,-1,-1,-1,0.356862745098039,0.694117647058824,0.803921568627451
36.96913146972656,0.0,-0.2305362273579418,0.03,1,1,1,0.0,0.3333333333333333,0.15,-1,-1,-1,1.0,1.0,-1.0,0.0,-0.3333333333333333,0.15,-1,-1,-1,0.356862745098039,0.694117647058824,0.803921568627451
37.00425910949707,0.0,-0.2305362273579418,0.03,1,1,1,0.0,0.3333333333333333,0.15,-1,-1,-1,1.0,1.0,-1.0,0.0,-0.3333333333333333,0.15,-1,-1,-1,0.356862745098039,0.694117647058824,0.803921568627451
37.03838109970093,0.0,-0.2305362273579418,0.03,1,1,1,0.0,0.3333333333333333,0.15,-1,-1,-1,1.0,1.0,-1.0,0.0,-0.3333333333333333,0.15,-1,-1,-1,0.356862745098039,0.694117647058824,0.803921568627451
37.07337713241577,0.0,-0.2305362273579418,0.03,1,1,1,0.0,0.3333333333333333,0.15,-1,-1,-1,1.0,1.0,-1.0,0.0,-0.3333333333333333,0.15,-1,-1,-1,0.356862745098039,0.694117647058824,0.803921568627451
37.10789155960083,0.0,-0.2305362273579418,0.03,1,1,1,0.0,0.3333333333333333,0.15,-1,-1,-1,1.0,1.0,-1.0,0.0,-0.3333333333333333,0.15,-1,-1,-1,0.356862745098039,0.694117647058824,0.803921568627451
37.14248704910278,0.0,-0.2305362273579418,0.03,1,1,1,0.0,0.3333333333333333,0.15,-1,-1,-1,1.0,1.0,-1.0,0.0,-0.3333333333333333,0.15,-1,-1,-1,0.356862745098039,0.694117647058824,0.803921568627451
37.17713713645935,0.0,-0.2305362273579418,0.03,1,1,1,0.0,0.3333333333333333,0.15,-1,-1,-1,1.0,1.0,-1.0,0.0,-0.3333333333333333,0.15,-1,-1,-1,0.356862745098039,0.694117647058824,0.803921568627451
37.21193861961365,0.0,-0.2305362273579418,0.03,1,1,1,0.0,0.3333333333333333,0.15,-1,-1,-1,1.0,1.0,-1.0,0.0,-0.3333333333333333,0.15,-1,-1,-1,0.356862745098039,0.694117647058824,0.803921568627451
37.246821880340576,0.0,-0.2305362273579418,0.03,1,1,1,0.0,0.3333333333333333,0.15,-1,-1,-1,1.0,1.0,-1.0,0.0,-0.3333333333333333,0.15,-1,-1,-1,0.356862745098039,0.694117647058824,0.803921568627451
37.28151321411133,0.0,-0.2305362273579418,0.03,1,1,1,0.0,0.3333333333333333,0.15,-1,-1,-1,1.0,1.0,-1.0,0.0,-0.3333333333333333,0.15,-1,-1,-1,0.356862745098039,0.694117647058824,0.803921568627451
37.31628918647766,0.0,-0.2305362273579418,0.03,1,1,1,0.0,0.3333333333333333,0.15,-1,-1,-1,1.0,1.0,-1.0,0.0,-0.3333333333333333,0.15,-1,-1,-1,0.356862745098039,0.694117647058824,0.803921568627451
37.35089182853699,0.0,-0.2287266606080303,0.03,1,1,1,0.0,0.3333333333333333,0.15,-1,-1,-1,1.0,1.0,-1.0,0.0,-0.3333333333333333,0.15,-1,-1,-1,0.356862745098039,0.694117647058824,0.803921568627451
37.3855402469635,0.0,-0.22420274373325152,0.03,1,1,1,0.0,0.3333333333333333,0.15,-1,-1,-1,1.0,1.0,-1.0,0.0,-0.3333333333333333,0.15,-1,-1,-1,0.356862745098039,0.694117647058824,0.803921568627451
37.42027974128723,0.0,-0.21967882685847276,0.03,1,1,1,0.0,0.3333333333333333,0.15,-1,-1,-1,1.0,1.0,-1.0,0.0,-0.3333333333333333,0.15,-1,-1,-1,0.356862745098039,0.694117647058824,0.803921568627451
37.455703258514404,0.0,-0.215154909983694,0.03,1,1,1,0.0,0.3333333333333333,0.15,-1,-1,-1,1.0,1.0,-1.0,0.0,-0.3333333333333333,0.15,-1,-1,-1,0.356862745098039,0.694117647058824,0.803921568627451
37.48992657661438,0.0,-0.21063099310891523,0.03,1,1,1,0.0,0.3333333333333333,0.15,-1,-1,-1,1.0,1.0,-1.0,0.0,-0.3333333333333333,0.15,-1,-1,-1,0.356862745098039,0.694117647058824,0.803921568627451
37.52455401420593,0.0,-0.20610707623413646,0.03,1,1,1,0.0,0.3333333333333333,0.15,-1,-1,-1,1.0,1.0,-1.0,0.0,-0.3333333333333333,0.15,-1,-1,-1,0.356862745098039,0.694117647058824,0.803921568627451
37.55958414077759,0.0,-0.2015831593593577,0.03,1,1,1,0.0,0.3333333333333333,0.15,-1,-1,-1,1.0,1.0,-1.0,0.0,-0.3333333333333333,0.15,-1,-1,-1,0.356862745098039,0.694117647058824,0.803921568627451
37.59513235092163,0.0,-0.19705924248457893,0.03,1,1,1,0.0,0.3333333333333333,0.15,-1,-1,-1,1.0,1.0,-1.0,0.0,-0.3333333333333333,0.15,-1,-1,-1,0.356862745098039,0.694117647058824,0.803921568627451
37.62844395637512,0.0,-0.19253532560980016,0.03,1,1,1,0.0,0.3333333333333333,0.15,-1,-1,-1,1.0,1.0,-1.0,0.0,-0.3333333333333333,0.15,-1,-1,-1,0.356862745098039,0.694117647058824,0.803921568627451
37.663689374923706,0.0,-0.1880114087350214,0.03,1,1,1,0.0,0.3333333333333333,0.15,-1,-1,-1,1.0,1.0,-1.0,0.0,-0.3333333333333333,0.15,-1,-1,-1,0.356862745098039,0.694117647058824,0.803921568627451
37.698593616485596,0.0,-0.18348749186024263,0.03,1,1,1,0.0,0.3333333333333333,0.15,-1,-1,-1,1.0,1.0,-1.0,0.0,-0.3333333333333333,0.15,-1,-1,-1,0.356862745098039,0.694117647058824,0.803921568627451
37.7328884601593,0.0,-0.17896357498546386,0.03,1,1,1,0.0,0.3333333333333333,0.15,-1,-1,-1,1.0,1.0,-1.0,0.0,-0.3333333333333333,0.15,-1,-1,-1,0.356862745098039,0.694117647058824,0.803921568627451
37.76765751838684,0.0,-0.1744396581106851,0.03,1,1,1,0.0,0.3333333333333333,0.15,-1,-1,-1,1.0,1.0,-1.0,0.0,-0.3333333333333333,0.15,-1,-1,-1,0.356862745098039,0.694117647058824,0.803921568627451
37.80284285545349,0.0,-0.16991574123590633,0.03,1,1,1,0.0,0.3333333333333333,0.15,-1,-1,-1,1.0,1.0,-1.0,0.0,-0.3333333333333333,0.15,-1,-1,-1,0.356862745098039,0.694117647058824,0.803921568627451
37.83707880973816,0.0,-0.16539182436112757,0.03,1,1,1,0.0,0.3333333333333333,0.15,-1,-1,-1,1.0,1.0,-1.0,0.0,-0.3333333333333333,0.15,-1,-1,-1,0.356862745098039,0.694117647058824,0.803921568627451
37.871867179870605,0.0,-0.1608679074863488,0.03,1,1,1,0.0,0.3333333333333333,0.15,-1,-1,-1,1.0,1.0,-1.0,0.0,-0.3333333333333333,0.15,-1,-1,-1,0.356862745098039,0.694117647058824,0.803921568627451
37.90638494491577,0.0,-0.15634399061157003,0.03,1,1,1,0.0,0.3333333333333333,0.15,-1,-1,-1,1.0,1.0,-1.0,0.0,-0.3333333333333333,0.15,-1,-1,-1,0.356862745098039,0.694117647058824,0.803921568627451
37.94163227081299,0.0,-0.15182007373679127,0.03,1,1,1,0.0,0.3333333333333333,0.15,-1,-1,-1,1.0,1.0,-1.0,0.0,-0.3333333333333333,0.15,-1,-1,-1,0.356862745098039,0.694117647058824,0.803921568627451
37.97592878341675,0.0,-0.1472961568620125,0.03,1,1,1,0.0,0.3333333333333333,0.15,-1,-1,-1,1.0,1.0,-1.0,0.0,-0.3333333333333333,0.15,-1,-1,-1,0.356862745098039,0.694117647058824,0.803921568627451
38.010740756988525,0.0,-0.14277223998723373,0.03,1,1,1,0.0,0.3333333333333333,0.15,-1,-1,-1,1.0,1.0,-1.0,0.0,-0.3333333333333333,0.15,-1,-1,-1,0.356862745098039,0.694117647058824,0.803921568627451
38.04566478729248,0.0,-0.13824832311245497,0.03,1,1,1,0.0,0.3333333333333333,0.15,-1,-1,-1,1.0,1.0,-1.0,0.0,-0.3333333333333333,0.15,-1,-1,-1,0.356862745098039,0.694117647058824,0.803921568627451
38.080694913864136,0.0,-0.1337244062376762,0.03,1,1,1,0.0,0.3333333333333333,0.15,-1,-1,-1,1.0,1.0,-1.0,0.0,-0.3333333333333333,0.15,-1,-1,-1,0.356862745098039,0.694117647058824,0.803921568627451
38.115395069122314,0.0,-0.12920048936289744,0.03,1,1,1,0.0,0.3333333333333333,0.15,-1,-1,-1,1.0,1.0,-1.0,0.0,-0.3333333333333333,0.15,-1,-1,-1,0.356862745098039,0.694117647058824,0.803921568627451
38.150066614151,0.0,-0.12467657248811868,0.03,1,1,1,0.0,0.3333333333333333,0.15,-1,-1,-1,1.0,1.0,-1.0,0.0,-0.3333333333333333,0.15,-1,-1,-1,0.356862745098039,0.694117647058824,0.803921568627451
38.18513250350952,0.0,-0.12015265561333992,0.03,1,1,1,0.0,0.3333333333333333,0.15,-1,-1,-1,1.0,1.0,-1.0,0.0,-0.3333333333333333,0.15,-1,-1,-1,0.356862745098039,0.694117647058824,0.803921568627451
38.21945381164551,0.0,-0.11562873873856121,0.03,1,1,1,0.0,0.3333333333333333,0.15,-1,-1,-1,1.0,1.0,-1.0,0.0,-0.3333333333333333,0.15,-1,-1,-1,0.356862745098039,0.694117647058824,0.803921568627451
38.25361347198486,0.0,-0.11110482186378251,0.03,1,1,1,0.0,0.3333333333333333,0.15,-1,-1,-1,1.0,1.0,-1.0,0.0,-0.3333333333333333,0.15,-1,-1,-1,0.356862745098039,0.694117647058824,0.803921568627451
38.288626194000244,0.0,-0.10658090498900381,0.03,1,1,1,0.0,0.3333333333333333,0.15,-1,-1,-1,1.0,1.0,-1.0,0.0,-0.3333333333333333,0.15,-1,-1,-1,0.356862745098039,0.694117647058824,0.803921568627451
38.32282853126526,0.0,-0.10205698811422512,0.03,1,1,1,0.0,0.3333333333333333,0.15,-1,-1,-1,1.0,1.0,-1.0,0.0,-0.3333333333333333,0.15,-1,-1,-1,0.356862745098039,0.694117647058824,0.803921568627451
38.35739541053772,0.0,-0.09753307123944642,0.03,1,1,1,0.0,0.3333333333333333,0.15,-1,-1,-1,1.0,1.0,-1.0,0.0,-0.3333333333333333,0.15,-1,-1,-1,0.356862745098039,0.694117647058824,0.803921568627451
38.393168926239014,0.0,-0.09300915436466772,0.03,1,1,1,0.0,0.3333333333333333,0.15,-1,-1,-1,1.0,1.0,-1.0,0.0,-0.3333333333333333,0.15,-1,-1,-1,0.356862745098039,0.694117647058824,0.803921568627451
38.428465604782104,0.0,-0.08848523748988903,0.03,1,1,1,0.0,0.3333333333333333,0.15,-1,-1,-1,1.0,1.0,-1.0,0.0,-0.3333333333333333,0.15,-1,-1,-1,0.356862745098039,0.694117647058824,0.803921568627451
38.463146448135376,0.0,-0.08396132061511033,0.03,1,1,1,0.0,0.3333333333333333,0.15,-1,-1,-1,1.0,1.0,-1.0,0.0,-0.3333333333333333,0.15,-1,-1,-1,0.356862745098039,0.694117647058824,0.803921568627451
38.49746561050415,0.0,-0.07943740374033163,0.03,1,1,1,0.0,0.3333333333333333,0.15,-1,-1,-1,1.0,1.0,-1.0,0.0,-0.3333333333333333,0.15,-1,-1,-1,0.356862745098039,0.694117647058824,0.803921568627451
38.53239393234253,0.0,-0.07491348686555294,0.03,1,1,1,0.0,0.3333333333333333,0.15,-1,-1,-1,1.0,1.0,-1.0,0.0,-0.3333333333333333,0.15,-1,-1,-1,0.356862745098039,0.694117647058824,0.803921568627451
38.56648063659668,0.0,-0.07399631860290752,0.03,1,1,1,0.0,0.3333333333333333,0.15,-1,-1,-1,1.0,1.0,-1.0,0.0,-0.3333333333333333,0.15,-1,-1,-1,0.356862745098039,0.694117647058824,0.803921568627451
38.60131812095642,0.0,-0.07398083749329543,0.03,1,1,1,0.0,0.3333333333333333,0.15,-1,-1,-1,1.0,1.0,-1.0,0.0,-0.3333333333333333,0.15,-1,-1,-1,0.356862745098039,0.694117647058824,0.803921568627451
38.636674642562866,0.0,-0.07396535638368333,0.03,1,1,1,0.0,0.3333333333333333,0.15,-1,-1,-1,1.0,1.0,-1.0,0.0,-0.3333333333333333,0.15,-1,-1,-1,0.356862745098039,0.694117647058824,0.803921568627451
38.671146869659424,0.0,-0.07394987527407124,0.03,1,1,1,0.0,0.3333333333333333,0.15,-1,-1,-1,1.0,1.0,-1.0,0.0,-0.3333333333333333,0.15,-1,-1,-1,0.356862745098039,0.694117647058824,0.803921568627451
38.70591139793396,0.0,-0.07393439416445914,0.03,1,1,1,0.0,0.3333333333333333,0.15,-1,-1,-1,1.0,1.0,-1.0,0.0,-0.3333333333333333,0.15,-1,-1,-1,0.356862745098039,0.694117647058824,0.803921568627451
38.740824699401855,0.0,-0.07391891305484705,0.03,1,1,1,0.0,0.3333333333333333,0.15,-1,-1,-1,1.0,1.0,-1.0,0.0,-0.3333333333333333,0.15,-1,-1,-1,0.356862745098039,0.694117647058824,0.803921568627451
38.77533555030823,0.0,-0.07390343194523495,0.03,1,1,1,0.0,0.3333333333333333,0.15,-1,-1,-1,1.0,1.0,-1.0,0.0,-0.3333333333333333,0.15,-1,-1,-1,0.356862745098039,0.694117647058824,0.803921568627451
38.810439348220825,0.0,-0.07388795083562286,0.03,1,1,1,0.0,0.3333333333333333,0.15,-1,-1,-1,1.0,1.0,-1.0,0.0,-0.3333333333333333,0.15,-1,-1,-1,0.356862745098039,0.694117647058824,0.803921568627451
38.84507942199707,0.0,-0.07387246972601076,0.03,1,1,1,0.0,0.3333333333333333,0.15,-1,-1,-1,1.0,1.0,-1.0,0.0,-0.3333333333333333,0.15,-1,-1,-1,0.356862745098039,0.694117647058824,0.803921568627451
38.87904238700867,0.0,-0.07385698861639867,0.03,1,1,1,0.0,0.3333333333333333,0.15,-1,-1,-1,1.0,1.0,-1.0,0.0,-0.3333333333333333,0.15,-1,-1,-1,0.356862745098039,0.694117647058824,0.803921568627451
38.91356658935547,0.0,-0.07384150750678657,0.03,1,1,1,0.0,0.3333333333333333,0.15,-1,-1,-1,1.0,1.0,-1.0,0.0,-0.3333333333333333,0.15,-1,-1,-1,0.356862745098039,0.694117647058824,0.803921568627451
38.94856548309326,0.0,-0.07382602639717448,0.03,1,1,1,0.0,0.3333333333333333,0.15,-1,-1,-1,1.0,1.0,-1.0,0.0,-0.3333333333333333,0.15,-1,-1,-1,0.356862745098039,0.694117647058824,0.803921568627451
38.983643531799316,0.0,-0.07381054528756238,0.03,1,1,1,0.0,0.3333333333333333,0.15,-1,-1,-1,1.0,1.0,-1.0,0.0,-0.3333333333333333,0.15,-1,-1,-1,0.356862745098039,0.694117647058824,0.803921568627451
39.01843595504761,0.0,-0.07379506417795029,0.03,1,1,1,0.0,0.3333333333333333,0.15,-1,-1,-1,1.0,1.0,-1.0,0.0,-0.3333333333333333,0.15,-1,-1,-1,0.356862745098039,0.694117647058824,0.803921568627451
39.053078174591064,0.0,-0.07377958306833819,0.03,1,1,1,0.0,0.3333333333333333,0.15,-1,-1,-1,1.0,1.0,-1.0,0.0,-0.3333333333333333,0.15,-1,-1,-1,0.356862745098039,0.694117647058824,0.803921568627451
39.08784317970276,0.0,-0.0737641019587261,0.03,1,1,1,0.0,0.3333333333333333,0.15,-1,-1,-1,1.0,1.0,-1.0,0.0,-0.3333333333333333,0.15,-1,-1,-1,0.356862745098039,0.694117647058824,0.803921568627451
39.122573137283325,0.0,-0.073748620849114,0.03,1,1,1,0.0,0.3333333333333333,0.15,-1,-1,-1,1.0,1.0,-1.0,0.0,-0.3333333333333333,0.15,-1,-1,-1,0.356862745098039,0.694117647058824,0.803921568627451
39.15728783607483,0.0,-0.07373313973950191,0.03,1,1,1,0.0,0.3333333333333333,0.15,-1,-1,-1,1.0,1.0,-1.0,0.0,-0.3333333333333333,0.15,-1,-1,-1,0.356862745098039,0.694117647058824,0.803921568627451
39.19150495529175,0.0,-0.07371765862988981,0.03,1,1,1,0.0,0.3333333333333333,0.15,-1,-1,-1,1.0,1.0,-1.0,0.0,-0.3333333333333333,0.15,-1,-1,-1,0.356862745098039,0.694117647058824,0.803921568627451
39.226654291152954,0.0,-0.07370217752027772,0.03,1,1,1,0.0,0.3333333333333333,0.15,-1,-1,-1,1.0,1.0,-1.0,0.0,-0.3333333333333333,0.15,-1,-1,-1,0.356862745098039,0.694117647058824,0.803921568627451
39.26070427894592,0.0,-0.07368669641066562,0.03,1,1,1,0.0,0.3333333333333333,0.15,-1,-1,-1,1.0,1.0,-1.0,0.0,-0.3333333333333333,0.15,-1,-1,-1,0.356862745098039,0.694117647058824,0.803921568627451
39.29551458358765,0.0,-0.07367121530105353,0.03,1,1,1,0.0,0.3333333333333333,0.15,-1,-1,-1,1.0,1.0,-1.0,0.0,-0.3333333333333333,0.15,-1,-1,-1,0.356862745098039,0.694117647058824,0.803921568627451
39.33040165901184,0.0,-0.07365573419144143,0.03,1,1,1,0.0,0.3333333333333333,0.15,-1,-1,-1,1.0,1.0,-1.0,0.0,-0.3333333333333333,0.15,-1,-1,-1,0.356862745098039,0.694117647058824,0.803921568627451
39.36486530303955,0.0,-0.07364025308182934,0.03,1,1,1,0.0,0.3333333333333333,0.15,-1,-1,-1,1.0,1.0,-1.0,0.0,-0.3333333333333333,0.15,-1,-1,-1,0.356862745098039,0.694117647058824,0.803921568627451
39.399698972702026,0.0,-0.07362477197221724,0.03,1,1,1,0.0,0.3333333333333333,0.15,-1,-1,-1,1.0,1.0,-1.0,0.0,-0.3333333333333333,0.15,-1,-1,-1,0.356862745098039,0.694117647058824,0.803921568627451
39.43467903137207,0.0,-0.07360929086260515,0.03,1,1,1,0.0,0.3333333333333333,0.15,-1,-1,-1,1.0,1.0,-1.0,0.0,-0.3333333333333333,0.15,-1,-1,-1,0.356862745098039,0.694117647058824,0.803921568627451
39.46945405006409,0.0,-0.07359380975299305,0.03,1,1,1,0.0,0.3333333333333333,0.15,-1,-1,-1,1.0,1.0,-1.0,0.0,-0.3333333333333333,0.15,-1,-1,-1,0.356862745098039,0.694117647058824,0.803921568627451
39.50380229949951,0.0,-0.07357832864338096,0.03,1,1,1,0.0,0.3333333333333333,0.15,-1,-1,-1,1.0,1.0,-1.0,0.0,-0.3333333333333333,0.15,-1,-1,-1,0.356862745098039,0.694117647058824,0.803921568627451
39.5382297039032,0.0,-0.07356284753376886,0.03,1,1,1,0.0,0.3333333333333333,0.15,-1,-1,-1,1.0,1.0,-1.0,0.0,-0.3333333333333333,0.15,-1,-1,-1,0.356862745098039,0.694117647058824,0.803921568627451
39.57345533370972,0.0,-0.07354736642415677,0.03,1,1,1,0.0,0.3333333333333333,0.15,-1,-1,-1,1.0,1.0,-1.0,0.0,-0.3333333333333333,0.15,-1,-1,-1,0.356862745098039,0.694117647058824,0.803921568627451
39.60809350013733,0.0,-0.07353188531454467,0.03,1,1,1,0.0,0.3333333333333333,0.15,-1,-1,-1,1.0,1.0,-1.0,0.0,-0.3333333333333333,0.15,-1,-1,-1,0.356862745098039,0.694117647058824,0.803921568627451
39.64261031150818,0.0,-0.07351640420493258,0.03,1,1,1,0.0,0.3333333333333333,0.15,-1,-1,-1,1.0,1.0,-1.0,0.0,-0.3333333333333333,0.15,-1,-1,-1,0.356862745098039,0.694117647058824,0.803921568627451
39.67802119255066,0.0,-0.07350092309532048,0.03,1,1,1,0.0,0.3333333333333333,0.15,-1,-1,-1,1.0,1.0,-1.0,0.0,-0.3333333333333333,0.15,-1,-1,-1,0.356862745098039,0.694117647058824,0.803921568627451
39.71219062805176,0.0,-0.07348544198570839,0.03,1,1,1,0.0,0.3333333333333333,0.15,-1,-1,-1,1.0,1.0,-1.0,0.0,-0.3333333333333333,0.15,-1,-1,-1,0.356862745098039,0.694117647058824,0.803921568627451
39.74690294265747,0.0,-0.07274701297654203,0.03,1,1,1,0.0,0.3333333333333333,0.15,-1,-1,-1,1.0,1.0,-1.0,0.0,-0.3333333333333333,0.15,-1,-1,-1,0.356862745098039,0.694117647058824,0.803921568627451
39.78159546852112,0.0,-0.0691167923691586,0.03,1,1,1,0.0,0.3333333333333333,0.15,-1,-1,-1,1.0,1.0,-1.0,0.0,-0.3333333333333333,0.15,-1,-1,-1,0.356862745098039,0.694117647058824,0.803921568627451
39.81612467765808,0.0,-0.06548657176177518,0.03,1,1,1,0.0,0.3333333333333333,0.15,-1,-1,-1,1.0,1.0,-1.0,0.0,-0.3333333333333333,0.15,-1,-1,-1,0.356862745098039,0.694117647058824,0.803921568627451
39.85125708580017,0.0,-0.06185635115439175,0.03,1,1,1,0.0,0.3333333333333333,0.15,-1,-1,-1,1.0,1.0,-1.0,0.0,-0.3333333333333333,0.15,-1,-1,-1,0.356862745098039,0.694117647058824,0.803921568627451
39.88561701774597,0.0,-0.05822613054700832,0.03,1,1,1,0.0,0.3333333333333333,0.15,-1,-1,-1,1.0,1.0,-1.0,0.0,-0.3333333333333333,0.15,-1,-1,-1,0.356862745098039,0.694117647058824,0.803921568627451
39.92082071304321,0.0,-0.0545959099396249,0.03,1,1,1,0.0,0.3333333333333333,0.15,-1,-1,-1,1.0,1.0,-1.0,0.0,-0.3333333333333333,0.15,-1,-1,-1,0.356862745098039,0.694117647058824,0.803921568627451
39.95499396324158,0.0,-0.05096568933224147,0.03,1,1,1,0.0,0.3333333333333333,0.15,-1,-1,-1,1.0,1.0,-1.0,0.0,-0.3333333333333333,0.15,-1,-1,-1,0.356862745098039,0.694117647058824,0.803921568627451
39.99056315422058,0.0,-0.04733546872485805,0.03,1,1,1,0.0,0.3333333333333333,0.15,-1,-1,-1,1.0,1.0,-1.0,0.0,-0.3333333333333333,0.15,-1,-1,-1,0.356862745098039,0.694117647058824,0.803921568627451
40.0245463848114,0.0,-0.04370524811747462,0.03,1,1,1,0.0,0.3333333333333333,0.15,-1,-1,-1,1.0,1.0,-1.0,0.0,-0.3333333333333333,0.15,-1,-1,-1,0.356862745098039,0.694117647058824,0.803921568627451
40.05944776535034,0.0,-0.0400750275100912,0.03,1,1,1,0.0,0.3333333333333333,0.15,-1,-1,-1,1.0,1.0,-1.0,0.0,-0.3333333333333333,0.15,-1,-1,-1,0.356862745098039,0.694117647058824,0.803921568627451
40.09445261955261,0.0,-0.03644480690270777,0.03,1,1,1,0.0,0.3333333333333333,0.15,-1,-1,-1,1.0,1.0,-1.0,0.0,-0.3333333333333333,0.15,-1,-1,-1,0.356862745098039,0.694117647058824,0.803921568627451
40.12854981422424,0.0,-0.03281458629532435,0.03,1,1,1,0.0,0.3333333333333333,0.15,-1,-1,-1,1.0,1.0,-1.0,0.0,-0.3333333333333333,0.15,-1,-1,-1,0.356862745098039,0.694117647058824,0.803921568627451
40.16338086128235,0.0,-0.029184365687940913,0.03,1,1,1,0.0,0.3333333333333333,0.15,-1,-1,-1,1.0,1.0,-1.0,0.0,-0.3333333333333333,0.15,-1,-1,-1,0.356862745098039,0.694117647058824,0.803921568627451
40.198503732681274,0.0,-0.02555414508055747,0.03,1,1,1,0.0,0.3333333333333333,0.15,-1,-1,-1,1.0,1.0,-1.0,0.0,-0.3333333333333333,0.15,-1,-1,-1,0.356862745098039,0.694117647058824,0.803921568627451
40.2330596446991,0.0,-0.02192392447317403,0.03,1,1,1,0.0,0.3333333333333333,0.15,-1,-1,-1,1.0,1.0,-1.0,0.0,-0.3333333333333333,0.15,-1,-1,-1,0.356862745098039,0.694117647058824,0.803921568627451
40.268131256103516,0.0,-0.018293703865790586,0.03,1,1,1,0.0,0.3333333333333333,0.15,-1,-1,-1,1.0,1.0,-1.0,0.0,-0.3333333333333333,0.15,-1,-1,-1,0.356862745098039,0.694117647058824,0.803921568627451
40.302884340286255,0.0,-0.01466348325840715,0.03,1,1,1,0.0,0.3333333333333333,0.15,-1,-1,-1,1.0,1.0,-1.0,0.0,-0.3333333333333333,0.15,-1,-1,-1,0.356862745098039,0.694117647058824,0.803921568627451
40.33749866485596,0.0,-0.011033262651023716,0.03,1,1,1,0.0,0.3333333333333333,0.15,-1,-1,-1,1.0,1.0,-1.0,0.0,-0.3333333333333333,0.15,-1,-1,-1,0.356862745098039,0.694117647058824,0.803921568627451
40.37202572822571,0.0,-0.007403042043640283,0.03,1,1,1,0.0,0.3333333333333333,0.15,-1,-1,-1,1.0,1.0,-1.0,0.0,-0.3333333333333333,0.15,-1,-1,-1,0.356862745098039,0.694117647058824,0.803921568627451
40.40680480003357,0.0,-0.0037728214362568488,0.03,1,1,1,0.0,0.3333333333333333,0.15,-1,-1,-1,1.0,1.0,-1.0,0.0,-0.3333333333333333,0.15,-1,-1,-1,0.356862745098039,0.694117647058824,0.803921568627451
40.44143486022949,0.0,-0.00014260082887341337,0.03,1,1,1,0.0,0.3333333333333333,0.15,-1,-1,-1,1.0,1.0,-1.0,0.0,-0.3333333333333333,0.15,-1,-1,-1,0.356862745098039,0.694117647058824,0.803921568627451
40.47661638259888,0.0,0.003487619778510022,0.03,1,1,1,0.0,0.3333333333333333,0.15,-1,-1,-1,1.0,1.0,-1.0,0.0,-0.3333333333333333,0.15,-1,-1,-1,0.356862745098039,0.694117647058824,0.803921568627451
40.51142454147339,0.0,0.0071178403858934555,0.03,1,1,1,0.0,0.3333333333333333,0.15,-1,-1,-1,1.0,1.0,-1.0,0.0,-0.3333333333333333,0.15,-1,-1,-1,0.356862745098039,0.694117647058824,0.803921568627451
40.54595589637756,0.0,0.01074806099327689,0.03,1,1,1,0.0,0.3333333333333333,0.15,-1,-1,-1,1.0,1.0,-1.0,0.0,-0.3333333333333333,0.15,-1,-1,-1,0.356862745098039,0.694117647058824,0.803921568627451
40.580758810043335,0.0,0.014378281600660323,0.03,1,1,1,0.0,0.3333333333333333,0.15,-1,-1,-1,1.0,1.0,-1.0,0.0,-0.3333333333333333,0.15,-1,-1,-1,0.356862745098039,0.694117647058824,0.803921568627451
40.615437507629395,0.0,0.018008502208043762,0.03,1,1,1,0.0,0.3333333333333333,0.15,-1,-1,-1,1.0,1.0,-1.0,0.0,-0.3333333333333333,0.15,-1,-1,-1,0.356862745098039,0.694117647058824,0.803921568627451
40.650115966796875,0.0,0.021638722815427204,0.03,1,1,1,0.0,0.3333333333333333,0.15,-1,-1,-1,1.0,1.0,-1.0,0.0,-0.3333333333333333,0.15,-1,-1,-1,0.356862745098039,0.694117647058824,0.803921568627451
40.684685945510864,0.0,0.025268943422810646,0.03,1,1,1,0.0,0.3333333333333333,0.15,-1,-1,-1,1.0,1.0,-1.0,0.0,-0.3333333333333333,0.15,-1,-1,-1,0.356862745098039,0.694117647058824,0.803921568627451
40.71944189071655,0.0,0.02889916403019409,0.03,1,1,1,0.0,0.3333333333333333,0.15,-1,-1,-1,1.0,1.0,-1.0,0.0,-0.3333333333333333,0.15,-1,-1,-1,0.356862745098039,0.694117647058824,0.803921568627451
40.75427198410034,0.0,0.03252938463757753,0.03,1,1,1,0.0,0.3333333333333333,0.15,-1,-1,-1,1.0,1.0,-1.0,0.0,-0.3333333333333333,0.15,-1,-1,-1,0.356862745098039,0.694117647058824,0.803921568627451
40.78847289085388,0.0,0.03615960524496095,0.03,1,1,1,0.0,0.3333333333333333,0.15,-1,-1,-1,1.0,1.0,-1.0,0.0,-0.3333333333333333,0.15,-1,-1,-1,0.356862745098039,0.694117647058824,0.803921568627451
40.82364845275879,0.0,0.039789825852344377,0.03,1,1,1,0.0,0.3333333333333333,0.15,-1,-1,-1,1.0,1.0,-1.0,0.0,-0.3333333333333333,0.15,-1,-1,-1,0.356862745098039,0.694117647058824,0.803921568627451
40.85845613479614,0.0,0.0434200464597278,0.03,1,1,1,0.0,0.3333333333333333,0.15,-1,-1,-1,1.0,1.0,-1.0,0.0,-0.3333333333333333,0.15,-1,-1,-1,0.356862745098039,0.694117647058824,0.803921568627451
40.89939522743225,0.0,0.047050267067111226,0.03,1,1,1,0.0,0.3333333333333333,0.15,-1,-1,-1,1.0,1.0,-1.0,0.0,-0.3333333333333333,0.15,-1,-1,-1,0.356862745098039,0.694117647058824,0.803921568627451
40.9347460269928,0.0,0.05068048767449465,0.03,1,1,1,0.0,0.3333333333333333,0.15,-1,-1,-1,1.0,1.0,-1.0,0.0,-0.3333333333333333,0.15,-1,-1,-1,0.356862745098039,0.694117647058824,0.803921568627451
40.969308376312256,0.0,0.052760827285447634,0.03,1,1,1,0.0,0.3333333333333333,0.15,-1,-1,-1,1.0,1.0,-1.0,0.0,-0.3333333333333333,0.15,-1,-1,-1,0.356862745098039,0.694117647058824,0.803921568627451
41.00436544418335,0.0,0.05445369664729301,0.03,1,1,1,0.0,0.3333333333333333,0.15,-1,-1,-1,1.0,1.0,-1.0,0.0,-0.3333333333333333,0.15,-1,-1,-1,0.356862745098039,0.694117647058824,0.803921568627451
41.038928270339966,0.0,0.05614656600913838,0.03,1,1,1,0.0,0.3333333333333333,0.15,-1,-1,-1,1.0,1.0,-1.0,0.0,-0.3333333333333333,0.15,-1,-1,-1,0.356862745098039,0.694117647058824,0.803921568627451
41.07389688491821,0.0,0.05783943537098375,0.03,1,1,1,0.0,0.3333333333333333,0.15,-1,-1,-1,1.0,1.0,-1.0,0.0,-0.3333333333333333,0.15,-1,-1,-1,0.356862745098039,0.694117647058824,0.803921568627451
41.108956813812256,0.0,0.05953230473282913,0.03,1,1,1,0.0,0.3333333333333333,0.15,-1,-1,-1,1.0,1.0,-1.0,0.0,-0.3333333333333333,0.15,-1,-1,-1,0.356862745098039,0.694117647058824,0.803921568627451
41.143587589263916,0.0,0.06122517409467451,0.03,1,1,1,0.0,0.3333333333333333,0.15,-1,-1,-1,1.0,1.0,-1.0,0.0,-0.3333333333333333,0.15,-1,-1,-1,0.356862745098039,0.694117647058824,0.803921568627451
41.178321838378906,0.0,0.06291804345651988,0.03,1,1,1,0.0,0.3333333333333333,0.15,-1,-1,-1,1.0,1.0,-1.0,0.0,-0.3333333333333333,0.15,-1,-1,-1,0.356862745098039,0.694117647058824,0.803921568627451
41.21305537223816,0.0,0.06461091281836526,0.03,1,1,1,0.0,0.3333333333333333,0.15,-1,-1,-1,1.0,1.0,-1.0,0.0,-0.3333333333333333,0.15,-1,-1,-1,0.356862745098039,0.694117647058824,0.803921568627451
41.247336864471436,0.0,0.06630378218021063,0.03,1,1,1,0.0,0.3333333333333333,0.15,-1,-1,-1,1.0,1.0,-1.0,0.0,-0.3333333333333333,0.15,-1,-1,-1,0.356862745098039,0.694117647058824,0.803921568627451
41.28171730041504,0.0,0.067996651542056,0.03,1,1,1,0.0,0.3333333333333333,0.15,-1,-1,-1,1.0,1.0,-1.0,0.0,-0.3333333333333333,0.15,-1,-1,-1,0.356862745098039,0.694117647058824,0.803921568627451
41.31635618209839,0.0,0.06968952090390138,0.03,1,1,1,0.0,0.3333333333333333,0.15,-1,-1,-1,1.0,1.0,-1.0,0.0,-0.3333333333333333,0.15,-1,-1,-1,0.356862745098039,0.694117647058824,0.803921568627451
41.35162305831909,0.0,0.07138239026574675,0.03,1,1,1,0.0,0.3333333333333333,0.15,-1,-1,-1,1.0,1.0,-1.0,0.0,-0.3333333333333333,0.15,-1,-1,-1,0.356862745098039,0.694117647058824,0.803921568627451
41.38619542121887,0.0,0.07307525962759212,0.03,1,1,1,0.0,0.3333333333333333,0.15,-1,-1,-1,1.0,1.0,-1.0,0.0,-0.3333333333333333,0.15,-1,-1,-1,0.356862745098039,0.694117647058824,0.803921568627451
41.42095947265625,0.0,0.0747681289894375,0.03,1,1,1,0.0,0.3333333333333333,0.15,-1,-1,-1,1.0,1.0,-1.0,0.0,-0.3333333333333333,0.15,-1,-1,-1,0.356862745098039,0.694117647058824,0.803921568627451
41.45615220069885,0.0,0.07646099835128287,0.03,1,1,1,0.0,0.3333333333333333,0.15,-1,-1,-1,1.0,1.0,-1.0,0.0,-0.3333333333333333,0.15,-1,-1,-1,0.356862745098039,0.694117647058824,0.803921568627451
41.49085879325867,0.0,0.07815386771312824,0.03,1,1,1,0.0,0.3333333333333333,0.15,-1,-1,-1,1.0,1.0,-1.0,0.0,-0.3333333333333333,0.15,-1,-1,-1,0.356862745098039,0.694117647058824,0.803921568627451
41.52552652359009,0.0,0.07984673707497361,0.03,1,1,1,0.0,0.3333333333333333,0.15,-1,-1,-1,1.0,1.0,-1.0,0.0,-0.3333333333333333,0.15,-1,-1,-1,0.356862745098039,0.694117647058824,0.803921568627451
41.56008958816528,0.0,0.08153960643681898,0.03,1,1,1,0.0,0.3333333333333333,0.15,-1,-1,-1,1.0,1.0,-1.0,0.0,-0.3333333333333333,0.15,-1,-1,-1,0.356862745098039,0.694117647058824,0.803921568627451
41.594828605651855,0.0,0.08323247579866436,0.03,1,1,1,0.0,0.3333333333333333,0.15,-1,-1,-1,1.0,1.0,-1.0,0.0,-0.3333333333333333,0.15,-1,-1,-1,0.356862745098039,0.694117647058824,0.803921568627451
41.62950325012207,0.0,0.08492534516050973,0.03,1,1,1,0.0,0.3333333333333333,0.15,-1,-1,-1,1.0,1.0,-1.0,0.0,-0.3333333333333333,0.15,-1,-1,-1,0.356862745098039,0.694117647058824,0.803921568627451
41.664260387420654,0.0,0.0866182145223551,0.03,1,1,1,0.0,0.3333333333333333,0.15,-1,-1,-1,1.0,1.0,-1.0,0.0,-0.3333333333333333,0.15,-1,-1,-1,0.356862745098039,0.694117647058824,0.803921568627451
41.69880127906799,0.0,0.08831108388420048,0.03,1,1,1,0.0,0.3333333333333333,0.15,-1,-1,-1,1.0,1.0,-1.0,0.0,-0.3333333333333333,0.15,-1,-1,-1,0.356862745098039,0.694117647058824,0.803921568627451
41.7335319519043,0.0,0.09000395324604585,0.03,1,1,1,0.0,0.3333333333333333,0.15,-1,-1,-1,1.0,1.0,-1.0,0.0,-0.3333333333333333,0.15,-1,-1,-1,0.356862745098039,0.694117647058824,0.803921568627451
41.768423318862915,0.0,0.09169682260789122,0.03,1,1,1,0.0,0.3333333333333333,0.15,-1,-1,-1,1.0,1.0,-1.0,0.0,-0.3333333333333333,0.15,-1,-1,-1,0.356862745098039,0.694117647058824,0.803921568627451
41.803101778030396,0.0,0.0933896919697366,0.03,1,1,1,0.0,0.3333333333333333,0.15,-1,-1,-1,1.0,1.0,-1.0,0.0,-0.3333333333333333,0.15,-1,-1,-1,0.356862745098039,0.694117647058824,0.803921568627451
41.837838888168335,0.0,0.09508256133158197,0.03,1,1,1,0.0,0.3333333333333333,0.15,-1,-1,-1,1.0,1.0,-1.0,0.0,-0.3333333333333333,0.15,-1,-1,-1,0.356862745098039,0.694117647058824,0.803921568627451
41.872546434402466,0.0,0.09677543069342734,0.03,1,1,1,0.0,0.3333333333333333,0.15,-1,-1,-1,1.0,1.0,-1.0,0.0,-0.3333333333333333,0.15,-1,-1,-1,0.356862745098039,0.694117647058824,0.803921568627451
41.907286167144775,0.0,0.09846830005527271,0.03,1,1,1,0.0,0.3333333333333333,0.15,-1,-1,-1,1.0,1.0,-1.0,0.0,-0.3333333333333333,0.15,-1,-1,-1,0.356862745098039,0.694117647058824,0.803921568627451
41.941972970962524,0.0,0.10016116941711808,0.03,1,1,1,0.0,0.3333333333333333,0.15,-1,-1,-1,1.0,1.0,-1.0,0.0,-0.3333333333333333,0.15,-1,-1,-1,0.356862745098039,0.694117647058824,0.803921568627451
41.97669982910156,0.0,0.10185403877896346,0.03,1,1,1,0.0,0.3333333333333333,0.15,-1,-1,-1,1.0,1.0,-1.0,0.0,-0.3333333333333333,0.15,-1,-1,-1,0.356862745098039,0.694117647058824,0.803921568627451
42.011634826660156,0.0,0.10354690814080883,0.03,1,1,1,0.0,0.3333333333333333,0.15,-1,-1,-1,1.0,1.0,-1.0,0.0,-0.3333333333333333,0.15,-1,-1,-1,0.356862745098039,0.694117647058824,0.803921568627451
42.04636812210083,0.0,0.1052397775026542,0.03,1,1,1,0.0,0.3333333333333333,0.15,-1,-1,-1,1.0,1.0,-1.0,0.0,-0.3333333333333333,0.15,-1,-1,-1,0.356862745098039,0.694117647058824,0.803921568627451
42.08062505722046,0.0,0.10693264686449958,0.03,1,1,1,0.0,0.3333333333333333,0.15,-1,-1,-1,1.0,1.0,-1.0,0.0,-0.3333333333333333,0.15,-1,-1,-1,0.356862745098039,0.694117647058824,0.803921568627451
42.11556529998779,0.0,0.10862551622634495,0.03,1,1,1,0.0,0.3333333333333333,0.15,-1,-1,-1,1.0,1.0,-1.0,0.0,-0.3333333333333333,0.15,-1,-1,-1,0.356862745098039,0.694117647058824,0.803921568627451
42.150617361068726,0.0,0.10997981171582125,0.03,1,1,1,0.0,0.3333333333333333,0.15,-1,-1,-1,1.0,1.0,-1.0,0.0,-0.3333333333333333,0.15,-1,-1,-1,0.356862745098039,0.694117647058824,0.803921568627451
42.18415403366089,0.0,0.10997981171582125,0.03,1,1,1,0.0,0.3333333333333333,0.15,-1,-1,-1,1.0,1.0,-1.0,0.0,-0.3333333333333333,0.15,-1,-1,-1,0.356862745098039,0.694117647058824,0.803921568627451
42.21927809715271,0.0,0.10997981171582125,0.03,1,1,1,0.0,0.3333333333333333,0.15,-1,-1,-1,1.0,1.0,-1.0,0.0,-0.3333333333333333,0.15,-1,-1,-1,0.356862745098039,0.694117647058824,0.803921568627451
42.25375032424927,0.0,0.10997981171582125,0.03,1,1,1,0.0,0.3333333333333333,0.15,-1,-1,-1,1.0,1.0,-1.0,0.0,-0.3333333333333333,0.15,-1,-1,-1,0.356862745098039,0.694117647058824,0.803921568627451
42.28863549232483,0.0,0.10997981171582125,0.03,1,1,1,0.0,0.3333333333333333,0.15,-1,-1,-1,1.0,1.0,-1.0,0.0,-0.3333333333333333,0.15,-1,-1,-1,0.356862745098039,0.694117647058824,0.803921568627451
42.323376178741455,0.0,0.10997981171582125,0.03,1,1,1,0.0,0.3333333333333333,0.15,-1,-1,-1,1.0,1.0,-1.0,0.0,-0.3333333333333333,0.15,-1,-1,-1,0.356862745098039,0.694117647058824,0.803921568627451
42.35819482803345,0.0,0.10997981171582125,0.03,1,1,1,0.0,0.3333333333333333,0.15,-1,-1,-1,1.0,1.0,-1.0,0.0,-0.3333333333333333,0.15,-1,-1,-1,0.356862745098039,0.694117647058824,0.803921568627451
42.39260983467102,0.0,0.10997981171582125,0.03,1,1,1,0.0,0.3333333333333333,0.15,-1,-1,-1,1.0,1.0,-1.0,0.0,-0.3333333333333333,0.15,-1,-1,-1,0.356862745098039,0.694117647058824,0.803921568627451
42.42745542526245,0.0,0.10997981171582125,0.03,1,1,1,0.0,0.3333333333333333,0.15,-1,-1,-1,1.0,1.0,-1.0,0.0,-0.3333333333333333,0.15,-1,-1,-1,0.356862745098039,0.694117647058824,0.803921568627451
42.46214818954468,0.0,0.10997981171582125,0.03,1,1,1,0.0,0.3333333333333333,0.15,-1,-1,-1,1.0,1.0,-1.0,0.0,-0.3333333333333333,0.15,-1,-1,-1,0.356862745098039,0.694117647058824,0.803921568627451
42.49704837799072,0.0,0.10997981171582125,0.03,1,1,1,0.0,0.3333333333333333,0.15,-1,-1,-1,1.0,1.0,-1.0,0.0,-0.3333333333333333,0.15,-1,-1,-1,0.356862745098039,0.694117647058824,0.803921568627451
42.53144645690918,0.0,0.10997981171582125,0.03,1,1,1,0.0,0.3333333333333333,0.15,-1,-1,-1,1.0,1.0,-1.0,0.0,-0.3333333333333333,0.15,-1,-1,-1,0.356862745098039,0.694117647058824,0.803921568627451
42.56644940376282,0.0,0.10997981171582125,0.03,1,1,1,0.0,0.3333333333333333,0.15,-1,-1,-1,1.0,1.0,-1.0,0.0,-0.3333333333333333,0.15,-1,-1,-1,0.356862745098039,0.694117647058824,0.803921568627451
42.60101008415222,0.0,0.10997981171582125,0.03,1,1,1,0.0,0.3333333333333333,0.15,-1,-1,-1,1.0,1.0,-1.0,0.0,-0.3333333333333333,0.15,-1,-1,-1,0.356862745098039,0.694117647058824,0.803921568627451
42.63587474822998,0.0,0.10997981171582125,0.03,1,1,1,0.0,0.3333333333333333,0.15,-1,-1,-1,1.0,1.0,-1.0,0.0,-0.3333333333333333,0.15,-1,-1,-1,0.356862745098039,0.694117647058824,0.803921568627451
42.67057228088379,0.0,0.10997981171582125,0.03,1,1,1,0.0,0.3333333333333333,0.15,-1,-1,-1,1.0,1.0,-1.0,0.0,-0.3333333333333333,0.15,-1,-1,-1,0.356862745098039,0.694117647058824,0.803921568627451
42.705734729766846,0.0,0.10997981171582125,0.03,1,1,1,0.0,0.3333333333333333,0.15,-1,-1,-1,1.0,1.0,-1.0,0.0,-0.3333333333333333,0.15,-1,-1,-1,0.356862745098039,0.694117647058824,0.803921568627451
42.74024534225464,0.0,0.10997981171582125,0.03,1,1,1,0.0,0.3333333333333333,0.15,-1,-1,-1,1.0,1.0,-1.0,0.0,-0.3333333333333333,0.15,-1,-1,-1,0.356862745098039,0.694117647058824,0.803921568627451
42.77477216720581,0.0,0.10997981171582125,0.03,1,1,1,0.0,0.3333333333333333,0.15,-1,-1,-1,1.0,1.0,-1.0,0.0,-0.3333333333333333,0.15,-1,-1,-1,0.356862745098039,0.694117647058824,0.803921568627451
42.809510469436646,0.0,0.10997981171582125,0.03,1,1,1,0.0,0.3333333333333333,0.15,-1,-1,-1,1.0,1.0,-1.0,0.0,-0.3333333333333333,0.15,-1,-1,-1,0.356862745098039,0.694117647058824,0.803921568627451
42.84477114677429,0.0,0.10997981171582125,0.03,1,1,1,0.0,0.3333333333333333,0.15,-1,-1,-1,1.0,1.0,-1.0,0.0,-0.3333333333333333,0.15,-1,-1,-1,0.356862745098039,0.694117647058824,0.803921568627451
42.878978967666626,0.0,0.10997981171582125,0.03,1,1,1,0.0,0.3333333333333333,0.15,-1,-1,-1,1.0,1.0,-1.0,0.0,-0.3333333333333333,0.15,-1,-1,-1,0.356862745098039,0.694117647058824,0.803921568627451
42.913466691970825,0.0,0.10997981171582125,0.03,1,1,1,0.0,0.3333333333333333,0.15,-1,-1,-1,1.0,1.0,-1.0,0.0,-0.3333333333333333,0.15,-1,-1,-1,0.356862745098039,0.694117647058824,0.803921568627451
42.9484076499939,0.0,0.10997981171582125,0.03,1,1,1,0.0,0.3333333333333333,0.15,-1,-1,-1,1.0,1.0,-1.0,0.0,-0.3333333333333333,0.15,-1,-1,-1,0.356862745098039,0.694117647058824,0.803921568627451
42.98333811759949,0.0,0.10997981171582125,0.03,1,1,1,0.0,0.3333333333333333,0.15,-1,-1,-1,1.0,1.0,-1.0,0.0,-0.3333333333333333,0.15,-1,-1,-1,0.356862745098039,0.694117647058824,0.803921568627451
43.01779770851135,0.0,0.10997981171582125,0.03,1,1,1,0.0,0.3333333333333333,0.15,-1,-1,-1,1.0,1.0,-1.0,0.0,-0.3333333333333333,0.15,-1,-1,-1,0.356862745098039,0.694117647058824,0.803921568627451
43.052717208862305,0.0,0.10997981171582125,0.03,1,1,1,0.0,0.3333333333333333,0.15,-1,-1,-1,1.0,1.0,-1.0,0.0,-0.3333333333333333,0.15,-1,-1,-1,0.356862745098039,0.694117647058824,0.803921568627451
43.08770251274109,0.0,0.10997981171582125,0.03,1,1,1,0.0,0.3333333333333333,0.15,-1,-1,-1,1.0,1.0,-1.0,0.0,-0.3333333333333333,0.15,-1,-1,-1,0.356862745098039,0.694117647058824,0.803921568627451
43.121867418289185,0.0,0.10997981171582125,0.03,1,1,1,0.0,0.3333333333333333,0.15,-1,-1,-1,1.0,1.0,-1.0,0.0,-0.3333333333333333,0.15,-1,-1,-1,0.356862745098039,0.694117647058824,0.803921568627451
43.15648436546326,0.0,0.10997981171582125,0.03,1,1,1,0.0,0.3333333333333333,0.15,-1,-1,-1,1.0,1.0,-1.0,0.0,-0.3333333333333333,0.15,-1,-1,-1,0.356862745098039,0.694117647058824,0.803921568627451
43.19164729118347,0.0,0.10997981171582125,0.03,1,1,1,0.0,0.3333333333333333,0.15,-1,-1,-1,1.0,1.0,-1.0,0.0,-0.3333333333333333,0.15,-1,-1,-1,0.356862745098039,0.694117647058824,0.803921568627451
43.22655653953552,0.0,0.10997981171582125,0.03,1,1,1,0.0,0.3333333333333333,0.15,-1,-1,-1,1.0,1.0,-1.0,0.0,-0.3333333333333333,0.15,-1,-1,-1,0.356862745098039,0.694117647058824,0.803921568627451
43.26063394546509,0.0,0.10997981171582125,0.03,1,1,1,0.0,0.3333333333333333,0.15,-1,-1,-1,1.0,1.0,-1.0,0.0,-0.3333333333333333,0.15,-1,-1,-1,0.356862745098039,0.694117647058824,0.803921568627451
43.2954797744751,0.0,0.10997981171582125,0.03,1,1,1,0.0,0.3333333333333333,0.15,-1,-1,-1,1.0,1.0,-1.0,0.0,-0.3333333333333333,0.15,-1,-1,-1,0.356862745098039,0.694117647058824,0.803921568627451
43.33023524284363,0.0,0.10997981171582125,0.03,1,1,1,0.0,0.3333333333333333,0.15,-1,-1,-1,1.0,1.0,-1.0,0.0,-0.3333333333333333,0.15,-1,-1,-1,0.356862745098039,0.694117647058824,0.803921568627451
43.36494827270508,0.0,0.10720650159057943,0.03,1,1,1,0.0,0.3333333333333333,0.15,-1,-1,-1,1.0,1.0,-1.0,0.0,-0.3333333333333333,0.15,-1,-1,-1,0.356862745098039,0.694117647058824,0.803921568627451
43.399763345718384,0.0,0.10258431804850973,0.03,1,1,1,0.0,0.3333333333333333,0.15,-1,-1,-1,1.0,1.0,-1.0,0.0,-0.3333333333333333,0.15,-1,-1,-1,0.356862745098039,0.694117647058824,0.803921568627451
43.434701681137085,0.0,0.09796213450644004,0.03,1,1,1,0.0,0.3333333333333333,0.15,-1,-1,-1,1.0,1.0,-1.0,0.0,-0.3333333333333333,0.15,-1,-1,-1,0.356862745098039,0.694117647058824,0.803921568627451
43.4695942401886,0.0,0.09333995096437034,0.03,1,1,1,0.0,0.3333333333333333,0.15,-1,-1,-1,1.0,1.0,-1.0,0.0,-0.3333333333333333,0.15,-1,-1,-1,0.356862745098039,0.694117647058824,0.803921568627451
43.50407862663269,0.0,0.08871776742230064,0.03,1,1,1,0.0,0.3333333333333333,0.15,-1,-1,-1,1.0,1.0,-1.0,0.0,-0.3333333333333333,0.15,-1,-1,-1,0.356862745098039,0.694117647058824,0.803921568627451
43.5389084815979,0.0,0.08409558388023095,0.03,1,1,1,0.0,0.3333333333333333,0.15,-1,-1,-1,1.0,1.0,-1.0,0.0,-0.3333333333333333,0.15,-1,-1,-1,0.356862745098039,0.694117647058824,0.803921568627451
43.57391905784607,0.0,0.07947340033816125,0.03,1,1,1,0.0,0.3333333333333333,0.15,-1,-1,-1,1.0,1.0,-1.0,0.0,-0.3333333333333333,0.15,-1,-1,-1,0.356862745098039,0.694117647058824,0.803921568627451
43.607749223709106,0.0,0.07485121679609155,0.03,1,1,1,0.0,0.3333333333333333,0.15,-1,-1,-1,1.0,1.0,-1.0,0.0,-0.3333333333333333,0.15,-1,-1,-1,0.356862745098039,0.694117647058824,0.803921568627451
43.642483949661255,0.0,0.07022903325402186,0.03,1,1,1,0.0,0.3333333333333333,0.15,-1,-1,-1,1.0,1.0,-1.0,0.0,-0.3333333333333333,0.15,-1,-1,-1,0.356862745098039,0.694117647058824,0.803921568627451
43.678372859954834,0.0,0.06560684971195216,0.03,1,1,1,0.0,0.3333333333333333,0.15,-1,-1,-1,1.0,1.0,-1.0,0.0,-0.3333333333333333,0.15,-1,-1,-1,0.356862745098039,0.694117647058824,0.803921568627451
43.712483167648315,0.0,0.06098466616988248,0.03,1,1,1,0.0,0.3333333333333333,0.15,-1,-1,-1,1.0,1.0,-1.0,0.0,-0.3333333333333333,0.15,-1,-1,-1,0.356862745098039,0.694117647058824,0.803921568627451
43.74742913246155,0.0,0.05636248262781282,0.03,1,1,1,0.0,0.3333333333333333,0.15,-1,-1,-1,1.0,1.0,-1.0,0.0,-0.3333333333333333,0.15,-1,-1,-1,0.356862745098039,0.694117647058824,0.803921568627451
43.78144550323486,0.0,0.05174029908574316,0.03,1,1,1,0.0,0.3333333333333333,0.15,-1,-1,-1,1.0,1.0,-1.0,0.0,-0.3333333333333333,0.15,-1,-1,-1,0.356862745098039,0.694117647058824,0.803921568627451
43.81659746170044,0.0,0.0471181155436735,0.03,1,1,1,0.0,0.3333333333333333,0.15,-1,-1,-1,1.0,1.0,-1.0,0.0,-0.3333333333333333,0.15,-1,-1,-1,0.356862745098039,0.694117647058824,0.803921568627451
43.85130524635315,0.0,0.042495932001603835,0.03,1,1,1,0.0,0.3333333333333333,0.15,-1,-1,-1,1.0,1.0,-1.0,0.0,-0.3333333333333333,0.15,-1,-1,-1,0.356862745098039,0.694117647058824,0.803921568627451
43.885579109191895,0.0,0.03787374845953417,0.03,1,1,1,0.0,0.3333333333333333,0.15,-1,-1,-1,1.0,1.0,-1.0,0.0,-0.3333333333333333,0.15,-1,-1,-1,0.356862745098039,0.694117647058824,0.803921568627451
43.92037653923035,0.0,0.03325156491746451,0.03,1,1,1,0.0,0.3333333333333333,0.15,-1,-1,-1,1.0,1.0,-1.0,0.0,-0.3333333333333333,0.15,-1,-1,-1,0.356862745098039,0.694117647058824,0.803921568627451
43.95555400848389,0.0,0.028629381375394843,0.03,1,1,1,0.0,0.3333333333333333,0.15,-1,-1,-1,1.0,1.0,-1.0,0.0,-0.3333333333333333,0.15,-1,-1,-1,0.356862745098039,0.694117647058824,0.803921568627451
43.98972201347351,0.0,0.024007197833325163,0.03,1,1,1,0.0,0.3333333333333333,0.15,-1,-1,-1,1.0,1.0,-1.0,0.0,-0.3333333333333333,0.15,-1,-1,-1,0.356862745098039,0.694117647058824,0.803921568627451
44.02446246147156,0.0,0.019385014291255484,0.03,1,1,1,0.0,0.3333333333333333,0.15,-1,-1,-1,1.0,1.0,-1.0,0.0,-0.3333333333333333,0.15,-1,-1,-1,0.356862745098039,0.694117647058824,0.803921568627451
44.05960512161255,0.0,0.014762830749185806,0.03,1,1,1,0.0,0.3333333333333333,0.15,-1,-1,-1,1.0,1.0,-1.0,0.0,-0.3333333333333333,0.15,-1,-1,-1,0.356862745098039,0.694117647058824,0.803921568627451
44.09465146064758,0.0,0.010140647207116136,0.03,1,1,1,0.0,0.3333333333333333,0.15,-1,-1,-1,1.0,1.0,-1.0,0.0,-0.3333333333333333,0.15,-1,-1,-1,0.356862745098039,0.694117647058824,0.803921568627451
44.129481077194214,0.0,0.005518463665046463,0.03,1,1,1,0.0,0.3333333333333333,0.15,-1,-1,-1,1.0,1.0,-1.0,0.0,-0.3333333333333333,0.15,-1,-1,-1,0.356862745098039,0.694117647058824,0.803921568627451
44.1640419960022,0.0,0.0008962801229767882,0.03,1,1,1,0.0,0.3333333333333333,0.15,-1,-1,-1,1.0,1.0,-1.0,0.0,-0.3333333333333333,0.15,-1,-1,-1,0.356862745098039,0.694117647058824,0.803921568627451
44.19901919364929,0.0,-0.003725903419092885,0.03,1,1,1,0.0,0.3333333333333333,0.15,-1,-1,-1,1.0,1.0,-1.0,0.0,-0.3333333333333333,0.15,-1,-1,-1,0.356862745098039,0.694117647058824,0.803921568627451
44.2337806224823,0.0,-0.008348086961162559,0.03,1,1,1,0.0,0.3333333333333333,0.15,-1,-1,-1,1.0,1.0,-1.0,0.0,-0.3333333333333333,0.15,-1,-1,-1,0.356862745098039,0.694117647058824,0.803921568627451
44.26818037033081,0.0,-0.01297027050323223,0.03,1,1,1,0.0,0.3333333333333333,0.15,-1,-1,-1,1.0,1.0,-1.0,0.0,-0.3333333333333333,0.15,-1,-1,-1,0.356862745098039,0.694117647058824,0.803921568627451
44.30318737030029,0.0,-0.0175924540453019,0.03,1,1,1,0.0,0.3333333333333333,0.15,-1,-1,-1,1.0,1.0,-1.0,0.0,-0.3333333333333333,0.15,-1,-1,-1,0.356862745098039,0.694117647058824,0.803921568627451
44.337926626205444,0.0,-0.02221463758737158,0.03,1,1,1,0.0,0.3333333333333333,0.15,-1,-1,-1,1.0,1.0,-1.0,0.0,-0.3333333333333333,0.15,-1,-1,-1,0.356862745098039,0.694117647058824,0.803921568627451
44.37256360054016,0.0,-0.02683682112944126,0.03,1,1,1,0.0,0.3333333333333333,0.15,-1,-1,-1,1.0,1.0,-1.0,0.0,-0.3333333333333333,0.15,-1,-1,-1,0.356862745098039,0.694117647058824,0.803921568627451
44.4069459438324,0.0,-0.031459004671510936,0.03,1,1,1,0.0,0.3333333333333333,0.15,-1,-1,-1,1.0,1.0,-1.0,0.0,-0.3333333333333333,0.15,-1,-1,-1,0.356862745098039,0.694117647058824,0.803921568627451
44.44209837913513,0.0,-0.0360811882135806,0.03,1,1,1,0.0,0.3333333333333333,0.15,-1,-1,-1,1.0,1.0,-1.0,0.0,-0.3333333333333333,0.15,-1,-1,-1,0.356862745098039,0.694117647058824,0.803921568627451
44.47694540023804,0.0,-0.04070337175565026,0.03,1,1,1,0.0,0.3333333333333333,0.15,-1,-1,-1,1.0,1.0,-1.0,0.0,-0.3333333333333333,0.15,-1,-1,-1,0.356862745098039,0.694117647058824,0.803921568627451
44.511706590652466,0.0,-0.04532555529771992,0.03,1,1,1,0.0,0.3333333333333333,0.15,-1,-1,-1,1.0,1.0,-1.0,0.0,-0.3333333333333333,0.15,-1,-1,-1,0.356862745098039,0.694117647058824,0.803921568627451
44.546167612075806,0.0,-0.049947738839789584,0.03,1,1,1,0.0,0.3333333333333333,0.15,-1,-1,-1,1.0,1.0,-1.0,0.0,-0.3333333333333333,0.15,-1,-1,-1,0.356862745098039,0.694117647058824,0.803921568627451
44.580546855926514,0.0,-0.052456622366094156,0.03,1,1,1,0.0,0.3333333333333333,0.15,-1,-1,-1,1.0,1.0,-1.0,0.0,-0.3333333333333333,0.15,-1,-1,-1,0.356862745098039,0.694117647058824,0.803921568627451
44.61586093902588,0.0,-0.05496550589239873,0.03,1,1,1,0.0,0.3333333333333333,0.15,-1,-1,-1,1.0,1.0,-1.0,0.0,-0.3333333333333333,0.15,-1,-1,-1,0.356862745098039,0.694117647058824,0.803921568627451
44.65064024925232,0.0,-0.0574743894187033,0.03,1,1,1,0.0,0.3333333333333333,0.15,-1,-1,-1,1.0,1.0,-1.0,0.0,-0.3333333333333333,0.15,-1,-1,-1,0.356862745098039,0.694117647058824,0.803921568627451
44.68528175354004,0.0,-0.05998327294500788,0.03,1,1,1,0.0,0.3333333333333333,0.15,-1,-1,-1,1.0,1.0,-1.0,0.0,-0.3333333333333333,0.15,-1,-1,-1,0.356862745098039,0.694117647058824,0.803921568627451
44.718602418899536,0.0,-0.06249215647131247,0.03,1,1,1,0.0,0.3333333333333333,0.15,-1,-1,-1,1.0,1.0,-1.0,0.0,-0.3333333333333333,0.15,-1,-1,-1,0.356862745098039,0.694117647058824,0.803921568627451
44.754780769348145,0.0,-0.06500103999761704,0.03,1,1,1,0.0,0.3333333333333333,0.15,-1,-1,-1,1.0,1.0,-1.0,0.0,-0.3333333333333333,0.15,-1,-1,-1,0.356862745098039,0.694117647058824,0.803921568627451
44.789222955703735,0.0,-0.06750992352392161,0.03,1,1,1,0.0,0.3333333333333333,0.15,-1,-1,-1,1.0,1.0,-1.0,0.0,-0.3333333333333333,0.15,-1,-1,-1,0.356862745098039,0.694117647058824,0.803921568627451
44.82391047477722,0.0,-0.07001880705022619,0.03,1,1,1,0.0,0.3333333333333333,0.15,-1,-1,-1,1.0,1.0,-1.0,0.0,-0.3333333333333333,0.15,-1,-1,-1,0.356862745098039,0.694117647058824,0.803921568627451
44.85867786407471,0.0,-0.07252769057653076,0.03,1,1,1,0.0,0.3333333333333333,0.15,-1,-1,-1,1.0,1.0,-1.0,0.0,-0.3333333333333333,0.15,-1,-1,-1,0.356862745098039,0.694117647058824,0.803921568627451
44.89344072341919,0.0,-0.07503657410283533,0.03,1,1,1,0.0,0.3333333333333333,0.15,-1,-1,-1,1.0,1.0,-1.0,0.0,-0.3333333333333333,0.15,-1,-1,-1,0.356862745098039,0.694117647058824,0.803921568627451
44.92815184593201,0.0,-0.0775454576291399,0.03,1,1,1,0.0,0.3333333333333333,0.15,-1,-1,-1,1.0,1.0,-1.0,0.0,-0.3333333333333333,0.15,-1,-1,-1,0.356862745098039,0.694117647058824,0.803921568627451
44.9629180431366,0.0,-0.08005434115544448,0.03,1,1,1,0.0,0.3333333333333333,0.15,-1,-1,-1,1.0,1.0,-1.0,0.0,-0.3333333333333333,0.15,-1,-1,-1,0.356862745098039,0.694117647058824,0.803921568627451
44.99774122238159,0.0,-0.08256322468174905,0.03,1,1,1,0.0,0.3333333333333333,0.15,-1,-1,-1,1.0,1.0,-1.0,0.0,-0.3333333333333333,0.15,-1,-1,-1,0.356862745098039,0.694117647058824,0.803921568627451
45.03229117393494,0.0,-0.08507210820805362,0.03,1,1,1,0.0,0.3333333333333333,0.15,-1,-1,-1,1.0,1.0,-1.0,0.0,-0.3333333333333333,0.15,-1,-1,-1,0.356862745098039,0.694117647058824,0.803921568627451
45.06707000732422,0.0,-0.0875809917343582,0.03,1,1,1,0.0,0.3333333333333333,0.15,-1,-1,-1,1.0,1.0,-1.0,0.0,-0.3333333333333333,0.15,-1,-1,-1,0.356862745098039,0.694117647058824,0.803921568627451
45.10207915306091,0.0,-0.09008987526066277,0.03,1,1,1,0.0,0.3333333333333333,0.15,-1,-1,-1,1.0,1.0,-1.0,0.0,-0.3333333333333333,0.15,-1,-1,-1,0.356862745098039,0.694117647058824,0.803921568627451
45.13623261451721,0.0,-0.09259875878696734,0.03,1,1,1,0.0,0.3333333333333333,0.15,-1,-1,-1,1.0,1.0,-1.0,0.0,-0.3333333333333333,0.15,-1,-1,-1,0.356862745098039,0.694117647058824,0.803921568627451
45.170592308044434,0.0,-0.09510764231327191,0.03,1,1,1,0.0,0.3333333333333333,0.15,-1,-1,-1,1.0,1.0,-1.0,0.0,-0.3333333333333333,0.15,-1,-1,-1,0.356862745098039,0.694117647058824,0.803921568627451
45.205984592437744,0.0,-0.09761652583957649,0.03,1,1,1,0.0,0.3333333333333333,0.15,-1,-1,-1,1.0,1.0,-1.0,0.0,-0.3333333333333333,0.15,-1,-1,-1,0.356862745098039,0.694117647058824,0.803921568627451
45.240508794784546,0.0,-0.10012540936588106,0.03,1,1,1,0.0,0.3333333333333333,0.15,-1,-1,-1,1.0,1.0,-1.0,0.0,-0.3333333333333333,0.15,-1,-1,-1,0.356862745098039,0.694117647058824,0.803921568627451
45.27553176879883,0.0,-0.10263429289218563,0.03,1,1,1,0.0,0.3333333333333333,0.15,-1,-1,-1,1.0,1.0,-1.0,0.0,-0.3333333333333333,0.15,-1,-1,-1,0.356862745098039,0.694117647058824,0.803921568627451
45.310362815856934,0.0,-0.1051431764184902,0.03,1,1,1,0.0,0.3333333333333333,0.15,-1,-1,-1,1.0,1.0,-1.0,0.0,-0.3333333333333333,0.15,-1,-1,-1,0.356862745098039,0.694117647058824,0.803921568627451
45.34479761123657,0.0,-0.10765205994479478,0.03,1,1,1,0.0,0.3333333333333333,0.15,-1,-1,-1,1.0,1.0,-1.0,0.0,-0.3333333333333333,0.15,-1,-1,-1,0.356862745098039,0.694117647058824,0.803921568627451
45.37899470329285,0.0,-0.11016094347109935,0.03,1,1,1,0.0,0.3333333333333333,0.15,-1,-1,-1,1.0,1.0,-1.0,0.0,-0.3333333333333333,0.15,-1,-1,-1,0.356862745098039,0.694117647058824,0.803921568627451
45.41426491737366,0.0,-0.11266982699740392,0.03,1,1,1,0.0,0.3333333333333333,0.15,-1,-1,-1,1.0,1.0,-1.0,0.0,-0.3333333333333333,0.15,-1,-1,-1,0.356862745098039,0.694117647058824,0.803921568627451
45.44868731498718,0.0,-0.1151787105237085,0.03,1,1,1,0.0,0.3333333333333333,0.15,-1,-1,-1,1.0,1.0,-1.0,0.0,-0.3333333333333333,0.15,-1,-1,-1,0.356862745098039,0.694117647058824,0.803921568627451
45.483376026153564,0.0,-0.11768759405001307,0.03,1,1,1,0.0,0.3333333333333333,0.15,-1,-1,-1,1.0,1.0,-1.0,0.0,-0.3333333333333333,0.15,-1,-1,-1,0.356862745098039,0.694117647058824,0.803921568627451
45.51799440383911,0.0,-0.12019647757631764,0.03,1,1,1,0.0,0.3333333333333333,0.15,-1,-1,-1,1.0,1.0,-1.0,0.0,-0.3333333333333333,0.15,-1,-1,-1,0.356862745098039,0.694117647058824,0.803921568627451
45.55280661582947,0.0,-0.12270536110262224,0.03,1,1,1,0.0,0.3333333333333333,0.15,-1,-1,-1,1.0,1.0,-1.0,0.0,-0.3333333333333333,0.15,-1,-1,-1,0.356862745098039,0.694117647058824,0.803921568627451
45.587886810302734,0.0,-0.12521424462892683,0.03,1,1,1,0.0,0.3333333333333333,0.15,-1,-1,-1,1.0,1.0,-1.0,0.0,-0.3333333333333333,0.15,-1,-1,-1,0.356862745098039,0.694117647058824,0.803921568627451
45.62261199951172,0.0,-0.1277231281552314,0.03,1,1,1,0.0,0.3333333333333333,0.15,-1,-1,-1,1.0,1.0,-1.0,0.0,-0.3333333333333333,0.15,-1,-1,-1,0.356862745098039,0.694117647058824,0.803921568627451
45.65736269950867,0.0,-0.13023201168153598,0.03,1,1,1,0.0,0.3333333333333333,0.15,-1,-1,-1,1.0,1.0,-1.0,0.0,-0.3333333333333333,0.15,-1,-1,-1,0.356862745098039,0.694117647058824,0.803921568627451
45.69202446937561,0.0,-0.13274089520784055,0.03,1,1,1,0.0,0.3333333333333333,0.15,-1,-1,-1,1.0,1.0,-1.0,0.0,-0.3333333333333333,0.15,-1,-1,-1,0.356862745098039,0.694117647058824,0.803921568627451
45.72673225402832,0.0,-0.13524977873414512,0.03,1,1,1,0.0,0.3333333333333333,0.15,-1,-1,-1,1.0,1.0,-1.0,0.0,-0.3333333333333333,0.15,-1,-1,-1,0.356862745098039,0.694117647058824,0.803921568627451
45.76215744018555,0.0,-0.1380698087281353,0.03,1,1,1,0.0,0.3333333333333333,0.15,-1,-1,-1,1.0,1.0,-1.0,0.0,-0.3333333333333333,0.15,-1,-1,-1,0.356862745098039,0.694117647058824,0.803921568627451
45.79591751098633,0.0,-0.14135655842365386,0.03,1,1,1,0.0,0.3333333333333333,0.15,-1,-1,-1,1.0,1.0,-1.0,0.0,-0.3333333333333333,0.15,-1,-1,-1,0.356862745098039,0.694117647058824,0.803921568627451
45.83061242103577,0.0,-0.14464330811917242,0.03,1,1,1,0.0,0.3333333333333333,0.15,-1,-1,-1,1.0,1.0,-1.0,0.0,-0.3333333333333333,0.15,-1,-1,-1,0.356862745098039,0.694117647058824,0.803921568627451
45.86473274230957,0.0,-0.14793005781469099,0.03,1,1,1,0.0,0.3333333333333333,0.15,-1,-1,-1,1.0,1.0,-1.0,0.0,-0.3333333333333333,0.15,-1,-1,-1,0.356862745098039,0.694117647058824,0.803921568627451
45.899537324905396,0.0,-0.15121680751020955,0.03,1,1,1,0.0,0.3333333333333333,0.15,-1,-1,-1,1.0,1.0,-1.0,0.0,-0.3333333333333333,0.15,-1,-1,-1,0.356862745098039,0.694117647058824,0.803921568627451
45.93425369262695,0.0,-0.15450355720572811,0.03,1,1,1,0.0,0.3333333333333333,0.15,-1,-1,-1,1.0,1.0,-1.0,0.0,-0.3333333333333333,0.15,-1,-1,-1,0.356862745098039,0.694117647058824,0.803921568627451
45.96885919570923,0.0,-0.15779030690124668,0.03,1,1,1,0.0,0.3333333333333333,0.15,-1,-1,-1,1.0,1.0,-1.0,0.0,-0.3333333333333333,0.15,-1,-1,-1,0.356862745098039,0.694117647058824,0.803921568627451
46.00358963012695,0.0,-0.16107705659676524,0.03,1,1,1,0.0,0.3333333333333333,0.15,-1,-1,-1,1.0,1.0,-1.0,0.0,-0.3333333333333333,0.15,-1,-1,-1,0.356862745098039,0.694117647058824,0.803921568627451
46.038567781448364,0.0,-0.1643638062922838,0.03,1,1,1,0.0,0.3333333333333333,0.15,-1,-1,-1,1.0,1.0,-1.0,0.0,-0.3333333333333333,0.15,-1,-1,-1,0.356862745098039,0.694117647058824,0.803921568627451
46.0733699798584,0.0,-0.16765055598780237,0.03,1,1,1,0.0,0.3333333333333333,0.15,-1,-1,-1,1.0,1.0,-1.0,0.0,-0.3333333333333333,0.15,-1,-1,-1,0.356862745098039,0.694117647058824,0.803921568627451
46.10795831680298,0.0,-0.17093730568332094,0.03,1,1,1,0.0,0.3333333333333333,0.15,-1,-1,-1,1.0,1.0,-1.0,0.0,-0.3333333333333333,0.15,-1,-1,-1,0.356862745098039,0.694117647058824,0.803921568627451
46.14254379272461,0.0,-0.1742240553788395,0.03,1,1,1,0.0,0.3333333333333333,0.15,-1,-1,-1,1.0,1.0,-1.0,0.0,-0.3333333333333333,0.15,-1,-1,-1,0.356862745098039,0.694117647058824,0.803921568627451
46.177407026290894,0.0,-0.17751080507435807,0.03,1,1,1,0.0,0.3333333333333333,0.15,-1,-1,-1,1.0,1.0,-1.0,0.0,-0.3333333333333333,0.15,-1,-1,-1,0.356862745098039,0.694117647058824,0.803921568627451
46.21215319633484,0.0,-0.18079755476987663,0.03,1,1,1,0.0,0.3333333333333333,0.15,-1,-1,-1,1.0,1.0,-1.0,0.0,-0.3333333333333333,0.15,-1,-1,-1,0.356862745098039,0.694117647058824,0.803921568627451
46.246498823165894,0.0,-0.1840843044653952,0.03,1,1,1,0.0,0.3333333333333333,0.15,-1,-1,-1,1.0,1.0,-1.0,0.0,-0.3333333333333333,0.15,-1,-1,-1,0.356862745098039,0.694117647058824,0.803921568627451
46.28140473365784,0.0,-0.18737105416091376,0.03,1,1,1,0.0,0.3333333333333333,0.15,-1,-1,-1,1.0,1.0,-1.0,0.0,-0.3333333333333333,0.15,-1,-1,-1,0.356862745098039,0.694117647058824,0.803921568627451
46.31638693809509,0.0,-0.19065780385643233,0.03,1,1,1,0.0,0.3333333333333333,0.15,-1,-1,-1,1.0,1.0,-1.0,0.0,-0.3333333333333333,0.15,-1,-1,-1,0.356862745098039,0.694117647058824,0.803921568627451
46.3508198261261,0.0,-0.1939445535519509,0.03,1,1,1,0.0,0.3333333333333333,0.15,-1,-1,-1,1.0,1.0,-1.0,0.0,-0.3333333333333333,0.15,-1,-1,-1,0.356862745098039,0.694117647058824,0.803921568627451
46.38569164276123,0.0,-0.19723130324746946,0.03,1,1,1,0.0,0.3333333333333333,0.15,-1,-1,-1,1.0,1.0,-1.0,0.0,-0.3333333333333333,0.15,-1,-1,-1,0.356862745098039,0.694117647058824,0.803921568627451
46.42001986503601,0.0,-0.20051805294298802,0.03,1,1,1,0.0,0.3333333333333333,0.15,-1,-1,-1,1.0,1.0,-1.0,0.0,-0.3333333333333333,0.15,-1,-1,-1,0.356862745098039,0.694117647058824,0.803921568627451
46.454824924468994,0.0,-0.2038048026385066,0.03,1,1,1,0.0,0.3333333333333333,0.15,-1,-1,-1,1.0,1.0,-1.0,0.0,-0.3333333333333333,0.15,-1,-1,-1,0.356862745098039,0.694117647058824,0.803921568627451
46.48992681503296,0.0,-0.20709155233402515,0.03,1,1,1,0.0,0.3333333333333333,0.15,-1,-1,-1,1.0,1.0,-1.0,0.0,-0.3333333333333333,0.15,-1,-1,-1,0.356862745098039,0.694117647058824,0.803921568627451
46.52457880973816,0.0,-0.21037830202954372,0.03,1,1,1,0.0,0.3333333333333333,0.15,-1,-1,-1,1.0,1.0,-1.0,0.0,-0.3333333333333333,0.15,-1,-1,-1,0.356862745098039,0.694117647058824,0.803921568627451
46.55907487869263,0.0,-0.21366505172506228,0.03,1,1,1,0.0,0.3333333333333333,0.15,-1,-1,-1,1.0,1.0,-1.0,0.0,-0.3333333333333333,0.15,-1,-1,-1,0.356862745098039,0.694117647058824,0.803921568627451
46.593958377838135,0.0,-0.21695180142058085,0.03,1,1,1,0.0,0.3333333333333333,0.15,-1,-1,-1,1.0,1.0,-1.0,0.0,-0.3333333333333333,0.15,-1,-1,-1,0.356862745098039,0.694117647058824,0.803921568627451
46.62898397445679,0.0,-0.2202385511160994,0.03,1,1,1,0.0,0.3333333333333333,0.15,-1,-1,-1,1.0,1.0,-1.0,0.0,-0.3333333333333333,0.15,-1,-1,-1,0.356862745098039,0.694117647058824,0.803921568627451
46.66363334655762,0.0,-0.22352530081161798,0.03,1,1,1,0.0,0.3333333333333333,0.15,-1,-1,-1,1.0,1.0,-1.0,0.0,-0.3333333333333333,0.15,-1,-1,-1,0.356862745098039,0.694117647058824,0.803921568627451
46.69844675064087,0.0,-0.22681205050713654,0.03,1,1,1,0.0,0.3333333333333333,0.15,-1,-1,-1,1.0,1.0,-1.0,0.0,-0.3333333333333333,0.15,-1,-1,-1,0.356862745098039,0.694117647058824,0.803921568627451
46.73285698890686,0.0,-0.2300988002026551,0.03,1,1,1,0.0,0.3333333333333333,0.15,-1,-1,-1,1.0,1.0,-1.0,0.0,-0.3333333333333333,0.15,-1,-1,-1,0.356862745098039,0.694117647058824,0.803921568627451
46.76709747314453,0.0,-0.23338554989817367,0.03,1,1,1,0.0,0.3333333333333333,0.15,-1,-1,-1,1.0,1.0,-1.0,0.0,-0.3333333333333333,0.15,-1,-1,-1,0.356862745098039,0.694117647058824,0.803921568627451
46.80211091041565,0.0,-0.23667229959369224,0.03,1,1,1,0.0,0.3333333333333333,0.15,-1,-1,-1,1.0,1.0,-1.0,0.0,-0.3333333333333333,0.15,-1,-1,-1,0.356862745098039,0.694117647058824,0.803921568627451
46.83760452270508,0.0,-0.23995904928921086,0.03,1,1,1,0.0,0.3333333333333333,0.15,-1,-1,-1,1.0,1.0,-1.0,0.0,-0.3333333333333333,0.15,-1,-1,-1,0.356862745098039,0.694117647058824,0.803921568627451
46.87216138839722,0.0,-0.24324579898472945,0.03,1,1,1,0.0,0.3333333333333333,0.15,-1,-1,-1,1.0,1.0,-1.0,0.0,-0.3333333333333333,0.15,-1,-1,-1,0.356862745098039,0.694117647058824,0.803921568627451
46.90675401687622,0.0,-0.24653254868024804,0.03,1,1,1,0.0,0.3333333333333333,0.15,-1,-1,-1,1.0,1.0,-1.0,0.0,-0.3333333333333333,0.15,-1,-1,-1,0.356862745098039,0.694117647058824,0.803921568627451
46.94111752510071,0.0,-0.24981929837576664,0.03,1,1,1,0.0,0.3333333333333333,0.15,-1,-1,-1,1.0,1.0,-1.0,0.0,-0.3333333333333333,0.15,-1,-1,-1,0.356862745098039,0.694117647058824,0.803921568627451
46.97610592842102,0.0,-0.254299218130054,0.03,1,1,1,0.0,0.3333333333333333,0.15,-1,-1,-1,1.0,1.0,-1.0,0.0,-0.3333333333333333,0.15,-1,-1,-1,0.356862745098039,0.694117647058824,0.803921568627451
47.01060461997986,0.0,-0.25907743039903364,0.03,1,1,1,0.0,0.3333333333333333,0.15,-1,-1,-1,1.0,1.0,-1.0,0.0,-0.3333333333333333,0.15,-1,-1,-1,0.356862745098039,0.694117647058824,0.803921568627451
47.04540944099426,0.0,-0.26385564266801326,0.03,1,1,1,0.0,0.3333333333333333,0.15,-1,-1,-1,1.0,1.0,-1.0,0.0,-0.3333333333333333,0.15,-1,-1,-1,0.356862745098039,0.694117647058824,0.803921568627451
47.08037281036377,0.0,-0.2686338549369929,0.03,1,1,1,0.0,0.3333333333333333,0.15,-1,-1,-1,1.0,1.0,-1.0,0.0,-0.3333333333333333,0.15,-1,-1,-1,0.356862745098039,0.694117647058824,0.803921568627451
47.11497497558594,0.0,-0.2734120672059725,0.03,1,1,1,0.0,0.3333333333333333,0.15,-1,-1,-1,1.0,1.0,-1.0,0.0,-0.3333333333333333,0.15,-1,-1,-1,0.356862745098039,0.694117647058824,0.803921568627451
47.1492235660553,0.0,-0.2781902794749521,0.03,1,1,1,0.0,0.3333333333333333,0.15,-1,-1,-1,1.0,1.0,-1.0,0.0,-0.3333333333333333,0.15,-1,-1,-1,0.356862745098039,0.694117647058824,0.803921568627451
47.18444085121155,0.0,-0.28296849174393174,0.03,1,1,1,0.0,0.3333333333333333,0.15,-1,-1,-1,1.0,1.0,-1.0,0.0,-0.3333333333333333,0.15,-1,-1,-1,0.356862745098039,0.694117647058824,0.803921568627451
47.21858024597168,0.0,-0.28774670401291136,0.03,1,1,1,0.0,0.3333333333333333,0.15,-1,-1,-1,1.0,1.0,-1.0,0.0,-0.3333333333333333,0.15,-1,-1,-1,0.356862745098039,0.694117647058824,0.803921568627451
47.25428581237793,0.0,-0.292524916281891,0.03,1,1,1,0.0,0.3333333333333333,0.15,-1,-1,-1,1.0,1.0,-1.0,0.0,-0.3333333333333333,0.15,-1,-1,-1,0.356862745098039,0.694117647058824,0.803921568627451
47.2886905670166,0.0,-0.2973031285508706,0.03,1,1,1,0.0,0.3333333333333333,0.15,-1,-1,-1,1.0,1.0,-1.0,0.0,-0.3333333333333333,0.15,-1,-1,-1,0.356862745098039,0.694117647058824,0.803921568627451
47.323219537734985,0.0,-0.3020813408198502,0.03,1,1,1,0.0,0.3333333333333333,0.15,-1,-1,-1,1.0,1.0,-1.0,0.0,-0.3333333333333333,0.15,-1,-1,-1,0.356862745098039,0.694117647058824,0.803921568627451
47.35766649246216,0.0,-0.30685955308882984,0.03,1,1,1,0.0,0.3333333333333333,0.15,-1,-1,-1,1.0,1.0,-1.0,0.0,-0.3333333333333333,0.15,-1,-1,-1,0.356862745098039,0.694117647058824,0.803921568627451
47.39288902282715,0.0,-0.31163776535780946,0.03,1,1,1,0.0,0.3333333333333333,0.15,-1,-1,-1,1.0,1.0,-1.0,0.0,-0.3333333333333333,0.15,-1,-1,-1,0.356862745098039,0.694117647058824,0.803921568627451
47.427584648132324,0.0,-0.3164159776267891,0.03,1,1,1,0.0,0.3333333333333333,0.15,-1,-1,-1,1.0,1.0,-1.0,0.0,-0.3333333333333333,0.15,-1,-1,-1,0.356862745098039,0.694117647058824,0.803921568627451
47.46217918395996,0.0,-0.3211941898957687,0.03,1,1,1,0.0,0.3333333333333333,0.15,-1,-1,-1,1.0,1.0,-1.0,0.0,-0.3333333333333333,0.15,-1,-1,-1,0.356862745098039,0.694117647058824,0.803921568627451
47.49760031700134,0.0,-0.3259724021647483,0.03,1,1,1,0.0,0.3333333333333333,0.15,-1,-1,-1,1.0,1.0,-1.0,0.0,-0.3333333333333333,0.15,-1,-1,-1,0.356862745098039,0.694117647058824,0.803921568627451
47.532610177993774,0.0,-0.33075061443372794,0.03,1,1,1,0.0,0.3333333333333333,0.15,-1,-1,-1,1.0,1.0,-1.0,0.0,-0.3333333333333333,0.15,-1,-1,-1,0.356862745098039,0.694117647058824,0.803921568627451
47.56717038154602,0.0,-0.3336175417951157,0.03,1,1,1,0.0,0.3333333333333333,0.15,-1,-1,-1,1.0,1.0,-1.0,0.0,-0.3333333333333333,0.15,-1,-1,-1,0.356862745098039,0.694117647058824,0.803921568627451
47.601773500442505,0.0,-0.3336175417951157,0.03,1,1,1,0.0,0.3333333333333333,0.15,-1,-1,-1,1.0,1.0,-1.0,0.0,-0.3333333333333333,0.15,-1,-1,-1,0.356862745098039,0.694117647058824,0.803921568627451
47.63640522956848,0.0,-0.3336175417951157,0.03,1,1,1,0.0,0.3333333333333333,0.15,-1,-1,-1,1.0,1.0,-1.0,0.0,-0.3333333333333333,0.15,-1,-1,-1,0.356862745098039,0.694117647058824,0.803921568627451
47.670867681503296,0.0,-0.3336175417951157,0.03,1,1,1,0.0,0.3333333333333333,0.15,-1,-1,-1,1.0,1.0,-1.0,0.0,-0.3333333333333333,0.15,-1,-1,-1,0.356862745098039,0.694117647058824,0.803921568627451
47.70531177520752,0.0,-0.3336175417951157,0.03,1,1,1,0.0,0.3333333333333333,0.15,-1,-1,-1,1.0,1.0,-1.0,0.0,-0.3333333333333333,0.15,-1,-1,-1,0.356862745098039,0.694117647058824,0.803921568627451
47.7405891418457,0.0,-0.3336175417951157,0.03,1,1,1,0.0,0.3333333333333333,0.15,-1,-1,-1,1.0,1.0,-1.0,0.0,-0.3333333333333333,0.15,-1,-1,-1,0.356862745098039,0.694117647058824,0.803921568627451
47.77471208572388,0.0,-0.3336175417951157,0.03,1,1,1,0.0,0.3333333333333333,0.15,-1,-1,-1,1.0,1.0,-1.0,0.0,-0.3333333333333333,0.15,-1,-1,-1,0.356862745098039,0.694117647058824,0.803921568627451
47.80958890914917,0.0,-0.3336175417951157,0.03,1,1,1,0.0,0.3333333333333333,0.15,-1,-1,-1,1.0,1.0,-1.0,0.0,-0.3333333333333333,0.15,-1,-1,-1,0.356862745098039,0.694117647058824,0.803921568627451
47.84442615509033,0.0,-0.3336175417951157,0.03,1,1,1,0.0,0.3333333333333333,0.15,-1,-1,-1,1.0,1.0,-1.0,0.0,-0.3333333333333333,0.15,-1,-1,-1,0.356862745098039,0.694117647058824,0.803921568627451
47.87946629524231,0.0,-0.3336175417951157,0.03,1,1,1,0.0,0.3333333333333333,0.15,-1,-1,-1,1.0,1.0,-1.0,0.0,-0.3333333333333333,0.15,-1,-1,-1,0.356862745098039,0.694117647058824,0.803921568627451
47.91413164138794,0.0,-0.3336175417951157,0.03,1,1,1,0.0,0.3333333333333333,0.15,-1,-1,-1,1.0,1.0,-1.0,0.0,-0.3333333333333333,0.15,-1,-1,-1,0.356862745098039,0.694117647058824,0.803921568627451
47.948970556259155,0.0,-0.3336175417951157,0.03,1,1,1,0.0,0.3333333333333333,0.15,-1,-1,-1,1.0,1.0,-1.0,0.0,-0.3333333333333333,0.15,-1,-1,-1,0.356862745098039,0.694117647058824,0.803921568627451
47.98370432853699,0.0,-0.3336175417951157,0.03,1,1,1,0.0,0.3333333333333333,0.15,-1,-1,-1,1.0,1.0,-1.0,0.0,-0.3333333333333333,0.15,-1,-1,-1,0.356862745098039,0.694117647058824,0.803921568627451
48.01851558685303,0.0,-0.3336175417951157,0.03,1,1,1,0.0,0.3333333333333333,0.15,-1,-1,-1,1.0,1.0,-1.0,0.0,-0.3333333333333333,0.15,-1,-1,-1,0.356862745098039,0.694117647058824,0.803921568627451
48.0531165599823,0.0,-0.3336175417951157,0.03,1,1,1,0.0,0.3333333333333333,0.15,-1,-1,-1,1.0,1.0,-1.0,0.0,-0.3333333333333333,0.15,-1,-1,-1,0.356862745098039,0.694117647058824,0.803921568627451
48.08783006668091,0.0,-0.3336175417951157,0.03,1,1,1,0.0,0.3333333333333333,0.15,-1,-1,-1,1.0,1.0,-1.0,0.0,-0.3333333333333333,0.15,-1,-1,-1,0.356862745098039,0.694117647058824,0.803921568627451
48.121684551239014,0.0,-0.3336175417951157,0.03,1,1,1,0.0,0.3333333333333333,0.15,-1,-1,-1,1.0,1.0,-1.0,0.0,-0.3333333333333333,0.15,-1,-1,-1,0.356862745098039,0.694117647058824,0.803921568627451
48.16156196594238,0.0,0.00039403606895490917,0.03,1,1,1,0.0,0.3333333333333333,0.15,-1,-1,-1,1.0,1.0,-1.0,0.0,-0.3333333333333333,0.135,1,1,1,0.356862745098039,0.694117647058824,0.803921568627451
48.19184994697571,0.0,0.002364216413729455,0.03,1,1,1,0.0,0.3333333333333333,0.15,-1,-1,-1,1.0,1.0,-1.0,0.0,-0.3333333333333333,0.135,1,1,1,0.356862745098039,0.694117647058824,0.803921568627451
48.22650194168091,0.0,0.004334396758504,0.03,1,1,1,0.0,0.3333333333333333,0.15,-1,-1,-1,1.0,1.0,-1.0,0.0,-0.3333333333333333,0.135,1,1,1,0.356862745098039,0.694117647058824,0.803921568627451
48.261021852493286,0.0,0.006304577103278545,0.03,1,1,1,0.0,0.3333333333333333,0.15,-1,-1,-1,1.0,1.0,-1.0,0.0,-0.3333333333333333,0.135,1,1,1,0.356862745098039,0.694117647058824,0.803921568627451
48.295724391937256,0.0,0.008274757448053092,0.03,1,1,1,0.0,0.3333333333333333,0.15,-1,-1,-1,1.0,1.0,-1.0,0.0,-0.3333333333333333,0.135,1,1,1,0.356862745098039,0.694117647058824,0.803921568627451
48.330317735672,0.0,0.010244937792827641,0.03,1,1,1,0.0,0.3333333333333333,0.15,-1,-1,-1,1.0,1.0,-1.0,0.0,-0.3333333333333333,0.135,1,1,1,0.356862745098039,0.694117647058824,0.803921568627451
48.365214824676514,0.0,0.01221511813760219,0.03,1,1,1,0.0,0.3333333333333333,0.15,-1,-1,-1,1.0,1.0,-1.0,0.0,-0.3333333333333333,0.135,1,1,1,0.356862745098039,0.694117647058824,0.803921568627451
48.39941120147705,0.0,0.01418529848237674,0.03,1,1,1,0.0,0.3333333333333333,0.15,-1,-1,-1,1.0,1.0,-1.0,0.0,-0.3333333333333333,0.135,1,1,1,0.356862745098039,0.694117647058824,0.803921568627451
48.43473219871521,0.0,0.01615547882715129,0.03,1,1,1,0.0,0.3333333333333333,0.15,-1,-1,-1,1.0,1.0,-1.0,0.0,-0.3333333333333333,0.135,1,1,1,0.356862745098039,0.694117647058824,0.803921568627451
48.4692440032959,0.0,0.01812565917192583,0.03,1,1,1,0.0,0.3333333333333333,0.15,-1,-1,-1,1.0,1.0,-1.0,0.0,-0.3333333333333333,0.135,1,1,1,0.356862745098039,0.694117647058824,0.803921568627451
48.512176275253296,0.0,0.02009583951670037,0.03,1,1,1,0.0,0.3333333333333333,0.15,-1,-1,-1,1.0,1.0,-1.0,0.0,-0.3333333333333333,0.135,1,1,1,0.356862745098039,0.694117647058824,0.803921568627451
48.54630970954895,0.0,0.02206601986147491,0.03,1,1,1,0.0,0.3333333333333333,0.15,-1,-1,-1,1.0,1.0,-1.0,0.0,-0.3333333333333333,0.135,1,1,1,0.356862745098039,0.694117647058824,0.803921568627451
48.58099341392517,0.0,0.024036200206249452,0.03,1,1,1,0.0,0.3333333333333333,0.15,-1,-1,-1,1.0,1.0,-1.0,0.0,-0.3333333333333333,0.135,1,1,1,0.356862745098039,0.694117647058824,0.803921568627451
48.615697383880615,0.0,0.026006380551023993,0.03,1,1,1,0.0,0.3333333333333333,0.15,-1,-1,-1,1.0,1.0,-1.0,0.0,-0.3333333333333333,0.135,1,1,1,0.356862745098039,0.694117647058824,0.803921568627451
48.65056872367859,0.0,0.027976560895798534,0.03,1,1,1,0.0,0.3333333333333333,0.15,-1,-1,-1,1.0,1.0,-1.0,0.0,-0.3333333333333333,0.135,1,1,1,0.356862745098039,0.694117647058824,0.803921568627451
48.68529033660889,0.0,0.029946741240573078,0.03,1,1,1,0.0,0.3333333333333333,0.15,-1,-1,-1,1.0,1.0,-1.0,0.0,-0.3333333333333333,0.135,1,1,1,0.356862745098039,0.694117647058824,0.803921568627451
48.71996808052063,0.0,0.031916921585347625,0.03,1,1,1,0.0,0.3333333333333333,0.15,-1,-1,-1,1.0,1.0,-1.0,0.0,-0.3333333333333333,0.135,1,1,1,0.356862745098039,0.694117647058824,0.803921568627451
48.75473141670227,0.0,0.03388710193012218,0.03,1,1,1,0.0,0.3333333333333333,0.15,-1,-1,-1,1.0,1.0,-1.0,0.0,-0.3333333333333333,0.135,1,1,1,0.356862745098039,0.694117647058824,0.803921568627451
48.78944253921509,0.0,0.03585728227489674,0.03,1,1,1,0.0,0.3333333333333333,0.15,-1,-1,-1,1.0,1.0,-1.0,0.0,-0.3333333333333333,0.135,1,1,1,0.356862745098039,0.694117647058824,0.803921568627451
48.82415819168091,0.0,0.0378274626196713,0.03,1,1,1,0.0,0.3333333333333333,0.15,-1,-1,-1,1.0,1.0,-1.0,0.0,-0.3333333333333333,0.135,1,1,1,0.356862745098039,0.694117647058824,0.803921568627451
48.858800649642944,0.0,0.03979764296444586,0.03,1,1,1,0.0,0.3333333333333333,0.15,-1,-1,-1,1.0,1.0,-1.0,0.0,-0.3333333333333333,0.135,1,1,1,0.356862745098039,0.694117647058824,0.803921568627451
48.893593549728394,0.0,0.041767823309220416,0.03,1,1,1,0.0,0.3333333333333333,0.15,-1,-1,-1,1.0,1.0,-1.0,0.0,-0.3333333333333333,0.135,1,1,1,0.356862745098039,0.694117647058824,0.803921568627451
48.928375005722046,0.0,0.043738003653994974,0.03,1,1,1,0.0,0.3333333333333333,0.15,-1,-1,-1,1.0,1.0,-1.0,0.0,-0.3333333333333333,0.135,1,1,1,0.356862745098039,0.694117647058824,0.803921568627451
48.96283769607544,0.0,0.04570818399876953,0.03,1,1,1,0.0,0.3333333333333333,0.15,-1,-1,-1,1.0,1.0,-1.0,0.0,-0.3333333333333333,0.135,1,1,1,0.356862745098039,0.694117647058824,0.803921568627451
48.997512102127075,0.0,0.04767836434354409,0.03,1,1,1,0.0,0.3333333333333333,0.15,-1,-1,-1,1.0,1.0,-1.0,0.0,-0.3333333333333333,0.135,1,1,1,0.356862745098039,0.694117647058824,0.803921568627451
49.031842947006226,0.0,0.04964854468831865,0.03,1,1,1,0.0,0.3333333333333333,0.15,-1,-1,-1,1.0,1.0,-1.0,0.0,-0.3333333333333333,0.135,1,1,1,0.356862745098039,0.694117647058824,0.803921568627451
49.06721258163452,0.0,0.051618725033093206,0.03,1,1,1,0.0,0.3333333333333333,0.15,-1,-1,-1,1.0,1.0,-1.0,0.0,-0.3333333333333333,0.135,1,1,1,0.356862745098039,0.694117647058824,0.803921568627451
49.10146689414978,0.0,0.053588905377867764,0.03,1,1,1,0.0,0.3333333333333333,0.15,-1,-1,-1,1.0,1.0,-1.0,0.0,-0.3333333333333333,0.135,1,1,1,0.356862745098039,0.694117647058824,0.803921568627451
49.136300802230835,0.0,0.05555908572264232,0.03,1,1,1,0.0,0.3333333333333333,0.15,-1,-1,-1,1.0,1.0,-1.0,0.0,-0.3333333333333333,0.135,1,1,1,0.356862745098039,0.694117647058824,0.803921568627451
49.171218395233154,0.0,0.05752926606741688,0.03,1,1,1,0.0,0.3333333333333333,0.15,-1,-1,-1,1.0,1.0,-1.0,0.0,-0.3333333333333333,0.135,1,1,1,0.356862745098039,0.694117647058824,0.803921568627451
49.205862522125244,0.0,0.059499446412191445,0.03,1,1,1,0.0,0.3333333333333333,0.15,-1,-1,-1,1.0,1.0,-1.0,0.0,-0.3333333333333333,0.135,1,1,1,0.356862745098039,0.694117647058824,0.803921568627451
49.2402138710022,0.0,0.061469626756966,0.03,1,1,1,0.0,0.3333333333333333,0.15,-1,-1,-1,1.0,1.0,-1.0,0.0,-0.3333333333333333,0.135,1,1,1,0.356862745098039,0.694117647058824,0.803921568627451
49.27479863166809,0.0,0.06343980710174056,0.03,1,1,1,0.0,0.3333333333333333,0.15,-1,-1,-1,1.0,1.0,-1.0,0.0,-0.3333333333333333,0.135,1,1,1,0.356862745098039,0.694117647058824,0.803921568627451
49.30990958213806,0.0,0.06540998744651512,0.03,1,1,1,0.0,0.3333333333333333,0.15,-1,-1,-1,1.0,1.0,-1.0,0.0,-0.3333333333333333,0.135,1,1,1,0.356862745098039,0.694117647058824,0.803921568627451
49.344176054000854,0.0,0.06738016779128968,0.03,1,1,1,0.0,0.3333333333333333,0.15,-1,-1,-1,1.0,1.0,-1.0,0.0,-0.3333333333333333,0.135,1,1,1,0.356862745098039,0.694117647058824,0.803921568627451
49.37920928001404,0.0,0.06520723128723833,0.03,1,1,1,0.0,0.3333333333333333,0.15,-1,-1,-1,1.0,1.0,-1.0,0.0,-0.3333333333333333,0.135,-1,-1,-1,0.356862745098039,0.694117647058824,0.803921568627451
49.413305044174194,0.0,0.06199851557098052,0.03,1,1,1,0.0,0.3333333333333333,0.15,-1,-1,-1,1.0,1.0,-1.0,0.0,-0.3333333333333333,0.135,-1,-1,-1,0.356862745098039,0.694117647058824,0.803921568627451
49.44837260246277,0.0,0.05878979985472273,0.03,1,1,1,0.0,0.3333333333333333,0.15,-1,-1,-1,1.0,1.0,-1.0,0.0,-0.3333333333333333,0.135,-1,-1,-1,0.356862745098039,0.694117647058824,0.803921568627451
49.48391556739807,0.0,0.055581084138464944,0.03,1,1,1,0.0,0.3333333333333333,0.15,-1,-1,-1,1.0,1.0,-1.0,0.0,-0.3333333333333333,0.135,-1,-1,-1,0.356862745098039,0.694117647058824,0.803921568627451
49.51798343658447,0.0,0.05237236842220716,0.03,1,1,1,0.0,0.3333333333333333,0.15,-1,-1,-1,1.0,1.0,-1.0,0.0,-0.3333333333333333,0.135,-1,-1,-1,0.356862745098039,0.694117647058824,0.803921568627451
49.552947759628296,0.0,0.04916365270594938,0.03,1,1,1,0.0,0.3333333333333333,0.15,-1,-1,-1,1.0,1.0,-1.0,0.0,-0.3333333333333333,0.135,-1,-1,-1,0.356862745098039,0.694117647058824,0.803921568627451
49.588003635406494,0.0,0.045954936989691594,0.03,1,1,1,0.0,0.3333333333333333,0.15,-1,-1,-1,1.0,1.0,-1.0,0.0,-0.3333333333333333,0.135,-1,-1,-1,0.356862745098039,0.694117647058824,0.803921568627451
49.622267723083496,0.0,0.04274622127343381,0.03,1,1,1,0.0,0.3333333333333333,0.15,-1,-1,-1,1.0,1.0,-1.0,0.0,-0.3333333333333333,0.135,-1,-1,-1,0.356862745098039,0.694117647058824,0.803921568627451
49.656784772872925,0.0,0.03953750555717603,0.03,1,1,1,0.0,0.3333333333333333,0.15,-1,-1,-1,1.0,1.0,-1.0,0.0,-0.3333333333333333,0.135,-1,-1,-1,0.356862745098039,0.694117647058824,0.803921568627451
49.69198155403137,0.0,0.036328789840918245,0.03,1,1,1,0.0,0.3333333333333333,0.15,-1,-1,-1,1.0,1.0,-1.0,0.0,-0.3333333333333333,0.135,-1,-1,-1,0.356862745098039,0.694117647058824,0.803921568627451
49.726306200027466,0.0,0.03312007412466046,0.03,1,1,1,0.0,0.3333333333333333,0.15,-1,-1,-1,1.0,1.0,-1.0,0.0,-0.3333333333333333,0.135,-1,-1,-1,0.356862745098039,0.694117647058824,0.803921568627451
49.76104784011841,0.0,0.02991135840840267,0.03,1,1,1,0.0,0.3333333333333333,0.15,-1,-1,-1,1.0,1.0,-1.0,0.0,-0.3333333333333333,0.135,-1,-1,-1,0.356862745098039,0.694117647058824,0.803921568627451
49.79542350769043,0.0,0.026702642692144868,0.03,1,1,1,0.0,0.3333333333333333,0.15,-1,-1,-1,1.0,1.0,-1.0,0.0,-0.3333333333333333,0.135,-1,-1,-1,0.356862745098039,0.694117647058824,0.803921568627451
49.83097052574158,0.0,0.023493926975887067,0.03,1,1,1,0.0,0.3333333333333333,0.15,-1,-1,-1,1.0,1.0,-1.0,0.0,-0.3333333333333333,0.135,-1,-1,-1,0.356862745098039,0.694117647058824,0.803921568627451
49.8653724193573,0.0,0.020285211259629267,0.03,1,1,1,0.0,0.3333333333333333,0.15,-1,-1,-1,1.0,1.0,-1.0,0.0,-0.3333333333333333,0.135,-1,-1,-1,0.356862745098039,0.694117647058824,0.803921568627451
49.90007162094116,0.0,0.017076495543371466,0.03,1,1,1,0.0,0.3333333333333333,0.15,-1,-1,-1,1.0,1.0,-1.0,0.0,-0.3333333333333333,0.135,-1,-1,-1,0.356862745098039,0.694117647058824,0.803921568627451
49.93515658378601,0.0,0.013867779827113666,0.03,1,1,1,0.0,0.3333333333333333,0.15,-1,-1,-1,1.0,1.0,-1.0,0.0,-0.3333333333333333,0.135,-1,-1,-1,0.356862745098039,0.694117647058824,0.803921568627451
49.969467639923096,0.0,0.010659064110855865,0.03,1,1,1,0.0,0.3333333333333333,0.15,-1,-1,-1,1.0,1.0,-1.0,0.0,-0.3333333333333333,0.135,-1,-1,-1,0.356862745098039,0.694117647058824,0.803921568627451
50.00459408760071,0.0,0.007450348394598066,0.03,1,1,1,0.0,0.3333333333333333,0.15,-1,-1,-1,1.0,1.0,-1.0,0.0,-0.3333333333333333,0.135,-1,-1,-1,0.356862745098039,0.694117647058824,0.803921568627451
50.03889799118042,0.0,0.004241632678340266,0.03,1,1,1,0.0,0.3333333333333333,0.15,-1,-1,-1,1.0,1.0,-1.0,0.0,-0.3333333333333333,0.135,-1,-1,-1,0.356862745098039,0.694117647058824,0.803921568627451
50.07396340370178,0.0,0.001032916962082468,0.03,1,1,1,0.0,0.3333333333333333,0.15,-1,-1,-1,1.0,1.0,-1.0,0.0,-0.3333333333333333,0.135,-1,-1,-1,0.356862745098039,0.694117647058824,0.803921568627451
50.10878252983093,0.0,-0.0021757987541753303,0.03,1,1,1,0.0,0.3333333333333333,0.15,-1,-1,-1,1.0,1.0,-1.0,0.0,-0.3333333333333333,0.135,-1,-1,-1,0.356862745098039,0.694117647058824,0.803921568627451
50.14370274543762,0.0,-0.00538451447043313,0.03,1,1,1,0.0,0.3333333333333333,0.15,-1,-1,-1,1.0,1.0,-1.0,0.0,-0.3333333333333333,0.135,-1,-1,-1,0.356862745098039,0.694117647058824,0.803921568627451
50.1778085231781,0.0,-0.00859323018669093,0.03,1,1,1,0.0,0.3333333333333333,0.15,-1,-1,-1,1.0,1.0,-1.0,0.0,-0.3333333333333333,0.135,-1,-1,-1,0.356862745098039,0.694117647058824,0.803921568627451
50.21286582946777,0.0,-0.01180194590294873,0.03,1,1,1,0.0,0.3333333333333333,0.15,-1,-1,-1,1.0,1.0,-1.0,0.0,-0.3333333333333333,0.135,-1,-1,-1,0.356862745098039,0.694117647058824,0.803921568627451
50.24752950668335,0.0,-0.015010661619206531,0.03,1,1,1,0.0,0.3333333333333333,0.15,-1,-1,-1,1.0,1.0,-1.0,0.0,-0.3333333333333333,0.135,-1,-1,-1,0.356862745098039,0.694117647058824,0.803921568627451
50.28268527984619,0.0,-0.018219377335464332,0.03,1,1,1,0.0,0.3333333333333333,0.15,-1,-1,-1,1.0,1.0,-1.0,0.0,-0.3333333333333333,0.135,-1,-1,-1,0.356862745098039,0.694117647058824,0.803921568627451
50.31697869300842,0.0,-0.021428093051722132,0.03,1,1,1,0.0,0.3333333333333333,0.15,-1,-1,-1,1.0,1.0,-1.0,0.0,-0.3333333333333333,0.135,-1,-1,-1,0.356862745098039,0.694117647058824,0.803921568627451
50.35169315338135,0.0,-0.024636808767979933,0.03,1,1,1,0.0,0.3333333333333333,0.15,-1,-1,-1,1.0,1.0,-1.0,0.0,-0.3333333333333333,0.135,-1,-1,-1,0.356862745098039,0.694117647058824,0.803921568627451
50.386433124542236,0.0,-0.027845524484237733,0.03,1,1,1,0.0,0.3333333333333333,0.15,-1,-1,-1,1.0,1.0,-1.0,0.0,-0.3333333333333333,0.135,-1,-1,-1,0.356862745098039,0.694117647058824,0.803921568627451
50.421114921569824,0.0,-0.03105424020049553,0.03,1,1,1,0.0,0.3333333333333333,0.15,-1,-1,-1,1.0,1.0,-1.0,0.0,-0.3333333333333333,0.135,-1,-1,-1,0.356862745098039,0.694117647058824,0.803921568627451
50.45617961883545,0.0,-0.03426295591675332,0.03,1,1,1,0.0,0.3333333333333333,0.15,-1,-1,-1,1.0,1.0,-1.0,0.0,-0.3333333333333333,0.135,-1,-1,-1,0.356862745098039,0.694117647058824,0.803921568627451
50.49097728729248,0.0,-0.0374716716330111,0.03,1,1,1,0.0,0.3333333333333333,0.15,-1,-1,-1,1.0,1.0,-1.0,0.0,-0.3333333333333333,0.135,-1,-1,-1,0.356862745098039,0.694117647058824,0.803921568627451
50.52596044540405,0.0,-0.04068038734926888,0.03,1,1,1,0.0,0.3333333333333333,0.15,-1,-1,-1,1.0,1.0,-1.0,0.0,-0.3333333333333333,0.135,-1,-1,-1,0.356862745098039,0.694117647058824,0.803921568627451
50.56042528152466,0.0,-0.04255554941905594,0.03,1,1,1,0.0,0.3333333333333333,0.15,-1,-1,-1,1.0,1.0,-1.0,0.0,-0.3333333333333333,0.135,-1,-1,-1,0.356862745098039,0.694117647058824,0.803921568627451
50.59470796585083,0.0,-0.0390964969029601,0.03,1,1,1,0.0,0.3333333333333333,0.15,-1,-1,-1,1.0,1.0,-1.0,0.0,-0.3333333333333333,0.135,-1,-1,-1,0.356862745098039,0.694117647058824,0.803921568627451
50.62929892539978,0.0,-0.03563744438686425,0.03,1,1,1,0.0,0.3333333333333333,0.15,-1,-1,-1,1.0,1.0,-1.0,0.0,-0.3333333333333333,0.135,-1,-1,-1,0.356862745098039,0.694117647058824,0.803921568627451
50.663952112197876,0.0,-0.03217839187076841,0.03,1,1,1,0.0,0.3333333333333333,0.15,-1,-1,-1,1.0,1.0,-1.0,0.0,-0.3333333333333333,0.135,-1,-1,-1,0.356862745098039,0.694117647058824,0.803921568627451
50.6987407207489,0.0,-0.028719339354672566,0.03,1,1,1,0.0,0.3333333333333333,0.15,-1,-1,-1,1.0,1.0,-1.0,0.0,-0.3333333333333333,0.135,-1,-1,-1,0.356862745098039,0.694117647058824,0.803921568627451
50.73343777656555,0.0,-0.025260286838576722,0.03,1,1,1,0.0,0.3333333333333333,0.15,-1,-1,-1,1.0,1.0,-1.0,0.0,-0.3333333333333333,0.135,-1,-1,-1,0.356862745098039,0.694117647058824,0.803921568627451
50.768004417419434,0.0,-0.021801234322480878,0.03,1,1,1,0.0,0.3333333333333333,0.15,-1,-1,-1,1.0,1.0,-1.0,0.0,-0.3333333333333333,0.135,-1,-1,-1,0.356862745098039,0.694117647058824,0.803921568627451
50.802842140197754,0.0,-0.018342181806385034,0.03,1,1,1,0.0,0.3333333333333333,0.15,-1,-1,-1,1.0,1.0,-1.0,0.0,-0.3333333333333333,0.135,-1,-1,-1,0.356862745098039,0.694117647058824,0.803921568627451
50.83760714530945,0.0,-0.014883129290289192,0.03,1,1,1,0.0,0.3333333333333333,0.15,-1,-1,-1,1.0,1.0,-1.0,0.0,-0.3333333333333333,0.135,-1,-1,-1,0.356862745098039,0.694117647058824,0.803921568627451
50.87240266799927,0.0,-0.011424076774193348,0.03,1,1,1,0.0,0.3333333333333333,0.15,-1,-1,-1,1.0,1.0,-1.0,0.0,-0.3333333333333333,0.135,-1,-1,-1,0.356862745098039,0.694117647058824,0.803921568627451
50.90704584121704,0.0,-0.007965024258097505,0.03,1,1,1,0.0,0.3333333333333333,0.15,-1,-1,-1,1.0,1.0,-1.0,0.0,-0.3333333333333333,0.135,-1,-1,-1,0.356862745098039,0.694117647058824,0.803921568627451
50.94176697731018,0.0,-0.004505971742001661,0.03,1,1,1,0.0,0.3333333333333333,0.15,-1,-1,-1,1.0,1.0,-1.0,0.0,-0.3333333333333333,0.135,-1,-1,-1,0.356862745098039,0.694117647058824,0.803921568627451
50.97653317451477,0.0,-0.0010469192259058165,0.03,1,1,1,0.0,0.3333333333333333,0.15,-1,-1,-1,1.0,1.0,-1.0,0.0,-0.3333333333333333,0.135,-1,-1,-1,0.356862745098039,0.694117647058824,0.803921568627451
51.011178493499756,0.0,0.0024121332901900277,0.03,1,1,1,0.0,0.3333333333333333,0.15,-1,-1,-1,1.0,1.0,-1.0,0.0,-0.3333333333333333,0.135,-1,-1,-1,0.356862745098039,0.694117647058824,0.803921568627451
51.04593849182129,0.0,0.005871185806285872,0.03,1,1,1,0.0,0.3333333333333333,0.15,-1,-1,-1,1.0,1.0,-1.0,0.0,-0.3333333333333333,0.135,-1,-1,-1,0.356862745098039,0.694117647058824,0.803921568627451
51.07888913154602,0.0,0.009330238322381716,0.03,1,1,1,0.0,0.3333333333333333,0.15,-1,-1,-1,1.0,1.0,-1.0,0.0,-0.3333333333333333,0.135,-1,-1,-1,0.356862745098039,0.694117647058824,0.803921568627451
51.114829301834106,0.0,0.01278929083847756,0.03,1,1,1,0.0,0.3333333333333333,0.15,-1,-1,-1,1.0,1.0,-1.0,0.0,-0.3333333333333333,0.135,-1,-1,-1,0.356862745098039,0.694117647058824,0.803921568627451
51.1491060256958,0.0,0.016248343354573404,0.03,1,1,1,0.0,0.3333333333333333,0.15,-1,-1,-1,1.0,1.0,-1.0,0.0,-0.3333333333333333,0.135,-1,-1,-1,0.356862745098039,0.694117647058824,0.803921568627451
51.18448543548584,0.0,0.019707395870669248,0.03,1,1,1,0.0,0.3333333333333333,0.15,-1,-1,-1,1.0,1.0,-1.0,0.0,-0.3333333333333333,0.135,-1,-1,-1,0.356862745098039,0.694117647058824,0.803921568627451
51.21897530555725,0.0,0.02316644838676509,0.03,1,1,1,0.0,0.3333333333333333,0.15,-1,-1,-1,1.0,1.0,-1.0,0.0,-0.3333333333333333,0.135,-1,-1,-1,0.356862745098039,0.694117647058824,0.803921568627451
51.25401163101196,0.0,0.026625500902860935,0.03,1,1,1,0.0,0.3333333333333333,0.15,-1,-1,-1,1.0,1.0,-1.0,0.0,-0.3333333333333333,0.135,-1,-1,-1,0.356862745098039,0.694117647058824,0.803921568627451
51.28886795043945,0.0,0.030084553418956782,0.03,1,1,1,0.0,0.3333333333333333,0.15,-1,-1,-1,1.0,1.0,-1.0,0.0,-0.3333333333333333,0.135,-1,-1,-1,0.356862745098039,0.694117647058824,0.803921568627451
51.323198318481445,0.0,0.03354360593505263,0.03,1,1,1,0.0,0.3333333333333333,0.15,-1,-1,-1,1.0,1.0,-1.0,0.0,-0.3333333333333333,0.135,-1,-1,-1,0.356862745098039,0.694117647058824,0.803921568627451
51.35784888267517,0.0,0.037002658451148474,0.03,1,1,1,0.0,0.3333333333333333,0.15,-1,-1,-1,1.0,1.0,-1.0,0.0,-0.3333333333333333,0.135,-1,-1,-1,0.356862745098039,0.694117647058824,0.803921568627451
51.39272594451904,0.0,0.04046171096724432,0.03,1,1,1,0.0,0.3333333333333333,0.15,-1,-1,-1,1.0,1.0,-1.0,0.0,-0.3333333333333333,0.135,-1,-1,-1,0.356862745098039,0.694117647058824,0.803921568627451
51.42771124839783,0.0,0.04392076348334016,0.03,1,1,1,0.0,0.3333333333333333,0.15,-1,-1,-1,1.0,1.0,-1.0,0.0,-0.3333333333333333,0.135,-1,-1,-1,0.356862745098039,0.694117647058824,0.803921568627451
51.462311029434204,0.0,0.047379815999436005,0.03,1,1,1,0.0,0.3333333333333333,0.15,-1,-1,-1,1.0,1.0,-1.0,0.0,-0.3333333333333333,0.135,-1,-1,-1,0.356862745098039,0.694117647058824,0.803921568627451
51.49680709838867,0.0,0.05083886851553185,0.03,1,1,1,0.0,0.3333333333333333,0.15,-1,-1,-1,1.0,1.0,-1.0,0.0,-0.3333333333333333,0.135,-1,-1,-1,0.356862745098039,0.694117647058824,0.803921568627451
51.53160905838013,0.0,0.05429792103162769,0.03,1,1,1,0.0,0.3333333333333333,0.15,-1,-1,-1,1.0,1.0,-1.0,0.0,-0.3333333333333333,0.135,-1,-1,-1,0.356862745098039,0.694117647058824,0.803921568627451
51.566307067871094,0.0,0.057756973547723536,0.03,1,1,1,0.0,0.3333333333333333,0.15,-1,-1,-1,1.0,1.0,-1.0,0.0,-0.3333333333333333,0.135,-1,-1,-1,0.356862745098039,0.694117647058824,0.803921568627451
51.60098147392273,0.0,0.061216026063819394,0.03,1,1,1,0.0,0.3333333333333333,0.15,-1,-1,-1,1.0,1.0,-1.0,0.0,-0.3333333333333333,0.135,-1,-1,-1,0.356862745098039,0.694117647058824,0.803921568627451
51.63632273674011,0.0,0.06467507857991527,0.03,1,1,1,0.0,0.3333333333333333,0.15,-1,-1,-1,1.0,1.0,-1.0,0.0,-0.3333333333333333,0.135,-1,-1,-1,0.356862745098039,0.694117647058824,0.803921568627451
51.67069721221924,0.0,0.06813413109601114,0.03,1,1,1,0.0,0.3333333333333333,0.15,-1,-1,-1,1.0,1.0,-1.0,0.0,-0.3333333333333333,0.135,-1,-1,-1,0.356862745098039,0.694117647058824,0.803921568627451
51.705270290374756,0.0,0.07159318361210702,0.03,1,1,1,0.0,0.3333333333333333,0.15,-1,-1,-1,1.0,1.0,-1.0,0.0,-0.3333333333333333,0.135,-1,-1,-1,0.356862745098039,0.694117647058824,0.803921568627451
51.739516258239746,0.0,0.0750522361282029,0.03,1,1,1,0.0,0.3333333333333333,0.15,-1,-1,-1,1.0,1.0,-1.0,0.0,-0.3333333333333333,0.135,-1,-1,-1,0.356862745098039,0.694117647058824,0.803921568627451
51.77500653266907,0.0,0.07654516860113943,0.03,1,1,1,0.0,0.3333333333333333,0.15,-1,-1,-1,1.0,1.0,-1.0,0.0,-0.3333333333333333,0.135,-1,-1,-1,0.356862745098039,0.694117647058824,0.803921568627451
51.80939841270447,0.0,0.07672735437863638,0.03,1,1,1,0.0,0.3333333333333333,0.15,-1,-1,-1,1.0,1.0,-1.0,0.0,-0.3333333333333333,0.135,-1,-1,-1,0.356862745098039,0.694117647058824,0.803921568627451
51.844013929367065,0.0,0.07690954015613334,0.03,1,1,1,0.0,0.3333333333333333,0.15,-1,-1,-1,1.0,1.0,-1.0,0.0,-0.3333333333333333,0.135,-1,-1,-1,0.356862745098039,0.694117647058824,0.803921568627451
51.87873315811157,0.0,0.0770917259336303,0.03,1,1,1,0.0,0.3333333333333333,0.15,-1,-1,-1,1.0,1.0,-1.0,0.0,-0.3333333333333333,0.135,-1,-1,-1,0.356862745098039,0.694117647058824,0.803921568627451
51.914214849472046,0.0,0.07727391171112725,0.03,1,1,1,0.0,0.3333333333333333,0.15,-1,-1,-1,1.0,1.0,-1.0,0.0,-0.3333333333333333,0.135,-1,-1,-1,0.356862745098039,0.694117647058824,0.803921568627451
51.94821238517761,0.0,0.07745609748862421,0.03,1,1,1,0.0,0.3333333333333333,0.15,-1,-1,-1,1.0,1.0,-1.0,0.0,-0.3333333333333333,0.135,-1,-1,-1,0.356862745098039,0.694117647058824,0.803921568627451
51.9828667640686,0.0,0.07763828326612117,0.03,1,1,1,0.0,0.3333333333333333,0.15,-1,-1,-1,1.0,1.0,-1.0,0.0,-0.3333333333333333,0.135,-1,-1,-1,0.356862745098039,0.694117647058824,0.803921568627451
52.01760745048523,0.0,0.07782046904361813,0.03,1,1,1,0.0,0.3333333333333333,0.15,-1,-1,-1,1.0,1.0,-1.0,0.0,-0.3333333333333333,0.135,-1,-1,-1,0.356862745098039,0.694117647058824,0.803921568627451
52.05286717414856,0.0,0.07800265482111508,0.03,1,1,1,0.0,0.3333333333333333,0.15,-1,-1,-1,1.0,1.0,-1.0,0.0,-0.3333333333333333,0.135,-1,-1,-1,0.356862745098039,0.694117647058824,0.803921568627451
52.086726903915405,0.0,0.07818484059861204,0.03,1,1,1,0.0,0.3333333333333333,0.15,-1,-1,-1,1.0,1.0,-1.0,0.0,-0.3333333333333333,0.135,-1,-1,-1,0.356862745098039,0.694117647058824,0.803921568627451
52.1212112903595,0.0,0.078367026376109,0.03,1,1,1,0.0,0.3333333333333333,0.15,-1,-1,-1,1.0,1.0,-1.0,0.0,-0.3333333333333333,0.135,-1,-1,-1,0.356862745098039,0.694117647058824,0.803921568627451
52.15691304206848,0.0,0.07854921215360595,0.03,1,1,1,0.0,0.3333333333333333,0.15,-1,-1,-1,1.0,1.0,-1.0,0.0,-0.3333333333333333,0.135,-1,-1,-1,0.356862745098039,0.694117647058824,0.803921568627451
52.1911096572876,0.0,0.07873139793110291,0.03,1,1,1,0.0,0.3333333333333333,0.15,-1,-1,-1,1.0,1.0,-1.0,0.0,-0.3333333333333333,0.135,-1,-1,-1,0.356862745098039,0.694117647058824,0.803921568627451
52.226133823394775,0.0,0.07891358370859987,0.03,1,1,1,0.0,0.3333333333333333,0.15,-1,-1,-1,1.0,1.0,-1.0,0.0,-0.3333333333333333,0.135,-1,-1,-1,0.356862745098039,0.694117647058824,0.803921568627451
52.26052403450012,0.0,0.07909576948609683,0.03,1,1,1,0.0,0.3333333333333333,0.15,-1,-1,-1,1.0,1.0,-1.0,0.0,-0.3333333333333333,0.135,-1,-1,-1,0.356862745098039,0.694117647058824,0.803921568627451
52.29537272453308,0.0,0.07927795526359378,0.03,1,1,1,0.0,0.3333333333333333,0.15,-1,-1,-1,1.0,1.0,-1.0,0.0,-0.3333333333333333,0.135,-1,-1,-1,0.356862745098039,0.694117647058824,0.803921568627451
52.330305337905884,0.0,0.07946014104109074,0.03,1,1,1,0.0,0.3333333333333333,0.15,-1,-1,-1,1.0,1.0,-1.0,0.0,-0.3333333333333333,0.135,-1,-1,-1,0.356862745098039,0.694117647058824,0.803921568627451
52.36489748954773,0.0,0.0796423268185877,0.03,1,1,1,0.0,0.3333333333333333,0.15,-1,-1,-1,1.0,1.0,-1.0,0.0,-0.3333333333333333,0.135,-1,-1,-1,0.356862745098039,0.694117647058824,0.803921568627451
52.39944911003113,0.0,0.07982451259608465,0.03,1,1,1,0.0,0.3333333333333333,0.15,-1,-1,-1,1.0,1.0,-1.0,0.0,-0.3333333333333333,0.135,-1,-1,-1,0.356862745098039,0.694117647058824,0.803921568627451
52.43434023857117,0.0,0.08000669837358161,0.03,1,1,1,0.0,0.3333333333333333,0.15,-1,-1,-1,1.0,1.0,-1.0,0.0,-0.3333333333333333,0.135,-1,-1,-1,0.356862745098039,0.694117647058824,0.803921568627451
52.468684911727905,0.0,0.08018888415107857,0.03,1,1,1,0.0,0.3333333333333333,0.15,-1,-1,-1,1.0,1.0,-1.0,0.0,-0.3333333333333333,0.135,-1,-1,-1,0.356862745098039,0.694117647058824,0.803921568627451
52.5031304359436,0.0,0.08037106992857553,0.03,1,1,1,0.0,0.3333333333333333,0.15,-1,-1,-1,1.0,1.0,-1.0,0.0,-0.3333333333333333,0.135,-1,-1,-1,0.356862745098039,0.694117647058824,0.803921568627451
52.53852558135986,0.0,0.08055325570607248,0.03,1,1,1,0.0,0.3333333333333333,0.15,-1,-1,-1,1.0,1.0,-1.0,0.0,-0.3333333333333333,0.135,-1,-1,-1,0.356862745098039,0.694117647058824,0.803921568627451
52.57307529449463,0.0,0.08073544148356944,0.03,1,1,1,0.0,0.3333333333333333,0.15,-1,-1,-1,1.0,1.0,-1.0,0.0,-0.3333333333333333,0.135,-1,-1,-1,0.356862745098039,0.694117647058824,0.803921568627451
52.6075336933136,0.0,0.0809176272610664,0.03,1,1,1,0.0,0.3333333333333333,0.15,-1,-1,-1,1.0,1.0,-1.0,0.0,-0.3333333333333333,0.135,-1,-1,-1,0.356862745098039,0.694117647058824,0.803921568627451
52.642173051834106,0.0,0.08109981303856335,0.03,1,1,1,0.0,0.3333333333333333,0.15,-1,-1,-1,1.0,1.0,-1.0,0.0,-0.3333333333333333,0.135,-1,-1,-1,0.356862745098039,0.694117647058824,0.803921568627451
52.677114963531494,0.0,0.08128199881606031,0.03,1,1,1,0.0,0.3333333333333333,0.15,-1,-1,-1,1.0,1.0,-1.0,0.0,-0.3333333333333333,0.135,-1,-1,-1,0.356862745098039,0.694117647058824,0.803921568627451
52.71194505691528,0.0,0.08146418459355727,0.03,1,1,1,0.0,0.3333333333333333,0.15,-1,-1,-1,1.0,1.0,-1.0,0.0,-0.3333333333333333,0.135,-1,-1,-1,0.356862745098039,0.694117647058824,0.803921568627451
52.74666166305542,0.0,0.08164637037105422,0.03,1,1,1,0.0,0.3333333333333333,0.15,-1,-1,-1,1.0,1.0,-1.0,0.0,-0.3333333333333333,0.135,-1,-1,-1,0.356862745098039,0.694117647058824,0.803921568627451
52.781468629837036,0.0,0.08182855614855118,0.03,1,1,1,0.0,0.3333333333333333,0.15,-1,-1,-1,1.0,1.0,-1.0,0.0,-0.3333333333333333,0.135,-1,-1,-1,0.356862745098039,0.694117647058824,0.803921568627451
52.81642723083496,0.0,0.08201074192604814,0.03,1,1,1,0.0,0.3333333333333333,0.15,-1,-1,-1,1.0,1.0,-1.0,0.0,-0.3333333333333333,0.135,-1,-1,-1,0.356862745098039,0.694117647058824,0.803921568627451
52.851057291030884,0.0,0.0821929277035451,0.03,1,1,1,0.0,0.3333333333333333,0.15,-1,-1,-1,1.0,1.0,-1.0,0.0,-0.3333333333333333,0.135,-1,-1,-1,0.356862745098039,0.694117647058824,0.803921568627451
52.90000677108765,0.0,0.08237511348104205,0.03,1,1,1,0.0,0.3333333333333333,0.15,-1,-1,-1,1.0,1.0,-1.0,0.0,-0.3333333333333333,0.135,-1,-1,-1,0.356862745098039,0.694117647058824,0.803921568627451
52.93431615829468,0.0,0.08255729925853901,0.03,1,1,1,0.0,0.3333333333333333,0.15,-1,-1,-1,1.0,1.0,-1.0,0.0,-0.3333333333333333,0.135,-1,-1,-1,0.356862745098039,0.694117647058824,0.803921568627451
52.969216108322144,0.0,0.08378811701785797,0.03,1,1,1,0.0,0.3333333333333333,0.15,-1,-1,-1,1.0,1.0,-1.0,0.0,-0.3333333333333333,0.135,-1,-1,-1,0.356862745098039,0.694117647058824,0.803921568627451
53.00423288345337,0.0,0.08659188274990995,0.03,1,1,1,0.0,0.3333333333333333,0.15,-1,-1,-1,1.0,1.0,-1.0,0.0,-0.3333333333333333,0.135,-1,-1,-1,0.356862745098039,0.694117647058824,0.803921568627451
53.038360357284546,0.0,0.08939564848196192,0.03,1,1,1,0.0,0.3333333333333333,0.15,-1,-1,-1,1.0,1.0,-1.0,0.0,-0.3333333333333333,0.135,-1,-1,-1,0.356862745098039,0.694117647058824,0.803921568627451
53.07343506813049,0.0,0.0921994142140139,0.03,1,1,1,0.0,0.3333333333333333,0.15,-1,-1,-1,1.0,1.0,-1.0,0.0,-0.3333333333333333,0.135,-1,-1,-1,0.356862745098039,0.694117647058824,0.803921568627451
53.10874962806702,0.0,0.09500317994606587,0.03,1,1,1,0.0,0.3333333333333333,0.15,-1,-1,-1,1.0,1.0,-1.0,0.0,-0.3333333333333333,0.135,-1,-1,-1,0.356862745098039,0.694117647058824,0.803921568627451
53.143269777297974,0.0,0.09780694567811785,0.03,1,1,1,0.0,0.3333333333333333,0.15,-1,-1,-1,1.0,1.0,-1.0,0.0,-0.3333333333333333,0.135,-1,-1,-1,0.356862745098039,0.694117647058824,0.803921568627451
53.17770028114319,0.0,0.10061071141016982,0.03,1,1,1,0.0,0.3333333333333333,0.15,-1,-1,-1,1.0,1.0,-1.0,0.0,-0.3333333333333333,0.135,-1,-1,-1,0.356862745098039,0.694117647058824,0.803921568627451
53.21267580986023,0.0,0.1034144771422218,0.03,1,1,1,0.0,0.3333333333333333,0.15,-1,-1,-1,1.0,1.0,-1.0,0.0,-0.3333333333333333,0.135,-1,-1,-1,0.356862745098039,0.694117647058824,0.803921568627451
53.24721145629883,0.0,0.10621824287427377,0.03,1,1,1,0.0,0.3333333333333333,0.15,-1,-1,-1,1.0,1.0,-1.0,0.0,-0.3333333333333333,0.135,-1,-1,-1,0.356862745098039,0.694117647058824,0.803921568627451
53.28179621696472,0.0,0.10902200860632574,0.03,1,1,1,0.0,0.3333333333333333,0.15,-1,-1,-1,1.0,1.0,-1.0,0.0,-0.3333333333333333,0.135,-1,-1,-1,0.356862745098039,0.694117647058824,0.803921568627451
53.316547870635986,0.0,0.11182577433837772,0.03,1,1,1,0.0,0.3333333333333333,0.15,-1,-1,-1,1.0,1.0,-1.0,0.0,-0.3333333333333333,0.135,-1,-1,-1,0.356862745098039,0.694117647058824,0.803921568627451
53.35140895843506,0.0,0.11462954007042969,0.03,1,1,1,0.0,0.3333333333333333,0.15,-1,-1,-1,1.0,1.0,-1.0,0.0,-0.3333333333333333,0.135,-1,-1,-1,0.356862745098039,0.694117647058824,0.803921568627451
53.386150598526,0.0,0.11743330580248167,0.03,1,1,1,0.0,0.3333333333333333,0.15,-1,-1,-1,1.0,1.0,-1.0,0.0,-0.3333333333333333,0.135,-1,-1,-1,0.356862745098039,0.694117647058824,0.803921568627451
53.421287298202515,0.0,0.12023707153453363,0.03,1,1,1,0.0,0.3333333333333333,0.15,-1,-1,-1,1.0,1.0,-1.0,0.0,-0.3333333333333333,0.135,-1,-1,-1,0.356862745098039,0.694117647058824,0.803921568627451
53.45566010475159,0.0,0.12304083726658553,0.03,1,1,1,0.0,0.3333333333333333,0.15,-1,-1,-1,1.0,1.0,-1.0,0.0,-0.3333333333333333,0.135,-1,-1,-1,0.356862745098039,0.694117647058824,0.803921568627451
53.490907430648804,0.0,0.12584460299863753,0.03,1,1,1,0.0,0.3333333333333333,0.15,-1,-1,-1,1.0,1.0,-1.0,0.0,-0.3333333333333333,0.135,-1,-1,-1,0.356862745098039,0.694117647058824,0.803921568627451
53.52538561820984,0.0,0.12864836873068958,0.03,1,1,1,0.0,0.3333333333333333,0.15,-1,-1,-1,1.0,1.0,-1.0,0.0,-0.3333333333333333,0.135,-1,-1,-1,0.356862745098039,0.694117647058824,0.803921568627451
53.559574365615845,0.0,0.13145213446274162,0.03,1,1,1,0.0,0.3333333333333333,0.15,-1,-1,-1,1.0,1.0,-1.0,0.0,-0.3333333333333333,0.135,-1,-1,-1,0.356862745098039,0.694117647058824,0.803921568627451
53.594590187072754,0.0,0.13425590019479366,0.03,1,1,1,0.0,0.3333333333333333,0.15,-1,-1,-1,1.0,1.0,-1.0,0.0,-0.3333333333333333,0.135,-1,-1,-1,0.356862745098039,0.694117647058824,0.803921568627451
53.62930369377136,0.0,0.1370596659268457,0.03,1,1,1,0.0,0.3333333333333333,0.15,-1,-1,-1,1.0,1.0,-1.0,0.0,-0.3333333333333333,0.135,-1,-1,-1,0.356862745098039,0.694117647058824,0.803921568627451
53.664145708084106,0.0,0.13986343165889775,0.03,1,1,1,0.0,0.3333333333333333,0.15,-1,-1,-1,1.0,1.0,-1.0,0.0,-0.3333333333333333,0.135,-1,-1,-1,0.356862745098039,0.694117647058824,0.803921568627451
53.698891162872314,0.0,0.1426671973909498,0.03,1,1,1,0.0,0.3333333333333333,0.15,-1,-1,-1,1.0,1.0,-1.0,0.0,-0.3333333333333333,0.135,-1,-1,-1,0.356862745098039,0.694117647058824,0.803921568627451
53.733765602111816,0.0,0.14547096312300184,0.03,1,1,1,0.0,0.3333333333333333,0.15,-1,-1,-1,1.0,1.0,-1.0,0.0,-0.3333333333333333,0.135,-1,-1,-1,0.356862745098039,0.694117647058824,0.803921568627451
53.76812434196472,0.0,0.14827472885505388,0.03,1,1,1,0.0,0.3333333333333333,0.15,-1,-1,-1,1.0,1.0,-1.0,0.0,-0.3333333333333333,0.135,-1,-1,-1,0.356862745098039,0.694117647058824,0.803921568627451
53.803226709365845,0.0,0.15107849458710593,0.03,1,1,1,0.0,0.3333333333333333,0.15,-1,-1,-1,1.0,1.0,-1.0,0.0,-0.3333333333333333,0.135,-1,-1,-1,0.356862745098039,0.694117647058824,0.803921568627451
53.83784818649292,0.0,0.15388226031915797,0.03,1,1,1,0.0,0.3333333333333333,0.15,-1,-1,-1,1.0,1.0,-1.0,0.0,-0.3333333333333333,0.135,-1,-1,-1,0.356862745098039,0.694117647058824,0.803921568627451
53.872053146362305,0.0,0.15668602605121001,0.03,1,1,1,0.0,0.3333333333333333,0.15,-1,-1,-1,1.0,1.0,-1.0,0.0,-0.3333333333333333,0.135,-1,-1,-1,0.356862745098039,0.694117647058824,0.803921568627451
53.906373023986816,0.0,0.15948979178326206,0.03,1,1,1,0.0,0.3333333333333333,0.15,-1,-1,-1,1.0,1.0,-1.0,0.0,-0.3333333333333333,0.135,-1,-1,-1,0.356862745098039,0.694117647058824,0.803921568627451
53.941415309906006,0.0,0.1622935575153141,0.03,1,1,1,0.0,0.3333333333333333,0.15,-1,-1,-1,1.0,1.0,-1.0,0.0,-0.3333333333333333,0.135,-1,-1,-1,0.356862745098039,0.694117647058824,0.803921568627451
53.97619700431824,0.0,0.16509732324736615,0.03,1,1,1,0.0,0.3333333333333333,0.15,-1,-1,-1,1.0,1.0,-1.0,0.0,-0.3333333333333333,0.135,-1,-1,-1,0.356862745098039,0.694117647058824,0.803921568627451
54.010577917099,0.0,0.1679010889794182,0.03,1,1,1,0.0,0.3333333333333333,0.15,-1,-1,-1,1.0,1.0,-1.0,0.0,-0.3333333333333333,0.135,-1,-1,-1,0.356862745098039,0.694117647058824,0.803921568627451
54.045461654663086,0.0,0.17070485471147023,0.03,1,1,1,0.0,0.3333333333333333,0.15,-1,-1,-1,1.0,1.0,-1.0,0.0,-0.3333333333333333,0.135,-1,-1,-1,0.356862745098039,0.694117647058824,0.803921568627451
54.080121755599976,0.0,0.17350862044352228,0.03,1,1,1,0.0,0.3333333333333333,0.15,-1,-1,-1,1.0,1.0,-1.0,0.0,-0.3333333333333333,0.135,-1,-1,-1,0.356862745098039,0.694117647058824,0.803921568627451
54.114689111709595,0.0,0.17631238617557432,0.03,1,1,1,0.0,0.3333333333333333,0.15,-1,-1,-1,1.0,1.0,-1.0,0.0,-0.3333333333333333,0.135,-1,-1,-1,0.356862745098039,0.694117647058824,0.803921568627451
54.149698972702026,0.0,0.17911615190762636,0.03,1,1,1,0.0,0.3333333333333333,0.15,-1,-1,-1,1.0,1.0,-1.0,0.0,-0.3333333333333333,0.135,-1,-1,-1,0.356862745098039,0.694117647058824,0.803921568627451
54.18427538871765,0.0,0.1797227388950352,0.03,1,1,1,0.0,0.3333333333333333,0.15,-1,-1,-1,1.0,1.0,-1.0,0.0,-0.3333333333333333,0.135,-1,-1,-1,0.356862745098039,0.694117647058824,0.803921568627451
54.218679666519165,0.0,0.17978003119628325,0.03,1,1,1,0.0,0.3333333333333333,0.15,-1,-1,-1,1.0,1.0,-1.0,0.0,-0.3333333333333333,0.135,-1,-1,-1,0.356862745098039,0.694117647058824,0.803921568627451
54.25333070755005,0.0,0.1798373234975313,0.03,1,1,1,0.0,0.3333333333333333,0.15,-1,-1,-1,1.0,1.0,-1.0,0.0,-0.3333333333333333,0.135,-1,-1,-1,0.356862745098039,0.694117647058824,0.803921568627451
54.28757095336914,0.0,0.17989461579877933,0.03,1,1,1,0.0,0.3333333333333333,0.15,-1,-1,-1,1.0,1.0,-1.0,0.0,-0.3333333333333333,0.135,-1,-1,-1,0.356862745098039,0.694117647058824,0.803921568627451
54.32221722602844,0.0,0.17995190810002737,0.03,1,1,1,0.0,0.3333333333333333,0.15,-1,-1,-1,1.0,1.0,-1.0,0.0,-0.3333333333333333,0.135,-1,-1,-1,0.356862745098039,0.694117647058824,0.803921568627451
54.357468605041504,0.0,0.1800092004012754,0.03,1,1,1,0.0,0.3333333333333333,0.15,-1,-1,-1,1.0,1.0,-1.0,0.0,-0.3333333333333333,0.135,-1,-1,-1,0.356862745098039,0.694117647058824,0.803921568627451
54.393035888671875,0.0,0.18006649270252345,0.03,1,1,1,0.0,0.3333333333333333,0.15,-1,-1,-1,1.0,1.0,-1.0,0.0,-0.3333333333333333,0.135,-1,-1,-1,0.356862745098039,0.694117647058824,0.803921568627451
54.427735805511475,0.0,0.1801237850037715,0.03,1,1,1,0.0,0.3333333333333333,0.15,-1,-1,-1,1.0,1.0,-1.0,0.0,-0.3333333333333333,0.135,-1,-1,-1,0.356862745098039,0.694117647058824,0.803921568627451
54.46277928352356,0.0,0.18018107730501953,0.03,1,1,1,0.0,0.3333333333333333,0.15,-1,-1,-1,1.0,1.0,-1.0,0.0,-0.3333333333333333,0.135,-1,-1,-1,0.356862745098039,0.694117647058824,0.803921568627451
54.49686312675476,0.0,0.18023836960626757,0.03,1,1,1,0.0,0.3333333333333333,0.15,-1,-1,-1,1.0,1.0,-1.0,0.0,-0.3333333333333333,0.135,-1,-1,-1,0.356862745098039,0.694117647058824,0.803921568627451
54.531660318374634,0.0,0.18029566190751561,0.03,1,1,1,0.0,0.3333333333333333,0.15,-1,-1,-1,1.0,1.0,-1.0,0.0,-0.3333333333333333,0.135,-1,-1,-1,0.356862745098039,0.694117647058824,0.803921568627451
54.566077709198,0.0,0.18035295420876366,0.03,1,1,1,0.0,0.3333333333333333,0.15,-1,-1,-1,1.0,1.0,-1.0,0.0,-0.3333333333333333,0.135,-1,-1,-1,0.356862745098039,0.694117647058824,0.803921568627451
54.60113167762756,0.0,0.1804102465100117,0.03,1,1,1,0.0,0.3333333333333333,0.15,-1,-1,-1,1.0,1.0,-1.0,0.0,-0.3333333333333333,0.135,-1,-1,-1,0.356862745098039,0.694117647058824,0.803921568627451
54.635600566864014,0.0,0.18046753881125974,0.03,1,1,1,0.0,0.3333333333333333,0.15,-1,-1,-1,1.0,1.0,-1.0,0.0,-0.3333333333333333,0.135,-1,-1,-1,0.356862745098039,0.694117647058824,0.803921568627451
54.670437812805176,0.0,0.18052483111250778,0.03,1,1,1,0.0,0.3333333333333333,0.15,-1,-1,-1,1.0,1.0,-1.0,0.0,-0.3333333333333333,0.135,-1,-1,-1,0.356862745098039,0.694117647058824,0.803921568627451
54.70498323440552,0.0,0.18058212341375582,0.03,1,1,1,0.0,0.3333333333333333,0.15,-1,-1,-1,1.0,1.0,-1.0,0.0,-0.3333333333333333,0.135,-1,-1,-1,0.356862745098039,0.694117647058824,0.803921568627451
54.74019646644592,0.0,0.18063941571500386,0.03,1,1,1,0.0,0.3333333333333333,0.15,-1,-1,-1,1.0,1.0,-1.0,0.0,-0.3333333333333333,0.135,-1,-1,-1,0.356862745098039,0.694117647058824,0.803921568627451
54.77418494224548,0.0,0.1806967080162519,0.03,1,1,1,0.0,0.3333333333333333,0.15,-1,-1,-1,1.0,1.0,-1.0,0.0,-0.3333333333333333,0.135,-1,-1,-1,0.356862745098039,0.694117647058824,0.803921568627451
54.80910277366638,0.0,0.18075400031749994,0.03,1,1,1,0.0,0.3333333333333333,0.15,-1,-1,-1,1.0,1.0,-1.0,0.0,-0.3333333333333333,0.135,-1,-1,-1,0.356862745098039,0.694117647058824,0.803921568627451
54.844249963760376,0.0,0.18081129261874798,0.03,1,1,1,0.0,0.3333333333333333,0.15,-1,-1,-1,1.0,1.0,-1.0,0.0,-0.3333333333333333,0.135,-1,-1,-1,0.356862745098039,0.694117647058824,0.803921568627451
54.87841176986694,0.0,0.18086858491999602,0.03,1,1,1,0.0,0.3333333333333333,0.15,-1,-1,-1,1.0,1.0,-1.0,0.0,-0.3333333333333333,0.135,-1,-1,-1,0.356862745098039,0.694117647058824,0.803921568627451
54.913670778274536,0.0,0.18092587722124406,0.03,1,1,1,0.0,0.3333333333333333,0.15,-1,-1,-1,1.0,1.0,-1.0,0.0,-0.3333333333333333,0.135,-1,-1,-1,0.356862745098039,0.694117647058824,0.803921568627451
54.94885540008545,0.0,0.1809831695224921,0.03,1,1,1,0.0,0.3333333333333333,0.15,-1,-1,-1,1.0,1.0,-1.0,0.0,-0.3333333333333333,0.135,-1,-1,-1,0.356862745098039,0.694117647058824,0.803921568627451
54.98315095901489,0.0,0.18104046182374015,0.03,1,1,1,0.0,0.3333333333333333,0.15,-1,-1,-1,1.0,1.0,-1.0,0.0,-0.3333333333333333,0.135,-1,-1,-1,0.356862745098039,0.694117647058824,0.803921568627451
55.01762580871582,0.0,0.1810977541249882,0.03,1,1,1,0.0,0.3333333333333333,0.15,-1,-1,-1,1.0,1.0,-1.0,0.0,-0.3333333333333333,0.135,-1,-1,-1,0.356862745098039,0.694117647058824,0.803921568627451
55.05225491523743,0.0,0.18115504642623623,0.03,1,1,1,0.0,0.3333333333333333,0.15,-1,-1,-1,1.0,1.0,-1.0,0.0,-0.3333333333333333,0.135,-1,-1,-1,0.356862745098039,0.694117647058824,0.803921568627451
55.087995767593384,0.0,0.18121233872748427,0.03,1,1,1,0.0,0.3333333333333333,0.15,-1,-1,-1,1.0,1.0,-1.0,0.0,-0.3333333333333333,0.135,-1,-1,-1,0.356862745098039,0.694117647058824,0.803921568627451
55.12178659439087,0.0,0.1812696310287323,0.03,1,1,1,0.0,0.3333333333333333,0.15,-1,-1,-1,1.0,1.0,-1.0,0.0,-0.3333333333333333,0.135,-1,-1,-1,0.356862745098039,0.694117647058824,0.803921568627451
55.156912326812744,0.0,0.18132692332998035,0.03,1,1,1,0.0,0.3333333333333333,0.15,-1,-1,-1,1.0,1.0,-1.0,0.0,-0.3333333333333333,0.135,-1,-1,-1,0.356862745098039,0.694117647058824,0.803921568627451
55.1915762424469,0.0,0.1813842156312284,0.03,1,1,1,0.0,0.3333333333333333,0.15,-1,-1,-1,1.0,1.0,-1.0,0.0,-0.3333333333333333,0.135,-1,-1,-1,0.356862745098039,0.694117647058824,0.803921568627451
55.226834535598755,0.0,0.18144150793247643,0.03,1,1,1,0.0,0.3333333333333333,0.15,-1,-1,-1,1.0,1.0,-1.0,0.0,-0.3333333333333333,0.135,-1,-1,-1,0.356862745098039,0.694117647058824,0.803921568627451
55.260616064071655,0.0,0.18149880023372447,0.03,1,1,1,0.0,0.3333333333333333,0.15,-1,-1,-1,1.0,1.0,-1.0,0.0,-0.3333333333333333,0.135,-1,-1,-1,0.356862745098039,0.694117647058824,0.803921568627451
55.29536533355713,0.0,0.1815560925349725,0.03,1,1,1,0.0,0.3333333333333333,0.15,-1,-1,-1,1.0,1.0,-1.0,0.0,-0.3333333333333333,0.135,-1,-1,-1,0.356862745098039,0.694117647058824,0.803921568627451
55.32994747161865,0.0,0.18161338483622055,0.03,1,1,1,0.0,0.3333333333333333,0.15,-1,-1,-1,1.0,1.0,-1.0,0.0,-0.3333333333333333,0.135,-1,-1,-1,0.356862745098039,0.694117647058824,0.803921568627451
55.36487364768982,0.0,0.18138583800728234,0.03,1,1,1,0.0,0.3333333333333333,0.15,-1,-1,-1,1.0,1.0,-1.0,0.0,-0.3333333333333333,0.135,-1,-1,-1,0.356862745098039,0.694117647058824,0.803921568627451
55.399144411087036,0.0,0.18001893465759908,0.03,1,1,1,0.0,0.3333333333333333,0.15,-1,-1,-1,1.0,1.0,-1.0,0.0,-0.3333333333333333,0.135,-1,-1,-1,0.356862745098039,0.694117647058824,0.803921568627451
55.43456745147705,0.0,0.17865203130791582,0.03,1,1,1,0.0,0.3333333333333333,0.15,-1,-1,-1,1.0,1.0,-1.0,0.0,-0.3333333333333333,0.135,-1,-1,-1,0.356862745098039,0.694117647058824,0.803921568627451
55.469401359558105,0.0,0.17728512795823256,0.03,1,1,1,0.0,0.3333333333333333,0.15,-1,-1,-1,1.0,1.0,-1.0,0.0,-0.3333333333333333,0.135,-1,-1,-1,0.356862745098039,0.694117647058824,0.803921568627451
55.50343418121338,0.0,0.1759182246085493,0.03,1,1,1,0.0,0.3333333333333333,0.15,-1,-1,-1,1.0,1.0,-1.0,0.0,-0.3333333333333333,0.135,-1,-1,-1,0.356862745098039,0.694117647058824,0.803921568627451
55.53821134567261,0.0,0.17455132125886605,0.03,1,1,1,0.0,0.3333333333333333,0.15,-1,-1,-1,1.0,1.0,-1.0,0.0,-0.3333333333333333,0.135,-1,-1,-1,0.356862745098039,0.694117647058824,0.803921568627451
55.57291126251221,0.0,0.1731844179091828,0.03,1,1,1,0.0,0.3333333333333333,0.15,-1,-1,-1,1.0,1.0,-1.0,0.0,-0.3333333333333333,0.135,-1,-1,-1,0.356862745098039,0.694117647058824,0.803921568627451
55.60818576812744,0.0,0.17181751455949953,0.03,1,1,1,0.0,0.3333333333333333,0.15,-1,-1,-1,1.0,1.0,-1.0,0.0,-0.3333333333333333,0.135,-1,-1,-1,0.356862745098039,0.694117647058824,0.803921568627451
55.64239478111267,0.0,0.17045061120981628,0.03,1,1,1,0.0,0.3333333333333333,0.15,-1,-1,-1,1.0,1.0,-1.0,0.0,-0.3333333333333333,0.135,-1,-1,-1,0.356862745098039,0.694117647058824,0.803921568627451
55.677433490753174,0.0,0.16908370786013302,0.03,1,1,1,0.0,0.3333333333333333,0.15,-1,-1,-1,1.0,1.0,-1.0,0.0,-0.3333333333333333,0.135,-1,-1,-1,0.356862745098039,0.694117647058824,0.803921568627451
55.71255135536194,0.0,0.16771680451044976,0.03,1,1,1,0.0,0.3333333333333333,0.15,-1,-1,-1,1.0,1.0,-1.0,0.0,-0.3333333333333333,0.135,-1,-1,-1,0.356862745098039,0.694117647058824,0.803921568627451
55.74741315841675,0.0,0.1663499011607665,0.03,1,1,1,0.0,0.3333333333333333,0.15,-1,-1,-1,1.0,1.0,-1.0,0.0,-0.3333333333333333,0.135,-1,-1,-1,0.356862745098039,0.694117647058824,0.803921568627451
55.78154802322388,0.0,0.16498299781108325,0.03,1,1,1,0.0,0.3333333333333333,0.15,-1,-1,-1,1.0,1.0,-1.0,0.0,-0.3333333333333333,0.135,-1,-1,-1,0.356862745098039,0.694117647058824,0.803921568627451
55.81604719161987,0.0,0.1636160944614,0.03,1,1,1,0.0,0.3333333333333333,0.15,-1,-1,-1,1.0,1.0,-1.0,0.0,-0.3333333333333333,0.135,-1,-1,-1,0.356862745098039,0.694117647058824,0.803921568627451
55.850745677948,0.0,0.16224919111171673,0.03,1,1,1,0.0,0.3333333333333333,0.15,-1,-1,-1,1.0,1.0,-1.0,0.0,-0.3333333333333333,0.135,-1,-1,-1,0.356862745098039,0.694117647058824,0.803921568627451
55.88563537597656,0.0,0.16088228776203348,0.03,1,1,1,0.0,0.3333333333333333,0.15,-1,-1,-1,1.0,1.0,-1.0,0.0,-0.3333333333333333,0.135,-1,-1,-1,0.356862745098039,0.694117647058824,0.803921568627451
55.920706272125244,0.0,0.15951538441235022,0.03,1,1,1,0.0,0.3333333333333333,0.15,-1,-1,-1,1.0,1.0,-1.0,0.0,-0.3333333333333333,0.135,-1,-1,-1,0.356862745098039,0.694117647058824,0.803921568627451
55.95508027076721,0.0,0.15814848106266696,0.03,1,1,1,0.0,0.3333333333333333,0.15,-1,-1,-1,1.0,1.0,-1.0,0.0,-0.3333333333333333,0.135,-1,-1,-1,0.356862745098039,0.694117647058824,0.803921568627451
55.99006533622742,0.0,0.1567815777129837,0.03,1,1,1,0.0,0.3333333333333333,0.15,-1,-1,-1,1.0,1.0,-1.0,0.0,-0.3333333333333333,0.135,-1,-1,-1,0.356862745098039,0.694117647058824,0.803921568627451
56.02437925338745,0.0,0.15541467436330045,0.03,1,1,1,0.0,0.3333333333333333,0.15,-1,-1,-1,1.0,1.0,-1.0,0.0,-0.3333333333333333,0.135,-1,-1,-1,0.356862745098039,0.694117647058824,0.803921568627451
56.059603214263916,0.0,0.1540477710136172,0.03,1,1,1,0.0,0.3333333333333333,0.15,-1,-1,-1,1.0,1.0,-1.0,0.0,-0.3333333333333333,0.135,-1,-1,-1,0.356862745098039,0.694117647058824,0.803921568627451
56.094634771347046,0.0,0.15268086766393393,0.03,1,1,1,0.0,0.3333333333333333,0.15,-1,-1,-1,1.0,1.0,-1.0,0.0,-0.3333333333333333,0.135,-1,-1,-1,0.356862745098039,0.694117647058824,0.803921568627451
56.12980103492737,0.0,0.15131396431425068,0.03,1,1,1,0.0,0.3333333333333333,0.15,-1,-1,-1,1.0,1.0,-1.0,0.0,-0.3333333333333333,0.135,-1,-1,-1,0.356862745098039,0.694117647058824,0.803921568627451
56.164273262023926,0.0,0.14994706096456742,0.03,1,1,1,0.0,0.3333333333333333,0.15,-1,-1,-1,1.0,1.0,-1.0,0.0,-0.3333333333333333,0.135,-1,-1,-1,0.356862745098039,0.694117647058824,0.803921568627451
56.19876265525818,0.0,0.14858015761488416,0.03,1,1,1,0.0,0.3333333333333333,0.15,-1,-1,-1,1.0,1.0,-1.0,0.0,-0.3333333333333333,0.135,-1,-1,-1,0.356862745098039,0.694117647058824,0.803921568627451
56.2336368560791,0.0,0.1472132542652009,0.03,1,1,1,0.0,0.3333333333333333,0.15,-1,-1,-1,1.0,1.0,-1.0,0.0,-0.3333333333333333,0.135,-1,-1,-1,0.356862745098039,0.694117647058824,0.803921568627451
56.267884492874146,0.0,0.14584635091551765,0.03,1,1,1,0.0,0.3333333333333333,0.15,-1,-1,-1,1.0,1.0,-1.0,0.0,-0.3333333333333333,0.135,-1,-1,-1,0.356862745098039,0.694117647058824,0.803921568627451
56.30345416069031,0.0,0.1444794475658344,0.03,1,1,1,0.0,0.3333333333333333,0.15,-1,-1,-1,1.0,1.0,-1.0,0.0,-0.3333333333333333,0.135,-1,-1,-1,0.356862745098039,0.694117647058824,0.803921568627451
56.33790826797485,0.0,0.14311254421615113,0.03,1,1,1,0.0,0.3333333333333333,0.15,-1,-1,-1,1.0,1.0,-1.0,0.0,-0.3333333333333333,0.135,-1,-1,-1,0.356862745098039,0.694117647058824,0.803921568627451
56.37294673919678,0.0,0.14174564086646788,0.03,1,1,1,0.0,0.3333333333333333,0.15,-1,-1,-1,1.0,1.0,-1.0,0.0,-0.3333333333333333,0.135,-1,-1,-1,0.356862745098039,0.694117647058824,0.803921568627451
56.40731167793274,0.0,0.14037873751678462,0.03,1,1,1,0.0,0.3333333333333333,0.15,-1,-1,-1,1.0,1.0,-1.0,0.0,-0.3333333333333333,0.135,-1,-1,-1,0.356862745098039,0.694117647058824,0.803921568627451
56.44197154045105,0.0,0.13901183416710136,0.03,1,1,1,0.0,0.3333333333333333,0.15,-1,-1,-1,1.0,1.0,-1.0,0.0,-0.3333333333333333,0.135,-1,-1,-1,0.356862745098039,0.694117647058824,0.803921568627451
56.476481199264526,0.0,0.1376449308174181,0.03,1,1,1,0.0,0.3333333333333333,0.15,-1,-1,-1,1.0,1.0,-1.0,0.0,-0.3333333333333333,0.135,-1,-1,-1,0.356862745098039,0.694117647058824,0.803921568627451
56.51149368286133,0.0,0.13627802746773485,0.03,1,1,1,0.0,0.3333333333333333,0.15,-1,-1,-1,1.0,1.0,-1.0,0.0,-0.3333333333333333,0.135,-1,-1,-1,0.356862745098039,0.694117647058824,0.803921568627451
56.546040534973145,0.0,0.1349111241180516,0.03,1,1,1,0.0,0.3333333333333333,0.15,-1,-1,-1,1.0,1.0,-1.0,0.0,-0.3333333333333333,0.135,-1,-1,-1,0.356862745098039,0.694117647058824,0.803921568627451
56.581143617630005,0.0,0.1343643627781783,0.03,1,1,1,0.0,0.3333333333333333,0.15,-1,-1,-1,1.0,1.0,-1.0,0.0,-0.3333333333333333,0.135,-1,-1,-1,0.356862745098039,0.694117647058824,0.803921568627451
56.6154580116272,0.0,0.1343643627781783,0.03,1,1,1,0.0,0.3333333333333333,0.15,-1,-1,-1,1.0,1.0,-1.0,0.0,-0.3333333333333333,0.135,-1,-1,-1,0.356862745098039,0.694117647058824,0.803921568627451
56.64937233924866,0.0,0.1343643627781783,0.03,1,1,1,0.0,0.3333333333333333,0.15,-1,-1,-1,1.0,1.0,-1.0,0.0,-0.3333333333333333,0.135,-1,-1,-1,0.356862745098039,0.694117647058824,0.803921568627451
56.685242652893066,0.0,0.1343643627781783,0.03,1,1,1,0.0,0.3333333333333333,0.15,-1,-1,-1,1.0,1.0,-1.0,0.0,-0.3333333333333333,0.135,-1,-1,-1,0.356862745098039,0.694117647058824,0.803921568627451
56.71984839439392,0.0,0.1343643627781783,0.03,1,1,1,0.0,0.3333333333333333,0.15,-1,-1,-1,1.0,1.0,-1.0,0.0,-0.3333333333333333,0.135,-1,-1,-1,0.356862745098039,0.694117647058824,0.803921568627451
56.754504680633545,0.0,0.1343643627781783,0.03,1,1,1,0.0,0.3333333333333333,0.15,-1,-1,-1,1.0,1.0,-1.0,0.0,-0.3333333333333333,0.135,-1,-1,-1,0.356862745098039,0.694117647058824,0.803921568627451
56.78915882110596,0.0,0.1343643627781783,0.03,1,1,1,0.0,0.3333333333333333,0.15,-1,-1,-1,1.0,1.0,-1.0,0.0,-0.3333333333333333,0.135,-1,-1,-1,0.356862745098039,0.694117647058824,0.803921568627451
56.82386660575867,0.0,0.1343643627781783,0.03,1,1,1,0.0,0.3333333333333333,0.15,-1,-1,-1,1.0,1.0,-1.0,0.0,-0.3333333333333333,0.135,-1,-1,-1,0.356862745098039,0.694117647058824,0.803921568627451
56.85860013961792,0.0,0.1343643627781783,0.03,1,1,1,0.0,0.3333333333333333,0.15,-1,-1,-1,1.0,1.0,-1.0,0.0,-0.3333333333333333,0.135,-1,-1,-1,0.356862745098039,0.694117647058824,0.803921568627451
56.89332723617554,0.0,0.1343643627781783,0.03,1,1,1,0.0,0.3333333333333333,0.15,-1,-1,-1,1.0,1.0,-1.0,0.0,-0.3333333333333333,0.135,-1,-1,-1,0.356862745098039,0.694117647058824,0.803921568627451
56.92803645133972,0.0,0.1343643627781783,0.03,1,1,1,0.0,0.3333333333333333,0.15,-1,-1,-1,1.0,1.0,-1.0,0.0,-0.3333333333333333,0.135,-1,-1,-1,0.356862745098039,0.694117647058824,0.803921568627451
56.963035106658936,0.0,0.1343643627781783,0.03,1,1,1,0.0,0.3333333333333333,0.15,-1,-1,-1,1.0,1.0,-1.0,0.0,-0.3333333333333333,0.135,-1,-1,-1,0.356862745098039,0.694117647058824,0.803921568627451
56.997329235076904,0.0,0.1343643627781783,0.03,1,1,1,0.0,0.3333333333333333,0.15,-1,-1,-1,1.0,1.0,-1.0,0.0,-0.3333333333333333,0.135,-1,-1,-1,0.356862745098039,0.694117647058824,0.803921568627451
57.03238320350647,0.0,0.1343643627781783,0.03,1,1,1,0.0,0.3333333333333333,0.15,-1,-1,-1,1.0,1.0,-1.0,0.0,-0.3333333333333333,0.135,-1,-1,-1,0.356862745098039,0.694117647058824,0.803921568627451
57.067161560058594,0.0,0.1343643627781783,0.03,1,1,1,0.0,0.3333333333333333,0.15,-1,-1,-1,1.0,1.0,-1.0,0.0,-0.3333333333333333,0.135,-1,-1,-1,0.356862745098039,0.694117647058824,0.803921568627451
57.10210037231445,0.0,0.1343643627781783,0.03,1,1,1,0.0,0.3333333333333333,0.15,-1,-1,-1,1.0,1.0,-1.0,0.0,-0.3333333333333333,0.135,-1,-1,-1,0.356862745098039,0.694117647058824,0.803921568627451
57.136858224868774,0.0,0.1343643627781783,0.03,1,1,1,0.0,0.3333333333333333,0.15,-1,-1,-1,1.0,1.0,-1.0,0.0,-0.3333333333333333,0.135,-1,-1,-1,0.356862745098039,0.694117647058824,0.803921568627451
57.17091608047485,0.0,0.1343643627781783,0.03,1,1,1,0.0,0.3333333333333333,0.15,-1,-1,-1,1.0,1.0,-1.0,0.0,-0.3333333333333333,0.135,-1,-1,-1,0.356862745098039,0.694117647058824,0.803921568627451
57.20490837097168,0.0,0.1343643627781783,0.03,1,1,1,0.0,0.3333333333333333,0.15,-1,-1,-1,1.0,1.0,-1.0,0.0,-0.3333333333333333,0.135,-1,-1,-1,0.356862745098039,0.694117647058824,0.803921568627451
57.240172147750854,0.0,0.1343643627781783,0.03,1,1,1,0.0,0.3333333333333333,0.15,-1,-1,-1,1.0,1.0,-1.0,0.0,-0.3333333333333333,0.135,-1,-1,-1,0.356862745098039,0.694117647058824,0.803921568627451
57.2743353843689,0.0,0.1343643627781783,0.03,1,1,1,0.0,0.3333333333333333,0.15,-1,-1,-1,1.0,1.0,-1.0,0.0,-0.3333333333333333,0.135,-1,-1,-1,0.356862745098039,0.694117647058824,0.803921568627451
57.30929732322693,0.0,0.1343643627781783,0.03,1,1,1,0.0,0.3333333333333333,0.15,-1,-1,-1,1.0,1.0,-1.0,0.0,-0.3333333333333333,0.135,-1,-1,-1,0.356862745098039,0.694117647058824,0.803921568627451
57.34403967857361,0.0,0.1343643627781783,0.03,1,1,1,0.0,0.3333333333333333,0.15,-1,-1,-1,1.0,1.0,-1.0,0.0,-0.3333333333333333,0.135,-1,-1,-1,0.356862745098039,0.694117647058824,0.803921568627451
57.37831163406372,0.0,0.1343643627781783,0.03,1,1,1,0.0,0.3333333333333333,0.15,-1,-1,-1,1.0,1.0,-1.0,0.0,-0.3333333333333333,0.135,-1,-1,-1,0.356862745098039,0.694117647058824,0.803921568627451
57.4132878780365,0.0,0.1343643627781783,0.03,1,1,1,0.0,0.3333333333333333,0.15,-1,-1,-1,1.0,1.0,-1.0,0.0,-0.3333333333333333,0.135,-1,-1,-1,0.356862745098039,0.694117647058824,0.803921568627451
57.44826793670654,0.0,0.1343643627781783,0.03,1,1,1,0.0,0.3333333333333333,0.15,-1,-1,-1,1.0,1.0,-1.0,0.0,-0.3333333333333333,0.135,-1,-1,-1,0.356862745098039,0.694117647058824,0.803921568627451
57.4827926158905,0.0,0.1343643627781783,0.03,1,1,1,0.0,0.3333333333333333,0.15,-1,-1,-1,1.0,1.0,-1.0,0.0,-0.3333333333333333,0.135,-1,-1,-1,0.356862745098039,0.694117647058824,0.803921568627451
57.51744365692139,0.0,0.1343643627781783,0.03,1,1,1,0.0,0.3333333333333333,0.15,-1,-1,-1,1.0,1.0,-1.0,0.0,-0.3333333333333333,0.135,-1,-1,-1,0.356862745098039,0.694117647058824,0.803921568627451
57.552220821380615,0.0,0.1343643627781783,0.03,1,1,1,0.0,0.3333333333333333,0.15,-1,-1,-1,1.0,1.0,-1.0,0.0,-0.3333333333333333,0.135,-1,-1,-1,0.356862745098039,0.694117647058824,0.803921568627451
57.58717107772827,0.0,0.1343643627781783,0.03,1,1,1,0.0,0.3333333333333333,0.15,-1,-1,-1,1.0,1.0,-1.0,0.0,-0.3333333333333333,0.135,-1,-1,-1,0.356862745098039,0.694117647058824,0.803921568627451
57.62170338630676,0.0,0.1343643627781783,0.03,1,1,1,0.0,0.3333333333333333,0.15,-1,-1,-1,1.0,1.0,-1.0,0.0,-0.3333333333333333,0.135,-1,-1,-1,0.356862745098039,0.694117647058824,0.803921568627451
57.65682601928711,0.0,0.1343643627781783,0.03,1,1,1,0.0,0.3333333333333333,0.15,-1,-1,-1,1.0,1.0,-1.0,0.0,-0.3333333333333333,0.135,-1,-1,-1,0.356862745098039,0.694117647058824,0.803921568627451
57.691718339920044,0.0,0.1343643627781783,0.03,1,1,1,0.0,0.3333333333333333,0.15,-1,-1,-1,1.0,1.0,-1.0,0.0,-0.3333333333333333,0.135,-1,-1,-1,0.356862745098039,0.694117647058824,0.803921568627451
57.72609305381775,0.0,0.1343643627781783,0.03,1,1,1,0.0,0.3333333333333333,0.15,-1,-1,-1,1.0,1.0,-1.0,0.0,-0.3333333333333333,0.135,-1,-1,-1,0.356862745098039,0.694117647058824,0.803921568627451
57.76088523864746,0.0,0.1343643627781783,0.03,1,1,1,0.0,0.3333333333333333,0.15,-1,-1,-1,1.0,1.0,-1.0,0.0,-0.3333333333333333,0.135,-1,-1,-1,0.356862745098039,0.694117647058824,0.803921568627451
57.79568886756897,0.0,0.13739112508668502,0.03,1,1,1,0.0,0.3333333333333333,0.15,-1,-1,-1,1.0,1.0,-1.0,0.0,-0.3333333333333333,0.135,-1,-1,-1,0.356862745098039,0.694117647058824,0.803921568627451
57.83048129081726,0.0,0.14041788739519176,0.03,1,1,1,0.0,0.3333333333333333,0.15,-1,-1,-1,1.0,1.0,-1.0,0.0,-0.3333333333333333,0.135,-1,-1,-1,0.356862745098039,0.694117647058824,0.803921568627451
57.86556124687195,0.0,0.1434446497036985,0.03,1,1,1,0.0,0.3333333333333333,0.15,-1,-1,-1,1.0,1.0,-1.0,0.0,-0.3333333333333333,0.135,-1,-1,-1,0.356862745098039,0.694117647058824,0.803921568627451
57.89992547035217,0.0,0.14647141201220523,0.03,1,1,1,0.0,0.3333333333333333,0.15,-1,-1,-1,1.0,1.0,-1.0,0.0,-0.3333333333333333,0.135,-1,-1,-1,0.356862745098039,0.694117647058824,0.803921568627451
57.934507846832275,0.0,0.14949817432071197,0.03,1,1,1,0.0,0.3333333333333333,0.15,-1,-1,-1,1.0,1.0,-1.0,0.0,-0.3333333333333333,0.135,-1,-1,-1,0.356862745098039,0.694117647058824,0.803921568627451
57.969748735427856,0.0,0.1525249366292187,0.03,1,1,1,0.0,0.3333333333333333,0.15,-1,-1,-1,1.0,1.0,-1.0,0.0,-0.3333333333333333,0.135,-1,-1,-1,0.356862745098039,0.694117647058824,0.803921568627451
58.004047870635986,0.0,0.15555169893772544,0.03,1,1,1,0.0,0.3333333333333333,0.15,-1,-1,-1,1.0,1.0,-1.0,0.0,-0.3333333333333333,0.135,-1,-1,-1,0.356862745098039,0.694117647058824,0.803921568627451
58.03854036331177,0.0,0.15857846124623218,0.03,1,1,1,0.0,0.3333333333333333,0.15,-1,-1,-1,1.0,1.0,-1.0,0.0,-0.3333333333333333,0.135,-1,-1,-1,0.356862745098039,0.694117647058824,0.803921568627451
58.073625802993774,0.0,0.1616052235547389,0.03,1,1,1,0.0,0.3333333333333333,0.15,-1,-1,-1,1.0,1.0,-1.0,0.0,-0.3333333333333333,0.135,-1,-1,-1,0.356862745098039,0.694117647058824,0.803921568627451
58.10764265060425,0.0,0.16463198586324565,0.03,1,1,1,0.0,0.3333333333333333,0.15,-1,-1,-1,1.0,1.0,-1.0,0.0,-0.3333333333333333,0.135,-1,-1,-1,0.356862745098039,0.694117647058824,0.803921568627451
58.143112897872925,0.0,0.1676587481717524,0.03,1,1,1,0.0,0.3333333333333333,0.15,-1,-1,-1,1.0,1.0,-1.0,0.0,-0.3333333333333333,0.135,-1,-1,-1,0.356862745098039,0.694117647058824,0.803921568627451
58.177568197250366,0.0,0.17068551048025912,0.03,1,1,1,0.0,0.3333333333333333,0.15,-1,-1,-1,1.0,1.0,-1.0,0.0,-0.3333333333333333,0.135,-1,-1,-1,0.356862745098039,0.694117647058824,0.803921568627451
58.21216344833374,0.0,0.17371227278876586,0.03,1,1,1,0.0,0.3333333333333333,0.15,-1,-1,-1,1.0,1.0,-1.0,0.0,-0.3333333333333333,0.135,-1,-1,-1,0.356862745098039,0.694117647058824,0.803921568627451
58.246601819992065,0.0,0.1767390350972726,0.03,1,1,1,0.0,0.3333333333333333,0.15,-1,-1,-1,1.0,1.0,-1.0,0.0,-0.3333333333333333,0.135,-1,-1,-1,0.356862745098039,0.694117647058824,0.803921568627451
58.281206369400024,0.0,0.17976579740577933,0.03,1,1,1,0.0,0.3333333333333333,0.15,-1,-1,-1,1.0,1.0,-1.0,0.0,-0.3333333333333333,0.135,-1,-1,-1,0.356862745098039,0.694117647058824,0.803921568627451
58.316426038742065,0.0,0.18279255971428607,0.03,1,1,1,0.0,0.3333333333333333,0.15,-1,-1,-1,1.0,1.0,-1.0,0.0,-0.3333333333333333,0.135,-1,-1,-1,0.356862745098039,0.694117647058824,0.803921568627451
58.35129976272583,0.0,0.1858193220227928,0.03,1,1,1,0.0,0.3333333333333333,0.15,-1,-1,-1,1.0,1.0,-1.0,0.0,-0.3333333333333333,0.135,-1,-1,-1,0.356862745098039,0.694117647058824,0.803921568627451
58.38575196266174,0.0,0.18884608433129954,0.03,1,1,1,0.0,0.3333333333333333,0.15,-1,-1,-1,1.0,1.0,-1.0,0.0,-0.3333333333333333,0.135,-1,-1,-1,0.356862745098039,0.694117647058824,0.803921568627451
58.42074131965637,0.0,0.19187284663980628,0.03,1,1,1,0.0,0.3333333333333333,0.15,-1,-1,-1,1.0,1.0,-1.0,0.0,-0.3333333333333333,0.135,-1,-1,-1,0.356862745098039,0.694117647058824,0.803921568627451
58.45547127723694,0.0,0.194899608948313,0.03,1,1,1,0.0,0.3333333333333333,0.15,-1,-1,-1,1.0,1.0,-1.0,0.0,-0.3333333333333333,0.135,-1,-1,-1,0.356862745098039,0.694117647058824,0.803921568627451
58.48963522911072,0.0,0.19792637125681975,0.03,1,1,1,0.0,0.3333333333333333,0.15,-1,-1,-1,1.0,1.0,-1.0,0.0,-0.3333333333333333,0.135,-1,-1,-1,0.356862745098039,0.694117647058824,0.803921568627451
58.524168491363525,0.0,0.20095313356532649,0.03,1,1,1,0.0,0.3333333333333333,0.15,-1,-1,-1,1.0,1.0,-1.0,0.0,-0.3333333333333333,0.135,-1,-1,-1,0.356862745098039,0.694117647058824,0.803921568627451
58.559285402297974,0.0,0.20397989587383322,0.03,1,1,1,0.0,0.3333333333333333,0.15,-1,-1,-1,1.0,1.0,-1.0,0.0,-0.3333333333333333,0.135,-1,-1,-1,0.356862745098039,0.694117647058824,0.803921568627451
58.59407925605774,0.0,0.20700665818233996,0.03,1,1,1,0.0,0.3333333333333333,0.15,-1,-1,-1,1.0,1.0,-1.0,0.0,-0.3333333333333333,0.135,-1,-1,-1,0.356862745098039,0.694117647058824,0.803921568627451
58.629258155822754,0.0,0.2100334204908467,0.03,1,1,1,0.0,0.3333333333333333,0.15,-1,-1,-1,1.0,1.0,-1.0,0.0,-0.3333333333333333,0.135,-1,-1,-1,0.356862745098039,0.694117647058824,0.803921568627451
58.663804054260254,0.0,0.21306018279935343,0.03,1,1,1,0.0,0.3333333333333333,0.15,-1,-1,-1,1.0,1.0,-1.0,0.0,-0.3333333333333333,0.135,-1,-1,-1,0.356862745098039,0.694117647058824,0.803921568627451
58.698410511016846,0.0,0.21608694510786017,0.03,1,1,1,0.0,0.3333333333333333,0.15,-1,-1,-1,1.0,1.0,-1.0,0.0,-0.3333333333333333,0.135,-1,-1,-1,0.356862745098039,0.694117647058824,0.803921568627451
58.73389673233032,0.0,0.2191137074163669,0.03,1,1,1,0.0,0.3333333333333333,0.15,-1,-1,-1,1.0,1.0,-1.0,0.0,-0.3333333333333333,0.135,-1,-1,-1,0.356862745098039,0.694117647058824,0.803921568627451
58.768699645996094,0.0,0.22214046972487364,0.03,1,1,1,0.0,0.3333333333333333,0.15,-1,-1,-1,1.0,1.0,-1.0,0.0,-0.3333333333333333,0.135,-1,-1,-1,0.356862745098039,0.694117647058824,0.803921568627451
58.8029420375824,0.0,0.22516723203338038,0.03,1,1,1,0.0,0.3333333333333333,0.15,-1,-1,-1,1.0,1.0,-1.0,0.0,-0.3333333333333333,0.135,-1,-1,-1,0.356862745098039,0.694117647058824,0.803921568627451
58.83756232261658,0.0,0.2281939943418871,0.03,1,1,1,0.0,0.3333333333333333,0.15,-1,-1,-1,1.0,1.0,-1.0,0.0,-0.3333333333333333,0.135,-1,-1,-1,0.356862745098039,0.694117647058824,0.803921568627451
58.87248396873474,0.0,0.23122075665039385,0.03,1,1,1,0.0,0.3333333333333333,0.15,-1,-1,-1,1.0,1.0,-1.0,0.0,-0.3333333333333333,0.135,-1,-1,-1,0.356862745098039,0.694117647058824,0.803921568627451
58.90716624259949,0.0,0.23424751895890059,0.03,1,1,1,0.0,0.3333333333333333,0.15,-1,-1,-1,1.0,1.0,-1.0,0.0,-0.3333333333333333,0.135,-1,-1,-1,0.356862745098039,0.694117647058824,0.803921568627451
58.9417941570282,0.0,0.2372742812674073,0.03,1,1,1,0.0,0.3333333333333333,0.15,-1,-1,-1,1.0,1.0,-1.0,0.0,-0.3333333333333333,0.135,-1,-1,-1,0.356862745098039,0.694117647058824,0.803921568627451
58.976361989974976,0.0,0.23946817785506483,0.03,1,1,1,0.0,0.3333333333333333,0.15,-1,-1,-1,1.0,1.0,-1.0,0.0,-0.3333333333333333,0.135,-1,-1,-1,0.356862745098039,0.694117647058824,0.803921568627451
59.011313676834106,0.0,0.24041277586144835,0.03,1,1,1,0.0,0.3333333333333333,0.15,-1,-1,-1,1.0,1.0,-1.0,0.0,-0.3333333333333333,0.135,-1,-1,-1,0.356862745098039,0.694117647058824,0.803921568627451
59.04562973976135,0.0,0.24135737386783188,0.03,1,1,1,0.0,0.3333333333333333,0.15,-1,-1,-1,1.0,1.0,-1.0,0.0,-0.3333333333333333,0.135,-1,-1,-1,0.356862745098039,0.694117647058824,0.803921568627451
59.08077907562256,0.0,0.24230197187421543,0.03,1,1,1,0.0,0.3333333333333333,0.15,-1,-1,-1,1.0,1.0,-1.0,0.0,-0.3333333333333333,0.135,-1,-1,-1,0.356862745098039,0.694117647058824,0.803921568627451
59.11547613143921,0.0,0.243246569880599,0.03,1,1,1,0.0,0.3333333333333333,0.15,-1,-1,-1,1.0,1.0,-1.0,0.0,-0.3333333333333333,0.135,-1,-1,-1,0.356862745098039,0.694117647058824,0.803921568627451
59.15012979507446,0.0,0.24419116788698253,0.03,1,1,1,0.0,0.3333333333333333,0.15,-1,-1,-1,1.0,1.0,-1.0,0.0,-0.3333333333333333,0.135,-1,-1,-1,0.356862745098039,0.694117647058824,0.803921568627451
59.184828758239746,0.0,0.24513576589336605,0.03,1,1,1,0.0,0.3333333333333333,0.15,-1,-1,-1,1.0,1.0,-1.0,0.0,-0.3333333333333333,0.135,-1,-1,-1,0.356862745098039,0.694117647058824,0.803921568627451
59.2190957069397,0.0,0.24608036389974958,0.03,1,1,1,0.0,0.3333333333333333,0.15,-1,-1,-1,1.0,1.0,-1.0,0.0,-0.3333333333333333,0.135,-1,-1,-1,0.356862745098039,0.694117647058824,0.803921568627451
59.254016637802124,0.0,0.2470249619061331,0.03,1,1,1,0.0,0.3333333333333333,0.15,-1,-1,-1,1.0,1.0,-1.0,0.0,-0.3333333333333333,0.135,-1,-1,-1,0.356862745098039,0.694117647058824,0.803921568627451
59.28824973106384,0.0,0.24796955991251665,0.03,1,1,1,0.0,0.3333333333333333,0.15,-1,-1,-1,1.0,1.0,-1.0,0.0,-0.3333333333333333,0.135,-1,-1,-1,0.356862745098039,0.694117647058824,0.803921568627451
59.32287120819092,0.0,0.24891415791890023,0.03,1,1,1,0.0,0.3333333333333333,0.15,-1,-1,-1,1.0,1.0,-1.0,0.0,-0.3333333333333333,0.135,-1,-1,-1,0.356862745098039,0.694117647058824,0.803921568627451
59.35869026184082,0.0,0.24985875592528375,0.03,1,1,1,0.0,0.3333333333333333,0.15,-1,-1,-1,1.0,1.0,-1.0,0.0,-0.3333333333333333,0.135,-1,-1,-1,0.356862745098039,0.694117647058824,0.803921568627451
59.393282890319824,0.0,0.2508033539316673,0.03,1,1,1,0.0,0.3333333333333333,0.15,-1,-1,-1,1.0,1.0,-1.0,0.0,-0.3333333333333333,0.135,-1,-1,-1,0.356862745098039,0.694117647058824,0.803921568627451
59.42812418937683,0.0,0.25174795193805083,0.03,1,1,1,0.0,0.3333333333333333,0.15,-1,-1,-1,1.0,1.0,-1.0,0.0,-0.3333333333333333,0.135,-1,-1,-1,0.356862745098039,0.694117647058824,0.803921568627451
59.4630241394043,0.0,0.25269254994443435,0.03,1,1,1,0.0,0.3333333333333333,0.15,-1,-1,-1,1.0,1.0,-1.0,0.0,-0.3333333333333333,0.135,-1,-1,-1,0.356862745098039,0.694117647058824,0.803921568627451
59.49702429771423,0.0,0.2536371479508179,0.03,1,1,1,0.0,0.3333333333333333,0.15,-1,-1,-1,1.0,1.0,-1.0,0.0,-0.3333333333333333,0.135,-1,-1,-1,0.356862745098039,0.694117647058824,0.803921568627451
59.53228712081909,0.0,0.2545817459572014,0.03,1,1,1,0.0,0.3333333333333333,0.15,-1,-1,-1,1.0,1.0,-1.0,0.0,-0.3333333333333333,0.135,-1,-1,-1,0.356862745098039,0.694117647058824,0.803921568627451
59.56694316864014,0.0,0.2555263439635849,0.03,1,1,1,0.0,0.3333333333333333,0.15,-1,-1,-1,1.0,1.0,-1.0,0.0,-0.3333333333333333,0.135,-1,-1,-1,0.356862745098039,0.694117647058824,0.803921568627451
59.601714849472046,0.0,0.25647094196996845,0.03,1,1,1,0.0,0.3333333333333333,0.15,-1,-1,-1,1.0,1.0,-1.0,0.0,-0.3333333333333333,0.135,-1,-1,-1,0.356862745098039,0.694117647058824,0.803921568627451
59.6362361907959,0.0,0.25741553997635197,0.03,1,1,1,0.0,0.3333333333333333,0.15,-1,-1,-1,1.0,1.0,-1.0,0.0,-0.3333333333333333,0.135,-1,-1,-1,0.356862745098039,0.694117647058824,0.803921568627451
59.671003580093384,0.0,0.2583601379827355,0.03,1,1,1,0.0,0.3333333333333333,0.15,-1,-1,-1,1.0,1.0,-1.0,0.0,-0.3333333333333333,0.135,-1,-1,-1,0.356862745098039,0.694117647058824,0.803921568627451
59.70577430725098,0.0,0.259304735989119,0.03,1,1,1,0.0,0.3333333333333333,0.15,-1,-1,-1,1.0,1.0,-1.0,0.0,-0.3333333333333333,0.135,-1,-1,-1,0.356862745098039,0.694117647058824,0.803921568627451
59.74045753479004,0.0,0.26024933399550254,0.03,1,1,1,0.0,0.3333333333333333,0.15,-1,-1,-1,1.0,1.0,-1.0,0.0,-0.3333333333333333,0.135,-1,-1,-1,0.356862745098039,0.694117647058824,0.803921568627451
59.77474784851074,0.0,0.26119393200188606,0.03,1,1,1,0.0,0.3333333333333333,0.15,-1,-1,-1,1.0,1.0,-1.0,0.0,-0.3333333333333333,0.135,-1,-1,-1,0.356862745098039,0.694117647058824,0.803921568627451
59.80900025367737,0.0,0.2621385300082696,0.03,1,1,1,0.0,0.3333333333333333,0.15,-1,-1,-1,1.0,1.0,-1.0,0.0,-0.3333333333333333,0.135,-1,-1,-1,0.356862745098039,0.694117647058824,0.803921568627451
59.84391689300537,0.0,0.2630831280146531,0.03,1,1,1,0.0,0.3333333333333333,0.15,-1,-1,-1,1.0,1.0,-1.0,0.0,-0.3333333333333333,0.135,-1,-1,-1,0.356862745098039,0.694117647058824,0.803921568627451
59.879225730895996,0.0,0.26402772602103664,0.03,1,1,1,0.0,0.3333333333333333,0.15,-1,-1,-1,1.0,1.0,-1.0,0.0,-0.3333333333333333,0.135,-1,-1,-1,0.356862745098039,0.694117647058824,0.803921568627451
59.91359519958496,0.0,0.26497232402742016,0.03,1,1,1,0.0,0.3333333333333333,0.15,-1,-1,-1,1.0,1.0,-1.0,0.0,-0.3333333333333333,0.135,-1,-1,-1,0.356862745098039,0.694117647058824,0.803921568627451
59.94833326339722,0.0,0.2659169220338037,0.03,1,1,1,0.0,0.3333333333333333,0.15,-1,-1,-1,1.0,1.0,-1.0,0.0,-0.3333333333333333,0.135,-1,-1,-1,0.356862745098039,0.694117647058824,0.803921568627451
59.983540058135986,0.0,0.2668615200401872,0.03,1,1,1,0.0,0.3333333333333333,0.15,-1,-1,-1,1.0,1.0,-1.0,0.0,-0.3333333333333333,0.135,-1,-1,-1,0.356862745098039,0.694117647058824,0.803921568627451
60.01760172843933,0.0,0.26780611804657073,0.03,1,1,1,0.0,0.3333333333333333,0.15,-1,-1,-1,1.0,1.0,-1.0,0.0,-0.3333333333333333,0.135,-1,-1,-1,0.356862745098039,0.694117647058824,0.803921568627451
60.05204510688782,0.0,0.26875071605295425,0.03,1,1,1,0.0,0.3333333333333333,0.15,-1,-1,-1,1.0,1.0,-1.0,0.0,-0.3333333333333333,0.135,-1,-1,-1,0.356862745098039,0.694117647058824,0.803921568627451
60.08714270591736,0.0,0.2696953140593378,0.03,1,1,1,0.0,0.3333333333333333,0.15,-1,-1,-1,1.0,1.0,-1.0,0.0,-0.3333333333333333,0.135,-1,-1,-1,0.356862745098039,0.694117647058824,0.803921568627451
60.121501207351685,0.0,0.2706399120657213,0.03,1,1,1,0.0,0.3333333333333333,0.15,-1,-1,-1,1.0,1.0,-1.0,0.0,-0.3333333333333333,0.135,-1,-1,-1,0.356862745098039,0.694117647058824,0.803921568627451
60.156651973724365,0.0,0.2715845100721048,0.03,1,1,1,0.0,0.3333333333333333,0.15,-1,-1,-1,1.0,1.0,-1.0,0.0,-0.3333333333333333,0.135,-1,-1,-1,0.356862745098039,0.694117647058824,0.803921568627451
60.19159483909607,0.0,0.26867348906311433,0.03,1,1,1,0.0,0.3333333333333333,0.15,-1,-1,-1,1.0,1.0,-1.0,0.0,-0.3333333333333333,0.135,-1,-1,-1,0.356862745098039,0.694117647058824,0.803921568627451
60.226428747177124,0.0,0.26479856330028034,0.03,1,1,1,0.0,0.3333333333333333,0.15,-1,-1,-1,1.0,1.0,-1.0,0.0,-0.3333333333333333,0.135,-1,-1,-1,0.356862745098039,0.694117647058824,0.803921568627451
60.260701179504395,0.0,0.26092363753744635,0.03,1,1,1,0.0,0.3333333333333333,0.15,-1,-1,-1,1.0,1.0,-1.0,0.0,-0.3333333333333333,0.135,-1,-1,-1,0.356862745098039,0.694117647058824,0.803921568627451
60.295270681381226,0.0,0.25704871177461236,0.03,1,1,1,0.0,0.3333333333333333,0.15,-1,-1,-1,1.0,1.0,-1.0,0.0,-0.3333333333333333,0.135,-1,-1,-1,0.356862745098039,0.694117647058824,0.803921568627451
60.33010411262512,0.0,0.25317378601177837,0.03,1,1,1,0.0,0.3333333333333333,0.15,-1,-1,-1,1.0,1.0,-1.0,0.0,-0.3333333333333333,0.135,-1,-1,-1,0.356862745098039,0.694117647058824,0.803921568627451
60.36485981941223,0.0,0.24929886024894435,0.03,1,1,1,0.0,0.3333333333333333,0.15,-1,-1,-1,1.0,1.0,-1.0,0.0,-0.3333333333333333,0.135,-1,-1,-1,0.356862745098039,0.694117647058824,0.803921568627451
60.399914026260376,0.0,0.24542393448611044,0.03,1,1,1,0.0,0.3333333333333333,0.15,-1,-1,-1,1.0,1.0,-1.0,0.0,-0.3333333333333333,0.135,-1,-1,-1,0.356862745098039,0.694117647058824,0.803921568627451
60.43388366699219,0.0,0.24154900872327634,0.03,1,1,1,0.0,0.3333333333333333,0.15,-1,-1,-1,1.0,1.0,-1.0,0.0,-0.3333333333333333,0.135,-1,-1,-1,0.356862745098039,0.694117647058824,0.803921568627451
60.46855854988098,0.0,0.23767408296044226,0.03,1,1,1,0.0,0.3333333333333333,0.15,-1,-1,-1,1.0,1.0,-1.0,0.0,-0.3333333333333333,0.135,-1,-1,-1,0.356862745098039,0.694117647058824,0.803921568627451
60.504430294036865,0.0,0.23379915719760827,0.03,1,1,1,0.0,0.3333333333333333,0.15,-1,-1,-1,1.0,1.0,-1.0,0.0,-0.3333333333333333,0.135,-1,-1,-1,0.356862745098039,0.694117647058824,0.803921568627451
60.53862762451172,0.0,0.22992423143477428,0.03,1,1,1,0.0,0.3333333333333333,0.15,-1,-1,-1,1.0,1.0,-1.0,0.0,-0.3333333333333333,0.135,-1,-1,-1,0.356862745098039,0.694117647058824,0.803921568627451
60.57367134094238,0.0,0.2260493056719403,0.03,1,1,1,0.0,0.3333333333333333,0.15,-1,-1,-1,1.0,1.0,-1.0,0.0,-0.3333333333333333,0.135,-1,-1,-1,0.356862745098039,0.694117647058824,0.803921568627451
60.60824155807495,0.0,0.2221743799091063,0.03,1,1,1,0.0,0.3333333333333333,0.15,-1,-1,-1,1.0,1.0,-1.0,0.0,-0.3333333333333333,0.135,-1,-1,-1,0.356862745098039,0.694117647058824,0.803921568627451
60.64275288581848,0.0,0.2182994541462723,0.03,1,1,1,0.0,0.3333333333333333,0.15,-1,-1,-1,1.0,1.0,-1.0,0.0,-0.3333333333333333,0.135,-1,-1,-1,0.356862745098039,0.694117647058824,0.803921568627451
60.67755913734436,0.0,0.2144245283834383,0.03,1,1,1,0.0,0.3333333333333333,0.15,-1,-1,-1,1.0,1.0,-1.0,0.0,-0.3333333333333333,0.135,-1,-1,-1,0.356862745098039,0.694117647058824,0.803921568627451
60.713178634643555,0.0,0.21054960262060432,0.03,1,1,1,0.0,0.3333333333333333,0.15,-1,-1,-1,1.0,1.0,-1.0,0.0,-0.3333333333333333,0.135,-1,-1,-1,0.356862745098039,0.694117647058824,0.803921568627451
60.74739146232605,0.0,0.20667467685777033,0.03,1,1,1,0.0,0.3333333333333333,0.15,-1,-1,-1,1.0,1.0,-1.0,0.0,-0.3333333333333333,0.135,-1,-1,-1,0.356862745098039,0.694117647058824,0.803921568627451
60.78168320655823,0.0,0.20279975109493634,0.03,1,1,1,0.0,0.3333333333333333,0.15,-1,-1,-1,1.0,1.0,-1.0,0.0,-0.3333333333333333,0.135,-1,-1,-1,0.356862745098039,0.694117647058824,0.803921568627451
60.816298961639404,0.0,0.19892482533210235,0.03,1,1,1,0.0,0.3333333333333333,0.15,-1,-1,-1,1.0,1.0,-1.0,0.0,-0.3333333333333333,0.135,-1,-1,-1,0.356862745098039,0.694117647058824,0.803921568627451
60.85122275352478,0.0,0.19504989956926835,0.03,1,1,1,0.0,0.3333333333333333,0.15,-1,-1,-1,1.0,1.0,-1.0,0.0,-0.3333333333333333,0.135,-1,-1,-1,0.356862745098039,0.694117647058824,0.803921568627451
60.88540458679199,0.0,0.19117497380643436,0.03,1,1,1,0.0,0.3333333333333333,0.15,-1,-1,-1,1.0,1.0,-1.0,0.0,-0.3333333333333333,0.135,-1,-1,-1,0.356862745098039,0.694117647058824,0.803921568627451
60.920745849609375,0.0,0.18730004804360037,0.03,1,1,1,0.0,0.3333333333333333,0.15,-1,-1,-1,1.0,1.0,-1.0,0.0,-0.3333333333333333,0.135,-1,-1,-1,0.356862745098039,0.694117647058824,0.803921568627451
60.95502281188965,0.0,0.18342512228076638,0.03,1,1,1,0.0,0.3333333333333333,0.15,-1,-1,-1,1.0,1.0,-1.0,0.0,-0.3333333333333333,0.135,-1,-1,-1,0.356862745098039,0.694117647058824,0.803921568627451
60.9901397228241,0.0,0.1795501965179324,0.03,1,1,1,0.0,0.3333333333333333,0.15,-1,-1,-1,1.0,1.0,-1.0,0.0,-0.3333333333333333,0.135,-1,-1,-1,0.356862745098039,0.694117647058824,0.803921568627451
61.02474498748779,0.0,0.1756752707550984,0.03,1,1,1,0.0,0.3333333333333333,0.15,-1,-1,-1,1.0,1.0,-1.0,0.0,-0.3333333333333333,0.135,-1,-1,-1,0.356862745098039,0.694117647058824,0.803921568627451
61.05928659439087,0.0,0.1718003449922644,0.03,1,1,1,0.0,0.3333333333333333,0.15,-1,-1,-1,1.0,1.0,-1.0,0.0,-0.3333333333333333,0.135,-1,-1,-1,0.356862745098039,0.694117647058824,0.803921568627451
61.09471535682678,0.0,0.1679254192294304,0.03,1,1,1,0.0,0.3333333333333333,0.15,-1,-1,-1,1.0,1.0,-1.0,0.0,-0.3333333333333333,0.135,-1,-1,-1,0.356862745098039,0.694117647058824,0.803921568627451
61.12890887260437,0.0,0.16405049346659642,0.03,1,1,1,0.0,0.3333333333333333,0.15,-1,-1,-1,1.0,1.0,-1.0,0.0,-0.3333333333333333,0.135,-1,-1,-1,0.356862745098039,0.694117647058824,0.803921568627451
61.164161682128906,0.0,0.16017556770376243,0.03,1,1,1,0.0,0.3333333333333333,0.15,-1,-1,-1,1.0,1.0,-1.0,0.0,-0.3333333333333333,0.135,-1,-1,-1,0.356862745098039,0.694117647058824,0.803921568627451
61.198429584503174,0.0,0.15630064194092844,0.03,1,1,1,0.0,0.3333333333333333,0.15,-1,-1,-1,1.0,1.0,-1.0,0.0,-0.3333333333333333,0.135,-1,-1,-1,0.356862745098039,0.694117647058824,0.803921568627451
61.23325252532959,0.0,0.15242571617809444,0.03,1,1,1,0.0,0.3333333333333333,0.15,-1,-1,-1,1.0,1.0,-1.0,0.0,-0.3333333333333333,0.135,-1,-1,-1,0.356862745098039,0.694117647058824,0.803921568627451
61.26807236671448,0.0,0.14855079041526045,0.03,1,1,1,0.0,0.3333333333333333,0.15,-1,-1,-1,1.0,1.0,-1.0,0.0,-0.3333333333333333,0.135,-1,-1,-1,0.356862745098039,0.694117647058824,0.803921568627451
61.3023567199707,0.0,0.14467586465242646,0.03,1,1,1,0.0,0.3333333333333333,0.15,-1,-1,-1,1.0,1.0,-1.0,0.0,-0.3333333333333333,0.135,-1,-1,-1,0.356862745098039,0.694117647058824,0.803921568627451
61.337690114974976,0.0,0.14080093888959247,0.03,1,1,1,0.0,0.3333333333333333,0.15,-1,-1,-1,1.0,1.0,-1.0,0.0,-0.3333333333333333,0.135,-1,-1,-1,0.356862745098039,0.694117647058824,0.803921568627451
61.37194633483887,0.0,0.13770099827932528,0.03,1,1,1,0.0,0.3333333333333333,0.15,-1,-1,-1,1.0,1.0,-1.0,0.0,-0.3333333333333333,0.135,-1,-1,-1,0.356862745098039,0.694117647058824,0.803921568627451
61.40681982040405,0.0,0.13770099827932528,0.03,1,1,1,0.0,0.3333333333333333,0.15,-1,-1,-1,1.0,1.0,-1.0,0.0,-0.3333333333333333,0.135,-1,-1,-1,0.356862745098039,0.694117647058824,0.803921568627451
61.44140696525574,0.0,0.13770099827932528,0.03,1,1,1,0.0,0.3333333333333333,0.15,-1,-1,-1,1.0,1.0,-1.0,0.0,-0.3333333333333333,0.135,-1,-1,-1,0.356862745098039,0.694117647058824,0.803921568627451
61.476229667663574,0.0,0.13770099827932528,0.03,1,1,1,0.0,0.3333333333333333,0.15,-1,-1,-1,1.0,1.0,-1.0,0.0,-0.3333333333333333,0.135,-1,-1,-1,0.356862745098039,0.694117647058824,0.803921568627451
61.51055645942688,0.0,0.13770099827932528,0.03,1,1,1,0.0,0.3333333333333333,0.15,-1,-1,-1,1.0,1.0,-1.0,0.0,-0.3333333333333333,0.135,-1,-1,-1,0.356862745098039,0.694117647058824,0.803921568627451
61.54514288902283,0.0,0.13770099827932528,0.03,1,1,1,0.0,0.3333333333333333,0.15,-1,-1,-1,1.0,1.0,-1.0,0.0,-0.3333333333333333,0.135,-1,-1,-1,0.356862745098039,0.694117647058824,0.803921568627451
61.579851388931274,0.0,0.13770099827932528,0.03,1,1,1,0.0,0.3333333333333333,0.15,-1,-1,-1,1.0,1.0,-1.0,0.0,-0.3333333333333333,0.135,-1,-1,-1,0.356862745098039,0.694117647058824,0.803921568627451
61.61517786979675,0.0,0.13770099827932528,0.03,1,1,1,0.0,0.3333333333333333,0.15,-1,-1,-1,1.0,1.0,-1.0,0.0,-0.3333333333333333,0.135,-1,-1,-1,0.356862745098039,0.694117647058824,0.803921568627451
61.64999032020569,0.0,0.13770099827932528,0.03,1,1,1,0.0,0.3333333333333333,0.15,-1,-1,-1,1.0,1.0,-1.0,0.0,-0.3333333333333333,0.135,-1,-1,-1,0.356862745098039,0.694117647058824,0.803921568627451
61.68447828292847,0.0,0.13770099827932528,0.03,1,1,1,0.0,0.3333333333333333,0.15,-1,-1,-1,1.0,1.0,-1.0,0.0,-0.3333333333333333,0.135,-1,-1,-1,0.356862745098039,0.694117647058824,0.803921568627451
61.71937155723572,0.0,0.13770099827932528,0.03,1,1,1,0.0,0.3333333333333333,0.15,-1,-1,-1,1.0,1.0,-1.0,0.0,-0.3333333333333333,0.135,-1,-1,-1,0.356862745098039,0.694117647058824,0.803921568627451
61.75382709503174,0.0,0.13770099827932528,0.03,1,1,1,0.0,0.3333333333333333,0.15,-1,-1,-1,1.0,1.0,-1.0,0.0,-0.3333333333333333,0.135,-1,-1,-1,0.356862745098039,0.694117647058824,0.803921568627451
61.788602352142334,0.0,0.13770099827932528,0.03,1,1,1,0.0,0.3333333333333333,0.15,-1,-1,-1,1.0,1.0,-1.0,0.0,-0.3333333333333333,0.135,-1,-1,-1,0.356862745098039,0.694117647058824,0.803921568627451
61.82356381416321,0.0,0.13770099827932528,0.03,1,1,1,0.0,0.3333333333333333,0.15,-1,-1,-1,1.0,1.0,-1.0,0.0,-0.3333333333333333,0.135,-1,-1,-1,0.356862745098039,0.694117647058824,0.803921568627451
61.85843801498413,0.0,0.13770099827932528,0.03,1,1,1,0.0,0.3333333333333333,0.15,-1,-1,-1,1.0,1.0,-1.0,0.0,-0.3333333333333333,0.135,-1,-1,-1,0.356862745098039,0.694117647058824,0.803921568627451
61.893176317214966,0.0,0.13770099827932528,0.03,1,1,1,0.0,0.3333333333333333,0.15,-1,-1,-1,1.0,1.0,-1.0,0.0,-0.3333333333333333,0.135,-1,-1,-1,0.356862745098039,0.694117647058824,0.803921568627451
61.927860736846924,0.0,0.13770099827932528,0.03,1,1,1,0.0,0.3333333333333333,0.15,-1,-1,-1,1.0,1.0,-1.0,0.0,-0.3333333333333333,0.135,-1,-1,-1,0.356862745098039,0.694117647058824,0.803921568627451
61.96239233016968,0.0,0.13770099827932528,0.03,1,1,1,0.0,0.3333333333333333,0.15,-1,-1,-1,1.0,1.0,-1.0,0.0,-0.3333333333333333,0.135,-1,-1,-1,0.356862745098039,0.694117647058824,0.803921568627451
61.99714183807373,0.0,0.13770099827932528,0.03,1,1,1,0.0,0.3333333333333333,0.15,-1,-1,-1,1.0,1.0,-1.0,0.0,-0.3333333333333333,0.135,-1,-1,-1,0.356862745098039,0.694117647058824,0.803921568627451
62.03188896179199,0.0,0.13770099827932528,0.03,1,1,1,0.0,0.3333333333333333,0.15,-1,-1,-1,1.0,1.0,-1.0,0.0,-0.3333333333333333,0.135,-1,-1,-1,0.356862745098039,0.694117647058824,0.803921568627451
62.06600260734558,0.0,0.13770099827932528,0.03,1,1,1,0.0,0.3333333333333333,0.15,-1,-1,-1,1.0,1.0,-1.0,0.0,-0.3333333333333333,0.135,-1,-1,-1,0.356862745098039,0.694117647058824,0.803921568627451
62.10144591331482,0.0,0.13770099827932528,0.03,1,1,1,0.0,0.3333333333333333,0.15,-1,-1,-1,1.0,1.0,-1.0,0.0,-0.3333333333333333,0.135,-1,-1,-1,0.356862745098039,0.694117647058824,0.803921568627451
62.13590383529663,0.0,0.13770099827932528,0.03,1,1,1,0.0,0.3333333333333333,0.15,-1,-1,-1,1.0,1.0,-1.0,0.0,-0.3333333333333333,0.135,-1,-1,-1,0.356862745098039,0.694117647058824,0.803921568627451
62.171375036239624,0.0,0.13770099827932528,0.03,1,1,1,0.0,0.3333333333333333,0.15,-1,-1,-1,1.0,1.0,-1.0,0.0,-0.3333333333333333,0.135,-1,-1,-1,0.356862745098039,0.694117647058824,0.803921568627451
62.20572853088379,0.0,0.13770099827932528,0.03,1,1,1,0.0,0.3333333333333333,0.15,-1,-1,-1,1.0,1.0,-1.0,0.0,-0.3333333333333333,0.135,-1,-1,-1,0.356862745098039,0.694117647058824,0.803921568627451
62.23997735977173,0.0,0.13770099827932528,0.03,1,1,1,0.0,0.3333333333333333,0.15,-1,-1,-1,1.0,1.0,-1.0,0.0,-0.3333333333333333,0.135,-1,-1,-1,0.356862745098039,0.694117647058824,0.803921568627451
62.274683713912964,0.0,0.13770099827932528,0.03,1,1,1,0.0,0.3333333333333333,0.15,-1,-1,-1,1.0,1.0,-1.0,0.0,-0.3333333333333333,0.135,-1,-1,-1,0.356862745098039,0.694117647058824,0.803921568627451
62.30946063995361,0.0,0.13770099827932528,0.03,1,1,1,0.0,0.3333333333333333,0.15,-1,-1,-1,1.0,1.0,-1.0,0.0,-0.3333333333333333,0.135,-1,-1,-1,0.356862745098039,0.694117647058824,0.803921568627451
62.344263315200806,0.0,0.13770099827932528,0.03,1,1,1,0.0,0.3333333333333333,0.15,-1,-1,-1,1.0,1.0,-1.0,0.0,-0.3333333333333333,0.135,-1,-1,-1,0.356862745098039,0.694117647058824,0.803921568627451
62.37880992889404,0.0,0.13770099827932528,0.03,1,1,1,0.0,0.3333333333333333,0.15,-1,-1,-1,1.0,1.0,-1.0,0.0,-0.3333333333333333,0.135,-1,-1,-1,0.356862745098039,0.694117647058824,0.803921568627451
62.4134566783905,0.0,0.13770099827932528,0.03,1,1,1,0.0,0.3333333333333333,0.15,-1,-1,-1,1.0,1.0,-1.0,0.0,-0.3333333333333333,0.135,-1,-1,-1,0.356862745098039,0.694117647058824,0.803921568627451
62.44883871078491,0.0,0.13770099827932528,0.03,1,1,1,0.0,0.3333333333333333,0.15,-1,-1,-1,1.0,1.0,-1.0,0.0,-0.3333333333333333,0.135,-1,-1,-1,0.356862745098039,0.694117647058824,0.803921568627451
62.48360824584961,0.0,0.13770099827932528,0.03,1,1,1,0.0,0.3333333333333333,0.15,-1,-1,-1,1.0,1.0,-1.0,0.0,-0.3333333333333333,0.135,-1,-1,-1,0.356862745098039,0.694117647058824,0.803921568627451
62.51850891113281,0.0,0.13770099827932528,0.03,1,1,1,0.0,0.3333333333333333,0.15,-1,-1,-1,1.0,1.0,-1.0,0.0,-0.3333333333333333,0.135,-1,-1,-1,0.356862745098039,0.694117647058824,0.803921568627451
62.553285121917725,0.0,0.13770099827932528,0.03,1,1,1,0.0,0.3333333333333333,0.15,-1,-1,-1,1.0,1.0,-1.0,0.0,-0.3333333333333333,0.135,-1,-1,-1,0.356862745098039,0.694117647058824,0.803921568627451
62.58815598487854,0.0,0.13804942262748698,0.03,1,1,1,0.0,0.3333333333333333,0.15,-1,-1,-1,1.0,1.0,-1.0,0.0,-0.3333333333333333,0.135,-1,-1,-1,0.356862745098039,0.694117647058824,0.803921568627451
62.622398138046265,0.0,0.13863012987442316,0.03,1,1,1,0.0,0.3333333333333333,0.15,-1,-1,-1,1.0,1.0,-1.0,0.0,-0.3333333333333333,0.135,-1,-1,-1,0.356862745098039,0.694117647058824,0.803921568627451
62.657116174697876,0.0,0.13921083712135934,0.03,1,1,1,0.0,0.3333333333333333,0.15,-1,-1,-1,1.0,1.0,-1.0,0.0,-0.3333333333333333,0.135,-1,-1,-1,0.356862745098039,0.694117647058824,0.803921568627451
62.691651344299316,0.0,0.13979154436829552,0.03,1,1,1,0.0,0.3333333333333333,0.15,-1,-1,-1,1.0,1.0,-1.0,0.0,-0.3333333333333333,0.135,-1,-1,-1,0.356862745098039,0.694117647058824,0.803921568627451
62.726548194885254,0.0,0.1403722516152317,0.03,1,1,1,0.0,0.3333333333333333,0.15,-1,-1,-1,1.0,1.0,-1.0,0.0,-0.3333333333333333,0.135,-1,-1,-1,0.356862745098039,0.694117647058824,0.803921568627451
62.76121377944946,0.0,0.14095295886216788,0.03,1,1,1,0.0,0.3333333333333333,0.15,-1,-1,-1,1.0,1.0,-1.0,0.0,-0.3333333333333333,0.135,-1,-1,-1,0.356862745098039,0.694117647058824,0.803921568627451
62.796075105667114,0.0,0.14153366610910406,0.03,1,1,1,0.0,0.3333333333333333,0.15,-1,-1,-1,1.0,1.0,-1.0,0.0,-0.3333333333333333,0.135,-1,-1,-1,0.356862745098039,0.694117647058824,0.803921568627451
62.830764055252075,0.0,0.14211437335604024,0.03,1,1,1,0.0,0.3333333333333333,0.15,-1,-1,-1,1.0,1.0,-1.0,0.0,-0.3333333333333333,0.135,-1,-1,-1,0.356862745098039,0.694117647058824,0.803921568627451
62.86541223526001,0.0,0.14269508060297642,0.03,1,1,1,0.0,0.3333333333333333,0.15,-1,-1,-1,1.0,1.0,-1.0,0.0,-0.3333333333333333,0.135,-1,-1,-1,0.356862745098039,0.694117647058824,0.803921568627451
62.899638175964355,0.0,0.1432757878499126,0.03,1,1,1,0.0,0.3333333333333333,0.15,-1,-1,-1,1.0,1.0,-1.0,0.0,-0.3333333333333333,0.135,-1,-1,-1,0.356862745098039,0.694117647058824,0.803921568627451
62.93429684638977,0.0,0.14385649509684878,0.03,1,1,1,0.0,0.3333333333333333,0.15,-1,-1,-1,1.0,1.0,-1.0,0.0,-0.3333333333333333,0.135,-1,-1,-1,0.356862745098039,0.694117647058824,0.803921568627451
62.96922707557678,0.0,0.14443720234378496,0.03,1,1,1,0.0,0.3333333333333333,0.15,-1,-1,-1,1.0,1.0,-1.0,0.0,-0.3333333333333333,0.135,-1,-1,-1,0.356862745098039,0.694117647058824,0.803921568627451
63.00393033027649,0.0,0.14501790959072114,0.03,1,1,1,0.0,0.3333333333333333,0.15,-1,-1,-1,1.0,1.0,-1.0,0.0,-0.3333333333333333,0.135,-1,-1,-1,0.356862745098039,0.694117647058824,0.803921568627451
63.038978576660156,0.0,0.14559861683765732,0.03,1,1,1,0.0,0.3333333333333333,0.15,-1,-1,-1,1.0,1.0,-1.0,0.0,-0.3333333333333333,0.135,-1,-1,-1,0.356862745098039,0.694117647058824,0.803921568627451
63.07401466369629,0.0,0.1461793240845935,0.03,1,1,1,0.0,0.3333333333333333,0.15,-1,-1,-1,1.0,1.0,-1.0,0.0,-0.3333333333333333,0.135,-1,-1,-1,0.356862745098039,0.694117647058824,0.803921568627451
63.108139753341675,0.0,0.14676003133152968,0.03,1,1,1,0.0,0.3333333333333333,0.15,-1,-1,-1,1.0,1.0,-1.0,0.0,-0.3333333333333333,0.135,-1,-1,-1,0.356862745098039,0.694117647058824,0.803921568627451
63.142669916152954,0.0,0.14734073857846586,0.03,1,1,1,0.0,0.3333333333333333,0.15,-1,-1,-1,1.0,1.0,-1.0,0.0,-0.3333333333333333,0.135,-1,-1,-1,0.356862745098039,0.694117647058824,0.803921568627451
63.17769694328308,0.0,0.14792144582540204,0.03,1,1,1,0.0,0.3333333333333333,0.15,-1,-1,-1,1.0,1.0,-1.0,0.0,-0.3333333333333333,0.135,-1,-1,-1,0.356862745098039,0.694117647058824,0.803921568627451
63.212177991867065,0.0,0.14850215307233822,0.03,1,1,1,0.0,0.3333333333333333,0.15,-1,-1,-1,1.0,1.0,-1.0,0.0,-0.3333333333333333,0.135,-1,-1,-1,0.356862745098039,0.694117647058824,0.803921568627451
63.246490716934204,0.0,0.1490828603192744,0.03,1,1,1,0.0,0.3333333333333333,0.15,-1,-1,-1,1.0,1.0,-1.0,0.0,-0.3333333333333333,0.135,-1,-1,-1,0.356862745098039,0.694117647058824,0.803921568627451
63.28102397918701,0.0,0.14966356756621058,0.03,1,1,1,0.0,0.3333333333333333,0.15,-1,-1,-1,1.0,1.0,-1.0,0.0,-0.3333333333333333,0.135,-1,-1,-1,0.356862745098039,0.694117647058824,0.803921568627451
63.31614708900452,0.0,0.15024427481314676,0.03,1,1,1,0.0,0.3333333333333333,0.15,-1,-1,-1,1.0,1.0,-1.0,0.0,-0.3333333333333333,0.135,-1,-1,-1,0.356862745098039,0.694117647058824,0.803921568627451
63.35053873062134,0.0,0.15082498206008293,0.03,1,1,1,0.0,0.3333333333333333,0.15,-1,-1,-1,1.0,1.0,-1.0,0.0,-0.3333333333333333,0.135,-1,-1,-1,0.356862745098039,0.694117647058824,0.803921568627451
63.38528037071228,0.0,0.15140568930701911,0.03,1,1,1,0.0,0.3333333333333333,0.15,-1,-1,-1,1.0,1.0,-1.0,0.0,-0.3333333333333333,0.135,-1,-1,-1,0.356862745098039,0.694117647058824,0.803921568627451
63.41985201835632,0.0,0.1519863965539553,0.03,1,1,1,0.0,0.3333333333333333,0.15,-1,-1,-1,1.0,1.0,-1.0,0.0,-0.3333333333333333,0.135,-1,-1,-1,0.356862745098039,0.694117647058824,0.803921568627451
63.455161333084106,0.0,0.15256710380089147,0.03,1,1,1,0.0,0.3333333333333333,0.15,-1,-1,-1,1.0,1.0,-1.0,0.0,-0.3333333333333333,0.135,-1,-1,-1,0.356862745098039,0.694117647058824,0.803921568627451
63.490113735198975,0.0,0.15314781104782765,0.03,1,1,1,0.0,0.3333333333333333,0.15,-1,-1,-1,1.0,1.0,-1.0,0.0,-0.3333333333333333,0.135,-1,-1,-1,0.356862745098039,0.694117647058824,0.803921568627451
63.52464509010315,0.0,0.15372851829476383,0.03,1,1,1,0.0,0.3333333333333333,0.15,-1,-1,-1,1.0,1.0,-1.0,0.0,-0.3333333333333333,0.135,-1,-1,-1,0.356862745098039,0.694117647058824,0.803921568627451
63.55961990356445,0.0,0.1543092255417,0.03,1,1,1,0.0,0.3333333333333333,0.15,-1,-1,-1,1.0,1.0,-1.0,0.0,-0.3333333333333333,0.135,-1,-1,-1,0.356862745098039,0.694117647058824,0.803921568627451
63.5948371887207,0.0,0.1548899327886362,0.03,1,1,1,0.0,0.3333333333333333,0.15,-1,-1,-1,1.0,1.0,-1.0,0.0,-0.3333333333333333,0.135,-1,-1,-1,0.356862745098039,0.694117647058824,0.803921568627451
63.62925457954407,0.0,0.15547064003557237,0.03,1,1,1,0.0,0.3333333333333333,0.15,-1,-1,-1,1.0,1.0,-1.0,0.0,-0.3333333333333333,0.135,-1,-1,-1,0.356862745098039,0.694117647058824,0.803921568627451
63.66379427909851,0.0,0.15605134728250855,0.03,1,1,1,0.0,0.3333333333333333,0.15,-1,-1,-1,1.0,1.0,-1.0,0.0,-0.3333333333333333,0.135,-1,-1,-1,0.356862745098039,0.694117647058824,0.803921568627451
63.69915056228638,0.0,0.15663205452944473,0.03,1,1,1,0.0,0.3333333333333333,0.15,-1,-1,-1,1.0,1.0,-1.0,0.0,-0.3333333333333333,0.135,-1,-1,-1,0.356862745098039,0.694117647058824,0.803921568627451
63.732951641082764,0.0,0.1572127617763809,0.03,1,1,1,0.0,0.3333333333333333,0.15,-1,-1,-1,1.0,1.0,-1.0,0.0,-0.3333333333333333,0.135,-1,-1,-1,0.356862745098039,0.694117647058824,0.803921568627451
63.76816940307617,0.0,0.1577934690233171,0.03,1,1,1,0.0,0.3333333333333333,0.15,-1,-1,-1,1.0,1.0,-1.0,0.0,-0.3333333333333333,0.135,-1,-1,-1,0.356862745098039,0.694117647058824,0.803921568627451
63.80310916900635,0.0,0.1577934690233171,0.03,1,1,1,0.0,0.3333333333333333,0.15,-1,-1,-1,1.0,1.0,-1.0,0.0,-0.3333333333333333,0.135,-1,-1,-1,0.356862745098039,0.694117647058824,0.803921568627451
63.83792757987976,0.0,0.1577934690233171,0.03,1,1,1,0.0,0.3333333333333333,0.15,-1,-1,-1,1.0,1.0,-1.0,0.0,-0.3333333333333333,0.135,-1,-1,-1,0.356862745098039,0.694117647058824,0.803921568627451
63.87173867225647,0.0,0.1577934690233171,0.03,1,1,1,0.0,0.3333333333333333,0.15,-1,-1,-1,1.0,1.0,-1.0,0.0,-0.3333333333333333,0.135,-1,-1,-1,0.356862745098039,0.694117647058824,0.803921568627451
63.906381368637085,0.0,0.1577934690233171,0.03,1,1,1,0.0,0.3333333333333333,0.15,-1,-1,-1,1.0,1.0,-1.0,0.0,-0.3333333333333333,0.135,-1,-1,-1,0.356862745098039,0.694117647058824,0.803921568627451
63.94162654876709,0.0,0.1577934690233171,0.03,1,1,1,0.0,0.3333333333333333,0.15,-1,-1,-1,1.0,1.0,-1.0,0.0,-0.3333333333333333,0.135,-1,-1,-1,0.356862745098039,0.694117647058824,0.803921568627451
63.9763388633728,0.0,0.1577934690233171,0.03,1,1,1,0.0,0.3333333333333333,0.15,-1,-1,-1,1.0,1.0,-1.0,0.0,-0.3333333333333333,0.135,-1,-1,-1,0.356862745098039,0.694117647058824,0.803921568627451
64.01074719429016,0.0,0.1577934690233171,0.03,1,1,1,0.0,0.3333333333333333,0.15,-1,-1,-1,1.0,1.0,-1.0,0.0,-0.3333333333333333,0.135,-1,-1,-1,0.356862745098039,0.694117647058824,0.803921568627451
64.0453610420227,0.0,0.1577934690233171,0.03,1,1,1,0.0,0.3333333333333333,0.15,-1,-1,-1,1.0,1.0,-1.0,0.0,-0.3333333333333333,0.135,-1,-1,-1,0.356862745098039,0.694117647058824,0.803921568627451
64.0802481174469,0.0,0.1577934690233171,0.03,1,1,1,0.0,0.3333333333333333,0.15,-1,-1,-1,1.0,1.0,-1.0,0.0,-0.3333333333333333,0.135,-1,-1,-1,0.356862745098039,0.694117647058824,0.803921568627451
64.11504983901978,0.0,0.1577934690233171,0.03,1,1,1,0.0,0.3333333333333333,0.15,-1,-1,-1,1.0,1.0,-1.0,0.0,-0.3333333333333333,0.135,-1,-1,-1,0.356862745098039,0.694117647058824,0.803921568627451
64.14992690086365,0.0,0.1577934690233171,0.03,1,1,1,0.0,0.3333333333333333,0.15,-1,-1,-1,1.0,1.0,-1.0,0.0,-0.3333333333333333,0.135,-1,-1,-1,0.356862745098039,0.694117647058824,0.803921568627451
64.1845064163208,0.0,0.1577934690233171,0.03,1,1,1,0.0,0.3333333333333333,0.15,-1,-1,-1,1.0,1.0,-1.0,0.0,-0.3333333333333333,0.135,-1,-1,-1,0.356862745098039,0.694117647058824,0.803921568627451
64.21967387199402,0.0,0.1577934690233171,0.03,1,1,1,0.0,0.3333333333333333,0.15,-1,-1,-1,1.0,1.0,-1.0,0.0,-0.3333333333333333,0.135,-1,-1,-1,0.356862745098039,0.694117647058824,0.803921568627451
64.25329184532166,0.0,0.1577934690233171,0.03,1,1,1,0.0,0.3333333333333333,0.15,-1,-1,-1,1.0,1.0,-1.0,0.0,-0.3333333333333333,0.135,-1,-1,-1,0.356862745098039,0.694117647058824,0.803921568627451
64.28840827941895,0.0,0.1577934690233171,0.03,1,1,1,0.0,0.3333333333333333,0.15,-1,-1,-1,1.0,1.0,-1.0,0.0,-0.3333333333333333,0.135,-1,-1,-1,0.356862745098039,0.694117647058824,0.803921568627451
64.32333135604858,0.0,0.1577934690233171,0.03,1,1,1,0.0,0.3333333333333333,0.15,-1,-1,-1,1.0,1.0,-1.0,0.0,-0.3333333333333333,0.135,-1,-1,-1,0.356862745098039,0.694117647058824,0.803921568627451
64.35856056213379,0.0,0.1577934690233171,0.03,1,1,1,0.0,0.3333333333333333,0.15,-1,-1,-1,1.0,1.0,-1.0,0.0,-0.3333333333333333,0.135,-1,-1,-1,0.356862745098039,0.694117647058824,0.803921568627451
64.39284133911133,0.0,0.1577934690233171,0.03,1,1,1,0.0,0.3333333333333333,0.15,-1,-1,-1,1.0,1.0,-1.0,0.0,-0.3333333333333333,0.135,-1,-1,-1,0.356862745098039,0.694117647058824,0.803921568627451
64.42732644081116,0.0,0.1577934690233171,0.03,1,1,1,0.0,0.3333333333333333,0.15,-1,-1,-1,1.0,1.0,-1.0,0.0,-0.3333333333333333,0.135,-1,-1,-1,0.356862745098039,0.694117647058824,0.803921568627451
64.46270608901978,0.0,0.1577934690233171,0.03,1,1,1,0.0,0.3333333333333333,0.15,-1,-1,-1,1.0,1.0,-1.0,0.0,-0.3333333333333333,0.135,-1,-1,-1,0.356862745098039,0.694117647058824,0.803921568627451
64.49702143669128,0.0,0.1577934690233171,0.03,1,1,1,0.0,0.3333333333333333,0.15,-1,-1,-1,1.0,1.0,-1.0,0.0,-0.3333333333333333,0.135,-1,-1,-1,0.356862745098039,0.694117647058824,0.803921568627451
64.53153467178345,0.0,0.1577934690233171,0.03,1,1,1,0.0,0.3333333333333333,0.15,-1,-1,-1,1.0,1.0,-1.0,0.0,-0.3333333333333333,0.135,-1,-1,-1,0.356862745098039,0.694117647058824,0.803921568627451
64.56662178039551,0.0,0.1577934690233171,0.03,1,1,1,0.0,0.3333333333333333,0.15,-1,-1,-1,1.0,1.0,-1.0,0.0,-0.3333333333333333,0.135,-1,-1,-1,0.356862745098039,0.694117647058824,0.803921568627451
64.60082125663757,0.0,0.1577934690233171,0.03,1,1,1,0.0,0.3333333333333333,0.15,-1,-1,-1,1.0,1.0,-1.0,0.0,-0.3333333333333333,0.135,-1,-1,-1,0.356862745098039,0.694117647058824,0.803921568627451
64.63584184646606,0.0,0.1577934690233171,0.03,1,1,1,0.0,0.3333333333333333,0.15,-1,-1,-1,1.0,1.0,-1.0,0.0,-0.3333333333333333,0.135,-1,-1,-1,0.356862745098039,0.694117647058824,0.803921568627451
64.67039108276367,0.0,0.1577934690233171,0.03,1,1,1,0.0,0.3333333333333333,0.15,-1,-1,-1,1.0,1.0,-1.0,0.0,-0.3333333333333333,0.135,-1,-1,-1,0.356862745098039,0.694117647058824,0.803921568627451
64.70453453063965,0.0,0.1577934690233171,0.03,1,1,1,0.0,0.3333333333333333,0.15,-1,-1,-1,1.0,1.0,-1.0,0.0,-0.3333333333333333,0.135,-1,-1,-1,0.356862745098039,0.694117647058824,0.803921568627451
64.7399914264679,0.0,0.1577934690233171,0.03,1,1,1,0.0,0.3333333333333333,0.15,-1,-1,-1,1.0,1.0,-1.0,0.0,-0.3333333333333333,0.135,-1,-1,-1,0.356862745098039,0.694117647058824,0.803921568627451
64.77453780174255,0.0,0.1577934690233171,0.03,1,1,1,0.0,0.3333333333333333,0.15,-1,-1,-1,1.0,1.0,-1.0,0.0,-0.3333333333333333,0.135,-1,-1,-1,0.356862745098039,0.694117647058824,0.803921568627451
64.80921578407288,0.0,0.1577934690233171,0.03,1,1,1,0.0,0.3333333333333333,0.15,-1,-1,-1,1.0,1.0,-1.0,0.0,-0.3333333333333333,0.135,-1,-1,-1,0.356862745098039,0.694117647058824,0.803921568627451
64.84414529800415,0.0,0.1577934690233171,0.03,1,1,1,0.0,0.3333333333333333,0.15,-1,-1,-1,1.0,1.0,-1.0,0.0,-0.3333333333333333,0.135,-1,-1,-1,0.356862745098039,0.694117647058824,0.803921568627451
64.87830424308777,0.0,0.1577934690233171,0.03,1,1,1,0.0,0.3333333333333333,0.15,-1,-1,-1,1.0,1.0,-1.0,0.0,-0.3333333333333333,0.135,-1,-1,-1,0.356862745098039,0.694117647058824,0.803921568627451
64.91308760643005,0.0,0.1577934690233171,0.03,1,1,1,0.0,0.3333333333333333,0.15,-1,-1,-1,1.0,1.0,-1.0,0.0,-0.3333333333333333,0.135,-1,-1,-1,0.356862745098039,0.694117647058824,0.803921568627451
64.94830274581909,0.0,0.1577934690233171,0.03,1,1,1,0.0,0.3333333333333333,0.15,-1,-1,-1,1.0,1.0,-1.0,0.0,-0.3333333333333333,0.135,-1,-1,-1,0.356862745098039,0.694117647058824,0.803921568627451
64.98307156562805,0.0,0.15698350436035374,0.03,1,1,1,0.0,0.3333333333333333,0.15,-1,-1,-1,1.0,1.0,-1.0,0.0,-0.3333333333333333,0.135,-1,-1,-1,0.356862745098039,0.694117647058824,0.803921568627451
65.01722240447998,0.0,0.15495859270294537,0.03,1,1,1,0.0,0.3333333333333333,0.15,-1,-1,-1,1.0,1.0,-1.0,0.0,-0.3333333333333333,0.135,-1,-1,-1,0.356862745098039,0.694117647058824,0.803921568627451
65.0522072315216,0.0,0.152933681045537,0.03,1,1,1,0.0,0.3333333333333333,0.15,-1,-1,-1,1.0,1.0,-1.0,0.0,-0.3333333333333333,0.135,-1,-1,-1,0.356862745098039,0.694117647058824,0.803921568627451
65.08758425712585,0.0,0.15090876938812864,0.03,1,1,1,0.0,0.3333333333333333,0.15,-1,-1,-1,1.0,1.0,-1.0,0.0,-0.3333333333333333,0.135,-1,-1,-1,0.356862745098039,0.694117647058824,0.803921568627451
65.12246227264404,0.0,0.14888385773072027,0.03,1,1,1,0.0,0.3333333333333333,0.15,-1,-1,-1,1.0,1.0,-1.0,0.0,-0.3333333333333333,0.135,-1,-1,-1,0.356862745098039,0.694117647058824,0.803921568627451
65.15707612037659,0.0,0.1468589460733119,0.03,1,1,1,0.0,0.3333333333333333,0.15,-1,-1,-1,1.0,1.0,-1.0,0.0,-0.3333333333333333,0.135,-1,-1,-1,0.356862745098039,0.694117647058824,0.803921568627451
65.19189310073853,0.0,0.14483403441590353,0.03,1,1,1,0.0,0.3333333333333333,0.15,-1,-1,-1,1.0,1.0,-1.0,0.0,-0.3333333333333333,0.135,-1,-1,-1,0.356862745098039,0.694117647058824,0.803921568627451
65.22623014450073,0.0,0.14280912275849517,0.03,1,1,1,0.0,0.3333333333333333,0.15,-1,-1,-1,1.0,1.0,-1.0,0.0,-0.3333333333333333,0.135,-1,-1,-1,0.356862745098039,0.694117647058824,0.803921568627451
65.26095581054688,0.0,0.1407842111010868,0.03,1,1,1,0.0,0.3333333333333333,0.15,-1,-1,-1,1.0,1.0,-1.0,0.0,-0.3333333333333333,0.135,-1,-1,-1,0.356862745098039,0.694117647058824,0.803921568627451
65.29571175575256,0.0,0.13875929944367843,0.03,1,1,1,0.0,0.3333333333333333,0.15,-1,-1,-1,1.0,1.0,-1.0,0.0,-0.3333333333333333,0.135,-1,-1,-1,0.356862745098039,0.694117647058824,0.803921568627451
65.33056974411011,0.0,0.13673438778627006,0.03,1,1,1,0.0,0.3333333333333333,0.15,-1,-1,-1,1.0,1.0,-1.0,0.0,-0.3333333333333333,0.135,-1,-1,-1,0.356862745098039,0.694117647058824,0.803921568627451
65.3654260635376,0.0,0.1347094761288617,0.03,1,1,1,0.0,0.3333333333333333,0.15,-1,-1,-1,1.0,1.0,-1.0,0.0,-0.3333333333333333,0.135,-1,-1,-1,0.356862745098039,0.694117647058824,0.803921568627451
65.40029120445251,0.0,0.13268456447145333,0.03,1,1,1,0.0,0.3333333333333333,0.15,-1,-1,-1,1.0,1.0,-1.0,0.0,-0.3333333333333333,0.135,-1,-1,-1,0.356862745098039,0.694117647058824,0.803921568627451
65.43478965759277,0.0,0.13065965281404496,0.03,1,1,1,0.0,0.3333333333333333,0.15,-1,-1,-1,1.0,1.0,-1.0,0.0,-0.3333333333333333,0.135,-1,-1,-1,0.356862745098039,0.694117647058824,0.803921568627451
65.46985340118408,0.0,0.1286347411566366,0.03,1,1,1,0.0,0.3333333333333333,0.15,-1,-1,-1,1.0,1.0,-1.0,0.0,-0.3333333333333333,0.135,-1,-1,-1,0.356862745098039,0.694117647058824,0.803921568627451
65.50463104248047,0.0,0.12660982949922822,0.03,1,1,1,0.0,0.3333333333333333,0.15,-1,-1,-1,1.0,1.0,-1.0,0.0,-0.3333333333333333,0.135,-1,-1,-1,0.356862745098039,0.694117647058824,0.803921568627451
65.5393762588501,0.0,0.12458491784181987,0.03,1,1,1,0.0,0.3333333333333333,0.15,-1,-1,-1,1.0,1.0,-1.0,0.0,-0.3333333333333333,0.135,-1,-1,-1,0.356862745098039,0.694117647058824,0.803921568627451
65.57366585731506,0.0,0.12256000618441155,0.03,1,1,1,0.0,0.3333333333333333,0.15,-1,-1,-1,1.0,1.0,-1.0,0.0,-0.3333333333333333,0.135,-1,-1,-1,0.356862745098039,0.694117647058824,0.803921568627451
65.60859084129333,0.0,0.12053509452700321,0.03,1,1,1,0.0,0.3333333333333333,0.15,-1,-1,-1,1.0,1.0,-1.0,0.0,-0.3333333333333333,0.135,-1,-1,-1,0.356862745098039,0.694117647058824,0.803921568627451
65.64339852333069,0.0,0.1185101828695949,0.03,1,1,1,0.0,0.3333333333333333,0.15,-1,-1,-1,1.0,1.0,-1.0,0.0,-0.3333333333333333,0.135,-1,-1,-1,0.356862745098039,0.694117647058824,0.803921568627451
65.67823839187622,0.0,0.1164852712121866,0.03,1,1,1,0.0,0.3333333333333333,0.15,-1,-1,-1,1.0,1.0,-1.0,0.0,-0.3333333333333333,0.135,-1,-1,-1,0.356862745098039,0.694117647058824,0.803921568627451
65.71275305747986,0.0,0.1144603595547783,0.03,1,1,1,0.0,0.3333333333333333,0.15,-1,-1,-1,1.0,1.0,-1.0,0.0,-0.3333333333333333,0.135,-1,-1,-1,0.356862745098039,0.694117647058824,0.803921568627451
65.74746203422546,0.0,0.11243544789737,0.03,1,1,1,0.0,0.3333333333333333,0.15,-1,-1,-1,1.0,1.0,-1.0,0.0,-0.3333333333333333,0.135,-1,-1,-1,0.356862745098039,0.694117647058824,0.803921568627451
65.78214120864868,0.0,0.1104105362399617,0.03,1,1,1,0.0,0.3333333333333333,0.15,-1,-1,-1,1.0,1.0,-1.0,0.0,-0.3333333333333333,0.135,-1,-1,-1,0.356862745098039,0.694117647058824,0.803921568627451
65.81689596176147,0.0,0.10838562458255341,0.03,1,1,1,0.0,0.3333333333333333,0.15,-1,-1,-1,1.0,1.0,-1.0,0.0,-0.3333333333333333,0.135,-1,-1,-1,0.356862745098039,0.694117647058824,0.803921568627451
65.85164880752563,0.0,0.10636071292514511,0.03,1,1,1,0.0,0.3333333333333333,0.15,-1,-1,-1,1.0,1.0,-1.0,0.0,-0.3333333333333333,0.135,-1,-1,-1,0.356862745098039,0.694117647058824,0.803921568627451
65.88631582260132,0.0,0.10433580126773681,0.03,1,1,1,0.0,0.3333333333333333,0.15,-1,-1,-1,1.0,1.0,-1.0,0.0,-0.3333333333333333,0.135,-1,-1,-1,0.356862745098039,0.694117647058824,0.803921568627451
65.92132544517517,0.0,0.10231088961032851,0.03,1,1,1,0.0,0.3333333333333333,0.15,-1,-1,-1,1.0,1.0,-1.0,0.0,-0.3333333333333333,0.135,-1,-1,-1,0.356862745098039,0.694117647058824,0.803921568627451
65.95599794387817,0.0,0.10028597795292021,0.03,1,1,1,0.0,0.3333333333333333,0.15,-1,-1,-1,1.0,1.0,-1.0,0.0,-0.3333333333333333,0.135,-1,-1,-1,0.356862745098039,0.694117647058824,0.803921568627451
65.99059104919434,0.0,0.09826106629551191,0.03,1,1,1,0.0,0.3333333333333333,0.15,-1,-1,-1,1.0,1.0,-1.0,0.0,-0.3333333333333333,0.135,-1,-1,-1,0.356862745098039,0.694117647058824,0.803921568627451
66.0248019695282,0.0,0.09623615463810362,0.03,1,1,1,0.0,0.3333333333333333,0.15,-1,-1,-1,1.0,1.0,-1.0,0.0,-0.3333333333333333,0.135,-1,-1,-1,0.356862745098039,0.694117647058824,0.803921568627451
66.05965113639832,0.0,0.09421124298069532,0.03,1,1,1,0.0,0.3333333333333333,0.15,-1,-1,-1,1.0,1.0,-1.0,0.0,-0.3333333333333333,0.135,-1,-1,-1,0.356862745098039,0.694117647058824,0.803921568627451
66.09434080123901,0.0,0.09218633132328702,0.03,1,1,1,0.0,0.3333333333333333,0.15,-1,-1,-1,1.0,1.0,-1.0,0.0,-0.3333333333333333,0.135,-1,-1,-1,0.356862745098039,0.694117647058824,0.803921568627451
66.12900424003601,0.0,0.09016141966587872,0.03,1,1,1,0.0,0.3333333333333333,0.15,-1,-1,-1,1.0,1.0,-1.0,0.0,-0.3333333333333333,0.135,-1,-1,-1,0.356862745098039,0.694117647058824,0.803921568627451
66.16362881660461,0.0,0.08813650800847042,0.03,1,1,1,0.0,0.3333333333333333,0.15,-1,-1,-1,1.0,1.0,-1.0,0.0,-0.3333333333333333,0.135,-1,-1,-1,0.356862745098039,0.694117647058824,0.803921568627451
66.1983950138092,0.0,0.08773152567698876,0.03,1,1,1,0.0,0.3333333333333333,0.15,-1,-1,-1,1.0,1.0,-1.0,0.0,-0.3333333333333333,0.135,-1,-1,-1,0.356862745098039,0.694117647058824,0.803921568627451
66.23287153244019,0.0,0.08773152567698876,0.03,1,1,1,0.0,0.3333333333333333,0.15,-1,-1,-1,1.0,1.0,-1.0,0.0,-0.3333333333333333,0.135,-1,-1,-1,0.356862745098039,0.694117647058824,0.803921568627451
66.26773834228516,0.0,0.08773152567698876,0.03,1,1,1,0.0,0.3333333333333333,0.15,-1,-1,-1,1.0,1.0,-1.0,0.0,-0.3333333333333333,0.135,-1,-1,-1,0.356862745098039,0.694117647058824,0.803921568627451
66.30224752426147,0.0,0.08773152567698876,0.03,1,1,1,0.0,0.3333333333333333,0.15,-1,-1,-1,1.0,1.0,-1.0,0.0,-0.3333333333333333,0.135,-1,-1,-1,0.356862745098039,0.694117647058824,0.803921568627451
66.33725166320801,0.0,0.08773152567698876,0.03,1,1,1,0.0,0.3333333333333333,0.15,-1,-1,-1,1.0,1.0,-1.0,0.0,-0.3333333333333333,0.135,-1,-1,-1,0.356862745098039,0.694117647058824,0.803921568627451
66.37189531326294,0.0,0.08773152567698876,0.03,1,1,1,0.0,0.3333333333333333,0.15,-1,-1,-1,1.0,1.0,-1.0,0.0,-0.3333333333333333,0.135,-1,-1,-1,0.356862745098039,0.694117647058824,0.803921568627451
66.4064781665802,0.0,0.08773152567698876,0.03,1,1,1,0.0,0.3333333333333333,0.15,-1,-1,-1,1.0,1.0,-1.0,0.0,-0.3333333333333333,0.135,-1,-1,-1,0.356862745098039,0.694117647058824,0.803921568627451
66.4409191608429,0.0,0.08773152567698876,0.03,1,1,1,0.0,0.3333333333333333,0.15,-1,-1,-1,1.0,1.0,-1.0,0.0,-0.3333333333333333,0.135,-1,-1,-1,0.356862745098039,0.694117647058824,0.803921568627451
66.47602558135986,0.0,0.08773152567698876,0.03,1,1,1,0.0,0.3333333333333333,0.15,-1,-1,-1,1.0,1.0,-1.0,0.0,-0.3333333333333333,0.135,-1,-1,-1,0.356862745098039,0.694117647058824,0.803921568627451
66.51081275939941,0.0,0.08773152567698876,0.03,1,1,1,0.0,0.3333333333333333,0.15,-1,-1,-1,1.0,1.0,-1.0,0.0,-0.3333333333333333,0.135,-1,-1,-1,0.356862745098039,0.694117647058824,0.803921568627451
66.54543375968933,0.0,0.08773152567698876,0.03,1,1,1,0.0,0.3333333333333333,0.15,-1,-1,-1,1.0,1.0,-1.0,0.0,-0.3333333333333333,0.135,-1,-1,-1,0.356862745098039,0.694117647058824,0.803921568627451
66.5802845954895,0.0,0.08773152567698876,0.03,1,1,1,0.0,0.3333333333333333,0.15,-1,-1,-1,1.0,1.0,-1.0,0.0,-0.3333333333333333,0.135,-1,-1,-1,0.356862745098039,0.694117647058824,0.803921568627451
66.61523914337158,0.0,0.08773152567698876,0.03,1,1,1,0.0,0.3333333333333333,0.15,-1,-1,-1,1.0,1.0,-1.0,0.0,-0.3333333333333333,0.135,-1,-1,-1,0.356862745098039,0.694117647058824,0.803921568627451
66.64963555335999,0.0,0.08773152567698876,0.03,1,1,1,0.0,0.3333333333333333,0.15,-1,-1,-1,1.0,1.0,-1.0,0.0,-0.3333333333333333,0.135,-1,-1,-1,0.356862745098039,0.694117647058824,0.803921568627451
66.68432879447937,0.0,0.08773152567698876,0.03,1,1,1,0.0,0.3333333333333333,0.15,-1,-1,-1,1.0,1.0,-1.0,0.0,-0.3333333333333333,0.135,-1,-1,-1,0.356862745098039,0.694117647058824,0.803921568627451
66.71891713142395,0.0,0.08773152567698876,0.03,1,1,1,0.0,0.3333333333333333,0.15,-1,-1,-1,1.0,1.0,-1.0,0.0,-0.3333333333333333,0.135,-1,-1,-1,0.356862745098039,0.694117647058824,0.803921568627451
66.75355267524719,0.0,0.08773152567698876,0.03,1,1,1,0.0,0.3333333333333333,0.15,-1,-1,-1,1.0,1.0,-1.0,0.0,-0.3333333333333333,0.135,-1,-1,-1,0.356862745098039,0.694117647058824,0.803921568627451
66.78844451904297,0.0,0.08773152567698876,0.03,1,1,1,0.0,0.3333333333333333,0.15,-1,-1,-1,1.0,1.0,-1.0,0.0,-0.3333333333333333,0.135,-1,-1,-1,0.356862745098039,0.694117647058824,0.803921568627451
66.8234121799469,0.0,0.08773152567698876,0.03,1,1,1,0.0,0.3333333333333333,0.15,-1,-1,-1,1.0,1.0,-1.0,0.0,-0.3333333333333333,0.135,-1,-1,-1,0.356862745098039,0.694117647058824,0.803921568627451
66.85764002799988,0.0,0.08773152567698876,0.03,1,1,1,0.0,0.3333333333333333,0.15,-1,-1,-1,1.0,1.0,-1.0,0.0,-0.3333333333333333,0.135,-1,-1,-1,0.356862745098039,0.694117647058824,0.803921568627451
66.89217638969421,0.0,0.08773152567698876,0.03,1,1,1,0.0,0.3333333333333333,0.15,-1,-1,-1,1.0,1.0,-1.0,0.0,-0.3333333333333333,0.135,-1,-1,-1,0.356862745098039,0.694117647058824,0.803921568627451
66.92696285247803,0.0,0.08773152567698876,0.03,1,1,1,0.0,0.3333333333333333,0.15,-1,-1,-1,1.0,1.0,-1.0,0.0,-0.3333333333333333,0.135,-1,-1,-1,0.356862745098039,0.694117647058824,0.803921568627451
66.96232080459595,0.0,0.08773152567698876,0.03,1,1,1,0.0,0.3333333333333333,0.15,-1,-1,-1,1.0,1.0,-1.0,0.0,-0.3333333333333333,0.135,-1,-1,-1,0.356862745098039,0.694117647058824,0.803921568627451
66.99625158309937,0.0,0.08773152567698876,0.03,1,1,1,0.0,0.3333333333333333,0.15,-1,-1,-1,1.0,1.0,-1.0,0.0,-0.3333333333333333,0.135,-1,-1,-1,0.356862745098039,0.694117647058824,0.803921568627451
67.03177165985107,0.0,0.08773152567698876,0.03,1,1,1,0.0,0.3333333333333333,0.15,-1,-1,-1,1.0,1.0,-1.0,0.0,-0.3333333333333333,0.135,-1,-1,-1,0.356862745098039,0.694117647058824,0.803921568627451
67.06579852104187,0.0,0.08773152567698876,0.03,1,1,1,0.0,0.3333333333333333,0.15,-1,-1,-1,1.0,1.0,-1.0,0.0,-0.3333333333333333,0.135,-1,-1,-1,0.356862745098039,0.694117647058824,0.803921568627451
67.1003885269165,0.0,0.08773152567698876,0.03,1,1,1,0.0,0.3333333333333333,0.15,-1,-1,-1,1.0,1.0,-1.0,0.0,-0.3333333333333333,0.135,-1,-1,-1,0.356862745098039,0.694117647058824,0.803921568627451
67.13517093658447,0.0,0.08773152567698876,0.03,1,1,1,0.0,0.3333333333333333,0.15,-1,-1,-1,1.0,1.0,-1.0,0.0,-0.3333333333333333,0.135,-1,-1,-1,0.356862745098039,0.694117647058824,0.803921568627451
67.16995310783386,0.0,0.08773152567698876,0.03,1,1,1,0.0,0.3333333333333333,0.15,-1,-1,-1,1.0,1.0,-1.0,0.0,-0.3333333333333333,0.135,-1,-1,-1,0.356862745098039,0.694117647058824,0.803921568627451
67.20463538169861,0.0,0.08773152567698876,0.03,1,1,1,0.0,0.3333333333333333,0.15,-1,-1,-1,1.0,1.0,-1.0,0.0,-0.3333333333333333,0.135,-1,-1,-1,0.356862745098039,0.694117647058824,0.803921568627451
67.23939681053162,0.0,0.08773152567698876,0.03,1,1,1,0.0,0.3333333333333333,0.15,-1,-1,-1,1.0,1.0,-1.0,0.0,-0.3333333333333333,0.135,-1,-1,-1,0.356862745098039,0.694117647058824,0.803921568627451
67.27446150779724,0.0,0.08773152567698876,0.03,1,1,1,0.0,0.3333333333333333,0.15,-1,-1,-1,1.0,1.0,-1.0,0.0,-0.3333333333333333,0.135,-1,-1,-1,0.356862745098039,0.694117647058824,0.803921568627451
67.3094003200531,0.0,0.08773152567698876,0.03,1,1,1,0.0,0.3333333333333333,0.15,-1,-1,-1,1.0,1.0,-1.0,0.0,-0.3333333333333333,0.135,-1,-1,-1,0.356862745098039,0.694117647058824,0.803921568627451
67.34417748451233,0.0,0.08773152567698876,0.03,1,1,1,0.0,0.3333333333333333,0.15,-1,-1,-1,1.0,1.0,-1.0,0.0,-0.3333333333333333,0.135,-1,-1,-1,0.356862745098039,0.694117647058824,0.803921568627451
67.37926030158997,0.0,0.08795889633609841,0.03,1,1,1,0.0,0.3333333333333333,0.15,-1,-1,-1,1.0,1.0,-1.0,0.0,-0.3333333333333333,0.135,-1,-1,-1,0.356862745098039,0.694117647058824,0.803921568627451
67.41325235366821,0.0,0.08909574963164664,0.03,1,1,1,0.0,0.3333333333333333,0.15,-1,-1,-1,1.0,1.0,-1.0,0.0,-0.3333333333333333,0.135,-1,-1,-1,0.356862745098039,0.694117647058824,0.803921568627451
67.44838690757751,0.0,0.09023260292719487,0.03,1,1,1,0.0,0.3333333333333333,0.15,-1,-1,-1,1.0,1.0,-1.0,0.0,-0.3333333333333333,0.135,-1,-1,-1,0.356862745098039,0.694117647058824,0.803921568627451
67.48301076889038,0.0,0.0913694562227431,0.03,1,1,1,0.0,0.3333333333333333,0.15,-1,-1,-1,1.0,1.0,-1.0,0.0,-0.3333333333333333,0.135,-1,-1,-1,0.356862745098039,0.694117647058824,0.803921568627451
67.51775622367859,0.0,0.09250630951829134,0.03,1,1,1,0.0,0.3333333333333333,0.15,-1,-1,-1,1.0,1.0,-1.0,0.0,-0.3333333333333333,0.135,-1,-1,-1,0.356862745098039,0.694117647058824,0.803921568627451
67.55231404304504,0.0,0.09364316281383957,0.03,1,1,1,0.0,0.3333333333333333,0.15,-1,-1,-1,1.0,1.0,-1.0,0.0,-0.3333333333333333,0.135,-1,-1,-1,0.356862745098039,0.694117647058824,0.803921568627451
67.58730220794678,0.0,0.0947800161093878,0.03,1,1,1,0.0,0.3333333333333333,0.15,-1,-1,-1,1.0,1.0,-1.0,0.0,-0.3333333333333333,0.135,-1,-1,-1,0.356862745098039,0.694117647058824,0.803921568627451
67.62183260917664,0.0,0.09591686940493603,0.03,1,1,1,0.0,0.3333333333333333,0.15,-1,-1,-1,1.0,1.0,-1.0,0.0,-0.3333333333333333,0.135,-1,-1,-1,0.356862745098039,0.694117647058824,0.803921568627451
67.6564040184021,0.0,0.09705372270048426,0.03,1,1,1,0.0,0.3333333333333333,0.15,-1,-1,-1,1.0,1.0,-1.0,0.0,-0.3333333333333333,0.135,-1,-1,-1,0.356862745098039,0.694117647058824,0.803921568627451
67.69090723991394,0.0,0.0981905759960325,0.03,1,1,1,0.0,0.3333333333333333,0.15,-1,-1,-1,1.0,1.0,-1.0,0.0,-0.3333333333333333,0.135,-1,-1,-1,0.356862745098039,0.694117647058824,0.803921568627451
67.7254912853241,0.0,0.09932742929158073,0.03,1,1,1,0.0,0.3333333333333333,0.15,-1,-1,-1,1.0,1.0,-1.0,0.0,-0.3333333333333333,0.135,-1,-1,-1,0.356862745098039,0.694117647058824,0.803921568627451
67.76075029373169,0.0,0.10046428258712896,0.03,1,1,1,0.0,0.3333333333333333,0.15,-1,-1,-1,1.0,1.0,-1.0,0.0,-0.3333333333333333,0.135,-1,-1,-1,0.356862745098039,0.694117647058824,0.803921568627451
67.79589176177979,0.0,0.10160113588267719,0.03,1,1,1,0.0,0.3333333333333333,0.15,-1,-1,-1,1.0,1.0,-1.0,0.0,-0.3333333333333333,0.135,-1,-1,-1,0.356862745098039,0.694117647058824,0.803921568627451
67.82989048957825,0.0,0.10273798917822542,0.03,1,1,1,0.0,0.3333333333333333,0.15,-1,-1,-1,1.0,1.0,-1.0,0.0,-0.3333333333333333,0.135,-1,-1,-1,0.356862745098039,0.694117647058824,0.803921568627451
67.86437201499939,0.0,0.10387484247377365,0.03,1,1,1,0.0,0.3333333333333333,0.15,-1,-1,-1,1.0,1.0,-1.0,0.0,-0.3333333333333333,0.135,-1,-1,-1,0.356862745098039,0.694117647058824,0.803921568627451
67.89909029006958,0.0,0.10501169576932189,0.03,1,1,1,0.0,0.3333333333333333,0.15,-1,-1,-1,1.0,1.0,-1.0,0.0,-0.3333333333333333,0.135,-1,-1,-1,0.356862745098039,0.694117647058824,0.803921568627451
67.93332624435425,0.0,0.10614854906487012,0.03,1,1,1,0.0,0.3333333333333333,0.15,-1,-1,-1,1.0,1.0,-1.0,0.0,-0.3333333333333333,0.135,-1,-1,-1,0.356862745098039,0.694117647058824,0.803921568627451
67.96801614761353,0.0,0.10728540236041835,0.03,1,1,1,0.0,0.3333333333333333,0.15,-1,-1,-1,1.0,1.0,-1.0,0.0,-0.3333333333333333,0.135,-1,-1,-1,0.356862745098039,0.694117647058824,0.803921568627451
68.00255632400513,0.0,0.10842225565596658,0.03,1,1,1,0.0,0.3333333333333333,0.15,-1,-1,-1,1.0,1.0,-1.0,0.0,-0.3333333333333333,0.135,-1,-1,-1,0.356862745098039,0.694117647058824,0.803921568627451
68.03736543655396,0.0,0.10955910895151481,0.03,1,1,1,0.0,0.3333333333333333,0.15,-1,-1,-1,1.0,1.0,-1.0,0.0,-0.3333333333333333,0.135,-1,-1,-1,0.356862745098039,0.694117647058824,0.803921568627451
68.07209777832031,0.0,0.11069596224706305,0.03,1,1,1,0.0,0.3333333333333333,0.15,-1,-1,-1,1.0,1.0,-1.0,0.0,-0.3333333333333333,0.135,-1,-1,-1,0.356862745098039,0.694117647058824,0.803921568627451
68.10675239562988,0.0,0.11183281554261128,0.03,1,1,1,0.0,0.3333333333333333,0.15,-1,-1,-1,1.0,1.0,-1.0,0.0,-0.3333333333333333,0.135,-1,-1,-1,0.356862745098039,0.694117647058824,0.803921568627451
68.1415684223175,0.0,0.11296966883815951,0.03,1,1,1,0.0,0.3333333333333333,0.15,-1,-1,-1,1.0,1.0,-1.0,0.0,-0.3333333333333333,0.135,-1,-1,-1,0.356862745098039,0.694117647058824,0.803921568627451
68.17649483680725,0.0,0.11410652213370774,0.03,1,1,1,0.0,0.3333333333333333,0.15,-1,-1,-1,1.0,1.0,-1.0,0.0,-0.3333333333333333,0.135,-1,-1,-1,0.356862745098039,0.694117647058824,0.803921568627451
68.21189475059509,0.0,0.11524337542925597,0.03,1,1,1,0.0,0.3333333333333333,0.15,-1,-1,-1,1.0,1.0,-1.0,0.0,-0.3333333333333333,0.135,-1,-1,-1,0.356862745098039,0.694117647058824,0.803921568627451
68.24670028686523,0.0,0.1163802287248042,0.03,1,1,1,0.0,0.3333333333333333,0.15,-1,-1,-1,1.0,1.0,-1.0,0.0,-0.3333333333333333,0.135,-1,-1,-1,0.356862745098039,0.694117647058824,0.803921568627451
68.28148245811462,0.0,0.11751708202035244,0.03,1,1,1,0.0,0.3333333333333333,0.15,-1,-1,-1,1.0,1.0,-1.0,0.0,-0.3333333333333333,0.135,-1,-1,-1,0.356862745098039,0.694117647058824,0.803921568627451
68.31610083580017,0.0,0.11865393531590065,0.03,1,1,1,0.0,0.3333333333333333,0.15,-1,-1,-1,1.0,1.0,-1.0,0.0,-0.3333333333333333,0.135,-1,-1,-1,0.356862745098039,0.694117647058824,0.803921568627451
68.35070538520813,0.0,0.11979078861144885,0.03,1,1,1,0.0,0.3333333333333333,0.15,-1,-1,-1,1.0,1.0,-1.0,0.0,-0.3333333333333333,0.135,-1,-1,-1,0.356862745098039,0.694117647058824,0.803921568627451
68.38499021530151,0.0,0.12092764190699704,0.03,1,1,1,0.0,0.3333333333333333,0.15,-1,-1,-1,1.0,1.0,-1.0,0.0,-0.3333333333333333,0.135,-1,-1,-1,0.356862745098039,0.694117647058824,0.803921568627451
68.42011547088623,0.0,0.12206449520254521,0.03,1,1,1,0.0,0.3333333333333333,0.15,-1,-1,-1,1.0,1.0,-1.0,0.0,-0.3333333333333333,0.135,-1,-1,-1,0.356862745098039,0.694117647058824,0.803921568627451
68.45483040809631,0.0,0.12320134849809339,0.03,1,1,1,0.0,0.3333333333333333,0.15,-1,-1,-1,1.0,1.0,-1.0,0.0,-0.3333333333333333,0.135,-1,-1,-1,0.356862745098039,0.694117647058824,0.803921568627451
68.48980188369751,0.0,0.12433820179364158,0.03,1,1,1,0.0,0.3333333333333333,0.15,-1,-1,-1,1.0,1.0,-1.0,0.0,-0.3333333333333333,0.135,-1,-1,-1,0.356862745098039,0.694117647058824,0.803921568627451
68.52456545829773,0.0,0.12547505508918982,0.03,1,1,1,0.0,0.3333333333333333,0.15,-1,-1,-1,1.0,1.0,-1.0,0.0,-0.3333333333333333,0.135,-1,-1,-1,0.356862745098039,0.694117647058824,0.803921568627451
68.55911946296692,0.0,0.12661190838473813,0.03,1,1,1,0.0,0.3333333333333333,0.15,-1,-1,-1,1.0,1.0,-1.0,0.0,-0.3333333333333333,0.135,-1,-1,-1,0.356862745098039,0.694117647058824,0.803921568627451
68.5941333770752,0.0,0.12746798305722015,0.03,1,1,1,0.0,0.3333333333333333,0.15,-1,-1,-1,1.0,1.0,-1.0,0.0,-0.3333333333333333,0.135,-1,-1,-1,0.356862745098039,0.694117647058824,0.803921568627451
68.62851619720459,0.0,0.12813687198099133,0.03,1,1,1,0.0,0.3333333333333333,0.15,-1,-1,-1,1.0,1.0,-1.0,0.0,-0.3333333333333333,0.135,-1,-1,-1,0.356862745098039,0.694117647058824,0.803921568627451
68.66328620910645,0.0,0.1288057609047625,0.03,1,1,1,0.0,0.3333333333333333,0.15,-1,-1,-1,1.0,1.0,-1.0,0.0,-0.3333333333333333,0.135,-1,-1,-1,0.356862745098039,0.694117647058824,0.803921568627451
68.69802856445312,0.0,0.12947464982853368,0.03,1,1,1,0.0,0.3333333333333333,0.15,-1,-1,-1,1.0,1.0,-1.0,0.0,-0.3333333333333333,0.135,-1,-1,-1,0.356862745098039,0.694117647058824,0.803921568627451
68.73272395133972,0.0,0.13014353875230486,0.03,1,1,1,0.0,0.3333333333333333,0.15,-1,-1,-1,1.0,1.0,-1.0,0.0,-0.3333333333333333,0.135,-1,-1,-1,0.356862745098039,0.694117647058824,0.803921568627451
68.76828336715698,0.0,0.13081242767607604,0.03,1,1,1,0.0,0.3333333333333333,0.15,-1,-1,-1,1.0,1.0,-1.0,0.0,-0.3333333333333333,0.135,-1,-1,-1,0.356862745098039,0.694117647058824,0.803921568627451
68.8021559715271,0.0,0.13148131659984721,0.03,1,1,1,0.0,0.3333333333333333,0.15,-1,-1,-1,1.0,1.0,-1.0,0.0,-0.3333333333333333,0.135,-1,-1,-1,0.356862745098039,0.694117647058824,0.803921568627451
68.83746075630188,0.0,0.1321502055236184,0.03,1,1,1,0.0,0.3333333333333333,0.15,-1,-1,-1,1.0,1.0,-1.0,0.0,-0.3333333333333333,0.135,-1,-1,-1,0.356862745098039,0.694117647058824,0.803921568627451
68.87209916114807,0.0,0.13281909444738957,0.03,1,1,1,0.0,0.3333333333333333,0.15,-1,-1,-1,1.0,1.0,-1.0,0.0,-0.3333333333333333,0.135,-1,-1,-1,0.356862745098039,0.694117647058824,0.803921568627451
68.9074456691742,0.0,0.13348798337116075,0.03,1,1,1,0.0,0.3333333333333333,0.15,-1,-1,-1,1.0,1.0,-1.0,0.0,-0.3333333333333333,0.135,-1,-1,-1,0.356862745098039,0.694117647058824,0.803921568627451
68.94118070602417,0.0,0.13415687229493192,0.03,1,1,1,0.0,0.3333333333333333,0.15,-1,-1,-1,1.0,1.0,-1.0,0.0,-0.3333333333333333,0.135,-1,-1,-1,0.356862745098039,0.694117647058824,0.803921568627451
68.97608160972595,0.0,0.1348257612187031,0.03,1,1,1,0.0,0.3333333333333333,0.15,-1,-1,-1,1.0,1.0,-1.0,0.0,-0.3333333333333333,0.135,-1,-1,-1,0.356862745098039,0.694117647058824,0.803921568627451
69.0106873512268,0.0,0.13549465014247428,0.03,1,1,1,0.0,0.3333333333333333,0.15,-1,-1,-1,1.0,1.0,-1.0,0.0,-0.3333333333333333,0.135,-1,-1,-1,0.356862745098039,0.694117647058824,0.803921568627451
69.04545760154724,0.0,0.13616353906624545,0.03,1,1,1,0.0,0.3333333333333333,0.15,-1,-1,-1,1.0,1.0,-1.0,0.0,-0.3333333333333333,0.135,-1,-1,-1,0.356862745098039,0.694117647058824,0.803921568627451
69.08027052879333,0.0,0.13683242799001663,0.03,1,1,1,0.0,0.3333333333333333,0.15,-1,-1,-1,1.0,1.0,-1.0,0.0,-0.3333333333333333,0.135,-1,-1,-1,0.356862745098039,0.694117647058824,0.803921568627451
69.11482763290405,0.0,0.1375013169137878,0.03,1,1,1,0.0,0.3333333333333333,0.15,-1,-1,-1,1.0,1.0,-1.0,0.0,-0.3333333333333333,0.135,-1,-1,-1,0.356862745098039,0.694117647058824,0.803921568627451
69.14911437034607,0.0,0.13817020583755898,0.03,1,1,1,0.0,0.3333333333333333,0.15,-1,-1,-1,1.0,1.0,-1.0,0.0,-0.3333333333333333,0.135,-1,-1,-1,0.356862745098039,0.694117647058824,0.803921568627451
69.18446707725525,0.0,0.13883909476133016,0.03,1,1,1,0.0,0.3333333333333333,0.15,-1,-1,-1,1.0,1.0,-1.0,0.0,-0.3333333333333333,0.135,-1,-1,-1,0.356862745098039,0.694117647058824,0.803921568627451
69.21863222122192,0.0,0.13950798368510134,0.03,1,1,1,0.0,0.3333333333333333,0.15,-1,-1,-1,1.0,1.0,-1.0,0.0,-0.3333333333333333,0.135,-1,-1,-1,0.356862745098039,0.694117647058824,0.803921568627451
69.25337362289429,0.0,0.14017687260887252,0.03,1,1,1,0.0,0.3333333333333333,0.15,-1,-1,-1,1.0,1.0,-1.0,0.0,-0.3333333333333333,0.135,-1,-1,-1,0.356862745098039,0.694117647058824,0.803921568627451
69.28861260414124,0.0,0.1408457615326437,0.03,1,1,1,0.0,0.3333333333333333,0.15,-1,-1,-1,1.0,1.0,-1.0,0.0,-0.3333333333333333,0.135,-1,-1,-1,0.356862745098039,0.694117647058824,0.803921568627451
69.32346296310425,0.0,0.14151465045641487,0.03,1,1,1,0.0,0.3333333333333333,0.15,-1,-1,-1,1.0,1.0,-1.0,0.0,-0.3333333333333333,0.135,-1,-1,-1,0.356862745098039,0.694117647058824,0.803921568627451
69.35771560668945,0.0,0.14218353938018605,0.03,1,1,1,0.0,0.3333333333333333,0.15,-1,-1,-1,1.0,1.0,-1.0,0.0,-0.3333333333333333,0.135,-1,-1,-1,0.356862745098039,0.694117647058824,0.803921568627451
69.3921971321106,0.0,0.14285242830395722,0.03,1,1,1,0.0,0.3333333333333333,0.15,-1,-1,-1,1.0,1.0,-1.0,0.0,-0.3333333333333333,0.135,-1,-1,-1,0.356862745098039,0.694117647058824,0.803921568627451
69.42686653137207,0.0,0.1435213172277284,0.03,1,1,1,0.0,0.3333333333333333,0.15,-1,-1,-1,1.0,1.0,-1.0,0.0,-0.3333333333333333,0.135,-1,-1,-1,0.356862745098039,0.694117647058824,0.803921568627451
69.46205973625183,0.0,0.14419020615149958,0.03,1,1,1,0.0,0.3333333333333333,0.15,-1,-1,-1,1.0,1.0,-1.0,0.0,-0.3333333333333333,0.135,-1,-1,-1,0.356862745098039,0.694117647058824,0.803921568627451
69.49673008918762,0.0,0.14485909507527076,0.03,1,1,1,0.0,0.3333333333333333,0.15,-1,-1,-1,1.0,1.0,-1.0,0.0,-0.3333333333333333,0.135,-1,-1,-1,0.356862745098039,0.694117647058824,0.803921568627451
69.53188157081604,0.0,0.14552798399904193,0.03,1,1,1,0.0,0.3333333333333333,0.15,-1,-1,-1,1.0,1.0,-1.0,0.0,-0.3333333333333333,0.135,-1,-1,-1,0.356862745098039,0.694117647058824,0.803921568627451
69.56626152992249,0.0,0.1461968729228131,0.03,1,1,1,0.0,0.3333333333333333,0.15,-1,-1,-1,1.0,1.0,-1.0,0.0,-0.3333333333333333,0.135,-1,-1,-1,0.356862745098039,0.694117647058824,0.803921568627451
69.6011381149292,0.0,0.1468657618465843,0.03,1,1,1,0.0,0.3333333333333333,0.15,-1,-1,-1,1.0,1.0,-1.0,0.0,-0.3333333333333333,0.135,-1,-1,-1,0.356862745098039,0.694117647058824,0.803921568627451
69.63522529602051,0.0,0.14753465077035546,0.03,1,1,1,0.0,0.3333333333333333,0.15,-1,-1,-1,1.0,1.0,-1.0,0.0,-0.3333333333333333,0.135,-1,-1,-1,0.356862745098039,0.694117647058824,0.803921568627451
69.67016673088074,0.0,0.14820353969412664,0.03,1,1,1,0.0,0.3333333333333333,0.15,-1,-1,-1,1.0,1.0,-1.0,0.0,-0.3333333333333333,0.135,-1,-1,-1,0.356862745098039,0.694117647058824,0.803921568627451
69.70527029037476,0.0,0.14887242861789782,0.03,1,1,1,0.0,0.3333333333333333,0.15,-1,-1,-1,1.0,1.0,-1.0,0.0,-0.3333333333333333,0.135,-1,-1,-1,0.356862745098039,0.694117647058824,0.803921568627451
69.73959183692932,0.0,0.149541317541669,0.03,1,1,1,0.0,0.3333333333333333,0.15,-1,-1,-1,1.0,1.0,-1.0,0.0,-0.3333333333333333,0.135,-1,-1,-1,0.356862745098039,0.694117647058824,0.803921568627451
69.77434086799622,0.0,0.15021020646544017,0.03,1,1,1,0.0,0.3333333333333333,0.15,-1,-1,-1,1.0,1.0,-1.0,0.0,-0.3333333333333333,0.135,-1,-1,-1,0.356862745098039,0.694117647058824,0.803921568627451
69.80975365638733,0.0,0.15583037413300008,0.03,1,1,1,0.0,0.3333333333333333,0.15,-1,-1,-1,1.0,1.0,-1.0,0.0,-0.3333333333333333,0.135,-1,-1,-1,0.356862745098039,0.694117647058824,0.803921568627451
69.84462594985962,0.0,0.16145054180055998,0.03,1,1,1,0.0,0.3333333333333333,0.15,-1,-1,-1,1.0,1.0,-1.0,0.0,-0.3333333333333333,0.135,-1,-1,-1,0.356862745098039,0.694117647058824,0.803921568627451
69.87876582145691,0.0,0.1670707094681199,0.03,1,1,1,0.0,0.3333333333333333,0.15,-1,-1,-1,1.0,1.0,-1.0,0.0,-0.3333333333333333,0.135,-1,-1,-1,0.356862745098039,0.694117647058824,0.803921568627451
69.91324353218079,0.0,0.1726908771356798,0.03,1,1,1,0.0,0.3333333333333333,0.15,-1,-1,-1,1.0,1.0,-1.0,0.0,-0.3333333333333333,0.135,-1,-1,-1,0.356862745098039,0.694117647058824,0.803921568627451
69.94810461997986,0.0,0.1783110448032397,0.03,1,1,1,0.0,0.3333333333333333,0.15,-1,-1,-1,1.0,1.0,-1.0,0.0,-0.3333333333333333,0.135,-1,-1,-1,0.356862745098039,0.694117647058824,0.803921568627451
69.98314142227173,0.0,0.1839312124707996,0.03,1,1,1,0.0,0.3333333333333333,0.15,-1,-1,-1,1.0,1.0,-1.0,0.0,-0.3333333333333333,0.135,-1,-1,-1,0.356862745098039,0.694117647058824,0.803921568627451
70.01808953285217,0.0,0.1895513801383595,0.03,1,1,1,0.0,0.3333333333333333,0.15,-1,-1,-1,1.0,1.0,-1.0,0.0,-0.3333333333333333,0.135,-1,-1,-1,0.356862745098039,0.694117647058824,0.803921568627451
70.05215072631836,0.0,0.19517154780591942,0.03,1,1,1,0.0,0.3333333333333333,0.15,-1,-1,-1,1.0,1.0,-1.0,0.0,-0.3333333333333333,0.135,-1,-1,-1,0.356862745098039,0.694117647058824,0.803921568627451
70.08738780021667,0.0,0.20079171547347932,0.03,1,1,1,0.0,0.3333333333333333,0.15,-1,-1,-1,1.0,1.0,-1.0,0.0,-0.3333333333333333,0.135,-1,-1,-1,0.356862745098039,0.694117647058824,0.803921568627451
70.12145709991455,0.0,0.20641188314103923,0.03,1,1,1,0.0,0.3333333333333333,0.15,-1,-1,-1,1.0,1.0,-1.0,0.0,-0.3333333333333333,0.135,-1,-1,-1,0.356862745098039,0.694117647058824,0.803921568627451
70.15609073638916,0.0,0.21203205080859913,0.03,1,1,1,0.0,0.3333333333333333,0.15,-1,-1,-1,1.0,1.0,-1.0,0.0,-0.3333333333333333,0.135,-1,-1,-1,0.356862745098039,0.694117647058824,0.803921568627451
70.19150018692017,0.0,0.21765221847615904,0.03,1,1,1,0.0,0.3333333333333333,0.15,-1,-1,-1,1.0,1.0,-1.0,0.0,-0.3333333333333333,0.135,-1,-1,-1,0.356862745098039,0.694117647058824,0.803921568627451
70.22581839561462,0.0,0.22327238614371894,0.03,1,1,1,0.0,0.3333333333333333,0.15,-1,-1,-1,1.0,1.0,-1.0,0.0,-0.3333333333333333,0.135,-1,-1,-1,0.356862745098039,0.694117647058824,0.803921568627451
70.26030015945435,0.0,0.22889255381127885,0.03,1,1,1,0.0,0.3333333333333333,0.15,-1,-1,-1,1.0,1.0,-1.0,0.0,-0.3333333333333333,0.135,-1,-1,-1,0.356862745098039,0.694117647058824,0.803921568627451
70.29541540145874,0.0,0.23451272147883875,0.03,1,1,1,0.0,0.3333333333333333,0.15,-1,-1,-1,1.0,1.0,-1.0,0.0,-0.3333333333333333,0.135,-1,-1,-1,0.356862745098039,0.694117647058824,0.803921568627451
70.32983589172363,0.0,0.24013288914639858,0.03,1,1,1,0.0,0.3333333333333333,0.15,-1,-1,-1,1.0,1.0,-1.0,0.0,-0.3333333333333333,0.135,-1,-1,-1,0.356862745098039,0.694117647058824,0.803921568627451
70.36521410942078,0.0,0.24575305681395854,0.03,1,1,1,0.0,0.3333333333333333,0.15,-1,-1,-1,1.0,1.0,-1.0,0.0,-0.3333333333333333,0.135,-1,-1,-1,0.356862745098039,0.694117647058824,0.803921568627451
70.3996684551239,0.0,0.2513732244815185,0.03,1,1,1,0.0,0.3333333333333333,0.15,-1,-1,-1,1.0,1.0,-1.0,0.0,-0.3333333333333333,0.135,-1,-1,-1,0.356862745098039,0.694117647058824,0.803921568627451
70.43416047096252,0.0,0.2569933921490784,0.03,1,1,1,0.0,0.3333333333333333,0.15,-1,-1,-1,1.0,1.0,-1.0,0.0,-0.3333333333333333,0.135,-1,-1,-1,0.356862745098039,0.694117647058824,0.803921568627451
70.46861720085144,0.0,0.2626135598166383,0.03,1,1,1,0.0,0.3333333333333333,0.15,-1,-1,-1,1.0,1.0,-1.0,0.0,-0.3333333333333333,0.135,-1,-1,-1,0.356862745098039,0.694117647058824,0.803921568627451
70.50351095199585,0.0,0.2682337274841982,0.03,1,1,1,0.0,0.3333333333333333,0.15,-1,-1,-1,1.0,1.0,-1.0,0.0,-0.3333333333333333,0.135,-1,-1,-1,0.356862745098039,0.694117647058824,0.803921568627451
70.53827285766602,0.0,0.2738538951517581,0.03,1,1,1,0.0,0.3333333333333333,0.15,-1,-1,-1,1.0,1.0,-1.0,0.0,-0.3333333333333333,0.135,-1,-1,-1,0.356862745098039,0.694117647058824,0.803921568627451
70.57285189628601,0.0,0.279474062819318,0.03,1,1,1,0.0,0.3333333333333333,0.15,-1,-1,-1,1.0,1.0,-1.0,0.0,-0.3333333333333333,0.135,-1,-1,-1,0.356862745098039,0.694117647058824,0.803921568627451
70.60742521286011,0.0,0.28509423048687793,0.03,1,1,1,0.0,0.3333333333333333,0.15,-1,-1,-1,1.0,1.0,-1.0,0.0,-0.3333333333333333,0.135,-1,-1,-1,0.356862745098039,0.694117647058824,0.803921568627451
70.64213871955872,0.0,0.29071439815443784,0.03,1,1,1,0.0,0.3333333333333333,0.15,-1,-1,-1,1.0,1.0,-1.0,0.0,-0.3333333333333333,0.135,-1,-1,-1,0.356862745098039,0.694117647058824,0.803921568627451
70.67742919921875,0.0,0.29633456582199774,0.03,1,1,1,0.0,0.3333333333333333,0.15,-1,-1,-1,1.0,1.0,-1.0,0.0,-0.3333333333333333,0.135,-1,-1,-1,0.356862745098039,0.694117647058824,0.803921568627451
70.7124400138855,0.0,0.30195473348955765,0.03,1,1,1,0.0,0.3333333333333333,0.15,-1,-1,-1,1.0,1.0,-1.0,0.0,-0.3333333333333333,0.135,-1,-1,-1,0.356862745098039,0.694117647058824,0.803921568627451
70.74664878845215,0.0,0.30757490115711755,0.03,1,1,1,0.0,0.3333333333333333,0.15,-1,-1,-1,1.0,1.0,-1.0,0.0,-0.3333333333333333,0.135,-1,-1,-1,0.356862745098039,0.694117647058824,0.803921568627451
70.78187942504883,0.0,0.31319506882467746,0.03,1,1,1,0.0,0.3333333333333333,0.15,-1,-1,-1,1.0,1.0,-1.0,0.0,-0.3333333333333333,0.135,-1,-1,-1,0.356862745098039,0.694117647058824,0.803921568627451
70.81696796417236,0.0,0.31881523649223736,0.03,1,1,1,0.0,0.3333333333333333,0.15,-1,-1,-1,1.0,1.0,-1.0,0.0,-0.3333333333333333,0.135,-1,-1,-1,0.356862745098039,0.694117647058824,0.803921568627451
70.85107803344727,0.0,0.32443540415979727,0.03,1,1,1,0.0,0.3333333333333333,0.15,-1,-1,-1,1.0,1.0,-1.0,0.0,-0.3333333333333333,0.135,-1,-1,-1,0.356862745098039,0.694117647058824,0.803921568627451
70.88545155525208,0.0,0.3300555718273572,0.03,1,1,1,0.0,0.3333333333333333,0.15,-1,-1,-1,1.0,1.0,-1.0,0.0,-0.3333333333333333,0.135,-1,-1,-1,0.356862745098039,0.694117647058824,0.803921568627451
70.92051434516907,0.0,0.3334276724278931,0.03,1,1,1,0.0,0.3333333333333333,0.15,-1,-1,-1,1.0,1.0,-1.0,0.0,-0.3333333333333333,0.135,-1,-1,-1,0.356862745098039,0.694117647058824,0.803921568627451
70.95523810386658,0.0,0.3334276724278931,0.03,1,1,1,0.0,0.3333333333333333,0.15,-1,-1,-1,1.0,1.0,-1.0,0.0,-0.3333333333333333,0.135,-1,-1,-1,0.356862745098039,0.694117647058824,0.803921568627451
70.99113345146179,0.0,0.0,0.03,1,1,1,0.0,0.3333333333333333,0.135,1,1,1,1.0,1.0,-1.0,0.0,-0.3333333333333333,0.135,-1,-1,-1,0.356862745098039,0.694117647058824,0.803921568627451
71.02469277381897,0.0,0.0,0.03,1,1,1,0.0,0.3333333333333333,0.135,1,1,1,1.0,1.0,-1.0,0.0,-0.3333333333333333,0.135,-1,-1,-1,0.356862745098039,0.694117647058824,0.803921568627451
71.05947160720825,0.0,0.0,0.03,1,1,1,0.0,0.3333333333333333,0.135,1,1,1,1.0,1.0,-1.0,0.0,-0.3333333333333333,0.135,-1,-1,-1,0.356862745098039,0.694117647058824,0.803921568627451
71.09412813186646,0.0,0.0,0.03,1,1,1,0.0,0.3333333333333333,0.135,1,1,1,1.0,1.0,-1.0,0.0,-0.3333333333333333,0.135,-1,-1,-1,0.356862745098039,0.694117647058824,0.803921568627451
71.12874126434326,0.0,0.0,0.03,1,1,1,0.0,0.3333333333333333,0.135,1,1,1,1.0,1.0,-1.0,0.0,-0.3333333333333333,0.135,-1,-1,-1,0.356862745098039,0.694117647058824,0.803921568627451
71.16345643997192,0.0,0.0,0.03,1,1,1,0.0,0.3333333333333333,0.135,1,1,1,1.0,1.0,-1.0,0.0,-0.3333333333333333,0.135,-1,-1,-1,0.356862745098039,0.694117647058824,0.803921568627451
71.19781947135925,0.0,0.0,0.03,1,1,1,0.0,0.3333333333333333,0.135,1,1,1,1.0,1.0,-1.0,0.0,-0.3333333333333333,0.135,-1,-1,-1,0.356862745098039,0.694117647058824,0.803921568627451
71.23309707641602,0.0,0.0,0.03,1,1,1,0.0,0.3333333333333333,0.135,1,1,1,1.0,1.0,-1.0,0.0,-0.3333333333333333,0.135,-1,-1,-1,0.356862745098039,0.694117647058824,0.803921568627451
71.2684850692749,0.0,0.0,0.03,1,1,1,0.0,0.3333333333333333,0.135,1,1,1,1.0,1.0,-1.0,0.0,-0.3333333333333333,0.135,-1,-1,-1,0.356862745098039,0.694117647058824,0.803921568627451
71.30294847488403,0.0,0.0,0.03,1,1,1,0.0,0.3333333333333333,0.135,1,1,1,1.0,1.0,-1.0,0.0,-0.3333333333333333,0.135,-1,-1,-1,0.356862745098039,0.694117647058824,0.803921568627451
71.33790493011475,0.0,0.0,0.03,1,1,1,0.0,0.3333333333333333,0.135,1,1,1,1.0,1.0,-1.0,0.0,-0.3333333333333333,0.135,-1,-1,-1,0.356862745098039,0.694117647058824,0.803921568627451
71.37271690368652,0.0,0.0,0.03,1,1,1,0.0,0.3333333333333333,0.135,1,1,1,1.0,1.0,-1.0,0.0,-0.3333333333333333,0.135,-1,-1,-1,0.356862745098039,0.694117647058824,0.803921568627451
71.40693998336792,0.0,0.0,0.03,1,1,1,0.0,0.3333333333333333,0.135,1,1,1,1.0,1.0,-1.0,0.0,-0.3333333333333333,0.135,-1,-1,-1,0.356862745098039,0.694117647058824,0.803921568627451
71.44189643859863,0.0,0.0,0.03,1,1,1,0.0,0.3333333333333333,0.135,1,1,1,1.0,1.0,-1.0,0.0,-0.3333333333333333,0.135,-1,-1,-1,0.356862745098039,0.694117647058824,0.803921568627451
71.47657418251038,0.0,0.0,0.03,1,1,1,0.0,0.3333333333333333,0.135,1,1,1,1.0,1.0,-1.0,0.0,-0.3333333333333333,0.135,-1,-1,-1,0.356862745098039,0.694117647058824,0.803921568627451
71.5116777420044,0.0,0.0,0.03,1,1,1,0.0,0.3333333333333333,0.135,1,1,1,1.0,1.0,-1.0,0.0,-0.3333333333333333,0.135,-1,-1,-1,0.356862745098039,0.694117647058824,0.803921568627451
71.54608249664307,0.0,0.0,0.03,1,1,1,0.0,0.3333333333333333,0.135,1,1,1,1.0,1.0,-1.0,0.0,-0.3333333333333333,0.135,-1,-1,-1,0.356862745098039,0.694117647058824,0.803921568627451
71.58076310157776,0.0,0.0,0.03,1,1,1,0.0,0.3333333333333333,0.135,1,1,1,1.0,1.0,-1.0,0.0,-0.3333333333333333,0.135,-1,-1,-1,0.356862745098039,0.694117647058824,0.803921568627451
71.61547994613647,0.0,0.0,0.03,1,1,1,0.0,0.3333333333333333,0.135,1,1,1,1.0,1.0,-1.0,0.0,-0.3333333333333333,0.135,-1,-1,-1,0.356862745098039,0.694117647058824,0.803921568627451
71.65029048919678,0.0,0.0,0.03,1,1,1,0.0,0.3333333333333333,0.135,1,1,1,1.0,1.0,-1.0,0.0,-0.3333333333333333,0.135,-1,-1,-1,0.356862745098039,0.694117647058824,0.803921568627451
71.68500661849976,0.0,0.0,0.03,1,1,1,0.0,0.3333333333333333,0.135,1,1,1,1.0,1.0,-1.0,0.0,-0.3333333333333333,0.135,-1,-1,-1,0.356862745098039,0.694117647058824,0.803921568627451
71.71937203407288,0.0,0.0,0.03,1,1,1,0.0,0.3333333333333333,0.135,1,1,1,1.0,1.0,-1.0,0.0,-0.3333333333333333,0.135,-1,-1,-1,0.356862745098039,0.694117647058824,0.803921568627451
71.7540864944458,0.0,0.0,0.03,1,1,1,0.0,0.3333333333333333,0.135,1,1,1,1.0,1.0,-1.0,0.0,-0.3333333333333333,0.135,-1,-1,-1,0.356862745098039,0.694117647058824,0.803921568627451
71.78829669952393,0.0,0.0,0.03,1,1,1,0.0,0.3333333333333333,0.135,1,1,1,1.0,1.0,-1.0,0.0,-0.3333333333333333,0.135,-1,-1,-1,0.356862745098039,0.694117647058824,0.803921568627451
71.82337546348572,0.0,0.0,0.03,1,1,1,0.0,0.3333333333333333,0.135,1,1,1,1.0,1.0,-1.0,0.0,-0.3333333333333333,0.135,-1,-1,-1,0.356862745098039,0.694117647058824,0.803921568627451
71.85816764831543,0.0,0.0,0.03,1,1,1,0.0,0.3333333333333333,0.135,1,1,1,1.0,1.0,-1.0,0.0,-0.3333333333333333,0.135,-1,-1,-1,0.356862745098039,0.694117647058824,0.803921568627451
71.89301705360413,0.0,0.0,0.03,1,1,1,0.0,0.3333333333333333,0.135,1,1,1,1.0,1.0,-1.0,0.0,-0.3333333333333333,0.135,-1,-1,-1,0.356862745098039,0.694117647058824,0.803921568627451
71.92721104621887,0.0,0.0,0.03,1,1,1,0.0,0.3333333333333333,0.135,1,1,1,1.0,1.0,-1.0,0.0,-0.3333333333333333,0.135,-1,-1,-1,0.356862745098039,0.694117647058824,0.803921568627451
71.96240878105164,0.0,0.0,0.03,1,1,1,0.0,0.3333333333333333,0.135,1,1,1,1.0,1.0,-1.0,0.0,-0.3333333333333333,0.135,-1,-1,-1,0.356862745098039,0.694117647058824,0.803921568627451
71.99706435203552,0.0,0.0,0.03,1,1,1,0.0,0.3333333333333333,0.135,1,1,1,1.0,1.0,-1.0,0.0,-0.3333333333333333,0.135,-1,-1,-1,0.356862745098039,0.694117647058824,0.803921568627451
72.03176736831665,0.0,0.0,0.03,1,1,1,0.0,0.3333333333333333,0.135,1,1,1,1.0,1.0,-1.0,0.0,-0.3333333333333333,0.135,-1,-1,-1,0.356862745098039,0.694117647058824,0.803921568627451
72.06656098365784,0.0,0.0,0.03,1,1,1,0.0,0.3333333333333333,0.135,1,1,1,1.0,1.0,-1.0,0.0,-0.3333333333333333,0.135,-1,-1,-1,0.356862745098039,0.694117647058824,0.803921568627451
72.10124278068542,0.0,0.0,0.03,1,1,1,0.0,0.3333333333333333,0.135,1,1,1,1.0,1.0,-1.0,0.0,-0.3333333333333333,0.135,-1,-1,-1,0.356862745098039,0.694117647058824,0.803921568627451
72.1359384059906,0.0,0.0,0.03,1,1,1,0.0,0.3333333333333333,0.135,1,1,1,1.0,1.0,-1.0,0.0,-0.3333333333333333,0.135,-1,-1,-1,0.356862745098039,0.694117647058824,0.803921568627451
72.17039942741394,0.0,0.0,0.03,1,1,1,0.0,0.3333333333333333,0.135,1,1,1,1.0,1.0,-1.0,0.0,-0.3333333333333333,0.135,-1,-1,-1,0.356862745098039,0.694117647058824,0.803921568627451
72.20524168014526,0.0,0.0004969576274527668,0.03,1,1,1,0.0,0.3333333333333333,0.135,-1,-1,-1,1.0,1.0,-1.0,0.0,-0.3333333333333333,0.135,-1,-1,-1,0.356862745098039,0.694117647058824,0.803921568627451
72.2401192188263,0.0,0.0011181546617687254,0.03,1,1,1,0.0,0.3333333333333333,0.135,-1,-1,-1,1.0,1.0,-1.0,0.0,-0.3333333333333333,0.135,-1,-1,-1,0.356862745098039,0.694117647058824,0.803921568627451
72.2745623588562,0.0,0.0017393516960846841,0.03,1,1,1,0.0,0.3333333333333333,0.135,-1,-1,-1,1.0,1.0,-1.0,0.0,-0.3333333333333333,0.135,-1,-1,-1,0.356862745098039,0.694117647058824,0.803921568627451
72.30898547172546,0.0,0.0023605487304006424,0.03,1,1,1,0.0,0.3333333333333333,0.135,-1,-1,-1,1.0,1.0,-1.0,0.0,-0.3333333333333333,0.135,-1,-1,-1,0.356862745098039,0.694117647058824,0.803921568627451
72.34442925453186,0.0,0.0029817457647166,0.03,1,1,1,0.0,0.3333333333333333,0.135,-1,-1,-1,1.0,1.0,-1.0,0.0,-0.3333333333333333,0.135,-1,-1,-1,0.356862745098039,0.694117647058824,0.803921568627451
72.37822008132935,0.0,0.0036029427990325576,0.03,1,1,1,0.0,0.3333333333333333,0.135,-1,-1,-1,1.0,1.0,-1.0,0.0,-0.3333333333333333,0.135,-1,-1,-1,0.356862745098039,0.694117647058824,0.803921568627451
72.41310906410217,0.0,0.004224139833348515,0.03,1,1,1,0.0,0.3333333333333333,0.135,-1,-1,-1,1.0,1.0,-1.0,0.0,-0.3333333333333333,0.135,-1,-1,-1,0.356862745098039,0.694117647058824,0.803921568627451
72.44759154319763,0.0,0.004845336867664473,0.03,1,1,1,0.0,0.3333333333333333,0.135,-1,-1,-1,1.0,1.0,-1.0,0.0,-0.3333333333333333,0.135,-1,-1,-1,0.356862745098039,0.694117647058824,0.803921568627451
72.48233842849731,0.0,0.00546653390198043,0.03,1,1,1,0.0,0.3333333333333333,0.135,-1,-1,-1,1.0,1.0,-1.0,0.0,-0.3333333333333333,0.135,-1,-1,-1,0.356862745098039,0.694117647058824,0.803921568627451
72.51748251914978,0.0,0.006087730936296388,0.03,1,1,1,0.0,0.3333333333333333,0.135,-1,-1,-1,1.0,1.0,-1.0,0.0,-0.3333333333333333,0.135,-1,-1,-1,0.356862745098039,0.694117647058824,0.803921568627451
72.55182886123657,0.0,0.006708927970612346,0.03,1,1,1,0.0,0.3333333333333333,0.135,-1,-1,-1,1.0,1.0,-1.0,0.0,-0.3333333333333333,0.135,-1,-1,-1,0.356862745098039,0.694117647058824,0.803921568627451
72.5872631072998,0.0,0.007330125004928303,0.03,1,1,1,0.0,0.3333333333333333,0.135,-1,-1,-1,1.0,1.0,-1.0,0.0,-0.3333333333333333,0.135,-1,-1,-1,0.356862745098039,0.694117647058824,0.803921568627451
72.62203621864319,0.0,0.007951322039244261,0.03,1,1,1,0.0,0.3333333333333333,0.135,-1,-1,-1,1.0,1.0,-1.0,0.0,-0.3333333333333333,0.135,-1,-1,-1,0.356862745098039,0.694117647058824,0.803921568627451
72.65653729438782,0.0,0.008572519073560223,0.03,1,1,1,0.0,0.3333333333333333,0.135,-1,-1,-1,1.0,1.0,-1.0,0.0,-0.3333333333333333,0.135,-1,-1,-1,0.356862745098039,0.694117647058824,0.803921568627451
72.69133758544922,0.0,0.009193716107876185,0.03,1,1,1,0.0,0.3333333333333333,0.135,-1,-1,-1,1.0,1.0,-1.0,0.0,-0.3333333333333333,0.135,-1,-1,-1,0.356862745098039,0.694117647058824,0.803921568627451
72.7258551120758,0.0,0.009814913142192147,0.03,1,1,1,0.0,0.3333333333333333,0.135,-1,-1,-1,1.0,1.0,-1.0,0.0,-0.3333333333333333,0.135,-1,-1,-1,0.356862745098039,0.694117647058824,0.803921568627451
72.76072716712952,0.0,0.010436110176508109,0.03,1,1,1,0.0,0.3333333333333333,0.135,-1,-1,-1,1.0,1.0,-1.0,0.0,-0.3333333333333333,0.135,-1,-1,-1,0.356862745098039,0.694117647058824,0.803921568627451
72.79570889472961,0.0,0.01105730721082407,0.03,1,1,1,0.0,0.3333333333333333,0.135,-1,-1,-1,1.0,1.0,-1.0,0.0,-0.3333333333333333,0.135,-1,-1,-1,0.356862745098039,0.694117647058824,0.803921568627451
72.83016633987427,0.0,0.011678504245140033,0.03,1,1,1,0.0,0.3333333333333333,0.135,-1,-1,-1,1.0,1.0,-1.0,0.0,-0.3333333333333333,0.135,-1,-1,-1,0.356862745098039,0.694117647058824,0.803921568627451
72.8652286529541,0.0,0.012299701279455994,0.03,1,1,1,0.0,0.3333333333333333,0.135,-1,-1,-1,1.0,1.0,-1.0,0.0,-0.3333333333333333,0.135,-1,-1,-1,0.356862745098039,0.694117647058824,0.803921568627451
72.89968752861023,0.0,0.012920898313771956,0.03,1,1,1,0.0,0.3333333333333333,0.135,-1,-1,-1,1.0,1.0,-1.0,0.0,-0.3333333333333333,0.135,-1,-1,-1,0.356862745098039,0.694117647058824,0.803921568627451
72.9361982345581,0.0,0.013542095348087918,0.03,1,1,1,0.0,0.3333333333333333,0.135,-1,-1,-1,1.0,1.0,-1.0,0.0,-0.3333333333333333,0.135,-1,-1,-1,0.356862745098039,0.694117647058824,0.803921568627451
72.97603178024292,0.0,0.01416329238240388,0.03,1,1,1,0.0,0.3333333333333333,0.135,-1,-1,-1,1.0,1.0,-1.0,0.0,-0.3333333333333333,0.135,-1,-1,-1,0.356862745098039,0.694117647058824,0.803921568627451
73.01024746894836,0.0,0.014784489416719842,0.03,1,1,1,0.0,0.3333333333333333,0.135,-1,-1,-1,1.0,1.0,-1.0,0.0,-0.3333333333333333,0.135,-1,-1,-1,0.356862745098039,0.694117647058824,0.803921568627451
73.04489994049072,0.0,0.015405686451035806,0.03,1,1,1,0.0,0.3333333333333333,0.135,-1,-1,-1,1.0,1.0,-1.0,0.0,-0.3333333333333333,0.135,-1,-1,-1,0.356862745098039,0.694117647058824,0.803921568627451
73.08006191253662,0.0,0.01602688348535176,0.03,1,1,1,0.0,0.3333333333333333,0.135,-1,-1,-1,1.0,1.0,-1.0,0.0,-0.3333333333333333,0.135,-1,-1,-1,0.356862745098039,0.694117647058824,0.803921568627451
73.11461329460144,0.0,0.016648080519667714,0.03,1,1,1,0.0,0.3333333333333333,0.135,-1,-1,-1,1.0,1.0,-1.0,0.0,-0.3333333333333333,0.135,-1,-1,-1,0.356862745098039,0.694117647058824,0.803921568627451
73.14920353889465,0.0,0.017269277553983668,0.03,1,1,1,0.0,0.3333333333333333,0.135,-1,-1,-1,1.0,1.0,-1.0,0.0,-0.3333333333333333,0.135,-1,-1,-1,0.356862745098039,0.694117647058824,0.803921568627451
73.18393540382385,0.0,0.01789047458829962,0.03,1,1,1,0.0,0.3333333333333333,0.135,-1,-1,-1,1.0,1.0,-1.0,0.0,-0.3333333333333333,0.135,-1,-1,-1,0.356862745098039,0.694117647058824,0.803921568627451
73.21819400787354,0.0,0.018511671622615574,0.03,1,1,1,0.0,0.3333333333333333,0.135,-1,-1,-1,1.0,1.0,-1.0,0.0,-0.3333333333333333,0.135,-1,-1,-1,0.356862745098039,0.694117647058824,0.803921568627451
73.2531578540802,0.0,0.019132868656931527,0.03,1,1,1,0.0,0.3333333333333333,0.135,-1,-1,-1,1.0,1.0,-1.0,0.0,-0.3333333333333333,0.135,-1,-1,-1,0.356862745098039,0.694117647058824,0.803921568627451
73.28822636604309,0.0,0.01975406569124748,0.03,1,1,1,0.0,0.3333333333333333,0.135,-1,-1,-1,1.0,1.0,-1.0,0.0,-0.3333333333333333,0.135,-1,-1,-1,0.356862745098039,0.694117647058824,0.803921568627451
73.32342743873596,0.0,0.020375262725563434,0.03,1,1,1,0.0,0.3333333333333333,0.135,-1,-1,-1,1.0,1.0,-1.0,0.0,-0.3333333333333333,0.135,-1,-1,-1,0.356862745098039,0.694117647058824,0.803921568627451
73.35827112197876,0.0,0.020996459759879387,0.03,1,1,1,0.0,0.3333333333333333,0.135,-1,-1,-1,1.0,1.0,-1.0,0.0,-0.3333333333333333,0.135,-1,-1,-1,0.356862745098039,0.694117647058824,0.803921568627451
73.39258480072021,0.0,0.021026683856843406,0.03,1,1,1,0.0,0.3333333333333333,0.135,-1,-1,-1,1.0,1.0,-1.0,0.0,-0.3333333333333333,0.135,-1,-1,-1,0.356862745098039,0.694117647058824,0.803921568627451
73.42722749710083,0.0,0.020170448547779524,0.03,1,1,1,0.0,0.3333333333333333,0.135,-1,-1,-1,1.0,1.0,-1.0,0.0,-0.3333333333333333,0.135,-1,-1,-1,0.356862745098039,0.694117647058824,0.803921568627451
73.46187162399292,0.0,0.01931421323871564,0.03,1,1,1,0.0,0.3333333333333333,0.135,-1,-1,-1,1.0,1.0,-1.0,0.0,-0.3333333333333333,0.135,-1,-1,-1,0.356862745098039,0.694117647058824,0.803921568627451
73.49663233757019,0.0,0.01845797792965176,0.03,1,1,1,0.0,0.3333333333333333,0.135,-1,-1,-1,1.0,1.0,-1.0,0.0,-0.3333333333333333,0.135,-1,-1,-1,0.356862745098039,0.694117647058824,0.803921568627451
73.53236484527588,0.0,0.017601742620587876,0.03,1,1,1,0.0,0.3333333333333333,0.135,-1,-1,-1,1.0,1.0,-1.0,0.0,-0.3333333333333333,0.135,-1,-1,-1,0.356862745098039,0.694117647058824,0.803921568627451
73.56629490852356,0.0,0.016745507311523994,0.03,1,1,1,0.0,0.3333333333333333,0.135,-1,-1,-1,1.0,1.0,-1.0,0.0,-0.3333333333333333,0.135,-1,-1,-1,0.356862745098039,0.694117647058824,0.803921568627451
73.60055041313171,0.0,0.01588927200246011,0.03,1,1,1,0.0,0.3333333333333333,0.135,-1,-1,-1,1.0,1.0,-1.0,0.0,-0.3333333333333333,0.135,-1,-1,-1,0.356862745098039,0.694117647058824,0.803921568627451
73.63583135604858,0.0,0.015033036693396229,0.03,1,1,1,0.0,0.3333333333333333,0.135,-1,-1,-1,1.0,1.0,-1.0,0.0,-0.3333333333333333,0.135,-1,-1,-1,0.356862745098039,0.694117647058824,0.803921568627451
73.67041540145874,0.0,0.014176801384332346,0.03,1,1,1,0.0,0.3333333333333333,0.135,-1,-1,-1,1.0,1.0,-1.0,0.0,-0.3333333333333333,0.135,-1,-1,-1,0.356862745098039,0.694117647058824,0.803921568627451
73.70523428916931,0.0,0.013320566075268464,0.03,1,1,1,0.0,0.3333333333333333,0.135,-1,-1,-1,1.0,1.0,-1.0,0.0,-0.3333333333333333,0.135,-1,-1,-1,0.356862745098039,0.694117647058824,0.803921568627451
73.73952317237854,0.0,0.012464330766204582,0.03,1,1,1,0.0,0.3333333333333333,0.135,-1,-1,-1,1.0,1.0,-1.0,0.0,-0.3333333333333333,0.135,-1,-1,-1,0.356862745098039,0.694117647058824,0.803921568627451
73.77426719665527,0.0,0.011608095457140699,0.03,1,1,1,0.0,0.3333333333333333,0.135,-1,-1,-1,1.0,1.0,-1.0,0.0,-0.3333333333333333,0.135,-1,-1,-1,0.356862745098039,0.694117647058824,0.803921568627451
73.80902743339539,0.0,0.010751860148076817,0.03,1,1,1,0.0,0.3333333333333333,0.135,-1,-1,-1,1.0,1.0,-1.0,0.0,-0.3333333333333333,0.135,-1,-1,-1,0.356862745098039,0.694117647058824,0.803921568627451
73.84358429908752,0.0,0.009895624839012934,0.03,1,1,1,0.0,0.3333333333333333,0.135,-1,-1,-1,1.0,1.0,-1.0,0.0,-0.3333333333333333,0.135,-1,-1,-1,0.356862745098039,0.694117647058824,0.803921568627451
73.87871384620667,0.0,0.009039389529949052,0.03,1,1,1,0.0,0.3333333333333333,0.135,-1,-1,-1,1.0,1.0,-1.0,0.0,-0.3333333333333333,0.135,-1,-1,-1,0.356862745098039,0.694117647058824,0.803921568627451
73.91428875923157,0.0,0.00818315422088517,0.03,1,1,1,0.0,0.3333333333333333,0.135,-1,-1,-1,1.0,1.0,-1.0,0.0,-0.3333333333333333,0.135,-1,-1,-1,0.356862745098039,0.694117647058824,0.803921568627451
73.94838333129883,0.0,0.007326918911821288,0.03,1,1,1,0.0,0.3333333333333333,0.135,-1,-1,-1,1.0,1.0,-1.0,0.0,-0.3333333333333333,0.135,-1,-1,-1,0.356862745098039,0.694117647058824,0.803921568627451
73.98291611671448,0.0,0.006470683602757405,0.03,1,1,1,0.0,0.3333333333333333,0.135,-1,-1,-1,1.0,1.0,-1.0,0.0,-0.3333333333333333,0.135,-1,-1,-1,0.356862745098039,0.694117647058824,0.803921568627451
74.01737952232361,0.0,0.005614448293693523,0.03,1,1,1,0.0,0.3333333333333333,0.135,-1,-1,-1,1.0,1.0,-1.0,0.0,-0.3333333333333333,0.135,-1,-1,-1,0.356862745098039,0.694117647058824,0.803921568627451
74.05269932746887,0.0,0.00475821298462964,0.03,1,1,1,0.0,0.3333333333333333,0.135,-1,-1,-1,1.0,1.0,-1.0,0.0,-0.3333333333333333,0.135,-1,-1,-1,0.356862745098039,0.694117647058824,0.803921568627451
74.08716797828674,0.0,0.003901977675565758,0.03,1,1,1,0.0,0.3333333333333333,0.135,-1,-1,-1,1.0,1.0,-1.0,0.0,-0.3333333333333333,0.135,-1,-1,-1,0.356862745098039,0.694117647058824,0.803921568627451
74.12259006500244,0.0,0.003045742366501873,0.03,1,1,1,0.0,0.3333333333333333,0.135,-1,-1,-1,1.0,1.0,-1.0,0.0,-0.3333333333333333,0.135,-1,-1,-1,0.356862745098039,0.694117647058824,0.803921568627451
74.1571934223175,0.0,0.0021895070574379882,0.03,1,1,1,0.0,0.3333333333333333,0.135,-1,-1,-1,1.0,1.0,-1.0,0.0,-0.3333333333333333,0.135,-1,-1,-1,0.356862745098039,0.694117647058824,0.803921568627451
74.19191431999207,0.0,0.0013332717483741036,0.03,1,1,1,0.0,0.3333333333333333,0.135,-1,-1,-1,1.0,1.0,-1.0,0.0,-0.3333333333333333,0.135,-1,-1,-1,0.356862745098039,0.694117647058824,0.803921568627451
74.2264084815979,0.0,0.0004770364393102193,0.03,1,1,1,0.0,0.3333333333333333,0.135,-1,-1,-1,1.0,1.0,-1.0,0.0,-0.3333333333333333,0.135,-1,-1,-1,0.356862745098039,0.694117647058824,0.803921568627451
74.26071691513062,0.0,-0.0003791988697536648,0.03,1,1,1,0.0,0.3333333333333333,0.135,-1,-1,-1,1.0,1.0,-1.0,0.0,-0.3333333333333333,0.135,-1,-1,-1,0.356862745098039,0.694117647058824,0.803921568627451
74.29588413238525,0.0,-0.001235434178817549,0.03,1,1,1,0.0,0.3333333333333333,0.135,-1,-1,-1,1.0,1.0,-1.0,0.0,-0.3333333333333333,0.135,-1,-1,-1,0.356862745098039,0.694117647058824,0.803921568627451
74.33076620101929,0.0,-0.0020916694878814336,0.03,1,1,1,0.0,0.3333333333333333,0.135,-1,-1,-1,1.0,1.0,-1.0,0.0,-0.3333333333333333,0.135,-1,-1,-1,0.356862745098039,0.694117647058824,0.803921568627451
74.3655366897583,0.0,-0.0029479047969453182,0.03,1,1,1,0.0,0.3333333333333333,0.135,-1,-1,-1,1.0,1.0,-1.0,0.0,-0.3333333333333333,0.135,-1,-1,-1,0.356862745098039,0.694117647058824,0.803921568627451
74.40021419525146,0.0,-0.0038041401060092024,0.03,1,1,1,0.0,0.3333333333333333,0.135,-1,-1,-1,1.0,1.0,-1.0,0.0,-0.3333333333333333,0.135,-1,-1,-1,0.356862745098039,0.694117647058824,0.803921568627451
74.43491339683533,0.0,-0.004660375415073085,0.03,1,1,1,0.0,0.3333333333333333,0.135,-1,-1,-1,1.0,1.0,-1.0,0.0,-0.3333333333333333,0.135,-1,-1,-1,0.356862745098039,0.694117647058824,0.803921568627451
74.4694356918335,0.0,-0.005516610724136967,0.03,1,1,1,0.0,0.3333333333333333,0.135,-1,-1,-1,1.0,1.0,-1.0,0.0,-0.3333333333333333,0.135,-1,-1,-1,0.356862745098039,0.694117647058824,0.803921568627451
74.50433945655823,0.0,-0.00637284603320085,0.03,1,1,1,0.0,0.3333333333333333,0.135,-1,-1,-1,1.0,1.0,-1.0,0.0,-0.3333333333333333,0.135,-1,-1,-1,0.356862745098039,0.694117647058824,0.803921568627451
74.53909587860107,0.0,-0.007229081342264732,0.03,1,1,1,0.0,0.3333333333333333,0.135,-1,-1,-1,1.0,1.0,-1.0,0.0,-0.3333333333333333,0.135,-1,-1,-1,0.356862745098039,0.694117647058824,0.803921568627451
74.57382440567017,0.0,-0.008085316651328616,0.03,1,1,1,0.0,0.3333333333333333,0.135,-1,-1,-1,1.0,1.0,-1.0,0.0,-0.3333333333333333,0.135,-1,-1,-1,0.356862745098039,0.694117647058824,0.803921568627451
74.60885953903198,0.0,-0.004448843006611027,0.03,1,1,1,0.0,0.3333333333333333,0.135,-1,-1,-1,1.0,1.0,-1.0,0.0,-0.3333333333333333,0.135,-1,-1,-1,0.356862745098039,0.694117647058824,0.803921568627451
74.64332890510559,0.0,0.00031080787655193083,0.03,1,1,1,0.0,0.3333333333333333,0.135,-1,-1,-1,1.0,1.0,-1.0,0.0,-0.3333333333333333,0.135,-1,-1,-1,0.356862745098039,0.694117647058824,0.803921568627451
74.67791509628296,0.0,0.005070458759714889,0.03,1,1,1,0.0,0.3333333333333333,0.135,-1,-1,-1,1.0,1.0,-1.0,0.0,-0.3333333333333333,0.135,-1,-1,-1,0.356862745098039,0.694117647058824,0.803921568627451
74.71236872673035,0.0,0.009830109642877848,0.03,1,1,1,0.0,0.3333333333333333,0.135,-1,-1,-1,1.0,1.0,-1.0,0.0,-0.3333333333333333,0.135,-1,-1,-1,0.356862745098039,0.694117647058824,0.803921568627451
74.74712920188904,0.0,0.01458976052604081,0.03,1,1,1,0.0,0.3333333333333333,0.135,-1,-1,-1,1.0,1.0,-1.0,0.0,-0.3333333333333333,0.135,-1,-1,-1,0.356862745098039,0.694117647058824,0.803921568627451
74.78198909759521,0.0,0.019349411409203765,0.03,1,1,1,0.0,0.3333333333333333,0.135,-1,-1,-1,1.0,1.0,-1.0,0.0,-0.3333333333333333,0.135,-1,-1,-1,0.356862745098039,0.694117647058824,0.803921568627451
74.81668257713318,0.0,0.024109062292366718,0.03,1,1,1,0.0,0.3333333333333333,0.135,-1,-1,-1,1.0,1.0,-1.0,0.0,-0.3333333333333333,0.135,-1,-1,-1,0.356862745098039,0.694117647058824,0.803921568627451
74.85143852233887,0.0,0.02886871317552967,0.03,1,1,1,0.0,0.3333333333333333,0.135,-1,-1,-1,1.0,1.0,-1.0,0.0,-0.3333333333333333,0.135,-1,-1,-1,0.356862745098039,0.694117647058824,0.803921568627451
74.88651275634766,0.0,0.03362836405869263,0.03,1,1,1,0.0,0.3333333333333333,0.135,-1,-1,-1,1.0,1.0,-1.0,0.0,-0.3333333333333333,0.135,-1,-1,-1,0.356862745098039,0.694117647058824,0.803921568627451
74.92074227333069,0.0,0.0383880149418556,0.03,1,1,1,0.0,0.3333333333333333,0.135,-1,-1,-1,1.0,1.0,-1.0,0.0,-0.3333333333333333,0.135,-1,-1,-1,0.356862745098039,0.694117647058824,0.803921568627451
74.95600128173828,0.0,0.04314766582501857,0.03,1,1,1,0.0,0.3333333333333333,0.135,-1,-1,-1,1.0,1.0,-1.0,0.0,-0.3333333333333333,0.135,-1,-1,-1,0.356862745098039,0.694117647058824,0.803921568627451
74.99023604393005,0.0,0.04790731670818154,0.03,1,1,1,0.0,0.3333333333333333,0.135,-1,-1,-1,1.0,1.0,-1.0,0.0,-0.3333333333333333,0.135,-1,-1,-1,0.356862745098039,0.694117647058824,0.803921568627451
75.0251817703247,0.0,0.05266696759134451,0.03,1,1,1,0.0,0.3333333333333333,0.135,-1,-1,-1,1.0,1.0,-1.0,0.0,-0.3333333333333333,0.135,-1,-1,-1,0.356862745098039,0.694117647058824,0.803921568627451
75.05939602851868,0.0,0.05742661847450748,0.03,1,1,1,0.0,0.3333333333333333,0.135,-1,-1,-1,1.0,1.0,-1.0,0.0,-0.3333333333333333,0.135,-1,-1,-1,0.356862745098039,0.694117647058824,0.803921568627451
75.09418106079102,0.0,0.06218626935767045,0.03,1,1,1,0.0,0.3333333333333333,0.135,-1,-1,-1,1.0,1.0,-1.0,0.0,-0.3333333333333333,0.135,-1,-1,-1,0.356862745098039,0.694117647058824,0.803921568627451
75.12850880622864,0.0,0.06694592024083339,0.03,1,1,1,0.0,0.3333333333333333,0.135,-1,-1,-1,1.0,1.0,-1.0,0.0,-0.3333333333333333,0.135,-1,-1,-1,0.356862745098039,0.694117647058824,0.803921568627451
75.16337013244629,0.0,0.07170557112399632,0.03,1,1,1,0.0,0.3333333333333333,0.135,-1,-1,-1,1.0,1.0,-1.0,0.0,-0.3333333333333333,0.135,-1,-1,-1,0.356862745098039,0.694117647058824,0.803921568627451
75.19795751571655,0.0,0.07646522200715926,0.03,1,1,1,0.0,0.3333333333333333,0.135,-1,-1,-1,1.0,1.0,-1.0,0.0,-0.3333333333333333,0.135,-1,-1,-1,0.356862745098039,0.694117647058824,0.803921568627451
75.23268342018127,0.0,0.0812248728903222,0.03,1,1,1,0.0,0.3333333333333333,0.135,-1,-1,-1,1.0,1.0,-1.0,0.0,-0.3333333333333333,0.135,-1,-1,-1,0.356862745098039,0.694117647058824,0.803921568627451
75.26716041564941,0.0,0.08598452377348513,0.03,1,1,1,0.0,0.3333333333333333,0.135,-1,-1,-1,1.0,1.0,-1.0,0.0,-0.3333333333333333,0.135,-1,-1,-1,0.356862745098039,0.694117647058824,0.803921568627451
75.30203795433044,0.0,0.09074417465664807,0.03,1,1,1,0.0,0.3333333333333333,0.135,-1,-1,-1,1.0,1.0,-1.0,0.0,-0.3333333333333333,0.135,-1,-1,-1,0.356862745098039,0.694117647058824,0.803921568627451
75.3370680809021,0.0,0.095503825539811,0.03,1,1,1,0.0,0.3333333333333333,0.135,-1,-1,-1,1.0,1.0,-1.0,0.0,-0.3333333333333333,0.135,-1,-1,-1,0.356862745098039,0.694117647058824,0.803921568627451
75.37170648574829,0.0,0.10026347642297394,0.03,1,1,1,0.0,0.3333333333333333,0.135,-1,-1,-1,1.0,1.0,-1.0,0.0,-0.3333333333333333,0.135,-1,-1,-1,0.356862745098039,0.694117647058824,0.803921568627451
75.40643572807312,0.0,0.10502312730613687,0.03,1,1,1,0.0,0.3333333333333333,0.135,-1,-1,-1,1.0,1.0,-1.0,0.0,-0.3333333333333333,0.135,-1,-1,-1,0.356862745098039,0.694117647058824,0.803921568627451
75.44154262542725,0.0,0.10978277818929981,0.03,1,1,1,0.0,0.3333333333333333,0.135,-1,-1,-1,1.0,1.0,-1.0,0.0,-0.3333333333333333,0.135,-1,-1,-1,0.356862745098039,0.694117647058824,0.803921568627451
75.4759042263031,0.0,0.11454242907246275,0.03,1,1,1,0.0,0.3333333333333333,0.135,-1,-1,-1,1.0,1.0,-1.0,0.0,-0.3333333333333333,0.135,-1,-1,-1,0.356862745098039,0.694117647058824,0.803921568627451
75.51070737838745,0.0,0.11930207995562567,0.03,1,1,1,0.0,0.3333333333333333,0.135,-1,-1,-1,1.0,1.0,-1.0,0.0,-0.3333333333333333,0.135,-1,-1,-1,0.356862745098039,0.694117647058824,0.803921568627451
75.54593253135681,0.0,0.12406173083878863,0.03,1,1,1,0.0,0.3333333333333333,0.135,-1,-1,-1,1.0,1.0,-1.0,0.0,-0.3333333333333333,0.135,-1,-1,-1,0.356862745098039,0.694117647058824,0.803921568627451
75.58026957511902,0.0,0.12882138172195157,0.03,1,1,1,0.0,0.3333333333333333,0.135,-1,-1,-1,1.0,1.0,-1.0,0.0,-0.3333333333333333,0.135,-1,-1,-1,0.356862745098039,0.694117647058824,0.803921568627451
75.61480259895325,0.0,0.1335810326051145,0.03,1,1,1,0.0,0.3333333333333333,0.135,-1,-1,-1,1.0,1.0,-1.0,0.0,-0.3333333333333333,0.135,-1,-1,-1,0.356862745098039,0.694117647058824,0.803921568627451
75.64946246147156,0.0,0.13834068348827744,0.03,1,1,1,0.0,0.3333333333333333,0.135,-1,-1,-1,1.0,1.0,-1.0,0.0,-0.3333333333333333,0.135,-1,-1,-1,0.356862745098039,0.694117647058824,0.803921568627451
75.68523955345154,0.0,0.14310033437144037,0.03,1,1,1,0.0,0.3333333333333333,0.135,-1,-1,-1,1.0,1.0,-1.0,0.0,-0.3333333333333333,0.135,-1,-1,-1,0.356862745098039,0.694117647058824,0.803921568627451
75.7198371887207,0.0,0.1478599852546033,0.03,1,1,1,0.0,0.3333333333333333,0.135,-1,-1,-1,1.0,1.0,-1.0,0.0,-0.3333333333333333,0.135,-1,-1,-1,0.356862745098039,0.694117647058824,0.803921568627451
75.75389671325684,0.0,0.15261963613776625,0.03,1,1,1,0.0,0.3333333333333333,0.135,-1,-1,-1,1.0,1.0,-1.0,0.0,-0.3333333333333333,0.135,-1,-1,-1,0.356862745098039,0.694117647058824,0.803921568627451
75.78869581222534,0.0,0.1568282636512996,0.03,1,1,1,0.0,0.3333333333333333,0.135,-1,-1,-1,1.0,1.0,-1.0,0.0,-0.3333333333333333,0.135,-1,-1,-1,0.356862745098039,0.694117647058824,0.803921568627451
75.82354831695557,0.0,0.1588327976863146,0.03,1,1,1,0.0,0.3333333333333333,0.135,-1,-1,-1,1.0,1.0,-1.0,0.0,-0.3333333333333333,0.135,-1,-1,-1,0.356862745098039,0.694117647058824,0.803921568627451
75.85808229446411,0.0,0.16083733172132958,0.03,1,1,1,0.0,0.3333333333333333,0.135,-1,-1,-1,1.0,1.0,-1.0,0.0,-0.3333333333333333,0.135,-1,-1,-1,0.356862745098039,0.694117647058824,0.803921568627451
75.8926329612732,0.0,0.16284186575634457,0.03,1,1,1,0.0,0.3333333333333333,0.135,-1,-1,-1,1.0,1.0,-1.0,0.0,-0.3333333333333333,0.135,-1,-1,-1,0.356862745098039,0.694117647058824,0.803921568627451
75.92751955986023,0.0,0.16484639979135957,0.03,1,1,1,0.0,0.3333333333333333,0.135,-1,-1,-1,1.0,1.0,-1.0,0.0,-0.3333333333333333,0.135,-1,-1,-1,0.356862745098039,0.694117647058824,0.803921568627451
75.96265625953674,0.0,0.16685093382637456,0.03,1,1,1,0.0,0.3333333333333333,0.135,-1,-1,-1,1.0,1.0,-1.0,0.0,-0.3333333333333333,0.135,-1,-1,-1,0.356862745098039,0.694117647058824,0.803921568627451
75.99705767631531,0.0,0.16885546786138955,0.03,1,1,1,0.0,0.3333333333333333,0.135,-1,-1,-1,1.0,1.0,-1.0,0.0,-0.3333333333333333,0.135,-1,-1,-1,0.356862745098039,0.694117647058824,0.803921568627451
76.0316379070282,0.0,0.17086000189640455,0.03,1,1,1,0.0,0.3333333333333333,0.135,-1,-1,-1,1.0,1.0,-1.0,0.0,-0.3333333333333333,0.135,-1,-1,-1,0.356862745098039,0.694117647058824,0.803921568627451
76.06652879714966,0.0,0.17286453593141954,0.03,1,1,1,0.0,0.3333333333333333,0.135,-1,-1,-1,1.0,1.0,-1.0,0.0,-0.3333333333333333,0.135,-1,-1,-1,0.356862745098039,0.694117647058824,0.803921568627451
76.10179615020752,0.0,0.17486906996643453,0.03,1,1,1,0.0,0.3333333333333333,0.135,-1,-1,-1,1.0,1.0,-1.0,0.0,-0.3333333333333333,0.135,-1,-1,-1,0.356862745098039,0.694117647058824,0.803921568627451
76.13584780693054,0.0,0.17687360400144952,0.03,1,1,1,0.0,0.3333333333333333,0.135,-1,-1,-1,1.0,1.0,-1.0,0.0,-0.3333333333333333,0.135,-1,-1,-1,0.356862745098039,0.694117647058824,0.803921568627451
76.17091202735901,0.0,0.17887813803646452,0.03,1,1,1,0.0,0.3333333333333333,0.135,-1,-1,-1,1.0,1.0,-1.0,0.0,-0.3333333333333333,0.135,-1,-1,-1,0.356862745098039,0.694117647058824,0.803921568627451
76.20475506782532,0.0,0.1808826720714795,0.03,1,1,1,0.0,0.3333333333333333,0.135,-1,-1,-1,1.0,1.0,-1.0,0.0,-0.3333333333333333,0.135,-1,-1,-1,0.356862745098039,0.694117647058824,0.803921568627451
76.23999643325806,0.0,0.1828872061064945,0.03,1,1,1,0.0,0.3333333333333333,0.135,-1,-1,-1,1.0,1.0,-1.0,0.0,-0.3333333333333333,0.135,-1,-1,-1,0.356862745098039,0.694117647058824,0.803921568627451
76.27463603019714,0.0,0.1848917401415095,0.03,1,1,1,0.0,0.3333333333333333,0.135,-1,-1,-1,1.0,1.0,-1.0,0.0,-0.3333333333333333,0.135,-1,-1,-1,0.356862745098039,0.694117647058824,0.803921568627451
76.30960726737976,0.0,0.1868962741765245,0.03,1,1,1,0.0,0.3333333333333333,0.135,-1,-1,-1,1.0,1.0,-1.0,0.0,-0.3333333333333333,0.135,-1,-1,-1,0.356862745098039,0.694117647058824,0.803921568627451
76.34508061408997,0.0,0.18890080821153948,0.03,1,1,1,0.0,0.3333333333333333,0.135,-1,-1,-1,1.0,1.0,-1.0,0.0,-0.3333333333333333,0.135,-1,-1,-1,0.356862745098039,0.694117647058824,0.803921568627451
76.38000869750977,0.0,0.19090534224655448,0.03,1,1,1,0.0,0.3333333333333333,0.135,-1,-1,-1,1.0,1.0,-1.0,0.0,-0.3333333333333333,0.135,-1,-1,-1,0.356862745098039,0.694117647058824,0.803921568627451
76.41348266601562,0.0,0.19290987628156947,0.03,1,1,1,0.0,0.3333333333333333,0.135,-1,-1,-1,1.0,1.0,-1.0,0.0,-0.3333333333333333,0.135,-1,-1,-1,0.356862745098039,0.694117647058824,0.803921568627451
76.4482262134552,0.0,0.19491441031658446,0.03,1,1,1,0.0,0.3333333333333333,0.135,-1,-1,-1,1.0,1.0,-1.0,0.0,-0.3333333333333333,0.135,-1,-1,-1,0.356862745098039,0.694117647058824,0.803921568627451
76.48292970657349,0.0,0.19691894435159946,0.03,1,1,1,0.0,0.3333333333333333,0.135,-1,-1,-1,1.0,1.0,-1.0,0.0,-0.3333333333333333,0.135,-1,-1,-1,0.356862745098039,0.694117647058824,0.803921568627451
76.51819157600403,0.0,0.19892347838661445,0.03,1,1,1,0.0,0.3333333333333333,0.135,-1,-1,-1,1.0,1.0,-1.0,0.0,-0.3333333333333333,0.135,-1,-1,-1,0.356862745098039,0.694117647058824,0.803921568627451
76.55269289016724,0.0,0.20092801242162944,0.03,1,1,1,0.0,0.3333333333333333,0.135,-1,-1,-1,1.0,1.0,-1.0,0.0,-0.3333333333333333,0.135,-1,-1,-1,0.356862745098039,0.694117647058824,0.803921568627451
76.58739233016968,0.0,0.20293254645664444,0.03,1,1,1,0.0,0.3333333333333333,0.135,-1,-1,-1,1.0,1.0,-1.0,0.0,-0.3333333333333333,0.135,-1,-1,-1,0.356862745098039,0.694117647058824,0.803921568627451
76.62189507484436,0.0,0.20493708049165943,0.03,1,1,1,0.0,0.3333333333333333,0.135,-1,-1,-1,1.0,1.0,-1.0,0.0,-0.3333333333333333,0.135,-1,-1,-1,0.356862745098039,0.694117647058824,0.803921568627451
76.65643167495728,0.0,0.20694161452667442,0.03,1,1,1,0.0,0.3333333333333333,0.135,-1,-1,-1,1.0,1.0,-1.0,0.0,-0.3333333333333333,0.135,-1,-1,-1,0.356862745098039,0.694117647058824,0.803921568627451
76.691565990448,0.0,0.20894614856168942,0.03,1,1,1,0.0,0.3333333333333333,0.135,-1,-1,-1,1.0,1.0,-1.0,0.0,-0.3333333333333333,0.135,-1,-1,-1,0.356862745098039,0.694117647058824,0.803921568627451
76.72607231140137,0.0,0.2109506825967044,0.03,1,1,1,0.0,0.3333333333333333,0.135,-1,-1,-1,1.0,1.0,-1.0,0.0,-0.3333333333333333,0.135,-1,-1,-1,0.356862745098039,0.694117647058824,0.803921568627451
76.76061224937439,0.0,0.2129552166317194,0.03,1,1,1,0.0,0.3333333333333333,0.135,-1,-1,-1,1.0,1.0,-1.0,0.0,-0.3333333333333333,0.135,-1,-1,-1,0.356862745098039,0.694117647058824,0.803921568627451
76.7953245639801,0.0,0.2149597506667344,0.03,1,1,1,0.0,0.3333333333333333,0.135,-1,-1,-1,1.0,1.0,-1.0,0.0,-0.3333333333333333,0.135,-1,-1,-1,0.356862745098039,0.694117647058824,0.803921568627451
76.83019709587097,0.0,0.2169642847017494,0.03,1,1,1,0.0,0.3333333333333333,0.135,-1,-1,-1,1.0,1.0,-1.0,0.0,-0.3333333333333333,0.135,-1,-1,-1,0.356862745098039,0.694117647058824,0.803921568627451
76.86518979072571,0.0,0.21896881873676438,0.03,1,1,1,0.0,0.3333333333333333,0.135,-1,-1,-1,1.0,1.0,-1.0,0.0,-0.3333333333333333,0.135,-1,-1,-1,0.356862745098039,0.694117647058824,0.803921568627451
76.89955997467041,0.0,0.22097335277177937,0.03,1,1,1,0.0,0.3333333333333333,0.135,-1,-1,-1,1.0,1.0,-1.0,0.0,-0.3333333333333333,0.135,-1,-1,-1,0.356862745098039,0.694117647058824,0.803921568627451
76.9352662563324,0.0,0.22297788680679437,0.03,1,1,1,0.0,0.3333333333333333,0.135,-1,-1,-1,1.0,1.0,-1.0,0.0,-0.3333333333333333,0.135,-1,-1,-1,0.356862745098039,0.694117647058824,0.803921568627451
76.96943473815918,0.0,0.22498242084180936,0.03,1,1,1,0.0,0.3333333333333333,0.135,-1,-1,-1,1.0,1.0,-1.0,0.0,-0.3333333333333333,0.135,-1,-1,-1,0.356862745098039,0.694117647058824,0.803921568627451
77.0040431022644,0.0,0.22753238252762062,0.03,1,1,1,0.0,0.3333333333333333,0.135,-1,-1,-1,1.0,1.0,-1.0,0.0,-0.3333333333333333,0.135,-1,-1,-1,0.356862745098039,0.694117647058824,0.803921568627451
77.0394389629364,0.0,0.23044596264729605,0.03,1,1,1,0.0,0.3333333333333333,0.135,-1,-1,-1,1.0,1.0,-1.0,0.0,-0.3333333333333333,0.135,-1,-1,-1,0.356862745098039,0.694117647058824,0.803921568627451
77.07352471351624,0.0,0.2333595427669715,0.03,1,1,1,0.0,0.3333333333333333,0.135,-1,-1,-1,1.0,1.0,-1.0,0.0,-0.3333333333333333,0.135,-1,-1,-1,0.356862745098039,0.694117647058824,0.803921568627451
77.10880637168884,0.0,0.23627312288664692,0.03,1,1,1,0.0,0.3333333333333333,0.135,-1,-1,-1,1.0,1.0,-1.0,0.0,-0.3333333333333333,0.135,-1,-1,-1,0.356862745098039,0.694117647058824,0.803921568627451
77.14319968223572,0.0,0.2391867030063224,0.03,1,1,1,0.0,0.3333333333333333,0.135,-1,-1,-1,1.0,1.0,-1.0,0.0,-0.3333333333333333,0.135,-1,-1,-1,0.356862745098039,0.694117647058824,0.803921568627451
77.17783665657043,0.0,0.24210028312599785,0.03,1,1,1,0.0,0.3333333333333333,0.135,-1,-1,-1,1.0,1.0,-1.0,0.0,-0.3333333333333333,0.135,-1,-1,-1,0.356862745098039,0.694117647058824,0.803921568627451
77.2126202583313,0.0,0.2450138632456733,0.03,1,1,1,0.0,0.3333333333333333,0.135,-1,-1,-1,1.0,1.0,-1.0,0.0,-0.3333333333333333,0.135,-1,-1,-1,0.356862745098039,0.694117647058824,0.803921568627451
77.24748039245605,0.0,0.24792744336534883,0.03,1,1,1,0.0,0.3333333333333333,0.135,-1,-1,-1,1.0,1.0,-1.0,0.0,-0.3333333333333333,0.135,-1,-1,-1,0.356862745098039,0.694117647058824,0.803921568627451
77.28193020820618,0.0,0.25084102348502435,0.03,1,1,1,0.0,0.3333333333333333,0.135,-1,-1,-1,1.0,1.0,-1.0,0.0,-0.3333333333333333,0.135,-1,-1,-1,0.356862745098039,0.694117647058824,0.803921568627451
77.31655716896057,0.0,0.2537546036046999,0.03,1,1,1,0.0,0.3333333333333333,0.135,-1,-1,-1,1.0,1.0,-1.0,0.0,-0.3333333333333333,0.135,-1,-1,-1,0.356862745098039,0.694117647058824,0.803921568627451
77.35147595405579,0.0,0.2566681837243755,0.03,1,1,1,0.0,0.3333333333333333,0.135,-1,-1,-1,1.0,1.0,-1.0,0.0,-0.3333333333333333,0.135,-1,-1,-1,0.356862745098039,0.694117647058824,0.803921568627451
77.38602614402771,0.0,0.25958176384405107,0.03,1,1,1,0.0,0.3333333333333333,0.135,-1,-1,-1,1.0,1.0,-1.0,0.0,-0.3333333333333333,0.135,-1,-1,-1,0.356862745098039,0.694117647058824,0.803921568627451
77.42078375816345,0.0,0.26249534396372665,0.03,1,1,1,0.0,0.3333333333333333,0.135,-1,-1,-1,1.0,1.0,-1.0,0.0,-0.3333333333333333,0.135,-1,-1,-1,0.356862745098039,0.694117647058824,0.803921568627451
77.45566654205322,0.0,0.2654089240834022,0.03,1,1,1,0.0,0.3333333333333333,0.135,-1,-1,-1,1.0,1.0,-1.0,0.0,-0.3333333333333333,0.135,-1,-1,-1,0.356862745098039,0.694117647058824,0.803921568627451
77.49047827720642,0.0,0.2683225042030778,0.03,1,1,1,0.0,0.3333333333333333,0.135,-1,-1,-1,1.0,1.0,-1.0,0.0,-0.3333333333333333,0.135,-1,-1,-1,0.356862745098039,0.694117647058824,0.803921568627451
77.5250186920166,0.0,0.27123608432275337,0.03,1,1,1,0.0,0.3333333333333333,0.135,-1,-1,-1,1.0,1.0,-1.0,0.0,-0.3333333333333333,0.135,-1,-1,-1,0.356862745098039,0.694117647058824,0.803921568627451
77.55978202819824,0.0,0.27414966444242894,0.03,1,1,1,0.0,0.3333333333333333,0.135,-1,-1,-1,1.0,1.0,-1.0,0.0,-0.3333333333333333,0.135,-1,-1,-1,0.356862745098039,0.694117647058824,0.803921568627451
77.59456062316895,0.0,0.2770632445621045,0.03,1,1,1,0.0,0.3333333333333333,0.135,-1,-1,-1,1.0,1.0,-1.0,0.0,-0.3333333333333333,0.135,-1,-1,-1,0.356862745098039,0.694117647058824,0.803921568627451
77.62906956672668,0.0,0.2799768246817801,0.03,1,1,1,0.0,0.3333333333333333,0.135,-1,-1,-1,1.0,1.0,-1.0,0.0,-0.3333333333333333,0.135,-1,-1,-1,0.356862745098039,0.694117647058824,0.803921568627451
77.66390705108643,0.0,0.28289040480145566,0.03,1,1,1,0.0,0.3333333333333333,0.135,-1,-1,-1,1.0,1.0,-1.0,0.0,-0.3333333333333333,0.135,-1,-1,-1,0.356862745098039,0.694117647058824,0.803921568627451
77.69876670837402,0.0,0.28580398492113124,0.03,1,1,1,0.0,0.3333333333333333,0.135,-1,-1,-1,1.0,1.0,-1.0,0.0,-0.3333333333333333,0.135,-1,-1,-1,0.356862745098039,0.694117647058824,0.803921568627451
77.7334532737732,0.0,0.2887175650408068,0.03,1,1,1,0.0,0.3333333333333333,0.135,-1,-1,-1,1.0,1.0,-1.0,0.0,-0.3333333333333333,0.135,-1,-1,-1,0.356862745098039,0.694117647058824,0.803921568627451
77.76811408996582,0.0,0.2916311451604824,0.03,1,1,1,0.0,0.3333333333333333,0.135,-1,-1,-1,1.0,1.0,-1.0,0.0,-0.3333333333333333,0.135,-1,-1,-1,0.356862745098039,0.694117647058824,0.803921568627451
77.80271577835083,0.0,0.29454472528015796,0.03,1,1,1,0.0,0.3333333333333333,0.135,-1,-1,-1,1.0,1.0,-1.0,0.0,-0.3333333333333333,0.135,-1,-1,-1,0.356862745098039,0.694117647058824,0.803921568627451
77.83758640289307,0.0,0.29745830539983353,0.03,1,1,1,0.0,0.3333333333333333,0.135,-1,-1,-1,1.0,1.0,-1.0,0.0,-0.3333333333333333,0.135,-1,-1,-1,0.356862745098039,0.694117647058824,0.803921568627451
77.87184453010559,0.0,0.3003718855195091,0.03,1,1,1,0.0,0.3333333333333333,0.135,-1,-1,-1,1.0,1.0,-1.0,0.0,-0.3333333333333333,0.135,-1,-1,-1,0.356862745098039,0.694117647058824,0.803921568627451
77.90684032440186,0.0,0.3032854656391847,0.03,1,1,1,0.0,0.3333333333333333,0.135,-1,-1,-1,1.0,1.0,-1.0,0.0,-0.3333333333333333,0.135,-1,-1,-1,0.356862745098039,0.694117647058824,0.803921568627451
77.94221782684326,0.0,0.30619904575886026,0.03,1,1,1,0.0,0.3333333333333333,0.135,-1,-1,-1,1.0,1.0,-1.0,0.0,-0.3333333333333333,0.135,-1,-1,-1,0.356862745098039,0.694117647058824,0.803921568627451
77.97672581672668,0.0,0.30911262587853583,0.03,1,1,1,0.0,0.3333333333333333,0.135,-1,-1,-1,1.0,1.0,-1.0,0.0,-0.3333333333333333,0.135,-1,-1,-1,0.356862745098039,0.694117647058824,0.803921568627451
78.01122069358826,0.0,0.3120262059982114,0.03,1,1,1,0.0,0.3333333333333333,0.135,-1,-1,-1,1.0,1.0,-1.0,0.0,-0.3333333333333333,0.135,-1,-1,-1,0.356862745098039,0.694117647058824,0.803921568627451
78.04592490196228,0.0,0.314939786117887,0.03,1,1,1,0.0,0.3333333333333333,0.135,-1,-1,-1,1.0,1.0,-1.0,0.0,-0.3333333333333333,0.135,-1,-1,-1,0.356862745098039,0.694117647058824,0.803921568627451
78.08018779754639,0.0,0.31785336623756255,0.03,1,1,1,0.0,0.3333333333333333,0.135,-1,-1,-1,1.0,1.0,-1.0,0.0,-0.3333333333333333,0.135,-1,-1,-1,0.356862745098039,0.694117647058824,0.803921568627451
78.11507964134216,0.0,0.3207669463572381,0.03,1,1,1,0.0,0.3333333333333333,0.135,-1,-1,-1,1.0,1.0,-1.0,0.0,-0.3333333333333333,0.135,-1,-1,-1,0.356862745098039,0.694117647058824,0.803921568627451
78.14958453178406,0.0,0.3236805264769137,0.03,1,1,1,0.0,0.3333333333333333,0.135,-1,-1,-1,1.0,1.0,-1.0,0.0,-0.3333333333333333,0.135,-1,-1,-1,0.356862745098039,0.694117647058824,0.803921568627451
78.18422317504883,0.0,0.3265941065965893,0.03,1,1,1,0.0,0.3333333333333333,0.135,-1,-1,-1,1.0,1.0,-1.0,0.0,-0.3333333333333333,0.135,-1,-1,-1,0.356862745098039,0.694117647058824,0.803921568627451
78.21990942955017,0.0,0.3254013407987537,0.03,1,1,1,0.0,0.3333333333333333,0.135,-1,-1,-1,1.0,1.0,-1.0,0.0,-0.3333333333333333,0.135,-1,-1,-1,0.356862745098039,0.694117647058824,0.803921568627451
78.25452709197998,0.0,0.32420857500091815,0.03,1,1,1,0.0,0.3333333333333333,0.135,-1,-1,-1,1.0,1.0,-1.0,0.0,-0.3333333333333333,0.135,-1,-1,-1,0.356862745098039,0.694117647058824,0.803921568627451
78.28843283653259,0.0,0.3230158092030826,0.03,1,1,1,0.0,0.3333333333333333,0.135,-1,-1,-1,1.0,1.0,-1.0,0.0,-0.3333333333333333,0.135,-1,-1,-1,0.356862745098039,0.694117647058824,0.803921568627451
78.32333660125732,0.0,0.32182304340524703,0.03,1,1,1,0.0,0.3333333333333333,0.135,-1,-1,-1,1.0,1.0,-1.0,0.0,-0.3333333333333333,0.135,-1,-1,-1,0.356862745098039,0.694117647058824,0.803921568627451
78.35806822776794,0.0,0.3206302776074115,0.03,1,1,1,0.0,0.3333333333333333,0.135,-1,-1,-1,1.0,1.0,-1.0,0.0,-0.3333333333333333,0.135,-1,-1,-1,0.356862745098039,0.694117647058824,0.803921568627451
78.39282560348511,0.0,0.3194375118095759,0.03,1,1,1,0.0,0.3333333333333333,0.135,-1,-1,-1,1.0,1.0,-1.0,0.0,-0.3333333333333333,0.135,-1,-1,-1,0.356862745098039,0.694117647058824,0.803921568627451
78.42742419242859,0.0,0.31824474601174035,0.03,1,1,1,0.0,0.3333333333333333,0.135,-1,-1,-1,1.0,1.0,-1.0,0.0,-0.3333333333333333,0.135,-1,-1,-1,0.356862745098039,0.694117647058824,0.803921568627451
78.46216464042664,0.0,0.3170519802139048,0.03,1,1,1,0.0,0.3333333333333333,0.135,-1,-1,-1,1.0,1.0,-1.0,0.0,-0.3333333333333333,0.135,-1,-1,-1,0.356862745098039,0.694117647058824,0.803921568627451
78.49688816070557,0.0,0.31585921441606923,0.03,1,1,1,0.0,0.3333333333333333,0.135,-1,-1,-1,1.0,1.0,-1.0,0.0,-0.3333333333333333,0.135,-1,-1,-1,0.356862745098039,0.694117647058824,0.803921568627451
78.53129196166992,0.0,0.3146664486182337,0.03,1,1,1,0.0,0.3333333333333333,0.135,-1,-1,-1,1.0,1.0,-1.0,0.0,-0.3333333333333333,0.135,-1,-1,-1,0.356862745098039,0.694117647058824,0.803921568627451
78.56617212295532,0.0,0.3134736828203981,0.03,1,1,1,0.0,0.3333333333333333,0.135,-1,-1,-1,1.0,1.0,-1.0,0.0,-0.3333333333333333,0.135,-1,-1,-1,0.356862745098039,0.694117647058824,0.803921568627451
78.6006429195404,0.0,0.31228091702256255,0.03,1,1,1,0.0,0.3333333333333333,0.135,-1,-1,-1,1.0,1.0,-1.0,0.0,-0.3333333333333333,0.135,-1,-1,-1,0.356862745098039,0.694117647058824,0.803921568627451
78.63580369949341,0.0,0.311088151224727,0.03,1,1,1,0.0,0.3333333333333333,0.135,-1,-1,-1,1.0,1.0,-1.0,0.0,-0.3333333333333333,0.135,-1,-1,-1,0.356862745098039,0.694117647058824,0.803921568627451
78.67038798332214,0.0,0.30989538542689143,0.03,1,1,1,0.0,0.3333333333333333,0.135,-1,-1,-1,1.0,1.0,-1.0,0.0,-0.3333333333333333,0.135,-1,-1,-1,0.356862745098039,0.694117647058824,0.803921568627451
78.70547413825989,0.0,0.3087026196290559,0.03,1,1,1,0.0,0.3333333333333333,0.135,-1,-1,-1,1.0,1.0,-1.0,0.0,-0.3333333333333333,0.135,-1,-1,-1,0.356862745098039,0.694117647058824,0.803921568627451
78.73967361450195,0.0,0.3075098538312203,0.03,1,1,1,0.0,0.3333333333333333,0.135,-1,-1,-1,1.0,1.0,-1.0,0.0,-0.3333333333333333,0.135,-1,-1,-1,0.356862745098039,0.694117647058824,0.803921568627451
78.77514886856079,0.0,0.30631708803338475,0.03,1,1,1,0.0,0.3333333333333333,0.135,-1,-1,-1,1.0,1.0,-1.0,0.0,-0.3333333333333333,0.135,-1,-1,-1,0.356862745098039,0.694117647058824,0.803921568627451
78.80997896194458,0.0,0.3051243222355492,0.03,1,1,1,0.0,0.3333333333333333,0.135,-1,-1,-1,1.0,1.0,-1.0,0.0,-0.3333333333333333,0.135,-1,-1,-1,0.356862745098039,0.694117647058824,0.803921568627451
78.84452700614929,0.0,0.30393155643771363,0.03,1,1,1,0.0,0.3333333333333333,0.135,-1,-1,-1,1.0,1.0,-1.0,0.0,-0.3333333333333333,0.135,-1,-1,-1,0.356862745098039,0.694117647058824,0.803921568627451
78.87945795059204,0.0,0.3027387906398781,0.03,1,1,1,0.0,0.3333333333333333,0.135,-1,-1,-1,1.0,1.0,-1.0,0.0,-0.3333333333333333,0.135,-1,-1,-1,0.356862745098039,0.694117647058824,0.803921568627451
78.91394424438477,0.0,0.3015460248420425,0.03,1,1,1,0.0,0.3333333333333333,0.135,-1,-1,-1,1.0,1.0,-1.0,0.0,-0.3333333333333333,0.135,-1,-1,-1,0.356862745098039,0.694117647058824,0.803921568627451
78.94870853424072,0.0,0.30035325904420695,0.03,1,1,1,0.0,0.3333333333333333,0.135,-1,-1,-1,1.0,1.0,-1.0,0.0,-0.3333333333333333,0.135,-1,-1,-1,0.356862745098039,0.694117647058824,0.803921568627451
78.98324394226074,0.0,0.2991604932463714,0.03,1,1,1,0.0,0.3333333333333333,0.135,-1,-1,-1,1.0,1.0,-1.0,0.0,-0.3333333333333333,0.135,-1,-1,-1,0.356862745098039,0.694117647058824,0.803921568627451
79.0171844959259,0.0,0.29796772744853584,0.03,1,1,1,0.0,0.3333333333333333,0.135,-1,-1,-1,1.0,1.0,-1.0,0.0,-0.3333333333333333,0.135,-1,-1,-1,0.356862745098039,0.694117647058824,0.803921568627451
79.05243420600891,0.0,0.2967749616507003,0.03,1,1,1,0.0,0.3333333333333333,0.135,-1,-1,-1,1.0,1.0,-1.0,0.0,-0.3333333333333333,0.135,-1,-1,-1,0.356862745098039,0.694117647058824,0.803921568627451
79.08714437484741,0.0,0.2955821958528647,0.03,1,1,1,0.0,0.3333333333333333,0.135,-1,-1,-1,1.0,1.0,-1.0,0.0,-0.3333333333333333,0.135,-1,-1,-1,0.356862745098039,0.694117647058824,0.803921568627451
79.1216652393341,0.0,0.29438943005502916,0.03,1,1,1,0.0,0.3333333333333333,0.135,-1,-1,-1,1.0,1.0,-1.0,0.0,-0.3333333333333333,0.135,-1,-1,-1,0.356862745098039,0.694117647058824,0.803921568627451
79.15656590461731,0.0,0.2931966642571936,0.03,1,1,1,0.0,0.3333333333333333,0.135,-1,-1,-1,1.0,1.0,-1.0,0.0,-0.3333333333333333,0.135,-1,-1,-1,0.356862745098039,0.694117647058824,0.803921568627451
79.19194912910461,0.0,0.29200389845935804,0.03,1,1,1,0.0,0.3333333333333333,0.135,-1,-1,-1,1.0,1.0,-1.0,0.0,-0.3333333333333333,0.135,-1,-1,-1,0.356862745098039,0.694117647058824,0.803921568627451
79.22580432891846,0.0,0.2908111326615225,0.03,1,1,1,0.0,0.3333333333333333,0.135,-1,-1,-1,1.0,1.0,-1.0,0.0,-0.3333333333333333,0.135,-1,-1,-1,0.356862745098039,0.694117647058824,0.803921568627451
79.26091766357422,0.0,0.2896183668636869,0.03,1,1,1,0.0,0.3333333333333333,0.135,-1,-1,-1,1.0,1.0,-1.0,0.0,-0.3333333333333333,0.135,-1,-1,-1,0.356862745098039,0.694117647058824,0.803921568627451
79.29510831832886,0.0,0.28842560106585136,0.03,1,1,1,0.0,0.3333333333333333,0.135,-1,-1,-1,1.0,1.0,-1.0,0.0,-0.3333333333333333,0.135,-1,-1,-1,0.356862745098039,0.694117647058824,0.803921568627451
79.33077216148376,0.0,0.2872328352680158,0.03,1,1,1,0.0,0.3333333333333333,0.135,-1,-1,-1,1.0,1.0,-1.0,0.0,-0.3333333333333333,0.135,-1,-1,-1,0.356862745098039,0.694117647058824,0.803921568627451
79.36449933052063,0.0,0.28604006947018024,0.03,1,1,1,0.0,0.3333333333333333,0.135,-1,-1,-1,1.0,1.0,-1.0,0.0,-0.3333333333333333,0.135,-1,-1,-1,0.356862745098039,0.694117647058824,0.803921568627451
79.39969515800476,0.0,0.2871708024189823,0.03,1,1,1,0.0,0.3333333333333333,0.135,-1,-1,-1,1.0,1.0,-1.0,0.0,-0.3333333333333333,0.135,-1,-1,-1,0.356862745098039,0.694117647058824,0.803921568627451
79.43471097946167,0.0,0.2917867834877408,0.03,1,1,1,0.0,0.3333333333333333,0.135,-1,-1,-1,1.0,1.0,-1.0,0.0,-0.3333333333333333,0.135,-1,-1,-1,0.356862745098039,0.694117647058824,0.803921568627451
79.46943807601929,0.0,0.2964027645564993,0.03,1,1,1,0.0,0.3333333333333333,0.135,-1,-1,-1,1.0,1.0,-1.0,0.0,-0.3333333333333333,0.135,-1,-1,-1,0.356862745098039,0.694117647058824,0.803921568627451
79.5037488937378,0.0,0.30101874562525777,0.03,1,1,1,0.0,0.3333333333333333,0.135,-1,-1,-1,1.0,1.0,-1.0,0.0,-0.3333333333333333,0.135,-1,-1,-1,0.356862745098039,0.694117647058824,0.803921568627451
79.53855562210083,0.0,0.30563472669401626,0.03,1,1,1,0.0,0.3333333333333333,0.135,-1,-1,-1,1.0,1.0,-1.0,0.0,-0.3333333333333333,0.135,-1,-1,-1,0.356862745098039,0.694117647058824,0.803921568627451
79.57245445251465,0.0,0.31025070776277475,0.03,1,1,1,0.0,0.3333333333333333,0.135,-1,-1,-1,1.0,1.0,-1.0,0.0,-0.3333333333333333,0.135,-1,-1,-1,0.356862745098039,0.694117647058824,0.803921568627451
79.60714840888977,0.0,0.31486668883153324,0.03,1,1,1,0.0,0.3333333333333333,0.135,-1,-1,-1,1.0,1.0,-1.0,0.0,-0.3333333333333333,0.135,-1,-1,-1,0.356862745098039,0.694117647058824,0.803921568627451
79.64289903640747,0.0,0.3194826699002917,0.03,1,1,1,0.0,0.3333333333333333,0.135,-1,-1,-1,1.0,1.0,-1.0,0.0,-0.3333333333333333,0.135,-1,-1,-1,0.356862745098039,0.694117647058824,0.803921568627451
79.677570104599,0.0,0.3240986509690502,0.03,1,1,1,0.0,0.3333333333333333,0.135,-1,-1,-1,1.0,1.0,-1.0,0.0,-0.3333333333333333,0.135,-1,-1,-1,0.356862745098039,0.694117647058824,0.803921568627451
79.71271896362305,0.0,0.3287146320378087,0.03,1,1,1,0.0,0.3333333333333333,0.135,-1,-1,-1,1.0,1.0,-1.0,0.0,-0.3333333333333333,0.135,-1,-1,-1,0.356862745098039,0.694117647058824,0.803921568627451
79.74737548828125,0.0,0.3333306131065672,0.03,1,1,1,0.0,0.3333333333333333,0.135,-1,-1,-1,1.0,1.0,-1.0,0.0,-0.3333333333333333,0.135,-1,-1,-1,0.356862745098039,0.694117647058824,0.803921568627451
79.78159022331238,0.0,0.3342538093203189,0.03,1,1,1,0.0,0.3333333333333333,0.135,-1,-1,-1,1.0,1.0,-1.0,0.0,-0.3333333333333333,0.135,-1,-1,-1,0.356862745098039,0.694117647058824,0.803921568627451
79.816321849823,0.0,0.3342538093203189,0.03,1,1,1,0.0,0.3333333333333333,0.135,-1,-1,-1,1.0,1.0,-1.0,0.0,-0.3333333333333333,0.135,-1,-1,-1,0.356862745098039,0.694117647058824,0.803921568627451
79.85157465934753,0.0,0.3342538093203189,0.03,1,1,1,0.0,0.3333333333333333,0.135,-1,-1,-1,1.0,1.0,-1.0,0.0,-0.3333333333333333,0.135,-1,-1,-1,0.356862745098039,0.694117647058824,0.803921568627451
79.8860068321228,0.0,0.3342538093203189,0.03,1,1,1,0.0,0.3333333333333333,0.135,-1,-1,-1,1.0,1.0,-1.0,0.0,-0.3333333333333333,0.135,-1,-1,-1,0.356862745098039,0.694117647058824,0.803921568627451
79.92077660560608,0.0,0.3342538093203189,0.03,1,1,1,0.0,0.3333333333333333,0.135,-1,-1,-1,1.0,1.0,-1.0,0.0,-0.3333333333333333,0.135,-1,-1,-1,0.356862745098039,0.694117647058824,0.803921568627451
79.95544910430908,0.0,0.3342538093203189,0.03,1,1,1,0.0,0.3333333333333333,0.135,-1,-1,-1,1.0,1.0,-1.0,0.0,-0.3333333333333333,0.135,-1,-1,-1,0.356862745098039,0.694117647058824,0.803921568627451
79.9908618927002,0.0,0.3342538093203189,0.03,1,1,1,0.0,0.3333333333333333,0.135,-1,-1,-1,1.0,1.0,-1.0,0.0,-0.3333333333333333,0.135,-1,-1,-1,0.356862745098039,0.694117647058824,0.803921568627451
80.02560710906982,0.0,0.3342538093203189,0.03,1,1,1,0.0,0.3333333333333333,0.135,-1,-1,-1,1.0,1.0,-1.0,0.0,-0.3333333333333333,0.135,-1,-1,-1,0.356862745098039,0.694117647058824,0.803921568627451
80.06029200553894,0.0,0.3342538093203189,0.03,1,1,1,0.0,0.3333333333333333,0.135,-1,-1,-1,1.0,1.0,-1.0,0.0,-0.3333333333333333,0.135,-1,-1,-1,0.356862745098039,0.694117647058824,0.803921568627451
80.09498453140259,0.0,0.3342538093203189,0.03,1,1,1,0.0,0.3333333333333333,0.135,-1,-1,-1,1.0,1.0,-1.0,0.0,-0.3333333333333333,0.135,-1,-1,-1,0.356862745098039,0.694117647058824,0.803921568627451
80.12983322143555,0.0,0.3342538093203189,0.03,1,1,1,0.0,0.3333333333333333,0.135,-1,-1,-1,1.0,1.0,-1.0,0.0,-0.3333333333333333,0.135,-1,-1,-1,0.356862745098039,0.694117647058824,0.803921568627451
80.16429924964905,0.0,0.3342538093203189,0.03,1,1,1,0.0,0.3333333333333333,0.135,-1,-1,-1,1.0,1.0,-1.0,0.0,-0.3333333333333333,0.135,-1,-1,-1,0.356862745098039,0.694117647058824,0.803921568627451
80.19908094406128,0.0,0.3342538093203189,0.03,1,1,1,0.0,0.3333333333333333,0.135,-1,-1,-1,1.0,1.0,-1.0,0.0,-0.3333333333333333,0.135,-1,-1,-1,0.356862745098039,0.694117647058824,0.803921568627451
80.2336778640747,0.0,0.3342538093203189,0.03,1,1,1,0.0,0.3333333333333333,0.135,-1,-1,-1,1.0,1.0,-1.0,0.0,-0.3333333333333333,0.135,-1,-1,-1,0.356862745098039,0.694117647058824,0.803921568627451
80.26848483085632,0.0,0.3342538093203189,0.03,1,1,1,0.0,0.3333333333333333,0.135,-1,-1,-1,1.0,1.0,-1.0,0.0,-0.3333333333333333,0.135,-1,-1,-1,0.356862745098039,0.694117647058824,0.803921568627451
80.30294442176819,0.0,0.3342538093203189,0.03,1,1,1,0.0,0.3333333333333333,0.135,-1,-1,-1,1.0,1.0,-1.0,0.0,-0.3333333333333333,0.135,-1,-1,-1,0.356862745098039,0.694117647058824,0.803921568627451
80.33747601509094,0.0,0.3342538093203189,0.03,1,1,1,0.0,0.3333333333333333,0.135,-1,-1,-1,1.0,1.0,-1.0,0.0,-0.3333333333333333,0.135,-1,-1,-1,0.356862745098039,0.694117647058824,0.803921568627451
80.37204480171204,0.0,0.3342538093203189,0.03,1,1,1,0.0,0.3333333333333333,0.135,-1,-1,-1,1.0,1.0,-1.0,0.0,-0.3333333333333333,0.135,-1,-1,-1,0.356862745098039,0.694117647058824,0.803921568627451
80.40643763542175,0.0,0.3342538093203189,0.03,1,1,1,0.0,0.3333333333333333,0.135,-1,-1,-1,1.0,1.0,-1.0,0.0,-0.3333333333333333,0.135,-1,-1,-1,0.356862745098039,0.694117647058824,0.803921568627451
80.4408311843872,0.0,0.3342538093203189,0.03,1,1,1,0.0,0.3333333333333333,0.135,-1,-1,-1,1.0,1.0,-1.0,0.0,-0.3333333333333333,0.135,-1,-1,-1,0.356862745098039,0.694117647058824,0.803921568627451
80.47606086730957,0.0,0.3342538093203189,0.03,1,1,1,0.0,0.3333333333333333,0.135,-1,-1,-1,1.0,1.0,-1.0,0.0,-0.3333333333333333,0.135,-1,-1,-1,0.356862745098039,0.694117647058824,0.803921568627451
80.51122951507568,0.0,0.3342538093203189,0.03,1,1,1,0.0,0.3333333333333333,0.135,-1,-1,-1,1.0,1.0,-1.0,0.0,-0.3333333333333333,0.135,-1,-1,-1,0.356862745098039,0.694117647058824,0.803921568627451
80.5458128452301,0.0,0.3342538093203189,0.03,1,1,1,0.0,0.3333333333333333,0.135,-1,-1,-1,1.0,1.0,-1.0,0.0,-0.3333333333333333,0.135,-1,-1,-1,0.356862745098039,0.694117647058824,0.803921568627451
80.58018326759338,0.0,0.3342538093203189,0.03,1,1,1,0.0,0.3333333333333333,0.135,-1,-1,-1,1.0,1.0,-1.0,0.0,-0.3333333333333333,0.135,-1,-1,-1,0.356862745098039,0.694117647058824,0.803921568627451
80.61474370956421,0.0,0.003088040865219032,0.03,1,1,1,0.0,0.3333333333333333,0.12150000000000001,1,1,1,1.0,1.0,-1.0,0.0,-0.3333333333333333,0.135,-1,-1,-1,0.356862745098039,0.694117647058824,0.803921568627451
80.64853692054749,0.0,0.006948091946742822,0.03,1,1,1,0.0,0.3333333333333333,0.12150000000000001,1,1,1,1.0,1.0,-1.0,0.0,-0.3333333333333333,0.135,-1,-1,-1,0.356862745098039,0.694117647058824,0.803921568627451
80.68444442749023,0.0,0.010808143028266614,0.03,1,1,1,0.0,0.3333333333333333,0.12150000000000001,1,1,1,1.0,1.0,-1.0,0.0,-0.3333333333333333,0.135,-1,-1,-1,0.356862745098039,0.694117647058824,0.803921568627451
80.71907353401184,0.0,0.014668194109790408,0.03,1,1,1,0.0,0.3333333333333333,0.12150000000000001,1,1,1,1.0,1.0,-1.0,0.0,-0.3333333333333333,0.135,-1,-1,-1,0.356862745098039,0.694117647058824,0.803921568627451
80.75409626960754,0.0,0.018528245191314203,0.03,1,1,1,0.0,0.3333333333333333,0.12150000000000001,1,1,1,1.0,1.0,-1.0,0.0,-0.3333333333333333,0.135,-1,-1,-1,0.356862745098039,0.694117647058824,0.803921568627451
80.7889633178711,0.0,0.022388296272837997,0.03,1,1,1,0.0,0.3333333333333333,0.12150000000000001,1,1,1,1.0,1.0,-1.0,0.0,-0.3333333333333333,0.135,-1,-1,-1,0.356862745098039,0.694117647058824,0.803921568627451
80.82351088523865,0.0,0.02624834735436179,0.03,1,1,1,0.0,0.3333333333333333,0.12150000000000001,1,1,1,1.0,1.0,-1.0,0.0,-0.3333333333333333,0.135,-1,-1,-1,0.356862745098039,0.694117647058824,0.803921568627451
80.85851693153381,0.0,0.030108398435885583,0.03,1,1,1,0.0,0.3333333333333333,0.12150000000000001,1,1,1,1.0,1.0,-1.0,0.0,-0.3333333333333333,0.135,-1,-1,-1,0.356862745098039,0.694117647058824,0.803921568627451
80.89319801330566,0.0,0.03396844951740936,0.03,1,1,1,0.0,0.3333333333333333,0.12150000000000001,1,1,1,1.0,1.0,-1.0,0.0,-0.3333333333333333,0.135,-1,-1,-1,0.356862745098039,0.694117647058824,0.803921568627451
80.9273190498352,0.0,0.03782850059893314,0.03,1,1,1,0.0,0.3333333333333333,0.12150000000000001,1,1,1,1.0,1.0,-1.0,0.0,-0.3333333333333333,0.135,-1,-1,-1,0.356862745098039,0.694117647058824,0.803921568627451
80.96197009086609,0.0,0.04168855168045692,0.03,1,1,1,0.0,0.3333333333333333,0.12150000000000001,1,1,1,1.0,1.0,-1.0,0.0,-0.3333333333333333,0.135,-1,-1,-1,0.356862745098039,0.694117647058824,0.803921568627451
80.99784994125366,0.0,0.045548602761980694,0.03,1,1,1,0.0,0.3333333333333333,0.12150000000000001,1,1,1,1.0,1.0,-1.0,0.0,-0.3333333333333333,0.135,-1,-1,-1,0.356862745098039,0.694117647058824,0.803921568627451
81.03232932090759,0.0,0.04940865384350447,0.03,1,1,1,0.0,0.3333333333333333,0.12150000000000001,1,1,1,1.0,1.0,-1.0,0.0,-0.3333333333333333,0.135,-1,-1,-1,0.356862745098039,0.694117647058824,0.803921568627451
81.06708312034607,0.0,0.05326870492502825,0.03,1,1,1,0.0,0.3333333333333333,0.12150000000000001,1,1,1,1.0,1.0,-1.0,0.0,-0.3333333333333333,0.135,-1,-1,-1,0.356862745098039,0.694117647058824,0.803921568627451
81.10087656974792,0.0,0.057128756006552026,0.03,1,1,1,0.0,0.3333333333333333,0.12150000000000001,1,1,1,1.0,1.0,-1.0,0.0,-0.3333333333333333,0.135,-1,-1,-1,0.356862745098039,0.694117647058824,0.803921568627451
81.13529467582703,0.0,0.06098880708807581,0.03,1,1,1,0.0,0.3333333333333333,0.12150000000000001,1,1,1,1.0,1.0,-1.0,0.0,-0.3333333333333333,0.135,-1,-1,-1,0.356862745098039,0.694117647058824,0.803921568627451
81.16989469528198,0.0,0.0648488581695996,0.03,1,1,1,0.0,0.3333333333333333,0.12150000000000001,1,1,1,1.0,1.0,-1.0,0.0,-0.3333333333333333,0.135,-1,-1,-1,0.356862745098039,0.694117647058824,0.803921568627451
81.20505595207214,0.0,0.06870890925112337,0.03,1,1,1,0.0,0.3333333333333333,0.12150000000000001,1,1,1,1.0,1.0,-1.0,0.0,-0.3333333333333333,0.135,-1,-1,-1,0.356862745098039,0.694117647058824,0.803921568627451
81.23943138122559,0.0,0.07256896033264715,0.03,1,1,1,0.0,0.3333333333333333,0.12150000000000001,1,1,1,1.0,1.0,-1.0,0.0,-0.3333333333333333,0.135,-1,-1,-1,0.356862745098039,0.694117647058824,0.803921568627451
81.2740364074707,0.0,0.07642901141417092,0.03,1,1,1,0.0,0.3333333333333333,0.12150000000000001,1,1,1,1.0,1.0,-1.0,0.0,-0.3333333333333333,0.135,-1,-1,-1,0.356862745098039,0.694117647058824,0.803921568627451
81.30924916267395,0.0,0.0802890624956947,0.03,1,1,1,0.0,0.3333333333333333,0.12150000000000001,1,1,1,1.0,1.0,-1.0,0.0,-0.3333333333333333,0.135,-1,-1,-1,0.356862745098039,0.694117647058824,0.803921568627451
81.34409856796265,0.0,0.08414911357721848,0.03,1,1,1,0.0,0.3333333333333333,0.12150000000000001,1,1,1,1.0,1.0,-1.0,0.0,-0.3333333333333333,0.135,-1,-1,-1,0.356862745098039,0.694117647058824,0.803921568627451
81.37927007675171,0.0,0.08800916465874226,0.03,1,1,1,0.0,0.3333333333333333,0.12150000000000001,1,1,1,1.0,1.0,-1.0,0.0,-0.3333333333333333,0.135,-1,-1,-1,0.356862745098039,0.694117647058824,0.803921568627451
81.41343808174133,0.0,0.09186921574026603,0.03,1,1,1,0.0,0.3333333333333333,0.12150000000000001,1,1,1,1.0,1.0,-1.0,0.0,-0.3333333333333333,0.135,-1,-1,-1,0.356862745098039,0.694117647058824,0.803921568627451
81.44803524017334,0.0,0.09572926682178981,0.03,1,1,1,0.0,0.3333333333333333,0.12150000000000001,1,1,1,1.0,1.0,-1.0,0.0,-0.3333333333333333,0.135,-1,-1,-1,0.356862745098039,0.694117647058824,0.803921568627451
81.48283791542053,0.0,0.09958931790331359,0.03,1,1,1,0.0,0.3333333333333333,0.12150000000000001,1,1,1,1.0,1.0,-1.0,0.0,-0.3333333333333333,0.135,-1,-1,-1,0.356862745098039,0.694117647058824,0.803921568627451
81.51768708229065,0.0,0.10344936898483736,0.03,1,1,1,0.0,0.3333333333333333,0.12150000000000001,1,1,1,1.0,1.0,-1.0,0.0,-0.3333333333333333,0.135,-1,-1,-1,0.356862745098039,0.694117647058824,0.803921568627451
81.55230641365051,0.0,0.10730942006636114,0.03,1,1,1,0.0,0.3333333333333333,0.12150000000000001,1,1,1,1.0,1.0,-1.0,0.0,-0.3333333333333333,0.135,-1,-1,-1,0.356862745098039,0.694117647058824,0.803921568627451
81.58691072463989,0.0,0.11116947114788492,0.03,1,1,1,0.0,0.3333333333333333,0.12150000000000001,1,1,1,1.0,1.0,-1.0,0.0,-0.3333333333333333,0.135,-1,-1,-1,0.356862745098039,0.694117647058824,0.803921568627451
81.62186861038208,0.0,0.1150295222294087,0.03,1,1,1,0.0,0.3333333333333333,0.12150000000000001,1,1,1,1.0,1.0,-1.0,0.0,-0.3333333333333333,0.135,-1,-1,-1,0.356862745098039,0.694117647058824,0.803921568627451
81.65577244758606,0.0,0.11888957331093247,0.03,1,1,1,0.0,0.3333333333333333,0.12150000000000001,1,1,1,1.0,1.0,-1.0,0.0,-0.3333333333333333,0.135,-1,-1,-1,0.356862745098039,0.694117647058824,0.803921568627451
81.69154024124146,0.0,0.12274962439245626,0.03,1,1,1,0.0,0.3333333333333333,0.12150000000000001,1,1,1,1.0,1.0,-1.0,0.0,-0.3333333333333333,0.135,-1,-1,-1,0.356862745098039,0.694117647058824,0.803921568627451
81.72627973556519,0.0,0.12660967547398008,0.03,1,1,1,0.0,0.3333333333333333,0.12150000000000001,1,1,1,1.0,1.0,-1.0,0.0,-0.3333333333333333,0.135,-1,-1,-1,0.356862745098039,0.694117647058824,0.803921568627451
81.76054549217224,0.0,0.13046972655550393,0.03,1,1,1,0.0,0.3333333333333333,0.12150000000000001,1,1,1,1.0,1.0,-1.0,0.0,-0.3333333333333333,0.135,-1,-1,-1,0.356862745098039,0.694117647058824,0.803921568627451
81.79561448097229,0.0,0.13317658727201467,0.03,1,1,1,0.0,0.3333333333333333,0.12150000000000001,-1,-1,-1,1.0,1.0,-1.0,0.0,-0.3333333333333333,0.135,-1,-1,-1,0.356862745098039,0.694117647058824,0.803921568627451
81.83031964302063,0.0,0.131270686528473,0.03,1,1,1,0.0,0.3333333333333333,0.12150000000000001,-1,-1,-1,1.0,1.0,-1.0,0.0,-0.3333333333333333,0.135,-1,-1,-1,0.356862745098039,0.694117647058824,0.803921568627451
81.86444306373596,0.0,0.12936478578493135,0.03,1,1,1,0.0,0.3333333333333333,0.12150000000000001,-1,-1,-1,1.0,1.0,-1.0,0.0,-0.3333333333333333,0.135,-1,-1,-1,0.356862745098039,0.694117647058824,0.803921568627451
81.89987707138062,0.0,0.1274588850413897,0.03,1,1,1,0.0,0.3333333333333333,0.12150000000000001,-1,-1,-1,1.0,1.0,-1.0,0.0,-0.3333333333333333,0.135,-1,-1,-1,0.356862745098039,0.694117647058824,0.803921568627451
81.93399834632874,0.0,0.12555298429784803,0.03,1,1,1,0.0,0.3333333333333333,0.12150000000000001,-1,-1,-1,1.0,1.0,-1.0,0.0,-0.3333333333333333,0.135,-1,-1,-1,0.356862745098039,0.694117647058824,0.803921568627451
81.96894407272339,0.0,0.12364708355430636,0.03,1,1,1,0.0,0.3333333333333333,0.12150000000000001,-1,-1,-1,1.0,1.0,-1.0,0.0,-0.3333333333333333,0.135,-1,-1,-1,0.356862745098039,0.694117647058824,0.803921568627451
82.00458908081055,0.0,0.12174118281076468,0.03,1,1,1,0.0,0.3333333333333333,0.12150000000000001,-1,-1,-1,1.0,1.0,-1.0,0.0,-0.3333333333333333,0.135,-1,-1,-1,0.356862745098039,0.694117647058824,0.803921568627451
82.03910255432129,0.0,0.119835282067223,0.03,1,1,1,0.0,0.3333333333333333,0.12150000000000001,-1,-1,-1,1.0,1.0,-1.0,0.0,-0.3333333333333333,0.135,-1,-1,-1,0.356862745098039,0.694117647058824,0.803921568627451
82.0738878250122,0.0,0.11792938132368135,0.03,1,1,1,0.0,0.3333333333333333,0.12150000000000001,-1,-1,-1,1.0,1.0,-1.0,0.0,-0.3333333333333333,0.135,-1,-1,-1,0.356862745098039,0.694117647058824,0.803921568627451
82.10802054405212,0.0,0.11602348058013968,0.03,1,1,1,0.0,0.3333333333333333,0.12150000000000001,-1,-1,-1,1.0,1.0,-1.0,0.0,-0.3333333333333333,0.135,-1,-1,-1,0.356862745098039,0.694117647058824,0.803921568627451
82.14267182350159,0.0,0.11411757983659802,0.03,1,1,1,0.0,0.3333333333333333,0.12150000000000001,-1,-1,-1,1.0,1.0,-1.0,0.0,-0.3333333333333333,0.135,-1,-1,-1,0.356862745098039,0.694117647058824,0.803921568627451
82.17748212814331,0.0,0.11221167909305636,0.03,1,1,1,0.0,0.3333333333333333,0.12150000000000001,-1,-1,-1,1.0,1.0,-1.0,0.0,-0.3333333333333333,0.135,-1,-1,-1,0.356862745098039,0.694117647058824,0.803921568627451
82.21210384368896,0.0,0.1103057783495147,0.03,1,1,1,0.0,0.3333333333333333,0.12150000000000001,-1,-1,-1,1.0,1.0,-1.0,0.0,-0.3333333333333333,0.135,-1,-1,-1,0.356862745098039,0.694117647058824,0.803921568627451
82.24645662307739,0.0,0.10839987760597304,0.03,1,1,1,0.0,0.3333333333333333,0.12150000000000001,-1,-1,-1,1.0,1.0,-1.0,0.0,-0.3333333333333333,0.135,-1,-1,-1,0.356862745098039,0.694117647058824,0.803921568627451
82.28138279914856,0.0,0.10649397686243138,0.03,1,1,1,0.0,0.3333333333333333,0.12150000000000001,-1,-1,-1,1.0,1.0,-1.0,0.0,-0.3333333333333333,0.135,-1,-1,-1,0.356862745098039,0.694117647058824,0.803921568627451
82.31664204597473,0.0,0.10458807611888972,0.03,1,1,1,0.0,0.3333333333333333,0.12150000000000001,-1,-1,-1,1.0,1.0,-1.0,0.0,-0.3333333333333333,0.135,-1,-1,-1,0.356862745098039,0.694117647058824,0.803921568627451
82.35090970993042,0.0,0.10268217537534806,0.03,1,1,1,0.0,0.3333333333333333,0.12150000000000001,-1,-1,-1,1.0,1.0,-1.0,0.0,-0.3333333333333333,0.135,-1,-1,-1,0.356862745098039,0.694117647058824,0.803921568627451
82.38557457923889,0.0,0.1007762746318064,0.03,1,1,1,0.0,0.3333333333333333,0.12150000000000001,-1,-1,-1,1.0,1.0,-1.0,0.0,-0.3333333333333333,0.135,-1,-1,-1,0.356862745098039,0.694117647058824,0.803921568627451
82.41999316215515,0.0,0.09887037388826474,0.03,1,1,1,0.0,0.3333333333333333,0.12150000000000001,-1,-1,-1,1.0,1.0,-1.0,0.0,-0.3333333333333333,0.135,-1,-1,-1,0.356862745098039,0.694117647058824,0.803921568627451
82.4549834728241,0.0,0.09696447314472308,0.03,1,1,1,0.0,0.3333333333333333,0.12150000000000001,-1,-1,-1,1.0,1.0,-1.0,0.0,-0.3333333333333333,0.135,-1,-1,-1,0.356862745098039,0.694117647058824,0.803921568627451
82.4901213645935,0.0,0.09505857240118142,0.03,1,1,1,0.0,0.3333333333333333,0.12150000000000001,-1,-1,-1,1.0,1.0,-1.0,0.0,-0.3333333333333333,0.135,-1,-1,-1,0.356862745098039,0.694117647058824,0.803921568627451
82.52407813072205,0.0,0.09315267165763975,0.03,1,1,1,0.0,0.3333333333333333,0.12150000000000001,-1,-1,-1,1.0,1.0,-1.0,0.0,-0.3333333333333333,0.135,-1,-1,-1,0.356862745098039,0.694117647058824,0.803921568627451
82.55944395065308,0.0,0.0912467709140981,0.03,1,1,1,0.0,0.3333333333333333,0.12150000000000001,-1,-1,-1,1.0,1.0,-1.0,0.0,-0.3333333333333333,0.135,-1,-1,-1,0.356862745098039,0.694117647058824,0.803921568627451
82.59422945976257,0.0,0.08934087017055643,0.03,1,1,1,0.0,0.3333333333333333,0.12150000000000001,-1,-1,-1,1.0,1.0,-1.0,0.0,-0.3333333333333333,0.135,-1,-1,-1,0.356862745098039,0.694117647058824,0.803921568627451
82.62888383865356,0.0,0.08743496942701477,0.03,1,1,1,0.0,0.3333333333333333,0.12150000000000001,-1,-1,-1,1.0,1.0,-1.0,0.0,-0.3333333333333333,0.135,-1,-1,-1,0.356862745098039,0.694117647058824,0.803921568627451
82.66307020187378,0.0,0.08552906868347311,0.03,1,1,1,0.0,0.3333333333333333,0.12150000000000001,-1,-1,-1,1.0,1.0,-1.0,0.0,-0.3333333333333333,0.135,-1,-1,-1,0.356862745098039,0.694117647058824,0.803921568627451
82.69874334335327,0.0,0.08362316793993145,0.03,1,1,1,0.0,0.3333333333333333,0.12150000000000001,-1,-1,-1,1.0,1.0,-1.0,0.0,-0.3333333333333333,0.135,-1,-1,-1,0.356862745098039,0.694117647058824,0.803921568627451
82.73360228538513,0.0,0.08171726719638979,0.03,1,1,1,0.0,0.3333333333333333,0.12150000000000001,-1,-1,-1,1.0,1.0,-1.0,0.0,-0.3333333333333333,0.135,-1,-1,-1,0.356862745098039,0.694117647058824,0.803921568627451
82.76792001724243,0.0,0.07981136645284813,0.03,1,1,1,0.0,0.3333333333333333,0.12150000000000001,-1,-1,-1,1.0,1.0,-1.0,0.0,-0.3333333333333333,0.135,-1,-1,-1,0.356862745098039,0.694117647058824,0.803921568627451
82.80242323875427,0.0,0.07790546570930647,0.03,1,1,1,0.0,0.3333333333333333,0.12150000000000001,-1,-1,-1,1.0,1.0,-1.0,0.0,-0.3333333333333333,0.135,-1,-1,-1,0.356862745098039,0.694117647058824,0.803921568627451
82.83744144439697,0.0,0.07599956496576481,0.03,1,1,1,0.0,0.3333333333333333,0.12150000000000001,-1,-1,-1,1.0,1.0,-1.0,0.0,-0.3333333333333333,0.135,-1,-1,-1,0.356862745098039,0.694117647058824,0.803921568627451
82.88411688804626,0.0,0.07409366422222315,0.03,1,1,1,0.0,0.3333333333333333,0.12150000000000001,-1,-1,-1,1.0,1.0,-1.0,0.0,-0.3333333333333333,0.135,-1,-1,-1,0.356862745098039,0.694117647058824,0.803921568627451
82.9208288192749,0.0,0.07218776347868149,0.03,1,1,1,0.0,0.3333333333333333,0.12150000000000001,-1,-1,-1,1.0,1.0,-1.0,0.0,-0.3333333333333333,0.135,-1,-1,-1,0.356862745098039,0.694117647058824,0.803921568627451
82.95636796951294,0.0,0.07028186273513982,0.03,1,1,1,0.0,0.3333333333333333,0.12150000000000001,-1,-1,-1,1.0,1.0,-1.0,0.0,-0.3333333333333333,0.135,-1,-1,-1,0.356862745098039,0.694117647058824,0.803921568627451
82.99054336547852,0.0,0.06837596199159816,0.03,1,1,1,0.0,0.3333333333333333,0.12150000000000001,-1,-1,-1,1.0,1.0,-1.0,0.0,-0.3333333333333333,0.135,-1,-1,-1,0.356862745098039,0.694117647058824,0.803921568627451
83.02507400512695,0.0,0.0671241633026875,0.03,1,1,1,0.0,0.3333333333333333,0.12150000000000001,-1,-1,-1,1.0,1.0,-1.0,0.0,-0.3333333333333333,0.135,-1,-1,-1,0.356862745098039,0.694117647058824,0.803921568627451
83.05985498428345,0.0,0.06587236461377684,0.03,1,1,1,0.0,0.3333333333333333,0.12150000000000001,-1,-1,-1,1.0,1.0,-1.0,0.0,-0.3333333333333333,0.135,-1,-1,-1,0.356862745098039,0.694117647058824,0.803921568627451
83.09391832351685,0.0,0.06462056592486617,0.03,1,1,1,0.0,0.3333333333333333,0.12150000000000001,-1,-1,-1,1.0,1.0,-1.0,0.0,-0.3333333333333333,0.135,-1,-1,-1,0.356862745098039,0.694117647058824,0.803921568627451
83.12881135940552,0.0,0.06336876723595551,0.03,1,1,1,0.0,0.3333333333333333,0.12150000000000001,-1,-1,-1,1.0,1.0,-1.0,0.0,-0.3333333333333333,0.135,-1,-1,-1,0.356862745098039,0.694117647058824,0.803921568627451
83.16337180137634,0.0,0.06211696854704485,0.03,1,1,1,0.0,0.3333333333333333,0.12150000000000001,-1,-1,-1,1.0,1.0,-1.0,0.0,-0.3333333333333333,0.135,-1,-1,-1,0.356862745098039,0.694117647058824,0.803921568627451
83.19813871383667,0.0,0.0608651698581342,0.03,1,1,1,0.0,0.3333333333333333,0.12150000000000001,-1,-1,-1,1.0,1.0,-1.0,0.0,-0.3333333333333333,0.135,-1,-1,-1,0.356862745098039,0.694117647058824,0.803921568627451
83.23278307914734,0.0,0.05961337116922354,0.03,1,1,1,0.0,0.3333333333333333,0.12150000000000001,-1,-1,-1,1.0,1.0,-1.0,0.0,-0.3333333333333333,0.135,-1,-1,-1,0.356862745098039,0.694117647058824,0.803921568627451
83.26765322685242,0.0,0.05836157248031288,0.03,1,1,1,0.0,0.3333333333333333,0.12150000000000001,-1,-1,-1,1.0,1.0,-1.0,0.0,-0.3333333333333333,0.135,-1,-1,-1,0.356862745098039,0.694117647058824,0.803921568627451
83.30222201347351,0.0,0.05710977379140222,0.03,1,1,1,0.0,0.3333333333333333,0.12150000000000001,-1,-1,-1,1.0,1.0,-1.0,0.0,-0.3333333333333333,0.135,-1,-1,-1,0.356862745098039,0.694117647058824,0.803921568627451
83.33704543113708,0.0,0.055857975102491554,0.03,1,1,1,0.0,0.3333333333333333,0.12150000000000001,-1,-1,-1,1.0,1.0,-1.0,0.0,-0.3333333333333333,0.135,-1,-1,-1,0.356862745098039,0.694117647058824,0.803921568627451
83.37182927131653,0.0,0.05460617641358089,0.03,1,1,1,0.0,0.3333333333333333,0.12150000000000001,-1,-1,-1,1.0,1.0,-1.0,0.0,-0.3333333333333333,0.135,-1,-1,-1,0.356862745098039,0.694117647058824,0.803921568627451
83.40644812583923,0.0,0.05335437772467023,0.03,1,1,1,0.0,0.3333333333333333,0.12150000000000001,-1,-1,-1,1.0,1.0,-1.0,0.0,-0.3333333333333333,0.135,-1,-1,-1,0.356862745098039,0.694117647058824,0.803921568627451
83.44117307662964,0.0,0.052102579035759565,0.03,1,1,1,0.0,0.3333333333333333,0.12150000000000001,-1,-1,-1,1.0,1.0,-1.0,0.0,-0.3333333333333333,0.135,-1,-1,-1,0.356862745098039,0.694117647058824,0.803921568627451
83.47616720199585,0.0,0.0508507803468489,0.03,1,1,1,0.0,0.3333333333333333,0.12150000000000001,-1,-1,-1,1.0,1.0,-1.0,0.0,-0.3333333333333333,0.135,-1,-1,-1,0.356862745098039,0.694117647058824,0.803921568627451
83.51049041748047,0.0,0.04959898165793824,0.03,1,1,1,0.0,0.3333333333333333,0.12150000000000001,-1,-1,-1,1.0,1.0,-1.0,0.0,-0.3333333333333333,0.135,-1,-1,-1,0.356862745098039,0.694117647058824,0.803921568627451
83.54549956321716,0.0,0.048347182969027576,0.03,1,1,1,0.0,0.3333333333333333,0.12150000000000001,-1,-1,-1,1.0,1.0,-1.0,0.0,-0.3333333333333333,0.135,-1,-1,-1,0.356862745098039,0.694117647058824,0.803921568627451
83.58005928993225,0.0,0.04709538428011691,0.03,1,1,1,0.0,0.3333333333333333,0.12150000000000001,-1,-1,-1,1.0,1.0,-1.0,0.0,-0.3333333333333333,0.135,-1,-1,-1,0.356862745098039,0.694117647058824,0.803921568627451
83.61436915397644,0.0,0.04584358559120625,0.03,1,1,1,0.0,0.3333333333333333,0.12150000000000001,-1,-1,-1,1.0,1.0,-1.0,0.0,-0.3333333333333333,0.135,-1,-1,-1,0.356862745098039,0.694117647058824,0.803921568627451
83.64951848983765,0.0,0.04459178690229559,0.03,1,1,1,0.0,0.3333333333333333,0.12150000000000001,-1,-1,-1,1.0,1.0,-1.0,0.0,-0.3333333333333333,0.135,-1,-1,-1,0.356862745098039,0.694117647058824,0.803921568627451
83.68472123146057,0.0,0.043339988213384924,0.03,1,1,1,0.0,0.3333333333333333,0.12150000000000001,-1,-1,-1,1.0,1.0,-1.0,0.0,-0.3333333333333333,0.135,-1,-1,-1,0.356862745098039,0.694117647058824,0.803921568627451
83.71897864341736,0.0,0.04208818952447426,0.03,1,1,1,0.0,0.3333333333333333,0.12150000000000001,-1,-1,-1,1.0,1.0,-1.0,0.0,-0.3333333333333333,0.135,-1,-1,-1,0.356862745098039,0.694117647058824,0.803921568627451
83.75319647789001,0.0,0.0408363908355636,0.03,1,1,1,0.0,0.3333333333333333,0.12150000000000001,-1,-1,-1,1.0,1.0,-1.0,0.0,-0.3333333333333333,0.135,-1,-1,-1,0.356862745098039,0.694117647058824,0.803921568627451
83.78812146186829,0.0,0.039584592146652935,0.03,1,1,1,0.0,0.3333333333333333,0.12150000000000001,-1,-1,-1,1.0,1.0,-1.0,0.0,-0.3333333333333333,0.135,-1,-1,-1,0.356862745098039,0.694117647058824,0.803921568627451
83.82312631607056,0.0,0.03833279345774227,0.03,1,1,1,0.0,0.3333333333333333,0.12150000000000001,-1,-1,-1,1.0,1.0,-1.0,0.0,-0.3333333333333333,0.135,-1,-1,-1,0.356862745098039,0.694117647058824,0.803921568627451
83.85802340507507,0.0,0.03708099476883161,0.03,1,1,1,0.0,0.3333333333333333,0.12150000000000001,-1,-1,-1,1.0,1.0,-1.0,0.0,-0.3333333333333333,0.135,-1,-1,-1,0.356862745098039,0.694117647058824,0.803921568627451
83.89264512062073,0.0,0.035829196079920946,0.03,1,1,1,0.0,0.3333333333333333,0.12150000000000001,-1,-1,-1,1.0,1.0,-1.0,0.0,-0.3333333333333333,0.135,-1,-1,-1,0.356862745098039,0.694117647058824,0.803921568627451
83.9274799823761,0.0,0.03457739739101028,0.03,1,1,1,0.0,0.3333333333333333,0.12150000000000001,-1,-1,-1,1.0,1.0,-1.0,0.0,-0.3333333333333333,0.135,-1,-1,-1,0.356862745098039,0.694117647058824,0.803921568627451
83.9626796245575,0.0,0.03332559870209962,0.03,1,1,1,0.0,0.3333333333333333,0.12150000000000001,-1,-1,-1,1.0,1.0,-1.0,0.0,-0.3333333333333333,0.135,-1,-1,-1,0.356862745098039,0.694117647058824,0.803921568627451
83.99718689918518,0.0,0.032073800013188956,0.03,1,1,1,0.0,0.3333333333333333,0.12150000000000001,-1,-1,-1,1.0,1.0,-1.0,0.0,-0.3333333333333333,0.135,-1,-1,-1,0.356862745098039,0.694117647058824,0.803921568627451
84.03179502487183,0.0,0.030822001324278293,0.03,1,1,1,0.0,0.3333333333333333,0.12150000000000001,-1,-1,-1,1.0,1.0,-1.0,0.0,-0.3333333333333333,0.135,-1,-1,-1,0.356862745098039,0.694117647058824,0.803921568627451
84.06629538536072,0.0,0.02957020263536763,0.03,1,1,1,0.0,0.3333333333333333,0.12150000000000001,-1,-1,-1,1.0,1.0,-1.0,0.0,-0.3333333333333333,0.135,-1,-1,-1,0.356862745098039,0.694117647058824,0.803921568627451
84.10096573829651,0.0,0.028318403946456967,0.03,1,1,1,0.0,0.3333333333333333,0.12150000000000001,-1,-1,-1,1.0,1.0,-1.0,0.0,-0.3333333333333333,0.135,-1,-1,-1,0.356862745098039,0.694117647058824,0.803921568627451
84.13572096824646,0.0,0.027066605257546304,0.03,1,1,1,0.0,0.3333333333333333,0.12150000000000001,-1,-1,-1,1.0,1.0,-1.0,0.0,-0.3333333333333333,0.135,-1,-1,-1,0.356862745098039,0.694117647058824,0.803921568627451
84.1701090335846,0.0,0.02581480656863564,0.03,1,1,1,0.0,0.3333333333333333,0.12150000000000001,-1,-1,-1,1.0,1.0,-1.0,0.0,-0.3333333333333333,0.135,-1,-1,-1,0.356862745098039,0.694117647058824,0.803921568627451
84.2054672241211,0.0,0.024343714438061936,0.03,1,1,1,0.0,0.3333333333333333,0.12150000000000001,-1,-1,-1,1.0,1.0,-1.0,0.0,-0.3333333333333333,0.135,-1,-1,-1,0.356862745098039,0.694117647058824,0.803921568627451
84.23928117752075,0.0,0.02254368214499367,0.03,1,1,1,0.0,0.3333333333333333,0.12150000000000001,-1,-1,-1,1.0,1.0,-1.0,0.0,-0.3333333333333333,0.135,-1,-1,-1,0.356862745098039,0.694117647058824,0.803921568627451
84.2737786769867,0.0,0.0207436498519254,0.03,1,1,1,0.0,0.3333333333333333,0.12150000000000001,-1,-1,-1,1.0,1.0,-1.0,0.0,-0.3333333333333333,0.135,-1,-1,-1,0.356862745098039,0.694117647058824,0.803921568627451
84.3088173866272,0.0,0.018943617558857134,0.03,1,1,1,0.0,0.3333333333333333,0.12150000000000001,-1,-1,-1,1.0,1.0,-1.0,0.0,-0.3333333333333333,0.135,-1,-1,-1,0.356862745098039,0.694117647058824,0.803921568627451
84.34396600723267,0.0,0.017143585265788866,0.03,1,1,1,0.0,0.3333333333333333,0.12150000000000001,-1,-1,-1,1.0,1.0,-1.0,0.0,-0.3333333333333333,0.135,-1,-1,-1,0.356862745098039,0.694117647058824,0.803921568627451
84.37818145751953,0.0,0.015343552972720598,0.03,1,1,1,0.0,0.3333333333333333,0.12150000000000001,-1,-1,-1,1.0,1.0,-1.0,0.0,-0.3333333333333333,0.135,-1,-1,-1,0.356862745098039,0.694117647058824,0.803921568627451
84.41290092468262,0.0,0.01354352067965233,0.03,1,1,1,0.0,0.3333333333333333,0.12150000000000001,-1,-1,-1,1.0,1.0,-1.0,0.0,-0.3333333333333333,0.135,-1,-1,-1,0.356862745098039,0.694117647058824,0.803921568627451
84.44751644134521,0.0,0.011743488386584063,0.03,1,1,1,0.0,0.3333333333333333,0.12150000000000001,-1,-1,-1,1.0,1.0,-1.0,0.0,-0.3333333333333333,0.135,-1,-1,-1,0.356862745098039,0.694117647058824,0.803921568627451
84.48233985900879,0.0,0.009943456093515796,0.03,1,1,1,0.0,0.3333333333333333,0.12150000000000001,-1,-1,-1,1.0,1.0,-1.0,0.0,-0.3333333333333333,0.135,-1,-1,-1,0.356862745098039,0.694117647058824,0.803921568627451
84.51707863807678,0.0,0.008143423800447528,0.03,1,1,1,0.0,0.3333333333333333,0.12150000000000001,-1,-1,-1,1.0,1.0,-1.0,0.0,-0.3333333333333333,0.135,-1,-1,-1,0.356862745098039,0.694117647058824,0.803921568627451
84.5520224571228,0.0,0.006343391507379265,0.03,1,1,1,0.0,0.3333333333333333,0.12150000000000001,-1,-1,-1,1.0,1.0,-1.0,0.0,-0.3333333333333333,0.135,-1,-1,-1,0.356862745098039,0.694117647058824,0.803921568627451
84.58652067184448,0.0,0.0045433592143110015,0.03,1,1,1,0.0,0.3333333333333333,0.12150000000000001,-1,-1,-1,1.0,1.0,-1.0,0.0,-0.3333333333333333,0.135,-1,-1,-1,0.356862745098039,0.694117647058824,0.803921568627451
84.6211097240448,0.0,0.0027433269212427383,0.03,1,1,1,0.0,0.3333333333333333,0.12150000000000001,-1,-1,-1,1.0,1.0,-1.0,0.0,-0.3333333333333333,0.135,-1,-1,-1,0.356862745098039,0.694117647058824,0.803921568627451
84.65639352798462,0.0,0.000943294628174475,0.03,1,1,1,0.0,0.3333333333333333,0.12150000000000001,-1,-1,-1,1.0,1.0,-1.0,0.0,-0.3333333333333333,0.135,-1,-1,-1,0.356862745098039,0.694117647058824,0.803921568627451
84.69143319129944,0.0,-0.0008567376648937885,0.03,1,1,1,0.0,0.3333333333333333,0.12150000000000001,-1,-1,-1,1.0,1.0,-1.0,0.0,-0.3333333333333333,0.135,-1,-1,-1,0.356862745098039,0.694117647058824,0.803921568627451
84.72631430625916,0.0,-0.002656769957962052,0.03,1,1,1,0.0,0.3333333333333333,0.12150000000000001,-1,-1,-1,1.0,1.0,-1.0,0.0,-0.3333333333333333,0.135,-1,-1,-1,0.356862745098039,0.694117647058824,0.803921568627451
84.76038908958435,0.0,-0.004456802251030315,0.03,1,1,1,0.0,0.3333333333333333,0.12150000000000001,-1,-1,-1,1.0,1.0,-1.0,0.0,-0.3333333333333333,0.135,-1,-1,-1,0.356862745098039,0.694117647058824,0.803921568627451
84.79525208473206,0.0,-0.006256834544098578,0.03,1,1,1,0.0,0.3333333333333333,0.12150000000000001,-1,-1,-1,1.0,1.0,-1.0,0.0,-0.3333333333333333,0.135,-1,-1,-1,0.356862745098039,0.694117647058824,0.803921568627451
84.83012628555298,0.0,-0.008056866837166842,0.03,1,1,1,0.0,0.3333333333333333,0.12150000000000001,-1,-1,-1,1.0,1.0,-1.0,0.0,-0.3333333333333333,0.135,-1,-1,-1,0.356862745098039,0.694117647058824,0.803921568627451
84.8649513721466,0.0,-0.00985689913023511,0.03,1,1,1,0.0,0.3333333333333333,0.12150000000000001,-1,-1,-1,1.0,1.0,-1.0,0.0,-0.3333333333333333,0.135,-1,-1,-1,0.356862745098039,0.694117647058824,0.803921568627451
84.89955520629883,0.0,-0.011656931423303377,0.03,1,1,1,0.0,0.3333333333333333,0.12150000000000001,-1,-1,-1,1.0,1.0,-1.0,0.0,-0.3333333333333333,0.135,-1,-1,-1,0.356862745098039,0.694117647058824,0.803921568627451
84.93434071540833,0.0,-0.013456963716371645,0.03,1,1,1,0.0,0.3333333333333333,0.12150000000000001,-1,-1,-1,1.0,1.0,-1.0,0.0,-0.3333333333333333,0.135,-1,-1,-1,0.356862745098039,0.694117647058824,0.803921568627451
84.9688127040863,0.0,-0.015256996009439914,0.03,1,1,1,0.0,0.3333333333333333,0.12150000000000001,-1,-1,-1,1.0,1.0,-1.0,0.0,-0.3333333333333333,0.135,-1,-1,-1,0.356862745098039,0.694117647058824,0.803921568627451
85.00322222709656,0.0,-0.01705702830250818,0.03,1,1,1,0.0,0.3333333333333333,0.12150000000000001,-1,-1,-1,1.0,1.0,-1.0,0.0,-0.3333333333333333,0.135,-1,-1,-1,0.356862745098039,0.694117647058824,0.803921568627451
85.03814911842346,0.0,-0.018857060595576448,0.03,1,1,1,0.0,0.3333333333333333,0.12150000000000001,-1,-1,-1,1.0,1.0,-1.0,0.0,-0.3333333333333333,0.135,-1,-1,-1,0.356862745098039,0.694117647058824,0.803921568627451
85.07285189628601,0.0,-0.020657092888644715,0.03,1,1,1,0.0,0.3333333333333333,0.12150000000000001,-1,-1,-1,1.0,1.0,-1.0,0.0,-0.3333333333333333,0.135,-1,-1,-1,0.356862745098039,0.694117647058824,0.803921568627451
85.10748934745789,0.0,-0.022457125181712983,0.03,1,1,1,0.0,0.3333333333333333,0.12150000000000001,-1,-1,-1,1.0,1.0,-1.0,0.0,-0.3333333333333333,0.135,-1,-1,-1,0.356862745098039,0.694117647058824,0.803921568627451
85.1422004699707,0.0,-0.02425715747478125,0.03,1,1,1,0.0,0.3333333333333333,0.12150000000000001,-1,-1,-1,1.0,1.0,-1.0,0.0,-0.3333333333333333,0.135,-1,-1,-1,0.356862745098039,0.694117647058824,0.803921568627451
85.17709708213806,0.0,-0.026057189767849518,0.03,1,1,1,0.0,0.3333333333333333,0.12150000000000001,-1,-1,-1,1.0,1.0,-1.0,0.0,-0.3333333333333333,0.135,-1,-1,-1,0.356862745098039,0.694117647058824,0.803921568627451
85.21199774742126,0.0,-0.027857222060917786,0.03,1,1,1,0.0,0.3333333333333333,0.12150000000000001,-1,-1,-1,1.0,1.0,-1.0,0.0,-0.3333333333333333,0.135,-1,-1,-1,0.356862745098039,0.694117647058824,0.803921568627451
85.24613165855408,0.0,-0.029657254353986053,0.03,1,1,1,0.0,0.3333333333333333,0.12150000000000001,-1,-1,-1,1.0,1.0,-1.0,0.0,-0.3333333333333333,0.135,-1,-1,-1,0.356862745098039,0.694117647058824,0.803921568627451
85.2810001373291,0.0,-0.031457286647054314,0.03,1,1,1,0.0,0.3333333333333333,0.12150000000000001,-1,-1,-1,1.0,1.0,-1.0,0.0,-0.3333333333333333,0.135,-1,-1,-1,0.356862745098039,0.694117647058824,0.803921568627451
85.31588292121887,0.0,-0.033257318940122564,0.03,1,1,1,0.0,0.3333333333333333,0.12150000000000001,-1,-1,-1,1.0,1.0,-1.0,0.0,-0.3333333333333333,0.135,-1,-1,-1,0.356862745098039,0.694117647058824,0.803921568627451
85.35072588920593,0.0,-0.035057351233190814,0.03,1,1,1,0.0,0.3333333333333333,0.12150000000000001,-1,-1,-1,1.0,1.0,-1.0,0.0,-0.3333333333333333,0.135,-1,-1,-1,0.356862745098039,0.694117647058824,0.803921568627451
85.38525199890137,0.0,-0.036857383526259065,0.03,1,1,1,0.0,0.3333333333333333,0.12150000000000001,-1,-1,-1,1.0,1.0,-1.0,0.0,-0.3333333333333333,0.135,-1,-1,-1,0.356862745098039,0.694117647058824,0.803921568627451
85.42017579078674,0.0,-0.03355389863435447,0.03,1,1,1,0.0,0.3333333333333333,0.12150000000000001,-1,-1,-1,1.0,1.0,-1.0,0.0,-0.3333333333333333,0.135,-1,-1,-1,0.356862745098039,0.694117647058824,0.803921568627451
85.45497679710388,0.0,-0.028974534446206665,0.03,1,1,1,0.0,0.3333333333333333,0.12150000000000001,-1,-1,-1,1.0,1.0,-1.0,0.0,-0.3333333333333333,0.135,-1,-1,-1,0.356862745098039,0.694117647058824,0.803921568627451
85.48950982093811,0.0,-0.02439517025805886,0.03,1,1,1,0.0,0.3333333333333333,0.12150000000000001,-1,-1,-1,1.0,1.0,-1.0,0.0,-0.3333333333333333,0.135,-1,-1,-1,0.356862745098039,0.694117647058824,0.803921568627451
85.52405643463135,0.0,-0.019815806069911054,0.03,1,1,1,0.0,0.3333333333333333,0.12150000000000001,-1,-1,-1,1.0,1.0,-1.0,0.0,-0.3333333333333333,0.135,-1,-1,-1,0.356862745098039,0.694117647058824,0.803921568627451
85.55930638313293,0.0,-0.015236441881763249,0.03,1,1,1,0.0,0.3333333333333333,0.12150000000000001,-1,-1,-1,1.0,1.0,-1.0,0.0,-0.3333333333333333,0.135,-1,-1,-1,0.356862745098039,0.694117647058824,0.803921568627451
85.59401655197144,0.0,-0.010657077693615444,0.03,1,1,1,0.0,0.3333333333333333,0.12150000000000001,-1,-1,-1,1.0,1.0,-1.0,0.0,-0.3333333333333333,0.135,-1,-1,-1,0.356862745098039,0.694117647058824,0.803921568627451
85.62825393676758,0.0,-0.006077713505467637,0.03,1,1,1,0.0,0.3333333333333333,0.12150000000000001,-1,-1,-1,1.0,1.0,-1.0,0.0,-0.3333333333333333,0.135,-1,-1,-1,0.356862745098039,0.694117647058824,0.803921568627451
85.66288590431213,0.0,-0.001498349317319827,0.03,1,1,1,0.0,0.3333333333333333,0.12150000000000001,-1,-1,-1,1.0,1.0,-1.0,0.0,-0.3333333333333333,0.135,-1,-1,-1,0.356862745098039,0.694117647058824,0.803921568627451
85.69742608070374,0.0,0.0030810148708279826,0.03,1,1,1,0.0,0.3333333333333333,0.12150000000000001,-1,-1,-1,1.0,1.0,-1.0,0.0,-0.3333333333333333,0.135,-1,-1,-1,0.356862745098039,0.694117647058824,0.803921568627451
85.73257637023926,0.0,0.007660379058975791,0.03,1,1,1,0.0,0.3333333333333333,0.12150000000000001,-1,-1,-1,1.0,1.0,-1.0,0.0,-0.3333333333333333,0.135,-1,-1,-1,0.356862745098039,0.694117647058824,0.803921568627451
85.76771903038025,0.0,0.012239743247123597,0.03,1,1,1,0.0,0.3333333333333333,0.12150000000000001,-1,-1,-1,1.0,1.0,-1.0,0.0,-0.3333333333333333,0.135,-1,-1,-1,0.356862745098039,0.694117647058824,0.803921568627451
85.80185651779175,0.0,0.016819107435271402,0.03,1,1,1,0.0,0.3333333333333333,0.12150000000000001,-1,-1,-1,1.0,1.0,-1.0,0.0,-0.3333333333333333,0.135,-1,-1,-1,0.356862745098039,0.694117647058824,0.803921568627451
85.83702754974365,0.0,0.021398471623419207,0.03,1,1,1,0.0,0.3333333333333333,0.12150000000000001,-1,-1,-1,1.0,1.0,-1.0,0.0,-0.3333333333333333,0.135,-1,-1,-1,0.356862745098039,0.694117647058824,0.803921568627451
85.87157034873962,0.0,0.025977835811567013,0.03,1,1,1,0.0,0.3333333333333333,0.12150000000000001,-1,-1,-1,1.0,1.0,-1.0,0.0,-0.3333333333333333,0.135,-1,-1,-1,0.356862745098039,0.694117647058824,0.803921568627451
85.90661263465881,0.0,0.03055719999971482,0.03,1,1,1,0.0,0.3333333333333333,0.12150000000000001,-1,-1,-1,1.0,1.0,-1.0,0.0,-0.3333333333333333,0.135,-1,-1,-1,0.356862745098039,0.694117647058824,0.803921568627451
85.94085359573364,0.0,0.03513656418786263,0.03,1,1,1,0.0,0.3333333333333333,0.12150000000000001,-1,-1,-1,1.0,1.0,-1.0,0.0,-0.3333333333333333,0.135,-1,-1,-1,0.356862745098039,0.694117647058824,0.803921568627451
85.9754729270935,0.0,0.039715928376010436,0.03,1,1,1,0.0,0.3333333333333333,0.12150000000000001,-1,-1,-1,1.0,1.0,-1.0,0.0,-0.3333333333333333,0.135,-1,-1,-1,0.356862745098039,0.694117647058824,0.803921568627451
86.01029515266418,0.0,0.04429529256415824,0.03,1,1,1,0.0,0.3333333333333333,0.12150000000000001,-1,-1,-1,1.0,1.0,-1.0,0.0,-0.3333333333333333,0.135,-1,-1,-1,0.356862745098039,0.694117647058824,0.803921568627451
86.04560017585754,0.0,0.048874656752306046,0.03,1,1,1,0.0,0.3333333333333333,0.12150000000000001,-1,-1,-1,1.0,1.0,-1.0,0.0,-0.3333333333333333,0.135,-1,-1,-1,0.356862745098039,0.694117647058824,0.803921568627451
86.08046627044678,0.0,0.05345402094045385,0.03,1,1,1,0.0,0.3333333333333333,0.12150000000000001,-1,-1,-1,1.0,1.0,-1.0,0.0,-0.3333333333333333,0.135,-1,-1,-1,0.356862745098039,0.694117647058824,0.803921568627451
86.11513829231262,0.0,0.05803338512860166,0.03,1,1,1,0.0,0.3333333333333333,0.12150000000000001,-1,-1,-1,1.0,1.0,-1.0,0.0,-0.3333333333333333,0.135,-1,-1,-1,0.356862745098039,0.694117647058824,0.803921568627451
86.14986515045166,0.0,0.06261274931674947,0.03,1,1,1,0.0,0.3333333333333333,0.12150000000000001,-1,-1,-1,1.0,1.0,-1.0,0.0,-0.3333333333333333,0.135,-1,-1,-1,0.356862745098039,0.694117647058824,0.803921568627451
86.18456745147705,0.0,0.06719211350489727,0.03,1,1,1,0.0,0.3333333333333333,0.12150000000000001,-1,-1,-1,1.0,1.0,-1.0,0.0,-0.3333333333333333,0.135,-1,-1,-1,0.356862745098039,0.694117647058824,0.803921568627451
86.21918797492981,0.0,0.07177147769304508,0.03,1,1,1,0.0,0.3333333333333333,0.12150000000000001,-1,-1,-1,1.0,1.0,-1.0,0.0,-0.3333333333333333,0.135,-1,-1,-1,0.356862745098039,0.694117647058824,0.803921568627451
86.25403475761414,0.0,0.07635084188119289,0.03,1,1,1,0.0,0.3333333333333333,0.12150000000000001,-1,-1,-1,1.0,1.0,-1.0,0.0,-0.3333333333333333,0.135,-1,-1,-1,0.356862745098039,0.694117647058824,0.803921568627451
86.28871750831604,0.0,0.08093020606934069,0.03,1,1,1,0.0,0.3333333333333333,0.12150000000000001,-1,-1,-1,1.0,1.0,-1.0,0.0,-0.3333333333333333,0.135,-1,-1,-1,0.356862745098039,0.694117647058824,0.803921568627451
86.32352542877197,0.0,0.0855095702574885,0.03,1,1,1,0.0,0.3333333333333333,0.12150000000000001,-1,-1,-1,1.0,1.0,-1.0,0.0,-0.3333333333333333,0.135,-1,-1,-1,0.356862745098039,0.694117647058824,0.803921568627451
86.35821723937988,0.0,0.0900889344456363,0.03,1,1,1,0.0,0.3333333333333333,0.12150000000000001,-1,-1,-1,1.0,1.0,-1.0,0.0,-0.3333333333333333,0.135,-1,-1,-1,0.356862745098039,0.694117647058824,0.803921568627451
86.39278793334961,0.0,0.0946682986337841,0.03,1,1,1,0.0,0.3333333333333333,0.12150000000000001,-1,-1,-1,1.0,1.0,-1.0,0.0,-0.3333333333333333,0.135,-1,-1,-1,0.356862745098039,0.694117647058824,0.803921568627451
86.42761087417603,0.0,0.09924766282193191,0.03,1,1,1,0.0,0.3333333333333333,0.12150000000000001,-1,-1,-1,1.0,1.0,-1.0,0.0,-0.3333333333333333,0.135,-1,-1,-1,0.356862745098039,0.694117647058824,0.803921568627451
86.46241664886475,0.0,0.10382702701007972,0.03,1,1,1,0.0,0.3333333333333333,0.12150000000000001,-1,-1,-1,1.0,1.0,-1.0,0.0,-0.3333333333333333,0.135,-1,-1,-1,0.356862745098039,0.694117647058824,0.803921568627451
86.4974250793457,0.0,0.10840639119822752,0.03,1,1,1,0.0,0.3333333333333333,0.12150000000000001,-1,-1,-1,1.0,1.0,-1.0,0.0,-0.3333333333333333,0.135,-1,-1,-1,0.356862745098039,0.694117647058824,0.803921568627451
86.5321478843689,0.0,0.11298575538637533,0.03,1,1,1,0.0,0.3333333333333333,0.12150000000000001,-1,-1,-1,1.0,1.0,-1.0,0.0,-0.3333333333333333,0.135,-1,-1,-1,0.356862745098039,0.694117647058824,0.803921568627451
86.5663685798645,0.0,0.11756511957452313,0.03,1,1,1,0.0,0.3333333333333333,0.12150000000000001,-1,-1,-1,1.0,1.0,-1.0,0.0,-0.3333333333333333,0.135,-1,-1,-1,0.356862745098039,0.694117647058824,0.803921568627451
86.60105895996094,0.0,0.1218507417684169,0.03,1,1,1,0.0,0.3333333333333333,0.12150000000000001,-1,-1,-1,1.0,1.0,-1.0,0.0,-0.3333333333333333,0.135,-1,-1,-1,0.356862745098039,0.694117647058824,0.803921568627451
86.63510823249817,0.0,0.12496139598529446,0.03,1,1,1,0.0,0.3333333333333333,0.12150000000000001,-1,-1,-1,1.0,1.0,-1.0,0.0,-0.3333333333333333,0.135,-1,-1,-1,0.356862745098039,0.694117647058824,0.803921568627451
86.66990900039673,0.0,0.128072050202172,0.03,1,1,1,0.0,0.3333333333333333,0.12150000000000001,-1,-1,-1,1.0,1.0,-1.0,0.0,-0.3333333333333333,0.135,-1,-1,-1,0.356862745098039,0.694117647058824,0.803921568627451
86.705735206604,0.0,0.13118270441904953,0.03,1,1,1,0.0,0.3333333333333333,0.12150000000000001,-1,-1,-1,1.0,1.0,-1.0,0.0,-0.3333333333333333,0.135,-1,-1,-1,0.356862745098039,0.694117647058824,0.803921568627451
86.74001336097717,0.0,0.13429335863592706,0.03,1,1,1,0.0,0.3333333333333333,0.12150000000000001,-1,-1,-1,1.0,1.0,-1.0,0.0,-0.3333333333333333,0.135,-1,-1,-1,0.356862745098039,0.694117647058824,0.803921568627451
86.77467703819275,0.0,0.1374040128528046,0.03,1,1,1,0.0,0.3333333333333333,0.12150000000000001,-1,-1,-1,1.0,1.0,-1.0,0.0,-0.3333333333333333,0.135,-1,-1,-1,0.356862745098039,0.694117647058824,0.803921568627451
86.80965971946716,0.0,0.14051466706968213,0.03,1,1,1,0.0,0.3333333333333333,0.12150000000000001,-1,-1,-1,1.0,1.0,-1.0,0.0,-0.3333333333333333,0.135,-1,-1,-1,0.356862745098039,0.694117647058824,0.803921568627451
86.84426021575928,0.0,0.14362532128655967,0.03,1,1,1,0.0,0.3333333333333333,0.12150000000000001,-1,-1,-1,1.0,1.0,-1.0,0.0,-0.3333333333333333,0.135,-1,-1,-1,0.356862745098039,0.694117647058824,0.803921568627451
86.87896823883057,0.0,0.1467359755034372,0.03,1,1,1,0.0,0.3333333333333333,0.12150000000000001,-1,-1,-1,1.0,1.0,-1.0,0.0,-0.3333333333333333,0.135,-1,-1,-1,0.356862745098039,0.694117647058824,0.803921568627451
86.91372537612915,0.0,0.14984662972031473,0.03,1,1,1,0.0,0.3333333333333333,0.12150000000000001,-1,-1,-1,1.0,1.0,-1.0,0.0,-0.3333333333333333,0.135,-1,-1,-1,0.356862745098039,0.694117647058824,0.803921568627451
86.94850158691406,0.0,0.15295728393719227,0.03,1,1,1,0.0,0.3333333333333333,0.12150000000000001,-1,-1,-1,1.0,1.0,-1.0,0.0,-0.3333333333333333,0.135,-1,-1,-1,0.356862745098039,0.694117647058824,0.803921568627451
86.9832444190979,0.0,0.1560679381540698,0.03,1,1,1,0.0,0.3333333333333333,0.12150000000000001,-1,-1,-1,1.0,1.0,-1.0,0.0,-0.3333333333333333,0.135,-1,-1,-1,0.356862745098039,0.694117647058824,0.803921568627451
87.01789665222168,0.0,0.15917859237094734,0.03,1,1,1,0.0,0.3333333333333333,0.12150000000000001,-1,-1,-1,1.0,1.0,-1.0,0.0,-0.3333333333333333,0.135,-1,-1,-1,0.356862745098039,0.694117647058824,0.803921568627451
87.0523829460144,0.0,0.16228924658782487,0.03,1,1,1,0.0,0.3333333333333333,0.12150000000000001,-1,-1,-1,1.0,1.0,-1.0,0.0,-0.3333333333333333,0.135,-1,-1,-1,0.356862745098039,0.694117647058824,0.803921568627451
87.08714771270752,0.0,0.1653999008047024,0.03,1,1,1,0.0,0.3333333333333333,0.12150000000000001,-1,-1,-1,1.0,1.0,-1.0,0.0,-0.3333333333333333,0.135,-1,-1,-1,0.356862745098039,0.694117647058824,0.803921568627451
87.12185144424438,0.0,0.16851055502157994,0.03,1,1,1,0.0,0.3333333333333333,0.12150000000000001,-1,-1,-1,1.0,1.0,-1.0,0.0,-0.3333333333333333,0.135,-1,-1,-1,0.356862745098039,0.694117647058824,0.803921568627451
87.15656590461731,0.0,0.17162120923845747,0.03,1,1,1,0.0,0.3333333333333333,0.12150000000000001,-1,-1,-1,1.0,1.0,-1.0,0.0,-0.3333333333333333,0.135,-1,-1,-1,0.356862745098039,0.694117647058824,0.803921568627451
87.19095730781555,0.0,0.174731863455335,0.03,1,1,1,0.0,0.3333333333333333,0.12150000000000001,-1,-1,-1,1.0,1.0,-1.0,0.0,-0.3333333333333333,0.135,-1,-1,-1,0.356862745098039,0.694117647058824,0.803921568627451
87.22629356384277,0.0,0.17784251767221254,0.03,1,1,1,0.0,0.3333333333333333,0.12150000000000001,-1,-1,-1,1.0,1.0,-1.0,0.0,-0.3333333333333333,0.135,-1,-1,-1,0.356862745098039,0.694117647058824,0.803921568627451
87.26061344146729,0.0,0.18095317188909008,0.03,1,1,1,0.0,0.3333333333333333,0.12150000000000001,-1,-1,-1,1.0,1.0,-1.0,0.0,-0.3333333333333333,0.135,-1,-1,-1,0.356862745098039,0.694117647058824,0.803921568627451
87.29516410827637,0.0,0.1840638261059676,0.03,1,1,1,0.0,0.3333333333333333,0.12150000000000001,-1,-1,-1,1.0,1.0,-1.0,0.0,-0.3333333333333333,0.135,-1,-1,-1,0.356862745098039,0.694117647058824,0.803921568627451
87.3296492099762,0.0,0.18717448032284514,0.03,1,1,1,0.0,0.3333333333333333,0.12150000000000001,-1,-1,-1,1.0,1.0,-1.0,0.0,-0.3333333333333333,0.135,-1,-1,-1,0.356862745098039,0.694117647058824,0.803921568627451
87.36550569534302,0.0,0.19028513453972268,0.03,1,1,1,0.0,0.3333333333333333,0.12150000000000001,-1,-1,-1,1.0,1.0,-1.0,0.0,-0.3333333333333333,0.135,-1,-1,-1,0.356862745098039,0.694117647058824,0.803921568627451
87.39993286132812,0.0,0.1933957887566002,0.03,1,1,1,0.0,0.3333333333333333,0.12150000000000001,-1,-1,-1,1.0,1.0,-1.0,0.0,-0.3333333333333333,0.135,-1,-1,-1,0.356862745098039,0.694117647058824,0.803921568627451
87.43362355232239,0.0,0.19650644297347775,0.03,1,1,1,0.0,0.3333333333333333,0.12150000000000001,-1,-1,-1,1.0,1.0,-1.0,0.0,-0.3333333333333333,0.135,-1,-1,-1,0.356862745098039,0.694117647058824,0.803921568627451
87.46904993057251,0.0,0.19961709719035528,0.03,1,1,1,0.0,0.3333333333333333,0.12150000000000001,-1,-1,-1,1.0,1.0,-1.0,0.0,-0.3333333333333333,0.135,-1,-1,-1,0.356862745098039,0.694117647058824,0.803921568627451
87.50328755378723,0.0,0.20272775140723281,0.03,1,1,1,0.0,0.3333333333333333,0.12150000000000001,-1,-1,-1,1.0,1.0,-1.0,0.0,-0.3333333333333333,0.135,-1,-1,-1,0.356862745098039,0.694117647058824,0.803921568627451
87.53818321228027,0.0,0.20583840562411035,0.03,1,1,1,0.0,0.3333333333333333,0.12150000000000001,-1,-1,-1,1.0,1.0,-1.0,0.0,-0.3333333333333333,0.135,-1,-1,-1,0.356862745098039,0.694117647058824,0.803921568627451
87.57284283638,0.0,0.20894905984098788,0.03,1,1,1,0.0,0.3333333333333333,0.12150000000000001,-1,-1,-1,1.0,1.0,-1.0,0.0,-0.3333333333333333,0.135,-1,-1,-1,0.356862745098039,0.694117647058824,0.803921568627451
87.60720491409302,0.0,0.21205971405786542,0.03,1,1,1,0.0,0.3333333333333333,0.12150000000000001,-1,-1,-1,1.0,1.0,-1.0,0.0,-0.3333333333333333,0.135,-1,-1,-1,0.356862745098039,0.694117647058824,0.803921568627451
87.64241313934326,0.0,0.21517036827474295,0.03,1,1,1,0.0,0.3333333333333333,0.12150000000000001,-1,-1,-1,1.0,1.0,-1.0,0.0,-0.3333333333333333,0.135,-1,-1,-1,0.356862745098039,0.694117647058824,0.803921568627451
87.6769392490387,0.0,0.21828102249162049,0.03,1,1,1,0.0,0.3333333333333333,0.12150000000000001,-1,-1,-1,1.0,1.0,-1.0,0.0,-0.3333333333333333,0.135,-1,-1,-1,0.356862745098039,0.694117647058824,0.803921568627451
87.71122455596924,0.0,0.22139167670849802,0.03,1,1,1,0.0,0.3333333333333333,0.12150000000000001,-1,-1,-1,1.0,1.0,-1.0,0.0,-0.3333333333333333,0.135,-1,-1,-1,0.356862745098039,0.694117647058824,0.803921568627451
87.74663400650024,0.0,0.22450233092537555,0.03,1,1,1,0.0,0.3333333333333333,0.12150000000000001,-1,-1,-1,1.0,1.0,-1.0,0.0,-0.3333333333333333,0.135,-1,-1,-1,0.356862745098039,0.694117647058824,0.803921568627451
87.78196907043457,0.0,0.2276129851422531,0.03,1,1,1,0.0,0.3333333333333333,0.12150000000000001,-1,-1,-1,1.0,1.0,-1.0,0.0,-0.3333333333333333,0.135,-1,-1,-1,0.356862745098039,0.694117647058824,0.803921568627451
87.81612944602966,0.0,0.22777937785208202,0.03,1,1,1,0.0,0.3333333333333333,0.12150000000000001,-1,-1,-1,1.0,1.0,-1.0,0.0,-0.3333333333333333,0.135,-1,-1,-1,0.356862745098039,0.694117647058824,0.803921568627451
87.85093784332275,0.0,0.2259829295572119,0.03,1,1,1,0.0,0.3333333333333333,0.12150000000000001,-1,-1,-1,1.0,1.0,-1.0,0.0,-0.3333333333333333,0.135,-1,-1,-1,0.356862745098039,0.694117647058824,0.803921568627451
87.8854968547821,0.0,0.22418648126234175,0.03,1,1,1,0.0,0.3333333333333333,0.12150000000000001,-1,-1,-1,1.0,1.0,-1.0,0.0,-0.3333333333333333,0.135,-1,-1,-1,0.356862745098039,0.694117647058824,0.803921568627451
87.92018961906433,0.0,0.22239003296747162,0.03,1,1,1,0.0,0.3333333333333333,0.12150000000000001,-1,-1,-1,1.0,1.0,-1.0,0.0,-0.3333333333333333,0.135,-1,-1,-1,0.356862745098039,0.694117647058824,0.803921568627451
87.95504307746887,0.0,0.22059358467260148,0.03,1,1,1,0.0,0.3333333333333333,0.12150000000000001,-1,-1,-1,1.0,1.0,-1.0,0.0,-0.3333333333333333,0.135,-1,-1,-1,0.356862745098039,0.694117647058824,0.803921568627451
87.98954248428345,0.0,0.21879713637773135,0.03,1,1,1,0.0,0.3333333333333333,0.12150000000000001,-1,-1,-1,1.0,1.0,-1.0,0.0,-0.3333333333333333,0.135,-1,-1,-1,0.356862745098039,0.694117647058824,0.803921568627451
88.02409362792969,0.0,0.21700068808286122,0.03,1,1,1,0.0,0.3333333333333333,0.12150000000000001,-1,-1,-1,1.0,1.0,-1.0,0.0,-0.3333333333333333,0.135,-1,-1,-1,0.356862745098039,0.694117647058824,0.803921568627451
88.05911564826965,0.0,0.21520423978799108,0.03,1,1,1,0.0,0.3333333333333333,0.12150000000000001,-1,-1,-1,1.0,1.0,-1.0,0.0,-0.3333333333333333,0.135,-1,-1,-1,0.356862745098039,0.694117647058824,0.803921568627451
88.09404706954956,0.0,0.21340779149312095,0.03,1,1,1,0.0,0.3333333333333333,0.12150000000000001,-1,-1,-1,1.0,1.0,-1.0,0.0,-0.3333333333333333,0.135,-1,-1,-1,0.356862745098039,0.694117647058824,0.803921568627451
88.12828302383423,0.0,0.2116113431982508,0.03,1,1,1,0.0,0.3333333333333333,0.12150000000000001,-1,-1,-1,1.0,1.0,-1.0,0.0,-0.3333333333333333,0.135,-1,-1,-1,0.356862745098039,0.694117647058824,0.803921568627451
88.16285634040833,0.0,0.20981489490338068,0.03,1,1,1,0.0,0.3333333333333333,0.12150000000000001,-1,-1,-1,1.0,1.0,-1.0,0.0,-0.3333333333333333,0.135,-1,-1,-1,0.356862745098039,0.694117647058824,0.803921568627451
88.19783782958984,0.0,0.20801844660851054,0.03,1,1,1,0.0,0.3333333333333333,0.12150000000000001,-1,-1,-1,1.0,1.0,-1.0,0.0,-0.3333333333333333,0.135,-1,-1,-1,0.356862745098039,0.694117647058824,0.803921568627451
88.23230075836182,0.0,0.2062219983136404,0.03,1,1,1,0.0,0.3333333333333333,0.12150000000000001,-1,-1,-1,1.0,1.0,-1.0,0.0,-0.3333333333333333,0.135,-1,-1,-1,0.356862745098039,0.694117647058824,0.803921568627451
88.26704359054565,0.0,0.20442555001877027,0.03,1,1,1,0.0,0.3333333333333333,0.12150000000000001,-1,-1,-1,1.0,1.0,-1.0,0.0,-0.3333333333333333,0.135,-1,-1,-1,0.356862745098039,0.694117647058824,0.803921568627451
88.30179595947266,0.0,0.20262910172390014,0.03,1,1,1,0.0,0.3333333333333333,0.12150000000000001,-1,-1,-1,1.0,1.0,-1.0,0.0,-0.3333333333333333,0.135,-1,-1,-1,0.356862745098039,0.694117647058824,0.803921568627451
88.33655643463135,0.0,0.20083265342903,0.03,1,1,1,0.0,0.3333333333333333,0.12150000000000001,-1,-1,-1,1.0,1.0,-1.0,0.0,-0.3333333333333333,0.135,-1,-1,-1,0.356862745098039,0.694117647058824,0.803921568627451
88.37119245529175,0.0,0.19903620513415987,0.03,1,1,1,0.0,0.3333333333333333,0.12150000000000001,-1,-1,-1,1.0,1.0,-1.0,0.0,-0.3333333333333333,0.135,-1,-1,-1,0.356862745098039,0.694117647058824,0.803921568627451
88.40616130828857,0.0,0.19723975683928974,0.03,1,1,1,0.0,0.3333333333333333,0.12150000000000001,-1,-1,-1,1.0,1.0,-1.0,0.0,-0.3333333333333333,0.135,-1,-1,-1,0.356862745098039,0.694117647058824,0.803921568627451
88.44066667556763,0.0,0.1954433085444196,0.03,1,1,1,0.0,0.3333333333333333,0.12150000000000001,-1,-1,-1,1.0,1.0,-1.0,0.0,-0.3333333333333333,0.135,-1,-1,-1,0.356862745098039,0.694117647058824,0.803921568627451
88.4753839969635,0.0,0.19364686024954947,0.03,1,1,1,0.0,0.3333333333333333,0.12150000000000001,-1,-1,-1,1.0,1.0,-1.0,0.0,-0.3333333333333333,0.135,-1,-1,-1,0.356862745098039,0.694117647058824,0.803921568627451
88.51004886627197,0.0,0.19185041195467933,0.03,1,1,1,0.0,0.3333333333333333,0.12150000000000001,-1,-1,-1,1.0,1.0,-1.0,0.0,-0.3333333333333333,0.135,-1,-1,-1,0.356862745098039,0.694117647058824,0.803921568627451
88.54513883590698,0.0,0.1900539636598092,0.03,1,1,1,0.0,0.3333333333333333,0.12150000000000001,-1,-1,-1,1.0,1.0,-1.0,0.0,-0.3333333333333333,0.135,-1,-1,-1,0.356862745098039,0.694117647058824,0.803921568627451
88.57954120635986,0.0,0.18825751536493907,0.03,1,1,1,0.0,0.3333333333333333,0.12150000000000001,-1,-1,-1,1.0,1.0,-1.0,0.0,-0.3333333333333333,0.135,-1,-1,-1,0.356862745098039,0.694117647058824,0.803921568627451
88.61488318443298,0.0,0.18646106707006893,0.03,1,1,1,0.0,0.3333333333333333,0.12150000000000001,-1,-1,-1,1.0,1.0,-1.0,0.0,-0.3333333333333333,0.135,-1,-1,-1,0.356862745098039,0.694117647058824,0.803921568627451
88.64941668510437,0.0,0.1846646187751988,0.03,1,1,1,0.0,0.3333333333333333,0.12150000000000001,-1,-1,-1,1.0,1.0,-1.0,0.0,-0.3333333333333333,0.135,-1,-1,-1,0.356862745098039,0.694117647058824,0.803921568627451
88.68434023857117,0.0,0.18286817048032866,0.03,1,1,1,0.0,0.3333333333333333,0.12150000000000001,-1,-1,-1,1.0,1.0,-1.0,0.0,-0.3333333333333333,0.135,-1,-1,-1,0.356862745098039,0.694117647058824,0.803921568627451
88.71871376037598,0.0,0.18107172218545853,0.03,1,1,1,0.0,0.3333333333333333,0.12150000000000001,-1,-1,-1,1.0,1.0,-1.0,0.0,-0.3333333333333333,0.135,-1,-1,-1,0.356862745098039,0.694117647058824,0.803921568627451
88.75311160087585,0.0,0.1792752738905884,0.03,1,1,1,0.0,0.3333333333333333,0.12150000000000001,-1,-1,-1,1.0,1.0,-1.0,0.0,-0.3333333333333333,0.135,-1,-1,-1,0.356862745098039,0.694117647058824,0.803921568627451
88.78807210922241,0.0,0.17747882559571826,0.03,1,1,1,0.0,0.3333333333333333,0.12150000000000001,-1,-1,-1,1.0,1.0,-1.0,0.0,-0.3333333333333333,0.135,-1,-1,-1,0.356862745098039,0.694117647058824,0.803921568627451
88.82339072227478,0.0,0.17568237730084812,0.03,1,1,1,0.0,0.3333333333333333,0.12150000000000001,-1,-1,-1,1.0,1.0,-1.0,0.0,-0.3333333333333333,0.135,-1,-1,-1,0.356862745098039,0.694117647058824,0.803921568627451
88.85807418823242,0.0,0.173885929005978,0.03,1,1,1,0.0,0.3333333333333333,0.12150000000000001,-1,-1,-1,1.0,1.0,-1.0,0.0,-0.3333333333333333,0.135,-1,-1,-1,0.356862745098039,0.694117647058824,0.803921568627451
88.89213347434998,0.0,0.17208948071110786,0.03,1,1,1,0.0,0.3333333333333333,0.12150000000000001,-1,-1,-1,1.0,1.0,-1.0,0.0,-0.3333333333333333,0.135,-1,-1,-1,0.356862745098039,0.694117647058824,0.803921568627451
88.92738080024719,0.0,0.17029303241623772,0.03,1,1,1,0.0,0.3333333333333333,0.12150000000000001,-1,-1,-1,1.0,1.0,-1.0,0.0,-0.3333333333333333,0.135,-1,-1,-1,0.356862745098039,0.694117647058824,0.803921568627451
88.9621434211731,0.0,0.1684965841213676,0.03,1,1,1,0.0,0.3333333333333333,0.12150000000000001,-1,-1,-1,1.0,1.0,-1.0,0.0,-0.3333333333333333,0.135,-1,-1,-1,0.356862745098039,0.694117647058824,0.803921568627451
88.99687218666077,0.0,0.16670013582649745,0.03,1,1,1,0.0,0.3333333333333333,0.12150000000000001,-1,-1,-1,1.0,1.0,-1.0,0.0,-0.3333333333333333,0.135,-1,-1,-1,0.356862745098039,0.694117647058824,0.803921568627451
89.03123044967651,0.0,0.1630644404560891,0.03,1,1,1,0.0,0.3333333333333333,0.12150000000000001,-1,-1,-1,1.0,1.0,-1.0,0.0,-0.3333333333333333,0.135,-1,-1,-1,0.356862745098039,0.694117647058824,0.803921568627451
89.06571793556213,0.0,0.15942874508568072,0.03,1,1,1,0.0,0.3333333333333333,0.12150000000000001,-1,-1,-1,1.0,1.0,-1.0,0.0,-0.3333333333333333,0.135,-1,-1,-1,0.356862745098039,0.694117647058824,0.803921568627451
89.0998740196228,0.0,0.15579304971527236,0.03,1,1,1,0.0,0.3333333333333333,0.12150000000000001,-1,-1,-1,1.0,1.0,-1.0,0.0,-0.3333333333333333,0.135,-1,-1,-1,0.356862745098039,0.694117647058824,0.803921568627451
89.13510823249817,0.0,0.152157354344864,0.03,1,1,1,0.0,0.3333333333333333,0.12150000000000001,-1,-1,-1,1.0,1.0,-1.0,0.0,-0.3333333333333333,0.135,-1,-1,-1,0.356862745098039,0.694117647058824,0.803921568627451
89.16941595077515,0.0,0.14852165897445563,0.03,1,1,1,0.0,0.3333333333333333,0.12150000000000001,-1,-1,-1,1.0,1.0,-1.0,0.0,-0.3333333333333333,0.135,-1,-1,-1,0.356862745098039,0.694117647058824,0.803921568627451
89.20409083366394,0.0,0.14488596360404726,0.03,1,1,1,0.0,0.3333333333333333,0.12150000000000001,-1,-1,-1,1.0,1.0,-1.0,0.0,-0.3333333333333333,0.135,-1,-1,-1,0.356862745098039,0.694117647058824,0.803921568627451
89.23937630653381,0.0,0.1412502682336389,0.03,1,1,1,0.0,0.3333333333333333,0.12150000000000001,-1,-1,-1,1.0,1.0,-1.0,0.0,-0.3333333333333333,0.135,-1,-1,-1,0.356862745098039,0.694117647058824,0.803921568627451
89.27410364151001,0.0,0.13761457286323053,0.03,1,1,1,0.0,0.3333333333333333,0.12150000000000001,-1,-1,-1,1.0,1.0,-1.0,0.0,-0.3333333333333333,0.135,-1,-1,-1,0.356862745098039,0.694117647058824,0.803921568627451
89.30884861946106,0.0,0.13397887749282217,0.03,1,1,1,0.0,0.3333333333333333,0.12150000000000001,-1,-1,-1,1.0,1.0,-1.0,0.0,-0.3333333333333333,0.135,-1,-1,-1,0.356862745098039,0.694117647058824,0.803921568627451
89.3429651260376,0.0,0.1303431821224138,0.03,1,1,1,0.0,0.3333333333333333,0.12150000000000001,-1,-1,-1,1.0,1.0,-1.0,0.0,-0.3333333333333333,0.135,-1,-1,-1,0.356862745098039,0.694117647058824,0.803921568627451
89.37814331054688,0.0,0.12670748675200544,0.03,1,1,1,0.0,0.3333333333333333,0.12150000000000001,-1,-1,-1,1.0,1.0,-1.0,0.0,-0.3333333333333333,0.135,-1,-1,-1,0.356862745098039,0.694117647058824,0.803921568627451
89.41290259361267,0.0,0.12307179138159707,0.03,1,1,1,0.0,0.3333333333333333,0.12150000000000001,-1,-1,-1,1.0,1.0,-1.0,0.0,-0.3333333333333333,0.135,-1,-1,-1,0.356862745098039,0.694117647058824,0.803921568627451
89.44747495651245,0.0,0.11943609601118868,0.03,1,1,1,0.0,0.3333333333333333,0.12150000000000001,-1,-1,-1,1.0,1.0,-1.0,0.0,-0.3333333333333333,0.135,-1,-1,-1,0.356862745098039,0.694117647058824,0.803921568627451
89.48182392120361,0.0,0.11580040064078032,0.03,1,1,1,0.0,0.3333333333333333,0.12150000000000001,-1,-1,-1,1.0,1.0,-1.0,0.0,-0.3333333333333333,0.135,-1,-1,-1,0.356862745098039,0.694117647058824,0.803921568627451
89.51706457138062,0.0,0.11216470527037195,0.03,1,1,1,0.0,0.3333333333333333,0.12150000000000001,-1,-1,-1,1.0,1.0,-1.0,0.0,-0.3333333333333333,0.135,-1,-1,-1,0.356862745098039,0.694117647058824,0.803921568627451
89.55133175849915,0.0,0.10852900989996359,0.03,1,1,1,0.0,0.3333333333333333,0.12150000000000001,-1,-1,-1,1.0,1.0,-1.0,0.0,-0.3333333333333333,0.135,-1,-1,-1,0.356862745098039,0.694117647058824,0.803921568627451
89.58637118339539,0.0,0.10489331452955522,0.03,1,1,1,0.0,0.3333333333333333,0.12150000000000001,-1,-1,-1,1.0,1.0,-1.0,0.0,-0.3333333333333333,0.135,-1,-1,-1,0.356862745098039,0.694117647058824,0.803921568627451
89.62108755111694,0.0,0.10125761915914686,0.03,1,1,1,0.0,0.3333333333333333,0.12150000000000001,-1,-1,-1,1.0,1.0,-1.0,0.0,-0.3333333333333333,0.135,-1,-1,-1,0.356862745098039,0.694117647058824,0.803921568627451
89.65590572357178,0.0,0.09762192378873849,0.03,1,1,1,0.0,0.3333333333333333,0.12150000000000001,-1,-1,-1,1.0,1.0,-1.0,0.0,-0.3333333333333333,0.135,-1,-1,-1,0.356862745098039,0.694117647058824,0.803921568627451
89.69070100784302,0.0,0.09398622841833013,0.03,1,1,1,0.0,0.3333333333333333,0.12150000000000001,-1,-1,-1,1.0,1.0,-1.0,0.0,-0.3333333333333333,0.135,-1,-1,-1,0.356862745098039,0.694117647058824,0.803921568627451
89.72556018829346,0.0,0.09035053304792176,0.03,1,1,1,0.0,0.3333333333333333,0.12150000000000001,-1,-1,-1,1.0,1.0,-1.0,0.0,-0.3333333333333333,0.135,-1,-1,-1,0.356862745098039,0.694117647058824,0.803921568627451
89.76043319702148,0.0,0.0867148376775134,0.03,1,1,1,0.0,0.3333333333333333,0.12150000000000001,-1,-1,-1,1.0,1.0,-1.0,0.0,-0.3333333333333333,0.135,-1,-1,-1,0.356862745098039,0.694117647058824,0.803921568627451
89.7960524559021,0.0,0.08307914230710503,0.03,1,1,1,0.0,0.3333333333333333,0.12150000000000001,-1,-1,-1,1.0,1.0,-1.0,0.0,-0.3333333333333333,0.135,-1,-1,-1,0.356862745098039,0.694117647058824,0.803921568627451
89.82946825027466,0.0,0.07944344693669667,0.03,1,1,1,0.0,0.3333333333333333,0.12150000000000001,-1,-1,-1,1.0,1.0,-1.0,0.0,-0.3333333333333333,0.135,-1,-1,-1,0.356862745098039,0.694117647058824,0.803921568627451
89.86427545547485,0.0,0.0758077515662883,0.03,1,1,1,0.0,0.3333333333333333,0.12150000000000001,-1,-1,-1,1.0,1.0,-1.0,0.0,-0.3333333333333333,0.135,-1,-1,-1,0.356862745098039,0.694117647058824,0.803921568627451
89.899001121521,0.0,0.07217205619587994,0.03,1,1,1,0.0,0.3333333333333333,0.12150000000000001,-1,-1,-1,1.0,1.0,-1.0,0.0,-0.3333333333333333,0.135,-1,-1,-1,0.356862745098039,0.694117647058824,0.803921568627451
89.93357419967651,0.0,0.06853636082547157,0.03,1,1,1,0.0,0.3333333333333333,0.12150000000000001,-1,-1,-1,1.0,1.0,-1.0,0.0,-0.3333333333333333,0.135,-1,-1,-1,0.356862745098039,0.694117647058824,0.803921568627451
89.96820902824402,0.0,0.0649006654550632,0.03,1,1,1,0.0,0.3333333333333333,0.12150000000000001,-1,-1,-1,1.0,1.0,-1.0,0.0,-0.3333333333333333,0.135,-1,-1,-1,0.356862745098039,0.694117647058824,0.803921568627451
90.003093957901,0.0,0.061264970084654834,0.03,1,1,1,0.0,0.3333333333333333,0.12150000000000001,-1,-1,-1,1.0,1.0,-1.0,0.0,-0.3333333333333333,0.135,-1,-1,-1,0.356862745098039,0.694117647058824,0.803921568627451
90.03787398338318,0.0,0.05762927471424646,0.03,1,1,1,0.0,0.3333333333333333,0.12150000000000001,-1,-1,-1,1.0,1.0,-1.0,0.0,-0.3333333333333333,0.135,-1,-1,-1,0.356862745098039,0.694117647058824,0.803921568627451
90.07301759719849,0.0,0.0539935793438381,0.03,1,1,1,0.0,0.3333333333333333,0.12150000000000001,-1,-1,-1,1.0,1.0,-1.0,0.0,-0.3333333333333333,0.135,-1,-1,-1,0.356862745098039,0.694117647058824,0.803921568627451
90.10676908493042,0.0,0.05035788397342973,0.03,1,1,1,0.0,0.3333333333333333,0.12150000000000001,-1,-1,-1,1.0,1.0,-1.0,0.0,-0.3333333333333333,0.135,-1,-1,-1,0.356862745098039,0.694117647058824,0.803921568627451
90.14192914962769,0.0,0.04672218860302137,0.03,1,1,1,0.0,0.3333333333333333,0.12150000000000001,-1,-1,-1,1.0,1.0,-1.0,0.0,-0.3333333333333333,0.135,-1,-1,-1,0.356862745098039,0.694117647058824,0.803921568627451
90.17640924453735,0.0,0.043086493232613,0.03,1,1,1,0.0,0.3333333333333333,0.12150000000000001,-1,-1,-1,1.0,1.0,-1.0,0.0,-0.3333333333333333,0.135,-1,-1,-1,0.356862745098039,0.694117647058824,0.803921568627451
90.21175336837769,0.0,0.039904845132391384,0.03,1,1,1,0.0,0.3333333333333333,0.12150000000000001,-1,-1,-1,1.0,1.0,-1.0,0.0,-0.3333333333333333,0.135,-1,-1,-1,0.356862745098039,0.694117647058824,0.803921568627451
90.24614357948303,0.0,0.038539386112916754,0.03,1,1,1,0.0,0.3333333333333333,0.12150000000000001,-1,-1,-1,1.0,1.0,-1.0,0.0,-0.3333333333333333,0.135,-1,-1,-1,0.356862745098039,0.694117647058824,0.803921568627451
90.28086948394775,0.0,0.037173927093442125,0.03,1,1,1,0.0,0.3333333333333333,0.12150000000000001,-1,-1,-1,1.0,1.0,-1.0,0.0,-0.3333333333333333,0.135,-1,-1,-1,0.356862745098039,0.694117647058824,0.803921568627451
90.315664768219,0.0,0.035808468073967495,0.03,1,1,1,0.0,0.3333333333333333,0.12150000000000001,-1,-1,-1,1.0,1.0,-1.0,0.0,-0.3333333333333333,0.135,-1,-1,-1,0.356862745098039,0.694117647058824,0.803921568627451
90.35098671913147,0.0,0.034443009054492865,0.03,1,1,1,0.0,0.3333333333333333,0.12150000000000001,-1,-1,-1,1.0,1.0,-1.0,0.0,-0.3333333333333333,0.135,-1,-1,-1,0.356862745098039,0.694117647058824,0.803921568627451
90.38505744934082,0.0,0.033077550035018236,0.03,1,1,1,0.0,0.3333333333333333,0.12150000000000001,-1,-1,-1,1.0,1.0,-1.0,0.0,-0.3333333333333333,0.135,-1,-1,-1,0.356862745098039,0.694117647058824,0.803921568627451
90.41959857940674,0.0,0.031712091015543606,0.03,1,1,1,0.0,0.3333333333333333,0.12150000000000001,-1,-1,-1,1.0,1.0,-1.0,0.0,-0.3333333333333333,0.135,-1,-1,-1,0.356862745098039,0.694117647058824,0.803921568627451
90.45439171791077,0.0,0.030346631996068987,0.03,1,1,1,0.0,0.3333333333333333,0.12150000000000001,-1,-1,-1,1.0,1.0,-1.0,0.0,-0.3333333333333333,0.135,-1,-1,-1,0.356862745098039,0.694117647058824,0.803921568627451
90.48903489112854,0.0,0.02898117297659435,0.03,1,1,1,0.0,0.3333333333333333,0.12150000000000001,-1,-1,-1,1.0,1.0,-1.0,0.0,-0.3333333333333333,0.135,-1,-1,-1,0.356862745098039,0.694117647058824,0.803921568627451
90.52407956123352,0.0,0.02761571395711972,0.03,1,1,1,0.0,0.3333333333333333,0.12150000000000001,-1,-1,-1,1.0,1.0,-1.0,0.0,-0.3333333333333333,0.135,-1,-1,-1,0.356862745098039,0.694117647058824,0.803921568627451
90.55827784538269,0.0,0.02625025493764509,0.03,1,1,1,0.0,0.3333333333333333,0.12150000000000001,-1,-1,-1,1.0,1.0,-1.0,0.0,-0.3333333333333333,0.135,-1,-1,-1,0.356862745098039,0.694117647058824,0.803921568627451
90.59286880493164,0.0,0.02488479591817046,0.03,1,1,1,0.0,0.3333333333333333,0.12150000000000001,-1,-1,-1,1.0,1.0,-1.0,0.0,-0.3333333333333333,0.135,-1,-1,-1,0.356862745098039,0.694117647058824,0.803921568627451
90.62809348106384,0.0,0.02351933689869583,0.03,1,1,1,0.0,0.3333333333333333,0.12150000000000001,-1,-1,-1,1.0,1.0,-1.0,0.0,-0.3333333333333333,0.135,-1,-1,-1,0.356862745098039,0.694117647058824,0.803921568627451
90.66282653808594,0.0,0.0221538778792212,0.03,1,1,1,0.0,0.3333333333333333,0.12150000000000001,-1,-1,-1,1.0,1.0,-1.0,0.0,-0.3333333333333333,0.135,-1,-1,-1,0.356862745098039,0.694117647058824,0.803921568627451
90.6974368095398,0.0,0.020788418859746572,0.03,1,1,1,0.0,0.3333333333333333,0.12150000000000001,-1,-1,-1,1.0,1.0,-1.0,0.0,-0.3333333333333333,0.135,-1,-1,-1,0.356862745098039,0.694117647058824,0.803921568627451
90.73229026794434,0.0,0.019422959840271942,0.03,1,1,1,0.0,0.3333333333333333,0.12150000000000001,-1,-1,-1,1.0,1.0,-1.0,0.0,-0.3333333333333333,0.135,-1,-1,-1,0.356862745098039,0.694117647058824,0.803921568627451
90.76702761650085,0.0,0.018057500820797313,0.03,1,1,1,0.0,0.3333333333333333,0.12150000000000001,-1,-1,-1,1.0,1.0,-1.0,0.0,-0.3333333333333333,0.135,-1,-1,-1,0.356862745098039,0.694117647058824,0.803921568627451
90.80204796791077,0.0,0.016692041801322683,0.03,1,1,1,0.0,0.3333333333333333,0.12150000000000001,-1,-1,-1,1.0,1.0,-1.0,0.0,-0.3333333333333333,0.135,-1,-1,-1,0.356862745098039,0.694117647058824,0.803921568627451
90.83653235435486,0.0,0.015326582781848053,0.03,1,1,1,0.0,0.3333333333333333,0.12150000000000001,-1,-1,-1,1.0,1.0,-1.0,0.0,-0.3333333333333333,0.135,-1,-1,-1,0.356862745098039,0.694117647058824,0.803921568627451
90.87141275405884,0.0,0.013961123762373424,0.03,1,1,1,0.0,0.3333333333333333,0.12150000000000001,-1,-1,-1,1.0,1.0,-1.0,0.0,-0.3333333333333333,0.135,-1,-1,-1,0.356862745098039,0.694117647058824,0.803921568627451
90.90599370002747,0.0,0.012595664742898794,0.03,1,1,1,0.0,0.3333333333333333,0.12150000000000001,-1,-1,-1,1.0,1.0,-1.0,0.0,-0.3333333333333333,0.135,-1,-1,-1,0.356862745098039,0.694117647058824,0.803921568627451
90.94029402732849,0.0,0.011230205723424164,0.03,1,1,1,0.0,0.3333333333333333,0.12150000000000001,-1,-1,-1,1.0,1.0,-1.0,0.0,-0.3333333333333333,0.135,-1,-1,-1,0.356862745098039,0.694117647058824,0.803921568627451
90.97503757476807,0.0,0.009864746703949535,0.03,1,1,1,0.0,0.3333333333333333,0.12150000000000001,-1,-1,-1,1.0,1.0,-1.0,0.0,-0.3333333333333333,0.135,-1,-1,-1,0.356862745098039,0.694117647058824,0.803921568627451
91.01078724861145,0.0,0.008499287684474905,0.03,1,1,1,0.0,0.3333333333333333,0.12150000000000001,-1,-1,-1,1.0,1.0,-1.0,0.0,-0.3333333333333333,0.135,-1,-1,-1,0.356862745098039,0.694117647058824,0.803921568627451
91.04476571083069,0.0,0.007133828665000275,0.03,1,1,1,0.0,0.3333333333333333,0.12150000000000001,-1,-1,-1,1.0,1.0,-1.0,0.0,-0.3333333333333333,0.135,-1,-1,-1,0.356862745098039,0.694117647058824,0.803921568627451
91.07985472679138,0.0,0.005768369645525646,0.03,1,1,1,0.0,0.3333333333333333,0.12150000000000001,-1,-1,-1,1.0,1.0,-1.0,0.0,-0.3333333333333333,0.135,-1,-1,-1,0.356862745098039,0.694117647058824,0.803921568627451
91.11441540718079,0.0,0.004402910626051016,0.03,1,1,1,0.0,0.3333333333333333,0.12150000000000001,-1,-1,-1,1.0,1.0,-1.0,0.0,-0.3333333333333333,0.135,-1,-1,-1,0.356862745098039,0.694117647058824,0.803921568627451
91.14888787269592,0.0,0.0030374516065763877,0.03,1,1,1,0.0,0.3333333333333333,0.12150000000000001,-1,-1,-1,1.0,1.0,-1.0,0.0,-0.3333333333333333,0.135,-1,-1,-1,0.356862745098039,0.694117647058824,0.803921568627451
91.18338799476624,0.0,0.0016719925871017604,0.03,1,1,1,0.0,0.3333333333333333,0.12150000000000001,-1,-1,-1,1.0,1.0,-1.0,0.0,-0.3333333333333333,0.135,-1,-1,-1,0.356862745098039,0.694117647058824,0.803921568627451
91.21802997589111,0.0,0.0003065335676271329,0.03,1,1,1,0.0,0.3333333333333333,0.12150000000000001,-1,-1,-1,1.0,1.0,-1.0,0.0,-0.3333333333333333,0.135,-1,-1,-1,0.356862745098039,0.694117647058824,0.803921568627451
91.25289869308472,0.0,-0.0010589254518474946,0.03,1,1,1,0.0,0.3333333333333333,0.12150000000000001,-1,-1,-1,1.0,1.0,-1.0,0.0,-0.3333333333333333,0.135,-1,-1,-1,0.356862745098039,0.694117647058824,0.803921568627451
91.28776526451111,0.0,-0.0024243844713221223,0.03,1,1,1,0.0,0.3333333333333333,0.12150000000000001,-1,-1,-1,1.0,1.0,-1.0,0.0,-0.3333333333333333,0.135,-1,-1,-1,0.356862745098039,0.694117647058824,0.803921568627451
91.32274436950684,0.0,-0.0037898434907967494,0.03,1,1,1,0.0,0.3333333333333333,0.12150000000000001,-1,-1,-1,1.0,1.0,-1.0,0.0,-0.3333333333333333,0.135,-1,-1,-1,0.356862745098039,0.694117647058824,0.803921568627451
91.35731387138367,0.0,-0.005155302510271378,0.03,1,1,1,0.0,0.3333333333333333,0.12150000000000001,-1,-1,-1,1.0,1.0,-1.0,0.0,-0.3333333333333333,0.135,-1,-1,-1,0.356862745098039,0.694117647058824,0.803921568627451
91.39208984375,0.0,-0.006520761529746007,0.03,1,1,1,0.0,0.3333333333333333,0.12150000000000001,-1,-1,-1,1.0,1.0,-1.0,0.0,-0.3333333333333333,0.135,-1,-1,-1,0.356862745098039,0.694117647058824,0.803921568627451
91.426922082901,0.0,-0.009445796007908323,0.03,1,1,1,0.0,0.3333333333333333,0.12150000000000001,-1,-1,-1,1.0,1.0,-1.0,0.0,-0.3333333333333333,0.135,-1,-1,-1,0.356862745098039,0.694117647058824,0.803921568627451
91.46133089065552,0.0,-0.013410547458529095,0.03,1,1,1,0.0,0.3333333333333333,0.12150000000000001,-1,-1,-1,1.0,1.0,-1.0,0.0,-0.3333333333333333,0.135,-1,-1,-1,0.356862745098039,0.694117647058824,0.803921568627451
91.49578428268433,0.0,-0.017375298909149867,0.03,1,1,1,0.0,0.3333333333333333,0.12150000000000001,-1,-1,-1,1.0,1.0,-1.0,0.0,-0.3333333333333333,0.135,-1,-1,-1,0.356862745098039,0.694117647058824,0.803921568627451
91.53051924705505,0.0,-0.02134005035977064,0.03,1,1,1,0.0,0.3333333333333333,0.12150000000000001,-1,-1,-1,1.0,1.0,-1.0,0.0,-0.3333333333333333,0.135,-1,-1,-1,0.356862745098039,0.694117647058824,0.803921568627451
91.56579041481018,0.0,-0.025304801810391412,0.03,1,1,1,0.0,0.3333333333333333,0.12150000000000001,-1,-1,-1,1.0,1.0,-1.0,0.0,-0.3333333333333333,0.135,-1,-1,-1,0.356862745098039,0.694117647058824,0.803921568627451
91.60003161430359,0.0,-0.029269553261012184,0.03,1,1,1,0.0,0.3333333333333333,0.12150000000000001,-1,-1,-1,1.0,1.0,-1.0,0.0,-0.3333333333333333,0.135,-1,-1,-1,0.356862745098039,0.694117647058824,0.803921568627451
91.63513565063477,0.0,-0.03323430471163297,0.03,1,1,1,0.0,0.3333333333333333,0.12150000000000001,-1,-1,-1,1.0,1.0,-1.0,0.0,-0.3333333333333333,0.135,-1,-1,-1,0.356862745098039,0.694117647058824,0.803921568627451
91.67004990577698,0.0,-0.03719905616225374,0.03,1,1,1,0.0,0.3333333333333333,0.12150000000000001,-1,-1,-1,1.0,1.0,-1.0,0.0,-0.3333333333333333,0.135,-1,-1,-1,0.356862745098039,0.694117647058824,0.803921568627451
91.70413398742676,0.0,-0.04116380761287451,0.03,1,1,1,0.0,0.3333333333333333,0.12150000000000001,-1,-1,-1,1.0,1.0,-1.0,0.0,-0.3333333333333333,0.135,-1,-1,-1,0.356862745098039,0.694117647058824,0.803921568627451
91.73943281173706,0.0,-0.045128559063495284,0.03,1,1,1,0.0,0.3333333333333333,0.12150000000000001,-1,-1,-1,1.0,1.0,-1.0,0.0,-0.3333333333333333,0.135,-1,-1,-1,0.356862745098039,0.694117647058824,0.803921568627451
91.7741334438324,0.0,-0.049093310514116056,0.03,1,1,1,0.0,0.3333333333333333,0.12150000000000001,-1,-1,-1,1.0,1.0,-1.0,0.0,-0.3333333333333333,0.135,-1,-1,-1,0.356862745098039,0.694117647058824,0.803921568627451
91.8092029094696,0.0,-0.05305806196473683,0.03,1,1,1,0.0,0.3333333333333333,0.12150000000000001,-1,-1,-1,1.0,1.0,-1.0,0.0,-0.3333333333333333,0.135,-1,-1,-1,0.356862745098039,0.694117647058824,0.803921568627451
91.84431147575378,0.0,-0.0570228134153576,0.03,1,1,1,0.0,0.3333333333333333,0.12150000000000001,-1,-1,-1,1.0,1.0,-1.0,0.0,-0.3333333333333333,0.135,-1,-1,-1,0.356862745098039,0.694117647058824,0.803921568627451
91.87853503227234,0.0,-0.06098756486597837,0.03,1,1,1,0.0,0.3333333333333333,0.12150000000000001,-1,-1,-1,1.0,1.0,-1.0,0.0,-0.3333333333333333,0.135,-1,-1,-1,0.356862745098039,0.694117647058824,0.803921568627451
91.91377353668213,0.0,-0.06495231631659917,0.03,1,1,1,0.0,0.3333333333333333,0.12150000000000001,-1,-1,-1,1.0,1.0,-1.0,0.0,-0.3333333333333333,0.135,-1,-1,-1,0.356862745098039,0.694117647058824,0.803921568627451
91.94820475578308,0.0,-0.06891706776721998,0.03,1,1,1,0.0,0.3333333333333333,0.12150000000000001,-1,-1,-1,1.0,1.0,-1.0,0.0,-0.3333333333333333,0.135,-1,-1,-1,0.356862745098039,0.694117647058824,0.803921568627451
91.9831473827362,0.0,-0.07288181921784079,0.03,1,1,1,0.0,0.3333333333333333,0.12150000000000001,-1,-1,-1,1.0,1.0,-1.0,0.0,-0.3333333333333333,0.135,-1,-1,-1,0.356862745098039,0.694117647058824,0.803921568627451
92.01782631874084,0.0,-0.0768465706684616,0.03,1,1,1,0.0,0.3333333333333333,0.12150000000000001,-1,-1,-1,1.0,1.0,-1.0,0.0,-0.3333333333333333,0.135,-1,-1,-1,0.356862745098039,0.694117647058824,0.803921568627451
92.05211997032166,0.0,-0.0808113221190824,0.03,1,1,1,0.0,0.3333333333333333,0.12150000000000001,-1,-1,-1,1.0,1.0,-1.0,0.0,-0.3333333333333333,0.135,-1,-1,-1,0.356862745098039,0.694117647058824,0.803921568627451
92.08740258216858,0.0,-0.08477607356970321,0.03,1,1,1,0.0,0.3333333333333333,0.12150000000000001,-1,-1,-1,1.0,1.0,-1.0,0.0,-0.3333333333333333,0.135,-1,-1,-1,0.356862745098039,0.694117647058824,0.803921568627451
92.12200140953064,0.0,-0.08874082502032402,0.03,1,1,1,0.0,0.3333333333333333,0.12150000000000001,-1,-1,-1,1.0,1.0,-1.0,0.0,-0.3333333333333333,0.135,-1,-1,-1,0.356862745098039,0.694117647058824,0.803921568627451
92.1566731929779,0.0,-0.09270557647094482,0.03,1,1,1,0.0,0.3333333333333333,0.12150000000000001,-1,-1,-1,1.0,1.0,-1.0,0.0,-0.3333333333333333,0.135,-1,-1,-1,0.356862745098039,0.694117647058824,0.803921568627451
92.19177579879761,0.0,-0.09667032792156563,0.03,1,1,1,0.0,0.3333333333333333,0.12150000000000001,-1,-1,-1,1.0,1.0,-1.0,0.0,-0.3333333333333333,0.135,-1,-1,-1,0.356862745098039,0.694117647058824,0.803921568627451
92.22590494155884,0.0,-0.10063507937218644,0.03,1,1,1,0.0,0.3333333333333333,0.12150000000000001,-1,-1,-1,1.0,1.0,-1.0,0.0,-0.3333333333333333,0.135,-1,-1,-1,0.356862745098039,0.694117647058824,0.803921568627451
92.26050615310669,0.0,-0.10459983082280724,0.03,1,1,1,0.0,0.3333333333333333,0.12150000000000001,-1,-1,-1,1.0,1.0,-1.0,0.0,-0.3333333333333333,0.135,-1,-1,-1,0.356862745098039,0.694117647058824,0.803921568627451
92.29536700248718,0.0,-0.10856458227342805,0.03,1,1,1,0.0,0.3333333333333333,0.12150000000000001,-1,-1,-1,1.0,1.0,-1.0,0.0,-0.3333333333333333,0.135,-1,-1,-1,0.356862745098039,0.694117647058824,0.803921568627451
92.32996535301208,0.0,-0.11252933372404886,0.03,1,1,1,0.0,0.3333333333333333,0.12150000000000001,-1,-1,-1,1.0,1.0,-1.0,0.0,-0.3333333333333333,0.135,-1,-1,-1,0.356862745098039,0.694117647058824,0.803921568627451
92.36503767967224,0.0,-0.11649408517466966,0.03,1,1,1,0.0,0.3333333333333333,0.12150000000000001,-1,-1,-1,1.0,1.0,-1.0,0.0,-0.3333333333333333,0.135,-1,-1,-1,0.356862745098039,0.694117647058824,0.803921568627451
92.39910316467285,0.0,-0.12045883662529049,0.03,1,1,1,0.0,0.3333333333333333,0.12150000000000001,-1,-1,-1,1.0,1.0,-1.0,0.0,-0.3333333333333333,0.135,-1,-1,-1,0.356862745098039,0.694117647058824,0.803921568627451
92.43404054641724,0.0,-0.12442358807591132,0.03,1,1,1,0.0,0.3333333333333333,0.12150000000000001,-1,-1,-1,1.0,1.0,-1.0,0.0,-0.3333333333333333,0.135,-1,-1,-1,0.356862745098039,0.694117647058824,0.803921568627451
92.46882581710815,0.0,-0.1283883395265321,0.03,1,1,1,0.0,0.3333333333333333,0.12150000000000001,-1,-1,-1,1.0,1.0,-1.0,0.0,-0.3333333333333333,0.135,-1,-1,-1,0.356862745098039,0.694117647058824,0.803921568627451
92.50310397148132,0.0,-0.13235309097715292,0.03,1,1,1,0.0,0.3333333333333333,0.12150000000000001,-1,-1,-1,1.0,1.0,-1.0,0.0,-0.3333333333333333,0.135,-1,-1,-1,0.356862745098039,0.694117647058824,0.803921568627451
92.53823614120483,0.0,-0.13631784242777373,0.03,1,1,1,0.0,0.3333333333333333,0.12150000000000001,-1,-1,-1,1.0,1.0,-1.0,0.0,-0.3333333333333333,0.135,-1,-1,-1,0.356862745098039,0.694117647058824,0.803921568627451
92.57299017906189,0.0,-0.14028259387839453,0.03,1,1,1,0.0,0.3333333333333333,0.12150000000000001,-1,-1,-1,1.0,1.0,-1.0,0.0,-0.3333333333333333,0.135,-1,-1,-1,0.356862745098039,0.694117647058824,0.803921568627451
92.60729098320007,0.0,-0.14424734532901534,0.03,1,1,1,0.0,0.3333333333333333,0.12150000000000001,-1,-1,-1,1.0,1.0,-1.0,0.0,-0.3333333333333333,0.135,-1,-1,-1,0.356862745098039,0.694117647058824,0.803921568627451
92.64238357543945,0.0,-0.14424734532901534,0.03,1,1,1,0.0,0.3333333333333333,0.12150000000000001,-1,-1,-1,1.0,1.0,-1.0,0.0,-0.3333333333333333,0.135,-1,-1,-1,0.356862745098039,0.694117647058824,0.803921568627451
92.67729759216309,0.0,-0.14424734532901534,0.03,1,1,1,0.0,0.3333333333333333,0.12150000000000001,-1,-1,-1,1.0,1.0,-1.0,0.0,-0.3333333333333333,0.135,-1,-1,-1,0.356862745098039,0.694117647058824,0.803921568627451
92.71202278137207,0.0,-0.14424734532901534,0.03,1,1,1,0.0,0.3333333333333333,0.12150000000000001,-1,-1,-1,1.0,1.0,-1.0,0.0,-0.3333333333333333,0.135,-1,-1,-1,0.356862745098039,0.694117647058824,0.803921568627451
92.74709963798523,0.0,-0.14424734532901534,0.03,1,1,1,0.0,0.3333333333333333,0.12150000000000001,-1,-1,-1,1.0,1.0,-1.0,0.0,-0.3333333333333333,0.135,-1,-1,-1,0.356862745098039,0.694117647058824,0.803921568627451
92.7814507484436,0.0,-0.14424734532901534,0.03,1,1,1,0.0,0.3333333333333333,0.12150000000000001,-1,-1,-1,1.0,1.0,-1.0,0.0,-0.3333333333333333,0.135,-1,-1,-1,0.356862745098039,0.694117647058824,0.803921568627451
92.81625032424927,0.0,-0.14424734532901534,0.03,1,1,1,0.0,0.3333333333333333,0.12150000000000001,-1,-1,-1,1.0,1.0,-1.0,0.0,-0.3333333333333333,0.135,-1,-1,-1,0.356862745098039,0.694117647058824,0.803921568627451
92.85091376304626,0.0,-0.14424734532901534,0.03,1,1,1,0.0,0.3333333333333333,0.12150000000000001,-1,-1,-1,1.0,1.0,-1.0,0.0,-0.3333333333333333,0.135,-1,-1,-1,0.356862745098039,0.694117647058824,0.803921568627451
92.88553833961487,0.0,-0.14424734532901534,0.03,1,1,1,0.0,0.3333333333333333,0.12150000000000001,-1,-1,-1,1.0,1.0,-1.0,0.0,-0.3333333333333333,0.135,-1,-1,-1,0.356862745098039,0.694117647058824,0.803921568627451
92.9206805229187,0.0,-0.14424734532901534,0.03,1,1,1,0.0,0.3333333333333333,0.12150000000000001,-1,-1,-1,1.0,1.0,-1.0,0.0,-0.3333333333333333,0.135,-1,-1,-1,0.356862745098039,0.694117647058824,0.803921568627451
92.95541667938232,0.0,-0.14424734532901534,0.03,1,1,1,0.0,0.3333333333333333,0.12150000000000001,-1,-1,-1,1.0,1.0,-1.0,0.0,-0.3333333333333333,0.135,-1,-1,-1,0.356862745098039,0.694117647058824,0.803921568627451
92.99016880989075,0.0,-0.14424734532901534,0.03,1,1,1,0.0,0.3333333333333333,0.12150000000000001,-1,-1,-1,1.0,1.0,-1.0,0.0,-0.3333333333333333,0.135,-1,-1,-1,0.356862745098039,0.694117647058824,0.803921568627451
93.0246970653534,0.0,-0.14424734532901534,0.03,1,1,1,0.0,0.3333333333333333,0.12150000000000001,-1,-1,-1,1.0,1.0,-1.0,0.0,-0.3333333333333333,0.135,-1,-1,-1,0.356862745098039,0.694117647058824,0.803921568627451
93.05868148803711,0.0,-0.14424734532901534,0.03,1,1,1,0.0,0.3333333333333333,0.12150000000000001,-1,-1,-1,1.0,1.0,-1.0,0.0,-0.3333333333333333,0.135,-1,-1,-1,0.356862745098039,0.694117647058824,0.803921568627451
93.09454870223999,0.0,-0.14424734532901534,0.03,1,1,1,0.0,0.3333333333333333,0.12150000000000001,-1,-1,-1,1.0,1.0,-1.0,0.0,-0.3333333333333333,0.135,-1,-1,-1,0.356862745098039,0.694117647058824,0.803921568627451
93.12873101234436,0.0,-0.14424734532901534,0.03,1,1,1,0.0,0.3333333333333333,0.12150000000000001,-1,-1,-1,1.0,1.0,-1.0,0.0,-0.3333333333333333,0.135,-1,-1,-1,0.356862745098039,0.694117647058824,0.803921568627451
93.16336464881897,0.0,-0.14424734532901534,0.03,1,1,1,0.0,0.3333333333333333,0.12150000000000001,-1,-1,-1,1.0,1.0,-1.0,0.0,-0.3333333333333333,0.135,-1,-1,-1,0.356862745098039,0.694117647058824,0.803921568627451
93.19846534729004,0.0,-0.14424734532901534,0.03,1,1,1,0.0,0.3333333333333333,0.12150000000000001,-1,-1,-1,1.0,1.0,-1.0,0.0,-0.3333333333333333,0.135,-1,-1,-1,0.356862745098039,0.694117647058824,0.803921568627451
93.23282408714294,0.0,-0.14424734532901534,0.03,1,1,1,0.0,0.3333333333333333,0.12150000000000001,-1,-1,-1,1.0,1.0,-1.0,0.0,-0.3333333333333333,0.135,-1,-1,-1,0.356862745098039,0.694117647058824,0.803921568627451
93.26755332946777,0.0,-0.14424734532901534,0.03,1,1,1,0.0,0.3333333333333333,0.12150000000000001,-1,-1,-1,1.0,1.0,-1.0,0.0,-0.3333333333333333,0.135,-1,-1,-1,0.356862745098039,0.694117647058824,0.803921568627451
93.30237102508545,0.0,-0.14424734532901534,0.03,1,1,1,0.0,0.3333333333333333,0.12150000000000001,-1,-1,-1,1.0,1.0,-1.0,0.0,-0.3333333333333333,0.135,-1,-1,-1,0.356862745098039,0.694117647058824,0.803921568627451
93.33692288398743,0.0,-0.14424734532901534,0.03,1,1,1,0.0,0.3333333333333333,0.12150000000000001,-1,-1,-1,1.0,1.0,-1.0,0.0,-0.3333333333333333,0.135,-1,-1,-1,0.356862745098039,0.694117647058824,0.803921568627451
93.37175631523132,0.0,-0.14424734532901534,0.03,1,1,1,0.0,0.3333333333333333,0.12150000000000001,-1,-1,-1,1.0,1.0,-1.0,0.0,-0.3333333333333333,0.135,-1,-1,-1,0.356862745098039,0.694117647058824,0.803921568627451
93.40587997436523,0.0,-0.14424734532901534,0.03,1,1,1,0.0,0.3333333333333333,0.12150000000000001,-1,-1,-1,1.0,1.0,-1.0,0.0,-0.3333333333333333,0.135,-1,-1,-1,0.356862745098039,0.694117647058824,0.803921568627451
93.44061970710754,0.0,-0.14424734532901534,0.03,1,1,1,0.0,0.3333333333333333,0.12150000000000001,-1,-1,-1,1.0,1.0,-1.0,0.0,-0.3333333333333333,0.135,-1,-1,-1,0.356862745098039,0.694117647058824,0.803921568627451
93.47647142410278,0.0,-0.14424734532901534,0.03,1,1,1,0.0,0.3333333333333333,0.12150000000000001,-1,-1,-1,1.0,1.0,-1.0,0.0,-0.3333333333333333,0.135,-1,-1,-1,0.356862745098039,0.694117647058824,0.803921568627451
93.51056361198425,0.0,-0.14424734532901534,0.03,1,1,1,0.0,0.3333333333333333,0.12150000000000001,-1,-1,-1,1.0,1.0,-1.0,0.0,-0.3333333333333333,0.135,-1,-1,-1,0.356862745098039,0.694117647058824,0.803921568627451
93.54548358917236,0.0,-0.14424734532901534,0.03,1,1,1,0.0,0.3333333333333333,0.12150000000000001,-1,-1,-1,1.0,1.0,-1.0,0.0,-0.3333333333333333,0.135,-1,-1,-1,0.356862745098039,0.694117647058824,0.803921568627451
93.58047795295715,0.0,-0.14424734532901534,0.03,1,1,1,0.0,0.3333333333333333,0.12150000000000001,-1,-1,-1,1.0,1.0,-1.0,0.0,-0.3333333333333333,0.135,-1,-1,-1,0.356862745098039,0.694117647058824,0.803921568627451
93.6148431301117,0.0,-0.14424734532901534,0.03,1,1,1,0.0,0.3333333333333333,0.12150000000000001,-1,-1,-1,1.0,1.0,-1.0,0.0,-0.3333333333333333,0.135,-1,-1,-1,0.356862745098039,0.694117647058824,0.803921568627451
93.64961552619934,0.0,-0.14424734532901534,0.03,1,1,1,0.0,0.3333333333333333,0.12150000000000001,-1,-1,-1,1.0,1.0,-1.0,0.0,-0.3333333333333333,0.135,-1,-1,-1,0.356862745098039,0.694117647058824,0.803921568627451
93.68379759788513,0.0,-0.14424734532901534,0.03,1,1,1,0.0,0.3333333333333333,0.12150000000000001,-1,-1,-1,1.0,1.0,-1.0,0.0,-0.3333333333333333,0.135,-1,-1,-1,0.356862745098039,0.694117647058824,0.803921568627451
93.71914291381836,0.0,-0.14424734532901534,0.03,1,1,1,0.0,0.3333333333333333,0.12150000000000001,-1,-1,-1,1.0,1.0,-1.0,0.0,-0.3333333333333333,0.135,-1,-1,-1,0.356862745098039,0.694117647058824,0.803921568627451
93.75328707695007,0.0,-0.14424734532901534,0.03,1,1,1,0.0,0.3333333333333333,0.12150000000000001,-1,-1,-1,1.0,1.0,-1.0,0.0,-0.3333333333333333,0.135,-1,-1,-1,0.356862745098039,0.694117647058824,0.803921568627451
93.78780961036682,0.0,-0.14424734532901534,0.03,1,1,1,0.0,0.3333333333333333,0.12150000000000001,-1,-1,-1,1.0,1.0,-1.0,0.0,-0.3333333333333333,0.135,-1,-1,-1,0.356862745098039,0.694117647058824,0.803921568627451
93.82371187210083,0.0,-0.14393916072623325,0.03,1,1,1,0.0,0.3333333333333333,0.12150000000000001,-1,-1,-1,1.0,1.0,-1.0,0.0,-0.3333333333333333,0.135,-1,-1,-1,0.356862745098039,0.694117647058824,0.803921568627451
93.85787463188171,0.0,-0.14316869921927802,0.03,1,1,1,0.0,0.3333333333333333,0.12150000000000001,-1,-1,-1,1.0,1.0,-1.0,0.0,-0.3333333333333333,0.135,-1,-1,-1,0.356862745098039,0.694117647058824,0.803921568627451
93.89194798469543,0.0,-0.1423982377123228,0.03,1,1,1,0.0,0.3333333333333333,0.12150000000000001,-1,-1,-1,1.0,1.0,-1.0,0.0,-0.3333333333333333,0.135,-1,-1,-1,0.356862745098039,0.694117647058824,0.803921568627451
93.9266300201416,0.0,-0.14162777620536757,0.03,1,1,1,0.0,0.3333333333333333,0.12150000000000001,-1,-1,-1,1.0,1.0,-1.0,0.0,-0.3333333333333333,0.135,-1,-1,-1,0.356862745098039,0.694117647058824,0.803921568627451
93.96233463287354,0.0,-0.14085731469841234,0.03,1,1,1,0.0,0.3333333333333333,0.12150000000000001,-1,-1,-1,1.0,1.0,-1.0,0.0,-0.3333333333333333,0.135,-1,-1,-1,0.356862745098039,0.694117647058824,0.803921568627451
93.99590110778809,0.0,-0.1400868531914571,0.03,1,1,1,0.0,0.3333333333333333,0.12150000000000001,-1,-1,-1,1.0,1.0,-1.0,0.0,-0.3333333333333333,0.135,-1,-1,-1,0.356862745098039,0.694117647058824,0.803921568627451
94.03132390975952,0.0,-0.13931639168450188,0.03,1,1,1,0.0,0.3333333333333333,0.12150000000000001,-1,-1,-1,1.0,1.0,-1.0,0.0,-0.3333333333333333,0.135,-1,-1,-1,0.356862745098039,0.694117647058824,0.803921568627451
94.06619119644165,0.0,-0.13854593017754666,0.03,1,1,1,0.0,0.3333333333333333,0.12150000000000001,-1,-1,-1,1.0,1.0,-1.0,0.0,-0.3333333333333333,0.135,-1,-1,-1,0.356862745098039,0.694117647058824,0.803921568627451
94.09999752044678,0.0,-0.13777546867059143,0.03,1,1,1,0.0,0.3333333333333333,0.12150000000000001,-1,-1,-1,1.0,1.0,-1.0,0.0,-0.3333333333333333,0.135,-1,-1,-1,0.356862745098039,0.694117647058824,0.803921568627451
94.13565421104431,0.0,-0.1370050071636362,0.03,1,1,1,0.0,0.3333333333333333,0.12150000000000001,-1,-1,-1,1.0,1.0,-1.0,0.0,-0.3333333333333333,0.135,-1,-1,-1,0.356862745098039,0.694117647058824,0.803921568627451
94.16954684257507,0.0,-0.13623454565668097,0.03,1,1,1,0.0,0.3333333333333333,0.12150000000000001,-1,-1,-1,1.0,1.0,-1.0,0.0,-0.3333333333333333,0.135,-1,-1,-1,0.356862745098039,0.694117647058824,0.803921568627451
94.20440936088562,0.0,-0.13546408414972574,0.03,1,1,1,0.0,0.3333333333333333,0.12150000000000001,-1,-1,-1,1.0,1.0,-1.0,0.0,-0.3333333333333333,0.135,-1,-1,-1,0.356862745098039,0.694117647058824,0.803921568627451
94.23906397819519,0.0,-0.13469362264277052,0.03,1,1,1,0.0,0.3333333333333333,0.12150000000000001,-1,-1,-1,1.0,1.0,-1.0,0.0,-0.3333333333333333,0.135,-1,-1,-1,0.356862745098039,0.694117647058824,0.803921568627451
94.27422404289246,0.0,-0.1339231611358153,0.03,1,1,1,0.0,0.3333333333333333,0.12150000000000001,-1,-1,-1,1.0,1.0,-1.0,0.0,-0.3333333333333333,0.135,-1,-1,-1,0.356862745098039,0.694117647058824,0.803921568627451
94.30927538871765,0.0,-0.13315269962886006,0.03,1,1,1,0.0,0.3333333333333333,0.12150000000000001,-1,-1,-1,1.0,1.0,-1.0,0.0,-0.3333333333333333,0.135,-1,-1,-1,0.356862745098039,0.694117647058824,0.803921568627451
94.34344029426575,0.0,-0.13238223812190483,0.03,1,1,1,0.0,0.3333333333333333,0.12150000000000001,-1,-1,-1,1.0,1.0,-1.0,0.0,-0.3333333333333333,0.135,-1,-1,-1,0.356862745098039,0.694117647058824,0.803921568627451
94.37818002700806,0.0,-0.1316117766149496,0.03,1,1,1,0.0,0.3333333333333333,0.12150000000000001,-1,-1,-1,1.0,1.0,-1.0,0.0,-0.3333333333333333,0.135,-1,-1,-1,0.356862745098039,0.694117647058824,0.803921568627451
94.41282105445862,0.0,-0.13084131510799438,0.03,1,1,1,0.0,0.3333333333333333,0.12150000000000001,-1,-1,-1,1.0,1.0,-1.0,0.0,-0.3333333333333333,0.135,-1,-1,-1,0.356862745098039,0.694117647058824,0.803921568627451
94.44788002967834,0.0,-0.13007085360103915,0.03,1,1,1,0.0,0.3333333333333333,0.12150000000000001,-1,-1,-1,1.0,1.0,-1.0,0.0,-0.3333333333333333,0.135,-1,-1,-1,0.356862745098039,0.694117647058824,0.803921568627451
94.4821765422821,0.0,-0.12930039209408392,0.03,1,1,1,0.0,0.3333333333333333,0.12150000000000001,-1,-1,-1,1.0,1.0,-1.0,0.0,-0.3333333333333333,0.135,-1,-1,-1,0.356862745098039,0.694117647058824,0.803921568627451
94.51740503311157,0.0,-0.1285299305871287,0.03,1,1,1,0.0,0.3333333333333333,0.12150000000000001,-1,-1,-1,1.0,1.0,-1.0,0.0,-0.3333333333333333,0.135,-1,-1,-1,0.356862745098039,0.694117647058824,0.803921568627451
94.5516152381897,0.0,-0.12775946908017347,0.03,1,1,1,0.0,0.3333333333333333,0.12150000000000001,-1,-1,-1,1.0,1.0,-1.0,0.0,-0.3333333333333333,0.135,-1,-1,-1,0.356862745098039,0.694117647058824,0.803921568627451
94.5864679813385,0.0,-0.12698900757321824,0.03,1,1,1,0.0,0.3333333333333333,0.12150000000000001,-1,-1,-1,1.0,1.0,-1.0,0.0,-0.3333333333333333,0.135,-1,-1,-1,0.356862745098039,0.694117647058824,0.803921568627451
94.62137722969055,0.0,-0.126218546066263,0.03,1,1,1,0.0,0.3333333333333333,0.12150000000000001,-1,-1,-1,1.0,1.0,-1.0,0.0,-0.3333333333333333,0.135,-1,-1,-1,0.356862745098039,0.694117647058824,0.803921568627451
94.6563663482666,0.0,-0.12544808455930778,0.03,1,1,1,0.0,0.3333333333333333,0.12150000000000001,-1,-1,-1,1.0,1.0,-1.0,0.0,-0.3333333333333333,0.135,-1,-1,-1,0.356862745098039,0.694117647058824,0.803921568627451
94.69011497497559,0.0,-0.12467762305235258,0.03,1,1,1,0.0,0.3333333333333333,0.12150000000000001,-1,-1,-1,1.0,1.0,-1.0,0.0,-0.3333333333333333,0.135,-1,-1,-1,0.356862745098039,0.694117647058824,0.803921568627451
94.72488403320312,0.0,-0.1239071615453974,0.03,1,1,1,0.0,0.3333333333333333,0.12150000000000001,-1,-1,-1,1.0,1.0,-1.0,0.0,-0.3333333333333333,0.135,-1,-1,-1,0.356862745098039,0.694117647058824,0.803921568627451
94.76039862632751,0.0,-0.12313670003844221,0.03,1,1,1,0.0,0.3333333333333333,0.12150000000000001,-1,-1,-1,1.0,1.0,-1.0,0.0,-0.3333333333333333,0.135,-1,-1,-1,0.356862745098039,0.694117647058824,0.803921568627451
94.7951340675354,0.0,-0.12236623853148704,0.03,1,1,1,0.0,0.3333333333333333,0.12150000000000001,-1,-1,-1,1.0,1.0,-1.0,0.0,-0.3333333333333333,0.135,-1,-1,-1,0.356862745098039,0.694117647058824,0.803921568627451
94.83016681671143,0.0,-0.12159577702453185,0.03,1,1,1,0.0,0.3333333333333333,0.12150000000000001,-1,-1,-1,1.0,1.0,-1.0,0.0,-0.3333333333333333,0.135,-1,-1,-1,0.356862745098039,0.694117647058824,0.803921568627451
94.8642225265503,0.0,-0.12082531551757666,0.03,1,1,1,0.0,0.3333333333333333,0.12150000000000001,-1,-1,-1,1.0,1.0,-1.0,0.0,-0.3333333333333333,0.135,-1,-1,-1,0.356862745098039,0.694117647058824,0.803921568627451
94.89922833442688,0.0,-0.12005485401062149,0.03,1,1,1,0.0,0.3333333333333333,0.12150000000000001,-1,-1,-1,1.0,1.0,-1.0,0.0,-0.3333333333333333,0.135,-1,-1,-1,0.356862745098039,0.694117647058824,0.803921568627451
94.93457984924316,0.0,-0.1192843925036663,0.03,1,1,1,0.0,0.3333333333333333,0.12150000000000001,-1,-1,-1,1.0,1.0,-1.0,0.0,-0.3333333333333333,0.135,-1,-1,-1,0.356862745098039,0.694117647058824,0.803921568627451
94.96853232383728,0.0,-0.11851393099671113,0.03,1,1,1,0.0,0.3333333333333333,0.12150000000000001,-1,-1,-1,1.0,1.0,-1.0,0.0,-0.3333333333333333,0.135,-1,-1,-1,0.356862745098039,0.694117647058824,0.803921568627451
95.00391697883606,0.0,-0.11774346948975598,0.03,1,1,1,0.0,0.3333333333333333,0.12150000000000001,-1,-1,-1,1.0,1.0,-1.0,0.0,-0.3333333333333333,0.135,-1,-1,-1,0.356862745098039,0.694117647058824,0.803921568627451
95.0386278629303,0.0,-0.11658465403930192,0.03,1,1,1,0.0,0.3333333333333333,0.12150000000000001,-1,-1,-1,1.0,1.0,-1.0,0.0,-0.3333333333333333,0.135,-1,-1,-1,0.356862745098039,0.694117647058824,0.803921568627451
95.07330513000488,0.0,-0.11532875010297314,0.03,1,1,1,0.0,0.3333333333333333,0.12150000000000001,-1,-1,-1,1.0,1.0,-1.0,0.0,-0.3333333333333333,0.135,-1,-1,-1,0.356862745098039,0.694117647058824,0.803921568627451
95.10788178443909,0.0,-0.11407284616664436,0.03,1,1,1,0.0,0.3333333333333333,0.12150000000000001,-1,-1,-1,1.0,1.0,-1.0,0.0,-0.3333333333333333,0.135,-1,-1,-1,0.356862745098039,0.694117647058824,0.803921568627451
95.14263939857483,0.0,-0.11281694223031558,0.03,1,1,1,0.0,0.3333333333333333,0.12150000000000001,-1,-1,-1,1.0,1.0,-1.0,0.0,-0.3333333333333333,0.135,-1,-1,-1,0.356862745098039,0.694117647058824,0.803921568627451
95.17773270606995,0.0,-0.1115610382939868,0.03,1,1,1,0.0,0.3333333333333333,0.12150000000000001,-1,-1,-1,1.0,1.0,-1.0,0.0,-0.3333333333333333,0.135,-1,-1,-1,0.356862745098039,0.694117647058824,0.803921568627451
95.21210503578186,0.0,-0.11030513435765801,0.03,1,1,1,0.0,0.3333333333333333,0.12150000000000001,-1,-1,-1,1.0,1.0,-1.0,0.0,-0.3333333333333333,0.135,-1,-1,-1,0.356862745098039,0.694117647058824,0.803921568627451
95.24687933921814,0.0,-0.10904923042132923,0.03,1,1,1,0.0,0.3333333333333333,0.12150000000000001,-1,-1,-1,1.0,1.0,-1.0,0.0,-0.3333333333333333,0.135,-1,-1,-1,0.356862745098039,0.694117647058824,0.803921568627451
95.2819595336914,0.0,-0.10779332648500045,0.03,1,1,1,0.0,0.3333333333333333,0.12150000000000001,-1,-1,-1,1.0,1.0,-1.0,0.0,-0.3333333333333333,0.135,-1,-1,-1,0.356862745098039,0.694117647058824,0.803921568627451
95.3159511089325,0.0,-0.10653742254867167,0.03,1,1,1,0.0,0.3333333333333333,0.12150000000000001,-1,-1,-1,1.0,1.0,-1.0,0.0,-0.3333333333333333,0.135,-1,-1,-1,0.356862745098039,0.694117647058824,0.803921568627451
95.35047745704651,0.0,-0.10528151861234289,0.03,1,1,1,0.0,0.3333333333333333,0.12150000000000001,-1,-1,-1,1.0,1.0,-1.0,0.0,-0.3333333333333333,0.135,-1,-1,-1,0.356862745098039,0.694117647058824,0.803921568627451
95.38516569137573,0.0,-0.10402561467601411,0.03,1,1,1,0.0,0.3333333333333333,0.12150000000000001,-1,-1,-1,1.0,1.0,-1.0,0.0,-0.3333333333333333,0.135,-1,-1,-1,0.356862745098039,0.694117647058824,0.803921568627451
95.42061638832092,0.0,-0.10276971073968533,0.03,1,1,1,0.0,0.3333333333333333,0.12150000000000001,-1,-1,-1,1.0,1.0,-1.0,0.0,-0.3333333333333333,0.135,-1,-1,-1,0.356862745098039,0.694117647058824,0.803921568627451
95.45523977279663,0.0,-0.10151380680335655,0.03,1,1,1,0.0,0.3333333333333333,0.12150000000000001,-1,-1,-1,1.0,1.0,-1.0,0.0,-0.3333333333333333,0.135,-1,-1,-1,0.356862745098039,0.694117647058824,0.803921568627451
95.48897957801819,0.0,-0.10025790286702776,0.03,1,1,1,0.0,0.3333333333333333,0.12150000000000001,-1,-1,-1,1.0,1.0,-1.0,0.0,-0.3333333333333333,0.135,-1,-1,-1,0.356862745098039,0.694117647058824,0.803921568627451
95.52415442466736,0.0,-0.09900199893069898,0.03,1,1,1,0.0,0.3333333333333333,0.12150000000000001,-1,-1,-1,1.0,1.0,-1.0,0.0,-0.3333333333333333,0.135,-1,-1,-1,0.356862745098039,0.694117647058824,0.803921568627451
95.55899095535278,0.0,-0.0977460949943702,0.03,1,1,1,0.0,0.3333333333333333,0.12150000000000001,-1,-1,-1,1.0,1.0,-1.0,0.0,-0.3333333333333333,0.135,-1,-1,-1,0.356862745098039,0.694117647058824,0.803921568627451
95.59359574317932,0.0,-0.09649019105804142,0.03,1,1,1,0.0,0.3333333333333333,0.12150000000000001,-1,-1,-1,1.0,1.0,-1.0,0.0,-0.3333333333333333,0.135,-1,-1,-1,0.356862745098039,0.694117647058824,0.803921568627451
95.62833404541016,0.0,-0.09523428712171264,0.03,1,1,1,0.0,0.3333333333333333,0.12150000000000001,-1,-1,-1,1.0,1.0,-1.0,0.0,-0.3333333333333333,0.135,-1,-1,-1,0.356862745098039,0.694117647058824,0.803921568627451
95.6633403301239,0.0,-0.09397838318538386,0.03,1,1,1,0.0,0.3333333333333333,0.12150000000000001,-1,-1,-1,1.0,1.0,-1.0,0.0,-0.3333333333333333,0.135,-1,-1,-1,0.356862745098039,0.694117647058824,0.803921568627451
95.69762134552002,0.0,-0.09272247924905508,0.03,1,1,1,0.0,0.3333333333333333,0.12150000000000001,-1,-1,-1,1.0,1.0,-1.0,0.0,-0.3333333333333333,0.135,-1,-1,-1,0.356862745098039,0.694117647058824,0.803921568627451
95.73203206062317,0.0,-0.0914665753127263,0.03,1,1,1,0.0,0.3333333333333333,0.12150000000000001,-1,-1,-1,1.0,1.0,-1.0,0.0,-0.3333333333333333,0.135,-1,-1,-1,0.356862745098039,0.694117647058824,0.803921568627451
95.76749324798584,0.0,-0.09021067137639752,0.03,1,1,1,0.0,0.3333333333333333,0.12150000000000001,-1,-1,-1,1.0,1.0,-1.0,0.0,-0.3333333333333333,0.135,-1,-1,-1,0.356862745098039,0.694117647058824,0.803921568627451
95.80204772949219,0.0,-0.08895476744006874,0.03,1,1,1,0.0,0.3333333333333333,0.12150000000000001,-1,-1,-1,1.0,1.0,-1.0,0.0,-0.3333333333333333,0.135,-1,-1,-1,0.356862745098039,0.694117647058824,0.803921568627451
95.836416721344,0.0,-0.08769886350373995,0.03,1,1,1,0.0,0.3333333333333333,0.12150000000000001,-1,-1,-1,1.0,1.0,-1.0,0.0,-0.3333333333333333,0.135,-1,-1,-1,0.356862745098039,0.694117647058824,0.803921568627451
95.87082147598267,0.0,-0.08644295956741117,0.03,1,1,1,0.0,0.3333333333333333,0.12150000000000001,-1,-1,-1,1.0,1.0,-1.0,0.0,-0.3333333333333333,0.135,-1,-1,-1,0.356862745098039,0.694117647058824,0.803921568627451
95.90631008148193,0.0,-0.08518705563108239,0.03,1,1,1,0.0,0.3333333333333333,0.12150000000000001,-1,-1,-1,1.0,1.0,-1.0,0.0,-0.3333333333333333,0.135,-1,-1,-1,0.356862745098039,0.694117647058824,0.803921568627451
95.94124150276184,0.0,-0.08393115169475361,0.03,1,1,1,0.0,0.3333333333333333,0.12150000000000001,-1,-1,-1,1.0,1.0,-1.0,0.0,-0.3333333333333333,0.135,-1,-1,-1,0.356862745098039,0.694117647058824,0.803921568627451
95.97585034370422,0.0,-0.08267524775842483,0.03,1,1,1,0.0,0.3333333333333333,0.12150000000000001,-1,-1,-1,1.0,1.0,-1.0,0.0,-0.3333333333333333,0.135,-1,-1,-1,0.356862745098039,0.694117647058824,0.803921568627451
96.01083970069885,0.0,-0.08141934382209605,0.03,1,1,1,0.0,0.3333333333333333,0.12150000000000001,-1,-1,-1,1.0,1.0,-1.0,0.0,-0.3333333333333333,0.135,-1,-1,-1,0.356862745098039,0.694117647058824,0.803921568627451
96.04513597488403,0.0,-0.08016343988576727,0.03,1,1,1,0.0,0.3333333333333333,0.12150000000000001,-1,-1,-1,1.0,1.0,-1.0,0.0,-0.3333333333333333,0.135,-1,-1,-1,0.356862745098039,0.694117647058824,0.803921568627451
96.07920336723328,0.0,-0.07890753594943849,0.03,1,1,1,0.0,0.3333333333333333,0.12150000000000001,-1,-1,-1,1.0,1.0,-1.0,0.0,-0.3333333333333333,0.135,-1,-1,-1,0.356862745098039,0.694117647058824,0.803921568627451
96.11437320709229,0.0,-0.0776516320131097,0.03,1,1,1,0.0,0.3333333333333333,0.12150000000000001,-1,-1,-1,1.0,1.0,-1.0,0.0,-0.3333333333333333,0.135,-1,-1,-1,0.356862745098039,0.694117647058824,0.803921568627451
96.14869904518127,0.0,-0.07639572807678092,0.03,1,1,1,0.0,0.3333333333333333,0.12150000000000001,-1,-1,-1,1.0,1.0,-1.0,0.0,-0.3333333333333333,0.135,-1,-1,-1,0.356862745098039,0.694117647058824,0.803921568627451
96.18352198600769,0.0,-0.07513982414045214,0.03,1,1,1,0.0,0.3333333333333333,0.12150000000000001,-1,-1,-1,1.0,1.0,-1.0,0.0,-0.3333333333333333,0.135,-1,-1,-1,0.356862745098039,0.694117647058824,0.803921568627451
96.21894383430481,0.0,-0.07402840701159594,0.03,1,1,1,0.0,0.3333333333333333,0.12150000000000001,-1,-1,-1,1.0,1.0,-1.0,0.0,-0.3333333333333333,0.135,-1,-1,-1,0.356862745098039,0.694117647058824,0.803921568627451
96.25279474258423,0.0,-0.07349493711263003,0.03,1,1,1,0.0,0.3333333333333333,0.12150000000000001,-1,-1,-1,1.0,1.0,-1.0,0.0,-0.3333333333333333,0.135,-1,-1,-1,0.356862745098039,0.694117647058824,0.803921568627451
96.28811240196228,0.0,-0.07296146721366412,0.03,1,1,1,0.0,0.3333333333333333,0.12150000000000001,-1,-1,-1,1.0,1.0,-1.0,0.0,-0.3333333333333333,0.135,-1,-1,-1,0.356862745098039,0.694117647058824,0.803921568627451
96.32312655448914,0.0,-0.0724279973146982,0.03,1,1,1,0.0,0.3333333333333333,0.12150000000000001,-1,-1,-1,1.0,1.0,-1.0,0.0,-0.3333333333333333,0.135,-1,-1,-1,0.356862745098039,0.694117647058824,0.803921568627451
96.35695219039917,0.0,-0.0718945274157323,0.03,1,1,1,0.0,0.3333333333333333,0.12150000000000001,-1,-1,-1,1.0,1.0,-1.0,0.0,-0.3333333333333333,0.135,-1,-1,-1,0.356862745098039,0.694117647058824,0.803921568627451
96.39166283607483,0.0,-0.07136105751676639,0.03,1,1,1,0.0,0.3333333333333333,0.12150000000000001,-1,-1,-1,1.0,1.0,-1.0,0.0,-0.3333333333333333,0.135,-1,-1,-1,0.356862745098039,0.694117647058824,0.803921568627451
96.42663860321045,0.0,-0.07082758761780047,0.03,1,1,1,0.0,0.3333333333333333,0.12150000000000001,-1,-1,-1,1.0,1.0,-1.0,0.0,-0.3333333333333333,0.135,-1,-1,-1,0.356862745098039,0.694117647058824,0.803921568627451
96.46140670776367,0.0,-0.07029411771883456,0.03,1,1,1,0.0,0.3333333333333333,0.12150000000000001,-1,-1,-1,1.0,1.0,-1.0,0.0,-0.3333333333333333,0.135,-1,-1,-1,0.356862745098039,0.694117647058824,0.803921568627451
96.4961998462677,0.0,-0.06976064781986865,0.03,1,1,1,0.0,0.3333333333333333,0.12150000000000001,-1,-1,-1,1.0,1.0,-1.0,0.0,-0.3333333333333333,0.135,-1,-1,-1,0.356862745098039,0.694117647058824,0.803921568627451
96.53144025802612,0.0,-0.06922717792090274,0.03,1,1,1,0.0,0.3333333333333333,0.12150000000000001,-1,-1,-1,1.0,1.0,-1.0,0.0,-0.3333333333333333,0.135,-1,-1,-1,0.356862745098039,0.694117647058824,0.803921568627451
96.5658392906189,0.0,-0.06869370802193683,0.03,1,1,1,0.0,0.3333333333333333,0.12150000000000001,-1,-1,-1,1.0,1.0,-1.0,0.0,-0.3333333333333333,0.135,-1,-1,-1,0.356862745098039,0.694117647058824,0.803921568627451
96.60006427764893,0.0,-0.06816023812297092,0.03,1,1,1,0.0,0.3333333333333333,0.12150000000000001,-1,-1,-1,1.0,1.0,-1.0,0.0,-0.3333333333333333,0.135,-1,-1,-1,0.356862745098039,0.694117647058824,0.803921568627451
96.63469767570496,0.0,-0.06762676822400501,0.03,1,1,1,0.0,0.3333333333333333,0.12150000000000001,-1,-1,-1,1.0,1.0,-1.0,0.0,-0.3333333333333333,0.135,-1,-1,-1,0.356862745098039,0.694117647058824,0.803921568627451
96.66944551467896,0.0,-0.0670932983250391,0.03,1,1,1,0.0,0.3333333333333333,0.12150000000000001,-1,-1,-1,1.0,1.0,-1.0,0.0,-0.3333333333333333,0.135,-1,-1,-1,0.356862745098039,0.694117647058824,0.803921568627451
96.70422005653381,0.0,-0.06655982842607319,0.03,1,1,1,0.0,0.3333333333333333,0.12150000000000001,-1,-1,-1,1.0,1.0,-1.0,0.0,-0.3333333333333333,0.135,-1,-1,-1,0.356862745098039,0.694117647058824,0.803921568627451
96.73928594589233,0.0,-0.06602635852710728,0.03,1,1,1,0.0,0.3333333333333333,0.12150000000000001,-1,-1,-1,1.0,1.0,-1.0,0.0,-0.3333333333333333,0.135,-1,-1,-1,0.356862745098039,0.694117647058824,0.803921568627451
96.77412867546082,0.0,-0.06549288862814137,0.03,1,1,1,0.0,0.3333333333333333,0.12150000000000001,-1,-1,-1,1.0,1.0,-1.0,0.0,-0.3333333333333333,0.135,-1,-1,-1,0.356862745098039,0.694117647058824,0.803921568627451
96.80856466293335,0.0,-0.06495941872917546,0.03,1,1,1,0.0,0.3333333333333333,0.12150000000000001,-1,-1,-1,1.0,1.0,-1.0,0.0,-0.3333333333333333,0.135,-1,-1,-1,0.356862745098039,0.694117647058824,0.803921568627451
96.84321212768555,0.0,-0.06442594883020955,0.03,1,1,1,0.0,0.3333333333333333,0.12150000000000001,-1,-1,-1,1.0,1.0,-1.0,0.0,-0.3333333333333333,0.135,-1,-1,-1,0.356862745098039,0.694117647058824,0.803921568627451
96.87790107727051,0.0,-0.06389247893124364,0.03,1,1,1,0.0,0.3333333333333333,0.12150000000000001,-1,-1,-1,1.0,1.0,-1.0,0.0,-0.3333333333333333,0.135,-1,-1,-1,0.356862745098039,0.694117647058824,0.803921568627451
96.91345453262329,0.0,-0.06335900903227773,0.03,1,1,1,0.0,0.3333333333333333,0.12150000000000001,-1,-1,-1,1.0,1.0,-1.0,0.0,-0.3333333333333333,0.135,-1,-1,-1,0.356862745098039,0.694117647058824,0.803921568627451
96.9478747844696,0.0,-0.06282553913331182,0.03,1,1,1,0.0,0.3333333333333333,0.12150000000000001,-1,-1,-1,1.0,1.0,-1.0,0.0,-0.3333333333333333,0.135,-1,-1,-1,0.356862745098039,0.694117647058824,0.803921568627451
96.98210287094116,0.0,-0.062292069234345895,0.03,1,1,1,0.0,0.3333333333333333,0.12150000000000001,-1,-1,-1,1.0,1.0,-1.0,0.0,-0.3333333333333333,0.135,-1,-1,-1,0.356862745098039,0.694117647058824,0.803921568627451
97.01763534545898,0.0,-0.061758599335379936,0.03,1,1,1,0.0,0.3333333333333333,0.12150000000000001,-1,-1,-1,1.0,1.0,-1.0,0.0,-0.3333333333333333,0.135,-1,-1,-1,0.356862745098039,0.694117647058824,0.803921568627451
97.05186700820923,0.0,-0.061225129436413984,0.03,1,1,1,0.0,0.3333333333333333,0.12150000000000001,-1,-1,-1,1.0,1.0,-1.0,0.0,-0.3333333333333333,0.135,-1,-1,-1,0.356862745098039,0.694117647058824,0.803921568627451
97.08726668357849,0.0,-0.06069165953744803,0.03,1,1,1,0.0,0.3333333333333333,0.12150000000000001,-1,-1,-1,1.0,1.0,-1.0,0.0,-0.3333333333333333,0.135,-1,-1,-1,0.356862745098039,0.694117647058824,0.803921568627451
97.12197089195251,0.0,-0.06015818963848208,0.03,1,1,1,0.0,0.3333333333333333,0.12150000000000001,-1,-1,-1,1.0,1.0,-1.0,0.0,-0.3333333333333333,0.135,-1,-1,-1,0.356862745098039,0.694117647058824,0.803921568627451
97.15647506713867,0.0,-0.05962471973951613,0.03,1,1,1,0.0,0.3333333333333333,0.12150000000000001,-1,-1,-1,1.0,1.0,-1.0,0.0,-0.3333333333333333,0.135,-1,-1,-1,0.356862745098039,0.694117647058824,0.803921568627451
97.19140839576721,0.0,-0.05909124984055018,0.03,1,1,1,0.0,0.3333333333333333,0.12150000000000001,-1,-1,-1,1.0,1.0,-1.0,0.0,-0.3333333333333333,0.135,-1,-1,-1,0.356862745098039,0.694117647058824,0.803921568627451
97.22550678253174,0.0,-0.05855777994158423,0.03,1,1,1,0.0,0.3333333333333333,0.12150000000000001,-1,-1,-1,1.0,1.0,-1.0,0.0,-0.3333333333333333,0.135,-1,-1,-1,0.356862745098039,0.694117647058824,0.803921568627451
97.26030850410461,0.0,-0.058024310042618286,0.03,1,1,1,0.0,0.3333333333333333,0.12150000000000001,-1,-1,-1,1.0,1.0,-1.0,0.0,-0.3333333333333333,0.135,-1,-1,-1,0.356862745098039,0.694117647058824,0.803921568627451
97.29559659957886,0.0,-0.05749084014365234,0.03,1,1,1,0.0,0.3333333333333333,0.12150000000000001,-1,-1,-1,1.0,1.0,-1.0,0.0,-0.3333333333333333,0.135,-1,-1,-1,0.356862745098039,0.694117647058824,0.803921568627451
97.34325361251831,0.0,-0.056957370244686396,0.03,1,1,1,0.0,0.3333333333333333,0.12150000000000001,-1,-1,-1,1.0,1.0,-1.0,0.0,-0.3333333333333333,0.135,-1,-1,-1,0.356862745098039,0.694117647058824,0.803921568627451
97.38554167747498,0.0,-0.05642390034572045,0.03,1,1,1,0.0,0.3333333333333333,0.12150000000000001,-1,-1,-1,1.0,1.0,-1.0,0.0,-0.3333333333333333,0.135,-1,-1,-1,0.356862745098039,0.694117647058824,0.803921568627451
97.42016625404358,0.0,-0.05555538318551942,0.03,1,1,1,0.0,0.3333333333333333,0.12150000000000001,-1,-1,-1,1.0,1.0,-1.0,0.0,-0.3333333333333333,0.135,-1,-1,-1,0.356862745098039,0.694117647058824,0.803921568627451
97.4549286365509,0.0,-0.05334667698037804,0.03,1,1,1,0.0,0.3333333333333333,0.12150000000000001,-1,-1,-1,1.0,1.0,-1.0,0.0,-0.3333333333333333,0.135,-1,-1,-1,0.356862745098039,0.694117647058824,0.803921568627451
97.48967623710632,0.0,-0.05113797077523666,0.03,1,1,1,0.0,0.3333333333333333,0.12150000000000001,-1,-1,-1,1.0,1.0,-1.0,0.0,-0.3333333333333333,0.135,-1,-1,-1,0.356862745098039,0.694117647058824,0.803921568627451
97.52422881126404,0.0,-0.04892926457009528,0.03,1,1,1,0.0,0.3333333333333333,0.12150000000000001,-1,-1,-1,1.0,1.0,-1.0,0.0,-0.3333333333333333,0.135,-1,-1,-1,0.356862745098039,0.694117647058824,0.803921568627451
97.55947160720825,0.0,-0.046720558364953896,0.03,1,1,1,0.0,0.3333333333333333,0.12150000000000001,-1,-1,-1,1.0,1.0,-1.0,0.0,-0.3333333333333333,0.135,-1,-1,-1,0.356862745098039,0.694117647058824,0.803921568627451
97.59338617324829,0.0,-0.044511852159812515,0.03,1,1,1,0.0,0.3333333333333333,0.12150000000000001,-1,-1,-1,1.0,1.0,-1.0,0.0,-0.3333333333333333,0.135,-1,-1,-1,0.356862745098039,0.694117647058824,0.803921568627451
97.62854886054993,0.0,-0.042303145954671134,0.03,1,1,1,0.0,0.3333333333333333,0.12150000000000001,-1,-1,-1,1.0,1.0,-1.0,0.0,-0.3333333333333333,0.135,-1,-1,-1,0.356862745098039,0.694117647058824,0.803921568627451
97.66257643699646,0.0,-0.04009443974952975,0.03,1,1,1,0.0,0.3333333333333333,0.12150000000000001,-1,-1,-1,1.0,1.0,-1.0,0.0,-0.3333333333333333,0.135,-1,-1,-1,0.356862745098039,0.694117647058824,0.803921568627451
97.69799160957336,0.0,-0.03788573354438837,0.03,1,1,1,0.0,0.3333333333333333,0.12150000000000001,-1,-1,-1,1.0,1.0,-1.0,0.0,-0.3333333333333333,0.135,-1,-1,-1,0.356862745098039,0.694117647058824,0.803921568627451
97.73201990127563,0.0,-0.03567702733924699,0.03,1,1,1,0.0,0.3333333333333333,0.12150000000000001,-1,-1,-1,1.0,1.0,-1.0,0.0,-0.3333333333333333,0.135,-1,-1,-1,0.356862745098039,0.694117647058824,0.803921568627451
97.76688742637634,0.0,-0.03346832113410561,0.03,1,1,1,0.0,0.3333333333333333,0.12150000000000001,-1,-1,-1,1.0,1.0,-1.0,0.0,-0.3333333333333333,0.135,-1,-1,-1,0.356862745098039,0.694117647058824,0.803921568627451
97.80220699310303,0.0,-0.03125961492896423,0.03,1,1,1,0.0,0.3333333333333333,0.12150000000000001,-1,-1,-1,1.0,1.0,-1.0,0.0,-0.3333333333333333,0.135,-1,-1,-1,0.356862745098039,0.694117647058824,0.803921568627451
97.83689594268799,0.0,-0.02905090872382285,0.03,1,1,1,0.0,0.3333333333333333,0.12150000000000001,-1,-1,-1,1.0,1.0,-1.0,0.0,-0.3333333333333333,0.135,-1,-1,-1,0.356862745098039,0.694117647058824,0.803921568627451
97.87161564826965,0.0,-0.02684220251868147,0.03,1,1,1,0.0,0.3333333333333333,0.12150000000000001,-1,-1,-1,1.0,1.0,-1.0,0.0,-0.3333333333333333,0.135,-1,-1,-1,0.356862745098039,0.694117647058824,0.803921568627451
97.90640115737915,0.0,-0.024633496313540088,0.03,1,1,1,0.0,0.3333333333333333,0.12150000000000001,-1,-1,-1,1.0,1.0,-1.0,0.0,-0.3333333333333333,0.135,-1,-1,-1,0.356862745098039,0.694117647058824,0.803921568627451
97.94037008285522,0.0,-0.022424790108398707,0.03,1,1,1,0.0,0.3333333333333333,0.12150000000000001,-1,-1,-1,1.0,1.0,-1.0,0.0,-0.3333333333333333,0.135,-1,-1,-1,0.356862745098039,0.694117647058824,0.803921568627451
97.97540593147278,0.0,-0.020216083903257326,0.03,1,1,1,0.0,0.3333333333333333,0.12150000000000001,-1,-1,-1,1.0,1.0,-1.0,0.0,-0.3333333333333333,0.135,-1,-1,-1,0.356862745098039,0.694117647058824,0.803921568627451
98.01053714752197,0.0,-0.018007377698115945,0.03,1,1,1,0.0,0.3333333333333333,0.12150000000000001,-1,-1,-1,1.0,1.0,-1.0,0.0,-0.3333333333333333,0.135,-1,-1,-1,0.356862745098039,0.694117647058824,0.803921568627451
98.04520320892334,0.0,-0.015798671492974564,0.03,1,1,1,0.0,0.3333333333333333,0.12150000000000001,-1,-1,-1,1.0,1.0,-1.0,0.0,-0.3333333333333333,0.135,-1,-1,-1,0.356862745098039,0.694117647058824,0.803921568627451
98.07971572875977,0.0,-0.013589965287833196,0.03,1,1,1,0.0,0.3333333333333333,0.12150000000000001,-1,-1,-1,1.0,1.0,-1.0,0.0,-0.3333333333333333,0.135,-1,-1,-1,0.356862745098039,0.694117647058824,0.803921568627451
98.1144630908966,0.0,-0.011381259082691823,0.03,1,1,1,0.0,0.3333333333333333,0.12150000000000001,-1,-1,-1,1.0,1.0,-1.0,0.0,-0.3333333333333333,0.135,-1,-1,-1,0.356862745098039,0.694117647058824,0.803921568627451
98.14921927452087,0.0,-0.009172552877550451,0.03,1,1,1,0.0,0.3333333333333333,0.12150000000000001,-1,-1,-1,1.0,1.0,-1.0,0.0,-0.3333333333333333,0.135,-1,-1,-1,0.356862745098039,0.694117647058824,0.803921568627451
98.18406701087952,0.0,-0.006963846672409079,0.03,1,1,1,0.0,0.3333333333333333,0.12150000000000001,-1,-1,-1,1.0,1.0,-1.0,0.0,-0.3333333333333333,0.135,-1,-1,-1,0.356862745098039,0.694117647058824,0.803921568627451
98.21871614456177,0.0,-0.004755140467267707,0.03,1,1,1,0.0,0.3333333333333333,0.12150000000000001,-1,-1,-1,1.0,1.0,-1.0,0.0,-0.3333333333333333,0.135,-1,-1,-1,0.356862745098039,0.694117647058824,0.803921568627451
98.25347971916199,0.0,-0.002546434262126335,0.03,1,1,1,0.0,0.3333333333333333,0.12150000000000001,-1,-1,-1,1.0,1.0,-1.0,0.0,-0.3333333333333333,0.135,-1,-1,-1,0.356862745098039,0.694117647058824,0.803921568627451
98.28868675231934,0.0,-0.000337728056984963,0.03,1,1,1,0.0,0.3333333333333333,0.12150000000000001,-1,-1,-1,1.0,1.0,-1.0,0.0,-0.3333333333333333,0.135,-1,-1,-1,0.356862745098039,0.694117647058824,0.803921568627451
98.3233208656311,0.0,0.0018709781481564092,0.03,1,1,1,0.0,0.3333333333333333,0.12150000000000001,-1,-1,-1,1.0,1.0,-1.0,0.0,-0.3333333333333333,0.135,-1,-1,-1,0.356862745098039,0.694117647058824,0.803921568627451
98.35828137397766,0.0,0.004079684353297782,0.03,1,1,1,0.0,0.3333333333333333,0.12150000000000001,-1,-1,-1,1.0,1.0,-1.0,0.0,-0.3333333333333333,0.135,-1,-1,-1,0.356862745098039,0.694117647058824,0.803921568627451
98.39219689369202,0.0,0.006288390558439154,0.03,1,1,1,0.0,0.3333333333333333,0.12150000000000001,-1,-1,-1,1.0,1.0,-1.0,0.0,-0.3333333333333333,0.135,-1,-1,-1,0.356862745098039,0.694117647058824,0.803921568627451
98.42659497261047,0.0,0.008497096763580526,0.03,1,1,1,0.0,0.3333333333333333,0.12150000000000001,-1,-1,-1,1.0,1.0,-1.0,0.0,-0.3333333333333333,0.135,-1,-1,-1,0.356862745098039,0.694117647058824,0.803921568627451
98.46206831932068,0.0,0.010705802968721898,0.03,1,1,1,0.0,0.3333333333333333,0.12150000000000001,-1,-1,-1,1.0,1.0,-1.0,0.0,-0.3333333333333333,0.135,-1,-1,-1,0.356862745098039,0.694117647058824,0.803921568627451
98.49691939353943,0.0,0.01291450917386327,0.03,1,1,1,0.0,0.3333333333333333,0.12150000000000001,-1,-1,-1,1.0,1.0,-1.0,0.0,-0.3333333333333333,0.135,-1,-1,-1,0.356862745098039,0.694117647058824,0.803921568627451
98.53161025047302,0.0,0.015123215379004644,0.03,1,1,1,0.0,0.3333333333333333,0.12150000000000001,-1,-1,-1,1.0,1.0,-1.0,0.0,-0.3333333333333333,0.135,-1,-1,-1,0.356862745098039,0.694117647058824,0.803921568627451
98.5659008026123,0.0,0.017331921584146023,0.03,1,1,1,0.0,0.3333333333333333,0.12150000000000001,-1,-1,-1,1.0,1.0,-1.0,0.0,-0.3333333333333333,0.135,-1,-1,-1,0.356862745098039,0.694117647058824,0.803921568627451
98.60070466995239,0.0,0.019540627789287404,0.03,1,1,1,0.0,0.3333333333333333,0.12150000000000001,-1,-1,-1,1.0,1.0,-1.0,0.0,-0.3333333333333333,0.135,-1,-1,-1,0.356862745098039,0.694117647058824,0.803921568627451
98.63564252853394,0.0,0.023020987476979282,0.03,1,1,1,0.0,0.3333333333333333,0.12150000000000001,-1,-1,-1,1.0,1.0,-1.0,0.0,-0.3333333333333333,0.135,-1,-1,-1,0.356862745098039,0.694117647058824,0.803921568627451
98.67043566703796,0.0,0.027349116153038158,0.03,1,1,1,0.0,0.3333333333333333,0.12150000000000001,-1,-1,-1,1.0,1.0,-1.0,0.0,-0.3333333333333333,0.135,-1,-1,-1,0.356862745098039,0.694117647058824,0.803921568627451
98.70532846450806,0.0,0.031677244829097034,0.03,1,1,1,0.0,0.3333333333333333,0.12150000000000001,-1,-1,-1,1.0,1.0,-1.0,0.0,-0.3333333333333333,0.135,-1,-1,-1,0.356862745098039,0.694117647058824,0.803921568627451
98.74001574516296,0.0,0.03600537350515591,0.03,1,1,1,0.0,0.3333333333333333,0.12150000000000001,-1,-1,-1,1.0,1.0,-1.0,0.0,-0.3333333333333333,0.135,-1,-1,-1,0.356862745098039,0.694117647058824,0.803921568627451
98.77477598190308,0.0,0.040333502181214786,0.03,1,1,1,0.0,0.3333333333333333,0.12150000000000001,-1,-1,-1,1.0,1.0,-1.0,0.0,-0.3333333333333333,0.135,-1,-1,-1,0.356862745098039,0.694117647058824,0.803921568627451
98.80984592437744,0.0,0.04466163085727366,0.03,1,1,1,0.0,0.3333333333333333,0.12150000000000001,-1,-1,-1,1.0,1.0,-1.0,0.0,-0.3333333333333333,0.135,-1,-1,-1,0.356862745098039,0.694117647058824,0.803921568627451
98.84385824203491,0.0,0.04898975953333254,0.03,1,1,1,0.0,0.3333333333333333,0.12150000000000001,-1,-1,-1,1.0,1.0,-1.0,0.0,-0.3333333333333333,0.135,-1,-1,-1,0.356862745098039,0.694117647058824,0.803921568627451
98.87857723236084,0.0,0.053317888209391415,0.03,1,1,1,0.0,0.3333333333333333,0.12150000000000001,-1,-1,-1,1.0,1.0,-1.0,0.0,-0.3333333333333333,0.135,-1,-1,-1,0.356862745098039,0.694117647058824,0.803921568627451
98.91366267204285,0.0,0.05764601688545029,0.03,1,1,1,0.0,0.3333333333333333,0.12150000000000001,-1,-1,-1,1.0,1.0,-1.0,0.0,-0.3333333333333333,0.135,-1,-1,-1,0.356862745098039,0.694117647058824,0.803921568627451
98.94843244552612,0.0,0.06197414556150916,0.03,1,1,1,0.0,0.3333333333333333,0.12150000000000001,-1,-1,-1,1.0,1.0,-1.0,0.0,-0.3333333333333333,0.135,-1,-1,-1,0.356862745098039,0.694117647058824,0.803921568627451
98.98308324813843,0.0,0.06630227423756803,0.03,1,1,1,0.0,0.3333333333333333,0.12150000000000001,-1,-1,-1,1.0,1.0,-1.0,0.0,-0.3333333333333333,0.135,-1,-1,-1,0.356862745098039,0.694117647058824,0.803921568627451
99.0175404548645,0.0,0.0706304029136269,0.03,1,1,1,0.0,0.3333333333333333,0.12150000000000001,-1,-1,-1,1.0,1.0,-1.0,0.0,-0.3333333333333333,0.135,-1,-1,-1,0.356862745098039,0.694117647058824,0.803921568627451
99.05220031738281,0.0,0.07495853158968578,0.03,1,1,1,0.0,0.3333333333333333,0.12150000000000001,-1,-1,-1,1.0,1.0,-1.0,0.0,-0.3333333333333333,0.135,-1,-1,-1,0.356862745098039,0.694117647058824,0.803921568627451
99.08725714683533,0.0,0.07928666026574466,0.03,1,1,1,0.0,0.3333333333333333,0.12150000000000001,-1,-1,-1,1.0,1.0,-1.0,0.0,-0.3333333333333333,0.135,-1,-1,-1,0.356862745098039,0.694117647058824,0.803921568627451
99.12114143371582,0.0,0.08361478894180353,0.03,1,1,1,0.0,0.3333333333333333,0.12150000000000001,-1,-1,-1,1.0,1.0,-1.0,0.0,-0.3333333333333333,0.135,-1,-1,-1,0.356862745098039,0.694117647058824,0.803921568627451
99.15571784973145,0.0,0.08794291761786241,0.03,1,1,1,0.0,0.3333333333333333,0.12150000000000001,-1,-1,-1,1.0,1.0,-1.0,0.0,-0.3333333333333333,0.135,-1,-1,-1,0.356862745098039,0.694117647058824,0.803921568627451
99.1908757686615,0.0,0.09227104629392129,0.03,1,1,1,0.0,0.3333333333333333,0.12150000000000001,-1,-1,-1,1.0,1.0,-1.0,0.0,-0.3333333333333333,0.135,-1,-1,-1,0.356862745098039,0.694117647058824,0.803921568627451
99.22536325454712,0.0,0.09659917496998016,0.03,1,1,1,0.0,0.3333333333333333,0.12150000000000001,-1,-1,-1,1.0,1.0,-1.0,0.0,-0.3333333333333333,0.135,-1,-1,-1,0.356862745098039,0.694117647058824,0.803921568627451
99.26065754890442,0.0,0.10092730364603904,0.03,1,1,1,0.0,0.3333333333333333,0.12150000000000001,-1,-1,-1,1.0,1.0,-1.0,0.0,-0.3333333333333333,0.135,-1,-1,-1,0.356862745098039,0.694117647058824,0.803921568627451
99.2954888343811,0.0,0.10525543232209791,0.03,1,1,1,0.0,0.3333333333333333,0.12150000000000001,-1,-1,-1,1.0,1.0,-1.0,0.0,-0.3333333333333333,0.135,-1,-1,-1,0.356862745098039,0.694117647058824,0.803921568627451
99.33004117012024,0.0,0.10958356099815679,0.03,1,1,1,0.0,0.3333333333333333,0.12150000000000001,-1,-1,-1,1.0,1.0,-1.0,0.0,-0.3333333333333333,0.135,-1,-1,-1,0.356862745098039,0.694117647058824,0.803921568627451
99.36511254310608,0.0,0.11391168967421567,0.03,1,1,1,0.0,0.3333333333333333,0.12150000000000001,-1,-1,-1,1.0,1.0,-1.0,0.0,-0.3333333333333333,0.135,-1,-1,-1,0.356862745098039,0.694117647058824,0.803921568627451
99.39901232719421,0.0,0.11823981835027454,0.03,1,1,1,0.0,0.3333333333333333,0.12150000000000001,-1,-1,-1,1.0,1.0,-1.0,0.0,-0.3333333333333333,0.135,-1,-1,-1,0.356862745098039,0.694117647058824,0.803921568627451
99.43420505523682,0.0,0.12256794702633345,0.03,1,1,1,0.0,0.3333333333333333,0.12150000000000001,-1,-1,-1,1.0,1.0,-1.0,0.0,-0.3333333333333333,0.135,-1,-1,-1,0.356862745098039,0.694117647058824,0.803921568627451
99.46919083595276,0.0,0.1268960757023923,0.03,1,1,1,0.0,0.3333333333333333,0.12150000000000001,-1,-1,-1,1.0,1.0,-1.0,0.0,-0.3333333333333333,0.135,-1,-1,-1,0.356862745098039,0.694117647058824,0.803921568627451
99.50347995758057,0.0,0.13122420437845111,0.03,1,1,1,0.0,0.3333333333333333,0.12150000000000001,-1,-1,-1,1.0,1.0,-1.0,0.0,-0.3333333333333333,0.135,-1,-1,-1,0.356862745098039,0.694117647058824,0.803921568627451
99.53848361968994,0.0,0.13555233305450992,0.03,1,1,1,0.0,0.3333333333333333,0.12150000000000001,-1,-1,-1,1.0,1.0,-1.0,0.0,-0.3333333333333333,0.135,-1,-1,-1,0.356862745098039,0.694117647058824,0.803921568627451
99.57323837280273,0.0,0.13988046173056873,0.03,1,1,1,0.0,0.3333333333333333,0.12150000000000001,-1,-1,-1,1.0,1.0,-1.0,0.0,-0.3333333333333333,0.135,-1,-1,-1,0.356862745098039,0.694117647058824,0.803921568627451
99.60783100128174,0.0,0.14420859040662753,0.03,1,1,1,0.0,0.3333333333333333,0.12150000000000001,-1,-1,-1,1.0,1.0,-1.0,0.0,-0.3333333333333333,0.135,-1,-1,-1,0.356862745098039,0.694117647058824,0.803921568627451
99.64228081703186,0.0,0.14853671908268634,0.03,1,1,1,0.0,0.3333333333333333,0.12150000000000001,-1,-1,-1,1.0,1.0,-1.0,0.0,-0.3333333333333333,0.135,-1,-1,-1,0.356862745098039,0.694117647058824,0.803921568627451
99.67715239524841,0.0,0.15286484775874515,0.03,1,1,1,0.0,0.3333333333333333,0.12150000000000001,-1,-1,-1,1.0,1.0,-1.0,0.0,-0.3333333333333333,0.135,-1,-1,-1,0.356862745098039,0.694117647058824,0.803921568627451
99.71185111999512,0.0,0.15719297643480395,0.03,1,1,1,0.0,0.3333333333333333,0.12150000000000001,-1,-1,-1,1.0,1.0,-1.0,0.0,-0.3333333333333333,0.135,-1,-1,-1,0.356862745098039,0.694117647058824,0.803921568627451
99.74660921096802,0.0,0.16152110511086276,0.03,1,1,1,0.0,0.3333333333333333,0.12150000000000001,-1,-1,-1,1.0,1.0,-1.0,0.0,-0.3333333333333333,0.135,-1,-1,-1,0.356862745098039,0.694117647058824,0.803921568627451
99.78156089782715,0.0,0.16584923378692157,0.03,1,1,1,0.0,0.3333333333333333,0.12150000000000001,-1,-1,-1,1.0,1.0,-1.0,0.0,-0.3333333333333333,0.135,-1,-1,-1,0.356862745098039,0.694117647058824,0.803921568627451
99.81576013565063,0.0,0.17017736246298037,0.03,1,1,1,0.0,0.3333333333333333,0.12150000000000001,-1,-1,-1,1.0,1.0,-1.0,0.0,-0.3333333333333333,0.135,-1,-1,-1,0.356862745098039,0.694117647058824,0.803921568627451
99.85092949867249,0.0,0.17087974056639804,0.03,1,1,1,0.0,0.3333333333333333,0.12150000000000001,-1,-1,-1,1.0,1.0,-1.0,0.0,-0.3333333333333333,0.135,-1,-1,-1,0.356862745098039,0.694117647058824,0.803921568627451
99.88488459587097,0.0,0.1715821186698157,0.03,1,1,1,0.0,0.3333333333333333,0.12150000000000001,-1,-1,-1,1.0,1.0,-1.0,0.0,-0.3333333333333333,0.135,-1,-1,-1,0.356862745098039,0.694117647058824,0.803921568627451
99.91997504234314,0.0,0.17228449677323338,0.03,1,1,1,0.0,0.3333333333333333,0.12150000000000001,-1,-1,-1,1.0,1.0,-1.0,0.0,-0.3333333333333333,0.135,-1,-1,-1,0.356862745098039,0.694117647058824,0.803921568627451
99.95433068275452,0.0,0.17298687487665104,0.03,1,1,1,0.0,0.3333333333333333,0.12150000000000001,-1,-1,-1,1.0,1.0,-1.0,0.0,-0.3333333333333333,0.135,-1,-1,-1,0.356862745098039,0.694117647058824,0.803921568627451
99.9892954826355,0.0,0.1736892529800687,0.03,1,1,1,0.0,0.3333333333333333,0.12150000000000001,-1,-1,-1,1.0,1.0,-1.0,0.0,-0.3333333333333333,0.135,-1,-1,-1,0.356862745098039,0.694117647058824,0.803921568627451
100.0242063999176,0.0,0.17439163108348638,0.03,1,1,1,0.0,0.3333333333333333,0.12150000000000001,-1,-1,-1,1.0,1.0,-1.0,0.0,-0.3333333333333333,0.135,-1,-1,-1,0.356862745098039,0.694117647058824,0.803921568627451
100.05904960632324,0.0,0.17509400918690404,0.03,1,1,1,0.0,0.3333333333333333,0.12150000000000001,-1,-1,-1,1.0,1.0,-1.0,0.0,-0.3333333333333333,0.135,-1,-1,-1,0.356862745098039,0.694117647058824,0.803921568627451
100.09394097328186,0.0,0.1757963872903217,0.03,1,1,1,0.0,0.3333333333333333,0.12150000000000001,-1,-1,-1,1.0,1.0,-1.0,0.0,-0.3333333333333333,0.135,-1,-1,-1,0.356862745098039,0.694117647058824,0.803921568627451
100.12818026542664,0.0,0.17649876539373938,0.03,1,1,1,0.0,0.3333333333333333,0.12150000000000001,-1,-1,-1,1.0,1.0,-1.0,0.0,-0.3333333333333333,0.135,-1,-1,-1,0.356862745098039,0.694117647058824,0.803921568627451
100.1631338596344,0.0,0.17720114349715704,0.03,1,1,1,0.0,0.3333333333333333,0.12150000000000001,-1,-1,-1,1.0,1.0,-1.0,0.0,-0.3333333333333333,0.135,-1,-1,-1,0.356862745098039,0.694117647058824,0.803921568627451
100.19769144058228,0.0,0.1779035216005747,0.03,1,1,1,0.0,0.3333333333333333,0.12150000000000001,-1,-1,-1,1.0,1.0,-1.0,0.0,-0.3333333333333333,0.135,-1,-1,-1,0.356862745098039,0.694117647058824,0.803921568627451
100.23342394828796,0.0,0.17860589970399238,0.03,1,1,1,0.0,0.3333333333333333,0.12150000000000001,-1,-1,-1,1.0,1.0,-1.0,0.0,-0.3333333333333333,0.135,-1,-1,-1,0.356862745098039,0.694117647058824,0.803921568627451
100.26736688613892,0.0,0.17930827780741004,0.03,1,1,1,0.0,0.3333333333333333,0.12150000000000001,-1,-1,-1,1.0,1.0,-1.0,0.0,-0.3333333333333333,0.135,-1,-1,-1,0.356862745098039,0.694117647058824,0.803921568627451
100.30232834815979,0.0,0.1800106559108277,0.03,1,1,1,0.0,0.3333333333333333,0.12150000000000001,-1,-1,-1,1.0,1.0,-1.0,0.0,-0.3333333333333333,0.135,-1,-1,-1,0.356862745098039,0.694117647058824,0.803921568627451
100.3367292881012,0.0,0.18071303401424538,0.03,1,1,1,0.0,0.3333333333333333,0.12150000000000001,-1,-1,-1,1.0,1.0,-1.0,0.0,-0.3333333333333333,0.135,-1,-1,-1,0.356862745098039,0.694117647058824,0.803921568627451
100.37146782875061,0.0,0.18141541211766304,0.03,1,1,1,0.0,0.3333333333333333,0.12150000000000001,-1,-1,-1,1.0,1.0,-1.0,0.0,-0.3333333333333333,0.135,-1,-1,-1,0.356862745098039,0.694117647058824,0.803921568627451
100.40603542327881,0.0,0.1821177902210807,0.03,1,1,1,0.0,0.3333333333333333,0.12150000000000001,-1,-1,-1,1.0,1.0,-1.0,0.0,-0.3333333333333333,0.135,-1,-1,-1,0.356862745098039,0.694117647058824,0.803921568627451
100.44137811660767,0.0,0.18282016832449838,0.03,1,1,1,0.0,0.3333333333333333,0.12150000000000001,-1,-1,-1,1.0,1.0,-1.0,0.0,-0.3333333333333333,0.135,-1,-1,-1,0.356862745098039,0.694117647058824,0.803921568627451
100.47612404823303,0.0,0.18352254642791604,0.03,1,1,1,0.0,0.3333333333333333,0.12150000000000001,-1,-1,-1,1.0,1.0,-1.0,0.0,-0.3333333333333333,0.135,-1,-1,-1,0.356862745098039,0.694117647058824,0.803921568627451
100.51089024543762,0.0,0.1842249245313337,0.03,1,1,1,0.0,0.3333333333333333,0.12150000000000001,-1,-1,-1,1.0,1.0,-1.0,0.0,-0.3333333333333333,0.135,-1,-1,-1,0.356862745098039,0.694117647058824,0.803921568627451
100.54494619369507,0.0,0.18492730263475138,0.03,1,1,1,0.0,0.3333333333333333,0.12150000000000001,-1,-1,-1,1.0,1.0,-1.0,0.0,-0.3333333333333333,0.135,-1,-1,-1,0.356862745098039,0.694117647058824,0.803921568627451
100.57945609092712,0.0,0.18562968073816905,0.03,1,1,1,0.0,0.3333333333333333,0.12150000000000001,-1,-1,-1,1.0,1.0,-1.0,0.0,-0.3333333333333333,0.135,-1,-1,-1,0.356862745098039,0.694117647058824,0.803921568627451
100.6141562461853,0.0,0.1863320588415867,0.03,1,1,1,0.0,0.3333333333333333,0.12150000000000001,-1,-1,-1,1.0,1.0,-1.0,0.0,-0.3333333333333333,0.135,-1,-1,-1,0.356862745098039,0.694117647058824,0.803921568627451
100.64909029006958,0.0,0.18703443694500438,0.03,1,1,1,0.0,0.3333333333333333,0.12150000000000001,-1,-1,-1,1.0,1.0,-1.0,0.0,-0.3333333333333333,0.135,-1,-1,-1,0.356862745098039,0.694117647058824,0.803921568627451
100.68396878242493,0.0,0.18773681504842205,0.03,1,1,1,0.0,0.3333333333333333,0.12150000000000001,-1,-1,-1,1.0,1.0,-1.0,0.0,-0.3333333333333333,0.135,-1,-1,-1,0.356862745098039,0.694117647058824,0.803921568627451
100.71824026107788,0.0,0.1884391931518397,0.03,1,1,1,0.0,0.3333333333333333,0.12150000000000001,-1,-1,-1,1.0,1.0,-1.0,0.0,-0.3333333333333333,0.135,-1,-1,-1,0.356862745098039,0.694117647058824,0.803921568627451
100.75293707847595,0.0,0.18914157125525738,0.03,1,1,1,0.0,0.3333333333333333,0.12150000000000001,-1,-1,-1,1.0,1.0,-1.0,0.0,-0.3333333333333333,0.135,-1,-1,-1,0.356862745098039,0.694117647058824,0.803921568627451
100.78766870498657,0.0,0.18984394935867505,0.03,1,1,1,0.0,0.3333333333333333,0.12150000000000001,-1,-1,-1,1.0,1.0,-1.0,0.0,-0.3333333333333333,0.135,-1,-1,-1,0.356862745098039,0.694117647058824,0.803921568627451
100.82289695739746,0.0,0.1905463274620927,0.03,1,1,1,0.0,0.3333333333333333,0.12150000000000001,-1,-1,-1,1.0,1.0,-1.0,0.0,-0.3333333333333333,0.135,-1,-1,-1,0.356862745098039,0.694117647058824,0.803921568627451
100.85755753517151,0.0,0.19124870556551038,0.03,1,1,1,0.0,0.3333333333333333,0.12150000000000001,-1,-1,-1,1.0,1.0,-1.0,0.0,-0.3333333333333333,0.135,-1,-1,-1,0.356862745098039,0.694117647058824,0.803921568627451
100.90656018257141,0.0,0.19195108366892805,0.03,1,1,1,0.0,0.3333333333333333,0.12150000000000001,-1,-1,-1,1.0,1.0,-1.0,0.0,-0.3333333333333333,0.135,-1,-1,-1,0.356862745098039,0.694117647058824,0.803921568627451
100.94138169288635,0.0,0.1926534617723457,0.03,1,1,1,0.0,0.3333333333333333,0.12150000000000001,-1,-1,-1,1.0,1.0,-1.0,0.0,-0.3333333333333333,0.135,-1,-1,-1,0.356862745098039,0.694117647058824,0.803921568627451
100.9755380153656,0.0,0.19335583987576338,0.03,1,1,1,0.0,0.3333333333333333,0.12150000000000001,-1,-1,-1,1.0,1.0,-1.0,0.0,-0.3333333333333333,0.135,-1,-1,-1,0.356862745098039,0.694117647058824,0.803921568627451
101.01025819778442,0.0,0.19405821797918105,0.03,1,1,1,0.0,0.3333333333333333,0.12150000000000001,-1,-1,-1,1.0,1.0,-1.0,0.0,-0.3333333333333333,0.135,-1,-1,-1,0.356862745098039,0.694117647058824,0.803921568627451
101.04592394828796,0.0,0.19402404055535288,0.03,1,1,1,0.0,0.3333333333333333,0.12150000000000001,-1,-1,-1,1.0,1.0,-1.0,0.0,-0.3333333333333333,0.135,-1,-1,-1,0.356862745098039,0.694117647058824,0.803921568627451
101.08043026924133,0.0,0.19380572424971326,0.03,1,1,1,0.0,0.3333333333333333,0.12150000000000001,-1,-1,-1,1.0,1.0,-1.0,0.0,-0.3333333333333333,0.135,-1,-1,-1,0.356862745098039,0.694117647058824,0.803921568627451
101.11500906944275,0.0,0.19358740794407364,0.03,1,1,1,0.0,0.3333333333333333,0.12150000000000001,-1,-1,-1,1.0,1.0,-1.0,0.0,-0.3333333333333333,0.135,-1,-1,-1,0.356862745098039,0.694117647058824,0.803921568627451
101.14976453781128,0.0,0.19336909163843402,0.03,1,1,1,0.0,0.3333333333333333,0.12150000000000001,-1,-1,-1,1.0,1.0,-1.0,0.0,-0.3333333333333333,0.135,-1,-1,-1,0.356862745098039,0.694117647058824,0.803921568627451
101.18491220474243,0.0,0.1931507753327944,0.03,1,1,1,0.0,0.3333333333333333,0.12150000000000001,-1,-1,-1,1.0,1.0,-1.0,0.0,-0.3333333333333333,0.135,-1,-1,-1,0.356862745098039,0.694117647058824,0.803921568627451
101.21955037117004,0.0,0.19293245902715478,0.03,1,1,1,0.0,0.3333333333333333,0.12150000000000001,-1,-1,-1,1.0,1.0,-1.0,0.0,-0.3333333333333333,0.135,-1,-1,-1,0.356862745098039,0.694117647058824,0.803921568627451
101.25423860549927,0.0,0.19271414272151516,0.03,1,1,1,0.0,0.3333333333333333,0.12150000000000001,-1,-1,-1,1.0,1.0,-1.0,0.0,-0.3333333333333333,0.135,-1,-1,-1,0.356862745098039,0.694117647058824,0.803921568627451
101.2888400554657,0.0,0.19249582641587554,0.03,1,1,1,0.0,0.3333333333333333,0.12150000000000001,-1,-1,-1,1.0,1.0,-1.0,0.0,-0.3333333333333333,0.135,-1,-1,-1,0.356862745098039,0.694117647058824,0.803921568627451
101.32303309440613,0.0,0.19227751011023592,0.03,1,1,1,0.0,0.3333333333333333,0.12150000000000001,-1,-1,-1,1.0,1.0,-1.0,0.0,-0.3333333333333333,0.135,-1,-1,-1,0.356862745098039,0.694117647058824,0.803921568627451
101.35841655731201,0.0,0.1920591938045963,0.03,1,1,1,0.0,0.3333333333333333,0.12150000000000001,-1,-1,-1,1.0,1.0,-1.0,0.0,-0.3333333333333333,0.135,-1,-1,-1,0.356862745098039,0.694117647058824,0.803921568627451
101.39289140701294,0.0,0.19184087749895667,0.03,1,1,1,0.0,0.3333333333333333,0.12150000000000001,-1,-1,-1,1.0,1.0,-1.0,0.0,-0.3333333333333333,0.135,-1,-1,-1,0.356862745098039,0.694117647058824,0.803921568627451
101.42787289619446,0.0,0.19162256119331705,0.03,1,1,1,0.0,0.3333333333333333,0.12150000000000001,-1,-1,-1,1.0,1.0,-1.0,0.0,-0.3333333333333333,0.135,-1,-1,-1,0.356862745098039,0.694117647058824,0.803921568627451
101.4622790813446,0.0,0.19140424488767743,0.03,1,1,1,0.0,0.3333333333333333,0.12150000000000001,-1,-1,-1,1.0,1.0,-1.0,0.0,-0.3333333333333333,0.135,-1,-1,-1,0.356862745098039,0.694117647058824,0.803921568627451
101.49701118469238,0.0,0.1911859285820378,0.03,1,1,1,0.0,0.3333333333333333,0.12150000000000001,-1,-1,-1,1.0,1.0,-1.0,0.0,-0.3333333333333333,0.135,-1,-1,-1,0.356862745098039,0.694117647058824,0.803921568627451
101.53195667266846,0.0,0.1909676122763982,0.03,1,1,1,0.0,0.3333333333333333,0.12150000000000001,-1,-1,-1,1.0,1.0,-1.0,0.0,-0.3333333333333333,0.135,-1,-1,-1,0.356862745098039,0.694117647058824,0.803921568627451
101.56604504585266,0.0,0.19074929597075857,0.03,1,1,1,0.0,0.3333333333333333,0.12150000000000001,-1,-1,-1,1.0,1.0,-1.0,0.0,-0.3333333333333333,0.135,-1,-1,-1,0.356862745098039,0.694117647058824,0.803921568627451
101.60089707374573,0.0,0.19053097966511895,0.03,1,1,1,0.0,0.3333333333333333,0.12150000000000001,-1,-1,-1,1.0,1.0,-1.0,0.0,-0.3333333333333333,0.135,-1,-1,-1,0.356862745098039,0.694117647058824,0.803921568627451
101.63511443138123,0.0,0.19031266335947933,0.03,1,1,1,0.0,0.3333333333333333,0.12150000000000001,-1,-1,-1,1.0,1.0,-1.0,0.0,-0.3333333333333333,0.135,-1,-1,-1,0.356862745098039,0.694117647058824,0.803921568627451
101.67026424407959,0.0,0.1900943470538397,0.03,1,1,1,0.0,0.3333333333333333,0.12150000000000001,-1,-1,-1,1.0,1.0,-1.0,0.0,-0.3333333333333333,0.135,-1,-1,-1,0.356862745098039,0.694117647058824,0.803921568627451
101.70481514930725,0.0,0.1898760307482001,0.03,1,1,1,0.0,0.3333333333333333,0.12150000000000001,-1,-1,-1,1.0,1.0,-1.0,0.0,-0.3333333333333333,0.135,-1,-1,-1,0.356862745098039,0.694117647058824,0.803921568627451
101.739994764328,0.0,0.18965771444256047,0.03,1,1,1,0.0,0.3333333333333333,0.12150000000000001,-1,-1,-1,1.0,1.0,-1.0,0.0,-0.3333333333333333,0.135,-1,-1,-1,0.356862745098039,0.694117647058824,0.803921568627451
101.77477288246155,0.0,0.18943939813692084,0.03,1,1,1,0.0,0.3333333333333333,0.12150000000000001,-1,-1,-1,1.0,1.0,-1.0,0.0,-0.3333333333333333,0.135,-1,-1,-1,0.356862745098039,0.694117647058824,0.803921568627451
101.80890345573425,0.0,0.18922108183128122,0.03,1,1,1,0.0,0.3333333333333333,0.12150000000000001,-1,-1,-1,1.0,1.0,-1.0,0.0,-0.3333333333333333,0.135,-1,-1,-1,0.356862745098039,0.694117647058824,0.803921568627451
101.84381651878357,0.0,0.1890027655256416,0.03,1,1,1,0.0,0.3333333333333333,0.12150000000000001,-1,-1,-1,1.0,1.0,-1.0,0.0,-0.3333333333333333,0.135,-1,-1,-1,0.356862745098039,0.694117647058824,0.803921568627451
101.87808799743652,0.0,0.18878444922000198,0.03,1,1,1,0.0,0.3333333333333333,0.12150000000000001,-1,-1,-1,1.0,1.0,-1.0,0.0,-0.3333333333333333,0.135,-1,-1,-1,0.356862745098039,0.694117647058824,0.803921568627451
101.91317629814148,0.0,0.18856613291436236,0.03,1,1,1,0.0,0.3333333333333333,0.12150000000000001,-1,-1,-1,1.0,1.0,-1.0,0.0,-0.3333333333333333,0.135,-1,-1,-1,0.356862745098039,0.694117647058824,0.803921568627451
101.9479079246521,0.0,0.18834781660872274,0.03,1,1,1,0.0,0.3333333333333333,0.12150000000000001,-1,-1,-1,1.0,1.0,-1.0,0.0,-0.3333333333333333,0.135,-1,-1,-1,0.356862745098039,0.694117647058824,0.803921568627451
101.98311567306519,0.0,0.18812950030308312,0.03,1,1,1,0.0,0.3333333333333333,0.12150000000000001,-1,-1,-1,1.0,1.0,-1.0,0.0,-0.3333333333333333,0.135,-1,-1,-1,0.356862745098039,0.694117647058824,0.803921568627451
102.01785516738892,0.0,0.1879111839974435,0.03,1,1,1,0.0,0.3333333333333333,0.12150000000000001,-1,-1,-1,1.0,1.0,-1.0,0.0,-0.3333333333333333,0.135,-1,-1,-1,0.356862745098039,0.694117647058824,0.803921568627451
102.05255913734436,0.0,0.18769286769180388,0.03,1,1,1,0.0,0.3333333333333333,0.12150000000000001,-1,-1,-1,1.0,1.0,-1.0,0.0,-0.3333333333333333,0.135,-1,-1,-1,0.356862745098039,0.694117647058824,0.803921568627451
102.0872004032135,0.0,0.18747455138616426,0.03,1,1,1,0.0,0.3333333333333333,0.12150000000000001,-1,-1,-1,1.0,1.0,-1.0,0.0,-0.3333333333333333,0.135,-1,-1,-1,0.356862745098039,0.694117647058824,0.803921568627451
102.12195086479187,0.0,0.18725623508052464,0.03,1,1,1,0.0,0.3333333333333333,0.12150000000000001,-1,-1,-1,1.0,1.0,-1.0,0.0,-0.3333333333333333,0.135,-1,-1,-1,0.356862745098039,0.694117647058824,0.803921568627451
102.15666198730469,0.0,0.18703791877488501,0.03,1,1,1,0.0,0.3333333333333333,0.12150000000000001,-1,-1,-1,1.0,1.0,-1.0,0.0,-0.3333333333333333,0.135,-1,-1,-1,0.356862745098039,0.694117647058824,0.803921568627451
102.19090104103088,0.0,0.1868196024692454,0.03,1,1,1,0.0,0.3333333333333333,0.12150000000000001,-1,-1,-1,1.0,1.0,-1.0,0.0,-0.3333333333333333,0.135,-1,-1,-1,0.356862745098039,0.694117647058824,0.803921568627451
102.22602081298828,0.0,0.1871013578285739,0.03,1,1,1,0.0,0.3333333333333333,0.12150000000000001,-1,-1,-1,1.0,1.0,-1.0,0.0,-0.3333333333333333,0.135,-1,-1,-1,0.356862745098039,0.694117647058824,0.803921568627451
102.26059103012085,0.0,0.1893833998477749,0.03,1,1,1,0.0,0.3333333333333333,0.12150000000000001,-1,-1,-1,1.0,1.0,-1.0,0.0,-0.3333333333333333,0.135,-1,-1,-1,0.356862745098039,0.694117647058824,0.803921568627451
102.29516553878784,0.0,0.19166544186697593,0.03,1,1,1,0.0,0.3333333333333333,0.12150000000000001,-1,-1,-1,1.0,1.0,-1.0,0.0,-0.3333333333333333,0.135,-1,-1,-1,0.356862745098039,0.694117647058824,0.803921568627451
102.32940769195557,0.0,0.19394748388617694,0.03,1,1,1,0.0,0.3333333333333333,0.12150000000000001,-1,-1,-1,1.0,1.0,-1.0,0.0,-0.3333333333333333,0.135,-1,-1,-1,0.356862745098039,0.694117647058824,0.803921568627451
102.3644049167633,0.0,0.19622952590537796,0.03,1,1,1,0.0,0.3333333333333333,0.12150000000000001,-1,-1,-1,1.0,1.0,-1.0,0.0,-0.3333333333333333,0.135,-1,-1,-1,0.356862745098039,0.694117647058824,0.803921568627451
102.39873623847961,0.0,0.19851156792457897,0.03,1,1,1,0.0,0.3333333333333333,0.12150000000000001,-1,-1,-1,1.0,1.0,-1.0,0.0,-0.3333333333333333,0.135,-1,-1,-1,0.356862745098039,0.694117647058824,0.803921568627451
102.43349838256836,0.0,0.20079360994377998,0.03,1,1,1,0.0,0.3333333333333333,0.12150000000000001,-1,-1,-1,1.0,1.0,-1.0,0.0,-0.3333333333333333,0.135,-1,-1,-1,0.356862745098039,0.694117647058824,0.803921568627451
102.46877241134644,0.0,0.203075651962981,0.03,1,1,1,0.0,0.3333333333333333,0.12150000000000001,-1,-1,-1,1.0,1.0,-1.0,0.0,-0.3333333333333333,0.135,-1,-1,-1,0.356862745098039,0.694117647058824,0.803921568627451
102.50345873832703,0.0,0.205357693982182,0.03,1,1,1,0.0,0.3333333333333333,0.12150000000000001,-1,-1,-1,1.0,1.0,-1.0,0.0,-0.3333333333333333,0.135,-1,-1,-1,0.356862745098039,0.694117647058824,0.803921568627451
102.53844738006592,0.0,0.20763973600138302,0.03,1,1,1,0.0,0.3333333333333333,0.12150000000000001,-1,-1,-1,1.0,1.0,-1.0,0.0,-0.3333333333333333,0.135,-1,-1,-1,0.356862745098039,0.694117647058824,0.803921568627451
102.57302618026733,0.0,0.20992177802058404,0.03,1,1,1,0.0,0.3333333333333333,0.12150000000000001,-1,-1,-1,1.0,1.0,-1.0,0.0,-0.3333333333333333,0.135,-1,-1,-1,0.356862745098039,0.694117647058824,0.803921568627451
102.60748744010925,0.0,0.21220382003978505,0.03,1,1,1,0.0,0.3333333333333333,0.12150000000000001,-1,-1,-1,1.0,1.0,-1.0,0.0,-0.3333333333333333,0.135,-1,-1,-1,0.356862745098039,0.694117647058824,0.803921568627451
102.64254665374756,0.0,0.21448586205898607,0.03,1,1,1,0.0,0.3333333333333333,0.12150000000000001,-1,-1,-1,1.0,1.0,-1.0,0.0,-0.3333333333333333,0.135,-1,-1,-1,0.356862745098039,0.694117647058824,0.803921568627451
102.67654991149902,0.0,0.21676790407818708,0.03,1,1,1,0.0,0.3333333333333333,0.12150000000000001,-1,-1,-1,1.0,1.0,-1.0,0.0,-0.3333333333333333,0.135,-1,-1,-1,0.356862745098039,0.694117647058824,0.803921568627451
102.71196961402893,0.0,0.2190499460973881,0.03,1,1,1,0.0,0.3333333333333333,0.12150000000000001,-1,-1,-1,1.0,1.0,-1.0,0.0,-0.3333333333333333,0.135,-1,-1,-1,0.356862745098039,0.694117647058824,0.803921568627451
102.74647521972656,0.0,0.2213319881165891,0.03,1,1,1,0.0,0.3333333333333333,0.12150000000000001,-1,-1,-1,1.0,1.0,-1.0,0.0,-0.3333333333333333,0.135,-1,-1,-1,0.356862745098039,0.694117647058824,0.803921568627451
102.78123760223389,0.0,0.22361403013579012,0.03,1,1,1,0.0,0.3333333333333333,0.12150000000000001,-1,-1,-1,1.0,1.0,-1.0,0.0,-0.3333333333333333,0.135,-1,-1,-1,0.356862745098039,0.694117647058824,0.803921568627451
102.8158004283905,0.0,0.22589607215499113,0.03,1,1,1,0.0,0.3333333333333333,0.12150000000000001,-1,-1,-1,1.0,1.0,-1.0,0.0,-0.3333333333333333,0.135,-1,-1,-1,0.356862745098039,0.694117647058824,0.803921568627451
102.85032439231873,0.0,0.22817811417419215,0.03,1,1,1,0.0,0.3333333333333333,0.12150000000000001,-1,-1,-1,1.0,1.0,-1.0,0.0,-0.3333333333333333,0.135,-1,-1,-1,0.356862745098039,0.694117647058824,0.803921568627451
102.88498377799988,0.0,0.23046015619339316,0.03,1,1,1,0.0,0.3333333333333333,0.12150000000000001,-1,-1,-1,1.0,1.0,-1.0,0.0,-0.3333333333333333,0.135,-1,-1,-1,0.356862745098039,0.694117647058824,0.803921568627451
102.91994333267212,0.0,0.23274219821259418,0.03,1,1,1,0.0,0.3333333333333333,0.12150000000000001,-1,-1,-1,1.0,1.0,-1.0,0.0,-0.3333333333333333,0.135,-1,-1,-1,0.356862745098039,0.694117647058824,0.803921568627451
102.96078062057495,0.0,0.2350242402317952,0.03,1,1,1,0.0,0.3333333333333333,0.12150000000000001,-1,-1,-1,1.0,1.0,-1.0,0.0,-0.3333333333333333,0.135,-1,-1,-1,0.356862745098039,0.694117647058824,0.803921568627451
102.99523377418518,0.0,0.23730628225099618,0.03,1,1,1,0.0,0.3333333333333333,0.12150000000000001,-1,-1,-1,1.0,1.0,-1.0,0.0,-0.3333333333333333,0.135,-1,-1,-1,0.356862745098039,0.694117647058824,0.803921568627451
103.02966952323914,0.0,0.23958832427019716,0.03,1,1,1,0.0,0.3333333333333333,0.12150000000000001,-1,-1,-1,1.0,1.0,-1.0,0.0,-0.3333333333333333,0.135,-1,-1,-1,0.356862745098039,0.694117647058824,0.803921568627451
103.0647668838501,0.0,0.24187036628939815,0.03,1,1,1,0.0,0.3333333333333333,0.12150000000000001,-1,-1,-1,1.0,1.0,-1.0,0.0,-0.3333333333333333,0.135,-1,-1,-1,0.356862745098039,0.694117647058824,0.803921568627451
103.09928917884827,0.0,0.2441524083085991,0.03,1,1,1,0.0,0.3333333333333333,0.12150000000000001,-1,-1,-1,1.0,1.0,-1.0,0.0,-0.3333333333333333,0.135,-1,-1,-1,0.356862745098039,0.694117647058824,0.803921568627451
103.13501477241516,0.0,0.2464344503278001,0.03,1,1,1,0.0,0.3333333333333333,0.12150000000000001,-1,-1,-1,1.0,1.0,-1.0,0.0,-0.3333333333333333,0.135,-1,-1,-1,0.356862745098039,0.694117647058824,0.803921568627451
103.16890358924866,0.0,0.24871649234700108,0.03,1,1,1,0.0,0.3333333333333333,0.12150000000000001,-1,-1,-1,1.0,1.0,-1.0,0.0,-0.3333333333333333,0.135,-1,-1,-1,0.356862745098039,0.694117647058824,0.803921568627451
103.20348978042603,0.0,0.25099853436620206,0.03,1,1,1,0.0,0.3333333333333333,0.12150000000000001,-1,-1,-1,1.0,1.0,-1.0,0.0,-0.3333333333333333,0.135,-1,-1,-1,0.356862745098039,0.694117647058824,0.803921568627451
103.23825192451477,0.0,0.2532805763854031,0.03,1,1,1,0.0,0.3333333333333333,0.12150000000000001,-1,-1,-1,1.0,1.0,-1.0,0.0,-0.3333333333333333,0.135,-1,-1,-1,0.356862745098039,0.694117647058824,0.803921568627451
103.27292728424072,0.0,0.2555626184046041,0.03,1,1,1,0.0,0.3333333333333333,0.12150000000000001,-1,-1,-1,1.0,1.0,-1.0,0.0,-0.3333333333333333,0.135,-1,-1,-1,0.356862745098039,0.694117647058824,0.803921568627451
103.30785155296326,0.0,0.2578446604238051,0.03,1,1,1,0.0,0.3333333333333333,0.12150000000000001,-1,-1,-1,1.0,1.0,-1.0,0.0,-0.3333333333333333,0.135,-1,-1,-1,0.356862745098039,0.694117647058824,0.803921568627451
103.34255361557007,0.0,0.2601267024430061,0.03,1,1,1,0.0,0.3333333333333333,0.12150000000000001,-1,-1,-1,1.0,1.0,-1.0,0.0,-0.3333333333333333,0.135,-1,-1,-1,0.356862745098039,0.694117647058824,0.803921568627451
103.3770363330841,0.0,0.26240874446220713,0.03,1,1,1,0.0,0.3333333333333333,0.12150000000000001,-1,-1,-1,1.0,1.0,-1.0,0.0,-0.3333333333333333,0.135,-1,-1,-1,0.356862745098039,0.694117647058824,0.803921568627451
103.41203188896179,0.0,0.26469078648140815,0.03,1,1,1,0.0,0.3333333333333333,0.12150000000000001,-1,-1,-1,1.0,1.0,-1.0,0.0,-0.3333333333333333,0.135,-1,-1,-1,0.356862745098039,0.694117647058824,0.803921568627451
103.44657182693481,0.0,0.26469911574301874,0.03,1,1,1,0.0,0.3333333333333333,0.12150000000000001,-1,-1,-1,1.0,1.0,-1.0,0.0,-0.3333333333333333,0.135,-1,-1,-1,0.356862745098039,0.694117647058824,0.803921568627451
103.48113584518433,0.0,0.26319163649956906,0.03,1,1,1,0.0,0.3333333333333333,0.12150000000000001,-1,-1,-1,1.0,1.0,-1.0,0.0,-0.3333333333333333,0.135,-1,-1,-1,0.356862745098039,0.694117647058824,0.803921568627451
103.51633596420288,0.0,0.2616841572561194,0.03,1,1,1,0.0,0.3333333333333333,0.12150000000000001,-1,-1,-1,1.0,1.0,-1.0,0.0,-0.3333333333333333,0.135,-1,-1,-1,0.356862745098039,0.694117647058824,0.803921568627451
103.55116009712219,0.0,0.2601766780126697,0.03,1,1,1,0.0,0.3333333333333333,0.12150000000000001,-1,-1,-1,1.0,1.0,-1.0,0.0,-0.3333333333333333,0.135,-1,-1,-1,0.356862745098039,0.694117647058824,0.803921568627451
103.58518838882446,0.0,0.25866919876922,0.03,1,1,1,0.0,0.3333333333333333,0.12150000000000001,-1,-1,-1,1.0,1.0,-1.0,0.0,-0.3333333333333333,0.135,-1,-1,-1,0.356862745098039,0.694117647058824,0.803921568627451
103.61986041069031,0.0,0.2571617195257703,0.03,1,1,1,0.0,0.3333333333333333,0.12150000000000001,-1,-1,-1,1.0,1.0,-1.0,0.0,-0.3333333333333333,0.135,-1,-1,-1,0.356862745098039,0.694117647058824,0.803921568627451
103.65529012680054,0.0,0.25565424028232064,0.03,1,1,1,0.0,0.3333333333333333,0.12150000000000001,-1,-1,-1,1.0,1.0,-1.0,0.0,-0.3333333333333333,0.135,-1,-1,-1,0.356862745098039,0.694117647058824,0.803921568627451
103.69002270698547,0.0,0.25414676103887096,0.03,1,1,1,0.0,0.3333333333333333,0.12150000000000001,-1,-1,-1,1.0,1.0,-1.0,0.0,-0.3333333333333333,0.135,-1,-1,-1,0.356862745098039,0.694117647058824,0.803921568627451
103.72464752197266,0.0,0.2526392817954213,0.03,1,1,1,0.0,0.3333333333333333,0.12150000000000001,-1,-1,-1,1.0,1.0,-1.0,0.0,-0.3333333333333333,0.135,-1,-1,-1,0.356862745098039,0.694117647058824,0.803921568627451
103.75923275947571,0.0,0.2511318025519716,0.03,1,1,1,0.0,0.3333333333333333,0.12150000000000001,-1,-1,-1,1.0,1.0,-1.0,0.0,-0.3333333333333333,0.135,-1,-1,-1,0.356862745098039,0.694117647058824,0.803921568627451
103.79428839683533,0.0,0.24962432330852197,0.03,1,1,1,0.0,0.3333333333333333,0.12150000000000001,-1,-1,-1,1.0,1.0,-1.0,0.0,-0.3333333333333333,0.135,-1,-1,-1,0.356862745098039,0.694117647058824,0.803921568627451
103.82906937599182,0.0,0.24811684406507234,0.03,1,1,1,0.0,0.3333333333333333,0.12150000000000001,-1,-1,-1,1.0,1.0,-1.0,0.0,-0.3333333333333333,0.135,-1,-1,-1,0.356862745098039,0.694117647058824,0.803921568627451
103.86326289176941,0.0,0.24660936482162277,0.03,1,1,1,0.0,0.3333333333333333,0.12150000000000001,-1,-1,-1,1.0,1.0,-1.0,0.0,-0.3333333333333333,0.135,-1,-1,-1,0.356862745098039,0.694117647058824,0.803921568627451
103.89762544631958,0.0,0.24510188557817317,0.03,1,1,1,0.0,0.3333333333333333,0.12150000000000001,-1,-1,-1,1.0,1.0,-1.0,0.0,-0.3333333333333333,0.135,-1,-1,-1,0.356862745098039,0.694117647058824,0.803921568627451
103.93276309967041,0.0,0.24359440633472354,0.03,1,1,1,0.0,0.3333333333333333,0.12150000000000001,-1,-1,-1,1.0,1.0,-1.0,0.0,-0.3333333333333333,0.135,-1,-1,-1,0.356862745098039,0.694117647058824,0.803921568627451
103.96696424484253,0.0,0.24208692709127394,0.03,1,1,1,0.0,0.3333333333333333,0.12150000000000001,-1,-1,-1,1.0,1.0,-1.0,0.0,-0.3333333333333333,0.135,-1,-1,-1,0.356862745098039,0.694117647058824,0.803921568627451
104.00204825401306,0.0,0.2405794478478243,0.03,1,1,1,0.0,0.3333333333333333,0.12150000000000001,-1,-1,-1,1.0,1.0,-1.0,0.0,-0.3333333333333333,0.135,-1,-1,-1,0.356862745098039,0.694117647058824,0.803921568627451
104.03702878952026,0.0,0.2390719686043747,0.03,1,1,1,0.0,0.3333333333333333,0.12150000000000001,-1,-1,-1,1.0,1.0,-1.0,0.0,-0.3333333333333333,0.135,-1,-1,-1,0.356862745098039,0.694117647058824,0.803921568627451
104.07161736488342,0.0,0.23756448936092509,0.03,1,1,1,0.0,0.3333333333333333,0.12150000000000001,-1,-1,-1,1.0,1.0,-1.0,0.0,-0.3333333333333333,0.135,-1,-1,-1,0.356862745098039,0.694117647058824,0.803921568627451
104.10631537437439,0.0,0.23605701011747554,0.03,1,1,1,0.0,0.3333333333333333,0.12150000000000001,-1,-1,-1,1.0,1.0,-1.0,0.0,-0.3333333333333333,0.135,-1,-1,-1,0.356862745098039,0.694117647058824,0.803921568627451
104.14148616790771,0.0,0.234549530874026,0.03,1,1,1,0.0,0.3333333333333333,0.12150000000000001,-1,-1,-1,1.0,1.0,-1.0,0.0,-0.3333333333333333,0.135,-1,-1,-1,0.356862745098039,0.694117647058824,0.803921568627451
104.17630982398987,0.0,0.23304205163057645,0.03,1,1,1,0.0,0.3333333333333333,0.12150000000000001,-1,-1,-1,1.0,1.0,-1.0,0.0,-0.3333333333333333,0.135,-1,-1,-1,0.356862745098039,0.694117647058824,0.803921568627451
104.2107458114624,0.0,0.2315345723871269,0.03,1,1,1,0.0,0.3333333333333333,0.12150000000000001,-1,-1,-1,1.0,1.0,-1.0,0.0,-0.3333333333333333,0.135,-1,-1,-1,0.356862745098039,0.694117647058824,0.803921568627451
104.24567031860352,0.0,0.23002709314367736,0.03,1,1,1,0.0,0.3333333333333333,0.12150000000000001,-1,-1,-1,1.0,1.0,-1.0,0.0,-0.3333333333333333,0.135,-1,-1,-1,0.356862745098039,0.694117647058824,0.803921568627451
104.28040480613708,0.0,0.22851961390022782,0.03,1,1,1,0.0,0.3333333333333333,0.12150000000000001,-1,-1,-1,1.0,1.0,-1.0,0.0,-0.3333333333333333,0.135,-1,-1,-1,0.356862745098039,0.694117647058824,0.803921568627451
104.31480813026428,0.0,0.22701213465677827,0.03,1,1,1,0.0,0.3333333333333333,0.12150000000000001,-1,-1,-1,1.0,1.0,-1.0,0.0,-0.3333333333333333,0.135,-1,-1,-1,0.356862745098039,0.694117647058824,0.803921568627451
104.34909105300903,0.0,0.22550465541332873,0.03,1,1,1,0.0,0.3333333333333333,0.12150000000000001,-1,-1,-1,1.0,1.0,-1.0,0.0,-0.3333333333333333,0.135,-1,-1,-1,0.356862745098039,0.694117647058824,0.803921568627451
104.38419651985168,0.0,0.2239971761698792,0.03,1,1,1,0.0,0.3333333333333333,0.12150000000000001,-1,-1,-1,1.0,1.0,-1.0,0.0,-0.3333333333333333,0.135,-1,-1,-1,0.356862745098039,0.694117647058824,0.803921568627451
104.41942358016968,0.0,0.22248969692642964,0.03,1,1,1,0.0,0.3333333333333333,0.12150000000000001,-1,-1,-1,1.0,1.0,-1.0,0.0,-0.3333333333333333,0.135,-1,-1,-1,0.356862745098039,0.694117647058824,0.803921568627451
104.45381546020508,0.0,0.2209822176829801,0.03,1,1,1,0.0,0.3333333333333333,0.12150000000000001,-1,-1,-1,1.0,1.0,-1.0,0.0,-0.3333333333333333,0.135,-1,-1,-1,0.356862745098039,0.694117647058824,0.803921568627451
104.48869752883911,0.0,0.21947473843953055,0.03,1,1,1,0.0,0.3333333333333333,0.12150000000000001,-1,-1,-1,1.0,1.0,-1.0,0.0,-0.3333333333333333,0.135,-1,-1,-1,0.356862745098039,0.694117647058824,0.803921568627451
104.52321171760559,0.0,0.217967259196081,0.03,1,1,1,0.0,0.3333333333333333,0.12150000000000001,-1,-1,-1,1.0,1.0,-1.0,0.0,-0.3333333333333333,0.135,-1,-1,-1,0.356862745098039,0.694117647058824,0.803921568627451
104.55810141563416,0.0,0.21645977995263146,0.03,1,1,1,0.0,0.3333333333333333,0.12150000000000001,-1,-1,-1,1.0,1.0,-1.0,0.0,-0.3333333333333333,0.135,-1,-1,-1,0.356862745098039,0.694117647058824,0.803921568627451
104.59280610084534,0.0,0.21495230070918192,0.03,1,1,1,0.0,0.3333333333333333,0.12150000000000001,-1,-1,-1,1.0,1.0,-1.0,0.0,-0.3333333333333333,0.135,-1,-1,-1,0.356862745098039,0.694117647058824,0.803921568627451
104.62755918502808,0.0,0.21344482146573238,0.03,1,1,1,0.0,0.3333333333333333,0.12150000000000001,-1,-1,-1,1.0,1.0,-1.0,0.0,-0.3333333333333333,0.135,-1,-1,-1,0.356862745098039,0.694117647058824,0.803921568627451
104.66253519058228,0.0,0.21175968603198717,0.03,1,1,1,0.0,0.3333333333333333,0.12150000000000001,-1,-1,-1,1.0,1.0,-1.0,0.0,-0.3333333333333333,0.135,-1,-1,-1,0.356862745098039,0.694117647058824,0.803921568627451
104.69700169563293,0.0,0.21007455059824195,0.03,1,1,1,0.0,0.3333333333333333,0.12150000000000001,-1,-1,-1,1.0,1.0,-1.0,0.0,-0.3333333333333333,0.135,-1,-1,-1,0.356862745098039,0.694117647058824,0.803921568627451
104.73172307014465,0.0,0.20838941516449674,0.03,1,1,1,0.0,0.3333333333333333,0.12150000000000001,-1,-1,-1,1.0,1.0,-1.0,0.0,-0.3333333333333333,0.135,-1,-1,-1,0.356862745098039,0.694117647058824,0.803921568627451
104.76656484603882,0.0,0.20670427973075153,0.03,1,1,1,0.0,0.3333333333333333,0.12150000000000001,-1,-1,-1,1.0,1.0,-1.0,0.0,-0.3333333333333333,0.135,-1,-1,-1,0.356862745098039,0.694117647058824,0.803921568627451
104.80107140541077,0.0,0.20501914429700632,0.03,1,1,1,0.0,0.3333333333333333,0.12150000000000001,-1,-1,-1,1.0,1.0,-1.0,0.0,-0.3333333333333333,0.135,-1,-1,-1,0.356862745098039,0.694117647058824,0.803921568627451
104.83588862419128,0.0,0.2033340088632611,0.03,1,1,1,0.0,0.3333333333333333,0.12150000000000001,-1,-1,-1,1.0,1.0,-1.0,0.0,-0.3333333333333333,0.135,-1,-1,-1,0.356862745098039,0.694117647058824,0.803921568627451
104.8705723285675,0.0,0.2016488734295159,0.03,1,1,1,0.0,0.3333333333333333,0.12150000000000001,-1,-1,-1,1.0,1.0,-1.0,0.0,-0.3333333333333333,0.135,-1,-1,-1,0.356862745098039,0.694117647058824,0.803921568627451
104.90616822242737,0.0,0.1999637379957707,0.03,1,1,1,0.0,0.3333333333333333,0.12150000000000001,-1,-1,-1,1.0,1.0,-1.0,0.0,-0.3333333333333333,0.135,-1,-1,-1,0.356862745098039,0.694117647058824,0.803921568627451
104.94065570831299,0.0,0.19827860256202548,0.03,1,1,1,0.0,0.3333333333333333,0.12150000000000001,-1,-1,-1,1.0,1.0,-1.0,0.0,-0.3333333333333333,0.135,-1,-1,-1,0.356862745098039,0.694117647058824,0.803921568627451
104.97542881965637,0.0,0.19659346712828027,0.03,1,1,1,0.0,0.3333333333333333,0.12150000000000001,-1,-1,-1,1.0,1.0,-1.0,0.0,-0.3333333333333333,0.135,-1,-1,-1,0.356862745098039,0.694117647058824,0.803921568627451
105.0099401473999,0.0,0.19490833169453506,0.03,1,1,1,0.0,0.3333333333333333,0.12150000000000001,-1,-1,-1,1.0,1.0,-1.0,0.0,-0.3333333333333333,0.135,-1,-1,-1,0.356862745098039,0.694117647058824,0.803921568627451
105.04473423957825,0.0,0.19322319626078985,0.03,1,1,1,0.0,0.3333333333333333,0.12150000000000001,-1,-1,-1,1.0,1.0,-1.0,0.0,-0.3333333333333333,0.135,-1,-1,-1,0.356862745098039,0.694117647058824,0.803921568627451
105.07975625991821,0.0,0.19153806082704464,0.03,1,1,1,0.0,0.3333333333333333,0.12150000000000001,-1,-1,-1,1.0,1.0,-1.0,0.0,-0.3333333333333333,0.135,-1,-1,-1,0.356862745098039,0.694117647058824,0.803921568627451
105.11453580856323,0.0,0.18985292539329943,0.03,1,1,1,0.0,0.3333333333333333,0.12150000000000001,-1,-1,-1,1.0,1.0,-1.0,0.0,-0.3333333333333333,0.135,-1,-1,-1,0.356862745098039,0.694117647058824,0.803921568627451
105.14891076087952,0.0,0.18816778995955422,0.03,1,1,1,0.0,0.3333333333333333,0.12150000000000001,-1,-1,-1,1.0,1.0,-1.0,0.0,-0.3333333333333333,0.135,-1,-1,-1,0.356862745098039,0.694117647058824,0.803921568627451
105.18360209465027,0.0,0.186482654525809,0.03,1,1,1,0.0,0.3333333333333333,0.12150000000000001,-1,-1,-1,1.0,1.0,-1.0,0.0,-0.3333333333333333,0.135,-1,-1,-1,0.356862745098039,0.694117647058824,0.803921568627451
105.21806240081787,0.0,0.1847975190920638,0.03,1,1,1,0.0,0.3333333333333333,0.12150000000000001,-1,-1,-1,1.0,1.0,-1.0,0.0,-0.3333333333333333,0.135,-1,-1,-1,0.356862745098039,0.694117647058824,0.803921568627451
105.25279092788696,0.0,0.18311238365831858,0.03,1,1,1,0.0,0.3333333333333333,0.12150000000000001,-1,-1,-1,1.0,1.0,-1.0,0.0,-0.3333333333333333,0.135,-1,-1,-1,0.356862745098039,0.694117647058824,0.803921568627451
105.28696513175964,0.0,0.18142724822457337,0.03,1,1,1,0.0,0.3333333333333333,0.12150000000000001,-1,-1,-1,1.0,1.0,-1.0,0.0,-0.3333333333333333,0.135,-1,-1,-1,0.356862745098039,0.694117647058824,0.803921568627451
105.32200527191162,0.0,0.17974211279082816,0.03,1,1,1,0.0,0.3333333333333333,0.12150000000000001,-1,-1,-1,1.0,1.0,-1.0,0.0,-0.3333333333333333,0.135,-1,-1,-1,0.356862745098039,0.694117647058824,0.803921568627451
105.35694646835327,0.0,0.17805697735708295,0.03,1,1,1,0.0,0.3333333333333333,0.12150000000000001,-1,-1,-1,1.0,1.0,-1.0,0.0,-0.3333333333333333,0.135,-1,-1,-1,0.356862745098039,0.694117647058824,0.803921568627451
105.39169383049011,0.0,0.17637184192333774,0.03,1,1,1,0.0,0.3333333333333333,0.12150000000000001,-1,-1,-1,1.0,1.0,-1.0,0.0,-0.3333333333333333,0.135,-1,-1,-1,0.356862745098039,0.694117647058824,0.803921568627451
105.42629480361938,0.0,0.17468670648959253,0.03,1,1,1,0.0,0.3333333333333333,0.12150000000000001,-1,-1,-1,1.0,1.0,-1.0,0.0,-0.3333333333333333,0.135,-1,-1,-1,0.356862745098039,0.694117647058824,0.803921568627451
105.46063446998596,0.0,0.17300157105584732,0.03,1,1,1,0.0,0.3333333333333333,0.12150000000000001,-1,-1,-1,1.0,1.0,-1.0,0.0,-0.3333333333333333,0.135,-1,-1,-1,0.356862745098039,0.694117647058824,0.803921568627451
105.49612236022949,0.0,0.1713164356221021,0.03,1,1,1,0.0,0.3333333333333333,0.12150000000000001,-1,-1,-1,1.0,1.0,-1.0,0.0,-0.3333333333333333,0.135,-1,-1,-1,0.356862745098039,0.694117647058824,0.803921568627451
105.53009223937988,0.0,0.1696313001883569,0.03,1,1,1,0.0,0.3333333333333333,0.12150000000000001,-1,-1,-1,1.0,1.0,-1.0,0.0,-0.3333333333333333,0.135,-1,-1,-1,0.356862745098039,0.694117647058824,0.803921568627451
105.56494140625,0.0,0.1679461647546117,0.03,1,1,1,0.0,0.3333333333333333,0.12150000000000001,-1,-1,-1,1.0,1.0,-1.0,0.0,-0.3333333333333333,0.135,-1,-1,-1,0.356862745098039,0.694117647058824,0.803921568627451
105.59945154190063,0.0,0.16626102932086648,0.03,1,1,1,0.0,0.3333333333333333,0.12150000000000001,-1,-1,-1,1.0,1.0,-1.0,0.0,-0.3333333333333333,0.135,-1,-1,-1,0.356862745098039,0.694117647058824,0.803921568627451
105.63466167449951,0.0,0.16457589388712127,0.03,1,1,1,0.0,0.3333333333333333,0.12150000000000001,-1,-1,-1,1.0,1.0,-1.0,0.0,-0.3333333333333333,0.135,-1,-1,-1,0.356862745098039,0.694117647058824,0.803921568627451
105.66898846626282,0.0,0.16289075845337606,0.03,1,1,1,0.0,0.3333333333333333,0.12150000000000001,-1,-1,-1,1.0,1.0,-1.0,0.0,-0.3333333333333333,0.135,-1,-1,-1,0.356862745098039,0.694117647058824,0.803921568627451
105.7038242816925,0.0,0.16120562301963084,0.03,1,1,1,0.0,0.3333333333333333,0.12150000000000001,-1,-1,-1,1.0,1.0,-1.0,0.0,-0.3333333333333333,0.135,-1,-1,-1,0.356862745098039,0.694117647058824,0.803921568627451
105.73942017555237,0.0,0.15952048758588563,0.03,1,1,1,0.0,0.3333333333333333,0.12150000000000001,-1,-1,-1,1.0,1.0,-1.0,0.0,-0.3333333333333333,0.135,-1,-1,-1,0.356862745098039,0.694117647058824,0.803921568627451
105.77362418174744,0.0,0.15783535215214042,0.03,1,1,1,0.0,0.3333333333333333,0.12150000000000001,-1,-1,-1,1.0,1.0,-1.0,0.0,-0.3333333333333333,0.135,-1,-1,-1,0.356862745098039,0.694117647058824,0.803921568627451
105.80848503112793,0.0,0.1561502167183952,0.03,1,1,1,0.0,0.3333333333333333,0.12150000000000001,-1,-1,-1,1.0,1.0,-1.0,0.0,-0.3333333333333333,0.135,-1,-1,-1,0.356862745098039,0.694117647058824,0.803921568627451
105.84345126152039,0.0,0.15280313980816743,0.03,1,1,1,0.0,0.3333333333333333,0.12150000000000001,-1,-1,-1,1.0,1.0,-1.0,0.0,-0.3333333333333333,0.135,-1,-1,-1,0.356862745098039,0.694117647058824,0.803921568627451
105.87803077697754,0.0,0.14696315068321578,0.03,1,1,1,0.0,0.3333333333333333,0.12150000000000001,-1,-1,-1,1.0,1.0,-1.0,0.0,-0.3333333333333333,0.135,-1,-1,-1,0.356862745098039,0.694117647058824,0.803921568627451
105.91286516189575,0.0,0.14112316155826413,0.03,1,1,1,0.0,0.3333333333333333,0.12150000000000001,-1,-1,-1,1.0,1.0,-1.0,0.0,-0.3333333333333333,0.135,-1,-1,-1,0.356862745098039,0.694117647058824,0.803921568627451
105.9478657245636,0.0,0.13528317243331248,0.03,1,1,1,0.0,0.3333333333333333,0.12150000000000001,-1,-1,-1,1.0,1.0,-1.0,0.0,-0.3333333333333333,0.135,-1,-1,-1,0.356862745098039,0.694117647058824,0.803921568627451
105.9821789264679,0.0,0.12944318330836083,0.03,1,1,1,0.0,0.3333333333333333,0.12150000000000001,-1,-1,-1,1.0,1.0,-1.0,0.0,-0.3333333333333333,0.135,-1,-1,-1,0.356862745098039,0.694117647058824,0.803921568627451
106.01693940162659,0.0,0.12360319418340922,0.03,1,1,1,0.0,0.3333333333333333,0.12150000000000001,-1,-1,-1,1.0,1.0,-1.0,0.0,-0.3333333333333333,0.135,-1,-1,-1,0.356862745098039,0.694117647058824,0.803921568627451
106.05196285247803,0.0,0.11776320505845765,0.03,1,1,1,0.0,0.3333333333333333,0.12150000000000001,-1,-1,-1,1.0,1.0,-1.0,0.0,-0.3333333333333333,0.135,-1,-1,-1,0.356862745098039,0.694117647058824,0.803921568627451
106.08698773384094,0.0,0.11192321593350607,0.03,1,1,1,0.0,0.3333333333333333,0.12150000000000001,-1,-1,-1,1.0,1.0,-1.0,0.0,-0.3333333333333333,0.135,-1,-1,-1,0.356862745098039,0.694117647058824,0.803921568627451
106.12074255943298,0.0,0.10608322680855449,0.03,1,1,1,0.0,0.3333333333333333,0.12150000000000001,-1,-1,-1,1.0,1.0,-1.0,0.0,-0.3333333333333333,0.135,-1,-1,-1,0.356862745098039,0.694117647058824,0.803921568627451
106.15553259849548,0.0,0.10024323768360291,0.03,1,1,1,0.0,0.3333333333333333,0.12150000000000001,-1,-1,-1,1.0,1.0,-1.0,0.0,-0.3333333333333333,0.135,-1,-1,-1,0.356862745098039,0.694117647058824,0.803921568627451
106.19114279747009,0.0,0.09440324855865133,0.03,1,1,1,0.0,0.3333333333333333,0.12150000000000001,-1,-1,-1,1.0,1.0,-1.0,0.0,-0.3333333333333333,0.135,-1,-1,-1,0.356862745098039,0.694117647058824,0.803921568627451
106.22551083564758,0.0,0.08856325943369975,0.03,1,1,1,0.0,0.3333333333333333,0.12150000000000001,-1,-1,-1,1.0,1.0,-1.0,0.0,-0.3333333333333333,0.135,-1,-1,-1,0.356862745098039,0.694117647058824,0.803921568627451
106.25975322723389,0.0,0.08272327030874817,0.03,1,1,1,0.0,0.3333333333333333,0.12150000000000001,-1,-1,-1,1.0,1.0,-1.0,0.0,-0.3333333333333333,0.135,-1,-1,-1,0.356862745098039,0.694117647058824,0.803921568627451
106.29490685462952,0.0,0.07688328118379659,0.03,1,1,1,0.0,0.3333333333333333,0.12150000000000001,-1,-1,-1,1.0,1.0,-1.0,0.0,-0.3333333333333333,0.135,-1,-1,-1,0.356862745098039,0.694117647058824,0.803921568627451
106.32915782928467,0.0,0.071043292058845,0.03,1,1,1,0.0,0.3333333333333333,0.12150000000000001,-1,-1,-1,1.0,1.0,-1.0,0.0,-0.3333333333333333,0.135,-1,-1,-1,0.356862745098039,0.694117647058824,0.803921568627451
106.36421918869019,0.0,0.06520330293389343,0.03,1,1,1,0.0,0.3333333333333333,0.12150000000000001,-1,-1,-1,1.0,1.0,-1.0,0.0,-0.3333333333333333,0.135,-1,-1,-1,0.356862745098039,0.694117647058824,0.803921568627451
106.39894270896912,0.0,0.059363313808941824,0.03,1,1,1,0.0,0.3333333333333333,0.12150000000000001,-1,-1,-1,1.0,1.0,-1.0,0.0,-0.3333333333333333,0.135,-1,-1,-1,0.356862745098039,0.694117647058824,0.803921568627451
106.4331386089325,0.0,0.05352332468399021,0.03,1,1,1,0.0,0.3333333333333333,0.12150000000000001,-1,-1,-1,1.0,1.0,-1.0,0.0,-0.3333333333333333,0.135,-1,-1,-1,0.356862745098039,0.694117647058824,0.803921568627451
106.4679946899414,0.0,0.047683335559038593,0.03,1,1,1,0.0,0.3333333333333333,0.12150000000000001,-1,-1,-1,1.0,1.0,-1.0,0.0,-0.3333333333333333,0.135,-1,-1,-1,0.356862745098039,0.694117647058824,0.803921568627451
106.50282621383667,0.0,0.04184334643408698,0.03,1,1,1,0.0,0.3333333333333333,0.12150000000000001,-1,-1,-1,1.0,1.0,-1.0,0.0,-0.3333333333333333,0.135,-1,-1,-1,0.356862745098039,0.694117647058824,0.803921568627451
106.53828310966492,0.0,0.03600335730913536,0.03,1,1,1,0.0,0.3333333333333333,0.12150000000000001,-1,-1,-1,1.0,1.0,-1.0,0.0,-0.3333333333333333,0.135,-1,-1,-1,0.356862745098039,0.694117647058824,0.803921568627451
106.5724868774414,0.0,0.030163368184183748,0.03,1,1,1,0.0,0.3333333333333333,0.12150000000000001,-1,-1,-1,1.0,1.0,-1.0,0.0,-0.3333333333333333,0.135,-1,-1,-1,0.356862745098039,0.694117647058824,0.803921568627451
106.60694670677185,0.0,0.024323379059232132,0.03,1,1,1,0.0,0.3333333333333333,0.12150000000000001,-1,-1,-1,1.0,1.0,-1.0,0.0,-0.3333333333333333,0.135,-1,-1,-1,0.356862745098039,0.694117647058824,0.803921568627451
106.64165902137756,0.0,0.018483389934280517,0.03,1,1,1,0.0,0.3333333333333333,0.12150000000000001,-1,-1,-1,1.0,1.0,-1.0,0.0,-0.3333333333333333,0.135,-1,-1,-1,0.356862745098039,0.694117647058824,0.803921568627451
106.67681860923767,0.0,0.012643400809328902,0.03,1,1,1,0.0,0.3333333333333333,0.12150000000000001,-1,-1,-1,1.0,1.0,-1.0,0.0,-0.3333333333333333,0.135,-1,-1,-1,0.356862745098039,0.694117647058824,0.803921568627451
106.71125221252441,0.0,0.006803411684377287,0.03,1,1,1,0.0,0.3333333333333333,0.12150000000000001,-1,-1,-1,1.0,1.0,-1.0,0.0,-0.3333333333333333,0.135,-1,-1,-1,0.356862745098039,0.694117647058824,0.803921568627451
106.74614262580872,0.0,0.0009634225594256759,0.03,1,1,1,0.0,0.3333333333333333,0.12150000000000001,-1,-1,-1,1.0,1.0,-1.0,0.0,-0.3333333333333333,0.135,-1,-1,-1,0.356862745098039,0.694117647058824,0.803921568627451
106.78064203262329,0.0,-0.004876566565525936,0.03,1,1,1,0.0,0.3333333333333333,0.12150000000000001,-1,-1,-1,1.0,1.0,-1.0,0.0,-0.3333333333333333,0.135,-1,-1,-1,0.356862745098039,0.694117647058824,0.803921568627451
106.81538128852844,0.0,-0.01071655569047755,0.03,1,1,1,0.0,0.3333333333333333,0.12150000000000001,-1,-1,-1,1.0,1.0,-1.0,0.0,-0.3333333333333333,0.135,-1,-1,-1,0.356862745098039,0.694117647058824,0.803921568627451
106.84992384910583,0.0,-0.016556544815429165,0.03,1,1,1,0.0,0.3333333333333333,0.12150000000000001,-1,-1,-1,1.0,1.0,-1.0,0.0,-0.3333333333333333,0.135,-1,-1,-1,0.356862745098039,0.694117647058824,0.803921568627451
106.88509583473206,0.0,-0.02239653394038078,0.03,1,1,1,0.0,0.3333333333333333,0.12150000000000001,-1,-1,-1,1.0,1.0,-1.0,0.0,-0.3333333333333333,0.135,-1,-1,-1,0.356862745098039,0.694117647058824,0.803921568627451
106.91985011100769,0.0,-0.028236523065332395,0.03,1,1,1,0.0,0.3333333333333333,0.12150000000000001,-1,-1,-1,1.0,1.0,-1.0,0.0,-0.3333333333333333,0.135,-1,-1,-1,0.356862745098039,0.694117647058824,0.803921568627451
106.95453524589539,0.0,-0.03407651219028401,0.03,1,1,1,0.0,0.3333333333333333,0.12150000000000001,-1,-1,-1,1.0,1.0,-1.0,0.0,-0.3333333333333333,0.135,-1,-1,-1,0.356862745098039,0.694117647058824,0.803921568627451
106.98926591873169,0.0,-0.03991650131523562,0.03,1,1,1,0.0,0.3333333333333333,0.12150000000000001,-1,-1,-1,1.0,1.0,-1.0,0.0,-0.3333333333333333,0.135,-1,-1,-1,0.356862745098039,0.694117647058824,0.803921568627451
107.02373576164246,0.0,-0.04575649044018724,0.03,1,1,1,0.0,0.3333333333333333,0.12150000000000001,-1,-1,-1,1.0,1.0,-1.0,0.0,-0.3333333333333333,0.135,-1,-1,-1,0.356862745098039,0.694117647058824,0.803921568627451
107.05977487564087,0.0,-0.044207778019944466,0.03,1,1,1,0.0,0.3333333333333333,0.12150000000000001,-1,-1,-1,1.0,1.0,-1.0,0.0,-0.3333333333333333,0.135,-1,-1,-1,0.356862745098039,0.694117647058824,0.803921568627451
107.09426164627075,0.0,-0.0408118902134031,0.03,1,1,1,0.0,0.3333333333333333,0.12150000000000001,-1,-1,-1,1.0,1.0,-1.0,0.0,-0.3333333333333333,0.135,-1,-1,-1,0.356862745098039,0.694117647058824,0.803921568627451
107.12877678871155,0.0,-0.03741600240686173,0.03,1,1,1,0.0,0.3333333333333333,0.12150000000000001,-1,-1,-1,1.0,1.0,-1.0,0.0,-0.3333333333333333,0.135,-1,-1,-1,0.356862745098039,0.694117647058824,0.803921568627451
107.16362190246582,0.0,-0.03402011460032036,0.03,1,1,1,0.0,0.3333333333333333,0.12150000000000001,-1,-1,-1,1.0,1.0,-1.0,0.0,-0.3333333333333333,0.135,-1,-1,-1,0.356862745098039,0.694117647058824,0.803921568627451
107.19785499572754,0.0,-0.03062422679377899,0.03,1,1,1,0.0,0.3333333333333333,0.12150000000000001,-1,-1,-1,1.0,1.0,-1.0,0.0,-0.3333333333333333,0.135,-1,-1,-1,0.356862745098039,0.694117647058824,0.803921568627451
107.23363947868347,0.0,-0.027228338987237623,0.03,1,1,1,0.0,0.3333333333333333,0.12150000000000001,-1,-1,-1,1.0,1.0,-1.0,0.0,-0.3333333333333333,0.135,-1,-1,-1,0.356862745098039,0.694117647058824,0.803921568627451
107.26779508590698,0.0,-0.023832451180696254,0.03,1,1,1,0.0,0.3333333333333333,0.12150000000000001,-1,-1,-1,1.0,1.0,-1.0,0.0,-0.3333333333333333,0.135,-1,-1,-1,0.356862745098039,0.694117647058824,0.803921568627451
107.30253267288208,0.0,-0.020436563374154885,0.03,1,1,1,0.0,0.3333333333333333,0.12150000000000001,-1,-1,-1,1.0,1.0,-1.0,0.0,-0.3333333333333333,0.135,-1,-1,-1,0.356862745098039,0.694117647058824,0.803921568627451
107.3370041847229,0.0,-0.017040675567613517,0.03,1,1,1,0.0,0.3333333333333333,0.12150000000000001,-1,-1,-1,1.0,1.0,-1.0,0.0,-0.3333333333333333,0.135,-1,-1,-1,0.356862745098039,0.694117647058824,0.803921568627451
107.37143015861511,0.0,-0.013644787761072153,0.03,1,1,1,0.0,0.3333333333333333,0.12150000000000001,-1,-1,-1,1.0,1.0,-1.0,0.0,-0.3333333333333333,0.135,-1,-1,-1,0.356862745098039,0.694117647058824,0.803921568627451
107.40604138374329,0.0,-0.010248899954530793,0.03,1,1,1,0.0,0.3333333333333333,0.12150000000000001,-1,-1,-1,1.0,1.0,-1.0,0.0,-0.3333333333333333,0.135,-1,-1,-1,0.356862745098039,0.694117647058824,0.803921568627451
107.44106197357178,0.0,-0.0068530121479894335,0.03,1,1,1,0.0,0.3333333333333333,0.12150000000000001,-1,-1,-1,1.0,1.0,-1.0,0.0,-0.3333333333333333,0.135,-1,-1,-1,0.356862745098039,0.694117647058824,0.803921568627451
107.47611093521118,0.0,-0.003457124341448073,0.03,1,1,1,0.0,0.3333333333333333,0.12150000000000001,-1,-1,-1,1.0,1.0,-1.0,0.0,-0.3333333333333333,0.135,-1,-1,-1,0.356862745098039,0.694117647058824,0.803921568627451
107.51072096824646,0.0,-6.123653490671104e-05,0.03,1,1,1,0.0,0.3333333333333333,0.12150000000000001,-1,-1,-1,1.0,1.0,-1.0,0.0,-0.3333333333333333,0.135,-1,-1,-1,0.356862745098039,0.694117647058824,0.803921568627451
107.5453999042511,0.0,0.003334651271634651,0.03,1,1,1,0.0,0.3333333333333333,0.12150000000000001,-1,-1,-1,1.0,1.0,-1.0,0.0,-0.3333333333333333,0.135,-1,-1,-1,0.356862745098039,0.694117647058824,0.803921568627451
107.58038330078125,0.0,0.0067305390781760115,0.03,1,1,1,0.0,0.3333333333333333,0.12150000000000001,-1,-1,-1,1.0,1.0,-1.0,0.0,-0.3333333333333333,0.135,-1,-1,-1,0.356862745098039,0.694117647058824,0.803921568627451
107.61543774604797,0.0,0.010126426884717373,0.03,1,1,1,0.0,0.3333333333333333,0.12150000000000001,-1,-1,-1,1.0,1.0,-1.0,0.0,-0.3333333333333333,0.135,-1,-1,-1,0.356862745098039,0.694117647058824,0.803921568627451
107.64971852302551,0.0,0.013522314691258733,0.03,1,1,1,0.0,0.3333333333333333,0.12150000000000001,-1,-1,-1,1.0,1.0,-1.0,0.0,-0.3333333333333333,0.135,-1,-1,-1,0.356862745098039,0.694117647058824,0.803921568627451
107.68446683883667,0.0,0.016918202497800093,0.03,1,1,1,0.0,0.3333333333333333,0.12150000000000001,-1,-1,-1,1.0,1.0,-1.0,0.0,-0.3333333333333333,0.135,-1,-1,-1,0.356862745098039,0.694117647058824,0.803921568627451
107.71933269500732,0.0,0.02031409030434146,0.03,1,1,1,0.0,0.3333333333333333,0.12150000000000001,-1,-1,-1,1.0,1.0,-1.0,0.0,-0.3333333333333333,0.135,-1,-1,-1,0.356862745098039,0.694117647058824,0.803921568627451
107.7533814907074,0.0,0.02370997811088283,0.03,1,1,1,0.0,0.3333333333333333,0.12150000000000001,-1,-1,-1,1.0,1.0,-1.0,0.0,-0.3333333333333333,0.135,-1,-1,-1,0.356862745098039,0.694117647058824,0.803921568627451
107.78847169876099,0.0,0.0271058659174242,0.03,1,1,1,0.0,0.3333333333333333,0.12150000000000001,-1,-1,-1,1.0,1.0,-1.0,0.0,-0.3333333333333333,0.135,-1,-1,-1,0.356862745098039,0.694117647058824,0.803921568627451
107.82287240028381,0.0,0.030501753723965564,0.03,1,1,1,0.0,0.3333333333333333,0.12150000000000001,-1,-1,-1,1.0,1.0,-1.0,0.0,-0.3333333333333333,0.135,-1,-1,-1,0.356862745098039,0.694117647058824,0.803921568627451
107.85816860198975,0.0,0.03389764153050693,0.03,1,1,1,0.0,0.3333333333333333,0.12150000000000001,-1,-1,-1,1.0,1.0,-1.0,0.0,-0.3333333333333333,0.135,-1,-1,-1,0.356862745098039,0.694117647058824,0.803921568627451
107.8929877281189,0.0,0.0372935293370483,0.03,1,1,1,0.0,0.3333333333333333,0.12150000000000001,-1,-1,-1,1.0,1.0,-1.0,0.0,-0.3333333333333333,0.135,-1,-1,-1,0.356862745098039,0.694117647058824,0.803921568627451
107.92777609825134,0.0,0.040689417143589666,0.03,1,1,1,0.0,0.3333333333333333,0.12150000000000001,-1,-1,-1,1.0,1.0,-1.0,0.0,-0.3333333333333333,0.135,-1,-1,-1,0.356862745098039,0.694117647058824,0.803921568627451
107.9615409374237,0.0,0.044085304950131035,0.03,1,1,1,0.0,0.3333333333333333,0.12150000000000001,-1,-1,-1,1.0,1.0,-1.0,0.0,-0.3333333333333333,0.135,-1,-1,-1,0.356862745098039,0.694117647058824,0.803921568627451
107.99671244621277,0.0,0.047481192756672404,0.03,1,1,1,0.0,0.3333333333333333,0.12150000000000001,-1,-1,-1,1.0,1.0,-1.0,0.0,-0.3333333333333333,0.135,-1,-1,-1,0.356862745098039,0.694117647058824,0.803921568627451
108.03165650367737,0.0,0.05087708056321377,0.03,1,1,1,0.0,0.3333333333333333,0.12150000000000001,-1,-1,-1,1.0,1.0,-1.0,0.0,-0.3333333333333333,0.135,-1,-1,-1,0.356862745098039,0.694117647058824,0.803921568627451
108.06598615646362,0.0,0.05427296836975514,0.03,1,1,1,0.0,0.3333333333333333,0.12150000000000001,-1,-1,-1,1.0,1.0,-1.0,0.0,-0.3333333333333333,0.135,-1,-1,-1,0.356862745098039,0.694117647058824,0.803921568627451
108.10071539878845,0.0,0.05766885617629651,0.03,1,1,1,0.0,0.3333333333333333,0.12150000000000001,-1,-1,-1,1.0,1.0,-1.0,0.0,-0.3333333333333333,0.135,-1,-1,-1,0.356862745098039,0.694117647058824,0.803921568627451
108.13541984558105,0.0,0.061064743982837864,0.03,1,1,1,0.0,0.3333333333333333,0.12150000000000001,-1,-1,-1,1.0,1.0,-1.0,0.0,-0.3333333333333333,0.135,-1,-1,-1,0.356862745098039,0.694117647058824,0.803921568627451
108.16969442367554,0.0,0.0644606317893792,0.03,1,1,1,0.0,0.3333333333333333,0.12150000000000001,-1,-1,-1,1.0,1.0,-1.0,0.0,-0.3333333333333333,0.135,-1,-1,-1,0.356862745098039,0.694117647058824,0.803921568627451
108.20430946350098,0.0,0.06785651959592054,0.03,1,1,1,0.0,0.3333333333333333,0.12150000000000001,-1,-1,-1,1.0,1.0,-1.0,0.0,-0.3333333333333333,0.135,-1,-1,-1,0.356862745098039,0.694117647058824,0.803921568627451
108.23962044715881,0.0,0.07077781402705642,0.03,1,1,1,0.0,0.3333333333333333,0.12150000000000001,-1,-1,-1,1.0,1.0,-1.0,0.0,-0.3333333333333333,0.135,-1,-1,-1,0.356862745098039,0.694117647058824,0.803921568627451
108.27404403686523,0.0,0.0718007349565705,0.03,1,1,1,0.0,0.3333333333333333,0.12150000000000001,-1,-1,-1,1.0,1.0,-1.0,0.0,-0.3333333333333333,0.135,-1,-1,-1,0.356862745098039,0.694117647058824,0.803921568627451
108.30902695655823,0.0,0.07282365588608457,0.03,1,1,1,0.0,0.3333333333333333,0.12150000000000001,-1,-1,-1,1.0,1.0,-1.0,0.0,-0.3333333333333333,0.135,-1,-1,-1,0.356862745098039,0.694117647058824,0.803921568627451
108.34333395957947,0.0,0.07384657681559864,0.03,1,1,1,0.0,0.3333333333333333,0.12150000000000001,-1,-1,-1,1.0,1.0,-1.0,0.0,-0.3333333333333333,0.135,-1,-1,-1,0.356862745098039,0.694117647058824,0.803921568627451
108.37829804420471,0.0,0.07486949774511271,0.03,1,1,1,0.0,0.3333333333333333,0.12150000000000001,-1,-1,-1,1.0,1.0,-1.0,0.0,-0.3333333333333333,0.135,-1,-1,-1,0.356862745098039,0.694117647058824,0.803921568627451
108.4131178855896,0.0,0.07589241867462679,0.03,1,1,1,0.0,0.3333333333333333,0.12150000000000001,-1,-1,-1,1.0,1.0,-1.0,0.0,-0.3333333333333333,0.135,-1,-1,-1,0.356862745098039,0.694117647058824,0.803921568627451
108.44759225845337,0.0,0.07691533960414086,0.03,1,1,1,0.0,0.3333333333333333,0.12150000000000001,-1,-1,-1,1.0,1.0,-1.0,0.0,-0.3333333333333333,0.135,-1,-1,-1,0.356862745098039,0.694117647058824,0.803921568627451
108.48201179504395,0.0,0.07793826053365494,0.03,1,1,1,0.0,0.3333333333333333,0.12150000000000001,-1,-1,-1,1.0,1.0,-1.0,0.0,-0.3333333333333333,0.135,-1,-1,-1,0.356862745098039,0.694117647058824,0.803921568627451
108.51690793037415,0.0,0.07896118146316901,0.03,1,1,1,0.0,0.3333333333333333,0.12150000000000001,-1,-1,-1,1.0,1.0,-1.0,0.0,-0.3333333333333333,0.135,-1,-1,-1,0.356862745098039,0.694117647058824,0.803921568627451
108.55150485038757,0.0,0.07998410239268308,0.03,1,1,1,0.0,0.3333333333333333,0.12150000000000001,-1,-1,-1,1.0,1.0,-1.0,0.0,-0.3333333333333333,0.135,-1,-1,-1,0.356862745098039,0.694117647058824,0.803921568627451
108.58632111549377,0.0,0.08100702332219716,0.03,1,1,1,0.0,0.3333333333333333,0.12150000000000001,-1,-1,-1,1.0,1.0,-1.0,0.0,-0.3333333333333333,0.135,-1,-1,-1,0.356862745098039,0.694117647058824,0.803921568627451
108.62101364135742,0.0,0.08202994425171123,0.03,1,1,1,0.0,0.3333333333333333,0.12150000000000001,-1,-1,-1,1.0,1.0,-1.0,0.0,-0.3333333333333333,0.135,-1,-1,-1,0.356862745098039,0.694117647058824,0.803921568627451
108.65568614006042,0.0,0.0830528651812253,0.03,1,1,1,0.0,0.3333333333333333,0.12150000000000001,-1,-1,-1,1.0,1.0,-1.0,0.0,-0.3333333333333333,0.135,-1,-1,-1,0.356862745098039,0.694117647058824,0.803921568627451
108.69013690948486,0.0,0.08407578611073938,0.03,1,1,1,0.0,0.3333333333333333,0.12150000000000001,-1,-1,-1,1.0,1.0,-1.0,0.0,-0.3333333333333333,0.135,-1,-1,-1,0.356862745098039,0.694117647058824,0.803921568627451
108.7249927520752,0.0,0.08509870704025345,0.03,1,1,1,0.0,0.3333333333333333,0.12150000000000001,-1,-1,-1,1.0,1.0,-1.0,0.0,-0.3333333333333333,0.135,-1,-1,-1,0.356862745098039,0.694117647058824,0.803921568627451
108.7594563961029,0.0,0.08612162796976752,0.03,1,1,1,0.0,0.3333333333333333,0.12150000000000001,-1,-1,-1,1.0,1.0,-1.0,0.0,-0.3333333333333333,0.135,-1,-1,-1,0.356862745098039,0.694117647058824,0.803921568627451
108.79475975036621,0.0,0.0871445488992816,0.03,1,1,1,0.0,0.3333333333333333,0.12150000000000001,-1,-1,-1,1.0,1.0,-1.0,0.0,-0.3333333333333333,0.135,-1,-1,-1,0.356862745098039,0.694117647058824,0.803921568627451
108.82966232299805,0.0,0.08816746982879567,0.03,1,1,1,0.0,0.3333333333333333,0.12150000000000001,-1,-1,-1,1.0,1.0,-1.0,0.0,-0.3333333333333333,0.135,-1,-1,-1,0.356862745098039,0.694117647058824,0.803921568627451
108.86497354507446,0.0,0.08919039075830974,0.03,1,1,1,0.0,0.3333333333333333,0.12150000000000001,-1,-1,-1,1.0,1.0,-1.0,0.0,-0.3333333333333333,0.135,-1,-1,-1,0.356862745098039,0.694117647058824,0.803921568627451
108.89882802963257,0.0,0.09021331168782382,0.03,1,1,1,0.0,0.3333333333333333,0.12150000000000001,-1,-1,-1,1.0,1.0,-1.0,0.0,-0.3333333333333333,0.135,-1,-1,-1,0.356862745098039,0.694117647058824,0.803921568627451
108.93404507637024,0.0,0.09123623261733789,0.03,1,1,1,0.0,0.3333333333333333,0.12150000000000001,-1,-1,-1,1.0,1.0,-1.0,0.0,-0.3333333333333333,0.135,-1,-1,-1,0.356862745098039,0.694117647058824,0.803921568627451
108.96855425834656,0.0,0.09225915354685196,0.03,1,1,1,0.0,0.3333333333333333,0.12150000000000001,-1,-1,-1,1.0,1.0,-1.0,0.0,-0.3333333333333333,0.135,-1,-1,-1,0.356862745098039,0.694117647058824,0.803921568627451
109.00317120552063,0.0,0.09328207447636604,0.03,1,1,1,0.0,0.3333333333333333,0.12150000000000001,-1,-1,-1,1.0,1.0,-1.0,0.0,-0.3333333333333333,0.135,-1,-1,-1,0.356862745098039,0.694117647058824,0.803921568627451
109.03818464279175,0.0,0.09430499540588011,0.03,1,1,1,0.0,0.3333333333333333,0.12150000000000001,-1,-1,-1,1.0,1.0,-1.0,0.0,-0.3333333333333333,0.135,-1,-1,-1,0.356862745098039,0.694117647058824,0.803921568627451
109.07272410392761,0.0,0.09532791633539418,0.03,1,1,1,0.0,0.3333333333333333,0.12150000000000001,-1,-1,-1,1.0,1.0,-1.0,0.0,-0.3333333333333333,0.135,-1,-1,-1,0.356862745098039,0.694117647058824,0.803921568627451
109.10726881027222,0.0,0.09635083726490826,0.03,1,1,1,0.0,0.3333333333333333,0.12150000000000001,-1,-1,-1,1.0,1.0,-1.0,0.0,-0.3333333333333333,0.135,-1,-1,-1,0.356862745098039,0.694117647058824,0.803921568627451
109.14205574989319,0.0,0.09737375819442233,0.03,1,1,1,0.0,0.3333333333333333,0.12150000000000001,-1,-1,-1,1.0,1.0,-1.0,0.0,-0.3333333333333333,0.135,-1,-1,-1,0.356862745098039,0.694117647058824,0.803921568627451
109.17689561843872,0.0,0.0983966791239364,0.03,1,1,1,0.0,0.3333333333333333,0.12150000000000001,-1,-1,-1,1.0,1.0,-1.0,0.0,-0.3333333333333333,0.135,-1,-1,-1,0.356862745098039,0.694117647058824,0.803921568627451
109.2114155292511,0.0,0.09941960005345048,0.03,1,1,1,0.0,0.3333333333333333,0.12150000000000001,-1,-1,-1,1.0,1.0,-1.0,0.0,-0.3333333333333333,0.135,-1,-1,-1,0.356862745098039,0.694117647058824,0.803921568627451
109.24619936943054,0.0,0.10044252098296455,0.03,1,1,1,0.0,0.3333333333333333,0.12150000000000001,-1,-1,-1,1.0,1.0,-1.0,0.0,-0.3333333333333333,0.135,-1,-1,-1,0.356862745098039,0.694117647058824,0.803921568627451
109.28101587295532,0.0,0.10146544191247862,0.03,1,1,1,0.0,0.3333333333333333,0.12150000000000001,-1,-1,-1,1.0,1.0,-1.0,0.0,-0.3333333333333333,0.135,-1,-1,-1,0.356862745098039,0.694117647058824,0.803921568627451
109.31523847579956,0.0,0.1024883628419927,0.03,1,1,1,0.0,0.3333333333333333,0.12150000000000001,-1,-1,-1,1.0,1.0,-1.0,0.0,-0.3333333333333333,0.135,-1,-1,-1,0.356862745098039,0.694117647058824,0.803921568627451
109.35002875328064,0.0,0.10351128377150677,0.03,1,1,1,0.0,0.3333333333333333,0.12150000000000001,-1,-1,-1,1.0,1.0,-1.0,0.0,-0.3333333333333333,0.135,-1,-1,-1,0.356862745098039,0.694117647058824,0.803921568627451
109.38480830192566,0.0,0.10453420470102084,0.03,1,1,1,0.0,0.3333333333333333,0.12150000000000001,-1,-1,-1,1.0,1.0,-1.0,0.0,-0.3333333333333333,0.135,-1,-1,-1,0.356862745098039,0.694117647058824,0.803921568627451
109.4193811416626,0.0,0.10555712563053492,0.03,1,1,1,0.0,0.3333333333333333,0.12150000000000001,-1,-1,-1,1.0,1.0,-1.0,0.0,-0.3333333333333333,0.135,-1,-1,-1,0.356862745098039,0.694117647058824,0.803921568627451
109.45490288734436,0.0,0.10511569300417711,0.03,1,1,1,0.0,0.3333333333333333,0.12150000000000001,-1,-1,-1,1.0,1.0,-1.0,0.0,-0.3333333333333333,0.135,-1,-1,-1,0.356862745098039,0.694117647058824,0.803921568627451
109.48976707458496,0.0,0.10369802467390472,0.03,1,1,1,0.0,0.3333333333333333,0.12150000000000001,-1,-1,-1,1.0,1.0,-1.0,0.0,-0.3333333333333333,0.135,-1,-1,-1,0.356862745098039,0.694117647058824,0.803921568627451
109.52392482757568,0.0,0.10228035634363233,0.03,1,1,1,0.0,0.3333333333333333,0.12150000000000001,-1,-1,-1,1.0,1.0,-1.0,0.0,-0.3333333333333333,0.135,-1,-1,-1,0.356862745098039,0.694117647058824,0.803921568627451
109.55878901481628,0.0,0.10086268801335994,0.03,1,1,1,0.0,0.3333333333333333,0.12150000000000001,-1,-1,-1,1.0,1.0,-1.0,0.0,-0.3333333333333333,0.135,-1,-1,-1,0.356862745098039,0.694117647058824,0.803921568627451
109.5935595035553,0.0,0.09944501968308755,0.03,1,1,1,0.0,0.3333333333333333,0.12150000000000001,-1,-1,-1,1.0,1.0,-1.0,0.0,-0.3333333333333333,0.135,-1,-1,-1,0.356862745098039,0.694117647058824,0.803921568627451
109.62867069244385,0.0,0.09802735135281516,0.03,1,1,1,0.0,0.3333333333333333,0.12150000000000001,-1,-1,-1,1.0,1.0,-1.0,0.0,-0.3333333333333333,0.135,-1,-1,-1,0.356862745098039,0.694117647058824,0.803921568627451
109.66296482086182,0.0,0.09660968302254277,0.03,1,1,1,0.0,0.3333333333333333,0.12150000000000001,-1,-1,-1,1.0,1.0,-1.0,0.0,-0.3333333333333333,0.135,-1,-1,-1,0.356862745098039,0.694117647058824,0.803921568627451
109.69795751571655,0.0,0.09519201469227039,0.03,1,1,1,0.0,0.3333333333333333,0.12150000000000001,-1,-1,-1,1.0,1.0,-1.0,0.0,-0.3333333333333333,0.135,-1,-1,-1,0.356862745098039,0.694117647058824,0.803921568627451
109.73227977752686,0.0,0.093774346361998,0.03,1,1,1,0.0,0.3333333333333333,0.12150000000000001,-1,-1,-1,1.0,1.0,-1.0,0.0,-0.3333333333333333,0.135,-1,-1,-1,0.356862745098039,0.694117647058824,0.803921568627451
109.76717591285706,0.0,0.0923566780317256,0.03,1,1,1,0.0,0.3333333333333333,0.12150000000000001,-1,-1,-1,1.0,1.0,-1.0,0.0,-0.3333333333333333,0.135,-1,-1,-1,0.356862745098039,0.694117647058824,0.803921568627451
109.80173397064209,0.0,0.09093900970145322,0.03,1,1,1,0.0,0.3333333333333333,0.12150000000000001,-1,-1,-1,1.0,1.0,-1.0,0.0,-0.3333333333333333,0.135,-1,-1,-1,0.356862745098039,0.694117647058824,0.803921568627451
109.83644723892212,0.0,0.08952134137118083,0.03,1,1,1,0.0,0.3333333333333333,0.12150000000000001,-1,-1,-1,1.0,1.0,-1.0,0.0,-0.3333333333333333,0.135,-1,-1,-1,0.356862745098039,0.694117647058824,0.803921568627451
109.8712067604065,0.0,0.08810367304090844,0.03,1,1,1,0.0,0.3333333333333333,0.12150000000000001,-1,-1,-1,1.0,1.0,-1.0,0.0,-0.3333333333333333,0.135,-1,-1,-1,0.356862745098039,0.694117647058824,0.803921568627451
109.90593433380127,0.0,0.08668600471063605,0.03,1,1,1,0.0,0.3333333333333333,0.12150000000000001,-1,-1,-1,1.0,1.0,-1.0,0.0,-0.3333333333333333,0.135,-1,-1,-1,0.356862745098039,0.694117647058824,0.803921568627451
109.94157457351685,0.0,0.08526833638036366,0.03,1,1,1,0.0,0.3333333333333333,0.12150000000000001,-1,-1,-1,1.0,1.0,-1.0,0.0,-0.3333333333333333,0.135,-1,-1,-1,0.356862745098039,0.694117647058824,0.803921568627451
109.97618842124939,0.0,0.08385066805009127,0.03,1,1,1,0.0,0.3333333333333333,0.12150000000000001,-1,-1,-1,1.0,1.0,-1.0,0.0,-0.3333333333333333,0.135,-1,-1,-1,0.356862745098039,0.694117647058824,0.803921568627451
110.01051783561707,0.0,0.08243299971981888,0.03,1,1,1,0.0,0.3333333333333333,0.12150000000000001,-1,-1,-1,1.0,1.0,-1.0,0.0,-0.3333333333333333,0.135,-1,-1,-1,0.356862745098039,0.694117647058824,0.803921568627451
110.04486846923828,0.0,0.08101533138954649,0.03,1,1,1,0.0,0.3333333333333333,0.12150000000000001,-1,-1,-1,1.0,1.0,-1.0,0.0,-0.3333333333333333,0.135,-1,-1,-1,0.356862745098039,0.694117647058824,0.803921568627451
110.08030152320862,0.0,0.0795976630592741,0.03,1,1,1,0.0,0.3333333333333333,0.12150000000000001,-1,-1,-1,1.0,1.0,-1.0,0.0,-0.3333333333333333,0.135,-1,-1,-1,0.356862745098039,0.694117647058824,0.803921568627451
110.1149971485138,0.0,0.07817999472900171,0.03,1,1,1,0.0,0.3333333333333333,0.12150000000000001,-1,-1,-1,1.0,1.0,-1.0,0.0,-0.3333333333333333,0.135,-1,-1,-1,0.356862745098039,0.694117647058824,0.803921568627451
110.14977812767029,0.0,0.07676232639872932,0.03,1,1,1,0.0,0.3333333333333333,0.12150000000000001,-1,-1,-1,1.0,1.0,-1.0,0.0,-0.3333333333333333,0.135,-1,-1,-1,0.356862745098039,0.694117647058824,0.803921568627451
110.18429327011108,0.0,0.07534465806845693,0.03,1,1,1,0.0,0.3333333333333333,0.12150000000000001,-1,-1,-1,1.0,1.0,-1.0,0.0,-0.3333333333333333,0.135,-1,-1,-1,0.356862745098039,0.694117647058824,0.803921568627451
110.21912860870361,0.0,0.07392698973818454,0.03,1,1,1,0.0,0.3333333333333333,0.12150000000000001,-1,-1,-1,1.0,1.0,-1.0,0.0,-0.3333333333333333,0.135,-1,-1,-1,0.356862745098039,0.694117647058824,0.803921568627451
110.25378227233887,0.0,0.07250932140791215,0.03,1,1,1,0.0,0.3333333333333333,0.12150000000000001,-1,-1,-1,1.0,1.0,-1.0,0.0,-0.3333333333333333,0.135,-1,-1,-1,0.356862745098039,0.694117647058824,0.803921568627451
110.28857564926147,0.0,0.07109165307763976,0.03,1,1,1,0.0,0.3333333333333333,0.12150000000000001,-1,-1,-1,1.0,1.0,-1.0,0.0,-0.3333333333333333,0.135,-1,-1,-1,0.356862745098039,0.694117647058824,0.803921568627451
110.32330179214478,0.0,0.06967398474736737,0.03,1,1,1,0.0,0.3333333333333333,0.12150000000000001,-1,-1,-1,1.0,1.0,-1.0,0.0,-0.3333333333333333,0.135,-1,-1,-1,0.356862745098039,0.694117647058824,0.803921568627451
110.35798907279968,0.0,0.06825631641709498,0.03,1,1,1,0.0,0.3333333333333333,0.12150000000000001,-1,-1,-1,1.0,1.0,-1.0,0.0,-0.3333333333333333,0.135,-1,-1,-1,0.356862745098039,0.694117647058824,0.803921568627451
110.39277076721191,0.0,0.06683864808682259,0.03,1,1,1,0.0,0.3333333333333333,0.12150000000000001,-1,-1,-1,1.0,1.0,-1.0,0.0,-0.3333333333333333,0.135,-1,-1,-1,0.356862745098039,0.694117647058824,0.803921568627451
110.42752385139465,0.0,0.0654209797565502,0.03,1,1,1,0.0,0.3333333333333333,0.12150000000000001,-1,-1,-1,1.0,1.0,-1.0,0.0,-0.3333333333333333,0.135,-1,-1,-1,0.356862745098039,0.694117647058824,0.803921568627451
110.46219277381897,0.0,0.06400331142627781,0.03,1,1,1,0.0,0.3333333333333333,0.12150000000000001,-1,-1,-1,1.0,1.0,-1.0,0.0,-0.3333333333333333,0.135,-1,-1,-1,0.356862745098039,0.694117647058824,0.803921568627451
110.49726152420044,0.0,0.06258564309600542,0.03,1,1,1,0.0,0.3333333333333333,0.12150000000000001,-1,-1,-1,1.0,1.0,-1.0,0.0,-0.3333333333333333,0.135,-1,-1,-1,0.356862745098039,0.694117647058824,0.803921568627451
110.53209924697876,0.0,0.06116797476573306,0.03,1,1,1,0.0,0.3333333333333333,0.12150000000000001,-1,-1,-1,1.0,1.0,-1.0,0.0,-0.3333333333333333,0.135,-1,-1,-1,0.356862745098039,0.694117647058824,0.803921568627451
110.56629824638367,0.0,0.05975030643546071,0.03,1,1,1,0.0,0.3333333333333333,0.12150000000000001,-1,-1,-1,1.0,1.0,-1.0,0.0,-0.3333333333333333,0.135,-1,-1,-1,0.356862745098039,0.694117647058824,0.803921568627451
110.6011164188385,0.0,0.05833263810518835,0.03,1,1,1,0.0,0.3333333333333333,0.12150000000000001,-1,-1,-1,1.0,1.0,-1.0,0.0,-0.3333333333333333,0.135,-1,-1,-1,0.356862745098039,0.694117647058824,0.803921568627451
110.63581991195679,0.0,0.056914969774915995,0.03,1,1,1,0.0,0.3333333333333333,0.12150000000000001,-1,-1,-1,1.0,1.0,-1.0,0.0,-0.3333333333333333,0.135,-1,-1,-1,0.356862745098039,0.694117647058824,0.803921568627451
110.67036056518555,0.0,0.058350968600530934,0.03,1,1,1,0.0,0.3333333333333333,0.12150000000000001,-1,-1,-1,1.0,1.0,-1.0,0.0,-0.3333333333333333,0.135,-1,-1,-1,0.356862745098039,0.694117647058824,0.803921568627451
110.70483207702637,0.0,0.05978696742614588,0.03,1,1,1,0.0,0.3333333333333333,0.12150000000000001,-1,-1,-1,1.0,1.0,-1.0,0.0,-0.3333333333333333,0.135,-1,-1,-1,0.356862745098039,0.694117647058824,0.803921568627451
110.73962473869324,0.0,0.06122296625176084,0.03,1,1,1,0.0,0.3333333333333333,0.12150000000000001,-1,-1,-1,1.0,1.0,-1.0,0.0,-0.3333333333333333,0.135,-1,-1,-1,0.356862745098039,0.694117647058824,0.803921568627451
110.77431035041809,0.0,0.06265896507737578,0.03,1,1,1,0.0,0.3333333333333333,0.12150000000000001,-1,-1,-1,1.0,1.0,-1.0,0.0,-0.3333333333333333,0.135,-1,-1,-1,0.356862745098039,0.694117647058824,0.803921568627451
110.8088219165802,0.0,0.06409496390299069,0.03,1,1,1,0.0,0.3333333333333333,0.12150000000000001,-1,-1,-1,1.0,1.0,-1.0,0.0,-0.3333333333333333,0.135,-1,-1,-1,0.356862745098039,0.694117647058824,0.803921568627451
110.84366011619568,0.0,0.06553096272860559,0.03,1,1,1,0.0,0.3333333333333333,0.12150000000000001,-1,-1,-1,1.0,1.0,-1.0,0.0,-0.3333333333333333,0.135,-1,-1,-1,0.356862745098039,0.694117647058824,0.803921568627451
110.87867259979248,0.0,0.0669669615542205,0.03,1,1,1,0.0,0.3333333333333333,0.12150000000000001,-1,-1,-1,1.0,1.0,-1.0,0.0,-0.3333333333333333,0.135,-1,-1,-1,0.356862745098039,0.694117647058824,0.803921568627451
110.91299748420715,0.0,0.0684029603798354,0.03,1,1,1,0.0,0.3333333333333333,0.12150000000000001,-1,-1,-1,1.0,1.0,-1.0,0.0,-0.3333333333333333,0.135,-1,-1,-1,0.356862745098039,0.694117647058824,0.803921568627451
110.94788193702698,0.0,0.0698389592054503,0.03,1,1,1,0.0,0.3333333333333333,0.12150000000000001,-1,-1,-1,1.0,1.0,-1.0,0.0,-0.3333333333333333,0.135,-1,-1,-1,0.356862745098039,0.694117647058824,0.803921568627451
110.98260116577148,0.0,0.0712749580310652,0.03,1,1,1,0.0,0.3333333333333333,0.12150000000000001,-1,-1,-1,1.0,1.0,-1.0,0.0,-0.3333333333333333,0.135,-1,-1,-1,0.356862745098039,0.694117647058824,0.803921568627451
111.01738286018372,0.0,0.07271095685668011,0.03,1,1,1,0.0,0.3333333333333333,0.12150000000000001,-1,-1,-1,1.0,1.0,-1.0,0.0,-0.3333333333333333,0.135,-1,-1,-1,0.356862745098039,0.694117647058824,0.803921568627451
111.05126023292542,0.0,0.07414695568229501,0.03,1,1,1,0.0,0.3333333333333333,0.12150000000000001,-1,-1,-1,1.0,1.0,-1.0,0.0,-0.3333333333333333,0.135,-1,-1,-1,0.356862745098039,0.694117647058824,0.803921568627451
111.08624744415283,0.0,0.07558295450790992,0.03,1,1,1,0.0,0.3333333333333333,0.12150000000000001,-1,-1,-1,1.0,1.0,-1.0,0.0,-0.3333333333333333,0.135,-1,-1,-1,0.356862745098039,0.694117647058824,0.803921568627451
111.1210458278656,0.0,0.07701895333352482,0.03,1,1,1,0.0,0.3333333333333333,0.12150000000000001,-1,-1,-1,1.0,1.0,-1.0,0.0,-0.3333333333333333,0.135,-1,-1,-1,0.356862745098039,0.694117647058824,0.803921568627451
111.15602946281433,0.0,0.07845495215913972,0.03,1,1,1,0.0,0.3333333333333333,0.12150000000000001,-1,-1,-1,1.0,1.0,-1.0,0.0,-0.3333333333333333,0.135,-1,-1,-1,0.356862745098039,0.694117647058824,0.803921568627451
111.19017744064331,0.0,0.07989095098475463,0.03,1,1,1,0.0,0.3333333333333333,0.12150000000000001,-1,-1,-1,1.0,1.0,-1.0,0.0,-0.3333333333333333,0.135,-1,-1,-1,0.356862745098039,0.694117647058824,0.803921568627451
111.22537136077881,0.0,0.08132694981036953,0.03,1,1,1,0.0,0.3333333333333333,0.12150000000000001,-1,-1,-1,1.0,1.0,-1.0,0.0,-0.3333333333333333,0.135,-1,-1,-1,0.356862745098039,0.694117647058824,0.803921568627451
111.26032996177673,0.0,0.08276294863598443,0.03,1,1,1,0.0,0.3333333333333333,0.12150000000000001,-1,-1,-1,1.0,1.0,-1.0,0.0,-0.3333333333333333,0.135,-1,-1,-1,0.356862745098039,0.694117647058824,0.803921568627451
111.2941563129425,0.0,0.08419894746159934,0.03,1,1,1,0.0,0.3333333333333333,0.12150000000000001,-1,-1,-1,1.0,1.0,-1.0,0.0,-0.3333333333333333,0.135,-1,-1,-1,0.356862745098039,0.694117647058824,0.803921568627451
111.32912755012512,0.0,0.08563494628721424,0.03,1,1,1,0.0,0.3333333333333333,0.12150000000000001,-1,-1,-1,1.0,1.0,-1.0,0.0,-0.3333333333333333,0.135,-1,-1,-1,0.356862745098039,0.694117647058824,0.803921568627451
111.36378192901611,0.0,0.08707094511282915,0.03,1,1,1,0.0,0.3333333333333333,0.12150000000000001,-1,-1,-1,1.0,1.0,-1.0,0.0,-0.3333333333333333,0.135,-1,-1,-1,0.356862745098039,0.694117647058824,0.803921568627451
111.39826321601868,0.0,0.08850694393844405,0.03,1,1,1,0.0,0.3333333333333333,0.12150000000000001,-1,-1,-1,1.0,1.0,-1.0,0.0,-0.3333333333333333,0.135,-1,-1,-1,0.356862745098039,0.694117647058824,0.803921568627451
111.43308806419373,0.0,0.08994294276405895,0.03,1,1,1,0.0,0.3333333333333333,0.12150000000000001,-1,-1,-1,1.0,1.0,-1.0,0.0,-0.3333333333333333,0.135,-1,-1,-1,0.356862745098039,0.694117647058824,0.803921568627451
111.46768140792847,0.0,0.09137894158967386,0.03,1,1,1,0.0,0.3333333333333333,0.12150000000000001,-1,-1,-1,1.0,1.0,-1.0,0.0,-0.3333333333333333,0.135,-1,-1,-1,0.356862745098039,0.694117647058824,0.803921568627451
111.5030345916748,0.0,0.09281494041528876,0.03,1,1,1,0.0,0.3333333333333333,0.12150000000000001,-1,-1,-1,1.0,1.0,-1.0,0.0,-0.3333333333333333,0.135,-1,-1,-1,0.356862745098039,0.694117647058824,0.803921568627451
111.53713369369507,0.0,0.09425093924090366,0.03,1,1,1,0.0,0.3333333333333333,0.12150000000000001,-1,-1,-1,1.0,1.0,-1.0,0.0,-0.3333333333333333,0.135,-1,-1,-1,0.356862745098039,0.694117647058824,0.803921568627451
111.57212257385254,0.0,0.09568693806651857,0.03,1,1,1,0.0,0.3333333333333333,0.12150000000000001,-1,-1,-1,1.0,1.0,-1.0,0.0,-0.3333333333333333,0.135,-1,-1,-1,0.356862745098039,0.694117647058824,0.803921568627451
111.60692977905273,0.0,0.09712293689213347,0.03,1,1,1,0.0,0.3333333333333333,0.12150000000000001,-1,-1,-1,1.0,1.0,-1.0,0.0,-0.3333333333333333,0.135,-1,-1,-1,0.356862745098039,0.694117647058824,0.803921568627451
111.6415467262268,0.0,0.09855893571774837,0.03,1,1,1,0.0,0.3333333333333333,0.12150000000000001,-1,-1,-1,1.0,1.0,-1.0,0.0,-0.3333333333333333,0.135,-1,-1,-1,0.356862745098039,0.694117647058824,0.803921568627451
111.6760766506195,0.0,0.09999493454336328,0.03,1,1,1,0.0,0.3333333333333333,0.12150000000000001,-1,-1,-1,1.0,1.0,-1.0,0.0,-0.3333333333333333,0.135,-1,-1,-1,0.356862745098039,0.694117647058824,0.803921568627451
111.7107162475586,0.0,0.10143093336897818,0.03,1,1,1,0.0,0.3333333333333333,0.12150000000000001,-1,-1,-1,1.0,1.0,-1.0,0.0,-0.3333333333333333,0.135,-1,-1,-1,0.356862745098039,0.694117647058824,0.803921568627451
111.74548292160034,0.0,0.10286693219459309,0.03,1,1,1,0.0,0.3333333333333333,0.12150000000000001,-1,-1,-1,1.0,1.0,-1.0,0.0,-0.3333333333333333,0.135,-1,-1,-1,0.356862745098039,0.694117647058824,0.803921568627451
111.78065919876099,0.0,0.10430293102020799,0.03,1,1,1,0.0,0.3333333333333333,0.12150000000000001,-1,-1,-1,1.0,1.0,-1.0,0.0,-0.3333333333333333,0.135,-1,-1,-1,0.356862745098039,0.694117647058824,0.803921568627451
111.8149037361145,0.0,0.1057389298458229,0.03,1,1,1,0.0,0.3333333333333333,0.12150000000000001,-1,-1,-1,1.0,1.0,-1.0,0.0,-0.3333333333333333,0.135,-1,-1,-1,0.356862745098039,0.694117647058824,0.803921568627451
111.85028219223022,0.0,0.10566518756843973,0.03,1,1,1,0.0,0.3333333333333333,0.12150000000000001,-1,-1,-1,1.0,1.0,-1.0,0.0,-0.3333333333333333,0.135,-1,-1,-1,0.356862745098039,0.694117647058824,0.803921568627451
111.88388013839722,0.0,0.10332683363655948,0.03,1,1,1,0.0,0.3333333333333333,0.12150000000000001,-1,-1,-1,1.0,1.0,-1.0,0.0,-0.3333333333333333,0.135,-1,-1,-1,0.356862745098039,0.694117647058824,0.803921568627451
111.9192476272583,0.0,0.10098847970467922,0.03,1,1,1,0.0,0.3333333333333333,0.12150000000000001,-1,-1,-1,1.0,1.0,-1.0,0.0,-0.3333333333333333,0.135,-1,-1,-1,0.356862745098039,0.694117647058824,0.803921568627451
111.95417046546936,0.0,0.09865012577279897,0.03,1,1,1,0.0,0.3333333333333333,0.12150000000000001,-1,-1,-1,1.0,1.0,-1.0,0.0,-0.3333333333333333,0.135,-1,-1,-1,0.356862745098039,0.694117647058824,0.803921568627451
111.98933959007263,0.0,0.09631177184091871,0.03,1,1,1,0.0,0.3333333333333333,0.12150000000000001,-1,-1,-1,1.0,1.0,-1.0,0.0,-0.3333333333333333,0.135,-1,-1,-1,0.356862745098039,0.694117647058824,0.803921568627451
112.02439904212952,0.0,0.09397341790903846,0.03,1,1,1,0.0,0.3333333333333333,0.12150000000000001,-1,-1,-1,1.0,1.0,-1.0,0.0,-0.3333333333333333,0.135,-1,-1,-1,0.356862745098039,0.694117647058824,0.803921568627451
112.05947780609131,0.0,0.0916350639771582,0.03,1,1,1,0.0,0.3333333333333333,0.12150000000000001,-1,-1,-1,1.0,1.0,-1.0,0.0,-0.3333333333333333,0.135,-1,-1,-1,0.356862745098039,0.694117647058824,0.803921568627451
112.09329986572266,0.0,0.08929671004527795,0.03,1,1,1,0.0,0.3333333333333333,0.12150000000000001,-1,-1,-1,1.0,1.0,-1.0,0.0,-0.3333333333333333,0.135,-1,-1,-1,0.356862745098039,0.694117647058824,0.803921568627451
112.12788677215576,0.0,0.0869583561133977,0.03,1,1,1,0.0,0.3333333333333333,0.12150000000000001,-1,-1,-1,1.0,1.0,-1.0,0.0,-0.3333333333333333,0.135,-1,-1,-1,0.356862745098039,0.694117647058824,0.803921568627451
112.16262769699097,0.0,0.08462000218151744,0.03,1,1,1,0.0,0.3333333333333333,0.12150000000000001,-1,-1,-1,1.0,1.0,-1.0,0.0,-0.3333333333333333,0.135,-1,-1,-1,0.356862745098039,0.694117647058824,0.803921568627451
112.1971755027771,0.0,0.08228164824963718,0.03,1,1,1,0.0,0.3333333333333333,0.12150000000000001,-1,-1,-1,1.0,1.0,-1.0,0.0,-0.3333333333333333,0.135,-1,-1,-1,0.356862745098039,0.694117647058824,0.803921568627451
112.23228621482849,0.0,0.07994329431775693,0.03,1,1,1,0.0,0.3333333333333333,0.12150000000000001,-1,-1,-1,1.0,1.0,-1.0,0.0,-0.3333333333333333,0.135,-1,-1,-1,0.356862745098039,0.694117647058824,0.803921568627451
112.26721668243408,0.0,0.07760494038587668,0.03,1,1,1,0.0,0.3333333333333333,0.12150000000000001,-1,-1,-1,1.0,1.0,-1.0,0.0,-0.3333333333333333,0.135,-1,-1,-1,0.356862745098039,0.694117647058824,0.803921568627451
112.30186796188354,0.0,0.07526658645399642,0.03,1,1,1,0.0,0.3333333333333333,0.12150000000000001,-1,-1,-1,1.0,1.0,-1.0,0.0,-0.3333333333333333,0.135,-1,-1,-1,0.356862745098039,0.694117647058824,0.803921568627451
112.33654689788818,0.0,0.07292823252211617,0.03,1,1,1,0.0,0.3333333333333333,0.12150000000000001,-1,-1,-1,1.0,1.0,-1.0,0.0,-0.3333333333333333,0.135,-1,-1,-1,0.356862745098039,0.694117647058824,0.803921568627451
112.37119030952454,0.0,0.07058987859023591,0.03,1,1,1,0.0,0.3333333333333333,0.12150000000000001,-1,-1,-1,1.0,1.0,-1.0,0.0,-0.3333333333333333,0.135,-1,-1,-1,0.356862745098039,0.694117647058824,0.803921568627451
112.4060869216919,0.0,0.06825152465835566,0.03,1,1,1,0.0,0.3333333333333333,0.12150000000000001,-1,-1,-1,1.0,1.0,-1.0,0.0,-0.3333333333333333,0.135,-1,-1,-1,0.356862745098039,0.694117647058824,0.803921568627451
112.44051003456116,0.0,0.0659131707264754,0.03,1,1,1,0.0,0.3333333333333333,0.12150000000000001,-1,-1,-1,1.0,1.0,-1.0,0.0,-0.3333333333333333,0.135,-1,-1,-1,0.356862745098039,0.694117647058824,0.803921568627451
112.47502446174622,0.0,0.06357481679459515,0.03,1,1,1,0.0,0.3333333333333333,0.12150000000000001,-1,-1,-1,1.0,1.0,-1.0,0.0,-0.3333333333333333,0.135,-1,-1,-1,0.356862745098039,0.694117647058824,0.803921568627451
112.50958704948425,0.0,0.06123646286271489,0.03,1,1,1,0.0,0.3333333333333333,0.12150000000000001,-1,-1,-1,1.0,1.0,-1.0,0.0,-0.3333333333333333,0.135,-1,-1,-1,0.356862745098039,0.694117647058824,0.803921568627451
112.54516768455505,0.0,0.05889810893083464,0.03,1,1,1,0.0,0.3333333333333333,0.12150000000000001,-1,-1,-1,1.0,1.0,-1.0,0.0,-0.3333333333333333,0.135,-1,-1,-1,0.356862745098039,0.694117647058824,0.803921568627451
112.5791323184967,0.0,0.05655975499895439,0.03,1,1,1,0.0,0.3333333333333333,0.12150000000000001,-1,-1,-1,1.0,1.0,-1.0,0.0,-0.3333333333333333,0.135,-1,-1,-1,0.356862745098039,0.694117647058824,0.803921568627451
112.61446118354797,0.0,0.05422140106707413,0.03,1,1,1,0.0,0.3333333333333333,0.12150000000000001,-1,-1,-1,1.0,1.0,-1.0,0.0,-0.3333333333333333,0.135,-1,-1,-1,0.356862745098039,0.694117647058824,0.803921568627451
112.64897060394287,0.0,0.05188304713519388,0.03,1,1,1,0.0,0.3333333333333333,0.12150000000000001,-1,-1,-1,1.0,1.0,-1.0,0.0,-0.3333333333333333,0.135,-1,-1,-1,0.356862745098039,0.694117647058824,0.803921568627451
112.68386626243591,0.0,0.049544693203313624,0.03,1,1,1,0.0,0.3333333333333333,0.12150000000000001,-1,-1,-1,1.0,1.0,-1.0,0.0,-0.3333333333333333,0.135,-1,-1,-1,0.356862745098039,0.694117647058824,0.803921568627451
112.71848797798157,0.0,0.04720633927143337,0.03,1,1,1,0.0,0.3333333333333333,0.12150000000000001,-1,-1,-1,1.0,1.0,-1.0,0.0,-0.3333333333333333,0.135,-1,-1,-1,0.356862745098039,0.694117647058824,0.803921568627451
112.75295996665955,0.0,0.044867985339553114,0.03,1,1,1,0.0,0.3333333333333333,0.12150000000000001,-1,-1,-1,1.0,1.0,-1.0,0.0,-0.3333333333333333,0.135,-1,-1,-1,0.356862745098039,0.694117647058824,0.803921568627451
112.78806185722351,0.0,0.04252963140767286,0.03,1,1,1,0.0,0.3333333333333333,0.12150000000000001,-1,-1,-1,1.0,1.0,-1.0,0.0,-0.3333333333333333,0.135,-1,-1,-1,0.356862745098039,0.694117647058824,0.803921568627451
112.82339262962341,0.0,0.040191277475792604,0.03,1,1,1,0.0,0.3333333333333333,0.12150000000000001,-1,-1,-1,1.0,1.0,-1.0,0.0,-0.3333333333333333,0.135,-1,-1,-1,0.356862745098039,0.694117647058824,0.803921568627451
112.85744881629944,0.0,0.03785292354391235,0.03,1,1,1,0.0,0.3333333333333333,0.12150000000000001,-1,-1,-1,1.0,1.0,-1.0,0.0,-0.3333333333333333,0.135,-1,-1,-1,0.356862745098039,0.694117647058824,0.803921568627451
112.89939832687378,0.0,0.035514569612032094,0.03,1,1,1,0.0,0.3333333333333333,0.12150000000000001,-1,-1,-1,1.0,1.0,-1.0,0.0,-0.3333333333333333,0.135,-1,-1,-1,0.356862745098039,0.694117647058824,0.803921568627451
112.93481397628784,0.0,0.03317621568015184,0.03,1,1,1,0.0,0.3333333333333333,0.12150000000000001,-1,-1,-1,1.0,1.0,-1.0,0.0,-0.3333333333333333,0.135,-1,-1,-1,0.356862745098039,0.694117647058824,0.803921568627451
112.96948170661926,0.0,0.030837861748271585,0.03,1,1,1,0.0,0.3333333333333333,0.12150000000000001,-1,-1,-1,1.0,1.0,-1.0,0.0,-0.3333333333333333,0.135,-1,-1,-1,0.356862745098039,0.694117647058824,0.803921568627451
113.00343322753906,0.0,0.028499507816391326,0.03,1,1,1,0.0,0.3333333333333333,0.12150000000000001,-1,-1,-1,1.0,1.0,-1.0,0.0,-0.3333333333333333,0.135,-1,-1,-1,0.356862745098039,0.694117647058824,0.803921568627451
113.03784537315369,0.0,0.02616115388451107,0.03,1,1,1,0.0,0.3333333333333333,0.12150000000000001,-1,-1,-1,1.0,1.0,-1.0,0.0,-0.3333333333333333,0.135,-1,-1,-1,0.356862745098039,0.694117647058824,0.803921568627451
113.07381200790405,0.0,0.025975419367623764,0.03,1,1,1,0.0,0.3333333333333333,0.12150000000000001,-1,-1,-1,1.0,1.0,-1.0,0.0,-0.3333333333333333,0.135,-1,-1,-1,0.356862745098039,0.694117647058824,0.803921568627451
113.10754990577698,0.0,0.025789684850736457,0.03,1,1,1,0.0,0.3333333333333333,0.12150000000000001,-1,-1,-1,1.0,1.0,-1.0,0.0,-0.3333333333333333,0.135,-1,-1,-1,0.356862745098039,0.694117647058824,0.803921568627451
113.14275908470154,0.0,0.02560395033384915,0.03,1,1,1,0.0,0.3333333333333333,0.12150000000000001,-1,-1,-1,1.0,1.0,-1.0,0.0,-0.3333333333333333,0.135,-1,-1,-1,0.356862745098039,0.694117647058824,0.803921568627451
113.17755794525146,0.0,0.025418215816961843,0.03,1,1,1,0.0,0.3333333333333333,0.12150000000000001,-1,-1,-1,1.0,1.0,-1.0,0.0,-0.3333333333333333,0.135,-1,-1,-1,0.356862745098039,0.694117647058824,0.803921568627451
113.21226024627686,0.0,0.025232481300074536,0.03,1,1,1,0.0,0.3333333333333333,0.12150000000000001,-1,-1,-1,1.0,1.0,-1.0,0.0,-0.3333333333333333,0.135,-1,-1,-1,0.356862745098039,0.694117647058824,0.803921568627451
113.24694919586182,0.0,0.02504674678318723,0.03,1,1,1,0.0,0.3333333333333333,0.12150000000000001,-1,-1,-1,1.0,1.0,-1.0,0.0,-0.3333333333333333,0.135,-1,-1,-1,0.356862745098039,0.694117647058824,0.803921568627451
113.2817804813385,0.0,0.02486101226629992,0.03,1,1,1,0.0,0.3333333333333333,0.12150000000000001,-1,-1,-1,1.0,1.0,-1.0,0.0,-0.3333333333333333,0.135,-1,-1,-1,0.356862745098039,0.694117647058824,0.803921568627451
113.31643724441528,0.0,0.024675277749412614,0.03,1,1,1,0.0,0.3333333333333333,0.12150000000000001,-1,-1,-1,1.0,1.0,-1.0,0.0,-0.3333333333333333,0.135,-1,-1,-1,0.356862745098039,0.694117647058824,0.803921568627451
113.35111403465271,0.0,0.024489543232525307,0.03,1,1,1,0.0,0.3333333333333333,0.12150000000000001,-1,-1,-1,1.0,1.0,-1.0,0.0,-0.3333333333333333,0.135,-1,-1,-1,0.356862745098039,0.694117647058824,0.803921568627451
113.38583135604858,0.0,0.024303808715638,0.03,1,1,1,0.0,0.3333333333333333,0.12150000000000001,-1,-1,-1,1.0,1.0,-1.0,0.0,-0.3333333333333333,0.135,-1,-1,-1,0.356862745098039,0.694117647058824,0.803921568627451
113.42030739784241,0.0,0.024118074198750693,0.03,1,1,1,0.0,0.3333333333333333,0.12150000000000001,-1,-1,-1,1.0,1.0,-1.0,0.0,-0.3333333333333333,0.135,-1,-1,-1,0.356862745098039,0.694117647058824,0.803921568627451
113.45530319213867,0.0,0.023932339681863386,0.03,1,1,1,0.0,0.3333333333333333,0.12150000000000001,-1,-1,-1,1.0,1.0,-1.0,0.0,-0.3333333333333333,0.135,-1,-1,-1,0.356862745098039,0.694117647058824,0.803921568627451
113.48991560935974,0.0,0.02374660516497608,0.03,1,1,1,0.0,0.3333333333333333,0.12150000000000001,-1,-1,-1,1.0,1.0,-1.0,0.0,-0.3333333333333333,0.135,-1,-1,-1,0.356862745098039,0.694117647058824,0.803921568627451
113.52477645874023,0.0,0.02356087064808877,0.03,1,1,1,0.0,0.3333333333333333,0.12150000000000001,-1,-1,-1,1.0,1.0,-1.0,0.0,-0.3333333333333333,0.135,-1,-1,-1,0.356862745098039,0.694117647058824,0.803921568627451
113.55989098548889,0.0,0.023375136131201464,0.03,1,1,1,0.0,0.3333333333333333,0.12150000000000001,-1,-1,-1,1.0,1.0,-1.0,0.0,-0.3333333333333333,0.135,-1,-1,-1,0.356862745098039,0.694117647058824,0.803921568627451
113.59446883201599,0.0,0.023189401614314157,0.03,1,1,1,0.0,0.3333333333333333,0.12150000000000001,-1,-1,-1,1.0,1.0,-1.0,0.0,-0.3333333333333333,0.135,-1,-1,-1,0.356862745098039,0.694117647058824,0.803921568627451
113.62871599197388,0.0,0.02300366709742685,0.03,1,1,1,0.0,0.3333333333333333,0.12150000000000001,-1,-1,-1,1.0,1.0,-1.0,0.0,-0.3333333333333333,0.135,-1,-1,-1,0.356862745098039,0.694117647058824,0.803921568627451
113.66363978385925,0.0,0.022817932580539543,0.03,1,1,1,0.0,0.3333333333333333,0.12150000000000001,-1,-1,-1,1.0,1.0,-1.0,0.0,-0.3333333333333333,0.135,-1,-1,-1,0.356862745098039,0.694117647058824,0.803921568627451
113.69846558570862,0.0,0.022632198063652235,0.03,1,1,1,0.0,0.3333333333333333,0.12150000000000001,-1,-1,-1,1.0,1.0,-1.0,0.0,-0.3333333333333333,0.135,-1,-1,-1,0.356862745098039,0.694117647058824,0.803921568627451
113.73318076133728,0.0,0.02244646354676493,0.03,1,1,1,0.0,0.3333333333333333,0.12150000000000001,-1,-1,-1,1.0,1.0,-1.0,0.0,-0.3333333333333333,0.135,-1,-1,-1,0.356862745098039,0.694117647058824,0.803921568627451
113.76784539222717,0.0,0.02226072902987762,0.03,1,1,1,0.0,0.3333333333333333,0.12150000000000001,-1,-1,-1,1.0,1.0,-1.0,0.0,-0.3333333333333333,0.135,-1,-1,-1,0.356862745098039,0.694117647058824,0.803921568627451
113.80243039131165,0.0,0.022074994512990314,0.03,1,1,1,0.0,0.3333333333333333,0.12150000000000001,-1,-1,-1,1.0,1.0,-1.0,0.0,-0.3333333333333333,0.135,-1,-1,-1,0.356862745098039,0.694117647058824,0.803921568627451
113.83733701705933,0.0,0.021889259996103007,0.03,1,1,1,0.0,0.3333333333333333,0.12150000000000001,-1,-1,-1,1.0,1.0,-1.0,0.0,-0.3333333333333333,0.135,-1,-1,-1,0.356862745098039,0.694117647058824,0.803921568627451
113.87191867828369,0.0,0.0217035254792157,0.03,1,1,1,0.0,0.3333333333333333,0.12150000000000001,-1,-1,-1,1.0,1.0,-1.0,0.0,-0.3333333333333333,0.135,-1,-1,-1,0.356862745098039,0.694117647058824,0.803921568627451
113.90664315223694,0.0,0.021517790962328393,0.03,1,1,1,0.0,0.3333333333333333,0.12150000000000001,-1,-1,-1,1.0,1.0,-1.0,0.0,-0.3333333333333333,0.135,-1,-1,-1,0.356862745098039,0.694117647058824,0.803921568627451
113.94145464897156,0.0,0.021332056445441085,0.03,1,1,1,0.0,0.3333333333333333,0.12150000000000001,-1,-1,-1,1.0,1.0,-1.0,0.0,-0.3333333333333333,0.135,-1,-1,-1,0.356862745098039,0.694117647058824,0.803921568627451
113.9761209487915,0.0,0.021146321928553778,0.03,1,1,1,0.0,0.3333333333333333,0.12150000000000001,-1,-1,-1,1.0,1.0,-1.0,0.0,-0.3333333333333333,0.135,-1,-1,-1,0.356862745098039,0.694117647058824,0.803921568627451
114.01088666915894,0.0,0.02096058741166647,0.03,1,1,1,0.0,0.3333333333333333,0.12150000000000001,-1,-1,-1,1.0,1.0,-1.0,0.0,-0.3333333333333333,0.135,-1,-1,-1,0.356862745098039,0.694117647058824,0.803921568627451
114.0453999042511,0.0,0.020774852894779164,0.03,1,1,1,0.0,0.3333333333333333,0.12150000000000001,-1,-1,-1,1.0,1.0,-1.0,0.0,-0.3333333333333333,0.135,-1,-1,-1,0.356862745098039,0.694117647058824,0.803921568627451
114.07994771003723,0.0,0.020589118377891857,0.03,1,1,1,0.0,0.3333333333333333,0.12150000000000001,-1,-1,-1,1.0,1.0,-1.0,0.0,-0.3333333333333333,0.135,-1,-1,-1,0.356862745098039,0.694117647058824,0.803921568627451
114.11449837684631,0.0,0.02040338386100455,0.03,1,1,1,0.0,0.3333333333333333,0.12150000000000001,-1,-1,-1,1.0,1.0,-1.0,0.0,-0.3333333333333333,0.135,-1,-1,-1,0.356862745098039,0.694117647058824,0.803921568627451
114.14916014671326,0.0,0.020217649344117242,0.03,1,1,1,0.0,0.3333333333333333,0.12150000000000001,-1,-1,-1,1.0,1.0,-1.0,0.0,-0.3333333333333333,0.135,-1,-1,-1,0.356862745098039,0.694117647058824,0.803921568627451
114.18393301963806,0.0,0.020031914827229935,0.03,1,1,1,0.0,0.3333333333333333,0.12150000000000001,-1,-1,-1,1.0,1.0,-1.0,0.0,-0.3333333333333333,0.135,-1,-1,-1,0.356862745098039,0.694117647058824,0.803921568627451
114.21862840652466,0.0,0.019846180310342628,0.03,1,1,1,0.0,0.3333333333333333,0.12150000000000001,-1,-1,-1,1.0,1.0,-1.0,0.0,-0.3333333333333333,0.135,-1,-1,-1,0.356862745098039,0.694117647058824,0.803921568627451
114.25348114967346,0.0,0.019734739600210244,0.03,1,1,1,0.0,0.3333333333333333,0.12150000000000001,-1,-1,-1,1.0,1.0,-1.0,0.0,-0.3333333333333333,0.135,-1,-1,-1,0.356862745098039,0.694117647058824,0.803921568627451
114.28816437721252,0.0,0.019734739600210244,0.03,1,1,1,0.0,0.3333333333333333,0.12150000000000001,-1,-1,-1,1.0,1.0,-1.0,0.0,-0.3333333333333333,0.135,-1,-1,-1,0.356862745098039,0.694117647058824,0.803921568627451
114.32306456565857,0.0,0.019734739600210244,0.03,1,1,1,0.0,0.3333333333333333,0.12150000000000001,-1,-1,-1,1.0,1.0,-1.0,0.0,-0.3333333333333333,0.135,-1,-1,-1,0.356862745098039,0.694117647058824,0.803921568627451
114.3580071926117,0.0,0.019734739600210244,0.03,1,1,1,0.0,0.3333333333333333,0.12150000000000001,-1,-1,-1,1.0,1.0,-1.0,0.0,-0.3333333333333333,0.135,-1,-1,-1,0.356862745098039,0.694117647058824,0.803921568627451
114.39233088493347,0.0,0.019734739600210244,0.03,1,1,1,0.0,0.3333333333333333,0.12150000000000001,-1,-1,-1,1.0,1.0,-1.0,0.0,-0.3333333333333333,0.135,-1,-1,-1,0.356862745098039,0.694117647058824,0.803921568627451
114.42709970474243,0.0,0.019734739600210244,0.03,1,1,1,0.0,0.3333333333333333,0.12150000000000001,-1,-1,-1,1.0,1.0,-1.0,0.0,-0.3333333333333333,0.135,-1,-1,-1,0.356862745098039,0.694117647058824,0.803921568627451
114.46178555488586,0.0,0.019734739600210244,0.03,1,1,1,0.0,0.3333333333333333,0.12150000000000001,-1,-1,-1,1.0,1.0,-1.0,0.0,-0.3333333333333333,0.135,-1,-1,-1,0.356862745098039,0.694117647058824,0.803921568627451
114.49604511260986,0.0,0.019734739600210244,0.03,1,1,1,0.0,0.3333333333333333,0.12150000000000001,-1,-1,-1,1.0,1.0,-1.0,0.0,-0.3333333333333333,0.135,-1,-1,-1,0.356862745098039,0.694117647058824,0.803921568627451
114.53105974197388,0.0,0.019734739600210244,0.03,1,1,1,0.0,0.3333333333333333,0.12150000000000001,-1,-1,-1,1.0,1.0,-1.0,0.0,-0.3333333333333333,0.135,-1,-1,-1,0.356862745098039,0.694117647058824,0.803921568627451
114.56606793403625,0.0,0.019734739600210244,0.03,1,1,1,0.0,0.3333333333333333,0.12150000000000001,-1,-1,-1,1.0,1.0,-1.0,0.0,-0.3333333333333333,0.135,-1,-1,-1,0.356862745098039,0.694117647058824,0.803921568627451
114.60066843032837,0.0,0.019734739600210244,0.03,1,1,1,0.0,0.3333333333333333,0.12150000000000001,-1,-1,-1,1.0,1.0,-1.0,0.0,-0.3333333333333333,0.135,-1,-1,-1,0.356862745098039,0.694117647058824,0.803921568627451
114.63504934310913,0.0,0.019734739600210244,0.03,1,1,1,0.0,0.3333333333333333,0.12150000000000001,-1,-1,-1,1.0,1.0,-1.0,0.0,-0.3333333333333333,0.135,-1,-1,-1,0.356862745098039,0.694117647058824,0.803921568627451
114.6696228981018,0.0,0.019734739600210244,0.03,1,1,1,0.0,0.3333333333333333,0.12150000000000001,-1,-1,-1,1.0,1.0,-1.0,0.0,-0.3333333333333333,0.135,-1,-1,-1,0.356862745098039,0.694117647058824,0.803921568627451
114.70445537567139,0.0,0.019734739600210244,0.03,1,1,1,0.0,0.3333333333333333,0.12150000000000001,-1,-1,-1,1.0,1.0,-1.0,0.0,-0.3333333333333333,0.135,-1,-1,-1,0.356862745098039,0.694117647058824,0.803921568627451
114.73961782455444,0.0,0.019734739600210244,0.03,1,1,1,0.0,0.3333333333333333,0.12150000000000001,-1,-1,-1,1.0,1.0,-1.0,0.0,-0.3333333333333333,0.135,-1,-1,-1,0.356862745098039,0.694117647058824,0.803921568627451
114.77333116531372,0.0,0.019734739600210244,0.03,1,1,1,0.0,0.3333333333333333,0.12150000000000001,-1,-1,-1,1.0,1.0,-1.0,0.0,-0.3333333333333333,0.135,-1,-1,-1,0.356862745098039,0.694117647058824,0.803921568627451
114.80826616287231,0.0,0.019734739600210244,0.03,1,1,1,0.0,0.3333333333333333,0.12150000000000001,-1,-1,-1,1.0,1.0,-1.0,0.0,-0.3333333333333333,0.135,-1,-1,-1,0.356862745098039,0.694117647058824,0.803921568627451
114.8430745601654,0.0,0.019734739600210244,0.03,1,1,1,0.0,0.3333333333333333,0.12150000000000001,-1,-1,-1,1.0,1.0,-1.0,0.0,-0.3333333333333333,0.135,-1,-1,-1,0.356862745098039,0.694117647058824,0.803921568627451
114.87841176986694,0.0,0.019734739600210244,0.03,1,1,1,0.0,0.3333333333333333,0.12150000000000001,-1,-1,-1,1.0,1.0,-1.0,0.0,-0.3333333333333333,0.135,-1,-1,-1,0.356862745098039,0.694117647058824,0.803921568627451
114.91341090202332,0.0,0.019734739600210244,0.03,1,1,1,0.0,0.3333333333333333,0.12150000000000001,-1,-1,-1,1.0,1.0,-1.0,0.0,-0.3333333333333333,0.135,-1,-1,-1,0.356862745098039,0.694117647058824,0.803921568627451
114.95554280281067,0.0,0.019734739600210244,0.03,1,1,1,0.0,0.3333333333333333,0.12150000000000001,-1,-1,-1,1.0,1.0,-1.0,0.0,-0.3333333333333333,0.135,-1,-1,-1,0.356862745098039,0.694117647058824,0.803921568627451
114.98968982696533,0.0,0.019734739600210244,0.03,1,1,1,0.0,0.3333333333333333,0.12150000000000001,-1,-1,-1,1.0,1.0,-1.0,0.0,-0.3333333333333333,0.135,-1,-1,-1,0.356862745098039,0.694117647058824,0.803921568627451
115.02442359924316,0.0,0.019734739600210244,0.03,1,1,1,0.0,0.3333333333333333,0.12150000000000001,-1,-1,-1,1.0,1.0,-1.0,0.0,-0.3333333333333333,0.135,-1,-1,-1,0.356862745098039,0.694117647058824,0.803921568627451
115.05952000617981,0.0,0.019734739600210244,0.03,1,1,1,0.0,0.3333333333333333,0.12150000000000001,-1,-1,-1,1.0,1.0,-1.0,0.0,-0.3333333333333333,0.135,-1,-1,-1,0.356862745098039,0.694117647058824,0.803921568627451
115.09394717216492,0.0,0.019734739600210244,0.03,1,1,1,0.0,0.3333333333333333,0.12150000000000001,-1,-1,-1,1.0,1.0,-1.0,0.0,-0.3333333333333333,0.135,-1,-1,-1,0.356862745098039,0.694117647058824,0.803921568627451
115.12853789329529,0.0,0.019734739600210244,0.03,1,1,1,0.0,0.3333333333333333,0.12150000000000001,-1,-1,-1,1.0,1.0,-1.0,0.0,-0.3333333333333333,0.135,-1,-1,-1,0.356862745098039,0.694117647058824,0.803921568627451
115.16344809532166,0.0,0.019734739600210244,0.03,1,1,1,0.0,0.3333333333333333,0.12150000000000001,-1,-1,-1,1.0,1.0,-1.0,0.0,-0.3333333333333333,0.135,-1,-1,-1,0.356862745098039,0.694117647058824,0.803921568627451
115.19807076454163,0.0,0.019734739600210244,0.03,1,1,1,0.0,0.3333333333333333,0.12150000000000001,-1,-1,-1,1.0,1.0,-1.0,0.0,-0.3333333333333333,0.135,-1,-1,-1,0.356862745098039,0.694117647058824,0.803921568627451
115.23315000534058,0.0,0.019734739600210244,0.03,1,1,1,0.0,0.3333333333333333,0.12150000000000001,-1,-1,-1,1.0,1.0,-1.0,0.0,-0.3333333333333333,0.135,-1,-1,-1,0.356862745098039,0.694117647058824,0.803921568627451
115.2674469947815,0.0,0.019734739600210244,0.03,1,1,1,0.0,0.3333333333333333,0.12150000000000001,-1,-1,-1,1.0,1.0,-1.0,0.0,-0.3333333333333333,0.135,-1,-1,-1,0.356862745098039,0.694117647058824,0.803921568627451
115.30210304260254,0.0,0.019734739600210244,0.03,1,1,1,0.0,0.3333333333333333,0.12150000000000001,-1,-1,-1,1.0,1.0,-1.0,0.0,-0.3333333333333333,0.135,-1,-1,-1,0.356862745098039,0.694117647058824,0.803921568627451
115.33685398101807,0.0,0.019734739600210244,0.03,1,1,1,0.0,0.3333333333333333,0.12150000000000001,-1,-1,-1,1.0,1.0,-1.0,0.0,-0.3333333333333333,0.135,-1,-1,-1,0.356862745098039,0.694117647058824,0.803921568627451
115.37158417701721,0.0,0.019734739600210244,0.03,1,1,1,0.0,0.3333333333333333,0.12150000000000001,-1,-1,-1,1.0,1.0,-1.0,0.0,-0.3333333333333333,0.135,-1,-1,-1,0.356862745098039,0.694117647058824,0.803921568627451
115.40626406669617,0.0,0.019734739600210244,0.03,1,1,1,0.0,0.3333333333333333,0.12150000000000001,-1,-1,-1,1.0,1.0,-1.0,0.0,-0.3333333333333333,0.135,-1,-1,-1,0.356862745098039,0.694117647058824,0.803921568627451
115.44105792045593,0.0,0.019734739600210244,0.03,1,1,1,0.0,0.3333333333333333,0.12150000000000001,-1,-1,-1,1.0,1.0,-1.0,0.0,-0.3333333333333333,0.135,-1,-1,-1,0.356862745098039,0.694117647058824,0.803921568627451
115.47648859024048,0.0,0.019783888399171265,0.03,1,1,1,0.0,0.3333333333333333,0.12150000000000001,-1,-1,-1,1.0,1.0,-1.0,0.0,-0.3333333333333333,0.135,-1,-1,-1,0.356862745098039,0.694117647058824,0.803921568627451
115.51063370704651,0.0,0.019833037198132286,0.03,1,1,1,0.0,0.3333333333333333,0.12150000000000001,-1,-1,-1,1.0,1.0,-1.0,0.0,-0.3333333333333333,0.135,-1,-1,-1,0.356862745098039,0.694117647058824,0.803921568627451
115.54499506950378,0.0,0.019882185997093307,0.03,1,1,1,0.0,0.3333333333333333,0.12150000000000001,-1,-1,-1,1.0,1.0,-1.0,0.0,-0.3333333333333333,0.135,-1,-1,-1,0.356862745098039,0.694117647058824,0.803921568627451
115.57976150512695,0.0,0.01993133479605433,0.03,1,1,1,0.0,0.3333333333333333,0.12150000000000001,-1,-1,-1,1.0,1.0,-1.0,0.0,-0.3333333333333333,0.135,-1,-1,-1,0.356862745098039,0.694117647058824,0.803921568627451
115.61449861526489,0.0,0.01998048359501535,0.03,1,1,1,0.0,0.3333333333333333,0.12150000000000001,-1,-1,-1,1.0,1.0,-1.0,0.0,-0.3333333333333333,0.135,-1,-1,-1,0.356862745098039,0.694117647058824,0.803921568627451
115.6490638256073,0.0,0.02002963239397637,0.03,1,1,1,0.0,0.3333333333333333,0.12150000000000001,-1,-1,-1,1.0,1.0,-1.0,0.0,-0.3333333333333333,0.135,-1,-1,-1,0.356862745098039,0.694117647058824,0.803921568627451
115.68417453765869,0.0,0.020078781192937392,0.03,1,1,1,0.0,0.3333333333333333,0.12150000000000001,-1,-1,-1,1.0,1.0,-1.0,0.0,-0.3333333333333333,0.135,-1,-1,-1,0.356862745098039,0.694117647058824,0.803921568627451
115.71868562698364,0.0,0.020127929991898413,0.03,1,1,1,0.0,0.3333333333333333,0.12150000000000001,-1,-1,-1,1.0,1.0,-1.0,0.0,-0.3333333333333333,0.135,-1,-1,-1,0.356862745098039,0.694117647058824,0.803921568627451
115.75324130058289,0.0,0.020177078790859435,0.03,1,1,1,0.0,0.3333333333333333,0.12150000000000001,-1,-1,-1,1.0,1.0,-1.0,0.0,-0.3333333333333333,0.135,-1,-1,-1,0.356862745098039,0.694117647058824,0.803921568627451
115.78825879096985,0.0,0.020226227589820456,0.03,1,1,1,0.0,0.3333333333333333,0.12150000000000001,-1,-1,-1,1.0,1.0,-1.0,0.0,-0.3333333333333333,0.135,-1,-1,-1,0.356862745098039,0.694117647058824,0.803921568627451
115.82343196868896,0.0,0.020275376388781477,0.03,1,1,1,0.0,0.3333333333333333,0.12150000000000001,-1,-1,-1,1.0,1.0,-1.0,0.0,-0.3333333333333333,0.135,-1,-1,-1,0.356862745098039,0.694117647058824,0.803921568627451
115.85753107070923,0.0,0.020324525187742498,0.03,1,1,1,0.0,0.3333333333333333,0.12150000000000001,-1,-1,-1,1.0,1.0,-1.0,0.0,-0.3333333333333333,0.135,-1,-1,-1,0.356862745098039,0.694117647058824,0.803921568627451
115.89179992675781,0.0,0.02037367398670352,0.03,1,1,1,0.0,0.3333333333333333,0.12150000000000001,-1,-1,-1,1.0,1.0,-1.0,0.0,-0.3333333333333333,0.135,-1,-1,-1,0.356862745098039,0.694117647058824,0.803921568627451
115.92666268348694,0.0,0.02042282278566454,0.03,1,1,1,0.0,0.3333333333333333,0.12150000000000001,-1,-1,-1,1.0,1.0,-1.0,0.0,-0.3333333333333333,0.135,-1,-1,-1,0.356862745098039,0.694117647058824,0.803921568627451
115.96165800094604,0.0,0.020471971584625562,0.03,1,1,1,0.0,0.3333333333333333,0.12150000000000001,-1,-1,-1,1.0,1.0,-1.0,0.0,-0.3333333333333333,0.135,-1,-1,-1,0.356862745098039,0.694117647058824,0.803921568627451
115.99646401405334,0.0,0.020521120383586583,0.03,1,1,1,0.0,0.3333333333333333,0.12150000000000001,-1,-1,-1,1.0,1.0,-1.0,0.0,-0.3333333333333333,0.135,-1,-1,-1,0.356862745098039,0.694117647058824,0.803921568627451
116.03112983703613,0.0,0.020570269182547604,0.03,1,1,1,0.0,0.3333333333333333,0.12150000000000001,-1,-1,-1,1.0,1.0,-1.0,0.0,-0.3333333333333333,0.135,-1,-1,-1,0.356862745098039,0.694117647058824,0.803921568627451
116.06626987457275,0.0,0.020619417981508625,0.03,1,1,1,0.0,0.3333333333333333,0.12150000000000001,-1,-1,-1,1.0,1.0,-1.0,0.0,-0.3333333333333333,0.135,-1,-1,-1,0.356862745098039,0.694117647058824,0.803921568627451
116.1010193824768,0.0,0.020668566780469647,0.03,1,1,1,0.0,0.3333333333333333,0.12150000000000001,-1,-1,-1,1.0,1.0,-1.0,0.0,-0.3333333333333333,0.135,-1,-1,-1,0.356862745098039,0.694117647058824,0.803921568627451
116.13562226295471,0.0,0.020717715579430668,0.03,1,1,1,0.0,0.3333333333333333,0.12150000000000001,-1,-1,-1,1.0,1.0,-1.0,0.0,-0.3333333333333333,0.135,-1,-1,-1,0.356862745098039,0.694117647058824,0.803921568627451
116.17045211791992,0.0,0.02076686437839169,0.03,1,1,1,0.0,0.3333333333333333,0.12150000000000001,-1,-1,-1,1.0,1.0,-1.0,0.0,-0.3333333333333333,0.135,-1,-1,-1,0.356862745098039,0.694117647058824,0.803921568627451
116.20528483390808,0.0,0.02081601317735271,0.03,1,1,1,0.0,0.3333333333333333,0.12150000000000001,-1,-1,-1,1.0,1.0,-1.0,0.0,-0.3333333333333333,0.135,-1,-1,-1,0.356862745098039,0.694117647058824,0.803921568627451
116.23985147476196,0.0,0.02086516197631373,0.03,1,1,1,0.0,0.3333333333333333,0.12150000000000001,-1,-1,-1,1.0,1.0,-1.0,0.0,-0.3333333333333333,0.135,-1,-1,-1,0.356862745098039,0.694117647058824,0.803921568627451
116.27462434768677,0.0,0.020914310775274753,0.03,1,1,1,0.0,0.3333333333333333,0.12150000000000001,-1,-1,-1,1.0,1.0,-1.0,0.0,-0.3333333333333333,0.135,-1,-1,-1,0.356862745098039,0.694117647058824,0.803921568627451
116.30941462516785,0.0,0.020963459574235774,0.03,1,1,1,0.0,0.3333333333333333,0.12150000000000001,-1,-1,-1,1.0,1.0,-1.0,0.0,-0.3333333333333333,0.135,-1,-1,-1,0.356862745098039,0.694117647058824,0.803921568627451
116.34400773048401,0.0,0.021012608373196795,0.03,1,1,1,0.0,0.3333333333333333,0.12150000000000001,-1,-1,-1,1.0,1.0,-1.0,0.0,-0.3333333333333333,0.135,-1,-1,-1,0.356862745098039,0.694117647058824,0.803921568627451
116.37871766090393,0.0,0.021061757172157816,0.03,1,1,1,0.0,0.3333333333333333,0.12150000000000001,-1,-1,-1,1.0,1.0,-1.0,0.0,-0.3333333333333333,0.135,-1,-1,-1,0.356862745098039,0.694117647058824,0.803921568627451
116.41328191757202,0.0,0.021110905971118837,0.03,1,1,1,0.0,0.3333333333333333,0.12150000000000001,-1,-1,-1,1.0,1.0,-1.0,0.0,-0.3333333333333333,0.135,-1,-1,-1,0.356862745098039,0.694117647058824,0.803921568627451
116.4482626914978,0.0,0.02116005477007986,0.03,1,1,1,0.0,0.3333333333333333,0.12150000000000001,-1,-1,-1,1.0,1.0,-1.0,0.0,-0.3333333333333333,0.135,-1,-1,-1,0.356862745098039,0.694117647058824,0.803921568627451
116.48329877853394,0.0,0.02120920356904088,0.03,1,1,1,0.0,0.3333333333333333,0.12150000000000001,-1,-1,-1,1.0,1.0,-1.0,0.0,-0.3333333333333333,0.135,-1,-1,-1,0.356862745098039,0.694117647058824,0.803921568627451
116.51805520057678,0.0,0.0212583523680019,0.03,1,1,1,0.0,0.3333333333333333,0.12150000000000001,-1,-1,-1,1.0,1.0,-1.0,0.0,-0.3333333333333333,0.135,-1,-1,-1,0.356862745098039,0.694117647058824,0.803921568627451
116.55191206932068,0.0,0.021307501166962922,0.03,1,1,1,0.0,0.3333333333333333,0.12150000000000001,-1,-1,-1,1.0,1.0,-1.0,0.0,-0.3333333333333333,0.135,-1,-1,-1,0.356862745098039,0.694117647058824,0.803921568627451
116.58664917945862,0.0,0.021356649965923943,0.03,1,1,1,0.0,0.3333333333333333,0.12150000000000001,-1,-1,-1,1.0,1.0,-1.0,0.0,-0.3333333333333333,0.135,-1,-1,-1,0.356862745098039,0.694117647058824,0.803921568627451
116.6216459274292,0.0,0.021405798764884965,0.03,1,1,1,0.0,0.3333333333333333,0.12150000000000001,-1,-1,-1,1.0,1.0,-1.0,0.0,-0.3333333333333333,0.135,-1,-1,-1,0.356862745098039,0.694117647058824,0.803921568627451
116.65594053268433,0.0,0.021959596661709033,0.03,1,1,1,0.0,0.3333333333333333,0.12150000000000001,-1,-1,-1,1.0,1.0,-1.0,0.0,-0.3333333333333333,0.135,-1,-1,-1,0.356862745098039,0.694117647058824,0.803921568627451
116.69105744361877,0.0,0.02327036820532767,0.03,1,1,1,0.0,0.3333333333333333,0.12150000000000001,-1,-1,-1,1.0,1.0,-1.0,0.0,-0.3333333333333333,0.135,-1,-1,-1,0.356862745098039,0.694117647058824,0.803921568627451
116.72558879852295,0.0,0.02458113974894631,0.03,1,1,1,0.0,0.3333333333333333,0.12150000000000001,-1,-1,-1,1.0,1.0,-1.0,0.0,-0.3333333333333333,0.135,-1,-1,-1,0.356862745098039,0.694117647058824,0.803921568627451
116.76025581359863,0.0,0.025891911292564948,0.03,1,1,1,0.0,0.3333333333333333,0.12150000000000001,-1,-1,-1,1.0,1.0,-1.0,0.0,-0.3333333333333333,0.135,-1,-1,-1,0.356862745098039,0.694117647058824,0.803921568627451
116.7950177192688,0.0,0.027202682836183587,0.03,1,1,1,0.0,0.3333333333333333,0.12150000000000001,-1,-1,-1,1.0,1.0,-1.0,0.0,-0.3333333333333333,0.135,-1,-1,-1,0.356862745098039,0.694117647058824,0.803921568627451
116.82974314689636,0.0,0.028513454379802225,0.03,1,1,1,0.0,0.3333333333333333,0.12150000000000001,-1,-1,-1,1.0,1.0,-1.0,0.0,-0.3333333333333333,0.135,-1,-1,-1,0.356862745098039,0.694117647058824,0.803921568627451
116.86416625976562,0.0,0.02982422592342086,0.03,1,1,1,0.0,0.3333333333333333,0.12150000000000001,-1,-1,-1,1.0,1.0,-1.0,0.0,-0.3333333333333333,0.135,-1,-1,-1,0.356862745098039,0.694117647058824,0.803921568627451
116.89901089668274,0.0,0.0311349974670395,0.03,1,1,1,0.0,0.3333333333333333,0.12150000000000001,-1,-1,-1,1.0,1.0,-1.0,0.0,-0.3333333333333333,0.135,-1,-1,-1,0.356862745098039,0.694117647058824,0.803921568627451
116.93397259712219,0.0,0.03244576901065813,0.03,1,1,1,0.0,0.3333333333333333,0.12150000000000001,-1,-1,-1,1.0,1.0,-1.0,0.0,-0.3333333333333333,0.135,-1,-1,-1,0.356862745098039,0.694117647058824,0.803921568627451
116.9682207107544,0.0,0.03375654055427677,0.03,1,1,1,0.0,0.3333333333333333,0.12150000000000001,-1,-1,-1,1.0,1.0,-1.0,0.0,-0.3333333333333333,0.135,-1,-1,-1,0.356862745098039,0.694117647058824,0.803921568627451
117.00299644470215,0.0,0.03506731209789541,0.03,1,1,1,0.0,0.3333333333333333,0.12150000000000001,-1,-1,-1,1.0,1.0,-1.0,0.0,-0.3333333333333333,0.135,-1,-1,-1,0.356862745098039,0.694117647058824,0.803921568627451
117.03867530822754,0.0,0.03637808364151405,0.03,1,1,1,0.0,0.3333333333333333,0.12150000000000001,-1,-1,-1,1.0,1.0,-1.0,0.0,-0.3333333333333333,0.135,-1,-1,-1,0.356862745098039,0.694117647058824,0.803921568627451
117.07326316833496,0.0,0.03768885518513269,0.03,1,1,1,0.0,0.3333333333333333,0.12150000000000001,-1,-1,-1,1.0,1.0,-1.0,0.0,-0.3333333333333333,0.135,-1,-1,-1,0.356862745098039,0.694117647058824,0.803921568627451
117.10803389549255,0.0,0.038999626728751326,0.03,1,1,1,0.0,0.3333333333333333,0.12150000000000001,-1,-1,-1,1.0,1.0,-1.0,0.0,-0.3333333333333333,0.135,-1,-1,-1,0.356862745098039,0.694117647058824,0.803921568627451
117.14164757728577,0.0,0.040310398272369964,0.03,1,1,1,0.0,0.3333333333333333,0.12150000000000001,-1,-1,-1,1.0,1.0,-1.0,0.0,-0.3333333333333333,0.135,-1,-1,-1,0.356862745098039,0.694117647058824,0.803921568627451
117.17751002311707,0.0,0.0416211698159886,0.03,1,1,1,0.0,0.3333333333333333,0.12150000000000001,-1,-1,-1,1.0,1.0,-1.0,0.0,-0.3333333333333333,0.135,-1,-1,-1,0.356862745098039,0.694117647058824,0.803921568627451
117.21155953407288,0.0,0.04293194135960724,0.03,1,1,1,0.0,0.3333333333333333,0.12150000000000001,-1,-1,-1,1.0,1.0,-1.0,0.0,-0.3333333333333333,0.135,-1,-1,-1,0.356862745098039,0.694117647058824,0.803921568627451
117.24621629714966,0.0,0.04424271290322588,0.03,1,1,1,0.0,0.3333333333333333,0.12150000000000001,-1,-1,-1,1.0,1.0,-1.0,0.0,-0.3333333333333333,0.135,-1,-1,-1,0.356862745098039,0.694117647058824,0.803921568627451
117.28144431114197,0.0,0.04555348444684452,0.03,1,1,1,0.0,0.3333333333333333,0.12150000000000001,-1,-1,-1,1.0,1.0,-1.0,0.0,-0.3333333333333333,0.135,-1,-1,-1,0.356862745098039,0.694117647058824,0.803921568627451
117.31575155258179,0.0,0.046864255990463156,0.03,1,1,1,0.0,0.3333333333333333,0.12150000000000001,-1,-1,-1,1.0,1.0,-1.0,0.0,-0.3333333333333333,0.135,-1,-1,-1,0.356862745098039,0.694117647058824,0.803921568627451
117.35006427764893,0.0,0.048175027534081795,0.03,1,1,1,0.0,0.3333333333333333,0.12150000000000001,-1,-1,-1,1.0,1.0,-1.0,0.0,-0.3333333333333333,0.135,-1,-1,-1,0.356862745098039,0.694117647058824,0.803921568627451
117.38478183746338,0.0,0.04948579907770043,0.03,1,1,1,0.0,0.3333333333333333,0.12150000000000001,-1,-1,-1,1.0,1.0,-1.0,0.0,-0.3333333333333333,0.135,-1,-1,-1,0.356862745098039,0.694117647058824,0.803921568627451
117.41953325271606,0.0,0.05079657062131907,0.03,1,1,1,0.0,0.3333333333333333,0.12150000000000001,-1,-1,-1,1.0,1.0,-1.0,0.0,-0.3333333333333333,0.135,-1,-1,-1,0.356862745098039,0.694117647058824,0.803921568627451
117.45427656173706,0.0,0.05210734216493771,0.03,1,1,1,0.0,0.3333333333333333,0.12150000000000001,-1,-1,-1,1.0,1.0,-1.0,0.0,-0.3333333333333333,0.135,-1,-1,-1,0.356862745098039,0.694117647058824,0.803921568627451
117.48881936073303,0.0,0.05341811370855635,0.03,1,1,1,0.0,0.3333333333333333,0.12150000000000001,-1,-1,-1,1.0,1.0,-1.0,0.0,-0.3333333333333333,0.135,-1,-1,-1,0.356862745098039,0.694117647058824,0.803921568627451
117.5241687297821,0.0,0.05472888525217499,0.03,1,1,1,0.0,0.3333333333333333,0.12150000000000001,-1,-1,-1,1.0,1.0,-1.0,0.0,-0.3333333333333333,0.135,-1,-1,-1,0.356862745098039,0.694117647058824,0.803921568627451
117.55873465538025,0.0,0.056039656795793626,0.03,1,1,1,0.0,0.3333333333333333,0.12150000000000001,-1,-1,-1,1.0,1.0,-1.0,0.0,-0.3333333333333333,0.135,-1,-1,-1,0.356862745098039,0.694117647058824,0.803921568627451
117.59443593025208,0.0,0.057350428339412264,0.03,1,1,1,0.0,0.3333333333333333,0.12150000000000001,-1,-1,-1,1.0,1.0,-1.0,0.0,-0.3333333333333333,0.135,-1,-1,-1,0.356862745098039,0.694117647058824,0.803921568627451
117.6285195350647,0.0,0.0586611998830309,0.03,1,1,1,0.0,0.3333333333333333,0.12150000000000001,-1,-1,-1,1.0,1.0,-1.0,0.0,-0.3333333333333333,0.135,-1,-1,-1,0.356862745098039,0.694117647058824,0.803921568627451
117.66290020942688,0.0,0.05997197142664954,0.03,1,1,1,0.0,0.3333333333333333,0.12150000000000001,-1,-1,-1,1.0,1.0,-1.0,0.0,-0.3333333333333333,0.135,-1,-1,-1,0.356862745098039,0.694117647058824,0.803921568627451
117.69813585281372,0.0,0.061282742970268145,0.03,1,1,1,0.0,0.3333333333333333,0.12150000000000001,-1,-1,-1,1.0,1.0,-1.0,0.0,-0.3333333333333333,0.135,-1,-1,-1,0.356862745098039,0.694117647058824,0.803921568627451
117.73305153846741,0.0,0.06259351451388676,0.03,1,1,1,0.0,0.3333333333333333,0.12150000000000001,-1,-1,-1,1.0,1.0,-1.0,0.0,-0.3333333333333333,0.135,-1,-1,-1,0.356862745098039,0.694117647058824,0.803921568627451
117.7674548625946,0.0,0.0639042860575054,0.03,1,1,1,0.0,0.3333333333333333,0.12150000000000001,-1,-1,-1,1.0,1.0,-1.0,0.0,-0.3333333333333333,0.135,-1,-1,-1,0.356862745098039,0.694117647058824,0.803921568627451
117.80223369598389,0.0,0.06521505760112403,0.03,1,1,1,0.0,0.3333333333333333,0.12150000000000001,-1,-1,-1,1.0,1.0,-1.0,0.0,-0.3333333333333333,0.135,-1,-1,-1,0.356862745098039,0.694117647058824,0.803921568627451
117.83748626708984,0.0,0.06652582914474267,0.03,1,1,1,0.0,0.3333333333333333,0.12150000000000001,-1,-1,-1,1.0,1.0,-1.0,0.0,-0.3333333333333333,0.135,-1,-1,-1,0.356862745098039,0.694117647058824,0.803921568627451
117.87126755714417,0.0,0.0636410152918627,0.03,1,1,1,0.0,0.3333333333333333,0.12150000000000001,-1,-1,-1,1.0,1.0,-1.0,0.0,-0.3333333333333333,0.135,-1,-1,-1,0.356862745098039,0.694117647058824,0.803921568627451
117.90576505661011,0.0,0.059707305089858095,0.03,1,1,1,0.0,0.3333333333333333,0.12150000000000001,-1,-1,-1,1.0,1.0,-1.0,0.0,-0.3333333333333333,0.135,-1,-1,-1,0.356862745098039,0.694117647058824,0.803921568627451
117.94019913673401,0.0,0.0557735948878535,0.03,1,1,1,0.0,0.3333333333333333,0.12150000000000001,-1,-1,-1,1.0,1.0,-1.0,0.0,-0.3333333333333333,0.135,-1,-1,-1,0.356862745098039,0.694117647058824,0.803921568627451
117.97475099563599,0.0,0.05183988468584891,0.03,1,1,1,0.0,0.3333333333333333,0.12150000000000001,-1,-1,-1,1.0,1.0,-1.0,0.0,-0.3333333333333333,0.135,-1,-1,-1,0.356862745098039,0.694117647058824,0.803921568627451
118.00945830345154,0.0,0.047906174483844315,0.03,1,1,1,0.0,0.3333333333333333,0.12150000000000001,-1,-1,-1,1.0,1.0,-1.0,0.0,-0.3333333333333333,0.135,-1,-1,-1,0.356862745098039,0.694117647058824,0.803921568627451
118.04566311836243,0.0,0.04397246428183972,0.03,1,1,1,0.0,0.3333333333333333,0.12150000000000001,-1,-1,-1,1.0,1.0,-1.0,0.0,-0.3333333333333333,0.135,-1,-1,-1,0.356862745098039,0.694117647058824,0.803921568627451
118.07970070838928,0.0,0.04003875407983513,0.03,1,1,1,0.0,0.3333333333333333,0.12150000000000001,-1,-1,-1,1.0,1.0,-1.0,0.0,-0.3333333333333333,0.135,-1,-1,-1,0.356862745098039,0.694117647058824,0.803921568627451
118.11427140235901,0.0,0.036105043877830534,0.03,1,1,1,0.0,0.3333333333333333,0.12150000000000001,-1,-1,-1,1.0,1.0,-1.0,0.0,-0.3333333333333333,0.135,-1,-1,-1,0.356862745098039,0.694117647058824,0.803921568627451
118.14879369735718,0.0,0.03217133367582594,0.03,1,1,1,0.0,0.3333333333333333,0.12150000000000001,-1,-1,-1,1.0,1.0,-1.0,0.0,-0.3333333333333333,0.135,-1,-1,-1,0.356862745098039,0.694117647058824,0.803921568627451
118.18412899971008,0.0,0.02823762347382133,0.03,1,1,1,0.0,0.3333333333333333,0.12150000000000001,-1,-1,-1,1.0,1.0,-1.0,0.0,-0.3333333333333333,0.135,-1,-1,-1,0.356862745098039,0.694117647058824,0.803921568627451
118.21830916404724,0.0,0.02430391327181672,0.03,1,1,1,0.0,0.3333333333333333,0.12150000000000001,-1,-1,-1,1.0,1.0,-1.0,0.0,-0.3333333333333333,0.135,-1,-1,-1,0.356862745098039,0.694117647058824,0.803921568627451
118.25337362289429,0.0,0.020370203069812107,0.03,1,1,1,0.0,0.3333333333333333,0.12150000000000001,-1,-1,-1,1.0,1.0,-1.0,0.0,-0.3333333333333333,0.135,-1,-1,-1,0.356862745098039,0.694117647058824,0.803921568627451
118.2883813381195,0.0,0.016436492867807496,0.03,1,1,1,0.0,0.3333333333333333,0.12150000000000001,-1,-1,-1,1.0,1.0,-1.0,0.0,-0.3333333333333333,0.135,-1,-1,-1,0.356862745098039,0.694117647058824,0.803921568627451
118.32258129119873,0.0,0.012502782665802892,0.03,1,1,1,0.0,0.3333333333333333,0.12150000000000001,-1,-1,-1,1.0,1.0,-1.0,0.0,-0.3333333333333333,0.135,-1,-1,-1,0.356862745098039,0.694117647058824,0.803921568627451
118.35748052597046,0.0,0.00856907246379829,0.03,1,1,1,0.0,0.3333333333333333,0.12150000000000001,-1,-1,-1,1.0,1.0,-1.0,0.0,-0.3333333333333333,0.135,-1,-1,-1,0.356862745098039,0.694117647058824,0.803921568627451
118.3919825553894,0.0,0.004635362261793687,0.03,1,1,1,0.0,0.3333333333333333,0.12150000000000001,-1,-1,-1,1.0,1.0,-1.0,0.0,-0.3333333333333333,0.135,-1,-1,-1,0.356862745098039,0.694117647058824,0.803921568627451
118.42665481567383,0.0,0.0007016520597890843,0.03,1,1,1,0.0,0.3333333333333333,0.12150000000000001,-1,-1,-1,1.0,1.0,-1.0,0.0,-0.3333333333333333,0.135,-1,-1,-1,0.356862745098039,0.694117647058824,0.803921568627451
118.46139311790466,0.0,-0.0032320581422155183,0.03,1,1,1,0.0,0.3333333333333333,0.12150000000000001,-1,-1,-1,1.0,1.0,-1.0,0.0,-0.3333333333333333,0.135,-1,-1,-1,0.356862745098039,0.694117647058824,0.803921568627451
118.49630570411682,0.0,-0.007165768344220121,0.03,1,1,1,0.0,0.3333333333333333,0.12150000000000001,-1,-1,-1,1.0,1.0,-1.0,0.0,-0.3333333333333333,0.135,-1,-1,-1,0.356862745098039,0.694117647058824,0.803921568627451
118.53117823600769,0.0,-0.011099478546224723,0.03,1,1,1,0.0,0.3333333333333333,0.12150000000000001,-1,-1,-1,1.0,1.0,-1.0,0.0,-0.3333333333333333,0.135,-1,-1,-1,0.356862745098039,0.694117647058824,0.803921568627451
118.56553816795349,0.0,-0.015033188748229327,0.03,1,1,1,0.0,0.3333333333333333,0.12150000000000001,-1,-1,-1,1.0,1.0,-1.0,0.0,-0.3333333333333333,0.135,-1,-1,-1,0.356862745098039,0.694117647058824,0.803921568627451
118.60013365745544,0.0,-0.018966898950233936,0.03,1,1,1,0.0,0.3333333333333333,0.12150000000000001,-1,-1,-1,1.0,1.0,-1.0,0.0,-0.3333333333333333,0.135,-1,-1,-1,0.356862745098039,0.694117647058824,0.803921568627451
118.63498115539551,0.0,-0.022900609152238547,0.03,1,1,1,0.0,0.3333333333333333,0.12150000000000001,-1,-1,-1,1.0,1.0,-1.0,0.0,-0.3333333333333333,0.135,-1,-1,-1,0.356862745098039,0.694117647058824,0.803921568627451
118.66956281661987,0.0,-0.026834319354243158,0.03,1,1,1,0.0,0.3333333333333333,0.12150000000000001,-1,-1,-1,1.0,1.0,-1.0,0.0,-0.3333333333333333,0.135,-1,-1,-1,0.356862745098039,0.694117647058824,0.803921568627451
118.7045521736145,0.0,-0.03076802955624777,0.03,1,1,1,0.0,0.3333333333333333,0.12150000000000001,-1,-1,-1,1.0,1.0,-1.0,0.0,-0.3333333333333333,0.135,-1,-1,-1,0.356862745098039,0.694117647058824,0.803921568627451
118.7395350933075,0.0,-0.034701739758252366,0.03,1,1,1,0.0,0.3333333333333333,0.12150000000000001,-1,-1,-1,1.0,1.0,-1.0,0.0,-0.3333333333333333,0.135,-1,-1,-1,0.356862745098039,0.694117647058824,0.803921568627451
118.77371311187744,0.0,-0.03863544996025696,0.03,1,1,1,0.0,0.3333333333333333,0.12150000000000001,-1,-1,-1,1.0,1.0,-1.0,0.0,-0.3333333333333333,0.135,-1,-1,-1,0.356862745098039,0.694117647058824,0.803921568627451
118.80900239944458,0.0,-0.04256916016226155,0.03,1,1,1,0.0,0.3333333333333333,0.12150000000000001,-1,-1,-1,1.0,1.0,-1.0,0.0,-0.3333333333333333,0.135,-1,-1,-1,0.356862745098039,0.694117647058824,0.803921568627451
118.84346437454224,0.0,-0.04650287036426615,0.03,1,1,1,0.0,0.3333333333333333,0.12150000000000001,-1,-1,-1,1.0,1.0,-1.0,0.0,-0.3333333333333333,0.135,-1,-1,-1,0.356862745098039,0.694117647058824,0.803921568627451
118.87859511375427,0.0,-0.05043658056627074,0.03,1,1,1,0.0,0.3333333333333333,0.12150000000000001,-1,-1,-1,1.0,1.0,-1.0,0.0,-0.3333333333333333,0.135,-1,-1,-1,0.356862745098039,0.694117647058824,0.803921568627451
118.91298818588257,0.0,-0.054370290768275334,0.03,1,1,1,0.0,0.3333333333333333,0.12150000000000001,-1,-1,-1,1.0,1.0,-1.0,0.0,-0.3333333333333333,0.135,-1,-1,-1,0.356862745098039,0.694117647058824,0.803921568627451
118.94738507270813,0.0,-0.05830400097027993,0.03,1,1,1,0.0,0.3333333333333333,0.12150000000000001,-1,-1,-1,1.0,1.0,-1.0,0.0,-0.3333333333333333,0.135,-1,-1,-1,0.356862745098039,0.694117647058824,0.803921568627451
118.98249459266663,0.0,-0.0622377111722845,0.03,1,1,1,0.0,0.3333333333333333,0.12150000000000001,-1,-1,-1,1.0,1.0,-1.0,0.0,-0.3333333333333333,0.135,-1,-1,-1,0.356862745098039,0.694117647058824,0.803921568627451
119.01779818534851,0.0,-0.06617142137428912,0.03,1,1,1,0.0,0.3333333333333333,0.12150000000000001,-1,-1,-1,1.0,1.0,-1.0,0.0,-0.3333333333333333,0.135,-1,-1,-1,0.356862745098039,0.694117647058824,0.803921568627451
119.05359935760498,0.0,-0.06885079417616398,0.03,1,1,1,0.0,0.3333333333333333,0.12150000000000001,-1,-1,-1,1.0,1.0,-1.0,0.0,-0.3333333333333333,0.135,-1,-1,-1,0.356862745098039,0.694117647058824,0.803921568627451
119.08636522293091,0.0,-0.06651281737751975,0.03,1,1,1,0.0,0.3333333333333333,0.12150000000000001,-1,-1,-1,1.0,1.0,-1.0,0.0,-0.3333333333333333,0.135,-1,-1,-1,0.356862745098039,0.694117647058824,0.803921568627451
119.1213150024414,0.0,-0.06417484057887553,0.03,1,1,1,0.0,0.3333333333333333,0.12150000000000001,-1,-1,-1,1.0,1.0,-1.0,0.0,-0.3333333333333333,0.135,-1,-1,-1,0.356862745098039,0.694117647058824,0.803921568627451
119.15587735176086,0.0,-0.06183686378023131,0.03,1,1,1,0.0,0.3333333333333333,0.12150000000000001,-1,-1,-1,1.0,1.0,-1.0,0.0,-0.3333333333333333,0.135,-1,-1,-1,0.356862745098039,0.694117647058824,0.803921568627451
119.19016718864441,0.0,-0.05949888698158707,0.03,1,1,1,0.0,0.3333333333333333,0.12150000000000001,-1,-1,-1,1.0,1.0,-1.0,0.0,-0.3333333333333333,0.135,-1,-1,-1,0.356862745098039,0.694117647058824,0.803921568627451
119.22481966018677,0.0,-0.057160910182942844,0.03,1,1,1,0.0,0.3333333333333333,0.12150000000000001,-1,-1,-1,1.0,1.0,-1.0,0.0,-0.3333333333333333,0.135,-1,-1,-1,0.356862745098039,0.694117647058824,0.803921568627451
119.2595362663269,0.0,-0.05482293338429862,0.03,1,1,1,0.0,0.3333333333333333,0.12150000000000001,-1,-1,-1,1.0,1.0,-1.0,0.0,-0.3333333333333333,0.135,-1,-1,-1,0.356862745098039,0.694117647058824,0.803921568627451
119.29430174827576,0.0,-0.05248495658565439,0.03,1,1,1,0.0,0.3333333333333333,0.12150000000000001,-1,-1,-1,1.0,1.0,-1.0,0.0,-0.3333333333333333,0.135,-1,-1,-1,0.356862745098039,0.694117647058824,0.803921568627451
119.32896876335144,0.0,-0.05014697978701017,0.03,1,1,1,0.0,0.3333333333333333,0.12150000000000001,-1,-1,-1,1.0,1.0,-1.0,0.0,-0.3333333333333333,0.135,-1,-1,-1,0.356862745098039,0.694117647058824,0.803921568627451
119.36375045776367,0.0,-0.04780900298836594,0.03,1,1,1,0.0,0.3333333333333333,0.12150000000000001,-1,-1,-1,1.0,1.0,-1.0,0.0,-0.3333333333333333,0.135,-1,-1,-1,0.356862745098039,0.694117647058824,0.803921568627451
119.39843463897705,0.0,-0.045471026189721715,0.03,1,1,1,0.0,0.3333333333333333,0.12150000000000001,-1,-1,-1,1.0,1.0,-1.0,0.0,-0.3333333333333333,0.135,-1,-1,-1,0.356862745098039,0.694117647058824,0.803921568627451
119.43352055549622,0.0,-0.04313304939107749,0.03,1,1,1,0.0,0.3333333333333333,0.12150000000000001,-1,-1,-1,1.0,1.0,-1.0,0.0,-0.3333333333333333,0.135,-1,-1,-1,0.356862745098039,0.694117647058824,0.803921568627451
119.46843028068542,0.0,-0.040795072592433264,0.03,1,1,1,0.0,0.3333333333333333,0.12150000000000001,-1,-1,-1,1.0,1.0,-1.0,0.0,-0.3333333333333333,0.135,-1,-1,-1,0.356862745098039,0.694117647058824,0.803921568627451
119.50277400016785,0.0,-0.03845709579378904,0.03,1,1,1,0.0,0.3333333333333333,0.12150000000000001,-1,-1,-1,1.0,1.0,-1.0,0.0,-0.3333333333333333,0.135,-1,-1,-1,0.356862745098039,0.694117647058824,0.803921568627451
119.53732013702393,0.0,-0.03611911899514481,0.03,1,1,1,0.0,0.3333333333333333,0.12150000000000001,-1,-1,-1,1.0,1.0,-1.0,0.0,-0.3333333333333333,0.135,-1,-1,-1,0.356862745098039,0.694117647058824,0.803921568627451
119.57262945175171,0.0,-0.03378114219650059,0.03,1,1,1,0.0,0.3333333333333333,0.12150000000000001,-1,-1,-1,1.0,1.0,-1.0,0.0,-0.3333333333333333,0.135,-1,-1,-1,0.356862745098039,0.694117647058824,0.803921568627451
119.60700845718384,0.0,-0.03144316539785636,0.03,1,1,1,0.0,0.3333333333333333,0.12150000000000001,-1,-1,-1,1.0,1.0,-1.0,0.0,-0.3333333333333333,0.135,-1,-1,-1,0.356862745098039,0.694117647058824,0.803921568627451
119.64195799827576,0.0,-0.029105188599212142,0.03,1,1,1,0.0,0.3333333333333333,0.12150000000000001,-1,-1,-1,1.0,1.0,-1.0,0.0,-0.3333333333333333,0.135,-1,-1,-1,0.356862745098039,0.694117647058824,0.803921568627451
119.67577171325684,0.0,-0.026767211800567917,0.03,1,1,1,0.0,0.3333333333333333,0.12150000000000001,-1,-1,-1,1.0,1.0,-1.0,0.0,-0.3333333333333333,0.135,-1,-1,-1,0.356862745098039,0.694117647058824,0.803921568627451
119.71094584465027,0.0,-0.02442923500192369,0.03,1,1,1,0.0,0.3333333333333333,0.12150000000000001,-1,-1,-1,1.0,1.0,-1.0,0.0,-0.3333333333333333,0.135,-1,-1,-1,0.356862745098039,0.694117647058824,0.803921568627451
119.7459020614624,0.0,-0.022091258203279465,0.03,1,1,1,0.0,0.3333333333333333,0.12150000000000001,-1,-1,-1,1.0,1.0,-1.0,0.0,-0.3333333333333333,0.135,-1,-1,-1,0.356862745098039,0.694117647058824,0.803921568627451
119.78039526939392,0.0,-0.01975328140463524,0.03,1,1,1,0.0,0.3333333333333333,0.12150000000000001,-1,-1,-1,1.0,1.0,-1.0,0.0,-0.3333333333333333,0.135,-1,-1,-1,0.356862745098039,0.694117647058824,0.803921568627451
119.81544899940491,0.0,-0.017415304605991014,0.03,1,1,1,0.0,0.3333333333333333,0.12150000000000001,-1,-1,-1,1.0,1.0,-1.0,0.0,-0.3333333333333333,0.135,-1,-1,-1,0.356862745098039,0.694117647058824,0.803921568627451
119.84994077682495,0.0,-0.01507732780734679,0.03,1,1,1,0.0,0.3333333333333333,0.12150000000000001,-1,-1,-1,1.0,1.0,-1.0,0.0,-0.3333333333333333,0.135,-1,-1,-1,0.356862745098039,0.694117647058824,0.803921568627451
119.88463521003723,0.0,-0.012739351008702573,0.03,1,1,1,0.0,0.3333333333333333,0.12150000000000001,-1,-1,-1,1.0,1.0,-1.0,0.0,-0.3333333333333333,0.135,-1,-1,-1,0.356862745098039,0.694117647058824,0.803921568627451
119.91973423957825,0.0,-0.010401374210058356,0.03,1,1,1,0.0,0.3333333333333333,0.12150000000000001,-1,-1,-1,1.0,1.0,-1.0,0.0,-0.3333333333333333,0.135,-1,-1,-1,0.356862745098039,0.694117647058824,0.803921568627451
119.95438838005066,0.0,-0.008063397411414139,0.03,1,1,1,0.0,0.3333333333333333,0.12150000000000001,-1,-1,-1,1.0,1.0,-1.0,0.0,-0.3333333333333333,0.135,-1,-1,-1,0.356862745098039,0.694117647058824,0.803921568627451
119.9892270565033,0.0,-0.0057254206127699174,0.03,1,1,1,0.0,0.3333333333333333,0.12150000000000001,-1,-1,-1,1.0,1.0,-1.0,0.0,-0.3333333333333333,0.135,-1,-1,-1,0.356862745098039,0.694117647058824,0.803921568627451
120.02386522293091,0.0,-0.003387443814125697,0.03,1,1,1,0.0,0.3333333333333333,0.12150000000000001,-1,-1,-1,1.0,1.0,-1.0,0.0,-0.3333333333333333,0.135,-1,-1,-1,0.356862745098039,0.694117647058824,0.803921568627451
120.05898666381836,0.0,-0.0010494670154814778,0.03,1,1,1,0.0,0.3333333333333333,0.12150000000000001,-1,-1,-1,1.0,1.0,-1.0,0.0,-0.3333333333333333,0.135,-1,-1,-1,0.356862745098039,0.694117647058824,0.803921568627451
120.09321570396423,0.0,0.0012885097831627419,0.03,1,1,1,0.0,0.3333333333333333,0.12150000000000001,-1,-1,-1,1.0,1.0,-1.0,0.0,-0.3333333333333333,0.135,-1,-1,-1,0.356862745098039,0.694117647058824,0.803921568627451
120.12796020507812,0.0,0.003626486581806961,0.03,1,1,1,0.0,0.3333333333333333,0.12150000000000001,-1,-1,-1,1.0,1.0,-1.0,0.0,-0.3333333333333333,0.135,-1,-1,-1,0.356862745098039,0.694117647058824,0.803921568627451
120.16255497932434,0.0,0.005964463380451182,0.03,1,1,1,0.0,0.3333333333333333,0.12150000000000001,-1,-1,-1,1.0,1.0,-1.0,0.0,-0.3333333333333333,0.135,-1,-1,-1,0.356862745098039,0.694117647058824,0.803921568627451
120.19732236862183,0.0,0.008302440179095403,0.03,1,1,1,0.0,0.3333333333333333,0.12150000000000001,-1,-1,-1,1.0,1.0,-1.0,0.0,-0.3333333333333333,0.135,-1,-1,-1,0.356862745098039,0.694117647058824,0.803921568627451
120.23173260688782,0.0,0.01064041697773962,0.03,1,1,1,0.0,0.3333333333333333,0.12150000000000001,-1,-1,-1,1.0,1.0,-1.0,0.0,-0.3333333333333333,0.135,-1,-1,-1,0.356862745098039,0.694117647058824,0.803921568627451
120.26693606376648,0.0,0.014459405259462372,0.03,1,1,1,0.0,0.3333333333333333,0.12150000000000001,-1,-1,-1,1.0,1.0,-1.0,0.0,-0.3333333333333333,0.135,-1,-1,-1,0.356862745098039,0.694117647058824,0.803921568627451
120.30163049697876,0.0,0.019265734529904148,0.03,1,1,1,0.0,0.3333333333333333,0.12150000000000001,-1,-1,-1,1.0,1.0,-1.0,0.0,-0.3333333333333333,0.135,-1,-1,-1,0.356862745098039,0.694117647058824,0.803921568627451
120.3359477519989,0.0,0.024072063800345923,0.03,1,1,1,0.0,0.3333333333333333,0.12150000000000001,-1,-1,-1,1.0,1.0,-1.0,0.0,-0.3333333333333333,0.135,-1,-1,-1,0.356862745098039,0.694117647058824,0.803921568627451
120.37032437324524,0.0,0.028878393070787697,0.03,1,1,1,0.0,0.3333333333333333,0.12150000000000001,-1,-1,-1,1.0,1.0,-1.0,0.0,-0.3333333333333333,0.135,-1,-1,-1,0.356862745098039,0.694117647058824,0.803921568627451
120.40539956092834,0.0,0.03368472234122946,0.03,1,1,1,0.0,0.3333333333333333,0.12150000000000001,-1,-1,-1,1.0,1.0,-1.0,0.0,-0.3333333333333333,0.135,-1,-1,-1,0.356862745098039,0.694117647058824,0.803921568627451
120.44011354446411,0.0,0.03849105161167122,0.03,1,1,1,0.0,0.3333333333333333,0.12150000000000001,-1,-1,-1,1.0,1.0,-1.0,0.0,-0.3333333333333333,0.135,-1,-1,-1,0.356862745098039,0.694117647058824,0.803921568627451
120.47473216056824,0.0,0.043297380882112976,0.03,1,1,1,0.0,0.3333333333333333,0.12150000000000001,-1,-1,-1,1.0,1.0,-1.0,0.0,-0.3333333333333333,0.135,-1,-1,-1,0.356862745098039,0.694117647058824,0.803921568627451
120.5089852809906,0.0,0.048103710152554734,0.03,1,1,1,0.0,0.3333333333333333,0.12150000000000001,-1,-1,-1,1.0,1.0,-1.0,0.0,-0.3333333333333333,0.135,-1,-1,-1,0.356862745098039,0.694117647058824,0.803921568627451
120.54369878768921,0.0,0.05291003942299649,0.03,1,1,1,0.0,0.3333333333333333,0.12150000000000001,-1,-1,-1,1.0,1.0,-1.0,0.0,-0.3333333333333333,0.135,-1,-1,-1,0.356862745098039,0.694117647058824,0.803921568627451
120.57890343666077,0.0,0.05771636869343825,0.03,1,1,1,0.0,0.3333333333333333,0.12150000000000001,-1,-1,-1,1.0,1.0,-1.0,0.0,-0.3333333333333333,0.135,-1,-1,-1,0.356862745098039,0.694117647058824,0.803921568627451
120.6134684085846,0.0,0.06252269796387999,0.03,1,1,1,0.0,0.3333333333333333,0.12150000000000001,-1,-1,-1,1.0,1.0,-1.0,0.0,-0.3333333333333333,0.135,-1,-1,-1,0.356862745098039,0.694117647058824,0.803921568627451
120.64796733856201,0.0,0.06732902723432178,0.03,1,1,1,0.0,0.3333333333333333,0.12150000000000001,-1,-1,-1,1.0,1.0,-1.0,0.0,-0.3333333333333333,0.135,-1,-1,-1,0.356862745098039,0.694117647058824,0.803921568627451
120.68261313438416,0.0,0.07213535650476358,0.03,1,1,1,0.0,0.3333333333333333,0.12150000000000001,-1,-1,-1,1.0,1.0,-1.0,0.0,-0.3333333333333333,0.135,-1,-1,-1,0.356862745098039,0.694117647058824,0.803921568627451
120.71777534484863,0.0,0.07694168577520537,0.03,1,1,1,0.0,0.3333333333333333,0.12150000000000001,-1,-1,-1,1.0,1.0,-1.0,0.0,-0.3333333333333333,0.135,-1,-1,-1,0.356862745098039,0.694117647058824,0.803921568627451
120.75300288200378,0.0,0.08174801504564716,0.03,1,1,1,0.0,0.3333333333333333,0.12150000000000001,-1,-1,-1,1.0,1.0,-1.0,0.0,-0.3333333333333333,0.135,-1,-1,-1,0.356862745098039,0.694117647058824,0.803921568627451
120.78722858428955,0.0,0.08655434431608895,0.03,1,1,1,0.0,0.3333333333333333,0.12150000000000001,-1,-1,-1,1.0,1.0,-1.0,0.0,-0.3333333333333333,0.135,-1,-1,-1,0.356862745098039,0.694117647058824,0.803921568627451
120.82222032546997,0.0,0.09136067358653074,0.03,1,1,1,0.0,0.3333333333333333,0.12150000000000001,-1,-1,-1,1.0,1.0,-1.0,0.0,-0.3333333333333333,0.135,-1,-1,-1,0.356862745098039,0.694117647058824,0.803921568627451
120.85702300071716,0.0,0.09616700285697254,0.03,1,1,1,0.0,0.3333333333333333,0.12150000000000001,-1,-1,-1,1.0,1.0,-1.0,0.0,-0.3333333333333333,0.135,-1,-1,-1,0.356862745098039,0.694117647058824,0.803921568627451
120.89099836349487,0.0,0.10097333212741433,0.03,1,1,1,0.0,0.3333333333333333,0.12150000000000001,-1,-1,-1,1.0,1.0,-1.0,0.0,-0.3333333333333333,0.135,-1,-1,-1,0.356862745098039,0.694117647058824,0.803921568627451
120.92578959465027,0.0,0.10577966139785612,0.03,1,1,1,0.0,0.3333333333333333,0.12150000000000001,-1,-1,-1,1.0,1.0,-1.0,0.0,-0.3333333333333333,0.135,-1,-1,-1,0.356862745098039,0.694117647058824,0.803921568627451
120.96089386940002,0.0,0.11058599066829791,0.03,1,1,1,0.0,0.3333333333333333,0.12150000000000001,-1,-1,-1,1.0,1.0,-1.0,0.0,-0.3333333333333333,0.135,-1,-1,-1,0.356862745098039,0.694117647058824,0.803921568627451
120.99590396881104,0.0,0.1153923199387397,0.03,1,1,1,0.0,0.3333333333333333,0.12150000000000001,-1,-1,-1,1.0,1.0,-1.0,0.0,-0.3333333333333333,0.135,-1,-1,-1,0.356862745098039,0.694117647058824,0.803921568627451
121.03096842765808,0.0,0.12019864920918148,0.03,1,1,1,0.0,0.3333333333333333,0.12150000000000001,-1,-1,-1,1.0,1.0,-1.0,0.0,-0.3333333333333333,0.135,-1,-1,-1,0.356862745098039,0.694117647058824,0.803921568627451
121.06503820419312,0.0,0.12500497847962325,0.03,1,1,1,0.0,0.3333333333333333,0.12150000000000001,-1,-1,-1,1.0,1.0,-1.0,0.0,-0.3333333333333333,0.135,-1,-1,-1,0.356862745098039,0.694117647058824,0.803921568627451
121.101158618927,0.0,0.12981130775006497,0.03,1,1,1,0.0,0.3333333333333333,0.12150000000000001,-1,-1,-1,1.0,1.0,-1.0,0.0,-0.3333333333333333,0.135,-1,-1,-1,0.356862745098039,0.694117647058824,0.803921568627451
121.13509750366211,0.0,0.1346176370205067,0.03,1,1,1,0.0,0.3333333333333333,0.12150000000000001,-1,-1,-1,1.0,1.0,-1.0,0.0,-0.3333333333333333,0.135,-1,-1,-1,0.356862745098039,0.694117647058824,0.803921568627451
121.17020630836487,0.0,0.13942396629094841,0.03,1,1,1,0.0,0.3333333333333333,0.12150000000000001,-1,-1,-1,1.0,1.0,-1.0,0.0,-0.3333333333333333,0.135,-1,-1,-1,0.356862745098039,0.694117647058824,0.803921568627451
121.20398235321045,0.0,0.14423029556139014,0.03,1,1,1,0.0,0.3333333333333333,0.12150000000000001,-1,-1,-1,1.0,1.0,-1.0,0.0,-0.3333333333333333,0.135,-1,-1,-1,0.356862745098039,0.694117647058824,0.803921568627451
121.23907518386841,0.0,0.14903662483183186,0.03,1,1,1,0.0,0.3333333333333333,0.12150000000000001,-1,-1,-1,1.0,1.0,-1.0,0.0,-0.3333333333333333,0.135,-1,-1,-1,0.356862745098039,0.694117647058824,0.803921568627451
121.27451348304749,0.0,0.15384295410227358,0.03,1,1,1,0.0,0.3333333333333333,0.12150000000000001,-1,-1,-1,1.0,1.0,-1.0,0.0,-0.3333333333333333,0.135,-1,-1,-1,0.356862745098039,0.694117647058824,0.803921568627451
121.30850625038147,0.0,0.1586492833727153,0.03,1,1,1,0.0,0.3333333333333333,0.12150000000000001,-1,-1,-1,1.0,1.0,-1.0,0.0,-0.3333333333333333,0.135,-1,-1,-1,0.356862745098039,0.694117647058824,0.803921568627451
121.34273052215576,0.0,0.16345561264315703,0.03,1,1,1,0.0,0.3333333333333333,0.12150000000000001,-1,-1,-1,1.0,1.0,-1.0,0.0,-0.3333333333333333,0.135,-1,-1,-1,0.356862745098039,0.694117647058824,0.803921568627451
121.37754106521606,0.0,0.16826194191359875,0.03,1,1,1,0.0,0.3333333333333333,0.12150000000000001,-1,-1,-1,1.0,1.0,-1.0,0.0,-0.3333333333333333,0.135,-1,-1,-1,0.356862745098039,0.694117647058824,0.803921568627451
121.41221451759338,0.0,0.17306827118404047,0.03,1,1,1,0.0,0.3333333333333333,0.12150000000000001,-1,-1,-1,1.0,1.0,-1.0,0.0,-0.3333333333333333,0.135,-1,-1,-1,0.356862745098039,0.694117647058824,0.803921568627451
121.44732785224915,0.0,0.1778746004544822,0.03,1,1,1,0.0,0.3333333333333333,0.12150000000000001,-1,-1,-1,1.0,1.0,-1.0,0.0,-0.3333333333333333,0.135,-1,-1,-1,0.356862745098039,0.694117647058824,0.803921568627451
121.48253679275513,0.0,0.1746490599856014,0.03,1,1,1,0.0,0.3333333333333333,0.12150000000000001,-1,-1,-1,1.0,1.0,-1.0,0.0,-0.3333333333333333,0.135,-1,-1,-1,0.356862745098039,0.694117647058824,0.803921568627451
121.51670861244202,0.0,0.1714235195167206,0.03,1,1,1,0.0,0.3333333333333333,0.12150000000000001,-1,-1,-1,1.0,1.0,-1.0,0.0,-0.3333333333333333,0.135,-1,-1,-1,0.356862745098039,0.694117647058824,0.803921568627451
121.55119752883911,0.0,0.1681979790478398,0.03,1,1,1,0.0,0.3333333333333333,0.12150000000000001,-1,-1,-1,1.0,1.0,-1.0,0.0,-0.3333333333333333,0.135,-1,-1,-1,0.356862745098039,0.694117647058824,0.803921568627451
121.58606266975403,0.0,0.16497243857895902,0.03,1,1,1,0.0,0.3333333333333333,0.12150000000000001,-1,-1,-1,1.0,1.0,-1.0,0.0,-0.3333333333333333,0.135,-1,-1,-1,0.356862745098039,0.694117647058824,0.803921568627451
121.62125444412231,0.0,0.16174689811007822,0.03,1,1,1,0.0,0.3333333333333333,0.12150000000000001,-1,-1,-1,1.0,1.0,-1.0,0.0,-0.3333333333333333,0.135,-1,-1,-1,0.356862745098039,0.694117647058824,0.803921568627451
121.65547370910645,0.0,0.15852135764119743,0.03,1,1,1,0.0,0.3333333333333333,0.12150000000000001,-1,-1,-1,1.0,1.0,-1.0,0.0,-0.3333333333333333,0.135,-1,-1,-1,0.356862745098039,0.694117647058824,0.803921568627451
121.69084286689758,0.0,0.15529581717231664,0.03,1,1,1,0.0,0.3333333333333333,0.12150000000000001,-1,-1,-1,1.0,1.0,-1.0,0.0,-0.3333333333333333,0.135,-1,-1,-1,0.356862745098039,0.694117647058824,0.803921568627451
121.72524642944336,0.0,0.15207027670343584,0.03,1,1,1,0.0,0.3333333333333333,0.12150000000000001,-1,-1,-1,1.0,1.0,-1.0,0.0,-0.3333333333333333,0.135,-1,-1,-1,0.356862745098039,0.694117647058824,0.803921568627451
121.76008415222168,0.0,0.14884473623455505,0.03,1,1,1,0.0,0.3333333333333333,0.12150000000000001,-1,-1,-1,1.0,1.0,-1.0,0.0,-0.3333333333333333,0.135,-1,-1,-1,0.356862745098039,0.694117647058824,0.803921568627451
121.79482340812683,0.0,0.14561919576567425,0.03,1,1,1,0.0,0.3333333333333333,0.12150000000000001,-1,-1,-1,1.0,1.0,-1.0,0.0,-0.3333333333333333,0.135,-1,-1,-1,0.356862745098039,0.694117647058824,0.803921568627451
121.82940173149109,0.0,0.14239365529679346,0.03,1,1,1,0.0,0.3333333333333333,0.12150000000000001,-1,-1,-1,1.0,1.0,-1.0,0.0,-0.3333333333333333,0.135,-1,-1,-1,0.356862745098039,0.694117647058824,0.803921568627451
121.86391067504883,0.0,0.13916811482791266,0.03,1,1,1,0.0,0.3333333333333333,0.12150000000000001,-1,-1,-1,1.0,1.0,-1.0,0.0,-0.3333333333333333,0.135,-1,-1,-1,0.356862745098039,0.694117647058824,0.803921568627451
121.89879202842712,0.0,0.13594257435903187,0.03,1,1,1,0.0,0.3333333333333333,0.12150000000000001,-1,-1,-1,1.0,1.0,-1.0,0.0,-0.3333333333333333,0.135,-1,-1,-1,0.356862745098039,0.694117647058824,0.803921568627451
121.93309926986694,0.0,0.13271703389015108,0.03,1,1,1,0.0,0.3333333333333333,0.12150000000000001,-1,-1,-1,1.0,1.0,-1.0,0.0,-0.3333333333333333,0.135,-1,-1,-1,0.356862745098039,0.694117647058824,0.803921568627451
121.96790194511414,0.0,0.12949149342127028,0.03,1,1,1,0.0,0.3333333333333333,0.12150000000000001,-1,-1,-1,1.0,1.0,-1.0,0.0,-0.3333333333333333,0.135,-1,-1,-1,0.356862745098039,0.694117647058824,0.803921568627451
122.00390005111694,0.0,0.1262659529523895,0.03,1,1,1,0.0,0.3333333333333333,0.12150000000000001,-1,-1,-1,1.0,1.0,-1.0,0.0,-0.3333333333333333,0.135,-1,-1,-1,0.356862745098039,0.694117647058824,0.803921568627451
122.03727149963379,0.0,0.12304041248350865,0.03,1,1,1,0.0,0.3333333333333333,0.12150000000000001,-1,-1,-1,1.0,1.0,-1.0,0.0,-0.3333333333333333,0.135,-1,-1,-1,0.356862745098039,0.694117647058824,0.803921568627451
122.07298588752747,0.0,0.11981487201462779,0.03,1,1,1,0.0,0.3333333333333333,0.12150000000000001,-1,-1,-1,1.0,1.0,-1.0,0.0,-0.3333333333333333,0.135,-1,-1,-1,0.356862745098039,0.694117647058824,0.803921568627451
122.10743689537048,0.0,0.11658933154574692,0.03,1,1,1,0.0,0.3333333333333333,0.12150000000000001,-1,-1,-1,1.0,1.0,-1.0,0.0,-0.3333333333333333,0.135,-1,-1,-1,0.356862745098039,0.694117647058824,0.803921568627451
122.14210486412048,0.0,0.11336379107686606,0.03,1,1,1,0.0,0.3333333333333333,0.12150000000000001,-1,-1,-1,1.0,1.0,-1.0,0.0,-0.3333333333333333,0.135,-1,-1,-1,0.356862745098039,0.694117647058824,0.803921568627451
122.17749190330505,0.0,0.1101382506079852,0.03,1,1,1,0.0,0.3333333333333333,0.12150000000000001,-1,-1,-1,1.0,1.0,-1.0,0.0,-0.3333333333333333,0.135,-1,-1,-1,0.356862745098039,0.694117647058824,0.803921568627451
122.21163725852966,0.0,0.10691271013910433,0.03,1,1,1,0.0,0.3333333333333333,0.12150000000000001,-1,-1,-1,1.0,1.0,-1.0,0.0,-0.3333333333333333,0.135,-1,-1,-1,0.356862745098039,0.694117647058824,0.803921568627451
122.24617791175842,0.0,0.10368716967022347,0.03,1,1,1,0.0,0.3333333333333333,0.12150000000000001,-1,-1,-1,1.0,1.0,-1.0,0.0,-0.3333333333333333,0.135,-1,-1,-1,0.356862745098039,0.694117647058824,0.803921568627451
122.28103971481323,0.0,0.1004616292013426,0.03,1,1,1,0.0,0.3333333333333333,0.12150000000000001,-1,-1,-1,1.0,1.0,-1.0,0.0,-0.3333333333333333,0.135,-1,-1,-1,0.356862745098039,0.694117647058824,0.803921568627451
122.31574845314026,0.0,0.09723608873246174,0.03,1,1,1,0.0,0.3333333333333333,0.12150000000000001,-1,-1,-1,1.0,1.0,-1.0,0.0,-0.3333333333333333,0.135,-1,-1,-1,0.356862745098039,0.694117647058824,0.803921568627451
122.3505756855011,0.0,0.09401054826358088,0.03,1,1,1,0.0,0.3333333333333333,0.12150000000000001,-1,-1,-1,1.0,1.0,-1.0,0.0,-0.3333333333333333,0.135,-1,-1,-1,0.356862745098039,0.694117647058824,0.803921568627451
122.38490724563599,0.0,0.09078500779470002,0.03,1,1,1,0.0,0.3333333333333333,0.12150000000000001,-1,-1,-1,1.0,1.0,-1.0,0.0,-0.3333333333333333,0.135,-1,-1,-1,0.356862745098039,0.694117647058824,0.803921568627451
122.4198088645935,0.0,0.08755946732581915,0.03,1,1,1,0.0,0.3333333333333333,0.12150000000000001,-1,-1,-1,1.0,1.0,-1.0,0.0,-0.3333333333333333,0.135,-1,-1,-1,0.356862745098039,0.694117647058824,0.803921568627451
122.45430278778076,0.0,0.08433392685693829,0.03,1,1,1,0.0,0.3333333333333333,0.12150000000000001,-1,-1,-1,1.0,1.0,-1.0,0.0,-0.3333333333333333,0.135,-1,-1,-1,0.356862745098039,0.694117647058824,0.803921568627451
122.48997211456299,0.0,0.08110838638805742,0.03,1,1,1,0.0,0.3333333333333333,0.12150000000000001,-1,-1,-1,1.0,1.0,-1.0,0.0,-0.3333333333333333,0.135,-1,-1,-1,0.356862745098039,0.694117647058824,0.803921568627451
122.52422380447388,0.0,0.07788284591917656,0.03,1,1,1,0.0,0.3333333333333333,0.12150000000000001,-1,-1,-1,1.0,1.0,-1.0,0.0,-0.3333333333333333,0.135,-1,-1,-1,0.356862745098039,0.694117647058824,0.803921568627451
122.55881810188293,0.0,0.0746573054502957,0.03,1,1,1,0.0,0.3333333333333333,0.12150000000000001,-1,-1,-1,1.0,1.0,-1.0,0.0,-0.3333333333333333,0.135,-1,-1,-1,0.356862745098039,0.694117647058824,0.803921568627451
122.59362721443176,0.0,0.07143176498141483,0.03,1,1,1,0.0,0.3333333333333333,0.12150000000000001,-1,-1,-1,1.0,1.0,-1.0,0.0,-0.3333333333333333,0.135,-1,-1,-1,0.356862745098039,0.694117647058824,0.803921568627451
122.628653049469,0.0,0.06820622451253397,0.03,1,1,1,0.0,0.3333333333333333,0.12150000000000001,-1,-1,-1,1.0,1.0,-1.0,0.0,-0.3333333333333333,0.135,-1,-1,-1,0.356862745098039,0.694117647058824,0.803921568627451
122.66380190849304,0.0,0.06765544504983857,0.03,1,1,1,0.0,0.3333333333333333,0.12150000000000001,-1,-1,-1,1.0,1.0,-1.0,0.0,-0.3333333333333333,0.135,-1,-1,-1,0.356862745098039,0.694117647058824,0.803921568627451
122.69801330566406,0.0,0.07111680709642137,0.03,1,1,1,0.0,0.3333333333333333,0.12150000000000001,-1,-1,-1,1.0,1.0,-1.0,0.0,-0.3333333333333333,0.135,-1,-1,-1,0.356862745098039,0.694117647058824,0.803921568627451
122.73287510871887,0.0,0.07457816914300418,0.03,1,1,1,0.0,0.3333333333333333,0.12150000000000001,-1,-1,-1,1.0,1.0,-1.0,0.0,-0.3333333333333333,0.135,-1,-1,-1,0.356862745098039,0.694117647058824,0.803921568627451
122.7670910358429,0.0,0.07803953118958698,0.03,1,1,1,0.0,0.3333333333333333,0.12150000000000001,-1,-1,-1,1.0,1.0,-1.0,0.0,-0.3333333333333333,0.135,-1,-1,-1,0.356862745098039,0.694117647058824,0.803921568627451
122.80195188522339,0.0,0.08150089323616978,0.03,1,1,1,0.0,0.3333333333333333,0.12150000000000001,-1,-1,-1,1.0,1.0,-1.0,0.0,-0.3333333333333333,0.135,-1,-1,-1,0.356862745098039,0.694117647058824,0.803921568627451
122.83662867546082,0.0,0.08496225528275259,0.03,1,1,1,0.0,0.3333333333333333,0.12150000000000001,-1,-1,-1,1.0,1.0,-1.0,0.0,-0.3333333333333333,0.135,-1,-1,-1,0.356862745098039,0.694117647058824,0.803921568627451
122.87115430831909,0.0,0.08842361732933539,0.03,1,1,1,0.0,0.3333333333333333,0.12150000000000001,-1,-1,-1,1.0,1.0,-1.0,0.0,-0.3333333333333333,0.135,-1,-1,-1,0.356862745098039,0.694117647058824,0.803921568627451
122.90631341934204,0.0,0.09188497937591819,0.03,1,1,1,0.0,0.3333333333333333,0.12150000000000001,-1,-1,-1,1.0,1.0,-1.0,0.0,-0.3333333333333333,0.135,-1,-1,-1,0.356862745098039,0.694117647058824,0.803921568627451
122.94118022918701,0.0,0.095346341422501,0.03,1,1,1,0.0,0.3333333333333333,0.12150000000000001,-1,-1,-1,1.0,1.0,-1.0,0.0,-0.3333333333333333,0.135,-1,-1,-1,0.356862745098039,0.694117647058824,0.803921568627451
122.97545766830444,0.0,0.0988077034690838,0.03,1,1,1,0.0,0.3333333333333333,0.12150000000000001,-1,-1,-1,1.0,1.0,-1.0,0.0,-0.3333333333333333,0.135,-1,-1,-1,0.356862745098039,0.694117647058824,0.803921568627451
123.00974202156067,0.0,0.1022690655156666,0.03,1,1,1,0.0,0.3333333333333333,0.12150000000000001,-1,-1,-1,1.0,1.0,-1.0,0.0,-0.3333333333333333,0.135,-1,-1,-1,0.356862745098039,0.694117647058824,0.803921568627451
123.04506731033325,0.0,0.1057304275622494,0.03,1,1,1,0.0,0.3333333333333333,0.12150000000000001,-1,-1,-1,1.0,1.0,-1.0,0.0,-0.3333333333333333,0.135,-1,-1,-1,0.356862745098039,0.694117647058824,0.803921568627451
123.07985639572144,0.0,0.1091917896088322,0.03,1,1,1,0.0,0.3333333333333333,0.12150000000000001,-1,-1,-1,1.0,1.0,-1.0,0.0,-0.3333333333333333,0.135,-1,-1,-1,0.356862745098039,0.694117647058824,0.803921568627451
123.11380791664124,0.0,0.11265315165541501,0.03,1,1,1,0.0,0.3333333333333333,0.12150000000000001,-1,-1,-1,1.0,1.0,-1.0,0.0,-0.3333333333333333,0.135,-1,-1,-1,0.356862745098039,0.694117647058824,0.803921568627451
123.14932036399841,0.0,0.11611451370199781,0.03,1,1,1,0.0,0.3333333333333333,0.12150000000000001,-1,-1,-1,1.0,1.0,-1.0,0.0,-0.3333333333333333,0.135,-1,-1,-1,0.356862745098039,0.694117647058824,0.803921568627451
123.18409633636475,0.0,0.11957587574858061,0.03,1,1,1,0.0,0.3333333333333333,0.12150000000000001,-1,-1,-1,1.0,1.0,-1.0,0.0,-0.3333333333333333,0.135,-1,-1,-1,0.356862745098039,0.694117647058824,0.803921568627451
123.21820425987244,0.0,0.12303723779516339,0.03,1,1,1,0.0,0.3333333333333333,0.12150000000000001,-1,-1,-1,1.0,1.0,-1.0,0.0,-0.3333333333333333,0.135,-1,-1,-1,0.356862745098039,0.694117647058824,0.803921568627451
123.25338220596313,0.0,0.12649859984174622,0.03,1,1,1,0.0,0.3333333333333333,0.12150000000000001,-1,-1,-1,1.0,1.0,-1.0,0.0,-0.3333333333333333,0.135,-1,-1,-1,0.356862745098039,0.694117647058824,0.803921568627451
123.28789710998535,0.0,0.1299599618883291,0.03,1,1,1,0.0,0.3333333333333333,0.12150000000000001,-1,-1,-1,1.0,1.0,-1.0,0.0,-0.3333333333333333,0.135,-1,-1,-1,0.356862745098039,0.694117647058824,0.803921568627451
123.32238435745239,0.0,0.13342132393491196,0.03,1,1,1,0.0,0.3333333333333333,0.12150000000000001,-1,-1,-1,1.0,1.0,-1.0,0.0,-0.3333333333333333,0.135,-1,-1,-1,0.356862745098039,0.694117647058824,0.803921568627451
123.35717487335205,0.0,0.13688268598149483,0.03,1,1,1,0.0,0.3333333333333333,0.12150000000000001,-1,-1,-1,1.0,1.0,-1.0,0.0,-0.3333333333333333,0.135,-1,-1,-1,0.356862745098039,0.694117647058824,0.803921568627451
123.39180731773376,0.0,0.1403440480280777,0.03,1,1,1,0.0,0.3333333333333333,0.12150000000000001,-1,-1,-1,1.0,1.0,-1.0,0.0,-0.3333333333333333,0.135,-1,-1,-1,0.356862745098039,0.694117647058824,0.803921568627451
123.42644739151001,0.0,0.14380541007466058,0.03,1,1,1,0.0,0.3333333333333333,0.12150000000000001,-1,-1,-1,1.0,1.0,-1.0,0.0,-0.3333333333333333,0.135,-1,-1,-1,0.356862745098039,0.694117647058824,0.803921568627451
123.46191668510437,0.0,0.14726677212124345,0.03,1,1,1,0.0,0.3333333333333333,0.12150000000000001,-1,-1,-1,1.0,1.0,-1.0,0.0,-0.3333333333333333,0.135,-1,-1,-1,0.356862745098039,0.694117647058824,0.803921568627451
123.49598526954651,0.0,0.15072813416782632,0.03,1,1,1,0.0,0.3333333333333333,0.12150000000000001,-1,-1,-1,1.0,1.0,-1.0,0.0,-0.3333333333333333,0.135,-1,-1,-1,0.356862745098039,0.694117647058824,0.803921568627451
123.53076887130737,0.0,0.1541894962144092,0.03,1,1,1,0.0,0.3333333333333333,0.12150000000000001,-1,-1,-1,1.0,1.0,-1.0,0.0,-0.3333333333333333,0.135,-1,-1,-1,0.356862745098039,0.694117647058824,0.803921568627451
123.56566071510315,0.0,0.15765085826099207,0.03,1,1,1,0.0,0.3333333333333333,0.12150000000000001,-1,-1,-1,1.0,1.0,-1.0,0.0,-0.3333333333333333,0.135,-1,-1,-1,0.356862745098039,0.694117647058824,0.803921568627451
123.60019016265869,0.0,0.16111222030757494,0.03,1,1,1,0.0,0.3333333333333333,0.12150000000000001,-1,-1,-1,1.0,1.0,-1.0,0.0,-0.3333333333333333,0.135,-1,-1,-1,0.356862745098039,0.694117647058824,0.803921568627451
123.63495063781738,0.0,0.1645735823541578,0.03,1,1,1,0.0,0.3333333333333333,0.12150000000000001,-1,-1,-1,1.0,1.0,-1.0,0.0,-0.3333333333333333,0.135,-1,-1,-1,0.356862745098039,0.694117647058824,0.803921568627451
123.66989517211914,0.0,0.16803494440074068,0.03,1,1,1,0.0,0.3333333333333333,0.12150000000000001,-1,-1,-1,1.0,1.0,-1.0,0.0,-0.3333333333333333,0.135,-1,-1,-1,0.356862745098039,0.694117647058824,0.803921568627451
123.70475816726685,0.0,0.17149630644732355,0.03,1,1,1,0.0,0.3333333333333333,0.12150000000000001,-1,-1,-1,1.0,1.0,-1.0,0.0,-0.3333333333333333,0.135,-1,-1,-1,0.356862745098039,0.694117647058824,0.803921568627451
123.73925614356995,0.0,0.17495766849390643,0.03,1,1,1,0.0,0.3333333333333333,0.12150000000000001,-1,-1,-1,1.0,1.0,-1.0,0.0,-0.3333333333333333,0.135,-1,-1,-1,0.356862745098039,0.694117647058824,0.803921568627451
123.77354574203491,0.0,0.1784190305404893,0.03,1,1,1,0.0,0.3333333333333333,0.12150000000000001,-1,-1,-1,1.0,1.0,-1.0,0.0,-0.3333333333333333,0.135,-1,-1,-1,0.356862745098039,0.694117647058824,0.803921568627451
123.80844473838806,0.0,0.18188039258707217,0.03,1,1,1,0.0,0.3333333333333333,0.12150000000000001,-1,-1,-1,1.0,1.0,-1.0,0.0,-0.3333333333333333,0.135,-1,-1,-1,0.356862745098039,0.694117647058824,0.803921568627451
123.84380459785461,0.0,0.18534175463365504,0.03,1,1,1,0.0,0.3333333333333333,0.12150000000000001,-1,-1,-1,1.0,1.0,-1.0,0.0,-0.3333333333333333,0.135,-1,-1,-1,0.356862745098039,0.694117647058824,0.803921568627451
123.87857151031494,0.0,0.1835610460321377,0.03,1,1,1,0.0,0.3333333333333333,0.12150000000000001,-1,-1,-1,1.0,1.0,-1.0,0.0,-0.3333333333333333,0.135,-1,-1,-1,0.356862745098039,0.694117647058824,0.803921568627451
123.91312503814697,0.0,0.18046981976859527,0.03,1,1,1,0.0,0.3333333333333333,0.12150000000000001,-1,-1,-1,1.0,1.0,-1.0,0.0,-0.3333333333333333,0.135,-1,-1,-1,0.356862745098039,0.694117647058824,0.803921568627451
123.9478771686554,0.0,0.17737859350505286,0.03,1,1,1,0.0,0.3333333333333333,0.12150000000000001,-1,-1,-1,1.0,1.0,-1.0,0.0,-0.3333333333333333,0.135,-1,-1,-1,0.356862745098039,0.694117647058824,0.803921568627451
123.98211026191711,0.0,0.17428736724151045,0.03,1,1,1,0.0,0.3333333333333333,0.12150000000000001,-1,-1,-1,1.0,1.0,-1.0,0.0,-0.3333333333333333,0.135,-1,-1,-1,0.356862745098039,0.694117647058824,0.803921568627451
124.01686072349548,0.0,0.17119614097796804,0.03,1,1,1,0.0,0.3333333333333333,0.12150000000000001,-1,-1,-1,1.0,1.0,-1.0,0.0,-0.3333333333333333,0.135,-1,-1,-1,0.356862745098039,0.694117647058824,0.803921568627451
124.0516345500946,0.0,0.16810491471442562,0.03,1,1,1,0.0,0.3333333333333333,0.12150000000000001,-1,-1,-1,1.0,1.0,-1.0,0.0,-0.3333333333333333,0.135,-1,-1,-1,0.356862745098039,0.694117647058824,0.803921568627451
124.08731031417847,0.0,0.1650136884508832,0.03,1,1,1,0.0,0.3333333333333333,0.12150000000000001,-1,-1,-1,1.0,1.0,-1.0,0.0,-0.3333333333333333,0.135,-1,-1,-1,0.356862745098039,0.694117647058824,0.803921568627451
124.12152314186096,0.0,0.1619224621873408,0.03,1,1,1,0.0,0.3333333333333333,0.12150000000000001,-1,-1,-1,1.0,1.0,-1.0,0.0,-0.3333333333333333,0.135,-1,-1,-1,0.356862745098039,0.694117647058824,0.803921568627451
124.1559112071991,0.0,0.1588312359237984,0.03,1,1,1,0.0,0.3333333333333333,0.12150000000000001,-1,-1,-1,1.0,1.0,-1.0,0.0,-0.3333333333333333,0.135,-1,-1,-1,0.356862745098039,0.694117647058824,0.803921568627451
124.19048047065735,0.0,0.15574000966025597,0.03,1,1,1,0.0,0.3333333333333333,0.12150000000000001,-1,-1,-1,1.0,1.0,-1.0,0.0,-0.3333333333333333,0.135,-1,-1,-1,0.356862745098039,0.694117647058824,0.803921568627451
124.22600197792053,0.0,0.15264878339671356,0.03,1,1,1,0.0,0.3333333333333333,0.12150000000000001,-1,-1,-1,1.0,1.0,-1.0,0.0,-0.3333333333333333,0.135,-1,-1,-1,0.356862745098039,0.694117647058824,0.803921568627451
124.26023983955383,0.0,0.14955755713317115,0.03,1,1,1,0.0,0.3333333333333333,0.12150000000000001,-1,-1,-1,1.0,1.0,-1.0,0.0,-0.3333333333333333,0.135,-1,-1,-1,0.356862745098039,0.694117647058824,0.803921568627451
124.29462909698486,0.0,0.14646633086962874,0.03,1,1,1,0.0,0.3333333333333333,0.12150000000000001,-1,-1,-1,1.0,1.0,-1.0,0.0,-0.3333333333333333,0.135,-1,-1,-1,0.356862745098039,0.694117647058824,0.803921568627451
124.33017158508301,0.0,0.14337510460608632,0.03,1,1,1,0.0,0.3333333333333333,0.12150000000000001,-1,-1,-1,1.0,1.0,-1.0,0.0,-0.3333333333333333,0.135,-1,-1,-1,0.356862745098039,0.694117647058824,0.803921568627451
124.36394500732422,0.0,0.1402838783425439,0.03,1,1,1,0.0,0.3333333333333333,0.12150000000000001,-1,-1,-1,1.0,1.0,-1.0,0.0,-0.3333333333333333,0.135,-1,-1,-1,0.356862745098039,0.694117647058824,0.803921568627451
124.39913654327393,0.0,0.1371926520790015,0.03,1,1,1,0.0,0.3333333333333333,0.12150000000000001,-1,-1,-1,1.0,1.0,-1.0,0.0,-0.3333333333333333,0.135,-1,-1,-1,0.356862745098039,0.694117647058824,0.803921568627451
124.43435859680176,0.0,0.13410142581545909,0.03,1,1,1,0.0,0.3333333333333333,0.12150000000000001,-1,-1,-1,1.0,1.0,-1.0,0.0,-0.3333333333333333,0.135,-1,-1,-1,0.356862745098039,0.694117647058824,0.803921568627451
124.46889019012451,0.0,0.13101019955191667,0.03,1,1,1,0.0,0.3333333333333333,0.12150000000000001,-1,-1,-1,1.0,1.0,-1.0,0.0,-0.3333333333333333,0.135,-1,-1,-1,0.356862745098039,0.694117647058824,0.803921568627451
124.50357913970947,0.0,0.12791897328837426,0.03,1,1,1,0.0,0.3333333333333333,0.12150000000000001,-1,-1,-1,1.0,1.0,-1.0,0.0,-0.3333333333333333,0.135,-1,-1,-1,0.356862745098039,0.694117647058824,0.803921568627451
124.53760576248169,0.0,0.12482774702483183,0.03,1,1,1,0.0,0.3333333333333333,0.12150000000000001,-1,-1,-1,1.0,1.0,-1.0,0.0,-0.3333333333333333,0.135,-1,-1,-1,0.356862745098039,0.694117647058824,0.803921568627451
124.57316327095032,0.0,0.12173652076128945,0.03,1,1,1,0.0,0.3333333333333333,0.12150000000000001,-1,-1,-1,1.0,1.0,-1.0,0.0,-0.3333333333333333,0.135,-1,-1,-1,0.356862745098039,0.694117647058824,0.803921568627451
124.60728454589844,0.0,0.11864529449774705,0.03,1,1,1,0.0,0.3333333333333333,0.12150000000000001,-1,-1,-1,1.0,1.0,-1.0,0.0,-0.3333333333333333,0.135,-1,-1,-1,0.356862745098039,0.694117647058824,0.803921568627451
124.6421868801117,0.0,0.11555406823420464,0.03,1,1,1,0.0,0.3333333333333333,0.12150000000000001,-1,-1,-1,1.0,1.0,-1.0,0.0,-0.3333333333333333,0.135,-1,-1,-1,0.356862745098039,0.694117647058824,0.803921568627451
124.67695379257202,0.0,0.11246284197066223,0.03,1,1,1,0.0,0.3333333333333333,0.12150000000000001,-1,-1,-1,1.0,1.0,-1.0,0.0,-0.3333333333333333,0.135,-1,-1,-1,0.356862745098039,0.694117647058824,0.803921568627451
124.7109842300415,0.0,0.10937161570711981,0.03,1,1,1,0.0,0.3333333333333333,0.12150000000000001,-1,-1,-1,1.0,1.0,-1.0,0.0,-0.3333333333333333,0.135,-1,-1,-1,0.356862745098039,0.694117647058824,0.803921568627451
124.74589085578918,0.0,0.1062803894435774,0.03,1,1,1,0.0,0.3333333333333333,0.12150000000000001,-1,-1,-1,1.0,1.0,-1.0,0.0,-0.3333333333333333,0.135,-1,-1,-1,0.356862745098039,0.694117647058824,0.803921568627451
124.78117203712463,0.0,0.10318916318003499,0.03,1,1,1,0.0,0.3333333333333333,0.12150000000000001,-1,-1,-1,1.0,1.0,-1.0,0.0,-0.3333333333333333,0.135,-1,-1,-1,0.356862745098039,0.694117647058824,0.803921568627451
124.81608629226685,0.0,0.10009793691649257,0.03,1,1,1,0.0,0.3333333333333333,0.12150000000000001,-1,-1,-1,1.0,1.0,-1.0,0.0,-0.3333333333333333,0.135,-1,-1,-1,0.356862745098039,0.694117647058824,0.803921568627451
124.85057544708252,0.0,0.09700671065295016,0.03,1,1,1,0.0,0.3333333333333333,0.12150000000000001,-1,-1,-1,1.0,1.0,-1.0,0.0,-0.3333333333333333,0.135,-1,-1,-1,0.356862745098039,0.694117647058824,0.803921568627451
124.89962434768677,0.0,0.09391548438940775,0.03,1,1,1,0.0,0.3333333333333333,0.12150000000000001,-1,-1,-1,1.0,1.0,-1.0,0.0,-0.3333333333333333,0.135,-1,-1,-1,0.356862745098039,0.694117647058824,0.803921568627451
124.93450736999512,0.0,0.09082425812586534,0.03,1,1,1,0.0,0.3333333333333333,0.12150000000000001,-1,-1,-1,1.0,1.0,-1.0,0.0,-0.3333333333333333,0.135,-1,-1,-1,0.356862745098039,0.694117647058824,0.803921568627451
124.96857619285583,0.0,0.08773303186232292,0.03,1,1,1,0.0,0.3333333333333333,0.12150000000000001,-1,-1,-1,1.0,1.0,-1.0,0.0,-0.3333333333333333,0.135,-1,-1,-1,0.356862745098039,0.694117647058824,0.803921568627451
125.00313949584961,0.0,0.08464180559878051,0.03,1,1,1,0.0,0.3333333333333333,0.12150000000000001,-1,-1,-1,1.0,1.0,-1.0,0.0,-0.3333333333333333,0.135,-1,-1,-1,0.356862745098039,0.694117647058824,0.803921568627451
125.03860282897949,0.0,0.0815505793352381,0.03,1,1,1,0.0,0.3333333333333333,0.12150000000000001,-1,-1,-1,1.0,1.0,-1.0,0.0,-0.3333333333333333,0.135,-1,-1,-1,0.356862745098039,0.694117647058824,0.803921568627451
125.0796217918396,0.0,0.07970595622797941,0.03,1,1,1,0.0,0.3333333333333333,0.12150000000000001,-1,-1,-1,1.0,1.0,-1.0,0.0,-0.3333333333333333,0.135,-1,-1,-1,0.356862745098039,0.694117647058824,0.803921568627451
125.11415767669678,0.0,0.07869240189157653,0.03,1,1,1,0.0,0.3333333333333333,0.12150000000000001,-1,-1,-1,1.0,1.0,-1.0,0.0,-0.3333333333333333,0.135,-1,-1,-1,0.356862745098039,0.694117647058824,0.803921568627451
125.14901685714722,0.0,0.07767884755517365,0.03,1,1,1,0.0,0.3333333333333333,0.12150000000000001,-1,-1,-1,1.0,1.0,-1.0,0.0,-0.3333333333333333,0.135,-1,-1,-1,0.356862745098039,0.694117647058824,0.803921568627451
125.18309092521667,0.0,0.07666529321877077,0.03,1,1,1,0.0,0.3333333333333333,0.12150000000000001,-1,-1,-1,1.0,1.0,-1.0,0.0,-0.3333333333333333,0.135,-1,-1,-1,0.356862745098039,0.694117647058824,0.803921568627451
125.21845841407776,0.0,0.0756517388823679,0.03,1,1,1,0.0,0.3333333333333333,0.12150000000000001,-1,-1,-1,1.0,1.0,-1.0,0.0,-0.3333333333333333,0.135,-1,-1,-1,0.356862745098039,0.694117647058824,0.803921568627451
125.2530906200409,0.0,0.07463818454596502,0.03,1,1,1,0.0,0.3333333333333333,0.12150000000000001,-1,-1,-1,1.0,1.0,-1.0,0.0,-0.3333333333333333,0.135,-1,-1,-1,0.356862745098039,0.694117647058824,0.803921568627451
125.28773951530457,0.0,0.07362463020956214,0.03,1,1,1,0.0,0.3333333333333333,0.12150000000000001,-1,-1,-1,1.0,1.0,-1.0,0.0,-0.3333333333333333,0.135,-1,-1,-1,0.356862745098039,0.694117647058824,0.803921568627451
125.32292127609253,0.0,0.07261107587315926,0.03,1,1,1,0.0,0.3333333333333333,0.12150000000000001,-1,-1,-1,1.0,1.0,-1.0,0.0,-0.3333333333333333,0.135,-1,-1,-1,0.356862745098039,0.694117647058824,0.803921568627451
125.35757327079773,0.0,0.07159752153675639,0.03,1,1,1,0.0,0.3333333333333333,0.12150000000000001,-1,-1,-1,1.0,1.0,-1.0,0.0,-0.3333333333333333,0.135,-1,-1,-1,0.356862745098039,0.694117647058824,0.803921568627451
125.39216661453247,0.0,0.07058396720035351,0.03,1,1,1,0.0,0.3333333333333333,0.12150000000000001,-1,-1,-1,1.0,1.0,-1.0,0.0,-0.3333333333333333,0.135,-1,-1,-1,0.356862745098039,0.694117647058824,0.803921568627451
125.42661762237549,0.0,0.06957041286395063,0.03,1,1,1,0.0,0.3333333333333333,0.12150000000000001,-1,-1,-1,1.0,1.0,-1.0,0.0,-0.3333333333333333,0.135,-1,-1,-1,0.356862745098039,0.694117647058824,0.803921568627451
125.46128368377686,0.0,0.06855685852754775,0.03,1,1,1,0.0,0.3333333333333333,0.12150000000000001,-1,-1,-1,1.0,1.0,-1.0,0.0,-0.3333333333333333,0.135,-1,-1,-1,0.356862745098039,0.694117647058824,0.803921568627451
125.49662041664124,0.0,0.06754330419114488,0.03,1,1,1,0.0,0.3333333333333333,0.12150000000000001,-1,-1,-1,1.0,1.0,-1.0,0.0,-0.3333333333333333,0.135,-1,-1,-1,0.356862745098039,0.694117647058824,0.803921568627451
125.53125858306885,0.0,0.066529749854742,0.03,1,1,1,0.0,0.3333333333333333,0.12150000000000001,-1,-1,-1,1.0,1.0,-1.0,0.0,-0.3333333333333333,0.135,-1,-1,-1,0.356862745098039,0.694117647058824,0.803921568627451
125.56577348709106,0.0,0.06551619551833912,0.03,1,1,1,0.0,0.3333333333333333,0.12150000000000001,-1,-1,-1,1.0,1.0,-1.0,0.0,-0.3333333333333333,0.135,-1,-1,-1,0.356862745098039,0.694117647058824,0.803921568627451
125.60028338432312,0.0,0.06450264118193624,0.03,1,1,1,0.0,0.3333333333333333,0.12150000000000001,-1,-1,-1,1.0,1.0,-1.0,0.0,-0.3333333333333333,0.135,-1,-1,-1,0.356862745098039,0.694117647058824,0.803921568627451
125.63538956642151,0.0,0.06348908684553337,0.03,1,1,1,0.0,0.3333333333333333,0.12150000000000001,-1,-1,-1,1.0,1.0,-1.0,0.0,-0.3333333333333333,0.135,-1,-1,-1,0.356862745098039,0.694117647058824,0.803921568627451
125.66980075836182,0.0,0.062475532509130495,0.03,1,1,1,0.0,0.3333333333333333,0.12150000000000001,-1,-1,-1,1.0,1.0,-1.0,0.0,-0.3333333333333333,0.135,-1,-1,-1,0.356862745098039,0.694117647058824,0.803921568627451
125.703848361969,0.0,0.06146197817272765,0.03,1,1,1,0.0,0.3333333333333333,0.12150000000000001,-1,-1,-1,1.0,1.0,-1.0,0.0,-0.3333333333333333,0.135,-1,-1,-1,0.356862745098039,0.694117647058824,0.803921568627451
125.73895263671875,0.0,0.060448423836324795,0.03,1,1,1,0.0,0.3333333333333333,0.12150000000000001,-1,-1,-1,1.0,1.0,-1.0,0.0,-0.3333333333333333,0.135,-1,-1,-1,0.356862745098039,0.694117647058824,0.803921568627451
125.77382755279541,0.0,0.05943486949992195,0.03,1,1,1,0.0,0.3333333333333333,0.12150000000000001,-1,-1,-1,1.0,1.0,-1.0,0.0,-0.3333333333333333,0.135,-1,-1,-1,0.356862745098039,0.694117647058824,0.803921568627451
125.80850410461426,0.0,0.05842131516351911,0.03,1,1,1,0.0,0.3333333333333333,0.12150000000000001,-1,-1,-1,1.0,1.0,-1.0,0.0,-0.3333333333333333,0.135,-1,-1,-1,0.356862745098039,0.694117647058824,0.803921568627451
125.84274673461914,0.0,0.057407760827116266,0.03,1,1,1,0.0,0.3333333333333333,0.12150000000000001,-1,-1,-1,1.0,1.0,-1.0,0.0,-0.3333333333333333,0.135,-1,-1,-1,0.356862745098039,0.694117647058824,0.803921568627451
125.87799859046936,0.0,0.056394206490713424,0.03,1,1,1,0.0,0.3333333333333333,0.12150000000000001,-1,-1,-1,1.0,1.0,-1.0,0.0,-0.3333333333333333,0.135,-1,-1,-1,0.356862745098039,0.694117647058824,0.803921568627451
125.91264629364014,0.0,0.05538065215431058,0.03,1,1,1,0.0,0.3333333333333333,0.12150000000000001,-1,-1,-1,1.0,1.0,-1.0,0.0,-0.3333333333333333,0.135,-1,-1,-1,0.356862745098039,0.694117647058824,0.803921568627451
125.94754576683044,0.0,0.05436709781790774,0.03,1,1,1,0.0,0.3333333333333333,0.12150000000000001,-1,-1,-1,1.0,1.0,-1.0,0.0,-0.3333333333333333,0.135,-1,-1,-1,0.356862745098039,0.694117647058824,0.803921568627451
125.98168325424194,0.0,0.053353543481504895,0.03,1,1,1,0.0,0.3333333333333333,0.12150000000000001,-1,-1,-1,1.0,1.0,-1.0,0.0,-0.3333333333333333,0.135,-1,-1,-1,0.356862745098039,0.694117647058824,0.803921568627451
126.01683616638184,0.0,0.05233998914510205,0.03,1,1,1,0.0,0.3333333333333333,0.12150000000000001,-1,-1,-1,1.0,1.0,-1.0,0.0,-0.3333333333333333,0.135,-1,-1,-1,0.356862745098039,0.694117647058824,0.803921568627451
126.05189442634583,0.0,0.05132643480869921,0.03,1,1,1,0.0,0.3333333333333333,0.12150000000000001,-1,-1,-1,1.0,1.0,-1.0,0.0,-0.3333333333333333,0.135,-1,-1,-1,0.356862745098039,0.694117647058824,0.803921568627451
126.08609318733215,0.0,0.050312880472296366,0.03,1,1,1,0.0,0.3333333333333333,0.12150000000000001,-1,-1,-1,1.0,1.0,-1.0,0.0,-0.3333333333333333,0.135,-1,-1,-1,0.356862745098039,0.694117647058824,0.803921568627451
126.12059807777405,0.0,0.04929932613589352,0.03,1,1,1,0.0,0.3333333333333333,0.12150000000000001,-1,-1,-1,1.0,1.0,-1.0,0.0,-0.3333333333333333,0.135,-1,-1,-1,0.356862745098039,0.694117647058824,0.803921568627451
126.15543007850647,0.0,0.04828577179949068,0.03,1,1,1,0.0,0.3333333333333333,0.12150000000000001,-1,-1,-1,1.0,1.0,-1.0,0.0,-0.3333333333333333,0.135,-1,-1,-1,0.356862745098039,0.694117647058824,0.803921568627451
126.19000363349915,0.0,0.04727221746308784,0.03,1,1,1,0.0,0.3333333333333333,0.12150000000000001,-1,-1,-1,1.0,1.0,-1.0,0.0,-0.3333333333333333,0.135,-1,-1,-1,0.356862745098039,0.694117647058824,0.803921568627451
126.22464799880981,0.0,0.046258663126684994,0.03,1,1,1,0.0,0.3333333333333333,0.12150000000000001,-1,-1,-1,1.0,1.0,-1.0,0.0,-0.3333333333333333,0.135,-1,-1,-1,0.356862745098039,0.694117647058824,0.803921568627451
126.26009106636047,0.0,0.04524510879028215,0.03,1,1,1,0.0,0.3333333333333333,0.12150000000000001,-1,-1,-1,1.0,1.0,-1.0,0.0,-0.3333333333333333,0.135,-1,-1,-1,0.356862745098039,0.694117647058824,0.803921568627451
126.29583764076233,0.0,0.04321771517343845,0.03,1,1,1,0.0,0.3333333333333333,0.12150000000000001,-1,-1,-1,1.0,1.0,-1.0,0.0,-0.3333333333333333,0.135,-1,-1,-1,0.356862745098039,0.694117647058824,0.803921568627451
126.32930302619934,0.0,0.041190321556594744,0.03,1,1,1,0.0,0.3333333333333333,0.12150000000000001,-1,-1,-1,1.0,1.0,-1.0,0.0,-0.3333333333333333,0.135,-1,-1,-1,0.356862745098039,0.694117647058824,0.803921568627451
126.36426949501038,0.0,0.03916292793975104,0.03,1,1,1,0.0,0.3333333333333333,0.12150000000000001,-1,-1,-1,1.0,1.0,-1.0,0.0,-0.3333333333333333,0.135,-1,-1,-1,0.356862745098039,0.694117647058824,0.803921568627451
126.39878797531128,0.0,0.03713553432290734,0.03,1,1,1,0.0,0.3333333333333333,0.12150000000000001,-1,-1,-1,1.0,1.0,-1.0,0.0,-0.3333333333333333,0.135,-1,-1,-1,0.356862745098039,0.694117647058824,0.803921568627451
126.4336040019989,0.0,0.035108140706063634,0.03,1,1,1,0.0,0.3333333333333333,0.12150000000000001,-1,-1,-1,1.0,1.0,-1.0,0.0,-0.3333333333333333,0.135,-1,-1,-1,0.356862745098039,0.694117647058824,0.803921568627451
126.46806812286377,0.0,0.03308074708921993,0.03,1,1,1,0.0,0.3333333333333333,0.12150000000000001,-1,-1,-1,1.0,1.0,-1.0,0.0,-0.3333333333333333,0.135,-1,-1,-1,0.356862745098039,0.694117647058824,0.803921568627451
126.5033802986145,0.0,0.031053353472376224,0.03,1,1,1,0.0,0.3333333333333333,0.12150000000000001,-1,-1,-1,1.0,1.0,-1.0,0.0,-0.3333333333333333,0.135,-1,-1,-1,0.356862745098039,0.694117647058824,0.803921568627451
126.53789949417114,0.0,0.029025959855532517,0.03,1,1,1,0.0,0.3333333333333333,0.12150000000000001,-1,-1,-1,1.0,1.0,-1.0,0.0,-0.3333333333333333,0.135,-1,-1,-1,0.356862745098039,0.694117647058824,0.803921568627451
126.57251763343811,0.0,0.026998566238688813,0.03,1,1,1,0.0,0.3333333333333333,0.12150000000000001,-1,-1,-1,1.0,1.0,-1.0,0.0,-0.3333333333333333,0.135,-1,-1,-1,0.356862745098039,0.694117647058824,0.803921568627451
126.60707592964172,0.0,0.02497117262184511,0.03,1,1,1,0.0,0.3333333333333333,0.12150000000000001,-1,-1,-1,1.0,1.0,-1.0,0.0,-0.3333333333333333,0.135,-1,-1,-1,0.356862745098039,0.694117647058824,0.803921568627451
126.64226627349854,0.0,0.022943779005001406,0.03,1,1,1,0.0,0.3333333333333333,0.12150000000000001,-1,-1,-1,1.0,1.0,-1.0,0.0,-0.3333333333333333,0.135,-1,-1,-1,0.356862745098039,0.694117647058824,0.803921568627451
126.67666721343994,0.0,0.020916385388157703,0.03,1,1,1,0.0,0.3333333333333333,0.12150000000000001,-1,-1,-1,1.0,1.0,-1.0,0.0,-0.3333333333333333,0.135,-1,-1,-1,0.356862745098039,0.694117647058824,0.803921568627451
126.71121788024902,0.0,0.018888991771314,0.03,1,1,1,0.0,0.3333333333333333,0.12150000000000001,-1,-1,-1,1.0,1.0,-1.0,0.0,-0.3333333333333333,0.135,-1,-1,-1,0.356862745098039,0.694117647058824,0.803921568627451
126.74617624282837,0.0,0.016861598154470296,0.03,1,1,1,0.0,0.3333333333333333,0.12150000000000001,-1,-1,-1,1.0,1.0,-1.0,0.0,-0.3333333333333333,0.135,-1,-1,-1,0.356862745098039,0.694117647058824,0.803921568627451
126.7808165550232,0.0,0.01483420453762659,0.03,1,1,1,0.0,0.3333333333333333,0.12150000000000001,-1,-1,-1,1.0,1.0,-1.0,0.0,-0.3333333333333333,0.135,-1,-1,-1,0.356862745098039,0.694117647058824,0.803921568627451
126.8156988620758,0.0,0.012806810920782877,0.03,1,1,1,0.0,0.3333333333333333,0.12150000000000001,-1,-1,-1,1.0,1.0,-1.0,0.0,-0.3333333333333333,0.135,-1,-1,-1,0.356862745098039,0.694117647058824,0.803921568627451
126.85025119781494,0.0,0.010779417303939165,0.03,1,1,1,0.0,0.3333333333333333,0.12150000000000001,-1,-1,-1,1.0,1.0,-1.0,0.0,-0.3333333333333333,0.135,-1,-1,-1,0.356862745098039,0.694117647058824,0.803921568627451
126.88513493537903,0.0,0.008752023687095453,0.03,1,1,1,0.0,0.3333333333333333,0.12150000000000001,-1,-1,-1,1.0,1.0,-1.0,0.0,-0.3333333333333333,0.135,-1,-1,-1,0.356862745098039,0.694117647058824,0.803921568627451
126.91943693161011,0.0,0.006724630070251744,0.03,1,1,1,0.0,0.3333333333333333,0.12150000000000001,-1,-1,-1,1.0,1.0,-1.0,0.0,-0.3333333333333333,0.135,-1,-1,-1,0.356862745098039,0.694117647058824,0.803921568627451
126.9542932510376,0.0,0.004697236453408036,0.03,1,1,1,0.0,0.3333333333333333,0.12150000000000001,-1,-1,-1,1.0,1.0,-1.0,0.0,-0.3333333333333333,0.135,-1,-1,-1,0.356862745098039,0.694117647058824,0.803921568627451
126.98925399780273,0.0,0.0026698428365643286,0.03,1,1,1,0.0,0.3333333333333333,0.12150000000000001,-1,-1,-1,1.0,1.0,-1.0,0.0,-0.3333333333333333,0.135,-1,-1,-1,0.356862745098039,0.694117647058824,0.803921568627451
127.02439284324646,0.0,0.0006424492197206207,0.03,1,1,1,0.0,0.3333333333333333,0.12150000000000001,-1,-1,-1,1.0,1.0,-1.0,0.0,-0.3333333333333333,0.135,-1,-1,-1,0.356862745098039,0.694117647058824,0.803921568627451
127.05930709838867,0.0,-0.0013849443971230874,0.03,1,1,1,0.0,0.3333333333333333,0.12150000000000001,-1,-1,-1,1.0,1.0,-1.0,0.0,-0.3333333333333333,0.135,-1,-1,-1,0.356862745098039,0.694117647058824,0.803921568627451
127.09380507469177,0.0,-0.003412338013966795,0.03,1,1,1,0.0,0.3333333333333333,0.12150000000000001,-1,-1,-1,1.0,1.0,-1.0,0.0,-0.3333333333333333,0.135,-1,-1,-1,0.356862745098039,0.694117647058824,0.803921568627451
127.12816619873047,0.0,-0.005439731630810503,0.03,1,1,1,0.0,0.3333333333333333,0.12150000000000001,-1,-1,-1,1.0,1.0,-1.0,0.0,-0.3333333333333333,0.135,-1,-1,-1,0.356862745098039,0.694117647058824,0.803921568627451
127.16305732727051,0.0,-0.00746712524765421,0.03,1,1,1,0.0,0.3333333333333333,0.12150000000000001,-1,-1,-1,1.0,1.0,-1.0,0.0,-0.3333333333333333,0.135,-1,-1,-1,0.356862745098039,0.694117647058824,0.803921568627451
127.19798636436462,0.0,-0.009494518864497922,0.03,1,1,1,0.0,0.3333333333333333,0.12150000000000001,-1,-1,-1,1.0,1.0,-1.0,0.0,-0.3333333333333333,0.135,-1,-1,-1,0.356862745098039,0.694117647058824,0.803921568627451
127.23225259780884,0.0,-0.011521912481341634,0.03,1,1,1,0.0,0.3333333333333333,0.12150000000000001,-1,-1,-1,1.0,1.0,-1.0,0.0,-0.3333333333333333,0.135,-1,-1,-1,0.356862745098039,0.694117647058824,0.803921568627451
127.26707458496094,0.0,-0.013549306098185346,0.03,1,1,1,0.0,0.3333333333333333,0.12150000000000001,-1,-1,-1,1.0,1.0,-1.0,0.0,-0.3333333333333333,0.135,-1,-1,-1,0.356862745098039,0.694117647058824,0.803921568627451
127.30206346511841,0.0,-0.015576699715029058,0.03,1,1,1,0.0,0.3333333333333333,0.12150000000000001,-1,-1,-1,1.0,1.0,-1.0,0.0,-0.3333333333333333,0.135,-1,-1,-1,0.356862745098039,0.694117647058824,0.803921568627451
127.33606886863708,0.0,-0.017604093331872763,0.03,1,1,1,0.0,0.3333333333333333,0.12150000000000001,-1,-1,-1,1.0,1.0,-1.0,0.0,-0.3333333333333333,0.135,-1,-1,-1,0.356862745098039,0.694117647058824,0.803921568627451
127.37048625946045,0.0,-0.019631486948716467,0.03,1,1,1,0.0,0.3333333333333333,0.12150000000000001,-1,-1,-1,1.0,1.0,-1.0,0.0,-0.3333333333333333,0.135,-1,-1,-1,0.356862745098039,0.694117647058824,0.803921568627451
127.40532660484314,0.0,-0.02165888056556017,0.03,1,1,1,0.0,0.3333333333333333,0.12150000000000001,-1,-1,-1,1.0,1.0,-1.0,0.0,-0.3333333333333333,0.135,-1,-1,-1,0.356862745098039,0.694117647058824,0.803921568627451
127.44011974334717,0.0,-0.023686274182403873,0.03,1,1,1,0.0,0.3333333333333333,0.12150000000000001,-1,-1,-1,1.0,1.0,-1.0,0.0,-0.3333333333333333,0.135,-1,-1,-1,0.356862745098039,0.694117647058824,0.803921568627451
127.47539901733398,0.0,-0.025451381474968043,0.03,1,1,1,0.0,0.3333333333333333,0.12150000000000001,-1,-1,-1,1.0,1.0,-1.0,0.0,-0.3333333333333333,0.135,-1,-1,-1,0.356862745098039,0.694117647058824,0.803921568627451
127.50957369804382,0.0,-0.02682305928111291,0.03,1,1,1,0.0,0.3333333333333333,0.12150000000000001,-1,-1,-1,1.0,1.0,-1.0,0.0,-0.3333333333333333,0.135,-1,-1,-1,0.356862745098039,0.694117647058824,0.803921568627451
127.54441499710083,0.0,-0.02819473708725778,0.03,1,1,1,0.0,0.3333333333333333,0.12150000000000001,-1,-1,-1,1.0,1.0,-1.0,0.0,-0.3333333333333333,0.135,-1,-1,-1,0.356862745098039,0.694117647058824,0.803921568627451
127.57895803451538,0.0,-0.029566414893402646,0.03,1,1,1,0.0,0.3333333333333333,0.12150000000000001,-1,-1,-1,1.0,1.0,-1.0,0.0,-0.3333333333333333,0.135,-1,-1,-1,0.356862745098039,0.694117647058824,0.803921568627451
127.61444640159607,0.0,-0.03093809269954751,0.03,1,1,1,0.0,0.3333333333333333,0.12150000000000001,-1,-1,-1,1.0,1.0,-1.0,0.0,-0.3333333333333333,0.135,-1,-1,-1,0.356862745098039,0.694117647058824,0.803921568627451
127.64935874938965,0.0,-0.03230977050569238,0.03,1,1,1,0.0,0.3333333333333333,0.12150000000000001,-1,-1,-1,1.0,1.0,-1.0,0.0,-0.3333333333333333,0.135,-1,-1,-1,0.356862745098039,0.694117647058824,0.803921568627451
127.68355560302734,0.0,-0.033681448311837246,0.03,1,1,1,0.0,0.3333333333333333,0.12150000000000001,-1,-1,-1,1.0,1.0,-1.0,0.0,-0.3333333333333333,0.135,-1,-1,-1,0.356862745098039,0.694117647058824,0.803921568627451
127.71840763092041,0.0,-0.035053126117982114,0.03,1,1,1,0.0,0.3333333333333333,0.12150000000000001,-1,-1,-1,1.0,1.0,-1.0,0.0,-0.3333333333333333,0.135,-1,-1,-1,0.356862745098039,0.694117647058824,0.803921568627451
127.75307369232178,0.0,-0.03642480392412698,0.03,1,1,1,0.0,0.3333333333333333,0.12150000000000001,-1,-1,-1,1.0,1.0,-1.0,0.0,-0.3333333333333333,0.135,-1,-1,-1,0.356862745098039,0.694117647058824,0.803921568627451
127.7877893447876,0.0,-0.03779648173027185,0.03,1,1,1,0.0,0.3333333333333333,0.12150000000000001,-1,-1,-1,1.0,1.0,-1.0,0.0,-0.3333333333333333,0.135,-1,-1,-1,0.356862745098039,0.694117647058824,0.803921568627451
127.82240605354309,0.0,-0.03916815953641672,0.03,1,1,1,0.0,0.3333333333333333,0.12150000000000001,-1,-1,-1,1.0,1.0,-1.0,0.0,-0.3333333333333333,0.135,-1,-1,-1,0.356862745098039,0.694117647058824,0.803921568627451
127.85719680786133,0.0,-0.040539837342561585,0.03,1,1,1,0.0,0.3333333333333333,0.12150000000000001,-1,-1,-1,1.0,1.0,-1.0,0.0,-0.3333333333333333,0.135,-1,-1,-1,0.356862745098039,0.694117647058824,0.803921568627451
127.89160823822021,0.0,-0.04191151514870645,0.03,1,1,1,0.0,0.3333333333333333,0.12150000000000001,-1,-1,-1,1.0,1.0,-1.0,0.0,-0.3333333333333333,0.135,-1,-1,-1,0.356862745098039,0.694117647058824,0.803921568627451
127.92618989944458,0.0,-0.04328319295485132,0.03,1,1,1,0.0,0.3333333333333333,0.12150000000000001,-1,-1,-1,1.0,1.0,-1.0,0.0,-0.3333333333333333,0.135,-1,-1,-1,0.356862745098039,0.694117647058824,0.803921568627451
127.96108055114746,0.0,-0.04465487076099619,0.03,1,1,1,0.0,0.3333333333333333,0.12150000000000001,-1,-1,-1,1.0,1.0,-1.0,0.0,-0.3333333333333333,0.135,-1,-1,-1,0.356862745098039,0.694117647058824,0.803921568627451
127.99559617042542,0.0,-0.04602654856714106,0.03,1,1,1,0.0,0.3333333333333333,0.12150000000000001,-1,-1,-1,1.0,1.0,-1.0,0.0,-0.3333333333333333,0.135,-1,-1,-1,0.356862745098039,0.694117647058824,0.803921568627451
128.03108024597168,0.0,-0.047398226373285925,0.03,1,1,1,0.0,0.3333333333333333,0.12150000000000001,-1,-1,-1,1.0,1.0,-1.0,0.0,-0.3333333333333333,0.135,-1,-1,-1,0.356862745098039,0.694117647058824,0.803921568627451
128.065753698349,0.0,-0.04876990417943079,0.03,1,1,1,0.0,0.3333333333333333,0.12150000000000001,-1,-1,-1,1.0,1.0,-1.0,0.0,-0.3333333333333333,0.135,-1,-1,-1,0.356862745098039,0.694117647058824,0.803921568627451
128.1004569530487,0.0,-0.05014158198557566,0.03,1,1,1,0.0,0.3333333333333333,0.12150000000000001,-1,-1,-1,1.0,1.0,-1.0,0.0,-0.3333333333333333,0.135,-1,-1,-1,0.356862745098039,0.694117647058824,0.803921568627451
128.13603711128235,0.0,-0.05151325979172053,0.03,1,1,1,0.0,0.3333333333333333,0.12150000000000001,-1,-1,-1,1.0,1.0,-1.0,0.0,-0.3333333333333333,0.135,-1,-1,-1,0.356862745098039,0.694117647058824,0.803921568627451
128.17072796821594,0.0,-0.052884937597865396,0.03,1,1,1,0.0,0.3333333333333333,0.12150000000000001,-1,-1,-1,1.0,1.0,-1.0,0.0,-0.3333333333333333,0.135,-1,-1,-1,0.356862745098039,0.694117647058824,0.803921568627451
128.20539116859436,0.0,-0.054256615404010264,0.03,1,1,1,0.0,0.3333333333333333,0.12150000000000001,-1,-1,-1,1.0,1.0,-1.0,0.0,-0.3333333333333333,0.135,-1,-1,-1,0.356862745098039,0.694117647058824,0.803921568627451
128.2394483089447,0.0,-0.05562829321015513,0.03,1,1,1,0.0,0.3333333333333333,0.12150000000000001,-1,-1,-1,1.0,1.0,-1.0,0.0,-0.3333333333333333,0.135,-1,-1,-1,0.356862745098039,0.694117647058824,0.803921568627451
128.27405071258545,0.0,-0.0569999710163,0.03,1,1,1,0.0,0.3333333333333333,0.12150000000000001,-1,-1,-1,1.0,1.0,-1.0,0.0,-0.3333333333333333,0.135,-1,-1,-1,0.356862745098039,0.694117647058824,0.803921568627451
128.30899500846863,0.0,-0.05837164882244487,0.03,1,1,1,0.0,0.3333333333333333,0.12150000000000001,-1,-1,-1,1.0,1.0,-1.0,0.0,-0.3333333333333333,0.135,-1,-1,-1,0.356862745098039,0.694117647058824,0.803921568627451
128.34371995925903,0.0,-0.059743326628589735,0.03,1,1,1,0.0,0.3333333333333333,0.12150000000000001,-1,-1,-1,1.0,1.0,-1.0,0.0,-0.3333333333333333,0.135,-1,-1,-1,0.356862745098039,0.694117647058824,0.803921568627451
128.37843084335327,0.0,-0.061115004434734596,0.03,1,1,1,0.0,0.3333333333333333,0.12150000000000001,-1,-1,-1,1.0,1.0,-1.0,0.0,-0.3333333333333333,0.135,-1,-1,-1,0.356862745098039,0.694117647058824,0.803921568627451
128.41350984573364,0.0,-0.06248668224087946,0.03,1,1,1,0.0,0.3333333333333333,0.12150000000000001,-1,-1,-1,1.0,1.0,-1.0,0.0,-0.3333333333333333,0.135,-1,-1,-1,0.356862745098039,0.694117647058824,0.803921568627451
128.44812059402466,0.0,-0.06385836004702436,0.03,1,1,1,0.0,0.3333333333333333,0.12150000000000001,-1,-1,-1,1.0,1.0,-1.0,0.0,-0.3333333333333333,0.135,-1,-1,-1,0.356862745098039,0.694117647058824,0.803921568627451
128.48295092582703,0.0,-0.06523003785316926,0.03,1,1,1,0.0,0.3333333333333333,0.12150000000000001,-1,-1,-1,1.0,1.0,-1.0,0.0,-0.3333333333333333,0.135,-1,-1,-1,0.356862745098039,0.694117647058824,0.803921568627451
128.5173156261444,0.0,-0.06660171565931416,0.03,1,1,1,0.0,0.3333333333333333,0.12150000000000001,-1,-1,-1,1.0,1.0,-1.0,0.0,-0.3333333333333333,0.135,-1,-1,-1,0.356862745098039,0.694117647058824,0.803921568627451
128.5521776676178,0.0,-0.06797339346545907,0.03,1,1,1,0.0,0.3333333333333333,0.12150000000000001,-1,-1,-1,1.0,1.0,-1.0,0.0,-0.3333333333333333,0.135,-1,-1,-1,0.356862745098039,0.694117647058824,0.803921568627451
128.5870430469513,0.0,-0.06934507127160397,0.03,1,1,1,0.0,0.3333333333333333,0.12150000000000001,-1,-1,-1,1.0,1.0,-1.0,0.0,-0.3333333333333333,0.135,-1,-1,-1,0.356862745098039,0.694117647058824,0.803921568627451
128.62180042266846,0.0,-0.07071674907774887,0.03,1,1,1,0.0,0.3333333333333333,0.12150000000000001,-1,-1,-1,1.0,1.0,-1.0,0.0,-0.3333333333333333,0.135,-1,-1,-1,0.356862745098039,0.694117647058824,0.803921568627451
128.65648698806763,0.0,-0.07208842688389377,0.03,1,1,1,0.0,0.3333333333333333,0.12150000000000001,-1,-1,-1,1.0,1.0,-1.0,0.0,-0.3333333333333333,0.135,-1,-1,-1,0.356862745098039,0.694117647058824,0.803921568627451
128.6912865638733,0.0,-0.0738435829160168,0.03,1,1,1,0.0,0.3333333333333333,0.12150000000000001,-1,-1,-1,1.0,1.0,-1.0,0.0,-0.3333333333333333,0.135,-1,-1,-1,0.356862745098039,0.694117647058824,0.803921568627451
128.72575569152832,0.0,-0.07569460850463434,0.03,1,1,1,0.0,0.3333333333333333,0.12150000000000001,-1,-1,-1,1.0,1.0,-1.0,0.0,-0.3333333333333333,0.135,-1,-1,-1,0.356862745098039,0.694117647058824,0.803921568627451
128.75987601280212,0.0,-0.0775456340932519,0.03,1,1,1,0.0,0.3333333333333333,0.12150000000000001,-1,-1,-1,1.0,1.0,-1.0,0.0,-0.3333333333333333,0.135,-1,-1,-1,0.356862745098039,0.694117647058824,0.803921568627451
128.79505491256714,0.0,-0.07939665968186944,0.03,1,1,1,0.0,0.3333333333333333,0.12150000000000001,-1,-1,-1,1.0,1.0,-1.0,0.0,-0.3333333333333333,0.135,-1,-1,-1,0.356862745098039,0.694117647058824,0.803921568627451
128.82964730262756,0.0,-0.081247685270487,0.03,1,1,1,0.0,0.3333333333333333,0.12150000000000001,-1,-1,-1,1.0,1.0,-1.0,0.0,-0.3333333333333333,0.135,-1,-1,-1,0.356862745098039,0.694117647058824,0.803921568627451
128.86417174339294,0.0,-0.08309871085910454,0.03,1,1,1,0.0,0.3333333333333333,0.12150000000000001,-1,-1,-1,1.0,1.0,-1.0,0.0,-0.3333333333333333,0.135,-1,-1,-1,0.356862745098039,0.694117647058824,0.803921568627451
128.89940857887268,0.0,-0.0849497364477221,0.03,1,1,1,0.0,0.3333333333333333,0.12150000000000001,-1,-1,-1,1.0,1.0,-1.0,0.0,-0.3333333333333333,0.135,-1,-1,-1,0.356862745098039,0.694117647058824,0.803921568627451
128.93367981910706,0.0,-0.08680076203633964,0.03,1,1,1,0.0,0.3333333333333333,0.12150000000000001,-1,-1,-1,1.0,1.0,-1.0,0.0,-0.3333333333333333,0.135,-1,-1,-1,0.356862745098039,0.694117647058824,0.803921568627451
128.96795463562012,0.0,-0.08865178762495719,0.03,1,1,1,0.0,0.3333333333333333,0.12150000000000001,-1,-1,-1,1.0,1.0,-1.0,0.0,-0.3333333333333333,0.135,-1,-1,-1,0.356862745098039,0.694117647058824,0.803921568627451
129.0028579235077,0.0,-0.09050281321357474,0.03,1,1,1,0.0,0.3333333333333333,0.12150000000000001,-1,-1,-1,1.0,1.0,-1.0,0.0,-0.3333333333333333,0.135,-1,-1,-1,0.356862745098039,0.694117647058824,0.803921568627451
129.0381293296814,0.0,-0.09235383880219229,0.03,1,1,1,0.0,0.3333333333333333,0.12150000000000001,-1,-1,-1,1.0,1.0,-1.0,0.0,-0.3333333333333333,0.135,-1,-1,-1,0.356862745098039,0.694117647058824,0.803921568627451
129.0730004310608,0.0,-0.09420486439080984,0.03,1,1,1,0.0,0.3333333333333333,0.12150000000000001,-1,-1,-1,1.0,1.0,-1.0,0.0,-0.3333333333333333,0.135,-1,-1,-1,0.356862745098039,0.694117647058824,0.803921568627451
129.1072404384613,0.0,-0.09605588997942739,0.03,1,1,1,0.0,0.3333333333333333,0.12150000000000001,-1,-1,-1,1.0,1.0,-1.0,0.0,-0.3333333333333333,0.135,-1,-1,-1,0.356862745098039,0.694117647058824,0.803921568627451
129.14140939712524,0.0,-0.09790691556804494,0.03,1,1,1,0.0,0.3333333333333333,0.12150000000000001,-1,-1,-1,1.0,1.0,-1.0,0.0,-0.3333333333333333,0.135,-1,-1,-1,0.356862745098039,0.694117647058824,0.803921568627451
129.1767463684082,0.0,-0.09975794115666249,0.03,1,1,1,0.0,0.3333333333333333,0.12150000000000001,-1,-1,-1,1.0,1.0,-1.0,0.0,-0.3333333333333333,0.135,-1,-1,-1,0.356862745098039,0.694117647058824,0.803921568627451
129.21182537078857,0.0,-0.10160896674528004,0.03,1,1,1,0.0,0.3333333333333333,0.12150000000000001,-1,-1,-1,1.0,1.0,-1.0,0.0,-0.3333333333333333,0.135,-1,-1,-1,0.356862745098039,0.694117647058824,0.803921568627451
129.24562406539917,0.0,-0.10345999233389759,0.03,1,1,1,0.0,0.3333333333333333,0.12150000000000001,-1,-1,-1,1.0,1.0,-1.0,0.0,-0.3333333333333333,0.135,-1,-1,-1,0.356862745098039,0.694117647058824,0.803921568627451
129.28075098991394,0.0,-0.10531101792251514,0.03,1,1,1,0.0,0.3333333333333333,0.12150000000000001,-1,-1,-1,1.0,1.0,-1.0,0.0,-0.3333333333333333,0.135,-1,-1,-1,0.356862745098039,0.694117647058824,0.803921568627451
129.31582903862,0.0,-0.10716204351113269,0.03,1,1,1,0.0,0.3333333333333333,0.12150000000000001,-1,-1,-1,1.0,1.0,-1.0,0.0,-0.3333333333333333,0.135,-1,-1,-1,0.356862745098039,0.694117647058824,0.803921568627451
129.34995579719543,0.0,-0.10901306909975024,0.03,1,1,1,0.0,0.3333333333333333,0.12150000000000001,-1,-1,-1,1.0,1.0,-1.0,0.0,-0.3333333333333333,0.135,-1,-1,-1,0.356862745098039,0.694117647058824,0.803921568627451
129.38449788093567,0.0,-0.11086409468836779,0.03,1,1,1,0.0,0.3333333333333333,0.12150000000000001,-1,-1,-1,1.0,1.0,-1.0,0.0,-0.3333333333333333,0.135,-1,-1,-1,0.356862745098039,0.694117647058824,0.803921568627451
129.42028141021729,0.0,-0.11271512027698534,0.03,1,1,1,0.0,0.3333333333333333,0.12150000000000001,-1,-1,-1,1.0,1.0,-1.0,0.0,-0.3333333333333333,0.135,-1,-1,-1,0.356862745098039,0.694117647058824,0.803921568627451
129.45468878746033,0.0,-0.11456614586560289,0.03,1,1,1,0.0,0.3333333333333333,0.12150000000000001,-1,-1,-1,1.0,1.0,-1.0,0.0,-0.3333333333333333,0.135,-1,-1,-1,0.356862745098039,0.694117647058824,0.803921568627451
129.48948001861572,0.0,-0.11641717145422044,0.03,1,1,1,0.0,0.3333333333333333,0.12150000000000001,-1,-1,-1,1.0,1.0,-1.0,0.0,-0.3333333333333333,0.135,-1,-1,-1,0.356862745098039,0.694117647058824,0.803921568627451
129.5241322517395,0.0,-0.11826819704283799,0.03,1,1,1,0.0,0.3333333333333333,0.12150000000000001,-1,-1,-1,1.0,1.0,-1.0,0.0,-0.3333333333333333,0.135,-1,-1,-1,0.356862745098039,0.694117647058824,0.803921568627451
129.5583701133728,0.0,-0.12011922263145557,0.03,1,1,1,0.0,0.3333333333333333,0.12150000000000001,-1,-1,-1,1.0,1.0,-1.0,0.0,-0.3333333333333333,0.135,-1,-1,-1,0.356862745098039,0.694117647058824,0.803921568627451
129.59326028823853,0.0,-0.12197024822007316,0.03,1,1,1,0.0,0.3333333333333333,0.12150000000000001,-1,-1,-1,1.0,1.0,-1.0,0.0,-0.3333333333333333,0.135,-1,-1,-1,0.356862745098039,0.694117647058824,0.803921568627451
129.62762904167175,0.0,-0.12382127380869073,0.03,1,1,1,0.0,0.3333333333333333,0.12150000000000001,-1,-1,-1,1.0,1.0,-1.0,0.0,-0.3333333333333333,0.135,-1,-1,-1,0.356862745098039,0.694117647058824,0.803921568627451
129.6625030040741,0.0,-0.1256722993973083,0.03,1,1,1,0.0,0.3333333333333333,0.12150000000000001,-1,-1,-1,1.0,1.0,-1.0,0.0,-0.3333333333333333,0.135,-1,-1,-1,0.356862745098039,0.694117647058824,0.803921568627451
129.69708847999573,0.0,-0.12752332498592586,0.03,1,1,1,0.0,0.3333333333333333,0.12150000000000001,-1,-1,-1,1.0,1.0,-1.0,0.0,-0.3333333333333333,0.135,-1,-1,-1,0.356862745098039,0.694117647058824,0.803921568627451
129.73177194595337,0.0,-0.1293743505745434,0.03,1,1,1,0.0,0.3333333333333333,0.12150000000000001,-1,-1,-1,1.0,1.0,-1.0,0.0,-0.3333333333333333,0.135,-1,-1,-1,0.356862745098039,0.694117647058824,0.803921568627451
129.76668286323547,0.0,-0.13122537616316096,0.03,1,1,1,0.0,0.3333333333333333,0.12150000000000001,-1,-1,-1,1.0,1.0,-1.0,0.0,-0.3333333333333333,0.135,-1,-1,-1,0.356862745098039,0.694117647058824,0.803921568627451
129.80189609527588,0.0,-0.1330764017517785,0.03,1,1,1,0.0,0.3333333333333333,0.12150000000000001,-1,-1,-1,1.0,1.0,-1.0,0.0,-0.3333333333333333,0.135,-1,-1,-1,0.356862745098039,0.694117647058824,0.803921568627451
129.83602380752563,0.0,-0.13492742734039606,0.03,1,1,1,0.0,0.3333333333333333,0.12150000000000001,-1,-1,-1,1.0,1.0,-1.0,0.0,-0.3333333333333333,0.135,-1,-1,-1,0.356862745098039,0.694117647058824,0.803921568627451
129.87121629714966,0.0,-0.1365556783797267,0.03,1,1,1,0.0,0.3333333333333333,0.12150000000000001,-1,-1,-1,1.0,1.0,-1.0,0.0,-0.3333333333333333,0.135,-1,-1,-1,0.356862745098039,0.694117647058824,0.803921568627451
129.90593028068542,0.0,-0.13729283122190974,0.03,1,1,1,0.0,0.3333333333333333,0.12150000000000001,-1,-1,-1,1.0,1.0,-1.0,0.0,-0.3333333333333333,0.135,-1,-1,-1,0.356862745098039,0.694117647058824,0.803921568627451
129.94021821022034,0.0,-0.13802998406409278,0.03,1,1,1,0.0,0.3333333333333333,0.12150000000000001,-1,-1,-1,1.0,1.0,-1.0,0.0,-0.3333333333333333,0.135,-1,-1,-1,0.356862745098039,0.694117647058824,0.803921568627451
129.97551608085632,0.0,-0.13876713690627582,0.03,1,1,1,0.0,0.3333333333333333,0.12150000000000001,-1,-1,-1,1.0,1.0,-1.0,0.0,-0.3333333333333333,0.135,-1,-1,-1,0.356862745098039,0.694117647058824,0.803921568627451
130.00964069366455,0.0,-0.13950428974845885,0.03,1,1,1,0.0,0.3333333333333333,0.12150000000000001,-1,-1,-1,1.0,1.0,-1.0,0.0,-0.3333333333333333,0.135,-1,-1,-1,0.356862745098039,0.694117647058824,0.803921568627451
130.04424595832825,0.0,-0.1402414425906419,0.03,1,1,1,0.0,0.3333333333333333,0.12150000000000001,-1,-1,-1,1.0,1.0,-1.0,0.0,-0.3333333333333333,0.135,-1,-1,-1,0.356862745098039,0.694117647058824,0.803921568627451
130.07993412017822,0.0,-0.14097859543282493,0.03,1,1,1,0.0,0.3333333333333333,0.12150000000000001,-1,-1,-1,1.0,1.0,-1.0,0.0,-0.3333333333333333,0.135,-1,-1,-1,0.356862745098039,0.694117647058824,0.803921568627451
130.1143045425415,0.0,-0.14171574827500796,0.03,1,1,1,0.0,0.3333333333333333,0.12150000000000001,-1,-1,-1,1.0,1.0,-1.0,0.0,-0.3333333333333333,0.135,-1,-1,-1,0.356862745098039,0.694117647058824,0.803921568627451
130.1494061946869,0.0,-0.142452901117191,0.03,1,1,1,0.0,0.3333333333333333,0.12150000000000001,-1,-1,-1,1.0,1.0,-1.0,0.0,-0.3333333333333333,0.135,-1,-1,-1,0.356862745098039,0.694117647058824,0.803921568627451
130.1842381954193,0.0,-0.14319005395937404,0.03,1,1,1,0.0,0.3333333333333333,0.12150000000000001,-1,-1,-1,1.0,1.0,-1.0,0.0,-0.3333333333333333,0.135,-1,-1,-1,0.356862745098039,0.694117647058824,0.803921568627451
130.21814823150635,0.0,-0.14392720680155707,0.03,1,1,1,0.0,0.3333333333333333,0.12150000000000001,-1,-1,-1,1.0,1.0,-1.0,0.0,-0.3333333333333333,0.135,-1,-1,-1,0.356862745098039,0.694117647058824,0.803921568627451
130.2529685497284,0.0,-0.1446643596437401,0.03,1,1,1,0.0,0.3333333333333333,0.12150000000000001,-1,-1,-1,1.0,1.0,-1.0,0.0,-0.3333333333333333,0.135,-1,-1,-1,0.356862745098039,0.694117647058824,0.803921568627451
130.28757166862488,0.0,-0.14540151248592315,0.03,1,1,1,0.0,0.3333333333333333,0.12150000000000001,-1,-1,-1,1.0,1.0,-1.0,0.0,-0.3333333333333333,0.135,-1,-1,-1,0.356862745098039,0.694117647058824,0.803921568627451
130.32245683670044,0.0,-0.14613866532810618,0.03,1,1,1,0.0,0.3333333333333333,0.12150000000000001,-1,-1,-1,1.0,1.0,-1.0,0.0,-0.3333333333333333,0.135,-1,-1,-1,0.356862745098039,0.694117647058824,0.803921568627451
130.35693287849426,0.0,-0.14687581817028922,0.03,1,1,1,0.0,0.3333333333333333,0.12150000000000001,-1,-1,-1,1.0,1.0,-1.0,0.0,-0.3333333333333333,0.135,-1,-1,-1,0.356862745098039,0.694117647058824,0.803921568627451
130.39171600341797,0.0,-0.14761297101247225,0.03,1,1,1,0.0,0.3333333333333333,0.12150000000000001,-1,-1,-1,1.0,1.0,-1.0,0.0,-0.3333333333333333,0.135,-1,-1,-1,0.356862745098039,0.694117647058824,0.803921568627451
130.42629671096802,0.0,-0.1483501238546553,0.03,1,1,1,0.0,0.3333333333333333,0.12150000000000001,-1,-1,-1,1.0,1.0,-1.0,0.0,-0.3333333333333333,0.135,-1,-1,-1,0.356862745098039,0.694117647058824,0.803921568627451
130.46175479888916,0.0,-0.14908727669683833,0.03,1,1,1,0.0,0.3333333333333333,0.12150000000000001,-1,-1,-1,1.0,1.0,-1.0,0.0,-0.3333333333333333,0.135,-1,-1,-1,0.356862745098039,0.694117647058824,0.803921568627451
130.4957354068756,0.0,-0.14982442953902136,0.03,1,1,1,0.0,0.3333333333333333,0.12150000000000001,-1,-1,-1,1.0,1.0,-1.0,0.0,-0.3333333333333333,0.135,-1,-1,-1,0.356862745098039,0.694117647058824,0.803921568627451
130.53063869476318,0.0,-0.1505615823812044,0.03,1,1,1,0.0,0.3333333333333333,0.12150000000000001,-1,-1,-1,1.0,1.0,-1.0,0.0,-0.3333333333333333,0.135,-1,-1,-1,0.356862745098039,0.694117647058824,0.803921568627451
130.56533575057983,0.0,-0.15129873522338744,0.03,1,1,1,0.0,0.3333333333333333,0.12150000000000001,-1,-1,-1,1.0,1.0,-1.0,0.0,-0.3333333333333333,0.135,-1,-1,-1,0.356862745098039,0.694117647058824,0.803921568627451
130.6000735759735,0.0,-0.15203588806557047,0.03,1,1,1,0.0,0.3333333333333333,0.12150000000000001,-1,-1,-1,1.0,1.0,-1.0,0.0,-0.3333333333333333,0.135,-1,-1,-1,0.356862745098039,0.694117647058824,0.803921568627451
130.63470101356506,0.0,-0.1527730409077535,0.03,1,1,1,0.0,0.3333333333333333,0.12150000000000001,-1,-1,-1,1.0,1.0,-1.0,0.0,-0.3333333333333333,0.135,-1,-1,-1,0.356862745098039,0.694117647058824,0.803921568627451
130.66973495483398,0.0,-0.15351019374993655,0.03,1,1,1,0.0,0.3333333333333333,0.12150000000000001,-1,-1,-1,1.0,1.0,-1.0,0.0,-0.3333333333333333,0.135,-1,-1,-1,0.356862745098039,0.694117647058824,0.803921568627451
130.70409417152405,0.0,-0.15424734659211958,0.03,1,1,1,0.0,0.3333333333333333,0.12150000000000001,-1,-1,-1,1.0,1.0,-1.0,0.0,-0.3333333333333333,0.135,-1,-1,-1,0.356862745098039,0.694117647058824,0.803921568627451
130.73884320259094,0.0,-0.15498449943430262,0.03,1,1,1,0.0,0.3333333333333333,0.12150000000000001,-1,-1,-1,1.0,1.0,-1.0,0.0,-0.3333333333333333,0.135,-1,-1,-1,0.356862745098039,0.694117647058824,0.803921568627451
130.77366399765015,0.0,-0.15572165227648566,0.03,1,1,1,0.0,0.3333333333333333,0.12150000000000001,-1,-1,-1,1.0,1.0,-1.0,0.0,-0.3333333333333333,0.135,-1,-1,-1,0.356862745098039,0.694117647058824,0.803921568627451
130.80847239494324,0.0,-0.1564588051186687,0.03,1,1,1,0.0,0.3333333333333333,0.12150000000000001,-1,-1,-1,1.0,1.0,-1.0,0.0,-0.3333333333333333,0.135,-1,-1,-1,0.356862745098039,0.694117647058824,0.803921568627451
130.84296798706055,0.0,-0.15719595796085173,0.03,1,1,1,0.0,0.3333333333333333,0.12150000000000001,-1,-1,-1,1.0,1.0,-1.0,0.0,-0.3333333333333333,0.135,-1,-1,-1,0.356862745098039,0.694117647058824,0.803921568627451
130.8782603740692,0.0,-0.15793311080303477,0.03,1,1,1,0.0,0.3333333333333333,0.12150000000000001,-1,-1,-1,1.0,1.0,-1.0,0.0,-0.3333333333333333,0.135,-1,-1,-1,0.356862745098039,0.694117647058824,0.803921568627451
130.9128222465515,0.0,-0.1586702636452178,0.03,1,1,1,0.0,0.3333333333333333,0.12150000000000001,-1,-1,-1,1.0,1.0,-1.0,0.0,-0.3333333333333333,0.135,-1,-1,-1,0.356862745098039,0.694117647058824,0.803921568627451
130.94745802879333,0.0,-0.15940741648740084,0.03,1,1,1,0.0,0.3333333333333333,0.12150000000000001,-1,-1,-1,1.0,1.0,-1.0,0.0,-0.3333333333333333,0.135,-1,-1,-1,0.356862745098039,0.694117647058824,0.803921568627451
130.98295521736145,0.0,-0.16014456932958387,0.03,1,1,1,0.0,0.3333333333333333,0.12150000000000001,-1,-1,-1,1.0,1.0,-1.0,0.0,-0.3333333333333333,0.135,-1,-1,-1,0.356862745098039,0.694117647058824,0.803921568627451
131.0171298980713,0.0,-0.1608817221717669,0.03,1,1,1,0.0,0.3333333333333333,0.12150000000000001,-1,-1,-1,1.0,1.0,-1.0,0.0,-0.3333333333333333,0.135,-1,-1,-1,0.356862745098039,0.694117647058824,0.803921568627451
131.052227973938,0.0,-0.16161887501394995,0.03,1,1,1,0.0,0.3333333333333333,0.12150000000000001,-1,-1,-1,1.0,1.0,-1.0,0.0,-0.3333333333333333,0.135,-1,-1,-1,0.356862745098039,0.694117647058824,0.803921568627451
131.08675169944763,0.0,-0.1623896087193457,0.03,1,1,1,0.0,0.3333333333333333,0.12150000000000001,-1,-1,-1,1.0,1.0,-1.0,0.0,-0.3333333333333333,0.135,-1,-1,-1,0.356862745098039,0.694117647058824,0.803921568627451
131.12140083312988,0.0,-0.1631827296668833,0.03,1,1,1,0.0,0.3333333333333333,0.12150000000000001,-1,-1,-1,1.0,1.0,-1.0,0.0,-0.3333333333333333,0.135,-1,-1,-1,0.356862745098039,0.694117647058824,0.803921568627451
131.15607929229736,0.0,-0.16397585061442088,0.03,1,1,1,0.0,0.3333333333333333,0.12150000000000001,-1,-1,-1,1.0,1.0,-1.0,0.0,-0.3333333333333333,0.135,-1,-1,-1,0.356862745098039,0.694117647058824,0.803921568627451
131.19081115722656,0.0,-0.16476897156195847,0.03,1,1,1,0.0,0.3333333333333333,0.12150000000000001,-1,-1,-1,1.0,1.0,-1.0,0.0,-0.3333333333333333,0.135,-1,-1,-1,0.356862745098039,0.694117647058824,0.803921568627451
131.22559666633606,0.0,-0.16556209250949605,0.03,1,1,1,0.0,0.3333333333333333,0.12150000000000001,-1,-1,-1,1.0,1.0,-1.0,0.0,-0.3333333333333333,0.135,-1,-1,-1,0.356862745098039,0.694117647058824,0.803921568627451
131.26028108596802,0.0,-0.16635521345703363,0.03,1,1,1,0.0,0.3333333333333333,0.12150000000000001,-1,-1,-1,1.0,1.0,-1.0,0.0,-0.3333333333333333,0.135,-1,-1,-1,0.356862745098039,0.694117647058824,0.803921568627451
131.29494190216064,0.0,-0.16714833440457122,0.03,1,1,1,0.0,0.3333333333333333,0.12150000000000001,-1,-1,-1,1.0,1.0,-1.0,0.0,-0.3333333333333333,0.135,-1,-1,-1,0.356862745098039,0.694117647058824,0.803921568627451
131.32966899871826,0.0,-0.1679414553521088,0.03,1,1,1,0.0,0.3333333333333333,0.12150000000000001,-1,-1,-1,1.0,1.0,-1.0,0.0,-0.3333333333333333,0.135,-1,-1,-1,0.356862745098039,0.694117647058824,0.803921568627451
131.36446118354797,0.0,-0.1687345762996464,0.03,1,1,1,0.0,0.3333333333333333,0.12150000000000001,-1,-1,-1,1.0,1.0,-1.0,0.0,-0.3333333333333333,0.135,-1,-1,-1,0.356862745098039,0.694117647058824,0.803921568627451
131.39908981323242,0.0,-0.16952769724718397,0.03,1,1,1,0.0,0.3333333333333333,0.12150000000000001,-1,-1,-1,1.0,1.0,-1.0,0.0,-0.3333333333333333,0.135,-1,-1,-1,0.356862745098039,0.694117647058824,0.803921568627451
131.43379378318787,0.0,-0.17032081819472156,0.03,1,1,1,0.0,0.3333333333333333,0.12150000000000001,-1,-1,-1,1.0,1.0,-1.0,0.0,-0.3333333333333333,0.135,-1,-1,-1,0.356862745098039,0.694117647058824,0.803921568627451
131.4690728187561,0.0,-0.17111393914225914,0.03,1,1,1,0.0,0.3333333333333333,0.12150000000000001,-1,-1,-1,1.0,1.0,-1.0,0.0,-0.3333333333333333,0.135,-1,-1,-1,0.356862745098039,0.694117647058824,0.803921568627451
131.50308632850647,0.0,-0.17190706008979673,0.03,1,1,1,0.0,0.3333333333333333,0.12150000000000001,-1,-1,-1,1.0,1.0,-1.0,0.0,-0.3333333333333333,0.135,-1,-1,-1,0.356862745098039,0.694117647058824,0.803921568627451
131.53801012039185,0.0,-0.1727001810373343,0.03,1,1,1,0.0,0.3333333333333333,0.12150000000000001,-1,-1,-1,1.0,1.0,-1.0,0.0,-0.3333333333333333,0.135,-1,-1,-1,0.356862745098039,0.694117647058824,0.803921568627451
131.57293844223022,0.0,-0.1734933019848719,0.03,1,1,1,0.0,0.3333333333333333,0.12150000000000001,-1,-1,-1,1.0,1.0,-1.0,0.0,-0.3333333333333333,0.135,-1,-1,-1,0.356862745098039,0.694117647058824,0.803921568627451
131.60735249519348,0.0,-0.17428642293240948,0.03,1,1,1,0.0,0.3333333333333333,0.12150000000000001,-1,-1,-1,1.0,1.0,-1.0,0.0,-0.3333333333333333,0.135,-1,-1,-1,0.356862745098039,0.694117647058824,0.803921568627451
131.64217567443848,0.0,-0.17507954387994706,0.03,1,1,1,0.0,0.3333333333333333,0.12150000000000001,-1,-1,-1,1.0,1.0,-1.0,0.0,-0.3333333333333333,0.135,-1,-1,-1,0.356862745098039,0.694117647058824,0.803921568627451
131.6769425868988,0.0,-0.17587266482748465,0.03,1,1,1,0.0,0.3333333333333333,0.12150000000000001,-1,-1,-1,1.0,1.0,-1.0,0.0,-0.3333333333333333,0.135,-1,-1,-1,0.356862745098039,0.694117647058824,0.803921568627451
131.71168041229248,0.0,-0.17666578577502223,0.03,1,1,1,0.0,0.3333333333333333,0.12150000000000001,-1,-1,-1,1.0,1.0,-1.0,0.0,-0.3333333333333333,0.135,-1,-1,-1,0.356862745098039,0.694117647058824,0.803921568627451
131.74642395973206,0.0,-0.17745890672255982,0.03,1,1,1,0.0,0.3333333333333333,0.12150000000000001,-1,-1,-1,1.0,1.0,-1.0,0.0,-0.3333333333333333,0.135,-1,-1,-1,0.356862745098039,0.694117647058824,0.803921568627451
131.78106331825256,0.0,-0.1782520276700974,0.03,1,1,1,0.0,0.3333333333333333,0.12150000000000001,-1,-1,-1,1.0,1.0,-1.0,0.0,-0.3333333333333333,0.135,-1,-1,-1,0.356862745098039,0.694117647058824,0.803921568627451
131.81584525108337,0.0,-0.17904514861763499,0.03,1,1,1,0.0,0.3333333333333333,0.12150000000000001,-1,-1,-1,1.0,1.0,-1.0,0.0,-0.3333333333333333,0.135,-1,-1,-1,0.356862745098039,0.694117647058824,0.803921568627451
131.85088801383972,0.0,-0.17983826956517257,0.03,1,1,1,0.0,0.3333333333333333,0.12150000000000001,-1,-1,-1,1.0,1.0,-1.0,0.0,-0.3333333333333333,0.135,-1,-1,-1,0.356862745098039,0.694117647058824,0.803921568627451
131.88519740104675,0.0,-0.18063139051271015,0.03,1,1,1,0.0,0.3333333333333333,0.12150000000000001,-1,-1,-1,1.0,1.0,-1.0,0.0,-0.3333333333333333,0.135,-1,-1,-1,0.356862745098039,0.694117647058824,0.803921568627451
131.9199731349945,0.0,-0.18142451146024774,0.03,1,1,1,0.0,0.3333333333333333,0.12150000000000001,-1,-1,-1,1.0,1.0,-1.0,0.0,-0.3333333333333333,0.135,-1,-1,-1,0.356862745098039,0.694117647058824,0.803921568627451
131.95468592643738,0.0,-0.18221763240778532,0.03,1,1,1,0.0,0.3333333333333333,0.12150000000000001,-1,-1,-1,1.0,1.0,-1.0,0.0,-0.3333333333333333,0.135,-1,-1,-1,0.356862745098039,0.694117647058824,0.803921568627451
131.9889235496521,0.0,-0.1830107533553229,0.03,1,1,1,0.0,0.3333333333333333,0.12150000000000001,-1,-1,-1,1.0,1.0,-1.0,0.0,-0.3333333333333333,0.135,-1,-1,-1,0.356862745098039,0.694117647058824,0.803921568627451
132.0240581035614,0.0,-0.1838038743028605,0.03,1,1,1,0.0,0.3333333333333333,0.12150000000000001,-1,-1,-1,1.0,1.0,-1.0,0.0,-0.3333333333333333,0.135,-1,-1,-1,0.356862745098039,0.694117647058824,0.803921568627451
132.05877828598022,0.0,-0.18459699525039808,0.03,1,1,1,0.0,0.3333333333333333,0.12150000000000001,-1,-1,-1,1.0,1.0,-1.0,0.0,-0.3333333333333333,0.135,-1,-1,-1,0.356862745098039,0.694117647058824,0.803921568627451
132.09309816360474,0.0,-0.18539011619793566,0.03,1,1,1,0.0,0.3333333333333333,0.12150000000000001,-1,-1,-1,1.0,1.0,-1.0,0.0,-0.3333333333333333,0.135,-1,-1,-1,0.356862745098039,0.694117647058824,0.803921568627451
132.1275279521942,0.0,-0.18618323714547325,0.03,1,1,1,0.0,0.3333333333333333,0.12150000000000001,-1,-1,-1,1.0,1.0,-1.0,0.0,-0.3333333333333333,0.135,-1,-1,-1,0.356862745098039,0.694117647058824,0.803921568627451
132.16199803352356,0.0,-0.18697635809301083,0.03,1,1,1,0.0,0.3333333333333333,0.12150000000000001,-1,-1,-1,1.0,1.0,-1.0,0.0,-0.3333333333333333,0.135,-1,-1,-1,0.356862745098039,0.694117647058824,0.803921568627451
132.19679641723633,0.0,-0.18776947904054841,0.03,1,1,1,0.0,0.3333333333333333,0.12150000000000001,-1,-1,-1,1.0,1.0,-1.0,0.0,-0.3333333333333333,0.135,-1,-1,-1,0.356862745098039,0.694117647058824,0.803921568627451
132.2318732738495,0.0,-0.188562599988086,0.03,1,1,1,0.0,0.3333333333333333,0.12150000000000001,-1,-1,-1,1.0,1.0,-1.0,0.0,-0.3333333333333333,0.135,-1,-1,-1,0.356862745098039,0.694117647058824,0.803921568627451
132.266539812088,0.0,-0.18935572093562358,0.03,1,1,1,0.0,0.3333333333333333,0.12150000000000001,-1,-1,-1,1.0,1.0,-1.0,0.0,-0.3333333333333333,0.135,-1,-1,-1,0.356862745098039,0.694117647058824,0.803921568627451
132.3012113571167,0.0,-0.18807286259458136,0.03,1,1,1,0.0,0.3333333333333333,0.12150000000000001,-1,-1,-1,1.0,1.0,-1.0,0.0,-0.3333333333333333,0.135,-1,-1,-1,0.356862745098039,0.694117647058824,0.803921568627451
132.33563661575317,0.0,-0.18679000425353914,0.03,1,1,1,0.0,0.3333333333333333,0.12150000000000001,-1,-1,-1,1.0,1.0,-1.0,0.0,-0.3333333333333333,0.135,-1,-1,-1,0.356862745098039,0.694117647058824,0.803921568627451
132.37045550346375,0.0,-0.18550714591249692,0.03,1,1,1,0.0,0.3333333333333333,0.12150000000000001,-1,-1,-1,1.0,1.0,-1.0,0.0,-0.3333333333333333,0.135,-1,-1,-1,0.356862745098039,0.694117647058824,0.803921568627451
132.40524291992188,0.0,-0.1842242875714547,0.03,1,1,1,0.0,0.3333333333333333,0.12150000000000001,-1,-1,-1,1.0,1.0,-1.0,0.0,-0.3333333333333333,0.135,-1,-1,-1,0.356862745098039,0.694117647058824,0.803921568627451
132.44018125534058,0.0,-0.18294142923041248,0.03,1,1,1,0.0,0.3333333333333333,0.12150000000000001,-1,-1,-1,1.0,1.0,-1.0,0.0,-0.3333333333333333,0.135,-1,-1,-1,0.356862745098039,0.694117647058824,0.803921568627451
132.47450232505798,0.0,-0.18165857088937026,0.03,1,1,1,0.0,0.3333333333333333,0.12150000000000001,-1,-1,-1,1.0,1.0,-1.0,0.0,-0.3333333333333333,0.135,-1,-1,-1,0.356862745098039,0.694117647058824,0.803921568627451
132.50968742370605,0.0,-0.18037571254832804,0.03,1,1,1,0.0,0.3333333333333333,0.12150000000000001,-1,-1,-1,1.0,1.0,-1.0,0.0,-0.3333333333333333,0.135,-1,-1,-1,0.356862745098039,0.694117647058824,0.803921568627451
132.54439973831177,0.0,-0.17909285420728582,0.03,1,1,1,0.0,0.3333333333333333,0.12150000000000001,-1,-1,-1,1.0,1.0,-1.0,0.0,-0.3333333333333333,0.135,-1,-1,-1,0.356862745098039,0.694117647058824,0.803921568627451
132.57929372787476,0.0,-0.1778099958662436,0.03,1,1,1,0.0,0.3333333333333333,0.12150000000000001,-1,-1,-1,1.0,1.0,-1.0,0.0,-0.3333333333333333,0.135,-1,-1,-1,0.356862745098039,0.694117647058824,0.803921568627451
132.614027261734,0.0,-0.17652713752520138,0.03,1,1,1,0.0,0.3333333333333333,0.12150000000000001,-1,-1,-1,1.0,1.0,-1.0,0.0,-0.3333333333333333,0.135,-1,-1,-1,0.356862745098039,0.694117647058824,0.803921568627451
132.64841890335083,0.0,-0.17524427918415916,0.03,1,1,1,0.0,0.3333333333333333,0.12150000000000001,-1,-1,-1,1.0,1.0,-1.0,0.0,-0.3333333333333333,0.135,-1,-1,-1,0.356862745098039,0.694117647058824,0.803921568627451
132.68313789367676,0.0,-0.17396142084311694,0.03,1,1,1,0.0,0.3333333333333333,0.12150000000000001,-1,-1,-1,1.0,1.0,-1.0,0.0,-0.3333333333333333,0.135,-1,-1,-1,0.356862745098039,0.694117647058824,0.803921568627451
132.71762013435364,0.0,-0.17267856250207472,0.03,1,1,1,0.0,0.3333333333333333,0.12150000000000001,-1,-1,-1,1.0,1.0,-1.0,0.0,-0.3333333333333333,0.135,-1,-1,-1,0.356862745098039,0.694117647058824,0.803921568627451
132.75264596939087,0.0,-0.1713957041610325,0.03,1,1,1,0.0,0.3333333333333333,0.12150000000000001,-1,-1,-1,1.0,1.0,-1.0,0.0,-0.3333333333333333,0.135,-1,-1,-1,0.356862745098039,0.694117647058824,0.803921568627451
132.7870216369629,0.0,-0.17011284581999028,0.03,1,1,1,0.0,0.3333333333333333,0.12150000000000001,-1,-1,-1,1.0,1.0,-1.0,0.0,-0.3333333333333333,0.135,-1,-1,-1,0.356862745098039,0.694117647058824,0.803921568627451
132.82168745994568,0.0,-0.16882998747894806,0.03,1,1,1,0.0,0.3333333333333333,0.12150000000000001,-1,-1,-1,1.0,1.0,-1.0,0.0,-0.3333333333333333,0.135,-1,-1,-1,0.356862745098039,0.694117647058824,0.803921568627451
132.85663557052612,0.0,-0.16754712913790584,0.03,1,1,1,0.0,0.3333333333333333,0.12150000000000001,-1,-1,-1,1.0,1.0,-1.0,0.0,-0.3333333333333333,0.135,-1,-1,-1,0.356862745098039,0.694117647058824,0.803921568627451
132.8912057876587,0.0,-0.16626427079686362,0.03,1,1,1,0.0,0.3333333333333333,0.12150000000000001,-1,-1,-1,1.0,1.0,-1.0,0.0,-0.3333333333333333,0.135,-1,-1,-1,0.356862745098039,0.694117647058824,0.803921568627451
132.92641067504883,0.0,-0.1649814124558214,0.03,1,1,1,0.0,0.3333333333333333,0.12150000000000001,-1,-1,-1,1.0,1.0,-1.0,0.0,-0.3333333333333333,0.135,-1,-1,-1,0.356862745098039,0.694117647058824,0.803921568627451
132.96068382263184,0.0,-0.16369855411477918,0.03,1,1,1,0.0,0.3333333333333333,0.12150000000000001,-1,-1,-1,1.0,1.0,-1.0,0.0,-0.3333333333333333,0.135,-1,-1,-1,0.356862745098039,0.694117647058824,0.803921568627451
132.9958620071411,0.0,-0.16241569577373696,0.03,1,1,1,0.0,0.3333333333333333,0.12150000000000001,-1,-1,-1,1.0,1.0,-1.0,0.0,-0.3333333333333333,0.135,-1,-1,-1,0.356862745098039,0.694117647058824,0.803921568627451
133.030455827713,0.0,-0.16113283743269474,0.03,1,1,1,0.0,0.3333333333333333,0.12150000000000001,-1,-1,-1,1.0,1.0,-1.0,0.0,-0.3333333333333333,0.135,-1,-1,-1,0.356862745098039,0.694117647058824,0.803921568627451
133.06538844108582,0.0,-0.15984997909165252,0.03,1,1,1,0.0,0.3333333333333333,0.12150000000000001,-1,-1,-1,1.0,1.0,-1.0,0.0,-0.3333333333333333,0.135,-1,-1,-1,0.356862745098039,0.694117647058824,0.803921568627451
133.09983491897583,0.0,-0.1585671207506103,0.03,1,1,1,0.0,0.3333333333333333,0.12150000000000001,-1,-1,-1,1.0,1.0,-1.0,0.0,-0.3333333333333333,0.135,-1,-1,-1,0.356862745098039,0.694117647058824,0.803921568627451
133.13442826271057,0.0,-0.15728426240956808,0.03,1,1,1,0.0,0.3333333333333333,0.12150000000000001,-1,-1,-1,1.0,1.0,-1.0,0.0,-0.3333333333333333,0.135,-1,-1,-1,0.356862745098039,0.694117647058824,0.803921568627451
133.16944670677185,0.0,-0.15600140406852586,0.03,1,1,1,0.0,0.3333333333333333,0.12150000000000001,-1,-1,-1,1.0,1.0,-1.0,0.0,-0.3333333333333333,0.135,-1,-1,-1,0.356862745098039,0.694117647058824,0.803921568627451
133.2048532962799,0.0,-0.15471854572748364,0.03,1,1,1,0.0,0.3333333333333333,0.12150000000000001,-1,-1,-1,1.0,1.0,-1.0,0.0,-0.3333333333333333,0.135,-1,-1,-1,0.356862745098039,0.694117647058824,0.803921568627451
133.23896074295044,0.0,-0.15343568738644142,0.03,1,1,1,0.0,0.3333333333333333,0.12150000000000001,-1,-1,-1,1.0,1.0,-1.0,0.0,-0.3333333333333333,0.135,-1,-1,-1,0.356862745098039,0.694117647058824,0.803921568627451
133.27336192131042,0.0,-0.1521528290453992,0.03,1,1,1,0.0,0.3333333333333333,0.12150000000000001,-1,-1,-1,1.0,1.0,-1.0,0.0,-0.3333333333333333,0.135,-1,-1,-1,0.356862745098039,0.694117647058824,0.803921568627451
133.30818343162537,0.0,-0.15086997070435698,0.03,1,1,1,0.0,0.3333333333333333,0.12150000000000001,-1,-1,-1,1.0,1.0,-1.0,0.0,-0.3333333333333333,0.135,-1,-1,-1,0.356862745098039,0.694117647058824,0.803921568627451
133.34309673309326,0.0,-0.14958711236331476,0.03,1,1,1,0.0,0.3333333333333333,0.12150000000000001,-1,-1,-1,1.0,1.0,-1.0,0.0,-0.3333333333333333,0.135,-1,-1,-1,0.356862745098039,0.694117647058824,0.803921568627451
133.37799835205078,0.0,-0.14830425402227254,0.03,1,1,1,0.0,0.3333333333333333,0.12150000000000001,-1,-1,-1,1.0,1.0,-1.0,0.0,-0.3333333333333333,0.135,-1,-1,-1,0.356862745098039,0.694117647058824,0.803921568627451
133.41305780410767,0.0,-0.14702139568123032,0.03,1,1,1,0.0,0.3333333333333333,0.12150000000000001,-1,-1,-1,1.0,1.0,-1.0,0.0,-0.3333333333333333,0.135,-1,-1,-1,0.356862745098039,0.694117647058824,0.803921568627451
133.44743061065674,0.0,-0.1457385373401881,0.03,1,1,1,0.0,0.3333333333333333,0.12150000000000001,-1,-1,-1,1.0,1.0,-1.0,0.0,-0.3333333333333333,0.135,-1,-1,-1,0.356862745098039,0.694117647058824,0.803921568627451
133.48221158981323,0.0,-0.14720987236612434,0.03,1,1,1,0.0,0.3333333333333333,0.12150000000000001,-1,-1,-1,1.0,1.0,-1.0,0.0,-0.3333333333333333,0.135,-1,-1,-1,0.356862745098039,0.694117647058824,0.803921568627451
133.5169231891632,0.0,-0.15281249744252828,0.03,1,1,1,0.0,0.3333333333333333,0.12150000000000001,-1,-1,-1,1.0,1.0,-1.0,0.0,-0.3333333333333333,0.135,-1,-1,-1,0.356862745098039,0.694117647058824,0.803921568627451
133.55150604248047,0.0,-0.15841512251893222,0.03,1,1,1,0.0,0.3333333333333333,0.12150000000000001,-1,-1,-1,1.0,1.0,-1.0,0.0,-0.3333333333333333,0.135,-1,-1,-1,0.356862745098039,0.694117647058824,0.803921568627451
133.58561825752258,0.0,-0.16401774759533616,0.03,1,1,1,0.0,0.3333333333333333,0.12150000000000001,-1,-1,-1,1.0,1.0,-1.0,0.0,-0.3333333333333333,0.135,-1,-1,-1,0.356862745098039,0.694117647058824,0.803921568627451
133.62101554870605,0.0,-0.1696203726717401,0.03,1,1,1,0.0,0.3333333333333333,0.12150000000000001,-1,-1,-1,1.0,1.0,-1.0,0.0,-0.3333333333333333,0.135,-1,-1,-1,0.356862745098039,0.694117647058824,0.803921568627451
133.6555106639862,0.0,-0.17522299774814404,0.03,1,1,1,0.0,0.3333333333333333,0.12150000000000001,-1,-1,-1,1.0,1.0,-1.0,0.0,-0.3333333333333333,0.135,-1,-1,-1,0.356862745098039,0.694117647058824,0.803921568627451
133.69062423706055,0.0,-0.18082562282454798,0.03,1,1,1,0.0,0.3333333333333333,0.12150000000000001,-1,-1,-1,1.0,1.0,-1.0,0.0,-0.3333333333333333,0.135,-1,-1,-1,0.356862745098039,0.694117647058824,0.803921568627451
133.72532320022583,0.0,-0.18642824790095192,0.03,1,1,1,0.0,0.3333333333333333,0.12150000000000001,-1,-1,-1,1.0,1.0,-1.0,0.0,-0.3333333333333333,0.135,-1,-1,-1,0.356862745098039,0.694117647058824,0.803921568627451
133.75962567329407,0.0,-0.19203087297735585,0.03,1,1,1,0.0,0.3333333333333333,0.12150000000000001,-1,-1,-1,1.0,1.0,-1.0,0.0,-0.3333333333333333,0.135,-1,-1,-1,0.356862745098039,0.694117647058824,0.803921568627451
133.7943880558014,0.0,-0.1976334980537598,0.03,1,1,1,0.0,0.3333333333333333,0.12150000000000001,-1,-1,-1,1.0,1.0,-1.0,0.0,-0.3333333333333333,0.135,-1,-1,-1,0.356862745098039,0.694117647058824,0.803921568627451
133.82896065711975,0.0,-0.20323612313016373,0.03,1,1,1,0.0,0.3333333333333333,0.12150000000000001,-1,-1,-1,1.0,1.0,-1.0,0.0,-0.3333333333333333,0.135,-1,-1,-1,0.356862745098039,0.694117647058824,0.803921568627451
133.86365222930908,0.0,-0.20883874820656767,0.03,1,1,1,0.0,0.3333333333333333,0.12150000000000001,-1,-1,-1,1.0,1.0,-1.0,0.0,-0.3333333333333333,0.135,-1,-1,-1,0.356862745098039,0.694117647058824,0.803921568627451
133.89811062812805,0.0,-0.2144413732829716,0.03,1,1,1,0.0,0.3333333333333333,0.12150000000000001,-1,-1,-1,1.0,1.0,-1.0,0.0,-0.3333333333333333,0.135,-1,-1,-1,0.356862745098039,0.694117647058824,0.803921568627451
133.93328881263733,0.0,-0.22004399835937555,0.03,1,1,1,0.0,0.3333333333333333,0.12150000000000001,-1,-1,-1,1.0,1.0,-1.0,0.0,-0.3333333333333333,0.135,-1,-1,-1,0.356862745098039,0.694117647058824,0.803921568627451
133.96792793273926,0.0,-0.2256466234357795,0.03,1,1,1,0.0,0.3333333333333333,0.12150000000000001,-1,-1,-1,1.0,1.0,-1.0,0.0,-0.3333333333333333,0.135,-1,-1,-1,0.356862745098039,0.694117647058824,0.803921568627451
134.00291562080383,0.0,-0.23124924851218343,0.03,1,1,1,0.0,0.3333333333333333,0.12150000000000001,-1,-1,-1,1.0,1.0,-1.0,0.0,-0.3333333333333333,0.135,-1,-1,-1,0.356862745098039,0.694117647058824,0.803921568627451
134.03788208961487,0.0,-0.23685187358858736,0.03,1,1,1,0.0,0.3333333333333333,0.12150000000000001,-1,-1,-1,1.0,1.0,-1.0,0.0,-0.3333333333333333,0.135,-1,-1,-1,0.356862745098039,0.694117647058824,0.803921568627451
134.07247376441956,0.0,-0.24245449866499133,0.03,1,1,1,0.0,0.3333333333333333,0.12150000000000001,-1,-1,-1,1.0,1.0,-1.0,0.0,-0.3333333333333333,0.135,-1,-1,-1,0.356862745098039,0.694117647058824,0.803921568627451
134.1069495677948,0.0,-0.24805712374139524,0.03,1,1,1,0.0,0.3333333333333333,0.12150000000000001,-1,-1,-1,1.0,1.0,-1.0,0.0,-0.3333333333333333,0.135,-1,-1,-1,0.356862745098039,0.694117647058824,0.803921568627451
134.14173293113708,0.0,-0.25365974881779907,0.03,1,1,1,0.0,0.3333333333333333,0.12150000000000001,-1,-1,-1,1.0,1.0,-1.0,0.0,-0.3333333333333333,0.135,-1,-1,-1,0.356862745098039,0.694117647058824,0.803921568627451
134.17675375938416,0.0,-0.25926237389420287,0.03,1,1,1,0.0,0.3333333333333333,0.12150000000000001,-1,-1,-1,1.0,1.0,-1.0,0.0,-0.3333333333333333,0.135,-1,-1,-1,0.356862745098039,0.694117647058824,0.803921568627451
134.21216893196106,0.0,-0.26486499897060667,0.03,1,1,1,0.0,0.3333333333333333,0.12150000000000001,-1,-1,-1,1.0,1.0,-1.0,0.0,-0.3333333333333333,0.135,-1,-1,-1,0.356862745098039,0.694117647058824,0.803921568627451
134.2467999458313,0.0,-0.27046762404701047,0.03,1,1,1,0.0,0.3333333333333333,0.12150000000000001,-1,-1,-1,1.0,1.0,-1.0,0.0,-0.3333333333333333,0.135,-1,-1,-1,0.356862745098039,0.694117647058824,0.803921568627451
134.2815592288971,0.0,-0.27607024912341427,0.03,1,1,1,0.0,0.3333333333333333,0.12150000000000001,-1,-1,-1,1.0,1.0,-1.0,0.0,-0.3333333333333333,0.135,-1,-1,-1,0.356862745098039,0.694117647058824,0.803921568627451
134.31589317321777,0.0,-0.28167287419981807,0.03,1,1,1,0.0,0.3333333333333333,0.12150000000000001,-1,-1,-1,1.0,1.0,-1.0,0.0,-0.3333333333333333,0.135,-1,-1,-1,0.356862745098039,0.694117647058824,0.803921568627451
134.3510024547577,0.0,-0.28727549927622187,0.03,1,1,1,0.0,0.3333333333333333,0.12150000000000001,-1,-1,-1,1.0,1.0,-1.0,0.0,-0.3333333333333333,0.135,-1,-1,-1,0.356862745098039,0.694117647058824,0.803921568627451
134.38563585281372,0.0,-0.29287812435262567,0.03,1,1,1,0.0,0.3333333333333333,0.12150000000000001,-1,-1,-1,1.0,1.0,-1.0,0.0,-0.3333333333333333,0.135,-1,-1,-1,0.356862745098039,0.694117647058824,0.803921568627451
134.42037081718445,0.0,-0.29848074942902947,0.03,1,1,1,0.0,0.3333333333333333,0.12150000000000001,-1,-1,-1,1.0,1.0,-1.0,0.0,-0.3333333333333333,0.135,-1,-1,-1,0.356862745098039,0.694117647058824,0.803921568627451
134.45474219322205,0.0,-0.30408337450543327,0.03,1,1,1,0.0,0.3333333333333333,0.12150000000000001,-1,-1,-1,1.0,1.0,-1.0,0.0,-0.3333333333333333,0.135,-1,-1,-1,0.356862745098039,0.694117647058824,0.803921568627451
134.4895966053009,0.0,-0.30968599958183707,0.03,1,1,1,0.0,0.3333333333333333,0.12150000000000001,-1,-1,-1,1.0,1.0,-1.0,0.0,-0.3333333333333333,0.135,-1,-1,-1,0.356862745098039,0.694117647058824,0.803921568627451
134.5241084098816,0.0,-0.31528862465824087,0.03,1,1,1,0.0,0.3333333333333333,0.12150000000000001,-1,-1,-1,1.0,1.0,-1.0,0.0,-0.3333333333333333,0.135,-1,-1,-1,0.356862745098039,0.694117647058824,0.803921568627451
134.55906748771667,0.0,-0.32089124973464467,0.03,1,1,1,0.0,0.3333333333333333,0.12150000000000001,-1,-1,-1,1.0,1.0,-1.0,0.0,-0.3333333333333333,0.135,-1,-1,-1,0.356862745098039,0.694117647058824,0.803921568627451
134.59354448318481,0.0,-0.32649387481104847,0.03,1,1,1,0.0,0.3333333333333333,0.12150000000000001,-1,-1,-1,1.0,1.0,-1.0,0.0,-0.3333333333333333,0.135,-1,-1,-1,0.356862745098039,0.694117647058824,0.803921568627451
134.6276183128357,0.0,-0.33209649988745227,0.03,1,1,1,0.0,0.3333333333333333,0.12150000000000001,-1,-1,-1,1.0,1.0,-1.0,0.0,-0.3333333333333333,0.135,-1,-1,-1,0.356862745098039,0.694117647058824,0.803921568627451
134.6635217666626,0.0,-0.3343375499180138,0.03,1,1,1,0.0,0.3333333333333333,0.12150000000000001,-1,-1,-1,1.0,1.0,-1.0,0.0,-0.3333333333333333,0.135,-1,-1,-1,0.356862745098039,0.694117647058824,0.803921568627451
134.69757676124573,0.0,0.00038072730195562487,0.03,1,1,1,0.0,0.3333333333333333,0.12150000000000001,-1,-1,-1,1.0,1.0,-1.0,0.0,-0.3333333333333333,0.12150000000000001,1,1,1,0.356862745098039,0.694117647058824,0.803921568627451
134.7332170009613,0.0,0.0008566364294001561,0.03,1,1,1,0.0,0.3333333333333333,0.12150000000000001,-1,-1,-1,1.0,1.0,-1.0,0.0,-0.3333333333333333,0.12150000000000001,1,1,1,0.356862745098039,0.694117647058824,0.803921568627451
134.7667155265808,0.0,0.001332545556844687,0.03,1,1,1,0.0,0.3333333333333333,0.12150000000000001,-1,-1,-1,1.0,1.0,-1.0,0.0,-0.3333333333333333,0.12150000000000001,1,1,1,0.356862745098039,0.694117647058824,0.803921568627451
134.80232286453247,0.0,0.0018084546842892177,0.03,1,1,1,0.0,0.3333333333333333,0.12150000000000001,-1,-1,-1,1.0,1.0,-1.0,0.0,-0.3333333333333333,0.12150000000000001,1,1,1,0.356862745098039,0.694117647058824,0.803921568627451
134.83696579933167,0.0,0.0022843638117337486,0.03,1,1,1,0.0,0.3333333333333333,0.12150000000000001,-1,-1,-1,1.0,1.0,-1.0,0.0,-0.3333333333333333,0.12150000000000001,1,1,1,0.356862745098039,0.694117647058824,0.803921568627451
134.87143087387085,0.0,0.0027602729391782792,0.03,1,1,1,0.0,0.3333333333333333,0.12150000000000001,-1,-1,-1,1.0,1.0,-1.0,0.0,-0.3333333333333333,0.12150000000000001,1,1,1,0.356862745098039,0.694117647058824,0.803921568627451
134.9063639640808,0.0,0.00323618206662281,0.03,1,1,1,0.0,0.3333333333333333,0.12150000000000001,-1,-1,-1,1.0,1.0,-1.0,0.0,-0.3333333333333333,0.12150000000000001,1,1,1,0.356862745098039,0.694117647058824,0.803921568627451
134.94088101387024,0.0,0.0037120911940673406,0.03,1,1,1,0.0,0.3333333333333333,0.12150000000000001,-1,-1,-1,1.0,1.0,-1.0,0.0,-0.3333333333333333,0.12150000000000001,1,1,1,0.356862745098039,0.694117647058824,0.803921568627451
134.9757513999939,0.0,0.004188000321511872,0.03,1,1,1,0.0,0.3333333333333333,0.12150000000000001,-1,-1,-1,1.0,1.0,-1.0,0.0,-0.3333333333333333,0.12150000000000001,1,1,1,0.356862745098039,0.694117647058824,0.803921568627451
135.0104660987854,0.0,0.004663909448956402,0.03,1,1,1,0.0,0.3333333333333333,0.12150000000000001,-1,-1,-1,1.0,1.0,-1.0,0.0,-0.3333333333333333,0.12150000000000001,1,1,1,0.356862745098039,0.694117647058824,0.803921568627451
135.04472279548645,0.0,0.005139818576400933,0.03,1,1,1,0.0,0.3333333333333333,0.12150000000000001,-1,-1,-1,1.0,1.0,-1.0,0.0,-0.3333333333333333,0.12150000000000001,1,1,1,0.356862745098039,0.694117647058824,0.803921568627451
135.0797414779663,0.0,0.005615727703845464,0.03,1,1,1,0.0,0.3333333333333333,0.12150000000000001,-1,-1,-1,1.0,1.0,-1.0,0.0,-0.3333333333333333,0.12150000000000001,1,1,1,0.356862745098039,0.694117647058824,0.803921568627451
135.11426258087158,0.0,0.006091636831289994,0.03,1,1,1,0.0,0.3333333333333333,0.12150000000000001,-1,-1,-1,1.0,1.0,-1.0,0.0,-0.3333333333333333,0.12150000000000001,1,1,1,0.356862745098039,0.694117647058824,0.803921568627451
135.14938712120056,0.0,0.006567545958734525,0.03,1,1,1,0.0,0.3333333333333333,0.12150000000000001,-1,-1,-1,1.0,1.0,-1.0,0.0,-0.3333333333333333,0.12150000000000001,1,1,1,0.356862745098039,0.694117647058824,0.803921568627451
135.18394207954407,0.0,0.007043455086179056,0.03,1,1,1,0.0,0.3333333333333333,0.12150000000000001,-1,-1,-1,1.0,1.0,-1.0,0.0,-0.3333333333333333,0.12150000000000001,1,1,1,0.356862745098039,0.694117647058824,0.803921568627451
135.2188220024109,0.0,0.007519364213623587,0.03,1,1,1,0.0,0.3333333333333333,0.12150000000000001,-1,-1,-1,1.0,1.0,-1.0,0.0,-0.3333333333333333,0.12150000000000001,1,1,1,0.356862745098039,0.694117647058824,0.803921568627451
135.2531018257141,0.0,0.007995273341068119,0.03,1,1,1,0.0,0.3333333333333333,0.12150000000000001,-1,-1,-1,1.0,1.0,-1.0,0.0,-0.3333333333333333,0.12150000000000001,1,1,1,0.356862745098039,0.694117647058824,0.803921568627451
135.28793501853943,0.0,0.00847118246851265,0.03,1,1,1,0.0,0.3333333333333333,0.12150000000000001,-1,-1,-1,1.0,1.0,-1.0,0.0,-0.3333333333333333,0.12150000000000001,1,1,1,0.356862745098039,0.694117647058824,0.803921568627451
135.3229820728302,0.0,0.00894709159595718,0.03,1,1,1,0.0,0.3333333333333333,0.12150000000000001,-1,-1,-1,1.0,1.0,-1.0,0.0,-0.3333333333333333,0.12150000000000001,1,1,1,0.356862745098039,0.694117647058824,0.803921568627451
135.35774087905884,0.0,0.009423000723401711,0.03,1,1,1,0.0,0.3333333333333333,0.12150000000000001,-1,-1,-1,1.0,1.0,-1.0,0.0,-0.3333333333333333,0.12150000000000001,1,1,1,0.356862745098039,0.694117647058824,0.803921568627451
135.39252352714539,0.0,0.009898909850846242,0.03,1,1,1,0.0,0.3333333333333333,0.12150000000000001,-1,-1,-1,1.0,1.0,-1.0,0.0,-0.3333333333333333,0.12150000000000001,1,1,1,0.356862745098039,0.694117647058824,0.803921568627451
135.4272060394287,0.0,0.010374818978290772,0.03,1,1,1,0.0,0.3333333333333333,0.12150000000000001,-1,-1,-1,1.0,1.0,-1.0,0.0,-0.3333333333333333,0.12150000000000001,1,1,1,0.356862745098039,0.694117647058824,0.803921568627451
135.46181273460388,0.0,0.010850728105735303,0.03,1,1,1,0.0,0.3333333333333333,0.12150000000000001,-1,-1,-1,1.0,1.0,-1.0,0.0,-0.3333333333333333,0.12150000000000001,1,1,1,0.356862745098039,0.694117647058824,0.803921568627451
135.49671244621277,0.0,0.011326637233179834,0.03,1,1,1,0.0,0.3333333333333333,0.12150000000000001,-1,-1,-1,1.0,1.0,-1.0,0.0,-0.3333333333333333,0.12150000000000001,1,1,1,0.356862745098039,0.694117647058824,0.803921568627451
135.53143095970154,0.0,0.011802546360624364,0.03,1,1,1,0.0,0.3333333333333333,0.12150000000000001,-1,-1,-1,1.0,1.0,-1.0,0.0,-0.3333333333333333,0.12150000000000001,1,1,1,0.356862745098039,0.694117647058824,0.803921568627451
135.5661084651947,0.0,0.012278455488068895,0.03,1,1,1,0.0,0.3333333333333333,0.12150000000000001,-1,-1,-1,1.0,1.0,-1.0,0.0,-0.3333333333333333,0.12150000000000001,1,1,1,0.356862745098039,0.694117647058824,0.803921568627451
135.6003761291504,0.0,0.012754364615513426,0.03,1,1,1,0.0,0.3333333333333333,0.12150000000000001,-1,-1,-1,1.0,1.0,-1.0,0.0,-0.3333333333333333,0.12150000000000001,1,1,1,0.356862745098039,0.694117647058824,0.803921568627451
135.63501143455505,0.0,0.013230273742957956,0.03,1,1,1,0.0,0.3333333333333333,0.12150000000000001,-1,-1,-1,1.0,1.0,-1.0,0.0,-0.3333333333333333,0.12150000000000001,1,1,1,0.356862745098039,0.694117647058824,0.803921568627451
135.66985392570496,0.0,0.013706182870402487,0.03,1,1,1,0.0,0.3333333333333333,0.12150000000000001,-1,-1,-1,1.0,1.0,-1.0,0.0,-0.3333333333333333,0.12150000000000001,1,1,1,0.356862745098039,0.694117647058824,0.803921568627451
135.7045726776123,0.0,0.014182091997847018,0.03,1,1,1,0.0,0.3333333333333333,0.12150000000000001,-1,-1,-1,1.0,1.0,-1.0,0.0,-0.3333333333333333,0.12150000000000001,1,1,1,0.356862745098039,0.694117647058824,0.803921568627451
135.73881125450134,0.0,0.014658001125291548,0.03,1,1,1,0.0,0.3333333333333333,0.12150000000000001,-1,-1,-1,1.0,1.0,-1.0,0.0,-0.3333333333333333,0.12150000000000001,1,1,1,0.356862745098039,0.694117647058824,0.803921568627451
135.77402114868164,0.0,0.01513391025273608,0.03,1,1,1,0.0,0.3333333333333333,0.12150000000000001,-1,-1,-1,1.0,1.0,-1.0,0.0,-0.3333333333333333,0.12150000000000001,1,1,1,0.356862745098039,0.694117647058824,0.803921568627451
135.80878400802612,0.0,0.015609819380180611,0.03,1,1,1,0.0,0.3333333333333333,0.12150000000000001,-1,-1,-1,1.0,1.0,-1.0,0.0,-0.3333333333333333,0.12150000000000001,1,1,1,0.356862745098039,0.694117647058824,0.803921568627451
135.84341835975647,0.0,0.016085728507625144,0.03,1,1,1,0.0,0.3333333333333333,0.12150000000000001,-1,-1,-1,1.0,1.0,-1.0,0.0,-0.3333333333333333,0.12150000000000001,1,1,1,0.356862745098039,0.694117647058824,0.803921568627451
135.87825918197632,0.0,0.01644876912316637,0.03,1,1,1,0.0,0.3333333333333333,0.12150000000000001,-1,-1,-1,1.0,1.0,-1.0,0.0,-0.3333333333333333,0.12150000000000001,-1,-1,-1,0.356862745098039,0.694117647058824,0.803921568627451
135.91236114501953,0.0,0.016360335691094387,0.03,1,1,1,0.0,0.3333333333333333,0.12150000000000001,-1,-1,-1,1.0,1.0,-1.0,0.0,-0.3333333333333333,0.12150000000000001,-1,-1,-1,0.356862745098039,0.694117647058824,0.803921568627451
135.94686150550842,0.0,0.016271902259022402,0.03,1,1,1,0.0,0.3333333333333333,0.12150000000000001,-1,-1,-1,1.0,1.0,-1.0,0.0,-0.3333333333333333,0.12150000000000001,-1,-1,-1,0.356862745098039,0.694117647058824,0.803921568627451
135.98179078102112,0.0,0.016183468826950417,0.03,1,1,1,0.0,0.3333333333333333,0.12150000000000001,-1,-1,-1,1.0,1.0,-1.0,0.0,-0.3333333333333333,0.12150000000000001,-1,-1,-1,0.356862745098039,0.694117647058824,0.803921568627451
136.0164074897766,0.0,0.016095035394878433,0.03,1,1,1,0.0,0.3333333333333333,0.12150000000000001,-1,-1,-1,1.0,1.0,-1.0,0.0,-0.3333333333333333,0.12150000000000001,-1,-1,-1,0.356862745098039,0.694117647058824,0.803921568627451
136.05107760429382,0.0,0.016006601962806448,0.03,1,1,1,0.0,0.3333333333333333,0.12150000000000001,-1,-1,-1,1.0,1.0,-1.0,0.0,-0.3333333333333333,0.12150000000000001,-1,-1,-1,0.356862745098039,0.694117647058824,0.803921568627451
136.08583736419678,0.0,0.015918168530734463,0.03,1,1,1,0.0,0.3333333333333333,0.12150000000000001,-1,-1,-1,1.0,1.0,-1.0,0.0,-0.3333333333333333,0.12150000000000001,-1,-1,-1,0.356862745098039,0.694117647058824,0.803921568627451
136.1211121082306,0.0,0.01582973509866248,0.03,1,1,1,0.0,0.3333333333333333,0.12150000000000001,-1,-1,-1,1.0,1.0,-1.0,0.0,-0.3333333333333333,0.12150000000000001,-1,-1,-1,0.356862745098039,0.694117647058824,0.803921568627451
136.1557936668396,0.0,0.015741301666590494,0.03,1,1,1,0.0,0.3333333333333333,0.12150000000000001,-1,-1,-1,1.0,1.0,-1.0,0.0,-0.3333333333333333,0.12150000000000001,-1,-1,-1,0.356862745098039,0.694117647058824,0.803921568627451
136.18992114067078,0.0,0.01565286823451851,0.03,1,1,1,0.0,0.3333333333333333,0.12150000000000001,-1,-1,-1,1.0,1.0,-1.0,0.0,-0.3333333333333333,0.12150000000000001,-1,-1,-1,0.356862745098039,0.694117647058824,0.803921568627451
136.22474431991577,0.0,0.015564434802446531,0.03,1,1,1,0.0,0.3333333333333333,0.12150000000000001,-1,-1,-1,1.0,1.0,-1.0,0.0,-0.3333333333333333,0.12150000000000001,-1,-1,-1,0.356862745098039,0.694117647058824,0.803921568627451
136.2600440979004,0.0,0.015476001370374555,0.03,1,1,1,0.0,0.3333333333333333,0.12150000000000001,-1,-1,-1,1.0,1.0,-1.0,0.0,-0.3333333333333333,0.12150000000000001,-1,-1,-1,0.356862745098039,0.694117647058824,0.803921568627451
136.29407405853271,0.0,0.01538756793830258,0.03,1,1,1,0.0,0.3333333333333333,0.12150000000000001,-1,-1,-1,1.0,1.0,-1.0,0.0,-0.3333333333333333,0.12150000000000001,-1,-1,-1,0.356862745098039,0.694117647058824,0.803921568627451
136.32888412475586,0.0,0.015299134506230603,0.03,1,1,1,0.0,0.3333333333333333,0.12150000000000001,-1,-1,-1,1.0,1.0,-1.0,0.0,-0.3333333333333333,0.12150000000000001,-1,-1,-1,0.356862745098039,0.694117647058824,0.803921568627451
136.36358833312988,0.0,0.015210701074158627,0.03,1,1,1,0.0,0.3333333333333333,0.12150000000000001,-1,-1,-1,1.0,1.0,-1.0,0.0,-0.3333333333333333,0.12150000000000001,-1,-1,-1,0.356862745098039,0.694117647058824,0.803921568627451
136.39870190620422,0.0,0.015122267642086653,0.03,1,1,1,0.0,0.3333333333333333,0.12150000000000001,-1,-1,-1,1.0,1.0,-1.0,0.0,-0.3333333333333333,0.12150000000000001,-1,-1,-1,0.356862745098039,0.694117647058824,0.803921568627451
136.43364691734314,0.0,0.015033834210014677,0.03,1,1,1,0.0,0.3333333333333333,0.12150000000000001,-1,-1,-1,1.0,1.0,-1.0,0.0,-0.3333333333333333,0.12150000000000001,-1,-1,-1,0.356862745098039,0.694117647058824,0.803921568627451
136.4676296710968,0.0,0.014945400777942701,0.03,1,1,1,0.0,0.3333333333333333,0.12150000000000001,-1,-1,-1,1.0,1.0,-1.0,0.0,-0.3333333333333333,0.12150000000000001,-1,-1,-1,0.356862745098039,0.694117647058824,0.803921568627451
136.50247144699097,0.0,0.014856967345870725,0.03,1,1,1,0.0,0.3333333333333333,0.12150000000000001,-1,-1,-1,1.0,1.0,-1.0,0.0,-0.3333333333333333,0.12150000000000001,-1,-1,-1,0.356862745098039,0.694117647058824,0.803921568627451
136.5372815132141,0.0,0.014768533913798749,0.03,1,1,1,0.0,0.3333333333333333,0.12150000000000001,-1,-1,-1,1.0,1.0,-1.0,0.0,-0.3333333333333333,0.12150000000000001,-1,-1,-1,0.356862745098039,0.694117647058824,0.803921568627451
136.57216548919678,0.0,0.014680100481726773,0.03,1,1,1,0.0,0.3333333333333333,0.12150000000000001,-1,-1,-1,1.0,1.0,-1.0,0.0,-0.3333333333333333,0.12150000000000001,-1,-1,-1,0.356862745098039,0.694117647058824,0.803921568627451
136.60659170150757,0.0,0.014591667049654797,0.03,1,1,1,0.0,0.3333333333333333,0.12150000000000001,-1,-1,-1,1.0,1.0,-1.0,0.0,-0.3333333333333333,0.12150000000000001,-1,-1,-1,0.356862745098039,0.694117647058824,0.803921568627451
136.64204239845276,0.0,0.01450323361758282,0.03,1,1,1,0.0,0.3333333333333333,0.12150000000000001,-1,-1,-1,1.0,1.0,-1.0,0.0,-0.3333333333333333,0.12150000000000001,-1,-1,-1,0.356862745098039,0.694117647058824,0.803921568627451
136.67605209350586,0.0,0.014414800185510845,0.03,1,1,1,0.0,0.3333333333333333,0.12150000000000001,-1,-1,-1,1.0,1.0,-1.0,0.0,-0.3333333333333333,0.12150000000000001,-1,-1,-1,0.356862745098039,0.694117647058824,0.803921568627451
136.7109968662262,0.0,0.014326366753438869,0.03,1,1,1,0.0,0.3333333333333333,0.12150000000000001,-1,-1,-1,1.0,1.0,-1.0,0.0,-0.3333333333333333,0.12150000000000001,-1,-1,-1,0.356862745098039,0.694117647058824,0.803921568627451
136.74572253227234,0.0,0.014237933321366893,0.03,1,1,1,0.0,0.3333333333333333,0.12150000000000001,-1,-1,-1,1.0,1.0,-1.0,0.0,-0.3333333333333333,0.12150000000000001,-1,-1,-1,0.356862745098039,0.694117647058824,0.803921568627451
136.78027176856995,0.0,0.014149499889294917,0.03,1,1,1,0.0,0.3333333333333333,0.12150000000000001,-1,-1,-1,1.0,1.0,-1.0,0.0,-0.3333333333333333,0.12150000000000001,-1,-1,-1,0.356862745098039,0.694117647058824,0.803921568627451
136.81494069099426,0.0,0.01406106645722294,0.03,1,1,1,0.0,0.3333333333333333,0.12150000000000001,-1,-1,-1,1.0,1.0,-1.0,0.0,-0.3333333333333333,0.12150000000000001,-1,-1,-1,0.356862745098039,0.694117647058824,0.803921568627451
136.84972476959229,0.0,0.013972633025150965,0.03,1,1,1,0.0,0.3333333333333333,0.12150000000000001,-1,-1,-1,1.0,1.0,-1.0,0.0,-0.3333333333333333,0.12150000000000001,-1,-1,-1,0.356862745098039,0.694117647058824,0.803921568627451
136.88442063331604,0.0,0.013884199593078989,0.03,1,1,1,0.0,0.3333333333333333,0.12150000000000001,-1,-1,-1,1.0,1.0,-1.0,0.0,-0.3333333333333333,0.12150000000000001,-1,-1,-1,0.356862745098039,0.694117647058824,0.803921568627451
136.9200737476349,0.0,0.013795766161007013,0.03,1,1,1,0.0,0.3333333333333333,0.12150000000000001,-1,-1,-1,1.0,1.0,-1.0,0.0,-0.3333333333333333,0.12150000000000001,-1,-1,-1,0.356862745098039,0.694117647058824,0.803921568627451
136.95384097099304,0.0,0.013707332728935036,0.03,1,1,1,0.0,0.3333333333333333,0.12150000000000001,-1,-1,-1,1.0,1.0,-1.0,0.0,-0.3333333333333333,0.12150000000000001,-1,-1,-1,0.356862745098039,0.694117647058824,0.803921568627451
136.9888288974762,0.0,0.01361889929686306,0.03,1,1,1,0.0,0.3333333333333333,0.12150000000000001,-1,-1,-1,1.0,1.0,-1.0,0.0,-0.3333333333333333,0.12150000000000001,-1,-1,-1,0.356862745098039,0.694117647058824,0.803921568627451
137.02344346046448,0.0,0.013530465864791084,0.03,1,1,1,0.0,0.3333333333333333,0.12150000000000001,-1,-1,-1,1.0,1.0,-1.0,0.0,-0.3333333333333333,0.12150000000000001,-1,-1,-1,0.356862745098039,0.694117647058824,0.803921568627451
137.05809903144836,0.0,0.013442032432719108,0.03,1,1,1,0.0,0.3333333333333333,0.12150000000000001,-1,-1,-1,1.0,1.0,-1.0,0.0,-0.3333333333333333,0.12150000000000001,-1,-1,-1,0.356862745098039,0.694117647058824,0.803921568627451
137.09309339523315,0.0,0.015668401719268685,0.03,1,1,1,0.0,0.3333333333333333,0.12150000000000001,-1,-1,-1,1.0,1.0,-1.0,0.0,-0.3333333333333333,0.12150000000000001,-1,-1,-1,0.356862745098039,0.694117647058824,0.803921568627451
137.12865471839905,0.0,0.019437972818232632,0.03,1,1,1,0.0,0.3333333333333333,0.12150000000000001,-1,-1,-1,1.0,1.0,-1.0,0.0,-0.3333333333333333,0.12150000000000001,-1,-1,-1,0.356862745098039,0.694117647058824,0.803921568627451
137.16302871704102,0.0,0.02320754391719658,0.03,1,1,1,0.0,0.3333333333333333,0.12150000000000001,-1,-1,-1,1.0,1.0,-1.0,0.0,-0.3333333333333333,0.12150000000000001,-1,-1,-1,0.356862745098039,0.694117647058824,0.803921568627451
137.19764924049377,0.0,0.026977115016160527,0.03,1,1,1,0.0,0.3333333333333333,0.12150000000000001,-1,-1,-1,1.0,1.0,-1.0,0.0,-0.3333333333333333,0.12150000000000001,-1,-1,-1,0.356862745098039,0.694117647058824,0.803921568627451
137.231915473938,0.0,0.03074668611512447,0.03,1,1,1,0.0,0.3333333333333333,0.12150000000000001,-1,-1,-1,1.0,1.0,-1.0,0.0,-0.3333333333333333,0.12150000000000001,-1,-1,-1,0.356862745098039,0.694117647058824,0.803921568627451
137.26684188842773,0.0,0.034516257214088415,0.03,1,1,1,0.0,0.3333333333333333,0.12150000000000001,-1,-1,-1,1.0,1.0,-1.0,0.0,-0.3333333333333333,0.12150000000000001,-1,-1,-1,0.356862745098039,0.694117647058824,0.803921568627451
137.30169105529785,0.0,0.03828582831305236,0.03,1,1,1,0.0,0.3333333333333333,0.12150000000000001,-1,-1,-1,1.0,1.0,-1.0,0.0,-0.3333333333333333,0.12150000000000001,-1,-1,-1,0.356862745098039,0.694117647058824,0.803921568627451
137.33638644218445,0.0,0.04205539941201631,0.03,1,1,1,0.0,0.3333333333333333,0.12150000000000001,-1,-1,-1,1.0,1.0,-1.0,0.0,-0.3333333333333333,0.12150000000000001,-1,-1,-1,0.356862745098039,0.694117647058824,0.803921568627451
137.37058877944946,0.0,0.04582497051098026,0.03,1,1,1,0.0,0.3333333333333333,0.12150000000000001,-1,-1,-1,1.0,1.0,-1.0,0.0,-0.3333333333333333,0.12150000000000001,-1,-1,-1,0.356862745098039,0.694117647058824,0.803921568627451
137.40624260902405,0.0,0.049594541609944205,0.03,1,1,1,0.0,0.3333333333333333,0.12150000000000001,-1,-1,-1,1.0,1.0,-1.0,0.0,-0.3333333333333333,0.12150000000000001,-1,-1,-1,0.356862745098039,0.694117647058824,0.803921568627451
137.44049739837646,0.0,0.05336411270890815,0.03,1,1,1,0.0,0.3333333333333333,0.12150000000000001,-1,-1,-1,1.0,1.0,-1.0,0.0,-0.3333333333333333,0.12150000000000001,-1,-1,-1,0.356862745098039,0.694117647058824,0.803921568627451
137.4751672744751,0.0,0.0571336838078721,0.03,1,1,1,0.0,0.3333333333333333,0.12150000000000001,-1,-1,-1,1.0,1.0,-1.0,0.0,-0.3333333333333333,0.12150000000000001,-1,-1,-1,0.356862745098039,0.694117647058824,0.803921568627451
137.51045441627502,0.0,0.06090325490683605,0.03,1,1,1,0.0,0.3333333333333333,0.12150000000000001,-1,-1,-1,1.0,1.0,-1.0,0.0,-0.3333333333333333,0.12150000000000001,-1,-1,-1,0.356862745098039,0.694117647058824,0.803921568627451
137.5448043346405,0.0,0.06467282600579999,0.03,1,1,1,0.0,0.3333333333333333,0.12150000000000001,-1,-1,-1,1.0,1.0,-1.0,0.0,-0.3333333333333333,0.12150000000000001,-1,-1,-1,0.356862745098039,0.694117647058824,0.803921568627451
137.57986903190613,0.0,0.06844239710476394,0.03,1,1,1,0.0,0.3333333333333333,0.12150000000000001,-1,-1,-1,1.0,1.0,-1.0,0.0,-0.3333333333333333,0.12150000000000001,-1,-1,-1,0.356862745098039,0.694117647058824,0.803921568627451
137.61429071426392,0.0,0.07221196820372788,0.03,1,1,1,0.0,0.3333333333333333,0.12150000000000001,-1,-1,-1,1.0,1.0,-1.0,0.0,-0.3333333333333333,0.12150000000000001,-1,-1,-1,0.356862745098039,0.694117647058824,0.803921568627451
137.64962792396545,0.0,0.07598153930269183,0.03,1,1,1,0.0,0.3333333333333333,0.12150000000000001,-1,-1,-1,1.0,1.0,-1.0,0.0,-0.3333333333333333,0.12150000000000001,-1,-1,-1,0.356862745098039,0.694117647058824,0.803921568627451
137.6836335659027,0.0,0.07975111040165578,0.03,1,1,1,0.0,0.3333333333333333,0.12150000000000001,-1,-1,-1,1.0,1.0,-1.0,0.0,-0.3333333333333333,0.12150000000000001,-1,-1,-1,0.356862745098039,0.694117647058824,0.803921568627451
137.71864938735962,0.0,0.08352068150061973,0.03,1,1,1,0.0,0.3333333333333333,0.12150000000000001,-1,-1,-1,1.0,1.0,-1.0,0.0,-0.3333333333333333,0.12150000000000001,-1,-1,-1,0.356862745098039,0.694117647058824,0.803921568627451
137.7531852722168,0.0,0.08729025259958367,0.03,1,1,1,0.0,0.3333333333333333,0.12150000000000001,-1,-1,-1,1.0,1.0,-1.0,0.0,-0.3333333333333333,0.12150000000000001,-1,-1,-1,0.356862745098039,0.694117647058824,0.803921568627451
137.7881293296814,0.0,0.09105982369854762,0.03,1,1,1,0.0,0.3333333333333333,0.12150000000000001,-1,-1,-1,1.0,1.0,-1.0,0.0,-0.3333333333333333,0.12150000000000001,-1,-1,-1,0.356862745098039,0.694117647058824,0.803921568627451
137.82331466674805,0.0,0.09482939479751157,0.03,1,1,1,0.0,0.3333333333333333,0.12150000000000001,-1,-1,-1,1.0,1.0,-1.0,0.0,-0.3333333333333333,0.12150000000000001,-1,-1,-1,0.356862745098039,0.694117647058824,0.803921568627451
137.8572289943695,0.0,0.09859896589647552,0.03,1,1,1,0.0,0.3333333333333333,0.12150000000000001,-1,-1,-1,1.0,1.0,-1.0,0.0,-0.3333333333333333,0.12150000000000001,-1,-1,-1,0.356862745098039,0.694117647058824,0.803921568627451
137.89195442199707,0.0,0.10236853699543946,0.03,1,1,1,0.0,0.3333333333333333,0.12150000000000001,-1,-1,-1,1.0,1.0,-1.0,0.0,-0.3333333333333333,0.12150000000000001,-1,-1,-1,0.356862745098039,0.694117647058824,0.803921568627451
137.92697024345398,0.0,0.10613810809440341,0.03,1,1,1,0.0,0.3333333333333333,0.12150000000000001,-1,-1,-1,1.0,1.0,-1.0,0.0,-0.3333333333333333,0.12150000000000001,-1,-1,-1,0.356862745098039,0.694117647058824,0.803921568627451
137.96133041381836,0.0,0.10990767919336736,0.03,1,1,1,0.0,0.3333333333333333,0.12150000000000001,-1,-1,-1,1.0,1.0,-1.0,0.0,-0.3333333333333333,0.12150000000000001,-1,-1,-1,0.356862745098039,0.694117647058824,0.803921568627451
137.9964907169342,0.0,0.1136772502923313,0.03,1,1,1,0.0,0.3333333333333333,0.12150000000000001,-1,-1,-1,1.0,1.0,-1.0,0.0,-0.3333333333333333,0.12150000000000001,-1,-1,-1,0.356862745098039,0.694117647058824,0.803921568627451
138.0305633544922,0.0,0.11744682139129525,0.03,1,1,1,0.0,0.3333333333333333,0.12150000000000001,-1,-1,-1,1.0,1.0,-1.0,0.0,-0.3333333333333333,0.12150000000000001,-1,-1,-1,0.356862745098039,0.694117647058824,0.803921568627451
138.06550526618958,0.0,0.1212163924902592,0.03,1,1,1,0.0,0.3333333333333333,0.12150000000000001,-1,-1,-1,1.0,1.0,-1.0,0.0,-0.3333333333333333,0.12150000000000001,-1,-1,-1,0.356862745098039,0.694117647058824,0.803921568627451
138.10020685195923,0.0,0.12498596358922313,0.03,1,1,1,0.0,0.3333333333333333,0.12150000000000001,-1,-1,-1,1.0,1.0,-1.0,0.0,-0.3333333333333333,0.12150000000000001,-1,-1,-1,0.356862745098039,0.694117647058824,0.803921568627451
138.1346664428711,0.0,0.12875553468818707,0.03,1,1,1,0.0,0.3333333333333333,0.12150000000000001,-1,-1,-1,1.0,1.0,-1.0,0.0,-0.3333333333333333,0.12150000000000001,-1,-1,-1,0.356862745098039,0.694117647058824,0.803921568627451
138.16949486732483,0.0,0.13252510578715102,0.03,1,1,1,0.0,0.3333333333333333,0.12150000000000001,-1,-1,-1,1.0,1.0,-1.0,0.0,-0.3333333333333333,0.12150000000000001,-1,-1,-1,0.356862745098039,0.694117647058824,0.803921568627451
138.2046377658844,0.0,0.13629467688611496,0.03,1,1,1,0.0,0.3333333333333333,0.12150000000000001,-1,-1,-1,1.0,1.0,-1.0,0.0,-0.3333333333333333,0.12150000000000001,-1,-1,-1,0.356862745098039,0.694117647058824,0.803921568627451
138.2391939163208,0.0,0.1400642479850789,0.03,1,1,1,0.0,0.3333333333333333,0.12150000000000001,-1,-1,-1,1.0,1.0,-1.0,0.0,-0.3333333333333333,0.12150000000000001,-1,-1,-1,0.356862745098039,0.694117647058824,0.803921568627451
138.27343106269836,0.0,0.14383381908404286,0.03,1,1,1,0.0,0.3333333333333333,0.12150000000000001,-1,-1,-1,1.0,1.0,-1.0,0.0,-0.3333333333333333,0.12150000000000001,-1,-1,-1,0.356862745098039,0.694117647058824,0.803921568627451
138.30976223945618,0.0,0.14047888596917416,0.03,1,1,1,0.0,0.3333333333333333,0.12150000000000001,-1,-1,-1,1.0,1.0,-1.0,0.0,-0.3333333333333333,0.12150000000000001,-1,-1,-1,0.356862745098039,0.694117647058824,0.803921568627451
138.3422315120697,0.0,0.13712395285430545,0.03,1,1,1,0.0,0.3333333333333333,0.12150000000000001,-1,-1,-1,1.0,1.0,-1.0,0.0,-0.3333333333333333,0.12150000000000001,-1,-1,-1,0.356862745098039,0.694117647058824,0.803921568627451
138.37697052955627,0.0,0.13376901973943675,0.03,1,1,1,0.0,0.3333333333333333,0.12150000000000001,-1,-1,-1,1.0,1.0,-1.0,0.0,-0.3333333333333333,0.12150000000000001,-1,-1,-1,0.356862745098039,0.694117647058824,0.803921568627451
138.41336798667908,0.0,0.13041408662456805,0.03,1,1,1,0.0,0.3333333333333333,0.12150000000000001,-1,-1,-1,1.0,1.0,-1.0,0.0,-0.3333333333333333,0.12150000000000001,-1,-1,-1,0.356862745098039,0.694117647058824,0.803921568627451
138.44713711738586,0.0,0.12705915350969935,0.03,1,1,1,0.0,0.3333333333333333,0.12150000000000001,-1,-1,-1,1.0,1.0,-1.0,0.0,-0.3333333333333333,0.12150000000000001,-1,-1,-1,0.356862745098039,0.694117647058824,0.803921568627451
138.48237776756287,0.0,0.12370422039483066,0.03,1,1,1,0.0,0.3333333333333333,0.12150000000000001,-1,-1,-1,1.0,1.0,-1.0,0.0,-0.3333333333333333,0.12150000000000001,-1,-1,-1,0.356862745098039,0.694117647058824,0.803921568627451
138.5170476436615,0.0,0.12034928727996193,0.03,1,1,1,0.0,0.3333333333333333,0.12150000000000001,-1,-1,-1,1.0,1.0,-1.0,0.0,-0.3333333333333333,0.12150000000000001,-1,-1,-1,0.356862745098039,0.694117647058824,0.803921568627451
138.55119490623474,0.0,0.11699435416509323,0.03,1,1,1,0.0,0.3333333333333333,0.12150000000000001,-1,-1,-1,1.0,1.0,-1.0,0.0,-0.3333333333333333,0.12150000000000001,-1,-1,-1,0.356862745098039,0.694117647058824,0.803921568627451
138.58658909797668,0.0,0.11363942105022452,0.03,1,1,1,0.0,0.3333333333333333,0.12150000000000001,-1,-1,-1,1.0,1.0,-1.0,0.0,-0.3333333333333333,0.12150000000000001,-1,-1,-1,0.356862745098039,0.694117647058824,0.803921568627451
138.62110376358032,0.0,0.11028448793535582,0.03,1,1,1,0.0,0.3333333333333333,0.12150000000000001,-1,-1,-1,1.0,1.0,-1.0,0.0,-0.3333333333333333,0.12150000000000001,-1,-1,-1,0.356862745098039,0.694117647058824,0.803921568627451
138.65554237365723,0.0,0.10692955482048712,0.03,1,1,1,0.0,0.3333333333333333,0.12150000000000001,-1,-1,-1,1.0,1.0,-1.0,0.0,-0.3333333333333333,0.12150000000000001,-1,-1,-1,0.356862745098039,0.694117647058824,0.803921568627451
138.69065141677856,0.0,0.10357462170561842,0.03,1,1,1,0.0,0.3333333333333333,0.12150000000000001,-1,-1,-1,1.0,1.0,-1.0,0.0,-0.3333333333333333,0.12150000000000001,-1,-1,-1,0.356862745098039,0.694117647058824,0.803921568627451
138.7253293991089,0.0,0.10021968859074971,0.03,1,1,1,0.0,0.3333333333333333,0.12150000000000001,-1,-1,-1,1.0,1.0,-1.0,0.0,-0.3333333333333333,0.12150000000000001,-1,-1,-1,0.356862745098039,0.694117647058824,0.803921568627451
138.76004433631897,0.0,0.09686475547588101,0.03,1,1,1,0.0,0.3333333333333333,0.12150000000000001,-1,-1,-1,1.0,1.0,-1.0,0.0,-0.3333333333333333,0.12150000000000001,-1,-1,-1,0.356862745098039,0.694117647058824,0.803921568627451
138.7954912185669,0.0,0.09350982236101231,0.03,1,1,1,0.0,0.3333333333333333,0.12150000000000001,-1,-1,-1,1.0,1.0,-1.0,0.0,-0.3333333333333333,0.12150000000000001,-1,-1,-1,0.356862745098039,0.694117647058824,0.803921568627451
138.8289315700531,0.0,0.09015488924614361,0.03,1,1,1,0.0,0.3333333333333333,0.12150000000000001,-1,-1,-1,1.0,1.0,-1.0,0.0,-0.3333333333333333,0.12150000000000001,-1,-1,-1,0.356862745098039,0.694117647058824,0.803921568627451
138.8635766506195,0.0,0.0867999561312749,0.03,1,1,1,0.0,0.3333333333333333,0.12150000000000001,-1,-1,-1,1.0,1.0,-1.0,0.0,-0.3333333333333333,0.12150000000000001,-1,-1,-1,0.356862745098039,0.694117647058824,0.803921568627451
138.89825010299683,0.0,0.0834450230164062,0.03,1,1,1,0.0,0.3333333333333333,0.12150000000000001,-1,-1,-1,1.0,1.0,-1.0,0.0,-0.3333333333333333,0.12150000000000001,-1,-1,-1,0.356862745098039,0.694117647058824,0.803921568627451
138.93375444412231,0.0,0.0800900899015375,0.03,1,1,1,0.0,0.3333333333333333,0.12150000000000001,-1,-1,-1,1.0,1.0,-1.0,0.0,-0.3333333333333333,0.12150000000000001,-1,-1,-1,0.356862745098039,0.694117647058824,0.803921568627451
138.96791052818298,0.0,0.0767351567866688,0.03,1,1,1,0.0,0.3333333333333333,0.12150000000000001,-1,-1,-1,1.0,1.0,-1.0,0.0,-0.3333333333333333,0.12150000000000001,-1,-1,-1,0.356862745098039,0.694117647058824,0.803921568627451
139.00293135643005,0.0,0.0733802236718001,0.03,1,1,1,0.0,0.3333333333333333,0.12150000000000001,-1,-1,-1,1.0,1.0,-1.0,0.0,-0.3333333333333333,0.12150000000000001,-1,-1,-1,0.356862745098039,0.694117647058824,0.803921568627451
139.0382730960846,0.0,0.0700252905569314,0.03,1,1,1,0.0,0.3333333333333333,0.12150000000000001,-1,-1,-1,1.0,1.0,-1.0,0.0,-0.3333333333333333,0.12150000000000001,-1,-1,-1,0.356862745098039,0.694117647058824,0.803921568627451
139.0731201171875,0.0,0.06667035744206269,0.03,1,1,1,0.0,0.3333333333333333,0.12150000000000001,-1,-1,-1,1.0,1.0,-1.0,0.0,-0.3333333333333333,0.12150000000000001,-1,-1,-1,0.356862745098039,0.694117647058824,0.803921568627451
139.10662269592285,0.0,0.06331542432719399,0.03,1,1,1,0.0,0.3333333333333333,0.12150000000000001,-1,-1,-1,1.0,1.0,-1.0,0.0,-0.3333333333333333,0.12150000000000001,-1,-1,-1,0.356862745098039,0.694117647058824,0.803921568627451
139.14124035835266,0.0,0.05996049121232528,0.03,1,1,1,0.0,0.3333333333333333,0.12150000000000001,-1,-1,-1,1.0,1.0,-1.0,0.0,-0.3333333333333333,0.12150000000000001,-1,-1,-1,0.356862745098039,0.694117647058824,0.803921568627451
139.17639112472534,0.0,0.05660555809745657,0.03,1,1,1,0.0,0.3333333333333333,0.12150000000000001,-1,-1,-1,1.0,1.0,-1.0,0.0,-0.3333333333333333,0.12150000000000001,-1,-1,-1,0.356862745098039,0.694117647058824,0.803921568627451
139.210853099823,0.0,0.05325062498258787,0.03,1,1,1,0.0,0.3333333333333333,0.12150000000000001,-1,-1,-1,1.0,1.0,-1.0,0.0,-0.3333333333333333,0.12150000000000001,-1,-1,-1,0.356862745098039,0.694117647058824,0.803921568627451
139.2457480430603,0.0,0.049895691867719166,0.03,1,1,1,0.0,0.3333333333333333,0.12150000000000001,-1,-1,-1,1.0,1.0,-1.0,0.0,-0.3333333333333333,0.12150000000000001,-1,-1,-1,0.356862745098039,0.694117647058824,0.803921568627451
139.28073239326477,0.0,0.046540758752850464,0.03,1,1,1,0.0,0.3333333333333333,0.12150000000000001,-1,-1,-1,1.0,1.0,-1.0,0.0,-0.3333333333333333,0.12150000000000001,-1,-1,-1,0.356862745098039,0.694117647058824,0.803921568627451
139.3149983882904,0.0,0.04318582563798176,0.03,1,1,1,0.0,0.3333333333333333,0.12150000000000001,-1,-1,-1,1.0,1.0,-1.0,0.0,-0.3333333333333333,0.12150000000000001,-1,-1,-1,0.356862745098039,0.694117647058824,0.803921568627451
139.34989047050476,0.0,0.03983089252311306,0.03,1,1,1,0.0,0.3333333333333333,0.12150000000000001,-1,-1,-1,1.0,1.0,-1.0,0.0,-0.3333333333333333,0.12150000000000001,-1,-1,-1,0.356862745098039,0.694117647058824,0.803921568627451
139.384991645813,0.0,0.03647595940824436,0.03,1,1,1,0.0,0.3333333333333333,0.12150000000000001,-1,-1,-1,1.0,1.0,-1.0,0.0,-0.3333333333333333,0.12150000000000001,-1,-1,-1,0.356862745098039,0.694117647058824,0.803921568627451
139.4193835258484,0.0,0.033121026293375655,0.03,1,1,1,0.0,0.3333333333333333,0.12150000000000001,-1,-1,-1,1.0,1.0,-1.0,0.0,-0.3333333333333333,0.12150000000000001,-1,-1,-1,0.356862745098039,0.694117647058824,0.803921568627451
139.45387959480286,0.0,0.029766093178506946,0.03,1,1,1,0.0,0.3333333333333333,0.12150000000000001,-1,-1,-1,1.0,1.0,-1.0,0.0,-0.3333333333333333,0.12150000000000001,-1,-1,-1,0.356862745098039,0.694117647058824,0.803921568627451
139.4889476299286,0.0,0.0278847531015375,0.03,1,1,1,0.0,0.3333333333333333,0.12150000000000001,-1,-1,-1,1.0,1.0,-1.0,0.0,-0.3333333333333333,0.12150000000000001,-1,-1,-1,0.356862745098039,0.694117647058824,0.803921568627451
139.5237808227539,0.0,0.028213802581416935,0.03,1,1,1,0.0,0.3333333333333333,0.12150000000000001,-1,-1,-1,1.0,1.0,-1.0,0.0,-0.3333333333333333,0.12150000000000001,-1,-1,-1,0.356862745098039,0.694117647058824,0.803921568627451
139.55846691131592,0.0,0.02854285206129637,0.03,1,1,1,0.0,0.3333333333333333,0.12150000000000001,-1,-1,-1,1.0,1.0,-1.0,0.0,-0.3333333333333333,0.12150000000000001,-1,-1,-1,0.356862745098039,0.694117647058824,0.803921568627451
139.59348821640015,0.0,0.028871901541175807,0.03,1,1,1,0.0,0.3333333333333333,0.12150000000000001,-1,-1,-1,1.0,1.0,-1.0,0.0,-0.3333333333333333,0.12150000000000001,-1,-1,-1,0.356862745098039,0.694117647058824,0.803921568627451
139.62791180610657,0.0,0.029200951021055244,0.03,1,1,1,0.0,0.3333333333333333,0.12150000000000001,-1,-1,-1,1.0,1.0,-1.0,0.0,-0.3333333333333333,0.12150000000000001,-1,-1,-1,0.356862745098039,0.694117647058824,0.803921568627451
139.66273999214172,0.0,0.02953000050093468,0.03,1,1,1,0.0,0.3333333333333333,0.12150000000000001,-1,-1,-1,1.0,1.0,-1.0,0.0,-0.3333333333333333,0.12150000000000001,-1,-1,-1,0.356862745098039,0.694117647058824,0.803921568627451
139.69743514060974,0.0,0.02985904998081413,0.03,1,1,1,0.0,0.3333333333333333,0.12150000000000001,-1,-1,-1,1.0,1.0,-1.0,0.0,-0.3333333333333333,0.12150000000000001,-1,-1,-1,0.356862745098039,0.694117647058824,0.803921568627451
139.73206305503845,0.0,0.030188099460693566,0.03,1,1,1,0.0,0.3333333333333333,0.12150000000000001,-1,-1,-1,1.0,1.0,-1.0,0.0,-0.3333333333333333,0.12150000000000001,-1,-1,-1,0.356862745098039,0.694117647058824,0.803921568627451
139.76681542396545,0.0,0.030517148940572985,0.03,1,1,1,0.0,0.3333333333333333,0.12150000000000001,-1,-1,-1,1.0,1.0,-1.0,0.0,-0.3333333333333333,0.12150000000000001,-1,-1,-1,0.356862745098039,0.694117647058824,0.803921568627451
139.80167984962463,0.0,0.03084619842045241,0.03,1,1,1,0.0,0.3333333333333333,0.12150000000000001,-1,-1,-1,1.0,1.0,-1.0,0.0,-0.3333333333333333,0.12150000000000001,-1,-1,-1,0.356862745098039,0.694117647058824,0.803921568627451
139.8371138572693,0.0,0.031175247900331837,0.03,1,1,1,0.0,0.3333333333333333,0.12150000000000001,-1,-1,-1,1.0,1.0,-1.0,0.0,-0.3333333333333333,0.12150000000000001,-1,-1,-1,0.356862745098039,0.694117647058824,0.803921568627451
139.87112426757812,0.0,0.03150429738021128,0.03,1,1,1,0.0,0.3333333333333333,0.12150000000000001,-1,-1,-1,1.0,1.0,-1.0,0.0,-0.3333333333333333,0.12150000000000001,-1,-1,-1,0.356862745098039,0.694117647058824,0.803921568627451
139.90588760375977,0.0,0.03183334686009073,0.03,1,1,1,0.0,0.3333333333333333,0.12150000000000001,-1,-1,-1,1.0,1.0,-1.0,0.0,-0.3333333333333333,0.12150000000000001,-1,-1,-1,0.356862745098039,0.694117647058824,0.803921568627451
139.94096207618713,0.0,0.03216239633997019,0.03,1,1,1,0.0,0.3333333333333333,0.12150000000000001,-1,-1,-1,1.0,1.0,-1.0,0.0,-0.3333333333333333,0.12150000000000001,-1,-1,-1,0.356862745098039,0.694117647058824,0.803921568627451
139.97535943984985,0.0,0.03249144581984964,0.03,1,1,1,0.0,0.3333333333333333,0.12150000000000001,-1,-1,-1,1.0,1.0,-1.0,0.0,-0.3333333333333333,0.12150000000000001,-1,-1,-1,0.356862745098039,0.694117647058824,0.803921568627451
140.01040649414062,0.0,0.032820495299729094,0.03,1,1,1,0.0,0.3333333333333333,0.12150000000000001,-1,-1,-1,1.0,1.0,-1.0,0.0,-0.3333333333333333,0.12150000000000001,-1,-1,-1,0.356862745098039,0.694117647058824,0.803921568627451
140.0454866886139,0.0,0.03314954477960855,0.03,1,1,1,0.0,0.3333333333333333,0.12150000000000001,-1,-1,-1,1.0,1.0,-1.0,0.0,-0.3333333333333333,0.12150000000000001,-1,-1,-1,0.356862745098039,0.694117647058824,0.803921568627451
140.07989597320557,0.0,0.033478594259488,0.03,1,1,1,0.0,0.3333333333333333,0.12150000000000001,-1,-1,-1,1.0,1.0,-1.0,0.0,-0.3333333333333333,0.12150000000000001,-1,-1,-1,0.356862745098039,0.694117647058824,0.803921568627451
140.11455702781677,0.0,0.033807643739367454,0.03,1,1,1,0.0,0.3333333333333333,0.12150000000000001,-1,-1,-1,1.0,1.0,-1.0,0.0,-0.3333333333333333,0.12150000000000001,-1,-1,-1,0.356862745098039,0.694117647058824,0.803921568627451
140.1495316028595,0.0,0.03413669321924691,0.03,1,1,1,0.0,0.3333333333333333,0.12150000000000001,-1,-1,-1,1.0,1.0,-1.0,0.0,-0.3333333333333333,0.12150000000000001,-1,-1,-1,0.356862745098039,0.694117647058824,0.803921568627451
140.18404841423035,0.0,0.03446574269912636,0.03,1,1,1,0.0,0.3333333333333333,0.12150000000000001,-1,-1,-1,1.0,1.0,-1.0,0.0,-0.3333333333333333,0.12150000000000001,-1,-1,-1,0.356862745098039,0.694117647058824,0.803921568627451
140.218985080719,0.0,0.034794792179005815,0.03,1,1,1,0.0,0.3333333333333333,0.12150000000000001,-1,-1,-1,1.0,1.0,-1.0,0.0,-0.3333333333333333,0.12150000000000001,-1,-1,-1,0.356862745098039,0.694117647058824,0.803921568627451
140.2537055015564,0.0,0.03512384165888527,0.03,1,1,1,0.0,0.3333333333333333,0.12150000000000001,-1,-1,-1,1.0,1.0,-1.0,0.0,-0.3333333333333333,0.12150000000000001,-1,-1,-1,0.356862745098039,0.694117647058824,0.803921568627451
140.28840684890747,0.0,0.03545289113876472,0.03,1,1,1,0.0,0.3333333333333333,0.12150000000000001,-1,-1,-1,1.0,1.0,-1.0,0.0,-0.3333333333333333,0.12150000000000001,-1,-1,-1,0.356862745098039,0.694117647058824,0.803921568627451
140.32316160202026,0.0,0.035781940618644176,0.03,1,1,1,0.0,0.3333333333333333,0.12150000000000001,-1,-1,-1,1.0,1.0,-1.0,0.0,-0.3333333333333333,0.12150000000000001,-1,-1,-1,0.356862745098039,0.694117647058824,0.803921568627451
140.35786986351013,0.0,0.03611099009852363,0.03,1,1,1,0.0,0.3333333333333333,0.12150000000000001,-1,-1,-1,1.0,1.0,-1.0,0.0,-0.3333333333333333,0.12150000000000001,-1,-1,-1,0.356862745098039,0.694117647058824,0.803921568627451
140.39251565933228,0.0,0.03644003957840308,0.03,1,1,1,0.0,0.3333333333333333,0.12150000000000001,-1,-1,-1,1.0,1.0,-1.0,0.0,-0.3333333333333333,0.12150000000000001,-1,-1,-1,0.356862745098039,0.694117647058824,0.803921568627451
140.4269700050354,0.0,0.036769089058282536,0.03,1,1,1,0.0,0.3333333333333333,0.12150000000000001,-1,-1,-1,1.0,1.0,-1.0,0.0,-0.3333333333333333,0.12150000000000001,-1,-1,-1,0.356862745098039,0.694117647058824,0.803921568627451
140.46160435676575,0.0,0.03709813853816199,0.03,1,1,1,0.0,0.3333333333333333,0.12150000000000001,-1,-1,-1,1.0,1.0,-1.0,0.0,-0.3333333333333333,0.12150000000000001,-1,-1,-1,0.356862745098039,0.694117647058824,0.803921568627451
140.49627900123596,0.0,0.03742718801804144,0.03,1,1,1,0.0,0.3333333333333333,0.12150000000000001,-1,-1,-1,1.0,1.0,-1.0,0.0,-0.3333333333333333,0.12150000000000001,-1,-1,-1,0.356862745098039,0.694117647058824,0.803921568627451
140.5310502052307,0.0,0.0377562374979209,0.03,1,1,1,0.0,0.3333333333333333,0.12150000000000001,-1,-1,-1,1.0,1.0,-1.0,0.0,-0.3333333333333333,0.12150000000000001,-1,-1,-1,0.356862745098039,0.694117647058824,0.803921568627451
140.5658950805664,0.0,0.03808528697780035,0.03,1,1,1,0.0,0.3333333333333333,0.12150000000000001,-1,-1,-1,1.0,1.0,-1.0,0.0,-0.3333333333333333,0.12150000000000001,-1,-1,-1,0.356862745098039,0.694117647058824,0.803921568627451
140.6004331111908,0.0,0.038414336457679804,0.03,1,1,1,0.0,0.3333333333333333,0.12150000000000001,-1,-1,-1,1.0,1.0,-1.0,0.0,-0.3333333333333333,0.12150000000000001,-1,-1,-1,0.356862745098039,0.694117647058824,0.803921568627451
140.63517570495605,0.0,0.03874338593755926,0.03,1,1,1,0.0,0.3333333333333333,0.12150000000000001,-1,-1,-1,1.0,1.0,-1.0,0.0,-0.3333333333333333,0.12150000000000001,-1,-1,-1,0.356862745098039,0.694117647058824,0.803921568627451
140.67035961151123,0.0,0.03907243541743871,0.03,1,1,1,0.0,0.3333333333333333,0.12150000000000001,-1,-1,-1,1.0,1.0,-1.0,0.0,-0.3333333333333333,0.12150000000000001,-1,-1,-1,0.356862745098039,0.694117647058824,0.803921568627451
140.70517492294312,0.0,0.0391382453134146,0.03,1,1,1,0.0,0.3333333333333333,0.12150000000000001,-1,-1,-1,1.0,1.0,-1.0,0.0,-0.3333333333333333,0.12150000000000001,-1,-1,-1,0.356862745098039,0.694117647058824,0.803921568627451
140.73978352546692,0.0,0.0391382453134146,0.03,1,1,1,0.0,0.3333333333333333,0.12150000000000001,-1,-1,-1,1.0,1.0,-1.0,0.0,-0.3333333333333333,0.12150000000000001,-1,-1,-1,0.356862745098039,0.694117647058824,0.803921568627451
140.77422666549683,0.0,0.0391382453134146,0.03,1,1,1,0.0,0.3333333333333333,0.12150000000000001,-1,-1,-1,1.0,1.0,-1.0,0.0,-0.3333333333333333,0.12150000000000001,-1,-1,-1,0.356862745098039,0.694117647058824,0.803921568627451
140.80904984474182,0.0,0.0391382453134146,0.03,1,1,1,0.0,0.3333333333333333,0.12150000000000001,-1,-1,-1,1.0,1.0,-1.0,0.0,-0.3333333333333333,0.12150000000000001,-1,-1,-1,0.356862745098039,0.694117647058824,0.803921568627451
140.84375715255737,0.0,0.0391382453134146,0.03,1,1,1,0.0,0.3333333333333333,0.12150000000000001,-1,-1,-1,1.0,1.0,-1.0,0.0,-0.3333333333333333,0.12150000000000001,-1,-1,-1,0.356862745098039,0.694117647058824,0.803921568627451
140.87860465049744,0.0,0.0391382453134146,0.03,1,1,1,0.0,0.3333333333333333,0.12150000000000001,-1,-1,-1,1.0,1.0,-1.0,0.0,-0.3333333333333333,0.12150000000000001,-1,-1,-1,0.356862745098039,0.694117647058824,0.803921568627451
140.91361379623413,0.0,0.0391382453134146,0.03,1,1,1,0.0,0.3333333333333333,0.12150000000000001,-1,-1,-1,1.0,1.0,-1.0,0.0,-0.3333333333333333,0.12150000000000001,-1,-1,-1,0.356862745098039,0.694117647058824,0.803921568627451
140.94793820381165,0.0,0.0391382453134146,0.03,1,1,1,0.0,0.3333333333333333,0.12150000000000001,-1,-1,-1,1.0,1.0,-1.0,0.0,-0.3333333333333333,0.12150000000000001,-1,-1,-1,0.356862745098039,0.694117647058824,0.803921568627451
140.98264694213867,0.0,0.0391382453134146,0.03,1,1,1,0.0,0.3333333333333333,0.12150000000000001,-1,-1,-1,1.0,1.0,-1.0,0.0,-0.3333333333333333,0.12150000000000001,-1,-1,-1,0.356862745098039,0.694117647058824,0.803921568627451
141.01739192008972,0.0,0.0391382453134146,0.03,1,1,1,0.0,0.3333333333333333,0.12150000000000001,-1,-1,-1,1.0,1.0,-1.0,0.0,-0.3333333333333333,0.12150000000000001,-1,-1,-1,0.356862745098039,0.694117647058824,0.803921568627451
141.0515615940094,0.0,0.0391382453134146,0.03,1,1,1,0.0,0.3333333333333333,0.12150000000000001,-1,-1,-1,1.0,1.0,-1.0,0.0,-0.3333333333333333,0.12150000000000001,-1,-1,-1,0.356862745098039,0.694117647058824,0.803921568627451
141.08627080917358,0.0,0.0391382453134146,0.03,1,1,1,0.0,0.3333333333333333,0.12150000000000001,-1,-1,-1,1.0,1.0,-1.0,0.0,-0.3333333333333333,0.12150000000000001,-1,-1,-1,0.356862745098039,0.694117647058824,0.803921568627451
141.12112712860107,0.0,0.0391382453134146,0.03,1,1,1,0.0,0.3333333333333333,0.12150000000000001,-1,-1,-1,1.0,1.0,-1.0,0.0,-0.3333333333333333,0.12150000000000001,-1,-1,-1,0.356862745098039,0.694117647058824,0.803921568627451
141.15600872039795,0.0,0.0391382453134146,0.03,1,1,1,0.0,0.3333333333333333,0.12150000000000001,-1,-1,-1,1.0,1.0,-1.0,0.0,-0.3333333333333333,0.12150000000000001,-1,-1,-1,0.356862745098039,0.694117647058824,0.803921568627451
141.19023633003235,0.0,0.0391382453134146,0.03,1,1,1,0.0,0.3333333333333333,0.12150000000000001,-1,-1,-1,1.0,1.0,-1.0,0.0,-0.3333333333333333,0.12150000000000001,-1,-1,-1,0.356862745098039,0.694117647058824,0.803921568627451
141.22487092018127,0.0,0.0391382453134146,0.03,1,1,1,0.0,0.3333333333333333,0.12150000000000001,-1,-1,-1,1.0,1.0,-1.0,0.0,-0.3333333333333333,0.12150000000000001,-1,-1,-1,0.356862745098039,0.694117647058824,0.803921568627451
141.2598147392273,0.0,0.0391382453134146,0.03,1,1,1,0.0,0.3333333333333333,0.12150000000000001,-1,-1,-1,1.0,1.0,-1.0,0.0,-0.3333333333333333,0.12150000000000001,-1,-1,-1,0.356862745098039,0.694117647058824,0.803921568627451
141.29442834854126,0.0,0.0391382453134146,0.03,1,1,1,0.0,0.3333333333333333,0.12150000000000001,-1,-1,-1,1.0,1.0,-1.0,0.0,-0.3333333333333333,0.12150000000000001,-1,-1,-1,0.356862745098039,0.694117647058824,0.803921568627451
141.32955121994019,0.0,0.0391382453134146,0.03,1,1,1,0.0,0.3333333333333333,0.12150000000000001,-1,-1,-1,1.0,1.0,-1.0,0.0,-0.3333333333333333,0.12150000000000001,-1,-1,-1,0.356862745098039,0.694117647058824,0.803921568627451
141.3642110824585,0.0,0.0391382453134146,0.03,1,1,1,0.0,0.3333333333333333,0.12150000000000001,-1,-1,-1,1.0,1.0,-1.0,0.0,-0.3333333333333333,0.12150000000000001,-1,-1,-1,0.356862745098039,0.694117647058824,0.803921568627451
141.39854621887207,0.0,0.0391382453134146,0.03,1,1,1,0.0,0.3333333333333333,0.12150000000000001,-1,-1,-1,1.0,1.0,-1.0,0.0,-0.3333333333333333,0.12150000000000001,-1,-1,-1,0.356862745098039,0.694117647058824,0.803921568627451
141.43353009223938,0.0,0.0391382453134146,0.03,1,1,1,0.0,0.3333333333333333,0.12150000000000001,-1,-1,-1,1.0,1.0,-1.0,0.0,-0.3333333333333333,0.12150000000000001,-1,-1,-1,0.356862745098039,0.694117647058824,0.803921568627451
141.4677128791809,0.0,0.0391382453134146,0.03,1,1,1,0.0,0.3333333333333333,0.12150000000000001,-1,-1,-1,1.0,1.0,-1.0,0.0,-0.3333333333333333,0.12150000000000001,-1,-1,-1,0.356862745098039,0.694117647058824,0.803921568627451
141.50266551971436,0.0,0.0391382453134146,0.03,1,1,1,0.0,0.3333333333333333,0.12150000000000001,-1,-1,-1,1.0,1.0,-1.0,0.0,-0.3333333333333333,0.12150000000000001,-1,-1,-1,0.356862745098039,0.694117647058824,0.803921568627451
141.5373272895813,0.0,0.0391382453134146,0.03,1,1,1,0.0,0.3333333333333333,0.12150000000000001,-1,-1,-1,1.0,1.0,-1.0,0.0,-0.3333333333333333,0.12150000000000001,-1,-1,-1,0.356862745098039,0.694117647058824,0.803921568627451
141.57221150398254,0.0,0.0391382453134146,0.03,1,1,1,0.0,0.3333333333333333,0.12150000000000001,-1,-1,-1,1.0,1.0,-1.0,0.0,-0.3333333333333333,0.12150000000000001,-1,-1,-1,0.356862745098039,0.694117647058824,0.803921568627451
141.60693216323853,0.0,0.0391382453134146,0.03,1,1,1,0.0,0.3333333333333333,0.12150000000000001,-1,-1,-1,1.0,1.0,-1.0,0.0,-0.3333333333333333,0.12150000000000001,-1,-1,-1,0.356862745098039,0.694117647058824,0.803921568627451
141.6418263912201,0.0,0.0391382453134146,0.03,1,1,1,0.0,0.3333333333333333,0.12150000000000001,-1,-1,-1,1.0,1.0,-1.0,0.0,-0.3333333333333333,0.12150000000000001,-1,-1,-1,0.356862745098039,0.694117647058824,0.803921568627451
141.67573833465576,0.0,0.0391382453134146,0.03,1,1,1,0.0,0.3333333333333333,0.12150000000000001,-1,-1,-1,1.0,1.0,-1.0,0.0,-0.3333333333333333,0.12150000000000001,-1,-1,-1,0.356862745098039,0.694117647058824,0.803921568627451
141.70999097824097,0.0,0.0391382453134146,0.03,1,1,1,0.0,0.3333333333333333,0.12150000000000001,-1,-1,-1,1.0,1.0,-1.0,0.0,-0.3333333333333333,0.12150000000000001,-1,-1,-1,0.356862745098039,0.694117647058824,0.803921568627451
141.74479341506958,0.0,0.0391382453134146,0.03,1,1,1,0.0,0.3333333333333333,0.12150000000000001,-1,-1,-1,1.0,1.0,-1.0,0.0,-0.3333333333333333,0.12150000000000001,-1,-1,-1,0.356862745098039,0.694117647058824,0.803921568627451
141.77969884872437,0.0,0.0391382453134146,0.03,1,1,1,0.0,0.3333333333333333,0.12150000000000001,-1,-1,-1,1.0,1.0,-1.0,0.0,-0.3333333333333333,0.12150000000000001,-1,-1,-1,0.356862745098039,0.694117647058824,0.803921568627451
141.8145730495453,0.0,0.0391382453134146,0.03,1,1,1,0.0,0.3333333333333333,0.12150000000000001,-1,-1,-1,1.0,1.0,-1.0,0.0,-0.3333333333333333,0.12150000000000001,-1,-1,-1,0.356862745098039,0.694117647058824,0.803921568627451
141.84951734542847,0.0,0.0391382453134146,0.03,1,1,1,0.0,0.3333333333333333,0.12150000000000001,-1,-1,-1,1.0,1.0,-1.0,0.0,-0.3333333333333333,0.12150000000000001,-1,-1,-1,0.356862745098039,0.694117647058824,0.803921568627451
141.8840034008026,0.0,0.0391382453134146,0.03,1,1,1,0.0,0.3333333333333333,0.12150000000000001,-1,-1,-1,1.0,1.0,-1.0,0.0,-0.3333333333333333,0.12150000000000001,-1,-1,-1,0.356862745098039,0.694117647058824,0.803921568627451
141.91965126991272,0.0,0.0349432307805175,0.03,1,1,1,0.0,0.3333333333333333,0.12150000000000001,-1,-1,-1,1.0,1.0,-1.0,0.0,-0.3333333333333333,0.12150000000000001,-1,-1,-1,0.356862745098039,0.694117647058824,0.803921568627451
141.9525945186615,0.0,0.030748216247620395,0.03,1,1,1,0.0,0.3333333333333333,0.12150000000000001,-1,-1,-1,1.0,1.0,-1.0,0.0,-0.3333333333333333,0.12150000000000001,-1,-1,-1,0.356862745098039,0.694117647058824,0.803921568627451
141.98859548568726,0.0,0.026553201714723303,0.03,1,1,1,0.0,0.3333333333333333,0.12150000000000001,-1,-1,-1,1.0,1.0,-1.0,0.0,-0.3333333333333333,0.12150000000000001,-1,-1,-1,0.356862745098039,0.694117647058824,0.803921568627451
142.02267718315125,0.0,0.022358187181826215,0.03,1,1,1,0.0,0.3333333333333333,0.12150000000000001,-1,-1,-1,1.0,1.0,-1.0,0.0,-0.3333333333333333,0.12150000000000001,-1,-1,-1,0.356862745098039,0.694117647058824,0.803921568627451
142.05772852897644,0.0,0.018163172648929127,0.03,1,1,1,0.0,0.3333333333333333,0.12150000000000001,-1,-1,-1,1.0,1.0,-1.0,0.0,-0.3333333333333333,0.12150000000000001,-1,-1,-1,0.356862745098039,0.694117647058824,0.803921568627451
142.09241247177124,0.0,0.01396815811603204,0.03,1,1,1,0.0,0.3333333333333333,0.12150000000000001,-1,-1,-1,1.0,1.0,-1.0,0.0,-0.3333333333333333,0.12150000000000001,-1,-1,-1,0.356862745098039,0.694117647058824,0.803921568627451
142.12701320648193,0.0,0.009773143583134952,0.03,1,1,1,0.0,0.3333333333333333,0.12150000000000001,-1,-1,-1,1.0,1.0,-1.0,0.0,-0.3333333333333333,0.12150000000000001,-1,-1,-1,0.356862745098039,0.694117647058824,0.803921568627451
142.1619074344635,0.0,0.005578129050237861,0.03,1,1,1,0.0,0.3333333333333333,0.12150000000000001,-1,-1,-1,1.0,1.0,-1.0,0.0,-0.3333333333333333,0.12150000000000001,-1,-1,-1,0.356862745098039,0.694117647058824,0.803921568627451
142.1971836090088,0.0,0.0013831145173407704,0.03,1,1,1,0.0,0.3333333333333333,0.12150000000000001,-1,-1,-1,1.0,1.0,-1.0,0.0,-0.3333333333333333,0.12150000000000001,-1,-1,-1,0.356862745098039,0.694117647058824,0.803921568627451
142.23125290870667,0.0,-0.00281190001555632,0.03,1,1,1,0.0,0.3333333333333333,0.12150000000000001,-1,-1,-1,1.0,1.0,-1.0,0.0,-0.3333333333333333,0.12150000000000001,-1,-1,-1,0.356862745098039,0.694117647058824,0.803921568627451
142.2660207748413,0.0,-0.0070069145484534115,0.03,1,1,1,0.0,0.3333333333333333,0.12150000000000001,-1,-1,-1,1.0,1.0,-1.0,0.0,-0.3333333333333333,0.12150000000000001,-1,-1,-1,0.356862745098039,0.694117647058824,0.803921568627451
142.3007833957672,0.0,-0.0112019290813505,0.03,1,1,1,0.0,0.3333333333333333,0.12150000000000001,-1,-1,-1,1.0,1.0,-1.0,0.0,-0.3333333333333333,0.12150000000000001,-1,-1,-1,0.356862745098039,0.694117647058824,0.803921568627451
142.33547711372375,0.0,-0.015396943614247587,0.03,1,1,1,0.0,0.3333333333333333,0.12150000000000001,-1,-1,-1,1.0,1.0,-1.0,0.0,-0.3333333333333333,0.12150000000000001,-1,-1,-1,0.356862745098039,0.694117647058824,0.803921568627451
142.36998891830444,0.0,-0.019591958147144675,0.03,1,1,1,0.0,0.3333333333333333,0.12150000000000001,-1,-1,-1,1.0,1.0,-1.0,0.0,-0.3333333333333333,0.12150000000000001,-1,-1,-1,0.356862745098039,0.694117647058824,0.803921568627451
142.4048147201538,0.0,-0.023786972680041762,0.03,1,1,1,0.0,0.3333333333333333,0.12150000000000001,-1,-1,-1,1.0,1.0,-1.0,0.0,-0.3333333333333333,0.12150000000000001,-1,-1,-1,0.356862745098039,0.694117647058824,0.803921568627451
142.43913912773132,0.0,-0.02798198721293885,0.03,1,1,1,0.0,0.3333333333333333,0.12150000000000001,-1,-1,-1,1.0,1.0,-1.0,0.0,-0.3333333333333333,0.12150000000000001,-1,-1,-1,0.356862745098039,0.694117647058824,0.803921568627451
142.47386479377747,0.0,-0.032177001745835945,0.03,1,1,1,0.0,0.3333333333333333,0.12150000000000001,-1,-1,-1,1.0,1.0,-1.0,0.0,-0.3333333333333333,0.12150000000000001,-1,-1,-1,0.356862745098039,0.694117647058824,0.803921568627451
142.50896525382996,0.0,-0.03637201627873305,0.03,1,1,1,0.0,0.3333333333333333,0.12150000000000001,-1,-1,-1,1.0,1.0,-1.0,0.0,-0.3333333333333333,0.12150000000000001,-1,-1,-1,0.356862745098039,0.694117647058824,0.803921568627451
142.54355430603027,0.0,-0.040567030811630156,0.03,1,1,1,0.0,0.3333333333333333,0.12150000000000001,-1,-1,-1,1.0,1.0,-1.0,0.0,-0.3333333333333333,0.12150000000000001,-1,-1,-1,0.356862745098039,0.694117647058824,0.803921568627451
142.57800006866455,0.0,-0.04476204534452726,0.03,1,1,1,0.0,0.3333333333333333,0.12150000000000001,-1,-1,-1,1.0,1.0,-1.0,0.0,-0.3333333333333333,0.12150000000000001,-1,-1,-1,0.356862745098039,0.694117647058824,0.803921568627451
142.61275672912598,0.0,-0.048957059877424366,0.03,1,1,1,0.0,0.3333333333333333,0.12150000000000001,-1,-1,-1,1.0,1.0,-1.0,0.0,-0.3333333333333333,0.12150000000000001,-1,-1,-1,0.356862745098039,0.694117647058824,0.803921568627451
142.64786386489868,0.0,-0.05315207441032147,0.03,1,1,1,0.0,0.3333333333333333,0.12150000000000001,-1,-1,-1,1.0,1.0,-1.0,0.0,-0.3333333333333333,0.12150000000000001,-1,-1,-1,0.356862745098039,0.694117647058824,0.803921568627451
142.6824860572815,0.0,-0.05734708894321858,0.03,1,1,1,0.0,0.3333333333333333,0.12150000000000001,-1,-1,-1,1.0,1.0,-1.0,0.0,-0.3333333333333333,0.12150000000000001,-1,-1,-1,0.356862745098039,0.694117647058824,0.803921568627451
142.71689796447754,0.0,-0.061542103476115675,0.03,1,1,1,0.0,0.3333333333333333,0.12150000000000001,-1,-1,-1,1.0,1.0,-1.0,0.0,-0.3333333333333333,0.12150000000000001,-1,-1,-1,0.356862745098039,0.694117647058824,0.803921568627451
142.75228667259216,0.0,-0.06573711800901275,0.03,1,1,1,0.0,0.3333333333333333,0.12150000000000001,-1,-1,-1,1.0,1.0,-1.0,0.0,-0.3333333333333333,0.12150000000000001,-1,-1,-1,0.356862745098039,0.694117647058824,0.803921568627451
142.78681683540344,0.0,-0.06993213254190982,0.03,1,1,1,0.0,0.3333333333333333,0.12150000000000001,-1,-1,-1,1.0,1.0,-1.0,0.0,-0.3333333333333333,0.12150000000000001,-1,-1,-1,0.356862745098039,0.694117647058824,0.803921568627451
142.82150053977966,0.0,-0.07412714707480689,0.03,1,1,1,0.0,0.3333333333333333,0.12150000000000001,-1,-1,-1,1.0,1.0,-1.0,0.0,-0.3333333333333333,0.12150000000000001,-1,-1,-1,0.356862745098039,0.694117647058824,0.803921568627451
142.85584902763367,0.0,-0.07832216160770396,0.03,1,1,1,0.0,0.3333333333333333,0.12150000000000001,-1,-1,-1,1.0,1.0,-1.0,0.0,-0.3333333333333333,0.12150000000000001,-1,-1,-1,0.356862745098039,0.694117647058824,0.803921568627451
142.89047837257385,0.0,-0.08251717614060103,0.03,1,1,1,0.0,0.3333333333333333,0.12150000000000001,-1,-1,-1,1.0,1.0,-1.0,0.0,-0.3333333333333333,0.12150000000000001,-1,-1,-1,0.356862745098039,0.694117647058824,0.803921568627451
142.92557883262634,0.0,-0.0867121906734981,0.03,1,1,1,0.0,0.3333333333333333,0.12150000000000001,-1,-1,-1,1.0,1.0,-1.0,0.0,-0.3333333333333333,0.12150000000000001,-1,-1,-1,0.356862745098039,0.694117647058824,0.803921568627451
142.96025156974792,0.0,-0.09090720520639517,0.03,1,1,1,0.0,0.3333333333333333,0.12150000000000001,-1,-1,-1,1.0,1.0,-1.0,0.0,-0.3333333333333333,0.12150000000000001,-1,-1,-1,0.356862745098039,0.694117647058824,0.803921568627451
142.994562625885,0.0,-0.09510221973929224,0.03,1,1,1,0.0,0.3333333333333333,0.12150000000000001,-1,-1,-1,1.0,1.0,-1.0,0.0,-0.3333333333333333,0.12150000000000001,-1,-1,-1,0.356862745098039,0.694117647058824,0.803921568627451
143.02996158599854,0.0,-0.09929723427218931,0.03,1,1,1,0.0,0.3333333333333333,0.12150000000000001,-1,-1,-1,1.0,1.0,-1.0,0.0,-0.3333333333333333,0.12150000000000001,-1,-1,-1,0.356862745098039,0.694117647058824,0.803921568627451
143.06480169296265,0.0,-0.10349224880508638,0.03,1,1,1,0.0,0.3333333333333333,0.12150000000000001,-1,-1,-1,1.0,1.0,-1.0,0.0,-0.3333333333333333,0.12150000000000001,-1,-1,-1,0.356862745098039,0.694117647058824,0.803921568627451
143.09947156906128,0.0,-0.10611769547731356,0.03,1,1,1,0.0,0.3333333333333333,0.12150000000000001,-1,-1,-1,1.0,1.0,-1.0,0.0,-0.3333333333333333,0.12150000000000001,-1,-1,-1,0.356862745098039,0.694117647058824,0.803921568627451
143.1340606212616,0.0,-0.1063887903585359,0.03,1,1,1,0.0,0.3333333333333333,0.12150000000000001,-1,-1,-1,1.0,1.0,-1.0,0.0,-0.3333333333333333,0.12150000000000001,-1,-1,-1,0.356862745098039,0.694117647058824,0.803921568627451
143.16994643211365,0.0,-0.10665988523975825,0.03,1,1,1,0.0,0.3333333333333333,0.12150000000000001,-1,-1,-1,1.0,1.0,-1.0,0.0,-0.3333333333333333,0.12150000000000001,-1,-1,-1,0.356862745098039,0.694117647058824,0.803921568627451
143.2041895389557,0.0,-0.1069309801209806,0.03,1,1,1,0.0,0.3333333333333333,0.12150000000000001,-1,-1,-1,1.0,1.0,-1.0,0.0,-0.3333333333333333,0.12150000000000001,-1,-1,-1,0.356862745098039,0.694117647058824,0.803921568627451
143.2391996383667,0.0,-0.10720207500220294,0.03,1,1,1,0.0,0.3333333333333333,0.12150000000000001,-1,-1,-1,1.0,1.0,-1.0,0.0,-0.3333333333333333,0.12150000000000001,-1,-1,-1,0.356862745098039,0.694117647058824,0.803921568627451
143.27387118339539,0.0,-0.10747316988342528,0.03,1,1,1,0.0,0.3333333333333333,0.12150000000000001,-1,-1,-1,1.0,1.0,-1.0,0.0,-0.3333333333333333,0.12150000000000001,-1,-1,-1,0.356862745098039,0.694117647058824,0.803921568627451
143.30837321281433,0.0,-0.10774426476464763,0.03,1,1,1,0.0,0.3333333333333333,0.12150000000000001,-1,-1,-1,1.0,1.0,-1.0,0.0,-0.3333333333333333,0.12150000000000001,-1,-1,-1,0.356862745098039,0.694117647058824,0.803921568627451
143.34335255622864,0.0,-0.10801535964586997,0.03,1,1,1,0.0,0.3333333333333333,0.12150000000000001,-1,-1,-1,1.0,1.0,-1.0,0.0,-0.3333333333333333,0.12150000000000001,-1,-1,-1,0.356862745098039,0.694117647058824,0.803921568627451
143.378169298172,0.0,-0.10828645452709232,0.03,1,1,1,0.0,0.3333333333333333,0.12150000000000001,-1,-1,-1,1.0,1.0,-1.0,0.0,-0.3333333333333333,0.12150000000000001,-1,-1,-1,0.356862745098039,0.694117647058824,0.803921568627451
143.41254925727844,0.0,-0.10855754940831466,0.03,1,1,1,0.0,0.3333333333333333,0.12150000000000001,-1,-1,-1,1.0,1.0,-1.0,0.0,-0.3333333333333333,0.12150000000000001,-1,-1,-1,0.356862745098039,0.694117647058824,0.803921568627451
143.447368144989,0.0,-0.10882864428953701,0.03,1,1,1,0.0,0.3333333333333333,0.12150000000000001,-1,-1,-1,1.0,1.0,-1.0,0.0,-0.3333333333333333,0.12150000000000001,-1,-1,-1,0.356862745098039,0.694117647058824,0.803921568627451
143.4820990562439,0.0,-0.10909973917075935,0.03,1,1,1,0.0,0.3333333333333333,0.12150000000000001,-1,-1,-1,1.0,1.0,-1.0,0.0,-0.3333333333333333,0.12150000000000001,-1,-1,-1,0.356862745098039,0.694117647058824,0.803921568627451
143.51715755462646,0.0,-0.1093708340519817,0.03,1,1,1,0.0,0.3333333333333333,0.12150000000000001,-1,-1,-1,1.0,1.0,-1.0,0.0,-0.3333333333333333,0.12150000000000001,-1,-1,-1,0.356862745098039,0.694117647058824,0.803921568627451
143.5509934425354,0.0,-0.10964192893320404,0.03,1,1,1,0.0,0.3333333333333333,0.12150000000000001,-1,-1,-1,1.0,1.0,-1.0,0.0,-0.3333333333333333,0.12150000000000001,-1,-1,-1,0.356862745098039,0.694117647058824,0.803921568627451
143.58577823638916,0.0,-0.10991302381442639,0.03,1,1,1,0.0,0.3333333333333333,0.12150000000000001,-1,-1,-1,1.0,1.0,-1.0,0.0,-0.3333333333333333,0.12150000000000001,-1,-1,-1,0.356862745098039,0.694117647058824,0.803921568627451
143.62046551704407,0.0,-0.11018411869564873,0.03,1,1,1,0.0,0.3333333333333333,0.12150000000000001,-1,-1,-1,1.0,1.0,-1.0,0.0,-0.3333333333333333,0.12150000000000001,-1,-1,-1,0.356862745098039,0.694117647058824,0.803921568627451
143.65522599220276,0.0,-0.11045521357687108,0.03,1,1,1,0.0,0.3333333333333333,0.12150000000000001,-1,-1,-1,1.0,1.0,-1.0,0.0,-0.3333333333333333,0.12150000000000001,-1,-1,-1,0.356862745098039,0.694117647058824,0.803921568627451
143.6898398399353,0.0,-0.11072630845809342,0.03,1,1,1,0.0,0.3333333333333333,0.12150000000000001,-1,-1,-1,1.0,1.0,-1.0,0.0,-0.3333333333333333,0.12150000000000001,-1,-1,-1,0.356862745098039,0.694117647058824,0.803921568627451
143.72493410110474,0.0,-0.11099740333931576,0.03,1,1,1,0.0,0.3333333333333333,0.12150000000000001,-1,-1,-1,1.0,1.0,-1.0,0.0,-0.3333333333333333,0.12150000000000001,-1,-1,-1,0.356862745098039,0.694117647058824,0.803921568627451
143.7596573829651,0.0,-0.11126849822053811,0.03,1,1,1,0.0,0.3333333333333333,0.12150000000000001,-1,-1,-1,1.0,1.0,-1.0,0.0,-0.3333333333333333,0.12150000000000001,-1,-1,-1,0.356862745098039,0.694117647058824,0.803921568627451
143.79438853263855,0.0,-0.11153959310176045,0.03,1,1,1,0.0,0.3333333333333333,0.12150000000000001,-1,-1,-1,1.0,1.0,-1.0,0.0,-0.3333333333333333,0.12150000000000001,-1,-1,-1,0.356862745098039,0.694117647058824,0.803921568627451
143.82895493507385,0.0,-0.1118106879829828,0.03,1,1,1,0.0,0.3333333333333333,0.12150000000000001,-1,-1,-1,1.0,1.0,-1.0,0.0,-0.3333333333333333,0.12150000000000001,-1,-1,-1,0.356862745098039,0.694117647058824,0.803921568627451
143.8637421131134,0.0,-0.11208178286420514,0.03,1,1,1,0.0,0.3333333333333333,0.12150000000000001,-1,-1,-1,1.0,1.0,-1.0,0.0,-0.3333333333333333,0.12150000000000001,-1,-1,-1,0.356862745098039,0.694117647058824,0.803921568627451
143.8977756500244,0.0,-0.11235287774542749,0.03,1,1,1,0.0,0.3333333333333333,0.12150000000000001,-1,-1,-1,1.0,1.0,-1.0,0.0,-0.3333333333333333,0.12150000000000001,-1,-1,-1,0.356862745098039,0.694117647058824,0.803921568627451
143.93311285972595,0.0,-0.11262397262664983,0.03,1,1,1,0.0,0.3333333333333333,0.12150000000000001,-1,-1,-1,1.0,1.0,-1.0,0.0,-0.3333333333333333,0.12150000000000001,-1,-1,-1,0.356862745098039,0.694117647058824,0.803921568627451
143.96822595596313,0.0,-0.11289506750787218,0.03,1,1,1,0.0,0.3333333333333333,0.12150000000000001,-1,-1,-1,1.0,1.0,-1.0,0.0,-0.3333333333333333,0.12150000000000001,-1,-1,-1,0.356862745098039,0.694117647058824,0.803921568627451
144.00303602218628,0.0,-0.11316616238909452,0.03,1,1,1,0.0,0.3333333333333333,0.12150000000000001,-1,-1,-1,1.0,1.0,-1.0,0.0,-0.3333333333333333,0.12150000000000001,-1,-1,-1,0.356862745098039,0.694117647058824,0.803921568627451
144.03752374649048,0.0,-0.11343725727031687,0.03,1,1,1,0.0,0.3333333333333333,0.12150000000000001,-1,-1,-1,1.0,1.0,-1.0,0.0,-0.3333333333333333,0.12150000000000001,-1,-1,-1,0.356862745098039,0.694117647058824,0.803921568627451
144.07156109809875,0.0,-0.11370835215153921,0.03,1,1,1,0.0,0.3333333333333333,0.12150000000000001,-1,-1,-1,1.0,1.0,-1.0,0.0,-0.3333333333333333,0.12150000000000001,-1,-1,-1,0.356862745098039,0.694117647058824,0.803921568627451
144.10693550109863,0.0,-0.11397944703276155,0.03,1,1,1,0.0,0.3333333333333333,0.12150000000000001,-1,-1,-1,1.0,1.0,-1.0,0.0,-0.3333333333333333,0.12150000000000001,-1,-1,-1,0.356862745098039,0.694117647058824,0.803921568627451
144.1407642364502,0.0,-0.1142505419139839,0.03,1,1,1,0.0,0.3333333333333333,0.12150000000000001,-1,-1,-1,1.0,1.0,-1.0,0.0,-0.3333333333333333,0.12150000000000001,-1,-1,-1,0.356862745098039,0.694117647058824,0.803921568627451
144.17579627037048,0.0,-0.11452163679520624,0.03,1,1,1,0.0,0.3333333333333333,0.12150000000000001,-1,-1,-1,1.0,1.0,-1.0,0.0,-0.3333333333333333,0.12150000000000001,-1,-1,-1,0.356862745098039,0.694117647058824,0.803921568627451
144.21065163612366,0.0,-0.11479273167642859,0.03,1,1,1,0.0,0.3333333333333333,0.12150000000000001,-1,-1,-1,1.0,1.0,-1.0,0.0,-0.3333333333333333,0.12150000000000001,-1,-1,-1,0.356862745098039,0.694117647058824,0.803921568627451
144.24556279182434,0.0,-0.11506382655765093,0.03,1,1,1,0.0,0.3333333333333333,0.12150000000000001,-1,-1,-1,1.0,1.0,-1.0,0.0,-0.3333333333333333,0.12150000000000001,-1,-1,-1,0.356862745098039,0.694117647058824,0.803921568627451
144.28068780899048,0.0,-0.11533492143887328,0.03,1,1,1,0.0,0.3333333333333333,0.12150000000000001,-1,-1,-1,1.0,1.0,-1.0,0.0,-0.3333333333333333,0.12150000000000001,-1,-1,-1,0.356862745098039,0.694117647058824,0.803921568627451
144.31553053855896,0.0,-0.116089472175018,0.03,1,1,1,0.0,0.3333333333333333,0.12150000000000001,-1,-1,-1,1.0,1.0,-1.0,0.0,-0.3333333333333333,0.12150000000000001,-1,-1,-1,0.356862745098039,0.694117647058824,0.803921568627451
144.35021495819092,0.0,-0.11696488687489331,0.03,1,1,1,0.0,0.3333333333333333,0.12150000000000001,-1,-1,-1,1.0,1.0,-1.0,0.0,-0.3333333333333333,0.12150000000000001,-1,-1,-1,0.356862745098039,0.694117647058824,0.803921568627451
144.3857204914093,0.0,-0.11784030157476863,0.03,1,1,1,0.0,0.3333333333333333,0.12150000000000001,-1,-1,-1,1.0,1.0,-1.0,0.0,-0.3333333333333333,0.12150000000000001,-1,-1,-1,0.356862745098039,0.694117647058824,0.803921568627451
144.41991257667542,0.0,-0.11871571627464393,0.03,1,1,1,0.0,0.3333333333333333,0.12150000000000001,-1,-1,-1,1.0,1.0,-1.0,0.0,-0.3333333333333333,0.12150000000000001,-1,-1,-1,0.356862745098039,0.694117647058824,0.803921568627451
144.45405411720276,0.0,-0.11959113097451925,0.03,1,1,1,0.0,0.3333333333333333,0.12150000000000001,-1,-1,-1,1.0,1.0,-1.0,0.0,-0.3333333333333333,0.12150000000000001,-1,-1,-1,0.356862745098039,0.694117647058824,0.803921568627451
144.48881578445435,0.0,-0.12046654567439456,0.03,1,1,1,0.0,0.3333333333333333,0.12150000000000001,-1,-1,-1,1.0,1.0,-1.0,0.0,-0.3333333333333333,0.12150000000000001,-1,-1,-1,0.356862745098039,0.694117647058824,0.803921568627451
144.5228545665741,0.0,-0.12134196037426988,0.03,1,1,1,0.0,0.3333333333333333,0.12150000000000001,-1,-1,-1,1.0,1.0,-1.0,0.0,-0.3333333333333333,0.12150000000000001,-1,-1,-1,0.356862745098039,0.694117647058824,0.803921568627451
144.5576138496399,0.0,-0.1222173750741452,0.03,1,1,1,0.0,0.3333333333333333,0.12150000000000001,-1,-1,-1,1.0,1.0,-1.0,0.0,-0.3333333333333333,0.12150000000000001,-1,-1,-1,0.356862745098039,0.694117647058824,0.803921568627451
144.59295225143433,0.0,-0.12309278977402051,0.03,1,1,1,0.0,0.3333333333333333,0.12150000000000001,-1,-1,-1,1.0,1.0,-1.0,0.0,-0.3333333333333333,0.12150000000000001,-1,-1,-1,0.356862745098039,0.694117647058824,0.803921568627451
144.6279273033142,0.0,-0.12396820447389582,0.03,1,1,1,0.0,0.3333333333333333,0.12150000000000001,-1,-1,-1,1.0,1.0,-1.0,0.0,-0.3333333333333333,0.12150000000000001,-1,-1,-1,0.356862745098039,0.694117647058824,0.803921568627451
144.6622302532196,0.0,-0.12484361917377114,0.03,1,1,1,0.0,0.3333333333333333,0.12150000000000001,-1,-1,-1,1.0,1.0,-1.0,0.0,-0.3333333333333333,0.12150000000000001,-1,-1,-1,0.356862745098039,0.694117647058824,0.803921568627451
144.6972575187683,0.0,-0.12571903387364644,0.03,1,1,1,0.0,0.3333333333333333,0.12150000000000001,-1,-1,-1,1.0,1.0,-1.0,0.0,-0.3333333333333333,0.12150000000000001,-1,-1,-1,0.356862745098039,0.694117647058824,0.803921568627451
144.7315535545349,0.0,-0.12659444857352176,0.03,1,1,1,0.0,0.3333333333333333,0.12150000000000001,-1,-1,-1,1.0,1.0,-1.0,0.0,-0.3333333333333333,0.12150000000000001,-1,-1,-1,0.356862745098039,0.694117647058824,0.803921568627451
144.76657128334045,0.0,-0.12746986327339707,0.03,1,1,1,0.0,0.3333333333333333,0.12150000000000001,-1,-1,-1,1.0,1.0,-1.0,0.0,-0.3333333333333333,0.12150000000000001,-1,-1,-1,0.356862745098039,0.694117647058824,0.803921568627451
144.8006362915039,0.0,-0.1283452779732724,0.03,1,1,1,0.0,0.3333333333333333,0.12150000000000001,-1,-1,-1,1.0,1.0,-1.0,0.0,-0.3333333333333333,0.12150000000000001,-1,-1,-1,0.356862745098039,0.694117647058824,0.803921568627451
144.83546328544617,0.0,-0.1292206926731477,0.03,1,1,1,0.0,0.3333333333333333,0.12150000000000001,-1,-1,-1,1.0,1.0,-1.0,0.0,-0.3333333333333333,0.12150000000000001,-1,-1,-1,0.356862745098039,0.694117647058824,0.803921568627451
144.87051582336426,0.0,-0.13009610737302302,0.03,1,1,1,0.0,0.3333333333333333,0.12150000000000001,-1,-1,-1,1.0,1.0,-1.0,0.0,-0.3333333333333333,0.12150000000000001,-1,-1,-1,0.356862745098039,0.694117647058824,0.803921568627451
144.90521597862244,0.0,-0.13097152207289833,0.03,1,1,1,0.0,0.3333333333333333,0.12150000000000001,-1,-1,-1,1.0,1.0,-1.0,0.0,-0.3333333333333333,0.12150000000000001,-1,-1,-1,0.356862745098039,0.694117647058824,0.803921568627451
144.9397530555725,0.0,-0.13184693677277365,0.03,1,1,1,0.0,0.3333333333333333,0.12150000000000001,-1,-1,-1,1.0,1.0,-1.0,0.0,-0.3333333333333333,0.12150000000000001,-1,-1,-1,0.356862745098039,0.694117647058824,0.803921568627451
144.97438645362854,0.0,-0.13272235147264896,0.03,1,1,1,0.0,0.3333333333333333,0.12150000000000001,-1,-1,-1,1.0,1.0,-1.0,0.0,-0.3333333333333333,0.12150000000000001,-1,-1,-1,0.356862745098039,0.694117647058824,0.803921568627451
145.00939989089966,0.0,-0.13359776617252428,0.03,1,1,1,0.0,0.3333333333333333,0.12150000000000001,-1,-1,-1,1.0,1.0,-1.0,0.0,-0.3333333333333333,0.12150000000000001,-1,-1,-1,0.356862745098039,0.694117647058824,0.803921568627451
145.04439878463745,0.0,-0.1344731808723996,0.03,1,1,1,0.0,0.3333333333333333,0.12150000000000001,-1,-1,-1,1.0,1.0,-1.0,0.0,-0.3333333333333333,0.12150000000000001,-1,-1,-1,0.356862745098039,0.694117647058824,0.803921568627451
145.07870292663574,0.0,-0.1353485955722749,0.03,1,1,1,0.0,0.3333333333333333,0.12150000000000001,-1,-1,-1,1.0,1.0,-1.0,0.0,-0.3333333333333333,0.12150000000000001,-1,-1,-1,0.356862745098039,0.694117647058824,0.803921568627451
145.11354804039001,0.0,-0.13622401027215023,0.03,1,1,1,0.0,0.3333333333333333,0.12150000000000001,-1,-1,-1,1.0,1.0,-1.0,0.0,-0.3333333333333333,0.12150000000000001,-1,-1,-1,0.356862745098039,0.694117647058824,0.803921568627451
145.14811539649963,0.0,-0.13709942497202554,0.03,1,1,1,0.0,0.3333333333333333,0.12150000000000001,-1,-1,-1,1.0,1.0,-1.0,0.0,-0.3333333333333333,0.12150000000000001,-1,-1,-1,0.356862745098039,0.694117647058824,0.803921568627451
145.18378853797913,0.0,-0.13797483967190086,0.03,1,1,1,0.0,0.3333333333333333,0.12150000000000001,-1,-1,-1,1.0,1.0,-1.0,0.0,-0.3333333333333333,0.12150000000000001,-1,-1,-1,0.356862745098039,0.694117647058824,0.803921568627451
145.21782040596008,0.0,-0.13885025437177617,0.03,1,1,1,0.0,0.3333333333333333,0.12150000000000001,-1,-1,-1,1.0,1.0,-1.0,0.0,-0.3333333333333333,0.12150000000000001,-1,-1,-1,0.356862745098039,0.694117647058824,0.803921568627451
145.25270295143127,0.0,-0.1397256690716515,0.03,1,1,1,0.0,0.3333333333333333,0.12150000000000001,-1,-1,-1,1.0,1.0,-1.0,0.0,-0.3333333333333333,0.12150000000000001,-1,-1,-1,0.356862745098039,0.694117647058824,0.803921568627451
145.28783774375916,0.0,-0.1406010837715268,0.03,1,1,1,0.0,0.3333333333333333,0.12150000000000001,-1,-1,-1,1.0,1.0,-1.0,0.0,-0.3333333333333333,0.12150000000000001,-1,-1,-1,0.356862745098039,0.694117647058824,0.803921568627451
145.3228747844696,0.0,-0.14147649847140212,0.03,1,1,1,0.0,0.3333333333333333,0.12150000000000001,-1,-1,-1,1.0,1.0,-1.0,0.0,-0.3333333333333333,0.12150000000000001,-1,-1,-1,0.356862745098039,0.694117647058824,0.803921568627451
145.35715436935425,0.0,-0.14235191317127743,0.03,1,1,1,0.0,0.3333333333333333,0.12150000000000001,-1,-1,-1,1.0,1.0,-1.0,0.0,-0.3333333333333333,0.12150000000000001,-1,-1,-1,0.356862745098039,0.694117647058824,0.803921568627451
145.39156699180603,0.0,-0.14322732787115275,0.03,1,1,1,0.0,0.3333333333333333,0.12150000000000001,-1,-1,-1,1.0,1.0,-1.0,0.0,-0.3333333333333333,0.12150000000000001,-1,-1,-1,0.356862745098039,0.694117647058824,0.803921568627451
145.42683100700378,0.0,-0.14410274257102806,0.03,1,1,1,0.0,0.3333333333333333,0.12150000000000001,-1,-1,-1,1.0,1.0,-1.0,0.0,-0.3333333333333333,0.12150000000000001,-1,-1,-1,0.356862745098039,0.694117647058824,0.803921568627451
145.4613332748413,0.0,-0.14497815727090338,0.03,1,1,1,0.0,0.3333333333333333,0.12150000000000001,-1,-1,-1,1.0,1.0,-1.0,0.0,-0.3333333333333333,0.12150000000000001,-1,-1,-1,0.356862745098039,0.694117647058824,0.803921568627451
145.49630689620972,0.0,-0.14620543587857784,0.03,1,1,1,0.0,0.3333333333333333,0.12150000000000001,-1,-1,-1,1.0,1.0,-1.0,0.0,-0.3333333333333333,0.12150000000000001,-1,-1,-1,0.356862745098039,0.694117647058824,0.803921568627451
145.5311689376831,0.0,-0.1488401701174489,0.03,1,1,1,0.0,0.3333333333333333,0.12150000000000001,-1,-1,-1,1.0,1.0,-1.0,0.0,-0.3333333333333333,0.12150000000000001,-1,-1,-1,0.356862745098039,0.694117647058824,0.803921568627451
145.56548500061035,0.0,-0.15147490435631997,0.03,1,1,1,0.0,0.3333333333333333,0.12150000000000001,-1,-1,-1,1.0,1.0,-1.0,0.0,-0.3333333333333333,0.12150000000000001,-1,-1,-1,0.356862745098039,0.694117647058824,0.803921568627451
145.6002278327942,0.0,-0.15410963859519103,0.03,1,1,1,0.0,0.3333333333333333,0.12150000000000001,-1,-1,-1,1.0,1.0,-1.0,0.0,-0.3333333333333333,0.12150000000000001,-1,-1,-1,0.356862745098039,0.694117647058824,0.803921568627451
145.63496565818787,0.0,-0.1567443728340621,0.03,1,1,1,0.0,0.3333333333333333,0.12150000000000001,-1,-1,-1,1.0,1.0,-1.0,0.0,-0.3333333333333333,0.12150000000000001,-1,-1,-1,0.356862745098039,0.694117647058824,0.803921568627451
145.67007279396057,0.0,-0.15937910707293315,0.03,1,1,1,0.0,0.3333333333333333,0.12150000000000001,-1,-1,-1,1.0,1.0,-1.0,0.0,-0.3333333333333333,0.12150000000000001,-1,-1,-1,0.356862745098039,0.694117647058824,0.803921568627451
145.70497798919678,0.0,-0.1620138413118042,0.03,1,1,1,0.0,0.3333333333333333,0.12150000000000001,-1,-1,-1,1.0,1.0,-1.0,0.0,-0.3333333333333333,0.12150000000000001,-1,-1,-1,0.356862745098039,0.694117647058824,0.803921568627451
145.73893666267395,0.0,-0.16464857555067527,0.03,1,1,1,0.0,0.3333333333333333,0.12150000000000001,-1,-1,-1,1.0,1.0,-1.0,0.0,-0.3333333333333333,0.12150000000000001,-1,-1,-1,0.356862745098039,0.694117647058824,0.803921568627451
145.77349662780762,0.0,-0.16728330978954634,0.03,1,1,1,0.0,0.3333333333333333,0.12150000000000001,-1,-1,-1,1.0,1.0,-1.0,0.0,-0.3333333333333333,0.12150000000000001,-1,-1,-1,0.356862745098039,0.694117647058824,0.803921568627451
145.80812001228333,0.0,-0.1699180440284174,0.03,1,1,1,0.0,0.3333333333333333,0.12150000000000001,-1,-1,-1,1.0,1.0,-1.0,0.0,-0.3333333333333333,0.12150000000000001,-1,-1,-1,0.356862745098039,0.694117647058824,0.803921568627451
145.8434944152832,0.0,-0.17255277826728846,0.03,1,1,1,0.0,0.3333333333333333,0.12150000000000001,-1,-1,-1,1.0,1.0,-1.0,0.0,-0.3333333333333333,0.12150000000000001,-1,-1,-1,0.356862745098039,0.694117647058824,0.803921568627451
145.8776023387909,0.0,-0.17518751250615952,0.03,1,1,1,0.0,0.3333333333333333,0.12150000000000001,-1,-1,-1,1.0,1.0,-1.0,0.0,-0.3333333333333333,0.12150000000000001,-1,-1,-1,0.356862745098039,0.694117647058824,0.803921568627451
145.91263031959534,0.0,-0.17782224674503058,0.03,1,1,1,0.0,0.3333333333333333,0.12150000000000001,-1,-1,-1,1.0,1.0,-1.0,0.0,-0.3333333333333333,0.12150000000000001,-1,-1,-1,0.356862745098039,0.694117647058824,0.803921568627451
145.947247505188,0.0,-0.18045698098390164,0.03,1,1,1,0.0,0.3333333333333333,0.12150000000000001,-1,-1,-1,1.0,1.0,-1.0,0.0,-0.3333333333333333,0.12150000000000001,-1,-1,-1,0.356862745098039,0.694117647058824,0.803921568627451
145.98193049430847,0.0,-0.1830917152227727,0.03,1,1,1,0.0,0.3333333333333333,0.12150000000000001,-1,-1,-1,1.0,1.0,-1.0,0.0,-0.3333333333333333,0.12150000000000001,-1,-1,-1,0.356862745098039,0.694117647058824,0.803921568627451
146.0166199207306,0.0,-0.18572644946164377,0.03,1,1,1,0.0,0.3333333333333333,0.12150000000000001,-1,-1,-1,1.0,1.0,-1.0,0.0,-0.3333333333333333,0.12150000000000001,-1,-1,-1,0.356862745098039,0.694117647058824,0.803921568627451
146.05173230171204,0.0,-0.18836118370051483,0.03,1,1,1,0.0,0.3333333333333333,0.12150000000000001,-1,-1,-1,1.0,1.0,-1.0,0.0,-0.3333333333333333,0.12150000000000001,-1,-1,-1,0.356862745098039,0.694117647058824,0.803921568627451
146.0861692428589,0.0,-0.1909959179393859,0.03,1,1,1,0.0,0.3333333333333333,0.12150000000000001,-1,-1,-1,1.0,1.0,-1.0,0.0,-0.3333333333333333,0.12150000000000001,-1,-1,-1,0.356862745098039,0.694117647058824,0.803921568627451
146.12167024612427,0.0,-0.19363065217825695,0.03,1,1,1,0.0,0.3333333333333333,0.12150000000000001,-1,-1,-1,1.0,1.0,-1.0,0.0,-0.3333333333333333,0.12150000000000001,-1,-1,-1,0.356862745098039,0.694117647058824,0.803921568627451
146.1562614440918,0.0,-0.196265386417128,0.03,1,1,1,0.0,0.3333333333333333,0.12150000000000001,-1,-1,-1,1.0,1.0,-1.0,0.0,-0.3333333333333333,0.12150000000000001,-1,-1,-1,0.356862745098039,0.694117647058824,0.803921568627451
146.1912398338318,0.0,-0.19890012065599907,0.03,1,1,1,0.0,0.3333333333333333,0.12150000000000001,-1,-1,-1,1.0,1.0,-1.0,0.0,-0.3333333333333333,0.12150000000000001,-1,-1,-1,0.356862745098039,0.694117647058824,0.803921568627451
146.22569680213928,0.0,-0.20153485489487014,0.03,1,1,1,0.0,0.3333333333333333,0.12150000000000001,-1,-1,-1,1.0,1.0,-1.0,0.0,-0.3333333333333333,0.12150000000000001,-1,-1,-1,0.356862745098039,0.694117647058824,0.803921568627451
146.26041650772095,0.0,-0.2041695891337412,0.03,1,1,1,0.0,0.3333333333333333,0.12150000000000001,-1,-1,-1,1.0,1.0,-1.0,0.0,-0.3333333333333333,0.12150000000000001,-1,-1,-1,0.356862745098039,0.694117647058824,0.803921568627451
146.29476022720337,0.0,-0.20680432337261226,0.03,1,1,1,0.0,0.3333333333333333,0.12150000000000001,-1,-1,-1,1.0,1.0,-1.0,0.0,-0.3333333333333333,0.12150000000000001,-1,-1,-1,0.356862745098039,0.694117647058824,0.803921568627451
146.3302710056305,0.0,-0.20943905761148332,0.03,1,1,1,0.0,0.3333333333333333,0.12150000000000001,-1,-1,-1,1.0,1.0,-1.0,0.0,-0.3333333333333333,0.12150000000000001,-1,-1,-1,0.356862745098039,0.694117647058824,0.803921568627451
146.36378026008606,0.0,-0.21207379185035438,0.03,1,1,1,0.0,0.3333333333333333,0.12150000000000001,-1,-1,-1,1.0,1.0,-1.0,0.0,-0.3333333333333333,0.12150000000000001,-1,-1,-1,0.356862745098039,0.694117647058824,0.803921568627451
146.39872002601624,0.0,-0.21470852608922544,0.03,1,1,1,0.0,0.3333333333333333,0.12150000000000001,-1,-1,-1,1.0,1.0,-1.0,0.0,-0.3333333333333333,0.12150000000000001,-1,-1,-1,0.356862745098039,0.694117647058824,0.803921568627451
146.43408799171448,0.0,-0.2173432603280965,0.03,1,1,1,0.0,0.3333333333333333,0.12150000000000001,-1,-1,-1,1.0,1.0,-1.0,0.0,-0.3333333333333333,0.12150000000000001,-1,-1,-1,0.356862745098039,0.694117647058824,0.803921568627451
146.4691309928894,0.0,-0.21997799456696757,0.03,1,1,1,0.0,0.3333333333333333,0.12150000000000001,-1,-1,-1,1.0,1.0,-1.0,0.0,-0.3333333333333333,0.12150000000000001,-1,-1,-1,0.356862745098039,0.694117647058824,0.803921568627451
146.50385785102844,0.0,-0.22261272880583863,0.03,1,1,1,0.0,0.3333333333333333,0.12150000000000001,-1,-1,-1,1.0,1.0,-1.0,0.0,-0.3333333333333333,0.12150000000000001,-1,-1,-1,0.356862745098039,0.694117647058824,0.803921568627451
146.53849959373474,0.0,-0.2252474630447097,0.03,1,1,1,0.0,0.3333333333333333,0.12150000000000001,-1,-1,-1,1.0,1.0,-1.0,0.0,-0.3333333333333333,0.12150000000000001,-1,-1,-1,0.356862745098039,0.694117647058824,0.803921568627451
146.5732066631317,0.0,-0.22788219728358075,0.03,1,1,1,0.0,0.3333333333333333,0.12150000000000001,-1,-1,-1,1.0,1.0,-1.0,0.0,-0.3333333333333333,0.12150000000000001,-1,-1,-1,0.356862745098039,0.694117647058824,0.803921568627451
146.60793662071228,0.0,-0.2305169315224518,0.03,1,1,1,0.0,0.3333333333333333,0.12150000000000001,-1,-1,-1,1.0,1.0,-1.0,0.0,-0.3333333333333333,0.12150000000000001,-1,-1,-1,0.356862745098039,0.694117647058824,0.803921568627451
146.64286541938782,0.0,-0.23315166576132287,0.03,1,1,1,0.0,0.3333333333333333,0.12150000000000001,-1,-1,-1,1.0,1.0,-1.0,0.0,-0.3333333333333333,0.12150000000000001,-1,-1,-1,0.356862745098039,0.694117647058824,0.803921568627451
146.677663564682,0.0,-0.23578640000019394,0.03,1,1,1,0.0,0.3333333333333333,0.12150000000000001,-1,-1,-1,1.0,1.0,-1.0,0.0,-0.3333333333333333,0.12150000000000001,-1,-1,-1,0.356862745098039,0.694117647058824,0.803921568627451
146.71164512634277,0.0,-0.23938869975039398,0.03,1,1,1,0.0,0.3333333333333333,0.12150000000000001,-1,-1,-1,1.0,1.0,-1.0,0.0,-0.3333333333333333,0.12150000000000001,-1,-1,-1,0.356862745098039,0.694117647058824,0.803921568627451
146.7459876537323,0.0,-0.24363604317481355,0.03,1,1,1,0.0,0.3333333333333333,0.12150000000000001,-1,-1,-1,1.0,1.0,-1.0,0.0,-0.3333333333333333,0.12150000000000001,-1,-1,-1,0.356862745098039,0.694117647058824,0.803921568627451
146.78082180023193,0.0,-0.24788338659923295,0.03,1,1,1,0.0,0.3333333333333333,0.12150000000000001,-1,-1,-1,1.0,1.0,-1.0,0.0,-0.3333333333333333,0.12150000000000001,-1,-1,-1,0.356862745098039,0.694117647058824,0.803921568627451
146.8163673877716,0.0,-0.2521307300236525,0.03,1,1,1,0.0,0.3333333333333333,0.12150000000000001,-1,-1,-1,1.0,1.0,-1.0,0.0,-0.3333333333333333,0.12150000000000001,-1,-1,-1,0.356862745098039,0.694117647058824,0.803921568627451
146.85048127174377,0.0,-0.25637807344807195,0.03,1,1,1,0.0,0.3333333333333333,0.12150000000000001,-1,-1,-1,1.0,1.0,-1.0,0.0,-0.3333333333333333,0.12150000000000001,-1,-1,-1,0.356862745098039,0.694117647058824,0.803921568627451
146.88523769378662,0.0,-0.2606254168724914,0.03,1,1,1,0.0,0.3333333333333333,0.12150000000000001,-1,-1,-1,1.0,1.0,-1.0,0.0,-0.3333333333333333,0.12150000000000001,-1,-1,-1,0.356862745098039,0.694117647058824,0.803921568627451
146.92052626609802,0.0,-0.26487276029691087,0.03,1,1,1,0.0,0.3333333333333333,0.12150000000000001,-1,-1,-1,1.0,1.0,-1.0,0.0,-0.3333333333333333,0.12150000000000001,-1,-1,-1,0.356862745098039,0.694117647058824,0.803921568627451
146.954656124115,0.0,-0.26912010372133033,0.03,1,1,1,0.0,0.3333333333333333,0.12150000000000001,-1,-1,-1,1.0,1.0,-1.0,0.0,-0.3333333333333333,0.12150000000000001,-1,-1,-1,0.356862745098039,0.694117647058824,0.803921568627451
146.98950099945068,0.0,-0.2733674471457498,0.03,1,1,1,0.0,0.3333333333333333,0.12150000000000001,-1,-1,-1,1.0,1.0,-1.0,0.0,-0.3333333333333333,0.12150000000000001,-1,-1,-1,0.356862745098039,0.694117647058824,0.803921568627451
147.02418971061707,0.0,-0.27761479057016925,0.03,1,1,1,0.0,0.3333333333333333,0.12150000000000001,-1,-1,-1,1.0,1.0,-1.0,0.0,-0.3333333333333333,0.12150000000000001,-1,-1,-1,0.356862745098039,0.694117647058824,0.803921568627451
147.05906581878662,0.0,-0.2818621339945887,0.03,1,1,1,0.0,0.3333333333333333,0.12150000000000001,-1,-1,-1,1.0,1.0,-1.0,0.0,-0.3333333333333333,0.12150000000000001,-1,-1,-1,0.356862745098039,0.694117647058824,0.803921568627451
147.0935070514679,0.0,-0.28610947741900816,0.03,1,1,1,0.0,0.3333333333333333,0.12150000000000001,-1,-1,-1,1.0,1.0,-1.0,0.0,-0.3333333333333333,0.12150000000000001,-1,-1,-1,0.356862745098039,0.694117647058824,0.803921568627451
147.12779116630554,0.0,-0.2903568208434276,0.03,1,1,1,0.0,0.3333333333333333,0.12150000000000001,-1,-1,-1,1.0,1.0,-1.0,0.0,-0.3333333333333333,0.12150000000000001,-1,-1,-1,0.356862745098039,0.694117647058824,0.803921568627451
147.16255116462708,0.0,-0.2946041642678471,0.03,1,1,1,0.0,0.3333333333333333,0.12150000000000001,-1,-1,-1,1.0,1.0,-1.0,0.0,-0.3333333333333333,0.12150000000000001,-1,-1,-1,0.356862745098039,0.694117647058824,0.803921568627451
147.19723343849182,0.0,-0.29885150769226654,0.03,1,1,1,0.0,0.3333333333333333,0.12150000000000001,-1,-1,-1,1.0,1.0,-1.0,0.0,-0.3333333333333333,0.12150000000000001,-1,-1,-1,0.356862745098039,0.694117647058824,0.803921568627451
147.23204374313354,0.0,-0.303098851116686,0.03,1,1,1,0.0,0.3333333333333333,0.12150000000000001,-1,-1,-1,1.0,1.0,-1.0,0.0,-0.3333333333333333,0.12150000000000001,-1,-1,-1,0.356862745098039,0.694117647058824,0.803921568627451
147.26693964004517,0.0,-0.30734619454110546,0.03,1,1,1,0.0,0.3333333333333333,0.12150000000000001,-1,-1,-1,1.0,1.0,-1.0,0.0,-0.3333333333333333,0.12150000000000001,-1,-1,-1,0.356862745098039,0.694117647058824,0.803921568627451
147.3019359111786,0.0,-0.3115935379655249,0.03,1,1,1,0.0,0.3333333333333333,0.12150000000000001,-1,-1,-1,1.0,1.0,-1.0,0.0,-0.3333333333333333,0.12150000000000001,-1,-1,-1,0.356862745098039,0.694117647058824,0.803921568627451
147.3357594013214,0.0,-0.3158408813899444,0.03,1,1,1,0.0,0.3333333333333333,0.12150000000000001,-1,-1,-1,1.0,1.0,-1.0,0.0,-0.3333333333333333,0.12150000000000001,-1,-1,-1,0.356862745098039,0.694117647058824,0.803921568627451
147.3708438873291,0.0,-0.32008822481436383,0.03,1,1,1,0.0,0.3333333333333333,0.12150000000000001,-1,-1,-1,1.0,1.0,-1.0,0.0,-0.3333333333333333,0.12150000000000001,-1,-1,-1,0.356862745098039,0.694117647058824,0.803921568627451
147.4054398536682,0.0,-0.3243355682387833,0.03,1,1,1,0.0,0.3333333333333333,0.12150000000000001,-1,-1,-1,1.0,1.0,-1.0,0.0,-0.3333333333333333,0.12150000000000001,-1,-1,-1,0.356862745098039,0.694117647058824,0.803921568627451
147.44055724143982,0.0,-0.32858291166320275,0.03,1,1,1,0.0,0.3333333333333333,0.12150000000000001,-1,-1,-1,1.0,1.0,-1.0,0.0,-0.3333333333333333,0.12150000000000001,-1,-1,-1,0.356862745098039,0.694117647058824,0.803921568627451
147.4755504131317,0.0,-0.3328302550876222,0.03,1,1,1,0.0,0.3333333333333333,0.12150000000000001,-1,-1,-1,1.0,1.0,-1.0,0.0,-0.3333333333333333,0.12150000000000001,-1,-1,-1,0.356862745098039,0.694117647058824,0.803921568627451
147.50977635383606,0.0,-0.3336797237725061,0.03,1,1,1,0.0,0.3333333333333333,0.12150000000000001,-1,-1,-1,1.0,1.0,-1.0,0.0,-0.3333333333333333,0.12150000000000001,-1,-1,-1,0.356862745098039,0.694117647058824,0.803921568627451
147.54467010498047,0.0,-0.3336797237725061,0.03,1,1,1,0.0,0.3333333333333333,0.12150000000000001,-1,-1,-1,1.0,1.0,-1.0,0.0,-0.3333333333333333,0.12150000000000001,-1,-1,-1,0.356862745098039,0.694117647058824,0.803921568627451
147.57885789871216,0.0,-0.3336797237725061,0.03,1,1,1,0.0,0.3333333333333333,0.12150000000000001,-1,-1,-1,1.0,1.0,-1.0,0.0,-0.3333333333333333,0.12150000000000001,-1,-1,-1,0.356862745098039,0.694117647058824,0.803921568627451
147.6142430305481,0.0,-0.3336797237725061,0.03,1,1,1,0.0,0.3333333333333333,0.12150000000000001,-1,-1,-1,1.0,1.0,-1.0,0.0,-0.3333333333333333,0.12150000000000001,-1,-1,-1,0.356862745098039,0.694117647058824,0.803921568627451
147.64894080162048,0.0,-0.3336797237725061,0.03,1,1,1,0.0,0.3333333333333333,0.12150000000000001,-1,-1,-1,1.0,1.0,-1.0,0.0,-0.3333333333333333,0.12150000000000001,-1,-1,-1,0.356862745098039,0.694117647058824,0.803921568627451
147.68328619003296,0.0,-0.3336797237725061,0.03,1,1,1,0.0,0.3333333333333333,0.12150000000000001,-1,-1,-1,1.0,1.0,-1.0,0.0,-0.3333333333333333,0.12150000000000001,-1,-1,-1,0.356862745098039,0.694117647058824,0.803921568627451
147.71801948547363,0.0,-0.3336797237725061,0.03,1,1,1,0.0,0.3333333333333333,0.12150000000000001,-1,-1,-1,1.0,1.0,-1.0,0.0,-0.3333333333333333,0.12150000000000001,-1,-1,-1,0.356862745098039,0.694117647058824,0.803921568627451
147.753080368042,0.0,-0.3336797237725061,0.03,1,1,1,0.0,0.3333333333333333,0.12150000000000001,-1,-1,-1,1.0,1.0,-1.0,0.0,-0.3333333333333333,0.12150000000000001,-1,-1,-1,0.356862745098039,0.694117647058824,0.803921568627451
147.7878806591034,0.0,-0.3336797237725061,0.03,1,1,1,0.0,0.3333333333333333,0.12150000000000001,-1,-1,-1,1.0,1.0,-1.0,0.0,-0.3333333333333333,0.12150000000000001,-1,-1,-1,0.356862745098039,0.694117647058824,0.803921568627451
147.82294940948486,0.0,-0.3336797237725061,0.03,1,1,1,0.0,0.3333333333333333,0.12150000000000001,-1,-1,-1,1.0,1.0,-1.0,0.0,-0.3333333333333333,0.12150000000000001,-1,-1,-1,0.356862745098039,0.694117647058824,0.803921568627451
147.85756969451904,0.0,-0.3336797237725061,0.03,1,1,1,0.0,0.3333333333333333,0.12150000000000001,-1,-1,-1,1.0,1.0,-1.0,0.0,-0.3333333333333333,0.12150000000000001,-1,-1,-1,0.356862745098039,0.694117647058824,0.803921568627451
147.89225125312805,0.0,-0.3336797237725061,0.03,1,1,1,0.0,0.3333333333333333,0.12150000000000001,-1,-1,-1,1.0,1.0,-1.0,0.0,-0.3333333333333333,0.12150000000000001,-1,-1,-1,0.356862745098039,0.694117647058824,0.803921568627451
147.92666459083557,0.0,0.0020874255020631076,0.03,1,1,1,0.0,0.3333333333333333,0.12150000000000001,-1,-1,-1,1.0,1.0,-1.0,0.0,-0.3333333333333333,0.10935000000000002,1,1,1,0.356862745098039,0.694117647058824,0.803921568627451
147.96091103553772,0.0,0.004174851004126214,0.03,1,1,1,0.0,0.3333333333333333,0.12150000000000001,-1,-1,-1,1.0,1.0,-1.0,0.0,-0.3333333333333333,0.10935000000000002,1,1,1,0.356862745098039,0.694117647058824,0.803921568627451
147.99627304077148,0.0,0.006262276506189321,0.03,1,1,1,0.0,0.3333333333333333,0.12150000000000001,-1,-1,-1,1.0,1.0,-1.0,0.0,-0.3333333333333333,0.10935000000000002,1,1,1,0.356862745098039,0.694117647058824,0.803921568627451
148.03084921836853,0.0,0.008349702008252427,0.03,1,1,1,0.0,0.3333333333333333,0.12150000000000001,-1,-1,-1,1.0,1.0,-1.0,0.0,-0.3333333333333333,0.10935000000000002,1,1,1,0.356862745098039,0.694117647058824,0.803921568627451
148.0659785270691,0.0,0.010437127510315534,0.03,1,1,1,0.0,0.3333333333333333,0.12150000000000001,-1,-1,-1,1.0,1.0,-1.0,0.0,-0.3333333333333333,0.10935000000000002,1,1,1,0.356862745098039,0.694117647058824,0.803921568627451
148.10013794898987,0.0,0.01252455301237864,0.03,1,1,1,0.0,0.3333333333333333,0.12150000000000001,-1,-1,-1,1.0,1.0,-1.0,0.0,-0.3333333333333333,0.10935000000000002,1,1,1,0.356862745098039,0.694117647058824,0.803921568627451
148.13475632667542,0.0,0.014611978514441747,0.03,1,1,1,0.0,0.3333333333333333,0.12150000000000001,-1,-1,-1,1.0,1.0,-1.0,0.0,-0.3333333333333333,0.10935000000000002,1,1,1,0.356862745098039,0.694117647058824,0.803921568627451
148.17013096809387,0.0,0.016699404016504858,0.03,1,1,1,0.0,0.3333333333333333,0.12150000000000001,-1,-1,-1,1.0,1.0,-1.0,0.0,-0.3333333333333333,0.10935000000000002,1,1,1,0.356862745098039,0.694117647058824,0.803921568627451
148.20442748069763,0.0,0.018786829518567964,0.03,1,1,1,0.0,0.3333333333333333,0.12150000000000001,-1,-1,-1,1.0,1.0,-1.0,0.0,-0.3333333333333333,0.10935000000000002,1,1,1,0.356862745098039,0.694117647058824,0.803921568627451
148.2385983467102,0.0,0.02087425502063107,0.03,1,1,1,0.0,0.3333333333333333,0.12150000000000001,-1,-1,-1,1.0,1.0,-1.0,0.0,-0.3333333333333333,0.10935000000000002,1,1,1,0.356862745098039,0.694117647058824,0.803921568627451
148.2735424041748,0.0,0.022961680522694178,0.03,1,1,1,0.0,0.3333333333333333,0.12150000000000001,-1,-1,-1,1.0,1.0,-1.0,0.0,-0.3333333333333333,0.10935000000000002,1,1,1,0.356862745098039,0.694117647058824,0.803921568627451
148.30915069580078,0.0,0.025049106024757285,0.03,1,1,1,0.0,0.3333333333333333,0.12150000000000001,-1,-1,-1,1.0,1.0,-1.0,0.0,-0.3333333333333333,0.10935000000000002,1,1,1,0.356862745098039,0.694117647058824,0.803921568627451
148.34338688850403,0.0,0.02713653152682039,0.03,1,1,1,0.0,0.3333333333333333,0.12150000000000001,-1,-1,-1,1.0,1.0,-1.0,0.0,-0.3333333333333333,0.10935000000000002,1,1,1,0.356862745098039,0.694117647058824,0.803921568627451
148.37792468070984,0.0,0.029223957028883498,0.03,1,1,1,0.0,0.3333333333333333,0.12150000000000001,-1,-1,-1,1.0,1.0,-1.0,0.0,-0.3333333333333333,0.10935000000000002,1,1,1,0.356862745098039,0.694117647058824,0.803921568627451
148.41283893585205,0.0,0.03131138253094661,0.03,1,1,1,0.0,0.3333333333333333,0.12150000000000001,-1,-1,-1,1.0,1.0,-1.0,0.0,-0.3333333333333333,0.10935000000000002,1,1,1,0.356862745098039,0.694117647058824,0.803921568627451
148.44730401039124,0.0,0.033398808033009736,0.03,1,1,1,0.0,0.3333333333333333,0.12150000000000001,-1,-1,-1,1.0,1.0,-1.0,0.0,-0.3333333333333333,0.10935000000000002,1,1,1,0.356862745098039,0.694117647058824,0.803921568627451
148.48180985450745,0.0,0.03548623353507286,0.03,1,1,1,0.0,0.3333333333333333,0.12150000000000001,-1,-1,-1,1.0,1.0,-1.0,0.0,-0.3333333333333333,0.10935000000000002,1,1,1,0.356862745098039,0.694117647058824,0.803921568627451
148.51690125465393,0.0,0.037573659037135984,0.03,1,1,1,0.0,0.3333333333333333,0.12150000000000001,-1,-1,-1,1.0,1.0,-1.0,0.0,-0.3333333333333333,0.10935000000000002,1,1,1,0.356862745098039,0.694117647058824,0.803921568627451
148.55238485336304,0.0,0.03966108453919911,0.03,1,1,1,0.0,0.3333333333333333,0.12150000000000001,-1,-1,-1,1.0,1.0,-1.0,0.0,-0.3333333333333333,0.10935000000000002,1,1,1,0.356862745098039,0.694117647058824,0.803921568627451
148.5858337879181,0.0,0.04174851004126223,0.03,1,1,1,0.0,0.3333333333333333,0.12150000000000001,-1,-1,-1,1.0,1.0,-1.0,0.0,-0.3333333333333333,0.10935000000000002,1,1,1,0.356862745098039,0.694117647058824,0.803921568627451
148.62058234214783,0.0,0.043835935543325356,0.03,1,1,1,0.0,0.3333333333333333,0.12150000000000001,-1,-1,-1,1.0,1.0,-1.0,0.0,-0.3333333333333333,0.10935000000000002,1,1,1,0.356862745098039,0.694117647058824,0.803921568627451
148.6554605960846,0.0,0.04592336104538848,0.03,1,1,1,0.0,0.3333333333333333,0.12150000000000001,-1,-1,-1,1.0,1.0,-1.0,0.0,-0.3333333333333333,0.10935000000000002,1,1,1,0.356862745098039,0.694117647058824,0.803921568627451
148.69037914276123,0.0,0.048010786547451605,0.03,1,1,1,0.0,0.3333333333333333,0.12150000000000001,-1,-1,-1,1.0,1.0,-1.0,0.0,-0.3333333333333333,0.10935000000000002,1,1,1,0.356862745098039,0.694117647058824,0.803921568627451
148.7252917289734,0.0,0.05009821204951473,0.03,1,1,1,0.0,0.3333333333333333,0.12150000000000001,-1,-1,-1,1.0,1.0,-1.0,0.0,-0.3333333333333333,0.10935000000000002,1,1,1,0.356862745098039,0.694117647058824,0.803921568627451
148.75944995880127,0.0,0.05218563755157785,0.03,1,1,1,0.0,0.3333333333333333,0.12150000000000001,-1,-1,-1,1.0,1.0,-1.0,0.0,-0.3333333333333333,0.10935000000000002,1,1,1,0.356862745098039,0.694117647058824,0.803921568627451
148.7947061061859,0.0,0.05427306305364098,0.03,1,1,1,0.0,0.3333333333333333,0.12150000000000001,-1,-1,-1,1.0,1.0,-1.0,0.0,-0.3333333333333333,0.10935000000000002,1,1,1,0.356862745098039,0.694117647058824,0.803921568627451
148.82938361167908,0.0,0.0563604885557041,0.03,1,1,1,0.0,0.3333333333333333,0.12150000000000001,-1,-1,-1,1.0,1.0,-1.0,0.0,-0.3333333333333333,0.10935000000000002,1,1,1,0.356862745098039,0.694117647058824,0.803921568627451
148.86413192749023,0.0,0.058447914057767225,0.03,1,1,1,0.0,0.3333333333333333,0.12150000000000001,-1,-1,-1,1.0,1.0,-1.0,0.0,-0.3333333333333333,0.10935000000000002,1,1,1,0.356862745098039,0.694117647058824,0.803921568627451
148.89891457557678,0.0,0.06053533955983035,0.03,1,1,1,0.0,0.3333333333333333,0.12150000000000001,-1,-1,-1,1.0,1.0,-1.0,0.0,-0.3333333333333333,0.10935000000000002,1,1,1,0.356862745098039,0.694117647058824,0.803921568627451
148.9335389137268,0.0,0.06262276506189346,0.03,1,1,1,0.0,0.3333333333333333,0.12150000000000001,-1,-1,-1,1.0,1.0,-1.0,0.0,-0.3333333333333333,0.10935000000000002,1,1,1,0.356862745098039,0.694117647058824,0.803921568627451
148.9681921005249,0.0,0.06471019056395655,0.03,1,1,1,0.0,0.3333333333333333,0.12150000000000001,-1,-1,-1,1.0,1.0,-1.0,0.0,-0.3333333333333333,0.10935000000000002,1,1,1,0.356862745098039,0.694117647058824,0.803921568627451
149.00364589691162,0.0,0.06679761606601964,0.03,1,1,1,0.0,0.3333333333333333,0.12150000000000001,-1,-1,-1,1.0,1.0,-1.0,0.0,-0.3333333333333333,0.10935000000000002,1,1,1,0.356862745098039,0.694117647058824,0.803921568627451
149.0381634235382,0.0,0.06888504156808273,0.03,1,1,1,0.0,0.3333333333333333,0.12150000000000001,-1,-1,-1,1.0,1.0,-1.0,0.0,-0.3333333333333333,0.10935000000000002,1,1,1,0.356862745098039,0.694117647058824,0.803921568627451
149.07287430763245,0.0,0.07097246707014582,0.03,1,1,1,0.0,0.3333333333333333,0.12150000000000001,-1,-1,-1,1.0,1.0,-1.0,0.0,-0.3333333333333333,0.10935000000000002,1,1,1,0.356862745098039,0.694117647058824,0.803921568627451
149.10705947875977,0.0,0.07309213811250503,0.03,1,1,1,0.0,0.3333333333333333,0.12150000000000001,-1,-1,-1,1.0,1.0,-1.0,0.0,-0.3333333333333333,0.10935000000000002,-1,-1,-1,0.356862745098039,0.694117647058824,0.803921568627451
149.14219331741333,0.0,0.07526017746530844,0.03,1,1,1,0.0,0.3333333333333333,0.12150000000000001,-1,-1,-1,1.0,1.0,-1.0,0.0,-0.3333333333333333,0.10935000000000002,-1,-1,-1,0.356862745098039,0.694117647058824,0.803921568627451
149.1769585609436,0.0,0.07742821681811185,0.03,1,1,1,0.0,0.3333333333333333,0.12150000000000001,-1,-1,-1,1.0,1.0,-1.0,0.0,-0.3333333333333333,0.10935000000000002,-1,-1,-1,0.356862745098039,0.694117647058824,0.803921568627451
149.21172404289246,0.0,0.07959625617091526,0.03,1,1,1,0.0,0.3333333333333333,0.12150000000000001,-1,-1,-1,1.0,1.0,-1.0,0.0,-0.3333333333333333,0.10935000000000002,-1,-1,-1,0.356862745098039,0.694117647058824,0.803921568627451
149.24644446372986,0.0,0.08176429552371867,0.03,1,1,1,0.0,0.3333333333333333,0.12150000000000001,-1,-1,-1,1.0,1.0,-1.0,0.0,-0.3333333333333333,0.10935000000000002,-1,-1,-1,0.356862745098039,0.694117647058824,0.803921568627451
149.2811119556427,0.0,0.08393233487652207,0.03,1,1,1,0.0,0.3333333333333333,0.12150000000000001,-1,-1,-1,1.0,1.0,-1.0,0.0,-0.3333333333333333,0.10935000000000002,-1,-1,-1,0.356862745098039,0.694117647058824,0.803921568627451
149.3159453868866,0.0,0.08610037422932548,0.03,1,1,1,0.0,0.3333333333333333,0.12150000000000001,-1,-1,-1,1.0,1.0,-1.0,0.0,-0.3333333333333333,0.10935000000000002,-1,-1,-1,0.356862745098039,0.694117647058824,0.803921568627451
149.35057020187378,0.0,0.08826841358212889,0.03,1,1,1,0.0,0.3333333333333333,0.12150000000000001,-1,-1,-1,1.0,1.0,-1.0,0.0,-0.3333333333333333,0.10935000000000002,-1,-1,-1,0.356862745098039,0.694117647058824,0.803921568627451
149.38515949249268,0.0,0.0904364529349323,0.03,1,1,1,0.0,0.3333333333333333,0.12150000000000001,-1,-1,-1,1.0,1.0,-1.0,0.0,-0.3333333333333333,0.10935000000000002,-1,-1,-1,0.356862745098039,0.694117647058824,0.803921568627451
149.41991448402405,0.0,0.0926044922877357,0.03,1,1,1,0.0,0.3333333333333333,0.12150000000000001,-1,-1,-1,1.0,1.0,-1.0,0.0,-0.3333333333333333,0.10935000000000002,-1,-1,-1,0.356862745098039,0.694117647058824,0.803921568627451
149.45477867126465,0.0,0.09477253164053911,0.03,1,1,1,0.0,0.3333333333333333,0.12150000000000001,-1,-1,-1,1.0,1.0,-1.0,0.0,-0.3333333333333333,0.10935000000000002,-1,-1,-1,0.356862745098039,0.694117647058824,0.803921568627451
149.48952841758728,0.0,0.09694057099334252,0.03,1,1,1,0.0,0.3333333333333333,0.12150000000000001,-1,-1,-1,1.0,1.0,-1.0,0.0,-0.3333333333333333,0.10935000000000002,-1,-1,-1,0.356862745098039,0.694117647058824,0.803921568627451
149.52404642105103,0.0,0.09910861034614593,0.03,1,1,1,0.0,0.3333333333333333,0.12150000000000001,-1,-1,-1,1.0,1.0,-1.0,0.0,-0.3333333333333333,0.10935000000000002,-1,-1,-1,0.356862745098039,0.694117647058824,0.803921568627451
149.55884838104248,0.0,0.10127664969894934,0.03,1,1,1,0.0,0.3333333333333333,0.12150000000000001,-1,-1,-1,1.0,1.0,-1.0,0.0,-0.3333333333333333,0.10935000000000002,-1,-1,-1,0.356862745098039,0.694117647058824,0.803921568627451
149.5934886932373,0.0,0.10344468905175275,0.03,1,1,1,0.0,0.3333333333333333,0.12150000000000001,-1,-1,-1,1.0,1.0,-1.0,0.0,-0.3333333333333333,0.10935000000000002,-1,-1,-1,0.356862745098039,0.694117647058824,0.803921568627451
149.62813639640808,0.0,0.10561272840455616,0.03,1,1,1,0.0,0.3333333333333333,0.12150000000000001,-1,-1,-1,1.0,1.0,-1.0,0.0,-0.3333333333333333,0.10935000000000002,-1,-1,-1,0.356862745098039,0.694117647058824,0.803921568627451
149.66274046897888,0.0,0.10778076775735956,0.03,1,1,1,0.0,0.3333333333333333,0.12150000000000001,-1,-1,-1,1.0,1.0,-1.0,0.0,-0.3333333333333333,0.10935000000000002,-1,-1,-1,0.356862745098039,0.694117647058824,0.803921568627451
149.6976978778839,0.0,0.10994880711016297,0.03,1,1,1,0.0,0.3333333333333333,0.12150000000000001,-1,-1,-1,1.0,1.0,-1.0,0.0,-0.3333333333333333,0.10935000000000002,-1,-1,-1,0.356862745098039,0.694117647058824,0.803921568627451
149.73243808746338,0.0,0.11211684646296638,0.03,1,1,1,0.0,0.3333333333333333,0.12150000000000001,-1,-1,-1,1.0,1.0,-1.0,0.0,-0.3333333333333333,0.10935000000000002,-1,-1,-1,0.356862745098039,0.694117647058824,0.803921568627451
149.76708579063416,0.0,0.11428488581576979,0.03,1,1,1,0.0,0.3333333333333333,0.12150000000000001,-1,-1,-1,1.0,1.0,-1.0,0.0,-0.3333333333333333,0.10935000000000002,-1,-1,-1,0.356862745098039,0.694117647058824,0.803921568627451
149.80180168151855,0.0,0.1164529251685732,0.03,1,1,1,0.0,0.3333333333333333,0.12150000000000001,-1,-1,-1,1.0,1.0,-1.0,0.0,-0.3333333333333333,0.10935000000000002,-1,-1,-1,0.356862745098039,0.694117647058824,0.803921568627451
149.83654189109802,0.0,0.1186209645213766,0.03,1,1,1,0.0,0.3333333333333333,0.12150000000000001,-1,-1,-1,1.0,1.0,-1.0,0.0,-0.3333333333333333,0.10935000000000002,-1,-1,-1,0.356862745098039,0.694117647058824,0.803921568627451
149.8711371421814,0.0,0.12078900387418001,0.03,1,1,1,0.0,0.3333333333333333,0.12150000000000001,-1,-1,-1,1.0,1.0,-1.0,0.0,-0.3333333333333333,0.10935000000000002,-1,-1,-1,0.356862745098039,0.694117647058824,0.803921568627451
149.9059817790985,0.0,0.12295704322698339,0.03,1,1,1,0.0,0.3333333333333333,0.12150000000000001,-1,-1,-1,1.0,1.0,-1.0,0.0,-0.3333333333333333,0.10935000000000002,-1,-1,-1,0.356862745098039,0.694117647058824,0.803921568627451
149.94071555137634,0.0,0.12512508257978677,0.03,1,1,1,0.0,0.3333333333333333,0.12150000000000001,-1,-1,-1,1.0,1.0,-1.0,0.0,-0.3333333333333333,0.10935000000000002,-1,-1,-1,0.356862745098039,0.694117647058824,0.803921568627451
149.97492170333862,0.0,0.12729312193259018,0.03,1,1,1,0.0,0.3333333333333333,0.12150000000000001,-1,-1,-1,1.0,1.0,-1.0,0.0,-0.3333333333333333,0.10935000000000002,-1,-1,-1,0.356862745098039,0.694117647058824,0.803921568627451
150.00975489616394,0.0,0.1294611612853936,0.03,1,1,1,0.0,0.3333333333333333,0.12150000000000001,-1,-1,-1,1.0,1.0,-1.0,0.0,-0.3333333333333333,0.10935000000000002,-1,-1,-1,0.356862745098039,0.694117647058824,0.803921568627451
150.04472184181213,0.0,0.131629200638197,0.03,1,1,1,0.0,0.3333333333333333,0.12150000000000001,-1,-1,-1,1.0,1.0,-1.0,0.0,-0.3333333333333333,0.10935000000000002,-1,-1,-1,0.356862745098039,0.694117647058824,0.803921568627451
150.07953071594238,0.0,0.1337972399910004,0.03,1,1,1,0.0,0.3333333333333333,0.12150000000000001,-1,-1,-1,1.0,1.0,-1.0,0.0,-0.3333333333333333,0.10935000000000002,-1,-1,-1,0.356862745098039,0.694117647058824,0.803921568627451
150.11472988128662,0.0,0.1359652793438038,0.03,1,1,1,0.0,0.3333333333333333,0.12150000000000001,-1,-1,-1,1.0,1.0,-1.0,0.0,-0.3333333333333333,0.10935000000000002,-1,-1,-1,0.356862745098039,0.694117647058824,0.803921568627451
150.14882493019104,0.0,0.13813331869660722,0.03,1,1,1,0.0,0.3333333333333333,0.12150000000000001,-1,-1,-1,1.0,1.0,-1.0,0.0,-0.3333333333333333,0.10935000000000002,-1,-1,-1,0.356862745098039,0.694117647058824,0.803921568627451
150.1833620071411,0.0,0.14030135804941063,0.03,1,1,1,0.0,0.3333333333333333,0.12150000000000001,-1,-1,-1,1.0,1.0,-1.0,0.0,-0.3333333333333333,0.10935000000000002,-1,-1,-1,0.356862745098039,0.694117647058824,0.803921568627451
150.21887111663818,0.0,0.14246939740221404,0.03,1,1,1,0.0,0.3333333333333333,0.12150000000000001,-1,-1,-1,1.0,1.0,-1.0,0.0,-0.3333333333333333,0.10935000000000002,-1,-1,-1,0.356862745098039,0.694117647058824,0.803921568627451
150.25343680381775,0.0,0.14463743675501745,0.03,1,1,1,0.0,0.3333333333333333,0.12150000000000001,-1,-1,-1,1.0,1.0,-1.0,0.0,-0.3333333333333333,0.10935000000000002,-1,-1,-1,0.356862745098039,0.694117647058824,0.803921568627451
150.28795790672302,0.0,0.14680547610782085,0.03,1,1,1,0.0,0.3333333333333333,0.12150000000000001,-1,-1,-1,1.0,1.0,-1.0,0.0,-0.3333333333333333,0.10935000000000002,-1,-1,-1,0.356862745098039,0.694117647058824,0.803921568627451
150.322833776474,0.0,0.1474358497994433,0.03,1,1,1,0.0,0.3333333333333333,0.12150000000000001,-1,-1,-1,1.0,1.0,-1.0,0.0,-0.3333333333333333,0.10935000000000002,-1,-1,-1,0.356862745098039,0.694117647058824,0.803921568627451
150.35732007026672,0.0,0.1476818070757705,0.03,1,1,1,0.0,0.3333333333333333,0.12150000000000001,-1,-1,-1,1.0,1.0,-1.0,0.0,-0.3333333333333333,0.10935000000000002,-1,-1,-1,0.356862745098039,0.694117647058824,0.803921568627451
150.39179277420044,0.0,0.1479277643520977,0.03,1,1,1,0.0,0.3333333333333333,0.12150000000000001,-1,-1,-1,1.0,1.0,-1.0,0.0,-0.3333333333333333,0.10935000000000002,-1,-1,-1,0.356862745098039,0.694117647058824,0.803921568627451
150.4267144203186,0.0,0.1481737216284249,0.03,1,1,1,0.0,0.3333333333333333,0.12150000000000001,-1,-1,-1,1.0,1.0,-1.0,0.0,-0.3333333333333333,0.10935000000000002,-1,-1,-1,0.356862745098039,0.694117647058824,0.803921568627451
150.46121430397034,0.0,0.1484196789047521,0.03,1,1,1,0.0,0.3333333333333333,0.12150000000000001,-1,-1,-1,1.0,1.0,-1.0,0.0,-0.3333333333333333,0.10935000000000002,-1,-1,-1,0.356862745098039,0.694117647058824,0.803921568627451
150.49607634544373,0.0,0.1486656361810793,0.03,1,1,1,0.0,0.3333333333333333,0.12150000000000001,-1,-1,-1,1.0,1.0,-1.0,0.0,-0.3333333333333333,0.10935000000000002,-1,-1,-1,0.356862745098039,0.694117647058824,0.803921568627451
150.53092980384827,0.0,0.1489115934574065,0.03,1,1,1,0.0,0.3333333333333333,0.12150000000000001,-1,-1,-1,1.0,1.0,-1.0,0.0,-0.3333333333333333,0.10935000000000002,-1,-1,-1,0.356862745098039,0.694117647058824,0.803921568627451
150.5654366016388,0.0,0.1491575507337337,0.03,1,1,1,0.0,0.3333333333333333,0.12150000000000001,-1,-1,-1,1.0,1.0,-1.0,0.0,-0.3333333333333333,0.10935000000000002,-1,-1,-1,0.356862745098039,0.694117647058824,0.803921568627451
150.59989213943481,0.0,0.14940350801006091,0.03,1,1,1,0.0,0.3333333333333333,0.12150000000000001,-1,-1,-1,1.0,1.0,-1.0,0.0,-0.3333333333333333,0.10935000000000002,-1,-1,-1,0.356862745098039,0.694117647058824,0.803921568627451
150.63456630706787,0.0,0.14964946528638812,0.03,1,1,1,0.0,0.3333333333333333,0.12150000000000001,-1,-1,-1,1.0,1.0,-1.0,0.0,-0.3333333333333333,0.10935000000000002,-1,-1,-1,0.356862745098039,0.694117647058824,0.803921568627451
150.66950106620789,0.0,0.14989542256271532,0.03,1,1,1,0.0,0.3333333333333333,0.12150000000000001,-1,-1,-1,1.0,1.0,-1.0,0.0,-0.3333333333333333,0.10935000000000002,-1,-1,-1,0.356862745098039,0.694117647058824,0.803921568627451
150.70398926734924,0.0,0.15014137983904252,0.03,1,1,1,0.0,0.3333333333333333,0.12150000000000001,-1,-1,-1,1.0,1.0,-1.0,0.0,-0.3333333333333333,0.10935000000000002,-1,-1,-1,0.356862745098039,0.694117647058824,0.803921568627451
150.73908352851868,0.0,0.15038733711536972,0.03,1,1,1,0.0,0.3333333333333333,0.12150000000000001,-1,-1,-1,1.0,1.0,-1.0,0.0,-0.3333333333333333,0.10935000000000002,-1,-1,-1,0.356862745098039,0.694117647058824,0.803921568627451
150.77359104156494,0.0,0.15063329439169693,0.03,1,1,1,0.0,0.3333333333333333,0.12150000000000001,-1,-1,-1,1.0,1.0,-1.0,0.0,-0.3333333333333333,0.10935000000000002,-1,-1,-1,0.356862745098039,0.694117647058824,0.803921568627451
150.8081922531128,0.0,0.15087925166802413,0.03,1,1,1,0.0,0.3333333333333333,0.12150000000000001,-1,-1,-1,1.0,1.0,-1.0,0.0,-0.3333333333333333,0.10935000000000002,-1,-1,-1,0.356862745098039,0.694117647058824,0.803921568627451
150.84288430213928,0.0,0.15112520894435133,0.03,1,1,1,0.0,0.3333333333333333,0.12150000000000001,-1,-1,-1,1.0,1.0,-1.0,0.0,-0.3333333333333333,0.10935000000000002,-1,-1,-1,0.356862745098039,0.694117647058824,0.803921568627451
150.87818932533264,0.0,0.15137116622067853,0.03,1,1,1,0.0,0.3333333333333333,0.12150000000000001,-1,-1,-1,1.0,1.0,-1.0,0.0,-0.3333333333333333,0.10935000000000002,-1,-1,-1,0.356862745098039,0.694117647058824,0.803921568627451
150.91223812103271,0.0,0.15161712349700573,0.03,1,1,1,0.0,0.3333333333333333,0.12150000000000001,-1,-1,-1,1.0,1.0,-1.0,0.0,-0.3333333333333333,0.10935000000000002,-1,-1,-1,0.356862745098039,0.694117647058824,0.803921568627451
150.94681310653687,0.0,0.15186308077333294,0.03,1,1,1,0.0,0.3333333333333333,0.12150000000000001,-1,-1,-1,1.0,1.0,-1.0,0.0,-0.3333333333333333,0.10935000000000002,-1,-1,-1,0.356862745098039,0.694117647058824,0.803921568627451
150.98172402381897,0.0,0.15210903804966014,0.03,1,1,1,0.0,0.3333333333333333,0.12150000000000001,-1,-1,-1,1.0,1.0,-1.0,0.0,-0.3333333333333333,0.10935000000000002,-1,-1,-1,0.356862745098039,0.694117647058824,0.803921568627451
151.0162971019745,0.0,0.15235499532598734,0.03,1,1,1,0.0,0.3333333333333333,0.12150000000000001,-1,-1,-1,1.0,1.0,-1.0,0.0,-0.3333333333333333,0.10935000000000002,-1,-1,-1,0.356862745098039,0.694117647058824,0.803921568627451
151.05118036270142,0.0,0.15260095260231454,0.03,1,1,1,0.0,0.3333333333333333,0.12150000000000001,-1,-1,-1,1.0,1.0,-1.0,0.0,-0.3333333333333333,0.10935000000000002,-1,-1,-1,0.356862745098039,0.694117647058824,0.803921568627451
151.08581256866455,0.0,0.15284690987864175,0.03,1,1,1,0.0,0.3333333333333333,0.12150000000000001,-1,-1,-1,1.0,1.0,-1.0,0.0,-0.3333333333333333,0.10935000000000002,-1,-1,-1,0.356862745098039,0.694117647058824,0.803921568627451
151.12092447280884,0.0,0.15309286715496895,0.03,1,1,1,0.0,0.3333333333333333,0.12150000000000001,-1,-1,-1,1.0,1.0,-1.0,0.0,-0.3333333333333333,0.10935000000000002,-1,-1,-1,0.356862745098039,0.694117647058824,0.803921568627451
151.156081199646,0.0,0.15333882443129615,0.03,1,1,1,0.0,0.3333333333333333,0.12150000000000001,-1,-1,-1,1.0,1.0,-1.0,0.0,-0.3333333333333333,0.10935000000000002,-1,-1,-1,0.356862745098039,0.694117647058824,0.803921568627451
151.19044017791748,0.0,0.15358478170762335,0.03,1,1,1,0.0,0.3333333333333333,0.12150000000000001,-1,-1,-1,1.0,1.0,-1.0,0.0,-0.3333333333333333,0.10935000000000002,-1,-1,-1,0.356862745098039,0.694117647058824,0.803921568627451
151.22507119178772,0.0,0.15383073898395055,0.03,1,1,1,0.0,0.3333333333333333,0.12150000000000001,-1,-1,-1,1.0,1.0,-1.0,0.0,-0.3333333333333333,0.10935000000000002,-1,-1,-1,0.356862745098039,0.694117647058824,0.803921568627451
151.25984168052673,0.0,0.15407669626027776,0.03,1,1,1,0.0,0.3333333333333333,0.12150000000000001,-1,-1,-1,1.0,1.0,-1.0,0.0,-0.3333333333333333,0.10935000000000002,-1,-1,-1,0.356862745098039,0.694117647058824,0.803921568627451
151.29537844657898,0.0,0.15432265353660496,0.03,1,1,1,0.0,0.3333333333333333,0.12150000000000001,-1,-1,-1,1.0,1.0,-1.0,0.0,-0.3333333333333333,0.10935000000000002,-1,-1,-1,0.356862745098039,0.694117647058824,0.803921568627451
151.32924485206604,0.0,0.15456861081293216,0.03,1,1,1,0.0,0.3333333333333333,0.12150000000000001,-1,-1,-1,1.0,1.0,-1.0,0.0,-0.3333333333333333,0.10935000000000002,-1,-1,-1,0.356862745098039,0.694117647058824,0.803921568627451
151.36442685127258,0.0,0.15481456808925936,0.03,1,1,1,0.0,0.3333333333333333,0.12150000000000001,-1,-1,-1,1.0,1.0,-1.0,0.0,-0.3333333333333333,0.10935000000000002,-1,-1,-1,0.356862745098039,0.694117647058824,0.803921568627451
151.3988835811615,0.0,0.15506052536558657,0.03,1,1,1,0.0,0.3333333333333333,0.12150000000000001,-1,-1,-1,1.0,1.0,-1.0,0.0,-0.3333333333333333,0.10935000000000002,-1,-1,-1,0.356862745098039,0.694117647058824,0.803921568627451
151.4335904121399,0.0,0.15530648264191377,0.03,1,1,1,0.0,0.3333333333333333,0.12150000000000001,-1,-1,-1,1.0,1.0,-1.0,0.0,-0.3333333333333333,0.10935000000000002,-1,-1,-1,0.356862745098039,0.694117647058824,0.803921568627451
151.46836304664612,0.0,0.15555243991824097,0.03,1,1,1,0.0,0.3333333333333333,0.12150000000000001,-1,-1,-1,1.0,1.0,-1.0,0.0,-0.3333333333333333,0.10935000000000002,-1,-1,-1,0.356862745098039,0.694117647058824,0.803921568627451
151.51098680496216,0.0,0.1560073180713109,0.03,1,1,1,0.0,0.3333333333333333,0.12150000000000001,-1,-1,-1,1.0,1.0,-1.0,0.0,-0.3333333333333333,0.10935000000000002,-1,-1,-1,0.356862745098039,0.694117647058824,0.803921568627451
151.53716278076172,0.0,0.1572978797313518,0.03,1,1,1,0.0,0.3333333333333333,0.12150000000000001,-1,-1,-1,1.0,1.0,-1.0,0.0,-0.3333333333333333,0.10935000000000002,-1,-1,-1,0.356862745098039,0.694117647058824,0.803921568627451
151.57227730751038,0.0,0.15858844139139266,0.03,1,1,1,0.0,0.3333333333333333,0.12150000000000001,-1,-1,-1,1.0,1.0,-1.0,0.0,-0.3333333333333333,0.10935000000000002,-1,-1,-1,0.356862745098039,0.694117647058824,0.803921568627451
151.6070055961609,0.0,0.15987900305143354,0.03,1,1,1,0.0,0.3333333333333333,0.12150000000000001,-1,-1,-1,1.0,1.0,-1.0,0.0,-0.3333333333333333,0.10935000000000002,-1,-1,-1,0.356862745098039,0.694117647058824,0.803921568627451
151.64143681526184,0.0,0.16116956471147442,0.03,1,1,1,0.0,0.3333333333333333,0.12150000000000001,-1,-1,-1,1.0,1.0,-1.0,0.0,-0.3333333333333333,0.10935000000000002,-1,-1,-1,0.356862745098039,0.694117647058824,0.803921568627451
151.67632246017456,0.0,0.1624601263715153,0.03,1,1,1,0.0,0.3333333333333333,0.12150000000000001,-1,-1,-1,1.0,1.0,-1.0,0.0,-0.3333333333333333,0.10935000000000002,-1,-1,-1,0.356862745098039,0.694117647058824,0.803921568627451
151.71089005470276,0.0,0.16375068803155618,0.03,1,1,1,0.0,0.3333333333333333,0.12150000000000001,-1,-1,-1,1.0,1.0,-1.0,0.0,-0.3333333333333333,0.10935000000000002,-1,-1,-1,0.356862745098039,0.694117647058824,0.803921568627451
151.74599933624268,0.0,0.16504124969159706,0.03,1,1,1,0.0,0.3333333333333333,0.12150000000000001,-1,-1,-1,1.0,1.0,-1.0,0.0,-0.3333333333333333,0.10935000000000002,-1,-1,-1,0.356862745098039,0.694117647058824,0.803921568627451
151.78025937080383,0.0,0.16633181135163794,0.03,1,1,1,0.0,0.3333333333333333,0.12150000000000001,-1,-1,-1,1.0,1.0,-1.0,0.0,-0.3333333333333333,0.10935000000000002,-1,-1,-1,0.356862745098039,0.694117647058824,0.803921568627451
151.8155357837677,0.0,0.16762237301167882,0.03,1,1,1,0.0,0.3333333333333333,0.12150000000000001,-1,-1,-1,1.0,1.0,-1.0,0.0,-0.3333333333333333,0.10935000000000002,-1,-1,-1,0.356862745098039,0.694117647058824,0.803921568627451
151.8499526977539,0.0,0.1689129346717197,0.03,1,1,1,0.0,0.3333333333333333,0.12150000000000001,-1,-1,-1,1.0,1.0,-1.0,0.0,-0.3333333333333333,0.10935000000000002,-1,-1,-1,0.356862745098039,0.694117647058824,0.803921568627451
151.8985722064972,0.0,0.17020349633176057,0.03,1,1,1,0.0,0.3333333333333333,0.12150000000000001,-1,-1,-1,1.0,1.0,-1.0,0.0,-0.3333333333333333,0.10935000000000002,-1,-1,-1,0.356862745098039,0.694117647058824,0.803921568627451
151.93336272239685,0.0,0.17149405799180145,0.03,1,1,1,0.0,0.3333333333333333,0.12150000000000001,-1,-1,-1,1.0,1.0,-1.0,0.0,-0.3333333333333333,0.10935000000000002,-1,-1,-1,0.356862745098039,0.694117647058824,0.803921568627451
151.96831345558167,0.0,0.17278461965184233,0.03,1,1,1,0.0,0.3333333333333333,0.12150000000000001,-1,-1,-1,1.0,1.0,-1.0,0.0,-0.3333333333333333,0.10935000000000002,-1,-1,-1,0.356862745098039,0.694117647058824,0.803921568627451
152.00290894508362,0.0,0.1740751813118832,0.03,1,1,1,0.0,0.3333333333333333,0.12150000000000001,-1,-1,-1,1.0,1.0,-1.0,0.0,-0.3333333333333333,0.10935000000000002,-1,-1,-1,0.356862745098039,0.694117647058824,0.803921568627451
152.03876042366028,0.0,0.1753657429719241,0.03,1,1,1,0.0,0.3333333333333333,0.12150000000000001,-1,-1,-1,1.0,1.0,-1.0,0.0,-0.3333333333333333,0.10935000000000002,-1,-1,-1,0.356862745098039,0.694117647058824,0.803921568627451
152.07323384284973,0.0,0.17665630463196497,0.03,1,1,1,0.0,0.3333333333333333,0.12150000000000001,-1,-1,-1,1.0,1.0,-1.0,0.0,-0.3333333333333333,0.10935000000000002,-1,-1,-1,0.356862745098039,0.694117647058824,0.803921568627451
152.10749077796936,0.0,0.17794686629200585,0.03,1,1,1,0.0,0.3333333333333333,0.12150000000000001,-1,-1,-1,1.0,1.0,-1.0,0.0,-0.3333333333333333,0.10935000000000002,-1,-1,-1,0.356862745098039,0.694117647058824,0.803921568627451
152.14185309410095,0.0,0.17923742795204672,0.03,1,1,1,0.0,0.3333333333333333,0.12150000000000001,-1,-1,-1,1.0,1.0,-1.0,0.0,-0.3333333333333333,0.10935000000000002,-1,-1,-1,0.356862745098039,0.694117647058824,0.803921568627451
152.175843000412,0.0,0.1805279896120876,0.03,1,1,1,0.0,0.3333333333333333,0.12150000000000001,-1,-1,-1,1.0,1.0,-1.0,0.0,-0.3333333333333333,0.10935000000000002,-1,-1,-1,0.356862745098039,0.694117647058824,0.803921568627451
152.21126341819763,0.0,0.18181855127212848,0.03,1,1,1,0.0,0.3333333333333333,0.12150000000000001,-1,-1,-1,1.0,1.0,-1.0,0.0,-0.3333333333333333,0.10935000000000002,-1,-1,-1,0.356862745098039,0.694117647058824,0.803921568627451
152.2456090450287,0.0,0.18310911293216936,0.03,1,1,1,0.0,0.3333333333333333,0.12150000000000001,-1,-1,-1,1.0,1.0,-1.0,0.0,-0.3333333333333333,0.10935000000000002,-1,-1,-1,0.356862745098039,0.694117647058824,0.803921568627451
152.28116130828857,0.0,0.18439967459221024,0.03,1,1,1,0.0,0.3333333333333333,0.12150000000000001,-1,-1,-1,1.0,1.0,-1.0,0.0,-0.3333333333333333,0.10935000000000002,-1,-1,-1,0.356862745098039,0.694117647058824,0.803921568627451
152.31550979614258,0.0,0.18569023625225112,0.03,1,1,1,0.0,0.3333333333333333,0.12150000000000001,-1,-1,-1,1.0,1.0,-1.0,0.0,-0.3333333333333333,0.10935000000000002,-1,-1,-1,0.356862745098039,0.694117647058824,0.803921568627451
152.34968042373657,0.0,0.186980797912292,0.03,1,1,1,0.0,0.3333333333333333,0.12150000000000001,-1,-1,-1,1.0,1.0,-1.0,0.0,-0.3333333333333333,0.10935000000000002,-1,-1,-1,0.356862745098039,0.694117647058824,0.803921568627451
152.38523888587952,0.0,0.18827135957233287,0.03,1,1,1,0.0,0.3333333333333333,0.12150000000000001,-1,-1,-1,1.0,1.0,-1.0,0.0,-0.3333333333333333,0.10935000000000002,-1,-1,-1,0.356862745098039,0.694117647058824,0.803921568627451
152.41973876953125,0.0,0.18956192123237375,0.03,1,1,1,0.0,0.3333333333333333,0.12150000000000001,-1,-1,-1,1.0,1.0,-1.0,0.0,-0.3333333333333333,0.10935000000000002,-1,-1,-1,0.356862745098039,0.694117647058824,0.803921568627451
152.45446586608887,0.0,0.19085248289241463,0.03,1,1,1,0.0,0.3333333333333333,0.12150000000000001,-1,-1,-1,1.0,1.0,-1.0,0.0,-0.3333333333333333,0.10935000000000002,-1,-1,-1,0.356862745098039,0.694117647058824,0.803921568627451
152.48887872695923,0.0,0.1921430445524555,0.03,1,1,1,0.0,0.3333333333333333,0.12150000000000001,-1,-1,-1,1.0,1.0,-1.0,0.0,-0.3333333333333333,0.10935000000000002,-1,-1,-1,0.356862745098039,0.694117647058824,0.803921568627451
152.5237250328064,0.0,0.1934336062124964,0.03,1,1,1,0.0,0.3333333333333333,0.12150000000000001,-1,-1,-1,1.0,1.0,-1.0,0.0,-0.3333333333333333,0.10935000000000002,-1,-1,-1,0.356862745098039,0.694117647058824,0.803921568627451
152.55898690223694,0.0,0.19472416787253727,0.03,1,1,1,0.0,0.3333333333333333,0.12150000000000001,-1,-1,-1,1.0,1.0,-1.0,0.0,-0.3333333333333333,0.10935000000000002,-1,-1,-1,0.356862745098039,0.694117647058824,0.803921568627451
152.5936725139618,0.0,0.19601472953257815,0.03,1,1,1,0.0,0.3333333333333333,0.12150000000000001,-1,-1,-1,1.0,1.0,-1.0,0.0,-0.3333333333333333,0.10935000000000002,-1,-1,-1,0.356862745098039,0.694117647058824,0.803921568627451
152.62814235687256,0.0,0.19730529119261903,0.03,1,1,1,0.0,0.3333333333333333,0.12150000000000001,-1,-1,-1,1.0,1.0,-1.0,0.0,-0.3333333333333333,0.10935000000000002,-1,-1,-1,0.356862745098039,0.694117647058824,0.803921568627451
152.6626739501953,0.0,0.1985958528526599,0.03,1,1,1,0.0,0.3333333333333333,0.12150000000000001,-1,-1,-1,1.0,1.0,-1.0,0.0,-0.3333333333333333,0.10935000000000002,-1,-1,-1,0.356862745098039,0.694117647058824,0.803921568627451
152.6974573135376,0.0,0.19988641451270078,0.03,1,1,1,0.0,0.3333333333333333,0.12150000000000001,-1,-1,-1,1.0,1.0,-1.0,0.0,-0.3333333333333333,0.10935000000000002,-1,-1,-1,0.356862745098039,0.694117647058824,0.803921568627451
152.731867313385,0.0,0.19816427765417366,0.03,1,1,1,0.0,0.3333333333333333,0.12150000000000001,-1,-1,-1,1.0,1.0,-1.0,0.0,-0.3333333333333333,0.10935000000000002,-1,-1,-1,0.356862745098039,0.694117647058824,0.803921568627451
152.76727557182312,0.0,0.19644214079564654,0.03,1,1,1,0.0,0.3333333333333333,0.12150000000000001,-1,-1,-1,1.0,1.0,-1.0,0.0,-0.3333333333333333,0.10935000000000002,-1,-1,-1,0.356862745098039,0.694117647058824,0.803921568627451
152.80161333084106,0.0,0.1947200039371194,0.03,1,1,1,0.0,0.3333333333333333,0.12150000000000001,-1,-1,-1,1.0,1.0,-1.0,0.0,-0.3333333333333333,0.10935000000000002,-1,-1,-1,0.356862745098039,0.694117647058824,0.803921568627451
152.83630394935608,0.0,0.1929978670785923,0.03,1,1,1,0.0,0.3333333333333333,0.12150000000000001,-1,-1,-1,1.0,1.0,-1.0,0.0,-0.3333333333333333,0.10935000000000002,-1,-1,-1,0.356862745098039,0.694117647058824,0.803921568627451
152.87169647216797,0.0,0.19127573022006517,0.03,1,1,1,0.0,0.3333333333333333,0.12150000000000001,-1,-1,-1,1.0,1.0,-1.0,0.0,-0.3333333333333333,0.10935000000000002,-1,-1,-1,0.356862745098039,0.694117647058824,0.803921568627451
152.90622997283936,0.0,0.18955359336153804,0.03,1,1,1,0.0,0.3333333333333333,0.12150000000000001,-1,-1,-1,1.0,1.0,-1.0,0.0,-0.3333333333333333,0.10935000000000002,-1,-1,-1,0.356862745098039,0.694117647058824,0.803921568627451
152.9408655166626,0.0,0.18783145650301092,0.03,1,1,1,0.0,0.3333333333333333,0.12150000000000001,-1,-1,-1,1.0,1.0,-1.0,0.0,-0.3333333333333333,0.10935000000000002,-1,-1,-1,0.356862745098039,0.694117647058824,0.803921568627451
152.97527480125427,0.0,0.1861093196444838,0.03,1,1,1,0.0,0.3333333333333333,0.12150000000000001,-1,-1,-1,1.0,1.0,-1.0,0.0,-0.3333333333333333,0.10935000000000002,-1,-1,-1,0.356862745098039,0.694117647058824,0.803921568627451
153.01005625724792,0.0,0.18438718278595667,0.03,1,1,1,0.0,0.3333333333333333,0.12150000000000001,-1,-1,-1,1.0,1.0,-1.0,0.0,-0.3333333333333333,0.10935000000000002,-1,-1,-1,0.356862745098039,0.694117647058824,0.803921568627451
153.04478812217712,0.0,0.18266504592742955,0.03,1,1,1,0.0,0.3333333333333333,0.12150000000000001,-1,-1,-1,1.0,1.0,-1.0,0.0,-0.3333333333333333,0.10935000000000002,-1,-1,-1,0.356862745098039,0.694117647058824,0.803921568627451
153.07974791526794,0.0,0.18094290906890242,0.03,1,1,1,0.0,0.3333333333333333,0.12150000000000001,-1,-1,-1,1.0,1.0,-1.0,0.0,-0.3333333333333333,0.10935000000000002,-1,-1,-1,0.356862745098039,0.694117647058824,0.803921568627451
153.1146605014801,0.0,0.1792207722103753,0.03,1,1,1,0.0,0.3333333333333333,0.12150000000000001,-1,-1,-1,1.0,1.0,-1.0,0.0,-0.3333333333333333,0.10935000000000002,-1,-1,-1,0.356862745098039,0.694117647058824,0.803921568627451
153.14927768707275,0.0,0.17749863535184818,0.03,1,1,1,0.0,0.3333333333333333,0.12150000000000001,-1,-1,-1,1.0,1.0,-1.0,0.0,-0.3333333333333333,0.10935000000000002,-1,-1,-1,0.356862745098039,0.694117647058824,0.803921568627451
153.18382239341736,0.0,0.17577649849332105,0.03,1,1,1,0.0,0.3333333333333333,0.12150000000000001,-1,-1,-1,1.0,1.0,-1.0,0.0,-0.3333333333333333,0.10935000000000002,-1,-1,-1,0.356862745098039,0.694117647058824,0.803921568627451
153.2182686328888,0.0,0.17405436163479393,0.03,1,1,1,0.0,0.3333333333333333,0.12150000000000001,-1,-1,-1,1.0,1.0,-1.0,0.0,-0.3333333333333333,0.10935000000000002,-1,-1,-1,0.356862745098039,0.694117647058824,0.803921568627451
153.25289607048035,0.0,0.1723322247762668,0.03,1,1,1,0.0,0.3333333333333333,0.12150000000000001,-1,-1,-1,1.0,1.0,-1.0,0.0,-0.3333333333333333,0.10935000000000002,-1,-1,-1,0.356862745098039,0.694117647058824,0.803921568627451
153.2876877784729,0.0,0.17061008791773968,0.03,1,1,1,0.0,0.3333333333333333,0.12150000000000001,-1,-1,-1,1.0,1.0,-1.0,0.0,-0.3333333333333333,0.10935000000000002,-1,-1,-1,0.356862745098039,0.694117647058824,0.803921568627451
153.32236242294312,0.0,0.16888795105921256,0.03,1,1,1,0.0,0.3333333333333333,0.12150000000000001,-1,-1,-1,1.0,1.0,-1.0,0.0,-0.3333333333333333,0.10935000000000002,-1,-1,-1,0.356862745098039,0.694117647058824,0.803921568627451
153.3564486503601,0.0,0.16716581420068544,0.03,1,1,1,0.0,0.3333333333333333,0.12150000000000001,-1,-1,-1,1.0,1.0,-1.0,0.0,-0.3333333333333333,0.10935000000000002,-1,-1,-1,0.356862745098039,0.694117647058824,0.803921568627451
153.39147973060608,0.0,0.1654436773421583,0.03,1,1,1,0.0,0.3333333333333333,0.12150000000000001,-1,-1,-1,1.0,1.0,-1.0,0.0,-0.3333333333333333,0.10935000000000002,-1,-1,-1,0.356862745098039,0.694117647058824,0.803921568627451
153.42601466178894,0.0,0.1637215404836312,0.03,1,1,1,0.0,0.3333333333333333,0.12150000000000001,-1,-1,-1,1.0,1.0,-1.0,0.0,-0.3333333333333333,0.10935000000000002,-1,-1,-1,0.356862745098039,0.694117647058824,0.803921568627451
153.4607012271881,0.0,0.16199940362510407,0.03,1,1,1,0.0,0.3333333333333333,0.12150000000000001,-1,-1,-1,1.0,1.0,-1.0,0.0,-0.3333333333333333,0.10935000000000002,-1,-1,-1,0.356862745098039,0.694117647058824,0.803921568627451
153.49587440490723,0.0,0.16027726676657694,0.03,1,1,1,0.0,0.3333333333333333,0.12150000000000001,-1,-1,-1,1.0,1.0,-1.0,0.0,-0.3333333333333333,0.10935000000000002,-1,-1,-1,0.356862745098039,0.694117647058824,0.803921568627451
153.53009939193726,0.0,0.15855512990804982,0.03,1,1,1,0.0,0.3333333333333333,0.12150000000000001,-1,-1,-1,1.0,1.0,-1.0,0.0,-0.3333333333333333,0.10935000000000002,-1,-1,-1,0.356862745098039,0.694117647058824,0.803921568627451
153.56499600410461,0.0,0.1568329930495227,0.03,1,1,1,0.0,0.3333333333333333,0.12150000000000001,-1,-1,-1,1.0,1.0,-1.0,0.0,-0.3333333333333333,0.10935000000000002,-1,-1,-1,0.356862745098039,0.694117647058824,0.803921568627451
153.60003089904785,0.0,0.15511085619099557,0.03,1,1,1,0.0,0.3333333333333333,0.12150000000000001,-1,-1,-1,1.0,1.0,-1.0,0.0,-0.3333333333333333,0.10935000000000002,-1,-1,-1,0.356862745098039,0.694117647058824,0.803921568627451
153.63527011871338,0.0,0.15338871933246845,0.03,1,1,1,0.0,0.3333333333333333,0.12150000000000001,-1,-1,-1,1.0,1.0,-1.0,0.0,-0.3333333333333333,0.10935000000000002,-1,-1,-1,0.356862745098039,0.694117647058824,0.803921568627451
153.66969680786133,0.0,0.15166658247394132,0.03,1,1,1,0.0,0.3333333333333333,0.12150000000000001,-1,-1,-1,1.0,1.0,-1.0,0.0,-0.3333333333333333,0.10935000000000002,-1,-1,-1,0.356862745098039,0.694117647058824,0.803921568627451
153.70438361167908,0.0,0.1499444456154142,0.03,1,1,1,0.0,0.3333333333333333,0.12150000000000001,-1,-1,-1,1.0,1.0,-1.0,0.0,-0.3333333333333333,0.10935000000000002,-1,-1,-1,0.356862745098039,0.694117647058824,0.803921568627451
153.73891735076904,0.0,0.14822230875688708,0.03,1,1,1,0.0,0.3333333333333333,0.12150000000000001,-1,-1,-1,1.0,1.0,-1.0,0.0,-0.3333333333333333,0.10935000000000002,-1,-1,-1,0.356862745098039,0.694117647058824,0.803921568627451
153.7862274646759,0.0,0.14650017189835995,0.03,1,1,1,0.0,0.3333333333333333,0.12150000000000001,-1,-1,-1,1.0,1.0,-1.0,0.0,-0.3333333333333333,0.10935000000000002,-1,-1,-1,0.356862745098039,0.694117647058824,0.803921568627451
153.82933139801025,0.0,0.14477803503983283,0.03,1,1,1,0.0,0.3333333333333333,0.12150000000000001,-1,-1,-1,1.0,1.0,-1.0,0.0,-0.3333333333333333,0.10935000000000002,-1,-1,-1,0.356862745098039,0.694117647058824,0.803921568627451
153.86446905136108,0.0,0.1430558981813057,0.03,1,1,1,0.0,0.3333333333333333,0.12150000000000001,-1,-1,-1,1.0,1.0,-1.0,0.0,-0.3333333333333333,0.10935000000000002,-1,-1,-1,0.356862745098039,0.694117647058824,0.803921568627451
153.89945650100708,0.0,0.14133376132277858,0.03,1,1,1,0.0,0.3333333333333333,0.12150000000000001,-1,-1,-1,1.0,1.0,-1.0,0.0,-0.3333333333333333,0.10935000000000002,-1,-1,-1,0.356862745098039,0.694117647058824,0.803921568627451
153.9337604045868,0.0,0.13760154131791436,0.03,1,1,1,0.0,0.3333333333333333,0.12150000000000001,-1,-1,-1,1.0,1.0,-1.0,0.0,-0.3333333333333333,0.10935000000000002,-1,-1,-1,0.356862745098039,0.694117647058824,0.803921568627451
153.96888709068298,0.0,0.13386932131305013,0.03,1,1,1,0.0,0.3333333333333333,0.12150000000000001,-1,-1,-1,1.0,1.0,-1.0,0.0,-0.3333333333333333,0.10935000000000002,-1,-1,-1,0.356862745098039,0.694117647058824,0.803921568627451
154.00307297706604,0.0,0.1301371013081859,0.03,1,1,1,0.0,0.3333333333333333,0.12150000000000001,-1,-1,-1,1.0,1.0,-1.0,0.0,-0.3333333333333333,0.10935000000000002,-1,-1,-1,0.356862745098039,0.694117647058824,0.803921568627451
154.03802132606506,0.0,0.12640488130332167,0.03,1,1,1,0.0,0.3333333333333333,0.12150000000000001,-1,-1,-1,1.0,1.0,-1.0,0.0,-0.3333333333333333,0.10935000000000002,-1,-1,-1,0.356862745098039,0.694117647058824,0.803921568627451
154.07281923294067,0.0,0.1226726612984574,0.03,1,1,1,0.0,0.3333333333333333,0.12150000000000001,-1,-1,-1,1.0,1.0,-1.0,0.0,-0.3333333333333333,0.10935000000000002,-1,-1,-1,0.356862745098039,0.694117647058824,0.803921568627451
154.10761857032776,0.0,0.1189404412935931,0.03,1,1,1,0.0,0.3333333333333333,0.12150000000000001,-1,-1,-1,1.0,1.0,-1.0,0.0,-0.3333333333333333,0.10935000000000002,-1,-1,-1,0.356862745098039,0.694117647058824,0.803921568627451
154.14217901229858,0.0,0.11520822128872887,0.03,1,1,1,0.0,0.3333333333333333,0.12150000000000001,-1,-1,-1,1.0,1.0,-1.0,0.0,-0.3333333333333333,0.10935000000000002,-1,-1,-1,0.356862745098039,0.694117647058824,0.803921568627451
154.17695903778076,0.0,0.11147600128386465,0.03,1,1,1,0.0,0.3333333333333333,0.12150000000000001,-1,-1,-1,1.0,1.0,-1.0,0.0,-0.3333333333333333,0.10935000000000002,-1,-1,-1,0.356862745098039,0.694117647058824,0.803921568627451
154.21172499656677,0.0,0.10774378127900042,0.03,1,1,1,0.0,0.3333333333333333,0.12150000000000001,-1,-1,-1,1.0,1.0,-1.0,0.0,-0.3333333333333333,0.10935000000000002,-1,-1,-1,0.356862745098039,0.694117647058824,0.803921568627451
154.2464680671692,0.0,0.10401156127413619,0.03,1,1,1,0.0,0.3333333333333333,0.12150000000000001,-1,-1,-1,1.0,1.0,-1.0,0.0,-0.3333333333333333,0.10935000000000002,-1,-1,-1,0.356862745098039,0.694117647058824,0.803921568627451
154.281183719635,0.0,0.10027934126927196,0.03,1,1,1,0.0,0.3333333333333333,0.12150000000000001,-1,-1,-1,1.0,1.0,-1.0,0.0,-0.3333333333333333,0.10935000000000002,-1,-1,-1,0.356862745098039,0.694117647058824,0.803921568627451
154.3160629272461,0.0,0.09654712126440773,0.03,1,1,1,0.0,0.3333333333333333,0.12150000000000001,-1,-1,-1,1.0,1.0,-1.0,0.0,-0.3333333333333333,0.10935000000000002,-1,-1,-1,0.356862745098039,0.694117647058824,0.803921568627451
154.3506360054016,0.0,0.0928149012595435,0.03,1,1,1,0.0,0.3333333333333333,0.12150000000000001,-1,-1,-1,1.0,1.0,-1.0,0.0,-0.3333333333333333,0.10935000000000002,-1,-1,-1,0.356862745098039,0.694117647058824,0.803921568627451
154.38532280921936,0.0,0.08908268125467927,0.03,1,1,1,0.0,0.3333333333333333,0.12150000000000001,-1,-1,-1,1.0,1.0,-1.0,0.0,-0.3333333333333333,0.10935000000000002,-1,-1,-1,0.356862745098039,0.694117647058824,0.803921568627451
154.4200689792633,0.0,0.08535046124981505,0.03,1,1,1,0.0,0.3333333333333333,0.12150000000000001,-1,-1,-1,1.0,1.0,-1.0,0.0,-0.3333333333333333,0.10935000000000002,-1,-1,-1,0.356862745098039,0.694117647058824,0.803921568627451
154.4548783302307,0.0,0.08161824124495082,0.03,1,1,1,0.0,0.3333333333333333,0.12150000000000001,-1,-1,-1,1.0,1.0,-1.0,0.0,-0.3333333333333333,0.10935000000000002,-1,-1,-1,0.356862745098039,0.694117647058824,0.803921568627451
154.48893117904663,0.0,0.07788602124008659,0.03,1,1,1,0.0,0.3333333333333333,0.12150000000000001,-1,-1,-1,1.0,1.0,-1.0,0.0,-0.3333333333333333,0.10935000000000002,-1,-1,-1,0.356862745098039,0.694117647058824,0.803921568627451
154.52420806884766,0.0,0.07415380123522236,0.03,1,1,1,0.0,0.3333333333333333,0.12150000000000001,-1,-1,-1,1.0,1.0,-1.0,0.0,-0.3333333333333333,0.10935000000000002,-1,-1,-1,0.356862745098039,0.694117647058824,0.803921568627451
154.55895066261292,0.0,0.07042158123035813,0.03,1,1,1,0.0,0.3333333333333333,0.12150000000000001,-1,-1,-1,1.0,1.0,-1.0,0.0,-0.3333333333333333,0.10935000000000002,-1,-1,-1,0.356862745098039,0.694117647058824,0.803921568627451
154.59366989135742,0.0,0.0666893612254939,0.03,1,1,1,0.0,0.3333333333333333,0.12150000000000001,-1,-1,-1,1.0,1.0,-1.0,0.0,-0.3333333333333333,0.10935000000000002,-1,-1,-1,0.356862745098039,0.694117647058824,0.803921568627451
154.628427028656,0.0,0.06295714122062968,0.03,1,1,1,0.0,0.3333333333333333,0.12150000000000001,-1,-1,-1,1.0,1.0,-1.0,0.0,-0.3333333333333333,0.10935000000000002,-1,-1,-1,0.356862745098039,0.694117647058824,0.803921568627451
154.6633734703064,0.0,0.05922492121576544,0.03,1,1,1,0.0,0.3333333333333333,0.12150000000000001,-1,-1,-1,1.0,1.0,-1.0,0.0,-0.3333333333333333,0.10935000000000002,-1,-1,-1,0.356862745098039,0.694117647058824,0.803921568627451
154.69784307479858,0.0,0.05549270121090118,0.03,1,1,1,0.0,0.3333333333333333,0.12150000000000001,-1,-1,-1,1.0,1.0,-1.0,0.0,-0.3333333333333333,0.10935000000000002,-1,-1,-1,0.356862745098039,0.694117647058824,0.803921568627451
154.73240995407104,0.0,0.051760481206036914,0.03,1,1,1,0.0,0.3333333333333333,0.12150000000000001,-1,-1,-1,1.0,1.0,-1.0,0.0,-0.3333333333333333,0.10935000000000002,-1,-1,-1,0.356862745098039,0.694117647058824,0.803921568627451
154.76723313331604,0.0,0.04802826120117265,0.03,1,1,1,0.0,0.3333333333333333,0.12150000000000001,-1,-1,-1,1.0,1.0,-1.0,0.0,-0.3333333333333333,0.10935000000000002,-1,-1,-1,0.356862745098039,0.694117647058824,0.803921568627451
154.801997423172,0.0,0.04429604119630839,0.03,1,1,1,0.0,0.3333333333333333,0.12150000000000001,-1,-1,-1,1.0,1.0,-1.0,0.0,-0.3333333333333333,0.10935000000000002,-1,-1,-1,0.356862745098039,0.694117647058824,0.803921568627451
154.8367564678192,0.0,0.040563821191444124,0.03,1,1,1,0.0,0.3333333333333333,0.12150000000000001,-1,-1,-1,1.0,1.0,-1.0,0.0,-0.3333333333333333,0.10935000000000002,-1,-1,-1,0.356862745098039,0.694117647058824,0.803921568627451
154.87143111228943,0.0,0.03683160118657986,0.03,1,1,1,0.0,0.3333333333333333,0.12150000000000001,-1,-1,-1,1.0,1.0,-1.0,0.0,-0.3333333333333333,0.10935000000000002,-1,-1,-1,0.356862745098039,0.694117647058824,0.803921568627451
154.90607285499573,0.0,0.0330993811817156,0.03,1,1,1,0.0,0.3333333333333333,0.12150000000000001,-1,-1,-1,1.0,1.0,-1.0,0.0,-0.3333333333333333,0.10935000000000002,-1,-1,-1,0.356862745098039,0.694117647058824,0.803921568627451
154.9408941268921,0.0,0.02936716117685134,0.03,1,1,1,0.0,0.3333333333333333,0.12150000000000001,-1,-1,-1,1.0,1.0,-1.0,0.0,-0.3333333333333333,0.10935000000000002,-1,-1,-1,0.356862745098039,0.694117647058824,0.803921568627451
154.97533988952637,0.0,0.025634941171987075,0.03,1,1,1,0.0,0.3333333333333333,0.12150000000000001,-1,-1,-1,1.0,1.0,-1.0,0.0,-0.3333333333333333,0.10935000000000002,-1,-1,-1,0.356862745098039,0.694117647058824,0.803921568627451
155.00928258895874,0.0,0.021902721167122812,0.03,1,1,1,0.0,0.3333333333333333,0.12150000000000001,-1,-1,-1,1.0,1.0,-1.0,0.0,-0.3333333333333333,0.10935000000000002,-1,-1,-1,0.356862745098039,0.694117647058824,0.803921568627451
155.04458355903625,0.0,0.01817050116225855,0.03,1,1,1,0.0,0.3333333333333333,0.12150000000000001,-1,-1,-1,1.0,1.0,-1.0,0.0,-0.3333333333333333,0.10935000000000002,-1,-1,-1,0.356862745098039,0.694117647058824,0.803921568627451
155.07913160324097,0.0,0.014438281157394286,0.03,1,1,1,0.0,0.3333333333333333,0.12150000000000001,-1,-1,-1,1.0,1.0,-1.0,0.0,-0.3333333333333333,0.10935000000000002,-1,-1,-1,0.356862745098039,0.694117647058824,0.803921568627451
155.11399054527283,0.0,0.011452505153502875,0.03,1,1,1,0.0,0.3333333333333333,0.12150000000000001,-1,-1,-1,1.0,1.0,-1.0,0.0,-0.3333333333333333,0.10935000000000002,-1,-1,-1,0.356862745098039,0.694117647058824,0.803921568627451
155.14911484718323,0.0,0.011452505153502875,0.03,1,1,1,0.0,0.3333333333333333,0.12150000000000001,-1,-1,-1,1.0,1.0,-1.0,0.0,-0.3333333333333333,0.10935000000000002,-1,-1,-1,0.356862745098039,0.694117647058824,0.803921568627451
155.18392825126648,0.0,0.011452505153502875,0.03,1,1,1,0.0,0.3333333333333333,0.12150000000000001,-1,-1,-1,1.0,1.0,-1.0,0.0,-0.3333333333333333,0.10935000000000002,-1,-1,-1,0.356862745098039,0.694117647058824,0.803921568627451
155.21863961219788,0.0,0.011452505153502875,0.03,1,1,1,0.0,0.3333333333333333,0.12150000000000001,-1,-1,-1,1.0,1.0,-1.0,0.0,-0.3333333333333333,0.10935000000000002,-1,-1,-1,0.356862745098039,0.694117647058824,0.803921568627451
155.25333452224731,0.0,0.011452505153502875,0.03,1,1,1,0.0,0.3333333333333333,0.12150000000000001,-1,-1,-1,1.0,1.0,-1.0,0.0,-0.3333333333333333,0.10935000000000002,-1,-1,-1,0.356862745098039,0.694117647058824,0.803921568627451
155.2880311012268,0.0,0.011452505153502875,0.03,1,1,1,0.0,0.3333333333333333,0.12150000000000001,-1,-1,-1,1.0,1.0,-1.0,0.0,-0.3333333333333333,0.10935000000000002,-1,-1,-1,0.356862745098039,0.694117647058824,0.803921568627451
155.32272911071777,0.0,0.011452505153502875,0.03,1,1,1,0.0,0.3333333333333333,0.12150000000000001,-1,-1,-1,1.0,1.0,-1.0,0.0,-0.3333333333333333,0.10935000000000002,-1,-1,-1,0.356862745098039,0.694117647058824,0.803921568627451
155.35747289657593,0.0,0.011452505153502875,0.03,1,1,1,0.0,0.3333333333333333,0.12150000000000001,-1,-1,-1,1.0,1.0,-1.0,0.0,-0.3333333333333333,0.10935000000000002,-1,-1,-1,0.356862745098039,0.694117647058824,0.803921568627451
155.39276266098022,0.0,0.011452505153502875,0.03,1,1,1,0.0,0.3333333333333333,0.12150000000000001,-1,-1,-1,1.0,1.0,-1.0,0.0,-0.3333333333333333,0.10935000000000002,-1,-1,-1,0.356862745098039,0.694117647058824,0.803921568627451
155.4268341064453,0.0,0.011452505153502875,0.03,1,1,1,0.0,0.3333333333333333,0.12150000000000001,-1,-1,-1,1.0,1.0,-1.0,0.0,-0.3333333333333333,0.10935000000000002,-1,-1,-1,0.356862745098039,0.694117647058824,0.803921568627451
155.46167516708374,0.0,0.011452505153502875,0.03,1,1,1,0.0,0.3333333333333333,0.12150000000000001,-1,-1,-1,1.0,1.0,-1.0,0.0,-0.3333333333333333,0.10935000000000002,-1,-1,-1,0.356862745098039,0.694117647058824,0.803921568627451
155.49650382995605,0.0,0.011452505153502875,0.03,1,1,1,0.0,0.3333333333333333,0.12150000000000001,-1,-1,-1,1.0,1.0,-1.0,0.0,-0.3333333333333333,0.10935000000000002,-1,-1,-1,0.356862745098039,0.694117647058824,0.803921568627451
155.53119707107544,0.0,0.011452505153502875,0.03,1,1,1,0.0,0.3333333333333333,0.12150000000000001,-1,-1,-1,1.0,1.0,-1.0,0.0,-0.3333333333333333,0.10935000000000002,-1,-1,-1,0.356862745098039,0.694117647058824,0.803921568627451
155.56606006622314,0.0,0.011452505153502875,0.03,1,1,1,0.0,0.3333333333333333,0.12150000000000001,-1,-1,-1,1.0,1.0,-1.0,0.0,-0.3333333333333333,0.10935000000000002,-1,-1,-1,0.356862745098039,0.694117647058824,0.803921568627451
155.60064268112183,0.0,0.011452505153502875,0.03,1,1,1,0.0,0.3333333333333333,0.12150000000000001,-1,-1,-1,1.0,1.0,-1.0,0.0,-0.3333333333333333,0.10935000000000002,-1,-1,-1,0.356862745098039,0.694117647058824,0.803921568627451
155.63537645339966,0.0,0.011452505153502875,0.03,1,1,1,0.0,0.3333333333333333,0.12150000000000001,-1,-1,-1,1.0,1.0,-1.0,0.0,-0.3333333333333333,0.10935000000000002,-1,-1,-1,0.356862745098039,0.694117647058824,0.803921568627451
155.67033910751343,0.0,0.011452505153502875,0.03,1,1,1,0.0,0.3333333333333333,0.12150000000000001,-1,-1,-1,1.0,1.0,-1.0,0.0,-0.3333333333333333,0.10935000000000002,-1,-1,-1,0.356862745098039,0.694117647058824,0.803921568627451
155.70500326156616,0.0,0.011452505153502875,0.03,1,1,1,0.0,0.3333333333333333,0.12150000000000001,-1,-1,-1,1.0,1.0,-1.0,0.0,-0.3333333333333333,0.10935000000000002,-1,-1,-1,0.356862745098039,0.694117647058824,0.803921568627451
155.73926854133606,0.0,0.011452505153502875,0.03,1,1,1,0.0,0.3333333333333333,0.12150000000000001,-1,-1,-1,1.0,1.0,-1.0,0.0,-0.3333333333333333,0.10935000000000002,-1,-1,-1,0.356862745098039,0.694117647058824,0.803921568627451
155.77394580841064,0.0,0.011452505153502875,0.03,1,1,1,0.0,0.3333333333333333,0.12150000000000001,-1,-1,-1,1.0,1.0,-1.0,0.0,-0.3333333333333333,0.10935000000000002,-1,-1,-1,0.356862745098039,0.694117647058824,0.803921568627451
155.8087146282196,0.0,0.011452505153502875,0.03,1,1,1,0.0,0.3333333333333333,0.12150000000000001,-1,-1,-1,1.0,1.0,-1.0,0.0,-0.3333333333333333,0.10935000000000002,-1,-1,-1,0.356862745098039,0.694117647058824,0.803921568627451
155.84353804588318,0.0,0.011452505153502875,0.03,1,1,1,0.0,0.3333333333333333,0.12150000000000001,-1,-1,-1,1.0,1.0,-1.0,0.0,-0.3333333333333333,0.10935000000000002,-1,-1,-1,0.356862745098039,0.694117647058824,0.803921568627451
155.87792778015137,0.0,0.011452505153502875,0.03,1,1,1,0.0,0.3333333333333333,0.12150000000000001,-1,-1,-1,1.0,1.0,-1.0,0.0,-0.3333333333333333,0.10935000000000002,-1,-1,-1,0.356862745098039,0.694117647058824,0.803921568627451
155.91287922859192,0.0,0.011452505153502875,0.03,1,1,1,0.0,0.3333333333333333,0.12150000000000001,-1,-1,-1,1.0,1.0,-1.0,0.0,-0.3333333333333333,0.10935000000000002,-1,-1,-1,0.356862745098039,0.694117647058824,0.803921568627451
155.94726848602295,0.0,0.011452505153502875,0.03,1,1,1,0.0,0.3333333333333333,0.12150000000000001,-1,-1,-1,1.0,1.0,-1.0,0.0,-0.3333333333333333,0.10935000000000002,-1,-1,-1,0.356862745098039,0.694117647058824,0.803921568627451
155.98239636421204,0.0,0.011452505153502875,0.03,1,1,1,0.0,0.3333333333333333,0.12150000000000001,-1,-1,-1,1.0,1.0,-1.0,0.0,-0.3333333333333333,0.10935000000000002,-1,-1,-1,0.356862745098039,0.694117647058824,0.803921568627451
156.01754808425903,0.0,0.011452505153502875,0.03,1,1,1,0.0,0.3333333333333333,0.12150000000000001,-1,-1,-1,1.0,1.0,-1.0,0.0,-0.3333333333333333,0.10935000000000002,-1,-1,-1,0.356862745098039,0.694117647058824,0.803921568627451
156.0518777370453,0.0,0.011452505153502875,0.03,1,1,1,0.0,0.3333333333333333,0.12150000000000001,-1,-1,-1,1.0,1.0,-1.0,0.0,-0.3333333333333333,0.10935000000000002,-1,-1,-1,0.356862745098039,0.694117647058824,0.803921568627451
156.08674383163452,0.0,0.011452505153502875,0.03,1,1,1,0.0,0.3333333333333333,0.12150000000000001,-1,-1,-1,1.0,1.0,-1.0,0.0,-0.3333333333333333,0.10935000000000002,-1,-1,-1,0.356862745098039,0.694117647058824,0.803921568627451
156.12133622169495,0.0,0.011452505153502875,0.03,1,1,1,0.0,0.3333333333333333,0.12150000000000001,-1,-1,-1,1.0,1.0,-1.0,0.0,-0.3333333333333333,0.10935000000000002,-1,-1,-1,0.356862745098039,0.694117647058824,0.803921568627451
156.15541672706604,0.0,0.011452505153502875,0.03,1,1,1,0.0,0.3333333333333333,0.12150000000000001,-1,-1,-1,1.0,1.0,-1.0,0.0,-0.3333333333333333,0.10935000000000002,-1,-1,-1,0.356862745098039,0.694117647058824,0.803921568627451
156.18991208076477,0.0,0.011452505153502875,0.03,1,1,1,0.0,0.3333333333333333,0.12150000000000001,-1,-1,-1,1.0,1.0,-1.0,0.0,-0.3333333333333333,0.10935000000000002,-1,-1,-1,0.356862745098039,0.694117647058824,0.803921568627451
156.22505688667297,0.0,0.011452505153502875,0.03,1,1,1,0.0,0.3333333333333333,0.12150000000000001,-1,-1,-1,1.0,1.0,-1.0,0.0,-0.3333333333333333,0.10935000000000002,-1,-1,-1,0.356862745098039,0.694117647058824,0.803921568627451
156.26028633117676,0.0,0.011452505153502875,0.03,1,1,1,0.0,0.3333333333333333,0.12150000000000001,-1,-1,-1,1.0,1.0,-1.0,0.0,-0.3333333333333333,0.10935000000000002,-1,-1,-1,0.356862745098039,0.694117647058824,0.803921568627451
156.29541087150574,0.0,0.011452505153502875,0.03,1,1,1,0.0,0.3333333333333333,0.12150000000000001,-1,-1,-1,1.0,1.0,-1.0,0.0,-0.3333333333333333,0.10935000000000002,-1,-1,-1,0.356862745098039,0.694117647058824,0.803921568627451
156.32994103431702,0.0,0.01254447402546172,0.03,1,1,1,0.0,0.3333333333333333,0.12150000000000001,-1,-1,-1,1.0,1.0,-1.0,0.0,-0.3333333333333333,0.10935000000000002,-1,-1,-1,0.356862745098039,0.694117647058824,0.803921568627451
156.36381602287292,0.0,0.014364422145393126,0.03,1,1,1,0.0,0.3333333333333333,0.12150000000000001,-1,-1,-1,1.0,1.0,-1.0,0.0,-0.3333333333333333,0.10935000000000002,-1,-1,-1,0.356862745098039,0.694117647058824,0.803921568627451
156.39857244491577,0.0,0.016184370265324533,0.03,1,1,1,0.0,0.3333333333333333,0.12150000000000001,-1,-1,-1,1.0,1.0,-1.0,0.0,-0.3333333333333333,0.10935000000000002,-1,-1,-1,0.356862745098039,0.694117647058824,0.803921568627451
156.43369817733765,0.0,0.01800431838525594,0.03,1,1,1,0.0,0.3333333333333333,0.12150000000000001,-1,-1,-1,1.0,1.0,-1.0,0.0,-0.3333333333333333,0.10935000000000002,-1,-1,-1,0.356862745098039,0.694117647058824,0.803921568627451
156.46844744682312,0.0,0.019824266505187347,0.03,1,1,1,0.0,0.3333333333333333,0.12150000000000001,-1,-1,-1,1.0,1.0,-1.0,0.0,-0.3333333333333333,0.10935000000000002,-1,-1,-1,0.356862745098039,0.694117647058824,0.803921568627451
156.50242590904236,0.0,0.021644214625118754,0.03,1,1,1,0.0,0.3333333333333333,0.12150000000000001,-1,-1,-1,1.0,1.0,-1.0,0.0,-0.3333333333333333,0.10935000000000002,-1,-1,-1,0.356862745098039,0.694117647058824,0.803921568627451
156.5385720729828,0.0,0.02346416274505016,0.03,1,1,1,0.0,0.3333333333333333,0.12150000000000001,-1,-1,-1,1.0,1.0,-1.0,0.0,-0.3333333333333333,0.10935000000000002,-1,-1,-1,0.356862745098039,0.694117647058824,0.803921568627451
156.57306551933289,0.0,0.025284110864981568,0.03,1,1,1,0.0,0.3333333333333333,0.12150000000000001,-1,-1,-1,1.0,1.0,-1.0,0.0,-0.3333333333333333,0.10935000000000002,-1,-1,-1,0.356862745098039,0.694117647058824,0.803921568627451
156.60703659057617,0.0,0.027104058984912974,0.03,1,1,1,0.0,0.3333333333333333,0.12150000000000001,-1,-1,-1,1.0,1.0,-1.0,0.0,-0.3333333333333333,0.10935000000000002,-1,-1,-1,0.356862745098039,0.694117647058824,0.803921568627451
156.64179039001465,0.0,0.02892400710484438,0.03,1,1,1,0.0,0.3333333333333333,0.12150000000000001,-1,-1,-1,1.0,1.0,-1.0,0.0,-0.3333333333333333,0.10935000000000002,-1,-1,-1,0.356862745098039,0.694117647058824,0.803921568627451
156.6772689819336,0.0,0.03074395522477579,0.03,1,1,1,0.0,0.3333333333333333,0.12150000000000001,-1,-1,-1,1.0,1.0,-1.0,0.0,-0.3333333333333333,0.10935000000000002,-1,-1,-1,0.356862745098039,0.694117647058824,0.803921568627451
156.71131825447083,0.0,0.0325639033447072,0.03,1,1,1,0.0,0.3333333333333333,0.12150000000000001,-1,-1,-1,1.0,1.0,-1.0,0.0,-0.3333333333333333,0.10935000000000002,-1,-1,-1,0.356862745098039,0.694117647058824,0.803921568627451
156.7460515499115,0.0,0.034383851464638605,0.03,1,1,1,0.0,0.3333333333333333,0.12150000000000001,-1,-1,-1,1.0,1.0,-1.0,0.0,-0.3333333333333333,0.10935000000000002,-1,-1,-1,0.356862745098039,0.694117647058824,0.803921568627451
156.78083539009094,0.0,0.03620379958457001,0.03,1,1,1,0.0,0.3333333333333333,0.12150000000000001,-1,-1,-1,1.0,1.0,-1.0,0.0,-0.3333333333333333,0.10935000000000002,-1,-1,-1,0.356862745098039,0.694117647058824,0.803921568627451
156.81521153450012,0.0,0.03802374770450142,0.03,1,1,1,0.0,0.3333333333333333,0.12150000000000001,-1,-1,-1,1.0,1.0,-1.0,0.0,-0.3333333333333333,0.10935000000000002,-1,-1,-1,0.356862745098039,0.694117647058824,0.803921568627451
156.8502435684204,0.0,0.039843695824432826,0.03,1,1,1,0.0,0.3333333333333333,0.12150000000000001,-1,-1,-1,1.0,1.0,-1.0,0.0,-0.3333333333333333,0.10935000000000002,-1,-1,-1,0.356862745098039,0.694117647058824,0.803921568627451
156.88496708869934,0.0,0.04166364394436423,0.03,1,1,1,0.0,0.3333333333333333,0.12150000000000001,-1,-1,-1,1.0,1.0,-1.0,0.0,-0.3333333333333333,0.10935000000000002,-1,-1,-1,0.356862745098039,0.694117647058824,0.803921568627451
156.91995310783386,0.0,0.04348359206429564,0.03,1,1,1,0.0,0.3333333333333333,0.12150000000000001,-1,-1,-1,1.0,1.0,-1.0,0.0,-0.3333333333333333,0.10935000000000002,-1,-1,-1,0.356862745098039,0.694117647058824,0.803921568627451
156.95467567443848,0.0,0.04530354018422705,0.03,1,1,1,0.0,0.3333333333333333,0.12150000000000001,-1,-1,-1,1.0,1.0,-1.0,0.0,-0.3333333333333333,0.10935000000000002,-1,-1,-1,0.356862745098039,0.694117647058824,0.803921568627451
156.98922753334045,0.0,0.04712348830415845,0.03,1,1,1,0.0,0.3333333333333333,0.12150000000000001,-1,-1,-1,1.0,1.0,-1.0,0.0,-0.3333333333333333,0.10935000000000002,-1,-1,-1,0.356862745098039,0.694117647058824,0.803921568627451
157.02374458312988,0.0,0.04894343642408986,0.03,1,1,1,0.0,0.3333333333333333,0.12150000000000001,-1,-1,-1,1.0,1.0,-1.0,0.0,-0.3333333333333333,0.10935000000000002,-1,-1,-1,0.356862745098039,0.694117647058824,0.803921568627451
157.05826783180237,0.0,0.05076338454402127,0.03,1,1,1,0.0,0.3333333333333333,0.12150000000000001,-1,-1,-1,1.0,1.0,-1.0,0.0,-0.3333333333333333,0.10935000000000002,-1,-1,-1,0.356862745098039,0.694117647058824,0.803921568627451
157.09364247322083,0.0,0.052583332663952674,0.03,1,1,1,0.0,0.3333333333333333,0.12150000000000001,-1,-1,-1,1.0,1.0,-1.0,0.0,-0.3333333333333333,0.10935000000000002,-1,-1,-1,0.356862745098039,0.694117647058824,0.803921568627451
157.12806963920593,0.0,0.05440328078388408,0.03,1,1,1,0.0,0.3333333333333333,0.12150000000000001,-1,-1,-1,1.0,1.0,-1.0,0.0,-0.3333333333333333,0.10935000000000002,-1,-1,-1,0.356862745098039,0.694117647058824,0.803921568627451
157.16245651245117,0.0,0.05622322890381549,0.03,1,1,1,0.0,0.3333333333333333,0.12150000000000001,-1,-1,-1,1.0,1.0,-1.0,0.0,-0.3333333333333333,0.10935000000000002,-1,-1,-1,0.356862745098039,0.694117647058824,0.803921568627451
157.1972861289978,0.0,0.058043177023746895,0.03,1,1,1,0.0,0.3333333333333333,0.12150000000000001,-1,-1,-1,1.0,1.0,-1.0,0.0,-0.3333333333333333,0.10935000000000002,-1,-1,-1,0.356862745098039,0.694117647058824,0.803921568627451
157.23156189918518,0.0,0.05986312514367831,0.03,1,1,1,0.0,0.3333333333333333,0.12150000000000001,-1,-1,-1,1.0,1.0,-1.0,0.0,-0.3333333333333333,0.10935000000000002,-1,-1,-1,0.356862745098039,0.694117647058824,0.803921568627451
157.26653742790222,0.0,0.061683073263609715,0.03,1,1,1,0.0,0.3333333333333333,0.12150000000000001,-1,-1,-1,1.0,1.0,-1.0,0.0,-0.3333333333333333,0.10935000000000002,-1,-1,-1,0.356862745098039,0.694117647058824,0.803921568627451
157.30122184753418,0.0,0.06350302138354111,0.03,1,1,1,0.0,0.3333333333333333,0.12150000000000001,-1,-1,-1,1.0,1.0,-1.0,0.0,-0.3333333333333333,0.10935000000000002,-1,-1,-1,0.356862745098039,0.694117647058824,0.803921568627451
157.33587646484375,0.0,0.06532296950347248,0.03,1,1,1,0.0,0.3333333333333333,0.12150000000000001,-1,-1,-1,1.0,1.0,-1.0,0.0,-0.3333333333333333,0.10935000000000002,-1,-1,-1,0.356862745098039,0.694117647058824,0.803921568627451
157.37074398994446,0.0,0.06714291762340385,0.03,1,1,1,0.0,0.3333333333333333,0.12150000000000001,-1,-1,-1,1.0,1.0,-1.0,0.0,-0.3333333333333333,0.10935000000000002,-1,-1,-1,0.356862745098039,0.694117647058824,0.803921568627451
157.4055049419403,0.0,0.06896286574333522,0.03,1,1,1,0.0,0.3333333333333333,0.12150000000000001,-1,-1,-1,1.0,1.0,-1.0,0.0,-0.3333333333333333,0.10935000000000002,-1,-1,-1,0.356862745098039,0.694117647058824,0.803921568627451
157.44048523902893,0.0,0.0707828138632666,0.03,1,1,1,0.0,0.3333333333333333,0.12150000000000001,-1,-1,-1,1.0,1.0,-1.0,0.0,-0.3333333333333333,0.10935000000000002,-1,-1,-1,0.356862745098039,0.694117647058824,0.803921568627451
157.47571206092834,0.0,0.07260276198319797,0.03,1,1,1,0.0,0.3333333333333333,0.12150000000000001,-1,-1,-1,1.0,1.0,-1.0,0.0,-0.3333333333333333,0.10935000000000002,-1,-1,-1,0.356862745098039,0.694117647058824,0.803921568627451
157.50947165489197,0.0,0.07442271010312934,0.03,1,1,1,0.0,0.3333333333333333,0.12150000000000001,-1,-1,-1,1.0,1.0,-1.0,0.0,-0.3333333333333333,0.10935000000000002,-1,-1,-1,0.356862745098039,0.694117647058824,0.803921568627451
157.54495811462402,0.0,0.0738247351125833,0.03,1,1,1,0.0,0.3333333333333333,0.12150000000000001,-1,-1,-1,1.0,1.0,-1.0,0.0,-0.3333333333333333,0.10935000000000002,-1,-1,-1,0.356862745098039,0.694117647058824,0.803921568627451
157.5797679424286,0.0,0.07322676012203727,0.03,1,1,1,0.0,0.3333333333333333,0.12150000000000001,-1,-1,-1,1.0,1.0,-1.0,0.0,-0.3333333333333333,0.10935000000000002,-1,-1,-1,0.356862745098039,0.694117647058824,0.803921568627451
157.61393427848816,0.0,0.07262878513149124,0.03,1,1,1,0.0,0.3333333333333333,0.12150000000000001,-1,-1,-1,1.0,1.0,-1.0,0.0,-0.3333333333333333,0.10935000000000002,-1,-1,-1,0.356862745098039,0.694117647058824,0.803921568627451
157.64867448806763,0.0,0.0720308101409452,0.03,1,1,1,0.0,0.3333333333333333,0.12150000000000001,-1,-1,-1,1.0,1.0,-1.0,0.0,-0.3333333333333333,0.10935000000000002,-1,-1,-1,0.356862745098039,0.694117647058824,0.803921568627451
157.68393564224243,0.0,0.07143283515039917,0.03,1,1,1,0.0,0.3333333333333333,0.12150000000000001,-1,-1,-1,1.0,1.0,-1.0,0.0,-0.3333333333333333,0.10935000000000002,-1,-1,-1,0.356862745098039,0.694117647058824,0.803921568627451
157.71784210205078,0.0,0.07083486015985313,0.03,1,1,1,0.0,0.3333333333333333,0.12150000000000001,-1,-1,-1,1.0,1.0,-1.0,0.0,-0.3333333333333333,0.10935000000000002,-1,-1,-1,0.356862745098039,0.694117647058824,0.803921568627451
157.75254607200623,0.0,0.0702368851693071,0.03,1,1,1,0.0,0.3333333333333333,0.12150000000000001,-1,-1,-1,1.0,1.0,-1.0,0.0,-0.3333333333333333,0.10935000000000002,-1,-1,-1,0.356862745098039,0.694117647058824,0.803921568627451
157.78801822662354,0.0,0.06963891017876106,0.03,1,1,1,0.0,0.3333333333333333,0.12150000000000001,-1,-1,-1,1.0,1.0,-1.0,0.0,-0.3333333333333333,0.10935000000000002,-1,-1,-1,0.356862745098039,0.694117647058824,0.803921568627451
157.82265543937683,0.0,0.06904093518821502,0.03,1,1,1,0.0,0.3333333333333333,0.12150000000000001,-1,-1,-1,1.0,1.0,-1.0,0.0,-0.3333333333333333,0.10935000000000002,-1,-1,-1,0.356862745098039,0.694117647058824,0.803921568627451
157.85671830177307,0.0,0.06844296019766899,0.03,1,1,1,0.0,0.3333333333333333,0.12150000000000001,-1,-1,-1,1.0,1.0,-1.0,0.0,-0.3333333333333333,0.10935000000000002,-1,-1,-1,0.356862745098039,0.694117647058824,0.803921568627451
157.89143466949463,0.0,0.06784498520712295,0.03,1,1,1,0.0,0.3333333333333333,0.12150000000000001,-1,-1,-1,1.0,1.0,-1.0,0.0,-0.3333333333333333,0.10935000000000002,-1,-1,-1,0.356862745098039,0.694117647058824,0.803921568627451
157.9266209602356,0.0,0.06724701021657692,0.03,1,1,1,0.0,0.3333333333333333,0.12150000000000001,-1,-1,-1,1.0,1.0,-1.0,0.0,-0.3333333333333333,0.10935000000000002,-1,-1,-1,0.356862745098039,0.694117647058824,0.803921568627451
157.9609718322754,0.0,0.06664903522603088,0.03,1,1,1,0.0,0.3333333333333333,0.12150000000000001,-1,-1,-1,1.0,1.0,-1.0,0.0,-0.3333333333333333,0.10935000000000002,-1,-1,-1,0.356862745098039,0.694117647058824,0.803921568627451
157.9956545829773,0.0,0.06605106023548485,0.03,1,1,1,0.0,0.3333333333333333,0.12150000000000001,-1,-1,-1,1.0,1.0,-1.0,0.0,-0.3333333333333333,0.10935000000000002,-1,-1,-1,0.356862745098039,0.694117647058824,0.803921568627451
158.03054976463318,0.0,0.06545308524493881,0.03,1,1,1,0.0,0.3333333333333333,0.12150000000000001,-1,-1,-1,1.0,1.0,-1.0,0.0,-0.3333333333333333,0.10935000000000002,-1,-1,-1,0.356862745098039,0.694117647058824,0.803921568627451
158.06587052345276,0.0,0.06485511025439278,0.03,1,1,1,0.0,0.3333333333333333,0.12150000000000001,-1,-1,-1,1.0,1.0,-1.0,0.0,-0.3333333333333333,0.10935000000000002,-1,-1,-1,0.356862745098039,0.694117647058824,0.803921568627451
158.10070967674255,0.0,0.06425713526384674,0.03,1,1,1,0.0,0.3333333333333333,0.12150000000000001,-1,-1,-1,1.0,1.0,-1.0,0.0,-0.3333333333333333,0.10935000000000002,-1,-1,-1,0.356862745098039,0.694117647058824,0.803921568627451
158.13542103767395,0.0,0.06365916027330071,0.03,1,1,1,0.0,0.3333333333333333,0.12150000000000001,-1,-1,-1,1.0,1.0,-1.0,0.0,-0.3333333333333333,0.10935000000000002,-1,-1,-1,0.356862745098039,0.694117647058824,0.803921568627451
158.1699299812317,0.0,0.06306118528275467,0.03,1,1,1,0.0,0.3333333333333333,0.12150000000000001,-1,-1,-1,1.0,1.0,-1.0,0.0,-0.3333333333333333,0.10935000000000002,-1,-1,-1,0.356862745098039,0.694117647058824,0.803921568627451
158.20444512367249,0.0,0.06246321029220863,0.03,1,1,1,0.0,0.3333333333333333,0.12150000000000001,-1,-1,-1,1.0,1.0,-1.0,0.0,-0.3333333333333333,0.10935000000000002,-1,-1,-1,0.356862745098039,0.694117647058824,0.803921568627451
158.23962593078613,0.0,0.06186523530166259,0.03,1,1,1,0.0,0.3333333333333333,0.12150000000000001,-1,-1,-1,1.0,1.0,-1.0,0.0,-0.3333333333333333,0.10935000000000002,-1,-1,-1,0.356862745098039,0.694117647058824,0.803921568627451
158.2743582725525,0.0,0.06126726031111655,0.03,1,1,1,0.0,0.3333333333333333,0.12150000000000001,-1,-1,-1,1.0,1.0,-1.0,0.0,-0.3333333333333333,0.10935000000000002,-1,-1,-1,0.356862745098039,0.694117647058824,0.803921568627451
158.30901646614075,0.0,0.06066928532057052,0.03,1,1,1,0.0,0.3333333333333333,0.12150000000000001,-1,-1,-1,1.0,1.0,-1.0,0.0,-0.3333333333333333,0.10935000000000002,-1,-1,-1,0.356862745098039,0.694117647058824,0.803921568627451
158.34340858459473,0.0,0.06007131033002448,0.03,1,1,1,0.0,0.3333333333333333,0.12150000000000001,-1,-1,-1,1.0,1.0,-1.0,0.0,-0.3333333333333333,0.10935000000000002,-1,-1,-1,0.356862745098039,0.694117647058824,0.803921568627451
158.37771010398865,0.0,0.05947333533947845,0.03,1,1,1,0.0,0.3333333333333333,0.12150000000000001,-1,-1,-1,1.0,1.0,-1.0,0.0,-0.3333333333333333,0.10935000000000002,-1,-1,-1,0.356862745098039,0.694117647058824,0.803921568627451
158.41165018081665,0.0,0.058875360348932385,0.03,1,1,1,0.0,0.3333333333333333,0.12150000000000001,-1,-1,-1,1.0,1.0,-1.0,0.0,-0.3333333333333333,0.10935000000000002,-1,-1,-1,0.356862745098039,0.694117647058824,0.803921568627451
158.44782185554504,0.0,0.058277385358386315,0.03,1,1,1,0.0,0.3333333333333333,0.12150000000000001,-1,-1,-1,1.0,1.0,-1.0,0.0,-0.3333333333333333,0.10935000000000002,-1,-1,-1,0.356862745098039,0.694117647058824,0.803921568627451
158.482257604599,0.0,0.057679410367840245,0.03,1,1,1,0.0,0.3333333333333333,0.12150000000000001,-1,-1,-1,1.0,1.0,-1.0,0.0,-0.3333333333333333,0.10935000000000002,-1,-1,-1,0.356862745098039,0.694117647058824,0.803921568627451
158.51687836647034,0.0,0.057081435377294175,0.03,1,1,1,0.0,0.3333333333333333,0.12150000000000001,-1,-1,-1,1.0,1.0,-1.0,0.0,-0.3333333333333333,0.10935000000000002,-1,-1,-1,0.356862745098039,0.694117647058824,0.803921568627451
158.55208039283752,0.0,0.056483460386748105,0.03,1,1,1,0.0,0.3333333333333333,0.12150000000000001,-1,-1,-1,1.0,1.0,-1.0,0.0,-0.3333333333333333,0.10935000000000002,-1,-1,-1,0.356862745098039,0.694117647058824,0.803921568627451
158.5864930152893,0.0,0.055885485396202035,0.03,1,1,1,0.0,0.3333333333333333,0.12150000000000001,-1,-1,-1,1.0,1.0,-1.0,0.0,-0.3333333333333333,0.10935000000000002,-1,-1,-1,0.356862745098039,0.694117647058824,0.803921568627451
158.62127089500427,0.0,0.055287510405655965,0.03,1,1,1,0.0,0.3333333333333333,0.12150000000000001,-1,-1,-1,1.0,1.0,-1.0,0.0,-0.3333333333333333,0.10935000000000002,-1,-1,-1,0.356862745098039,0.694117647058824,0.803921568627451
158.65617609024048,0.0,0.054689535415109895,0.03,1,1,1,0.0,0.3333333333333333,0.12150000000000001,-1,-1,-1,1.0,1.0,-1.0,0.0,-0.3333333333333333,0.10935000000000002,-1,-1,-1,0.356862745098039,0.694117647058824,0.803921568627451
158.6909339427948,0.0,0.054091560424563825,0.03,1,1,1,0.0,0.3333333333333333,0.12150000000000001,-1,-1,-1,1.0,1.0,-1.0,0.0,-0.3333333333333333,0.10935000000000002,-1,-1,-1,0.356862745098039,0.694117647058824,0.803921568627451
158.72590374946594,0.0,0.05507953218134006,0.03,1,1,1,0.0,0.3333333333333333,0.12150000000000001,-1,-1,-1,1.0,1.0,-1.0,0.0,-0.3333333333333333,0.10935000000000002,-1,-1,-1,0.356862745098039,0.694117647058824,0.803921568627451
158.76047110557556,0.0,0.05844642405909976,0.03,1,1,1,0.0,0.3333333333333333,0.12150000000000001,-1,-1,-1,1.0,1.0,-1.0,0.0,-0.3333333333333333,0.10935000000000002,-1,-1,-1,0.356862745098039,0.694117647058824,0.803921568627451
158.79482984542847,0.0,0.061813315936859445,0.03,1,1,1,0.0,0.3333333333333333,0.12150000000000001,-1,-1,-1,1.0,1.0,-1.0,0.0,-0.3333333333333333,0.10935000000000002,-1,-1,-1,0.356862745098039,0.694117647058824,0.803921568627451
158.82993507385254,0.0,0.06518020781461914,0.03,1,1,1,0.0,0.3333333333333333,0.12150000000000001,-1,-1,-1,1.0,1.0,-1.0,0.0,-0.3333333333333333,0.10935000000000002,-1,-1,-1,0.356862745098039,0.694117647058824,0.803921568627451
158.86482286453247,0.0,0.06854709969237884,0.03,1,1,1,0.0,0.3333333333333333,0.12150000000000001,-1,-1,-1,1.0,1.0,-1.0,0.0,-0.3333333333333333,0.10935000000000002,-1,-1,-1,0.356862745098039,0.694117647058824,0.803921568627451
158.89947175979614,0.0,0.07191399157013853,0.03,1,1,1,0.0,0.3333333333333333,0.12150000000000001,-1,-1,-1,1.0,1.0,-1.0,0.0,-0.3333333333333333,0.10935000000000002,-1,-1,-1,0.356862745098039,0.694117647058824,0.803921568627451
158.93413400650024,0.0,0.07528088344789823,0.03,1,1,1,0.0,0.3333333333333333,0.12150000000000001,-1,-1,-1,1.0,1.0,-1.0,0.0,-0.3333333333333333,0.10935000000000002,-1,-1,-1,0.356862745098039,0.694117647058824,0.803921568627451
158.9686300754547,0.0,0.07864777532565792,0.03,1,1,1,0.0,0.3333333333333333,0.12150000000000001,-1,-1,-1,1.0,1.0,-1.0,0.0,-0.3333333333333333,0.10935000000000002,-1,-1,-1,0.356862745098039,0.694117647058824,0.803921568627451
159.00342202186584,0.0,0.08201466720341762,0.03,1,1,1,0.0,0.3333333333333333,0.12150000000000001,-1,-1,-1,1.0,1.0,-1.0,0.0,-0.3333333333333333,0.10935000000000002,-1,-1,-1,0.356862745098039,0.694117647058824,0.803921568627451
159.03802847862244,0.0,0.08538155908117731,0.03,1,1,1,0.0,0.3333333333333333,0.12150000000000001,-1,-1,-1,1.0,1.0,-1.0,0.0,-0.3333333333333333,0.10935000000000002,-1,-1,-1,0.356862745098039,0.694117647058824,0.803921568627451
159.0727825164795,0.0,0.088748450958937,0.03,1,1,1,0.0,0.3333333333333333,0.12150000000000001,-1,-1,-1,1.0,1.0,-1.0,0.0,-0.3333333333333333,0.10935000000000002,-1,-1,-1,0.356862745098039,0.694117647058824,0.803921568627451
159.107577085495,0.0,0.0921153428366967,0.03,1,1,1,0.0,0.3333333333333333,0.12150000000000001,-1,-1,-1,1.0,1.0,-1.0,0.0,-0.3333333333333333,0.10935000000000002,-1,-1,-1,0.356862745098039,0.694117647058824,0.803921568627451
159.14250111579895,0.0,0.0954822347144564,0.03,1,1,1,0.0,0.3333333333333333,0.12150000000000001,-1,-1,-1,1.0,1.0,-1.0,0.0,-0.3333333333333333,0.10935000000000002,-1,-1,-1,0.356862745098039,0.694117647058824,0.803921568627451
159.17710852622986,0.0,0.09884912659221609,0.03,1,1,1,0.0,0.3333333333333333,0.12150000000000001,-1,-1,-1,1.0,1.0,-1.0,0.0,-0.3333333333333333,0.10935000000000002,-1,-1,-1,0.356862745098039,0.694117647058824,0.803921568627451
159.21117305755615,0.0,0.10221601846997579,0.03,1,1,1,0.0,0.3333333333333333,0.12150000000000001,-1,-1,-1,1.0,1.0,-1.0,0.0,-0.3333333333333333,0.10935000000000002,-1,-1,-1,0.356862745098039,0.694117647058824,0.803921568627451
159.2460162639618,0.0,0.10558291034773548,0.03,1,1,1,0.0,0.3333333333333333,0.12150000000000001,-1,-1,-1,1.0,1.0,-1.0,0.0,-0.3333333333333333,0.10935000000000002,-1,-1,-1,0.356862745098039,0.694117647058824,0.803921568627451
159.28077578544617,0.0,0.10894980222549518,0.03,1,1,1,0.0,0.3333333333333333,0.12150000000000001,-1,-1,-1,1.0,1.0,-1.0,0.0,-0.3333333333333333,0.10935000000000002,-1,-1,-1,0.356862745098039,0.694117647058824,0.803921568627451
159.314768075943,0.0,0.11231669410325487,0.03,1,1,1,0.0,0.3333333333333333,0.12150000000000001,-1,-1,-1,1.0,1.0,-1.0,0.0,-0.3333333333333333,0.10935000000000002,-1,-1,-1,0.356862745098039,0.694117647058824,0.803921568627451
159.34946298599243,0.0,0.11568358598101457,0.03,1,1,1,0.0,0.3333333333333333,0.12150000000000001,-1,-1,-1,1.0,1.0,-1.0,0.0,-0.3333333333333333,0.10935000000000002,-1,-1,-1,0.356862745098039,0.694117647058824,0.803921568627451
159.38442301750183,0.0,0.11905047785877428,0.03,1,1,1,0.0,0.3333333333333333,0.12150000000000001,-1,-1,-1,1.0,1.0,-1.0,0.0,-0.3333333333333333,0.10935000000000002,-1,-1,-1,0.356862745098039,0.694117647058824,0.803921568627451
159.41992807388306,0.0,0.12241736973653396,0.03,1,1,1,0.0,0.3333333333333333,0.12150000000000001,-1,-1,-1,1.0,1.0,-1.0,0.0,-0.3333333333333333,0.10935000000000002,-1,-1,-1,0.356862745098039,0.694117647058824,0.803921568627451
159.45360231399536,0.0,0.12578426161429365,0.03,1,1,1,0.0,0.3333333333333333,0.12150000000000001,-1,-1,-1,1.0,1.0,-1.0,0.0,-0.3333333333333333,0.10935000000000002,-1,-1,-1,0.356862745098039,0.694117647058824,0.803921568627451
159.48843097686768,0.0,0.12915115349205342,0.03,1,1,1,0.0,0.3333333333333333,0.12150000000000001,-1,-1,-1,1.0,1.0,-1.0,0.0,-0.3333333333333333,0.10935000000000002,-1,-1,-1,0.356862745098039,0.694117647058824,0.803921568627451
159.52355766296387,0.0,0.13251804536981318,0.03,1,1,1,0.0,0.3333333333333333,0.12150000000000001,-1,-1,-1,1.0,1.0,-1.0,0.0,-0.3333333333333333,0.10935000000000002,-1,-1,-1,0.356862745098039,0.694117647058824,0.803921568627451
159.55861806869507,0.0,0.13588493724757295,0.03,1,1,1,0.0,0.3333333333333333,0.12150000000000001,-1,-1,-1,1.0,1.0,-1.0,0.0,-0.3333333333333333,0.10935000000000002,-1,-1,-1,0.356862745098039,0.694117647058824,0.803921568627451
159.59247159957886,0.0,0.1392518291253327,0.03,1,1,1,0.0,0.3333333333333333,0.12150000000000001,-1,-1,-1,1.0,1.0,-1.0,0.0,-0.3333333333333333,0.10935000000000002,-1,-1,-1,0.356862745098039,0.694117647058824,0.803921568627451
159.62738847732544,0.0,0.14261872100309247,0.03,1,1,1,0.0,0.3333333333333333,0.12150000000000001,-1,-1,-1,1.0,1.0,-1.0,0.0,-0.3333333333333333,0.10935000000000002,-1,-1,-1,0.356862745098039,0.694117647058824,0.803921568627451
159.66237425804138,0.0,0.14598561288085224,0.03,1,1,1,0.0,0.3333333333333333,0.12150000000000001,-1,-1,-1,1.0,1.0,-1.0,0.0,-0.3333333333333333,0.10935000000000002,-1,-1,-1,0.356862745098039,0.694117647058824,0.803921568627451
159.69689965248108,0.0,0.149352504758612,0.03,1,1,1,0.0,0.3333333333333333,0.12150000000000001,-1,-1,-1,1.0,1.0,-1.0,0.0,-0.3333333333333333,0.10935000000000002,-1,-1,-1,0.356862745098039,0.694117647058824,0.803921568627451
159.73197174072266,0.0,0.15271939663637177,0.03,1,1,1,0.0,0.3333333333333333,0.12150000000000001,-1,-1,-1,1.0,1.0,-1.0,0.0,-0.3333333333333333,0.10935000000000002,-1,-1,-1,0.356862745098039,0.694117647058824,0.803921568627451
159.76673102378845,0.0,0.15608628851413153,0.03,1,1,1,0.0,0.3333333333333333,0.12150000000000001,-1,-1,-1,1.0,1.0,-1.0,0.0,-0.3333333333333333,0.10935000000000002,-1,-1,-1,0.356862745098039,0.694117647058824,0.803921568627451
159.80207872390747,0.0,0.1594531803918913,0.03,1,1,1,0.0,0.3333333333333333,0.12150000000000001,-1,-1,-1,1.0,1.0,-1.0,0.0,-0.3333333333333333,0.10935000000000002,-1,-1,-1,0.356862745098039,0.694117647058824,0.803921568627451
159.8361792564392,0.0,0.16282007226965106,0.03,1,1,1,0.0,0.3333333333333333,0.12150000000000001,-1,-1,-1,1.0,1.0,-1.0,0.0,-0.3333333333333333,0.10935000000000002,-1,-1,-1,0.356862745098039,0.694117647058824,0.803921568627451
159.87105560302734,0.0,0.16618696414741083,0.03,1,1,1,0.0,0.3333333333333333,0.12150000000000001,-1,-1,-1,1.0,1.0,-1.0,0.0,-0.3333333333333333,0.10935000000000002,-1,-1,-1,0.356862745098039,0.694117647058824,0.803921568627451
159.90563011169434,0.0,0.1695538560251706,0.03,1,1,1,0.0,0.3333333333333333,0.12150000000000001,-1,-1,-1,1.0,1.0,-1.0,0.0,-0.3333333333333333,0.10935000000000002,-1,-1,-1,0.356862745098039,0.694117647058824,0.803921568627451
159.94067215919495,0.0,0.1710978497584256,0.03,1,1,1,0.0,0.3333333333333333,0.12150000000000001,-1,-1,-1,1.0,1.0,-1.0,0.0,-0.3333333333333333,0.10935000000000002,-1,-1,-1,0.356862745098039,0.694117647058824,0.803921568627451
159.97506070137024,0.0,0.1721861189555544,0.03,1,1,1,0.0,0.3333333333333333,0.12150000000000001,-1,-1,-1,1.0,1.0,-1.0,0.0,-0.3333333333333333,0.10935000000000002,-1,-1,-1,0.356862745098039,0.694117647058824,0.803921568627451
160.00987553596497,0.0,0.17327438815268323,0.03,1,1,1,0.0,0.3333333333333333,0.12150000000000001,-1,-1,-1,1.0,1.0,-1.0,0.0,-0.3333333333333333,0.10935000000000002,-1,-1,-1,0.356862745098039,0.694117647058824,0.803921568627451
160.04527926445007,0.0,0.17436265734981204,0.03,1,1,1,0.0,0.3333333333333333,0.12150000000000001,-1,-1,-1,1.0,1.0,-1.0,0.0,-0.3333333333333333,0.10935000000000002,-1,-1,-1,0.356862745098039,0.694117647058824,0.803921568627451
160.07913303375244,0.0,0.17545092654694086,0.03,1,1,1,0.0,0.3333333333333333,0.12150000000000001,-1,-1,-1,1.0,1.0,-1.0,0.0,-0.3333333333333333,0.10935000000000002,-1,-1,-1,0.356862745098039,0.694117647058824,0.803921568627451
160.11373496055603,0.0,0.17653919574406968,0.03,1,1,1,0.0,0.3333333333333333,0.12150000000000001,-1,-1,-1,1.0,1.0,-1.0,0.0,-0.3333333333333333,0.10935000000000002,-1,-1,-1,0.356862745098039,0.694117647058824,0.803921568627451
160.14847779273987,0.0,0.1776274649411985,0.03,1,1,1,0.0,0.3333333333333333,0.12150000000000001,-1,-1,-1,1.0,1.0,-1.0,0.0,-0.3333333333333333,0.10935000000000002,-1,-1,-1,0.356862745098039,0.694117647058824,0.803921568627451
160.1829514503479,0.0,0.1787157341383273,0.03,1,1,1,0.0,0.3333333333333333,0.12150000000000001,-1,-1,-1,1.0,1.0,-1.0,0.0,-0.3333333333333333,0.10935000000000002,-1,-1,-1,0.356862745098039,0.694117647058824,0.803921568627451
160.21789073944092,0.0,0.17980400333545613,0.03,1,1,1,0.0,0.3333333333333333,0.12150000000000001,-1,-1,-1,1.0,1.0,-1.0,0.0,-0.3333333333333333,0.10935000000000002,-1,-1,-1,0.356862745098039,0.694117647058824,0.803921568627451
160.25239253044128,0.0,0.18089227253258494,0.03,1,1,1,0.0,0.3333333333333333,0.12150000000000001,-1,-1,-1,1.0,1.0,-1.0,0.0,-0.3333333333333333,0.10935000000000002,-1,-1,-1,0.356862745098039,0.694117647058824,0.803921568627451
160.28719115257263,0.0,0.18198054172971376,0.03,1,1,1,0.0,0.3333333333333333,0.12150000000000001,-1,-1,-1,1.0,1.0,-1.0,0.0,-0.3333333333333333,0.10935000000000002,-1,-1,-1,0.356862745098039,0.694117647058824,0.803921568627451
160.32274627685547,0.0,0.18306881092684257,0.03,1,1,1,0.0,0.3333333333333333,0.12150000000000001,-1,-1,-1,1.0,1.0,-1.0,0.0,-0.3333333333333333,0.10935000000000002,-1,-1,-1,0.356862745098039,0.694117647058824,0.803921568627451
160.35669803619385,0.0,0.1841570801239714,0.03,1,1,1,0.0,0.3333333333333333,0.12150000000000001,-1,-1,-1,1.0,1.0,-1.0,0.0,-0.3333333333333333,0.10935000000000002,-1,-1,-1,0.356862745098039,0.694117647058824,0.803921568627451
160.39140629768372,0.0,0.1852453493211002,0.03,1,1,1,0.0,0.3333333333333333,0.12150000000000001,-1,-1,-1,1.0,1.0,-1.0,0.0,-0.3333333333333333,0.10935000000000002,-1,-1,-1,0.356862745098039,0.694117647058824,0.803921568627451
160.4261350631714,0.0,0.18633361851822902,0.03,1,1,1,0.0,0.3333333333333333,0.12150000000000001,-1,-1,-1,1.0,1.0,-1.0,0.0,-0.3333333333333333,0.10935000000000002,-1,-1,-1,0.356862745098039,0.694117647058824,0.803921568627451
160.46147561073303,0.0,0.18742188771535784,0.03,1,1,1,0.0,0.3333333333333333,0.12150000000000001,-1,-1,-1,1.0,1.0,-1.0,0.0,-0.3333333333333333,0.10935000000000002,-1,-1,-1,0.356862745098039,0.694117647058824,0.803921568627451
160.4954776763916,0.0,0.18851015691248665,0.03,1,1,1,0.0,0.3333333333333333,0.12150000000000001,-1,-1,-1,1.0,1.0,-1.0,0.0,-0.3333333333333333,0.10935000000000002,-1,-1,-1,0.356862745098039,0.694117647058824,0.803921568627451
160.5305140018463,0.0,0.18959842610961547,0.03,1,1,1,0.0,0.3333333333333333,0.12150000000000001,-1,-1,-1,1.0,1.0,-1.0,0.0,-0.3333333333333333,0.10935000000000002,-1,-1,-1,0.356862745098039,0.694117647058824,0.803921568627451
160.5649573802948,0.0,0.19068669530674429,0.03,1,1,1,0.0,0.3333333333333333,0.12150000000000001,-1,-1,-1,1.0,1.0,-1.0,0.0,-0.3333333333333333,0.10935000000000002,-1,-1,-1,0.356862745098039,0.694117647058824,0.803921568627451
160.59974575042725,0.0,0.1917749645038731,0.03,1,1,1,0.0,0.3333333333333333,0.12150000000000001,-1,-1,-1,1.0,1.0,-1.0,0.0,-0.3333333333333333,0.10935000000000002,-1,-1,-1,0.356862745098039,0.694117647058824,0.803921568627451
160.63480973243713,0.0,0.19286323370100192,0.03,1,1,1,0.0,0.3333333333333333,0.12150000000000001,-1,-1,-1,1.0,1.0,-1.0,0.0,-0.3333333333333333,0.10935000000000002,-1,-1,-1,0.356862745098039,0.694117647058824,0.803921568627451
160.66915273666382,0.0,0.19395150289813073,0.03,1,1,1,0.0,0.3333333333333333,0.12150000000000001,-1,-1,-1,1.0,1.0,-1.0,0.0,-0.3333333333333333,0.10935000000000002,-1,-1,-1,0.356862745098039,0.694117647058824,0.803921568627451
160.70388507843018,0.0,0.19503977209525955,0.03,1,1,1,0.0,0.3333333333333333,0.12150000000000001,-1,-1,-1,1.0,1.0,-1.0,0.0,-0.3333333333333333,0.10935000000000002,-1,-1,-1,0.356862745098039,0.694117647058824,0.803921568627451
160.7389452457428,0.0,0.19612804129238837,0.03,1,1,1,0.0,0.3333333333333333,0.12150000000000001,-1,-1,-1,1.0,1.0,-1.0,0.0,-0.3333333333333333,0.10935000000000002,-1,-1,-1,0.356862745098039,0.694117647058824,0.803921568627451
160.773540019989,0.0,0.19721631048951718,0.03,1,1,1,0.0,0.3333333333333333,0.12150000000000001,-1,-1,-1,1.0,1.0,-1.0,0.0,-0.3333333333333333,0.10935000000000002,-1,-1,-1,0.356862745098039,0.694117647058824,0.803921568627451
160.80905055999756,0.0,0.198304579686646,0.03,1,1,1,0.0,0.3333333333333333,0.12150000000000001,-1,-1,-1,1.0,1.0,-1.0,0.0,-0.3333333333333333,0.10935000000000002,-1,-1,-1,0.356862745098039,0.694117647058824,0.803921568627451
160.84274554252625,0.0,0.19939284888377481,0.03,1,1,1,0.0,0.3333333333333333,0.12150000000000001,-1,-1,-1,1.0,1.0,-1.0,0.0,-0.3333333333333333,0.10935000000000002,-1,-1,-1,0.356862745098039,0.694117647058824,0.803921568627451
160.87761998176575,0.0,0.20048111808090363,0.03,1,1,1,0.0,0.3333333333333333,0.12150000000000001,-1,-1,-1,1.0,1.0,-1.0,0.0,-0.3333333333333333,0.10935000000000002,-1,-1,-1,0.356862745098039,0.694117647058824,0.803921568627451
160.91212153434753,0.0,0.20156938727803245,0.03,1,1,1,0.0,0.3333333333333333,0.12150000000000001,-1,-1,-1,1.0,1.0,-1.0,0.0,-0.3333333333333333,0.10935000000000002,-1,-1,-1,0.356862745098039,0.694117647058824,0.803921568627451
160.94687485694885,0.0,0.20265765647516126,0.03,1,1,1,0.0,0.3333333333333333,0.12150000000000001,-1,-1,-1,1.0,1.0,-1.0,0.0,-0.3333333333333333,0.10935000000000002,-1,-1,-1,0.356862745098039,0.694117647058824,0.803921568627451
160.9819324016571,0.0,0.20374592567229008,0.03,1,1,1,0.0,0.3333333333333333,0.12150000000000001,-1,-1,-1,1.0,1.0,-1.0,0.0,-0.3333333333333333,0.10935000000000002,-1,-1,-1,0.356862745098039,0.694117647058824,0.803921568627451
161.0167751312256,0.0,0.2048341948694189,0.03,1,1,1,0.0,0.3333333333333333,0.12150000000000001,-1,-1,-1,1.0,1.0,-1.0,0.0,-0.3333333333333333,0.10935000000000002,-1,-1,-1,0.356862745098039,0.694117647058824,0.803921568627451
161.05150747299194,0.0,0.2059224640665477,0.03,1,1,1,0.0,0.3333333333333333,0.12150000000000001,-1,-1,-1,1.0,1.0,-1.0,0.0,-0.3333333333333333,0.10935000000000002,-1,-1,-1,0.356862745098039,0.694117647058824,0.803921568627451
161.08664870262146,0.0,0.20701073326367653,0.03,1,1,1,0.0,0.3333333333333333,0.12150000000000001,-1,-1,-1,1.0,1.0,-1.0,0.0,-0.3333333333333333,0.10935000000000002,-1,-1,-1,0.356862745098039,0.694117647058824,0.803921568627451
161.12188339233398,0.0,0.20765971694667398,0.03,1,1,1,0.0,0.3333333333333333,0.12150000000000001,-1,-1,-1,1.0,1.0,-1.0,0.0,-0.3333333333333333,0.10935000000000002,-1,-1,-1,0.356862745098039,0.694117647058824,0.803921568627451
161.1558449268341,0.0,0.206551558573146,0.03,1,1,1,0.0,0.3333333333333333,0.12150000000000001,-1,-1,-1,1.0,1.0,-1.0,0.0,-0.3333333333333333,0.10935000000000002,-1,-1,-1,0.356862745098039,0.694117647058824,0.803921568627451
161.190744638443,0.0,0.20544340019961801,0.03,1,1,1,0.0,0.3333333333333333,0.12150000000000001,-1,-1,-1,1.0,1.0,-1.0,0.0,-0.3333333333333333,0.10935000000000002,-1,-1,-1,0.356862745098039,0.694117647058824,0.803921568627451
161.22539067268372,0.0,0.20433524182609003,0.03,1,1,1,0.0,0.3333333333333333,0.12150000000000001,-1,-1,-1,1.0,1.0,-1.0,0.0,-0.3333333333333333,0.10935000000000002,-1,-1,-1,0.356862745098039,0.694117647058824,0.803921568627451
161.26020503044128,0.0,0.20322708345256205,0.03,1,1,1,0.0,0.3333333333333333,0.12150000000000001,-1,-1,-1,1.0,1.0,-1.0,0.0,-0.3333333333333333,0.10935000000000002,-1,-1,-1,0.356862745098039,0.694117647058824,0.803921568627451
161.29497528076172,0.0,0.20211892507903406,0.03,1,1,1,0.0,0.3333333333333333,0.12150000000000001,-1,-1,-1,1.0,1.0,-1.0,0.0,-0.3333333333333333,0.10935000000000002,-1,-1,-1,0.356862745098039,0.694117647058824,0.803921568627451
161.3297131061554,0.0,0.20101076670550608,0.03,1,1,1,0.0,0.3333333333333333,0.12150000000000001,-1,-1,-1,1.0,1.0,-1.0,0.0,-0.3333333333333333,0.10935000000000002,-1,-1,-1,0.356862745098039,0.694117647058824,0.803921568627451
161.36421489715576,0.0,0.1999026083319781,0.03,1,1,1,0.0,0.3333333333333333,0.12150000000000001,-1,-1,-1,1.0,1.0,-1.0,0.0,-0.3333333333333333,0.10935000000000002,-1,-1,-1,0.356862745098039,0.694117647058824,0.803921568627451
161.39914655685425,0.0,0.1987944499584501,0.03,1,1,1,0.0,0.3333333333333333,0.12150000000000001,-1,-1,-1,1.0,1.0,-1.0,0.0,-0.3333333333333333,0.10935000000000002,-1,-1,-1,0.356862745098039,0.694117647058824,0.803921568627451
161.4341492652893,0.0,0.19768629158492212,0.03,1,1,1,0.0,0.3333333333333333,0.12150000000000001,-1,-1,-1,1.0,1.0,-1.0,0.0,-0.3333333333333333,0.10935000000000002,-1,-1,-1,0.356862745098039,0.694117647058824,0.803921568627451
161.4685411453247,0.0,0.19657813321139414,0.03,1,1,1,0.0,0.3333333333333333,0.12150000000000001,-1,-1,-1,1.0,1.0,-1.0,0.0,-0.3333333333333333,0.10935000000000002,-1,-1,-1,0.356862745098039,0.694117647058824,0.803921568627451
161.5032558441162,0.0,0.19546997483786616,0.03,1,1,1,0.0,0.3333333333333333,0.12150000000000001,-1,-1,-1,1.0,1.0,-1.0,0.0,-0.3333333333333333,0.10935000000000002,-1,-1,-1,0.356862745098039,0.694117647058824,0.803921568627451
161.53823685646057,0.0,0.19436181646433817,0.03,1,1,1,0.0,0.3333333333333333,0.12150000000000001,-1,-1,-1,1.0,1.0,-1.0,0.0,-0.3333333333333333,0.10935000000000002,-1,-1,-1,0.356862745098039,0.694117647058824,0.803921568627451
161.5725975036621,0.0,0.1932536580908102,0.03,1,1,1,0.0,0.3333333333333333,0.12150000000000001,-1,-1,-1,1.0,1.0,-1.0,0.0,-0.3333333333333333,0.10935000000000002,-1,-1,-1,0.356862745098039,0.694117647058824,0.803921568627451
161.60744047164917,0.0,0.1921454997172822,0.03,1,1,1,0.0,0.3333333333333333,0.12150000000000001,-1,-1,-1,1.0,1.0,-1.0,0.0,-0.3333333333333333,0.10935000000000002,-1,-1,-1,0.356862745098039,0.694117647058824,0.803921568627451
161.6421811580658,0.0,0.19103734134375422,0.03,1,1,1,0.0,0.3333333333333333,0.12150000000000001,-1,-1,-1,1.0,1.0,-1.0,0.0,-0.3333333333333333,0.10935000000000002,-1,-1,-1,0.356862745098039,0.694117647058824,0.803921568627451
161.67675065994263,0.0,0.18992918297022623,0.03,1,1,1,0.0,0.3333333333333333,0.12150000000000001,-1,-1,-1,1.0,1.0,-1.0,0.0,-0.3333333333333333,0.10935000000000002,-1,-1,-1,0.356862745098039,0.694117647058824,0.803921568627451
161.7111361026764,0.0,0.18882102459669825,0.03,1,1,1,0.0,0.3333333333333333,0.12150000000000001,-1,-1,-1,1.0,1.0,-1.0,0.0,-0.3333333333333333,0.10935000000000002,-1,-1,-1,0.356862745098039,0.694117647058824,0.803921568627451
161.74584770202637,0.0,0.18771286622317027,0.03,1,1,1,0.0,0.3333333333333333,0.12150000000000001,-1,-1,-1,1.0,1.0,-1.0,0.0,-0.3333333333333333,0.10935000000000002,-1,-1,-1,0.356862745098039,0.694117647058824,0.803921568627451
161.78067469596863,0.0,0.18660470784964228,0.03,1,1,1,0.0,0.3333333333333333,0.12150000000000001,-1,-1,-1,1.0,1.0,-1.0,0.0,-0.3333333333333333,0.10935000000000002,-1,-1,-1,0.356862745098039,0.694117647058824,0.803921568627451
161.81574177742004,0.0,0.1854965494761143,0.03,1,1,1,0.0,0.3333333333333333,0.12150000000000001,-1,-1,-1,1.0,1.0,-1.0,0.0,-0.3333333333333333,0.10935000000000002,-1,-1,-1,0.356862745098039,0.694117647058824,0.803921568627451
161.84947800636292,0.0,0.1843883911025863,0.03,1,1,1,0.0,0.3333333333333333,0.12150000000000001,-1,-1,-1,1.0,1.0,-1.0,0.0,-0.3333333333333333,0.10935000000000002,-1,-1,-1,0.356862745098039,0.694117647058824,0.803921568627451
161.8848214149475,0.0,0.18328023272905833,0.03,1,1,1,0.0,0.3333333333333333,0.12150000000000001,-1,-1,-1,1.0,1.0,-1.0,0.0,-0.3333333333333333,0.10935000000000002,-1,-1,-1,0.356862745098039,0.694117647058824,0.803921568627451
161.9195854663849,0.0,0.18217207435553034,0.03,1,1,1,0.0,0.3333333333333333,0.12150000000000001,-1,-1,-1,1.0,1.0,-1.0,0.0,-0.3333333333333333,0.10935000000000002,-1,-1,-1,0.356862745098039,0.694117647058824,0.803921568627451
161.95372939109802,0.0,0.18106391598200236,0.03,1,1,1,0.0,0.3333333333333333,0.12150000000000001,-1,-1,-1,1.0,1.0,-1.0,0.0,-0.3333333333333333,0.10935000000000002,-1,-1,-1,0.356862745098039,0.694117647058824,0.803921568627451
161.98906135559082,0.0,0.17995575760847438,0.03,1,1,1,0.0,0.3333333333333333,0.12150000000000001,-1,-1,-1,1.0,1.0,-1.0,0.0,-0.3333333333333333,0.10935000000000002,-1,-1,-1,0.356862745098039,0.694117647058824,0.803921568627451
162.02388262748718,0.0,0.1788475992349464,0.03,1,1,1,0.0,0.3333333333333333,0.12150000000000001,-1,-1,-1,1.0,1.0,-1.0,0.0,-0.3333333333333333,0.10935000000000002,-1,-1,-1,0.356862745098039,0.694117647058824,0.803921568627451
162.05786418914795,0.0,0.1777394408614184,0.03,1,1,1,0.0,0.3333333333333333,0.12150000000000001,-1,-1,-1,1.0,1.0,-1.0,0.0,-0.3333333333333333,0.10935000000000002,-1,-1,-1,0.356862745098039,0.694117647058824,0.803921568627451
162.0925555229187,0.0,0.17663128248789042,0.03,1,1,1,0.0,0.3333333333333333,0.12150000000000001,-1,-1,-1,1.0,1.0,-1.0,0.0,-0.3333333333333333,0.10935000000000002,-1,-1,-1,0.356862745098039,0.694117647058824,0.803921568627451
162.12833213806152,0.0,0.17552312411436244,0.03,1,1,1,0.0,0.3333333333333333,0.12150000000000001,-1,-1,-1,1.0,1.0,-1.0,0.0,-0.3333333333333333,0.10935000000000002,-1,-1,-1,0.356862745098039,0.694117647058824,0.803921568627451
162.16239953041077,0.0,0.17441496574083445,0.03,1,1,1,0.0,0.3333333333333333,0.12150000000000001,-1,-1,-1,1.0,1.0,-1.0,0.0,-0.3333333333333333,0.10935000000000002,-1,-1,-1,0.356862745098039,0.694117647058824,0.803921568627451
162.19727754592896,0.0,0.17330680736730647,0.03,1,1,1,0.0,0.3333333333333333,0.12150000000000001,-1,-1,-1,1.0,1.0,-1.0,0.0,-0.3333333333333333,0.10935000000000002,-1,-1,-1,0.356862745098039,0.694117647058824,0.803921568627451
162.23192691802979,0.0,0.17219864899377849,0.03,1,1,1,0.0,0.3333333333333333,0.12150000000000001,-1,-1,-1,1.0,1.0,-1.0,0.0,-0.3333333333333333,0.10935000000000002,-1,-1,-1,0.356862745098039,0.694117647058824,0.803921568627451
162.26671433448792,0.0,0.1710904906202505,0.03,1,1,1,0.0,0.3333333333333333,0.12150000000000001,-1,-1,-1,1.0,1.0,-1.0,0.0,-0.3333333333333333,0.10935000000000002,-1,-1,-1,0.356862745098039,0.694117647058824,0.803921568627451
162.3018445968628,0.0,0.16998233224672252,0.03,1,1,1,0.0,0.3333333333333333,0.12150000000000001,-1,-1,-1,1.0,1.0,-1.0,0.0,-0.3333333333333333,0.10935000000000002,-1,-1,-1,0.356862745098039,0.694117647058824,0.803921568627451
162.33624172210693,0.0,0.1693333037662707,0.03,1,1,1,0.0,0.3333333333333333,0.12150000000000001,-1,-1,-1,1.0,1.0,-1.0,0.0,-0.3333333333333333,0.10935000000000002,-1,-1,-1,0.356862745098039,0.694117647058824,0.803921568627451
162.37103128433228,0.0,0.168990361881203,0.03,1,1,1,0.0,0.3333333333333333,0.12150000000000001,-1,-1,-1,1.0,1.0,-1.0,0.0,-0.3333333333333333,0.10935000000000002,-1,-1,-1,0.356862745098039,0.694117647058824,0.803921568627451
162.4051070213318,0.0,0.1686474199961353,0.03,1,1,1,0.0,0.3333333333333333,0.12150000000000001,-1,-1,-1,1.0,1.0,-1.0,0.0,-0.3333333333333333,0.10935000000000002,-1,-1,-1,0.356862745098039,0.694117647058824,0.803921568627451
162.44081354141235,0.0,0.1683044781110676,0.03,1,1,1,0.0,0.3333333333333333,0.12150000000000001,-1,-1,-1,1.0,1.0,-1.0,0.0,-0.3333333333333333,0.10935000000000002,-1,-1,-1,0.356862745098039,0.694117647058824,0.803921568627451
162.47489094734192,0.0,0.1679615362259999,0.03,1,1,1,0.0,0.3333333333333333,0.12150000000000001,-1,-1,-1,1.0,1.0,-1.0,0.0,-0.3333333333333333,0.10935000000000002,-1,-1,-1,0.356862745098039,0.694117647058824,0.803921568627451
162.50969338417053,0.0,0.1676185943409322,0.03,1,1,1,0.0,0.3333333333333333,0.12150000000000001,-1,-1,-1,1.0,1.0,-1.0,0.0,-0.3333333333333333,0.10935000000000002,-1,-1,-1,0.356862745098039,0.694117647058824,0.803921568627451
162.54489731788635,0.0,0.1672756524558645,0.03,1,1,1,0.0,0.3333333333333333,0.12150000000000001,-1,-1,-1,1.0,1.0,-1.0,0.0,-0.3333333333333333,0.10935000000000002,-1,-1,-1,0.356862745098039,0.694117647058824,0.803921568627451
162.57921147346497,0.0,0.1669327105707968,0.03,1,1,1,0.0,0.3333333333333333,0.12150000000000001,-1,-1,-1,1.0,1.0,-1.0,0.0,-0.3333333333333333,0.10935000000000002,-1,-1,-1,0.356862745098039,0.694117647058824,0.803921568627451
162.61400866508484,0.0,0.1665897686857291,0.03,1,1,1,0.0,0.3333333333333333,0.12150000000000001,-1,-1,-1,1.0,1.0,-1.0,0.0,-0.3333333333333333,0.10935000000000002,-1,-1,-1,0.356862745098039,0.694117647058824,0.803921568627451
162.64836287498474,0.0,0.1662468268006614,0.03,1,1,1,0.0,0.3333333333333333,0.12150000000000001,-1,-1,-1,1.0,1.0,-1.0,0.0,-0.3333333333333333,0.10935000000000002,-1,-1,-1,0.356862745098039,0.694117647058824,0.803921568627451
162.68353295326233,0.0,0.1659038849155937,0.03,1,1,1,0.0,0.3333333333333333,0.12150000000000001,-1,-1,-1,1.0,1.0,-1.0,0.0,-0.3333333333333333,0.10935000000000002,-1,-1,-1,0.356862745098039,0.694117647058824,0.803921568627451
162.7179114818573,0.0,0.16556094303052601,0.03,1,1,1,0.0,0.3333333333333333,0.12150000000000001,-1,-1,-1,1.0,1.0,-1.0,0.0,-0.3333333333333333,0.10935000000000002,-1,-1,-1,0.356862745098039,0.694117647058824,0.803921568627451
162.7530336380005,0.0,0.16521800114545832,0.03,1,1,1,0.0,0.3333333333333333,0.12150000000000001,-1,-1,-1,1.0,1.0,-1.0,0.0,-0.3333333333333333,0.10935000000000002,-1,-1,-1,0.356862745098039,0.694117647058824,0.803921568627451
162.78765964508057,0.0,0.16487505926039062,0.03,1,1,1,0.0,0.3333333333333333,0.12150000000000001,-1,-1,-1,1.0,1.0,-1.0,0.0,-0.3333333333333333,0.10935000000000002,-1,-1,-1,0.356862745098039,0.694117647058824,0.803921568627451
162.82196354866028,0.0,0.16453211737532292,0.03,1,1,1,0.0,0.3333333333333333,0.12150000000000001,-1,-1,-1,1.0,1.0,-1.0,0.0,-0.3333333333333333,0.10935000000000002,-1,-1,-1,0.356862745098039,0.694117647058824,0.803921568627451
162.85653591156006,0.0,0.16418917549025522,0.03,1,1,1,0.0,0.3333333333333333,0.12150000000000001,-1,-1,-1,1.0,1.0,-1.0,0.0,-0.3333333333333333,0.10935000000000002,-1,-1,-1,0.356862745098039,0.694117647058824,0.803921568627451
162.89159774780273,0.0,0.16384623360518752,0.03,1,1,1,0.0,0.3333333333333333,0.12150000000000001,-1,-1,-1,1.0,1.0,-1.0,0.0,-0.3333333333333333,0.10935000000000002,-1,-1,-1,0.356862745098039,0.694117647058824,0.803921568627451
162.92686581611633,0.0,0.16350329172011982,0.03,1,1,1,0.0,0.3333333333333333,0.12150000000000001,-1,-1,-1,1.0,1.0,-1.0,0.0,-0.3333333333333333,0.10935000000000002,-1,-1,-1,0.356862745098039,0.694117647058824,0.803921568627451
162.96075892448425,0.0,0.16316034983505212,0.03,1,1,1,0.0,0.3333333333333333,0.12150000000000001,-1,-1,-1,1.0,1.0,-1.0,0.0,-0.3333333333333333,0.10935000000000002,-1,-1,-1,0.356862745098039,0.694117647058824,0.803921568627451
162.99556398391724,0.0,0.16281740794998442,0.03,1,1,1,0.0,0.3333333333333333,0.12150000000000001,-1,-1,-1,1.0,1.0,-1.0,0.0,-0.3333333333333333,0.10935000000000002,-1,-1,-1,0.356862745098039,0.694117647058824,0.803921568627451
163.0304799079895,0.0,0.16247446606491672,0.03,1,1,1,0.0,0.3333333333333333,0.12150000000000001,-1,-1,-1,1.0,1.0,-1.0,0.0,-0.3333333333333333,0.10935000000000002,-1,-1,-1,0.356862745098039,0.694117647058824,0.803921568627451
163.0657262802124,0.0,0.16213152417984902,0.03,1,1,1,0.0,0.3333333333333333,0.12150000000000001,-1,-1,-1,1.0,1.0,-1.0,0.0,-0.3333333333333333,0.10935000000000002,-1,-1,-1,0.356862745098039,0.694117647058824,0.803921568627451
163.09987473487854,0.0,0.16178858229478132,0.03,1,1,1,0.0,0.3333333333333333,0.12150000000000001,-1,-1,-1,1.0,1.0,-1.0,0.0,-0.3333333333333333,0.10935000000000002,-1,-1,-1,0.356862745098039,0.694117647058824,0.803921568627451
163.1344277858734,0.0,0.16144564040971363,0.03,1,1,1,0.0,0.3333333333333333,0.12150000000000001,-1,-1,-1,1.0,1.0,-1.0,0.0,-0.3333333333333333,0.10935000000000002,-1,-1,-1,0.356862745098039,0.694117647058824,0.803921568627451
163.1694996356964,0.0,0.16110269852464593,0.03,1,1,1,0.0,0.3333333333333333,0.12150000000000001,-1,-1,-1,1.0,1.0,-1.0,0.0,-0.3333333333333333,0.10935000000000002,-1,-1,-1,0.356862745098039,0.694117647058824,0.803921568627451
163.203937292099,0.0,0.16075975663957823,0.03,1,1,1,0.0,0.3333333333333333,0.12150000000000001,-1,-1,-1,1.0,1.0,-1.0,0.0,-0.3333333333333333,0.10935000000000002,-1,-1,-1,0.356862745098039,0.694117647058824,0.803921568627451
163.23875880241394,0.0,0.16041681475451053,0.03,1,1,1,0.0,0.3333333333333333,0.12150000000000001,-1,-1,-1,1.0,1.0,-1.0,0.0,-0.3333333333333333,0.10935000000000002,-1,-1,-1,0.356862745098039,0.694117647058824,0.803921568627451
163.27383852005005,0.0,0.16007387286944283,0.03,1,1,1,0.0,0.3333333333333333,0.12150000000000001,-1,-1,-1,1.0,1.0,-1.0,0.0,-0.3333333333333333,0.10935000000000002,-1,-1,-1,0.356862745098039,0.694117647058824,0.803921568627451
163.30850052833557,0.0,0.15973093098437513,0.03,1,1,1,0.0,0.3333333333333333,0.12150000000000001,-1,-1,-1,1.0,1.0,-1.0,0.0,-0.3333333333333333,0.10935000000000002,-1,-1,-1,0.356862745098039,0.694117647058824,0.803921568627451
163.34318780899048,0.0,0.15938798909930743,0.03,1,1,1,0.0,0.3333333333333333,0.12150000000000001,-1,-1,-1,1.0,1.0,-1.0,0.0,-0.3333333333333333,0.10935000000000002,-1,-1,-1,0.356862745098039,0.694117647058824,0.803921568627451
163.3783040046692,0.0,0.15904504721423973,0.03,1,1,1,0.0,0.3333333333333333,0.12150000000000001,-1,-1,-1,1.0,1.0,-1.0,0.0,-0.3333333333333333,0.10935000000000002,-1,-1,-1,0.356862745098039,0.694117647058824,0.803921568627451
163.41262674331665,0.0,0.15870210532917203,0.03,1,1,1,0.0,0.3333333333333333,0.12150000000000001,-1,-1,-1,1.0,1.0,-1.0,0.0,-0.3333333333333333,0.10935000000000002,-1,-1,-1,0.356862745098039,0.694117647058824,0.803921568627451
163.4471151828766,0.0,0.15835916344410433,0.03,1,1,1,0.0,0.3333333333333333,0.12150000000000001,-1,-1,-1,1.0,1.0,-1.0,0.0,-0.3333333333333333,0.10935000000000002,-1,-1,-1,0.356862745098039,0.694117647058824,0.803921568627451
163.48269391059875,0.0,0.15801622155903663,0.03,1,1,1,0.0,0.3333333333333333,0.12150000000000001,-1,-1,-1,1.0,1.0,-1.0,0.0,-0.3333333333333333,0.10935000000000002,-1,-1,-1,0.356862745098039,0.694117647058824,0.803921568627451
163.5166530609131,0.0,0.15767327967396894,0.03,1,1,1,0.0,0.3333333333333333,0.12150000000000001,-1,-1,-1,1.0,1.0,-1.0,0.0,-0.3333333333333333,0.10935000000000002,-1,-1,-1,0.356862745098039,0.694117647058824,0.803921568627451
163.55175518989563,0.0,0.15956555451477114,0.03,1,1,1,0.0,0.3333333333333333,0.12150000000000001,-1,-1,-1,1.0,1.0,-1.0,0.0,-0.3333333333333333,0.10935000000000002,-1,-1,-1,0.356862745098039,0.694117647058824,0.803921568627451
163.58603405952454,0.0,0.16145782935557335,0.03,1,1,1,0.0,0.3333333333333333,0.12150000000000001,-1,-1,-1,1.0,1.0,-1.0,0.0,-0.3333333333333333,0.10935000000000002,-1,-1,-1,0.356862745098039,0.694117647058824,0.803921568627451
163.6206727027893,0.0,0.16335010419637555,0.03,1,1,1,0.0,0.3333333333333333,0.12150000000000001,-1,-1,-1,1.0,1.0,-1.0,0.0,-0.3333333333333333,0.10935000000000002,-1,-1,-1,0.356862745098039,0.694117647058824,0.803921568627451
163.65593814849854,0.0,0.16524237903717776,0.03,1,1,1,0.0,0.3333333333333333,0.12150000000000001,-1,-1,-1,1.0,1.0,-1.0,0.0,-0.3333333333333333,0.10935000000000002,-1,-1,-1,0.356862745098039,0.694117647058824,0.803921568627451
163.6904718875885,0.0,0.16713465387797996,0.03,1,1,1,0.0,0.3333333333333333,0.12150000000000001,-1,-1,-1,1.0,1.0,-1.0,0.0,-0.3333333333333333,0.10935000000000002,-1,-1,-1,0.356862745098039,0.694117647058824,0.803921568627451
163.72472882270813,0.0,0.16902692871878217,0.03,1,1,1,0.0,0.3333333333333333,0.12150000000000001,-1,-1,-1,1.0,1.0,-1.0,0.0,-0.3333333333333333,0.10935000000000002,-1,-1,-1,0.356862745098039,0.694117647058824,0.803921568627451
163.75955295562744,0.0,0.17091920355958437,0.03,1,1,1,0.0,0.3333333333333333,0.12150000000000001,-1,-1,-1,1.0,1.0,-1.0,0.0,-0.3333333333333333,0.10935000000000002,-1,-1,-1,0.356862745098039,0.694117647058824,0.803921568627451
163.7947587966919,0.0,0.17281147840038658,0.03,1,1,1,0.0,0.3333333333333333,0.12150000000000001,-1,-1,-1,1.0,1.0,-1.0,0.0,-0.3333333333333333,0.10935000000000002,-1,-1,-1,0.356862745098039,0.694117647058824,0.803921568627451
163.82915568351746,0.0,0.17470375324118878,0.03,1,1,1,0.0,0.3333333333333333,0.12150000000000001,-1,-1,-1,1.0,1.0,-1.0,0.0,-0.3333333333333333,0.10935000000000002,-1,-1,-1,0.356862745098039,0.694117647058824,0.803921568627451
163.86395812034607,0.0,0.17659602808199099,0.03,1,1,1,0.0,0.3333333333333333,0.12150000000000001,-1,-1,-1,1.0,1.0,-1.0,0.0,-0.3333333333333333,0.10935000000000002,-1,-1,-1,0.356862745098039,0.694117647058824,0.803921568627451
163.89863300323486,0.0,0.1784883029227932,0.03,1,1,1,0.0,0.3333333333333333,0.12150000000000001,-1,-1,-1,1.0,1.0,-1.0,0.0,-0.3333333333333333,0.10935000000000002,-1,-1,-1,0.356862745098039,0.694117647058824,0.803921568627451
163.93359541893005,0.0,0.1803805777635954,0.03,1,1,1,0.0,0.3333333333333333,0.12150000000000001,-1,-1,-1,1.0,1.0,-1.0,0.0,-0.3333333333333333,0.10935000000000002,-1,-1,-1,0.356862745098039,0.694117647058824,0.803921568627451
163.96800351142883,0.0,0.1822728526043976,0.03,1,1,1,0.0,0.3333333333333333,0.12150000000000001,-1,-1,-1,1.0,1.0,-1.0,0.0,-0.3333333333333333,0.10935000000000002,-1,-1,-1,0.356862745098039,0.694117647058824,0.803921568627451
164.00257635116577,0.0,0.1841651274451998,0.03,1,1,1,0.0,0.3333333333333333,0.12150000000000001,-1,-1,-1,1.0,1.0,-1.0,0.0,-0.3333333333333333,0.10935000000000002,-1,-1,-1,0.356862745098039,0.694117647058824,0.803921568627451
164.03774642944336,0.0,0.186057402286002,0.03,1,1,1,0.0,0.3333333333333333,0.12150000000000001,-1,-1,-1,1.0,1.0,-1.0,0.0,-0.3333333333333333,0.10935000000000002,-1,-1,-1,0.356862745098039,0.694117647058824,0.803921568627451
164.0722312927246,0.0,0.18794967712680422,0.03,1,1,1,0.0,0.3333333333333333,0.12150000000000001,-1,-1,-1,1.0,1.0,-1.0,0.0,-0.3333333333333333,0.10935000000000002,-1,-1,-1,0.356862745098039,0.694117647058824,0.803921568627451
164.10684251785278,0.0,0.18984195196760642,0.03,1,1,1,0.0,0.3333333333333333,0.12150000000000001,-1,-1,-1,1.0,1.0,-1.0,0.0,-0.3333333333333333,0.10935000000000002,-1,-1,-1,0.356862745098039,0.694117647058824,0.803921568627451
164.14208221435547,0.0,0.19173422680840863,0.03,1,1,1,0.0,0.3333333333333333,0.12150000000000001,-1,-1,-1,1.0,1.0,-1.0,0.0,-0.3333333333333333,0.10935000000000002,-1,-1,-1,0.356862745098039,0.694117647058824,0.803921568627451
164.17679572105408,0.0,0.19362650164921083,0.03,1,1,1,0.0,0.3333333333333333,0.12150000000000001,-1,-1,-1,1.0,1.0,-1.0,0.0,-0.3333333333333333,0.10935000000000002,-1,-1,-1,0.356862745098039,0.694117647058824,0.803921568627451
164.2114589214325,0.0,0.19551877649001304,0.03,1,1,1,0.0,0.3333333333333333,0.12150000000000001,-1,-1,-1,1.0,1.0,-1.0,0.0,-0.3333333333333333,0.10935000000000002,-1,-1,-1,0.356862745098039,0.694117647058824,0.803921568627451
164.246262550354,0.0,0.19741105133081524,0.03,1,1,1,0.0,0.3333333333333333,0.12150000000000001,-1,-1,-1,1.0,1.0,-1.0,0.0,-0.3333333333333333,0.10935000000000002,-1,-1,-1,0.356862745098039,0.694117647058824,0.803921568627451
164.2803337574005,0.0,0.19930332617161745,0.03,1,1,1,0.0,0.3333333333333333,0.12150000000000001,-1,-1,-1,1.0,1.0,-1.0,0.0,-0.3333333333333333,0.10935000000000002,-1,-1,-1,0.356862745098039,0.694117647058824,0.803921568627451
164.3148729801178,0.0,0.20119560101241965,0.03,1,1,1,0.0,0.3333333333333333,0.12150000000000001,-1,-1,-1,1.0,1.0,-1.0,0.0,-0.3333333333333333,0.10935000000000002,-1,-1,-1,0.356862745098039,0.694117647058824,0.803921568627451
164.35005164146423,0.0,0.20308787585322186,0.03,1,1,1,0.0,0.3333333333333333,0.12150000000000001,-1,-1,-1,1.0,1.0,-1.0,0.0,-0.3333333333333333,0.10935000000000002,-1,-1,-1,0.356862745098039,0.694117647058824,0.803921568627451
164.38476133346558,0.0,0.20498015069402406,0.03,1,1,1,0.0,0.3333333333333333,0.12150000000000001,-1,-1,-1,1.0,1.0,-1.0,0.0,-0.3333333333333333,0.10935000000000002,-1,-1,-1,0.356862745098039,0.694117647058824,0.803921568627451
164.41928052902222,0.0,0.20687242553482627,0.03,1,1,1,0.0,0.3333333333333333,0.12150000000000001,-1,-1,-1,1.0,1.0,-1.0,0.0,-0.3333333333333333,0.10935000000000002,-1,-1,-1,0.356862745098039,0.694117647058824,0.803921568627451
164.45384430885315,0.0,0.20876470037562847,0.03,1,1,1,0.0,0.3333333333333333,0.12150000000000001,-1,-1,-1,1.0,1.0,-1.0,0.0,-0.3333333333333333,0.10935000000000002,-1,-1,-1,0.356862745098039,0.694117647058824,0.803921568627451
164.48950147628784,0.0,0.21065697521643068,0.03,1,1,1,0.0,0.3333333333333333,0.12150000000000001,-1,-1,-1,1.0,1.0,-1.0,0.0,-0.3333333333333333,0.10935000000000002,-1,-1,-1,0.356862745098039,0.694117647058824,0.803921568627451
164.52403664588928,0.0,0.21254925005723288,0.03,1,1,1,0.0,0.3333333333333333,0.12150000000000001,-1,-1,-1,1.0,1.0,-1.0,0.0,-0.3333333333333333,0.10935000000000002,-1,-1,-1,0.356862745098039,0.694117647058824,0.803921568627451
164.55862641334534,0.0,0.21444152489803509,0.03,1,1,1,0.0,0.3333333333333333,0.12150000000000001,-1,-1,-1,1.0,1.0,-1.0,0.0,-0.3333333333333333,0.10935000000000002,-1,-1,-1,0.356862745098039,0.694117647058824,0.803921568627451
164.59303307533264,0.0,0.2163337997388373,0.03,1,1,1,0.0,0.3333333333333333,0.12150000000000001,-1,-1,-1,1.0,1.0,-1.0,0.0,-0.3333333333333333,0.10935000000000002,-1,-1,-1,0.356862745098039,0.694117647058824,0.803921568627451
164.6281189918518,0.0,0.2182260745796395,0.03,1,1,1,0.0,0.3333333333333333,0.12150000000000001,-1,-1,-1,1.0,1.0,-1.0,0.0,-0.3333333333333333,0.10935000000000002,-1,-1,-1,0.356862745098039,0.694117647058824,0.803921568627451
164.6634612083435,0.0,0.2201183494204417,0.03,1,1,1,0.0,0.3333333333333333,0.12150000000000001,-1,-1,-1,1.0,1.0,-1.0,0.0,-0.3333333333333333,0.10935000000000002,-1,-1,-1,0.356862745098039,0.694117647058824,0.803921568627451
164.6976182460785,0.0,0.2220106242612439,0.03,1,1,1,0.0,0.3333333333333333,0.12150000000000001,-1,-1,-1,1.0,1.0,-1.0,0.0,-0.3333333333333333,0.10935000000000002,-1,-1,-1,0.356862745098039,0.694117647058824,0.803921568627451
164.7327172756195,0.0,0.22268498236840314,0.03,1,1,1,0.0,0.3333333333333333,0.12150000000000001,-1,-1,-1,1.0,1.0,-1.0,0.0,-0.3333333333333333,0.10935000000000002,-1,-1,-1,0.356862745098039,0.694117647058824,0.803921568627451
164.76736187934875,0.0,0.22153246537509794,0.03,1,1,1,0.0,0.3333333333333333,0.12150000000000001,-1,-1,-1,1.0,1.0,-1.0,0.0,-0.3333333333333333,0.10935000000000002,-1,-1,-1,0.356862745098039,0.694117647058824,0.803921568627451
164.80173540115356,0.0,0.22037994838179273,0.03,1,1,1,0.0,0.3333333333333333,0.12150000000000001,-1,-1,-1,1.0,1.0,-1.0,0.0,-0.3333333333333333,0.10935000000000002,-1,-1,-1,0.356862745098039,0.694117647058824,0.803921568627451
164.83643341064453,0.0,0.21922743138848752,0.03,1,1,1,0.0,0.3333333333333333,0.12150000000000001,-1,-1,-1,1.0,1.0,-1.0,0.0,-0.3333333333333333,0.10935000000000002,-1,-1,-1,0.356862745098039,0.694117647058824,0.803921568627451
164.87103462219238,0.0,0.2180749143951823,0.03,1,1,1,0.0,0.3333333333333333,0.12150000000000001,-1,-1,-1,1.0,1.0,-1.0,0.0,-0.3333333333333333,0.10935000000000002,-1,-1,-1,0.356862745098039,0.694117647058824,0.803921568627451
164.90580201148987,0.0,0.2169223974018771,0.03,1,1,1,0.0,0.3333333333333333,0.12150000000000001,-1,-1,-1,1.0,1.0,-1.0,0.0,-0.3333333333333333,0.10935000000000002,-1,-1,-1,0.356862745098039,0.694117647058824,0.803921568627451
164.9404845237732,0.0,0.2157698804085719,0.03,1,1,1,0.0,0.3333333333333333,0.12150000000000001,-1,-1,-1,1.0,1.0,-1.0,0.0,-0.3333333333333333,0.10935000000000002,-1,-1,-1,0.356862745098039,0.694117647058824,0.803921568627451
164.9751136302948,0.0,0.2146173634152667,0.03,1,1,1,0.0,0.3333333333333333,0.12150000000000001,-1,-1,-1,1.0,1.0,-1.0,0.0,-0.3333333333333333,0.10935000000000002,-1,-1,-1,0.356862745098039,0.694117647058824,0.803921568627451
165.0099380016327,0.0,0.21346484642196148,0.03,1,1,1,0.0,0.3333333333333333,0.12150000000000001,-1,-1,-1,1.0,1.0,-1.0,0.0,-0.3333333333333333,0.10935000000000002,-1,-1,-1,0.356862745098039,0.694117647058824,0.803921568627451
165.04486179351807,0.0,0.21231232942865627,0.03,1,1,1,0.0,0.3333333333333333,0.12150000000000001,-1,-1,-1,1.0,1.0,-1.0,0.0,-0.3333333333333333,0.10935000000000002,-1,-1,-1,0.356862745098039,0.694117647058824,0.803921568627451
165.07955360412598,0.0,0.21115981243535106,0.03,1,1,1,0.0,0.3333333333333333,0.12150000000000001,-1,-1,-1,1.0,1.0,-1.0,0.0,-0.3333333333333333,0.10935000000000002,-1,-1,-1,0.356862745098039,0.694117647058824,0.803921568627451
165.1138255596161,0.0,0.21000729544204585,0.03,1,1,1,0.0,0.3333333333333333,0.12150000000000001,-1,-1,-1,1.0,1.0,-1.0,0.0,-0.3333333333333333,0.10935000000000002,-1,-1,-1,0.356862745098039,0.694117647058824,0.803921568627451
165.14852809906006,0.0,0.20885477844874065,0.03,1,1,1,0.0,0.3333333333333333,0.12150000000000001,-1,-1,-1,1.0,1.0,-1.0,0.0,-0.3333333333333333,0.10935000000000002,-1,-1,-1,0.356862745098039,0.694117647058824,0.803921568627451
165.18334817886353,0.0,0.20770226145543544,0.03,1,1,1,0.0,0.3333333333333333,0.12150000000000001,-1,-1,-1,1.0,1.0,-1.0,0.0,-0.3333333333333333,0.10935000000000002,-1,-1,-1,0.356862745098039,0.694117647058824,0.803921568627451
165.2180678844452,0.0,0.20654974446213023,0.03,1,1,1,0.0,0.3333333333333333,0.12150000000000001,-1,-1,-1,1.0,1.0,-1.0,0.0,-0.3333333333333333,0.10935000000000002,-1,-1,-1,0.356862745098039,0.694117647058824,0.803921568627451
165.25303721427917,0.0,0.20539722746882502,0.03,1,1,1,0.0,0.3333333333333333,0.12150000000000001,-1,-1,-1,1.0,1.0,-1.0,0.0,-0.3333333333333333,0.10935000000000002,-1,-1,-1,0.356862745098039,0.694117647058824,0.803921568627451
165.2875726222992,0.0,0.20424471047551981,0.03,1,1,1,0.0,0.3333333333333333,0.12150000000000001,-1,-1,-1,1.0,1.0,-1.0,0.0,-0.3333333333333333,0.10935000000000002,-1,-1,-1,0.356862745098039,0.694117647058824,0.803921568627451
165.32196927070618,0.0,0.2030921934822146,0.03,1,1,1,0.0,0.3333333333333333,0.12150000000000001,-1,-1,-1,1.0,1.0,-1.0,0.0,-0.3333333333333333,0.10935000000000002,-1,-1,-1,0.356862745098039,0.694117647058824,0.803921568627451
165.35646057128906,0.0,0.2019396764889094,0.03,1,1,1,0.0,0.3333333333333333,0.12150000000000001,-1,-1,-1,1.0,1.0,-1.0,0.0,-0.3333333333333333,0.10935000000000002,-1,-1,-1,0.356862745098039,0.694117647058824,0.803921568627451
165.39144039154053,0.0,0.2007871594956042,0.03,1,1,1,0.0,0.3333333333333333,0.12150000000000001,-1,-1,-1,1.0,1.0,-1.0,0.0,-0.3333333333333333,0.10935000000000002,-1,-1,-1,0.356862745098039,0.694117647058824,0.803921568627451
165.4269392490387,0.0,0.19963464250229898,0.03,1,1,1,0.0,0.3333333333333333,0.12150000000000001,-1,-1,-1,1.0,1.0,-1.0,0.0,-0.3333333333333333,0.10935000000000002,-1,-1,-1,0.356862745098039,0.694117647058824,0.803921568627451
165.46113395690918,0.0,0.19848212550899377,0.03,1,1,1,0.0,0.3333333333333333,0.12150000000000001,-1,-1,-1,1.0,1.0,-1.0,0.0,-0.3333333333333333,0.10935000000000002,-1,-1,-1,0.356862745098039,0.694117647058824,0.803921568627451
165.4957435131073,0.0,0.19732960851568856,0.03,1,1,1,0.0,0.3333333333333333,0.12150000000000001,-1,-1,-1,1.0,1.0,-1.0,0.0,-0.3333333333333333,0.10935000000000002,-1,-1,-1,0.356862745098039,0.694117647058824,0.803921568627451
165.53069162368774,0.0,0.19617709152238336,0.03,1,1,1,0.0,0.3333333333333333,0.12150000000000001,-1,-1,-1,1.0,1.0,-1.0,0.0,-0.3333333333333333,0.10935000000000002,-1,-1,-1,0.356862745098039,0.694117647058824,0.803921568627451
165.5657172203064,0.0,0.19502457452907815,0.03,1,1,1,0.0,0.3333333333333333,0.12150000000000001,-1,-1,-1,1.0,1.0,-1.0,0.0,-0.3333333333333333,0.10935000000000002,-1,-1,-1,0.356862745098039,0.694117647058824,0.803921568627451
165.59990906715393,0.0,0.19387205753577294,0.03,1,1,1,0.0,0.3333333333333333,0.12150000000000001,-1,-1,-1,1.0,1.0,-1.0,0.0,-0.3333333333333333,0.10935000000000002,-1,-1,-1,0.356862745098039,0.694117647058824,0.803921568627451
165.63477277755737,0.0,0.19271954054246773,0.03,1,1,1,0.0,0.3333333333333333,0.12150000000000001,-1,-1,-1,1.0,1.0,-1.0,0.0,-0.3333333333333333,0.10935000000000002,-1,-1,-1,0.356862745098039,0.694117647058824,0.803921568627451
165.66961550712585,0.0,0.19156702354916252,0.03,1,1,1,0.0,0.3333333333333333,0.12150000000000001,-1,-1,-1,1.0,1.0,-1.0,0.0,-0.3333333333333333,0.10935000000000002,-1,-1,-1,0.356862745098039,0.694117647058824,0.803921568627451
165.7041163444519,0.0,0.19041450655585732,0.03,1,1,1,0.0,0.3333333333333333,0.12150000000000001,-1,-1,-1,1.0,1.0,-1.0,0.0,-0.3333333333333333,0.10935000000000002,-1,-1,-1,0.356862745098039,0.694117647058824,0.803921568627451
165.7389256954193,0.0,0.1892619895625521,0.03,1,1,1,0.0,0.3333333333333333,0.12150000000000001,-1,-1,-1,1.0,1.0,-1.0,0.0,-0.3333333333333333,0.10935000000000002,-1,-1,-1,0.356862745098039,0.694117647058824,0.803921568627451
165.77367305755615,0.0,0.1881094725692469,0.03,1,1,1,0.0,0.3333333333333333,0.12150000000000001,-1,-1,-1,1.0,1.0,-1.0,0.0,-0.3333333333333333,0.10935000000000002,-1,-1,-1,0.356862745098039,0.694117647058824,0.803921568627451
165.80871605873108,0.0,0.1869569555759417,0.03,1,1,1,0.0,0.3333333333333333,0.12150000000000001,-1,-1,-1,1.0,1.0,-1.0,0.0,-0.3333333333333333,0.10935000000000002,-1,-1,-1,0.356862745098039,0.694117647058824,0.803921568627451
165.84259700775146,0.0,0.18580443858263648,0.03,1,1,1,0.0,0.3333333333333333,0.12150000000000001,-1,-1,-1,1.0,1.0,-1.0,0.0,-0.3333333333333333,0.10935000000000002,-1,-1,-1,0.356862745098039,0.694117647058824,0.803921568627451
165.87780666351318,0.0,0.18465192158933127,0.03,1,1,1,0.0,0.3333333333333333,0.12150000000000001,-1,-1,-1,1.0,1.0,-1.0,0.0,-0.3333333333333333,0.10935000000000002,-1,-1,-1,0.356862745098039,0.694117647058824,0.803921568627451
165.91240668296814,0.0,0.18349940459602607,0.03,1,1,1,0.0,0.3333333333333333,0.12150000000000001,-1,-1,-1,1.0,1.0,-1.0,0.0,-0.3333333333333333,0.10935000000000002,-1,-1,-1,0.356862745098039,0.694117647058824,0.803921568627451
165.9474606513977,0.0,0.18314366846090843,0.03,1,1,1,0.0,0.3333333333333333,0.12150000000000001,-1,-1,-1,1.0,1.0,-1.0,0.0,-0.3333333333333333,0.10935000000000002,-1,-1,-1,0.356862745098039,0.694117647058824,0.803921568627451
165.98203349113464,0.0,0.1829871275403377,0.03,1,1,1,0.0,0.3333333333333333,0.12150000000000001,-1,-1,-1,1.0,1.0,-1.0,0.0,-0.3333333333333333,0.10935000000000002,-1,-1,-1,0.356862745098039,0.694117647058824,0.803921568627451
166.01673245429993,0.0,0.18283058661976695,0.03,1,1,1,0.0,0.3333333333333333,0.12150000000000001,-1,-1,-1,1.0,1.0,-1.0,0.0,-0.3333333333333333,0.10935000000000002,-1,-1,-1,0.356862745098039,0.694117647058824,0.803921568627451
166.05157136917114,0.0,0.1826740456991962,0.03,1,1,1,0.0,0.3333333333333333,0.12150000000000001,-1,-1,-1,1.0,1.0,-1.0,0.0,-0.3333333333333333,0.10935000000000002,-1,-1,-1,0.356862745098039,0.694117647058824,0.803921568627451
166.08612942695618,0.0,0.18251750477862547,0.03,1,1,1,0.0,0.3333333333333333,0.12150000000000001,-1,-1,-1,1.0,1.0,-1.0,0.0,-0.3333333333333333,0.10935000000000002,-1,-1,-1,0.356862745098039,0.694117647058824,0.803921568627451
166.1207447052002,0.0,0.18236096385805473,0.03,1,1,1,0.0,0.3333333333333333,0.12150000000000001,-1,-1,-1,1.0,1.0,-1.0,0.0,-0.3333333333333333,0.10935000000000002,-1,-1,-1,0.356862745098039,0.694117647058824,0.803921568627451
166.155592918396,0.0,0.18220442293748398,0.03,1,1,1,0.0,0.3333333333333333,0.12150000000000001,-1,-1,-1,1.0,1.0,-1.0,0.0,-0.3333333333333333,0.10935000000000002,-1,-1,-1,0.356862745098039,0.694117647058824,0.803921568627451
166.1899287700653,0.0,0.18204788201691324,0.03,1,1,1,0.0,0.3333333333333333,0.12150000000000001,-1,-1,-1,1.0,1.0,-1.0,0.0,-0.3333333333333333,0.10935000000000002,-1,-1,-1,0.356862745098039,0.694117647058824,0.803921568627451
166.22525072097778,0.0,0.1818913410963425,0.03,1,1,1,0.0,0.3333333333333333,0.12150000000000001,-1,-1,-1,1.0,1.0,-1.0,0.0,-0.3333333333333333,0.10935000000000002,-1,-1,-1,0.356862745098039,0.694117647058824,0.803921568627451
166.259672164917,0.0,0.18173480017577176,0.03,1,1,1,0.0,0.3333333333333333,0.12150000000000001,-1,-1,-1,1.0,1.0,-1.0,0.0,-0.3333333333333333,0.10935000000000002,-1,-1,-1,0.356862745098039,0.694117647058824,0.803921568627451
166.29495191574097,0.0,0.18157825925520102,0.03,1,1,1,0.0,0.3333333333333333,0.12150000000000001,-1,-1,-1,1.0,1.0,-1.0,0.0,-0.3333333333333333,0.10935000000000002,-1,-1,-1,0.356862745098039,0.694117647058824,0.803921568627451
166.32956290245056,0.0,0.18142171833463028,0.03,1,1,1,0.0,0.3333333333333333,0.12150000000000001,-1,-1,-1,1.0,1.0,-1.0,0.0,-0.3333333333333333,0.10935000000000002,-1,-1,-1,0.356862745098039,0.694117647058824,0.803921568627451
166.3637294769287,0.0,0.18126517741405954,0.03,1,1,1,0.0,0.3333333333333333,0.12150000000000001,-1,-1,-1,1.0,1.0,-1.0,0.0,-0.3333333333333333,0.10935000000000002,-1,-1,-1,0.356862745098039,0.694117647058824,0.803921568627451
166.3988220691681,0.0,0.1811086364934888,0.03,1,1,1,0.0,0.3333333333333333,0.12150000000000001,-1,-1,-1,1.0,1.0,-1.0,0.0,-0.3333333333333333,0.10935000000000002,-1,-1,-1,0.356862745098039,0.694117647058824,0.803921568627451
166.43399000167847,0.0,0.18095209557291805,0.03,1,1,1,0.0,0.3333333333333333,0.12150000000000001,-1,-1,-1,1.0,1.0,-1.0,0.0,-0.3333333333333333,0.10935000000000002,-1,-1,-1,0.356862745098039,0.694117647058824,0.803921568627451
166.46763038635254,0.0,0.1807955546523473,0.03,1,1,1,0.0,0.3333333333333333,0.12150000000000001,-1,-1,-1,1.0,1.0,-1.0,0.0,-0.3333333333333333,0.10935000000000002,-1,-1,-1,0.356862745098039,0.694117647058824,0.803921568627451
166.50339102745056,0.0,0.18063901373177657,0.03,1,1,1,0.0,0.3333333333333333,0.12150000000000001,-1,-1,-1,1.0,1.0,-1.0,0.0,-0.3333333333333333,0.10935000000000002,-1,-1,-1,0.356862745098039,0.694117647058824,0.803921568627451
166.5375406742096,0.0,0.18048247281120583,0.03,1,1,1,0.0,0.3333333333333333,0.12150000000000001,-1,-1,-1,1.0,1.0,-1.0,0.0,-0.3333333333333333,0.10935000000000002,-1,-1,-1,0.356862745098039,0.694117647058824,0.803921568627451
166.57275867462158,0.0,0.1803259318906351,0.03,1,1,1,0.0,0.3333333333333333,0.12150000000000001,-1,-1,-1,1.0,1.0,-1.0,0.0,-0.3333333333333333,0.10935000000000002,-1,-1,-1,0.356862745098039,0.694117647058824,0.803921568627451
166.60711002349854,0.0,0.18016939097006435,0.03,1,1,1,0.0,0.3333333333333333,0.12150000000000001,-1,-1,-1,1.0,1.0,-1.0,0.0,-0.3333333333333333,0.10935000000000002,-1,-1,-1,0.356862745098039,0.694117647058824,0.803921568627451
166.64168286323547,0.0,0.1800128500494936,0.03,1,1,1,0.0,0.3333333333333333,0.12150000000000001,-1,-1,-1,1.0,1.0,-1.0,0.0,-0.3333333333333333,0.10935000000000002,-1,-1,-1,0.356862745098039,0.694117647058824,0.803921568627451
166.67653918266296,0.0,0.17985630912892286,0.03,1,1,1,0.0,0.3333333333333333,0.12150000000000001,-1,-1,-1,1.0,1.0,-1.0,0.0,-0.3333333333333333,0.10935000000000002,-1,-1,-1,0.356862745098039,0.694117647058824,0.803921568627451
166.7116117477417,0.0,0.17969976820835212,0.03,1,1,1,0.0,0.3333333333333333,0.12150000000000001,-1,-1,-1,1.0,1.0,-1.0,0.0,-0.3333333333333333,0.10935000000000002,-1,-1,-1,0.356862745098039,0.694117647058824,0.803921568627451
166.7458794116974,0.0,0.17954322728778138,0.03,1,1,1,0.0,0.3333333333333333,0.12150000000000001,-1,-1,-1,1.0,1.0,-1.0,0.0,-0.3333333333333333,0.10935000000000002,-1,-1,-1,0.356862745098039,0.694117647058824,0.803921568627451
166.78061723709106,0.0,0.17938668636721064,0.03,1,1,1,0.0,0.3333333333333333,0.12150000000000001,-1,-1,-1,1.0,1.0,-1.0,0.0,-0.3333333333333333,0.10935000000000002,-1,-1,-1,0.356862745098039,0.694117647058824,0.803921568627451
166.8152735233307,0.0,0.1792301454466399,0.03,1,1,1,0.0,0.3333333333333333,0.12150000000000001,-1,-1,-1,1.0,1.0,-1.0,0.0,-0.3333333333333333,0.10935000000000002,-1,-1,-1,0.356862745098039,0.694117647058824,0.803921568627451
166.84960007667542,0.0,0.17907360452606916,0.03,1,1,1,0.0,0.3333333333333333,0.12150000000000001,-1,-1,-1,1.0,1.0,-1.0,0.0,-0.3333333333333333,0.10935000000000002,-1,-1,-1,0.356862745098039,0.694117647058824,0.803921568627451
166.88471150398254,0.0,0.17891706360549842,0.03,1,1,1,0.0,0.3333333333333333,0.12150000000000001,-1,-1,-1,1.0,1.0,-1.0,0.0,-0.3333333333333333,0.10935000000000002,-1,-1,-1,0.356862745098039,0.694117647058824,0.803921568627451
166.91919684410095,0.0,0.17876052268492768,0.03,1,1,1,0.0,0.3333333333333333,0.12150000000000001,-1,-1,-1,1.0,1.0,-1.0,0.0,-0.3333333333333333,0.10935000000000002,-1,-1,-1,0.356862745098039,0.694117647058824,0.803921568627451
166.95443987846375,0.0,0.17860398176435693,0.03,1,1,1,0.0,0.3333333333333333,0.12150000000000001,-1,-1,-1,1.0,1.0,-1.0,0.0,-0.3333333333333333,0.10935000000000002,-1,-1,-1,0.356862745098039,0.694117647058824,0.803921568627451
166.98861169815063,0.0,0.1784474408437862,0.03,1,1,1,0.0,0.3333333333333333,0.12150000000000001,-1,-1,-1,1.0,1.0,-1.0,0.0,-0.3333333333333333,0.10935000000000002,-1,-1,-1,0.356862745098039,0.694117647058824,0.803921568627451
167.02329421043396,0.0,0.17829089992321545,0.03,1,1,1,0.0,0.3333333333333333,0.12150000000000001,-1,-1,-1,1.0,1.0,-1.0,0.0,-0.3333333333333333,0.10935000000000002,-1,-1,-1,0.356862745098039,0.694117647058824,0.803921568627451
167.05843663215637,0.0,0.1781343590026447,0.03,1,1,1,0.0,0.3333333333333333,0.12150000000000001,-1,-1,-1,1.0,1.0,-1.0,0.0,-0.3333333333333333,0.10935000000000002,-1,-1,-1,0.356862745098039,0.694117647058824,0.803921568627451
167.0931396484375,0.0,0.17797781808207397,0.03,1,1,1,0.0,0.3333333333333333,0.12150000000000001,-1,-1,-1,1.0,1.0,-1.0,0.0,-0.3333333333333333,0.10935000000000002,-1,-1,-1,0.356862745098039,0.694117647058824,0.803921568627451
167.12838077545166,0.0,0.17730495885998562,0.03,1,1,1,0.0,0.3333333333333333,0.12150000000000001,-1,-1,-1,1.0,1.0,-1.0,0.0,-0.3333333333333333,0.10935000000000002,-1,-1,-1,0.356862745098039,0.694117647058824,0.803921568627451
167.16243147850037,0.0,0.17456682643182686,0.03,1,1,1,0.0,0.3333333333333333,0.12150000000000001,-1,-1,-1,1.0,1.0,-1.0,0.0,-0.3333333333333333,0.10935000000000002,-1,-1,-1,0.356862745098039,0.694117647058824,0.803921568627451
167.19736194610596,0.0,0.1718286940036681,0.03,1,1,1,0.0,0.3333333333333333,0.12150000000000001,-1,-1,-1,1.0,1.0,-1.0,0.0,-0.3333333333333333,0.10935000000000002,-1,-1,-1,0.356862745098039,0.694117647058824,0.803921568627451
167.2314829826355,0.0,0.16909056157550933,0.03,1,1,1,0.0,0.3333333333333333,0.12150000000000001,-1,-1,-1,1.0,1.0,-1.0,0.0,-0.3333333333333333,0.10935000000000002,-1,-1,-1,0.356862745098039,0.694117647058824,0.803921568627451
167.26672053337097,0.0,0.16635242914735057,0.03,1,1,1,0.0,0.3333333333333333,0.12150000000000001,-1,-1,-1,1.0,1.0,-1.0,0.0,-0.3333333333333333,0.10935000000000002,-1,-1,-1,0.356862745098039,0.694117647058824,0.803921568627451
167.30123329162598,0.0,0.1636142967191918,0.03,1,1,1,0.0,0.3333333333333333,0.12150000000000001,-1,-1,-1,1.0,1.0,-1.0,0.0,-0.3333333333333333,0.10935000000000002,-1,-1,-1,0.356862745098039,0.694117647058824,0.803921568627451
167.33564257621765,0.0,0.16087616429103305,0.03,1,1,1,0.0,0.3333333333333333,0.12150000000000001,-1,-1,-1,1.0,1.0,-1.0,0.0,-0.3333333333333333,0.10935000000000002,-1,-1,-1,0.356862745098039,0.694117647058824,0.803921568627451
167.3711814880371,0.0,0.15813803186287428,0.03,1,1,1,0.0,0.3333333333333333,0.12150000000000001,-1,-1,-1,1.0,1.0,-1.0,0.0,-0.3333333333333333,0.10935000000000002,-1,-1,-1,0.356862745098039,0.694117647058824,0.803921568627451
167.40555214881897,0.0,0.15539989943471552,0.03,1,1,1,0.0,0.3333333333333333,0.12150000000000001,-1,-1,-1,1.0,1.0,-1.0,0.0,-0.3333333333333333,0.10935000000000002,-1,-1,-1,0.356862745098039,0.694117647058824,0.803921568627451
167.4399356842041,0.0,0.15266176700655676,0.03,1,1,1,0.0,0.3333333333333333,0.12150000000000001,-1,-1,-1,1.0,1.0,-1.0,0.0,-0.3333333333333333,0.10935000000000002,-1,-1,-1,0.356862745098039,0.694117647058824,0.803921568627451
167.4748191833496,0.0,0.149923634578398,0.03,1,1,1,0.0,0.3333333333333333,0.12150000000000001,-1,-1,-1,1.0,1.0,-1.0,0.0,-0.3333333333333333,0.10935000000000002,-1,-1,-1,0.356862745098039,0.694117647058824,0.803921568627451
167.50971627235413,0.0,0.14718550215023923,0.03,1,1,1,0.0,0.3333333333333333,0.12150000000000001,-1,-1,-1,1.0,1.0,-1.0,0.0,-0.3333333333333333,0.10935000000000002,-1,-1,-1,0.356862745098039,0.694117647058824,0.803921568627451
167.54443669319153,0.0,0.14444736972208047,0.03,1,1,1,0.0,0.3333333333333333,0.12150000000000001,-1,-1,-1,1.0,1.0,-1.0,0.0,-0.3333333333333333,0.10935000000000002,-1,-1,-1,0.356862745098039,0.694117647058824,0.803921568627451
167.57896876335144,0.0,0.1417092372939217,0.03,1,1,1,0.0,0.3333333333333333,0.12150000000000001,-1,-1,-1,1.0,1.0,-1.0,0.0,-0.3333333333333333,0.10935000000000002,-1,-1,-1,0.356862745098039,0.694117647058824,0.803921568627451
167.61396718025208,0.0,0.13897110486576295,0.03,1,1,1,0.0,0.3333333333333333,0.12150000000000001,-1,-1,-1,1.0,1.0,-1.0,0.0,-0.3333333333333333,0.10935000000000002,-1,-1,-1,0.356862745098039,0.694117647058824,0.803921568627451
167.6484878063202,0.0,0.13623297243760418,0.03,1,1,1,0.0,0.3333333333333333,0.12150000000000001,-1,-1,-1,1.0,1.0,-1.0,0.0,-0.3333333333333333,0.10935000000000002,-1,-1,-1,0.356862745098039,0.694117647058824,0.803921568627451
167.6832036972046,0.0,0.13349484000944542,0.03,1,1,1,0.0,0.3333333333333333,0.12150000000000001,-1,-1,-1,1.0,1.0,-1.0,0.0,-0.3333333333333333,0.10935000000000002,-1,-1,-1,0.356862745098039,0.694117647058824,0.803921568627451
167.71816205978394,0.0,0.13075670758128666,0.03,1,1,1,0.0,0.3333333333333333,0.12150000000000001,-1,-1,-1,1.0,1.0,-1.0,0.0,-0.3333333333333333,0.10935000000000002,-1,-1,-1,0.356862745098039,0.694117647058824,0.803921568627451
167.75289845466614,0.0,0.1280185751531279,0.03,1,1,1,0.0,0.3333333333333333,0.12150000000000001,-1,-1,-1,1.0,1.0,-1.0,0.0,-0.3333333333333333,0.10935000000000002,-1,-1,-1,0.356862745098039,0.694117647058824,0.803921568627451
167.78754830360413,0.0,0.12528044272496913,0.03,1,1,1,0.0,0.3333333333333333,0.12150000000000001,-1,-1,-1,1.0,1.0,-1.0,0.0,-0.3333333333333333,0.10935000000000002,-1,-1,-1,0.356862745098039,0.694117647058824,0.803921568627451
167.82176089286804,0.0,0.12254231029681042,0.03,1,1,1,0.0,0.3333333333333333,0.12150000000000001,-1,-1,-1,1.0,1.0,-1.0,0.0,-0.3333333333333333,0.10935000000000002,-1,-1,-1,0.356862745098039,0.694117647058824,0.803921568627451
167.8570098876953,0.0,0.11980417786865172,0.03,1,1,1,0.0,0.3333333333333333,0.12150000000000001,-1,-1,-1,1.0,1.0,-1.0,0.0,-0.3333333333333333,0.10935000000000002,-1,-1,-1,0.356862745098039,0.694117647058824,0.803921568627451
167.8916528224945,0.0,0.11706604544049301,0.03,1,1,1,0.0,0.3333333333333333,0.12150000000000001,-1,-1,-1,1.0,1.0,-1.0,0.0,-0.3333333333333333,0.10935000000000002,-1,-1,-1,0.356862745098039,0.694117647058824,0.803921568627451
167.92661356925964,0.0,0.11432791301233432,0.03,1,1,1,0.0,0.3333333333333333,0.12150000000000001,-1,-1,-1,1.0,1.0,-1.0,0.0,-0.3333333333333333,0.10935000000000002,-1,-1,-1,0.356862745098039,0.694117647058824,0.803921568627451
167.9606420993805,0.0,0.11158978058417562,0.03,1,1,1,0.0,0.3333333333333333,0.12150000000000001,-1,-1,-1,1.0,1.0,-1.0,0.0,-0.3333333333333333,0.10935000000000002,-1,-1,-1,0.356862745098039,0.694117647058824,0.803921568627451
167.99633860588074,0.0,0.10885164815601693,0.03,1,1,1,0.0,0.3333333333333333,0.12150000000000001,-1,-1,-1,1.0,1.0,-1.0,0.0,-0.3333333333333333,0.10935000000000002,-1,-1,-1,0.356862745098039,0.694117647058824,0.803921568627451
168.0308952331543,0.0,0.10611351572785824,0.03,1,1,1,0.0,0.3333333333333333,0.12150000000000001,-1,-1,-1,1.0,1.0,-1.0,0.0,-0.3333333333333333,0.10935000000000002,-1,-1,-1,0.356862745098039,0.694117647058824,0.803921568627451
168.06571245193481,0.0,0.10337538329969954,0.03,1,1,1,0.0,0.3333333333333333,0.12150000000000001,-1,-1,-1,1.0,1.0,-1.0,0.0,-0.3333333333333333,0.10935000000000002,-1,-1,-1,0.356862745098039,0.694117647058824,0.803921568627451
168.10043692588806,0.0,0.10063725087154085,0.03,1,1,1,0.0,0.3333333333333333,0.12150000000000001,-1,-1,-1,1.0,1.0,-1.0,0.0,-0.3333333333333333,0.10935000000000002,-1,-1,-1,0.356862745098039,0.694117647058824,0.803921568627451
168.13459706306458,0.0,0.09789911844338216,0.03,1,1,1,0.0,0.3333333333333333,0.12150000000000001,-1,-1,-1,1.0,1.0,-1.0,0.0,-0.3333333333333333,0.10935000000000002,-1,-1,-1,0.356862745098039,0.694117647058824,0.803921568627451
168.17021536827087,0.0,0.09516098601522346,0.03,1,1,1,0.0,0.3333333333333333,0.12150000000000001,-1,-1,-1,1.0,1.0,-1.0,0.0,-0.3333333333333333,0.10935000000000002,-1,-1,-1,0.356862745098039,0.694117647058824,0.803921568627451
168.20396733283997,0.0,0.09242285358706477,0.03,1,1,1,0.0,0.3333333333333333,0.12150000000000001,-1,-1,-1,1.0,1.0,-1.0,0.0,-0.3333333333333333,0.10935000000000002,-1,-1,-1,0.356862745098039,0.694117647058824,0.803921568627451
168.2385401725769,0.0,0.08968472115890608,0.03,1,1,1,0.0,0.3333333333333333,0.12150000000000001,-1,-1,-1,1.0,1.0,-1.0,0.0,-0.3333333333333333,0.10935000000000002,-1,-1,-1,0.356862745098039,0.694117647058824,0.803921568627451
168.27291917800903,0.0,0.08694658873074738,0.03,1,1,1,0.0,0.3333333333333333,0.12150000000000001,-1,-1,-1,1.0,1.0,-1.0,0.0,-0.3333333333333333,0.10935000000000002,-1,-1,-1,0.356862745098039,0.694117647058824,0.803921568627451
168.30789065361023,0.0,0.08420845630258869,0.03,1,1,1,0.0,0.3333333333333333,0.12150000000000001,-1,-1,-1,1.0,1.0,-1.0,0.0,-0.3333333333333333,0.10935000000000002,-1,-1,-1,0.356862745098039,0.694117647058824,0.803921568627451
168.34322261810303,0.0,0.08009311731117841,0.03,1,1,1,0.0,0.3333333333333333,0.12150000000000001,-1,-1,-1,1.0,1.0,-1.0,0.0,-0.3333333333333333,0.10935000000000002,-1,-1,-1,0.356862745098039,0.694117647058824,0.803921568627451
168.3780918121338,0.0,0.07505964061093373,0.03,1,1,1,0.0,0.3333333333333333,0.12150000000000001,-1,-1,-1,1.0,1.0,-1.0,0.0,-0.3333333333333333,0.10935000000000002,-1,-1,-1,0.356862745098039,0.694117647058824,0.803921568627451
168.41245698928833,0.0,0.07002616391068905,0.03,1,1,1,0.0,0.3333333333333333,0.12150000000000001,-1,-1,-1,1.0,1.0,-1.0,0.0,-0.3333333333333333,0.10935000000000002,-1,-1,-1,0.356862745098039,0.694117647058824,0.803921568627451
168.44759607315063,0.0,0.06499268721044438,0.03,1,1,1,0.0,0.3333333333333333,0.12150000000000001,-1,-1,-1,1.0,1.0,-1.0,0.0,-0.3333333333333333,0.10935000000000002,-1,-1,-1,0.356862745098039,0.694117647058824,0.803921568627451
168.48227071762085,0.0,0.05995921051019966,0.03,1,1,1,0.0,0.3333333333333333,0.12150000000000001,-1,-1,-1,1.0,1.0,-1.0,0.0,-0.3333333333333333,0.10935000000000002,-1,-1,-1,0.356862745098039,0.694117647058824,0.803921568627451
168.51676511764526,0.0,0.05492573380995495,0.03,1,1,1,0.0,0.3333333333333333,0.12150000000000001,-1,-1,-1,1.0,1.0,-1.0,0.0,-0.3333333333333333,0.10935000000000002,-1,-1,-1,0.356862745098039,0.694117647058824,0.803921568627451
168.55225372314453,0.0,0.049892257109710236,0.03,1,1,1,0.0,0.3333333333333333,0.12150000000000001,-1,-1,-1,1.0,1.0,-1.0,0.0,-0.3333333333333333,0.10935000000000002,-1,-1,-1,0.356862745098039,0.694117647058824,0.803921568627451
168.5864062309265,0.0,0.044858780409465525,0.03,1,1,1,0.0,0.3333333333333333,0.12150000000000001,-1,-1,-1,1.0,1.0,-1.0,0.0,-0.3333333333333333,0.10935000000000002,-1,-1,-1,0.356862745098039,0.694117647058824,0.803921568627451
168.62157249450684,0.0,0.03982530370922081,0.03,1,1,1,0.0,0.3333333333333333,0.12150000000000001,-1,-1,-1,1.0,1.0,-1.0,0.0,-0.3333333333333333,0.10935000000000002,-1,-1,-1,0.356862745098039,0.694117647058824,0.803921568627451
168.6556053161621,0.0,0.0347918270089761,0.03,1,1,1,0.0,0.3333333333333333,0.12150000000000001,-1,-1,-1,1.0,1.0,-1.0,0.0,-0.3333333333333333,0.10935000000000002,-1,-1,-1,0.356862745098039,0.694117647058824,0.803921568627451
168.69056296348572,0.0,0.02975835030873139,0.03,1,1,1,0.0,0.3333333333333333,0.12150000000000001,-1,-1,-1,1.0,1.0,-1.0,0.0,-0.3333333333333333,0.10935000000000002,-1,-1,-1,0.356862745098039,0.694117647058824,0.803921568627451
168.7253839969635,0.0,0.02472487360848668,0.03,1,1,1,0.0,0.3333333333333333,0.12150000000000001,-1,-1,-1,1.0,1.0,-1.0,0.0,-0.3333333333333333,0.10935000000000002,-1,-1,-1,0.356862745098039,0.694117647058824,0.803921568627451
168.75978016853333,0.0,0.019691396908241968,0.03,1,1,1,0.0,0.3333333333333333,0.12150000000000001,-1,-1,-1,1.0,1.0,-1.0,0.0,-0.3333333333333333,0.10935000000000002,-1,-1,-1,0.356862745098039,0.694117647058824,0.803921568627451
168.7944450378418,0.0,0.014657920207997258,0.03,1,1,1,0.0,0.3333333333333333,0.12150000000000001,-1,-1,-1,1.0,1.0,-1.0,0.0,-0.3333333333333333,0.10935000000000002,-1,-1,-1,0.356862745098039,0.694117647058824,0.803921568627451
168.82915353775024,0.0,0.009624443507752555,0.03,1,1,1,0.0,0.3333333333333333,0.12150000000000001,-1,-1,-1,1.0,1.0,-1.0,0.0,-0.3333333333333333,0.10935000000000002,-1,-1,-1,0.356862745098039,0.694117647058824,0.803921568627451
168.86371636390686,0.0,0.004590966807507852,0.03,1,1,1,0.0,0.3333333333333333,0.12150000000000001,-1,-1,-1,1.0,1.0,-1.0,0.0,-0.3333333333333333,0.10935000000000002,-1,-1,-1,0.356862745098039,0.694117647058824,0.803921568627451
168.89868903160095,0.0,-0.0004425098927368504,0.03,1,1,1,0.0,0.3333333333333333,0.12150000000000001,-1,-1,-1,1.0,1.0,-1.0,0.0,-0.3333333333333333,0.10935000000000002,-1,-1,-1,0.356862745098039,0.694117647058824,0.803921568627451
168.93312168121338,0.0,-0.005475986592981553,0.03,1,1,1,0.0,0.3333333333333333,0.12150000000000001,-1,-1,-1,1.0,1.0,-1.0,0.0,-0.3333333333333333,0.10935000000000002,-1,-1,-1,0.356862745098039,0.694117647058824,0.803921568627451
168.96836137771606,0.0,-0.010509463293226256,0.03,1,1,1,0.0,0.3333333333333333,0.12150000000000001,-1,-1,-1,1.0,1.0,-1.0,0.0,-0.3333333333333333,0.10935000000000002,-1,-1,-1,0.356862745098039,0.694117647058824,0.803921568627451
169.0029149055481,0.0,-0.015542939993470959,0.03,1,1,1,0.0,0.3333333333333333,0.12150000000000001,-1,-1,-1,1.0,1.0,-1.0,0.0,-0.3333333333333333,0.10935000000000002,-1,-1,-1,0.356862745098039,0.694117647058824,0.803921568627451
169.03744649887085,0.0,-0.02057641669371567,0.03,1,1,1,0.0,0.3333333333333333,0.12150000000000001,-1,-1,-1,1.0,1.0,-1.0,0.0,-0.3333333333333333,0.10935000000000002,-1,-1,-1,0.356862745098039,0.694117647058824,0.803921568627451
169.07239365577698,0.0,-0.02560989339396038,0.03,1,1,1,0.0,0.3333333333333333,0.12150000000000001,-1,-1,-1,1.0,1.0,-1.0,0.0,-0.3333333333333333,0.10935000000000002,-1,-1,-1,0.356862745098039,0.694117647058824,0.803921568627451
169.1071548461914,0.0,-0.03064337009420509,0.03,1,1,1,0.0,0.3333333333333333,0.12150000000000001,-1,-1,-1,1.0,1.0,-1.0,0.0,-0.3333333333333333,0.10935000000000002,-1,-1,-1,0.356862745098039,0.694117647058824,0.803921568627451
169.14175486564636,0.0,-0.0356768467944498,0.03,1,1,1,0.0,0.3333333333333333,0.12150000000000001,-1,-1,-1,1.0,1.0,-1.0,0.0,-0.3333333333333333,0.10935000000000002,-1,-1,-1,0.356862745098039,0.694117647058824,0.803921568627451
169.1765477657318,0.0,-0.040710323494694514,0.03,1,1,1,0.0,0.3333333333333333,0.12150000000000001,-1,-1,-1,1.0,1.0,-1.0,0.0,-0.3333333333333333,0.10935000000000002,-1,-1,-1,0.356862745098039,0.694117647058824,0.803921568627451
169.2121651172638,0.0,-0.045743800194939226,0.03,1,1,1,0.0,0.3333333333333333,0.12150000000000001,-1,-1,-1,1.0,1.0,-1.0,0.0,-0.3333333333333333,0.10935000000000002,-1,-1,-1,0.356862745098039,0.694117647058824,0.803921568627451
169.24568605422974,0.0,-0.05077727689518394,0.03,1,1,1,0.0,0.3333333333333333,0.12150000000000001,-1,-1,-1,1.0,1.0,-1.0,0.0,-0.3333333333333333,0.10935000000000002,-1,-1,-1,0.356862745098039,0.694117647058824,0.803921568627451
169.2804491519928,0.0,-0.05581075359542865,0.03,1,1,1,0.0,0.3333333333333333,0.12150000000000001,-1,-1,-1,1.0,1.0,-1.0,0.0,-0.3333333333333333,0.10935000000000002,-1,-1,-1,0.356862745098039,0.694117647058824,0.803921568627451
169.31570768356323,0.0,-0.06084423029567335,0.03,1,1,1,0.0,0.3333333333333333,0.12150000000000001,-1,-1,-1,1.0,1.0,-1.0,0.0,-0.3333333333333333,0.10935000000000002,-1,-1,-1,0.356862745098039,0.694117647058824,0.803921568627451
169.3505415916443,0.0,-0.06587770699591804,0.03,1,1,1,0.0,0.3333333333333333,0.12150000000000001,-1,-1,-1,1.0,1.0,-1.0,0.0,-0.3333333333333333,0.10935000000000002,-1,-1,-1,0.356862745098039,0.694117647058824,0.803921568627451
169.38443875312805,0.0,-0.07091118369616271,0.03,1,1,1,0.0,0.3333333333333333,0.12150000000000001,-1,-1,-1,1.0,1.0,-1.0,0.0,-0.3333333333333333,0.10935000000000002,-1,-1,-1,0.356862745098039,0.694117647058824,0.803921568627451
169.4195899963379,0.0,-0.07594466039640739,0.03,1,1,1,0.0,0.3333333333333333,0.12150000000000001,-1,-1,-1,1.0,1.0,-1.0,0.0,-0.3333333333333333,0.10935000000000002,-1,-1,-1,0.356862745098039,0.694117647058824,0.803921568627451
169.45451092720032,0.0,-0.08097813709665207,0.03,1,1,1,0.0,0.3333333333333333,0.12150000000000001,-1,-1,-1,1.0,1.0,-1.0,0.0,-0.3333333333333333,0.10935000000000002,-1,-1,-1,0.356862745098039,0.694117647058824,0.803921568627451
169.48856902122498,0.0,-0.08601161379689674,0.03,1,1,1,0.0,0.3333333333333333,0.12150000000000001,-1,-1,-1,1.0,1.0,-1.0,0.0,-0.3333333333333333,0.10935000000000002,-1,-1,-1,0.356862745098039,0.694117647058824,0.803921568627451
169.52390217781067,0.0,-0.09104509049714142,0.03,1,1,1,0.0,0.3333333333333333,0.12150000000000001,-1,-1,-1,1.0,1.0,-1.0,0.0,-0.3333333333333333,0.10935000000000002,-1,-1,-1,0.356862745098039,0.694117647058824,0.803921568627451
169.55861139297485,0.0,-0.08997336426890479,0.03,1,1,1,0.0,0.3333333333333333,0.12150000000000001,-1,-1,-1,1.0,1.0,-1.0,0.0,-0.3333333333333333,0.10935000000000002,-1,-1,-1,0.356862745098039,0.694117647058824,0.803921568627451
169.59354186058044,0.0,-0.08890163804066815,0.03,1,1,1,0.0,0.3333333333333333,0.12150000000000001,-1,-1,-1,1.0,1.0,-1.0,0.0,-0.3333333333333333,0.10935000000000002,-1,-1,-1,0.356862745098039,0.694117647058824,0.803921568627451
169.62798714637756,0.0,-0.08782991181243152,0.03,1,1,1,0.0,0.3333333333333333,0.12150000000000001,-1,-1,-1,1.0,1.0,-1.0,0.0,-0.3333333333333333,0.10935000000000002,-1,-1,-1,0.356862745098039,0.694117647058824,0.803921568627451
169.66303038597107,0.0,-0.08675818558419489,0.03,1,1,1,0.0,0.3333333333333333,0.12150000000000001,-1,-1,-1,1.0,1.0,-1.0,0.0,-0.3333333333333333,0.10935000000000002,-1,-1,-1,0.356862745098039,0.694117647058824,0.803921568627451
169.6977105140686,0.0,-0.08568645935595826,0.03,1,1,1,0.0,0.3333333333333333,0.12150000000000001,-1,-1,-1,1.0,1.0,-1.0,0.0,-0.3333333333333333,0.10935000000000002,-1,-1,-1,0.356862745098039,0.694117647058824,0.803921568627451
169.73200798034668,0.0,-0.08461473312772162,0.03,1,1,1,0.0,0.3333333333333333,0.12150000000000001,-1,-1,-1,1.0,1.0,-1.0,0.0,-0.3333333333333333,0.10935000000000002,-1,-1,-1,0.356862745098039,0.694117647058824,0.803921568627451
169.7667715549469,0.0,-0.08354300689948499,0.03,1,1,1,0.0,0.3333333333333333,0.12150000000000001,-1,-1,-1,1.0,1.0,-1.0,0.0,-0.3333333333333333,0.10935000000000002,-1,-1,-1,0.356862745098039,0.694117647058824,0.803921568627451
169.80182123184204,0.0,-0.08247128067124836,0.03,1,1,1,0.0,0.3333333333333333,0.12150000000000001,-1,-1,-1,1.0,1.0,-1.0,0.0,-0.3333333333333333,0.10935000000000002,-1,-1,-1,0.356862745098039,0.694117647058824,0.803921568627451
169.8364520072937,0.0,-0.08139955444301172,0.03,1,1,1,0.0,0.3333333333333333,0.12150000000000001,-1,-1,-1,1.0,1.0,-1.0,0.0,-0.3333333333333333,0.10935000000000002,-1,-1,-1,0.356862745098039,0.694117647058824,0.803921568627451
169.8708930015564,0.0,-0.08032782821477509,0.03,1,1,1,0.0,0.3333333333333333,0.12150000000000001,-1,-1,-1,1.0,1.0,-1.0,0.0,-0.3333333333333333,0.10935000000000002,-1,-1,-1,0.356862745098039,0.694117647058824,0.803921568627451
169.9059853553772,0.0,-0.07925610198653846,0.03,1,1,1,0.0,0.3333333333333333,0.12150000000000001,-1,-1,-1,1.0,1.0,-1.0,0.0,-0.3333333333333333,0.10935000000000002,-1,-1,-1,0.356862745098039,0.694117647058824,0.803921568627451
169.94082140922546,0.0,-0.07818437575830182,0.03,1,1,1,0.0,0.3333333333333333,0.12150000000000001,-1,-1,-1,1.0,1.0,-1.0,0.0,-0.3333333333333333,0.10935000000000002,-1,-1,-1,0.356862745098039,0.694117647058824,0.803921568627451
169.9747292995453,0.0,-0.07711264953006519,0.03,1,1,1,0.0,0.3333333333333333,0.12150000000000001,-1,-1,-1,1.0,1.0,-1.0,0.0,-0.3333333333333333,0.10935000000000002,-1,-1,-1,0.356862745098039,0.694117647058824,0.803921568627451
170.00933980941772,0.0,-0.07604092330182856,0.03,1,1,1,0.0,0.3333333333333333,0.12150000000000001,-1,-1,-1,1.0,1.0,-1.0,0.0,-0.3333333333333333,0.10935000000000002,-1,-1,-1,0.356862745098039,0.694117647058824,0.803921568627451
170.0449001789093,0.0,-0.07496919707359193,0.03,1,1,1,0.0,0.3333333333333333,0.12150000000000001,-1,-1,-1,1.0,1.0,-1.0,0.0,-0.3333333333333333,0.10935000000000002,-1,-1,-1,0.356862745098039,0.694117647058824,0.803921568627451
170.0794506072998,0.0,-0.07389747084535529,0.03,1,1,1,0.0,0.3333333333333333,0.12150000000000001,-1,-1,-1,1.0,1.0,-1.0,0.0,-0.3333333333333333,0.10935000000000002,-1,-1,-1,0.356862745098039,0.694117647058824,0.803921568627451
170.11404871940613,0.0,-0.07282574461711866,0.03,1,1,1,0.0,0.3333333333333333,0.12150000000000001,-1,-1,-1,1.0,1.0,-1.0,0.0,-0.3333333333333333,0.10935000000000002,-1,-1,-1,0.356862745098039,0.694117647058824,0.803921568627451
170.14850330352783,0.0,-0.07175401838888203,0.03,1,1,1,0.0,0.3333333333333333,0.12150000000000001,-1,-1,-1,1.0,1.0,-1.0,0.0,-0.3333333333333333,0.10935000000000002,-1,-1,-1,0.356862745098039,0.694117647058824,0.803921568627451
170.18353605270386,0.0,-0.0706822921606454,0.03,1,1,1,0.0,0.3333333333333333,0.12150000000000001,-1,-1,-1,1.0,1.0,-1.0,0.0,-0.3333333333333333,0.10935000000000002,-1,-1,-1,0.356862745098039,0.694117647058824,0.803921568627451
170.21821856498718,0.0,-0.06961056593240876,0.03,1,1,1,0.0,0.3333333333333333,0.12150000000000001,-1,-1,-1,1.0,1.0,-1.0,0.0,-0.3333333333333333,0.10935000000000002,-1,-1,-1,0.356862745098039,0.694117647058824,0.803921568627451
170.25302076339722,0.0,-0.06853883970417213,0.03,1,1,1,0.0,0.3333333333333333,0.12150000000000001,-1,-1,-1,1.0,1.0,-1.0,0.0,-0.3333333333333333,0.10935000000000002,-1,-1,-1,0.356862745098039,0.694117647058824,0.803921568627451
170.28714680671692,0.0,-0.0674671134759355,0.03,1,1,1,0.0,0.3333333333333333,0.12150000000000001,-1,-1,-1,1.0,1.0,-1.0,0.0,-0.3333333333333333,0.10935000000000002,-1,-1,-1,0.356862745098039,0.694117647058824,0.803921568627451
170.3230745792389,0.0,-0.06639538724769886,0.03,1,1,1,0.0,0.3333333333333333,0.12150000000000001,-1,-1,-1,1.0,1.0,-1.0,0.0,-0.3333333333333333,0.10935000000000002,-1,-1,-1,0.356862745098039,0.694117647058824,0.803921568627451
170.35727739334106,0.0,-0.06532366101946223,0.03,1,1,1,0.0,0.3333333333333333,0.12150000000000001,-1,-1,-1,1.0,1.0,-1.0,0.0,-0.3333333333333333,0.10935000000000002,-1,-1,-1,0.356862745098039,0.694117647058824,0.803921568627451
170.39188432693481,0.0,-0.0642519347912256,0.03,1,1,1,0.0,0.3333333333333333,0.12150000000000001,-1,-1,-1,1.0,1.0,-1.0,0.0,-0.3333333333333333,0.10935000000000002,-1,-1,-1,0.356862745098039,0.694117647058824,0.803921568627451
170.42654752731323,0.0,-0.06318020856298896,0.03,1,1,1,0.0,0.3333333333333333,0.12150000000000001,-1,-1,-1,1.0,1.0,-1.0,0.0,-0.3333333333333333,0.10935000000000002,-1,-1,-1,0.356862745098039,0.694117647058824,0.803921568627451
170.46075797080994,0.0,-0.06210848233475232,0.03,1,1,1,0.0,0.3333333333333333,0.12150000000000001,-1,-1,-1,1.0,1.0,-1.0,0.0,-0.3333333333333333,0.10935000000000002,-1,-1,-1,0.356862745098039,0.694117647058824,0.803921568627451
170.49582481384277,0.0,-0.06103675610651568,0.03,1,1,1,0.0,0.3333333333333333,0.12150000000000001,-1,-1,-1,1.0,1.0,-1.0,0.0,-0.3333333333333333,0.10935000000000002,-1,-1,-1,0.356862745098039,0.694117647058824,0.803921568627451
170.53058004379272,0.0,-0.05996502987827904,0.03,1,1,1,0.0,0.3333333333333333,0.12150000000000001,-1,-1,-1,1.0,1.0,-1.0,0.0,-0.3333333333333333,0.10935000000000002,-1,-1,-1,0.356862745098039,0.694117647058824,0.803921568627451
170.56545281410217,0.0,-0.058893303650042396,0.03,1,1,1,0.0,0.3333333333333333,0.12150000000000001,-1,-1,-1,1.0,1.0,-1.0,0.0,-0.3333333333333333,0.10935000000000002,-1,-1,-1,0.356862745098039,0.694117647058824,0.803921568627451
170.60020303726196,0.0,-0.05782157742180576,0.03,1,1,1,0.0,0.3333333333333333,0.12150000000000001,-1,-1,-1,1.0,1.0,-1.0,0.0,-0.3333333333333333,0.10935000000000002,-1,-1,-1,0.356862745098039,0.694117647058824,0.803921568627451
170.63491559028625,0.0,-0.05674985119356913,0.03,1,1,1,0.0,0.3333333333333333,0.12150000000000001,-1,-1,-1,1.0,1.0,-1.0,0.0,-0.3333333333333333,0.10935000000000002,-1,-1,-1,0.356862745098039,0.694117647058824,0.803921568627451
170.6696367263794,0.0,-0.0556781249653325,0.03,1,1,1,0.0,0.3333333333333333,0.12150000000000001,-1,-1,-1,1.0,1.0,-1.0,0.0,-0.3333333333333333,0.10935000000000002,-1,-1,-1,0.356862745098039,0.694117647058824,0.803921568627451
170.70443415641785,0.0,-0.054606398737095864,0.03,1,1,1,0.0,0.3333333333333333,0.12150000000000001,-1,-1,-1,1.0,1.0,-1.0,0.0,-0.3333333333333333,0.10935000000000002,-1,-1,-1,0.356862745098039,0.694117647058824,0.803921568627451
170.73904728889465,0.0,-0.053963363000153884,0.03,1,1,1,0.0,0.3333333333333333,0.12150000000000001,-1,-1,-1,1.0,1.0,-1.0,0.0,-0.3333333333333333,0.10935000000000002,-1,-1,-1,0.356862745098039,0.694117647058824,0.803921568627451
170.7737205028534,0.0,-0.053963363000153884,0.03,1,1,1,0.0,0.3333333333333333,0.12150000000000001,-1,-1,-1,1.0,1.0,-1.0,0.0,-0.3333333333333333,0.10935000000000002,-1,-1,-1,0.356862745098039,0.694117647058824,0.803921568627451
170.80891489982605,0.0,-0.053963363000153884,0.03,1,1,1,0.0,0.3333333333333333,0.12150000000000001,-1,-1,-1,1.0,1.0,-1.0,0.0,-0.3333333333333333,0.10935000000000002,-1,-1,-1,0.356862745098039,0.694117647058824,0.803921568627451
170.84315538406372,0.0,-0.053963363000153884,0.03,1,1,1,0.0,0.3333333333333333,0.12150000000000001,-1,-1,-1,1.0,1.0,-1.0,0.0,-0.3333333333333333,0.10935000000000002,-1,-1,-1,0.356862745098039,0.694117647058824,0.803921568627451
170.87846899032593,0.0,-0.053963363000153884,0.03,1,1,1,0.0,0.3333333333333333,0.12150000000000001,-1,-1,-1,1.0,1.0,-1.0,0.0,-0.3333333333333333,0.10935000000000002,-1,-1,-1,0.356862745098039,0.694117647058824,0.803921568627451
170.91332602500916,0.0,-0.053963363000153884,0.03,1,1,1,0.0,0.3333333333333333,0.12150000000000001,-1,-1,-1,1.0,1.0,-1.0,0.0,-0.3333333333333333,0.10935000000000002,-1,-1,-1,0.356862745098039,0.694117647058824,0.803921568627451
170.94799780845642,0.0,-0.053963363000153884,0.03,1,1,1,0.0,0.3333333333333333,0.12150000000000001,-1,-1,-1,1.0,1.0,-1.0,0.0,-0.3333333333333333,0.10935000000000002,-1,-1,-1,0.356862745098039,0.694117647058824,0.803921568627451
170.98269128799438,0.0,-0.053963363000153884,0.03,1,1,1,0.0,0.3333333333333333,0.12150000000000001,-1,-1,-1,1.0,1.0,-1.0,0.0,-0.3333333333333333,0.10935000000000002,-1,-1,-1,0.356862745098039,0.694117647058824,0.803921568627451
171.01726293563843,0.0,-0.053963363000153884,0.03,1,1,1,0.0,0.3333333333333333,0.12150000000000001,-1,-1,-1,1.0,1.0,-1.0,0.0,-0.3333333333333333,0.10935000000000002,-1,-1,-1,0.356862745098039,0.694117647058824,0.803921568627451
171.05193257331848,0.0,-0.053963363000153884,0.03,1,1,1,0.0,0.3333333333333333,0.12150000000000001,-1,-1,-1,1.0,1.0,-1.0,0.0,-0.3333333333333333,0.10935000000000002,-1,-1,-1,0.356862745098039,0.694117647058824,0.803921568627451
171.08622527122498,0.0,-0.053963363000153884,0.03,1,1,1,0.0,0.3333333333333333,0.12150000000000001,-1,-1,-1,1.0,1.0,-1.0,0.0,-0.3333333333333333,0.10935000000000002,-1,-1,-1,0.356862745098039,0.694117647058824,0.803921568627451
171.1210401058197,0.0,-0.053963363000153884,0.03,1,1,1,0.0,0.3333333333333333,0.12150000000000001,-1,-1,-1,1.0,1.0,-1.0,0.0,-0.3333333333333333,0.10935000000000002,-1,-1,-1,0.356862745098039,0.694117647058824,0.803921568627451
171.15521264076233,0.0,-0.053963363000153884,0.03,1,1,1,0.0,0.3333333333333333,0.12150000000000001,-1,-1,-1,1.0,1.0,-1.0,0.0,-0.3333333333333333,0.10935000000000002,-1,-1,-1,0.356862745098039,0.694117647058824,0.803921568627451
171.18996238708496,0.0,-0.053963363000153884,0.03,1,1,1,0.0,0.3333333333333333,0.12150000000000001,-1,-1,-1,1.0,1.0,-1.0,0.0,-0.3333333333333333,0.10935000000000002,-1,-1,-1,0.356862745098039,0.694117647058824,0.803921568627451
171.22467350959778,0.0,-0.053963363000153884,0.03,1,1,1,0.0,0.3333333333333333,0.12150000000000001,-1,-1,-1,1.0,1.0,-1.0,0.0,-0.3333333333333333,0.10935000000000002,-1,-1,-1,0.356862745098039,0.694117647058824,0.803921568627451
171.26005959510803,0.0,-0.053963363000153884,0.03,1,1,1,0.0,0.3333333333333333,0.12150000000000001,-1,-1,-1,1.0,1.0,-1.0,0.0,-0.3333333333333333,0.10935000000000002,-1,-1,-1,0.356862745098039,0.694117647058824,0.803921568627451
171.29449439048767,0.0,-0.053963363000153884,0.03,1,1,1,0.0,0.3333333333333333,0.12150000000000001,-1,-1,-1,1.0,1.0,-1.0,0.0,-0.3333333333333333,0.10935000000000002,-1,-1,-1,0.356862745098039,0.694117647058824,0.803921568627451
171.32932806015015,0.0,-0.053963363000153884,0.03,1,1,1,0.0,0.3333333333333333,0.12150000000000001,-1,-1,-1,1.0,1.0,-1.0,0.0,-0.3333333333333333,0.10935000000000002,-1,-1,-1,0.356862745098039,0.694117647058824,0.803921568627451
171.36389255523682,0.0,-0.053963363000153884,0.03,1,1,1,0.0,0.3333333333333333,0.12150000000000001,-1,-1,-1,1.0,1.0,-1.0,0.0,-0.3333333333333333,0.10935000000000002,-1,-1,-1,0.356862745098039,0.694117647058824,0.803921568627451
171.3985071182251,0.0,-0.053963363000153884,0.03,1,1,1,0.0,0.3333333333333333,0.12150000000000001,-1,-1,-1,1.0,1.0,-1.0,0.0,-0.3333333333333333,0.10935000000000002,-1,-1,-1,0.356862745098039,0.694117647058824,0.803921568627451
171.43313241004944,0.0,-0.053963363000153884,0.03,1,1,1,0.0,0.3333333333333333,0.12150000000000001,-1,-1,-1,1.0,1.0,-1.0,0.0,-0.3333333333333333,0.10935000000000002,-1,-1,-1,0.356862745098039,0.694117647058824,0.803921568627451
171.46765756607056,0.0,-0.053963363000153884,0.03,1,1,1,0.0,0.3333333333333333,0.12150000000000001,-1,-1,-1,1.0,1.0,-1.0,0.0,-0.3333333333333333,0.10935000000000002,-1,-1,-1,0.356862745098039,0.694117647058824,0.803921568627451
171.50245881080627,0.0,-0.053963363000153884,0.03,1,1,1,0.0,0.3333333333333333,0.12150000000000001,-1,-1,-1,1.0,1.0,-1.0,0.0,-0.3333333333333333,0.10935000000000002,-1,-1,-1,0.356862745098039,0.694117647058824,0.803921568627451
171.53776359558105,0.0,-0.053963363000153884,0.03,1,1,1,0.0,0.3333333333333333,0.12150000000000001,-1,-1,-1,1.0,1.0,-1.0,0.0,-0.3333333333333333,0.10935000000000002,-1,-1,-1,0.356862745098039,0.694117647058824,0.803921568627451
171.57187867164612,0.0,-0.053963363000153884,0.03,1,1,1,0.0,0.3333333333333333,0.12150000000000001,-1,-1,-1,1.0,1.0,-1.0,0.0,-0.3333333333333333,0.10935000000000002,-1,-1,-1,0.356862745098039,0.694117647058824,0.803921568627451
171.6070556640625,0.0,-0.053963363000153884,0.03,1,1,1,0.0,0.3333333333333333,0.12150000000000001,-1,-1,-1,1.0,1.0,-1.0,0.0,-0.3333333333333333,0.10935000000000002,-1,-1,-1,0.356862745098039,0.694117647058824,0.803921568627451
171.64192485809326,0.0,-0.053963363000153884,0.03,1,1,1,0.0,0.3333333333333333,0.12150000000000001,-1,-1,-1,1.0,1.0,-1.0,0.0,-0.3333333333333333,0.10935000000000002,-1,-1,-1,0.356862745098039,0.694117647058824,0.803921568627451
171.67669701576233,0.0,-0.053963363000153884,0.03,1,1,1,0.0,0.3333333333333333,0.12150000000000001,-1,-1,-1,1.0,1.0,-1.0,0.0,-0.3333333333333333,0.10935000000000002,-1,-1,-1,0.356862745098039,0.694117647058824,0.803921568627451
171.71078395843506,0.0,-0.053963363000153884,0.03,1,1,1,0.0,0.3333333333333333,0.12150000000000001,-1,-1,-1,1.0,1.0,-1.0,0.0,-0.3333333333333333,0.10935000000000002,-1,-1,-1,0.356862745098039,0.694117647058824,0.803921568627451
171.74544501304626,0.0,-0.053963363000153884,0.03,1,1,1,0.0,0.3333333333333333,0.12150000000000001,-1,-1,-1,1.0,1.0,-1.0,0.0,-0.3333333333333333,0.10935000000000002,-1,-1,-1,0.356862745098039,0.694117647058824,0.803921568627451
171.7807857990265,0.0,-0.053963363000153884,0.03,1,1,1,0.0,0.3333333333333333,0.12150000000000001,-1,-1,-1,1.0,1.0,-1.0,0.0,-0.3333333333333333,0.10935000000000002,-1,-1,-1,0.356862745098039,0.694117647058824,0.803921568627451
171.81524062156677,0.0,-0.053963363000153884,0.03,1,1,1,0.0,0.3333333333333333,0.12150000000000001,-1,-1,-1,1.0,1.0,-1.0,0.0,-0.3333333333333333,0.10935000000000002,-1,-1,-1,0.356862745098039,0.694117647058824,0.803921568627451
171.8496024608612,0.0,-0.053963363000153884,0.03,1,1,1,0.0,0.3333333333333333,0.12150000000000001,-1,-1,-1,1.0,1.0,-1.0,0.0,-0.3333333333333333,0.10935000000000002,-1,-1,-1,0.356862745098039,0.694117647058824,0.803921568627451
171.88425183296204,0.0,-0.053963363000153884,0.03,1,1,1,0.0,0.3333333333333333,0.12150000000000001,-1,-1,-1,1.0,1.0,-1.0,0.0,-0.3333333333333333,0.10935000000000002,-1,-1,-1,0.356862745098039,0.694117647058824,0.803921568627451
171.91919898986816,0.0,-0.053963363000153884,0.03,1,1,1,0.0,0.3333333333333333,0.12150000000000001,-1,-1,-1,1.0,1.0,-1.0,0.0,-0.3333333333333333,0.10935000000000002,-1,-1,-1,0.356862745098039,0.694117647058824,0.803921568627451
171.95429968833923,0.0,-0.051723355307245165,0.03,1,1,1,0.0,0.3333333333333333,0.12150000000000001,-1,-1,-1,1.0,1.0,-1.0,0.0,-0.3333333333333333,0.10935000000000002,-1,-1,-1,0.356862745098039,0.694117647058824,0.803921568627451
171.98841977119446,0.0,-0.04892334569110927,0.03,1,1,1,0.0,0.3333333333333333,0.12150000000000001,-1,-1,-1,1.0,1.0,-1.0,0.0,-0.3333333333333333,0.10935000000000002,-1,-1,-1,0.356862745098039,0.694117647058824,0.803921568627451
172.02323627471924,0.0,-0.04612333607497337,0.03,1,1,1,0.0,0.3333333333333333,0.12150000000000001,-1,-1,-1,1.0,1.0,-1.0,0.0,-0.3333333333333333,0.10935000000000002,-1,-1,-1,0.356862745098039,0.694117647058824,0.803921568627451
172.05785536766052,0.0,-0.04332332645883747,0.03,1,1,1,0.0,0.3333333333333333,0.12150000000000001,-1,-1,-1,1.0,1.0,-1.0,0.0,-0.3333333333333333,0.10935000000000002,-1,-1,-1,0.356862745098039,0.694117647058824,0.803921568627451
172.09246516227722,0.0,-0.04052331684270157,0.03,1,1,1,0.0,0.3333333333333333,0.12150000000000001,-1,-1,-1,1.0,1.0,-1.0,0.0,-0.3333333333333333,0.10935000000000002,-1,-1,-1,0.356862745098039,0.694117647058824,0.803921568627451
172.12796711921692,0.0,-0.037723307226565674,0.03,1,1,1,0.0,0.3333333333333333,0.12150000000000001,-1,-1,-1,1.0,1.0,-1.0,0.0,-0.3333333333333333,0.10935000000000002,-1,-1,-1,0.356862745098039,0.694117647058824,0.803921568627451
172.16260623931885,0.0,-0.034923297610429775,0.03,1,1,1,0.0,0.3333333333333333,0.12150000000000001,-1,-1,-1,1.0,1.0,-1.0,0.0,-0.3333333333333333,0.10935000000000002,-1,-1,-1,0.356862745098039,0.694117647058824,0.803921568627451
172.19659161567688,0.0,-0.03212328799429388,0.03,1,1,1,0.0,0.3333333333333333,0.12150000000000001,-1,-1,-1,1.0,1.0,-1.0,0.0,-0.3333333333333333,0.10935000000000002,-1,-1,-1,0.356862745098039,0.694117647058824,0.803921568627451
172.23125290870667,0.0,-0.02932327837815798,0.03,1,1,1,0.0,0.3333333333333333,0.12150000000000001,-1,-1,-1,1.0,1.0,-1.0,0.0,-0.3333333333333333,0.10935000000000002,-1,-1,-1,0.356862745098039,0.694117647058824,0.803921568627451
172.26592206954956,0.0,-0.02652326876202208,0.03,1,1,1,0.0,0.3333333333333333,0.12150000000000001,-1,-1,-1,1.0,1.0,-1.0,0.0,-0.3333333333333333,0.10935000000000002,-1,-1,-1,0.356862745098039,0.694117647058824,0.803921568627451
172.30072784423828,0.0,-0.02372325914588618,0.03,1,1,1,0.0,0.3333333333333333,0.12150000000000001,-1,-1,-1,1.0,1.0,-1.0,0.0,-0.3333333333333333,0.10935000000000002,-1,-1,-1,0.356862745098039,0.694117647058824,0.803921568627451
172.33604884147644,0.0,-0.020923249529750283,0.03,1,1,1,0.0,0.3333333333333333,0.12150000000000001,-1,-1,-1,1.0,1.0,-1.0,0.0,-0.3333333333333333,0.10935000000000002,-1,-1,-1,0.356862745098039,0.694117647058824,0.803921568627451
172.37089896202087,0.0,-0.018123239913614385,0.03,1,1,1,0.0,0.3333333333333333,0.12150000000000001,-1,-1,-1,1.0,1.0,-1.0,0.0,-0.3333333333333333,0.10935000000000002,-1,-1,-1,0.356862745098039,0.694117647058824,0.803921568627451
172.40569138526917,0.0,-0.015323230297478488,0.03,1,1,1,0.0,0.3333333333333333,0.12150000000000001,-1,-1,-1,1.0,1.0,-1.0,0.0,-0.3333333333333333,0.10935000000000002,-1,-1,-1,0.356862745098039,0.694117647058824,0.803921568627451
172.4404911994934,0.0,-0.012523220681342598,0.03,1,1,1,0.0,0.3333333333333333,0.12150000000000001,-1,-1,-1,1.0,1.0,-1.0,0.0,-0.3333333333333333,0.10935000000000002,-1,-1,-1,0.356862745098039,0.694117647058824,0.803921568627451
172.47516989707947,0.0,-0.009723211065206709,0.03,1,1,1,0.0,0.3333333333333333,0.12150000000000001,-1,-1,-1,1.0,1.0,-1.0,0.0,-0.3333333333333333,0.10935000000000002,-1,-1,-1,0.356862745098039,0.694117647058824,0.803921568627451
172.50992226600647,0.0,-0.006923201449070818,0.03,1,1,1,0.0,0.3333333333333333,0.12150000000000001,-1,-1,-1,1.0,1.0,-1.0,0.0,-0.3333333333333333,0.10935000000000002,-1,-1,-1,0.356862745098039,0.694117647058824,0.803921568627451
172.54489254951477,0.0,-0.0041231918329349285,0.03,1,1,1,0.0,0.3333333333333333,0.12150000000000001,-1,-1,-1,1.0,1.0,-1.0,0.0,-0.3333333333333333,0.10935000000000002,-1,-1,-1,0.356862745098039,0.694117647058824,0.803921568627451
172.57916569709778,0.0,-0.0013231822167990388,0.03,1,1,1,0.0,0.3333333333333333,0.12150000000000001,-1,-1,-1,1.0,1.0,-1.0,0.0,-0.3333333333333333,0.10935000000000002,-1,-1,-1,0.356862745098039,0.694117647058824,0.803921568627451
172.6139042377472,0.0,0.0014768273993368513,0.03,1,1,1,0.0,0.3333333333333333,0.12150000000000001,-1,-1,-1,1.0,1.0,-1.0,0.0,-0.3333333333333333,0.10935000000000002,-1,-1,-1,0.356862745098039,0.694117647058824,0.803921568627451
172.64856505393982,0.0,0.004276837015472741,0.03,1,1,1,0.0,0.3333333333333333,0.12150000000000001,-1,-1,-1,1.0,1.0,-1.0,0.0,-0.3333333333333333,0.10935000000000002,-1,-1,-1,0.356862745098039,0.694117647058824,0.803921568627451
172.6829526424408,0.0,0.00707684663160863,0.03,1,1,1,0.0,0.3333333333333333,0.12150000000000001,-1,-1,-1,1.0,1.0,-1.0,0.0,-0.3333333333333333,0.10935000000000002,-1,-1,-1,0.356862745098039,0.694117647058824,0.803921568627451
172.71788692474365,0.0,0.009876856247744521,0.03,1,1,1,0.0,0.3333333333333333,0.12150000000000001,-1,-1,-1,1.0,1.0,-1.0,0.0,-0.3333333333333333,0.10935000000000002,-1,-1,-1,0.356862745098039,0.694117647058824,0.803921568627451
172.75229787826538,0.0,0.01267686586388041,0.03,1,1,1,0.0,0.3333333333333333,0.12150000000000001,-1,-1,-1,1.0,1.0,-1.0,0.0,-0.3333333333333333,0.10935000000000002,-1,-1,-1,0.356862745098039,0.694117647058824,0.803921568627451
172.78740191459656,0.0,0.0154768754800163,0.03,1,1,1,0.0,0.3333333333333333,0.12150000000000001,-1,-1,-1,1.0,1.0,-1.0,0.0,-0.3333333333333333,0.10935000000000002,-1,-1,-1,0.356862745098039,0.694117647058824,0.803921568627451
172.82203149795532,0.0,0.018276885096152197,0.03,1,1,1,0.0,0.3333333333333333,0.12150000000000001,-1,-1,-1,1.0,1.0,-1.0,0.0,-0.3333333333333333,0.10935000000000002,-1,-1,-1,0.356862745098039,0.694117647058824,0.803921568627451
172.85685229301453,0.0,0.021076894712288095,0.03,1,1,1,0.0,0.3333333333333333,0.12150000000000001,-1,-1,-1,1.0,1.0,-1.0,0.0,-0.3333333333333333,0.10935000000000002,-1,-1,-1,0.356862745098039,0.694117647058824,0.803921568627451
172.89238238334656,0.0,0.023876904328423994,0.03,1,1,1,0.0,0.3333333333333333,0.12150000000000001,-1,-1,-1,1.0,1.0,-1.0,0.0,-0.3333333333333333,0.10935000000000002,-1,-1,-1,0.356862745098039,0.694117647058824,0.803921568627451
172.92619132995605,0.0,0.026676913944559892,0.03,1,1,1,0.0,0.3333333333333333,0.12150000000000001,-1,-1,-1,1.0,1.0,-1.0,0.0,-0.3333333333333333,0.10935000000000002,-1,-1,-1,0.356862745098039,0.694117647058824,0.803921568627451
172.9603910446167,0.0,0.02947692356069579,0.03,1,1,1,0.0,0.3333333333333333,0.12150000000000001,-1,-1,-1,1.0,1.0,-1.0,0.0,-0.3333333333333333,0.10935000000000002,-1,-1,-1,0.356862745098039,0.694117647058824,0.803921568627451
172.99564957618713,0.0,0.03227693317683168,0.03,1,1,1,0.0,0.3333333333333333,0.12150000000000001,-1,-1,-1,1.0,1.0,-1.0,0.0,-0.3333333333333333,0.10935000000000002,-1,-1,-1,0.356862745098039,0.694117647058824,0.803921568627451
173.0316445827484,0.0,0.03507694279296758,0.03,1,1,1,0.0,0.3333333333333333,0.12150000000000001,-1,-1,-1,1.0,1.0,-1.0,0.0,-0.3333333333333333,0.10935000000000002,-1,-1,-1,0.356862745098039,0.694117647058824,0.803921568627451
173.06486582756042,0.0,0.03787695240910348,0.03,1,1,1,0.0,0.3333333333333333,0.12150000000000001,-1,-1,-1,1.0,1.0,-1.0,0.0,-0.3333333333333333,0.10935000000000002,-1,-1,-1,0.356862745098039,0.694117647058824,0.803921568627451
173.09986424446106,0.0,0.04067696202523938,0.03,1,1,1,0.0,0.3333333333333333,0.12150000000000001,-1,-1,-1,1.0,1.0,-1.0,0.0,-0.3333333333333333,0.10935000000000002,-1,-1,-1,0.356862745098039,0.694117647058824,0.803921568627451
173.13497757911682,0.0,0.043657041361887416,0.03,1,1,1,0.0,0.3333333333333333,0.12150000000000001,-1,-1,-1,1.0,1.0,-1.0,0.0,-0.3333333333333333,0.10935000000000002,-1,-1,-1,0.356862745098039,0.694117647058824,0.803921568627451
173.16933965682983,0.0,0.04735739958058402,0.03,1,1,1,0.0,0.3333333333333333,0.12150000000000001,-1,-1,-1,1.0,1.0,-1.0,0.0,-0.3333333333333333,0.10935000000000002,-1,-1,-1,0.356862745098039,0.694117647058824,0.803921568627451
173.20433259010315,0.0,0.05105775779928062,0.03,1,1,1,0.0,0.3333333333333333,0.12150000000000001,-1,-1,-1,1.0,1.0,-1.0,0.0,-0.3333333333333333,0.10935000000000002,-1,-1,-1,0.356862745098039,0.694117647058824,0.803921568627451
173.23867464065552,0.0,0.054758116017977226,0.03,1,1,1,0.0,0.3333333333333333,0.12150000000000001,-1,-1,-1,1.0,1.0,-1.0,0.0,-0.3333333333333333,0.10935000000000002,-1,-1,-1,0.356862745098039,0.694117647058824,0.803921568627451
173.27346849441528,0.0,0.05845847423667383,0.03,1,1,1,0.0,0.3333333333333333,0.12150000000000001,-1,-1,-1,1.0,1.0,-1.0,0.0,-0.3333333333333333,0.10935000000000002,-1,-1,-1,0.356862745098039,0.694117647058824,0.803921568627451
173.30874967575073,0.0,0.062158832455370426,0.03,1,1,1,0.0,0.3333333333333333,0.12150000000000001,-1,-1,-1,1.0,1.0,-1.0,0.0,-0.3333333333333333,0.10935000000000002,-1,-1,-1,0.356862745098039,0.694117647058824,0.803921568627451
173.343594789505,0.0,0.06585919067406702,0.03,1,1,1,0.0,0.3333333333333333,0.12150000000000001,-1,-1,-1,1.0,1.0,-1.0,0.0,-0.3333333333333333,0.10935000000000002,-1,-1,-1,0.356862745098039,0.694117647058824,0.803921568627451
173.37832045555115,0.0,0.06955954889276363,0.03,1,1,1,0.0,0.3333333333333333,0.12150000000000001,-1,-1,-1,1.0,1.0,-1.0,0.0,-0.3333333333333333,0.10935000000000002,-1,-1,-1,0.356862745098039,0.694117647058824,0.803921568627451
173.41161346435547,0.0,0.07325990711146023,0.03,1,1,1,0.0,0.3333333333333333,0.12150000000000001,-1,-1,-1,1.0,1.0,-1.0,0.0,-0.3333333333333333,0.10935000000000002,-1,-1,-1,0.356862745098039,0.694117647058824,0.803921568627451
173.447585105896,0.0,0.07696026533015683,0.03,1,1,1,0.0,0.3333333333333333,0.12150000000000001,-1,-1,-1,1.0,1.0,-1.0,0.0,-0.3333333333333333,0.10935000000000002,-1,-1,-1,0.356862745098039,0.694117647058824,0.803921568627451
173.48231387138367,0.0,0.08066062354885344,0.03,1,1,1,0.0,0.3333333333333333,0.12150000000000001,-1,-1,-1,1.0,1.0,-1.0,0.0,-0.3333333333333333,0.10935000000000002,-1,-1,-1,0.356862745098039,0.694117647058824,0.803921568627451
173.5170614719391,0.0,0.08436098176755004,0.03,1,1,1,0.0,0.3333333333333333,0.12150000000000001,-1,-1,-1,1.0,1.0,-1.0,0.0,-0.3333333333333333,0.10935000000000002,-1,-1,-1,0.356862745098039,0.694117647058824,0.803921568627451
173.5517659187317,0.0,0.08806133998624664,0.03,1,1,1,0.0,0.3333333333333333,0.12150000000000001,-1,-1,-1,1.0,1.0,-1.0,0.0,-0.3333333333333333,0.10935000000000002,-1,-1,-1,0.356862745098039,0.694117647058824,0.803921568627451
173.58659768104553,0.0,0.09176169820494325,0.03,1,1,1,0.0,0.3333333333333333,0.12150000000000001,-1,-1,-1,1.0,1.0,-1.0,0.0,-0.3333333333333333,0.10935000000000002,-1,-1,-1,0.356862745098039,0.694117647058824,0.803921568627451
173.6216127872467,0.0,0.09546205642363985,0.03,1,1,1,0.0,0.3333333333333333,0.12150000000000001,-1,-1,-1,1.0,1.0,-1.0,0.0,-0.3333333333333333,0.10935000000000002,-1,-1,-1,0.356862745098039,0.694117647058824,0.803921568627451
173.65595626831055,0.0,0.09916241464233645,0.03,1,1,1,0.0,0.3333333333333333,0.12150000000000001,-1,-1,-1,1.0,1.0,-1.0,0.0,-0.3333333333333333,0.10935000000000002,-1,-1,-1,0.356862745098039,0.694117647058824,0.803921568627451
173.69057869911194,0.0,0.10286277286103306,0.03,1,1,1,0.0,0.3333333333333333,0.12150000000000001,-1,-1,-1,1.0,1.0,-1.0,0.0,-0.3333333333333333,0.10935000000000002,-1,-1,-1,0.356862745098039,0.694117647058824,0.803921568627451
173.7254400253296,0.0,0.10656313107972966,0.03,1,1,1,0.0,0.3333333333333333,0.12150000000000001,-1,-1,-1,1.0,1.0,-1.0,0.0,-0.3333333333333333,0.10935000000000002,-1,-1,-1,0.356862745098039,0.694117647058824,0.803921568627451
173.75919461250305,0.0,0.11026348929842626,0.03,1,1,1,0.0,0.3333333333333333,0.12150000000000001,-1,-1,-1,1.0,1.0,-1.0,0.0,-0.3333333333333333,0.10935000000000002,-1,-1,-1,0.356862745098039,0.694117647058824,0.803921568627451
173.79438877105713,0.0,0.11396384751712287,0.03,1,1,1,0.0,0.3333333333333333,0.12150000000000001,-1,-1,-1,1.0,1.0,-1.0,0.0,-0.3333333333333333,0.10935000000000002,-1,-1,-1,0.356862745098039,0.694117647058824,0.803921568627451
173.82910871505737,0.0,0.11766420573581947,0.03,1,1,1,0.0,0.3333333333333333,0.12150000000000001,-1,-1,-1,1.0,1.0,-1.0,0.0,-0.3333333333333333,0.10935000000000002,-1,-1,-1,0.356862745098039,0.694117647058824,0.803921568627451
173.86390805244446,0.0,0.12136456395451604,0.03,1,1,1,0.0,0.3333333333333333,0.12150000000000001,-1,-1,-1,1.0,1.0,-1.0,0.0,-0.3333333333333333,0.10935000000000002,-1,-1,-1,0.356862745098039,0.694117647058824,0.803921568627451
173.89858388900757,0.0,0.12506492217321263,0.03,1,1,1,0.0,0.3333333333333333,0.12150000000000001,-1,-1,-1,1.0,1.0,-1.0,0.0,-0.3333333333333333,0.10935000000000002,-1,-1,-1,0.356862745098039,0.694117647058824,0.803921568627451
173.93281388282776,0.0,0.12876528039190924,0.03,1,1,1,0.0,0.3333333333333333,0.12150000000000001,-1,-1,-1,1.0,1.0,-1.0,0.0,-0.3333333333333333,0.10935000000000002,-1,-1,-1,0.356862745098039,0.694117647058824,0.803921568627451
173.96754026412964,0.0,0.13246563861060584,0.03,1,1,1,0.0,0.3333333333333333,0.12150000000000001,-1,-1,-1,1.0,1.0,-1.0,0.0,-0.3333333333333333,0.10935000000000002,-1,-1,-1,0.356862745098039,0.694117647058824,0.803921568627451
174.0027174949646,0.0,0.13616599682930244,0.03,1,1,1,0.0,0.3333333333333333,0.12150000000000001,-1,-1,-1,1.0,1.0,-1.0,0.0,-0.3333333333333333,0.10935000000000002,-1,-1,-1,0.356862745098039,0.694117647058824,0.803921568627451
174.03734064102173,0.0,0.13986635504799905,0.03,1,1,1,0.0,0.3333333333333333,0.12150000000000001,-1,-1,-1,1.0,1.0,-1.0,0.0,-0.3333333333333333,0.10935000000000002,-1,-1,-1,0.356862745098039,0.694117647058824,0.803921568627451
174.07166051864624,0.0,0.14356671326669565,0.03,1,1,1,0.0,0.3333333333333333,0.12150000000000001,-1,-1,-1,1.0,1.0,-1.0,0.0,-0.3333333333333333,0.10935000000000002,-1,-1,-1,0.356862745098039,0.694117647058824,0.803921568627451
174.10681104660034,0.0,0.14726707148539225,0.03,1,1,1,0.0,0.3333333333333333,0.12150000000000001,-1,-1,-1,1.0,1.0,-1.0,0.0,-0.3333333333333333,0.10935000000000002,-1,-1,-1,0.356862745098039,0.694117647058824,0.803921568627451
174.14143133163452,0.0,0.15096742970408886,0.03,1,1,1,0.0,0.3333333333333333,0.12150000000000001,-1,-1,-1,1.0,1.0,-1.0,0.0,-0.3333333333333333,0.10935000000000002,-1,-1,-1,0.356862745098039,0.694117647058824,0.803921568627451
174.17651391029358,0.0,0.15466778792278546,0.03,1,1,1,0.0,0.3333333333333333,0.12150000000000001,-1,-1,-1,1.0,1.0,-1.0,0.0,-0.3333333333333333,0.10935000000000002,-1,-1,-1,0.356862745098039,0.694117647058824,0.803921568627451
174.21051454544067,0.0,0.15836814614148206,0.03,1,1,1,0.0,0.3333333333333333,0.12150000000000001,-1,-1,-1,1.0,1.0,-1.0,0.0,-0.3333333333333333,0.10935000000000002,-1,-1,-1,0.356862745098039,0.694117647058824,0.803921568627451
174.2451994419098,0.0,0.16206850436017867,0.03,1,1,1,0.0,0.3333333333333333,0.12150000000000001,-1,-1,-1,1.0,1.0,-1.0,0.0,-0.3333333333333333,0.10935000000000002,-1,-1,-1,0.356862745098039,0.694117647058824,0.803921568627451
174.28012108802795,0.0,0.16576886257887527,0.03,1,1,1,0.0,0.3333333333333333,0.12150000000000001,-1,-1,-1,1.0,1.0,-1.0,0.0,-0.3333333333333333,0.10935000000000002,-1,-1,-1,0.356862745098039,0.694117647058824,0.803921568627451
174.31466722488403,0.0,0.16946922079757187,0.03,1,1,1,0.0,0.3333333333333333,0.12150000000000001,-1,-1,-1,1.0,1.0,-1.0,0.0,-0.3333333333333333,0.10935000000000002,-1,-1,-1,0.356862745098039,0.694117647058824,0.803921568627451
174.34981894493103,0.0,0.17086222327668404,0.03,1,1,1,0.0,0.3333333333333333,0.12150000000000001,-1,-1,-1,1.0,1.0,-1.0,0.0,-0.3333333333333333,0.10935000000000002,-1,-1,-1,0.356862745098039,0.694117647058824,0.803921568627451
174.38441944122314,0.0,0.17071698859607326,0.03,1,1,1,0.0,0.3333333333333333,0.12150000000000001,-1,-1,-1,1.0,1.0,-1.0,0.0,-0.3333333333333333,0.10935000000000002,-1,-1,-1,0.356862745098039,0.694117647058824,0.803921568627451
174.41955852508545,0.0,0.17057175391546248,0.03,1,1,1,0.0,0.3333333333333333,0.12150000000000001,-1,-1,-1,1.0,1.0,-1.0,0.0,-0.3333333333333333,0.10935000000000002,-1,-1,-1,0.356862745098039,0.694117647058824,0.803921568627451
174.45373558998108,0.0,0.1704265192348517,0.03,1,1,1,0.0,0.3333333333333333,0.12150000000000001,-1,-1,-1,1.0,1.0,-1.0,0.0,-0.3333333333333333,0.10935000000000002,-1,-1,-1,0.356862745098039,0.694117647058824,0.803921568627451
174.48904037475586,0.0,0.1702812845542409,0.03,1,1,1,0.0,0.3333333333333333,0.12150000000000001,-1,-1,-1,1.0,1.0,-1.0,0.0,-0.3333333333333333,0.10935000000000002,-1,-1,-1,0.356862745098039,0.694117647058824,0.803921568627451
174.52335357666016,0.0,0.17013604987363012,0.03,1,1,1,0.0,0.3333333333333333,0.12150000000000001,-1,-1,-1,1.0,1.0,-1.0,0.0,-0.3333333333333333,0.10935000000000002,-1,-1,-1,0.356862745098039,0.694117647058824,0.803921568627451
174.55848956108093,0.0,0.16999081519301934,0.03,1,1,1,0.0,0.3333333333333333,0.12150000000000001,-1,-1,-1,1.0,1.0,-1.0,0.0,-0.3333333333333333,0.10935000000000002,-1,-1,-1,0.356862745098039,0.694117647058824,0.803921568627451
174.59285807609558,0.0,0.16984558051240856,0.03,1,1,1,0.0,0.3333333333333333,0.12150000000000001,-1,-1,-1,1.0,1.0,-1.0,0.0,-0.3333333333333333,0.10935000000000002,-1,-1,-1,0.356862745098039,0.694117647058824,0.803921568627451
174.62752151489258,0.0,0.16970034583179777,0.03,1,1,1,0.0,0.3333333333333333,0.12150000000000001,-1,-1,-1,1.0,1.0,-1.0,0.0,-0.3333333333333333,0.10935000000000002,-1,-1,-1,0.356862745098039,0.694117647058824,0.803921568627451
174.66217756271362,0.0,0.169555111151187,0.03,1,1,1,0.0,0.3333333333333333,0.12150000000000001,-1,-1,-1,1.0,1.0,-1.0,0.0,-0.3333333333333333,0.10935000000000002,-1,-1,-1,0.356862745098039,0.694117647058824,0.803921568627451
174.69696068763733,0.0,0.1694098764705762,0.03,1,1,1,0.0,0.3333333333333333,0.12150000000000001,-1,-1,-1,1.0,1.0,-1.0,0.0,-0.3333333333333333,0.10935000000000002,-1,-1,-1,0.356862745098039,0.694117647058824,0.803921568627451
174.7320101261139,0.0,0.16926464178996542,0.03,1,1,1,0.0,0.3333333333333333,0.12150000000000001,-1,-1,-1,1.0,1.0,-1.0,0.0,-0.3333333333333333,0.10935000000000002,-1,-1,-1,0.356862745098039,0.694117647058824,0.803921568627451
174.76630449295044,0.0,0.16911940710935464,0.03,1,1,1,0.0,0.3333333333333333,0.12150000000000001,-1,-1,-1,1.0,1.0,-1.0,0.0,-0.3333333333333333,0.10935000000000002,-1,-1,-1,0.356862745098039,0.694117647058824,0.803921568627451
174.80150842666626,0.0,0.16897417242874385,0.03,1,1,1,0.0,0.3333333333333333,0.12150000000000001,-1,-1,-1,1.0,1.0,-1.0,0.0,-0.3333333333333333,0.10935000000000002,-1,-1,-1,0.356862745098039,0.694117647058824,0.803921568627451
174.8359100818634,0.0,0.16882893774813307,0.03,1,1,1,0.0,0.3333333333333333,0.12150000000000001,-1,-1,-1,1.0,1.0,-1.0,0.0,-0.3333333333333333,0.10935000000000002,-1,-1,-1,0.356862745098039,0.694117647058824,0.803921568627451
174.87071871757507,0.0,0.16868370306752228,0.03,1,1,1,0.0,0.3333333333333333,0.12150000000000001,-1,-1,-1,1.0,1.0,-1.0,0.0,-0.3333333333333333,0.10935000000000002,-1,-1,-1,0.356862745098039,0.694117647058824,0.803921568627451
174.9053828716278,0.0,0.1685384683869115,0.03,1,1,1,0.0,0.3333333333333333,0.12150000000000001,-1,-1,-1,1.0,1.0,-1.0,0.0,-0.3333333333333333,0.10935000000000002,-1,-1,-1,0.356862745098039,0.694117647058824,0.803921568627451
174.94053864479065,0.0,0.16839323370630072,0.03,1,1,1,0.0,0.3333333333333333,0.12150000000000001,-1,-1,-1,1.0,1.0,-1.0,0.0,-0.3333333333333333,0.10935000000000002,-1,-1,-1,0.356862745098039,0.694117647058824,0.803921568627451
174.9752538204193,0.0,0.16824799902568993,0.03,1,1,1,0.0,0.3333333333333333,0.12150000000000001,-1,-1,-1,1.0,1.0,-1.0,0.0,-0.3333333333333333,0.10935000000000002,-1,-1,-1,0.356862745098039,0.694117647058824,0.803921568627451
175.00978064537048,0.0,0.16810276434507915,0.03,1,1,1,0.0,0.3333333333333333,0.12150000000000001,-1,-1,-1,1.0,1.0,-1.0,0.0,-0.3333333333333333,0.10935000000000002,-1,-1,-1,0.356862745098039,0.694117647058824,0.803921568627451
175.04462146759033,0.0,0.16795752966446836,0.03,1,1,1,0.0,0.3333333333333333,0.12150000000000001,-1,-1,-1,1.0,1.0,-1.0,0.0,-0.3333333333333333,0.10935000000000002,-1,-1,-1,0.356862745098039,0.694117647058824,0.803921568627451
175.07988834381104,0.0,0.16781229498385758,0.03,1,1,1,0.0,0.3333333333333333,0.12150000000000001,-1,-1,-1,1.0,1.0,-1.0,0.0,-0.3333333333333333,0.10935000000000002,-1,-1,-1,0.356862745098039,0.694117647058824,0.803921568627451
175.11395025253296,0.0,0.1676670603032468,0.03,1,1,1,0.0,0.3333333333333333,0.12150000000000001,-1,-1,-1,1.0,1.0,-1.0,0.0,-0.3333333333333333,0.10935000000000002,-1,-1,-1,0.356862745098039,0.694117647058824,0.803921568627451
175.14867210388184,0.0,0.167521825622636,0.03,1,1,1,0.0,0.3333333333333333,0.12150000000000001,-1,-1,-1,1.0,1.0,-1.0,0.0,-0.3333333333333333,0.10935000000000002,-1,-1,-1,0.356862745098039,0.694117647058824,0.803921568627451
175.18329763412476,0.0,0.16737659094202523,0.03,1,1,1,0.0,0.3333333333333333,0.12150000000000001,-1,-1,-1,1.0,1.0,-1.0,0.0,-0.3333333333333333,0.10935000000000002,-1,-1,-1,0.356862745098039,0.694117647058824,0.803921568627451
175.2181360721588,0.0,0.16723135626141444,0.03,1,1,1,0.0,0.3333333333333333,0.12150000000000001,-1,-1,-1,1.0,1.0,-1.0,0.0,-0.3333333333333333,0.10935000000000002,-1,-1,-1,0.356862745098039,0.694117647058824,0.803921568627451
175.25257682800293,0.0,0.16708612158080366,0.03,1,1,1,0.0,0.3333333333333333,0.12150000000000001,-1,-1,-1,1.0,1.0,-1.0,0.0,-0.3333333333333333,0.10935000000000002,-1,-1,-1,0.356862745098039,0.694117647058824,0.803921568627451
175.28805088996887,0.0,0.16694088690019288,0.03,1,1,1,0.0,0.3333333333333333,0.12150000000000001,-1,-1,-1,1.0,1.0,-1.0,0.0,-0.3333333333333333,0.10935000000000002,-1,-1,-1,0.356862745098039,0.694117647058824,0.803921568627451
175.32217407226562,0.0,0.1667956522195821,0.03,1,1,1,0.0,0.3333333333333333,0.12150000000000001,-1,-1,-1,1.0,1.0,-1.0,0.0,-0.3333333333333333,0.10935000000000002,-1,-1,-1,0.356862745098039,0.694117647058824,0.803921568627451
175.35755562782288,0.0,0.1666504175389713,0.03,1,1,1,0.0,0.3333333333333333,0.12150000000000001,-1,-1,-1,1.0,1.0,-1.0,0.0,-0.3333333333333333,0.10935000000000002,-1,-1,-1,0.356862745098039,0.694117647058824,0.803921568627451
175.392920255661,0.0,0.16650518285836052,0.03,1,1,1,0.0,0.3333333333333333,0.12150000000000001,-1,-1,-1,1.0,1.0,-1.0,0.0,-0.3333333333333333,0.10935000000000002,-1,-1,-1,0.356862745098039,0.694117647058824,0.803921568627451
175.42620372772217,0.0,0.16635994817774974,0.03,1,1,1,0.0,0.3333333333333333,0.12150000000000001,-1,-1,-1,1.0,1.0,-1.0,0.0,-0.3333333333333333,0.10935000000000002,-1,-1,-1,0.356862745098039,0.694117647058824,0.803921568627451
175.4606785774231,0.0,0.16621471349713896,0.03,1,1,1,0.0,0.3333333333333333,0.12150000000000001,-1,-1,-1,1.0,1.0,-1.0,0.0,-0.3333333333333333,0.10935000000000002,-1,-1,-1,0.356862745098039,0.694117647058824,0.803921568627451
175.49556040763855,0.0,0.16606947881652817,0.03,1,1,1,0.0,0.3333333333333333,0.12150000000000001,-1,-1,-1,1.0,1.0,-1.0,0.0,-0.3333333333333333,0.10935000000000002,-1,-1,-1,0.356862745098039,0.694117647058824,0.803921568627451
175.53023958206177,0.0,0.1659242441359174,0.03,1,1,1,0.0,0.3333333333333333,0.12150000000000001,-1,-1,-1,1.0,1.0,-1.0,0.0,-0.3333333333333333,0.10935000000000002,-1,-1,-1,0.356862745098039,0.694117647058824,0.803921568627451
175.56576776504517,0.0,0.16778748202733146,0.03,1,1,1,0.0,0.3333333333333333,0.12150000000000001,-1,-1,-1,1.0,1.0,-1.0,0.0,-0.3333333333333333,0.10935000000000002,-1,-1,-1,0.356862745098039,0.694117647058824,0.803921568627451
175.59977293014526,0.0,0.16965071991874553,0.03,1,1,1,0.0,0.3333333333333333,0.12150000000000001,-1,-1,-1,1.0,1.0,-1.0,0.0,-0.3333333333333333,0.10935000000000002,-1,-1,-1,0.356862745098039,0.694117647058824,0.803921568627451
175.6341049671173,0.0,0.1715139578101596,0.03,1,1,1,0.0,0.3333333333333333,0.12150000000000001,-1,-1,-1,1.0,1.0,-1.0,0.0,-0.3333333333333333,0.10935000000000002,-1,-1,-1,0.356862745098039,0.694117647058824,0.803921568627451
175.66951155662537,0.0,0.17337719570157367,0.03,1,1,1,0.0,0.3333333333333333,0.12150000000000001,-1,-1,-1,1.0,1.0,-1.0,0.0,-0.3333333333333333,0.10935000000000002,-1,-1,-1,0.356862745098039,0.694117647058824,0.803921568627451
175.7035834789276,0.0,0.17524043359298774,0.03,1,1,1,0.0,0.3333333333333333,0.12150000000000001,-1,-1,-1,1.0,1.0,-1.0,0.0,-0.3333333333333333,0.10935000000000002,-1,-1,-1,0.356862745098039,0.694117647058824,0.803921568627451
175.73885130882263,0.0,0.17710367148440181,0.03,1,1,1,0.0,0.3333333333333333,0.12150000000000001,-1,-1,-1,1.0,1.0,-1.0,0.0,-0.3333333333333333,0.10935000000000002,-1,-1,-1,0.356862745098039,0.694117647058824,0.803921568627451
175.77314805984497,0.0,0.17896690937581589,0.03,1,1,1,0.0,0.3333333333333333,0.12150000000000001,-1,-1,-1,1.0,1.0,-1.0,0.0,-0.3333333333333333,0.10935000000000002,-1,-1,-1,0.356862745098039,0.694117647058824,0.803921568627451
175.80860829353333,0.0,0.18083014726722996,0.03,1,1,1,0.0,0.3333333333333333,0.12150000000000001,-1,-1,-1,1.0,1.0,-1.0,0.0,-0.3333333333333333,0.10935000000000002,-1,-1,-1,0.356862745098039,0.694117647058824,0.803921568627451
175.84300088882446,0.0,0.18269338515864403,0.03,1,1,1,0.0,0.3333333333333333,0.12150000000000001,-1,-1,-1,1.0,1.0,-1.0,0.0,-0.3333333333333333,0.10935000000000002,-1,-1,-1,0.356862745098039,0.694117647058824,0.803921568627451
175.87780213356018,0.0,0.1845566230500581,0.03,1,1,1,0.0,0.3333333333333333,0.12150000000000001,-1,-1,-1,1.0,1.0,-1.0,0.0,-0.3333333333333333,0.10935000000000002,-1,-1,-1,0.356862745098039,0.694117647058824,0.803921568627451
175.91243982315063,0.0,0.18641986094147217,0.03,1,1,1,0.0,0.3333333333333333,0.12150000000000001,-1,-1,-1,1.0,1.0,-1.0,0.0,-0.3333333333333333,0.10935000000000002,-1,-1,-1,0.356862745098039,0.694117647058824,0.803921568627451
175.94656896591187,0.0,0.18828309883288624,0.03,1,1,1,0.0,0.3333333333333333,0.12150000000000001,-1,-1,-1,1.0,1.0,-1.0,0.0,-0.3333333333333333,0.10935000000000002,-1,-1,-1,0.356862745098039,0.694117647058824,0.803921568627451
175.98133873939514,0.0,0.1901463367243003,0.03,1,1,1,0.0,0.3333333333333333,0.12150000000000001,-1,-1,-1,1.0,1.0,-1.0,0.0,-0.3333333333333333,0.10935000000000002,-1,-1,-1,0.356862745098039,0.694117647058824,0.803921568627451
176.01675510406494,0.0,0.19200957461571438,0.03,1,1,1,0.0,0.3333333333333333,0.12150000000000001,-1,-1,-1,1.0,1.0,-1.0,0.0,-0.3333333333333333,0.10935000000000002,-1,-1,-1,0.356862745098039,0.694117647058824,0.803921568627451
176.05100679397583,0.0,0.19387281250712846,0.03,1,1,1,0.0,0.3333333333333333,0.12150000000000001,-1,-1,-1,1.0,1.0,-1.0,0.0,-0.3333333333333333,0.10935000000000002,-1,-1,-1,0.356862745098039,0.694117647058824,0.803921568627451
176.08597421646118,0.0,0.19573605039854253,0.03,1,1,1,0.0,0.3333333333333333,0.12150000000000001,-1,-1,-1,1.0,1.0,-1.0,0.0,-0.3333333333333333,0.10935000000000002,-1,-1,-1,0.356862745098039,0.694117647058824,0.803921568627451
176.12124252319336,0.0,0.1975992882899566,0.03,1,1,1,0.0,0.3333333333333333,0.12150000000000001,-1,-1,-1,1.0,1.0,-1.0,0.0,-0.3333333333333333,0.10935000000000002,-1,-1,-1,0.356862745098039,0.694117647058824,0.803921568627451
176.15589332580566,0.0,0.19946252618137067,0.03,1,1,1,0.0,0.3333333333333333,0.12150000000000001,-1,-1,-1,1.0,1.0,-1.0,0.0,-0.3333333333333333,0.10935000000000002,-1,-1,-1,0.356862745098039,0.694117647058824,0.803921568627451
176.19109320640564,0.0,0.20132576407278474,0.03,1,1,1,0.0,0.3333333333333333,0.12150000000000001,-1,-1,-1,1.0,1.0,-1.0,0.0,-0.3333333333333333,0.10935000000000002,-1,-1,-1,0.356862745098039,0.694117647058824,0.803921568627451
176.22566103935242,0.0,0.2031890019641988,0.03,1,1,1,0.0,0.3333333333333333,0.12150000000000001,-1,-1,-1,1.0,1.0,-1.0,0.0,-0.3333333333333333,0.10935000000000002,-1,-1,-1,0.356862745098039,0.694117647058824,0.803921568627451
176.26001572608948,0.0,0.20505223985561288,0.03,1,1,1,0.0,0.3333333333333333,0.12150000000000001,-1,-1,-1,1.0,1.0,-1.0,0.0,-0.3333333333333333,0.10935000000000002,-1,-1,-1,0.356862745098039,0.694117647058824,0.803921568627451
176.29492616653442,0.0,0.20691547774702695,0.03,1,1,1,0.0,0.3333333333333333,0.12150000000000001,-1,-1,-1,1.0,1.0,-1.0,0.0,-0.3333333333333333,0.10935000000000002,-1,-1,-1,0.356862745098039,0.694117647058824,0.803921568627451
176.32950615882874,0.0,0.20877871563844103,0.03,1,1,1,0.0,0.3333333333333333,0.12150000000000001,-1,-1,-1,1.0,1.0,-1.0,0.0,-0.3333333333333333,0.10935000000000002,-1,-1,-1,0.356862745098039,0.694117647058824,0.803921568627451
176.36338305473328,0.0,0.2106419535298551,0.03,1,1,1,0.0,0.3333333333333333,0.12150000000000001,-1,-1,-1,1.0,1.0,-1.0,0.0,-0.3333333333333333,0.10935000000000002,-1,-1,-1,0.356862745098039,0.694117647058824,0.803921568627451
176.39859175682068,0.0,0.21250519142126917,0.03,1,1,1,0.0,0.3333333333333333,0.12150000000000001,-1,-1,-1,1.0,1.0,-1.0,0.0,-0.3333333333333333,0.10935000000000002,-1,-1,-1,0.356862745098039,0.694117647058824,0.803921568627451
176.43281173706055,0.0,0.21436842931268324,0.03,1,1,1,0.0,0.3333333333333333,0.12150000000000001,-1,-1,-1,1.0,1.0,-1.0,0.0,-0.3333333333333333,0.10935000000000002,-1,-1,-1,0.356862745098039,0.694117647058824,0.803921568627451
176.46788549423218,0.0,0.2162316672040973,0.03,1,1,1,0.0,0.3333333333333333,0.12150000000000001,-1,-1,-1,1.0,1.0,-1.0,0.0,-0.3333333333333333,0.10935000000000002,-1,-1,-1,0.356862745098039,0.694117647058824,0.803921568627451
176.5024881362915,0.0,0.21809490509551138,0.03,1,1,1,0.0,0.3333333333333333,0.12150000000000001,-1,-1,-1,1.0,1.0,-1.0,0.0,-0.3333333333333333,0.10935000000000002,-1,-1,-1,0.356862745098039,0.694117647058824,0.803921568627451
176.5373878479004,0.0,0.21995814298692545,0.03,1,1,1,0.0,0.3333333333333333,0.12150000000000001,-1,-1,-1,1.0,1.0,-1.0,0.0,-0.3333333333333333,0.10935000000000002,-1,-1,-1,0.356862745098039,0.694117647058824,0.803921568627451
176.5719838142395,0.0,0.22182138087833952,0.03,1,1,1,0.0,0.3333333333333333,0.12150000000000001,-1,-1,-1,1.0,1.0,-1.0,0.0,-0.3333333333333333,0.10935000000000002,-1,-1,-1,0.356862745098039,0.694117647058824,0.803921568627451
176.60682821273804,0.0,0.2236846187697536,0.03,1,1,1,0.0,0.3333333333333333,0.12150000000000001,-1,-1,-1,1.0,1.0,-1.0,0.0,-0.3333333333333333,0.10935000000000002,-1,-1,-1,0.356862745098039,0.694117647058824,0.803921568627451
176.6416687965393,0.0,0.22554785666116767,0.03,1,1,1,0.0,0.3333333333333333,0.12150000000000001,-1,-1,-1,1.0,1.0,-1.0,0.0,-0.3333333333333333,0.10935000000000002,-1,-1,-1,0.356862745098039,0.694117647058824,0.803921568627451
176.67639899253845,0.0,0.22741109455258174,0.03,1,1,1,0.0,0.3333333333333333,0.12150000000000001,-1,-1,-1,1.0,1.0,-1.0,0.0,-0.3333333333333333,0.10935000000000002,-1,-1,-1,0.356862745098039,0.694117647058824,0.803921568627451
176.71163129806519,0.0,0.2292743324439958,0.03,1,1,1,0.0,0.3333333333333333,0.12150000000000001,-1,-1,-1,1.0,1.0,-1.0,0.0,-0.3333333333333333,0.10935000000000002,-1,-1,-1,0.356862745098039,0.694117647058824,0.803921568627451
176.746324300766,0.0,0.23134587702317194,0.03,1,1,1,0.0,0.3333333333333333,0.12150000000000001,-1,-1,-1,1.0,1.0,-1.0,0.0,-0.3333333333333333,0.10935000000000002,-1,-1,-1,0.356862745098039,0.694117647058824,0.803921568627451
176.78030443191528,0.0,0.23372988163399117,0.03,1,1,1,0.0,0.3333333333333333,0.12150000000000001,-1,-1,-1,1.0,1.0,-1.0,0.0,-0.3333333333333333,0.10935000000000002,-1,-1,-1,0.356862745098039,0.694117647058824,0.803921568627451
176.81493973731995,0.0,0.2361138862448104,0.03,1,1,1,0.0,0.3333333333333333,0.12150000000000001,-1,-1,-1,1.0,1.0,-1.0,0.0,-0.3333333333333333,0.10935000000000002,-1,-1,-1,0.356862745098039,0.694117647058824,0.803921568627451
176.85003471374512,0.0,0.23849789085562964,0.03,1,1,1,0.0,0.3333333333333333,0.12150000000000001,-1,-1,-1,1.0,1.0,-1.0,0.0,-0.3333333333333333,0.10935000000000002,-1,-1,-1,0.356862745098039,0.694117647058824,0.803921568627451
176.88442087173462,0.0,0.2408818954664489,0.03,1,1,1,0.0,0.3333333333333333,0.12150000000000001,-1,-1,-1,1.0,1.0,-1.0,0.0,-0.3333333333333333,0.10935000000000002,-1,-1,-1,0.356862745098039,0.694117647058824,0.803921568627451
176.9185540676117,0.0,0.24326590007726814,0.03,1,1,1,0.0,0.3333333333333333,0.12150000000000001,-1,-1,-1,1.0,1.0,-1.0,0.0,-0.3333333333333333,0.10935000000000002,-1,-1,-1,0.356862745098039,0.694117647058824,0.803921568627451
176.9538016319275,0.0,0.2456499046880874,0.03,1,1,1,0.0,0.3333333333333333,0.12150000000000001,-1,-1,-1,1.0,1.0,-1.0,0.0,-0.3333333333333333,0.10935000000000002,-1,-1,-1,0.356862745098039,0.694117647058824,0.803921568627451
176.98844075202942,0.0,0.24803390929890665,0.03,1,1,1,0.0,0.3333333333333333,0.12150000000000001,-1,-1,-1,1.0,1.0,-1.0,0.0,-0.3333333333333333,0.10935000000000002,-1,-1,-1,0.356862745098039,0.694117647058824,0.803921568627451
177.02384686470032,0.0,0.2504179139097259,0.03,1,1,1,0.0,0.3333333333333333,0.12150000000000001,-1,-1,-1,1.0,1.0,-1.0,0.0,-0.3333333333333333,0.10935000000000002,-1,-1,-1,0.356862745098039,0.694117647058824,0.803921568627451
177.05795788764954,0.0,0.2528019185205451,0.03,1,1,1,0.0,0.3333333333333333,0.12150000000000001,-1,-1,-1,1.0,1.0,-1.0,0.0,-0.3333333333333333,0.10935000000000002,-1,-1,-1,0.356862745098039,0.694117647058824,0.803921568627451
177.092622756958,0.0,0.25518592313136435,0.03,1,1,1,0.0,0.3333333333333333,0.12150000000000001,-1,-1,-1,1.0,1.0,-1.0,0.0,-0.3333333333333333,0.10935000000000002,-1,-1,-1,0.356862745098039,0.694117647058824,0.803921568627451
177.12737894058228,0.0,0.25756992774218357,0.03,1,1,1,0.0,0.3333333333333333,0.12150000000000001,-1,-1,-1,1.0,1.0,-1.0,0.0,-0.3333333333333333,0.10935000000000002,-1,-1,-1,0.356862745098039,0.694117647058824,0.803921568627451
177.16191029548645,0.0,0.2599539323530028,0.03,1,1,1,0.0,0.3333333333333333,0.12150000000000001,-1,-1,-1,1.0,1.0,-1.0,0.0,-0.3333333333333333,0.10935000000000002,-1,-1,-1,0.356862745098039,0.694117647058824,0.803921568627451
177.19719910621643,0.0,0.262337936963822,0.03,1,1,1,0.0,0.3333333333333333,0.12150000000000001,-1,-1,-1,1.0,1.0,-1.0,0.0,-0.3333333333333333,0.10935000000000002,-1,-1,-1,0.356862745098039,0.694117647058824,0.803921568627451
177.23136520385742,0.0,0.26472194157464124,0.03,1,1,1,0.0,0.3333333333333333,0.12150000000000001,-1,-1,-1,1.0,1.0,-1.0,0.0,-0.3333333333333333,0.10935000000000002,-1,-1,-1,0.356862745098039,0.694117647058824,0.803921568627451
177.26621508598328,0.0,0.26710594618546046,0.03,1,1,1,0.0,0.3333333333333333,0.12150000000000001,-1,-1,-1,1.0,1.0,-1.0,0.0,-0.3333333333333333,0.10935000000000002,-1,-1,-1,0.356862745098039,0.694117647058824,0.803921568627451
177.30115509033203,0.0,0.2694899507962797,0.03,1,1,1,0.0,0.3333333333333333,0.12150000000000001,-1,-1,-1,1.0,1.0,-1.0,0.0,-0.3333333333333333,0.10935000000000002,-1,-1,-1,0.356862745098039,0.694117647058824,0.803921568627451
177.3358075618744,0.0,0.2718739554070989,0.03,1,1,1,0.0,0.3333333333333333,0.12150000000000001,-1,-1,-1,1.0,1.0,-1.0,0.0,-0.3333333333333333,0.10935000000000002,-1,-1,-1,0.356862745098039,0.694117647058824,0.803921568627451
177.37040448188782,0.0,0.27425796001791813,0.03,1,1,1,0.0,0.3333333333333333,0.12150000000000001,-1,-1,-1,1.0,1.0,-1.0,0.0,-0.3333333333333333,0.10935000000000002,-1,-1,-1,0.356862745098039,0.694117647058824,0.803921568627451
177.40545463562012,0.0,0.27664196462873736,0.03,1,1,1,0.0,0.3333333333333333,0.12150000000000001,-1,-1,-1,1.0,1.0,-1.0,0.0,-0.3333333333333333,0.10935000000000002,-1,-1,-1,0.356862745098039,0.694117647058824,0.803921568627451
177.43985199928284,0.0,0.2790259692395566,0.03,1,1,1,0.0,0.3333333333333333,0.12150000000000001,-1,-1,-1,1.0,1.0,-1.0,0.0,-0.3333333333333333,0.10935000000000002,-1,-1,-1,0.356862745098039,0.694117647058824,0.803921568627451
177.47512006759644,0.0,0.2814099738503758,0.03,1,1,1,0.0,0.3333333333333333,0.12150000000000001,-1,-1,-1,1.0,1.0,-1.0,0.0,-0.3333333333333333,0.10935000000000002,-1,-1,-1,0.356862745098039,0.694117647058824,0.803921568627451
177.5097713470459,0.0,0.28379397846119503,0.03,1,1,1,0.0,0.3333333333333333,0.12150000000000001,-1,-1,-1,1.0,1.0,-1.0,0.0,-0.3333333333333333,0.10935000000000002,-1,-1,-1,0.356862745098039,0.694117647058824,0.803921568627451
177.54425144195557,0.0,0.28617798307201425,0.03,1,1,1,0.0,0.3333333333333333,0.12150000000000001,-1,-1,-1,1.0,1.0,-1.0,0.0,-0.3333333333333333,0.10935000000000002,-1,-1,-1,0.356862745098039,0.694117647058824,0.803921568627451
177.57917475700378,0.0,0.2885619876828335,0.03,1,1,1,0.0,0.3333333333333333,0.12150000000000001,-1,-1,-1,1.0,1.0,-1.0,0.0,-0.3333333333333333,0.10935000000000002,-1,-1,-1,0.356862745098039,0.694117647058824,0.803921568627451
177.61398649215698,0.0,0.2909459922936527,0.03,1,1,1,0.0,0.3333333333333333,0.12150000000000001,-1,-1,-1,1.0,1.0,-1.0,0.0,-0.3333333333333333,0.10935000000000002,-1,-1,-1,0.356862745098039,0.694117647058824,0.803921568627451
177.6481409072876,0.0,0.2933299969044719,0.03,1,1,1,0.0,0.3333333333333333,0.12150000000000001,-1,-1,-1,1.0,1.0,-1.0,0.0,-0.3333333333333333,0.10935000000000002,-1,-1,-1,0.356862745098039,0.694117647058824,0.803921568627451
177.6830792427063,0.0,0.29571400151529115,0.03,1,1,1,0.0,0.3333333333333333,0.12150000000000001,-1,-1,-1,1.0,1.0,-1.0,0.0,-0.3333333333333333,0.10935000000000002,-1,-1,-1,0.356862745098039,0.694117647058824,0.803921568627451
177.71779036521912,0.0,0.29809800612611037,0.03,1,1,1,0.0,0.3333333333333333,0.12150000000000001,-1,-1,-1,1.0,1.0,-1.0,0.0,-0.3333333333333333,0.10935000000000002,-1,-1,-1,0.356862745098039,0.694117647058824,0.803921568627451
177.75244879722595,0.0,0.3004820107369296,0.03,1,1,1,0.0,0.3333333333333333,0.12150000000000001,-1,-1,-1,1.0,1.0,-1.0,0.0,-0.3333333333333333,0.10935000000000002,-1,-1,-1,0.356862745098039,0.694117647058824,0.803921568627451
177.78725337982178,0.0,0.3028660153477488,0.03,1,1,1,0.0,0.3333333333333333,0.12150000000000001,-1,-1,-1,1.0,1.0,-1.0,0.0,-0.3333333333333333,0.10935000000000002,-1,-1,-1,0.356862745098039,0.694117647058824,0.803921568627451
177.82202315330505,0.0,0.30525001995856804,0.03,1,1,1,0.0,0.3333333333333333,0.12150000000000001,-1,-1,-1,1.0,1.0,-1.0,0.0,-0.3333333333333333,0.10935000000000002,-1,-1,-1,0.356862745098039,0.694117647058824,0.803921568627451
177.85682368278503,0.0,0.30763402456938727,0.03,1,1,1,0.0,0.3333333333333333,0.12150000000000001,-1,-1,-1,1.0,1.0,-1.0,0.0,-0.3333333333333333,0.10935000000000002,-1,-1,-1,0.356862745098039,0.694117647058824,0.803921568627451
177.89145398139954,0.0,0.3100180291802065,0.03,1,1,1,0.0,0.3333333333333333,0.12150000000000001,-1,-1,-1,1.0,1.0,-1.0,0.0,-0.3333333333333333,0.10935000000000002,-1,-1,-1,0.356862745098039,0.694117647058824,0.803921568627451
177.92613863945007,0.0,0.3124020337910257,0.03,1,1,1,0.0,0.3333333333333333,0.12150000000000001,-1,-1,-1,1.0,1.0,-1.0,0.0,-0.3333333333333333,0.10935000000000002,-1,-1,-1,0.356862745098039,0.694117647058824,0.803921568627451
177.96115922927856,0.0,0.31116659547178227,0.03,1,1,1,0.0,0.3333333333333333,0.12150000000000001,-1,-1,-1,1.0,1.0,-1.0,0.0,-0.3333333333333333,0.10935000000000002,-1,-1,-1,0.356862745098039,0.694117647058824,0.803921568627451
177.99565052986145,0.0,0.30902629642002316,0.03,1,1,1,0.0,0.3333333333333333,0.12150000000000001,-1,-1,-1,1.0,1.0,-1.0,0.0,-0.3333333333333333,0.10935000000000002,-1,-1,-1,0.356862745098039,0.694117647058824,0.803921568627451
178.0305757522583,0.0,0.30688599736826405,0.03,1,1,1,0.0,0.3333333333333333,0.12150000000000001,-1,-1,-1,1.0,1.0,-1.0,0.0,-0.3333333333333333,0.10935000000000002,-1,-1,-1,0.356862745098039,0.694117647058824,0.803921568627451
178.06498885154724,0.0,0.30474569831650494,0.03,1,1,1,0.0,0.3333333333333333,0.12150000000000001,-1,-1,-1,1.0,1.0,-1.0,0.0,-0.3333333333333333,0.10935000000000002,-1,-1,-1,0.356862745098039,0.694117647058824,0.803921568627451
178.09968304634094,0.0,0.30260539926474583,0.03,1,1,1,0.0,0.3333333333333333,0.12150000000000001,-1,-1,-1,1.0,1.0,-1.0,0.0,-0.3333333333333333,0.10935000000000002,-1,-1,-1,0.356862745098039,0.694117647058824,0.803921568627451
178.1348376274109,0.0,0.3004651002129867,0.03,1,1,1,0.0,0.3333333333333333,0.12150000000000001,-1,-1,-1,1.0,1.0,-1.0,0.0,-0.3333333333333333,0.10935000000000002,-1,-1,-1,0.356862745098039,0.694117647058824,0.803921568627451
178.16920351982117,0.0,0.2983248011612276,0.03,1,1,1,0.0,0.3333333333333333,0.12150000000000001,-1,-1,-1,1.0,1.0,-1.0,0.0,-0.3333333333333333,0.10935000000000002,-1,-1,-1,0.356862745098039,0.694117647058824,0.803921568627451
178.20371866226196,0.0,0.2961845021094685,0.03,1,1,1,0.0,0.3333333333333333,0.12150000000000001,-1,-1,-1,1.0,1.0,-1.0,0.0,-0.3333333333333333,0.10935000000000002,-1,-1,-1,0.356862745098039,0.694117647058824,0.803921568627451
178.2381637096405,0.0,0.2940442030577094,0.03,1,1,1,0.0,0.3333333333333333,0.12150000000000001,-1,-1,-1,1.0,1.0,-1.0,0.0,-0.3333333333333333,0.10935000000000002,-1,-1,-1,0.356862745098039,0.694117647058824,0.803921568627451
178.27293014526367,0.0,0.2919039040059503,0.03,1,1,1,0.0,0.3333333333333333,0.12150000000000001,-1,-1,-1,1.0,1.0,-1.0,0.0,-0.3333333333333333,0.10935000000000002,-1,-1,-1,0.356862745098039,0.694117647058824,0.803921568627451
178.3076868057251,0.0,0.2897636049541912,0.03,1,1,1,0.0,0.3333333333333333,0.12150000000000001,-1,-1,-1,1.0,1.0,-1.0,0.0,-0.3333333333333333,0.10935000000000002,-1,-1,-1,0.356862745098039,0.694117647058824,0.803921568627451
178.3429136276245,0.0,0.28762330590243207,0.03,1,1,1,0.0,0.3333333333333333,0.12150000000000001,-1,-1,-1,1.0,1.0,-1.0,0.0,-0.3333333333333333,0.10935000000000002,-1,-1,-1,0.356862745098039,0.694117647058824,0.803921568627451
178.37745594978333,0.0,0.28548300685067296,0.03,1,1,1,0.0,0.3333333333333333,0.12150000000000001,-1,-1,-1,1.0,1.0,-1.0,0.0,-0.3333333333333333,0.10935000000000002,-1,-1,-1,0.356862745098039,0.694117647058824,0.803921568627451
178.41210293769836,0.0,0.28334270779891385,0.03,1,1,1,0.0,0.3333333333333333,0.12150000000000001,-1,-1,-1,1.0,1.0,-1.0,0.0,-0.3333333333333333,0.10935000000000002,-1,-1,-1,0.356862745098039,0.694117647058824,0.803921568627451
178.4461100101471,0.0,0.28120240874715474,0.03,1,1,1,0.0,0.3333333333333333,0.12150000000000001,-1,-1,-1,1.0,1.0,-1.0,0.0,-0.3333333333333333,0.10935000000000002,-1,-1,-1,0.356862745098039,0.694117647058824,0.803921568627451
178.48083686828613,0.0,0.27906210969539563,0.03,1,1,1,0.0,0.3333333333333333,0.12150000000000001,-1,-1,-1,1.0,1.0,-1.0,0.0,-0.3333333333333333,0.10935000000000002,-1,-1,-1,0.356862745098039,0.694117647058824,0.803921568627451
178.5157458782196,0.0,0.2769218106436365,0.03,1,1,1,0.0,0.3333333333333333,0.12150000000000001,-1,-1,-1,1.0,1.0,-1.0,0.0,-0.3333333333333333,0.10935000000000002,-1,-1,-1,0.356862745098039,0.694117647058824,0.803921568627451
178.55119729042053,0.0,0.2747815115918774,0.03,1,1,1,0.0,0.3333333333333333,0.12150000000000001,-1,-1,-1,1.0,1.0,-1.0,0.0,-0.3333333333333333,0.10935000000000002,-1,-1,-1,0.356862745098039,0.694117647058824,0.803921568627451
178.58594727516174,0.0,0.2726412125401183,0.03,1,1,1,0.0,0.3333333333333333,0.12150000000000001,-1,-1,-1,1.0,1.0,-1.0,0.0,-0.3333333333333333,0.10935000000000002,-1,-1,-1,0.356862745098039,0.694117647058824,0.803921568627451
178.62087988853455,0.0,0.2705009134883592,0.03,1,1,1,0.0,0.3333333333333333,0.12150000000000001,-1,-1,-1,1.0,1.0,-1.0,0.0,-0.3333333333333333,0.10935000000000002,-1,-1,-1,0.356862745098039,0.694117647058824,0.803921568627451
178.65552139282227,0.0,0.2683606144366001,0.03,1,1,1,0.0,0.3333333333333333,0.12150000000000001,-1,-1,-1,1.0,1.0,-1.0,0.0,-0.3333333333333333,0.10935000000000002,-1,-1,-1,0.356862745098039,0.694117647058824,0.803921568627451
178.69095635414124,0.0,0.266220315384841,0.03,1,1,1,0.0,0.3333333333333333,0.12150000000000001,-1,-1,-1,1.0,1.0,-1.0,0.0,-0.3333333333333333,0.10935000000000002,-1,-1,-1,0.356862745098039,0.694117647058824,0.803921568627451
178.72467517852783,0.0,0.26408001633308187,0.03,1,1,1,0.0,0.3333333333333333,0.12150000000000001,-1,-1,-1,1.0,1.0,-1.0,0.0,-0.3333333333333333,0.10935000000000002,-1,-1,-1,0.356862745098039,0.694117647058824,0.803921568627451
178.7598078250885,0.0,0.26193971728132276,0.03,1,1,1,0.0,0.3333333333333333,0.12150000000000001,-1,-1,-1,1.0,1.0,-1.0,0.0,-0.3333333333333333,0.10935000000000002,-1,-1,-1,0.356862745098039,0.694117647058824,0.803921568627451
178.79432654380798,0.0,0.25979941822956365,0.03,1,1,1,0.0,0.3333333333333333,0.12150000000000001,-1,-1,-1,1.0,1.0,-1.0,0.0,-0.3333333333333333,0.10935000000000002,-1,-1,-1,0.356862745098039,0.694117647058824,0.803921568627451
178.82885599136353,0.0,0.25765911917780454,0.03,1,1,1,0.0,0.3333333333333333,0.12150000000000001,-1,-1,-1,1.0,1.0,-1.0,0.0,-0.3333333333333333,0.10935000000000002,-1,-1,-1,0.356862745098039,0.694117647058824,0.803921568627451
178.86355900764465,0.0,0.25551882012604543,0.03,1,1,1,0.0,0.3333333333333333,0.12150000000000001,-1,-1,-1,1.0,1.0,-1.0,0.0,-0.3333333333333333,0.10935000000000002,-1,-1,-1,0.356862745098039,0.694117647058824,0.803921568627451
178.91240882873535,0.0,0.2533785210742863,0.03,1,1,1,0.0,0.3333333333333333,0.12150000000000001,-1,-1,-1,1.0,1.0,-1.0,0.0,-0.3333333333333333,0.10935000000000002,-1,-1,-1,0.356862745098039,0.694117647058824,0.803921568627451
178.947518825531,0.0,0.2512382220225272,0.03,1,1,1,0.0,0.3333333333333333,0.12150000000000001,-1,-1,-1,1.0,1.0,-1.0,0.0,-0.3333333333333333,0.10935000000000002,-1,-1,-1,0.356862745098039,0.694117647058824,0.803921568627451
178.9820876121521,0.0,0.2490979229707681,0.03,1,1,1,0.0,0.3333333333333333,0.12150000000000001,-1,-1,-1,1.0,1.0,-1.0,0.0,-0.3333333333333333,0.10935000000000002,-1,-1,-1,0.356862745098039,0.694117647058824,0.803921568627451
179.01739311218262,0.0,0.24695762391900894,0.03,1,1,1,0.0,0.3333333333333333,0.12150000000000001,-1,-1,-1,1.0,1.0,-1.0,0.0,-0.3333333333333333,0.10935000000000002,-1,-1,-1,0.356862745098039,0.694117647058824,0.803921568627451
179.052166223526,0.0,0.24481732486724983,0.03,1,1,1,0.0,0.3333333333333333,0.12150000000000001,-1,-1,-1,1.0,1.0,-1.0,0.0,-0.3333333333333333,0.10935000000000002,-1,-1,-1,0.356862745098039,0.694117647058824,0.803921568627451
179.08677196502686,0.0,0.24267702581549072,0.03,1,1,1,0.0,0.3333333333333333,0.12150000000000001,-1,-1,-1,1.0,1.0,-1.0,0.0,-0.3333333333333333,0.10935000000000002,-1,-1,-1,0.356862745098039,0.694117647058824,0.803921568627451
179.12141966819763,0.0,0.24053672676373164,0.03,1,1,1,0.0,0.3333333333333333,0.12150000000000001,-1,-1,-1,1.0,1.0,-1.0,0.0,-0.3333333333333333,0.10935000000000002,-1,-1,-1,0.356862745098039,0.694117647058824,0.803921568627451
179.15503096580505,0.0,0.24037295977764103,0.03,1,1,1,0.0,0.3333333333333333,0.12150000000000001,-1,-1,-1,1.0,1.0,-1.0,0.0,-0.3333333333333333,0.10935000000000002,-1,-1,-1,0.356862745098039,0.694117647058824,0.803921568627451
179.19011402130127,0.0,0.24152688083532958,0.03,1,1,1,0.0,0.3333333333333333,0.12150000000000001,-1,-1,-1,1.0,1.0,-1.0,0.0,-0.3333333333333333,0.10935000000000002,-1,-1,-1,0.356862745098039,0.694117647058824,0.803921568627451
179.22485518455505,0.0,0.2426808018930181,0.03,1,1,1,0.0,0.3333333333333333,0.12150000000000001,-1,-1,-1,1.0,1.0,-1.0,0.0,-0.3333333333333333,0.10935000000000002,-1,-1,-1,0.356862745098039,0.694117647058824,0.803921568627451
179.25974869728088,0.0,0.24383472295070657,0.03,1,1,1,0.0,0.3333333333333333,0.12150000000000001,-1,-1,-1,1.0,1.0,-1.0,0.0,-0.3333333333333333,0.10935000000000002,-1,-1,-1,0.356862745098039,0.694117647058824,0.803921568627451
179.29458212852478,0.0,0.24498864400839512,0.03,1,1,1,0.0,0.3333333333333333,0.12150000000000001,-1,-1,-1,1.0,1.0,-1.0,0.0,-0.3333333333333333,0.10935000000000002,-1,-1,-1,0.356862745098039,0.694117647058824,0.803921568627451
179.32905387878418,0.0,0.24614256506608365,0.03,1,1,1,0.0,0.3333333333333333,0.12150000000000001,-1,-1,-1,1.0,1.0,-1.0,0.0,-0.3333333333333333,0.10935000000000002,-1,-1,-1,0.356862745098039,0.694117647058824,0.803921568627451
179.36372065544128,0.0,0.2472964861237721,0.03,1,1,1,0.0,0.3333333333333333,0.12150000000000001,-1,-1,-1,1.0,1.0,-1.0,0.0,-0.3333333333333333,0.10935000000000002,-1,-1,-1,0.356862745098039,0.694117647058824,0.803921568627451
179.3983964920044,0.0,0.24845040718146066,0.03,1,1,1,0.0,0.3333333333333333,0.12150000000000001,-1,-1,-1,1.0,1.0,-1.0,0.0,-0.3333333333333333,0.10935000000000002,-1,-1,-1,0.356862745098039,0.694117647058824,0.803921568627451
179.43319058418274,0.0,0.2496043282391492,0.03,1,1,1,0.0,0.3333333333333333,0.12150000000000001,-1,-1,-1,1.0,1.0,-1.0,0.0,-0.3333333333333333,0.10935000000000002,-1,-1,-1,0.356862745098039,0.694117647058824,0.803921568627451
179.46777415275574,0.0,0.2507582492968377,0.03,1,1,1,0.0,0.3333333333333333,0.12150000000000001,-1,-1,-1,1.0,1.0,-1.0,0.0,-0.3333333333333333,0.10935000000000002,-1,-1,-1,0.356862745098039,0.694117647058824,0.803921568627451
179.5024015903473,0.0,0.2519121703545263,0.03,1,1,1,0.0,0.3333333333333333,0.12150000000000001,-1,-1,-1,1.0,1.0,-1.0,0.0,-0.3333333333333333,0.10935000000000002,-1,-1,-1,0.356862745098039,0.694117647058824,0.803921568627451
179.5373659133911,0.0,0.25306609141221487,0.03,1,1,1,0.0,0.3333333333333333,0.12150000000000001,-1,-1,-1,1.0,1.0,-1.0,0.0,-0.3333333333333333,0.10935000000000002,-1,-1,-1,0.356862745098039,0.694117647058824,0.803921568627451
179.57207870483398,0.0,0.25422001246990344,0.03,1,1,1,0.0,0.3333333333333333,0.12150000000000001,-1,-1,-1,1.0,1.0,-1.0,0.0,-0.3333333333333333,0.10935000000000002,-1,-1,-1,0.356862745098039,0.694117647058824,0.803921568627451
179.6068742275238,0.0,0.255373933527592,0.03,1,1,1,0.0,0.3333333333333333,0.12150000000000001,-1,-1,-1,1.0,1.0,-1.0,0.0,-0.3333333333333333,0.10935000000000002,-1,-1,-1,0.356862745098039,0.694117647058824,0.803921568627451
179.64145755767822,0.0,0.2565278545852806,0.03,1,1,1,0.0,0.3333333333333333,0.12150000000000001,-1,-1,-1,1.0,1.0,-1.0,0.0,-0.3333333333333333,0.10935000000000002,-1,-1,-1,0.356862745098039,0.694117647058824,0.803921568627451
179.67645812034607,0.0,0.2576817756429692,0.03,1,1,1,0.0,0.3333333333333333,0.12150000000000001,-1,-1,-1,1.0,1.0,-1.0,0.0,-0.3333333333333333,0.10935000000000002,-1,-1,-1,0.356862745098039,0.694117647058824,0.803921568627451
179.71103525161743,0.0,0.25883569670065776,0.03,1,1,1,0.0,0.3333333333333333,0.12150000000000001,-1,-1,-1,1.0,1.0,-1.0,0.0,-0.3333333333333333,0.10935000000000002,-1,-1,-1,0.356862745098039,0.694117647058824,0.803921568627451
179.74585795402527,0.0,0.25998961775834634,0.03,1,1,1,0.0,0.3333333333333333,0.12150000000000001,-1,-1,-1,1.0,1.0,-1.0,0.0,-0.3333333333333333,0.10935000000000002,-1,-1,-1,0.356862745098039,0.694117647058824,0.803921568627451
179.77980852127075,0.0,0.2611435388160349,0.03,1,1,1,0.0,0.3333333333333333,0.12150000000000001,-1,-1,-1,1.0,1.0,-1.0,0.0,-0.3333333333333333,0.10935000000000002,-1,-1,-1,0.356862745098039,0.694117647058824,0.803921568627451
179.81502771377563,0.0,0.2622974598737235,0.03,1,1,1,0.0,0.3333333333333333,0.12150000000000001,-1,-1,-1,1.0,1.0,-1.0,0.0,-0.3333333333333333,0.10935000000000002,-1,-1,-1,0.356862745098039,0.694117647058824,0.803921568627451
179.84980654716492,0.0,0.26345138093141207,0.03,1,1,1,0.0,0.3333333333333333,0.12150000000000001,-1,-1,-1,1.0,1.0,-1.0,0.0,-0.3333333333333333,0.10935000000000002,-1,-1,-1,0.356862745098039,0.694117647058824,0.803921568627451
179.8845226764679,0.0,0.26460530198910065,0.03,1,1,1,0.0,0.3333333333333333,0.12150000000000001,-1,-1,-1,1.0,1.0,-1.0,0.0,-0.3333333333333333,0.10935000000000002,-1,-1,-1,0.356862745098039,0.694117647058824,0.803921568627451
179.91907715797424,0.0,0.26575922304678923,0.03,1,1,1,0.0,0.3333333333333333,0.12150000000000001,-1,-1,-1,1.0,1.0,-1.0,0.0,-0.3333333333333333,0.10935000000000002,-1,-1,-1,0.356862745098039,0.694117647058824,0.803921568627451
179.953852891922,0.0,0.2669131441044778,0.03,1,1,1,0.0,0.3333333333333333,0.12150000000000001,-1,-1,-1,1.0,1.0,-1.0,0.0,-0.3333333333333333,0.10935000000000002,-1,-1,-1,0.356862745098039,0.694117647058824,0.803921568627451
179.98863911628723,0.0,0.2680670651621664,0.03,1,1,1,0.0,0.3333333333333333,0.12150000000000001,-1,-1,-1,1.0,1.0,-1.0,0.0,-0.3333333333333333,0.10935000000000002,-1,-1,-1,0.356862745098039,0.694117647058824,0.803921568627451
180.02343583106995,0.0,0.26922098621985496,0.03,1,1,1,0.0,0.3333333333333333,0.12150000000000001,-1,-1,-1,1.0,1.0,-1.0,0.0,-0.3333333333333333,0.10935000000000002,-1,-1,-1,0.356862745098039,0.694117647058824,0.803921568627451
180.05823421478271,0.0,0.27037490727754354,0.03,1,1,1,0.0,0.3333333333333333,0.12150000000000001,-1,-1,-1,1.0,1.0,-1.0,0.0,-0.3333333333333333,0.10935000000000002,-1,-1,-1,0.356862745098039,0.694117647058824,0.803921568627451
180.09316635131836,0.0,0.2715288283352321,0.03,1,1,1,0.0,0.3333333333333333,0.12150000000000001,-1,-1,-1,1.0,1.0,-1.0,0.0,-0.3333333333333333,0.10935000000000002,-1,-1,-1,0.356862745098039,0.694117647058824,0.803921568627451
180.12810277938843,0.0,0.2726827493929207,0.03,1,1,1,0.0,0.3333333333333333,0.12150000000000001,-1,-1,-1,1.0,1.0,-1.0,0.0,-0.3333333333333333,0.10935000000000002,-1,-1,-1,0.356862745098039,0.694117647058824,0.803921568627451
180.16236853599548,0.0,0.2738366704506093,0.03,1,1,1,0.0,0.3333333333333333,0.12150000000000001,-1,-1,-1,1.0,1.0,-1.0,0.0,-0.3333333333333333,0.10935000000000002,-1,-1,-1,0.356862745098039,0.694117647058824,0.803921568627451
180.1968913078308,0.0,0.27499059150829785,0.03,1,1,1,0.0,0.3333333333333333,0.12150000000000001,-1,-1,-1,1.0,1.0,-1.0,0.0,-0.3333333333333333,0.10935000000000002,-1,-1,-1,0.356862745098039,0.694117647058824,0.803921568627451
180.23179721832275,0.0,0.27614451256598643,0.03,1,1,1,0.0,0.3333333333333333,0.12150000000000001,-1,-1,-1,1.0,1.0,-1.0,0.0,-0.3333333333333333,0.10935000000000002,-1,-1,-1,0.356862745098039,0.694117647058824,0.803921568627451
180.26648139953613,0.0,0.277298433623675,0.03,1,1,1,0.0,0.3333333333333333,0.12150000000000001,-1,-1,-1,1.0,1.0,-1.0,0.0,-0.3333333333333333,0.10935000000000002,-1,-1,-1,0.356862745098039,0.694117647058824,0.803921568627451
180.30143237113953,0.0,0.2784523546813636,0.03,1,1,1,0.0,0.3333333333333333,0.12150000000000001,-1,-1,-1,1.0,1.0,-1.0,0.0,-0.3333333333333333,0.10935000000000002,-1,-1,-1,0.356862745098039,0.694117647058824,0.803921568627451
180.33566117286682,0.0,0.27960627573905217,0.03,1,1,1,0.0,0.3333333333333333,0.12150000000000001,-1,-1,-1,1.0,1.0,-1.0,0.0,-0.3333333333333333,0.10935000000000002,-1,-1,-1,0.356862745098039,0.694117647058824,0.803921568627451
180.3703601360321,0.0,0.27840484882106886,0.03,1,1,1,0.0,0.3333333333333333,0.12150000000000001,-1,-1,-1,1.0,1.0,-1.0,0.0,-0.3333333333333333,0.10935000000000002,-1,-1,-1,0.356862745098039,0.694117647058824,0.803921568627451
180.40532159805298,0.0,0.27720342190308556,0.03,1,1,1,0.0,0.3333333333333333,0.12150000000000001,-1,-1,-1,1.0,1.0,-1.0,0.0,-0.3333333333333333,0.10935000000000002,-1,-1,-1,0.356862745098039,0.694117647058824,0.803921568627451
180.439936876297,0.0,0.27600199498510225,0.03,1,1,1,0.0,0.3333333333333333,0.12150000000000001,-1,-1,-1,1.0,1.0,-1.0,0.0,-0.3333333333333333,0.10935000000000002,-1,-1,-1,0.356862745098039,0.694117647058824,0.803921568627451
180.47479581832886,0.0,0.27480056806711894,0.03,1,1,1,0.0,0.3333333333333333,0.12150000000000001,-1,-1,-1,1.0,1.0,-1.0,0.0,-0.3333333333333333,0.10935000000000002,-1,-1,-1,0.356862745098039,0.694117647058824,0.803921568627451
180.5093972682953,0.0,0.27359914114913564,0.03,1,1,1,0.0,0.3333333333333333,0.12150000000000001,-1,-1,-1,1.0,1.0,-1.0,0.0,-0.3333333333333333,0.10935000000000002,-1,-1,-1,0.356862745098039,0.694117647058824,0.803921568627451
180.54409003257751,0.0,0.27239771423115233,0.03,1,1,1,0.0,0.3333333333333333,0.12150000000000001,-1,-1,-1,1.0,1.0,-1.0,0.0,-0.3333333333333333,0.10935000000000002,-1,-1,-1,0.356862745098039,0.694117647058824,0.803921568627451
180.57847332954407,0.0,0.271196287313169,0.03,1,1,1,0.0,0.3333333333333333,0.12150000000000001,-1,-1,-1,1.0,1.0,-1.0,0.0,-0.3333333333333333,0.10935000000000002,-1,-1,-1,0.356862745098039,0.694117647058824,0.803921568627451
180.6141972541809,0.0,0.2699948603951857,0.03,1,1,1,0.0,0.3333333333333333,0.12150000000000001,-1,-1,-1,1.0,1.0,-1.0,0.0,-0.3333333333333333,0.10935000000000002,-1,-1,-1,0.356862745098039,0.694117647058824,0.803921568627451
180.6489818096161,0.0,0.2687934334772024,0.03,1,1,1,0.0,0.3333333333333333,0.12150000000000001,-1,-1,-1,1.0,1.0,-1.0,0.0,-0.3333333333333333,0.10935000000000002,-1,-1,-1,0.356862745098039,0.694117647058824,0.803921568627451
180.68347072601318,0.0,0.2675920065592191,0.03,1,1,1,0.0,0.3333333333333333,0.12150000000000001,-1,-1,-1,1.0,1.0,-1.0,0.0,-0.3333333333333333,0.10935000000000002,-1,-1,-1,0.356862745098039,0.694117647058824,0.803921568627451
180.71814155578613,0.0,0.2663905796412358,0.03,1,1,1,0.0,0.3333333333333333,0.12150000000000001,-1,-1,-1,1.0,1.0,-1.0,0.0,-0.3333333333333333,0.10935000000000002,-1,-1,-1,0.356862745098039,0.694117647058824,0.803921568627451
180.75289940834045,0.0,0.2651891527232525,0.03,1,1,1,0.0,0.3333333333333333,0.12150000000000001,-1,-1,-1,1.0,1.0,-1.0,0.0,-0.3333333333333333,0.10935000000000002,-1,-1,-1,0.356862745098039,0.694117647058824,0.803921568627451
180.78754663467407,0.0,0.2639877258052692,0.03,1,1,1,0.0,0.3333333333333333,0.12150000000000001,-1,-1,-1,1.0,1.0,-1.0,0.0,-0.3333333333333333,0.10935000000000002,-1,-1,-1,0.356862745098039,0.694117647058824,0.803921568627451
180.82240796089172,0.0,0.2627862988872859,0.03,1,1,1,0.0,0.3333333333333333,0.12150000000000001,-1,-1,-1,1.0,1.0,-1.0,0.0,-0.3333333333333333,0.10935000000000002,-1,-1,-1,0.356862745098039,0.694117647058824,0.803921568627451
180.857013463974,0.0,0.2615848719693026,0.03,1,1,1,0.0,0.3333333333333333,0.12150000000000001,-1,-1,-1,1.0,1.0,-1.0,0.0,-0.3333333333333333,0.10935000000000002,-1,-1,-1,0.356862745098039,0.694117647058824,0.803921568627451
180.89166736602783,0.0,0.2603834450513193,0.03,1,1,1,0.0,0.3333333333333333,0.12150000000000001,-1,-1,-1,1.0,1.0,-1.0,0.0,-0.3333333333333333,0.10935000000000002,-1,-1,-1,0.356862745098039,0.694117647058824,0.803921568627451
180.92664551734924,0.0,0.25918201813333597,0.03,1,1,1,0.0,0.3333333333333333,0.12150000000000001,-1,-1,-1,1.0,1.0,-1.0,0.0,-0.3333333333333333,0.10935000000000002,-1,-1,-1,0.356862745098039,0.694117647058824,0.803921568627451
180.9613823890686,0.0,0.25798059121535266,0.03,1,1,1,0.0,0.3333333333333333,0.12150000000000001,-1,-1,-1,1.0,1.0,-1.0,0.0,-0.3333333333333333,0.10935000000000002,-1,-1,-1,0.356862745098039,0.694117647058824,0.803921568627451
180.99597787857056,0.0,0.25677916429736936,0.03,1,1,1,0.0,0.3333333333333333,0.12150000000000001,-1,-1,-1,1.0,1.0,-1.0,0.0,-0.3333333333333333,0.10935000000000002,-1,-1,-1,0.356862745098039,0.694117647058824,0.803921568627451
181.03024816513062,0.0,0.25557773737938605,0.03,1,1,1,0.0,0.3333333333333333,0.12150000000000001,-1,-1,-1,1.0,1.0,-1.0,0.0,-0.3333333333333333,0.10935000000000002,-1,-1,-1,0.356862745098039,0.694117647058824,0.803921568627451
181.0649185180664,0.0,0.25437631046140274,0.03,1,1,1,0.0,0.3333333333333333,0.12150000000000001,-1,-1,-1,1.0,1.0,-1.0,0.0,-0.3333333333333333,0.10935000000000002,-1,-1,-1,0.356862745098039,0.694117647058824,0.803921568627451
181.09952688217163,0.0,0.25317488354341944,0.03,1,1,1,0.0,0.3333333333333333,0.12150000000000001,-1,-1,-1,1.0,1.0,-1.0,0.0,-0.3333333333333333,0.10935000000000002,-1,-1,-1,0.356862745098039,0.694117647058824,0.803921568627451
181.13438415527344,0.0,0.25197345662543613,0.03,1,1,1,0.0,0.3333333333333333,0.12150000000000001,-1,-1,-1,1.0,1.0,-1.0,0.0,-0.3333333333333333,0.10935000000000002,-1,-1,-1,0.356862745098039,0.694117647058824,0.803921568627451
181.16858506202698,0.0,0.2507720297074528,0.03,1,1,1,0.0,0.3333333333333333,0.12150000000000001,-1,-1,-1,1.0,1.0,-1.0,0.0,-0.3333333333333333,0.10935000000000002,-1,-1,-1,0.356862745098039,0.694117647058824,0.803921568627451
181.203528881073,0.0,0.24957060278946946,0.03,1,1,1,0.0,0.3333333333333333,0.12150000000000001,-1,-1,-1,1.0,1.0,-1.0,0.0,-0.3333333333333333,0.10935000000000002,-1,-1,-1,0.356862745098039,0.694117647058824,0.803921568627451
181.2382516860962,0.0,0.24836917587148596,0.03,1,1,1,0.0,0.3333333333333333,0.12150000000000001,-1,-1,-1,1.0,1.0,-1.0,0.0,-0.3333333333333333,0.10935000000000002,-1,-1,-1,0.356862745098039,0.694117647058824,0.803921568627451
181.2726993560791,0.0,0.24716774895350244,0.03,1,1,1,0.0,0.3333333333333333,0.12150000000000001,-1,-1,-1,1.0,1.0,-1.0,0.0,-0.3333333333333333,0.10935000000000002,-1,-1,-1,0.356862745098039,0.694117647058824,0.803921568627451
181.30794262886047,0.0,0.245966322035519,0.03,1,1,1,0.0,0.3333333333333333,0.12150000000000001,-1,-1,-1,1.0,1.0,-1.0,0.0,-0.3333333333333333,0.10935000000000002,-1,-1,-1,0.356862745098039,0.694117647058824,0.803921568627451
181.34215569496155,0.0,0.2447648951175355,0.03,1,1,1,0.0,0.3333333333333333,0.12150000000000001,-1,-1,-1,1.0,1.0,-1.0,0.0,-0.3333333333333333,0.10935000000000002,-1,-1,-1,0.356862745098039,0.694117647058824,0.803921568627451
181.37690901756287,0.0,0.243563468199552,0.03,1,1,1,0.0,0.3333333333333333,0.12150000000000001,-1,-1,-1,1.0,1.0,-1.0,0.0,-0.3333333333333333,0.10935000000000002,-1,-1,-1,0.356862745098039,0.694117647058824,0.803921568627451
181.41166472434998,0.0,0.24236204128156846,0.03,1,1,1,0.0,0.3333333333333333,0.12150000000000001,-1,-1,-1,1.0,1.0,-1.0,0.0,-0.3333333333333333,0.10935000000000002,-1,-1,-1,0.356862745098039,0.694117647058824,0.803921568627451
181.44694995880127,0.0,0.24116061436358496,0.03,1,1,1,0.0,0.3333333333333333,0.12150000000000001,-1,-1,-1,1.0,1.0,-1.0,0.0,-0.3333333333333333,0.10935000000000002,-1,-1,-1,0.356862745098039,0.694117647058824,0.803921568627451
181.48175287246704,0.0,0.23995918744560146,0.03,1,1,1,0.0,0.3333333333333333,0.12150000000000001,-1,-1,-1,1.0,1.0,-1.0,0.0,-0.3333333333333333,0.10935000000000002,-1,-1,-1,0.356862745098039,0.694117647058824,0.803921568627451
181.51638984680176,0.0,0.23875776052761793,0.03,1,1,1,0.0,0.3333333333333333,0.12150000000000001,-1,-1,-1,1.0,1.0,-1.0,0.0,-0.3333333333333333,0.10935000000000002,-1,-1,-1,0.356862745098039,0.694117647058824,0.803921568627451
181.55110454559326,0.0,0.23884822671559178,0.03,1,1,1,0.0,0.3333333333333333,0.12150000000000001,-1,-1,-1,1.0,1.0,-1.0,0.0,-0.3333333333333333,0.10935000000000002,-1,-1,-1,0.356862745098039,0.694117647058824,0.803921568627451
181.58567452430725,0.0,0.24087653256250158,0.03,1,1,1,0.0,0.3333333333333333,0.12150000000000001,-1,-1,-1,1.0,1.0,-1.0,0.0,-0.3333333333333333,0.10935000000000002,-1,-1,-1,0.356862745098039,0.694117647058824,0.803921568627451
181.62011337280273,0.0,0.24290483840941143,0.03,1,1,1,0.0,0.3333333333333333,0.12150000000000001,-1,-1,-1,1.0,1.0,-1.0,0.0,-0.3333333333333333,0.10935000000000002,-1,-1,-1,0.356862745098039,0.694117647058824,0.803921568627451
181.65539526939392,0.0,0.24493314425632123,0.03,1,1,1,0.0,0.3333333333333333,0.12150000000000001,-1,-1,-1,1.0,1.0,-1.0,0.0,-0.3333333333333333,0.10935000000000002,-1,-1,-1,0.356862745098039,0.694117647058824,0.803921568627451
181.68969464302063,0.0,0.24696145010323106,0.03,1,1,1,0.0,0.3333333333333333,0.12150000000000001,-1,-1,-1,1.0,1.0,-1.0,0.0,-0.3333333333333333,0.10935000000000002,-1,-1,-1,0.356862745098039,0.694117647058824,0.803921568627451
181.72460341453552,0.0,0.24898975595014086,0.03,1,1,1,0.0,0.3333333333333333,0.12150000000000001,-1,-1,-1,1.0,1.0,-1.0,0.0,-0.3333333333333333,0.10935000000000002,-1,-1,-1,0.356862745098039,0.694117647058824,0.803921568627451
181.75964736938477,0.0,0.25101806179705066,0.03,1,1,1,0.0,0.3333333333333333,0.12150000000000001,-1,-1,-1,1.0,1.0,-1.0,0.0,-0.3333333333333333,0.10935000000000002,-1,-1,-1,0.356862745098039,0.694117647058824,0.803921568627451
181.793762922287,0.0,0.25304636764396043,0.03,1,1,1,0.0,0.3333333333333333,0.12150000000000001,-1,-1,-1,1.0,1.0,-1.0,0.0,-0.3333333333333333,0.10935000000000002,-1,-1,-1,0.356862745098039,0.694117647058824,0.803921568627451
181.82843542099,0.0,0.2550746734908702,0.03,1,1,1,0.0,0.3333333333333333,0.12150000000000001,-1,-1,-1,1.0,1.0,-1.0,0.0,-0.3333333333333333,0.10935000000000002,-1,-1,-1,0.356862745098039,0.694117647058824,0.803921568627451
181.86365938186646,0.0,0.25710297933778,0.03,1,1,1,0.0,0.3333333333333333,0.12150000000000001,-1,-1,-1,1.0,1.0,-1.0,0.0,-0.3333333333333333,0.10935000000000002,-1,-1,-1,0.356862745098039,0.694117647058824,0.803921568627451
181.89844703674316,0.0,0.25913128518468975,0.03,1,1,1,0.0,0.3333333333333333,0.12150000000000001,-1,-1,-1,1.0,1.0,-1.0,0.0,-0.3333333333333333,0.10935000000000002,-1,-1,-1,0.356862745098039,0.694117647058824,0.803921568627451
181.93318843841553,0.0,0.2611595910315995,0.03,1,1,1,0.0,0.3333333333333333,0.12150000000000001,-1,-1,-1,1.0,1.0,-1.0,0.0,-0.3333333333333333,0.10935000000000002,-1,-1,-1,0.356862745098039,0.694117647058824,0.803921568627451
181.96752834320068,0.0,0.2631878968785093,0.03,1,1,1,0.0,0.3333333333333333,0.12150000000000001,-1,-1,-1,1.0,1.0,-1.0,0.0,-0.3333333333333333,0.10935000000000002,-1,-1,-1,0.356862745098039,0.694117647058824,0.803921568627451
182.00254106521606,0.0,0.26521620272541907,0.03,1,1,1,0.0,0.3333333333333333,0.12150000000000001,-1,-1,-1,1.0,1.0,-1.0,0.0,-0.3333333333333333,0.10935000000000002,-1,-1,-1,0.356862745098039,0.694117647058824,0.803921568627451
182.03730630874634,0.0,0.26724450857232884,0.03,1,1,1,0.0,0.3333333333333333,0.12150000000000001,-1,-1,-1,1.0,1.0,-1.0,0.0,-0.3333333333333333,0.10935000000000002,-1,-1,-1,0.356862745098039,0.694117647058824,0.803921568627451
182.07194662094116,0.0,0.2692728144192386,0.03,1,1,1,0.0,0.3333333333333333,0.12150000000000001,-1,-1,-1,1.0,1.0,-1.0,0.0,-0.3333333333333333,0.10935000000000002,-1,-1,-1,0.356862745098039,0.694117647058824,0.803921568627451
182.10667419433594,0.0,0.2713011202661484,0.03,1,1,1,0.0,0.3333333333333333,0.12150000000000001,-1,-1,-1,1.0,1.0,-1.0,0.0,-0.3333333333333333,0.10935000000000002,-1,-1,-1,0.356862745098039,0.694117647058824,0.803921568627451
182.14151096343994,0.0,0.27332942611305816,0.03,1,1,1,0.0,0.3333333333333333,0.12150000000000001,-1,-1,-1,1.0,1.0,-1.0,0.0,-0.3333333333333333,0.10935000000000002,-1,-1,-1,0.356862745098039,0.694117647058824,0.803921568627451
182.17612552642822,0.0,0.27535773195996793,0.03,1,1,1,0.0,0.3333333333333333,0.12150000000000001,-1,-1,-1,1.0,1.0,-1.0,0.0,-0.3333333333333333,0.10935000000000002,-1,-1,-1,0.356862745098039,0.694117647058824,0.803921568627451
182.2103352546692,0.0,0.2773860378068777,0.03,1,1,1,0.0,0.3333333333333333,0.12150000000000001,-1,-1,-1,1.0,1.0,-1.0,0.0,-0.3333333333333333,0.10935000000000002,-1,-1,-1,0.356862745098039,0.694117647058824,0.803921568627451
182.2460515499115,0.0,0.2794143436537875,0.03,1,1,1,0.0,0.3333333333333333,0.12150000000000001,-1,-1,-1,1.0,1.0,-1.0,0.0,-0.3333333333333333,0.10935000000000002,-1,-1,-1,0.356862745098039,0.694117647058824,0.803921568627451
182.2801637649536,0.0,0.28144264950069725,0.03,1,1,1,0.0,0.3333333333333333,0.12150000000000001,-1,-1,-1,1.0,1.0,-1.0,0.0,-0.3333333333333333,0.10935000000000002,-1,-1,-1,0.356862745098039,0.694117647058824,0.803921568627451
182.31472420692444,0.0,0.283470955347607,0.03,1,1,1,0.0,0.3333333333333333,0.12150000000000001,-1,-1,-1,1.0,1.0,-1.0,0.0,-0.3333333333333333,0.10935000000000002,-1,-1,-1,0.356862745098039,0.694117647058824,0.803921568627451
182.34930849075317,0.0,0.2854992611945168,0.03,1,1,1,0.0,0.3333333333333333,0.12150000000000001,-1,-1,-1,1.0,1.0,-1.0,0.0,-0.3333333333333333,0.10935000000000002,-1,-1,-1,0.356862745098039,0.694117647058824,0.803921568627451
182.3847086429596,0.0,0.28752756704142657,0.03,1,1,1,0.0,0.3333333333333333,0.12150000000000001,-1,-1,-1,1.0,1.0,-1.0,0.0,-0.3333333333333333,0.10935000000000002,-1,-1,-1,0.356862745098039,0.694117647058824,0.803921568627451
182.41920948028564,0.0,0.28955587288833634,0.03,1,1,1,0.0,0.3333333333333333,0.12150000000000001,-1,-1,-1,1.0,1.0,-1.0,0.0,-0.3333333333333333,0.10935000000000002,-1,-1,-1,0.356862745098039,0.694117647058824,0.803921568627451
182.45391488075256,0.0,0.2915841787352461,0.03,1,1,1,0.0,0.3333333333333333,0.12150000000000001,-1,-1,-1,1.0,1.0,-1.0,0.0,-0.3333333333333333,0.10935000000000002,-1,-1,-1,0.356862745098039,0.694117647058824,0.803921568627451
182.4886589050293,0.0,0.2936124845821559,0.03,1,1,1,0.0,0.3333333333333333,0.12150000000000001,-1,-1,-1,1.0,1.0,-1.0,0.0,-0.3333333333333333,0.10935000000000002,-1,-1,-1,0.356862745098039,0.694117647058824,0.803921568627451
182.523277759552,0.0,0.29564079042906566,0.03,1,1,1,0.0,0.3333333333333333,0.12150000000000001,-1,-1,-1,1.0,1.0,-1.0,0.0,-0.3333333333333333,0.10935000000000002,-1,-1,-1,0.356862745098039,0.694117647058824,0.803921568627451
182.5584590435028,0.0,0.29766909627597543,0.03,1,1,1,0.0,0.3333333333333333,0.12150000000000001,-1,-1,-1,1.0,1.0,-1.0,0.0,-0.3333333333333333,0.10935000000000002,-1,-1,-1,0.356862745098039,0.694117647058824,0.803921568627451
182.59356355667114,0.0,0.2996974021228852,0.03,1,1,1,0.0,0.3333333333333333,0.12150000000000001,-1,-1,-1,1.0,1.0,-1.0,0.0,-0.3333333333333333,0.10935000000000002,-1,-1,-1,0.356862745098039,0.694117647058824,0.803921568627451
182.62797474861145,0.0,0.301725707969795,0.03,1,1,1,0.0,0.3333333333333333,0.12150000000000001,-1,-1,-1,1.0,1.0,-1.0,0.0,-0.3333333333333333,0.10935000000000002,-1,-1,-1,0.356862745098039,0.694117647058824,0.803921568627451
182.66274499893188,0.0,0.30375401381670475,0.03,1,1,1,0.0,0.3333333333333333,0.12150000000000001,-1,-1,-1,1.0,1.0,-1.0,0.0,-0.3333333333333333,0.10935000000000002,-1,-1,-1,0.356862745098039,0.694117647058824,0.803921568627451
182.69748306274414,0.0,0.3057823196636145,0.03,1,1,1,0.0,0.3333333333333333,0.12150000000000001,-1,-1,-1,1.0,1.0,-1.0,0.0,-0.3333333333333333,0.10935000000000002,-1,-1,-1,0.356862745098039,0.694117647058824,0.803921568627451
182.7319815158844,0.0,0.3078106255105243,0.03,1,1,1,0.0,0.3333333333333333,0.12150000000000001,-1,-1,-1,1.0,1.0,-1.0,0.0,-0.3333333333333333,0.10935000000000002,-1,-1,-1,0.356862745098039,0.694117647058824,0.803921568627451
182.76687908172607,0.0,0.3065037829089005,0.03,1,1,1,0.0,0.3333333333333333,0.12150000000000001,-1,-1,-1,1.0,1.0,-1.0,0.0,-0.3333333333333333,0.10935000000000002,-1,-1,-1,0.356862745098039,0.694117647058824,0.803921568627451
182.80125260353088,0.0,0.30436315319514334,0.03,1,1,1,0.0,0.3333333333333333,0.12150000000000001,-1,-1,-1,1.0,1.0,-1.0,0.0,-0.3333333333333333,0.10935000000000002,-1,-1,-1,0.356862745098039,0.694117647058824,0.803921568627451
182.8356738090515,0.0,0.3022225234813862,0.03,1,1,1,0.0,0.3333333333333333,0.12150000000000001,-1,-1,-1,1.0,1.0,-1.0,0.0,-0.3333333333333333,0.10935000000000002,-1,-1,-1,0.356862745098039,0.694117647058824,0.803921568627451
182.87116408348083,0.0,0.300081893767629,0.03,1,1,1,0.0,0.3333333333333333,0.12150000000000001,-1,-1,-1,1.0,1.0,-1.0,0.0,-0.3333333333333333,0.10935000000000002,-1,-1,-1,0.356862745098039,0.694117647058824,0.803921568627451
182.90589880943298,0.0,0.29794126405387183,0.03,1,1,1,0.0,0.3333333333333333,0.12150000000000001,-1,-1,-1,1.0,1.0,-1.0,0.0,-0.3333333333333333,0.10935000000000002,-1,-1,-1,0.356862745098039,0.694117647058824,0.803921568627451
182.94039130210876,0.0,0.29580063434011467,0.03,1,1,1,0.0,0.3333333333333333,0.12150000000000001,-1,-1,-1,1.0,1.0,-1.0,0.0,-0.3333333333333333,0.10935000000000002,-1,-1,-1,0.356862745098039,0.694117647058824,0.803921568627451
182.97439575195312,0.0,0.2936600046263575,0.03,1,1,1,0.0,0.3333333333333333,0.12150000000000001,-1,-1,-1,1.0,1.0,-1.0,0.0,-0.3333333333333333,0.10935000000000002,-1,-1,-1,0.356862745098039,0.694117647058824,0.803921568627451
183.010005235672,0.0,0.2915193749126003,0.03,1,1,1,0.0,0.3333333333333333,0.12150000000000001,-1,-1,-1,1.0,1.0,-1.0,0.0,-0.3333333333333333,0.10935000000000002,-1,-1,-1,0.356862745098039,0.694117647058824,0.803921568627451
183.0446071624756,0.0,0.28937874519884316,0.03,1,1,1,0.0,0.3333333333333333,0.12150000000000001,-1,-1,-1,1.0,1.0,-1.0,0.0,-0.3333333333333333,0.10935000000000002,-1,-1,-1,0.356862745098039,0.694117647058824,0.803921568627451
183.07928037643433,0.0,0.287238115485086,0.03,1,1,1,0.0,0.3333333333333333,0.12150000000000001,-1,-1,-1,1.0,1.0,-1.0,0.0,-0.3333333333333333,0.10935000000000002,-1,-1,-1,0.356862745098039,0.694117647058824,0.803921568627451
183.1137523651123,0.0,0.2850974857713288,0.03,1,1,1,0.0,0.3333333333333333,0.12150000000000001,-1,-1,-1,1.0,1.0,-1.0,0.0,-0.3333333333333333,0.10935000000000002,-1,-1,-1,0.356862745098039,0.694117647058824,0.803921568627451
183.1482753753662,0.0,0.28295685605757165,0.03,1,1,1,0.0,0.3333333333333333,0.12150000000000001,-1,-1,-1,1.0,1.0,-1.0,0.0,-0.3333333333333333,0.10935000000000002,-1,-1,-1,0.356862745098039,0.694117647058824,0.803921568627451
183.18276596069336,0.0,0.2808162263438145,0.03,1,1,1,0.0,0.3333333333333333,0.12150000000000001,-1,-1,-1,1.0,1.0,-1.0,0.0,-0.3333333333333333,0.10935000000000002,-1,-1,-1,0.356862745098039,0.694117647058824,0.803921568627451
183.2179892063141,0.0,0.2786755966300573,0.03,1,1,1,0.0,0.3333333333333333,0.12150000000000001,-1,-1,-1,1.0,1.0,-1.0,0.0,-0.3333333333333333,0.10935000000000002,-1,-1,-1,0.356862745098039,0.694117647058824,0.803921568627451
183.25258803367615,0.0,0.27653496691630014,0.03,1,1,1,0.0,0.3333333333333333,0.12150000000000001,-1,-1,-1,1.0,1.0,-1.0,0.0,-0.3333333333333333,0.10935000000000002,-1,-1,-1,0.356862745098039,0.694117647058824,0.803921568627451
183.28730463981628,0.0,0.27439433720254297,0.03,1,1,1,0.0,0.3333333333333333,0.12150000000000001,-1,-1,-1,1.0,1.0,-1.0,0.0,-0.3333333333333333,0.10935000000000002,-1,-1,-1,0.356862745098039,0.694117647058824,0.803921568627451
183.3222212791443,0.0,0.2722537074887858,0.03,1,1,1,0.0,0.3333333333333333,0.12150000000000001,-1,-1,-1,1.0,1.0,-1.0,0.0,-0.3333333333333333,0.10935000000000002,-1,-1,-1,0.356862745098039,0.694117647058824,0.803921568627451
183.35655617713928,0.0,0.27011307777502863,0.03,1,1,1,0.0,0.3333333333333333,0.12150000000000001,-1,-1,-1,1.0,1.0,-1.0,0.0,-0.3333333333333333,0.10935000000000002,-1,-1,-1,0.356862745098039,0.694117647058824,0.803921568627451
