time,ball_x,ball_y,ball_radius,ball_color_r,ball_color_g,ball_color_b,roi1_x,roi1_y,roi1_radius,roi1_color_r,roi1_color_g,roi1_color_b,roi1_lineColor_r,roi1_lineColor_g,roi1_lineColor_b,roi2_x,roi2_y,roi2_radius,roi2_color_r,roi2_color_g,roi2_color_b,roi2_lineColor_r,roi2_lineColor_g,roi2_lineColor_b
31.32602858543396,0.0,0.0,0.03,1,1,1,0.0,0.3333333333333333,0.15,-1,-1,-1,1.0,1.0,-1.0,0.0,-0.3333333333333333,0.15,-1,-1,-1,0.356862745098039,0.694117647058824,0.803921568627451
31.361236810684204,0.0,0.0,0.03,1,1,1,0.0,0.3333333333333333,0.15,-1,-1,-1,1.0,1.0,-1.0,0.0,-0.3333333333333333,0.15,-1,-1,-1,0.356862745098039,0.694117647058824,0.803921568627451
31.396122455596924,0.0,0.0,0.03,1,1,1,0.0,0.3333333333333333,0.15,-1,-1,-1,1.0,1.0,-1.0,0.0,-0.3333333333333333,0.15,-1,-1,-1,0.356862745098039,0.694117647058824,0.803921568627451
31.430622100830078,0.0,0.0,0.03,1,1,1,0.0,0.3333333333333333,0.15,-1,-1,-1,1.0,1.0,-1.0,0.0,-0.3333333333333333,0.15,-1,-1,-1,0.356862745098039,0.694117647058824,0.803921568627451
31.464961290359497,0.0,0.0,0.03,1,1,1,0.0,0.3333333333333333,0.15,-1,-1,-1,1.0,1.0,-1.0,0.0,-0.3333333333333333,0.15,-1,-1,-1,0.356862745098039,0.694117647058824,0.803921568627451
31.500002145767212,0.0,0.0,0.03,1,1,1,0.0,0.3333333333333333,0.15,-1,-1,-1,1.0,1.0,-1.0,0.0,-0.3333333333333333,0.15,-1,-1,-1,0.356862745098039,0.694117647058824,0.803921568627451
31.534789562225342,0.0,0.0,0.03,1,1,1,0.0,0.3333333333333333,0.15,-1,-1,-1,1.0,1.0,-1.0,0.0,-0.3333333333333333,0.15,-1,-1,-1,0.356862745098039,0.694117647058824,0.803921568627451
31.56964373588562,0.0,0.0,0.03,1,1,1,0.0,0.3333333333333333,0.15,-1,-1,-1,1.0,1.0,-1.0,0.0,-0.3333333333333333,0.15,-1,-1,-1,0.356862745098039,0.694117647058824,0.803921568627451
31.60432481765747,0.0,0.0,0.03,1,1,1,0.0,0.3333333333333333,0.15,-1,-1,-1,1.0,1.0,-1.0,0.0,-0.3333333333333333,0.15,-1,-1,-1,0.356862745098039,0.694117647058824,0.803921568627451
31.638457775115967,0.0,0.0,0.03,1,1,1,0.0,0.3333333333333333,0.15,-1,-1,-1,1.0,1.0,-1.0,0.0,-0.3333333333333333,0.15,-1,-1,-1,0.356862745098039,0.694117647058824,0.803921568627451
31.673751831054688,0.0,0.0,0.03,1,1,1,0.0,0.3333333333333333,0.15,-1,-1,-1,1.0,1.0,-1.0,0.0,-0.3333333333333333,0.15,-1,-1,-1,0.356862745098039,0.694117647058824,0.803921568627451
31.707934856414795,0.0,0.0,0.03,1,1,1,0.0,0.3333333333333333,0.15,-1,-1,-1,1.0,1.0,-1.0,0.0,-0.3333333333333333,0.15,-1,-1,-1,0.356862745098039,0.694117647058824,0.803921568627451
31.743404150009155,0.0,0.0,0.03,1,1,1,0.0,0.3333333333333333,0.15,-1,-1,-1,1.0,1.0,-1.0,0.0,-0.3333333333333333,0.15,-1,-1,-1,0.356862745098039,0.694117647058824,0.803921568627451
31.777347326278687,0.0,0.0,0.03,1,1,1,0.0,0.3333333333333333,0.15,-1,-1,-1,1.0,1.0,-1.0,0.0,-0.3333333333333333,0.15,-1,-1,-1,0.356862745098039,0.694117647058824,0.803921568627451
31.81244969367981,0.0,0.0,0.03,1,1,1,0.0,0.3333333333333333,0.15,-1,-1,-1,1.0,1.0,-1.0,0.0,-0.3333333333333333,0.15,-1,-1,-1,0.356862745098039,0.694117647058824,0.803921568627451
31.84687089920044,0.0,0.0,0.03,1,1,1,0.0,0.3333333333333333,0.15,-1,-1,-1,1.0,1.0,-1.0,0.0,-0.3333333333333333,0.15,-1,-1,-1,0.356862745098039,0.694117647058824,0.803921568627451
31.881999254226685,0.0,0.0,0.03,1,1,1,0.0,0.3333333333333333,0.15,-1,-1,-1,1.0,1.0,-1.0,0.0,-0.3333333333333333,0.15,-1,-1,-1,0.356862745098039,0.694117647058824,0.803921568627451
31.91637349128723,0.0,0.0,0.03,1,1,1,0.0,0.3333333333333333,0.15,-1,-1,-1,1.0,1.0,-1.0,0.0,-0.3333333333333333,0.15,-1,-1,-1,0.356862745098039,0.694117647058824,0.803921568627451
31.95147967338562,0.0,0.0,0.03,1,1,1,0.0,0.3333333333333333,0.15,-1,-1,-1,1.0,1.0,-1.0,0.0,-0.3333333333333333,0.15,-1,-1,-1,0.356862745098039,0.694117647058824,0.803921568627451
31.985625743865967,0.0,0.0,0.03,1,1,1,0.0,0.3333333333333333,0.15,-1,-1,-1,1.0,1.0,-1.0,0.0,-0.3333333333333333,0.15,-1,-1,-1,0.356862745098039,0.694117647058824,0.803921568627451
32.02085590362549,0.0,0.0,0.03,1,1,1,0.0,0.3333333333333333,0.15,-1,-1,-1,1.0,1.0,-1.0,0.0,-0.3333333333333333,0.15,-1,-1,-1,0.356862745098039,0.694117647058824,0.803921568627451
32.05564999580383,0.0,0.0,0.03,1,1,1,0.0,0.3333333333333333,0.15,-1,-1,-1,1.0,1.0,-1.0,0.0,-0.3333333333333333,0.15,-1,-1,-1,0.356862745098039,0.694117647058824,0.803921568627451
32.09028196334839,0.0,0.0,0.03,1,1,1,0.0,0.3333333333333333,0.15,-1,-1,-1,1.0,1.0,-1.0,0.0,-0.3333333333333333,0.15,-1,-1,-1,0.356862745098039,0.694117647058824,0.803921568627451
32.12484860420227,0.0,0.0,0.03,1,1,1,0.0,0.3333333333333333,0.15,-1,-1,-1,1.0,1.0,-1.0,0.0,-0.3333333333333333,0.15,-1,-1,-1,0.356862745098039,0.694117647058824,0.803921568627451
32.1595721244812,0.0,0.0,0.03,1,1,1,0.0,0.3333333333333333,0.15,-1,-1,-1,1.0,1.0,-1.0,0.0,-0.3333333333333333,0.15,-1,-1,-1,0.356862745098039,0.694117647058824,0.803921568627451
32.19454050064087,0.0,0.0,0.03,1,1,1,0.0,0.3333333333333333,0.15,-1,-1,-1,1.0,1.0,-1.0,0.0,-0.3333333333333333,0.15,-1,-1,-1,0.356862745098039,0.694117647058824,0.803921568627451
32.22916388511658,0.0,0.0,0.03,1,1,1,0.0,0.3333333333333333,0.15,-1,-1,-1,1.0,1.0,-1.0,0.0,-0.3333333333333333,0.15,-1,-1,-1,0.356862745098039,0.694117647058824,0.803921568627451
32.26366949081421,0.0,0.0,0.03,1,1,1,0.0,0.3333333333333333,0.15,-1,-1,-1,1.0,1.0,-1.0,0.0,-0.3333333333333333,0.15,-1,-1,-1,0.356862745098039,0.694117647058824,0.803921568627451
32.29961824417114,0.0,0.0,0.03,1,1,1,0.0,0.3333333333333333,0.15,-1,-1,-1,1.0,1.0,-1.0,0.0,-0.3333333333333333,0.15,-1,-1,-1,0.356862745098039,0.694117647058824,0.803921568627451
32.333388328552246,0.0,0.0,0.03,1,1,1,0.0,0.3333333333333333,0.15,-1,-1,-1,1.0,1.0,-1.0,0.0,-0.3333333333333333,0.15,-1,-1,-1,0.356862745098039,0.694117647058824,0.803921568627451
32.36819267272949,0.0,0.0,0.03,1,1,1,0.0,0.3333333333333333,0.15,-1,-1,-1,1.0,1.0,-1.0,0.0,-0.3333333333333333,0.15,-1,-1,-1,0.356862745098039,0.694117647058824,0.803921568627451
32.40297031402588,0.0,0.0020358966641333843,0.03,1,1,1,0.0,0.3333333333333333,0.15,-1,-1,-1,1.0,1.0,-1.0,0.0,-0.3333333333333333,0.15,-1,-1,-1,0.356862745098039,0.694117647058824,0.803921568627451
32.43781852722168,0.0,0.004071793328266769,0.03,1,1,1,0.0,0.3333333333333333,0.15,-1,-1,-1,1.0,1.0,-1.0,0.0,-0.3333333333333333,0.15,-1,-1,-1,0.356862745098039,0.694117647058824,0.803921568627451
32.47244095802307,0.0,0.006107689992400151,0.03,1,1,1,0.0,0.3333333333333333,0.15,-1,-1,-1,1.0,1.0,-1.0,0.0,-0.3333333333333333,0.15,-1,-1,-1,0.356862745098039,0.694117647058824,0.803921568627451
32.506518602371216,0.0,0.008143586656533534,0.03,1,1,1,0.0,0.3333333333333333,0.15,-1,-1,-1,1.0,1.0,-1.0,0.0,-0.3333333333333333,0.15,-1,-1,-1,0.356862745098039,0.694117647058824,0.803921568627451
32.541255950927734,0.0,0.010179483320666916,0.03,1,1,1,0.0,0.3333333333333333,0.15,-1,-1,-1,1.0,1.0,-1.0,0.0,-0.3333333333333333,0.15,-1,-1,-1,0.356862745098039,0.694117647058824,0.803921568627451
32.576613426208496,0.0,0.012215379984800299,0.03,1,1,1,0.0,0.3333333333333333,0.15,-1,-1,-1,1.0,1.0,-1.0,0.0,-0.3333333333333333,0.15,-1,-1,-1,0.356862745098039,0.694117647058824,0.803921568627451
32.611307859420776,0.0,0.014251276648933681,0.03,1,1,1,0.0,0.3333333333333333,0.15,-1,-1,-1,1.0,1.0,-1.0,0.0,-0.3333333333333333,0.15,-1,-1,-1,0.356862745098039,0.694117647058824,0.803921568627451
32.645885944366455,0.0,0.016287173313067064,0.03,1,1,1,0.0,0.3333333333333333,0.15,-1,-1,-1,1.0,1.0,-1.0,0.0,-0.3333333333333333,0.15,-1,-1,-1,0.356862745098039,0.694117647058824,0.803921568627451
32.680723667144775,0.0,0.018323069977200446,0.03,1,1,1,0.0,0.3333333333333333,0.15,-1,-1,-1,1.0,1.0,-1.0,0.0,-0.3333333333333333,0.15,-1,-1,-1,0.356862745098039,0.694117647058824,0.803921568627451
32.714914083480835,0.0,0.02035896664133383,0.03,1,1,1,0.0,0.3333333333333333,0.15,-1,-1,-1,1.0,1.0,-1.0,0.0,-0.3333333333333333,0.15,-1,-1,-1,0.356862745098039,0.694117647058824,0.803921568627451
32.75034189224243,0.0,0.02239486330546721,0.03,1,1,1,0.0,0.3333333333333333,0.15,-1,-1,-1,1.0,1.0,-1.0,0.0,-0.3333333333333333,0.15,-1,-1,-1,0.356862745098039,0.694117647058824,0.803921568627451
32.78433322906494,0.0,0.024430759969600594,0.03,1,1,1,0.0,0.3333333333333333,0.15,-1,-1,-1,1.0,1.0,-1.0,0.0,-0.3333333333333333,0.15,-1,-1,-1,0.356862745098039,0.694117647058824,0.803921568627451
32.81944441795349,0.0,0.026466656633733977,0.03,1,1,1,0.0,0.3333333333333333,0.15,-1,-1,-1,1.0,1.0,-1.0,0.0,-0.3333333333333333,0.15,-1,-1,-1,0.356862745098039,0.694117647058824,0.803921568627451
32.8541054725647,0.0,0.02850255329786736,0.03,1,1,1,0.0,0.3333333333333333,0.15,-1,-1,-1,1.0,1.0,-1.0,0.0,-0.3333333333333333,0.15,-1,-1,-1,0.356862745098039,0.694117647058824,0.803921568627451
32.888511419296265,0.0,0.03053844996200074,0.03,1,1,1,0.0,0.3333333333333333,0.15,-1,-1,-1,1.0,1.0,-1.0,0.0,-0.3333333333333333,0.15,-1,-1,-1,0.356862745098039,0.694117647058824,0.803921568627451
32.92384600639343,0.0,0.03257434662613412,0.03,1,1,1,0.0,0.3333333333333333,0.15,-1,-1,-1,1.0,1.0,-1.0,0.0,-0.3333333333333333,0.15,-1,-1,-1,0.356862745098039,0.694117647058824,0.803921568627451
32.95852971076965,0.0,0.0346102432902675,0.03,1,1,1,0.0,0.3333333333333333,0.15,-1,-1,-1,1.0,1.0,-1.0,0.0,-0.3333333333333333,0.15,-1,-1,-1,0.356862745098039,0.694117647058824,0.803921568627451
32.99292731285095,0.0,0.036646139954400886,0.03,1,1,1,0.0,0.3333333333333333,0.15,-1,-1,-1,1.0,1.0,-1.0,0.0,-0.3333333333333333,0.15,-1,-1,-1,0.356862745098039,0.694117647058824,0.803921568627451
33.02794408798218,0.0,0.03868203661853427,0.03,1,1,1,0.0,0.3333333333333333,0.15,-1,-1,-1,1.0,1.0,-1.0,0.0,-0.3333333333333333,0.15,-1,-1,-1,0.356862745098039,0.694117647058824,0.803921568627451
33.06275200843811,0.0,0.04071793328266765,0.03,1,1,1,0.0,0.3333333333333333,0.15,-1,-1,-1,1.0,1.0,-1.0,0.0,-0.3333333333333333,0.15,-1,-1,-1,0.356862745098039,0.694117647058824,0.803921568627451
33.09704089164734,0.0,0.042753829946801034,0.03,1,1,1,0.0,0.3333333333333333,0.15,-1,-1,-1,1.0,1.0,-1.0,0.0,-0.3333333333333333,0.15,-1,-1,-1,0.356862745098039,0.694117647058824,0.803921568627451
33.13219499588013,0.0,0.044789726610934416,0.03,1,1,1,0.0,0.3333333333333333,0.15,-1,-1,-1,1.0,1.0,-1.0,0.0,-0.3333333333333333,0.15,-1,-1,-1,0.356862745098039,0.694117647058824,0.803921568627451
33.167017698287964,0.0,0.0468256232750678,0.03,1,1,1,0.0,0.3333333333333333,0.15,-1,-1,-1,1.0,1.0,-1.0,0.0,-0.3333333333333333,0.15,-1,-1,-1,0.356862745098039,0.694117647058824,0.803921568627451
33.20154809951782,0.0,0.04886151993920118,0.03,1,1,1,0.0,0.3333333333333333,0.15,-1,-1,-1,1.0,1.0,-1.0,0.0,-0.3333333333333333,0.15,-1,-1,-1,0.356862745098039,0.694117647058824,0.803921568627451
33.2357542514801,0.0,0.050897416603334564,0.03,1,1,1,0.0,0.3333333333333333,0.15,-1,-1,-1,1.0,1.0,-1.0,0.0,-0.3333333333333333,0.15,-1,-1,-1,0.356862745098039,0.694117647058824,0.803921568627451
33.27111887931824,0.0,0.052933313267467946,0.03,1,1,1,0.0,0.3333333333333333,0.15,-1,-1,-1,1.0,1.0,-1.0,0.0,-0.3333333333333333,0.15,-1,-1,-1,0.356862745098039,0.694117647058824,0.803921568627451
33.30521202087402,0.0,0.05496920993160133,0.03,1,1,1,0.0,0.3333333333333333,0.15,-1,-1,-1,1.0,1.0,-1.0,0.0,-0.3333333333333333,0.15,-1,-1,-1,0.356862745098039,0.694117647058824,0.803921568627451
33.339993715286255,0.0,0.05700510659573471,0.03,1,1,1,0.0,0.3333333333333333,0.15,-1,-1,-1,1.0,1.0,-1.0,0.0,-0.3333333333333333,0.15,-1,-1,-1,0.356862745098039,0.694117647058824,0.803921568627451
33.375328540802,0.0,0.059041003259868094,0.03,1,1,1,0.0,0.3333333333333333,0.15,-1,-1,-1,1.0,1.0,-1.0,0.0,-0.3333333333333333,0.15,-1,-1,-1,0.356862745098039,0.694117647058824,0.803921568627451
33.40941596031189,0.0,0.06107689992400147,0.03,1,1,1,0.0,0.3333333333333333,0.15,-1,-1,-1,1.0,1.0,-1.0,0.0,-0.3333333333333333,0.15,-1,-1,-1,0.356862745098039,0.694117647058824,0.803921568627451
33.444724321365356,0.0,0.06311279658813485,0.03,1,1,1,0.0,0.3333333333333333,0.15,-1,-1,-1,1.0,1.0,-1.0,0.0,-0.3333333333333333,0.15,-1,-1,-1,0.356862745098039,0.694117647058824,0.803921568627451
33.47884917259216,0.0,0.06514869325226823,0.03,1,1,1,0.0,0.3333333333333333,0.15,-1,-1,-1,1.0,1.0,-1.0,0.0,-0.3333333333333333,0.15,-1,-1,-1,0.356862745098039,0.694117647058824,0.803921568627451
33.51344108581543,0.0,0.06718458991640161,0.03,1,1,1,0.0,0.3333333333333333,0.15,-1,-1,-1,1.0,1.0,-1.0,0.0,-0.3333333333333333,0.15,-1,-1,-1,0.356862745098039,0.694117647058824,0.803921568627451
33.54869198799133,0.0,0.06922048658053499,0.03,1,1,1,0.0,0.3333333333333333,0.15,-1,-1,-1,1.0,1.0,-1.0,0.0,-0.3333333333333333,0.15,-1,-1,-1,0.356862745098039,0.694117647058824,0.803921568627451
33.58292484283447,0.0,0.07044202457901502,0.03,1,1,1,0.0,0.3333333333333333,0.15,-1,-1,-1,1.0,1.0,-1.0,0.0,-0.3333333333333333,0.15,-1,-1,-1,0.356862745098039,0.694117647058824,0.803921568627451
33.618093729019165,0.0,0.07044202457901502,0.03,1,1,1,0.0,0.3333333333333333,0.15,-1,-1,-1,1.0,1.0,-1.0,0.0,-0.3333333333333333,0.15,-1,-1,-1,0.356862745098039,0.694117647058824,0.803921568627451
33.652902603149414,0.0,0.07044202457901502,0.03,1,1,1,0.0,0.3333333333333333,0.15,-1,-1,-1,1.0,1.0,-1.0,0.0,-0.3333333333333333,0.15,-1,-1,-1,0.356862745098039,0.694117647058824,0.803921568627451
33.687618255615234,0.0,0.07044202457901502,0.03,1,1,1,0.0,0.3333333333333333,0.15,-1,-1,-1,1.0,1.0,-1.0,0.0,-0.3333333333333333,0.15,-1,-1,-1,0.356862745098039,0.694117647058824,0.803921568627451
33.72227597236633,0.0,0.07044202457901502,0.03,1,1,1,0.0,0.3333333333333333,0.15,-1,-1,-1,1.0,1.0,-1.0,0.0,-0.3333333333333333,0.15,-1,-1,-1,0.356862745098039,0.694117647058824,0.803921568627451
33.757126331329346,0.0,0.07044202457901502,0.03,1,1,1,0.0,0.3333333333333333,0.15,-1,-1,-1,1.0,1.0,-1.0,0.0,-0.3333333333333333,0.15,-1,-1,-1,0.356862745098039,0.694117647058824,0.803921568627451
33.79205083847046,0.0,0.07044202457901502,0.03,1,1,1,0.0,0.3333333333333333,0.15,-1,-1,-1,1.0,1.0,-1.0,0.0,-0.3333333333333333,0.15,-1,-1,-1,0.356862745098039,0.694117647058824,0.803921568627451
33.82656764984131,0.0,0.07044202457901502,0.03,1,1,1,0.0,0.3333333333333333,0.15,-1,-1,-1,1.0,1.0,-1.0,0.0,-0.3333333333333333,0.15,-1,-1,-1,0.356862745098039,0.694117647058824,0.803921568627451
33.86105561256409,0.0,0.07044202457901502,0.03,1,1,1,0.0,0.3333333333333333,0.15,-1,-1,-1,1.0,1.0,-1.0,0.0,-0.3333333333333333,0.15,-1,-1,-1,0.356862745098039,0.694117647058824,0.803921568627451
33.89582371711731,0.0,0.07044202457901502,0.03,1,1,1,0.0,0.3333333333333333,0.15,-1,-1,-1,1.0,1.0,-1.0,0.0,-0.3333333333333333,0.15,-1,-1,-1,0.356862745098039,0.694117647058824,0.803921568627451
33.93053150177002,0.0,0.07044202457901502,0.03,1,1,1,0.0,0.3333333333333333,0.15,-1,-1,-1,1.0,1.0,-1.0,0.0,-0.3333333333333333,0.15,-1,-1,-1,0.356862745098039,0.694117647058824,0.803921568627451
33.96496081352234,0.0,0.07044202457901502,0.03,1,1,1,0.0,0.3333333333333333,0.15,-1,-1,-1,1.0,1.0,-1.0,0.0,-0.3333333333333333,0.15,-1,-1,-1,0.356862745098039,0.694117647058824,0.803921568627451
33.999963998794556,0.0,0.07044202457901502,0.03,1,1,1,0.0,0.3333333333333333,0.15,-1,-1,-1,1.0,1.0,-1.0,0.0,-0.3333333333333333,0.15,-1,-1,-1,0.356862745098039,0.694117647058824,0.803921568627451
34.034600019454956,0.0,0.07044202457901502,0.03,1,1,1,0.0,0.3333333333333333,0.15,-1,-1,-1,1.0,1.0,-1.0,0.0,-0.3333333333333333,0.15,-1,-1,-1,0.356862745098039,0.694117647058824,0.803921568627451
34.069246768951416,0.0,0.07044202457901502,0.03,1,1,1,0.0,0.3333333333333333,0.15,-1,-1,-1,1.0,1.0,-1.0,0.0,-0.3333333333333333,0.15,-1,-1,-1,0.356862745098039,0.694117647058824,0.803921568627451
34.103859663009644,0.0,0.07044202457901502,0.03,1,1,1,0.0,0.3333333333333333,0.15,-1,-1,-1,1.0,1.0,-1.0,0.0,-0.3333333333333333,0.15,-1,-1,-1,0.356862745098039,0.694117647058824,0.803921568627451
34.138489961624146,0.0,0.07044202457901502,0.03,1,1,1,0.0,0.3333333333333333,0.15,-1,-1,-1,1.0,1.0,-1.0,0.0,-0.3333333333333333,0.15,-1,-1,-1,0.356862745098039,0.694117647058824,0.803921568627451
34.17351222038269,0.0,0.07044202457901502,0.03,1,1,1,0.0,0.3333333333333333,0.15,-1,-1,-1,1.0,1.0,-1.0,0.0,-0.3333333333333333,0.15,-1,-1,-1,0.356862745098039,0.694117647058824,0.803921568627451
34.20827007293701,0.0,0.07044202457901502,0.03,1,1,1,0.0,0.3333333333333333,0.15,-1,-1,-1,1.0,1.0,-1.0,0.0,-0.3333333333333333,0.15,-1,-1,-1,0.356862745098039,0.694117647058824,0.803921568627451
34.2427122592926,0.0,0.07044202457901502,0.03,1,1,1,0.0,0.3333333333333333,0.15,-1,-1,-1,1.0,1.0,-1.0,0.0,-0.3333333333333333,0.15,-1,-1,-1,0.356862745098039,0.694117647058824,0.803921568627451
34.27785325050354,0.0,0.07044202457901502,0.03,1,1,1,0.0,0.3333333333333333,0.15,-1,-1,-1,1.0,1.0,-1.0,0.0,-0.3333333333333333,0.15,-1,-1,-1,0.356862745098039,0.694117647058824,0.803921568627451
34.31256651878357,0.0,0.07044202457901502,0.03,1,1,1,0.0,0.3333333333333333,0.15,-1,-1,-1,1.0,1.0,-1.0,0.0,-0.3333333333333333,0.15,-1,-1,-1,0.356862745098039,0.694117647058824,0.803921568627451
34.34739637374878,0.0,0.07044202457901502,0.03,1,1,1,0.0,0.3333333333333333,0.15,-1,-1,-1,1.0,1.0,-1.0,0.0,-0.3333333333333333,0.15,-1,-1,-1,0.356862745098039,0.694117647058824,0.803921568627451
34.381553173065186,0.0,0.07044202457901502,0.03,1,1,1,0.0,0.3333333333333333,0.15,-1,-1,-1,1.0,1.0,-1.0,0.0,-0.3333333333333333,0.15,-1,-1,-1,0.356862745098039,0.694117647058824,0.803921568627451
34.416807889938354,0.0,0.07044202457901502,0.03,1,1,1,0.0,0.3333333333333333,0.15,-1,-1,-1,1.0,1.0,-1.0,0.0,-0.3333333333333333,0.15,-1,-1,-1,0.356862745098039,0.694117647058824,0.803921568627451
34.4516487121582,0.0,0.07044202457901502,0.03,1,1,1,0.0,0.3333333333333333,0.15,-1,-1,-1,1.0,1.0,-1.0,0.0,-0.3333333333333333,0.15,-1,-1,-1,0.356862745098039,0.694117647058824,0.803921568627451
34.487257957458496,0.0,0.07044202457901502,0.03,1,1,1,0.0,0.3333333333333333,0.15,-1,-1,-1,1.0,1.0,-1.0,0.0,-0.3333333333333333,0.15,-1,-1,-1,0.356862745098039,0.694117647058824,0.803921568627451
34.520387411117554,0.0,0.07044202457901502,0.03,1,1,1,0.0,0.3333333333333333,0.15,-1,-1,-1,1.0,1.0,-1.0,0.0,-0.3333333333333333,0.15,-1,-1,-1,0.356862745098039,0.694117647058824,0.803921568627451
34.55560636520386,0.0,0.07044202457901502,0.03,1,1,1,0.0,0.3333333333333333,0.15,-1,-1,-1,1.0,1.0,-1.0,0.0,-0.3333333333333333,0.15,-1,-1,-1,0.356862745098039,0.694117647058824,0.803921568627451
34.58980631828308,0.0,0.07044202457901502,0.03,1,1,1,0.0,0.3333333333333333,0.15,-1,-1,-1,1.0,1.0,-1.0,0.0,-0.3333333333333333,0.15,-1,-1,-1,0.356862745098039,0.694117647058824,0.803921568627451
34.62455344200134,0.0,0.07044202457901502,0.03,1,1,1,0.0,0.3333333333333333,0.15,-1,-1,-1,1.0,1.0,-1.0,0.0,-0.3333333333333333,0.15,-1,-1,-1,0.356862745098039,0.694117647058824,0.803921568627451
34.65990114212036,0.0,0.07044202457901502,0.03,1,1,1,0.0,0.3333333333333333,0.15,-1,-1,-1,1.0,1.0,-1.0,0.0,-0.3333333333333333,0.15,-1,-1,-1,0.356862745098039,0.694117647058824,0.803921568627451
34.6947181224823,0.0,0.07044202457901502,0.03,1,1,1,0.0,0.3333333333333333,0.15,-1,-1,-1,1.0,1.0,-1.0,0.0,-0.3333333333333333,0.15,-1,-1,-1,0.356862745098039,0.694117647058824,0.803921568627451
34.72931432723999,0.0,0.07044202457901502,0.03,1,1,1,0.0,0.3333333333333333,0.15,-1,-1,-1,1.0,1.0,-1.0,0.0,-0.3333333333333333,0.15,-1,-1,-1,0.356862745098039,0.694117647058824,0.803921568627451
34.76362419128418,0.0,0.07044202457901502,0.03,1,1,1,0.0,0.3333333333333333,0.15,-1,-1,-1,1.0,1.0,-1.0,0.0,-0.3333333333333333,0.15,-1,-1,-1,0.356862745098039,0.694117647058824,0.803921568627451
34.79840874671936,0.0,0.0635954406292373,0.03,1,1,1,0.0,0.3333333333333333,0.15,-1,-1,-1,1.0,1.0,-1.0,0.0,-0.3333333333333333,0.15,-1,-1,-1,0.356862745098039,0.694117647058824,0.803921568627451
34.83295774459839,0.0,0.05503721069201516,0.03,1,1,1,0.0,0.3333333333333333,0.15,-1,-1,-1,1.0,1.0,-1.0,0.0,-0.3333333333333333,0.15,-1,-1,-1,0.356862745098039,0.694117647058824,0.803921568627451
34.86786985397339,0.0,0.04647898075479301,0.03,1,1,1,0.0,0.3333333333333333,0.15,-1,-1,-1,1.0,1.0,-1.0,0.0,-0.3333333333333333,0.15,-1,-1,-1,0.356862745098039,0.694117647058824,0.803921568627451
34.902583360672,0.0,0.03792075081757086,0.03,1,1,1,0.0,0.3333333333333333,0.15,-1,-1,-1,1.0,1.0,-1.0,0.0,-0.3333333333333333,0.15,-1,-1,-1,0.356862745098039,0.694117647058824,0.803921568627451
34.93747854232788,0.0,0.029362520880348714,0.03,1,1,1,0.0,0.3333333333333333,0.15,-1,-1,-1,1.0,1.0,-1.0,0.0,-0.3333333333333333,0.15,-1,-1,-1,0.356862745098039,0.694117647058824,0.803921568627451
34.972171783447266,0.0,0.020804290943126566,0.03,1,1,1,0.0,0.3333333333333333,0.15,-1,-1,-1,1.0,1.0,-1.0,0.0,-0.3333333333333333,0.15,-1,-1,-1,0.356862745098039,0.694117647058824,0.803921568627451
35.00692868232727,0.0,0.012246061005904422,0.03,1,1,1,0.0,0.3333333333333333,0.15,-1,-1,-1,1.0,1.0,-1.0,0.0,-0.3333333333333333,0.15,-1,-1,-1,0.356862745098039,0.694117647058824,0.803921568627451
35.04175114631653,0.0,0.0036878310686822803,0.03,1,1,1,0.0,0.3333333333333333,0.15,-1,-1,-1,1.0,1.0,-1.0,0.0,-0.3333333333333333,0.15,-1,-1,-1,0.356862745098039,0.694117647058824,0.803921568627451
35.07673954963684,0.0,-0.004870398868539862,0.03,1,1,1,0.0,0.3333333333333333,0.15,-1,-1,-1,1.0,1.0,-1.0,0.0,-0.3333333333333333,0.15,-1,-1,-1,0.356862745098039,0.694117647058824,0.803921568627451
35.1110577583313,0.0,-0.013428628805762002,0.03,1,1,1,0.0,0.3333333333333333,0.15,-1,-1,-1,1.0,1.0,-1.0,0.0,-0.3333333333333333,0.15,-1,-1,-1,0.356862745098039,0.694117647058824,0.803921568627451
35.145628452301025,0.0,-0.021986858742984148,0.03,1,1,1,0.0,0.3333333333333333,0.15,-1,-1,-1,1.0,1.0,-1.0,0.0,-0.3333333333333333,0.15,-1,-1,-1,0.356862745098039,0.694117647058824,0.803921568627451
35.180575370788574,0.0,-0.030545088680206296,0.03,1,1,1,0.0,0.3333333333333333,0.15,-1,-1,-1,1.0,1.0,-1.0,0.0,-0.3333333333333333,0.15,-1,-1,-1,0.356862745098039,0.694117647058824,0.803921568627451
35.21495223045349,0.0,-0.03910331861742844,0.03,1,1,1,0.0,0.3333333333333333,0.15,-1,-1,-1,1.0,1.0,-1.0,0.0,-0.3333333333333333,0.15,-1,-1,-1,0.356862745098039,0.694117647058824,0.803921568627451
35.24955868721008,0.0,-0.04766154855465059,0.03,1,1,1,0.0,0.3333333333333333,0.15,-1,-1,-1,1.0,1.0,-1.0,0.0,-0.3333333333333333,0.15,-1,-1,-1,0.356862745098039,0.694117647058824,0.803921568627451
35.284403800964355,0.0,-0.056219778491872735,0.03,1,1,1,0.0,0.3333333333333333,0.15,-1,-1,-1,1.0,1.0,-1.0,0.0,-0.3333333333333333,0.15,-1,-1,-1,0.356862745098039,0.694117647058824,0.803921568627451
35.31917929649353,0.0,-0.06477800842909487,0.03,1,1,1,0.0,0.3333333333333333,0.15,-1,-1,-1,1.0,1.0,-1.0,0.0,-0.3333333333333333,0.15,-1,-1,-1,0.356862745098039,0.694117647058824,0.803921568627451
35.353864431381226,0.0,-0.07333623836631702,0.03,1,1,1,0.0,0.3333333333333333,0.15,-1,-1,-1,1.0,1.0,-1.0,0.0,-0.3333333333333333,0.15,-1,-1,-1,0.356862745098039,0.694117647058824,0.803921568627451
35.38858103752136,0.0,-0.08189446830353916,0.03,1,1,1,0.0,0.3333333333333333,0.15,-1,-1,-1,1.0,1.0,-1.0,0.0,-0.3333333333333333,0.15,-1,-1,-1,0.356862745098039,0.694117647058824,0.803921568627451
35.423370599746704,0.0,-0.09045269824076131,0.03,1,1,1,0.0,0.3333333333333333,0.15,-1,-1,-1,1.0,1.0,-1.0,0.0,-0.3333333333333333,0.15,-1,-1,-1,0.356862745098039,0.694117647058824,0.803921568627451
35.458147048950195,0.0,-0.09901092817798346,0.03,1,1,1,0.0,0.3333333333333333,0.15,-1,-1,-1,1.0,1.0,-1.0,0.0,-0.3333333333333333,0.15,-1,-1,-1,0.356862745098039,0.694117647058824,0.803921568627451
35.492751121520996,0.0,-0.10756915811520561,0.03,1,1,1,0.0,0.3333333333333333,0.15,-1,-1,-1,1.0,1.0,-1.0,0.0,-0.3333333333333333,0.15,-1,-1,-1,0.356862745098039,0.694117647058824,0.803921568627451
35.52749466896057,0.0,-0.11612738805242775,0.03,1,1,1,0.0,0.3333333333333333,0.15,-1,-1,-1,1.0,1.0,-1.0,0.0,-0.3333333333333333,0.15,-1,-1,-1,0.356862745098039,0.694117647058824,0.803921568627451
35.56248927116394,0.0,-0.12468561798964989,0.03,1,1,1,0.0,0.3333333333333333,0.15,-1,-1,-1,1.0,1.0,-1.0,0.0,-0.3333333333333333,0.15,-1,-1,-1,0.356862745098039,0.694117647058824,0.803921568627451
35.597177267074585,0.0,-0.13324384792687197,0.03,1,1,1,0.0,0.3333333333333333,0.15,-1,-1,-1,1.0,1.0,-1.0,0.0,-0.3333333333333333,0.15,-1,-1,-1,0.356862745098039,0.694117647058824,0.803921568627451
35.63158702850342,0.0,-0.14180207786409404,0.03,1,1,1,0.0,0.3333333333333333,0.15,-1,-1,-1,1.0,1.0,-1.0,0.0,-0.3333333333333333,0.15,-1,-1,-1,0.356862745098039,0.694117647058824,0.803921568627451
35.66685605049133,0.0,-0.15036030780131612,0.03,1,1,1,0.0,0.3333333333333333,0.15,-1,-1,-1,1.0,1.0,-1.0,0.0,-0.3333333333333333,0.15,-1,-1,-1,0.356862745098039,0.694117647058824,0.803921568627451
35.701465368270874,0.0,-0.1589185377385382,0.03,1,1,1,0.0,0.3333333333333333,0.15,-1,-1,-1,1.0,1.0,-1.0,0.0,-0.3333333333333333,0.15,-1,-1,-1,0.356862745098039,0.694117647058824,0.803921568627451
35.73578357696533,0.0,-0.16747676767576028,0.03,1,1,1,0.0,0.3333333333333333,0.15,-1,-1,-1,1.0,1.0,-1.0,0.0,-0.3333333333333333,0.15,-1,-1,-1,0.356862745098039,0.694117647058824,0.803921568627451
35.77053427696228,0.0,-0.17603499761298236,0.03,1,1,1,0.0,0.3333333333333333,0.15,-1,-1,-1,1.0,1.0,-1.0,0.0,-0.3333333333333333,0.15,-1,-1,-1,0.356862745098039,0.694117647058824,0.803921568627451
35.805830240249634,0.0,-0.18459322755020444,0.03,1,1,1,0.0,0.3333333333333333,0.15,-1,-1,-1,1.0,1.0,-1.0,0.0,-0.3333333333333333,0.15,-1,-1,-1,0.356862745098039,0.694117647058824,0.803921568627451
35.840506076812744,0.0,-0.19315145748742651,0.03,1,1,1,0.0,0.3333333333333333,0.15,-1,-1,-1,1.0,1.0,-1.0,0.0,-0.3333333333333333,0.15,-1,-1,-1,0.356862745098039,0.694117647058824,0.803921568627451
35.874671459198,0.0,-0.2017096874246486,0.03,1,1,1,0.0,0.3333333333333333,0.15,-1,-1,-1,1.0,1.0,-1.0,0.0,-0.3333333333333333,0.15,-1,-1,-1,0.356862745098039,0.694117647058824,0.803921568627451
35.90976095199585,0.0,-0.21026791736187067,0.03,1,1,1,0.0,0.3333333333333333,0.15,-1,-1,-1,1.0,1.0,-1.0,0.0,-0.3333333333333333,0.15,-1,-1,-1,0.356862745098039,0.694117647058824,0.803921568627451
35.94456934928894,0.0,-0.21882614729909275,0.03,1,1,1,0.0,0.3333333333333333,0.15,-1,-1,-1,1.0,1.0,-1.0,0.0,-0.3333333333333333,0.15,-1,-1,-1,0.356862745098039,0.694117647058824,0.803921568627451
35.97873640060425,0.0,-0.2250520255526984,0.03,1,1,1,0.0,0.3333333333333333,0.15,-1,-1,-1,1.0,1.0,-1.0,0.0,-0.3333333333333333,0.15,-1,-1,-1,0.356862745098039,0.694117647058824,0.803921568627451
36.0135657787323,0.0,-0.22194849707183836,0.03,1,1,1,0.0,0.3333333333333333,0.15,-1,-1,-1,1.0,1.0,-1.0,0.0,-0.3333333333333333,0.15,-1,-1,-1,0.356862745098039,0.694117647058824,0.803921568627451
36.048335552215576,0.0,-0.21884496859097832,0.03,1,1,1,0.0,0.3333333333333333,0.15,-1,-1,-1,1.0,1.0,-1.0,0.0,-0.3333333333333333,0.15,-1,-1,-1,0.356862745098039,0.694117647058824,0.803921568627451
36.08441209793091,0.0,-0.21574144011011828,0.03,1,1,1,0.0,0.3333333333333333,0.15,-1,-1,-1,1.0,1.0,-1.0,0.0,-0.3333333333333333,0.15,-1,-1,-1,0.356862745098039,0.694117647058824,0.803921568627451
36.118369817733765,0.0,-0.21263791162925824,0.03,1,1,1,0.0,0.3333333333333333,0.15,-1,-1,-1,1.0,1.0,-1.0,0.0,-0.3333333333333333,0.15,-1,-1,-1,0.356862745098039,0.694117647058824,0.803921568627451
36.153141021728516,0.0,-0.2095343831483982,0.03,1,1,1,0.0,0.3333333333333333,0.15,-1,-1,-1,1.0,1.0,-1.0,0.0,-0.3333333333333333,0.15,-1,-1,-1,0.356862745098039,0.694117647058824,0.803921568627451
36.187758684158325,0.0,-0.20643085466753816,0.03,1,1,1,0.0,0.3333333333333333,0.15,-1,-1,-1,1.0,1.0,-1.0,0.0,-0.3333333333333333,0.15,-1,-1,-1,0.356862745098039,0.694117647058824,0.803921568627451
36.2218222618103,0.0,-0.20332732618667812,0.03,1,1,1,0.0,0.3333333333333333,0.15,-1,-1,-1,1.0,1.0,-1.0,0.0,-0.3333333333333333,0.15,-1,-1,-1,0.356862745098039,0.694117647058824,0.803921568627451
36.256654024124146,0.0,-0.20022379770581808,0.03,1,1,1,0.0,0.3333333333333333,0.15,-1,-1,-1,1.0,1.0,-1.0,0.0,-0.3333333333333333,0.15,-1,-1,-1,0.356862745098039,0.694117647058824,0.803921568627451
36.29221200942993,0.0,-0.19712026922495804,0.03,1,1,1,0.0,0.3333333333333333,0.15,-1,-1,-1,1.0,1.0,-1.0,0.0,-0.3333333333333333,0.15,-1,-1,-1,0.356862745098039,0.694117647058824,0.803921568627451
36.32602047920227,0.0,-0.194016740744098,0.03,1,1,1,0.0,0.3333333333333333,0.15,-1,-1,-1,1.0,1.0,-1.0,0.0,-0.3333333333333333,0.15,-1,-1,-1,0.356862745098039,0.694117647058824,0.803921568627451
36.36075210571289,0.0,-0.19091321226323796,0.03,1,1,1,0.0,0.3333333333333333,0.15,-1,-1,-1,1.0,1.0,-1.0,0.0,-0.3333333333333333,0.15,-1,-1,-1,0.356862745098039,0.694117647058824,0.803921568627451
36.39610505104065,0.0,-0.18780968378237792,0.03,1,1,1,0.0,0.3333333333333333,0.15,-1,-1,-1,1.0,1.0,-1.0,0.0,-0.3333333333333333,0.15,-1,-1,-1,0.356862745098039,0.694117647058824,0.803921568627451
36.43063306808472,0.0,-0.18470615530151788,0.03,1,1,1,0.0,0.3333333333333333,0.15,-1,-1,-1,1.0,1.0,-1.0,0.0,-0.3333333333333333,0.15,-1,-1,-1,0.356862745098039,0.694117647058824,0.803921568627451
36.46480846405029,0.0,-0.18160262682065784,0.03,1,1,1,0.0,0.3333333333333333,0.15,-1,-1,-1,1.0,1.0,-1.0,0.0,-0.3333333333333333,0.15,-1,-1,-1,0.356862745098039,0.694117647058824,0.803921568627451
36.500317096710205,0.0,-0.1784990983397978,0.03,1,1,1,0.0,0.3333333333333333,0.15,-1,-1,-1,1.0,1.0,-1.0,0.0,-0.3333333333333333,0.15,-1,-1,-1,0.356862745098039,0.694117647058824,0.803921568627451
36.53487014770508,0.0,-0.17539556985893776,0.03,1,1,1,0.0,0.3333333333333333,0.15,-1,-1,-1,1.0,1.0,-1.0,0.0,-0.3333333333333333,0.15,-1,-1,-1,0.356862745098039,0.694117647058824,0.803921568627451
36.56943702697754,0.0,-0.17229204137807771,0.03,1,1,1,0.0,0.3333333333333333,0.15,-1,-1,-1,1.0,1.0,-1.0,0.0,-0.3333333333333333,0.15,-1,-1,-1,0.356862745098039,0.694117647058824,0.803921568627451
36.604342460632324,0.0,-0.16918851289721767,0.03,1,1,1,0.0,0.3333333333333333,0.15,-1,-1,-1,1.0,1.0,-1.0,0.0,-0.3333333333333333,0.15,-1,-1,-1,0.356862745098039,0.694117647058824,0.803921568627451
36.63906145095825,0.0,-0.16608498441635763,0.03,1,1,1,0.0,0.3333333333333333,0.15,-1,-1,-1,1.0,1.0,-1.0,0.0,-0.3333333333333333,0.15,-1,-1,-1,0.356862745098039,0.694117647058824,0.803921568627451
36.6738543510437,0.0,-0.1629814559354976,0.03,1,1,1,0.0,0.3333333333333333,0.15,-1,-1,-1,1.0,1.0,-1.0,0.0,-0.3333333333333333,0.15,-1,-1,-1,0.356862745098039,0.694117647058824,0.803921568627451
36.707953214645386,0.0,-0.15987792745463755,0.03,1,1,1,0.0,0.3333333333333333,0.15,-1,-1,-1,1.0,1.0,-1.0,0.0,-0.3333333333333333,0.15,-1,-1,-1,0.356862745098039,0.694117647058824,0.803921568627451
36.74309062957764,0.0,-0.1567743989737775,0.03,1,1,1,0.0,0.3333333333333333,0.15,-1,-1,-1,1.0,1.0,-1.0,0.0,-0.3333333333333333,0.15,-1,-1,-1,0.356862745098039,0.694117647058824,0.803921568627451
36.77742028236389,0.0,-0.15367087049291747,0.03,1,1,1,0.0,0.3333333333333333,0.15,-1,-1,-1,1.0,1.0,-1.0,0.0,-0.3333333333333333,0.15,-1,-1,-1,0.356862745098039,0.694117647058824,0.803921568627451
36.812639474868774,0.0,-0.15056734201205743,0.03,1,1,1,0.0,0.3333333333333333,0.15,-1,-1,-1,1.0,1.0,-1.0,0.0,-0.3333333333333333,0.15,-1,-1,-1,0.356862745098039,0.694117647058824,0.803921568627451
36.847272872924805,0.0,-0.1474638135311974,0.03,1,1,1,0.0,0.3333333333333333,0.15,-1,-1,-1,1.0,1.0,-1.0,0.0,-0.3333333333333333,0.15,-1,-1,-1,0.356862745098039,0.694117647058824,0.803921568627451
36.88212251663208,0.0,-0.14436028505033735,0.03,1,1,1,0.0,0.3333333333333333,0.15,-1,-1,-1,1.0,1.0,-1.0,0.0,-0.3333333333333333,0.15,-1,-1,-1,0.356862745098039,0.694117647058824,0.803921568627451
36.916282176971436,0.0,-0.1412567565694773,0.03,1,1,1,0.0,0.3333333333333333,0.15,-1,-1,-1,1.0,1.0,-1.0,0.0,-0.3333333333333333,0.15,-1,-1,-1,0.356862745098039,0.694117647058824,0.803921568627451
36.95132565498352,0.0,-0.13815322808861727,0.03,1,1,1,0.0,0.3333333333333333,0.15,-1,-1,-1,1.0,1.0,-1.0,0.0,-0.3333333333333333,0.15,-1,-1,-1,0.356862745098039,0.694117647058824,0.803921568627451
36.98575568199158,0.0,-0.13504969960775723,0.03,1,1,1,0.0,0.3333333333333333,0.15,-1,-1,-1,1.0,1.0,-1.0,0.0,-0.3333333333333333,0.15,-1,-1,-1,0.356862745098039,0.694117647058824,0.803921568627451
37.02041435241699,0.0,-0.1319461711268972,0.03,1,1,1,0.0,0.3333333333333333,0.15,-1,-1,-1,1.0,1.0,-1.0,0.0,-0.3333333333333333,0.15,-1,-1,-1,0.356862745098039,0.694117647058824,0.803921568627451
37.05543088912964,0.0,-0.12884264264603715,0.03,1,1,1,0.0,0.3333333333333333,0.15,-1,-1,-1,1.0,1.0,-1.0,0.0,-0.3333333333333333,0.15,-1,-1,-1,0.356862745098039,0.694117647058824,0.803921568627451
37.09032392501831,0.0,-0.1257391141651771,0.03,1,1,1,0.0,0.3333333333333333,0.15,-1,-1,-1,1.0,1.0,-1.0,0.0,-0.3333333333333333,0.15,-1,-1,-1,0.356862745098039,0.694117647058824,0.803921568627451
37.125072717666626,0.0,-0.12263558568431708,0.03,1,1,1,0.0,0.3333333333333333,0.15,-1,-1,-1,1.0,1.0,-1.0,0.0,-0.3333333333333333,0.15,-1,-1,-1,0.356862745098039,0.694117647058824,0.803921568627451
37.15958333015442,0.0,-0.11953205720345705,0.03,1,1,1,0.0,0.3333333333333333,0.15,-1,-1,-1,1.0,1.0,-1.0,0.0,-0.3333333333333333,0.15,-1,-1,-1,0.356862745098039,0.694117647058824,0.803921568627451
37.194568157196045,0.0,-0.1171343935746044,0.03,1,1,1,0.0,0.3333333333333333,0.15,-1,-1,-1,1.0,1.0,-1.0,0.0,-0.3333333333333333,0.15,-1,-1,-1,0.356862745098039,0.694117647058824,0.803921568627451
37.23012375831604,0.0,-0.11520730651375666,0.03,1,1,1,0.0,0.3333333333333333,0.15,-1,-1,-1,1.0,1.0,-1.0,0.0,-0.3333333333333333,0.15,-1,-1,-1,0.356862745098039,0.694117647058824,0.803921568627451
37.26379919052124,0.0,-0.11328021945290892,0.03,1,1,1,0.0,0.3333333333333333,0.15,-1,-1,-1,1.0,1.0,-1.0,0.0,-0.3333333333333333,0.15,-1,-1,-1,0.356862745098039,0.694117647058824,0.803921568627451
37.29852819442749,0.0,-0.11135313239206118,0.03,1,1,1,0.0,0.3333333333333333,0.15,-1,-1,-1,1.0,1.0,-1.0,0.0,-0.3333333333333333,0.15,-1,-1,-1,0.356862745098039,0.694117647058824,0.803921568627451
37.332849740982056,0.0,-0.10942604533121345,0.03,1,1,1,0.0,0.3333333333333333,0.15,-1,-1,-1,1.0,1.0,-1.0,0.0,-0.3333333333333333,0.15,-1,-1,-1,0.356862745098039,0.694117647058824,0.803921568627451
37.36757731437683,0.0,-0.10749895827036571,0.03,1,1,1,0.0,0.3333333333333333,0.15,-1,-1,-1,1.0,1.0,-1.0,0.0,-0.3333333333333333,0.15,-1,-1,-1,0.356862745098039,0.694117647058824,0.803921568627451
37.40240168571472,0.0,-0.10557187120951797,0.03,1,1,1,0.0,0.3333333333333333,0.15,-1,-1,-1,1.0,1.0,-1.0,0.0,-0.3333333333333333,0.15,-1,-1,-1,0.356862745098039,0.694117647058824,0.803921568627451
37.4375958442688,0.0,-0.10364478414867023,0.03,1,1,1,0.0,0.3333333333333333,0.15,-1,-1,-1,1.0,1.0,-1.0,0.0,-0.3333333333333333,0.15,-1,-1,-1,0.356862745098039,0.694117647058824,0.803921568627451
37.471717834472656,0.0,-0.1017176970878225,0.03,1,1,1,0.0,0.3333333333333333,0.15,-1,-1,-1,1.0,1.0,-1.0,0.0,-0.3333333333333333,0.15,-1,-1,-1,0.356862745098039,0.694117647058824,0.803921568627451
37.506433963775635,0.0,-0.09979061002697476,0.03,1,1,1,0.0,0.3333333333333333,0.15,-1,-1,-1,1.0,1.0,-1.0,0.0,-0.3333333333333333,0.15,-1,-1,-1,0.356862745098039,0.694117647058824,0.803921568627451
37.54180335998535,0.0,-0.09786352296612702,0.03,1,1,1,0.0,0.3333333333333333,0.15,-1,-1,-1,1.0,1.0,-1.0,0.0,-0.3333333333333333,0.15,-1,-1,-1,0.356862745098039,0.694117647058824,0.803921568627451
37.576340198516846,0.0,-0.09593643590527928,0.03,1,1,1,0.0,0.3333333333333333,0.15,-1,-1,-1,1.0,1.0,-1.0,0.0,-0.3333333333333333,0.15,-1,-1,-1,0.356862745098039,0.694117647058824,0.803921568627451
37.61092495918274,0.0,-0.09400934884443155,0.03,1,1,1,0.0,0.3333333333333333,0.15,-1,-1,-1,1.0,1.0,-1.0,0.0,-0.3333333333333333,0.15,-1,-1,-1,0.356862745098039,0.694117647058824,0.803921568627451
37.64542627334595,0.0,-0.09208226178358381,0.03,1,1,1,0.0,0.3333333333333333,0.15,-1,-1,-1,1.0,1.0,-1.0,0.0,-0.3333333333333333,0.15,-1,-1,-1,0.356862745098039,0.694117647058824,0.803921568627451
37.68041634559631,0.0,-0.09015517472273607,0.03,1,1,1,0.0,0.3333333333333333,0.15,-1,-1,-1,1.0,1.0,-1.0,0.0,-0.3333333333333333,0.15,-1,-1,-1,0.356862745098039,0.694117647058824,0.803921568627451
37.71509623527527,0.0,-0.08822808766188833,0.03,1,1,1,0.0,0.3333333333333333,0.15,-1,-1,-1,1.0,1.0,-1.0,0.0,-0.3333333333333333,0.15,-1,-1,-1,0.356862745098039,0.694117647058824,0.803921568627451
37.75015354156494,0.0,-0.0863010006010406,0.03,1,1,1,0.0,0.3333333333333333,0.15,-1,-1,-1,1.0,1.0,-1.0,0.0,-0.3333333333333333,0.15,-1,-1,-1,0.356862745098039,0.694117647058824,0.803921568627451
37.78480410575867,0.0,-0.08437391354019286,0.03,1,1,1,0.0,0.3333333333333333,0.15,-1,-1,-1,1.0,1.0,-1.0,0.0,-0.3333333333333333,0.15,-1,-1,-1,0.356862745098039,0.694117647058824,0.803921568627451
37.81941246986389,0.0,-0.08244682647934512,0.03,1,1,1,0.0,0.3333333333333333,0.15,-1,-1,-1,1.0,1.0,-1.0,0.0,-0.3333333333333333,0.15,-1,-1,-1,0.356862745098039,0.694117647058824,0.803921568627451
37.854405641555786,0.0,-0.08051973941849738,0.03,1,1,1,0.0,0.3333333333333333,0.15,-1,-1,-1,1.0,1.0,-1.0,0.0,-0.3333333333333333,0.15,-1,-1,-1,0.356862745098039,0.694117647058824,0.803921568627451
37.88879346847534,0.0,-0.07859265235764964,0.03,1,1,1,0.0,0.3333333333333333,0.15,-1,-1,-1,1.0,1.0,-1.0,0.0,-0.3333333333333333,0.15,-1,-1,-1,0.356862745098039,0.694117647058824,0.803921568627451
37.92355918884277,0.0,-0.07666556529680191,0.03,1,1,1,0.0,0.3333333333333333,0.15,-1,-1,-1,1.0,1.0,-1.0,0.0,-0.3333333333333333,0.15,-1,-1,-1,0.356862745098039,0.694117647058824,0.803921568627451
37.95843982696533,0.0,-0.07473847823595417,0.03,1,1,1,0.0,0.3333333333333333,0.15,-1,-1,-1,1.0,1.0,-1.0,0.0,-0.3333333333333333,0.15,-1,-1,-1,0.356862745098039,0.694117647058824,0.803921568627451
37.99277067184448,0.0,-0.07281139117510643,0.03,1,1,1,0.0,0.3333333333333333,0.15,-1,-1,-1,1.0,1.0,-1.0,0.0,-0.3333333333333333,0.15,-1,-1,-1,0.356862745098039,0.694117647058824,0.803921568627451
38.02781701087952,0.0,-0.0708843041142587,0.03,1,1,1,0.0,0.3333333333333333,0.15,-1,-1,-1,1.0,1.0,-1.0,0.0,-0.3333333333333333,0.15,-1,-1,-1,0.356862745098039,0.694117647058824,0.803921568627451
38.06264901161194,0.0,-0.06895721705341096,0.03,1,1,1,0.0,0.3333333333333333,0.15,-1,-1,-1,1.0,1.0,-1.0,0.0,-0.3333333333333333,0.15,-1,-1,-1,0.356862745098039,0.694117647058824,0.803921568627451
38.09756326675415,0.0,-0.06703012999256322,0.03,1,1,1,0.0,0.3333333333333333,0.15,-1,-1,-1,1.0,1.0,-1.0,0.0,-0.3333333333333333,0.15,-1,-1,-1,0.356862745098039,0.694117647058824,0.803921568627451
38.13173460960388,0.0,-0.06510304293171548,0.03,1,1,1,0.0,0.3333333333333333,0.15,-1,-1,-1,1.0,1.0,-1.0,0.0,-0.3333333333333333,0.15,-1,-1,-1,0.356862745098039,0.694117647058824,0.803921568627451
38.16650104522705,0.0,-0.06317595587086774,0.03,1,1,1,0.0,0.3333333333333333,0.15,-1,-1,-1,1.0,1.0,-1.0,0.0,-0.3333333333333333,0.15,-1,-1,-1,0.356862745098039,0.694117647058824,0.803921568627451
38.20095443725586,0.0,-0.061248868810020014,0.03,1,1,1,0.0,0.3333333333333333,0.15,-1,-1,-1,1.0,1.0,-1.0,0.0,-0.3333333333333333,0.15,-1,-1,-1,0.356862745098039,0.694117647058824,0.803921568627451
38.2359344959259,0.0,-0.05932178174917229,0.03,1,1,1,0.0,0.3333333333333333,0.15,-1,-1,-1,1.0,1.0,-1.0,0.0,-0.3333333333333333,0.15,-1,-1,-1,0.356862745098039,0.694117647058824,0.803921568627451
38.27098536491394,0.0,-0.05739469468832455,0.03,1,1,1,0.0,0.3333333333333333,0.15,-1,-1,-1,1.0,1.0,-1.0,0.0,-0.3333333333333333,0.15,-1,-1,-1,0.356862745098039,0.694117647058824,0.803921568627451
38.305996894836426,0.0,-0.055467607627476816,0.03,1,1,1,0.0,0.3333333333333333,0.15,-1,-1,-1,1.0,1.0,-1.0,0.0,-0.3333333333333333,0.15,-1,-1,-1,0.356862745098039,0.694117647058824,0.803921568627451
38.34006404876709,0.0,-0.05354052056662908,0.03,1,1,1,0.0,0.3333333333333333,0.15,-1,-1,-1,1.0,1.0,-1.0,0.0,-0.3333333333333333,0.15,-1,-1,-1,0.356862745098039,0.694117647058824,0.803921568627451
38.37494444847107,0.0,-0.05161343350578134,0.03,1,1,1,0.0,0.3333333333333333,0.15,-1,-1,-1,1.0,1.0,-1.0,0.0,-0.3333333333333333,0.15,-1,-1,-1,0.356862745098039,0.694117647058824,0.803921568627451
38.409674882888794,0.0,-0.054129650719778974,0.03,1,1,1,0.0,0.3333333333333333,0.15,-1,-1,-1,1.0,1.0,-1.0,0.0,-0.3333333333333333,0.15,-1,-1,-1,0.356862745098039,0.694117647058824,0.803921568627451
38.44460725784302,0.0,-0.05664586793377661,0.03,1,1,1,0.0,0.3333333333333333,0.15,-1,-1,-1,1.0,1.0,-1.0,0.0,-0.3333333333333333,0.15,-1,-1,-1,0.356862745098039,0.694117647058824,0.803921568627451
38.47922158241272,0.0,-0.05916208514777424,0.03,1,1,1,0.0,0.3333333333333333,0.15,-1,-1,-1,1.0,1.0,-1.0,0.0,-0.3333333333333333,0.15,-1,-1,-1,0.356862745098039,0.694117647058824,0.803921568627451
38.51399874687195,0.0,-0.061678302361771846,0.03,1,1,1,0.0,0.3333333333333333,0.15,-1,-1,-1,1.0,1.0,-1.0,0.0,-0.3333333333333333,0.15,-1,-1,-1,0.356862745098039,0.694117647058824,0.803921568627451
38.548850774765015,0.0,-0.06419451957576945,0.03,1,1,1,0.0,0.3333333333333333,0.15,-1,-1,-1,1.0,1.0,-1.0,0.0,-0.3333333333333333,0.15,-1,-1,-1,0.356862745098039,0.694117647058824,0.803921568627451
38.58347773551941,0.0,-0.06671073678976705,0.03,1,1,1,0.0,0.3333333333333333,0.15,-1,-1,-1,1.0,1.0,-1.0,0.0,-0.3333333333333333,0.15,-1,-1,-1,0.356862745098039,0.694117647058824,0.803921568627451
38.61772084236145,0.0,-0.06922695400376465,0.03,1,1,1,0.0,0.3333333333333333,0.15,-1,-1,-1,1.0,1.0,-1.0,0.0,-0.3333333333333333,0.15,-1,-1,-1,0.356862745098039,0.694117647058824,0.803921568627451
38.652870178222656,0.0,-0.07174317121776225,0.03,1,1,1,0.0,0.3333333333333333,0.15,-1,-1,-1,1.0,1.0,-1.0,0.0,-0.3333333333333333,0.15,-1,-1,-1,0.356862745098039,0.694117647058824,0.803921568627451
38.68742823600769,0.0,-0.07425938843175985,0.03,1,1,1,0.0,0.3333333333333333,0.15,-1,-1,-1,1.0,1.0,-1.0,0.0,-0.3333333333333333,0.15,-1,-1,-1,0.356862745098039,0.694117647058824,0.803921568627451
38.72183299064636,0.0,-0.07677560564575744,0.03,1,1,1,0.0,0.3333333333333333,0.15,-1,-1,-1,1.0,1.0,-1.0,0.0,-0.3333333333333333,0.15,-1,-1,-1,0.356862745098039,0.694117647058824,0.803921568627451
38.75719237327576,0.0,-0.07929182285975504,0.03,1,1,1,0.0,0.3333333333333333,0.15,-1,-1,-1,1.0,1.0,-1.0,0.0,-0.3333333333333333,0.15,-1,-1,-1,0.356862745098039,0.694117647058824,0.803921568627451
38.79144883155823,0.0,-0.08180804007375264,0.03,1,1,1,0.0,0.3333333333333333,0.15,-1,-1,-1,1.0,1.0,-1.0,0.0,-0.3333333333333333,0.15,-1,-1,-1,0.356862745098039,0.694117647058824,0.803921568627451
38.826415061950684,0.0,-0.08432425728775024,0.03,1,1,1,0.0,0.3333333333333333,0.15,-1,-1,-1,1.0,1.0,-1.0,0.0,-0.3333333333333333,0.15,-1,-1,-1,0.356862745098039,0.694117647058824,0.803921568627451
38.86111092567444,0.0,-0.08684047450174784,0.03,1,1,1,0.0,0.3333333333333333,0.15,-1,-1,-1,1.0,1.0,-1.0,0.0,-0.3333333333333333,0.15,-1,-1,-1,0.356862745098039,0.694117647058824,0.803921568627451
38.895564794540405,0.0,-0.08935669171574544,0.03,1,1,1,0.0,0.3333333333333333,0.15,-1,-1,-1,1.0,1.0,-1.0,0.0,-0.3333333333333333,0.15,-1,-1,-1,0.356862745098039,0.694117647058824,0.803921568627451
38.93018460273743,0.0,-0.09187290892974304,0.03,1,1,1,0.0,0.3333333333333333,0.15,-1,-1,-1,1.0,1.0,-1.0,0.0,-0.3333333333333333,0.15,-1,-1,-1,0.356862745098039,0.694117647058824,0.803921568627451
38.96542191505432,0.0,-0.09438912614374063,0.03,1,1,1,0.0,0.3333333333333333,0.15,-1,-1,-1,1.0,1.0,-1.0,0.0,-0.3333333333333333,0.15,-1,-1,-1,0.356862745098039,0.694117647058824,0.803921568627451
38.99957275390625,0.0,-0.09690534335773823,0.03,1,1,1,0.0,0.3333333333333333,0.15,-1,-1,-1,1.0,1.0,-1.0,0.0,-0.3333333333333333,0.15,-1,-1,-1,0.356862745098039,0.694117647058824,0.803921568627451
39.03485560417175,0.0,-0.09942156057173583,0.03,1,1,1,0.0,0.3333333333333333,0.15,-1,-1,-1,1.0,1.0,-1.0,0.0,-0.3333333333333333,0.15,-1,-1,-1,0.356862745098039,0.694117647058824,0.803921568627451
39.06948447227478,0.0,-0.10193777778573343,0.03,1,1,1,0.0,0.3333333333333333,0.15,-1,-1,-1,1.0,1.0,-1.0,0.0,-0.3333333333333333,0.15,-1,-1,-1,0.356862745098039,0.694117647058824,0.803921568627451
39.10447025299072,0.0,-0.10445399499973103,0.03,1,1,1,0.0,0.3333333333333333,0.15,-1,-1,-1,1.0,1.0,-1.0,0.0,-0.3333333333333333,0.15,-1,-1,-1,0.356862745098039,0.694117647058824,0.803921568627451
39.13848114013672,0.0,-0.10697021221372863,0.03,1,1,1,0.0,0.3333333333333333,0.15,-1,-1,-1,1.0,1.0,-1.0,0.0,-0.3333333333333333,0.15,-1,-1,-1,0.356862745098039,0.694117647058824,0.803921568627451
39.17381310462952,0.0,-0.10948642942772623,0.03,1,1,1,0.0,0.3333333333333333,0.15,-1,-1,-1,1.0,1.0,-1.0,0.0,-0.3333333333333333,0.15,-1,-1,-1,0.356862745098039,0.694117647058824,0.803921568627451
39.20844221115112,0.0,-0.11200264664172382,0.03,1,1,1,0.0,0.3333333333333333,0.15,-1,-1,-1,1.0,1.0,-1.0,0.0,-0.3333333333333333,0.15,-1,-1,-1,0.356862745098039,0.694117647058824,0.803921568627451
39.24311065673828,0.0,-0.11451886385572142,0.03,1,1,1,0.0,0.3333333333333333,0.15,-1,-1,-1,1.0,1.0,-1.0,0.0,-0.3333333333333333,0.15,-1,-1,-1,0.356862745098039,0.694117647058824,0.803921568627451
39.27783441543579,0.0,-0.11703508106971902,0.03,1,1,1,0.0,0.3333333333333333,0.15,-1,-1,-1,1.0,1.0,-1.0,0.0,-0.3333333333333333,0.15,-1,-1,-1,0.356862745098039,0.694117647058824,0.803921568627451
39.31251335144043,0.0,-0.1195512982837166,0.03,1,1,1,0.0,0.3333333333333333,0.15,-1,-1,-1,1.0,1.0,-1.0,0.0,-0.3333333333333333,0.15,-1,-1,-1,0.356862745098039,0.694117647058824,0.803921568627451
39.34682035446167,0.0,-0.12206751549771422,0.03,1,1,1,0.0,0.3333333333333333,0.15,-1,-1,-1,1.0,1.0,-1.0,0.0,-0.3333333333333333,0.15,-1,-1,-1,0.356862745098039,0.694117647058824,0.803921568627451
39.38196063041687,0.0,-0.12458373271171182,0.03,1,1,1,0.0,0.3333333333333333,0.15,-1,-1,-1,1.0,1.0,-1.0,0.0,-0.3333333333333333,0.15,-1,-1,-1,0.356862745098039,0.694117647058824,0.803921568627451
39.41679763793945,0.0,-0.12709994992570947,0.03,1,1,1,0.0,0.3333333333333333,0.15,-1,-1,-1,1.0,1.0,-1.0,0.0,-0.3333333333333333,0.15,-1,-1,-1,0.356862745098039,0.694117647058824,0.803921568627451
39.45143008232117,0.0,-0.12961616713970714,0.03,1,1,1,0.0,0.3333333333333333,0.15,-1,-1,-1,1.0,1.0,-1.0,0.0,-0.3333333333333333,0.15,-1,-1,-1,0.356862745098039,0.694117647058824,0.803921568627451
39.48567867279053,0.0,-0.1321323843537048,0.03,1,1,1,0.0,0.3333333333333333,0.15,-1,-1,-1,1.0,1.0,-1.0,0.0,-0.3333333333333333,0.15,-1,-1,-1,0.356862745098039,0.694117647058824,0.803921568627451
39.5210120677948,0.0,-0.13464860156770248,0.03,1,1,1,0.0,0.3333333333333333,0.15,-1,-1,-1,1.0,1.0,-1.0,0.0,-0.3333333333333333,0.15,-1,-1,-1,0.356862745098039,0.694117647058824,0.803921568627451
39.555673360824585,0.0,-0.13716481878170014,0.03,1,1,1,0.0,0.3333333333333333,0.15,-1,-1,-1,1.0,1.0,-1.0,0.0,-0.3333333333333333,0.15,-1,-1,-1,0.356862745098039,0.694117647058824,0.803921568627451
39.58986449241638,0.0,-0.13894009516263994,0.03,1,1,1,0.0,0.3333333333333333,0.15,-1,-1,-1,1.0,1.0,-1.0,0.0,-0.3333333333333333,0.15,-1,-1,-1,0.356862745098039,0.694117647058824,0.803921568627451
39.62511467933655,0.0,-0.13960396029399294,0.03,1,1,1,0.0,0.3333333333333333,0.15,-1,-1,-1,1.0,1.0,-1.0,0.0,-0.3333333333333333,0.15,-1,-1,-1,0.356862745098039,0.694117647058824,0.803921568627451
39.659958600997925,0.0,-0.14026782542534594,0.03,1,1,1,0.0,0.3333333333333333,0.15,-1,-1,-1,1.0,1.0,-1.0,0.0,-0.3333333333333333,0.15,-1,-1,-1,0.356862745098039,0.694117647058824,0.803921568627451
39.694801807403564,0.0,-0.14093169055669894,0.03,1,1,1,0.0,0.3333333333333333,0.15,-1,-1,-1,1.0,1.0,-1.0,0.0,-0.3333333333333333,0.15,-1,-1,-1,0.356862745098039,0.694117647058824,0.803921568627451
39.728811740875244,0.0,-0.14159555568805193,0.03,1,1,1,0.0,0.3333333333333333,0.15,-1,-1,-1,1.0,1.0,-1.0,0.0,-0.3333333333333333,0.15,-1,-1,-1,0.356862745098039,0.694117647058824,0.803921568627451
39.76402163505554,0.0,-0.14225942081940493,0.03,1,1,1,0.0,0.3333333333333333,0.15,-1,-1,-1,1.0,1.0,-1.0,0.0,-0.3333333333333333,0.15,-1,-1,-1,0.356862745098039,0.694117647058824,0.803921568627451
39.79827904701233,0.0,-0.14292328595075793,0.03,1,1,1,0.0,0.3333333333333333,0.15,-1,-1,-1,1.0,1.0,-1.0,0.0,-0.3333333333333333,0.15,-1,-1,-1,0.356862745098039,0.694117647058824,0.803921568627451
39.83328056335449,0.0,-0.14358715108211093,0.03,1,1,1,0.0,0.3333333333333333,0.15,-1,-1,-1,1.0,1.0,-1.0,0.0,-0.3333333333333333,0.15,-1,-1,-1,0.356862745098039,0.694117647058824,0.803921568627451
39.86829137802124,0.0,-0.14425101621346392,0.03,1,1,1,0.0,0.3333333333333333,0.15,-1,-1,-1,1.0,1.0,-1.0,0.0,-0.3333333333333333,0.15,-1,-1,-1,0.356862745098039,0.694117647058824,0.803921568627451
39.902865409851074,0.0,-0.14491488134481692,0.03,1,1,1,0.0,0.3333333333333333,0.15,-1,-1,-1,1.0,1.0,-1.0,0.0,-0.3333333333333333,0.15,-1,-1,-1,0.356862745098039,0.694117647058824,0.803921568627451
39.93775463104248,0.0,-0.14557874647616992,0.03,1,1,1,0.0,0.3333333333333333,0.15,-1,-1,-1,1.0,1.0,-1.0,0.0,-0.3333333333333333,0.15,-1,-1,-1,0.356862745098039,0.694117647058824,0.803921568627451
39.97278118133545,0.0,-0.14624261160752292,0.03,1,1,1,0.0,0.3333333333333333,0.15,-1,-1,-1,1.0,1.0,-1.0,0.0,-0.3333333333333333,0.15,-1,-1,-1,0.356862745098039,0.694117647058824,0.803921568627451
40.00651216506958,0.0,-0.1469064767388759,0.03,1,1,1,0.0,0.3333333333333333,0.15,-1,-1,-1,1.0,1.0,-1.0,0.0,-0.3333333333333333,0.15,-1,-1,-1,0.356862745098039,0.694117647058824,0.803921568627451
40.041834115982056,0.0,-0.1475703418702289,0.03,1,1,1,0.0,0.3333333333333333,0.15,-1,-1,-1,1.0,1.0,-1.0,0.0,-0.3333333333333333,0.15,-1,-1,-1,0.356862745098039,0.694117647058824,0.803921568627451
40.07657742500305,0.0,-0.1482342070015819,0.03,1,1,1,0.0,0.3333333333333333,0.15,-1,-1,-1,1.0,1.0,-1.0,0.0,-0.3333333333333333,0.15,-1,-1,-1,0.356862745098039,0.694117647058824,0.803921568627451
40.111122131347656,0.0,-0.1488980721329349,0.03,1,1,1,0.0,0.3333333333333333,0.15,-1,-1,-1,1.0,1.0,-1.0,0.0,-0.3333333333333333,0.15,-1,-1,-1,0.356862745098039,0.694117647058824,0.803921568627451
40.14582276344299,0.0,-0.1495619372642879,0.03,1,1,1,0.0,0.3333333333333333,0.15,-1,-1,-1,1.0,1.0,-1.0,0.0,-0.3333333333333333,0.15,-1,-1,-1,0.356862745098039,0.694117647058824,0.803921568627451
40.18079495429993,0.0,-0.1502258023956409,0.03,1,1,1,0.0,0.3333333333333333,0.15,-1,-1,-1,1.0,1.0,-1.0,0.0,-0.3333333333333333,0.15,-1,-1,-1,0.356862745098039,0.694117647058824,0.803921568627451
40.215062618255615,0.0,-0.1508896675269939,0.03,1,1,1,0.0,0.3333333333333333,0.15,-1,-1,-1,1.0,1.0,-1.0,0.0,-0.3333333333333333,0.15,-1,-1,-1,0.356862745098039,0.694117647058824,0.803921568627451
40.250133991241455,0.0,-0.1515535326583469,0.03,1,1,1,0.0,0.3333333333333333,0.15,-1,-1,-1,1.0,1.0,-1.0,0.0,-0.3333333333333333,0.15,-1,-1,-1,0.356862745098039,0.694117647058824,0.803921568627451
40.28433346748352,0.0,-0.1522173977896999,0.03,1,1,1,0.0,0.3333333333333333,0.15,-1,-1,-1,1.0,1.0,-1.0,0.0,-0.3333333333333333,0.15,-1,-1,-1,0.356862745098039,0.694117647058824,0.803921568627451
40.31945300102234,0.0,-0.1528812629210529,0.03,1,1,1,0.0,0.3333333333333333,0.15,-1,-1,-1,1.0,1.0,-1.0,0.0,-0.3333333333333333,0.15,-1,-1,-1,0.356862745098039,0.694117647058824,0.803921568627451
40.35423707962036,0.0,-0.1535451280524059,0.03,1,1,1,0.0,0.3333333333333333,0.15,-1,-1,-1,1.0,1.0,-1.0,0.0,-0.3333333333333333,0.15,-1,-1,-1,0.356862745098039,0.694117647058824,0.803921568627451
40.38897085189819,0.0,-0.15420899318375889,0.03,1,1,1,0.0,0.3333333333333333,0.15,-1,-1,-1,1.0,1.0,-1.0,0.0,-0.3333333333333333,0.15,-1,-1,-1,0.356862745098039,0.694117647058824,0.803921568627451
40.423704385757446,0.0,-0.15487285831511188,0.03,1,1,1,0.0,0.3333333333333333,0.15,-1,-1,-1,1.0,1.0,-1.0,0.0,-0.3333333333333333,0.15,-1,-1,-1,0.356862745098039,0.694117647058824,0.803921568627451
40.4579176902771,0.0,-0.15553672344646488,0.03,1,1,1,0.0,0.3333333333333333,0.15,-1,-1,-1,1.0,1.0,-1.0,0.0,-0.3333333333333333,0.15,-1,-1,-1,0.356862745098039,0.694117647058824,0.803921568627451
40.492950439453125,0.0,-0.15620058857781788,0.03,1,1,1,0.0,0.3333333333333333,0.15,-1,-1,-1,1.0,1.0,-1.0,0.0,-0.3333333333333333,0.15,-1,-1,-1,0.356862745098039,0.694117647058824,0.803921568627451
40.528339862823486,0.0,-0.15686445370917088,0.03,1,1,1,0.0,0.3333333333333333,0.15,-1,-1,-1,1.0,1.0,-1.0,0.0,-0.3333333333333333,0.15,-1,-1,-1,0.356862745098039,0.694117647058824,0.803921568627451
40.562477111816406,0.0,-0.15752831884052387,0.03,1,1,1,0.0,0.3333333333333333,0.15,-1,-1,-1,1.0,1.0,-1.0,0.0,-0.3333333333333333,0.15,-1,-1,-1,0.356862745098039,0.694117647058824,0.803921568627451
40.59730052947998,0.0,-0.15819218397187687,0.03,1,1,1,0.0,0.3333333333333333,0.15,-1,-1,-1,1.0,1.0,-1.0,0.0,-0.3333333333333333,0.15,-1,-1,-1,0.356862745098039,0.694117647058824,0.803921568627451
40.63150358200073,0.0,-0.15885604910322987,0.03,1,1,1,0.0,0.3333333333333333,0.15,-1,-1,-1,1.0,1.0,-1.0,0.0,-0.3333333333333333,0.15,-1,-1,-1,0.356862745098039,0.694117647058824,0.803921568627451
40.666263580322266,0.0,-0.15951991423458287,0.03,1,1,1,0.0,0.3333333333333333,0.15,-1,-1,-1,1.0,1.0,-1.0,0.0,-0.3333333333333333,0.15,-1,-1,-1,0.356862745098039,0.694117647058824,0.803921568627451
40.700865268707275,0.0,-0.16018377936593586,0.03,1,1,1,0.0,0.3333333333333333,0.15,-1,-1,-1,1.0,1.0,-1.0,0.0,-0.3333333333333333,0.15,-1,-1,-1,0.356862745098039,0.694117647058824,0.803921568627451
40.73572254180908,0.0,-0.16084764449728886,0.03,1,1,1,0.0,0.3333333333333333,0.15,-1,-1,-1,1.0,1.0,-1.0,0.0,-0.3333333333333333,0.15,-1,-1,-1,0.356862745098039,0.694117647058824,0.803921568627451
40.77072095870972,0.0,-0.16151150962864186,0.03,1,1,1,0.0,0.3333333333333333,0.15,-1,-1,-1,1.0,1.0,-1.0,0.0,-0.3333333333333333,0.15,-1,-1,-1,0.356862745098039,0.694117647058824,0.803921568627451
40.805387020111084,0.0,-0.16161544943367687,0.03,1,1,1,0.0,0.3333333333333333,0.15,-1,-1,-1,1.0,1.0,-1.0,0.0,-0.3333333333333333,0.15,-1,-1,-1,0.356862745098039,0.694117647058824,0.803921568627451
40.840108156204224,0.0,-0.16157940790713238,0.03,1,1,1,0.0,0.3333333333333333,0.15,-1,-1,-1,1.0,1.0,-1.0,0.0,-0.3333333333333333,0.15,-1,-1,-1,0.356862745098039,0.694117647058824,0.803921568627451
40.87493681907654,0.0,-0.1615433663805879,0.03,1,1,1,0.0,0.3333333333333333,0.15,-1,-1,-1,1.0,1.0,-1.0,0.0,-0.3333333333333333,0.15,-1,-1,-1,0.356862745098039,0.694117647058824,0.803921568627451
40.90957069396973,0.0,-0.1615073248540434,0.03,1,1,1,0.0,0.3333333333333333,0.15,-1,-1,-1,1.0,1.0,-1.0,0.0,-0.3333333333333333,0.15,-1,-1,-1,0.356862745098039,0.694117647058824,0.803921568627451
40.94404053688049,0.0,-0.1614712833274989,0.03,1,1,1,0.0,0.3333333333333333,0.15,-1,-1,-1,1.0,1.0,-1.0,0.0,-0.3333333333333333,0.15,-1,-1,-1,0.356862745098039,0.694117647058824,0.803921568627451
40.979257583618164,0.0,-0.16143524180095442,0.03,1,1,1,0.0,0.3333333333333333,0.15,-1,-1,-1,1.0,1.0,-1.0,0.0,-0.3333333333333333,0.15,-1,-1,-1,0.356862745098039,0.694117647058824,0.803921568627451
41.013670921325684,0.0,-0.16139920027440993,0.03,1,1,1,0.0,0.3333333333333333,0.15,-1,-1,-1,1.0,1.0,-1.0,0.0,-0.3333333333333333,0.15,-1,-1,-1,0.356862745098039,0.694117647058824,0.803921568627451
41.049092054367065,0.0,-0.16136315874786544,0.03,1,1,1,0.0,0.3333333333333333,0.15,-1,-1,-1,1.0,1.0,-1.0,0.0,-0.3333333333333333,0.15,-1,-1,-1,0.356862745098039,0.694117647058824,0.803921568627451
41.08363914489746,0.0,-0.16132711722132095,0.03,1,1,1,0.0,0.3333333333333333,0.15,-1,-1,-1,1.0,1.0,-1.0,0.0,-0.3333333333333333,0.15,-1,-1,-1,0.356862745098039,0.694117647058824,0.803921568627451
41.11765480041504,0.0,-0.16129107569477646,0.03,1,1,1,0.0,0.3333333333333333,0.15,-1,-1,-1,1.0,1.0,-1.0,0.0,-0.3333333333333333,0.15,-1,-1,-1,0.356862745098039,0.694117647058824,0.803921568627451
41.15236973762512,0.0,-0.16125503416823198,0.03,1,1,1,0.0,0.3333333333333333,0.15,-1,-1,-1,1.0,1.0,-1.0,0.0,-0.3333333333333333,0.15,-1,-1,-1,0.356862745098039,0.694117647058824,0.803921568627451
41.187092304229736,0.0,-0.1612189926416875,0.03,1,1,1,0.0,0.3333333333333333,0.15,-1,-1,-1,1.0,1.0,-1.0,0.0,-0.3333333333333333,0.15,-1,-1,-1,0.356862745098039,0.694117647058824,0.803921568627451
41.221673011779785,0.0,-0.161182951115143,0.03,1,1,1,0.0,0.3333333333333333,0.15,-1,-1,-1,1.0,1.0,-1.0,0.0,-0.3333333333333333,0.15,-1,-1,-1,0.356862745098039,0.694117647058824,0.803921568627451
41.25652265548706,0.0,-0.1611469095885985,0.03,1,1,1,0.0,0.3333333333333333,0.15,-1,-1,-1,1.0,1.0,-1.0,0.0,-0.3333333333333333,0.15,-1,-1,-1,0.356862745098039,0.694117647058824,0.803921568627451
41.29169201850891,0.0,-0.16111086806205402,0.03,1,1,1,0.0,0.3333333333333333,0.15,-1,-1,-1,1.0,1.0,-1.0,0.0,-0.3333333333333333,0.15,-1,-1,-1,0.356862745098039,0.694117647058824,0.803921568627451
41.326241970062256,0.0,-0.16107482653550953,0.03,1,1,1,0.0,0.3333333333333333,0.15,-1,-1,-1,1.0,1.0,-1.0,0.0,-0.3333333333333333,0.15,-1,-1,-1,0.356862745098039,0.694117647058824,0.803921568627451
41.36066937446594,0.0,-0.16103878500896504,0.03,1,1,1,0.0,0.3333333333333333,0.15,-1,-1,-1,1.0,1.0,-1.0,0.0,-0.3333333333333333,0.15,-1,-1,-1,0.356862745098039,0.694117647058824,0.803921568627451
41.395451068878174,0.0,-0.16100274348242055,0.03,1,1,1,0.0,0.3333333333333333,0.15,-1,-1,-1,1.0,1.0,-1.0,0.0,-0.3333333333333333,0.15,-1,-1,-1,0.356862745098039,0.694117647058824,0.803921568627451
41.43047833442688,0.0,-0.16096670195587606,0.03,1,1,1,0.0,0.3333333333333333,0.15,-1,-1,-1,1.0,1.0,-1.0,0.0,-0.3333333333333333,0.15,-1,-1,-1,0.356862745098039,0.694117647058824,0.803921568627451
41.46515703201294,0.0,-0.16093066042933157,0.03,1,1,1,0.0,0.3333333333333333,0.15,-1,-1,-1,1.0,1.0,-1.0,0.0,-0.3333333333333333,0.15,-1,-1,-1,0.356862745098039,0.694117647058824,0.803921568627451
41.49987721443176,0.0,-0.16089461890278708,0.03,1,1,1,0.0,0.3333333333333333,0.15,-1,-1,-1,1.0,1.0,-1.0,0.0,-0.3333333333333333,0.15,-1,-1,-1,0.356862745098039,0.694117647058824,0.803921568627451
41.53467273712158,0.0,-0.1608585773762426,0.03,1,1,1,0.0,0.3333333333333333,0.15,-1,-1,-1,1.0,1.0,-1.0,0.0,-0.3333333333333333,0.15,-1,-1,-1,0.356862745098039,0.694117647058824,0.803921568627451
41.569002628326416,0.0,-0.1608225358496981,0.03,1,1,1,0.0,0.3333333333333333,0.15,-1,-1,-1,1.0,1.0,-1.0,0.0,-0.3333333333333333,0.15,-1,-1,-1,0.356862745098039,0.694117647058824,0.803921568627451
41.60431408882141,0.0,-0.16078649432315362,0.03,1,1,1,0.0,0.3333333333333333,0.15,-1,-1,-1,1.0,1.0,-1.0,0.0,-0.3333333333333333,0.15,-1,-1,-1,0.356862745098039,0.694117647058824,0.803921568627451
41.6384813785553,0.0,-0.16075045279660913,0.03,1,1,1,0.0,0.3333333333333333,0.15,-1,-1,-1,1.0,1.0,-1.0,0.0,-0.3333333333333333,0.15,-1,-1,-1,0.356862745098039,0.694117647058824,0.803921568627451
41.6736044883728,0.0,-0.16071441127006464,0.03,1,1,1,0.0,0.3333333333333333,0.15,-1,-1,-1,1.0,1.0,-1.0,0.0,-0.3333333333333333,0.15,-1,-1,-1,0.356862745098039,0.694117647058824,0.803921568627451
41.708324909210205,0.0,-0.16067836974352015,0.03,1,1,1,0.0,0.3333333333333333,0.15,-1,-1,-1,1.0,1.0,-1.0,0.0,-0.3333333333333333,0.15,-1,-1,-1,0.356862745098039,0.694117647058824,0.803921568627451
41.743059396743774,0.0,-0.16064232821697566,0.03,1,1,1,0.0,0.3333333333333333,0.15,-1,-1,-1,1.0,1.0,-1.0,0.0,-0.3333333333333333,0.15,-1,-1,-1,0.356862745098039,0.694117647058824,0.803921568627451
41.777979612350464,0.0,-0.16060628669043117,0.03,1,1,1,0.0,0.3333333333333333,0.15,-1,-1,-1,1.0,1.0,-1.0,0.0,-0.3333333333333333,0.15,-1,-1,-1,0.356862745098039,0.694117647058824,0.803921568627451
41.81262993812561,0.0,-0.16057024516388668,0.03,1,1,1,0.0,0.3333333333333333,0.15,-1,-1,-1,1.0,1.0,-1.0,0.0,-0.3333333333333333,0.15,-1,-1,-1,0.356862745098039,0.694117647058824,0.803921568627451
41.84685564041138,0.0,-0.1605342036373422,0.03,1,1,1,0.0,0.3333333333333333,0.15,-1,-1,-1,1.0,1.0,-1.0,0.0,-0.3333333333333333,0.15,-1,-1,-1,0.356862745098039,0.694117647058824,0.803921568627451
41.88153839111328,0.0,-0.1604981621107977,0.03,1,1,1,0.0,0.3333333333333333,0.15,-1,-1,-1,1.0,1.0,-1.0,0.0,-0.3333333333333333,0.15,-1,-1,-1,0.356862745098039,0.694117647058824,0.803921568627451
41.916720151901245,0.0,-0.16046212058425322,0.03,1,1,1,0.0,0.3333333333333333,0.15,-1,-1,-1,1.0,1.0,-1.0,0.0,-0.3333333333333333,0.15,-1,-1,-1,0.356862745098039,0.694117647058824,0.803921568627451
41.95087027549744,0.0,-0.16042607905770873,0.03,1,1,1,0.0,0.3333333333333333,0.15,-1,-1,-1,1.0,1.0,-1.0,0.0,-0.3333333333333333,0.15,-1,-1,-1,0.356862745098039,0.694117647058824,0.803921568627451
41.98577165603638,0.0,-0.16083255151904396,0.03,1,1,1,0.0,0.3333333333333333,0.15,-1,-1,-1,1.0,1.0,-1.0,0.0,-0.3333333333333333,0.15,-1,-1,-1,0.356862745098039,0.694117647058824,0.803921568627451
42.02032113075256,0.0,-0.16300907993189812,0.03,1,1,1,0.0,0.3333333333333333,0.15,-1,-1,-1,1.0,1.0,-1.0,0.0,-0.3333333333333333,0.15,-1,-1,-1,0.356862745098039,0.694117647058824,0.803921568627451
42.05564093589783,0.0,-0.16518560834475227,0.03,1,1,1,0.0,0.3333333333333333,0.15,-1,-1,-1,1.0,1.0,-1.0,0.0,-0.3333333333333333,0.15,-1,-1,-1,0.356862745098039,0.694117647058824,0.803921568627451
42.090538024902344,0.0,-0.16736213675760642,0.03,1,1,1,0.0,0.3333333333333333,0.15,-1,-1,-1,1.0,1.0,-1.0,0.0,-0.3333333333333333,0.15,-1,-1,-1,0.356862745098039,0.694117647058824,0.803921568627451
42.12487006187439,0.0,-0.16953866517046057,0.03,1,1,1,0.0,0.3333333333333333,0.15,-1,-1,-1,1.0,1.0,-1.0,0.0,-0.3333333333333333,0.15,-1,-1,-1,0.356862745098039,0.694117647058824,0.803921568627451
42.159637212753296,0.0,-0.17171519358331472,0.03,1,1,1,0.0,0.3333333333333333,0.15,-1,-1,-1,1.0,1.0,-1.0,0.0,-0.3333333333333333,0.15,-1,-1,-1,0.356862745098039,0.694117647058824,0.803921568627451
42.19442343711853,0.0,-0.17389172199616887,0.03,1,1,1,0.0,0.3333333333333333,0.15,-1,-1,-1,1.0,1.0,-1.0,0.0,-0.3333333333333333,0.15,-1,-1,-1,0.356862745098039,0.694117647058824,0.803921568627451
42.22903513908386,0.0,-0.17606825040902302,0.03,1,1,1,0.0,0.3333333333333333,0.15,-1,-1,-1,1.0,1.0,-1.0,0.0,-0.3333333333333333,0.15,-1,-1,-1,0.356862745098039,0.694117647058824,0.803921568627451
42.26351976394653,0.0,-0.17824477882187717,0.03,1,1,1,0.0,0.3333333333333333,0.15,-1,-1,-1,1.0,1.0,-1.0,0.0,-0.3333333333333333,0.15,-1,-1,-1,0.356862745098039,0.694117647058824,0.803921568627451
42.298500776290894,0.0,-0.18042130723473132,0.03,1,1,1,0.0,0.3333333333333333,0.15,-1,-1,-1,1.0,1.0,-1.0,0.0,-0.3333333333333333,0.15,-1,-1,-1,0.356862745098039,0.694117647058824,0.803921568627451
42.33316254615784,0.0,-0.18259783564758547,0.03,1,1,1,0.0,0.3333333333333333,0.15,-1,-1,-1,1.0,1.0,-1.0,0.0,-0.3333333333333333,0.15,-1,-1,-1,0.356862745098039,0.694117647058824,0.803921568627451
42.36808156967163,0.0,-0.18477436406043962,0.03,1,1,1,0.0,0.3333333333333333,0.15,-1,-1,-1,1.0,1.0,-1.0,0.0,-0.3333333333333333,0.15,-1,-1,-1,0.356862745098039,0.694117647058824,0.803921568627451
42.40235757827759,0.0,-0.18695089247329377,0.03,1,1,1,0.0,0.3333333333333333,0.15,-1,-1,-1,1.0,1.0,-1.0,0.0,-0.3333333333333333,0.15,-1,-1,-1,0.356862745098039,0.694117647058824,0.803921568627451
42.43750548362732,0.0,-0.18912742088614792,0.03,1,1,1,0.0,0.3333333333333333,0.15,-1,-1,-1,1.0,1.0,-1.0,0.0,-0.3333333333333333,0.15,-1,-1,-1,0.356862745098039,0.694117647058824,0.803921568627451
42.47185158729553,0.0,-0.19130394929900207,0.03,1,1,1,0.0,0.3333333333333333,0.15,-1,-1,-1,1.0,1.0,-1.0,0.0,-0.3333333333333333,0.15,-1,-1,-1,0.356862745098039,0.694117647058824,0.803921568627451
42.50681233406067,0.0,-0.19348047771185622,0.03,1,1,1,0.0,0.3333333333333333,0.15,-1,-1,-1,1.0,1.0,-1.0,0.0,-0.3333333333333333,0.15,-1,-1,-1,0.356862745098039,0.694117647058824,0.803921568627451
42.541685342788696,0.0,-0.19565700612471038,0.03,1,1,1,0.0,0.3333333333333333,0.15,-1,-1,-1,1.0,1.0,-1.0,0.0,-0.3333333333333333,0.15,-1,-1,-1,0.356862745098039,0.694117647058824,0.803921568627451
42.57599067687988,0.0,-0.19783353453756453,0.03,1,1,1,0.0,0.3333333333333333,0.15,-1,-1,-1,1.0,1.0,-1.0,0.0,-0.3333333333333333,0.15,-1,-1,-1,0.356862745098039,0.694117647058824,0.803921568627451
42.610644817352295,0.0,-0.20001006295041868,0.03,1,1,1,0.0,0.3333333333333333,0.15,-1,-1,-1,1.0,1.0,-1.0,0.0,-0.3333333333333333,0.15,-1,-1,-1,0.356862745098039,0.694117647058824,0.803921568627451
42.64582920074463,0.0,-0.20218659136327283,0.03,1,1,1,0.0,0.3333333333333333,0.15,-1,-1,-1,1.0,1.0,-1.0,0.0,-0.3333333333333333,0.15,-1,-1,-1,0.356862745098039,0.694117647058824,0.803921568627451
42.6801323890686,0.0,-0.20436311977612698,0.03,1,1,1,0.0,0.3333333333333333,0.15,-1,-1,-1,1.0,1.0,-1.0,0.0,-0.3333333333333333,0.15,-1,-1,-1,0.356862745098039,0.694117647058824,0.803921568627451
42.71542167663574,0.0,-0.20653964818898113,0.03,1,1,1,0.0,0.3333333333333333,0.15,-1,-1,-1,1.0,1.0,-1.0,0.0,-0.3333333333333333,0.15,-1,-1,-1,0.356862745098039,0.694117647058824,0.803921568627451
42.74957275390625,0.0,-0.20871617660183528,0.03,1,1,1,0.0,0.3333333333333333,0.15,-1,-1,-1,1.0,1.0,-1.0,0.0,-0.3333333333333333,0.15,-1,-1,-1,0.356862745098039,0.694117647058824,0.803921568627451
42.7848687171936,0.0,-0.21089270501468943,0.03,1,1,1,0.0,0.3333333333333333,0.15,-1,-1,-1,1.0,1.0,-1.0,0.0,-0.3333333333333333,0.15,-1,-1,-1,0.356862745098039,0.694117647058824,0.803921568627451
42.8194465637207,0.0,-0.21306923342754358,0.03,1,1,1,0.0,0.3333333333333333,0.15,-1,-1,-1,1.0,1.0,-1.0,0.0,-0.3333333333333333,0.15,-1,-1,-1,0.356862745098039,0.694117647058824,0.803921568627451
42.85380721092224,0.0,-0.21524576184039773,0.03,1,1,1,0.0,0.3333333333333333,0.15,-1,-1,-1,1.0,1.0,-1.0,0.0,-0.3333333333333333,0.15,-1,-1,-1,0.356862745098039,0.694117647058824,0.803921568627451
42.889026165008545,0.0,-0.21742229025325188,0.03,1,1,1,0.0,0.3333333333333333,0.15,-1,-1,-1,1.0,1.0,-1.0,0.0,-0.3333333333333333,0.15,-1,-1,-1,0.356862745098039,0.694117647058824,0.803921568627451
42.92361259460449,0.0,-0.21959881866610603,0.03,1,1,1,0.0,0.3333333333333333,0.15,-1,-1,-1,1.0,1.0,-1.0,0.0,-0.3333333333333333,0.15,-1,-1,-1,0.356862745098039,0.694117647058824,0.803921568627451
42.95792055130005,0.0,-0.22177534707896018,0.03,1,1,1,0.0,0.3333333333333333,0.15,-1,-1,-1,1.0,1.0,-1.0,0.0,-0.3333333333333333,0.15,-1,-1,-1,0.356862745098039,0.694117647058824,0.803921568627451
42.99256777763367,0.0,-0.22395187549181433,0.03,1,1,1,0.0,0.3333333333333333,0.15,-1,-1,-1,1.0,1.0,-1.0,0.0,-0.3333333333333333,0.15,-1,-1,-1,0.356862745098039,0.694117647058824,0.803921568627451
43.028029918670654,0.0,-0.22612840390466848,0.03,1,1,1,0.0,0.3333333333333333,0.15,-1,-1,-1,1.0,1.0,-1.0,0.0,-0.3333333333333333,0.15,-1,-1,-1,0.356862745098039,0.694117647058824,0.803921568627451
43.062503814697266,0.0,-0.22830493231752264,0.03,1,1,1,0.0,0.3333333333333333,0.15,-1,-1,-1,1.0,1.0,-1.0,0.0,-0.3333333333333333,0.15,-1,-1,-1,0.356862745098039,0.694117647058824,0.803921568627451
43.09756517410278,0.0,-0.23048146073037679,0.03,1,1,1,0.0,0.3333333333333333,0.15,-1,-1,-1,1.0,1.0,-1.0,0.0,-0.3333333333333333,0.15,-1,-1,-1,0.356862745098039,0.694117647058824,0.803921568627451
43.1314959526062,0.0,-0.23265798914323094,0.03,1,1,1,0.0,0.3333333333333333,0.15,-1,-1,-1,1.0,1.0,-1.0,0.0,-0.3333333333333333,0.15,-1,-1,-1,0.356862745098039,0.694117647058824,0.803921568627451
43.166709899902344,0.0,-0.2348345175560851,0.03,1,1,1,0.0,0.3333333333333333,0.15,-1,-1,-1,1.0,1.0,-1.0,0.0,-0.3333333333333333,0.15,-1,-1,-1,0.356862745098039,0.694117647058824,0.803921568627451
43.2013955116272,0.0,-0.23570512892122675,0.03,1,1,1,0.0,0.3333333333333333,0.15,-1,-1,-1,1.0,1.0,-1.0,0.0,-0.3333333333333333,0.15,-1,-1,-1,0.356862745098039,0.694117647058824,0.803921568627451
43.235901832580566,0.0,-0.23570512892122675,0.03,1,1,1,0.0,0.3333333333333333,0.15,-1,-1,-1,1.0,1.0,-1.0,0.0,-0.3333333333333333,0.15,-1,-1,-1,0.356862745098039,0.694117647058824,0.803921568627451
43.270577907562256,0.0,-0.23570512892122675,0.03,1,1,1,0.0,0.3333333333333333,0.15,-1,-1,-1,1.0,1.0,-1.0,0.0,-0.3333333333333333,0.15,-1,-1,-1,0.356862745098039,0.694117647058824,0.803921568627451
43.30543780326843,0.0,-0.23570512892122675,0.03,1,1,1,0.0,0.3333333333333333,0.15,-1,-1,-1,1.0,1.0,-1.0,0.0,-0.3333333333333333,0.15,-1,-1,-1,0.356862745098039,0.694117647058824,0.803921568627451
43.33990406990051,0.0,-0.23570512892122675,0.03,1,1,1,0.0,0.3333333333333333,0.15,-1,-1,-1,1.0,1.0,-1.0,0.0,-0.3333333333333333,0.15,-1,-1,-1,0.356862745098039,0.694117647058824,0.803921568627451
43.374675035476685,0.0,-0.23570512892122675,0.03,1,1,1,0.0,0.3333333333333333,0.15,-1,-1,-1,1.0,1.0,-1.0,0.0,-0.3333333333333333,0.15,-1,-1,-1,0.356862745098039,0.694117647058824,0.803921568627451
43.40971875190735,0.0,-0.23570512892122675,0.03,1,1,1,0.0,0.3333333333333333,0.15,-1,-1,-1,1.0,1.0,-1.0,0.0,-0.3333333333333333,0.15,-1,-1,-1,0.356862745098039,0.694117647058824,0.803921568627451
43.44442367553711,0.0,-0.23570512892122675,0.03,1,1,1,0.0,0.3333333333333333,0.15,-1,-1,-1,1.0,1.0,-1.0,0.0,-0.3333333333333333,0.15,-1,-1,-1,0.356862745098039,0.694117647058824,0.803921568627451
43.47858285903931,0.0,-0.23570512892122675,0.03,1,1,1,0.0,0.3333333333333333,0.15,-1,-1,-1,1.0,1.0,-1.0,0.0,-0.3333333333333333,0.15,-1,-1,-1,0.356862745098039,0.694117647058824,0.803921568627451
43.51379156112671,0.0,-0.23570512892122675,0.03,1,1,1,0.0,0.3333333333333333,0.15,-1,-1,-1,1.0,1.0,-1.0,0.0,-0.3333333333333333,0.15,-1,-1,-1,0.356862745098039,0.694117647058824,0.803921568627451
43.54832720756531,0.0,-0.23570512892122675,0.03,1,1,1,0.0,0.3333333333333333,0.15,-1,-1,-1,1.0,1.0,-1.0,0.0,-0.3333333333333333,0.15,-1,-1,-1,0.356862745098039,0.694117647058824,0.803921568627451
43.583221673965454,0.0,-0.23570512892122675,0.03,1,1,1,0.0,0.3333333333333333,0.15,-1,-1,-1,1.0,1.0,-1.0,0.0,-0.3333333333333333,0.15,-1,-1,-1,0.356862745098039,0.694117647058824,0.803921568627451
43.61748504638672,0.0,-0.23570512892122675,0.03,1,1,1,0.0,0.3333333333333333,0.15,-1,-1,-1,1.0,1.0,-1.0,0.0,-0.3333333333333333,0.15,-1,-1,-1,0.356862745098039,0.694117647058824,0.803921568627451
43.65265083312988,0.0,-0.23570512892122675,0.03,1,1,1,0.0,0.3333333333333333,0.15,-1,-1,-1,1.0,1.0,-1.0,0.0,-0.3333333333333333,0.15,-1,-1,-1,0.356862745098039,0.694117647058824,0.803921568627451
43.687335729599,0.0,-0.23570512892122675,0.03,1,1,1,0.0,0.3333333333333333,0.15,-1,-1,-1,1.0,1.0,-1.0,0.0,-0.3333333333333333,0.15,-1,-1,-1,0.356862745098039,0.694117647058824,0.803921568627451
43.7220983505249,0.0,-0.23570512892122675,0.03,1,1,1,0.0,0.3333333333333333,0.15,-1,-1,-1,1.0,1.0,-1.0,0.0,-0.3333333333333333,0.15,-1,-1,-1,0.356862745098039,0.694117647058824,0.803921568627451
43.75660300254822,0.0,-0.23570512892122675,0.03,1,1,1,0.0,0.3333333333333333,0.15,-1,-1,-1,1.0,1.0,-1.0,0.0,-0.3333333333333333,0.15,-1,-1,-1,0.356862745098039,0.694117647058824,0.803921568627451
43.79132676124573,0.0,-0.23570512892122675,0.03,1,1,1,0.0,0.3333333333333333,0.15,-1,-1,-1,1.0,1.0,-1.0,0.0,-0.3333333333333333,0.15,-1,-1,-1,0.356862745098039,0.694117647058824,0.803921568627451
43.826151847839355,0.0,-0.23570512892122675,0.03,1,1,1,0.0,0.3333333333333333,0.15,-1,-1,-1,1.0,1.0,-1.0,0.0,-0.3333333333333333,0.15,-1,-1,-1,0.356862745098039,0.694117647058824,0.803921568627451
43.860600233078,0.0,-0.23570512892122675,0.03,1,1,1,0.0,0.3333333333333333,0.15,-1,-1,-1,1.0,1.0,-1.0,0.0,-0.3333333333333333,0.15,-1,-1,-1,0.356862745098039,0.694117647058824,0.803921568627451
43.89548206329346,0.0,-0.23570512892122675,0.03,1,1,1,0.0,0.3333333333333333,0.15,-1,-1,-1,1.0,1.0,-1.0,0.0,-0.3333333333333333,0.15,-1,-1,-1,0.356862745098039,0.694117647058824,0.803921568627451
43.93019437789917,0.0,-0.23570512892122675,0.03,1,1,1,0.0,0.3333333333333333,0.15,-1,-1,-1,1.0,1.0,-1.0,0.0,-0.3333333333333333,0.15,-1,-1,-1,0.356862745098039,0.694117647058824,0.803921568627451
43.96470832824707,0.0,-0.23570512892122675,0.03,1,1,1,0.0,0.3333333333333333,0.15,-1,-1,-1,1.0,1.0,-1.0,0.0,-0.3333333333333333,0.15,-1,-1,-1,0.356862745098039,0.694117647058824,0.803921568627451
43.99971270561218,0.0,-0.23570512892122675,0.03,1,1,1,0.0,0.3333333333333333,0.15,-1,-1,-1,1.0,1.0,-1.0,0.0,-0.3333333333333333,0.15,-1,-1,-1,0.356862745098039,0.694117647058824,0.803921568627451
44.03440451622009,0.0,-0.23570512892122675,0.03,1,1,1,0.0,0.3333333333333333,0.15,-1,-1,-1,1.0,1.0,-1.0,0.0,-0.3333333333333333,0.15,-1,-1,-1,0.356862745098039,0.694117647058824,0.803921568627451
44.06893229484558,0.0,-0.23570512892122675,0.03,1,1,1,0.0,0.3333333333333333,0.15,-1,-1,-1,1.0,1.0,-1.0,0.0,-0.3333333333333333,0.15,-1,-1,-1,0.356862745098039,0.694117647058824,0.803921568627451
44.10366344451904,0.0,-0.23570512892122675,0.03,1,1,1,0.0,0.3333333333333333,0.15,-1,-1,-1,1.0,1.0,-1.0,0.0,-0.3333333333333333,0.15,-1,-1,-1,0.356862745098039,0.694117647058824,0.803921568627451
44.138612270355225,0.0,-0.23570512892122675,0.03,1,1,1,0.0,0.3333333333333333,0.15,-1,-1,-1,1.0,1.0,-1.0,0.0,-0.3333333333333333,0.15,-1,-1,-1,0.356862745098039,0.694117647058824,0.803921568627451
44.17327380180359,0.0,-0.23570512892122675,0.03,1,1,1,0.0,0.3333333333333333,0.15,-1,-1,-1,1.0,1.0,-1.0,0.0,-0.3333333333333333,0.15,-1,-1,-1,0.356862745098039,0.694117647058824,0.803921568627451
44.207828521728516,0.0,-0.23570512892122675,0.03,1,1,1,0.0,0.3333333333333333,0.15,-1,-1,-1,1.0,1.0,-1.0,0.0,-0.3333333333333333,0.15,-1,-1,-1,0.356862745098039,0.694117647058824,0.803921568627451
44.24252223968506,0.0,-0.23570512892122675,0.03,1,1,1,0.0,0.3333333333333333,0.15,-1,-1,-1,1.0,1.0,-1.0,0.0,-0.3333333333333333,0.15,-1,-1,-1,0.356862745098039,0.694117647058824,0.803921568627451
44.27742862701416,0.0,-0.23570512892122675,0.03,1,1,1,0.0,0.3333333333333333,0.15,-1,-1,-1,1.0,1.0,-1.0,0.0,-0.3333333333333333,0.15,-1,-1,-1,0.356862745098039,0.694117647058824,0.803921568627451
44.31217050552368,0.0,-0.23570512892122675,0.03,1,1,1,0.0,0.3333333333333333,0.15,-1,-1,-1,1.0,1.0,-1.0,0.0,-0.3333333333333333,0.15,-1,-1,-1,0.356862745098039,0.694117647058824,0.803921568627451
44.34701991081238,0.0,-0.23570512892122675,0.03,1,1,1,0.0,0.3333333333333333,0.15,-1,-1,-1,1.0,1.0,-1.0,0.0,-0.3333333333333333,0.15,-1,-1,-1,0.356862745098039,0.694117647058824,0.803921568627451
44.38246035575867,0.0,-0.23570512892122675,0.03,1,1,1,0.0,0.3333333333333333,0.15,-1,-1,-1,1.0,1.0,-1.0,0.0,-0.3333333333333333,0.15,-1,-1,-1,0.356862745098039,0.694117647058824,0.803921568627451
44.41616177558899,0.0,-0.23570512892122675,0.03,1,1,1,0.0,0.3333333333333333,0.15,-1,-1,-1,1.0,1.0,-1.0,0.0,-0.3333333333333333,0.15,-1,-1,-1,0.356862745098039,0.694117647058824,0.803921568627451
44.45083951950073,0.0,-0.23570512892122675,0.03,1,1,1,0.0,0.3333333333333333,0.15,-1,-1,-1,1.0,1.0,-1.0,0.0,-0.3333333333333333,0.15,-1,-1,-1,0.356862745098039,0.694117647058824,0.803921568627451
44.48576855659485,0.0,-0.23570512892122675,0.03,1,1,1,0.0,0.3333333333333333,0.15,-1,-1,-1,1.0,1.0,-1.0,0.0,-0.3333333333333333,0.15,-1,-1,-1,0.356862745098039,0.694117647058824,0.803921568627451
44.52049207687378,0.0,-0.23570512892122675,0.03,1,1,1,0.0,0.3333333333333333,0.15,-1,-1,-1,1.0,1.0,-1.0,0.0,-0.3333333333333333,0.15,-1,-1,-1,0.356862745098039,0.694117647058824,0.803921568627451
44.55531048774719,0.0,-0.23570512892122675,0.03,1,1,1,0.0,0.3333333333333333,0.15,-1,-1,-1,1.0,1.0,-1.0,0.0,-0.3333333333333333,0.15,-1,-1,-1,0.356862745098039,0.694117647058824,0.803921568627451
44.59032320976257,0.0,-0.23570512892122675,0.03,1,1,1,0.0,0.3333333333333333,0.15,-1,-1,-1,1.0,1.0,-1.0,0.0,-0.3333333333333333,0.15,-1,-1,-1,0.356862745098039,0.694117647058824,0.803921568627451
44.62503385543823,0.0,-0.23570512892122675,0.03,1,1,1,0.0,0.3333333333333333,0.15,-1,-1,-1,1.0,1.0,-1.0,0.0,-0.3333333333333333,0.15,-1,-1,-1,0.356862745098039,0.694117647058824,0.803921568627451
44.65958046913147,0.0,-0.23570512892122675,0.03,1,1,1,0.0,0.3333333333333333,0.15,-1,-1,-1,1.0,1.0,-1.0,0.0,-0.3333333333333333,0.15,-1,-1,-1,0.356862745098039,0.694117647058824,0.803921568627451
44.69443869590759,0.0,-0.23570512892122675,0.03,1,1,1,0.0,0.3333333333333333,0.15,-1,-1,-1,1.0,1.0,-1.0,0.0,-0.3333333333333333,0.15,-1,-1,-1,0.356862745098039,0.694117647058824,0.803921568627451
44.72913861274719,0.0,-0.23570512892122675,0.03,1,1,1,0.0,0.3333333333333333,0.15,-1,-1,-1,1.0,1.0,-1.0,0.0,-0.3333333333333333,0.15,-1,-1,-1,0.356862745098039,0.694117647058824,0.803921568627451
44.763792276382446,0.0,-0.23570512892122675,0.03,1,1,1,0.0,0.3333333333333333,0.15,-1,-1,-1,1.0,1.0,-1.0,0.0,-0.3333333333333333,0.15,-1,-1,-1,0.356862745098039,0.694117647058824,0.803921568627451
44.79854416847229,0.0,-0.23570512892122675,0.03,1,1,1,0.0,0.3333333333333333,0.15,-1,-1,-1,1.0,1.0,-1.0,0.0,-0.3333333333333333,0.15,-1,-1,-1,0.356862745098039,0.694117647058824,0.803921568627451
44.83288645744324,0.0,-0.23570512892122675,0.03,1,1,1,0.0,0.3333333333333333,0.15,-1,-1,-1,1.0,1.0,-1.0,0.0,-0.3333333333333333,0.15,-1,-1,-1,0.356862745098039,0.694117647058824,0.803921568627451
44.8675799369812,0.0,-0.23570512892122675,0.03,1,1,1,0.0,0.3333333333333333,0.15,-1,-1,-1,1.0,1.0,-1.0,0.0,-0.3333333333333333,0.15,-1,-1,-1,0.356862745098039,0.694117647058824,0.803921568627451
44.90246605873108,0.0,-0.23570512892122675,0.03,1,1,1,0.0,0.3333333333333333,0.15,-1,-1,-1,1.0,1.0,-1.0,0.0,-0.3333333333333333,0.15,-1,-1,-1,0.356862745098039,0.694117647058824,0.803921568627451
44.93716549873352,0.0,-0.23570512892122675,0.03,1,1,1,0.0,0.3333333333333333,0.15,-1,-1,-1,1.0,1.0,-1.0,0.0,-0.3333333333333333,0.15,-1,-1,-1,0.356862745098039,0.694117647058824,0.803921568627451
44.97192907333374,0.0,-0.23570512892122675,0.03,1,1,1,0.0,0.3333333333333333,0.15,-1,-1,-1,1.0,1.0,-1.0,0.0,-0.3333333333333333,0.15,-1,-1,-1,0.356862745098039,0.694117647058824,0.803921568627451
45.007483959198,0.0,-0.23570512892122675,0.03,1,1,1,0.0,0.3333333333333333,0.15,-1,-1,-1,1.0,1.0,-1.0,0.0,-0.3333333333333333,0.15,-1,-1,-1,0.356862745098039,0.694117647058824,0.803921568627451
45.04138469696045,0.0,-0.23570512892122675,0.03,1,1,1,0.0,0.3333333333333333,0.15,-1,-1,-1,1.0,1.0,-1.0,0.0,-0.3333333333333333,0.15,-1,-1,-1,0.356862745098039,0.694117647058824,0.803921568627451
45.076202630996704,0.0,-0.23570512892122675,0.03,1,1,1,0.0,0.3333333333333333,0.15,-1,-1,-1,1.0,1.0,-1.0,0.0,-0.3333333333333333,0.15,-1,-1,-1,0.356862745098039,0.694117647058824,0.803921568627451
45.11066174507141,0.0,-0.23570512892122675,0.03,1,1,1,0.0,0.3333333333333333,0.15,-1,-1,-1,1.0,1.0,-1.0,0.0,-0.3333333333333333,0.15,-1,-1,-1,0.356862745098039,0.694117647058824,0.803921568627451
45.1457142829895,0.0,-0.23570512892122675,0.03,1,1,1,0.0,0.3333333333333333,0.15,-1,-1,-1,1.0,1.0,-1.0,0.0,-0.3333333333333333,0.15,-1,-1,-1,0.356862745098039,0.694117647058824,0.803921568627451
45.18044686317444,0.0,-0.23570512892122675,0.03,1,1,1,0.0,0.3333333333333333,0.15,-1,-1,-1,1.0,1.0,-1.0,0.0,-0.3333333333333333,0.15,-1,-1,-1,0.356862745098039,0.694117647058824,0.803921568627451
45.21516013145447,0.0,-0.23570512892122675,0.03,1,1,1,0.0,0.3333333333333333,0.15,-1,-1,-1,1.0,1.0,-1.0,0.0,-0.3333333333333333,0.15,-1,-1,-1,0.356862745098039,0.694117647058824,0.803921568627451
45.249889850616455,0.0,-0.23570512892122675,0.03,1,1,1,0.0,0.3333333333333333,0.15,-1,-1,-1,1.0,1.0,-1.0,0.0,-0.3333333333333333,0.15,-1,-1,-1,0.356862745098039,0.694117647058824,0.803921568627451
45.28423357009888,0.0,-0.23570512892122675,0.03,1,1,1,0.0,0.3333333333333333,0.15,-1,-1,-1,1.0,1.0,-1.0,0.0,-0.3333333333333333,0.15,-1,-1,-1,0.356862745098039,0.694117647058824,0.803921568627451
45.31936740875244,0.0,-0.23570512892122675,0.03,1,1,1,0.0,0.3333333333333333,0.15,-1,-1,-1,1.0,1.0,-1.0,0.0,-0.3333333333333333,0.15,-1,-1,-1,0.356862745098039,0.694117647058824,0.803921568627451
45.354026794433594,0.0,-0.23570512892122675,0.03,1,1,1,0.0,0.3333333333333333,0.15,-1,-1,-1,1.0,1.0,-1.0,0.0,-0.3333333333333333,0.15,-1,-1,-1,0.356862745098039,0.694117647058824,0.803921568627451
45.38849139213562,0.0,-0.23570512892122675,0.03,1,1,1,0.0,0.3333333333333333,0.15,-1,-1,-1,1.0,1.0,-1.0,0.0,-0.3333333333333333,0.15,-1,-1,-1,0.356862745098039,0.694117647058824,0.803921568627451
45.42352533340454,0.0,-0.23570512892122675,0.03,1,1,1,0.0,0.3333333333333333,0.15,-1,-1,-1,1.0,1.0,-1.0,0.0,-0.3333333333333333,0.15,-1,-1,-1,0.356862745098039,0.694117647058824,0.803921568627451
45.45823264122009,0.0,-0.23570512892122675,0.03,1,1,1,0.0,0.3333333333333333,0.15,-1,-1,-1,1.0,1.0,-1.0,0.0,-0.3333333333333333,0.15,-1,-1,-1,0.356862745098039,0.694117647058824,0.803921568627451
45.4928765296936,0.0,-0.23570512892122675,0.03,1,1,1,0.0,0.3333333333333333,0.15,-1,-1,-1,1.0,1.0,-1.0,0.0,-0.3333333333333333,0.15,-1,-1,-1,0.356862745098039,0.694117647058824,0.803921568627451
45.528170108795166,0.0,-0.23570512892122675,0.03,1,1,1,0.0,0.3333333333333333,0.15,-1,-1,-1,1.0,1.0,-1.0,0.0,-0.3333333333333333,0.15,-1,-1,-1,0.356862745098039,0.694117647058824,0.803921568627451
45.56279945373535,0.0,-0.23570512892122675,0.03,1,1,1,0.0,0.3333333333333333,0.15,-1,-1,-1,1.0,1.0,-1.0,0.0,-0.3333333333333333,0.15,-1,-1,-1,0.356862745098039,0.694117647058824,0.803921568627451
45.596848011016846,0.0,-0.23727764620340722,0.03,1,1,1,0.0,0.3333333333333333,0.15,-1,-1,-1,1.0,1.0,-1.0,0.0,-0.3333333333333333,0.15,-1,-1,-1,0.356862745098039,0.694117647058824,0.803921568627451
45.63197326660156,0.0,-0.24120893940885832,0.03,1,1,1,0.0,0.3333333333333333,0.15,-1,-1,-1,1.0,1.0,-1.0,0.0,-0.3333333333333333,0.15,-1,-1,-1,0.356862745098039,0.694117647058824,0.803921568627451
45.66619253158569,0.0,-0.24514023261430942,0.03,1,1,1,0.0,0.3333333333333333,0.15,-1,-1,-1,1.0,1.0,-1.0,0.0,-0.3333333333333333,0.15,-1,-1,-1,0.356862745098039,0.694117647058824,0.803921568627451
45.70101976394653,0.0,-0.24907152581976053,0.03,1,1,1,0.0,0.3333333333333333,0.15,-1,-1,-1,1.0,1.0,-1.0,0.0,-0.3333333333333333,0.15,-1,-1,-1,0.356862745098039,0.694117647058824,0.803921568627451
45.73612093925476,0.0,-0.25300281902521166,0.03,1,1,1,0.0,0.3333333333333333,0.15,-1,-1,-1,1.0,1.0,-1.0,0.0,-0.3333333333333333,0.15,-1,-1,-1,0.356862745098039,0.694117647058824,0.803921568627451
45.770750999450684,0.0,-0.25693411223066276,0.03,1,1,1,0.0,0.3333333333333333,0.15,-1,-1,-1,1.0,1.0,-1.0,0.0,-0.3333333333333333,0.15,-1,-1,-1,0.356862745098039,0.694117647058824,0.803921568627451
45.805657386779785,0.0,-0.26086540543611386,0.03,1,1,1,0.0,0.3333333333333333,0.15,-1,-1,-1,1.0,1.0,-1.0,0.0,-0.3333333333333333,0.15,-1,-1,-1,0.356862745098039,0.694117647058824,0.803921568627451
45.84006476402283,0.0,-0.26479669864156496,0.03,1,1,1,0.0,0.3333333333333333,0.15,-1,-1,-1,1.0,1.0,-1.0,0.0,-0.3333333333333333,0.15,-1,-1,-1,0.356862745098039,0.694117647058824,0.803921568627451
45.874797344207764,0.0,-0.26872799184701607,0.03,1,1,1,0.0,0.3333333333333333,0.15,-1,-1,-1,1.0,1.0,-1.0,0.0,-0.3333333333333333,0.15,-1,-1,-1,0.356862745098039,0.694117647058824,0.803921568627451
45.9095721244812,0.0,-0.27265928505246717,0.03,1,1,1,0.0,0.3333333333333333,0.15,-1,-1,-1,1.0,1.0,-1.0,0.0,-0.3333333333333333,0.15,-1,-1,-1,0.356862745098039,0.694117647058824,0.803921568627451
45.944252014160156,0.0,-0.2765905782579183,0.03,1,1,1,0.0,0.3333333333333333,0.15,-1,-1,-1,1.0,1.0,-1.0,0.0,-0.3333333333333333,0.15,-1,-1,-1,0.356862745098039,0.694117647058824,0.803921568627451
45.97898507118225,0.0,-0.2805218714633694,0.03,1,1,1,0.0,0.3333333333333333,0.15,-1,-1,-1,1.0,1.0,-1.0,0.0,-0.3333333333333333,0.15,-1,-1,-1,0.356862745098039,0.694117647058824,0.803921568627451
46.013710498809814,0.0,-0.2844531646688205,0.03,1,1,1,0.0,0.3333333333333333,0.15,-1,-1,-1,1.0,1.0,-1.0,0.0,-0.3333333333333333,0.15,-1,-1,-1,0.356862745098039,0.694117647058824,0.803921568627451
46.04843735694885,0.0,-0.2883844578742716,0.03,1,1,1,0.0,0.3333333333333333,0.15,-1,-1,-1,1.0,1.0,-1.0,0.0,-0.3333333333333333,0.15,-1,-1,-1,0.356862745098039,0.694117647058824,0.803921568627451
46.083361864089966,0.0,-0.2923157510797227,0.03,1,1,1,0.0,0.3333333333333333,0.15,-1,-1,-1,1.0,1.0,-1.0,0.0,-0.3333333333333333,0.15,-1,-1,-1,0.356862745098039,0.694117647058824,0.803921568627451
46.11847162246704,0.0,-0.2962470442851738,0.03,1,1,1,0.0,0.3333333333333333,0.15,-1,-1,-1,1.0,1.0,-1.0,0.0,-0.3333333333333333,0.15,-1,-1,-1,0.356862745098039,0.694117647058824,0.803921568627451
46.15230441093445,0.0,-0.3001783374906249,0.03,1,1,1,0.0,0.3333333333333333,0.15,-1,-1,-1,1.0,1.0,-1.0,0.0,-0.3333333333333333,0.15,-1,-1,-1,0.356862745098039,0.694117647058824,0.803921568627451
46.18739724159241,0.0,-0.304109630696076,0.03,1,1,1,0.0,0.3333333333333333,0.15,-1,-1,-1,1.0,1.0,-1.0,0.0,-0.3333333333333333,0.15,-1,-1,-1,0.356862745098039,0.694117647058824,0.803921568627451
46.2220401763916,0.0,-0.3080409239015271,0.03,1,1,1,0.0,0.3333333333333333,0.15,-1,-1,-1,1.0,1.0,-1.0,0.0,-0.3333333333333333,0.15,-1,-1,-1,0.356862745098039,0.694117647058824,0.803921568627451
46.25689697265625,0.0,-0.3119722171069782,0.03,1,1,1,0.0,0.3333333333333333,0.15,-1,-1,-1,1.0,1.0,-1.0,0.0,-0.3333333333333333,0.15,-1,-1,-1,0.356862745098039,0.694117647058824,0.803921568627451
46.291723012924194,0.0,-0.3159035103124293,0.03,1,1,1,0.0,0.3333333333333333,0.15,-1,-1,-1,1.0,1.0,-1.0,0.0,-0.3333333333333333,0.15,-1,-1,-1,0.356862745098039,0.694117647058824,0.803921568627451
46.326335191726685,0.0,-0.3198348035178804,0.03,1,1,1,0.0,0.3333333333333333,0.15,-1,-1,-1,1.0,1.0,-1.0,0.0,-0.3333333333333333,0.15,-1,-1,-1,0.356862745098039,0.694117647058824,0.803921568627451
46.360623598098755,0.0,-0.3237660967233315,0.03,1,1,1,0.0,0.3333333333333333,0.15,-1,-1,-1,1.0,1.0,-1.0,0.0,-0.3333333333333333,0.15,-1,-1,-1,0.356862745098039,0.694117647058824,0.803921568627451
46.39580583572388,0.0,-0.3276973899287826,0.03,1,1,1,0.0,0.3333333333333333,0.15,-1,-1,-1,1.0,1.0,-1.0,0.0,-0.3333333333333333,0.15,-1,-1,-1,0.356862745098039,0.694117647058824,0.803921568627451
46.43047547340393,0.0,-0.3316286831342337,0.03,1,1,1,0.0,0.3333333333333333,0.15,-1,-1,-1,1.0,1.0,-1.0,0.0,-0.3333333333333333,0.15,-1,-1,-1,0.356862745098039,0.694117647058824,0.803921568627451
46.46528434753418,0.0,-0.3339874590575044,0.03,1,1,1,0.0,0.3333333333333333,0.15,-1,-1,-1,1.0,1.0,-1.0,0.0,-0.3333333333333333,0.15,-1,-1,-1,0.356862745098039,0.694117647058824,0.803921568627451
46.49941945075989,0.0,-0.3339874590575044,0.03,1,1,1,0.0,0.3333333333333333,0.15,-1,-1,-1,1.0,1.0,-1.0,0.0,-0.3333333333333333,0.15,-1,-1,-1,0.356862745098039,0.694117647058824,0.803921568627451
46.53459453582764,0.0,-0.3339874590575044,0.03,1,1,1,0.0,0.3333333333333333,0.15,-1,-1,-1,1.0,1.0,-1.0,0.0,-0.3333333333333333,0.15,-1,-1,-1,0.356862745098039,0.694117647058824,0.803921568627451
46.56920671463013,0.0,-0.3339874590575044,0.03,1,1,1,0.0,0.3333333333333333,0.15,-1,-1,-1,1.0,1.0,-1.0,0.0,-0.3333333333333333,0.15,-1,-1,-1,0.356862745098039,0.694117647058824,0.803921568627451
46.60385489463806,0.0,-0.3339874590575044,0.03,1,1,1,0.0,0.3333333333333333,0.15,-1,-1,-1,1.0,1.0,-1.0,0.0,-0.3333333333333333,0.15,-1,-1,-1,0.356862745098039,0.694117647058824,0.803921568627451
46.638442516326904,0.0,-0.3339874590575044,0.03,1,1,1,0.0,0.3333333333333333,0.15,-1,-1,-1,1.0,1.0,-1.0,0.0,-0.3333333333333333,0.15,-1,-1,-1,0.356862745098039,0.694117647058824,0.803921568627451
46.674429416656494,0.0,-0.3339874590575044,0.03,1,1,1,0.0,0.3333333333333333,0.15,-1,-1,-1,1.0,1.0,-1.0,0.0,-0.3333333333333333,0.15,-1,-1,-1,0.356862745098039,0.694117647058824,0.803921568627451
46.708150148391724,0.0,-0.3339874590575044,0.03,1,1,1,0.0,0.3333333333333333,0.15,-1,-1,-1,1.0,1.0,-1.0,0.0,-0.3333333333333333,0.15,-1,-1,-1,0.356862745098039,0.694117647058824,0.803921568627451
46.74270272254944,0.0,-0.3339874590575044,0.03,1,1,1,0.0,0.3333333333333333,0.15,-1,-1,-1,1.0,1.0,-1.0,0.0,-0.3333333333333333,0.15,-1,-1,-1,0.356862745098039,0.694117647058824,0.803921568627451
46.77822661399841,0.0,-0.3339874590575044,0.03,1,1,1,0.0,0.3333333333333333,0.15,-1,-1,-1,1.0,1.0,-1.0,0.0,-0.3333333333333333,0.15,-1,-1,-1,0.356862745098039,0.694117647058824,0.803921568627451
46.812191009521484,0.0,-0.0038814574927972007,0.03,1,1,1,0.0,0.3333333333333333,0.15,-1,-1,-1,1.0,1.0,-1.0,0.0,-0.3333333333333333,0.135,1,1,1,0.356862745098039,0.694117647058824,0.803921568627451
46.846906900405884,0.0,-0.008733279358793701,0.03,1,1,1,0.0,0.3333333333333333,0.15,-1,-1,-1,1.0,1.0,-1.0,0.0,-0.3333333333333333,0.135,1,1,1,0.356862745098039,0.694117647058824,0.803921568627451
46.881656885147095,0.0,-0.013585101224790206,0.03,1,1,1,0.0,0.3333333333333333,0.15,-1,-1,-1,1.0,1.0,-1.0,0.0,-0.3333333333333333,0.135,1,1,1,0.356862745098039,0.694117647058824,0.803921568627451
46.9164924621582,0.0,-0.01843692309078671,0.03,1,1,1,0.0,0.3333333333333333,0.15,-1,-1,-1,1.0,1.0,-1.0,0.0,-0.3333333333333333,0.135,1,1,1,0.356862745098039,0.694117647058824,0.803921568627451
46.95130109786987,0.0,-0.023288744956783205,0.03,1,1,1,0.0,0.3333333333333333,0.15,-1,-1,-1,1.0,1.0,-1.0,0.0,-0.3333333333333333,0.135,1,1,1,0.356862745098039,0.694117647058824,0.803921568627451
46.986039876937866,0.0,-0.0281405668227797,0.03,1,1,1,0.0,0.3333333333333333,0.15,-1,-1,-1,1.0,1.0,-1.0,0.0,-0.3333333333333333,0.135,1,1,1,0.356862745098039,0.694117647058824,0.803921568627451
47.02028942108154,0.0,-0.03299238868877619,0.03,1,1,1,0.0,0.3333333333333333,0.15,-1,-1,-1,1.0,1.0,-1.0,0.0,-0.3333333333333333,0.135,1,1,1,0.356862745098039,0.694117647058824,0.803921568627451
47.05542969703674,0.0,-0.03784421055477269,0.03,1,1,1,0.0,0.3333333333333333,0.15,-1,-1,-1,1.0,1.0,-1.0,0.0,-0.3333333333333333,0.135,1,1,1,0.356862745098039,0.694117647058824,0.803921568627451
47.08978319168091,0.0,-0.042696032420769185,0.03,1,1,1,0.0,0.3333333333333333,0.15,-1,-1,-1,1.0,1.0,-1.0,0.0,-0.3333333333333333,0.135,1,1,1,0.356862745098039,0.694117647058824,0.803921568627451
47.125044107437134,0.0,-0.04754785428676568,0.03,1,1,1,0.0,0.3333333333333333,0.15,-1,-1,-1,1.0,1.0,-1.0,0.0,-0.3333333333333333,0.135,1,1,1,0.356862745098039,0.694117647058824,0.803921568627451
47.15975904464722,0.0,-0.05239967615276218,0.03,1,1,1,0.0,0.3333333333333333,0.15,-1,-1,-1,1.0,1.0,-1.0,0.0,-0.3333333333333333,0.135,1,1,1,0.356862745098039,0.694117647058824,0.803921568627451
47.19406700134277,0.0,-0.05725149801875867,0.03,1,1,1,0.0,0.3333333333333333,0.15,-1,-1,-1,1.0,1.0,-1.0,0.0,-0.3333333333333333,0.135,1,1,1,0.356862745098039,0.694117647058824,0.803921568627451
47.22865843772888,0.0,-0.062103319884755155,0.03,1,1,1,0.0,0.3333333333333333,0.15,-1,-1,-1,1.0,1.0,-1.0,0.0,-0.3333333333333333,0.135,1,1,1,0.356862745098039,0.694117647058824,0.803921568627451
47.263582706451416,0.0,-0.06695514175075168,0.03,1,1,1,0.0,0.3333333333333333,0.15,-1,-1,-1,1.0,1.0,-1.0,0.0,-0.3333333333333333,0.135,1,1,1,0.356862745098039,0.694117647058824,0.803921568627451
47.29847002029419,0.0,-0.07180696361674821,0.03,1,1,1,0.0,0.3333333333333333,0.15,-1,-1,-1,1.0,1.0,-1.0,0.0,-0.3333333333333333,0.135,1,1,1,0.356862745098039,0.694117647058824,0.803921568627451
47.33306908607483,0.0,-0.07665878548274474,0.03,1,1,1,0.0,0.3333333333333333,0.15,-1,-1,-1,1.0,1.0,-1.0,0.0,-0.3333333333333333,0.135,1,1,1,0.356862745098039,0.694117647058824,0.803921568627451
47.367863178253174,0.0,-0.08151060734874127,0.03,1,1,1,0.0,0.3333333333333333,0.15,-1,-1,-1,1.0,1.0,-1.0,0.0,-0.3333333333333333,0.135,1,1,1,0.356862745098039,0.694117647058824,0.803921568627451
47.40220832824707,0.0,-0.0863624292147378,0.03,1,1,1,0.0,0.3333333333333333,0.15,-1,-1,-1,1.0,1.0,-1.0,0.0,-0.3333333333333333,0.135,1,1,1,0.356862745098039,0.694117647058824,0.803921568627451
47.43718695640564,0.0,-0.09121425108073433,0.03,1,1,1,0.0,0.3333333333333333,0.15,-1,-1,-1,1.0,1.0,-1.0,0.0,-0.3333333333333333,0.135,1,1,1,0.356862745098039,0.694117647058824,0.803921568627451
47.47190499305725,0.0,-0.09606607294673086,0.03,1,1,1,0.0,0.3333333333333333,0.15,-1,-1,-1,1.0,1.0,-1.0,0.0,-0.3333333333333333,0.135,1,1,1,0.356862745098039,0.694117647058824,0.803921568627451
47.50658702850342,0.0,-0.1009178948127274,0.03,1,1,1,0.0,0.3333333333333333,0.15,-1,-1,-1,1.0,1.0,-1.0,0.0,-0.3333333333333333,0.135,1,1,1,0.356862745098039,0.694117647058824,0.803921568627451
47.54141306877136,0.0,-0.10576971667872392,0.03,1,1,1,0.0,0.3333333333333333,0.15,-1,-1,-1,1.0,1.0,-1.0,0.0,-0.3333333333333333,0.135,1,1,1,0.356862745098039,0.694117647058824,0.803921568627451
47.576173543930054,0.0,-0.11062153854472045,0.03,1,1,1,0.0,0.3333333333333333,0.15,-1,-1,-1,1.0,1.0,-1.0,0.0,-0.3333333333333333,0.135,1,1,1,0.356862745098039,0.694117647058824,0.803921568627451
47.61078214645386,0.0,-0.11547336041071699,0.03,1,1,1,0.0,0.3333333333333333,0.15,-1,-1,-1,1.0,1.0,-1.0,0.0,-0.3333333333333333,0.135,1,1,1,0.356862745098039,0.694117647058824,0.803921568627451
47.64585041999817,0.0,-0.12032518227671353,0.03,1,1,1,0.0,0.3333333333333333,0.15,-1,-1,-1,1.0,1.0,-1.0,0.0,-0.3333333333333333,0.135,1,1,1,0.356862745098039,0.694117647058824,0.803921568627451
47.68018913269043,0.0,-0.12517700414271007,0.03,1,1,1,0.0,0.3333333333333333,0.15,-1,-1,-1,1.0,1.0,-1.0,0.0,-0.3333333333333333,0.135,1,1,1,0.356862745098039,0.694117647058824,0.803921568627451
47.71482467651367,0.0,-0.1300288260087066,0.03,1,1,1,0.0,0.3333333333333333,0.15,-1,-1,-1,1.0,1.0,-1.0,0.0,-0.3333333333333333,0.135,1,1,1,0.356862745098039,0.694117647058824,0.803921568627451
47.75013279914856,0.0,-0.13488064787470314,0.03,1,1,1,0.0,0.3333333333333333,0.15,-1,-1,-1,1.0,1.0,-1.0,0.0,-0.3333333333333333,0.135,1,1,1,0.356862745098039,0.694117647058824,0.803921568627451
47.78480887413025,0.0,-0.13973246974069967,0.03,1,1,1,0.0,0.3333333333333333,0.15,-1,-1,-1,1.0,1.0,-1.0,0.0,-0.3333333333333333,0.135,1,1,1,0.356862745098039,0.694117647058824,0.803921568627451
47.81902813911438,0.0,-0.1445842916066962,0.03,1,1,1,0.0,0.3333333333333333,0.15,-1,-1,-1,1.0,1.0,-1.0,0.0,-0.3333333333333333,0.135,1,1,1,0.356862745098039,0.694117647058824,0.803921568627451
47.85443878173828,0.0,-0.14943611347269273,0.03,1,1,1,0.0,0.3333333333333333,0.15,-1,-1,-1,1.0,1.0,-1.0,0.0,-0.3333333333333333,0.135,1,1,1,0.356862745098039,0.694117647058824,0.803921568627451
47.88906240463257,0.0,-0.15428793533868926,0.03,1,1,1,0.0,0.3333333333333333,0.15,-1,-1,-1,1.0,1.0,-1.0,0.0,-0.3333333333333333,0.135,1,1,1,0.356862745098039,0.694117647058824,0.803921568627451
47.923961877822876,0.0,-0.1591397572046858,0.03,1,1,1,0.0,0.3333333333333333,0.15,-1,-1,-1,1.0,1.0,-1.0,0.0,-0.3333333333333333,0.135,1,1,1,0.356862745098039,0.694117647058824,0.803921568627451
47.95844340324402,0.0,-0.16399157907068232,0.03,1,1,1,0.0,0.3333333333333333,0.15,-1,-1,-1,1.0,1.0,-1.0,0.0,-0.3333333333333333,0.135,1,1,1,0.356862745098039,0.694117647058824,0.803921568627451
47.992753744125366,0.0,-0.16708802519773186,0.03,1,1,1,0.0,0.3333333333333333,0.15,-1,-1,-1,1.0,1.0,-1.0,0.0,-0.3333333333333333,0.135,-1,-1,-1,0.356862745098039,0.694117647058824,0.803921568627451
48.02733588218689,0.0,-0.16316296836899344,0.03,1,1,1,0.0,0.3333333333333333,0.15,-1,-1,-1,1.0,1.0,-1.0,0.0,-0.3333333333333333,0.135,-1,-1,-1,0.356862745098039,0.694117647058824,0.803921568627451
48.062400817871094,0.0,-0.15923791154025502,0.03,1,1,1,0.0,0.3333333333333333,0.15,-1,-1,-1,1.0,1.0,-1.0,0.0,-0.3333333333333333,0.135,-1,-1,-1,0.356862745098039,0.694117647058824,0.803921568627451
48.09718084335327,0.0,-0.1553128547115166,0.03,1,1,1,0.0,0.3333333333333333,0.15,-1,-1,-1,1.0,1.0,-1.0,0.0,-0.3333333333333333,0.135,-1,-1,-1,0.356862745098039,0.694117647058824,0.803921568627451
48.132063150405884,0.0,-0.15138779788277817,0.03,1,1,1,0.0,0.3333333333333333,0.15,-1,-1,-1,1.0,1.0,-1.0,0.0,-0.3333333333333333,0.135,-1,-1,-1,0.356862745098039,0.694117647058824,0.803921568627451
48.16614317893982,0.0,-0.14746274105403975,0.03,1,1,1,0.0,0.3333333333333333,0.15,-1,-1,-1,1.0,1.0,-1.0,0.0,-0.3333333333333333,0.135,-1,-1,-1,0.356862745098039,0.694117647058824,0.803921568627451
48.20091390609741,0.0,-0.14353768422530133,0.03,1,1,1,0.0,0.3333333333333333,0.15,-1,-1,-1,1.0,1.0,-1.0,0.0,-0.3333333333333333,0.135,-1,-1,-1,0.356862745098039,0.694117647058824,0.803921568627451
48.2356321811676,0.0,-0.1396126273965629,0.03,1,1,1,0.0,0.3333333333333333,0.15,-1,-1,-1,1.0,1.0,-1.0,0.0,-0.3333333333333333,0.135,-1,-1,-1,0.356862745098039,0.694117647058824,0.803921568627451
48.270909786224365,0.0,-0.1356875705678245,0.03,1,1,1,0.0,0.3333333333333333,0.15,-1,-1,-1,1.0,1.0,-1.0,0.0,-0.3333333333333333,0.135,-1,-1,-1,0.356862745098039,0.694117647058824,0.803921568627451
48.305654764175415,0.0,-0.13176251373908607,0.03,1,1,1,0.0,0.3333333333333333,0.15,-1,-1,-1,1.0,1.0,-1.0,0.0,-0.3333333333333333,0.135,-1,-1,-1,0.356862745098039,0.694117647058824,0.803921568627451
48.33995842933655,0.0,-0.12783745691034765,0.03,1,1,1,0.0,0.3333333333333333,0.15,-1,-1,-1,1.0,1.0,-1.0,0.0,-0.3333333333333333,0.135,-1,-1,-1,0.356862745098039,0.694117647058824,0.803921568627451
48.37453842163086,0.0,-0.12391240008160928,0.03,1,1,1,0.0,0.3333333333333333,0.15,-1,-1,-1,1.0,1.0,-1.0,0.0,-0.3333333333333333,0.135,-1,-1,-1,0.356862745098039,0.694117647058824,0.803921568627451
48.40968036651611,0.0,-0.1199873432528709,0.03,1,1,1,0.0,0.3333333333333333,0.15,-1,-1,-1,1.0,1.0,-1.0,0.0,-0.3333333333333333,0.135,-1,-1,-1,0.356862745098039,0.694117647058824,0.803921568627451
48.4445686340332,0.0,-0.11606228642413254,0.03,1,1,1,0.0,0.3333333333333333,0.15,-1,-1,-1,1.0,1.0,-1.0,0.0,-0.3333333333333333,0.135,-1,-1,-1,0.356862745098039,0.694117647058824,0.803921568627451
48.47876739501953,0.0,-0.11213722959539418,0.03,1,1,1,0.0,0.3333333333333333,0.15,-1,-1,-1,1.0,1.0,-1.0,0.0,-0.3333333333333333,0.135,-1,-1,-1,0.356862745098039,0.694117647058824,0.803921568627451
48.51378321647644,0.0,-0.10821217276665583,0.03,1,1,1,0.0,0.3333333333333333,0.15,-1,-1,-1,1.0,1.0,-1.0,0.0,-0.3333333333333333,0.135,-1,-1,-1,0.356862745098039,0.694117647058824,0.803921568627451
48.548482179641724,0.0,-0.10428711593791748,0.03,1,1,1,0.0,0.3333333333333333,0.15,-1,-1,-1,1.0,1.0,-1.0,0.0,-0.3333333333333333,0.135,-1,-1,-1,0.356862745098039,0.694117647058824,0.803921568627451
48.58313798904419,0.0,-0.10036205910917913,0.03,1,1,1,0.0,0.3333333333333333,0.15,-1,-1,-1,1.0,1.0,-1.0,0.0,-0.3333333333333333,0.135,-1,-1,-1,0.356862745098039,0.694117647058824,0.803921568627451
48.6178457736969,0.0,-0.09643700228044078,0.03,1,1,1,0.0,0.3333333333333333,0.15,-1,-1,-1,1.0,1.0,-1.0,0.0,-0.3333333333333333,0.135,-1,-1,-1,0.356862745098039,0.694117647058824,0.803921568627451
48.65256881713867,0.0,-0.09251194545170242,0.03,1,1,1,0.0,0.3333333333333333,0.15,-1,-1,-1,1.0,1.0,-1.0,0.0,-0.3333333333333333,0.135,-1,-1,-1,0.356862745098039,0.694117647058824,0.803921568627451
48.68732190132141,0.0,-0.08858688862296407,0.03,1,1,1,0.0,0.3333333333333333,0.15,-1,-1,-1,1.0,1.0,-1.0,0.0,-0.3333333333333333,0.135,-1,-1,-1,0.356862745098039,0.694117647058824,0.803921568627451
48.721946716308594,0.0,-0.08466183179422572,0.03,1,1,1,0.0,0.3333333333333333,0.15,-1,-1,-1,1.0,1.0,-1.0,0.0,-0.3333333333333333,0.135,-1,-1,-1,0.356862745098039,0.694117647058824,0.803921568627451
48.75665354728699,0.0,-0.08073677496548737,0.03,1,1,1,0.0,0.3333333333333333,0.15,-1,-1,-1,1.0,1.0,-1.0,0.0,-0.3333333333333333,0.135,-1,-1,-1,0.356862745098039,0.694117647058824,0.803921568627451
48.791361808776855,0.0,-0.07681171813674902,0.03,1,1,1,0.0,0.3333333333333333,0.15,-1,-1,-1,1.0,1.0,-1.0,0.0,-0.3333333333333333,0.135,-1,-1,-1,0.356862745098039,0.694117647058824,0.803921568627451
48.82617902755737,0.0,-0.07288666130801066,0.03,1,1,1,0.0,0.3333333333333333,0.15,-1,-1,-1,1.0,1.0,-1.0,0.0,-0.3333333333333333,0.135,-1,-1,-1,0.356862745098039,0.694117647058824,0.803921568627451
48.860936880111694,0.0,-0.06896160447927231,0.03,1,1,1,0.0,0.3333333333333333,0.15,-1,-1,-1,1.0,1.0,-1.0,0.0,-0.3333333333333333,0.135,-1,-1,-1,0.356862745098039,0.694117647058824,0.803921568627451
48.896034479141235,0.0,-0.06503654765053396,0.03,1,1,1,0.0,0.3333333333333333,0.15,-1,-1,-1,1.0,1.0,-1.0,0.0,-0.3333333333333333,0.135,-1,-1,-1,0.356862745098039,0.694117647058824,0.803921568627451
48.93066692352295,0.0,-0.06111149082179559,0.03,1,1,1,0.0,0.3333333333333333,0.15,-1,-1,-1,1.0,1.0,-1.0,0.0,-0.3333333333333333,0.135,-1,-1,-1,0.356862745098039,0.694117647058824,0.803921568627451
48.96536421775818,0.0,-0.05718643399305719,0.03,1,1,1,0.0,0.3333333333333333,0.15,-1,-1,-1,1.0,1.0,-1.0,0.0,-0.3333333333333333,0.135,-1,-1,-1,0.356862745098039,0.694117647058824,0.803921568627451
48.99954009056091,0.0,-0.0532613771643188,0.03,1,1,1,0.0,0.3333333333333333,0.15,-1,-1,-1,1.0,1.0,-1.0,0.0,-0.3333333333333333,0.135,-1,-1,-1,0.356862745098039,0.694117647058824,0.803921568627451
49.03485369682312,0.0,-0.049336320335580414,0.03,1,1,1,0.0,0.3333333333333333,0.15,-1,-1,-1,1.0,1.0,-1.0,0.0,-0.3333333333333333,0.135,-1,-1,-1,0.356862745098039,0.694117647058824,0.803921568627451
49.070085287094116,0.0,-0.04541126350684203,0.03,1,1,1,0.0,0.3333333333333333,0.15,-1,-1,-1,1.0,1.0,-1.0,0.0,-0.3333333333333333,0.135,-1,-1,-1,0.356862745098039,0.694117647058824,0.803921568627451
49.1041259765625,0.0,-0.04148620667810364,0.03,1,1,1,0.0,0.3333333333333333,0.15,-1,-1,-1,1.0,1.0,-1.0,0.0,-0.3333333333333333,0.135,-1,-1,-1,0.356862745098039,0.694117647058824,0.803921568627451
49.13894867897034,0.0,-0.037561149849365254,0.03,1,1,1,0.0,0.3333333333333333,0.15,-1,-1,-1,1.0,1.0,-1.0,0.0,-0.3333333333333333,0.135,-1,-1,-1,0.356862745098039,0.694117647058824,0.803921568627451
49.17374110221863,0.0,-0.03363609302062687,0.03,1,1,1,0.0,0.3333333333333333,0.15,-1,-1,-1,1.0,1.0,-1.0,0.0,-0.3333333333333333,0.135,-1,-1,-1,0.356862745098039,0.694117647058824,0.803921568627451
49.208242416381836,0.0,-0.033628854595078604,0.03,1,1,1,0.0,0.3333333333333333,0.15,-1,-1,-1,1.0,1.0,-1.0,0.0,-0.3333333333333333,0.135,-1,-1,-1,0.356862745098039,0.694117647058824,0.803921568627451
49.24258017539978,0.0,-0.036233495104990424,0.03,1,1,1,0.0,0.3333333333333333,0.15,-1,-1,-1,1.0,1.0,-1.0,0.0,-0.3333333333333333,0.135,-1,-1,-1,0.356862745098039,0.694117647058824,0.803921568627451
49.27787208557129,0.0,-0.03883813561490224,0.03,1,1,1,0.0,0.3333333333333333,0.15,-1,-1,-1,1.0,1.0,-1.0,0.0,-0.3333333333333333,0.135,-1,-1,-1,0.356862745098039,0.694117647058824,0.803921568627451
49.31246519088745,0.0,-0.04144277612481406,0.03,1,1,1,0.0,0.3333333333333333,0.15,-1,-1,-1,1.0,1.0,-1.0,0.0,-0.3333333333333333,0.135,-1,-1,-1,0.356862745098039,0.694117647058824,0.803921568627451
49.3471155166626,0.0,-0.04404741663472588,0.03,1,1,1,0.0,0.3333333333333333,0.15,-1,-1,-1,1.0,1.0,-1.0,0.0,-0.3333333333333333,0.135,-1,-1,-1,0.356862745098039,0.694117647058824,0.803921568627451
49.381879568099976,0.0,-0.0466520571446377,0.03,1,1,1,0.0,0.3333333333333333,0.15,-1,-1,-1,1.0,1.0,-1.0,0.0,-0.3333333333333333,0.135,-1,-1,-1,0.356862745098039,0.694117647058824,0.803921568627451
49.41672682762146,0.0,-0.04925669765454952,0.03,1,1,1,0.0,0.3333333333333333,0.15,-1,-1,-1,1.0,1.0,-1.0,0.0,-0.3333333333333333,0.135,-1,-1,-1,0.356862745098039,0.694117647058824,0.803921568627451
49.45141887664795,0.0,-0.05186133816446134,0.03,1,1,1,0.0,0.3333333333333333,0.15,-1,-1,-1,1.0,1.0,-1.0,0.0,-0.3333333333333333,0.135,-1,-1,-1,0.356862745098039,0.694117647058824,0.803921568627451
49.486151456832886,0.0,-0.05446597867437316,0.03,1,1,1,0.0,0.3333333333333333,0.15,-1,-1,-1,1.0,1.0,-1.0,0.0,-0.3333333333333333,0.135,-1,-1,-1,0.356862745098039,0.694117647058824,0.803921568627451
49.520774841308594,0.0,-0.05707061918428498,0.03,1,1,1,0.0,0.3333333333333333,0.15,-1,-1,-1,1.0,1.0,-1.0,0.0,-0.3333333333333333,0.135,-1,-1,-1,0.356862745098039,0.694117647058824,0.803921568627451
49.55554509162903,0.0,-0.0596752596941968,0.03,1,1,1,0.0,0.3333333333333333,0.15,-1,-1,-1,1.0,1.0,-1.0,0.0,-0.3333333333333333,0.135,-1,-1,-1,0.356862745098039,0.694117647058824,0.803921568627451
49.590062856674194,0.0,-0.0622799002041086,0.03,1,1,1,0.0,0.3333333333333333,0.15,-1,-1,-1,1.0,1.0,-1.0,0.0,-0.3333333333333333,0.135,-1,-1,-1,0.356862745098039,0.694117647058824,0.803921568627451
49.62452459335327,0.0,-0.06488454071402039,0.03,1,1,1,0.0,0.3333333333333333,0.15,-1,-1,-1,1.0,1.0,-1.0,0.0,-0.3333333333333333,0.135,-1,-1,-1,0.356862745098039,0.694117647058824,0.803921568627451
49.659690141677856,0.0,-0.06748918122393217,0.03,1,1,1,0.0,0.3333333333333333,0.15,-1,-1,-1,1.0,1.0,-1.0,0.0,-0.3333333333333333,0.135,-1,-1,-1,0.356862745098039,0.694117647058824,0.803921568627451
49.694005489349365,0.0,-0.07009382173384396,0.03,1,1,1,0.0,0.3333333333333333,0.15,-1,-1,-1,1.0,1.0,-1.0,0.0,-0.3333333333333333,0.135,-1,-1,-1,0.356862745098039,0.694117647058824,0.803921568627451
49.7286171913147,0.0,-0.07269846224375574,0.03,1,1,1,0.0,0.3333333333333333,0.15,-1,-1,-1,1.0,1.0,-1.0,0.0,-0.3333333333333333,0.135,-1,-1,-1,0.356862745098039,0.694117647058824,0.803921568627451
49.76368713378906,0.0,-0.07530310275366753,0.03,1,1,1,0.0,0.3333333333333333,0.15,-1,-1,-1,1.0,1.0,-1.0,0.0,-0.3333333333333333,0.135,-1,-1,-1,0.356862745098039,0.694117647058824,0.803921568627451
49.798497438430786,0.0,-0.07790774326357931,0.03,1,1,1,0.0,0.3333333333333333,0.15,-1,-1,-1,1.0,1.0,-1.0,0.0,-0.3333333333333333,0.135,-1,-1,-1,0.356862745098039,0.694117647058824,0.803921568627451
49.83313322067261,0.0,-0.0805123837734911,0.03,1,1,1,0.0,0.3333333333333333,0.15,-1,-1,-1,1.0,1.0,-1.0,0.0,-0.3333333333333333,0.135,-1,-1,-1,0.356862745098039,0.694117647058824,0.803921568627451
49.86782717704773,0.0,-0.08311702428340288,0.03,1,1,1,0.0,0.3333333333333333,0.15,-1,-1,-1,1.0,1.0,-1.0,0.0,-0.3333333333333333,0.135,-1,-1,-1,0.356862745098039,0.694117647058824,0.803921568627451
49.90239405632019,0.0,-0.08572166479331467,0.03,1,1,1,0.0,0.3333333333333333,0.15,-1,-1,-1,1.0,1.0,-1.0,0.0,-0.3333333333333333,0.135,-1,-1,-1,0.356862745098039,0.694117647058824,0.803921568627451
49.93724608421326,0.0,-0.08832630530322645,0.03,1,1,1,0.0,0.3333333333333333,0.15,-1,-1,-1,1.0,1.0,-1.0,0.0,-0.3333333333333333,0.135,-1,-1,-1,0.356862745098039,0.694117647058824,0.803921568627451
49.97172999382019,0.0,-0.09093094581313824,0.03,1,1,1,0.0,0.3333333333333333,0.15,-1,-1,-1,1.0,1.0,-1.0,0.0,-0.3333333333333333,0.135,-1,-1,-1,0.356862745098039,0.694117647058824,0.803921568627451
50.00678110122681,0.0,-0.09353558632305002,0.03,1,1,1,0.0,0.3333333333333333,0.15,-1,-1,-1,1.0,1.0,-1.0,0.0,-0.3333333333333333,0.135,-1,-1,-1,0.356862745098039,0.694117647058824,0.803921568627451
50.04174494743347,0.0,-0.0961402268329618,0.03,1,1,1,0.0,0.3333333333333333,0.15,-1,-1,-1,1.0,1.0,-1.0,0.0,-0.3333333333333333,0.135,-1,-1,-1,0.356862745098039,0.694117647058824,0.803921568627451
50.07590174674988,0.0,-0.09874486734287359,0.03,1,1,1,0.0,0.3333333333333333,0.15,-1,-1,-1,1.0,1.0,-1.0,0.0,-0.3333333333333333,0.135,-1,-1,-1,0.356862745098039,0.694117647058824,0.803921568627451
50.11050057411194,0.0,-0.10134950785278538,0.03,1,1,1,0.0,0.3333333333333333,0.15,-1,-1,-1,1.0,1.0,-1.0,0.0,-0.3333333333333333,0.135,-1,-1,-1,0.356862745098039,0.694117647058824,0.803921568627451
50.145514726638794,0.0,-0.10395414836269716,0.03,1,1,1,0.0,0.3333333333333333,0.15,-1,-1,-1,1.0,1.0,-1.0,0.0,-0.3333333333333333,0.135,-1,-1,-1,0.356862745098039,0.694117647058824,0.803921568627451
50.18022060394287,0.0,-0.10655878887260894,0.03,1,1,1,0.0,0.3333333333333333,0.15,-1,-1,-1,1.0,1.0,-1.0,0.0,-0.3333333333333333,0.135,-1,-1,-1,0.356862745098039,0.694117647058824,0.803921568627451
50.215330362319946,0.0,-0.10916342938252073,0.03,1,1,1,0.0,0.3333333333333333,0.15,-1,-1,-1,1.0,1.0,-1.0,0.0,-0.3333333333333333,0.135,-1,-1,-1,0.356862745098039,0.694117647058824,0.803921568627451
50.249865770339966,0.0,-0.11176806989243251,0.03,1,1,1,0.0,0.3333333333333333,0.15,-1,-1,-1,1.0,1.0,-1.0,0.0,-0.3333333333333333,0.135,-1,-1,-1,0.356862745098039,0.694117647058824,0.803921568627451
50.28519940376282,0.0,-0.1143727104023443,0.03,1,1,1,0.0,0.3333333333333333,0.15,-1,-1,-1,1.0,1.0,-1.0,0.0,-0.3333333333333333,0.135,-1,-1,-1,0.356862745098039,0.694117647058824,0.803921568627451
50.31894493103027,0.0,-0.11697735091225608,0.03,1,1,1,0.0,0.3333333333333333,0.15,-1,-1,-1,1.0,1.0,-1.0,0.0,-0.3333333333333333,0.135,-1,-1,-1,0.356862745098039,0.694117647058824,0.803921568627451
50.35417127609253,0.0,-0.11958199142216791,0.03,1,1,1,0.0,0.3333333333333333,0.15,-1,-1,-1,1.0,1.0,-1.0,0.0,-0.3333333333333333,0.135,-1,-1,-1,0.356862745098039,0.694117647058824,0.803921568627451
50.38906955718994,0.0,-0.1221866319320797,0.03,1,1,1,0.0,0.3333333333333333,0.15,-1,-1,-1,1.0,1.0,-1.0,0.0,-0.3333333333333333,0.135,-1,-1,-1,0.356862745098039,0.694117647058824,0.803921568627451
50.42315983772278,0.0,-0.12159979803557809,0.03,1,1,1,0.0,0.3333333333333333,0.15,-1,-1,-1,1.0,1.0,-1.0,0.0,-0.3333333333333333,0.135,-1,-1,-1,0.356862745098039,0.694117647058824,0.803921568627451
50.45784950256348,0.0,-0.12101296413907647,0.03,1,1,1,0.0,0.3333333333333333,0.15,-1,-1,-1,1.0,1.0,-1.0,0.0,-0.3333333333333333,0.135,-1,-1,-1,0.356862745098039,0.694117647058824,0.803921568627451
50.49281311035156,0.0,-0.12042613024257486,0.03,1,1,1,0.0,0.3333333333333333,0.15,-1,-1,-1,1.0,1.0,-1.0,0.0,-0.3333333333333333,0.135,-1,-1,-1,0.356862745098039,0.694117647058824,0.803921568627451
50.528006076812744,0.0,-0.11983929634607325,0.03,1,1,1,0.0,0.3333333333333333,0.15,-1,-1,-1,1.0,1.0,-1.0,0.0,-0.3333333333333333,0.135,-1,-1,-1,0.356862745098039,0.694117647058824,0.803921568627451
50.56258177757263,0.0,-0.11925246244957163,0.03,1,1,1,0.0,0.3333333333333333,0.15,-1,-1,-1,1.0,1.0,-1.0,0.0,-0.3333333333333333,0.135,-1,-1,-1,0.356862745098039,0.694117647058824,0.803921568627451
50.59683036804199,0.0,-0.11866562855307003,0.03,1,1,1,0.0,0.3333333333333333,0.15,-1,-1,-1,1.0,1.0,-1.0,0.0,-0.3333333333333333,0.135,-1,-1,-1,0.356862745098039,0.694117647058824,0.803921568627451
50.63202238082886,0.0,-0.1180787946565684,0.03,1,1,1,0.0,0.3333333333333333,0.15,-1,-1,-1,1.0,1.0,-1.0,0.0,-0.3333333333333333,0.135,-1,-1,-1,0.356862745098039,0.694117647058824,0.803921568627451
50.666728258132935,0.0,-0.11749196076006677,0.03,1,1,1,0.0,0.3333333333333333,0.15,-1,-1,-1,1.0,1.0,-1.0,0.0,-0.3333333333333333,0.135,-1,-1,-1,0.356862745098039,0.694117647058824,0.803921568627451
50.701279640197754,0.0,-0.11690512686356513,0.03,1,1,1,0.0,0.3333333333333333,0.15,-1,-1,-1,1.0,1.0,-1.0,0.0,-0.3333333333333333,0.135,-1,-1,-1,0.356862745098039,0.694117647058824,0.803921568627451
50.73563814163208,0.0,-0.1163182929670635,0.03,1,1,1,0.0,0.3333333333333333,0.15,-1,-1,-1,1.0,1.0,-1.0,0.0,-0.3333333333333333,0.135,-1,-1,-1,0.356862745098039,0.694117647058824,0.803921568627451
50.7707736492157,0.0,-0.11573145907056187,0.03,1,1,1,0.0,0.3333333333333333,0.15,-1,-1,-1,1.0,1.0,-1.0,0.0,-0.3333333333333333,0.135,-1,-1,-1,0.356862745098039,0.694117647058824,0.803921568627451
50.80522871017456,0.0,-0.11514462517406024,0.03,1,1,1,0.0,0.3333333333333333,0.15,-1,-1,-1,1.0,1.0,-1.0,0.0,-0.3333333333333333,0.135,-1,-1,-1,0.356862745098039,0.694117647058824,0.803921568627451
50.83974862098694,0.0,-0.11455779127755861,0.03,1,1,1,0.0,0.3333333333333333,0.15,-1,-1,-1,1.0,1.0,-1.0,0.0,-0.3333333333333333,0.135,-1,-1,-1,0.356862745098039,0.694117647058824,0.803921568627451
50.87459349632263,0.0,-0.11397095738105698,0.03,1,1,1,0.0,0.3333333333333333,0.15,-1,-1,-1,1.0,1.0,-1.0,0.0,-0.3333333333333333,0.135,-1,-1,-1,0.356862745098039,0.694117647058824,0.803921568627451
50.90984535217285,0.0,-0.11338412348455534,0.03,1,1,1,0.0,0.3333333333333333,0.15,-1,-1,-1,1.0,1.0,-1.0,0.0,-0.3333333333333333,0.135,-1,-1,-1,0.356862745098039,0.694117647058824,0.803921568627451
50.94448518753052,0.0,-0.11279728958805371,0.03,1,1,1,0.0,0.3333333333333333,0.15,-1,-1,-1,1.0,1.0,-1.0,0.0,-0.3333333333333333,0.135,-1,-1,-1,0.356862745098039,0.694117647058824,0.803921568627451
50.979265213012695,0.0,-0.11221045569155208,0.03,1,1,1,0.0,0.3333333333333333,0.15,-1,-1,-1,1.0,1.0,-1.0,0.0,-0.3333333333333333,0.135,-1,-1,-1,0.356862745098039,0.694117647058824,0.803921568627451
51.013949155807495,0.0,-0.11162362179505045,0.03,1,1,1,0.0,0.3333333333333333,0.15,-1,-1,-1,1.0,1.0,-1.0,0.0,-0.3333333333333333,0.135,-1,-1,-1,0.356862745098039,0.694117647058824,0.803921568627451
51.04850912094116,0.0,-0.11103678789854882,0.03,1,1,1,0.0,0.3333333333333333,0.15,-1,-1,-1,1.0,1.0,-1.0,0.0,-0.3333333333333333,0.135,-1,-1,-1,0.356862745098039,0.694117647058824,0.803921568627451
51.08327841758728,0.0,-0.11044995400204718,0.03,1,1,1,0.0,0.3333333333333333,0.15,-1,-1,-1,1.0,1.0,-1.0,0.0,-0.3333333333333333,0.135,-1,-1,-1,0.356862745098039,0.694117647058824,0.803921568627451
51.117607831954956,0.0,-0.10986312010554555,0.03,1,1,1,0.0,0.3333333333333333,0.15,-1,-1,-1,1.0,1.0,-1.0,0.0,-0.3333333333333333,0.135,-1,-1,-1,0.356862745098039,0.694117647058824,0.803921568627451
51.15267276763916,0.0,-0.10927628620904392,0.03,1,1,1,0.0,0.3333333333333333,0.15,-1,-1,-1,1.0,1.0,-1.0,0.0,-0.3333333333333333,0.135,-1,-1,-1,0.356862745098039,0.694117647058824,0.803921568627451
51.187551498413086,0.0,-0.10868945231254229,0.03,1,1,1,0.0,0.3333333333333333,0.15,-1,-1,-1,1.0,1.0,-1.0,0.0,-0.3333333333333333,0.135,-1,-1,-1,0.356862745098039,0.694117647058824,0.803921568627451
51.22210144996643,0.0,-0.10810261841604066,0.03,1,1,1,0.0,0.3333333333333333,0.15,-1,-1,-1,1.0,1.0,-1.0,0.0,-0.3333333333333333,0.135,-1,-1,-1,0.356862745098039,0.694117647058824,0.803921568627451
51.256943702697754,0.0,-0.10751578451953903,0.03,1,1,1,0.0,0.3333333333333333,0.15,-1,-1,-1,1.0,1.0,-1.0,0.0,-0.3333333333333333,0.135,-1,-1,-1,0.356862745098039,0.694117647058824,0.803921568627451
51.2918815612793,0.0,-0.1069289506230374,0.03,1,1,1,0.0,0.3333333333333333,0.15,-1,-1,-1,1.0,1.0,-1.0,0.0,-0.3333333333333333,0.135,-1,-1,-1,0.356862745098039,0.694117647058824,0.803921568627451
51.32619380950928,0.0,-0.10634211672653576,0.03,1,1,1,0.0,0.3333333333333333,0.15,-1,-1,-1,1.0,1.0,-1.0,0.0,-0.3333333333333333,0.135,-1,-1,-1,0.356862745098039,0.694117647058824,0.803921568627451
51.36101198196411,0.0,-0.10575528283003413,0.03,1,1,1,0.0,0.3333333333333333,0.15,-1,-1,-1,1.0,1.0,-1.0,0.0,-0.3333333333333333,0.135,-1,-1,-1,0.356862745098039,0.694117647058824,0.803921568627451
51.39521050453186,0.0,-0.1051684489335325,0.03,1,1,1,0.0,0.3333333333333333,0.15,-1,-1,-1,1.0,1.0,-1.0,0.0,-0.3333333333333333,0.135,-1,-1,-1,0.356862745098039,0.694117647058824,0.803921568627451
51.430458784103394,0.0,-0.10458161503703087,0.03,1,1,1,0.0,0.3333333333333333,0.15,-1,-1,-1,1.0,1.0,-1.0,0.0,-0.3333333333333333,0.135,-1,-1,-1,0.356862745098039,0.694117647058824,0.803921568627451
51.4648003578186,0.0,-0.10399478114052924,0.03,1,1,1,0.0,0.3333333333333333,0.15,-1,-1,-1,1.0,1.0,-1.0,0.0,-0.3333333333333333,0.135,-1,-1,-1,0.356862745098039,0.694117647058824,0.803921568627451
51.499367475509644,0.0,-0.1034079472440276,0.03,1,1,1,0.0,0.3333333333333333,0.15,-1,-1,-1,1.0,1.0,-1.0,0.0,-0.3333333333333333,0.135,-1,-1,-1,0.356862745098039,0.694117647058824,0.803921568627451
51.53453087806702,0.0,-0.10282111334752597,0.03,1,1,1,0.0,0.3333333333333333,0.15,-1,-1,-1,1.0,1.0,-1.0,0.0,-0.3333333333333333,0.135,-1,-1,-1,0.356862745098039,0.694117647058824,0.803921568627451
51.56906509399414,0.0,-0.10223427945102434,0.03,1,1,1,0.0,0.3333333333333333,0.15,-1,-1,-1,1.0,1.0,-1.0,0.0,-0.3333333333333333,0.135,-1,-1,-1,0.356862745098039,0.694117647058824,0.803921568627451
51.603686571121216,0.0,-0.1035688830339993,0.03,1,1,1,0.0,0.3333333333333333,0.15,-1,-1,-1,1.0,1.0,-1.0,0.0,-0.3333333333333333,0.135,-1,-1,-1,0.356862745098039,0.694117647058824,0.803921568627451
51.638357639312744,0.0,-0.10778564283618916,0.03,1,1,1,0.0,0.3333333333333333,0.15,-1,-1,-1,1.0,1.0,-1.0,0.0,-0.3333333333333333,0.135,-1,-1,-1,0.356862745098039,0.694117647058824,0.803921568627451
51.67339825630188,0.0,-0.11200240263837902,0.03,1,1,1,0.0,0.3333333333333333,0.15,-1,-1,-1,1.0,1.0,-1.0,0.0,-0.3333333333333333,0.135,-1,-1,-1,0.356862745098039,0.694117647058824,0.803921568627451
51.7079803943634,0.0,-0.11621916244056887,0.03,1,1,1,0.0,0.3333333333333333,0.15,-1,-1,-1,1.0,1.0,-1.0,0.0,-0.3333333333333333,0.135,-1,-1,-1,0.356862745098039,0.694117647058824,0.803921568627451
51.742727518081665,0.0,-0.12043592224275873,0.03,1,1,1,0.0,0.3333333333333333,0.15,-1,-1,-1,1.0,1.0,-1.0,0.0,-0.3333333333333333,0.135,-1,-1,-1,0.356862745098039,0.694117647058824,0.803921568627451
51.77715039253235,0.0,-0.12465268204494856,0.03,1,1,1,0.0,0.3333333333333333,0.15,-1,-1,-1,1.0,1.0,-1.0,0.0,-0.3333333333333333,0.135,-1,-1,-1,0.356862745098039,0.694117647058824,0.803921568627451
51.812148332595825,0.0,-0.12886944184713842,0.03,1,1,1,0.0,0.3333333333333333,0.15,-1,-1,-1,1.0,1.0,-1.0,0.0,-0.3333333333333333,0.135,-1,-1,-1,0.356862745098039,0.694117647058824,0.803921568627451
51.84684205055237,0.0,-0.13308620164932827,0.03,1,1,1,0.0,0.3333333333333333,0.15,-1,-1,-1,1.0,1.0,-1.0,0.0,-0.3333333333333333,0.135,-1,-1,-1,0.356862745098039,0.694117647058824,0.803921568627451
51.88137912750244,0.0,-0.13730296145151813,0.03,1,1,1,0.0,0.3333333333333333,0.15,-1,-1,-1,1.0,1.0,-1.0,0.0,-0.3333333333333333,0.135,-1,-1,-1,0.356862745098039,0.694117647058824,0.803921568627451
51.91657614707947,0.0,-0.141519721253708,0.03,1,1,1,0.0,0.3333333333333333,0.15,-1,-1,-1,1.0,1.0,-1.0,0.0,-0.3333333333333333,0.135,-1,-1,-1,0.356862745098039,0.694117647058824,0.803921568627451
51.95127868652344,0.0,-0.14573648105589784,0.03,1,1,1,0.0,0.3333333333333333,0.15,-1,-1,-1,1.0,1.0,-1.0,0.0,-0.3333333333333333,0.135,-1,-1,-1,0.356862745098039,0.694117647058824,0.803921568627451
51.98564171791077,0.0,-0.1499532408580877,0.03,1,1,1,0.0,0.3333333333333333,0.15,-1,-1,-1,1.0,1.0,-1.0,0.0,-0.3333333333333333,0.135,-1,-1,-1,0.356862745098039,0.694117647058824,0.803921568627451
52.021005630493164,0.0,-0.15417000066027756,0.03,1,1,1,0.0,0.3333333333333333,0.15,-1,-1,-1,1.0,1.0,-1.0,0.0,-0.3333333333333333,0.135,-1,-1,-1,0.356862745098039,0.694117647058824,0.803921568627451
52.05511975288391,0.0,-0.1583867604624674,0.03,1,1,1,0.0,0.3333333333333333,0.15,-1,-1,-1,1.0,1.0,-1.0,0.0,-0.3333333333333333,0.135,-1,-1,-1,0.356862745098039,0.694117647058824,0.803921568627451
52.090041160583496,0.0,-0.16260352026465727,0.03,1,1,1,0.0,0.3333333333333333,0.15,-1,-1,-1,1.0,1.0,-1.0,0.0,-0.3333333333333333,0.135,-1,-1,-1,0.356862745098039,0.694117647058824,0.803921568627451
52.124484062194824,0.0,-0.16682028006684713,0.03,1,1,1,0.0,0.3333333333333333,0.15,-1,-1,-1,1.0,1.0,-1.0,0.0,-0.3333333333333333,0.135,-1,-1,-1,0.356862745098039,0.694117647058824,0.803921568627451
52.15984869003296,0.0,-0.17103703986903698,0.03,1,1,1,0.0,0.3333333333333333,0.15,-1,-1,-1,1.0,1.0,-1.0,0.0,-0.3333333333333333,0.135,-1,-1,-1,0.356862745098039,0.694117647058824,0.803921568627451
52.19463562965393,0.0,-0.17525379967122684,0.03,1,1,1,0.0,0.3333333333333333,0.15,-1,-1,-1,1.0,1.0,-1.0,0.0,-0.3333333333333333,0.135,-1,-1,-1,0.356862745098039,0.694117647058824,0.803921568627451
52.22862696647644,0.0,-0.1794705594734167,0.03,1,1,1,0.0,0.3333333333333333,0.15,-1,-1,-1,1.0,1.0,-1.0,0.0,-0.3333333333333333,0.135,-1,-1,-1,0.356862745098039,0.694117647058824,0.803921568627451
52.263585805892944,0.0,-0.18368731927560655,0.03,1,1,1,0.0,0.3333333333333333,0.15,-1,-1,-1,1.0,1.0,-1.0,0.0,-0.3333333333333333,0.135,-1,-1,-1,0.356862745098039,0.694117647058824,0.803921568627451
52.298192739486694,0.0,-0.1879040790777964,0.03,1,1,1,0.0,0.3333333333333333,0.15,-1,-1,-1,1.0,1.0,-1.0,0.0,-0.3333333333333333,0.135,-1,-1,-1,0.356862745098039,0.694117647058824,0.803921568627451
52.33279347419739,0.0,-0.19212083887998627,0.03,1,1,1,0.0,0.3333333333333333,0.15,-1,-1,-1,1.0,1.0,-1.0,0.0,-0.3333333333333333,0.135,-1,-1,-1,0.356862745098039,0.694117647058824,0.803921568627451
52.36771774291992,0.0,-0.19633759868217612,0.03,1,1,1,0.0,0.3333333333333333,0.15,-1,-1,-1,1.0,1.0,-1.0,0.0,-0.3333333333333333,0.135,-1,-1,-1,0.356862745098039,0.694117647058824,0.803921568627451
52.40239095687866,0.0,-0.20055435848436598,0.03,1,1,1,0.0,0.3333333333333333,0.15,-1,-1,-1,1.0,1.0,-1.0,0.0,-0.3333333333333333,0.135,-1,-1,-1,0.356862745098039,0.694117647058824,0.803921568627451
52.4372980594635,0.0,-0.20477111828655584,0.03,1,1,1,0.0,0.3333333333333333,0.15,-1,-1,-1,1.0,1.0,-1.0,0.0,-0.3333333333333333,0.135,-1,-1,-1,0.356862745098039,0.694117647058824,0.803921568627451
52.47160482406616,0.0,-0.2089878780887457,0.03,1,1,1,0.0,0.3333333333333333,0.15,-1,-1,-1,1.0,1.0,-1.0,0.0,-0.3333333333333333,0.135,-1,-1,-1,0.356862745098039,0.694117647058824,0.803921568627451
52.506805419921875,0.0,-0.21320463789093555,0.03,1,1,1,0.0,0.3333333333333333,0.15,-1,-1,-1,1.0,1.0,-1.0,0.0,-0.3333333333333333,0.135,-1,-1,-1,0.356862745098039,0.694117647058824,0.803921568627451
52.54151630401611,0.0,-0.2174213976931254,0.03,1,1,1,0.0,0.3333333333333333,0.15,-1,-1,-1,1.0,1.0,-1.0,0.0,-0.3333333333333333,0.135,-1,-1,-1,0.356862745098039,0.694117647058824,0.803921568627451
52.575751543045044,0.0,-0.22163815749531526,0.03,1,1,1,0.0,0.3333333333333333,0.15,-1,-1,-1,1.0,1.0,-1.0,0.0,-0.3333333333333333,0.135,-1,-1,-1,0.356862745098039,0.694117647058824,0.803921568627451
52.610581398010254,0.0,-0.22585491729750512,0.03,1,1,1,0.0,0.3333333333333333,0.15,-1,-1,-1,1.0,1.0,-1.0,0.0,-0.3333333333333333,0.135,-1,-1,-1,0.356862745098039,0.694117647058824,0.803921568627451
52.64628458023071,0.0,-0.23007167709969498,0.03,1,1,1,0.0,0.3333333333333333,0.15,-1,-1,-1,1.0,1.0,-1.0,0.0,-0.3333333333333333,0.135,-1,-1,-1,0.356862745098039,0.694117647058824,0.803921568627451
52.68013405799866,0.0,-0.23428843690188483,0.03,1,1,1,0.0,0.3333333333333333,0.15,-1,-1,-1,1.0,1.0,-1.0,0.0,-0.3333333333333333,0.135,-1,-1,-1,0.356862745098039,0.694117647058824,0.803921568627451
52.71496105194092,0.0,-0.23850519670407463,0.03,1,1,1,0.0,0.3333333333333333,0.15,-1,-1,-1,1.0,1.0,-1.0,0.0,-0.3333333333333333,0.135,-1,-1,-1,0.356862745098039,0.694117647058824,0.803921568627451
52.74973011016846,0.0,-0.24272195650626455,0.03,1,1,1,0.0,0.3333333333333333,0.15,-1,-1,-1,1.0,1.0,-1.0,0.0,-0.3333333333333333,0.135,-1,-1,-1,0.356862745098039,0.694117647058824,0.803921568627451
52.78451323509216,0.0,-0.24693871630845443,0.03,1,1,1,0.0,0.3333333333333333,0.15,-1,-1,-1,1.0,1.0,-1.0,0.0,-0.3333333333333333,0.135,-1,-1,-1,0.356862745098039,0.694117647058824,0.803921568627451
52.81925821304321,0.0,-0.2441489490430204,0.03,1,1,1,0.0,0.3333333333333333,0.15,-1,-1,-1,1.0,1.0,-1.0,0.0,-0.3333333333333333,0.135,-1,-1,-1,0.356862745098039,0.694117647058824,0.803921568627451
52.85400366783142,0.0,-0.23960755001068043,0.03,1,1,1,0.0,0.3333333333333333,0.15,-1,-1,-1,1.0,1.0,-1.0,0.0,-0.3333333333333333,0.135,-1,-1,-1,0.356862745098039,0.694117647058824,0.803921568627451
52.888636112213135,0.0,-0.23506615097834044,0.03,1,1,1,0.0,0.3333333333333333,0.15,-1,-1,-1,1.0,1.0,-1.0,0.0,-0.3333333333333333,0.135,-1,-1,-1,0.356862745098039,0.694117647058824,0.803921568627451
52.92355751991272,0.0,-0.2305247519460005,0.03,1,1,1,0.0,0.3333333333333333,0.15,-1,-1,-1,1.0,1.0,-1.0,0.0,-0.3333333333333333,0.135,-1,-1,-1,0.356862745098039,0.694117647058824,0.803921568627451
52.95805859565735,0.0,-0.22598335291366056,0.03,1,1,1,0.0,0.3333333333333333,0.15,-1,-1,-1,1.0,1.0,-1.0,0.0,-0.3333333333333333,0.135,-1,-1,-1,0.356862745098039,0.694117647058824,0.803921568627451
52.99295234680176,0.0,-0.22144195388132062,0.03,1,1,1,0.0,0.3333333333333333,0.15,-1,-1,-1,1.0,1.0,-1.0,0.0,-0.3333333333333333,0.135,-1,-1,-1,0.356862745098039,0.694117647058824,0.803921568627451
53.02750611305237,0.0,-0.2169005548489807,0.03,1,1,1,0.0,0.3333333333333333,0.15,-1,-1,-1,1.0,1.0,-1.0,0.0,-0.3333333333333333,0.135,-1,-1,-1,0.356862745098039,0.694117647058824,0.803921568627451
53.06246471405029,0.0,-0.21235915581664075,0.03,1,1,1,0.0,0.3333333333333333,0.15,-1,-1,-1,1.0,1.0,-1.0,0.0,-0.3333333333333333,0.135,-1,-1,-1,0.356862745098039,0.694117647058824,0.803921568627451
53.09710621833801,0.0,-0.2078177567843008,0.03,1,1,1,0.0,0.3333333333333333,0.15,-1,-1,-1,1.0,1.0,-1.0,0.0,-0.3333333333333333,0.135,-1,-1,-1,0.356862745098039,0.694117647058824,0.803921568627451
53.13180685043335,0.0,-0.20327635775196087,0.03,1,1,1,0.0,0.3333333333333333,0.15,-1,-1,-1,1.0,1.0,-1.0,0.0,-0.3333333333333333,0.135,-1,-1,-1,0.356862745098039,0.694117647058824,0.803921568627451
53.16665601730347,0.0,-0.19873495871962094,0.03,1,1,1,0.0,0.3333333333333333,0.15,-1,-1,-1,1.0,1.0,-1.0,0.0,-0.3333333333333333,0.135,-1,-1,-1,0.356862745098039,0.694117647058824,0.803921568627451
53.202239990234375,0.0,-0.194193559687281,0.03,1,1,1,0.0,0.3333333333333333,0.15,-1,-1,-1,1.0,1.0,-1.0,0.0,-0.3333333333333333,0.135,-1,-1,-1,0.356862745098039,0.694117647058824,0.803921568627451
53.235552072525024,0.0,-0.18965216065494106,0.03,1,1,1,0.0,0.3333333333333333,0.15,-1,-1,-1,1.0,1.0,-1.0,0.0,-0.3333333333333333,0.135,-1,-1,-1,0.356862745098039,0.694117647058824,0.803921568627451
53.27032732963562,0.0,-0.18511076162260112,0.03,1,1,1,0.0,0.3333333333333333,0.15,-1,-1,-1,1.0,1.0,-1.0,0.0,-0.3333333333333333,0.135,-1,-1,-1,0.356862745098039,0.694117647058824,0.803921568627451
53.30514216423035,0.0,-0.18056936259026118,0.03,1,1,1,0.0,0.3333333333333333,0.15,-1,-1,-1,1.0,1.0,-1.0,0.0,-0.3333333333333333,0.135,-1,-1,-1,0.356862745098039,0.694117647058824,0.803921568627451
53.33996510505676,0.0,-0.17602796355792125,0.03,1,1,1,0.0,0.3333333333333333,0.15,-1,-1,-1,1.0,1.0,-1.0,0.0,-0.3333333333333333,0.135,-1,-1,-1,0.356862745098039,0.694117647058824,0.803921568627451
53.374597787857056,0.0,-0.1714865645255813,0.03,1,1,1,0.0,0.3333333333333333,0.15,-1,-1,-1,1.0,1.0,-1.0,0.0,-0.3333333333333333,0.135,-1,-1,-1,0.356862745098039,0.694117647058824,0.803921568627451
53.409364223480225,0.0,-0.16694516549324137,0.03,1,1,1,0.0,0.3333333333333333,0.15,-1,-1,-1,1.0,1.0,-1.0,0.0,-0.3333333333333333,0.135,-1,-1,-1,0.356862745098039,0.694117647058824,0.803921568627451
53.44410252571106,0.0,-0.16240376646090143,0.03,1,1,1,0.0,0.3333333333333333,0.15,-1,-1,-1,1.0,1.0,-1.0,0.0,-0.3333333333333333,0.135,-1,-1,-1,0.356862745098039,0.694117647058824,0.803921568627451
53.478763580322266,0.0,-0.1578623674285615,0.03,1,1,1,0.0,0.3333333333333333,0.15,-1,-1,-1,1.0,1.0,-1.0,0.0,-0.3333333333333333,0.135,-1,-1,-1,0.356862745098039,0.694117647058824,0.803921568627451
53.51345467567444,0.0,-0.15332096839622156,0.03,1,1,1,0.0,0.3333333333333333,0.15,-1,-1,-1,1.0,1.0,-1.0,0.0,-0.3333333333333333,0.135,-1,-1,-1,0.356862745098039,0.694117647058824,0.803921568627451
53.54812455177307,0.0,-0.14877956936388162,0.03,1,1,1,0.0,0.3333333333333333,0.15,-1,-1,-1,1.0,1.0,-1.0,0.0,-0.3333333333333333,0.135,-1,-1,-1,0.356862745098039,0.694117647058824,0.803921568627451
53.58290505409241,0.0,-0.14423817033154168,0.03,1,1,1,0.0,0.3333333333333333,0.15,-1,-1,-1,1.0,1.0,-1.0,0.0,-0.3333333333333333,0.135,-1,-1,-1,0.356862745098039,0.694117647058824,0.803921568627451
53.617594957351685,0.0,-0.13969677129920174,0.03,1,1,1,0.0,0.3333333333333333,0.15,-1,-1,-1,1.0,1.0,-1.0,0.0,-0.3333333333333333,0.135,-1,-1,-1,0.356862745098039,0.694117647058824,0.803921568627451
53.652353048324585,0.0,-0.1351553722668618,0.03,1,1,1,0.0,0.3333333333333333,0.15,-1,-1,-1,1.0,1.0,-1.0,0.0,-0.3333333333333333,0.135,-1,-1,-1,0.356862745098039,0.694117647058824,0.803921568627451
53.687530755996704,0.0,-0.13061397323452187,0.03,1,1,1,0.0,0.3333333333333333,0.15,-1,-1,-1,1.0,1.0,-1.0,0.0,-0.3333333333333333,0.135,-1,-1,-1,0.356862745098039,0.694117647058824,0.803921568627451
53.721803426742554,0.0,-0.12607257420218193,0.03,1,1,1,0.0,0.3333333333333333,0.15,-1,-1,-1,1.0,1.0,-1.0,0.0,-0.3333333333333333,0.135,-1,-1,-1,0.356862745098039,0.694117647058824,0.803921568627451
53.75730657577515,0.0,-0.12153117516984192,0.03,1,1,1,0.0,0.3333333333333333,0.15,-1,-1,-1,1.0,1.0,-1.0,0.0,-0.3333333333333333,0.135,-1,-1,-1,0.356862745098039,0.694117647058824,0.803921568627451
53.7910635471344,0.0,-0.11698977613750192,0.03,1,1,1,0.0,0.3333333333333333,0.15,-1,-1,-1,1.0,1.0,-1.0,0.0,-0.3333333333333333,0.135,-1,-1,-1,0.356862745098039,0.694117647058824,0.803921568627451
53.82645106315613,0.0,-0.11244837710516191,0.03,1,1,1,0.0,0.3333333333333333,0.15,-1,-1,-1,1.0,1.0,-1.0,0.0,-0.3333333333333333,0.135,-1,-1,-1,0.356862745098039,0.694117647058824,0.803921568627451
53.86100935935974,0.0,-0.1079069780728219,0.03,1,1,1,0.0,0.3333333333333333,0.15,-1,-1,-1,1.0,1.0,-1.0,0.0,-0.3333333333333333,0.135,-1,-1,-1,0.356862745098039,0.694117647058824,0.803921568627451
53.89623713493347,0.0,-0.1033655790404819,0.03,1,1,1,0.0,0.3333333333333333,0.15,-1,-1,-1,1.0,1.0,-1.0,0.0,-0.3333333333333333,0.135,-1,-1,-1,0.356862745098039,0.694117647058824,0.803921568627451
53.93053221702576,0.0,-0.09882418000814189,0.03,1,1,1,0.0,0.3333333333333333,0.15,-1,-1,-1,1.0,1.0,-1.0,0.0,-0.3333333333333333,0.135,-1,-1,-1,0.356862745098039,0.694117647058824,0.803921568627451
53.965097188949585,0.0,-0.09428278097580188,0.03,1,1,1,0.0,0.3333333333333333,0.15,-1,-1,-1,1.0,1.0,-1.0,0.0,-0.3333333333333333,0.135,-1,-1,-1,0.356862745098039,0.694117647058824,0.803921568627451
53.99943947792053,0.0,-0.08910387253502633,0.03,1,1,1,0.0,0.3333333333333333,0.15,-1,-1,-1,1.0,1.0,-1.0,0.0,-0.3333333333333333,0.135,-1,-1,-1,0.356862745098039,0.694117647058824,0.803921568627451
54.034568786621094,0.0,-0.0813749264605086,0.03,1,1,1,0.0,0.3333333333333333,0.15,-1,-1,-1,1.0,1.0,-1.0,0.0,-0.3333333333333333,0.135,-1,-1,-1,0.356862745098039,0.694117647058824,0.803921568627451
54.06927967071533,0.0,-0.07364598038599088,0.03,1,1,1,0.0,0.3333333333333333,0.15,-1,-1,-1,1.0,1.0,-1.0,0.0,-0.3333333333333333,0.135,-1,-1,-1,0.356862745098039,0.694117647058824,0.803921568627451
54.1041944026947,0.0,-0.06591703431147315,0.03,1,1,1,0.0,0.3333333333333333,0.15,-1,-1,-1,1.0,1.0,-1.0,0.0,-0.3333333333333333,0.135,-1,-1,-1,0.356862745098039,0.694117647058824,0.803921568627451
54.13889479637146,0.0,-0.05818808823695542,0.03,1,1,1,0.0,0.3333333333333333,0.15,-1,-1,-1,1.0,1.0,-1.0,0.0,-0.3333333333333333,0.135,-1,-1,-1,0.356862745098039,0.694117647058824,0.803921568627451
54.173486948013306,0.0,-0.050459142162437694,0.03,1,1,1,0.0,0.3333333333333333,0.15,-1,-1,-1,1.0,1.0,-1.0,0.0,-0.3333333333333333,0.135,-1,-1,-1,0.356862745098039,0.694117647058824,0.803921568627451
54.20816612243652,0.0,-0.04273019608791997,0.03,1,1,1,0.0,0.3333333333333333,0.15,-1,-1,-1,1.0,1.0,-1.0,0.0,-0.3333333333333333,0.135,-1,-1,-1,0.356862745098039,0.694117647058824,0.803921568627451
54.242793560028076,0.0,-0.03500125001340224,0.03,1,1,1,0.0,0.3333333333333333,0.15,-1,-1,-1,1.0,1.0,-1.0,0.0,-0.3333333333333333,0.135,-1,-1,-1,0.356862745098039,0.694117647058824,0.803921568627451
54.27775764465332,0.0,-0.027272303938884523,0.03,1,1,1,0.0,0.3333333333333333,0.15,-1,-1,-1,1.0,1.0,-1.0,0.0,-0.3333333333333333,0.135,-1,-1,-1,0.356862745098039,0.694117647058824,0.803921568627451
54.312912702560425,0.0,-0.019543357864366815,0.03,1,1,1,0.0,0.3333333333333333,0.15,-1,-1,-1,1.0,1.0,-1.0,0.0,-0.3333333333333333,0.135,-1,-1,-1,0.356862745098039,0.694117647058824,0.803921568627451
54.34666633605957,0.0,-0.011814411789849101,0.03,1,1,1,0.0,0.3333333333333333,0.15,-1,-1,-1,1.0,1.0,-1.0,0.0,-0.3333333333333333,0.135,-1,-1,-1,0.356862745098039,0.694117647058824,0.803921568627451
54.38196802139282,0.0,-0.004085465715331384,0.03,1,1,1,0.0,0.3333333333333333,0.15,-1,-1,-1,1.0,1.0,-1.0,0.0,-0.3333333333333333,0.135,-1,-1,-1,0.356862745098039,0.694117647058824,0.803921568627451
54.41618084907532,0.0,0.003643480359186332,0.03,1,1,1,0.0,0.3333333333333333,0.15,-1,-1,-1,1.0,1.0,-1.0,0.0,-0.3333333333333333,0.135,-1,-1,-1,0.356862745098039,0.694117647058824,0.803921568627451
54.450900077819824,0.0,0.011372426433704048,0.03,1,1,1,0.0,0.3333333333333333,0.15,-1,-1,-1,1.0,1.0,-1.0,0.0,-0.3333333333333333,0.135,-1,-1,-1,0.356862745098039,0.694117647058824,0.803921568627451
54.48609161376953,0.0,0.01910137250822176,0.03,1,1,1,0.0,0.3333333333333333,0.15,-1,-1,-1,1.0,1.0,-1.0,0.0,-0.3333333333333333,0.135,-1,-1,-1,0.356862745098039,0.694117647058824,0.803921568627451
54.520581007003784,0.0,0.02683031858273947,0.03,1,1,1,0.0,0.3333333333333333,0.15,-1,-1,-1,1.0,1.0,-1.0,0.0,-0.3333333333333333,0.135,-1,-1,-1,0.356862745098039,0.694117647058824,0.803921568627451
54.55525755882263,0.0,0.034559264657257185,0.03,1,1,1,0.0,0.3333333333333333,0.15,-1,-1,-1,1.0,1.0,-1.0,0.0,-0.3333333333333333,0.135,-1,-1,-1,0.356862745098039,0.694117647058824,0.803921568627451
54.5899543762207,0.0,0.04228821073177491,0.03,1,1,1,0.0,0.3333333333333333,0.15,-1,-1,-1,1.0,1.0,-1.0,0.0,-0.3333333333333333,0.135,-1,-1,-1,0.356862745098039,0.694117647058824,0.803921568627451
54.624746561050415,0.0,0.05001715680629264,0.03,1,1,1,0.0,0.3333333333333333,0.15,-1,-1,-1,1.0,1.0,-1.0,0.0,-0.3333333333333333,0.135,-1,-1,-1,0.356862745098039,0.694117647058824,0.803921568627451
54.65954113006592,0.0,0.05774610288081036,0.03,1,1,1,0.0,0.3333333333333333,0.15,-1,-1,-1,1.0,1.0,-1.0,0.0,-0.3333333333333333,0.135,-1,-1,-1,0.356862745098039,0.694117647058824,0.803921568627451
54.69429540634155,0.0,0.06547504895532809,0.03,1,1,1,0.0,0.3333333333333333,0.15,-1,-1,-1,1.0,1.0,-1.0,0.0,-0.3333333333333333,0.135,-1,-1,-1,0.356862745098039,0.694117647058824,0.803921568627451
54.72888493537903,0.0,0.07320399502984581,0.03,1,1,1,0.0,0.3333333333333333,0.15,-1,-1,-1,1.0,1.0,-1.0,0.0,-0.3333333333333333,0.135,-1,-1,-1,0.356862745098039,0.694117647058824,0.803921568627451
54.763553857803345,0.0,0.08093294110436354,0.03,1,1,1,0.0,0.3333333333333333,0.15,-1,-1,-1,1.0,1.0,-1.0,0.0,-0.3333333333333333,0.135,-1,-1,-1,0.356862745098039,0.694117647058824,0.803921568627451
54.79834461212158,0.0,0.08866188717888127,0.03,1,1,1,0.0,0.3333333333333333,0.15,-1,-1,-1,1.0,1.0,-1.0,0.0,-0.3333333333333333,0.135,-1,-1,-1,0.356862745098039,0.694117647058824,0.803921568627451
54.832839250564575,0.0,0.09639083325339899,0.03,1,1,1,0.0,0.3333333333333333,0.15,-1,-1,-1,1.0,1.0,-1.0,0.0,-0.3333333333333333,0.135,-1,-1,-1,0.356862745098039,0.694117647058824,0.803921568627451
54.868252992630005,0.0,0.10411977932791672,0.03,1,1,1,0.0,0.3333333333333333,0.15,-1,-1,-1,1.0,1.0,-1.0,0.0,-0.3333333333333333,0.135,-1,-1,-1,0.356862745098039,0.694117647058824,0.803921568627451
54.90249300003052,0.0,0.11184872540243444,0.03,1,1,1,0.0,0.3333333333333333,0.15,-1,-1,-1,1.0,1.0,-1.0,0.0,-0.3333333333333333,0.135,-1,-1,-1,0.356862745098039,0.694117647058824,0.803921568627451
54.9375262260437,0.0,0.11957767147695217,0.03,1,1,1,0.0,0.3333333333333333,0.15,-1,-1,-1,1.0,1.0,-1.0,0.0,-0.3333333333333333,0.135,-1,-1,-1,0.356862745098039,0.694117647058824,0.803921568627451
54.97215127944946,0.0,0.12730661755146985,0.03,1,1,1,0.0,0.3333333333333333,0.15,-1,-1,-1,1.0,1.0,-1.0,0.0,-0.3333333333333333,0.135,-1,-1,-1,0.356862745098039,0.694117647058824,0.803921568627451
55.006869077682495,0.0,0.1350355636259875,0.03,1,1,1,0.0,0.3333333333333333,0.15,-1,-1,-1,1.0,1.0,-1.0,0.0,-0.3333333333333333,0.135,-1,-1,-1,0.356862745098039,0.694117647058824,0.803921568627451
55.04163146018982,0.0,0.14276450970050517,0.03,1,1,1,0.0,0.3333333333333333,0.15,-1,-1,-1,1.0,1.0,-1.0,0.0,-0.3333333333333333,0.135,-1,-1,-1,0.356862745098039,0.694117647058824,0.803921568627451
55.076332569122314,0.0,0.15049345577502282,0.03,1,1,1,0.0,0.3333333333333333,0.15,-1,-1,-1,1.0,1.0,-1.0,0.0,-0.3333333333333333,0.135,-1,-1,-1,0.356862745098039,0.694117647058824,0.803921568627451
55.11047410964966,0.0,0.15822240184954048,0.03,1,1,1,0.0,0.3333333333333333,0.15,-1,-1,-1,1.0,1.0,-1.0,0.0,-0.3333333333333333,0.135,-1,-1,-1,0.356862745098039,0.694117647058824,0.803921568627451
55.14571809768677,0.0,0.16595134792405813,0.03,1,1,1,0.0,0.3333333333333333,0.15,-1,-1,-1,1.0,1.0,-1.0,0.0,-0.3333333333333333,0.135,-1,-1,-1,0.356862745098039,0.694117647058824,0.803921568627451
55.18023872375488,0.0,0.1736802939985758,0.03,1,1,1,0.0,0.3333333333333333,0.15,-1,-1,-1,1.0,1.0,-1.0,0.0,-0.3333333333333333,0.135,-1,-1,-1,0.356862745098039,0.694117647058824,0.803921568627451
55.21459674835205,0.0,0.17677187242838285,0.03,1,1,1,0.0,0.3333333333333333,0.15,-1,-1,-1,1.0,1.0,-1.0,0.0,-0.3333333333333333,0.135,-1,-1,-1,0.356862745098039,0.694117647058824,0.803921568627451
55.249582052230835,0.0,0.17677187242838285,0.03,1,1,1,0.0,0.3333333333333333,0.15,-1,-1,-1,1.0,1.0,-1.0,0.0,-0.3333333333333333,0.135,-1,-1,-1,0.356862745098039,0.694117647058824,0.803921568627451
55.284345865249634,0.0,0.17677187242838285,0.03,1,1,1,0.0,0.3333333333333333,0.15,-1,-1,-1,1.0,1.0,-1.0,0.0,-0.3333333333333333,0.135,-1,-1,-1,0.356862745098039,0.694117647058824,0.803921568627451
55.31866264343262,0.0,0.17677187242838285,0.03,1,1,1,0.0,0.3333333333333333,0.15,-1,-1,-1,1.0,1.0,-1.0,0.0,-0.3333333333333333,0.135,-1,-1,-1,0.356862745098039,0.694117647058824,0.803921568627451
55.35355043411255,0.0,0.17677187242838285,0.03,1,1,1,0.0,0.3333333333333333,0.15,-1,-1,-1,1.0,1.0,-1.0,0.0,-0.3333333333333333,0.135,-1,-1,-1,0.356862745098039,0.694117647058824,0.803921568627451
55.38871693611145,0.0,0.17677187242838285,0.03,1,1,1,0.0,0.3333333333333333,0.15,-1,-1,-1,1.0,1.0,-1.0,0.0,-0.3333333333333333,0.135,-1,-1,-1,0.356862745098039,0.694117647058824,0.803921568627451
55.424131631851196,0.0,0.17677187242838285,0.03,1,1,1,0.0,0.3333333333333333,0.15,-1,-1,-1,1.0,1.0,-1.0,0.0,-0.3333333333333333,0.135,-1,-1,-1,0.356862745098039,0.694117647058824,0.803921568627451
55.45832657814026,0.0,0.17677187242838285,0.03,1,1,1,0.0,0.3333333333333333,0.15,-1,-1,-1,1.0,1.0,-1.0,0.0,-0.3333333333333333,0.135,-1,-1,-1,0.356862745098039,0.694117647058824,0.803921568627451
55.493175983428955,0.0,0.17677187242838285,0.03,1,1,1,0.0,0.3333333333333333,0.15,-1,-1,-1,1.0,1.0,-1.0,0.0,-0.3333333333333333,0.135,-1,-1,-1,0.356862745098039,0.694117647058824,0.803921568627451
55.527833700180054,0.0,0.17677187242838285,0.03,1,1,1,0.0,0.3333333333333333,0.15,-1,-1,-1,1.0,1.0,-1.0,0.0,-0.3333333333333333,0.135,-1,-1,-1,0.356862745098039,0.694117647058824,0.803921568627451
55.561893939971924,0.0,0.17677187242838285,0.03,1,1,1,0.0,0.3333333333333333,0.15,-1,-1,-1,1.0,1.0,-1.0,0.0,-0.3333333333333333,0.135,-1,-1,-1,0.356862745098039,0.694117647058824,0.803921568627451
55.59738254547119,0.0,0.17677187242838285,0.03,1,1,1,0.0,0.3333333333333333,0.15,-1,-1,-1,1.0,1.0,-1.0,0.0,-0.3333333333333333,0.135,-1,-1,-1,0.356862745098039,0.694117647058824,0.803921568627451
55.63194537162781,0.0,0.17677187242838285,0.03,1,1,1,0.0,0.3333333333333333,0.15,-1,-1,-1,1.0,1.0,-1.0,0.0,-0.3333333333333333,0.135,-1,-1,-1,0.356862745098039,0.694117647058824,0.803921568627451
55.66654992103577,0.0,0.17677187242838285,0.03,1,1,1,0.0,0.3333333333333333,0.15,-1,-1,-1,1.0,1.0,-1.0,0.0,-0.3333333333333333,0.135,-1,-1,-1,0.356862745098039,0.694117647058824,0.803921568627451
55.70087790489197,0.0,0.17677187242838285,0.03,1,1,1,0.0,0.3333333333333333,0.15,-1,-1,-1,1.0,1.0,-1.0,0.0,-0.3333333333333333,0.135,-1,-1,-1,0.356862745098039,0.694117647058824,0.803921568627451
55.73549509048462,0.0,0.17677187242838285,0.03,1,1,1,0.0,0.3333333333333333,0.15,-1,-1,-1,1.0,1.0,-1.0,0.0,-0.3333333333333333,0.135,-1,-1,-1,0.356862745098039,0.694117647058824,0.803921568627451
55.77026343345642,0.0,0.17677187242838285,0.03,1,1,1,0.0,0.3333333333333333,0.15,-1,-1,-1,1.0,1.0,-1.0,0.0,-0.3333333333333333,0.135,-1,-1,-1,0.356862745098039,0.694117647058824,0.803921568627451
55.805504322052,0.0,0.17677187242838285,0.03,1,1,1,0.0,0.3333333333333333,0.15,-1,-1,-1,1.0,1.0,-1.0,0.0,-0.3333333333333333,0.135,-1,-1,-1,0.356862745098039,0.694117647058824,0.803921568627451
55.83961534500122,0.0,0.17677187242838285,0.03,1,1,1,0.0,0.3333333333333333,0.15,-1,-1,-1,1.0,1.0,-1.0,0.0,-0.3333333333333333,0.135,-1,-1,-1,0.356862745098039,0.694117647058824,0.803921568627451
55.874924421310425,0.0,0.17677187242838285,0.03,1,1,1,0.0,0.3333333333333333,0.15,-1,-1,-1,1.0,1.0,-1.0,0.0,-0.3333333333333333,0.135,-1,-1,-1,0.356862745098039,0.694117647058824,0.803921568627451
55.90970015525818,0.0,0.17677187242838285,0.03,1,1,1,0.0,0.3333333333333333,0.15,-1,-1,-1,1.0,1.0,-1.0,0.0,-0.3333333333333333,0.135,-1,-1,-1,0.356862745098039,0.694117647058824,0.803921568627451
55.9438898563385,0.0,0.17677187242838285,0.03,1,1,1,0.0,0.3333333333333333,0.15,-1,-1,-1,1.0,1.0,-1.0,0.0,-0.3333333333333333,0.135,-1,-1,-1,0.356862745098039,0.694117647058824,0.803921568627451
55.979090452194214,0.0,0.17677187242838285,0.03,1,1,1,0.0,0.3333333333333333,0.15,-1,-1,-1,1.0,1.0,-1.0,0.0,-0.3333333333333333,0.135,-1,-1,-1,0.356862745098039,0.694117647058824,0.803921568627451
56.013415575027466,0.0,0.17677187242838285,0.03,1,1,1,0.0,0.3333333333333333,0.15,-1,-1,-1,1.0,1.0,-1.0,0.0,-0.3333333333333333,0.135,-1,-1,-1,0.356862745098039,0.694117647058824,0.803921568627451
56.04810452461243,0.0,0.17677187242838285,0.03,1,1,1,0.0,0.3333333333333333,0.15,-1,-1,-1,1.0,1.0,-1.0,0.0,-0.3333333333333333,0.135,-1,-1,-1,0.356862745098039,0.694117647058824,0.803921568627451
56.082998275756836,0.0,0.17677187242838285,0.03,1,1,1,0.0,0.3333333333333333,0.15,-1,-1,-1,1.0,1.0,-1.0,0.0,-0.3333333333333333,0.135,-1,-1,-1,0.356862745098039,0.694117647058824,0.803921568627451
56.11752414703369,0.0,0.17677187242838285,0.03,1,1,1,0.0,0.3333333333333333,0.15,-1,-1,-1,1.0,1.0,-1.0,0.0,-0.3333333333333333,0.135,-1,-1,-1,0.356862745098039,0.694117647058824,0.803921568627451
56.152477979660034,0.0,0.17677187242838285,0.03,1,1,1,0.0,0.3333333333333333,0.15,-1,-1,-1,1.0,1.0,-1.0,0.0,-0.3333333333333333,0.135,-1,-1,-1,0.356862745098039,0.694117647058824,0.803921568627451
56.18708682060242,0.0,0.17677187242838285,0.03,1,1,1,0.0,0.3333333333333333,0.15,-1,-1,-1,1.0,1.0,-1.0,0.0,-0.3333333333333333,0.135,-1,-1,-1,0.356862745098039,0.694117647058824,0.803921568627451
56.22163200378418,0.0,0.17677187242838285,0.03,1,1,1,0.0,0.3333333333333333,0.15,-1,-1,-1,1.0,1.0,-1.0,0.0,-0.3333333333333333,0.135,-1,-1,-1,0.356862745098039,0.694117647058824,0.803921568627451
56.256629943847656,0.0,0.17677187242838285,0.03,1,1,1,0.0,0.3333333333333333,0.15,-1,-1,-1,1.0,1.0,-1.0,0.0,-0.3333333333333333,0.135,-1,-1,-1,0.356862745098039,0.694117647058824,0.803921568627451
56.29147481918335,0.0,0.17677187242838285,0.03,1,1,1,0.0,0.3333333333333333,0.15,-1,-1,-1,1.0,1.0,-1.0,0.0,-0.3333333333333333,0.135,-1,-1,-1,0.356862745098039,0.694117647058824,0.803921568627451
56.32581615447998,0.0,0.17677187242838285,0.03,1,1,1,0.0,0.3333333333333333,0.15,-1,-1,-1,1.0,1.0,-1.0,0.0,-0.3333333333333333,0.135,-1,-1,-1,0.356862745098039,0.694117647058824,0.803921568627451
56.3604519367218,0.0,0.17677187242838285,0.03,1,1,1,0.0,0.3333333333333333,0.15,-1,-1,-1,1.0,1.0,-1.0,0.0,-0.3333333333333333,0.135,-1,-1,-1,0.356862745098039,0.694117647058824,0.803921568627451
56.395750284194946,0.0,0.17677187242838285,0.03,1,1,1,0.0,0.3333333333333333,0.15,-1,-1,-1,1.0,1.0,-1.0,0.0,-0.3333333333333333,0.135,-1,-1,-1,0.356862745098039,0.694117647058824,0.803921568627451
56.43033218383789,0.0,0.17333947040021638,0.03,1,1,1,0.0,0.3333333333333333,0.15,-1,-1,-1,1.0,1.0,-1.0,0.0,-0.3333333333333333,0.135,-1,-1,-1,0.356862745098039,0.694117647058824,0.803921568627451
56.46513652801514,0.0,0.1699070683720499,0.03,1,1,1,0.0,0.3333333333333333,0.15,-1,-1,-1,1.0,1.0,-1.0,0.0,-0.3333333333333333,0.135,-1,-1,-1,0.356862745098039,0.694117647058824,0.803921568627451
56.499452114105225,0.0,0.16647466634388344,0.03,1,1,1,0.0,0.3333333333333333,0.15,-1,-1,-1,1.0,1.0,-1.0,0.0,-0.3333333333333333,0.135,-1,-1,-1,0.356862745098039,0.694117647058824,0.803921568627451
56.53446388244629,0.0,0.16304226431571697,0.03,1,1,1,0.0,0.3333333333333333,0.15,-1,-1,-1,1.0,1.0,-1.0,0.0,-0.3333333333333333,0.135,-1,-1,-1,0.356862745098039,0.694117647058824,0.803921568627451
56.569295167922974,0.0,0.1596098622875505,0.03,1,1,1,0.0,0.3333333333333333,0.15,-1,-1,-1,1.0,1.0,-1.0,0.0,-0.3333333333333333,0.135,-1,-1,-1,0.356862745098039,0.694117647058824,0.803921568627451
56.604509592056274,0.0,0.15617746025938403,0.03,1,1,1,0.0,0.3333333333333333,0.15,-1,-1,-1,1.0,1.0,-1.0,0.0,-0.3333333333333333,0.135,-1,-1,-1,0.356862745098039,0.694117647058824,0.803921568627451
56.63861036300659,0.0,0.15274505823121756,0.03,1,1,1,0.0,0.3333333333333333,0.15,-1,-1,-1,1.0,1.0,-1.0,0.0,-0.3333333333333333,0.135,-1,-1,-1,0.356862745098039,0.694117647058824,0.803921568627451
56.67335343360901,0.0,0.1493126562030511,0.03,1,1,1,0.0,0.3333333333333333,0.15,-1,-1,-1,1.0,1.0,-1.0,0.0,-0.3333333333333333,0.135,-1,-1,-1,0.356862745098039,0.694117647058824,0.803921568627451
56.70771622657776,0.0,0.14588025417488462,0.03,1,1,1,0.0,0.3333333333333333,0.15,-1,-1,-1,1.0,1.0,-1.0,0.0,-0.3333333333333333,0.135,-1,-1,-1,0.356862745098039,0.694117647058824,0.803921568627451
56.7428138256073,0.0,0.14244785214671815,0.03,1,1,1,0.0,0.3333333333333333,0.15,-1,-1,-1,1.0,1.0,-1.0,0.0,-0.3333333333333333,0.135,-1,-1,-1,0.356862745098039,0.694117647058824,0.803921568627451
56.7774772644043,0.0,0.13901545011855168,0.03,1,1,1,0.0,0.3333333333333333,0.15,-1,-1,-1,1.0,1.0,-1.0,0.0,-0.3333333333333333,0.135,-1,-1,-1,0.356862745098039,0.694117647058824,0.803921568627451
56.81218862533569,0.0,0.1355830480903852,0.03,1,1,1,0.0,0.3333333333333333,0.15,-1,-1,-1,1.0,1.0,-1.0,0.0,-0.3333333333333333,0.135,-1,-1,-1,0.356862745098039,0.694117647058824,0.803921568627451
56.84693932533264,0.0,0.13215064606221874,0.03,1,1,1,0.0,0.3333333333333333,0.15,-1,-1,-1,1.0,1.0,-1.0,0.0,-0.3333333333333333,0.135,-1,-1,-1,0.356862745098039,0.694117647058824,0.803921568627451
56.88164305686951,0.0,0.12871824403405227,0.03,1,1,1,0.0,0.3333333333333333,0.15,-1,-1,-1,1.0,1.0,-1.0,0.0,-0.3333333333333333,0.135,-1,-1,-1,0.356862745098039,0.694117647058824,0.803921568627451
56.91638135910034,0.0,0.1252858420058858,0.03,1,1,1,0.0,0.3333333333333333,0.15,-1,-1,-1,1.0,1.0,-1.0,0.0,-0.3333333333333333,0.135,-1,-1,-1,0.356862745098039,0.694117647058824,0.803921568627451
56.951104402542114,0.0,0.12185343997771933,0.03,1,1,1,0.0,0.3333333333333333,0.15,-1,-1,-1,1.0,1.0,-1.0,0.0,-0.3333333333333333,0.135,-1,-1,-1,0.356862745098039,0.694117647058824,0.803921568627451
56.98552751541138,0.0,0.11842103794955285,0.03,1,1,1,0.0,0.3333333333333333,0.15,-1,-1,-1,1.0,1.0,-1.0,0.0,-0.3333333333333333,0.135,-1,-1,-1,0.356862745098039,0.694117647058824,0.803921568627451
57.02055740356445,0.0,0.11498863592138638,0.03,1,1,1,0.0,0.3333333333333333,0.15,-1,-1,-1,1.0,1.0,-1.0,0.0,-0.3333333333333333,0.135,-1,-1,-1,0.356862745098039,0.694117647058824,0.803921568627451
57.055569887161255,0.0,0.1115562338932199,0.03,1,1,1,0.0,0.3333333333333333,0.15,-1,-1,-1,1.0,1.0,-1.0,0.0,-0.3333333333333333,0.135,-1,-1,-1,0.356862745098039,0.694117647058824,0.803921568627451
57.08964419364929,0.0,0.10812383186505344,0.03,1,1,1,0.0,0.3333333333333333,0.15,-1,-1,-1,1.0,1.0,-1.0,0.0,-0.3333333333333333,0.135,-1,-1,-1,0.356862745098039,0.694117647058824,0.803921568627451
57.124775409698486,0.0,0.10469142983688697,0.03,1,1,1,0.0,0.3333333333333333,0.15,-1,-1,-1,1.0,1.0,-1.0,0.0,-0.3333333333333333,0.135,-1,-1,-1,0.356862745098039,0.694117647058824,0.803921568627451
57.159984827041626,0.0,0.1012590278087205,0.03,1,1,1,0.0,0.3333333333333333,0.15,-1,-1,-1,1.0,1.0,-1.0,0.0,-0.3333333333333333,0.135,-1,-1,-1,0.356862745098039,0.694117647058824,0.803921568627451
57.19454503059387,0.0,0.09782662578055402,0.03,1,1,1,0.0,0.3333333333333333,0.15,-1,-1,-1,1.0,1.0,-1.0,0.0,-0.3333333333333333,0.135,-1,-1,-1,0.356862745098039,0.694117647058824,0.803921568627451
57.22917294502258,0.0,0.09439422375238755,0.03,1,1,1,0.0,0.3333333333333333,0.15,-1,-1,-1,1.0,1.0,-1.0,0.0,-0.3333333333333333,0.135,-1,-1,-1,0.356862745098039,0.694117647058824,0.803921568627451
57.26370573043823,0.0,0.09096182172422108,0.03,1,1,1,0.0,0.3333333333333333,0.15,-1,-1,-1,1.0,1.0,-1.0,0.0,-0.3333333333333333,0.135,-1,-1,-1,0.356862745098039,0.694117647058824,0.803921568627451
57.297996044158936,0.0,0.08752941969605461,0.03,1,1,1,0.0,0.3333333333333333,0.15,-1,-1,-1,1.0,1.0,-1.0,0.0,-0.3333333333333333,0.135,-1,-1,-1,0.356862745098039,0.694117647058824,0.803921568627451
57.333178997039795,0.0,0.08409701766788814,0.03,1,1,1,0.0,0.3333333333333333,0.15,-1,-1,-1,1.0,1.0,-1.0,0.0,-0.3333333333333333,0.135,-1,-1,-1,0.356862745098039,0.694117647058824,0.803921568627451
57.36753559112549,0.0,0.08066461563972167,0.03,1,1,1,0.0,0.3333333333333333,0.15,-1,-1,-1,1.0,1.0,-1.0,0.0,-0.3333333333333333,0.135,-1,-1,-1,0.356862745098039,0.694117647058824,0.803921568627451
57.40215492248535,0.0,0.0772322136115552,0.03,1,1,1,0.0,0.3333333333333333,0.15,-1,-1,-1,1.0,1.0,-1.0,0.0,-0.3333333333333333,0.135,-1,-1,-1,0.356862745098039,0.694117647058824,0.803921568627451
57.437495946884155,0.0,0.07379981158338873,0.03,1,1,1,0.0,0.3333333333333333,0.15,-1,-1,-1,1.0,1.0,-1.0,0.0,-0.3333333333333333,0.135,-1,-1,-1,0.356862745098039,0.694117647058824,0.803921568627451
57.4721884727478,0.0,0.07036740955522226,0.03,1,1,1,0.0,0.3333333333333333,0.15,-1,-1,-1,1.0,1.0,-1.0,0.0,-0.3333333333333333,0.135,-1,-1,-1,0.356862745098039,0.694117647058824,0.803921568627451
57.50680732727051,0.0,0.06693500752705579,0.03,1,1,1,0.0,0.3333333333333333,0.15,-1,-1,-1,1.0,1.0,-1.0,0.0,-0.3333333333333333,0.135,-1,-1,-1,0.356862745098039,0.694117647058824,0.803921568627451
57.541473627090454,0.0,0.06350260549888932,0.03,1,1,1,0.0,0.3333333333333333,0.15,-1,-1,-1,1.0,1.0,-1.0,0.0,-0.3333333333333333,0.135,-1,-1,-1,0.356862745098039,0.694117647058824,0.803921568627451
57.57639765739441,0.0,0.06007020347072285,0.03,1,1,1,0.0,0.3333333333333333,0.15,-1,-1,-1,1.0,1.0,-1.0,0.0,-0.3333333333333333,0.135,-1,-1,-1,0.356862745098039,0.694117647058824,0.803921568627451
57.610512018203735,0.0,0.060994776564335815,0.03,1,1,1,0.0,0.3333333333333333,0.15,-1,-1,-1,1.0,1.0,-1.0,0.0,-0.3333333333333333,0.135,-1,-1,-1,0.356862745098039,0.694117647058824,0.803921568627451
57.64556121826172,0.0,0.06845481234061793,0.03,1,1,1,0.0,0.3333333333333333,0.15,-1,-1,-1,1.0,1.0,-1.0,0.0,-0.3333333333333333,0.135,-1,-1,-1,0.356862745098039,0.694117647058824,0.803921568627451
57.68076300621033,0.0,0.07591484811690004,0.03,1,1,1,0.0,0.3333333333333333,0.15,-1,-1,-1,1.0,1.0,-1.0,0.0,-0.3333333333333333,0.135,-1,-1,-1,0.356862745098039,0.694117647058824,0.803921568627451
57.71541404724121,0.0,0.08337488389318215,0.03,1,1,1,0.0,0.3333333333333333,0.15,-1,-1,-1,1.0,1.0,-1.0,0.0,-0.3333333333333333,0.135,-1,-1,-1,0.356862745098039,0.694117647058824,0.803921568627451
57.749706983566284,0.0,0.09083491966946426,0.03,1,1,1,0.0,0.3333333333333333,0.15,-1,-1,-1,1.0,1.0,-1.0,0.0,-0.3333333333333333,0.135,-1,-1,-1,0.356862745098039,0.694117647058824,0.803921568627451
57.78462028503418,0.0,0.09829495544574637,0.03,1,1,1,0.0,0.3333333333333333,0.15,-1,-1,-1,1.0,1.0,-1.0,0.0,-0.3333333333333333,0.135,-1,-1,-1,0.356862745098039,0.694117647058824,0.803921568627451
57.81943464279175,0.0,0.10575499122202849,0.03,1,1,1,0.0,0.3333333333333333,0.15,-1,-1,-1,1.0,1.0,-1.0,0.0,-0.3333333333333333,0.135,-1,-1,-1,0.356862745098039,0.694117647058824,0.803921568627451
57.85348582267761,0.0,0.1132150269983106,0.03,1,1,1,0.0,0.3333333333333333,0.15,-1,-1,-1,1.0,1.0,-1.0,0.0,-0.3333333333333333,0.135,-1,-1,-1,0.356862745098039,0.694117647058824,0.803921568627451
57.88849925994873,0.0,0.1206750627745927,0.03,1,1,1,0.0,0.3333333333333333,0.15,-1,-1,-1,1.0,1.0,-1.0,0.0,-0.3333333333333333,0.135,-1,-1,-1,0.356862745098039,0.694117647058824,0.803921568627451
57.92338037490845,0.0,0.12813509855087485,0.03,1,1,1,0.0,0.3333333333333333,0.15,-1,-1,-1,1.0,1.0,-1.0,0.0,-0.3333333333333333,0.135,-1,-1,-1,0.356862745098039,0.694117647058824,0.803921568627451
57.957674503326416,0.0,0.13559513432715703,0.03,1,1,1,0.0,0.3333333333333333,0.15,-1,-1,-1,1.0,1.0,-1.0,0.0,-0.3333333333333333,0.135,-1,-1,-1,0.356862745098039,0.694117647058824,0.803921568627451
57.99299693107605,0.0,0.1430551701034392,0.03,1,1,1,0.0,0.3333333333333333,0.15,-1,-1,-1,1.0,1.0,-1.0,0.0,-0.3333333333333333,0.135,-1,-1,-1,0.356862745098039,0.694117647058824,0.803921568627451
58.02748656272888,0.0,0.1505152058797214,0.03,1,1,1,0.0,0.3333333333333333,0.15,-1,-1,-1,1.0,1.0,-1.0,0.0,-0.3333333333333333,0.135,-1,-1,-1,0.356862745098039,0.694117647058824,0.803921568627451
58.06216263771057,0.0,0.15797524165600357,0.03,1,1,1,0.0,0.3333333333333333,0.15,-1,-1,-1,1.0,1.0,-1.0,0.0,-0.3333333333333333,0.135,-1,-1,-1,0.356862745098039,0.694117647058824,0.803921568627451
58.09665822982788,0.0,0.16543527743228575,0.03,1,1,1,0.0,0.3333333333333333,0.15,-1,-1,-1,1.0,1.0,-1.0,0.0,-0.3333333333333333,0.135,-1,-1,-1,0.356862745098039,0.694117647058824,0.803921568627451
58.1316077709198,0.0,0.17289531320856794,0.03,1,1,1,0.0,0.3333333333333333,0.15,-1,-1,-1,1.0,1.0,-1.0,0.0,-0.3333333333333333,0.135,-1,-1,-1,0.356862745098039,0.694117647058824,0.803921568627451
58.166322231292725,0.0,0.18035534898485012,0.03,1,1,1,0.0,0.3333333333333333,0.15,-1,-1,-1,1.0,1.0,-1.0,0.0,-0.3333333333333333,0.135,-1,-1,-1,0.356862745098039,0.694117647058824,0.803921568627451
58.20111894607544,0.0,0.1878153847611323,0.03,1,1,1,0.0,0.3333333333333333,0.15,-1,-1,-1,1.0,1.0,-1.0,0.0,-0.3333333333333333,0.135,-1,-1,-1,0.356862745098039,0.694117647058824,0.803921568627451
58.23576092720032,0.0,0.19527542053741448,0.03,1,1,1,0.0,0.3333333333333333,0.15,-1,-1,-1,1.0,1.0,-1.0,0.0,-0.3333333333333333,0.135,-1,-1,-1,0.356862745098039,0.694117647058824,0.803921568627451
58.27120351791382,0.0,0.20273545631369666,0.03,1,1,1,0.0,0.3333333333333333,0.15,-1,-1,-1,1.0,1.0,-1.0,0.0,-0.3333333333333333,0.135,-1,-1,-1,0.356862745098039,0.694117647058824,0.803921568627451
58.305001974105835,0.0,0.21019549208997884,0.03,1,1,1,0.0,0.3333333333333333,0.15,-1,-1,-1,1.0,1.0,-1.0,0.0,-0.3333333333333333,0.135,-1,-1,-1,0.356862745098039,0.694117647058824,0.803921568627451
58.339975118637085,0.0,0.21765552786626102,0.03,1,1,1,0.0,0.3333333333333333,0.15,-1,-1,-1,1.0,1.0,-1.0,0.0,-0.3333333333333333,0.135,-1,-1,-1,0.356862745098039,0.694117647058824,0.803921568627451
58.374653577804565,0.0,0.2251155636425432,0.03,1,1,1,0.0,0.3333333333333333,0.15,-1,-1,-1,1.0,1.0,-1.0,0.0,-0.3333333333333333,0.135,-1,-1,-1,0.356862745098039,0.694117647058824,0.803921568627451
58.409252405166626,0.0,0.23257559941882539,0.03,1,1,1,0.0,0.3333333333333333,0.15,-1,-1,-1,1.0,1.0,-1.0,0.0,-0.3333333333333333,0.135,-1,-1,-1,0.356862745098039,0.694117647058824,0.803921568627451
58.443856954574585,0.0,0.2400356351951076,0.03,1,1,1,0.0,0.3333333333333333,0.15,-1,-1,-1,1.0,1.0,-1.0,0.0,-0.3333333333333333,0.135,-1,-1,-1,0.356862745098039,0.694117647058824,0.803921568627451
58.47888970375061,0.0,0.24749567097138983,0.03,1,1,1,0.0,0.3333333333333333,0.15,-1,-1,-1,1.0,1.0,-1.0,0.0,-0.3333333333333333,0.135,-1,-1,-1,0.356862745098039,0.694117647058824,0.803921568627451
58.51370644569397,0.0,0.254955706747672,0.03,1,1,1,0.0,0.3333333333333333,0.15,-1,-1,-1,1.0,1.0,-1.0,0.0,-0.3333333333333333,0.135,-1,-1,-1,0.356862745098039,0.694117647058824,0.803921568627451
58.5482280254364,0.0,0.26241574252395417,0.03,1,1,1,0.0,0.3333333333333333,0.15,-1,-1,-1,1.0,1.0,-1.0,0.0,-0.3333333333333333,0.135,-1,-1,-1,0.356862745098039,0.694117647058824,0.803921568627451
58.58267951011658,0.0,0.26987577830023635,0.03,1,1,1,0.0,0.3333333333333333,0.15,-1,-1,-1,1.0,1.0,-1.0,0.0,-0.3333333333333333,0.135,-1,-1,-1,0.356862745098039,0.694117647058824,0.803921568627451
58.61768293380737,0.0,0.2773358140765185,0.03,1,1,1,0.0,0.3333333333333333,0.15,-1,-1,-1,1.0,1.0,-1.0,0.0,-0.3333333333333333,0.135,-1,-1,-1,0.356862745098039,0.694117647058824,0.803921568627451
58.65244150161743,0.0,0.2847958498528007,0.03,1,1,1,0.0,0.3333333333333333,0.15,-1,-1,-1,1.0,1.0,-1.0,0.0,-0.3333333333333333,0.135,-1,-1,-1,0.356862745098039,0.694117647058824,0.803921568627451
58.68712592124939,0.0,0.2922558856290829,0.03,1,1,1,0.0,0.3333333333333333,0.15,-1,-1,-1,1.0,1.0,-1.0,0.0,-0.3333333333333333,0.135,-1,-1,-1,0.356862745098039,0.694117647058824,0.803921568627451
58.72165489196777,0.0,0.29971592140536507,0.03,1,1,1,0.0,0.3333333333333333,0.15,-1,-1,-1,1.0,1.0,-1.0,0.0,-0.3333333333333333,0.135,-1,-1,-1,0.356862745098039,0.694117647058824,0.803921568627451
58.756587982177734,0.0,0.30717595718164725,0.03,1,1,1,0.0,0.3333333333333333,0.15,-1,-1,-1,1.0,1.0,-1.0,0.0,-0.3333333333333333,0.135,-1,-1,-1,0.356862745098039,0.694117647058824,0.803921568627451
58.791544675827026,0.0,0.31463599295792943,0.03,1,1,1,0.0,0.3333333333333333,0.15,-1,-1,-1,1.0,1.0,-1.0,0.0,-0.3333333333333333,0.135,-1,-1,-1,0.356862745098039,0.694117647058824,0.803921568627451
58.826728105545044,0.0,0.3157728678403444,0.03,1,1,1,0.0,0.3333333333333333,0.15,-1,-1,-1,1.0,1.0,-1.0,0.0,-0.3333333333333333,0.135,-1,-1,-1,0.356862745098039,0.694117647058824,0.803921568627451
58.86072897911072,0.0,0.3153289524992926,0.03,1,1,1,0.0,0.3333333333333333,0.15,-1,-1,-1,1.0,1.0,-1.0,0.0,-0.3333333333333333,0.135,-1,-1,-1,0.356862745098039,0.694117647058824,0.803921568627451
58.89571714401245,0.0,0.3148850371582408,0.03,1,1,1,0.0,0.3333333333333333,0.15,-1,-1,-1,1.0,1.0,-1.0,0.0,-0.3333333333333333,0.135,-1,-1,-1,0.356862745098039,0.694117647058824,0.803921568627451
58.93019700050354,0.0,0.314441121817189,0.03,1,1,1,0.0,0.3333333333333333,0.15,-1,-1,-1,1.0,1.0,-1.0,0.0,-0.3333333333333333,0.135,-1,-1,-1,0.356862745098039,0.694117647058824,0.803921568627451
58.96501183509827,0.0,0.31399720647613716,0.03,1,1,1,0.0,0.3333333333333333,0.15,-1,-1,-1,1.0,1.0,-1.0,0.0,-0.3333333333333333,0.135,-1,-1,-1,0.356862745098039,0.694117647058824,0.803921568627451
58.99992632865906,0.0,0.31355329113508534,0.03,1,1,1,0.0,0.3333333333333333,0.15,-1,-1,-1,1.0,1.0,-1.0,0.0,-0.3333333333333333,0.135,-1,-1,-1,0.356862745098039,0.694117647058824,0.803921568627451
59.03431153297424,0.0,0.31310937579403353,0.03,1,1,1,0.0,0.3333333333333333,0.15,-1,-1,-1,1.0,1.0,-1.0,0.0,-0.3333333333333333,0.135,-1,-1,-1,0.356862745098039,0.694117647058824,0.803921568627451
59.06869196891785,0.0,0.3126654604529817,0.03,1,1,1,0.0,0.3333333333333333,0.15,-1,-1,-1,1.0,1.0,-1.0,0.0,-0.3333333333333333,0.135,-1,-1,-1,0.356862745098039,0.694117647058824,0.803921568627451
59.103957176208496,0.0,0.3122215451119299,0.03,1,1,1,0.0,0.3333333333333333,0.15,-1,-1,-1,1.0,1.0,-1.0,0.0,-0.3333333333333333,0.135,-1,-1,-1,0.356862745098039,0.694117647058824,0.803921568627451
59.138587474823,0.0,0.3117776297708781,0.03,1,1,1,0.0,0.3333333333333333,0.15,-1,-1,-1,1.0,1.0,-1.0,0.0,-0.3333333333333333,0.135,-1,-1,-1,0.356862745098039,0.694117647058824,0.803921568627451
59.173402309417725,0.0,0.31133371442982627,0.03,1,1,1,0.0,0.3333333333333333,0.15,-1,-1,-1,1.0,1.0,-1.0,0.0,-0.3333333333333333,0.135,-1,-1,-1,0.356862745098039,0.694117647058824,0.803921568627451
59.2082040309906,0.0,0.31088979908877445,0.03,1,1,1,0.0,0.3333333333333333,0.15,-1,-1,-1,1.0,1.0,-1.0,0.0,-0.3333333333333333,0.135,-1,-1,-1,0.356862745098039,0.694117647058824,0.803921568627451
59.24240565299988,0.0,0.31044588374772264,0.03,1,1,1,0.0,0.3333333333333333,0.15,-1,-1,-1,1.0,1.0,-1.0,0.0,-0.3333333333333333,0.135,-1,-1,-1,0.356862745098039,0.694117647058824,0.803921568627451
59.277549743652344,0.0,0.3100019684066708,0.03,1,1,1,0.0,0.3333333333333333,0.15,-1,-1,-1,1.0,1.0,-1.0,0.0,-0.3333333333333333,0.135,-1,-1,-1,0.356862745098039,0.694117647058824,0.803921568627451
59.31185531616211,0.0,0.309558053065619,0.03,1,1,1,0.0,0.3333333333333333,0.15,-1,-1,-1,1.0,1.0,-1.0,0.0,-0.3333333333333333,0.135,-1,-1,-1,0.356862745098039,0.694117647058824,0.803921568627451
59.34684181213379,0.0,0.3091141377245672,0.03,1,1,1,0.0,0.3333333333333333,0.15,-1,-1,-1,1.0,1.0,-1.0,0.0,-0.3333333333333333,0.135,-1,-1,-1,0.356862745098039,0.694117647058824,0.803921568627451
59.382856607437134,0.0,0.3086702223835154,0.03,1,1,1,0.0,0.3333333333333333,0.15,-1,-1,-1,1.0,1.0,-1.0,0.0,-0.3333333333333333,0.135,-1,-1,-1,0.356862745098039,0.694117647058824,0.803921568627451
59.41607427597046,0.0,0.30822630704246357,0.03,1,1,1,0.0,0.3333333333333333,0.15,-1,-1,-1,1.0,1.0,-1.0,0.0,-0.3333333333333333,0.135,-1,-1,-1,0.356862745098039,0.694117647058824,0.803921568627451
59.451231479644775,0.0,0.30778239170141175,0.03,1,1,1,0.0,0.3333333333333333,0.15,-1,-1,-1,1.0,1.0,-1.0,0.0,-0.3333333333333333,0.135,-1,-1,-1,0.356862745098039,0.694117647058824,0.803921568627451
59.48605799674988,0.0,0.30733847636035994,0.03,1,1,1,0.0,0.3333333333333333,0.15,-1,-1,-1,1.0,1.0,-1.0,0.0,-0.3333333333333333,0.135,-1,-1,-1,0.356862745098039,0.694117647058824,0.803921568627451
59.52065372467041,0.0,0.3068945610193081,0.03,1,1,1,0.0,0.3333333333333333,0.15,-1,-1,-1,1.0,1.0,-1.0,0.0,-0.3333333333333333,0.135,-1,-1,-1,0.356862745098039,0.694117647058824,0.803921568627451
59.555654525756836,0.0,0.3064506456782563,0.03,1,1,1,0.0,0.3333333333333333,0.15,-1,-1,-1,1.0,1.0,-1.0,0.0,-0.3333333333333333,0.135,-1,-1,-1,0.356862745098039,0.694117647058824,0.803921568627451
59.58972954750061,0.0,0.3060067303372045,0.03,1,1,1,0.0,0.3333333333333333,0.15,-1,-1,-1,1.0,1.0,-1.0,0.0,-0.3333333333333333,0.135,-1,-1,-1,0.356862745098039,0.694117647058824,0.803921568627451
59.62489628791809,0.0,0.3055628149961527,0.03,1,1,1,0.0,0.3333333333333333,0.15,-1,-1,-1,1.0,1.0,-1.0,0.0,-0.3333333333333333,0.135,-1,-1,-1,0.356862745098039,0.694117647058824,0.803921568627451
59.65951061248779,0.0,0.30511889965510086,0.03,1,1,1,0.0,0.3333333333333333,0.15,-1,-1,-1,1.0,1.0,-1.0,0.0,-0.3333333333333333,0.135,-1,-1,-1,0.356862745098039,0.694117647058824,0.803921568627451
59.6939799785614,0.0,0.30467498431404905,0.03,1,1,1,0.0,0.3333333333333333,0.15,-1,-1,-1,1.0,1.0,-1.0,0.0,-0.3333333333333333,0.135,-1,-1,-1,0.356862745098039,0.694117647058824,0.803921568627451
59.72884702682495,0.0,0.30423106897299723,0.03,1,1,1,0.0,0.3333333333333333,0.15,-1,-1,-1,1.0,1.0,-1.0,0.0,-0.3333333333333333,0.135,-1,-1,-1,0.356862745098039,0.694117647058824,0.803921568627451
59.76367926597595,0.0,0.3037871536319454,0.03,1,1,1,0.0,0.3333333333333333,0.15,-1,-1,-1,1.0,1.0,-1.0,0.0,-0.3333333333333333,0.135,-1,-1,-1,0.356862745098039,0.694117647058824,0.803921568627451
59.7983558177948,0.0,0.3033432382908936,0.03,1,1,1,0.0,0.3333333333333333,0.15,-1,-1,-1,1.0,1.0,-1.0,0.0,-0.3333333333333333,0.135,-1,-1,-1,0.356862745098039,0.694117647058824,0.803921568627451
59.83306002616882,0.0,0.3028993229498418,0.03,1,1,1,0.0,0.3333333333333333,0.15,-1,-1,-1,1.0,1.0,-1.0,0.0,-0.3333333333333333,0.135,-1,-1,-1,0.356862745098039,0.694117647058824,0.803921568627451
59.86788868904114,0.0,0.30245540760879,0.03,1,1,1,0.0,0.3333333333333333,0.15,-1,-1,-1,1.0,1.0,-1.0,0.0,-0.3333333333333333,0.135,-1,-1,-1,0.356862745098039,0.694117647058824,0.803921568627451
59.902806758880615,0.0,0.30201149226773816,0.03,1,1,1,0.0,0.3333333333333333,0.15,-1,-1,-1,1.0,1.0,-1.0,0.0,-0.3333333333333333,0.135,-1,-1,-1,0.356862745098039,0.694117647058824,0.803921568627451
59.93780016899109,0.0,0.30156757692668634,0.03,1,1,1,0.0,0.3333333333333333,0.15,-1,-1,-1,1.0,1.0,-1.0,0.0,-0.3333333333333333,0.135,-1,-1,-1,0.356862745098039,0.694117647058824,0.803921568627451
59.971614360809326,0.0,0.30112366158563453,0.03,1,1,1,0.0,0.3333333333333333,0.15,-1,-1,-1,1.0,1.0,-1.0,0.0,-0.3333333333333333,0.135,-1,-1,-1,0.356862745098039,0.694117647058824,0.803921568627451
60.006510972976685,0.0,0.3009897370275648,0.03,1,1,1,0.0,0.3333333333333333,0.15,-1,-1,-1,1.0,1.0,-1.0,0.0,-0.3333333333333333,0.135,-1,-1,-1,0.356862745098039,0.694117647058824,0.803921568627451
60.0413863658905,0.0,0.30209577560142353,0.03,1,1,1,0.0,0.3333333333333333,0.15,-1,-1,-1,1.0,1.0,-1.0,0.0,-0.3333333333333333,0.135,-1,-1,-1,0.356862745098039,0.694117647058824,0.803921568627451
60.076054096221924,0.0,0.30320181417528225,0.03,1,1,1,0.0,0.3333333333333333,0.15,-1,-1,-1,1.0,1.0,-1.0,0.0,-0.3333333333333333,0.135,-1,-1,-1,0.356862745098039,0.694117647058824,0.803921568627451
60.11090302467346,0.0,0.30430785274914096,0.03,1,1,1,0.0,0.3333333333333333,0.15,-1,-1,-1,1.0,1.0,-1.0,0.0,-0.3333333333333333,0.135,-1,-1,-1,0.356862745098039,0.694117647058824,0.803921568627451
60.14521265029907,0.0,0.3054138913229997,0.03,1,1,1,0.0,0.3333333333333333,0.15,-1,-1,-1,1.0,1.0,-1.0,0.0,-0.3333333333333333,0.135,-1,-1,-1,0.356862745098039,0.694117647058824,0.803921568627451
60.180471897125244,0.0,0.3065199298968584,0.03,1,1,1,0.0,0.3333333333333333,0.15,-1,-1,-1,1.0,1.0,-1.0,0.0,-0.3333333333333333,0.135,-1,-1,-1,0.356862745098039,0.694117647058824,0.803921568627451
60.21463441848755,0.0,0.3076259684707171,0.03,1,1,1,0.0,0.3333333333333333,0.15,-1,-1,-1,1.0,1.0,-1.0,0.0,-0.3333333333333333,0.135,-1,-1,-1,0.356862745098039,0.694117647058824,0.803921568627451
60.24968409538269,0.0,0.3087320070445758,0.03,1,1,1,0.0,0.3333333333333333,0.15,-1,-1,-1,1.0,1.0,-1.0,0.0,-0.3333333333333333,0.135,-1,-1,-1,0.356862745098039,0.694117647058824,0.803921568627451
60.28470730781555,0.0,0.30983804561843453,0.03,1,1,1,0.0,0.3333333333333333,0.15,-1,-1,-1,1.0,1.0,-1.0,0.0,-0.3333333333333333,0.135,-1,-1,-1,0.356862745098039,0.694117647058824,0.803921568627451
60.318764448165894,0.0,0.31094408419229325,0.03,1,1,1,0.0,0.3333333333333333,0.15,-1,-1,-1,1.0,1.0,-1.0,0.0,-0.3333333333333333,0.135,-1,-1,-1,0.356862745098039,0.694117647058824,0.803921568627451
60.3535532951355,0.0,0.31205012276615196,0.03,1,1,1,0.0,0.3333333333333333,0.15,-1,-1,-1,1.0,1.0,-1.0,0.0,-0.3333333333333333,0.135,-1,-1,-1,0.356862745098039,0.694117647058824,0.803921568627451
60.38823962211609,0.0,0.3131561613400107,0.03,1,1,1,0.0,0.3333333333333333,0.15,-1,-1,-1,1.0,1.0,-1.0,0.0,-0.3333333333333333,0.135,-1,-1,-1,0.356862745098039,0.694117647058824,0.803921568627451
60.42355751991272,0.0,0.3142621999138694,0.03,1,1,1,0.0,0.3333333333333333,0.15,-1,-1,-1,1.0,1.0,-1.0,0.0,-0.3333333333333333,0.135,-1,-1,-1,0.356862745098039,0.694117647058824,0.803921568627451
60.45844554901123,0.0,0.3153682384877281,0.03,1,1,1,0.0,0.3333333333333333,0.15,-1,-1,-1,1.0,1.0,-1.0,0.0,-0.3333333333333333,0.135,-1,-1,-1,0.356862745098039,0.694117647058824,0.803921568627451
60.492892026901245,0.0,0.3164742770615868,0.03,1,1,1,0.0,0.3333333333333333,0.15,-1,-1,-1,1.0,1.0,-1.0,0.0,-0.3333333333333333,0.135,-1,-1,-1,0.356862745098039,0.694117647058824,0.803921568627451
60.527342796325684,0.0,0.31758031563544553,0.03,1,1,1,0.0,0.3333333333333333,0.15,-1,-1,-1,1.0,1.0,-1.0,0.0,-0.3333333333333333,0.135,-1,-1,-1,0.356862745098039,0.694117647058824,0.803921568627451
60.562148571014404,0.0,0.31868635420930425,0.03,1,1,1,0.0,0.3333333333333333,0.15,-1,-1,-1,1.0,1.0,-1.0,0.0,-0.3333333333333333,0.135,-1,-1,-1,0.356862745098039,0.694117647058824,0.803921568627451
60.59657883644104,0.0,0.31979239278316296,0.03,1,1,1,0.0,0.3333333333333333,0.15,-1,-1,-1,1.0,1.0,-1.0,0.0,-0.3333333333333333,0.135,-1,-1,-1,0.356862745098039,0.694117647058824,0.803921568627451
60.63163089752197,0.0,0.3208984313570217,0.03,1,1,1,0.0,0.3333333333333333,0.15,-1,-1,-1,1.0,1.0,-1.0,0.0,-0.3333333333333333,0.135,-1,-1,-1,0.356862745098039,0.694117647058824,0.803921568627451
60.666424036026,0.0,0.3220044699308804,0.03,1,1,1,0.0,0.3333333333333333,0.15,-1,-1,-1,1.0,1.0,-1.0,0.0,-0.3333333333333333,0.135,-1,-1,-1,0.356862745098039,0.694117647058824,0.803921568627451
60.70085668563843,0.0,0.3231105085047391,0.03,1,1,1,0.0,0.3333333333333333,0.15,-1,-1,-1,1.0,1.0,-1.0,0.0,-0.3333333333333333,0.135,-1,-1,-1,0.356862745098039,0.694117647058824,0.803921568627451
60.7358021736145,0.0,0.3242165470785978,0.03,1,1,1,0.0,0.3333333333333333,0.15,-1,-1,-1,1.0,1.0,-1.0,0.0,-0.3333333333333333,0.135,-1,-1,-1,0.356862745098039,0.694117647058824,0.803921568627451
60.77051520347595,0.0,0.32532258565245653,0.03,1,1,1,0.0,0.3333333333333333,0.15,-1,-1,-1,1.0,1.0,-1.0,0.0,-0.3333333333333333,0.135,-1,-1,-1,0.356862745098039,0.694117647058824,0.803921568627451
60.80492925643921,0.0,0.32642862422631524,0.03,1,1,1,0.0,0.3333333333333333,0.15,-1,-1,-1,1.0,1.0,-1.0,0.0,-0.3333333333333333,0.135,-1,-1,-1,0.356862745098039,0.694117647058824,0.803921568627451
60.84000325202942,0.0,0.32753466280017396,0.03,1,1,1,0.0,0.3333333333333333,0.15,-1,-1,-1,1.0,1.0,-1.0,0.0,-0.3333333333333333,0.135,-1,-1,-1,0.356862745098039,0.694117647058824,0.803921568627451
60.87468242645264,0.0,0.3286407013740327,0.03,1,1,1,0.0,0.3333333333333333,0.15,-1,-1,-1,1.0,1.0,-1.0,0.0,-0.3333333333333333,0.135,-1,-1,-1,0.356862745098039,0.694117647058824,0.803921568627451
60.90945243835449,0.0,0.3297467399478914,0.03,1,1,1,0.0,0.3333333333333333,0.15,-1,-1,-1,1.0,1.0,-1.0,0.0,-0.3333333333333333,0.135,-1,-1,-1,0.356862745098039,0.694117647058824,0.803921568627451
60.944302558898926,0.0,0.3308527785217501,0.03,1,1,1,0.0,0.3333333333333333,0.15,-1,-1,-1,1.0,1.0,-1.0,0.0,-0.3333333333333333,0.135,-1,-1,-1,0.356862745098039,0.694117647058824,0.803921568627451
60.97898769378662,0.0,0.3319588170956088,0.03,1,1,1,0.0,0.3333333333333333,0.15,-1,-1,-1,1.0,1.0,-1.0,0.0,-0.3333333333333333,0.135,-1,-1,-1,0.356862745098039,0.694117647058824,0.803921568627451
61.01346039772034,0.0,0.33306485566946753,0.03,1,1,1,0.0,0.3333333333333333,0.15,-1,-1,-1,1.0,1.0,-1.0,0.0,-0.3333333333333333,0.135,-1,-1,-1,0.356862745098039,0.694117647058824,0.803921568627451
61.04885721206665,0.0,0.333507271099011,0.03,1,1,1,0.0,0.3333333333333333,0.15,-1,-1,-1,1.0,1.0,-1.0,0.0,-0.3333333333333333,0.135,-1,-1,-1,0.356862745098039,0.694117647058824,0.803921568627451
61.08340835571289,0.0,0.333507271099011,0.03,1,1,1,0.0,0.3333333333333333,0.15,-1,-1,-1,1.0,1.0,-1.0,0.0,-0.3333333333333333,0.135,-1,-1,-1,0.356862745098039,0.694117647058824,0.803921568627451
61.11752247810364,0.0,0.333507271099011,0.03,1,1,1,0.0,0.3333333333333333,0.15,-1,-1,-1,1.0,1.0,-1.0,0.0,-0.3333333333333333,0.135,-1,-1,-1,0.356862745098039,0.694117647058824,0.803921568627451
61.152719259262085,0.0,0.333507271099011,0.03,1,1,1,0.0,0.3333333333333333,0.15,-1,-1,-1,1.0,1.0,-1.0,0.0,-0.3333333333333333,0.135,-1,-1,-1,0.356862745098039,0.694117647058824,0.803921568627451
61.187018632888794,0.0,0.333507271099011,0.03,1,1,1,0.0,0.3333333333333333,0.15,-1,-1,-1,1.0,1.0,-1.0,0.0,-0.3333333333333333,0.135,-1,-1,-1,0.356862745098039,0.694117647058824,0.803921568627451
61.221540451049805,0.0,0.0011413766141736051,0.03,1,1,1,0.0,0.3333333333333333,0.135,1,1,1,1.0,1.0,-1.0,0.0,-0.3333333333333333,0.135,-1,-1,-1,0.356862745098039,0.694117647058824,0.803921568627451
61.256919622421265,0.0,0.003043670971129613,0.03,1,1,1,0.0,0.3333333333333333,0.135,1,1,1,1.0,1.0,-1.0,0.0,-0.3333333333333333,0.135,-1,-1,-1,0.356862745098039,0.694117647058824,0.803921568627451
61.29180359840393,0.0,0.004945965328085621,0.03,1,1,1,0.0,0.3333333333333333,0.135,1,1,1,1.0,1.0,-1.0,0.0,-0.3333333333333333,0.135,-1,-1,-1,0.356862745098039,0.694117647058824,0.803921568627451
61.326313972473145,0.0,0.006848259685041629,0.03,1,1,1,0.0,0.3333333333333333,0.135,1,1,1,1.0,1.0,-1.0,0.0,-0.3333333333333333,0.135,-1,-1,-1,0.356862745098039,0.694117647058824,0.803921568627451
61.36051416397095,0.0,0.00875055404199764,0.03,1,1,1,0.0,0.3333333333333333,0.135,1,1,1,1.0,1.0,-1.0,0.0,-0.3333333333333333,0.135,-1,-1,-1,0.356862745098039,0.694117647058824,0.803921568627451
61.39591383934021,0.0,0.010652848398953653,0.03,1,1,1,0.0,0.3333333333333333,0.135,1,1,1,1.0,1.0,-1.0,0.0,-0.3333333333333333,0.135,-1,-1,-1,0.356862745098039,0.694117647058824,0.803921568627451
61.42995572090149,0.0,0.012555142755909665,0.03,1,1,1,0.0,0.3333333333333333,0.135,1,1,1,1.0,1.0,-1.0,0.0,-0.3333333333333333,0.135,-1,-1,-1,0.356862745098039,0.694117647058824,0.803921568627451
61.464717626571655,0.0,0.014457437112865677,0.03,1,1,1,0.0,0.3333333333333333,0.135,1,1,1,1.0,1.0,-1.0,0.0,-0.3333333333333333,0.135,-1,-1,-1,0.356862745098039,0.694117647058824,0.803921568627451
61.499553203582764,0.0,0.016359731469821687,0.03,1,1,1,0.0,0.3333333333333333,0.135,1,1,1,1.0,1.0,-1.0,0.0,-0.3333333333333333,0.135,-1,-1,-1,0.356862745098039,0.694117647058824,0.803921568627451
61.53466534614563,0.0,0.0182620258267777,0.03,1,1,1,0.0,0.3333333333333333,0.135,1,1,1,1.0,1.0,-1.0,0.0,-0.3333333333333333,0.135,-1,-1,-1,0.356862745098039,0.694117647058824,0.803921568627451
61.56961441040039,0.0,0.020164320183733712,0.03,1,1,1,0.0,0.3333333333333333,0.135,1,1,1,1.0,1.0,-1.0,0.0,-0.3333333333333333,0.135,-1,-1,-1,0.356862745098039,0.694117647058824,0.803921568627451
61.604217767715454,0.0,0.022066614540689724,0.03,1,1,1,0.0,0.3333333333333333,0.135,1,1,1,1.0,1.0,-1.0,0.0,-0.3333333333333333,0.135,-1,-1,-1,0.356862745098039,0.694117647058824,0.803921568627451
61.638455629348755,0.0,0.023968908897645736,0.03,1,1,1,0.0,0.3333333333333333,0.135,1,1,1,1.0,1.0,-1.0,0.0,-0.3333333333333333,0.135,-1,-1,-1,0.356862745098039,0.694117647058824,0.803921568627451
61.67309379577637,0.0,0.02587120325460175,0.03,1,1,1,0.0,0.3333333333333333,0.135,1,1,1,1.0,1.0,-1.0,0.0,-0.3333333333333333,0.135,-1,-1,-1,0.356862745098039,0.694117647058824,0.803921568627451
61.70801830291748,0.0,0.02777349761155776,0.03,1,1,1,0.0,0.3333333333333333,0.135,1,1,1,1.0,1.0,-1.0,0.0,-0.3333333333333333,0.135,-1,-1,-1,0.356862745098039,0.694117647058824,0.803921568627451
61.74247097969055,0.0,0.029675791968513776,0.03,1,1,1,0.0,0.3333333333333333,0.135,1,1,1,1.0,1.0,-1.0,0.0,-0.3333333333333333,0.135,-1,-1,-1,0.356862745098039,0.694117647058824,0.803921568627451
61.7774658203125,0.0,0.031578086325469795,0.03,1,1,1,0.0,0.3333333333333333,0.135,1,1,1,1.0,1.0,-1.0,0.0,-0.3333333333333333,0.135,-1,-1,-1,0.356862745098039,0.694117647058824,0.803921568627451
61.811853647232056,0.0,0.03348038068242581,0.03,1,1,1,0.0,0.3333333333333333,0.135,1,1,1,1.0,1.0,-1.0,0.0,-0.3333333333333333,0.135,-1,-1,-1,0.356862745098039,0.694117647058824,0.803921568627451
61.847015142440796,0.0,0.03538267503938182,0.03,1,1,1,0.0,0.3333333333333333,0.135,1,1,1,1.0,1.0,-1.0,0.0,-0.3333333333333333,0.135,-1,-1,-1,0.356862745098039,0.694117647058824,0.803921568627451
61.88169288635254,0.0,0.03728496939633783,0.03,1,1,1,0.0,0.3333333333333333,0.135,1,1,1,1.0,1.0,-1.0,0.0,-0.3333333333333333,0.135,-1,-1,-1,0.356862745098039,0.694117647058824,0.803921568627451
61.9165997505188,0.0,0.039187263753293844,0.03,1,1,1,0.0,0.3333333333333333,0.135,1,1,1,1.0,1.0,-1.0,0.0,-0.3333333333333333,0.135,-1,-1,-1,0.356862745098039,0.694117647058824,0.803921568627451
61.95098280906677,0.0,0.041089558110249856,0.03,1,1,1,0.0,0.3333333333333333,0.135,1,1,1,1.0,1.0,-1.0,0.0,-0.3333333333333333,0.135,-1,-1,-1,0.356862745098039,0.694117647058824,0.803921568627451
61.98575735092163,0.0,0.04299185246720587,0.03,1,1,1,0.0,0.3333333333333333,0.135,1,1,1,1.0,1.0,-1.0,0.0,-0.3333333333333333,0.135,-1,-1,-1,0.356862745098039,0.694117647058824,0.803921568627451
62.02050304412842,0.0,0.04489414682416188,0.03,1,1,1,0.0,0.3333333333333333,0.135,1,1,1,1.0,1.0,-1.0,0.0,-0.3333333333333333,0.135,-1,-1,-1,0.356862745098039,0.694117647058824,0.803921568627451
62.05495238304138,0.0,0.04679644118111789,0.03,1,1,1,0.0,0.3333333333333333,0.135,1,1,1,1.0,1.0,-1.0,0.0,-0.3333333333333333,0.135,-1,-1,-1,0.356862745098039,0.694117647058824,0.803921568627451
62.08966875076294,0.0,0.048698735538073905,0.03,1,1,1,0.0,0.3333333333333333,0.135,1,1,1,1.0,1.0,-1.0,0.0,-0.3333333333333333,0.135,-1,-1,-1,0.356862745098039,0.694117647058824,0.803921568627451
62.124977827072144,0.0,0.05060102989502992,0.03,1,1,1,0.0,0.3333333333333333,0.135,1,1,1,1.0,1.0,-1.0,0.0,-0.3333333333333333,0.135,-1,-1,-1,0.356862745098039,0.694117647058824,0.803921568627451
62.15909814834595,0.0,0.05250332425198593,0.03,1,1,1,0.0,0.3333333333333333,0.135,1,1,1,1.0,1.0,-1.0,0.0,-0.3333333333333333,0.135,-1,-1,-1,0.356862745098039,0.694117647058824,0.803921568627451
62.194135427474976,0.0,0.05440561860894194,0.03,1,1,1,0.0,0.3333333333333333,0.135,1,1,1,1.0,1.0,-1.0,0.0,-0.3333333333333333,0.135,-1,-1,-1,0.356862745098039,0.694117647058824,0.803921568627451
62.22884440422058,0.0,0.056307912965897954,0.03,1,1,1,0.0,0.3333333333333333,0.135,1,1,1,1.0,1.0,-1.0,0.0,-0.3333333333333333,0.135,-1,-1,-1,0.356862745098039,0.694117647058824,0.803921568627451
62.26357412338257,0.0,0.058210207322853966,0.03,1,1,1,0.0,0.3333333333333333,0.135,1,1,1,1.0,1.0,-1.0,0.0,-0.3333333333333333,0.135,-1,-1,-1,0.356862745098039,0.694117647058824,0.803921568627451
62.29847836494446,0.0,0.06011250167980997,0.03,1,1,1,0.0,0.3333333333333333,0.135,1,1,1,1.0,1.0,-1.0,0.0,-0.3333333333333333,0.135,-1,-1,-1,0.356862745098039,0.694117647058824,0.803921568627451
62.33279752731323,0.0,0.06201479603676599,0.03,1,1,1,0.0,0.3333333333333333,0.135,1,1,1,1.0,1.0,-1.0,0.0,-0.3333333333333333,0.135,-1,-1,-1,0.356862745098039,0.694117647058824,0.803921568627451
62.36791491508484,0.0,0.06391709039372197,0.03,1,1,1,0.0,0.3333333333333333,0.135,1,1,1,1.0,1.0,-1.0,0.0,-0.3333333333333333,0.135,-1,-1,-1,0.356862745098039,0.694117647058824,0.803921568627451
62.40259766578674,0.0,0.06581938475067795,0.03,1,1,1,0.0,0.3333333333333333,0.135,1,1,1,1.0,1.0,-1.0,0.0,-0.3333333333333333,0.135,-1,-1,-1,0.356862745098039,0.694117647058824,0.803921568627451
62.43696570396423,0.0,0.06581938475067795,0.03,1,1,1,0.0,0.3333333333333333,0.135,-1,-1,-1,1.0,1.0,-1.0,0.0,-0.3333333333333333,0.135,-1,-1,-1,0.356862745098039,0.694117647058824,0.803921568627451
62.47150707244873,0.0,0.06581938475067795,0.03,1,1,1,0.0,0.3333333333333333,0.135,-1,-1,-1,1.0,1.0,-1.0,0.0,-0.3333333333333333,0.135,-1,-1,-1,0.356862745098039,0.694117647058824,0.803921568627451
62.506598234176636,0.0,0.06581938475067795,0.03,1,1,1,0.0,0.3333333333333333,0.135,-1,-1,-1,1.0,1.0,-1.0,0.0,-0.3333333333333333,0.135,-1,-1,-1,0.356862745098039,0.694117647058824,0.803921568627451
62.541444063186646,0.0,0.06581938475067795,0.03,1,1,1,0.0,0.3333333333333333,0.135,-1,-1,-1,1.0,1.0,-1.0,0.0,-0.3333333333333333,0.135,-1,-1,-1,0.356862745098039,0.694117647058824,0.803921568627451
62.57576394081116,0.0,0.06581938475067795,0.03,1,1,1,0.0,0.3333333333333333,0.135,-1,-1,-1,1.0,1.0,-1.0,0.0,-0.3333333333333333,0.135,-1,-1,-1,0.356862745098039,0.694117647058824,0.803921568627451
62.610785484313965,0.0,0.06581938475067795,0.03,1,1,1,0.0,0.3333333333333333,0.135,-1,-1,-1,1.0,1.0,-1.0,0.0,-0.3333333333333333,0.135,-1,-1,-1,0.356862745098039,0.694117647058824,0.803921568627451
62.64558529853821,0.0,0.06581938475067795,0.03,1,1,1,0.0,0.3333333333333333,0.135,-1,-1,-1,1.0,1.0,-1.0,0.0,-0.3333333333333333,0.135,-1,-1,-1,0.356862745098039,0.694117647058824,0.803921568627451
62.68054413795471,0.0,0.06581938475067795,0.03,1,1,1,0.0,0.3333333333333333,0.135,-1,-1,-1,1.0,1.0,-1.0,0.0,-0.3333333333333333,0.135,-1,-1,-1,0.356862745098039,0.694117647058824,0.803921568627451
62.71535038948059,0.0,0.06581938475067795,0.03,1,1,1,0.0,0.3333333333333333,0.135,-1,-1,-1,1.0,1.0,-1.0,0.0,-0.3333333333333333,0.135,-1,-1,-1,0.356862745098039,0.694117647058824,0.803921568627451
62.749427318573,0.0,0.06581938475067795,0.03,1,1,1,0.0,0.3333333333333333,0.135,-1,-1,-1,1.0,1.0,-1.0,0.0,-0.3333333333333333,0.135,-1,-1,-1,0.356862745098039,0.694117647058824,0.803921568627451
62.7845025062561,0.0,0.06581938475067795,0.03,1,1,1,0.0,0.3333333333333333,0.135,-1,-1,-1,1.0,1.0,-1.0,0.0,-0.3333333333333333,0.135,-1,-1,-1,0.356862745098039,0.694117647058824,0.803921568627451
62.81942319869995,0.0,0.06581938475067795,0.03,1,1,1,0.0,0.3333333333333333,0.135,-1,-1,-1,1.0,1.0,-1.0,0.0,-0.3333333333333333,0.135,-1,-1,-1,0.356862745098039,0.694117647058824,0.803921568627451
62.85357689857483,0.0,0.06581938475067795,0.03,1,1,1,0.0,0.3333333333333333,0.135,-1,-1,-1,1.0,1.0,-1.0,0.0,-0.3333333333333333,0.135,-1,-1,-1,0.356862745098039,0.694117647058824,0.803921568627451
62.88826036453247,0.0,0.06581938475067795,0.03,1,1,1,0.0,0.3333333333333333,0.135,-1,-1,-1,1.0,1.0,-1.0,0.0,-0.3333333333333333,0.135,-1,-1,-1,0.356862745098039,0.694117647058824,0.803921568627451
62.92307734489441,0.0,0.06581938475067795,0.03,1,1,1,0.0,0.3333333333333333,0.135,-1,-1,-1,1.0,1.0,-1.0,0.0,-0.3333333333333333,0.135,-1,-1,-1,0.356862745098039,0.694117647058824,0.803921568627451
62.957632064819336,0.0,0.06581938475067795,0.03,1,1,1,0.0,0.3333333333333333,0.135,-1,-1,-1,1.0,1.0,-1.0,0.0,-0.3333333333333333,0.135,-1,-1,-1,0.356862745098039,0.694117647058824,0.803921568627451
62.9932074546814,0.0,0.06581938475067795,0.03,1,1,1,0.0,0.3333333333333333,0.135,-1,-1,-1,1.0,1.0,-1.0,0.0,-0.3333333333333333,0.135,-1,-1,-1,0.356862745098039,0.694117647058824,0.803921568627451
63.027580976486206,0.0,0.06581938475067795,0.03,1,1,1,0.0,0.3333333333333333,0.135,-1,-1,-1,1.0,1.0,-1.0,0.0,-0.3333333333333333,0.135,-1,-1,-1,0.356862745098039,0.694117647058824,0.803921568627451
63.062567710876465,0.0,0.06581938475067795,0.03,1,1,1,0.0,0.3333333333333333,0.135,-1,-1,-1,1.0,1.0,-1.0,0.0,-0.3333333333333333,0.135,-1,-1,-1,0.356862745098039,0.694117647058824,0.803921568627451
63.097090005874634,0.0,0.06581938475067795,0.03,1,1,1,0.0,0.3333333333333333,0.135,-1,-1,-1,1.0,1.0,-1.0,0.0,-0.3333333333333333,0.135,-1,-1,-1,0.356862745098039,0.694117647058824,0.803921568627451
63.13135051727295,0.0,0.06581938475067795,0.03,1,1,1,0.0,0.3333333333333333,0.135,-1,-1,-1,1.0,1.0,-1.0,0.0,-0.3333333333333333,0.135,-1,-1,-1,0.356862745098039,0.694117647058824,0.803921568627451
63.16665434837341,0.0,0.06581938475067795,0.03,1,1,1,0.0,0.3333333333333333,0.135,-1,-1,-1,1.0,1.0,-1.0,0.0,-0.3333333333333333,0.135,-1,-1,-1,0.356862745098039,0.694117647058824,0.803921568627451
63.20078134536743,0.0,0.06581938475067795,0.03,1,1,1,0.0,0.3333333333333333,0.135,-1,-1,-1,1.0,1.0,-1.0,0.0,-0.3333333333333333,0.135,-1,-1,-1,0.356862745098039,0.694117647058824,0.803921568627451
63.23615288734436,0.0,0.06581938475067795,0.03,1,1,1,0.0,0.3333333333333333,0.135,-1,-1,-1,1.0,1.0,-1.0,0.0,-0.3333333333333333,0.135,-1,-1,-1,0.356862745098039,0.694117647058824,0.803921568627451
63.27036380767822,0.0,0.06581938475067795,0.03,1,1,1,0.0,0.3333333333333333,0.135,-1,-1,-1,1.0,1.0,-1.0,0.0,-0.3333333333333333,0.135,-1,-1,-1,0.356862745098039,0.694117647058824,0.803921568627451
63.30491280555725,0.0,0.06581938475067795,0.03,1,1,1,0.0,0.3333333333333333,0.135,-1,-1,-1,1.0,1.0,-1.0,0.0,-0.3333333333333333,0.135,-1,-1,-1,0.356862745098039,0.694117647058824,0.803921568627451
63.33975696563721,0.0,0.06581938475067795,0.03,1,1,1,0.0,0.3333333333333333,0.135,-1,-1,-1,1.0,1.0,-1.0,0.0,-0.3333333333333333,0.135,-1,-1,-1,0.356862745098039,0.694117647058824,0.803921568627451
63.37491273880005,0.0,0.06581938475067795,0.03,1,1,1,0.0,0.3333333333333333,0.135,-1,-1,-1,1.0,1.0,-1.0,0.0,-0.3333333333333333,0.135,-1,-1,-1,0.356862745098039,0.694117647058824,0.803921568627451
63.409722089767456,0.0,0.06581938475067795,0.03,1,1,1,0.0,0.3333333333333333,0.135,-1,-1,-1,1.0,1.0,-1.0,0.0,-0.3333333333333333,0.135,-1,-1,-1,0.356862745098039,0.694117647058824,0.803921568627451
63.4442982673645,0.0,0.06581938475067795,0.03,1,1,1,0.0,0.3333333333333333,0.135,-1,-1,-1,1.0,1.0,-1.0,0.0,-0.3333333333333333,0.135,-1,-1,-1,0.356862745098039,0.694117647058824,0.803921568627451
63.47905206680298,0.0,0.06581938475067795,0.03,1,1,1,0.0,0.3333333333333333,0.135,-1,-1,-1,1.0,1.0,-1.0,0.0,-0.3333333333333333,0.135,-1,-1,-1,0.356862745098039,0.694117647058824,0.803921568627451
63.51393508911133,0.0,0.06581938475067795,0.03,1,1,1,0.0,0.3333333333333333,0.135,-1,-1,-1,1.0,1.0,-1.0,0.0,-0.3333333333333333,0.135,-1,-1,-1,0.356862745098039,0.694117647058824,0.803921568627451
63.54856848716736,0.0,0.06581938475067795,0.03,1,1,1,0.0,0.3333333333333333,0.135,-1,-1,-1,1.0,1.0,-1.0,0.0,-0.3333333333333333,0.135,-1,-1,-1,0.356862745098039,0.694117647058824,0.803921568627451
63.58281970024109,0.0,0.06581938475067795,0.03,1,1,1,0.0,0.3333333333333333,0.135,-1,-1,-1,1.0,1.0,-1.0,0.0,-0.3333333333333333,0.135,-1,-1,-1,0.356862745098039,0.694117647058824,0.803921568627451
63.61740732192993,0.0,0.06534030594018966,0.03,1,1,1,0.0,0.3333333333333333,0.135,-1,-1,-1,1.0,1.0,-1.0,0.0,-0.3333333333333333,0.135,-1,-1,-1,0.356862745098039,0.694117647058824,0.803921568627451
63.6527304649353,0.0,0.06414260891396896,0.03,1,1,1,0.0,0.3333333333333333,0.135,-1,-1,-1,1.0,1.0,-1.0,0.0,-0.3333333333333333,0.135,-1,-1,-1,0.356862745098039,0.694117647058824,0.803921568627451
63.68743443489075,0.0,0.06294491188774826,0.03,1,1,1,0.0,0.3333333333333333,0.135,-1,-1,-1,1.0,1.0,-1.0,0.0,-0.3333333333333333,0.135,-1,-1,-1,0.356862745098039,0.694117647058824,0.803921568627451
63.72157096862793,0.0,0.061747214861527566,0.03,1,1,1,0.0,0.3333333333333333,0.135,-1,-1,-1,1.0,1.0,-1.0,0.0,-0.3333333333333333,0.135,-1,-1,-1,0.356862745098039,0.694117647058824,0.803921568627451
63.75699067115784,0.0,0.06054951783530688,0.03,1,1,1,0.0,0.3333333333333333,0.135,-1,-1,-1,1.0,1.0,-1.0,0.0,-0.3333333333333333,0.135,-1,-1,-1,0.356862745098039,0.694117647058824,0.803921568627451
63.791799783706665,0.0,0.0593518208090862,0.03,1,1,1,0.0,0.3333333333333333,0.135,-1,-1,-1,1.0,1.0,-1.0,0.0,-0.3333333333333333,0.135,-1,-1,-1,0.356862745098039,0.694117647058824,0.803921568627451
63.825849294662476,0.0,0.05815412378286553,0.03,1,1,1,0.0,0.3333333333333333,0.135,-1,-1,-1,1.0,1.0,-1.0,0.0,-0.3333333333333333,0.135,-1,-1,-1,0.356862745098039,0.694117647058824,0.803921568627451
63.86101722717285,0.0,0.05695642675664486,0.03,1,1,1,0.0,0.3333333333333333,0.135,-1,-1,-1,1.0,1.0,-1.0,0.0,-0.3333333333333333,0.135,-1,-1,-1,0.356862745098039,0.694117647058824,0.803921568627451
63.895270109176636,0.0,0.05575872973042419,0.03,1,1,1,0.0,0.3333333333333333,0.135,-1,-1,-1,1.0,1.0,-1.0,0.0,-0.3333333333333333,0.135,-1,-1,-1,0.356862745098039,0.694117647058824,0.803921568627451
63.9304473400116,0.0,0.054561032704203524,0.03,1,1,1,0.0,0.3333333333333333,0.135,-1,-1,-1,1.0,1.0,-1.0,0.0,-0.3333333333333333,0.135,-1,-1,-1,0.356862745098039,0.694117647058824,0.803921568627451
63.96456599235535,0.0,0.053363335677982855,0.03,1,1,1,0.0,0.3333333333333333,0.135,-1,-1,-1,1.0,1.0,-1.0,0.0,-0.3333333333333333,0.135,-1,-1,-1,0.356862745098039,0.694117647058824,0.803921568627451
63.99957060813904,0.0,0.052165638651762186,0.03,1,1,1,0.0,0.3333333333333333,0.135,-1,-1,-1,1.0,1.0,-1.0,0.0,-0.3333333333333333,0.135,-1,-1,-1,0.356862745098039,0.694117647058824,0.803921568627451
64.03436613082886,0.0,0.05096794162554152,0.03,1,1,1,0.0,0.3333333333333333,0.135,-1,-1,-1,1.0,1.0,-1.0,0.0,-0.3333333333333333,0.135,-1,-1,-1,0.356862745098039,0.694117647058824,0.803921568627451
64.06878781318665,0.0,0.04977024459932085,0.03,1,1,1,0.0,0.3333333333333333,0.135,-1,-1,-1,1.0,1.0,-1.0,0.0,-0.3333333333333333,0.135,-1,-1,-1,0.356862745098039,0.694117647058824,0.803921568627451
64.10378384590149,0.0,0.04857254757310018,0.03,1,1,1,0.0,0.3333333333333333,0.135,-1,-1,-1,1.0,1.0,-1.0,0.0,-0.3333333333333333,0.135,-1,-1,-1,0.356862745098039,0.694117647058824,0.803921568627451
64.13847231864929,0.0,0.04737485054687951,0.03,1,1,1,0.0,0.3333333333333333,0.135,-1,-1,-1,1.0,1.0,-1.0,0.0,-0.3333333333333333,0.135,-1,-1,-1,0.356862745098039,0.694117647058824,0.803921568627451
64.17319655418396,0.0,0.04617715352065884,0.03,1,1,1,0.0,0.3333333333333333,0.135,-1,-1,-1,1.0,1.0,-1.0,0.0,-0.3333333333333333,0.135,-1,-1,-1,0.356862745098039,0.694117647058824,0.803921568627451
64.20790648460388,0.0,0.04497945649443817,0.03,1,1,1,0.0,0.3333333333333333,0.135,-1,-1,-1,1.0,1.0,-1.0,0.0,-0.3333333333333333,0.135,-1,-1,-1,0.356862745098039,0.694117647058824,0.803921568627451
64.24271988868713,0.0,0.0437817594682175,0.03,1,1,1,0.0,0.3333333333333333,0.135,-1,-1,-1,1.0,1.0,-1.0,0.0,-0.3333333333333333,0.135,-1,-1,-1,0.356862745098039,0.694117647058824,0.803921568627451
64.27741646766663,0.0,0.042584062441996834,0.03,1,1,1,0.0,0.3333333333333333,0.135,-1,-1,-1,1.0,1.0,-1.0,0.0,-0.3333333333333333,0.135,-1,-1,-1,0.356862745098039,0.694117647058824,0.803921568627451
64.31241798400879,0.0,0.041386365415776165,0.03,1,1,1,0.0,0.3333333333333333,0.135,-1,-1,-1,1.0,1.0,-1.0,0.0,-0.3333333333333333,0.135,-1,-1,-1,0.356862745098039,0.694117647058824,0.803921568627451
64.3473470211029,0.0,0.040188668389555496,0.03,1,1,1,0.0,0.3333333333333333,0.135,-1,-1,-1,1.0,1.0,-1.0,0.0,-0.3333333333333333,0.135,-1,-1,-1,0.356862745098039,0.694117647058824,0.803921568627451
64.38130140304565,0.0,0.03899097136333483,0.03,1,1,1,0.0,0.3333333333333333,0.135,-1,-1,-1,1.0,1.0,-1.0,0.0,-0.3333333333333333,0.135,-1,-1,-1,0.356862745098039,0.694117647058824,0.803921568627451
64.41607093811035,0.0,0.03779327433711416,0.03,1,1,1,0.0,0.3333333333333333,0.135,-1,-1,-1,1.0,1.0,-1.0,0.0,-0.3333333333333333,0.135,-1,-1,-1,0.356862745098039,0.694117647058824,0.803921568627451
64.45077443122864,0.0,0.03659557731089349,0.03,1,1,1,0.0,0.3333333333333333,0.135,-1,-1,-1,1.0,1.0,-1.0,0.0,-0.3333333333333333,0.135,-1,-1,-1,0.356862745098039,0.694117647058824,0.803921568627451
64.48569846153259,0.0,0.03539788028467282,0.03,1,1,1,0.0,0.3333333333333333,0.135,-1,-1,-1,1.0,1.0,-1.0,0.0,-0.3333333333333333,0.135,-1,-1,-1,0.356862745098039,0.694117647058824,0.803921568627451
64.52038741111755,0.0,0.03420018325845215,0.03,1,1,1,0.0,0.3333333333333333,0.135,-1,-1,-1,1.0,1.0,-1.0,0.0,-0.3333333333333333,0.135,-1,-1,-1,0.356862745098039,0.694117647058824,0.803921568627451
64.55500102043152,0.0,0.03300248623223148,0.03,1,1,1,0.0,0.3333333333333333,0.135,-1,-1,-1,1.0,1.0,-1.0,0.0,-0.3333333333333333,0.135,-1,-1,-1,0.356862745098039,0.694117647058824,0.803921568627451
64.58957958221436,0.0,0.03180478920601081,0.03,1,1,1,0.0,0.3333333333333333,0.135,-1,-1,-1,1.0,1.0,-1.0,0.0,-0.3333333333333333,0.135,-1,-1,-1,0.356862745098039,0.694117647058824,0.803921568627451
64.62484383583069,0.0,0.030607092179790137,0.03,1,1,1,0.0,0.3333333333333333,0.135,-1,-1,-1,1.0,1.0,-1.0,0.0,-0.3333333333333333,0.135,-1,-1,-1,0.356862745098039,0.694117647058824,0.803921568627451
64.65957188606262,0.0,0.02940939515356945,0.03,1,1,1,0.0,0.3333333333333333,0.135,-1,-1,-1,1.0,1.0,-1.0,0.0,-0.3333333333333333,0.135,-1,-1,-1,0.356862745098039,0.694117647058824,0.803921568627451
64.69446325302124,0.0,0.028211698127348764,0.03,1,1,1,0.0,0.3333333333333333,0.135,-1,-1,-1,1.0,1.0,-1.0,0.0,-0.3333333333333333,0.135,-1,-1,-1,0.356862745098039,0.694117647058824,0.803921568627451
64.72862029075623,0.0,0.027014001101128077,0.03,1,1,1,0.0,0.3333333333333333,0.135,-1,-1,-1,1.0,1.0,-1.0,0.0,-0.3333333333333333,0.135,-1,-1,-1,0.356862745098039,0.694117647058824,0.803921568627451
64.76381850242615,0.0,0.02581630407490739,0.03,1,1,1,0.0,0.3333333333333333,0.135,-1,-1,-1,1.0,1.0,-1.0,0.0,-0.3333333333333333,0.135,-1,-1,-1,0.356862745098039,0.694117647058824,0.803921568627451
64.79782152175903,0.0,0.024618607048686705,0.03,1,1,1,0.0,0.3333333333333333,0.135,-1,-1,-1,1.0,1.0,-1.0,0.0,-0.3333333333333333,0.135,-1,-1,-1,0.356862745098039,0.694117647058824,0.803921568627451
64.8327648639679,0.0,0.022688348824867907,0.03,1,1,1,0.0,0.3333333333333333,0.135,-1,-1,-1,1.0,1.0,-1.0,0.0,-0.3333333333333333,0.135,-1,-1,-1,0.356862745098039,0.694117647058824,0.803921568627451
64.8677008152008,0.0,0.020574950301649582,0.03,1,1,1,0.0,0.3333333333333333,0.135,-1,-1,-1,1.0,1.0,-1.0,0.0,-0.3333333333333333,0.135,-1,-1,-1,0.356862745098039,0.694117647058824,0.803921568627451
64.90283179283142,0.0,0.018461551778431257,0.03,1,1,1,0.0,0.3333333333333333,0.135,-1,-1,-1,1.0,1.0,-1.0,0.0,-0.3333333333333333,0.135,-1,-1,-1,0.356862745098039,0.694117647058824,0.803921568627451
64.93695378303528,0.0,0.01634815325521293,0.03,1,1,1,0.0,0.3333333333333333,0.135,-1,-1,-1,1.0,1.0,-1.0,0.0,-0.3333333333333333,0.135,-1,-1,-1,0.356862745098039,0.694117647058824,0.803921568627451
64.97158026695251,0.0,0.014234754731994608,0.03,1,1,1,0.0,0.3333333333333333,0.135,-1,-1,-1,1.0,1.0,-1.0,0.0,-0.3333333333333333,0.135,-1,-1,-1,0.356862745098039,0.694117647058824,0.803921568627451
65.0066614151001,0.0,0.012121356208776283,0.03,1,1,1,0.0,0.3333333333333333,0.135,-1,-1,-1,1.0,1.0,-1.0,0.0,-0.3333333333333333,0.135,-1,-1,-1,0.356862745098039,0.694117647058824,0.803921568627451
65.04121541976929,0.0,0.010007957685557957,0.03,1,1,1,0.0,0.3333333333333333,0.135,-1,-1,-1,1.0,1.0,-1.0,0.0,-0.3333333333333333,0.135,-1,-1,-1,0.356862745098039,0.694117647058824,0.803921568627451
65.07605695724487,0.0,0.007894559162339632,0.03,1,1,1,0.0,0.3333333333333333,0.135,-1,-1,-1,1.0,1.0,-1.0,0.0,-0.3333333333333333,0.135,-1,-1,-1,0.356862745098039,0.694117647058824,0.803921568627451
65.11072587966919,0.0,0.005781160639121307,0.03,1,1,1,0.0,0.3333333333333333,0.135,-1,-1,-1,1.0,1.0,-1.0,0.0,-0.3333333333333333,0.135,-1,-1,-1,0.356862745098039,0.694117647058824,0.803921568627451
65.145676612854,0.0,0.0036677621159029814,0.03,1,1,1,0.0,0.3333333333333333,0.135,-1,-1,-1,1.0,1.0,-1.0,0.0,-0.3333333333333333,0.135,-1,-1,-1,0.356862745098039,0.694117647058824,0.803921568627451
65.18034482002258,0.0,0.001554363592684656,0.03,1,1,1,0.0,0.3333333333333333,0.135,-1,-1,-1,1.0,1.0,-1.0,0.0,-0.3333333333333333,0.135,-1,-1,-1,0.356862745098039,0.694117647058824,0.803921568627451
65.21519684791565,0.0,-0.0005590349305336704,0.03,1,1,1,0.0,0.3333333333333333,0.135,-1,-1,-1,1.0,1.0,-1.0,0.0,-0.3333333333333333,0.135,-1,-1,-1,0.356862745098039,0.694117647058824,0.803921568627451
65.2499327659607,0.0,-0.002672433453751997,0.03,1,1,1,0.0,0.3333333333333333,0.135,-1,-1,-1,1.0,1.0,-1.0,0.0,-0.3333333333333333,0.135,-1,-1,-1,0.356862745098039,0.694117647058824,0.803921568627451
65.2845811843872,0.0,-0.004785831976970322,0.03,1,1,1,0.0,0.3333333333333333,0.135,-1,-1,-1,1.0,1.0,-1.0,0.0,-0.3333333333333333,0.135,-1,-1,-1,0.356862745098039,0.694117647058824,0.803921568627451
65.31922173500061,0.0,-0.0068992305001886476,0.03,1,1,1,0.0,0.3333333333333333,0.135,-1,-1,-1,1.0,1.0,-1.0,0.0,-0.3333333333333333,0.135,-1,-1,-1,0.356862745098039,0.694117647058824,0.803921568627451
65.35358953475952,0.0,-0.009012629023406974,0.03,1,1,1,0.0,0.3333333333333333,0.135,-1,-1,-1,1.0,1.0,-1.0,0.0,-0.3333333333333333,0.135,-1,-1,-1,0.356862745098039,0.694117647058824,0.803921568627451
65.38882732391357,0.0,-0.011126027546625299,0.03,1,1,1,0.0,0.3333333333333333,0.135,-1,-1,-1,1.0,1.0,-1.0,0.0,-0.3333333333333333,0.135,-1,-1,-1,0.356862745098039,0.694117647058824,0.803921568627451
65.42372751235962,0.0,-0.013239426069843624,0.03,1,1,1,0.0,0.3333333333333333,0.135,-1,-1,-1,1.0,1.0,-1.0,0.0,-0.3333333333333333,0.135,-1,-1,-1,0.356862745098039,0.694117647058824,0.803921568627451
65.45908045768738,0.0,-0.01535282459306195,0.03,1,1,1,0.0,0.3333333333333333,0.135,-1,-1,-1,1.0,1.0,-1.0,0.0,-0.3333333333333333,0.135,-1,-1,-1,0.356862745098039,0.694117647058824,0.803921568627451
65.49315404891968,0.0,-0.017466223116280277,0.03,1,1,1,0.0,0.3333333333333333,0.135,-1,-1,-1,1.0,1.0,-1.0,0.0,-0.3333333333333333,0.135,-1,-1,-1,0.356862745098039,0.694117647058824,0.803921568627451
65.52711367607117,0.0,-0.019579621639498602,0.03,1,1,1,0.0,0.3333333333333333,0.135,-1,-1,-1,1.0,1.0,-1.0,0.0,-0.3333333333333333,0.135,-1,-1,-1,0.356862745098039,0.694117647058824,0.803921568627451
65.56202530860901,0.0,-0.021693020162716927,0.03,1,1,1,0.0,0.3333333333333333,0.135,-1,-1,-1,1.0,1.0,-1.0,0.0,-0.3333333333333333,0.135,-1,-1,-1,0.356862745098039,0.694117647058824,0.803921568627451
65.59660315513611,0.0,-0.023806418685935252,0.03,1,1,1,0.0,0.3333333333333333,0.135,-1,-1,-1,1.0,1.0,-1.0,0.0,-0.3333333333333333,0.135,-1,-1,-1,0.356862745098039,0.694117647058824,0.803921568627451
65.63193702697754,0.0,-0.025919817209153578,0.03,1,1,1,0.0,0.3333333333333333,0.135,-1,-1,-1,1.0,1.0,-1.0,0.0,-0.3333333333333333,0.135,-1,-1,-1,0.356862745098039,0.694117647058824,0.803921568627451
65.66660761833191,0.0,-0.028033215732371903,0.03,1,1,1,0.0,0.3333333333333333,0.135,-1,-1,-1,1.0,1.0,-1.0,0.0,-0.3333333333333333,0.135,-1,-1,-1,0.356862745098039,0.694117647058824,0.803921568627451
65.70076489448547,0.0,-0.030146614255590225,0.03,1,1,1,0.0,0.3333333333333333,0.135,-1,-1,-1,1.0,1.0,-1.0,0.0,-0.3333333333333333,0.135,-1,-1,-1,0.356862745098039,0.694117647058824,0.803921568627451
65.73600172996521,0.0,-0.03226001277880855,0.03,1,1,1,0.0,0.3333333333333333,0.135,-1,-1,-1,1.0,1.0,-1.0,0.0,-0.3333333333333333,0.135,-1,-1,-1,0.356862745098039,0.694117647058824,0.803921568627451
65.77076864242554,0.0,-0.034373411302026875,0.03,1,1,1,0.0,0.3333333333333333,0.135,-1,-1,-1,1.0,1.0,-1.0,0.0,-0.3333333333333333,0.135,-1,-1,-1,0.356862745098039,0.694117647058824,0.803921568627451
65.80510973930359,0.0,-0.0364868098252452,0.03,1,1,1,0.0,0.3333333333333333,0.135,-1,-1,-1,1.0,1.0,-1.0,0.0,-0.3333333333333333,0.135,-1,-1,-1,0.356862745098039,0.694117647058824,0.803921568627451
65.84004354476929,0.0,-0.038600208348463526,0.03,1,1,1,0.0,0.3333333333333333,0.135,-1,-1,-1,1.0,1.0,-1.0,0.0,-0.3333333333333333,0.135,-1,-1,-1,0.356862745098039,0.694117647058824,0.803921568627451
65.87503957748413,0.0,-0.04071360687168185,0.03,1,1,1,0.0,0.3333333333333333,0.135,-1,-1,-1,1.0,1.0,-1.0,0.0,-0.3333333333333333,0.135,-1,-1,-1,0.356862745098039,0.694117647058824,0.803921568627451
65.90973544120789,0.0,-0.042827005394900176,0.03,1,1,1,0.0,0.3333333333333333,0.135,-1,-1,-1,1.0,1.0,-1.0,0.0,-0.3333333333333333,0.135,-1,-1,-1,0.356862745098039,0.694117647058824,0.803921568627451
65.94394111633301,0.0,-0.0449404039181185,0.03,1,1,1,0.0,0.3333333333333333,0.135,-1,-1,-1,1.0,1.0,-1.0,0.0,-0.3333333333333333,0.135,-1,-1,-1,0.356862745098039,0.694117647058824,0.803921568627451
65.97908878326416,0.0,-0.04705380244133683,0.03,1,1,1,0.0,0.3333333333333333,0.135,-1,-1,-1,1.0,1.0,-1.0,0.0,-0.3333333333333333,0.135,-1,-1,-1,0.356862745098039,0.694117647058824,0.803921568627451
66.01318788528442,0.0,-0.04833491665352837,0.03,1,1,1,0.0,0.3333333333333333,0.135,-1,-1,-1,1.0,1.0,-1.0,0.0,-0.3333333333333333,0.135,-1,-1,-1,0.356862745098039,0.694117647058824,0.803921568627451
66.0479085445404,0.0,-0.04628689362161278,0.03,1,1,1,0.0,0.3333333333333333,0.135,-1,-1,-1,1.0,1.0,-1.0,0.0,-0.3333333333333333,0.135,-1,-1,-1,0.356862745098039,0.694117647058824,0.803921568627451
66.08261013031006,0.0,-0.044238870589697186,0.03,1,1,1,0.0,0.3333333333333333,0.135,-1,-1,-1,1.0,1.0,-1.0,0.0,-0.3333333333333333,0.135,-1,-1,-1,0.356862745098039,0.694117647058824,0.803921568627451
66.11756110191345,0.0,-0.042190847557781595,0.03,1,1,1,0.0,0.3333333333333333,0.135,-1,-1,-1,1.0,1.0,-1.0,0.0,-0.3333333333333333,0.135,-1,-1,-1,0.356862745098039,0.694117647058824,0.803921568627451
66.15267443656921,0.0,-0.040142824525866004,0.03,1,1,1,0.0,0.3333333333333333,0.135,-1,-1,-1,1.0,1.0,-1.0,0.0,-0.3333333333333333,0.135,-1,-1,-1,0.356862745098039,0.694117647058824,0.803921568627451
66.18686056137085,0.0,-0.03809480149395041,0.03,1,1,1,0.0,0.3333333333333333,0.135,-1,-1,-1,1.0,1.0,-1.0,0.0,-0.3333333333333333,0.135,-1,-1,-1,0.356862745098039,0.694117647058824,0.803921568627451
66.22207927703857,0.0,-0.03604677846203482,0.03,1,1,1,0.0,0.3333333333333333,0.135,-1,-1,-1,1.0,1.0,-1.0,0.0,-0.3333333333333333,0.135,-1,-1,-1,0.356862745098039,0.694117647058824,0.803921568627451
66.25683069229126,0.0,-0.03399875543011923,0.03,1,1,1,0.0,0.3333333333333333,0.135,-1,-1,-1,1.0,1.0,-1.0,0.0,-0.3333333333333333,0.135,-1,-1,-1,0.356862745098039,0.694117647058824,0.803921568627451
66.29101848602295,0.0,-0.03195073239820364,0.03,1,1,1,0.0,0.3333333333333333,0.135,-1,-1,-1,1.0,1.0,-1.0,0.0,-0.3333333333333333,0.135,-1,-1,-1,0.356862745098039,0.694117647058824,0.803921568627451
66.32577252388,0.0,-0.02990270936628806,0.03,1,1,1,0.0,0.3333333333333333,0.135,-1,-1,-1,1.0,1.0,-1.0,0.0,-0.3333333333333333,0.135,-1,-1,-1,0.356862745098039,0.694117647058824,0.803921568627451
66.36103868484497,0.0,-0.027854686334372485,0.03,1,1,1,0.0,0.3333333333333333,0.135,-1,-1,-1,1.0,1.0,-1.0,0.0,-0.3333333333333333,0.135,-1,-1,-1,0.356862745098039,0.694117647058824,0.803921568627451
66.39546275138855,0.0,-0.02580666330245691,0.03,1,1,1,0.0,0.3333333333333333,0.135,-1,-1,-1,1.0,1.0,-1.0,0.0,-0.3333333333333333,0.135,-1,-1,-1,0.356862745098039,0.694117647058824,0.803921568627451
66.4298324584961,0.0,-0.023758640270541337,0.03,1,1,1,0.0,0.3333333333333333,0.135,-1,-1,-1,1.0,1.0,-1.0,0.0,-0.3333333333333333,0.135,-1,-1,-1,0.356862745098039,0.694117647058824,0.803921568627451
66.4645528793335,0.0,-0.021710617238625763,0.03,1,1,1,0.0,0.3333333333333333,0.135,-1,-1,-1,1.0,1.0,-1.0,0.0,-0.3333333333333333,0.135,-1,-1,-1,0.356862745098039,0.694117647058824,0.803921568627451
66.49987149238586,0.0,-0.01966259420671019,0.03,1,1,1,0.0,0.3333333333333333,0.135,-1,-1,-1,1.0,1.0,-1.0,0.0,-0.3333333333333333,0.135,-1,-1,-1,0.356862745098039,0.694117647058824,0.803921568627451
66.53530168533325,0.0,-0.017614571174794615,0.03,1,1,1,0.0,0.3333333333333333,0.135,-1,-1,-1,1.0,1.0,-1.0,0.0,-0.3333333333333333,0.135,-1,-1,-1,0.356862745098039,0.694117647058824,0.803921568627451
66.56891703605652,0.0,-0.01556654814287904,0.03,1,1,1,0.0,0.3333333333333333,0.135,-1,-1,-1,1.0,1.0,-1.0,0.0,-0.3333333333333333,0.135,-1,-1,-1,0.356862745098039,0.694117647058824,0.803921568627451
66.60361957550049,0.0,-0.013518525110963466,0.03,1,1,1,0.0,0.3333333333333333,0.135,-1,-1,-1,1.0,1.0,-1.0,0.0,-0.3333333333333333,0.135,-1,-1,-1,0.356862745098039,0.694117647058824,0.803921568627451
66.63874173164368,0.0,-0.011470502079047892,0.03,1,1,1,0.0,0.3333333333333333,0.135,-1,-1,-1,1.0,1.0,-1.0,0.0,-0.3333333333333333,0.135,-1,-1,-1,0.356862745098039,0.694117647058824,0.803921568627451
66.6732268333435,0.0,-0.009422479047132318,0.03,1,1,1,0.0,0.3333333333333333,0.135,-1,-1,-1,1.0,1.0,-1.0,0.0,-0.3333333333333333,0.135,-1,-1,-1,0.356862745098039,0.694117647058824,0.803921568627451
66.70769834518433,0.0,-0.007374456015216743,0.03,1,1,1,0.0,0.3333333333333333,0.135,-1,-1,-1,1.0,1.0,-1.0,0.0,-0.3333333333333333,0.135,-1,-1,-1,0.356862745098039,0.694117647058824,0.803921568627451
66.74269533157349,0.0,-0.0053264329833011695,0.03,1,1,1,0.0,0.3333333333333333,0.135,-1,-1,-1,1.0,1.0,-1.0,0.0,-0.3333333333333333,0.135,-1,-1,-1,0.356862745098039,0.694117647058824,0.803921568627451
66.77744340896606,0.0,-0.003278409951385595,0.03,1,1,1,0.0,0.3333333333333333,0.135,-1,-1,-1,1.0,1.0,-1.0,0.0,-0.3333333333333333,0.135,-1,-1,-1,0.356862745098039,0.694117647058824,0.803921568627451
66.81183457374573,0.0,-0.0012303869194700192,0.03,1,1,1,0.0,0.3333333333333333,0.135,-1,-1,-1,1.0,1.0,-1.0,0.0,-0.3333333333333333,0.135,-1,-1,-1,0.356862745098039,0.694117647058824,0.803921568627451
66.84684324264526,0.0,0.000817636112445556,0.03,1,1,1,0.0,0.3333333333333333,0.135,-1,-1,-1,1.0,1.0,-1.0,0.0,-0.3333333333333333,0.135,-1,-1,-1,0.356862745098039,0.694117647058824,0.803921568627451
66.8815803527832,0.0,0.0028656591443611316,0.03,1,1,1,0.0,0.3333333333333333,0.135,-1,-1,-1,1.0,1.0,-1.0,0.0,-0.3333333333333333,0.135,-1,-1,-1,0.356862745098039,0.694117647058824,0.803921568627451
66.91629338264465,0.0,0.004913682176276707,0.03,1,1,1,0.0,0.3333333333333333,0.135,-1,-1,-1,1.0,1.0,-1.0,0.0,-0.3333333333333333,0.135,-1,-1,-1,0.356862745098039,0.694117647058824,0.803921568627451
66.95096158981323,0.0,0.006961705208192281,0.03,1,1,1,0.0,0.3333333333333333,0.135,-1,-1,-1,1.0,1.0,-1.0,0.0,-0.3333333333333333,0.135,-1,-1,-1,0.356862745098039,0.694117647058824,0.803921568627451
66.98603415489197,0.0,0.009009728240107855,0.03,1,1,1,0.0,0.3333333333333333,0.135,-1,-1,-1,1.0,1.0,-1.0,0.0,-0.3333333333333333,0.135,-1,-1,-1,0.356862745098039,0.694117647058824,0.803921568627451
67.02066802978516,0.0,0.01105775127202343,0.03,1,1,1,0.0,0.3333333333333333,0.135,-1,-1,-1,1.0,1.0,-1.0,0.0,-0.3333333333333333,0.135,-1,-1,-1,0.356862745098039,0.694117647058824,0.803921568627451
67.05563545227051,0.0,0.013105774303939003,0.03,1,1,1,0.0,0.3333333333333333,0.135,-1,-1,-1,1.0,1.0,-1.0,0.0,-0.3333333333333333,0.135,-1,-1,-1,0.356862745098039,0.694117647058824,0.803921568627451
67.09041738510132,0.0,0.015153797335854575,0.03,1,1,1,0.0,0.3333333333333333,0.135,-1,-1,-1,1.0,1.0,-1.0,0.0,-0.3333333333333333,0.135,-1,-1,-1,0.356862745098039,0.694117647058824,0.803921568627451
67.12485980987549,0.0,0.01720182036777015,0.03,1,1,1,0.0,0.3333333333333333,0.135,-1,-1,-1,1.0,1.0,-1.0,0.0,-0.3333333333333333,0.135,-1,-1,-1,0.356862745098039,0.694117647058824,0.803921568627451
67.15962553024292,0.0,0.019249843399685725,0.03,1,1,1,0.0,0.3333333333333333,0.135,-1,-1,-1,1.0,1.0,-1.0,0.0,-0.3333333333333333,0.135,-1,-1,-1,0.356862745098039,0.694117647058824,0.803921568627451
67.19399833679199,0.0,0.0212978664316013,0.03,1,1,1,0.0,0.3333333333333333,0.135,-1,-1,-1,1.0,1.0,-1.0,0.0,-0.3333333333333333,0.135,-1,-1,-1,0.356862745098039,0.694117647058824,0.803921568627451
67.22859263420105,0.0,0.021246673608239217,0.03,1,1,1,0.0,0.3333333333333333,0.135,-1,-1,-1,1.0,1.0,-1.0,0.0,-0.3333333333333333,0.135,-1,-1,-1,0.356862745098039,0.694117647058824,0.803921568627451
67.26334571838379,0.0,0.019796003548025364,0.03,1,1,1,0.0,0.3333333333333333,0.135,-1,-1,-1,1.0,1.0,-1.0,0.0,-0.3333333333333333,0.135,-1,-1,-1,0.356862745098039,0.694117647058824,0.803921568627451
67.29805016517639,0.0,0.018345333487811512,0.03,1,1,1,0.0,0.3333333333333333,0.135,-1,-1,-1,1.0,1.0,-1.0,0.0,-0.3333333333333333,0.135,-1,-1,-1,0.356862745098039,0.694117647058824,0.803921568627451
67.33278822898865,0.0,0.01689466342759766,0.03,1,1,1,0.0,0.3333333333333333,0.135,-1,-1,-1,1.0,1.0,-1.0,0.0,-0.3333333333333333,0.135,-1,-1,-1,0.356862745098039,0.694117647058824,0.803921568627451
67.3673346042633,0.0,0.015443993367383805,0.03,1,1,1,0.0,0.3333333333333333,0.135,-1,-1,-1,1.0,1.0,-1.0,0.0,-0.3333333333333333,0.135,-1,-1,-1,0.356862745098039,0.694117647058824,0.803921568627451
67.40207052230835,0.0,0.013993323307169955,0.03,1,1,1,0.0,0.3333333333333333,0.135,-1,-1,-1,1.0,1.0,-1.0,0.0,-0.3333333333333333,0.135,-1,-1,-1,0.356862745098039,0.694117647058824,0.803921568627451
67.43699097633362,0.0,0.012542653246956102,0.03,1,1,1,0.0,0.3333333333333333,0.135,-1,-1,-1,1.0,1.0,-1.0,0.0,-0.3333333333333333,0.135,-1,-1,-1,0.356862745098039,0.694117647058824,0.803921568627451
67.47154021263123,0.0,0.01109198318674225,0.03,1,1,1,0.0,0.3333333333333333,0.135,-1,-1,-1,1.0,1.0,-1.0,0.0,-0.3333333333333333,0.135,-1,-1,-1,0.356862745098039,0.694117647058824,0.803921568627451
67.50648546218872,0.0,0.009641313126528397,0.03,1,1,1,0.0,0.3333333333333333,0.135,-1,-1,-1,1.0,1.0,-1.0,0.0,-0.3333333333333333,0.135,-1,-1,-1,0.356862745098039,0.694117647058824,0.803921568627451
67.54111886024475,0.0,0.008190643066314545,0.03,1,1,1,0.0,0.3333333333333333,0.135,-1,-1,-1,1.0,1.0,-1.0,0.0,-0.3333333333333333,0.135,-1,-1,-1,0.356862745098039,0.694117647058824,0.803921568627451
67.57640504837036,0.0,0.006739973006100693,0.03,1,1,1,0.0,0.3333333333333333,0.135,-1,-1,-1,1.0,1.0,-1.0,0.0,-0.3333333333333333,0.135,-1,-1,-1,0.356862745098039,0.694117647058824,0.803921568627451
67.61095070838928,0.0,0.00528930294588684,0.03,1,1,1,0.0,0.3333333333333333,0.135,-1,-1,-1,1.0,1.0,-1.0,0.0,-0.3333333333333333,0.135,-1,-1,-1,0.356862745098039,0.694117647058824,0.803921568627451
67.64586901664734,0.0,0.003838632885672988,0.03,1,1,1,0.0,0.3333333333333333,0.135,-1,-1,-1,1.0,1.0,-1.0,0.0,-0.3333333333333333,0.135,-1,-1,-1,0.356862745098039,0.694117647058824,0.803921568627451
67.67984867095947,0.0,0.0023879628254591355,0.03,1,1,1,0.0,0.3333333333333333,0.135,-1,-1,-1,1.0,1.0,-1.0,0.0,-0.3333333333333333,0.135,-1,-1,-1,0.356862745098039,0.694117647058824,0.803921568627451
67.71510410308838,0.0,0.0009372927652452822,0.03,1,1,1,0.0,0.3333333333333333,0.135,-1,-1,-1,1.0,1.0,-1.0,0.0,-0.3333333333333333,0.135,-1,-1,-1,0.356862745098039,0.694117647058824,0.803921568627451
67.74931383132935,0.0,-0.0005133772949685712,0.03,1,1,1,0.0,0.3333333333333333,0.135,-1,-1,-1,1.0,1.0,-1.0,0.0,-0.3333333333333333,0.135,-1,-1,-1,0.356862745098039,0.694117647058824,0.803921568627451
67.78433227539062,0.0,-0.0019640473551824247,0.03,1,1,1,0.0,0.3333333333333333,0.135,-1,-1,-1,1.0,1.0,-1.0,0.0,-0.3333333333333333,0.135,-1,-1,-1,0.356862745098039,0.694117647058824,0.803921568627451
67.81872820854187,0.0,-0.0034147174153962775,0.03,1,1,1,0.0,0.3333333333333333,0.135,-1,-1,-1,1.0,1.0,-1.0,0.0,-0.3333333333333333,0.135,-1,-1,-1,0.356862745098039,0.694117647058824,0.803921568627451
67.85381603240967,0.0,-0.004865387475610131,0.03,1,1,1,0.0,0.3333333333333333,0.135,-1,-1,-1,1.0,1.0,-1.0,0.0,-0.3333333333333333,0.135,-1,-1,-1,0.356862745098039,0.694117647058824,0.803921568627451
67.88860440254211,0.0,-0.006316057535823983,0.03,1,1,1,0.0,0.3333333333333333,0.135,-1,-1,-1,1.0,1.0,-1.0,0.0,-0.3333333333333333,0.135,-1,-1,-1,0.356862745098039,0.694117647058824,0.803921568627451
67.92294073104858,0.0,-0.0077667275960378365,0.03,1,1,1,0.0,0.3333333333333333,0.135,-1,-1,-1,1.0,1.0,-1.0,0.0,-0.3333333333333333,0.135,-1,-1,-1,0.356862745098039,0.694117647058824,0.803921568627451
67.95815539360046,0.0,-0.009217397656251689,0.03,1,1,1,0.0,0.3333333333333333,0.135,-1,-1,-1,1.0,1.0,-1.0,0.0,-0.3333333333333333,0.135,-1,-1,-1,0.356862745098039,0.694117647058824,0.803921568627451
67.99296760559082,0.0,-0.010668067716465541,0.03,1,1,1,0.0,0.3333333333333333,0.135,-1,-1,-1,1.0,1.0,-1.0,0.0,-0.3333333333333333,0.135,-1,-1,-1,0.356862745098039,0.694117647058824,0.803921568627451
68.02757215499878,0.0,-0.012118737776679394,0.03,1,1,1,0.0,0.3333333333333333,0.135,-1,-1,-1,1.0,1.0,-1.0,0.0,-0.3333333333333333,0.135,-1,-1,-1,0.356862745098039,0.694117647058824,0.803921568627451
68.0617778301239,0.0,-0.013569407836893246,0.03,1,1,1,0.0,0.3333333333333333,0.135,-1,-1,-1,1.0,1.0,-1.0,0.0,-0.3333333333333333,0.135,-1,-1,-1,0.356862745098039,0.694117647058824,0.803921568627451
68.0965621471405,0.0,-0.015020077897107098,0.03,1,1,1,0.0,0.3333333333333333,0.135,-1,-1,-1,1.0,1.0,-1.0,0.0,-0.3333333333333333,0.135,-1,-1,-1,0.356862745098039,0.694117647058824,0.803921568627451
68.13157153129578,0.0,-0.016470747957320953,0.03,1,1,1,0.0,0.3333333333333333,0.135,-1,-1,-1,1.0,1.0,-1.0,0.0,-0.3333333333333333,0.135,-1,-1,-1,0.356862745098039,0.694117647058824,0.803921568627451
68.16646933555603,0.0,-0.017921418017534805,0.03,1,1,1,0.0,0.3333333333333333,0.135,-1,-1,-1,1.0,1.0,-1.0,0.0,-0.3333333333333333,0.135,-1,-1,-1,0.356862745098039,0.694117647058824,0.803921568627451
68.20101881027222,0.0,-0.019372088077748657,0.03,1,1,1,0.0,0.3333333333333333,0.135,-1,-1,-1,1.0,1.0,-1.0,0.0,-0.3333333333333333,0.135,-1,-1,-1,0.356862745098039,0.694117647058824,0.803921568627451
68.23558354377747,0.0,-0.02082275813796251,0.03,1,1,1,0.0,0.3333333333333333,0.135,-1,-1,-1,1.0,1.0,-1.0,0.0,-0.3333333333333333,0.135,-1,-1,-1,0.356862745098039,0.694117647058824,0.803921568627451
68.2701826095581,0.0,-0.022273428198176362,0.03,1,1,1,0.0,0.3333333333333333,0.135,-1,-1,-1,1.0,1.0,-1.0,0.0,-0.3333333333333333,0.135,-1,-1,-1,0.356862745098039,0.694117647058824,0.803921568627451
68.30489492416382,0.0,-0.023724098258390214,0.03,1,1,1,0.0,0.3333333333333333,0.135,-1,-1,-1,1.0,1.0,-1.0,0.0,-0.3333333333333333,0.135,-1,-1,-1,0.356862745098039,0.694117647058824,0.803921568627451
68.3397753238678,0.0,-0.025174768318604067,0.03,1,1,1,0.0,0.3333333333333333,0.135,-1,-1,-1,1.0,1.0,-1.0,0.0,-0.3333333333333333,0.135,-1,-1,-1,0.356862745098039,0.694117647058824,0.803921568627451
68.37433791160583,0.0,-0.02662543837881792,0.03,1,1,1,0.0,0.3333333333333333,0.135,-1,-1,-1,1.0,1.0,-1.0,0.0,-0.3333333333333333,0.135,-1,-1,-1,0.356862745098039,0.694117647058824,0.803921568627451
68.40921378135681,0.0,-0.02807610843903177,0.03,1,1,1,0.0,0.3333333333333333,0.135,-1,-1,-1,1.0,1.0,-1.0,0.0,-0.3333333333333333,0.135,-1,-1,-1,0.356862745098039,0.694117647058824,0.803921568627451
68.44396138191223,0.0,-0.024297962815465014,0.03,1,1,1,0.0,0.3333333333333333,0.135,-1,-1,-1,1.0,1.0,-1.0,0.0,-0.3333333333333333,0.135,-1,-1,-1,0.356862745098039,0.694117647058824,0.803921568627451
68.47863435745239,0.0,-0.020519817191898257,0.03,1,1,1,0.0,0.3333333333333333,0.135,-1,-1,-1,1.0,1.0,-1.0,0.0,-0.3333333333333333,0.135,-1,-1,-1,0.356862745098039,0.694117647058824,0.803921568627451
68.5133216381073,0.0,-0.0167416715683315,0.03,1,1,1,0.0,0.3333333333333333,0.135,-1,-1,-1,1.0,1.0,-1.0,0.0,-0.3333333333333333,0.135,-1,-1,-1,0.356862745098039,0.694117647058824,0.803921568627451
68.54819536209106,0.0,-0.012963525944764734,0.03,1,1,1,0.0,0.3333333333333333,0.135,-1,-1,-1,1.0,1.0,-1.0,0.0,-0.3333333333333333,0.135,-1,-1,-1,0.356862745098039,0.694117647058824,0.803921568627451
68.58272886276245,0.0,-0.009185380321197967,0.03,1,1,1,0.0,0.3333333333333333,0.135,-1,-1,-1,1.0,1.0,-1.0,0.0,-0.3333333333333333,0.135,-1,-1,-1,0.356862745098039,0.694117647058824,0.803921568627451
68.61756181716919,0.0,-0.005407234697631201,0.03,1,1,1,0.0,0.3333333333333333,0.135,-1,-1,-1,1.0,1.0,-1.0,0.0,-0.3333333333333333,0.135,-1,-1,-1,0.356862745098039,0.694117647058824,0.803921568627451
68.65250444412231,0.0,-0.0016290890740644367,0.03,1,1,1,0.0,0.3333333333333333,0.135,-1,-1,-1,1.0,1.0,-1.0,0.0,-0.3333333333333333,0.135,-1,-1,-1,0.356862745098039,0.694117647058824,0.803921568627451
68.6868577003479,0.0,0.0021490565495023276,0.03,1,1,1,0.0,0.3333333333333333,0.135,-1,-1,-1,1.0,1.0,-1.0,0.0,-0.3333333333333333,0.135,-1,-1,-1,0.356862745098039,0.694117647058824,0.803921568627451
68.72149538993835,0.0,0.005927202173069092,0.03,1,1,1,0.0,0.3333333333333333,0.135,-1,-1,-1,1.0,1.0,-1.0,0.0,-0.3333333333333333,0.135,-1,-1,-1,0.356862745098039,0.694117647058824,0.803921568627451
68.75668692588806,0.0,0.009705347796635858,0.03,1,1,1,0.0,0.3333333333333333,0.135,-1,-1,-1,1.0,1.0,-1.0,0.0,-0.3333333333333333,0.135,-1,-1,-1,0.356862745098039,0.694117647058824,0.803921568627451
68.79166865348816,0.0,0.013483493420202624,0.03,1,1,1,0.0,0.3333333333333333,0.135,-1,-1,-1,1.0,1.0,-1.0,0.0,-0.3333333333333333,0.135,-1,-1,-1,0.356862745098039,0.694117647058824,0.803921568627451
68.82626533508301,0.0,0.017261639043769386,0.03,1,1,1,0.0,0.3333333333333333,0.135,-1,-1,-1,1.0,1.0,-1.0,0.0,-0.3333333333333333,0.135,-1,-1,-1,0.356862745098039,0.694117647058824,0.803921568627451
68.86076855659485,0.0,0.021039784667336144,0.03,1,1,1,0.0,0.3333333333333333,0.135,-1,-1,-1,1.0,1.0,-1.0,0.0,-0.3333333333333333,0.135,-1,-1,-1,0.356862745098039,0.694117647058824,0.803921568627451
68.89574694633484,0.0,0.0248179302909029,0.03,1,1,1,0.0,0.3333333333333333,0.135,-1,-1,-1,1.0,1.0,-1.0,0.0,-0.3333333333333333,0.135,-1,-1,-1,0.356862745098039,0.694117647058824,0.803921568627451
68.93031144142151,0.0,0.02859607591446966,0.03,1,1,1,0.0,0.3333333333333333,0.135,-1,-1,-1,1.0,1.0,-1.0,0.0,-0.3333333333333333,0.135,-1,-1,-1,0.356862745098039,0.694117647058824,0.803921568627451
68.96502733230591,0.0,0.03237422153803642,0.03,1,1,1,0.0,0.3333333333333333,0.135,-1,-1,-1,1.0,1.0,-1.0,0.0,-0.3333333333333333,0.135,-1,-1,-1,0.356862745098039,0.694117647058824,0.803921568627451
68.99979138374329,0.0,0.03615236716160318,0.03,1,1,1,0.0,0.3333333333333333,0.135,-1,-1,-1,1.0,1.0,-1.0,0.0,-0.3333333333333333,0.135,-1,-1,-1,0.356862745098039,0.694117647058824,0.803921568627451
69.03449392318726,0.0,0.03993051278516994,0.03,1,1,1,0.0,0.3333333333333333,0.135,-1,-1,-1,1.0,1.0,-1.0,0.0,-0.3333333333333333,0.135,-1,-1,-1,0.356862745098039,0.694117647058824,0.803921568627451
69.06933045387268,0.0,0.043708658408736695,0.03,1,1,1,0.0,0.3333333333333333,0.135,-1,-1,-1,1.0,1.0,-1.0,0.0,-0.3333333333333333,0.135,-1,-1,-1,0.356862745098039,0.694117647058824,0.803921568627451
69.10356140136719,0.0,0.04748680403230345,0.03,1,1,1,0.0,0.3333333333333333,0.135,-1,-1,-1,1.0,1.0,-1.0,0.0,-0.3333333333333333,0.135,-1,-1,-1,0.356862745098039,0.694117647058824,0.803921568627451
69.13833951950073,0.0,0.05126494965587021,0.03,1,1,1,0.0,0.3333333333333333,0.135,-1,-1,-1,1.0,1.0,-1.0,0.0,-0.3333333333333333,0.135,-1,-1,-1,0.356862745098039,0.694117647058824,0.803921568627451
69.17329859733582,0.0,0.05504309527943697,0.03,1,1,1,0.0,0.3333333333333333,0.135,-1,-1,-1,1.0,1.0,-1.0,0.0,-0.3333333333333333,0.135,-1,-1,-1,0.356862745098039,0.694117647058824,0.803921568627451
69.20815634727478,0.0,0.058821240903003724,0.03,1,1,1,0.0,0.3333333333333333,0.135,-1,-1,-1,1.0,1.0,-1.0,0.0,-0.3333333333333333,0.135,-1,-1,-1,0.356862745098039,0.694117647058824,0.803921568627451
69.24300146102905,0.0,0.0625993865265705,0.03,1,1,1,0.0,0.3333333333333333,0.135,-1,-1,-1,1.0,1.0,-1.0,0.0,-0.3333333333333333,0.135,-1,-1,-1,0.356862745098039,0.694117647058824,0.803921568627451
69.27774167060852,0.0,0.0663775321501373,0.03,1,1,1,0.0,0.3333333333333333,0.135,-1,-1,-1,1.0,1.0,-1.0,0.0,-0.3333333333333333,0.135,-1,-1,-1,0.356862745098039,0.694117647058824,0.803921568627451
69.31316065788269,0.0,0.07015567777370409,0.03,1,1,1,0.0,0.3333333333333333,0.135,-1,-1,-1,1.0,1.0,-1.0,0.0,-0.3333333333333333,0.135,-1,-1,-1,0.356862745098039,0.694117647058824,0.803921568627451
69.34651684761047,0.0,0.07393382339727088,0.03,1,1,1,0.0,0.3333333333333333,0.135,-1,-1,-1,1.0,1.0,-1.0,0.0,-0.3333333333333333,0.135,-1,-1,-1,0.356862745098039,0.694117647058824,0.803921568627451
69.38143849372864,0.0,0.07771196902083767,0.03,1,1,1,0.0,0.3333333333333333,0.135,-1,-1,-1,1.0,1.0,-1.0,0.0,-0.3333333333333333,0.135,-1,-1,-1,0.356862745098039,0.694117647058824,0.803921568627451
69.41655683517456,0.0,0.08149011464440446,0.03,1,1,1,0.0,0.3333333333333333,0.135,-1,-1,-1,1.0,1.0,-1.0,0.0,-0.3333333333333333,0.135,-1,-1,-1,0.356862745098039,0.694117647058824,0.803921568627451
69.45075345039368,0.0,0.08526826026797125,0.03,1,1,1,0.0,0.3333333333333333,0.135,-1,-1,-1,1.0,1.0,-1.0,0.0,-0.3333333333333333,0.135,-1,-1,-1,0.356862745098039,0.694117647058824,0.803921568627451
69.48605036735535,0.0,0.08904640589153805,0.03,1,1,1,0.0,0.3333333333333333,0.135,-1,-1,-1,1.0,1.0,-1.0,0.0,-0.3333333333333333,0.135,-1,-1,-1,0.356862745098039,0.694117647058824,0.803921568627451
69.52068758010864,0.0,0.09282455151510484,0.03,1,1,1,0.0,0.3333333333333333,0.135,-1,-1,-1,1.0,1.0,-1.0,0.0,-0.3333333333333333,0.135,-1,-1,-1,0.356862745098039,0.694117647058824,0.803921568627451
69.55527472496033,0.0,0.09660269713867163,0.03,1,1,1,0.0,0.3333333333333333,0.135,-1,-1,-1,1.0,1.0,-1.0,0.0,-0.3333333333333333,0.135,-1,-1,-1,0.356862745098039,0.694117647058824,0.803921568627451
69.59016561508179,0.0,0.10038084276223842,0.03,1,1,1,0.0,0.3333333333333333,0.135,-1,-1,-1,1.0,1.0,-1.0,0.0,-0.3333333333333333,0.135,-1,-1,-1,0.356862745098039,0.694117647058824,0.803921568627451
69.62433910369873,0.0,0.1018801197786252,0.03,1,1,1,0.0,0.3333333333333333,0.135,-1,-1,-1,1.0,1.0,-1.0,0.0,-0.3333333333333333,0.135,-1,-1,-1,0.356862745098039,0.694117647058824,0.803921568627451
69.65962743759155,0.0,0.09996109388424194,0.03,1,1,1,0.0,0.3333333333333333,0.135,-1,-1,-1,1.0,1.0,-1.0,0.0,-0.3333333333333333,0.135,-1,-1,-1,0.356862745098039,0.694117647058824,0.803921568627451
69.69448232650757,0.0,0.09804206798985869,0.03,1,1,1,0.0,0.3333333333333333,0.135,-1,-1,-1,1.0,1.0,-1.0,0.0,-0.3333333333333333,0.135,-1,-1,-1,0.356862745098039,0.694117647058824,0.803921568627451
69.7290506362915,0.0,0.09612304209547544,0.03,1,1,1,0.0,0.3333333333333333,0.135,-1,-1,-1,1.0,1.0,-1.0,0.0,-0.3333333333333333,0.135,-1,-1,-1,0.356862745098039,0.694117647058824,0.803921568627451
69.76369285583496,0.0,0.09420401620109219,0.03,1,1,1,0.0,0.3333333333333333,0.135,-1,-1,-1,1.0,1.0,-1.0,0.0,-0.3333333333333333,0.135,-1,-1,-1,0.356862745098039,0.694117647058824,0.803921568627451
69.79848909378052,0.0,0.09228499030670893,0.03,1,1,1,0.0,0.3333333333333333,0.135,-1,-1,-1,1.0,1.0,-1.0,0.0,-0.3333333333333333,0.135,-1,-1,-1,0.356862745098039,0.694117647058824,0.803921568627451
69.83277416229248,0.0,0.09036596441232568,0.03,1,1,1,0.0,0.3333333333333333,0.135,-1,-1,-1,1.0,1.0,-1.0,0.0,-0.3333333333333333,0.135,-1,-1,-1,0.356862745098039,0.694117647058824,0.803921568627451
69.86748170852661,0.0,0.08844693851794243,0.03,1,1,1,0.0,0.3333333333333333,0.135,-1,-1,-1,1.0,1.0,-1.0,0.0,-0.3333333333333333,0.135,-1,-1,-1,0.356862745098039,0.694117647058824,0.803921568627451
69.90280365943909,0.0,0.08652791262355918,0.03,1,1,1,0.0,0.3333333333333333,0.135,-1,-1,-1,1.0,1.0,-1.0,0.0,-0.3333333333333333,0.135,-1,-1,-1,0.356862745098039,0.694117647058824,0.803921568627451
69.9368884563446,0.0,0.08460888672917592,0.03,1,1,1,0.0,0.3333333333333333,0.135,-1,-1,-1,1.0,1.0,-1.0,0.0,-0.3333333333333333,0.135,-1,-1,-1,0.356862745098039,0.694117647058824,0.803921568627451
69.97151231765747,0.0,0.08268986083479267,0.03,1,1,1,0.0,0.3333333333333333,0.135,-1,-1,-1,1.0,1.0,-1.0,0.0,-0.3333333333333333,0.135,-1,-1,-1,0.356862745098039,0.694117647058824,0.803921568627451
70.00684714317322,0.0,0.08077083494040942,0.03,1,1,1,0.0,0.3333333333333333,0.135,-1,-1,-1,1.0,1.0,-1.0,0.0,-0.3333333333333333,0.135,-1,-1,-1,0.356862745098039,0.694117647058824,0.803921568627451
70.04134249687195,0.0,0.07885180904602616,0.03,1,1,1,0.0,0.3333333333333333,0.135,-1,-1,-1,1.0,1.0,-1.0,0.0,-0.3333333333333333,0.135,-1,-1,-1,0.356862745098039,0.694117647058824,0.803921568627451
70.07575964927673,0.0,0.07693278315164291,0.03,1,1,1,0.0,0.3333333333333333,0.135,-1,-1,-1,1.0,1.0,-1.0,0.0,-0.3333333333333333,0.135,-1,-1,-1,0.356862745098039,0.694117647058824,0.803921568627451
70.1108341217041,0.0,0.07501375725725966,0.03,1,1,1,0.0,0.3333333333333333,0.135,-1,-1,-1,1.0,1.0,-1.0,0.0,-0.3333333333333333,0.135,-1,-1,-1,0.356862745098039,0.694117647058824,0.803921568627451
70.1457359790802,0.0,0.0730947313628764,0.03,1,1,1,0.0,0.3333333333333333,0.135,-1,-1,-1,1.0,1.0,-1.0,0.0,-0.3333333333333333,0.135,-1,-1,-1,0.356862745098039,0.694117647058824,0.803921568627451
70.17985796928406,0.0,0.07117570546849315,0.03,1,1,1,0.0,0.3333333333333333,0.135,-1,-1,-1,1.0,1.0,-1.0,0.0,-0.3333333333333333,0.135,-1,-1,-1,0.356862745098039,0.694117647058824,0.803921568627451
70.2151186466217,0.0,0.0692566795741099,0.03,1,1,1,0.0,0.3333333333333333,0.135,-1,-1,-1,1.0,1.0,-1.0,0.0,-0.3333333333333333,0.135,-1,-1,-1,0.356862745098039,0.694117647058824,0.803921568627451
70.24924230575562,0.0,0.06733765367972665,0.03,1,1,1,0.0,0.3333333333333333,0.135,-1,-1,-1,1.0,1.0,-1.0,0.0,-0.3333333333333333,0.135,-1,-1,-1,0.356862745098039,0.694117647058824,0.803921568627451
70.28455138206482,0.0,0.0654186277853434,0.03,1,1,1,0.0,0.3333333333333333,0.135,-1,-1,-1,1.0,1.0,-1.0,0.0,-0.3333333333333333,0.135,-1,-1,-1,0.356862745098039,0.694117647058824,0.803921568627451
70.31931734085083,0.0,0.06349960189096014,0.03,1,1,1,0.0,0.3333333333333333,0.135,-1,-1,-1,1.0,1.0,-1.0,0.0,-0.3333333333333333,0.135,-1,-1,-1,0.356862745098039,0.694117647058824,0.803921568627451
70.35342192649841,0.0,0.06158057599657691,0.03,1,1,1,0.0,0.3333333333333333,0.135,-1,-1,-1,1.0,1.0,-1.0,0.0,-0.3333333333333333,0.135,-1,-1,-1,0.356862745098039,0.694117647058824,0.803921568627451
70.38901710510254,0.0,0.05966155010219367,0.03,1,1,1,0.0,0.3333333333333333,0.135,-1,-1,-1,1.0,1.0,-1.0,0.0,-0.3333333333333333,0.135,-1,-1,-1,0.356862745098039,0.694117647058824,0.803921568627451
70.42310047149658,0.0,0.05774252420781045,0.03,1,1,1,0.0,0.3333333333333333,0.135,-1,-1,-1,1.0,1.0,-1.0,0.0,-0.3333333333333333,0.135,-1,-1,-1,0.356862745098039,0.694117647058824,0.803921568627451
70.4577887058258,0.0,0.055823498313427235,0.03,1,1,1,0.0,0.3333333333333333,0.135,-1,-1,-1,1.0,1.0,-1.0,0.0,-0.3333333333333333,0.135,-1,-1,-1,0.356862745098039,0.694117647058824,0.803921568627451
70.492502450943,0.0,0.05390447241904402,0.03,1,1,1,0.0,0.3333333333333333,0.135,-1,-1,-1,1.0,1.0,-1.0,0.0,-0.3333333333333333,0.135,-1,-1,-1,0.356862745098039,0.694117647058824,0.803921568627451
70.5272421836853,0.0,0.0519854465246608,0.03,1,1,1,0.0,0.3333333333333333,0.135,-1,-1,-1,1.0,1.0,-1.0,0.0,-0.3333333333333333,0.135,-1,-1,-1,0.356862745098039,0.694117647058824,0.803921568627451
70.56213545799255,0.0,0.05006642063027758,0.03,1,1,1,0.0,0.3333333333333333,0.135,-1,-1,-1,1.0,1.0,-1.0,0.0,-0.3333333333333333,0.135,-1,-1,-1,0.356862745098039,0.694117647058824,0.803921568627451
70.59700918197632,0.0,0.04814739473589436,0.03,1,1,1,0.0,0.3333333333333333,0.135,-1,-1,-1,1.0,1.0,-1.0,0.0,-0.3333333333333333,0.135,-1,-1,-1,0.356862745098039,0.694117647058824,0.803921568627451
70.63153719902039,0.0,0.046228368841511144,0.03,1,1,1,0.0,0.3333333333333333,0.135,-1,-1,-1,1.0,1.0,-1.0,0.0,-0.3333333333333333,0.135,-1,-1,-1,0.356862745098039,0.694117647058824,0.803921568627451
70.66634345054626,0.0,0.044309342947127926,0.03,1,1,1,0.0,0.3333333333333333,0.135,-1,-1,-1,1.0,1.0,-1.0,0.0,-0.3333333333333333,0.135,-1,-1,-1,0.356862745098039,0.694117647058824,0.803921568627451
70.7012026309967,0.0,0.04239031705274471,0.03,1,1,1,0.0,0.3333333333333333,0.135,-1,-1,-1,1.0,1.0,-1.0,0.0,-0.3333333333333333,0.135,-1,-1,-1,0.356862745098039,0.694117647058824,0.803921568627451
70.73572325706482,0.0,0.04047129115836149,0.03,1,1,1,0.0,0.3333333333333333,0.135,-1,-1,-1,1.0,1.0,-1.0,0.0,-0.3333333333333333,0.135,-1,-1,-1,0.356862745098039,0.694117647058824,0.803921568627451
70.77067303657532,0.0,0.03855226526397827,0.03,1,1,1,0.0,0.3333333333333333,0.135,-1,-1,-1,1.0,1.0,-1.0,0.0,-0.3333333333333333,0.135,-1,-1,-1,0.356862745098039,0.694117647058824,0.803921568627451
70.80484318733215,0.0,0.036633239369595054,0.03,1,1,1,0.0,0.3333333333333333,0.135,-1,-1,-1,1.0,1.0,-1.0,0.0,-0.3333333333333333,0.135,-1,-1,-1,0.356862745098039,0.694117647058824,0.803921568627451
70.83948159217834,0.0,0.039701964871143997,0.03,1,1,1,0.0,0.3333333333333333,0.135,-1,-1,-1,1.0,1.0,-1.0,0.0,-0.3333333333333333,0.135,-1,-1,-1,0.356862745098039,0.694117647058824,0.803921568627451
70.87424826622009,0.0,0.04401762822167598,0.03,1,1,1,0.0,0.3333333333333333,0.135,-1,-1,-1,1.0,1.0,-1.0,0.0,-0.3333333333333333,0.135,-1,-1,-1,0.356862745098039,0.694117647058824,0.803921568627451
70.90933537483215,0.0,0.04833329157220796,0.03,1,1,1,0.0,0.3333333333333333,0.135,-1,-1,-1,1.0,1.0,-1.0,0.0,-0.3333333333333333,0.135,-1,-1,-1,0.356862745098039,0.694117647058824,0.803921568627451
70.9439446926117,0.0,0.052648954922739945,0.03,1,1,1,0.0,0.3333333333333333,0.135,-1,-1,-1,1.0,1.0,-1.0,0.0,-0.3333333333333333,0.135,-1,-1,-1,0.356862745098039,0.694117647058824,0.803921568627451
70.97945761680603,0.0,0.05696461827327193,0.03,1,1,1,0.0,0.3333333333333333,0.135,-1,-1,-1,1.0,1.0,-1.0,0.0,-0.3333333333333333,0.135,-1,-1,-1,0.356862745098039,0.694117647058824,0.803921568627451
71.01308798789978,0.0,0.0612802816238039,0.03,1,1,1,0.0,0.3333333333333333,0.135,-1,-1,-1,1.0,1.0,-1.0,0.0,-0.3333333333333333,0.135,-1,-1,-1,0.356862745098039,0.694117647058824,0.803921568627451
71.04836320877075,0.0,0.06559594497433587,0.03,1,1,1,0.0,0.3333333333333333,0.135,-1,-1,-1,1.0,1.0,-1.0,0.0,-0.3333333333333333,0.135,-1,-1,-1,0.356862745098039,0.694117647058824,0.803921568627451
71.08300590515137,0.0,0.06991160832486781,0.03,1,1,1,0.0,0.3333333333333333,0.135,-1,-1,-1,1.0,1.0,-1.0,0.0,-0.3333333333333333,0.135,-1,-1,-1,0.356862745098039,0.694117647058824,0.803921568627451
71.11781454086304,0.0,0.07422727167539976,0.03,1,1,1,0.0,0.3333333333333333,0.135,-1,-1,-1,1.0,1.0,-1.0,0.0,-0.3333333333333333,0.135,-1,-1,-1,0.356862745098039,0.694117647058824,0.803921568627451
71.15208840370178,0.0,0.07854293502593171,0.03,1,1,1,0.0,0.3333333333333333,0.135,-1,-1,-1,1.0,1.0,-1.0,0.0,-0.3333333333333333,0.135,-1,-1,-1,0.356862745098039,0.694117647058824,0.803921568627451
71.1873517036438,0.0,0.08285859837646366,0.03,1,1,1,0.0,0.3333333333333333,0.135,-1,-1,-1,1.0,1.0,-1.0,0.0,-0.3333333333333333,0.135,-1,-1,-1,0.356862745098039,0.694117647058824,0.803921568627451
71.22193360328674,0.0,0.0871742617269956,0.03,1,1,1,0.0,0.3333333333333333,0.135,-1,-1,-1,1.0,1.0,-1.0,0.0,-0.3333333333333333,0.135,-1,-1,-1,0.356862745098039,0.694117647058824,0.803921568627451
71.256826877594,0.0,0.09148992507752755,0.03,1,1,1,0.0,0.3333333333333333,0.135,-1,-1,-1,1.0,1.0,-1.0,0.0,-0.3333333333333333,0.135,-1,-1,-1,0.356862745098039,0.694117647058824,0.803921568627451
71.29161334037781,0.0,0.0958055884280595,0.03,1,1,1,0.0,0.3333333333333333,0.135,-1,-1,-1,1.0,1.0,-1.0,0.0,-0.3333333333333333,0.135,-1,-1,-1,0.356862745098039,0.694117647058824,0.803921568627451
71.32642197608948,0.0,0.10012125177859145,0.03,1,1,1,0.0,0.3333333333333333,0.135,-1,-1,-1,1.0,1.0,-1.0,0.0,-0.3333333333333333,0.135,-1,-1,-1,0.356862745098039,0.694117647058824,0.803921568627451
71.36110091209412,0.0,0.1044369151291234,0.03,1,1,1,0.0,0.3333333333333333,0.135,-1,-1,-1,1.0,1.0,-1.0,0.0,-0.3333333333333333,0.135,-1,-1,-1,0.356862745098039,0.694117647058824,0.803921568627451
71.39593577384949,0.0,0.10875257847965535,0.03,1,1,1,0.0,0.3333333333333333,0.135,-1,-1,-1,1.0,1.0,-1.0,0.0,-0.3333333333333333,0.135,-1,-1,-1,0.356862745098039,0.694117647058824,0.803921568627451
71.42989444732666,0.0,0.1130682418301873,0.03,1,1,1,0.0,0.3333333333333333,0.135,-1,-1,-1,1.0,1.0,-1.0,0.0,-0.3333333333333333,0.135,-1,-1,-1,0.356862745098039,0.694117647058824,0.803921568627451
71.46463775634766,0.0,0.11738390518071924,0.03,1,1,1,0.0,0.3333333333333333,0.135,-1,-1,-1,1.0,1.0,-1.0,0.0,-0.3333333333333333,0.135,-1,-1,-1,0.356862745098039,0.694117647058824,0.803921568627451
71.49972462654114,0.0,0.12169956853125118,0.03,1,1,1,0.0,0.3333333333333333,0.135,-1,-1,-1,1.0,1.0,-1.0,0.0,-0.3333333333333333,0.135,-1,-1,-1,0.356862745098039,0.694117647058824,0.803921568627451
71.5347888469696,0.0,0.12601523188178312,0.03,1,1,1,0.0,0.3333333333333333,0.135,-1,-1,-1,1.0,1.0,-1.0,0.0,-0.3333333333333333,0.135,-1,-1,-1,0.356862745098039,0.694117647058824,0.803921568627451
71.56879711151123,0.0,0.13033089523231514,0.03,1,1,1,0.0,0.3333333333333333,0.135,-1,-1,-1,1.0,1.0,-1.0,0.0,-0.3333333333333333,0.135,-1,-1,-1,0.356862745098039,0.694117647058824,0.803921568627451
71.60346460342407,0.0,0.13464655858284716,0.03,1,1,1,0.0,0.3333333333333333,0.135,-1,-1,-1,1.0,1.0,-1.0,0.0,-0.3333333333333333,0.135,-1,-1,-1,0.356862745098039,0.694117647058824,0.803921568627451
71.63881230354309,0.0,0.13896222193337918,0.03,1,1,1,0.0,0.3333333333333333,0.135,-1,-1,-1,1.0,1.0,-1.0,0.0,-0.3333333333333333,0.135,-1,-1,-1,0.356862745098039,0.694117647058824,0.803921568627451
71.67346119880676,0.0,0.1432778852839112,0.03,1,1,1,0.0,0.3333333333333333,0.135,-1,-1,-1,1.0,1.0,-1.0,0.0,-0.3333333333333333,0.135,-1,-1,-1,0.356862745098039,0.694117647058824,0.803921568627451
71.70752143859863,0.0,0.1475935486344432,0.03,1,1,1,0.0,0.3333333333333333,0.135,-1,-1,-1,1.0,1.0,-1.0,0.0,-0.3333333333333333,0.135,-1,-1,-1,0.356862745098039,0.694117647058824,0.803921568627451
71.74300956726074,0.0,0.15190921198497523,0.03,1,1,1,0.0,0.3333333333333333,0.135,-1,-1,-1,1.0,1.0,-1.0,0.0,-0.3333333333333333,0.135,-1,-1,-1,0.356862745098039,0.694117647058824,0.803921568627451
71.77761960029602,0.0,0.15622487533550725,0.03,1,1,1,0.0,0.3333333333333333,0.135,-1,-1,-1,1.0,1.0,-1.0,0.0,-0.3333333333333333,0.135,-1,-1,-1,0.356862745098039,0.694117647058824,0.803921568627451
71.8123767375946,0.0,0.16054053868603926,0.03,1,1,1,0.0,0.3333333333333333,0.135,-1,-1,-1,1.0,1.0,-1.0,0.0,-0.3333333333333333,0.135,-1,-1,-1,0.356862745098039,0.694117647058824,0.803921568627451
71.84712290763855,0.0,0.16485620203657128,0.03,1,1,1,0.0,0.3333333333333333,0.135,-1,-1,-1,1.0,1.0,-1.0,0.0,-0.3333333333333333,0.135,-1,-1,-1,0.356862745098039,0.694117647058824,0.803921568627451
71.88264441490173,0.0,0.1691718653871033,0.03,1,1,1,0.0,0.3333333333333333,0.135,-1,-1,-1,1.0,1.0,-1.0,0.0,-0.3333333333333333,0.135,-1,-1,-1,0.356862745098039,0.694117647058824,0.803921568627451
71.91587686538696,0.0,0.17348752873763532,0.03,1,1,1,0.0,0.3333333333333333,0.135,-1,-1,-1,1.0,1.0,-1.0,0.0,-0.3333333333333333,0.135,-1,-1,-1,0.356862745098039,0.694117647058824,0.803921568627451
71.95110845565796,0.0,0.17780319208816733,0.03,1,1,1,0.0,0.3333333333333333,0.135,-1,-1,-1,1.0,1.0,-1.0,0.0,-0.3333333333333333,0.135,-1,-1,-1,0.356862745098039,0.694117647058824,0.803921568627451
71.98596429824829,0.0,0.18211885543869935,0.03,1,1,1,0.0,0.3333333333333333,0.135,-1,-1,-1,1.0,1.0,-1.0,0.0,-0.3333333333333333,0.135,-1,-1,-1,0.356862745098039,0.694117647058824,0.803921568627451
72.02021265029907,0.0,0.1864425385944979,0.03,1,1,1,0.0,0.3333333333333333,0.135,-1,-1,-1,1.0,1.0,-1.0,0.0,-0.3333333333333333,0.135,-1,-1,-1,0.356862745098039,0.694117647058824,0.803921568627451
72.05503630638123,0.0,0.1907983009713625,0.03,1,1,1,0.0,0.3333333333333333,0.135,-1,-1,-1,1.0,1.0,-1.0,0.0,-0.3333333333333333,0.135,-1,-1,-1,0.356862745098039,0.694117647058824,0.803921568627451
72.09032154083252,0.0,0.1951540633482271,0.03,1,1,1,0.0,0.3333333333333333,0.135,-1,-1,-1,1.0,1.0,-1.0,0.0,-0.3333333333333333,0.135,-1,-1,-1,0.356862745098039,0.694117647058824,0.803921568627451
72.12422108650208,0.0,0.1995098257250917,0.03,1,1,1,0.0,0.3333333333333333,0.135,-1,-1,-1,1.0,1.0,-1.0,0.0,-0.3333333333333333,0.135,-1,-1,-1,0.356862745098039,0.694117647058824,0.803921568627451
72.15948486328125,0.0,0.20386558810195632,0.03,1,1,1,0.0,0.3333333333333333,0.135,-1,-1,-1,1.0,1.0,-1.0,0.0,-0.3333333333333333,0.135,-1,-1,-1,0.356862745098039,0.694117647058824,0.803921568627451
72.19375681877136,0.0,0.20822135047882093,0.03,1,1,1,0.0,0.3333333333333333,0.135,-1,-1,-1,1.0,1.0,-1.0,0.0,-0.3333333333333333,0.135,-1,-1,-1,0.356862745098039,0.694117647058824,0.803921568627451
72.22880053520203,0.0,0.21257711285568553,0.03,1,1,1,0.0,0.3333333333333333,0.135,-1,-1,-1,1.0,1.0,-1.0,0.0,-0.3333333333333333,0.135,-1,-1,-1,0.356862745098039,0.694117647058824,0.803921568627451
72.26358413696289,0.0,0.21693287523255014,0.03,1,1,1,0.0,0.3333333333333333,0.135,-1,-1,-1,1.0,1.0,-1.0,0.0,-0.3333333333333333,0.135,-1,-1,-1,0.356862745098039,0.694117647058824,0.803921568627451
72.29790544509888,0.0,0.22128863760941475,0.03,1,1,1,0.0,0.3333333333333333,0.135,-1,-1,-1,1.0,1.0,-1.0,0.0,-0.3333333333333333,0.135,-1,-1,-1,0.356862745098039,0.694117647058824,0.803921568627451
72.33261585235596,0.0,0.22564439998627936,0.03,1,1,1,0.0,0.3333333333333333,0.135,-1,-1,-1,1.0,1.0,-1.0,0.0,-0.3333333333333333,0.135,-1,-1,-1,0.356862745098039,0.694117647058824,0.803921568627451
72.36788010597229,0.0,0.23000016236314397,0.03,1,1,1,0.0,0.3333333333333333,0.135,-1,-1,-1,1.0,1.0,-1.0,0.0,-0.3333333333333333,0.135,-1,-1,-1,0.356862745098039,0.694117647058824,0.803921568627451
72.40271830558777,0.0,0.23435592474000858,0.03,1,1,1,0.0,0.3333333333333333,0.135,-1,-1,-1,1.0,1.0,-1.0,0.0,-0.3333333333333333,0.135,-1,-1,-1,0.356862745098039,0.694117647058824,0.803921568627451
72.43743324279785,0.0,0.23871168711687316,0.03,1,1,1,0.0,0.3333333333333333,0.135,-1,-1,-1,1.0,1.0,-1.0,0.0,-0.3333333333333333,0.135,-1,-1,-1,0.356862745098039,0.694117647058824,0.803921568627451
72.47203540802002,0.0,0.24306744949373774,0.03,1,1,1,0.0,0.3333333333333333,0.135,-1,-1,-1,1.0,1.0,-1.0,0.0,-0.3333333333333333,0.135,-1,-1,-1,0.356862745098039,0.694117647058824,0.803921568627451
72.50653505325317,0.0,0.24742321187060234,0.03,1,1,1,0.0,0.3333333333333333,0.135,-1,-1,-1,1.0,1.0,-1.0,0.0,-0.3333333333333333,0.135,-1,-1,-1,0.356862745098039,0.694117647058824,0.803921568627451
72.54120588302612,0.0,0.251778974247467,0.03,1,1,1,0.0,0.3333333333333333,0.135,-1,-1,-1,1.0,1.0,-1.0,0.0,-0.3333333333333333,0.135,-1,-1,-1,0.356862745098039,0.694117647058824,0.803921568627451
72.57595562934875,0.0,0.2561347366243317,0.03,1,1,1,0.0,0.3333333333333333,0.135,-1,-1,-1,1.0,1.0,-1.0,0.0,-0.3333333333333333,0.135,-1,-1,-1,0.356862745098039,0.694117647058824,0.803921568627451
72.61072731018066,0.0,0.2604904990011965,0.03,1,1,1,0.0,0.3333333333333333,0.135,-1,-1,-1,1.0,1.0,-1.0,0.0,-0.3333333333333333,0.135,-1,-1,-1,0.356862745098039,0.694117647058824,0.803921568627451
72.64636945724487,0.0,0.2648462613780612,0.03,1,1,1,0.0,0.3333333333333333,0.135,-1,-1,-1,1.0,1.0,-1.0,0.0,-0.3333333333333333,0.135,-1,-1,-1,0.356862745098039,0.694117647058824,0.803921568627451
72.6802396774292,0.0,0.26920202375492597,0.03,1,1,1,0.0,0.3333333333333333,0.135,-1,-1,-1,1.0,1.0,-1.0,0.0,-0.3333333333333333,0.135,-1,-1,-1,0.356862745098039,0.694117647058824,0.803921568627451
72.71461272239685,0.0,0.2735577861317907,0.03,1,1,1,0.0,0.3333333333333333,0.135,-1,-1,-1,1.0,1.0,-1.0,0.0,-0.3333333333333333,0.135,-1,-1,-1,0.356862745098039,0.694117647058824,0.803921568627451
72.74953842163086,0.0,0.27791354850865546,0.03,1,1,1,0.0,0.3333333333333333,0.135,-1,-1,-1,1.0,1.0,-1.0,0.0,-0.3333333333333333,0.135,-1,-1,-1,0.356862745098039,0.694117647058824,0.803921568627451
72.78429937362671,0.0,0.2822693108855202,0.03,1,1,1,0.0,0.3333333333333333,0.135,-1,-1,-1,1.0,1.0,-1.0,0.0,-0.3333333333333333,0.135,-1,-1,-1,0.356862745098039,0.694117647058824,0.803921568627451
72.8187038898468,0.0,0.28662507326238496,0.03,1,1,1,0.0,0.3333333333333333,0.135,-1,-1,-1,1.0,1.0,-1.0,0.0,-0.3333333333333333,0.135,-1,-1,-1,0.356862745098039,0.694117647058824,0.803921568627451
72.85381984710693,0.0,0.2909808356392497,0.03,1,1,1,0.0,0.3333333333333333,0.135,-1,-1,-1,1.0,1.0,-1.0,0.0,-0.3333333333333333,0.135,-1,-1,-1,0.356862745098039,0.694117647058824,0.803921568627451
72.88847231864929,0.0,0.29533659801611445,0.03,1,1,1,0.0,0.3333333333333333,0.135,-1,-1,-1,1.0,1.0,-1.0,0.0,-0.3333333333333333,0.135,-1,-1,-1,0.356862745098039,0.694117647058824,0.803921568627451
72.92349100112915,0.0,0.2996923603929792,0.03,1,1,1,0.0,0.3333333333333333,0.135,-1,-1,-1,1.0,1.0,-1.0,0.0,-0.3333333333333333,0.135,-1,-1,-1,0.356862745098039,0.694117647058824,0.803921568627451
72.95807647705078,0.0,0.30404812276984394,0.03,1,1,1,0.0,0.3333333333333333,0.135,-1,-1,-1,1.0,1.0,-1.0,0.0,-0.3333333333333333,0.135,-1,-1,-1,0.356862745098039,0.694117647058824,0.803921568627451
72.99295544624329,0.0,0.3084038851467087,0.03,1,1,1,0.0,0.3333333333333333,0.135,-1,-1,-1,1.0,1.0,-1.0,0.0,-0.3333333333333333,0.135,-1,-1,-1,0.356862745098039,0.694117647058824,0.803921568627451
73.02749633789062,0.0,0.31275964752357344,0.03,1,1,1,0.0,0.3333333333333333,0.135,-1,-1,-1,1.0,1.0,-1.0,0.0,-0.3333333333333333,0.135,-1,-1,-1,0.356862745098039,0.694117647058824,0.803921568627451
73.06174516677856,0.0,0.3171154099004382,0.03,1,1,1,0.0,0.3333333333333333,0.135,-1,-1,-1,1.0,1.0,-1.0,0.0,-0.3333333333333333,0.135,-1,-1,-1,0.356862745098039,0.694117647058824,0.803921568627451
73.09662079811096,0.0,0.32147117227730293,0.03,1,1,1,0.0,0.3333333333333333,0.135,-1,-1,-1,1.0,1.0,-1.0,0.0,-0.3333333333333333,0.135,-1,-1,-1,0.356862745098039,0.694117647058824,0.803921568627451
73.13188695907593,0.0,0.3258269346541677,0.03,1,1,1,0.0,0.3333333333333333,0.135,-1,-1,-1,1.0,1.0,-1.0,0.0,-0.3333333333333333,0.135,-1,-1,-1,0.356862745098039,0.694117647058824,0.803921568627451
73.16606998443604,0.0,0.3301826970310324,0.03,1,1,1,0.0,0.3333333333333333,0.135,-1,-1,-1,1.0,1.0,-1.0,0.0,-0.3333333333333333,0.135,-1,-1,-1,0.356862745098039,0.694117647058824,0.803921568627451
73.20075869560242,0.0,0.3336673069325242,0.03,1,1,1,0.0,0.3333333333333333,0.135,-1,-1,-1,1.0,1.0,-1.0,0.0,-0.3333333333333333,0.135,-1,-1,-1,0.356862745098039,0.694117647058824,0.803921568627451
73.23560500144958,0.0,0.0,0.03,1,1,1,0.0,0.3333333333333333,0.12150000000000001,1,1,1,1.0,1.0,-1.0,0.0,-0.3333333333333333,0.135,-1,-1,-1,0.356862745098039,0.694117647058824,0.803921568627451
73.27037215232849,0.0,0.0,0.03,1,1,1,0.0,0.3333333333333333,0.12150000000000001,1,1,1,1.0,1.0,-1.0,0.0,-0.3333333333333333,0.135,-1,-1,-1,0.356862745098039,0.694117647058824,0.803921568627451
73.3048107624054,0.0,0.0,0.03,1,1,1,0.0,0.3333333333333333,0.12150000000000001,1,1,1,1.0,1.0,-1.0,0.0,-0.3333333333333333,0.135,-1,-1,-1,0.356862745098039,0.694117647058824,0.803921568627451
73.33991575241089,0.0,0.0,0.03,1,1,1,0.0,0.3333333333333333,0.12150000000000001,1,1,1,1.0,1.0,-1.0,0.0,-0.3333333333333333,0.135,-1,-1,-1,0.356862745098039,0.694117647058824,0.803921568627451
73.37441849708557,0.0,0.0,0.03,1,1,1,0.0,0.3333333333333333,0.12150000000000001,1,1,1,1.0,1.0,-1.0,0.0,-0.3333333333333333,0.135,-1,-1,-1,0.356862745098039,0.694117647058824,0.803921568627451
73.40935325622559,0.0,0.0,0.03,1,1,1,0.0,0.3333333333333333,0.12150000000000001,1,1,1,1.0,1.0,-1.0,0.0,-0.3333333333333333,0.135,-1,-1,-1,0.356862745098039,0.694117647058824,0.803921568627451
73.44415020942688,0.0,0.0,0.03,1,1,1,0.0,0.3333333333333333,0.12150000000000001,1,1,1,1.0,1.0,-1.0,0.0,-0.3333333333333333,0.135,-1,-1,-1,0.356862745098039,0.694117647058824,0.803921568627451
73.47886109352112,0.0,0.0,0.03,1,1,1,0.0,0.3333333333333333,0.12150000000000001,1,1,1,1.0,1.0,-1.0,0.0,-0.3333333333333333,0.135,-1,-1,-1,0.356862745098039,0.694117647058824,0.803921568627451
73.51358318328857,0.0,0.0,0.03,1,1,1,0.0,0.3333333333333333,0.12150000000000001,1,1,1,1.0,1.0,-1.0,0.0,-0.3333333333333333,0.135,-1,-1,-1,0.356862745098039,0.694117647058824,0.803921568627451
73.54824662208557,0.0,0.0,0.03,1,1,1,0.0,0.3333333333333333,0.12150000000000001,1,1,1,1.0,1.0,-1.0,0.0,-0.3333333333333333,0.135,-1,-1,-1,0.356862745098039,0.694117647058824,0.803921568627451
73.58300805091858,0.0,0.0,0.03,1,1,1,0.0,0.3333333333333333,0.12150000000000001,1,1,1,1.0,1.0,-1.0,0.0,-0.3333333333333333,0.135,-1,-1,-1,0.356862745098039,0.694117647058824,0.803921568627451
73.61752080917358,0.0,0.0,0.03,1,1,1,0.0,0.3333333333333333,0.12150000000000001,1,1,1,1.0,1.0,-1.0,0.0,-0.3333333333333333,0.135,-1,-1,-1,0.356862745098039,0.694117647058824,0.803921568627451
73.65232634544373,0.0,0.0,0.03,1,1,1,0.0,0.3333333333333333,0.12150000000000001,1,1,1,1.0,1.0,-1.0,0.0,-0.3333333333333333,0.135,-1,-1,-1,0.356862745098039,0.694117647058824,0.803921568627451
73.68676400184631,0.0,0.0,0.03,1,1,1,0.0,0.3333333333333333,0.12150000000000001,1,1,1,1.0,1.0,-1.0,0.0,-0.3333333333333333,0.135,-1,-1,-1,0.356862745098039,0.694117647058824,0.803921568627451
73.72181558609009,0.0,0.0,0.03,1,1,1,0.0,0.3333333333333333,0.12150000000000001,1,1,1,1.0,1.0,-1.0,0.0,-0.3333333333333333,0.135,-1,-1,-1,0.356862745098039,0.694117647058824,0.803921568627451
73.75673484802246,0.0,0.0,0.03,1,1,1,0.0,0.3333333333333333,0.12150000000000001,1,1,1,1.0,1.0,-1.0,0.0,-0.3333333333333333,0.135,-1,-1,-1,0.356862745098039,0.694117647058824,0.803921568627451
73.79144835472107,0.0,0.0,0.03,1,1,1,0.0,0.3333333333333333,0.12150000000000001,1,1,1,1.0,1.0,-1.0,0.0,-0.3333333333333333,0.135,-1,-1,-1,0.356862745098039,0.694117647058824,0.803921568627451
73.82648158073425,0.0,0.0,0.03,1,1,1,0.0,0.3333333333333333,0.12150000000000001,1,1,1,1.0,1.0,-1.0,0.0,-0.3333333333333333,0.135,-1,-1,-1,0.356862745098039,0.694117647058824,0.803921568627451
73.86034536361694,0.0,0.0,0.03,1,1,1,0.0,0.3333333333333333,0.12150000000000001,1,1,1,1.0,1.0,-1.0,0.0,-0.3333333333333333,0.135,-1,-1,-1,0.356862745098039,0.694117647058824,0.803921568627451
73.89552569389343,0.0,0.0,0.03,1,1,1,0.0,0.3333333333333333,0.12150000000000001,1,1,1,1.0,1.0,-1.0,0.0,-0.3333333333333333,0.135,-1,-1,-1,0.356862745098039,0.694117647058824,0.803921568627451
73.92979574203491,0.0,0.0,0.03,1,1,1,0.0,0.3333333333333333,0.12150000000000001,1,1,1,1.0,1.0,-1.0,0.0,-0.3333333333333333,0.135,-1,-1,-1,0.356862745098039,0.694117647058824,0.803921568627451
73.96451807022095,0.0,0.0,0.03,1,1,1,0.0,0.3333333333333333,0.12150000000000001,1,1,1,1.0,1.0,-1.0,0.0,-0.3333333333333333,0.135,-1,-1,-1,0.356862745098039,0.694117647058824,0.803921568627451
73.99926233291626,0.0,0.0,0.03,1,1,1,0.0,0.3333333333333333,0.12150000000000001,1,1,1,1.0,1.0,-1.0,0.0,-0.3333333333333333,0.135,-1,-1,-1,0.356862745098039,0.694117647058824,0.803921568627451
74.03438687324524,0.0,0.0,0.03,1,1,1,0.0,0.3333333333333333,0.12150000000000001,1,1,1,1.0,1.0,-1.0,0.0,-0.3333333333333333,0.135,-1,-1,-1,0.356862745098039,0.694117647058824,0.803921568627451
74.06928300857544,0.0,0.0,0.03,1,1,1,0.0,0.3333333333333333,0.12150000000000001,1,1,1,1.0,1.0,-1.0,0.0,-0.3333333333333333,0.135,-1,-1,-1,0.356862745098039,0.694117647058824,0.803921568627451
74.10359621047974,0.0,0.0,0.03,1,1,1,0.0,0.3333333333333333,0.12150000000000001,1,1,1,1.0,1.0,-1.0,0.0,-0.3333333333333333,0.135,-1,-1,-1,0.356862745098039,0.694117647058824,0.803921568627451
74.13871026039124,0.0,0.0,0.03,1,1,1,0.0,0.3333333333333333,0.12150000000000001,1,1,1,1.0,1.0,-1.0,0.0,-0.3333333333333333,0.135,-1,-1,-1,0.356862745098039,0.694117647058824,0.803921568627451
74.17276501655579,0.0,0.0,0.03,1,1,1,0.0,0.3333333333333333,0.12150000000000001,1,1,1,1.0,1.0,-1.0,0.0,-0.3333333333333333,0.135,-1,-1,-1,0.356862745098039,0.694117647058824,0.803921568627451
74.20803928375244,0.0,0.0,0.03,1,1,1,0.0,0.3333333333333333,0.12150000000000001,1,1,1,1.0,1.0,-1.0,0.0,-0.3333333333333333,0.135,-1,-1,-1,0.356862745098039,0.694117647058824,0.803921568627451
74.24279713630676,0.0,0.0,0.03,1,1,1,0.0,0.3333333333333333,0.12150000000000001,1,1,1,1.0,1.0,-1.0,0.0,-0.3333333333333333,0.135,-1,-1,-1,0.356862745098039,0.694117647058824,0.803921568627451
74.27761054039001,0.0,0.0,0.03,1,1,1,0.0,0.3333333333333333,0.12150000000000001,1,1,1,1.0,1.0,-1.0,0.0,-0.3333333333333333,0.135,-1,-1,-1,0.356862745098039,0.694117647058824,0.803921568627451
74.31244111061096,0.0,0.0,0.03,1,1,1,0.0,0.3333333333333333,0.12150000000000001,1,1,1,1.0,1.0,-1.0,0.0,-0.3333333333333333,0.135,-1,-1,-1,0.356862745098039,0.694117647058824,0.803921568627451
74.34717202186584,0.0,0.0,0.03,1,1,1,0.0,0.3333333333333333,0.12150000000000001,1,1,1,1.0,1.0,-1.0,0.0,-0.3333333333333333,0.135,-1,-1,-1,0.356862745098039,0.694117647058824,0.803921568627451
74.38131809234619,0.0,0.0,0.03,1,1,1,0.0,0.3333333333333333,0.12150000000000001,1,1,1,1.0,1.0,-1.0,0.0,-0.3333333333333333,0.135,-1,-1,-1,0.356862745098039,0.694117647058824,0.803921568627451
74.41611886024475,0.0,0.0,0.03,1,1,1,0.0,0.3333333333333333,0.12150000000000001,1,1,1,1.0,1.0,-1.0,0.0,-0.3333333333333333,0.135,-1,-1,-1,0.356862745098039,0.694117647058824,0.803921568627451
74.45068430900574,0.0,-0.002680283460162699,0.03,1,1,1,0.0,0.3333333333333333,0.12150000000000001,-1,-1,-1,1.0,1.0,-1.0,0.0,-0.3333333333333333,0.135,-1,-1,-1,0.356862745098039,0.694117647058824,0.803921568627451
74.48582243919373,0.0,-0.005360566920325398,0.03,1,1,1,0.0,0.3333333333333333,0.12150000000000001,-1,-1,-1,1.0,1.0,-1.0,0.0,-0.3333333333333333,0.135,-1,-1,-1,0.356862745098039,0.694117647058824,0.803921568627451
74.5205397605896,0.0,-0.008040850380488096,0.03,1,1,1,0.0,0.3333333333333333,0.12150000000000001,-1,-1,-1,1.0,1.0,-1.0,0.0,-0.3333333333333333,0.135,-1,-1,-1,0.356862745098039,0.694117647058824,0.803921568627451
74.55547285079956,0.0,-0.010721133840650793,0.03,1,1,1,0.0,0.3333333333333333,0.12150000000000001,-1,-1,-1,1.0,1.0,-1.0,0.0,-0.3333333333333333,0.135,-1,-1,-1,0.356862745098039,0.694117647058824,0.803921568627451
74.58969902992249,0.0,-0.013401417300813488,0.03,1,1,1,0.0,0.3333333333333333,0.12150000000000001,-1,-1,-1,1.0,1.0,-1.0,0.0,-0.3333333333333333,0.135,-1,-1,-1,0.356862745098039,0.694117647058824,0.803921568627451
74.62485122680664,0.0,-0.016081700760976182,0.03,1,1,1,0.0,0.3333333333333333,0.12150000000000001,-1,-1,-1,1.0,1.0,-1.0,0.0,-0.3333333333333333,0.135,-1,-1,-1,0.356862745098039,0.694117647058824,0.803921568627451
74.659423828125,0.0,-0.018761984221138877,0.03,1,1,1,0.0,0.3333333333333333,0.12150000000000001,-1,-1,-1,1.0,1.0,-1.0,0.0,-0.3333333333333333,0.135,-1,-1,-1,0.356862745098039,0.694117647058824,0.803921568627451
74.69458365440369,0.0,-0.02144226768130157,0.03,1,1,1,0.0,0.3333333333333333,0.12150000000000001,-1,-1,-1,1.0,1.0,-1.0,0.0,-0.3333333333333333,0.135,-1,-1,-1,0.356862745098039,0.694117647058824,0.803921568627451
74.72843837738037,0.0,-0.024122551141464266,0.03,1,1,1,0.0,0.3333333333333333,0.12150000000000001,-1,-1,-1,1.0,1.0,-1.0,0.0,-0.3333333333333333,0.135,-1,-1,-1,0.356862745098039,0.694117647058824,0.803921568627451
74.76374530792236,0.0,-0.02680283460162696,0.03,1,1,1,0.0,0.3333333333333333,0.12150000000000001,-1,-1,-1,1.0,1.0,-1.0,0.0,-0.3333333333333333,0.135,-1,-1,-1,0.356862745098039,0.694117647058824,0.803921568627451
74.79859113693237,0.0,-0.029483118061789656,0.03,1,1,1,0.0,0.3333333333333333,0.12150000000000001,-1,-1,-1,1.0,1.0,-1.0,0.0,-0.3333333333333333,0.135,-1,-1,-1,0.356862745098039,0.694117647058824,0.803921568627451
74.83253788948059,0.0,-0.03216340152195236,0.03,1,1,1,0.0,0.3333333333333333,0.12150000000000001,-1,-1,-1,1.0,1.0,-1.0,0.0,-0.3333333333333333,0.135,-1,-1,-1,0.356862745098039,0.694117647058824,0.803921568627451
74.86776375770569,0.0,-0.03484368498211507,0.03,1,1,1,0.0,0.3333333333333333,0.12150000000000001,-1,-1,-1,1.0,1.0,-1.0,0.0,-0.3333333333333333,0.135,-1,-1,-1,0.356862745098039,0.694117647058824,0.803921568627451
74.9025650024414,0.0,-0.03752396844227778,0.03,1,1,1,0.0,0.3333333333333333,0.12150000000000001,-1,-1,-1,1.0,1.0,-1.0,0.0,-0.3333333333333333,0.135,-1,-1,-1,0.356862745098039,0.694117647058824,0.803921568627451
74.93679356575012,0.0,-0.040204251902440494,0.03,1,1,1,0.0,0.3333333333333333,0.12150000000000001,-1,-1,-1,1.0,1.0,-1.0,0.0,-0.3333333333333333,0.135,-1,-1,-1,0.356862745098039,0.694117647058824,0.803921568627451
74.97150421142578,0.0,-0.042884535362603206,0.03,1,1,1,0.0,0.3333333333333333,0.12150000000000001,-1,-1,-1,1.0,1.0,-1.0,0.0,-0.3333333333333333,0.135,-1,-1,-1,0.356862745098039,0.694117647058824,0.803921568627451
75.00677967071533,0.0,-0.04556481882276592,0.03,1,1,1,0.0,0.3333333333333333,0.12150000000000001,-1,-1,-1,1.0,1.0,-1.0,0.0,-0.3333333333333333,0.135,-1,-1,-1,0.356862745098039,0.694117647058824,0.803921568627451
75.04151201248169,0.0,-0.04824510228292863,0.03,1,1,1,0.0,0.3333333333333333,0.12150000000000001,-1,-1,-1,1.0,1.0,-1.0,0.0,-0.3333333333333333,0.135,-1,-1,-1,0.356862745098039,0.694117647058824,0.803921568627451
75.07592868804932,0.0,-0.05092538574309134,0.03,1,1,1,0.0,0.3333333333333333,0.12150000000000001,-1,-1,-1,1.0,1.0,-1.0,0.0,-0.3333333333333333,0.135,-1,-1,-1,0.356862745098039,0.694117647058824,0.803921568627451
75.11065816879272,0.0,-0.053605669203254054,0.03,1,1,1,0.0,0.3333333333333333,0.12150000000000001,-1,-1,-1,1.0,1.0,-1.0,0.0,-0.3333333333333333,0.135,-1,-1,-1,0.356862745098039,0.694117647058824,0.803921568627451
75.14544439315796,0.0,-0.056285952663416766,0.03,1,1,1,0.0,0.3333333333333333,0.12150000000000001,-1,-1,-1,1.0,1.0,-1.0,0.0,-0.3333333333333333,0.135,-1,-1,-1,0.356862745098039,0.694117647058824,0.803921568627451
75.1798267364502,0.0,-0.05896623612357948,0.03,1,1,1,0.0,0.3333333333333333,0.12150000000000001,-1,-1,-1,1.0,1.0,-1.0,0.0,-0.3333333333333333,0.135,-1,-1,-1,0.356862745098039,0.694117647058824,0.803921568627451
75.21478247642517,0.0,-0.0616465195837422,0.03,1,1,1,0.0,0.3333333333333333,0.12150000000000001,-1,-1,-1,1.0,1.0,-1.0,0.0,-0.3333333333333333,0.135,-1,-1,-1,0.356862745098039,0.694117647058824,0.803921568627451
75.24958038330078,0.0,-0.06432680304390488,0.03,1,1,1,0.0,0.3333333333333333,0.12150000000000001,-1,-1,-1,1.0,1.0,-1.0,0.0,-0.3333333333333333,0.135,-1,-1,-1,0.356862745098039,0.694117647058824,0.803921568627451
75.28426837921143,0.0,-0.06700708650406756,0.03,1,1,1,0.0,0.3333333333333333,0.12150000000000001,-1,-1,-1,1.0,1.0,-1.0,0.0,-0.3333333333333333,0.135,-1,-1,-1,0.356862745098039,0.694117647058824,0.803921568627451
75.31894326210022,0.0,-0.06968736996423024,0.03,1,1,1,0.0,0.3333333333333333,0.12150000000000001,-1,-1,-1,1.0,1.0,-1.0,0.0,-0.3333333333333333,0.135,-1,-1,-1,0.356862745098039,0.694117647058824,0.803921568627451
75.3537015914917,0.0,-0.07236765342439291,0.03,1,1,1,0.0,0.3333333333333333,0.12150000000000001,-1,-1,-1,1.0,1.0,-1.0,0.0,-0.3333333333333333,0.135,-1,-1,-1,0.356862745098039,0.694117647058824,0.803921568627451
75.38840794563293,0.0,-0.07504793688455559,0.03,1,1,1,0.0,0.3333333333333333,0.12150000000000001,-1,-1,-1,1.0,1.0,-1.0,0.0,-0.3333333333333333,0.135,-1,-1,-1,0.356862745098039,0.694117647058824,0.803921568627451
75.42313194274902,0.0,-0.07772822034471827,0.03,1,1,1,0.0,0.3333333333333333,0.12150000000000001,-1,-1,-1,1.0,1.0,-1.0,0.0,-0.3333333333333333,0.135,-1,-1,-1,0.356862745098039,0.694117647058824,0.803921568627451
75.45809364318848,0.0,-0.08040850380488095,0.03,1,1,1,0.0,0.3333333333333333,0.12150000000000001,-1,-1,-1,1.0,1.0,-1.0,0.0,-0.3333333333333333,0.135,-1,-1,-1,0.356862745098039,0.694117647058824,0.803921568627451
75.4922444820404,0.0,-0.08308878726504362,0.03,1,1,1,0.0,0.3333333333333333,0.12150000000000001,-1,-1,-1,1.0,1.0,-1.0,0.0,-0.3333333333333333,0.135,-1,-1,-1,0.356862745098039,0.694117647058824,0.803921568627451
75.52718019485474,0.0,-0.0857690707252063,0.03,1,1,1,0.0,0.3333333333333333,0.12150000000000001,-1,-1,-1,1.0,1.0,-1.0,0.0,-0.3333333333333333,0.135,-1,-1,-1,0.356862745098039,0.694117647058824,0.803921568627451
75.56190156936646,0.0,-0.08844935418536898,0.03,1,1,1,0.0,0.3333333333333333,0.12150000000000001,-1,-1,-1,1.0,1.0,-1.0,0.0,-0.3333333333333333,0.135,-1,-1,-1,0.356862745098039,0.694117647058824,0.803921568627451
75.59695339202881,0.0,-0.09112963764553166,0.03,1,1,1,0.0,0.3333333333333333,0.12150000000000001,-1,-1,-1,1.0,1.0,-1.0,0.0,-0.3333333333333333,0.135,-1,-1,-1,0.356862745098039,0.694117647058824,0.803921568627451
75.63131928443909,0.0,-0.09456968776990848,0.03,1,1,1,0.0,0.3333333333333333,0.12150000000000001,-1,-1,-1,1.0,1.0,-1.0,0.0,-0.3333333333333333,0.135,-1,-1,-1,0.356862745098039,0.694117647058824,0.803921568627451
75.66633677482605,0.0,-0.09914938789060654,0.03,1,1,1,0.0,0.3333333333333333,0.12150000000000001,-1,-1,-1,1.0,1.0,-1.0,0.0,-0.3333333333333333,0.135,-1,-1,-1,0.356862745098039,0.694117647058824,0.803921568627451
75.70060634613037,0.0,-0.1037290880113046,0.03,1,1,1,0.0,0.3333333333333333,0.12150000000000001,-1,-1,-1,1.0,1.0,-1.0,0.0,-0.3333333333333333,0.135,-1,-1,-1,0.356862745098039,0.694117647058824,0.803921568627451
75.73558020591736,0.0,-0.10830878813200265,0.03,1,1,1,0.0,0.3333333333333333,0.12150000000000001,-1,-1,-1,1.0,1.0,-1.0,0.0,-0.3333333333333333,0.135,-1,-1,-1,0.356862745098039,0.694117647058824,0.803921568627451
75.77038884162903,0.0,-0.1128884882527007,0.03,1,1,1,0.0,0.3333333333333333,0.12150000000000001,-1,-1,-1,1.0,1.0,-1.0,0.0,-0.3333333333333333,0.135,-1,-1,-1,0.356862745098039,0.694117647058824,0.803921568627451
75.80518174171448,0.0,-0.11746818837339876,0.03,1,1,1,0.0,0.3333333333333333,0.12150000000000001,-1,-1,-1,1.0,1.0,-1.0,0.0,-0.3333333333333333,0.135,-1,-1,-1,0.356862745098039,0.694117647058824,0.803921568627451
75.83991551399231,0.0,-0.1220478884940968,0.03,1,1,1,0.0,0.3333333333333333,0.12150000000000001,-1,-1,-1,1.0,1.0,-1.0,0.0,-0.3333333333333333,0.135,-1,-1,-1,0.356862745098039,0.694117647058824,0.803921568627451
75.87454652786255,0.0,-0.12662758861479484,0.03,1,1,1,0.0,0.3333333333333333,0.12150000000000001,-1,-1,-1,1.0,1.0,-1.0,0.0,-0.3333333333333333,0.135,-1,-1,-1,0.356862745098039,0.694117647058824,0.803921568627451
75.90953850746155,0.0,-0.1312072887354929,0.03,1,1,1,0.0,0.3333333333333333,0.12150000000000001,-1,-1,-1,1.0,1.0,-1.0,0.0,-0.3333333333333333,0.135,-1,-1,-1,0.356862745098039,0.694117647058824,0.803921568627451
75.94433903694153,0.0,-0.13578698885619095,0.03,1,1,1,0.0,0.3333333333333333,0.12150000000000001,-1,-1,-1,1.0,1.0,-1.0,0.0,-0.3333333333333333,0.135,-1,-1,-1,0.356862745098039,0.694117647058824,0.803921568627451
75.97904706001282,0.0,-0.140366688976889,0.03,1,1,1,0.0,0.3333333333333333,0.12150000000000001,-1,-1,-1,1.0,1.0,-1.0,0.0,-0.3333333333333333,0.135,-1,-1,-1,0.356862745098039,0.694117647058824,0.803921568627451
76.01368427276611,0.0,-0.14494638909758706,0.03,1,1,1,0.0,0.3333333333333333,0.12150000000000001,-1,-1,-1,1.0,1.0,-1.0,0.0,-0.3333333333333333,0.135,-1,-1,-1,0.356862745098039,0.694117647058824,0.803921568627451
76.04776859283447,0.0,-0.1495260892182851,0.03,1,1,1,0.0,0.3333333333333333,0.12150000000000001,-1,-1,-1,1.0,1.0,-1.0,0.0,-0.3333333333333333,0.135,-1,-1,-1,0.356862745098039,0.694117647058824,0.803921568627451
76.08312153816223,0.0,-0.15410578933898317,0.03,1,1,1,0.0,0.3333333333333333,0.12150000000000001,-1,-1,-1,1.0,1.0,-1.0,0.0,-0.3333333333333333,0.135,-1,-1,-1,0.356862745098039,0.694117647058824,0.803921568627451
76.11781883239746,0.0,-0.15868548945968122,0.03,1,1,1,0.0,0.3333333333333333,0.12150000000000001,-1,-1,-1,1.0,1.0,-1.0,0.0,-0.3333333333333333,0.135,-1,-1,-1,0.356862745098039,0.694117647058824,0.803921568627451
76.15258860588074,0.0,-0.16326518958037928,0.03,1,1,1,0.0,0.3333333333333333,0.12150000000000001,-1,-1,-1,1.0,1.0,-1.0,0.0,-0.3333333333333333,0.135,-1,-1,-1,0.356862745098039,0.694117647058824,0.803921568627451
76.18680715560913,0.0,-0.16784488970107733,0.03,1,1,1,0.0,0.3333333333333333,0.12150000000000001,-1,-1,-1,1.0,1.0,-1.0,0.0,-0.3333333333333333,0.135,-1,-1,-1,0.356862745098039,0.694117647058824,0.803921568627451
76.22186946868896,0.0,-0.1724245898217754,0.03,1,1,1,0.0,0.3333333333333333,0.12150000000000001,-1,-1,-1,1.0,1.0,-1.0,0.0,-0.3333333333333333,0.135,-1,-1,-1,0.356862745098039,0.694117647058824,0.803921568627451
76.25663089752197,0.0,-0.17700428994247344,0.03,1,1,1,0.0,0.3333333333333333,0.12150000000000001,-1,-1,-1,1.0,1.0,-1.0,0.0,-0.3333333333333333,0.135,-1,-1,-1,0.356862745098039,0.694117647058824,0.803921568627451
76.29144310951233,0.0,-0.1815839900631715,0.03,1,1,1,0.0,0.3333333333333333,0.12150000000000001,-1,-1,-1,1.0,1.0,-1.0,0.0,-0.3333333333333333,0.135,-1,-1,-1,0.356862745098039,0.694117647058824,0.803921568627451
76.32614612579346,0.0,-0.18616369018386955,0.03,1,1,1,0.0,0.3333333333333333,0.12150000000000001,-1,-1,-1,1.0,1.0,-1.0,0.0,-0.3333333333333333,0.135,-1,-1,-1,0.356862745098039,0.694117647058824,0.803921568627451
76.36042594909668,0.0,-0.1907433903045676,0.03,1,1,1,0.0,0.3333333333333333,0.12150000000000001,-1,-1,-1,1.0,1.0,-1.0,0.0,-0.3333333333333333,0.135,-1,-1,-1,0.356862745098039,0.694117647058824,0.803921568627451
76.39576244354248,0.0,-0.19532309042526566,0.03,1,1,1,0.0,0.3333333333333333,0.12150000000000001,-1,-1,-1,1.0,1.0,-1.0,0.0,-0.3333333333333333,0.135,-1,-1,-1,0.356862745098039,0.694117647058824,0.803921568627451
76.42992758750916,0.0,-0.19990279054596372,0.03,1,1,1,0.0,0.3333333333333333,0.12150000000000001,-1,-1,-1,1.0,1.0,-1.0,0.0,-0.3333333333333333,0.135,-1,-1,-1,0.356862745098039,0.694117647058824,0.803921568627451
76.464763879776,0.0,-0.20448249066666177,0.03,1,1,1,0.0,0.3333333333333333,0.12150000000000001,-1,-1,-1,1.0,1.0,-1.0,0.0,-0.3333333333333333,0.135,-1,-1,-1,0.356862745098039,0.694117647058824,0.803921568627451
76.499431848526,0.0,-0.20906219078735983,0.03,1,1,1,0.0,0.3333333333333333,0.12150000000000001,-1,-1,-1,1.0,1.0,-1.0,0.0,-0.3333333333333333,0.135,-1,-1,-1,0.356862745098039,0.694117647058824,0.803921568627451
76.53439164161682,0.0,-0.21364189090805788,0.03,1,1,1,0.0,0.3333333333333333,0.12150000000000001,-1,-1,-1,1.0,1.0,-1.0,0.0,-0.3333333333333333,0.135,-1,-1,-1,0.356862745098039,0.694117647058824,0.803921568627451
76.56899380683899,0.0,-0.21822159102875593,0.03,1,1,1,0.0,0.3333333333333333,0.12150000000000001,-1,-1,-1,1.0,1.0,-1.0,0.0,-0.3333333333333333,0.135,-1,-1,-1,0.356862745098039,0.694117647058824,0.803921568627451
76.60352611541748,0.0,-0.222801291149454,0.03,1,1,1,0.0,0.3333333333333333,0.12150000000000001,-1,-1,-1,1.0,1.0,-1.0,0.0,-0.3333333333333333,0.135,-1,-1,-1,0.356862745098039,0.694117647058824,0.803921568627451
76.63835000991821,0.0,-0.22738099127015204,0.03,1,1,1,0.0,0.3333333333333333,0.12150000000000001,-1,-1,-1,1.0,1.0,-1.0,0.0,-0.3333333333333333,0.135,-1,-1,-1,0.356862745098039,0.694117647058824,0.803921568627451
76.67300319671631,0.0,-0.2319606913908501,0.03,1,1,1,0.0,0.3333333333333333,0.12150000000000001,-1,-1,-1,1.0,1.0,-1.0,0.0,-0.3333333333333333,0.135,-1,-1,-1,0.356862745098039,0.694117647058824,0.803921568627451
76.70781970024109,0.0,-0.23654039151154815,0.03,1,1,1,0.0,0.3333333333333333,0.12150000000000001,-1,-1,-1,1.0,1.0,-1.0,0.0,-0.3333333333333333,0.135,-1,-1,-1,0.356862745098039,0.694117647058824,0.803921568627451
76.7425229549408,0.0,-0.24112009163224618,0.03,1,1,1,0.0,0.3333333333333333,0.12150000000000001,-1,-1,-1,1.0,1.0,-1.0,0.0,-0.3333333333333333,0.135,-1,-1,-1,0.356862745098039,0.694117647058824,0.803921568627451
76.77753281593323,0.0,-0.24569979175294418,0.03,1,1,1,0.0,0.3333333333333333,0.12150000000000001,-1,-1,-1,1.0,1.0,-1.0,0.0,-0.3333333333333333,0.135,-1,-1,-1,0.356862745098039,0.694117647058824,0.803921568627451
76.81220388412476,0.0,-0.2502794918736422,0.03,1,1,1,0.0,0.3333333333333333,0.12150000000000001,-1,-1,-1,1.0,1.0,-1.0,0.0,-0.3333333333333333,0.135,-1,-1,-1,0.356862745098039,0.694117647058824,0.803921568627451
76.8464469909668,0.0,-0.25141432642267064,0.03,1,1,1,0.0,0.3333333333333333,0.12150000000000001,-1,-1,-1,1.0,1.0,-1.0,0.0,-0.3333333333333333,0.135,-1,-1,-1,0.356862745098039,0.694117647058824,0.803921568627451
76.8816077709198,0.0,-0.25168794457878174,0.03,1,1,1,0.0,0.3333333333333333,0.12150000000000001,-1,-1,-1,1.0,1.0,-1.0,0.0,-0.3333333333333333,0.135,-1,-1,-1,0.356862745098039,0.694117647058824,0.803921568627451
76.91621708869934,0.0,-0.25196156273489284,0.03,1,1,1,0.0,0.3333333333333333,0.12150000000000001,-1,-1,-1,1.0,1.0,-1.0,0.0,-0.3333333333333333,0.135,-1,-1,-1,0.356862745098039,0.694117647058824,0.803921568627451
76.95060133934021,0.0,-0.25223518089100394,0.03,1,1,1,0.0,0.3333333333333333,0.12150000000000001,-1,-1,-1,1.0,1.0,-1.0,0.0,-0.3333333333333333,0.135,-1,-1,-1,0.356862745098039,0.694117647058824,0.803921568627451
76.98525309562683,0.0,-0.25250879904711504,0.03,1,1,1,0.0,0.3333333333333333,0.12150000000000001,-1,-1,-1,1.0,1.0,-1.0,0.0,-0.3333333333333333,0.135,-1,-1,-1,0.356862745098039,0.694117647058824,0.803921568627451
77.02060675621033,0.0,-0.25278241720322614,0.03,1,1,1,0.0,0.3333333333333333,0.12150000000000001,-1,-1,-1,1.0,1.0,-1.0,0.0,-0.3333333333333333,0.135,-1,-1,-1,0.356862745098039,0.694117647058824,0.803921568627451
77.05562472343445,0.0,-0.25305603535933724,0.03,1,1,1,0.0,0.3333333333333333,0.12150000000000001,-1,-1,-1,1.0,1.0,-1.0,0.0,-0.3333333333333333,0.135,-1,-1,-1,0.356862745098039,0.694117647058824,0.803921568627451
77.08994007110596,0.0,-0.25332965351544834,0.03,1,1,1,0.0,0.3333333333333333,0.12150000000000001,-1,-1,-1,1.0,1.0,-1.0,0.0,-0.3333333333333333,0.135,-1,-1,-1,0.356862745098039,0.694117647058824,0.803921568627451
77.12412071228027,0.0,-0.25360327167155944,0.03,1,1,1,0.0,0.3333333333333333,0.12150000000000001,-1,-1,-1,1.0,1.0,-1.0,0.0,-0.3333333333333333,0.135,-1,-1,-1,0.356862745098039,0.694117647058824,0.803921568627451
77.15883302688599,0.0,-0.25387688982767054,0.03,1,1,1,0.0,0.3333333333333333,0.12150000000000001,-1,-1,-1,1.0,1.0,-1.0,0.0,-0.3333333333333333,0.135,-1,-1,-1,0.356862745098039,0.694117647058824,0.803921568627451
77.1940336227417,0.0,-0.25415050798378164,0.03,1,1,1,0.0,0.3333333333333333,0.12150000000000001,-1,-1,-1,1.0,1.0,-1.0,0.0,-0.3333333333333333,0.135,-1,-1,-1,0.356862745098039,0.694117647058824,0.803921568627451
77.2285578250885,0.0,-0.25442412613989274,0.03,1,1,1,0.0,0.3333333333333333,0.12150000000000001,-1,-1,-1,1.0,1.0,-1.0,0.0,-0.3333333333333333,0.135,-1,-1,-1,0.356862745098039,0.694117647058824,0.803921568627451
77.26342940330505,0.0,-0.25469774429600384,0.03,1,1,1,0.0,0.3333333333333333,0.12150000000000001,-1,-1,-1,1.0,1.0,-1.0,0.0,-0.3333333333333333,0.135,-1,-1,-1,0.356862745098039,0.694117647058824,0.803921568627451
77.29790043830872,0.0,-0.25497136245211494,0.03,1,1,1,0.0,0.3333333333333333,0.12150000000000001,-1,-1,-1,1.0,1.0,-1.0,0.0,-0.3333333333333333,0.135,-1,-1,-1,0.356862745098039,0.694117647058824,0.803921568627451
77.33299779891968,0.0,-0.25524498060822604,0.03,1,1,1,0.0,0.3333333333333333,0.12150000000000001,-1,-1,-1,1.0,1.0,-1.0,0.0,-0.3333333333333333,0.135,-1,-1,-1,0.356862745098039,0.694117647058824,0.803921568627451
77.36775207519531,0.0,-0.25551859876433713,0.03,1,1,1,0.0,0.3333333333333333,0.12150000000000001,-1,-1,-1,1.0,1.0,-1.0,0.0,-0.3333333333333333,0.135,-1,-1,-1,0.356862745098039,0.694117647058824,0.803921568627451
77.40241765975952,0.0,-0.25579221692044823,0.03,1,1,1,0.0,0.3333333333333333,0.12150000000000001,-1,-1,-1,1.0,1.0,-1.0,0.0,-0.3333333333333333,0.135,-1,-1,-1,0.356862745098039,0.694117647058824,0.803921568627451
77.43719530105591,0.0,-0.25606583507655933,0.03,1,1,1,0.0,0.3333333333333333,0.12150000000000001,-1,-1,-1,1.0,1.0,-1.0,0.0,-0.3333333333333333,0.135,-1,-1,-1,0.356862745098039,0.694117647058824,0.803921568627451
77.4713933467865,0.0,-0.25633945323267043,0.03,1,1,1,0.0,0.3333333333333333,0.12150000000000001,-1,-1,-1,1.0,1.0,-1.0,0.0,-0.3333333333333333,0.135,-1,-1,-1,0.356862745098039,0.694117647058824,0.803921568627451
77.50660276412964,0.0,-0.25661307138878153,0.03,1,1,1,0.0,0.3333333333333333,0.12150000000000001,-1,-1,-1,1.0,1.0,-1.0,0.0,-0.3333333333333333,0.135,-1,-1,-1,0.356862745098039,0.694117647058824,0.803921568627451
77.54094958305359,0.0,-0.25688668954489263,0.03,1,1,1,0.0,0.3333333333333333,0.12150000000000001,-1,-1,-1,1.0,1.0,-1.0,0.0,-0.3333333333333333,0.135,-1,-1,-1,0.356862745098039,0.694117647058824,0.803921568627451
77.57607579231262,0.0,-0.25716030770100373,0.03,1,1,1,0.0,0.3333333333333333,0.12150000000000001,-1,-1,-1,1.0,1.0,-1.0,0.0,-0.3333333333333333,0.135,-1,-1,-1,0.356862745098039,0.694117647058824,0.803921568627451
77.61093711853027,0.0,-0.25743392585711483,0.03,1,1,1,0.0,0.3333333333333333,0.12150000000000001,-1,-1,-1,1.0,1.0,-1.0,0.0,-0.3333333333333333,0.135,-1,-1,-1,0.356862745098039,0.694117647058824,0.803921568627451
77.64592409133911,0.0,-0.25770754401322593,0.03,1,1,1,0.0,0.3333333333333333,0.12150000000000001,-1,-1,-1,1.0,1.0,-1.0,0.0,-0.3333333333333333,0.135,-1,-1,-1,0.356862745098039,0.694117647058824,0.803921568627451
77.68067860603333,0.0,-0.25798116216933703,0.03,1,1,1,0.0,0.3333333333333333,0.12150000000000001,-1,-1,-1,1.0,1.0,-1.0,0.0,-0.3333333333333333,0.135,-1,-1,-1,0.356862745098039,0.694117647058824,0.803921568627451
77.71495079994202,0.0,-0.25825478032544813,0.03,1,1,1,0.0,0.3333333333333333,0.12150000000000001,-1,-1,-1,1.0,1.0,-1.0,0.0,-0.3333333333333333,0.135,-1,-1,-1,0.356862745098039,0.694117647058824,0.803921568627451
77.74960780143738,0.0,-0.25852839848155923,0.03,1,1,1,0.0,0.3333333333333333,0.12150000000000001,-1,-1,-1,1.0,1.0,-1.0,0.0,-0.3333333333333333,0.135,-1,-1,-1,0.356862745098039,0.694117647058824,0.803921568627451
77.78457975387573,0.0,-0.25880201663767033,0.03,1,1,1,0.0,0.3333333333333333,0.12150000000000001,-1,-1,-1,1.0,1.0,-1.0,0.0,-0.3333333333333333,0.135,-1,-1,-1,0.356862745098039,0.694117647058824,0.803921568627451
77.81936764717102,0.0,-0.25907563479378143,0.03,1,1,1,0.0,0.3333333333333333,0.12150000000000001,-1,-1,-1,1.0,1.0,-1.0,0.0,-0.3333333333333333,0.135,-1,-1,-1,0.356862745098039,0.694117647058824,0.803921568627451
77.85344815254211,0.0,-0.25934925294989253,0.03,1,1,1,0.0,0.3333333333333333,0.12150000000000001,-1,-1,-1,1.0,1.0,-1.0,0.0,-0.3333333333333333,0.135,-1,-1,-1,0.356862745098039,0.694117647058824,0.803921568627451
77.88857173919678,0.0,-0.2596228711060036,0.03,1,1,1,0.0,0.3333333333333333,0.12150000000000001,-1,-1,-1,1.0,1.0,-1.0,0.0,-0.3333333333333333,0.135,-1,-1,-1,0.356862745098039,0.694117647058824,0.803921568627451
77.92338347434998,0.0,-0.2598964892621147,0.03,1,1,1,0.0,0.3333333333333333,0.12150000000000001,-1,-1,-1,1.0,1.0,-1.0,0.0,-0.3333333333333333,0.135,-1,-1,-1,0.356862745098039,0.694117647058824,0.803921568627451
77.95757412910461,0.0,-0.2601701074182258,0.03,1,1,1,0.0,0.3333333333333333,0.12150000000000001,-1,-1,-1,1.0,1.0,-1.0,0.0,-0.3333333333333333,0.135,-1,-1,-1,0.356862745098039,0.694117647058824,0.803921568627451
77.99301528930664,0.0,-0.2604437255743369,0.03,1,1,1,0.0,0.3333333333333333,0.12150000000000001,-1,-1,-1,1.0,1.0,-1.0,0.0,-0.3333333333333333,0.135,-1,-1,-1,0.356862745098039,0.694117647058824,0.803921568627451
78.02709865570068,0.0,-0.26049229695365256,0.03,1,1,1,0.0,0.3333333333333333,0.12150000000000001,-1,-1,-1,1.0,1.0,-1.0,0.0,-0.3333333333333333,0.135,-1,-1,-1,0.356862745098039,0.694117647058824,0.803921568627451
78.06178832054138,0.0,-0.2596406812257863,0.03,1,1,1,0.0,0.3333333333333333,0.12150000000000001,-1,-1,-1,1.0,1.0,-1.0,0.0,-0.3333333333333333,0.135,-1,-1,-1,0.356862745098039,0.694117647058824,0.803921568627451
78.09659194946289,0.0,-0.2587890654979201,0.03,1,1,1,0.0,0.3333333333333333,0.12150000000000001,-1,-1,-1,1.0,1.0,-1.0,0.0,-0.3333333333333333,0.135,-1,-1,-1,0.356862745098039,0.694117647058824,0.803921568627451
78.13158917427063,0.0,-0.25793744977005384,0.03,1,1,1,0.0,0.3333333333333333,0.12150000000000001,-1,-1,-1,1.0,1.0,-1.0,0.0,-0.3333333333333333,0.135,-1,-1,-1,0.356862745098039,0.694117647058824,0.803921568627451
78.16624641418457,0.0,-0.2570858340421876,0.03,1,1,1,0.0,0.3333333333333333,0.12150000000000001,-1,-1,-1,1.0,1.0,-1.0,0.0,-0.3333333333333333,0.135,-1,-1,-1,0.356862745098039,0.694117647058824,0.803921568627451
78.20118975639343,0.0,-0.25623421831432136,0.03,1,1,1,0.0,0.3333333333333333,0.12150000000000001,-1,-1,-1,1.0,1.0,-1.0,0.0,-0.3333333333333333,0.135,-1,-1,-1,0.356862745098039,0.694117647058824,0.803921568627451
78.2353868484497,0.0,-0.2553826025864551,0.03,1,1,1,0.0,0.3333333333333333,0.12150000000000001,-1,-1,-1,1.0,1.0,-1.0,0.0,-0.3333333333333333,0.135,-1,-1,-1,0.356862745098039,0.694117647058824,0.803921568627451
78.27066159248352,0.0,-0.2545309868585889,0.03,1,1,1,0.0,0.3333333333333333,0.12150000000000001,-1,-1,-1,1.0,1.0,-1.0,0.0,-0.3333333333333333,0.135,-1,-1,-1,0.356862745098039,0.694117647058824,0.803921568627451
78.3048448562622,0.0,-0.25367937113072264,0.03,1,1,1,0.0,0.3333333333333333,0.12150000000000001,-1,-1,-1,1.0,1.0,-1.0,0.0,-0.3333333333333333,0.135,-1,-1,-1,0.356862745098039,0.694117647058824,0.803921568627451
78.33994913101196,0.0,-0.2528277554028564,0.03,1,1,1,0.0,0.3333333333333333,0.12150000000000001,-1,-1,-1,1.0,1.0,-1.0,0.0,-0.3333333333333333,0.135,-1,-1,-1,0.356862745098039,0.694117647058824,0.803921568627451
78.3743679523468,0.0,-0.25197613967499016,0.03,1,1,1,0.0,0.3333333333333333,0.12150000000000001,-1,-1,-1,1.0,1.0,-1.0,0.0,-0.3333333333333333,0.135,-1,-1,-1,0.356862745098039,0.694117647058824,0.803921568627451
78.4095025062561,0.0,-0.2511245239471239,0.03,1,1,1,0.0,0.3333333333333333,0.12150000000000001,-1,-1,-1,1.0,1.0,-1.0,0.0,-0.3333333333333333,0.135,-1,-1,-1,0.356862745098039,0.694117647058824,0.803921568627451
78.44423413276672,0.0,-0.2502729082192577,0.03,1,1,1,0.0,0.3333333333333333,0.12150000000000001,-1,-1,-1,1.0,1.0,-1.0,0.0,-0.3333333333333333,0.135,-1,-1,-1,0.356862745098039,0.694117647058824,0.803921568627451
78.47886824607849,0.0,-0.2494212924913913,0.03,1,1,1,0.0,0.3333333333333333,0.12150000000000001,-1,-1,-1,1.0,1.0,-1.0,0.0,-0.3333333333333333,0.135,-1,-1,-1,0.356862745098039,0.694117647058824,0.803921568627451
78.5136821269989,0.0,-0.2485696767635249,0.03,1,1,1,0.0,0.3333333333333333,0.12150000000000001,-1,-1,-1,1.0,1.0,-1.0,0.0,-0.3333333333333333,0.135,-1,-1,-1,0.356862745098039,0.694117647058824,0.803921568627451
78.54842758178711,0.0,-0.24771806103565847,0.03,1,1,1,0.0,0.3333333333333333,0.12150000000000001,-1,-1,-1,1.0,1.0,-1.0,0.0,-0.3333333333333333,0.135,-1,-1,-1,0.356862745098039,0.694117647058824,0.803921568627451
78.58313655853271,0.0,-0.24686644530779206,0.03,1,1,1,0.0,0.3333333333333333,0.12150000000000001,-1,-1,-1,1.0,1.0,-1.0,0.0,-0.3333333333333333,0.135,-1,-1,-1,0.356862745098039,0.694117647058824,0.803921568627451
78.61792469024658,0.0,-0.24601482957992563,0.03,1,1,1,0.0,0.3333333333333333,0.12150000000000001,-1,-1,-1,1.0,1.0,-1.0,0.0,-0.3333333333333333,0.135,-1,-1,-1,0.356862745098039,0.694117647058824,0.803921568627451
78.65259742736816,0.0,-0.2451632138520592,0.03,1,1,1,0.0,0.3333333333333333,0.12150000000000001,-1,-1,-1,1.0,1.0,-1.0,0.0,-0.3333333333333333,0.135,-1,-1,-1,0.356862745098039,0.694117647058824,0.803921568627451
78.68684101104736,0.0,-0.24431159812419279,0.03,1,1,1,0.0,0.3333333333333333,0.12150000000000001,-1,-1,-1,1.0,1.0,-1.0,0.0,-0.3333333333333333,0.135,-1,-1,-1,0.356862745098039,0.694117647058824,0.803921568627451
78.7214515209198,0.0,-0.24345998239632635,0.03,1,1,1,0.0,0.3333333333333333,0.12150000000000001,-1,-1,-1,1.0,1.0,-1.0,0.0,-0.3333333333333333,0.135,-1,-1,-1,0.356862745098039,0.694117647058824,0.803921568627451
78.75712490081787,0.0,-0.24260836666845995,0.03,1,1,1,0.0,0.3333333333333333,0.12150000000000001,-1,-1,-1,1.0,1.0,-1.0,0.0,-0.3333333333333333,0.135,-1,-1,-1,0.356862745098039,0.694117647058824,0.803921568627451
78.79102373123169,0.0,-0.2417567509405935,0.03,1,1,1,0.0,0.3333333333333333,0.12150000000000001,-1,-1,-1,1.0,1.0,-1.0,0.0,-0.3333333333333333,0.135,-1,-1,-1,0.356862745098039,0.694117647058824,0.803921568627451
78.82621383666992,0.0,-0.24090513521272708,0.03,1,1,1,0.0,0.3333333333333333,0.12150000000000001,-1,-1,-1,1.0,1.0,-1.0,0.0,-0.3333333333333333,0.135,-1,-1,-1,0.356862745098039,0.694117647058824,0.803921568627451
78.86087322235107,0.0,-0.24005351948486067,0.03,1,1,1,0.0,0.3333333333333333,0.12150000000000001,-1,-1,-1,1.0,1.0,-1.0,0.0,-0.3333333333333333,0.135,-1,-1,-1,0.356862745098039,0.694117647058824,0.803921568627451
78.89567995071411,0.0,-0.23920190375699424,0.03,1,1,1,0.0,0.3333333333333333,0.12150000000000001,-1,-1,-1,1.0,1.0,-1.0,0.0,-0.3333333333333333,0.135,-1,-1,-1,0.356862745098039,0.694117647058824,0.803921568627451
78.9304404258728,0.0,-0.23835028802912783,0.03,1,1,1,0.0,0.3333333333333333,0.12150000000000001,-1,-1,-1,1.0,1.0,-1.0,0.0,-0.3333333333333333,0.135,-1,-1,-1,0.356862745098039,0.694117647058824,0.803921568627451
78.96476554870605,0.0,-0.2374986723012614,0.03,1,1,1,0.0,0.3333333333333333,0.12150000000000001,-1,-1,-1,1.0,1.0,-1.0,0.0,-0.3333333333333333,0.135,-1,-1,-1,0.356862745098039,0.694117647058824,0.803921568627451
78.99985647201538,0.0,-0.236647056573395,0.03,1,1,1,0.0,0.3333333333333333,0.12150000000000001,-1,-1,-1,1.0,1.0,-1.0,0.0,-0.3333333333333333,0.135,-1,-1,-1,0.356862745098039,0.694117647058824,0.803921568627451
79.03457522392273,0.0,-0.23579544084552861,0.03,1,1,1,0.0,0.3333333333333333,0.12150000000000001,-1,-1,-1,1.0,1.0,-1.0,0.0,-0.3333333333333333,0.135,-1,-1,-1,0.356862745098039,0.694117647058824,0.803921568627451
79.06914901733398,0.0,-0.23494382511766224,0.03,1,1,1,0.0,0.3333333333333333,0.12150000000000001,-1,-1,-1,1.0,1.0,-1.0,0.0,-0.3333333333333333,0.135,-1,-1,-1,0.356862745098039,0.694117647058824,0.803921568627451
79.10346722602844,0.0,-0.23409220938979586,0.03,1,1,1,0.0,0.3333333333333333,0.12150000000000001,-1,-1,-1,1.0,1.0,-1.0,0.0,-0.3333333333333333,0.135,-1,-1,-1,0.356862745098039,0.694117647058824,0.803921568627451
79.13874220848083,0.0,-0.23324059366192948,0.03,1,1,1,0.0,0.3333333333333333,0.12150000000000001,-1,-1,-1,1.0,1.0,-1.0,0.0,-0.3333333333333333,0.135,-1,-1,-1,0.356862745098039,0.694117647058824,0.803921568627451
79.17286944389343,0.0,-0.2323889779340631,0.03,1,1,1,0.0,0.3333333333333333,0.12150000000000001,-1,-1,-1,1.0,1.0,-1.0,0.0,-0.3333333333333333,0.135,-1,-1,-1,0.356862745098039,0.694117647058824,0.803921568627451
79.20811820030212,0.0,-0.23153736220619672,0.03,1,1,1,0.0,0.3333333333333333,0.12150000000000001,-1,-1,-1,1.0,1.0,-1.0,0.0,-0.3333333333333333,0.135,-1,-1,-1,0.356862745098039,0.694117647058824,0.803921568627451
79.24287056922913,0.0,-0.2320206810514158,0.03,1,1,1,0.0,0.3333333333333333,0.12150000000000001,-1,-1,-1,1.0,1.0,-1.0,0.0,-0.3333333333333333,0.135,-1,-1,-1,0.356862745098039,0.694117647058824,0.803921568627451
79.27712893486023,0.0,-0.23339395627869183,0.03,1,1,1,0.0,0.3333333333333333,0.12150000000000001,-1,-1,-1,1.0,1.0,-1.0,0.0,-0.3333333333333333,0.135,-1,-1,-1,0.356862745098039,0.694117647058824,0.803921568627451
79.31307196617126,0.0,-0.23476723150596787,0.03,1,1,1,0.0,0.3333333333333333,0.12150000000000001,-1,-1,-1,1.0,1.0,-1.0,0.0,-0.3333333333333333,0.135,-1,-1,-1,0.356862745098039,0.694117647058824,0.803921568627451
79.34700846672058,0.0,-0.2361405067332439,0.03,1,1,1,0.0,0.3333333333333333,0.12150000000000001,-1,-1,-1,1.0,1.0,-1.0,0.0,-0.3333333333333333,0.135,-1,-1,-1,0.356862745098039,0.694117647058824,0.803921568627451
79.38141894340515,0.0,-0.23751378196051998,0.03,1,1,1,0.0,0.3333333333333333,0.12150000000000001,-1,-1,-1,1.0,1.0,-1.0,0.0,-0.3333333333333333,0.135,-1,-1,-1,0.356862745098039,0.694117647058824,0.803921568627451
79.41624879837036,0.0,-0.23888705718779601,0.03,1,1,1,0.0,0.3333333333333333,0.12150000000000001,-1,-1,-1,1.0,1.0,-1.0,0.0,-0.3333333333333333,0.135,-1,-1,-1,0.356862745098039,0.694117647058824,0.803921568627451
79.45093631744385,0.0,-0.24026033241507205,0.03,1,1,1,0.0,0.3333333333333333,0.12150000000000001,-1,-1,-1,1.0,1.0,-1.0,0.0,-0.3333333333333333,0.135,-1,-1,-1,0.356862745098039,0.694117647058824,0.803921568627451
79.48569989204407,0.0,-0.24163360764234804,0.03,1,1,1,0.0,0.3333333333333333,0.12150000000000001,-1,-1,-1,1.0,1.0,-1.0,0.0,-0.3333333333333333,0.135,-1,-1,-1,0.356862745098039,0.694117647058824,0.803921568627451
79.52035284042358,0.0,-0.24300688286962407,0.03,1,1,1,0.0,0.3333333333333333,0.12150000000000001,-1,-1,-1,1.0,1.0,-1.0,0.0,-0.3333333333333333,0.135,-1,-1,-1,0.356862745098039,0.694117647058824,0.803921568627451
79.55469846725464,0.0,-0.24438015809690006,0.03,1,1,1,0.0,0.3333333333333333,0.12150000000000001,-1,-1,-1,1.0,1.0,-1.0,0.0,-0.3333333333333333,0.135,-1,-1,-1,0.356862745098039,0.694117647058824,0.803921568627451
79.58963465690613,0.0,-0.2457534333241761,0.03,1,1,1,0.0,0.3333333333333333,0.12150000000000001,-1,-1,-1,1.0,1.0,-1.0,0.0,-0.3333333333333333,0.135,-1,-1,-1,0.356862745098039,0.694117647058824,0.803921568627451
79.6242163181305,0.0,-0.2471267085514521,0.03,1,1,1,0.0,0.3333333333333333,0.12150000000000001,-1,-1,-1,1.0,1.0,-1.0,0.0,-0.3333333333333333,0.135,-1,-1,-1,0.356862745098039,0.694117647058824,0.803921568627451
79.65957593917847,0.0,-0.24849998377872815,0.03,1,1,1,0.0,0.3333333333333333,0.12150000000000001,-1,-1,-1,1.0,1.0,-1.0,0.0,-0.3333333333333333,0.135,-1,-1,-1,0.356862745098039,0.694117647058824,0.803921568627451
79.69384121894836,0.0,-0.24987325900600418,0.03,1,1,1,0.0,0.3333333333333333,0.12150000000000001,-1,-1,-1,1.0,1.0,-1.0,0.0,-0.3333333333333333,0.135,-1,-1,-1,0.356862745098039,0.694117647058824,0.803921568627451
79.72881555557251,0.0,-0.25124653423328025,0.03,1,1,1,0.0,0.3333333333333333,0.12150000000000001,-1,-1,-1,1.0,1.0,-1.0,0.0,-0.3333333333333333,0.135,-1,-1,-1,0.356862745098039,0.694117647058824,0.803921568627451
79.76353240013123,0.0,-0.2526198094605563,0.03,1,1,1,0.0,0.3333333333333333,0.12150000000000001,-1,-1,-1,1.0,1.0,-1.0,0.0,-0.3333333333333333,0.135,-1,-1,-1,0.356862745098039,0.694117647058824,0.803921568627451
79.79822063446045,0.0,-0.2539930846878323,0.03,1,1,1,0.0,0.3333333333333333,0.12150000000000001,-1,-1,-1,1.0,1.0,-1.0,0.0,-0.3333333333333333,0.135,-1,-1,-1,0.356862745098039,0.694117647058824,0.803921568627451
79.83311343193054,0.0,-0.25536635991510837,0.03,1,1,1,0.0,0.3333333333333333,0.12150000000000001,-1,-1,-1,1.0,1.0,-1.0,0.0,-0.3333333333333333,0.135,-1,-1,-1,0.356862745098039,0.694117647058824,0.803921568627451
79.86754870414734,0.0,-0.2567396351423844,0.03,1,1,1,0.0,0.3333333333333333,0.12150000000000001,-1,-1,-1,1.0,1.0,-1.0,0.0,-0.3333333333333333,0.135,-1,-1,-1,0.356862745098039,0.694117647058824,0.803921568627451
79.90253329277039,0.0,-0.25811291036966044,0.03,1,1,1,0.0,0.3333333333333333,0.12150000000000001,-1,-1,-1,1.0,1.0,-1.0,0.0,-0.3333333333333333,0.135,-1,-1,-1,0.356862745098039,0.694117647058824,0.803921568627451
79.93684697151184,0.0,-0.2594861855969365,0.03,1,1,1,0.0,0.3333333333333333,0.12150000000000001,-1,-1,-1,1.0,1.0,-1.0,0.0,-0.3333333333333333,0.135,-1,-1,-1,0.356862745098039,0.694117647058824,0.803921568627451
79.97164797782898,0.0,-0.2608594608242125,0.03,1,1,1,0.0,0.3333333333333333,0.12150000000000001,-1,-1,-1,1.0,1.0,-1.0,0.0,-0.3333333333333333,0.135,-1,-1,-1,0.356862745098039,0.694117647058824,0.803921568627451
80.006356716156,0.0,-0.26223273605148856,0.03,1,1,1,0.0,0.3333333333333333,0.12150000000000001,-1,-1,-1,1.0,1.0,-1.0,0.0,-0.3333333333333333,0.135,-1,-1,-1,0.356862745098039,0.694117647058824,0.803921568627451
80.04104423522949,0.0,-0.2636060112787646,0.03,1,1,1,0.0,0.3333333333333333,0.12150000000000001,-1,-1,-1,1.0,1.0,-1.0,0.0,-0.3333333333333333,0.135,-1,-1,-1,0.356862745098039,0.694117647058824,0.803921568627451
80.07577681541443,0.0,-0.26497928650604063,0.03,1,1,1,0.0,0.3333333333333333,0.12150000000000001,-1,-1,-1,1.0,1.0,-1.0,0.0,-0.3333333333333333,0.135,-1,-1,-1,0.356862745098039,0.694117647058824,0.803921568627451
80.11066317558289,0.0,-0.2663525617333167,0.03,1,1,1,0.0,0.3333333333333333,0.12150000000000001,-1,-1,-1,1.0,1.0,-1.0,0.0,-0.3333333333333333,0.135,-1,-1,-1,0.356862745098039,0.694117647058824,0.803921568627451
80.14555788040161,0.0,-0.2677258369605927,0.03,1,1,1,0.0,0.3333333333333333,0.12150000000000001,-1,-1,-1,1.0,1.0,-1.0,0.0,-0.3333333333333333,0.135,-1,-1,-1,0.356862745098039,0.694117647058824,0.803921568627451
80.17968130111694,0.0,-0.26909911218786875,0.03,1,1,1,0.0,0.3333333333333333,0.12150000000000001,-1,-1,-1,1.0,1.0,-1.0,0.0,-0.3333333333333333,0.135,-1,-1,-1,0.356862745098039,0.694117647058824,0.803921568627451
80.2147524356842,0.0,-0.2704723874151448,0.03,1,1,1,0.0,0.3333333333333333,0.12150000000000001,-1,-1,-1,1.0,1.0,-1.0,0.0,-0.3333333333333333,0.135,-1,-1,-1,0.356862745098039,0.694117647058824,0.803921568627451
80.24952483177185,0.0,-0.2718456626424208,0.03,1,1,1,0.0,0.3333333333333333,0.12150000000000001,-1,-1,-1,1.0,1.0,-1.0,0.0,-0.3333333333333333,0.135,-1,-1,-1,0.356862745098039,0.694117647058824,0.803921568627451
80.28454899787903,0.0,-0.27321893786969687,0.03,1,1,1,0.0,0.3333333333333333,0.12150000000000001,-1,-1,-1,1.0,1.0,-1.0,0.0,-0.3333333333333333,0.135,-1,-1,-1,0.356862745098039,0.694117647058824,0.803921568627451
80.31900715827942,0.0,-0.2745922130969729,0.03,1,1,1,0.0,0.3333333333333333,0.12150000000000001,-1,-1,-1,1.0,1.0,-1.0,0.0,-0.3333333333333333,0.135,-1,-1,-1,0.356862745098039,0.694117647058824,0.803921568627451
80.35389685630798,0.0,-0.27596548832424894,0.03,1,1,1,0.0,0.3333333333333333,0.12150000000000001,-1,-1,-1,1.0,1.0,-1.0,0.0,-0.3333333333333333,0.135,-1,-1,-1,0.356862745098039,0.694117647058824,0.803921568627451
80.38818669319153,0.0,-0.277338763551525,0.03,1,1,1,0.0,0.3333333333333333,0.12150000000000001,-1,-1,-1,1.0,1.0,-1.0,0.0,-0.3333333333333333,0.135,-1,-1,-1,0.356862745098039,0.694117647058824,0.803921568627451
80.42303085327148,0.0,-0.278712038778801,0.03,1,1,1,0.0,0.3333333333333333,0.12150000000000001,-1,-1,-1,1.0,1.0,-1.0,0.0,-0.3333333333333333,0.135,-1,-1,-1,0.356862745098039,0.694117647058824,0.803921568627451
80.45763850212097,0.0,-0.27683954011409345,0.03,1,1,1,0.0,0.3333333333333333,0.12150000000000001,-1,-1,-1,1.0,1.0,-1.0,0.0,-0.3333333333333333,0.135,-1,-1,-1,0.356862745098039,0.694117647058824,0.803921568627451
80.49295973777771,0.0,-0.2749670414493859,0.03,1,1,1,0.0,0.3333333333333333,0.12150000000000001,-1,-1,-1,1.0,1.0,-1.0,0.0,-0.3333333333333333,0.135,-1,-1,-1,0.356862745098039,0.694117647058824,0.803921568627451
80.5275046825409,0.0,-0.2730945427846783,0.03,1,1,1,0.0,0.3333333333333333,0.12150000000000001,-1,-1,-1,1.0,1.0,-1.0,0.0,-0.3333333333333333,0.135,-1,-1,-1,0.356862745098039,0.694117647058824,0.803921568627451
80.56227397918701,0.0,-0.27122204411997075,0.03,1,1,1,0.0,0.3333333333333333,0.12150000000000001,-1,-1,-1,1.0,1.0,-1.0,0.0,-0.3333333333333333,0.135,-1,-1,-1,0.356862745098039,0.694117647058824,0.803921568627451
80.59647750854492,0.0,-0.2693495454552632,0.03,1,1,1,0.0,0.3333333333333333,0.12150000000000001,-1,-1,-1,1.0,1.0,-1.0,0.0,-0.3333333333333333,0.135,-1,-1,-1,0.356862745098039,0.694117647058824,0.803921568627451
80.63194274902344,0.0,-0.2674770467905556,0.03,1,1,1,0.0,0.3333333333333333,0.12150000000000001,-1,-1,-1,1.0,1.0,-1.0,0.0,-0.3333333333333333,0.135,-1,-1,-1,0.356862745098039,0.694117647058824,0.803921568627451
80.66653633117676,0.0,-0.26560454812584805,0.03,1,1,1,0.0,0.3333333333333333,0.12150000000000001,-1,-1,-1,1.0,1.0,-1.0,0.0,-0.3333333333333333,0.135,-1,-1,-1,0.356862745098039,0.694117647058824,0.803921568627451
80.70073223114014,0.0,-0.2637320494611405,0.03,1,1,1,0.0,0.3333333333333333,0.12150000000000001,-1,-1,-1,1.0,1.0,-1.0,0.0,-0.3333333333333333,0.135,-1,-1,-1,0.356862745098039,0.694117647058824,0.803921568627451
80.73570656776428,0.0,-0.2618595507964329,0.03,1,1,1,0.0,0.3333333333333333,0.12150000000000001,-1,-1,-1,1.0,1.0,-1.0,0.0,-0.3333333333333333,0.135,-1,-1,-1,0.356862745098039,0.694117647058824,0.803921568627451
80.77051639556885,0.0,-0.25998705213172535,0.03,1,1,1,0.0,0.3333333333333333,0.12150000000000001,-1,-1,-1,1.0,1.0,-1.0,0.0,-0.3333333333333333,0.135,-1,-1,-1,0.356862745098039,0.694117647058824,0.803921568627451
80.80475854873657,0.0,-0.2581145534670178,0.03,1,1,1,0.0,0.3333333333333333,0.12150000000000001,-1,-1,-1,1.0,1.0,-1.0,0.0,-0.3333333333333333,0.135,-1,-1,-1,0.356862745098039,0.694117647058824,0.803921568627451
80.83980369567871,0.0,-0.2562420548023102,0.03,1,1,1,0.0,0.3333333333333333,0.12150000000000001,-1,-1,-1,1.0,1.0,-1.0,0.0,-0.3333333333333333,0.135,-1,-1,-1,0.356862745098039,0.694117647058824,0.803921568627451
80.87413191795349,0.0,-0.25436955613760265,0.03,1,1,1,0.0,0.3333333333333333,0.12150000000000001,-1,-1,-1,1.0,1.0,-1.0,0.0,-0.3333333333333333,0.135,-1,-1,-1,0.356862745098039,0.694117647058824,0.803921568627451
80.9093689918518,0.0,-0.2524970574728951,0.03,1,1,1,0.0,0.3333333333333333,0.12150000000000001,-1,-1,-1,1.0,1.0,-1.0,0.0,-0.3333333333333333,0.135,-1,-1,-1,0.356862745098039,0.694117647058824,0.803921568627451
80.94365072250366,0.0,-0.2506245588081875,0.03,1,1,1,0.0,0.3333333333333333,0.12150000000000001,-1,-1,-1,1.0,1.0,-1.0,0.0,-0.3333333333333333,0.135,-1,-1,-1,0.356862745098039,0.694117647058824,0.803921568627451
80.97908663749695,0.0,-0.24875206014348006,0.03,1,1,1,0.0,0.3333333333333333,0.12150000000000001,-1,-1,-1,1.0,1.0,-1.0,0.0,-0.3333333333333333,0.135,-1,-1,-1,0.356862745098039,0.694117647058824,0.803921568627451
81.01367449760437,0.0,-0.24687956147877263,0.03,1,1,1,0.0,0.3333333333333333,0.12150000000000001,-1,-1,-1,1.0,1.0,-1.0,0.0,-0.3333333333333333,0.135,-1,-1,-1,0.356862745098039,0.694117647058824,0.803921568627451
81.04816937446594,0.0,-0.24500706281406517,0.03,1,1,1,0.0,0.3333333333333333,0.12150000000000001,-1,-1,-1,1.0,1.0,-1.0,0.0,-0.3333333333333333,0.135,-1,-1,-1,0.356862745098039,0.694117647058824,0.803921568627451
81.08289742469788,0.0,-0.24313456414935775,0.03,1,1,1,0.0,0.3333333333333333,0.12150000000000001,-1,-1,-1,1.0,1.0,-1.0,0.0,-0.3333333333333333,0.135,-1,-1,-1,0.356862745098039,0.694117647058824,0.803921568627451
81.11789178848267,0.0,-0.24126206548465032,0.03,1,1,1,0.0,0.3333333333333333,0.12150000000000001,-1,-1,-1,1.0,1.0,-1.0,0.0,-0.3333333333333333,0.135,-1,-1,-1,0.356862745098039,0.694117647058824,0.803921568627451
81.15253710746765,0.0,-0.2393895668199429,0.03,1,1,1,0.0,0.3333333333333333,0.12150000000000001,-1,-1,-1,1.0,1.0,-1.0,0.0,-0.3333333333333333,0.135,-1,-1,-1,0.356862745098039,0.694117647058824,0.803921568627451
81.18729090690613,0.0,-0.23751706815523546,0.03,1,1,1,0.0,0.3333333333333333,0.12150000000000001,-1,-1,-1,1.0,1.0,-1.0,0.0,-0.3333333333333333,0.135,-1,-1,-1,0.356862745098039,0.694117647058824,0.803921568627451
81.22174978256226,0.0,-0.23564456949052803,0.03,1,1,1,0.0,0.3333333333333333,0.12150000000000001,-1,-1,-1,1.0,1.0,-1.0,0.0,-0.3333333333333333,0.135,-1,-1,-1,0.356862745098039,0.694117647058824,0.803921568627451
81.25673365592957,0.0,-0.2337720708258206,0.03,1,1,1,0.0,0.3333333333333333,0.12150000000000001,-1,-1,-1,1.0,1.0,-1.0,0.0,-0.3333333333333333,0.135,-1,-1,-1,0.356862745098039,0.694117647058824,0.803921568627451
81.29099130630493,0.0,-0.23189957216111318,0.03,1,1,1,0.0,0.3333333333333333,0.12150000000000001,-1,-1,-1,1.0,1.0,-1.0,0.0,-0.3333333333333333,0.135,-1,-1,-1,0.356862745098039,0.694117647058824,0.803921568627451
81.32562804222107,0.0,-0.23002707349640575,0.03,1,1,1,0.0,0.3333333333333333,0.12150000000000001,-1,-1,-1,1.0,1.0,-1.0,0.0,-0.3333333333333333,0.135,-1,-1,-1,0.356862745098039,0.694117647058824,0.803921568627451
81.36039352416992,0.0,-0.22815457483169832,0.03,1,1,1,0.0,0.3333333333333333,0.12150000000000001,-1,-1,-1,1.0,1.0,-1.0,0.0,-0.3333333333333333,0.135,-1,-1,-1,0.356862745098039,0.694117647058824,0.803921568627451
81.39573526382446,0.0,-0.2262820761669909,0.03,1,1,1,0.0,0.3333333333333333,0.12150000000000001,-1,-1,-1,1.0,1.0,-1.0,0.0,-0.3333333333333333,0.135,-1,-1,-1,0.356862745098039,0.694117647058824,0.803921568627451
81.42987704277039,0.0,-0.22440957750228346,0.03,1,1,1,0.0,0.3333333333333333,0.12150000000000001,-1,-1,-1,1.0,1.0,-1.0,0.0,-0.3333333333333333,0.135,-1,-1,-1,0.356862745098039,0.694117647058824,0.803921568627451
81.46501350402832,0.0,-0.22253707883757604,0.03,1,1,1,0.0,0.3333333333333333,0.12150000000000001,-1,-1,-1,1.0,1.0,-1.0,0.0,-0.3333333333333333,0.135,-1,-1,-1,0.356862745098039,0.694117647058824,0.803921568627451
81.49977469444275,0.0,-0.2206645801728686,0.03,1,1,1,0.0,0.3333333333333333,0.12150000000000001,-1,-1,-1,1.0,1.0,-1.0,0.0,-0.3333333333333333,0.135,-1,-1,-1,0.356862745098039,0.694117647058824,0.803921568627451
81.53400826454163,0.0,-0.21879208150816118,0.03,1,1,1,0.0,0.3333333333333333,0.12150000000000001,-1,-1,-1,1.0,1.0,-1.0,0.0,-0.3333333333333333,0.135,-1,-1,-1,0.356862745098039,0.694117647058824,0.803921568627451
81.56920027732849,0.0,-0.21691958284345375,0.03,1,1,1,0.0,0.3333333333333333,0.12150000000000001,-1,-1,-1,1.0,1.0,-1.0,0.0,-0.3333333333333333,0.135,-1,-1,-1,0.356862745098039,0.694117647058824,0.803921568627451
81.6034038066864,0.0,-0.21504708417874632,0.03,1,1,1,0.0,0.3333333333333333,0.12150000000000001,-1,-1,-1,1.0,1.0,-1.0,0.0,-0.3333333333333333,0.135,-1,-1,-1,0.356862745098039,0.694117647058824,0.803921568627451
81.63804912567139,0.0,-0.21615045175540598,0.03,1,1,1,0.0,0.3333333333333333,0.12150000000000001,-1,-1,-1,1.0,1.0,-1.0,0.0,-0.3333333333333333,0.135,-1,-1,-1,0.356862745098039,0.694117647058824,0.803921568627451
81.67297649383545,0.0,-0.22171761869411627,0.03,1,1,1,0.0,0.3333333333333333,0.12150000000000001,-1,-1,-1,1.0,1.0,-1.0,0.0,-0.3333333333333333,0.135,-1,-1,-1,0.356862745098039,0.694117647058824,0.803921568627451
81.70789647102356,0.0,-0.22728478563282656,0.03,1,1,1,0.0,0.3333333333333333,0.12150000000000001,-1,-1,-1,1.0,1.0,-1.0,0.0,-0.3333333333333333,0.135,-1,-1,-1,0.356862745098039,0.694117647058824,0.803921568627451
81.74229860305786,0.0,-0.23285195257153685,0.03,1,1,1,0.0,0.3333333333333333,0.12150000000000001,-1,-1,-1,1.0,1.0,-1.0,0.0,-0.3333333333333333,0.135,-1,-1,-1,0.356862745098039,0.694117647058824,0.803921568627451
81.77748560905457,0.0,-0.23841911951024716,0.03,1,1,1,0.0,0.3333333333333333,0.12150000000000001,-1,-1,-1,1.0,1.0,-1.0,0.0,-0.3333333333333333,0.135,-1,-1,-1,0.356862745098039,0.694117647058824,0.803921568627451
81.81212997436523,0.0,-0.2439862864489576,0.03,1,1,1,0.0,0.3333333333333333,0.12150000000000001,-1,-1,-1,1.0,1.0,-1.0,0.0,-0.3333333333333333,0.135,-1,-1,-1,0.356862745098039,0.694117647058824,0.803921568627451
81.8469557762146,0.0,-0.24955345338766802,0.03,1,1,1,0.0,0.3333333333333333,0.12150000000000001,-1,-1,-1,1.0,1.0,-1.0,0.0,-0.3333333333333333,0.135,-1,-1,-1,0.356862745098039,0.694117647058824,0.803921568627451
81.88181138038635,0.0,-0.25512062032637833,0.03,1,1,1,0.0,0.3333333333333333,0.12150000000000001,-1,-1,-1,1.0,1.0,-1.0,0.0,-0.3333333333333333,0.135,-1,-1,-1,0.356862745098039,0.694117647058824,0.803921568627451
81.91645073890686,0.0,-0.2606877872650886,0.03,1,1,1,0.0,0.3333333333333333,0.12150000000000001,-1,-1,-1,1.0,1.0,-1.0,0.0,-0.3333333333333333,0.135,-1,-1,-1,0.356862745098039,0.694117647058824,0.803921568627451
81.95118069648743,0.0,-0.2662549542037989,0.03,1,1,1,0.0,0.3333333333333333,0.12150000000000001,-1,-1,-1,1.0,1.0,-1.0,0.0,-0.3333333333333333,0.135,-1,-1,-1,0.356862745098039,0.694117647058824,0.803921568627451
81.98582363128662,0.0,-0.2718221211425092,0.03,1,1,1,0.0,0.3333333333333333,0.12150000000000001,-1,-1,-1,1.0,1.0,-1.0,0.0,-0.3333333333333333,0.135,-1,-1,-1,0.356862745098039,0.694117647058824,0.803921568627451
82.02056050300598,0.0,-0.2773892880812195,0.03,1,1,1,0.0,0.3333333333333333,0.12150000000000001,-1,-1,-1,1.0,1.0,-1.0,0.0,-0.3333333333333333,0.135,-1,-1,-1,0.356862745098039,0.694117647058824,0.803921568627451
82.0552818775177,0.0,-0.2829564550199298,0.03,1,1,1,0.0,0.3333333333333333,0.12150000000000001,-1,-1,-1,1.0,1.0,-1.0,0.0,-0.3333333333333333,0.135,-1,-1,-1,0.356862745098039,0.694117647058824,0.803921568627451
82.09027361869812,0.0,-0.28852362195864006,0.03,1,1,1,0.0,0.3333333333333333,0.12150000000000001,-1,-1,-1,1.0,1.0,-1.0,0.0,-0.3333333333333333,0.135,-1,-1,-1,0.356862745098039,0.694117647058824,0.803921568627451
82.12463474273682,0.0,-0.29409078889735035,0.03,1,1,1,0.0,0.3333333333333333,0.12150000000000001,-1,-1,-1,1.0,1.0,-1.0,0.0,-0.3333333333333333,0.135,-1,-1,-1,0.356862745098039,0.694117647058824,0.803921568627451
82.1592698097229,0.0,-0.29965795583606064,0.03,1,1,1,0.0,0.3333333333333333,0.12150000000000001,-1,-1,-1,1.0,1.0,-1.0,0.0,-0.3333333333333333,0.135,-1,-1,-1,0.356862745098039,0.694117647058824,0.803921568627451
82.19440364837646,0.0,-0.30522512277477093,0.03,1,1,1,0.0,0.3333333333333333,0.12150000000000001,-1,-1,-1,1.0,1.0,-1.0,0.0,-0.3333333333333333,0.135,-1,-1,-1,0.356862745098039,0.694117647058824,0.803921568627451
82.22842454910278,0.0,-0.3107922897134812,0.03,1,1,1,0.0,0.3333333333333333,0.12150000000000001,-1,-1,-1,1.0,1.0,-1.0,0.0,-0.3333333333333333,0.135,-1,-1,-1,0.356862745098039,0.694117647058824,0.803921568627451
82.26339030265808,0.0,-0.3163594566521915,0.03,1,1,1,0.0,0.3333333333333333,0.12150000000000001,-1,-1,-1,1.0,1.0,-1.0,0.0,-0.3333333333333333,0.135,-1,-1,-1,0.356862745098039,0.694117647058824,0.803921568627451
82.29786610603333,0.0,-0.3219266235909018,0.03,1,1,1,0.0,0.3333333333333333,0.12150000000000001,-1,-1,-1,1.0,1.0,-1.0,0.0,-0.3333333333333333,0.135,-1,-1,-1,0.356862745098039,0.694117647058824,0.803921568627451
82.33267951011658,0.0,-0.3274937905296121,0.03,1,1,1,0.0,0.3333333333333333,0.12150000000000001,-1,-1,-1,1.0,1.0,-1.0,0.0,-0.3333333333333333,0.135,-1,-1,-1,0.356862745098039,0.694117647058824,0.803921568627451
82.36743450164795,0.0,-0.33306095746832237,0.03,1,1,1,0.0,0.3333333333333333,0.12150000000000001,-1,-1,-1,1.0,1.0,-1.0,0.0,-0.3333333333333333,0.135,-1,-1,-1,0.356862745098039,0.694117647058824,0.803921568627451
82.4022867679596,0.0,-0.33417439085606443,0.03,1,1,1,0.0,0.3333333333333333,0.12150000000000001,-1,-1,-1,1.0,1.0,-1.0,0.0,-0.3333333333333333,0.135,-1,-1,-1,0.356862745098039,0.694117647058824,0.803921568627451
82.4366021156311,0.0,-0.33417439085606443,0.03,1,1,1,0.0,0.3333333333333333,0.12150000000000001,-1,-1,-1,1.0,1.0,-1.0,0.0,-0.3333333333333333,0.135,-1,-1,-1,0.356862745098039,0.694117647058824,0.803921568627451
82.47190475463867,0.0,-0.33417439085606443,0.03,1,1,1,0.0,0.3333333333333333,0.12150000000000001,-1,-1,-1,1.0,1.0,-1.0,0.0,-0.3333333333333333,0.135,-1,-1,-1,0.356862745098039,0.694117647058824,0.803921568627451
82.50642704963684,0.0,-0.33417439085606443,0.03,1,1,1,0.0,0.3333333333333333,0.12150000000000001,-1,-1,-1,1.0,1.0,-1.0,0.0,-0.3333333333333333,0.135,-1,-1,-1,0.356862745098039,0.694117647058824,0.803921568627451
82.54115867614746,0.0,-0.33417439085606443,0.03,1,1,1,0.0,0.3333333333333333,0.12150000000000001,-1,-1,-1,1.0,1.0,-1.0,0.0,-0.3333333333333333,0.135,-1,-1,-1,0.356862745098039,0.694117647058824,0.803921568627451
82.57592058181763,0.0,-0.33417439085606443,0.03,1,1,1,0.0,0.3333333333333333,0.12150000000000001,-1,-1,-1,1.0,1.0,-1.0,0.0,-0.3333333333333333,0.135,-1,-1,-1,0.356862745098039,0.694117647058824,0.803921568627451
82.61043643951416,0.0,-0.33417439085606443,0.03,1,1,1,0.0,0.3333333333333333,0.12150000000000001,-1,-1,-1,1.0,1.0,-1.0,0.0,-0.3333333333333333,0.135,-1,-1,-1,0.356862745098039,0.694117647058824,0.803921568627451
82.645179271698,0.0,-0.33417439085606443,0.03,1,1,1,0.0,0.3333333333333333,0.12150000000000001,-1,-1,-1,1.0,1.0,-1.0,0.0,-0.3333333333333333,0.135,-1,-1,-1,0.356862745098039,0.694117647058824,0.803921568627451
82.6797399520874,0.0,-0.33417439085606443,0.03,1,1,1,0.0,0.3333333333333333,0.12150000000000001,-1,-1,-1,1.0,1.0,-1.0,0.0,-0.3333333333333333,0.135,-1,-1,-1,0.356862745098039,0.694117647058824,0.803921568627451
82.7144935131073,0.0,-0.33417439085606443,0.03,1,1,1,0.0,0.3333333333333333,0.12150000000000001,-1,-1,-1,1.0,1.0,-1.0,0.0,-0.3333333333333333,0.135,-1,-1,-1,0.356862745098039,0.694117647058824,0.803921568627451
82.74951100349426,0.0,-0.33417439085606443,0.03,1,1,1,0.0,0.3333333333333333,0.12150000000000001,-1,-1,-1,1.0,1.0,-1.0,0.0,-0.3333333333333333,0.135,-1,-1,-1,0.356862745098039,0.694117647058824,0.803921568627451
82.78396272659302,0.0,-0.33417439085606443,0.03,1,1,1,0.0,0.3333333333333333,0.12150000000000001,-1,-1,-1,1.0,1.0,-1.0,0.0,-0.3333333333333333,0.135,-1,-1,-1,0.356862745098039,0.694117647058824,0.803921568627451
82.8190062046051,0.0,-0.33417439085606443,0.03,1,1,1,0.0,0.3333333333333333,0.12150000000000001,-1,-1,-1,1.0,1.0,-1.0,0.0,-0.3333333333333333,0.135,-1,-1,-1,0.356862745098039,0.694117647058824,0.803921568627451
82.85368704795837,0.0,-0.006018289178227219,0.03,1,1,1,0.0,0.3333333333333333,0.12150000000000001,-1,-1,-1,1.0,1.0,-1.0,0.0,-0.3333333333333333,0.12150000000000001,1,1,1,0.356862745098039,0.694117647058824,0.803921568627451
82.88829159736633,0.0,-0.013541150651011245,0.03,1,1,1,0.0,0.3333333333333333,0.12150000000000001,-1,-1,-1,1.0,1.0,-1.0,0.0,-0.3333333333333333,0.12150000000000001,1,1,1,0.356862745098039,0.694117647058824,0.803921568627451
82.92277789115906,0.0,-0.02106401212379527,0.03,1,1,1,0.0,0.3333333333333333,0.12150000000000001,-1,-1,-1,1.0,1.0,-1.0,0.0,-0.3333333333333333,0.12150000000000001,1,1,1,0.356862745098039,0.694117647058824,0.803921568627451
82.95782971382141,0.0,-0.028586873596579295,0.03,1,1,1,0.0,0.3333333333333333,0.12150000000000001,-1,-1,-1,1.0,1.0,-1.0,0.0,-0.3333333333333333,0.12150000000000001,1,1,1,0.356862745098039,0.694117647058824,0.803921568627451
82.99286365509033,0.0,-0.03610973506936332,0.03,1,1,1,0.0,0.3333333333333333,0.12150000000000001,-1,-1,-1,1.0,1.0,-1.0,0.0,-0.3333333333333333,0.12150000000000001,1,1,1,0.356862745098039,0.694117647058824,0.803921568627451
83.02697682380676,0.0,-0.043632596542147344,0.03,1,1,1,0.0,0.3333333333333333,0.12150000000000001,-1,-1,-1,1.0,1.0,-1.0,0.0,-0.3333333333333333,0.12150000000000001,1,1,1,0.356862745098039,0.694117647058824,0.803921568627451
83.06178855895996,0.0,-0.05115545801493137,0.03,1,1,1,0.0,0.3333333333333333,0.12150000000000001,-1,-1,-1,1.0,1.0,-1.0,0.0,-0.3333333333333333,0.12150000000000001,1,1,1,0.356862745098039,0.694117647058824,0.803921568627451
83.0968017578125,0.0,-0.058678319487715395,0.03,1,1,1,0.0,0.3333333333333333,0.12150000000000001,-1,-1,-1,1.0,1.0,-1.0,0.0,-0.3333333333333333,0.12150000000000001,1,1,1,0.356862745098039,0.694117647058824,0.803921568627451
83.13130569458008,0.0,-0.06620118096049941,0.03,1,1,1,0.0,0.3333333333333333,0.12150000000000001,-1,-1,-1,1.0,1.0,-1.0,0.0,-0.3333333333333333,0.12150000000000001,1,1,1,0.356862745098039,0.694117647058824,0.803921568627451
83.16584897041321,0.0,-0.07372404243328344,0.03,1,1,1,0.0,0.3333333333333333,0.12150000000000001,-1,-1,-1,1.0,1.0,-1.0,0.0,-0.3333333333333333,0.12150000000000001,1,1,1,0.356862745098039,0.694117647058824,0.803921568627451
83.20049786567688,0.0,-0.08124690390606747,0.03,1,1,1,0.0,0.3333333333333333,0.12150000000000001,-1,-1,-1,1.0,1.0,-1.0,0.0,-0.3333333333333333,0.12150000000000001,1,1,1,0.356862745098039,0.694117647058824,0.803921568627451
83.23578262329102,0.0,-0.08876976537885149,0.03,1,1,1,0.0,0.3333333333333333,0.12150000000000001,-1,-1,-1,1.0,1.0,-1.0,0.0,-0.3333333333333333,0.12150000000000001,1,1,1,0.356862745098039,0.694117647058824,0.803921568627451
83.2704062461853,0.0,-0.09629262685163552,0.03,1,1,1,0.0,0.3333333333333333,0.12150000000000001,-1,-1,-1,1.0,1.0,-1.0,0.0,-0.3333333333333333,0.12150000000000001,1,1,1,0.356862745098039,0.694117647058824,0.803921568627451
83.30475378036499,0.0,-0.10381548832441954,0.03,1,1,1,0.0,0.3333333333333333,0.12150000000000001,-1,-1,-1,1.0,1.0,-1.0,0.0,-0.3333333333333333,0.12150000000000001,1,1,1,0.356862745098039,0.694117647058824,0.803921568627451
83.33945345878601,0.0,-0.11133834979720357,0.03,1,1,1,0.0,0.3333333333333333,0.12150000000000001,-1,-1,-1,1.0,1.0,-1.0,0.0,-0.3333333333333333,0.12150000000000001,1,1,1,0.356862745098039,0.694117647058824,0.803921568627451
83.37447714805603,0.0,-0.11886121126998758,0.03,1,1,1,0.0,0.3333333333333333,0.12150000000000001,-1,-1,-1,1.0,1.0,-1.0,0.0,-0.3333333333333333,0.12150000000000001,1,1,1,0.356862745098039,0.694117647058824,0.803921568627451
83.40962314605713,0.0,-0.12638407274277158,0.03,1,1,1,0.0,0.3333333333333333,0.12150000000000001,-1,-1,-1,1.0,1.0,-1.0,0.0,-0.3333333333333333,0.12150000000000001,1,1,1,0.356862745098039,0.694117647058824,0.803921568627451
83.44414234161377,0.0,-0.1339069342155556,0.03,1,1,1,0.0,0.3333333333333333,0.12150000000000001,-1,-1,-1,1.0,1.0,-1.0,0.0,-0.3333333333333333,0.12150000000000001,1,1,1,0.356862745098039,0.694117647058824,0.803921568627451
83.47896385192871,0.0,-0.14142979568833963,0.03,1,1,1,0.0,0.3333333333333333,0.12150000000000001,-1,-1,-1,1.0,1.0,-1.0,0.0,-0.3333333333333333,0.12150000000000001,1,1,1,0.356862745098039,0.694117647058824,0.803921568627451
83.51344084739685,0.0,-0.14895265716112366,0.03,1,1,1,0.0,0.3333333333333333,0.12150000000000001,-1,-1,-1,1.0,1.0,-1.0,0.0,-0.3333333333333333,0.12150000000000001,1,1,1,0.356862745098039,0.694117647058824,0.803921568627451
83.54792809486389,0.0,-0.15647551863390768,0.03,1,1,1,0.0,0.3333333333333333,0.12150000000000001,-1,-1,-1,1.0,1.0,-1.0,0.0,-0.3333333333333333,0.12150000000000001,1,1,1,0.356862745098039,0.694117647058824,0.803921568627451
83.58308506011963,0.0,-0.1639983801066917,0.03,1,1,1,0.0,0.3333333333333333,0.12150000000000001,-1,-1,-1,1.0,1.0,-1.0,0.0,-0.3333333333333333,0.12150000000000001,1,1,1,0.356862745098039,0.694117647058824,0.803921568627451
83.61783957481384,0.0,-0.17152124157947574,0.03,1,1,1,0.0,0.3333333333333333,0.12150000000000001,-1,-1,-1,1.0,1.0,-1.0,0.0,-0.3333333333333333,0.12150000000000001,1,1,1,0.356862745098039,0.694117647058824,0.803921568627451
83.65255117416382,0.0,-0.17904410305225976,0.03,1,1,1,0.0,0.3333333333333333,0.12150000000000001,-1,-1,-1,1.0,1.0,-1.0,0.0,-0.3333333333333333,0.12150000000000001,1,1,1,0.356862745098039,0.694117647058824,0.803921568627451
83.68687057495117,0.0,-0.1865669645250438,0.03,1,1,1,0.0,0.3333333333333333,0.12150000000000001,-1,-1,-1,1.0,1.0,-1.0,0.0,-0.3333333333333333,0.12150000000000001,1,1,1,0.356862745098039,0.694117647058824,0.803921568627451
83.7220709323883,0.0,-0.19408982599782781,0.03,1,1,1,0.0,0.3333333333333333,0.12150000000000001,-1,-1,-1,1.0,1.0,-1.0,0.0,-0.3333333333333333,0.12150000000000001,1,1,1,0.356862745098039,0.694117647058824,0.803921568627451
83.75668430328369,0.0,-0.20161268747061184,0.03,1,1,1,0.0,0.3333333333333333,0.12150000000000001,-1,-1,-1,1.0,1.0,-1.0,0.0,-0.3333333333333333,0.12150000000000001,1,1,1,0.356862745098039,0.694117647058824,0.803921568627451
83.79108023643494,0.0,-0.20913554894339587,0.03,1,1,1,0.0,0.3333333333333333,0.12150000000000001,-1,-1,-1,1.0,1.0,-1.0,0.0,-0.3333333333333333,0.12150000000000001,1,1,1,0.356862745098039,0.694117647058824,0.803921568627451
83.82625889778137,0.0,-0.2166584104161799,0.03,1,1,1,0.0,0.3333333333333333,0.12150000000000001,-1,-1,-1,1.0,1.0,-1.0,0.0,-0.3333333333333333,0.12150000000000001,1,1,1,0.356862745098039,0.694117647058824,0.803921568627451
83.8602831363678,0.0,-0.22418127188896392,0.03,1,1,1,0.0,0.3333333333333333,0.12150000000000001,-1,-1,-1,1.0,1.0,-1.0,0.0,-0.3333333333333333,0.12150000000000001,1,1,1,0.356862745098039,0.694117647058824,0.803921568627451
83.89513611793518,0.0,-0.23170413336174794,0.03,1,1,1,0.0,0.3333333333333333,0.12150000000000001,-1,-1,-1,1.0,1.0,-1.0,0.0,-0.3333333333333333,0.12150000000000001,1,1,1,0.356862745098039,0.694117647058824,0.803921568627451
83.93050074577332,0.0,-0.23922699483453194,0.03,1,1,1,0.0,0.3333333333333333,0.12150000000000001,-1,-1,-1,1.0,1.0,-1.0,0.0,-0.3333333333333333,0.12150000000000001,1,1,1,0.356862745098039,0.694117647058824,0.803921568627451
83.96483087539673,0.0,-0.24674985630731594,0.03,1,1,1,0.0,0.3333333333333333,0.12150000000000001,-1,-1,-1,1.0,1.0,-1.0,0.0,-0.3333333333333333,0.12150000000000001,1,1,1,0.356862745098039,0.694117647058824,0.803921568627451
83.99972820281982,0.0,-0.25427271778009997,0.03,1,1,1,0.0,0.3333333333333333,0.12150000000000001,-1,-1,-1,1.0,1.0,-1.0,0.0,-0.3333333333333333,0.12150000000000001,1,1,1,0.356862745098039,0.694117647058824,0.803921568627451
84.03391695022583,0.0,-0.2602087508473785,0.03,1,1,1,0.0,0.3333333333333333,0.12150000000000001,-1,-1,-1,1.0,1.0,-1.0,0.0,-0.3333333333333333,0.12150000000000001,-1,-1,-1,0.356862745098039,0.694117647058824,0.803921568627451
84.06873106956482,0.0,-0.259797470292635,0.03,1,1,1,0.0,0.3333333333333333,0.12150000000000001,-1,-1,-1,1.0,1.0,-1.0,0.0,-0.3333333333333333,0.12150000000000001,-1,-1,-1,0.356862745098039,0.694117647058824,0.803921568627451
84.10340166091919,0.0,-0.2593861897378915,0.03,1,1,1,0.0,0.3333333333333333,0.12150000000000001,-1,-1,-1,1.0,1.0,-1.0,0.0,-0.3333333333333333,0.12150000000000001,-1,-1,-1,0.356862745098039,0.694117647058824,0.803921568627451
84.13870000839233,0.0,-0.258974909183148,0.03,1,1,1,0.0,0.3333333333333333,0.12150000000000001,-1,-1,-1,1.0,1.0,-1.0,0.0,-0.3333333333333333,0.12150000000000001,-1,-1,-1,0.356862745098039,0.694117647058824,0.803921568627451
84.17336678504944,0.0,-0.25856362862840454,0.03,1,1,1,0.0,0.3333333333333333,0.12150000000000001,-1,-1,-1,1.0,1.0,-1.0,0.0,-0.3333333333333333,0.12150000000000001,-1,-1,-1,0.356862745098039,0.694117647058824,0.803921568627451
84.20805954933167,0.0,-0.25815234807366105,0.03,1,1,1,0.0,0.3333333333333333,0.12150000000000001,-1,-1,-1,1.0,1.0,-1.0,0.0,-0.3333333333333333,0.12150000000000001,-1,-1,-1,0.356862745098039,0.694117647058824,0.803921568627451
84.24287819862366,0.0,-0.25774106751891757,0.03,1,1,1,0.0,0.3333333333333333,0.12150000000000001,-1,-1,-1,1.0,1.0,-1.0,0.0,-0.3333333333333333,0.12150000000000001,-1,-1,-1,0.356862745098039,0.694117647058824,0.803921568627451
84.27750253677368,0.0,-0.2573297869641741,0.03,1,1,1,0.0,0.3333333333333333,0.12150000000000001,-1,-1,-1,1.0,1.0,-1.0,0.0,-0.3333333333333333,0.12150000000000001,-1,-1,-1,0.356862745098039,0.694117647058824,0.803921568627451
84.3117163181305,0.0,-0.2569185064094306,0.03,1,1,1,0.0,0.3333333333333333,0.12150000000000001,-1,-1,-1,1.0,1.0,-1.0,0.0,-0.3333333333333333,0.12150000000000001,-1,-1,-1,0.356862745098039,0.694117647058824,0.803921568627451
84.34692764282227,0.0,-0.2565072258546871,0.03,1,1,1,0.0,0.3333333333333333,0.12150000000000001,-1,-1,-1,1.0,1.0,-1.0,0.0,-0.3333333333333333,0.12150000000000001,-1,-1,-1,0.356862745098039,0.694117647058824,0.803921568627451
84.38169956207275,0.0,-0.2560959452999436,0.03,1,1,1,0.0,0.3333333333333333,0.12150000000000001,-1,-1,-1,1.0,1.0,-1.0,0.0,-0.3333333333333333,0.12150000000000001,-1,-1,-1,0.356862745098039,0.694117647058824,0.803921568627451
84.41592335700989,0.0,-0.25568466474520013,0.03,1,1,1,0.0,0.3333333333333333,0.12150000000000001,-1,-1,-1,1.0,1.0,-1.0,0.0,-0.3333333333333333,0.12150000000000001,-1,-1,-1,0.356862745098039,0.694117647058824,0.803921568627451
84.4511365890503,0.0,-0.25527338419045664,0.03,1,1,1,0.0,0.3333333333333333,0.12150000000000001,-1,-1,-1,1.0,1.0,-1.0,0.0,-0.3333333333333333,0.12150000000000001,-1,-1,-1,0.356862745098039,0.694117647058824,0.803921568627451
84.48512363433838,0.0,-0.25486210363571316,0.03,1,1,1,0.0,0.3333333333333333,0.12150000000000001,-1,-1,-1,1.0,1.0,-1.0,0.0,-0.3333333333333333,0.12150000000000001,-1,-1,-1,0.356862745098039,0.694117647058824,0.803921568627451
84.52053260803223,0.0,-0.25445082308096967,0.03,1,1,1,0.0,0.3333333333333333,0.12150000000000001,-1,-1,-1,1.0,1.0,-1.0,0.0,-0.3333333333333333,0.12150000000000001,-1,-1,-1,0.356862745098039,0.694117647058824,0.803921568627451
84.55532622337341,0.0,-0.2540395425262262,0.03,1,1,1,0.0,0.3333333333333333,0.12150000000000001,-1,-1,-1,1.0,1.0,-1.0,0.0,-0.3333333333333333,0.12150000000000001,-1,-1,-1,0.356862745098039,0.694117647058824,0.803921568627451
84.59005379676819,0.0,-0.2536282619714827,0.03,1,1,1,0.0,0.3333333333333333,0.12150000000000001,-1,-1,-1,1.0,1.0,-1.0,0.0,-0.3333333333333333,0.12150000000000001,-1,-1,-1,0.356862745098039,0.694117647058824,0.803921568627451
84.62495398521423,0.0,-0.2532169814167392,0.03,1,1,1,0.0,0.3333333333333333,0.12150000000000001,-1,-1,-1,1.0,1.0,-1.0,0.0,-0.3333333333333333,0.12150000000000001,-1,-1,-1,0.356862745098039,0.694117647058824,0.803921568627451
84.65946912765503,0.0,-0.2528057008619957,0.03,1,1,1,0.0,0.3333333333333333,0.12150000000000001,-1,-1,-1,1.0,1.0,-1.0,0.0,-0.3333333333333333,0.12150000000000001,-1,-1,-1,0.356862745098039,0.694117647058824,0.803921568627451
84.69379997253418,0.0,-0.25239442030725223,0.03,1,1,1,0.0,0.3333333333333333,0.12150000000000001,-1,-1,-1,1.0,1.0,-1.0,0.0,-0.3333333333333333,0.12150000000000001,-1,-1,-1,0.356862745098039,0.694117647058824,0.803921568627451
84.72837948799133,0.0,-0.25198313975250874,0.03,1,1,1,0.0,0.3333333333333333,0.12150000000000001,-1,-1,-1,1.0,1.0,-1.0,0.0,-0.3333333333333333,0.12150000000000001,-1,-1,-1,0.356862745098039,0.694117647058824,0.803921568627451
84.76357388496399,0.0,-0.25157185919776526,0.03,1,1,1,0.0,0.3333333333333333,0.12150000000000001,-1,-1,-1,1.0,1.0,-1.0,0.0,-0.3333333333333333,0.12150000000000001,-1,-1,-1,0.356862745098039,0.694117647058824,0.803921568627451
84.79833626747131,0.0,-0.25116057864302177,0.03,1,1,1,0.0,0.3333333333333333,0.12150000000000001,-1,-1,-1,1.0,1.0,-1.0,0.0,-0.3333333333333333,0.12150000000000001,-1,-1,-1,0.356862745098039,0.694117647058824,0.803921568627451
84.8326313495636,0.0,-0.2507492980882783,0.03,1,1,1,0.0,0.3333333333333333,0.12150000000000001,-1,-1,-1,1.0,1.0,-1.0,0.0,-0.3333333333333333,0.12150000000000001,-1,-1,-1,0.356862745098039,0.694117647058824,0.803921568627451
84.8677442073822,0.0,-0.2503380175335348,0.03,1,1,1,0.0,0.3333333333333333,0.12150000000000001,-1,-1,-1,1.0,1.0,-1.0,0.0,-0.3333333333333333,0.12150000000000001,-1,-1,-1,0.356862745098039,0.694117647058824,0.803921568627451
84.90238642692566,0.0,-0.24992673697879128,0.03,1,1,1,0.0,0.3333333333333333,0.12150000000000001,-1,-1,-1,1.0,1.0,-1.0,0.0,-0.3333333333333333,0.12150000000000001,-1,-1,-1,0.356862745098039,0.694117647058824,0.803921568627451
84.93717765808105,0.0,-0.2495154564240479,0.03,1,1,1,0.0,0.3333333333333333,0.12150000000000001,-1,-1,-1,1.0,1.0,-1.0,0.0,-0.3333333333333333,0.12150000000000001,-1,-1,-1,0.356862745098039,0.694117647058824,0.803921568627451
84.97171449661255,0.0,-0.24910417586930442,0.03,1,1,1,0.0,0.3333333333333333,0.12150000000000001,-1,-1,-1,1.0,1.0,-1.0,0.0,-0.3333333333333333,0.12150000000000001,-1,-1,-1,0.356862745098039,0.694117647058824,0.803921568627451
85.00672435760498,0.0,-0.2486928953145609,0.03,1,1,1,0.0,0.3333333333333333,0.12150000000000001,-1,-1,-1,1.0,1.0,-1.0,0.0,-0.3333333333333333,0.12150000000000001,-1,-1,-1,0.356862745098039,0.694117647058824,0.803921568627451
85.04084086418152,0.0,-0.24828161475981742,0.03,1,1,1,0.0,0.3333333333333333,0.12150000000000001,-1,-1,-1,1.0,1.0,-1.0,0.0,-0.3333333333333333,0.12150000000000001,-1,-1,-1,0.356862745098039,0.694117647058824,0.803921568627451
85.0759506225586,0.0,-0.24787033420507393,0.03,1,1,1,0.0,0.3333333333333333,0.12150000000000001,-1,-1,-1,1.0,1.0,-1.0,0.0,-0.3333333333333333,0.12150000000000001,-1,-1,-1,0.356862745098039,0.694117647058824,0.803921568627451
85.11080431938171,0.0,-0.24745905365033044,0.03,1,1,1,0.0,0.3333333333333333,0.12150000000000001,-1,-1,-1,1.0,1.0,-1.0,0.0,-0.3333333333333333,0.12150000000000001,-1,-1,-1,0.356862745098039,0.694117647058824,0.803921568627451
85.14508366584778,0.0,-0.2470477730955869,0.03,1,1,1,0.0,0.3333333333333333,0.12150000000000001,-1,-1,-1,1.0,1.0,-1.0,0.0,-0.3333333333333333,0.12150000000000001,-1,-1,-1,0.356862745098039,0.694117647058824,0.803921568627451
85.17988872528076,0.0,-0.24663649254084336,0.03,1,1,1,0.0,0.3333333333333333,0.12150000000000001,-1,-1,-1,1.0,1.0,-1.0,0.0,-0.3333333333333333,0.12150000000000001,-1,-1,-1,0.356862745098039,0.694117647058824,0.803921568627451
85.21498155593872,0.0,-0.24622521198609984,0.03,1,1,1,0.0,0.3333333333333333,0.12150000000000001,-1,-1,-1,1.0,1.0,-1.0,0.0,-0.3333333333333333,0.12150000000000001,-1,-1,-1,0.356862745098039,0.694117647058824,0.803921568627451
85.24964666366577,0.0,-0.24606069976420247,0.03,1,1,1,0.0,0.3333333333333333,0.12150000000000001,-1,-1,-1,1.0,1.0,-1.0,0.0,-0.3333333333333333,0.12150000000000001,-1,-1,-1,0.356862745098039,0.694117647058824,0.803921568627451
85.2837507724762,0.0,-0.24606069976420247,0.03,1,1,1,0.0,0.3333333333333333,0.12150000000000001,-1,-1,-1,1.0,1.0,-1.0,0.0,-0.3333333333333333,0.12150000000000001,-1,-1,-1,0.356862745098039,0.694117647058824,0.803921568627451
85.31843662261963,0.0,-0.24606069976420247,0.03,1,1,1,0.0,0.3333333333333333,0.12150000000000001,-1,-1,-1,1.0,1.0,-1.0,0.0,-0.3333333333333333,0.12150000000000001,-1,-1,-1,0.356862745098039,0.694117647058824,0.803921568627451
85.3533775806427,0.0,-0.24606069976420247,0.03,1,1,1,0.0,0.3333333333333333,0.12150000000000001,-1,-1,-1,1.0,1.0,-1.0,0.0,-0.3333333333333333,0.12150000000000001,-1,-1,-1,0.356862745098039,0.694117647058824,0.803921568627451
85.3880980014801,0.0,-0.24606069976420247,0.03,1,1,1,0.0,0.3333333333333333,0.12150000000000001,-1,-1,-1,1.0,1.0,-1.0,0.0,-0.3333333333333333,0.12150000000000001,-1,-1,-1,0.356862745098039,0.694117647058824,0.803921568627451
85.4228286743164,0.0,-0.24606069976420247,0.03,1,1,1,0.0,0.3333333333333333,0.12150000000000001,-1,-1,-1,1.0,1.0,-1.0,0.0,-0.3333333333333333,0.12150000000000001,-1,-1,-1,0.356862745098039,0.694117647058824,0.803921568627451
85.45746731758118,0.0,-0.24606069976420247,0.03,1,1,1,0.0,0.3333333333333333,0.12150000000000001,-1,-1,-1,1.0,1.0,-1.0,0.0,-0.3333333333333333,0.12150000000000001,-1,-1,-1,0.356862745098039,0.694117647058824,0.803921568627451
85.49279761314392,0.0,-0.24606069976420247,0.03,1,1,1,0.0,0.3333333333333333,0.12150000000000001,-1,-1,-1,1.0,1.0,-1.0,0.0,-0.3333333333333333,0.12150000000000001,-1,-1,-1,0.356862745098039,0.694117647058824,0.803921568627451
85.52739095687866,0.0,-0.24606069976420247,0.03,1,1,1,0.0,0.3333333333333333,0.12150000000000001,-1,-1,-1,1.0,1.0,-1.0,0.0,-0.3333333333333333,0.12150000000000001,-1,-1,-1,0.356862745098039,0.694117647058824,0.803921568627451
85.56221008300781,0.0,-0.24606069976420247,0.03,1,1,1,0.0,0.3333333333333333,0.12150000000000001,-1,-1,-1,1.0,1.0,-1.0,0.0,-0.3333333333333333,0.12150000000000001,-1,-1,-1,0.356862745098039,0.694117647058824,0.803921568627451
85.59706902503967,0.0,-0.24606069976420247,0.03,1,1,1,0.0,0.3333333333333333,0.12150000000000001,-1,-1,-1,1.0,1.0,-1.0,0.0,-0.3333333333333333,0.12150000000000001,-1,-1,-1,0.356862745098039,0.694117647058824,0.803921568627451
85.6311662197113,0.0,-0.24606069976420247,0.03,1,1,1,0.0,0.3333333333333333,0.12150000000000001,-1,-1,-1,1.0,1.0,-1.0,0.0,-0.3333333333333333,0.12150000000000001,-1,-1,-1,0.356862745098039,0.694117647058824,0.803921568627451
85.66586542129517,0.0,-0.24606069976420247,0.03,1,1,1,0.0,0.3333333333333333,0.12150000000000001,-1,-1,-1,1.0,1.0,-1.0,0.0,-0.3333333333333333,0.12150000000000001,-1,-1,-1,0.356862745098039,0.694117647058824,0.803921568627451
85.7007040977478,0.0,-0.24606069976420247,0.03,1,1,1,0.0,0.3333333333333333,0.12150000000000001,-1,-1,-1,1.0,1.0,-1.0,0.0,-0.3333333333333333,0.12150000000000001,-1,-1,-1,0.356862745098039,0.694117647058824,0.803921568627451
85.7355785369873,0.0,-0.24606069976420247,0.03,1,1,1,0.0,0.3333333333333333,0.12150000000000001,-1,-1,-1,1.0,1.0,-1.0,0.0,-0.3333333333333333,0.12150000000000001,-1,-1,-1,0.356862745098039,0.694117647058824,0.803921568627451
85.77014088630676,0.0,-0.24606069976420247,0.03,1,1,1,0.0,0.3333333333333333,0.12150000000000001,-1,-1,-1,1.0,1.0,-1.0,0.0,-0.3333333333333333,0.12150000000000001,-1,-1,-1,0.356862745098039,0.694117647058824,0.803921568627451
85.80483341217041,0.0,-0.24606069976420247,0.03,1,1,1,0.0,0.3333333333333333,0.12150000000000001,-1,-1,-1,1.0,1.0,-1.0,0.0,-0.3333333333333333,0.12150000000000001,-1,-1,-1,0.356862745098039,0.694117647058824,0.803921568627451
85.83941769599915,0.0,-0.24606069976420247,0.03,1,1,1,0.0,0.3333333333333333,0.12150000000000001,-1,-1,-1,1.0,1.0,-1.0,0.0,-0.3333333333333333,0.12150000000000001,-1,-1,-1,0.356862745098039,0.694117647058824,0.803921568627451
85.87407374382019,0.0,-0.24606069976420247,0.03,1,1,1,0.0,0.3333333333333333,0.12150000000000001,-1,-1,-1,1.0,1.0,-1.0,0.0,-0.3333333333333333,0.12150000000000001,-1,-1,-1,0.356862745098039,0.694117647058824,0.803921568627451
85.90907025337219,0.0,-0.24606069976420247,0.03,1,1,1,0.0,0.3333333333333333,0.12150000000000001,-1,-1,-1,1.0,1.0,-1.0,0.0,-0.3333333333333333,0.12150000000000001,-1,-1,-1,0.356862745098039,0.694117647058824,0.803921568627451
85.94382762908936,0.0,-0.24606069976420247,0.03,1,1,1,0.0,0.3333333333333333,0.12150000000000001,-1,-1,-1,1.0,1.0,-1.0,0.0,-0.3333333333333333,0.12150000000000001,-1,-1,-1,0.356862745098039,0.694117647058824,0.803921568627451
85.97855019569397,0.0,-0.24606069976420247,0.03,1,1,1,0.0,0.3333333333333333,0.12150000000000001,-1,-1,-1,1.0,1.0,-1.0,0.0,-0.3333333333333333,0.12150000000000001,-1,-1,-1,0.356862745098039,0.694117647058824,0.803921568627451
86.01393413543701,0.0,-0.24606069976420247,0.03,1,1,1,0.0,0.3333333333333333,0.12150000000000001,-1,-1,-1,1.0,1.0,-1.0,0.0,-0.3333333333333333,0.12150000000000001,-1,-1,-1,0.356862745098039,0.694117647058824,0.803921568627451
86.04880046844482,0.0,-0.24606069976420247,0.03,1,1,1,0.0,0.3333333333333333,0.12150000000000001,-1,-1,-1,1.0,1.0,-1.0,0.0,-0.3333333333333333,0.12150000000000001,-1,-1,-1,0.356862745098039,0.694117647058824,0.803921568627451
86.0825207233429,0.0,-0.24606069976420247,0.03,1,1,1,0.0,0.3333333333333333,0.12150000000000001,-1,-1,-1,1.0,1.0,-1.0,0.0,-0.3333333333333333,0.12150000000000001,-1,-1,-1,0.356862745098039,0.694117647058824,0.803921568627451
86.11739730834961,0.0,-0.24606069976420247,0.03,1,1,1,0.0,0.3333333333333333,0.12150000000000001,-1,-1,-1,1.0,1.0,-1.0,0.0,-0.3333333333333333,0.12150000000000001,-1,-1,-1,0.356862745098039,0.694117647058824,0.803921568627451
86.1520767211914,0.0,-0.24606069976420247,0.03,1,1,1,0.0,0.3333333333333333,0.12150000000000001,-1,-1,-1,1.0,1.0,-1.0,0.0,-0.3333333333333333,0.12150000000000001,-1,-1,-1,0.356862745098039,0.694117647058824,0.803921568627451
86.1866672039032,0.0,-0.24606069976420247,0.03,1,1,1,0.0,0.3333333333333333,0.12150000000000001,-1,-1,-1,1.0,1.0,-1.0,0.0,-0.3333333333333333,0.12150000000000001,-1,-1,-1,0.356862745098039,0.694117647058824,0.803921568627451
86.22118544578552,0.0,-0.24606069976420247,0.03,1,1,1,0.0,0.3333333333333333,0.12150000000000001,-1,-1,-1,1.0,1.0,-1.0,0.0,-0.3333333333333333,0.12150000000000001,-1,-1,-1,0.356862745098039,0.694117647058824,0.803921568627451
86.2562210559845,0.0,-0.24606069976420247,0.03,1,1,1,0.0,0.3333333333333333,0.12150000000000001,-1,-1,-1,1.0,1.0,-1.0,0.0,-0.3333333333333333,0.12150000000000001,-1,-1,-1,0.356862745098039,0.694117647058824,0.803921568627451
86.29142475128174,0.0,-0.24606069976420247,0.03,1,1,1,0.0,0.3333333333333333,0.12150000000000001,-1,-1,-1,1.0,1.0,-1.0,0.0,-0.3333333333333333,0.12150000000000001,-1,-1,-1,0.356862745098039,0.694117647058824,0.803921568627451
86.32599568367004,0.0,-0.24606069976420247,0.03,1,1,1,0.0,0.3333333333333333,0.12150000000000001,-1,-1,-1,1.0,1.0,-1.0,0.0,-0.3333333333333333,0.12150000000000001,-1,-1,-1,0.356862745098039,0.694117647058824,0.803921568627451
86.36039209365845,0.0,-0.24606069976420247,0.03,1,1,1,0.0,0.3333333333333333,0.12150000000000001,-1,-1,-1,1.0,1.0,-1.0,0.0,-0.3333333333333333,0.12150000000000001,-1,-1,-1,0.356862745098039,0.694117647058824,0.803921568627451
86.39576959609985,0.0,-0.24606069976420247,0.03,1,1,1,0.0,0.3333333333333333,0.12150000000000001,-1,-1,-1,1.0,1.0,-1.0,0.0,-0.3333333333333333,0.12150000000000001,-1,-1,-1,0.356862745098039,0.694117647058824,0.803921568627451
86.43027663230896,0.0,-0.24606069976420247,0.03,1,1,1,0.0,0.3333333333333333,0.12150000000000001,-1,-1,-1,1.0,1.0,-1.0,0.0,-0.3333333333333333,0.12150000000000001,-1,-1,-1,0.356862745098039,0.694117647058824,0.803921568627451
86.46503901481628,0.0,-0.24249403513178758,0.03,1,1,1,0.0,0.3333333333333333,0.12150000000000001,-1,-1,-1,1.0,1.0,-1.0,0.0,-0.3333333333333333,0.12150000000000001,-1,-1,-1,0.356862745098039,0.694117647058824,0.803921568627451
86.49907517433167,0.0,-0.23892737049937268,0.03,1,1,1,0.0,0.3333333333333333,0.12150000000000001,-1,-1,-1,1.0,1.0,-1.0,0.0,-0.3333333333333333,0.12150000000000001,-1,-1,-1,0.356862745098039,0.694117647058824,0.803921568627451
86.53402185440063,0.0,-0.23536070586695776,0.03,1,1,1,0.0,0.3333333333333333,0.12150000000000001,-1,-1,-1,1.0,1.0,-1.0,0.0,-0.3333333333333333,0.12150000000000001,-1,-1,-1,0.356862745098039,0.694117647058824,0.803921568627451
86.56900405883789,0.0,-0.23179404123454284,0.03,1,1,1,0.0,0.3333333333333333,0.12150000000000001,-1,-1,-1,1.0,1.0,-1.0,0.0,-0.3333333333333333,0.12150000000000001,-1,-1,-1,0.356862745098039,0.694117647058824,0.803921568627451
86.60417008399963,0.0,-0.2282273766021279,0.03,1,1,1,0.0,0.3333333333333333,0.12150000000000001,-1,-1,-1,1.0,1.0,-1.0,0.0,-0.3333333333333333,0.12150000000000001,-1,-1,-1,0.356862745098039,0.694117647058824,0.803921568627451
86.63868427276611,0.0,-0.224660711969713,0.03,1,1,1,0.0,0.3333333333333333,0.12150000000000001,-1,-1,-1,1.0,1.0,-1.0,0.0,-0.3333333333333333,0.12150000000000001,-1,-1,-1,0.356862745098039,0.694117647058824,0.803921568627451
86.67346811294556,0.0,-0.22109404733729807,0.03,1,1,1,0.0,0.3333333333333333,0.12150000000000001,-1,-1,-1,1.0,1.0,-1.0,0.0,-0.3333333333333333,0.12150000000000001,-1,-1,-1,0.356862745098039,0.694117647058824,0.803921568627451
86.70782399177551,0.0,-0.21752738270488314,0.03,1,1,1,0.0,0.3333333333333333,0.12150000000000001,-1,-1,-1,1.0,1.0,-1.0,0.0,-0.3333333333333333,0.12150000000000001,-1,-1,-1,0.356862745098039,0.694117647058824,0.803921568627451
86.7424259185791,0.0,-0.21396071807246822,0.03,1,1,1,0.0,0.3333333333333333,0.12150000000000001,-1,-1,-1,1.0,1.0,-1.0,0.0,-0.3333333333333333,0.12150000000000001,-1,-1,-1,0.356862745098039,0.694117647058824,0.803921568627451
86.7772045135498,0.0,-0.2103940534400533,0.03,1,1,1,0.0,0.3333333333333333,0.12150000000000001,-1,-1,-1,1.0,1.0,-1.0,0.0,-0.3333333333333333,0.12150000000000001,-1,-1,-1,0.356862745098039,0.694117647058824,0.803921568627451
86.81204509735107,0.0,-0.20682738880763837,0.03,1,1,1,0.0,0.3333333333333333,0.12150000000000001,-1,-1,-1,1.0,1.0,-1.0,0.0,-0.3333333333333333,0.12150000000000001,-1,-1,-1,0.356862745098039,0.694117647058824,0.803921568627451
86.84652590751648,0.0,-0.20326072417522345,0.03,1,1,1,0.0,0.3333333333333333,0.12150000000000001,-1,-1,-1,1.0,1.0,-1.0,0.0,-0.3333333333333333,0.12150000000000001,-1,-1,-1,0.356862745098039,0.694117647058824,0.803921568627451
86.88150119781494,0.0,-0.19969405954280853,0.03,1,1,1,0.0,0.3333333333333333,0.12150000000000001,-1,-1,-1,1.0,1.0,-1.0,0.0,-0.3333333333333333,0.12150000000000001,-1,-1,-1,0.356862745098039,0.694117647058824,0.803921568627451
86.91577196121216,0.0,-0.1961273949103936,0.03,1,1,1,0.0,0.3333333333333333,0.12150000000000001,-1,-1,-1,1.0,1.0,-1.0,0.0,-0.3333333333333333,0.12150000000000001,-1,-1,-1,0.356862745098039,0.694117647058824,0.803921568627451
86.95084714889526,0.0,-0.19256073027797868,0.03,1,1,1,0.0,0.3333333333333333,0.12150000000000001,-1,-1,-1,1.0,1.0,-1.0,0.0,-0.3333333333333333,0.12150000000000001,-1,-1,-1,0.356862745098039,0.694117647058824,0.803921568627451
86.98553967475891,0.0,-0.18899406564556376,0.03,1,1,1,0.0,0.3333333333333333,0.12150000000000001,-1,-1,-1,1.0,1.0,-1.0,0.0,-0.3333333333333333,0.12150000000000001,-1,-1,-1,0.356862745098039,0.694117647058824,0.803921568627451
87.0201473236084,0.0,-0.18542740101314883,0.03,1,1,1,0.0,0.3333333333333333,0.12150000000000001,-1,-1,-1,1.0,1.0,-1.0,0.0,-0.3333333333333333,0.12150000000000001,-1,-1,-1,0.356862745098039,0.694117647058824,0.803921568627451
87.05501413345337,0.0,-0.1818607363807339,0.03,1,1,1,0.0,0.3333333333333333,0.12150000000000001,-1,-1,-1,1.0,1.0,-1.0,0.0,-0.3333333333333333,0.12150000000000001,-1,-1,-1,0.356862745098039,0.694117647058824,0.803921568627451
87.09012460708618,0.0,-0.178294071748319,0.03,1,1,1,0.0,0.3333333333333333,0.12150000000000001,-1,-1,-1,1.0,1.0,-1.0,0.0,-0.3333333333333333,0.12150000000000001,-1,-1,-1,0.356862745098039,0.694117647058824,0.803921568627451
87.12471008300781,0.0,-0.17472740711590407,0.03,1,1,1,0.0,0.3333333333333333,0.12150000000000001,-1,-1,-1,1.0,1.0,-1.0,0.0,-0.3333333333333333,0.12150000000000001,-1,-1,-1,0.356862745098039,0.694117647058824,0.803921568627451
87.15945100784302,0.0,-0.17116074248348914,0.03,1,1,1,0.0,0.3333333333333333,0.12150000000000001,-1,-1,-1,1.0,1.0,-1.0,0.0,-0.3333333333333333,0.12150000000000001,-1,-1,-1,0.356862745098039,0.694117647058824,0.803921568627451
87.19424247741699,0.0,-0.16759407785107422,0.03,1,1,1,0.0,0.3333333333333333,0.12150000000000001,-1,-1,-1,1.0,1.0,-1.0,0.0,-0.3333333333333333,0.12150000000000001,-1,-1,-1,0.356862745098039,0.694117647058824,0.803921568627451
87.22863388061523,0.0,-0.1640274132186593,0.03,1,1,1,0.0,0.3333333333333333,0.12150000000000001,-1,-1,-1,1.0,1.0,-1.0,0.0,-0.3333333333333333,0.12150000000000001,-1,-1,-1,0.356862745098039,0.694117647058824,0.803921568627451
87.2634630203247,0.0,-0.16046074858624437,0.03,1,1,1,0.0,0.3333333333333333,0.12150000000000001,-1,-1,-1,1.0,1.0,-1.0,0.0,-0.3333333333333333,0.12150000000000001,-1,-1,-1,0.356862745098039,0.694117647058824,0.803921568627451
87.29783225059509,0.0,-0.15689408395382945,0.03,1,1,1,0.0,0.3333333333333333,0.12150000000000001,-1,-1,-1,1.0,1.0,-1.0,0.0,-0.3333333333333333,0.12150000000000001,-1,-1,-1,0.356862745098039,0.694117647058824,0.803921568627451
87.33264398574829,0.0,-0.15332741932141453,0.03,1,1,1,0.0,0.3333333333333333,0.12150000000000001,-1,-1,-1,1.0,1.0,-1.0,0.0,-0.3333333333333333,0.12150000000000001,-1,-1,-1,0.356862745098039,0.694117647058824,0.803921568627451
87.36785888671875,0.0,-0.1497607546889996,0.03,1,1,1,0.0,0.3333333333333333,0.12150000000000001,-1,-1,-1,1.0,1.0,-1.0,0.0,-0.3333333333333333,0.12150000000000001,-1,-1,-1,0.356862745098039,0.694117647058824,0.803921568627451
87.40237045288086,0.0,-0.14619409005658468,0.03,1,1,1,0.0,0.3333333333333333,0.12150000000000001,-1,-1,-1,1.0,1.0,-1.0,0.0,-0.3333333333333333,0.12150000000000001,-1,-1,-1,0.356862745098039,0.694117647058824,0.803921568627451
87.43722128868103,0.0,-0.14262742542416976,0.03,1,1,1,0.0,0.3333333333333333,0.12150000000000001,-1,-1,-1,1.0,1.0,-1.0,0.0,-0.3333333333333333,0.12150000000000001,-1,-1,-1,0.356862745098039,0.694117647058824,0.803921568627451
87.47177767753601,0.0,-0.13906076079175483,0.03,1,1,1,0.0,0.3333333333333333,0.12150000000000001,-1,-1,-1,1.0,1.0,-1.0,0.0,-0.3333333333333333,0.12150000000000001,-1,-1,-1,0.356862745098039,0.694117647058824,0.803921568627451
87.5065803527832,0.0,-0.1354940961593399,0.03,1,1,1,0.0,0.3333333333333333,0.12150000000000001,-1,-1,-1,1.0,1.0,-1.0,0.0,-0.3333333333333333,0.12150000000000001,-1,-1,-1,0.356862745098039,0.694117647058824,0.803921568627451
87.54077363014221,0.0,-0.131927431526925,0.03,1,1,1,0.0,0.3333333333333333,0.12150000000000001,-1,-1,-1,1.0,1.0,-1.0,0.0,-0.3333333333333333,0.12150000000000001,-1,-1,-1,0.356862745098039,0.694117647058824,0.803921568627451
87.57562851905823,0.0,-0.12836076689451006,0.03,1,1,1,0.0,0.3333333333333333,0.12150000000000001,-1,-1,-1,1.0,1.0,-1.0,0.0,-0.3333333333333333,0.12150000000000001,-1,-1,-1,0.356862745098039,0.694117647058824,0.803921568627451
87.61095380783081,0.0,-0.12479410226209517,0.03,1,1,1,0.0,0.3333333333333333,0.12150000000000001,-1,-1,-1,1.0,1.0,-1.0,0.0,-0.3333333333333333,0.12150000000000001,-1,-1,-1,0.356862745098039,0.694117647058824,0.803921568627451
87.64497971534729,0.0,-0.12335157344306383,0.03,1,1,1,0.0,0.3333333333333333,0.12150000000000001,-1,-1,-1,1.0,1.0,-1.0,0.0,-0.3333333333333333,0.12150000000000001,-1,-1,-1,0.356862745098039,0.694117647058824,0.803921568627451
87.67969965934753,0.0,-0.12509524834410776,0.03,1,1,1,0.0,0.3333333333333333,0.12150000000000001,-1,-1,-1,1.0,1.0,-1.0,0.0,-0.3333333333333333,0.12150000000000001,-1,-1,-1,0.356862745098039,0.694117647058824,0.803921568627451
87.71504187583923,0.0,-0.12683892324515172,0.03,1,1,1,0.0,0.3333333333333333,0.12150000000000001,-1,-1,-1,1.0,1.0,-1.0,0.0,-0.3333333333333333,0.12150000000000001,-1,-1,-1,0.356862745098039,0.694117647058824,0.803921568627451
87.74961805343628,0.0,-0.1285825981461957,0.03,1,1,1,0.0,0.3333333333333333,0.12150000000000001,-1,-1,-1,1.0,1.0,-1.0,0.0,-0.3333333333333333,0.12150000000000001,-1,-1,-1,0.356862745098039,0.694117647058824,0.803921568627451
87.78444600105286,0.0,-0.13032627304723965,0.03,1,1,1,0.0,0.3333333333333333,0.12150000000000001,-1,-1,-1,1.0,1.0,-1.0,0.0,-0.3333333333333333,0.12150000000000001,-1,-1,-1,0.356862745098039,0.694117647058824,0.803921568627451
87.81921219825745,0.0,-0.1320699479482836,0.03,1,1,1,0.0,0.3333333333333333,0.12150000000000001,-1,-1,-1,1.0,1.0,-1.0,0.0,-0.3333333333333333,0.12150000000000001,-1,-1,-1,0.356862745098039,0.694117647058824,0.803921568627451
87.85377860069275,0.0,-0.13381362284932757,0.03,1,1,1,0.0,0.3333333333333333,0.12150000000000001,-1,-1,-1,1.0,1.0,-1.0,0.0,-0.3333333333333333,0.12150000000000001,-1,-1,-1,0.356862745098039,0.694117647058824,0.803921568627451
87.88846397399902,0.0,-0.13555729775037154,0.03,1,1,1,0.0,0.3333333333333333,0.12150000000000001,-1,-1,-1,1.0,1.0,-1.0,0.0,-0.3333333333333333,0.12150000000000001,-1,-1,-1,0.356862745098039,0.694117647058824,0.803921568627451
87.92282342910767,0.0,-0.1373009726514155,0.03,1,1,1,0.0,0.3333333333333333,0.12150000000000001,-1,-1,-1,1.0,1.0,-1.0,0.0,-0.3333333333333333,0.12150000000000001,-1,-1,-1,0.356862745098039,0.694117647058824,0.803921568627451
87.95768117904663,0.0,-0.13904464755245946,0.03,1,1,1,0.0,0.3333333333333333,0.12150000000000001,-1,-1,-1,1.0,1.0,-1.0,0.0,-0.3333333333333333,0.12150000000000001,-1,-1,-1,0.356862745098039,0.694117647058824,0.803921568627451
87.99261951446533,0.0,-0.14078832245350342,0.03,1,1,1,0.0,0.3333333333333333,0.12150000000000001,-1,-1,-1,1.0,1.0,-1.0,0.0,-0.3333333333333333,0.12150000000000001,-1,-1,-1,0.356862745098039,0.694117647058824,0.803921568627451
88.02708077430725,0.0,-0.14253199735454739,0.03,1,1,1,0.0,0.3333333333333333,0.12150000000000001,-1,-1,-1,1.0,1.0,-1.0,0.0,-0.3333333333333333,0.12150000000000001,-1,-1,-1,0.356862745098039,0.694117647058824,0.803921568627451
88.06199812889099,0.0,-0.14427567225559135,0.03,1,1,1,0.0,0.3333333333333333,0.12150000000000001,-1,-1,-1,1.0,1.0,-1.0,0.0,-0.3333333333333333,0.12150000000000001,-1,-1,-1,0.356862745098039,0.694117647058824,0.803921568627451
88.09662389755249,0.0,-0.1460193471566353,0.03,1,1,1,0.0,0.3333333333333333,0.12150000000000001,-1,-1,-1,1.0,1.0,-1.0,0.0,-0.3333333333333333,0.12150000000000001,-1,-1,-1,0.356862745098039,0.694117647058824,0.803921568627451
88.13139939308167,0.0,-0.14776302205767927,0.03,1,1,1,0.0,0.3333333333333333,0.12150000000000001,-1,-1,-1,1.0,1.0,-1.0,0.0,-0.3333333333333333,0.12150000000000001,-1,-1,-1,0.356862745098039,0.694117647058824,0.803921568627451
88.16628861427307,0.0,-0.14950669695872323,0.03,1,1,1,0.0,0.3333333333333333,0.12150000000000001,-1,-1,-1,1.0,1.0,-1.0,0.0,-0.3333333333333333,0.12150000000000001,-1,-1,-1,0.356862745098039,0.694117647058824,0.803921568627451
88.20084142684937,0.0,-0.1512503718597672,0.03,1,1,1,0.0,0.3333333333333333,0.12150000000000001,-1,-1,-1,1.0,1.0,-1.0,0.0,-0.3333333333333333,0.12150000000000001,-1,-1,-1,0.356862745098039,0.694117647058824,0.803921568627451
88.23558950424194,0.0,-0.15299404676081116,0.03,1,1,1,0.0,0.3333333333333333,0.12150000000000001,-1,-1,-1,1.0,1.0,-1.0,0.0,-0.3333333333333333,0.12150000000000001,-1,-1,-1,0.356862745098039,0.694117647058824,0.803921568627451
88.2703173160553,0.0,-0.15473772166185512,0.03,1,1,1,0.0,0.3333333333333333,0.12150000000000001,-1,-1,-1,1.0,1.0,-1.0,0.0,-0.3333333333333333,0.12150000000000001,-1,-1,-1,0.356862745098039,0.694117647058824,0.803921568627451
88.30465865135193,0.0,-0.15648139656289908,0.03,1,1,1,0.0,0.3333333333333333,0.12150000000000001,-1,-1,-1,1.0,1.0,-1.0,0.0,-0.3333333333333333,0.12150000000000001,-1,-1,-1,0.356862745098039,0.694117647058824,0.803921568627451
88.33934140205383,0.0,-0.15822507146394305,0.03,1,1,1,0.0,0.3333333333333333,0.12150000000000001,-1,-1,-1,1.0,1.0,-1.0,0.0,-0.3333333333333333,0.12150000000000001,-1,-1,-1,0.356862745098039,0.694117647058824,0.803921568627451
88.37461519241333,0.0,-0.159968746364987,0.03,1,1,1,0.0,0.3333333333333333,0.12150000000000001,-1,-1,-1,1.0,1.0,-1.0,0.0,-0.3333333333333333,0.12150000000000001,-1,-1,-1,0.356862745098039,0.694117647058824,0.803921568627451
88.40895175933838,0.0,-0.16171242126603097,0.03,1,1,1,0.0,0.3333333333333333,0.12150000000000001,-1,-1,-1,1.0,1.0,-1.0,0.0,-0.3333333333333333,0.12150000000000001,-1,-1,-1,0.356862745098039,0.694117647058824,0.803921568627451
88.44387364387512,0.0,-0.16345609616707493,0.03,1,1,1,0.0,0.3333333333333333,0.12150000000000001,-1,-1,-1,1.0,1.0,-1.0,0.0,-0.3333333333333333,0.12150000000000001,-1,-1,-1,0.356862745098039,0.694117647058824,0.803921568627451
88.47829556465149,0.0,-0.1651997710681189,0.03,1,1,1,0.0,0.3333333333333333,0.12150000000000001,-1,-1,-1,1.0,1.0,-1.0,0.0,-0.3333333333333333,0.12150000000000001,-1,-1,-1,0.356862745098039,0.694117647058824,0.803921568627451
88.5136091709137,0.0,-0.16694344596916286,0.03,1,1,1,0.0,0.3333333333333333,0.12150000000000001,-1,-1,-1,1.0,1.0,-1.0,0.0,-0.3333333333333333,0.12150000000000001,-1,-1,-1,0.356862745098039,0.694117647058824,0.803921568627451
88.5476405620575,0.0,-0.16868712087020682,0.03,1,1,1,0.0,0.3333333333333333,0.12150000000000001,-1,-1,-1,1.0,1.0,-1.0,0.0,-0.3333333333333333,0.12150000000000001,-1,-1,-1,0.356862745098039,0.694117647058824,0.803921568627451
88.58246946334839,0.0,-0.17043079577125078,0.03,1,1,1,0.0,0.3333333333333333,0.12150000000000001,-1,-1,-1,1.0,1.0,-1.0,0.0,-0.3333333333333333,0.12150000000000001,-1,-1,-1,0.356862745098039,0.694117647058824,0.803921568627451
88.61742210388184,0.0,-0.17217447067229474,0.03,1,1,1,0.0,0.3333333333333333,0.12150000000000001,-1,-1,-1,1.0,1.0,-1.0,0.0,-0.3333333333333333,0.12150000000000001,-1,-1,-1,0.356862745098039,0.694117647058824,0.803921568627451
88.65217423439026,0.0,-0.1739181455733387,0.03,1,1,1,0.0,0.3333333333333333,0.12150000000000001,-1,-1,-1,1.0,1.0,-1.0,0.0,-0.3333333333333333,0.12150000000000001,-1,-1,-1,0.356862745098039,0.694117647058824,0.803921568627451
88.68657732009888,0.0,-0.17566182047438267,0.03,1,1,1,0.0,0.3333333333333333,0.12150000000000001,-1,-1,-1,1.0,1.0,-1.0,0.0,-0.3333333333333333,0.12150000000000001,-1,-1,-1,0.356862745098039,0.694117647058824,0.803921568627451
88.72172594070435,0.0,-0.17740549537542663,0.03,1,1,1,0.0,0.3333333333333333,0.12150000000000001,-1,-1,-1,1.0,1.0,-1.0,0.0,-0.3333333333333333,0.12150000000000001,-1,-1,-1,0.356862745098039,0.694117647058824,0.803921568627451
88.75595259666443,0.0,-0.1791491702764706,0.03,1,1,1,0.0,0.3333333333333333,0.12150000000000001,-1,-1,-1,1.0,1.0,-1.0,0.0,-0.3333333333333333,0.12150000000000001,-1,-1,-1,0.356862745098039,0.694117647058824,0.803921568627451
88.79083132743835,0.0,-0.18089284517751456,0.03,1,1,1,0.0,0.3333333333333333,0.12150000000000001,-1,-1,-1,1.0,1.0,-1.0,0.0,-0.3333333333333333,0.12150000000000001,-1,-1,-1,0.356862745098039,0.694117647058824,0.803921568627451
88.8256983757019,0.0,-0.18263652007855852,0.03,1,1,1,0.0,0.3333333333333333,0.12150000000000001,-1,-1,-1,1.0,1.0,-1.0,0.0,-0.3333333333333333,0.12150000000000001,-1,-1,-1,0.356862745098039,0.694117647058824,0.803921568627451
88.86053109169006,0.0,-0.1829852550587673,0.03,1,1,1,0.0,0.3333333333333333,0.12150000000000001,-1,-1,-1,1.0,1.0,-1.0,0.0,-0.3333333333333333,0.12150000000000001,-1,-1,-1,0.356862745098039,0.694117647058824,0.803921568627451
88.89514112472534,0.0,-0.1829852550587673,0.03,1,1,1,0.0,0.3333333333333333,0.12150000000000001,-1,-1,-1,1.0,1.0,-1.0,0.0,-0.3333333333333333,0.12150000000000001,-1,-1,-1,0.356862745098039,0.694117647058824,0.803921568627451
88.92985796928406,0.0,-0.1829852550587673,0.03,1,1,1,0.0,0.3333333333333333,0.12150000000000001,-1,-1,-1,1.0,1.0,-1.0,0.0,-0.3333333333333333,0.12150000000000001,-1,-1,-1,0.356862745098039,0.694117647058824,0.803921568627451
88.96467328071594,0.0,-0.1829852550587673,0.03,1,1,1,0.0,0.3333333333333333,0.12150000000000001,-1,-1,-1,1.0,1.0,-1.0,0.0,-0.3333333333333333,0.12150000000000001,-1,-1,-1,0.356862745098039,0.694117647058824,0.803921568627451
88.9994387626648,0.0,-0.1829852550587673,0.03,1,1,1,0.0,0.3333333333333333,0.12150000000000001,-1,-1,-1,1.0,1.0,-1.0,0.0,-0.3333333333333333,0.12150000000000001,-1,-1,-1,0.356862745098039,0.694117647058824,0.803921568627451
89.03402137756348,0.0,-0.1829852550587673,0.03,1,1,1,0.0,0.3333333333333333,0.12150000000000001,-1,-1,-1,1.0,1.0,-1.0,0.0,-0.3333333333333333,0.12150000000000001,-1,-1,-1,0.356862745098039,0.694117647058824,0.803921568627451
89.06861686706543,0.0,-0.1829852550587673,0.03,1,1,1,0.0,0.3333333333333333,0.12150000000000001,-1,-1,-1,1.0,1.0,-1.0,0.0,-0.3333333333333333,0.12150000000000001,-1,-1,-1,0.356862745098039,0.694117647058824,0.803921568627451
89.1038122177124,0.0,-0.1829852550587673,0.03,1,1,1,0.0,0.3333333333333333,0.12150000000000001,-1,-1,-1,1.0,1.0,-1.0,0.0,-0.3333333333333333,0.12150000000000001,-1,-1,-1,0.356862745098039,0.694117647058824,0.803921568627451
89.13828420639038,0.0,-0.1829852550587673,0.03,1,1,1,0.0,0.3333333333333333,0.12150000000000001,-1,-1,-1,1.0,1.0,-1.0,0.0,-0.3333333333333333,0.12150000000000001,-1,-1,-1,0.356862745098039,0.694117647058824,0.803921568627451
89.17312526702881,0.0,-0.1829852550587673,0.03,1,1,1,0.0,0.3333333333333333,0.12150000000000001,-1,-1,-1,1.0,1.0,-1.0,0.0,-0.3333333333333333,0.12150000000000001,-1,-1,-1,0.356862745098039,0.694117647058824,0.803921568627451
89.20780324935913,0.0,-0.1829852550587673,0.03,1,1,1,0.0,0.3333333333333333,0.12150000000000001,-1,-1,-1,1.0,1.0,-1.0,0.0,-0.3333333333333333,0.12150000000000001,-1,-1,-1,0.356862745098039,0.694117647058824,0.803921568627451
89.24250483512878,0.0,-0.1829852550587673,0.03,1,1,1,0.0,0.3333333333333333,0.12150000000000001,-1,-1,-1,1.0,1.0,-1.0,0.0,-0.3333333333333333,0.12150000000000001,-1,-1,-1,0.356862745098039,0.694117647058824,0.803921568627451
89.27711033821106,0.0,-0.1829852550587673,0.03,1,1,1,0.0,0.3333333333333333,0.12150000000000001,-1,-1,-1,1.0,1.0,-1.0,0.0,-0.3333333333333333,0.12150000000000001,-1,-1,-1,0.356862745098039,0.694117647058824,0.803921568627451
89.31186604499817,0.0,-0.1829852550587673,0.03,1,1,1,0.0,0.3333333333333333,0.12150000000000001,-1,-1,-1,1.0,1.0,-1.0,0.0,-0.3333333333333333,0.12150000000000001,-1,-1,-1,0.356862745098039,0.694117647058824,0.803921568627451
89.34673810005188,0.0,-0.1829852550587673,0.03,1,1,1,0.0,0.3333333333333333,0.12150000000000001,-1,-1,-1,1.0,1.0,-1.0,0.0,-0.3333333333333333,0.12150000000000001,-1,-1,-1,0.356862745098039,0.694117647058824,0.803921568627451
89.38153433799744,0.0,-0.1829852550587673,0.03,1,1,1,0.0,0.3333333333333333,0.12150000000000001,-1,-1,-1,1.0,1.0,-1.0,0.0,-0.3333333333333333,0.12150000000000001,-1,-1,-1,0.356862745098039,0.694117647058824,0.803921568627451
89.41569352149963,0.0,-0.1829852550587673,0.03,1,1,1,0.0,0.3333333333333333,0.12150000000000001,-1,-1,-1,1.0,1.0,-1.0,0.0,-0.3333333333333333,0.12150000000000001,-1,-1,-1,0.356862745098039,0.694117647058824,0.803921568627451
89.45090579986572,0.0,-0.1829852550587673,0.03,1,1,1,0.0,0.3333333333333333,0.12150000000000001,-1,-1,-1,1.0,1.0,-1.0,0.0,-0.3333333333333333,0.12150000000000001,-1,-1,-1,0.356862745098039,0.694117647058824,0.803921568627451
89.48578310012817,0.0,-0.1829852550587673,0.03,1,1,1,0.0,0.3333333333333333,0.12150000000000001,-1,-1,-1,1.0,1.0,-1.0,0.0,-0.3333333333333333,0.12150000000000001,-1,-1,-1,0.356862745098039,0.694117647058824,0.803921568627451
89.52004623413086,0.0,-0.1829852550587673,0.03,1,1,1,0.0,0.3333333333333333,0.12150000000000001,-1,-1,-1,1.0,1.0,-1.0,0.0,-0.3333333333333333,0.12150000000000001,-1,-1,-1,0.356862745098039,0.694117647058824,0.803921568627451
89.55527257919312,0.0,-0.1829852550587673,0.03,1,1,1,0.0,0.3333333333333333,0.12150000000000001,-1,-1,-1,1.0,1.0,-1.0,0.0,-0.3333333333333333,0.12150000000000001,-1,-1,-1,0.356862745098039,0.694117647058824,0.803921568627451
89.59004521369934,0.0,-0.1829852550587673,0.03,1,1,1,0.0,0.3333333333333333,0.12150000000000001,-1,-1,-1,1.0,1.0,-1.0,0.0,-0.3333333333333333,0.12150000000000001,-1,-1,-1,0.356862745098039,0.694117647058824,0.803921568627451
89.62459301948547,0.0,-0.1829852550587673,0.03,1,1,1,0.0,0.3333333333333333,0.12150000000000001,-1,-1,-1,1.0,1.0,-1.0,0.0,-0.3333333333333333,0.12150000000000001,-1,-1,-1,0.356862745098039,0.694117647058824,0.803921568627451
89.65935826301575,0.0,-0.1829852550587673,0.03,1,1,1,0.0,0.3333333333333333,0.12150000000000001,-1,-1,-1,1.0,1.0,-1.0,0.0,-0.3333333333333333,0.12150000000000001,-1,-1,-1,0.356862745098039,0.694117647058824,0.803921568627451
89.69371724128723,0.0,-0.1829852550587673,0.03,1,1,1,0.0,0.3333333333333333,0.12150000000000001,-1,-1,-1,1.0,1.0,-1.0,0.0,-0.3333333333333333,0.12150000000000001,-1,-1,-1,0.356862745098039,0.694117647058824,0.803921568627451
89.72855138778687,0.0,-0.1829852550587673,0.03,1,1,1,0.0,0.3333333333333333,0.12150000000000001,-1,-1,-1,1.0,1.0,-1.0,0.0,-0.3333333333333333,0.12150000000000001,-1,-1,-1,0.356862745098039,0.694117647058824,0.803921568627451
89.76330208778381,0.0,-0.1829852550587673,0.03,1,1,1,0.0,0.3333333333333333,0.12150000000000001,-1,-1,-1,1.0,1.0,-1.0,0.0,-0.3333333333333333,0.12150000000000001,-1,-1,-1,0.356862745098039,0.694117647058824,0.803921568627451
89.79781579971313,0.0,-0.1829852550587673,0.03,1,1,1,0.0,0.3333333333333333,0.12150000000000001,-1,-1,-1,1.0,1.0,-1.0,0.0,-0.3333333333333333,0.12150000000000001,-1,-1,-1,0.356862745098039,0.694117647058824,0.803921568627451
89.83273220062256,0.0,-0.1829852550587673,0.03,1,1,1,0.0,0.3333333333333333,0.12150000000000001,-1,-1,-1,1.0,1.0,-1.0,0.0,-0.3333333333333333,0.12150000000000001,-1,-1,-1,0.356862745098039,0.694117647058824,0.803921568627451
89.86751699447632,0.0,-0.1829852550587673,0.03,1,1,1,0.0,0.3333333333333333,0.12150000000000001,-1,-1,-1,1.0,1.0,-1.0,0.0,-0.3333333333333333,0.12150000000000001,-1,-1,-1,0.356862745098039,0.694117647058824,0.803921568627451
89.90218186378479,0.0,-0.1829852550587673,0.03,1,1,1,0.0,0.3333333333333333,0.12150000000000001,-1,-1,-1,1.0,1.0,-1.0,0.0,-0.3333333333333333,0.12150000000000001,-1,-1,-1,0.356862745098039,0.694117647058824,0.803921568627451
89.93694257736206,0.0,-0.1829852550587673,0.03,1,1,1,0.0,0.3333333333333333,0.12150000000000001,-1,-1,-1,1.0,1.0,-1.0,0.0,-0.3333333333333333,0.12150000000000001,-1,-1,-1,0.356862745098039,0.694117647058824,0.803921568627451
89.97166228294373,0.0,-0.1829852550587673,0.03,1,1,1,0.0,0.3333333333333333,0.12150000000000001,-1,-1,-1,1.0,1.0,-1.0,0.0,-0.3333333333333333,0.12150000000000001,-1,-1,-1,0.356862745098039,0.694117647058824,0.803921568627451
90.006263256073,0.0,-0.1829852550587673,0.03,1,1,1,0.0,0.3333333333333333,0.12150000000000001,-1,-1,-1,1.0,1.0,-1.0,0.0,-0.3333333333333333,0.12150000000000001,-1,-1,-1,0.356862745098039,0.694117647058824,0.803921568627451
90.040846824646,0.0,-0.18308992549261538,0.03,1,1,1,0.0,0.3333333333333333,0.12150000000000001,-1,-1,-1,1.0,1.0,-1.0,0.0,-0.3333333333333333,0.12150000000000001,-1,-1,-1,0.356862745098039,0.694117647058824,0.803921568627451
90.0755512714386,0.0,-0.18361327766185573,0.03,1,1,1,0.0,0.3333333333333333,0.12150000000000001,-1,-1,-1,1.0,1.0,-1.0,0.0,-0.3333333333333333,0.12150000000000001,-1,-1,-1,0.356862745098039,0.694117647058824,0.803921568627451
90.11033654212952,0.0,-0.18413662983109608,0.03,1,1,1,0.0,0.3333333333333333,0.12150000000000001,-1,-1,-1,1.0,1.0,-1.0,0.0,-0.3333333333333333,0.12150000000000001,-1,-1,-1,0.356862745098039,0.694117647058824,0.803921568627451
90.1452944278717,0.0,-0.18465998200033643,0.03,1,1,1,0.0,0.3333333333333333,0.12150000000000001,-1,-1,-1,1.0,1.0,-1.0,0.0,-0.3333333333333333,0.12150000000000001,-1,-1,-1,0.356862745098039,0.694117647058824,0.803921568627451
90.17981743812561,0.0,-0.18518333416957677,0.03,1,1,1,0.0,0.3333333333333333,0.12150000000000001,-1,-1,-1,1.0,1.0,-1.0,0.0,-0.3333333333333333,0.12150000000000001,-1,-1,-1,0.356862745098039,0.694117647058824,0.803921568627451
90.21445298194885,0.0,-0.18570668633881712,0.03,1,1,1,0.0,0.3333333333333333,0.12150000000000001,-1,-1,-1,1.0,1.0,-1.0,0.0,-0.3333333333333333,0.12150000000000001,-1,-1,-1,0.356862745098039,0.694117647058824,0.803921568627451
90.2493200302124,0.0,-0.18623003850805747,0.03,1,1,1,0.0,0.3333333333333333,0.12150000000000001,-1,-1,-1,1.0,1.0,-1.0,0.0,-0.3333333333333333,0.12150000000000001,-1,-1,-1,0.356862745098039,0.694117647058824,0.803921568627451
90.28399538993835,0.0,-0.18675339067729782,0.03,1,1,1,0.0,0.3333333333333333,0.12150000000000001,-1,-1,-1,1.0,1.0,-1.0,0.0,-0.3333333333333333,0.12150000000000001,-1,-1,-1,0.356862745098039,0.694117647058824,0.803921568627451
90.31857204437256,0.0,-0.18727674284653817,0.03,1,1,1,0.0,0.3333333333333333,0.12150000000000001,-1,-1,-1,1.0,1.0,-1.0,0.0,-0.3333333333333333,0.12150000000000001,-1,-1,-1,0.356862745098039,0.694117647058824,0.803921568627451
90.35338068008423,0.0,-0.18780009501577852,0.03,1,1,1,0.0,0.3333333333333333,0.12150000000000001,-1,-1,-1,1.0,1.0,-1.0,0.0,-0.3333333333333333,0.12150000000000001,-1,-1,-1,0.356862745098039,0.694117647058824,0.803921568627451
90.38811898231506,0.0,-0.18832344718501887,0.03,1,1,1,0.0,0.3333333333333333,0.12150000000000001,-1,-1,-1,1.0,1.0,-1.0,0.0,-0.3333333333333333,0.12150000000000001,-1,-1,-1,0.356862745098039,0.694117647058824,0.803921568627451
90.42349219322205,0.0,-0.18884679935425921,0.03,1,1,1,0.0,0.3333333333333333,0.12150000000000001,-1,-1,-1,1.0,1.0,-1.0,0.0,-0.3333333333333333,0.12150000000000001,-1,-1,-1,0.356862745098039,0.694117647058824,0.803921568627451
90.45744132995605,0.0,-0.18937015152349956,0.03,1,1,1,0.0,0.3333333333333333,0.12150000000000001,-1,-1,-1,1.0,1.0,-1.0,0.0,-0.3333333333333333,0.12150000000000001,-1,-1,-1,0.356862745098039,0.694117647058824,0.803921568627451
90.49260258674622,0.0,-0.1898935036927399,0.03,1,1,1,0.0,0.3333333333333333,0.12150000000000001,-1,-1,-1,1.0,1.0,-1.0,0.0,-0.3333333333333333,0.12150000000000001,-1,-1,-1,0.356862745098039,0.694117647058824,0.803921568627451
90.52701306343079,0.0,-0.19041685586198026,0.03,1,1,1,0.0,0.3333333333333333,0.12150000000000001,-1,-1,-1,1.0,1.0,-1.0,0.0,-0.3333333333333333,0.12150000000000001,-1,-1,-1,0.356862745098039,0.694117647058824,0.803921568627451
90.56174230575562,0.0,-0.1909402080312206,0.03,1,1,1,0.0,0.3333333333333333,0.12150000000000001,-1,-1,-1,1.0,1.0,-1.0,0.0,-0.3333333333333333,0.12150000000000001,-1,-1,-1,0.356862745098039,0.694117647058824,0.803921568627451
90.59677457809448,0.0,-0.19146356020046096,0.03,1,1,1,0.0,0.3333333333333333,0.12150000000000001,-1,-1,-1,1.0,1.0,-1.0,0.0,-0.3333333333333333,0.12150000000000001,-1,-1,-1,0.356862745098039,0.694117647058824,0.803921568627451
90.63136100769043,0.0,-0.1919869123697013,0.03,1,1,1,0.0,0.3333333333333333,0.12150000000000001,-1,-1,-1,1.0,1.0,-1.0,0.0,-0.3333333333333333,0.12150000000000001,-1,-1,-1,0.356862745098039,0.694117647058824,0.803921568627451
90.66584825515747,0.0,-0.19251026453894166,0.03,1,1,1,0.0,0.3333333333333333,0.12150000000000001,-1,-1,-1,1.0,1.0,-1.0,0.0,-0.3333333333333333,0.12150000000000001,-1,-1,-1,0.356862745098039,0.694117647058824,0.803921568627451
90.70073962211609,0.0,-0.193033616708182,0.03,1,1,1,0.0,0.3333333333333333,0.12150000000000001,-1,-1,-1,1.0,1.0,-1.0,0.0,-0.3333333333333333,0.12150000000000001,-1,-1,-1,0.356862745098039,0.694117647058824,0.803921568627451
90.73529410362244,0.0,-0.19355696887742235,0.03,1,1,1,0.0,0.3333333333333333,0.12150000000000001,-1,-1,-1,1.0,1.0,-1.0,0.0,-0.3333333333333333,0.12150000000000001,-1,-1,-1,0.356862745098039,0.694117647058824,0.803921568627451
90.77042174339294,0.0,-0.1940803210466627,0.03,1,1,1,0.0,0.3333333333333333,0.12150000000000001,-1,-1,-1,1.0,1.0,-1.0,0.0,-0.3333333333333333,0.12150000000000001,-1,-1,-1,0.356862745098039,0.694117647058824,0.803921568627451
90.80515646934509,0.0,-0.19460367321590305,0.03,1,1,1,0.0,0.3333333333333333,0.12150000000000001,-1,-1,-1,1.0,1.0,-1.0,0.0,-0.3333333333333333,0.12150000000000001,-1,-1,-1,0.356862745098039,0.694117647058824,0.803921568627451
90.8396737575531,0.0,-0.1951270253851434,0.03,1,1,1,0.0,0.3333333333333333,0.12150000000000001,-1,-1,-1,1.0,1.0,-1.0,0.0,-0.3333333333333333,0.12150000000000001,-1,-1,-1,0.356862745098039,0.694117647058824,0.803921568627451
90.87466859817505,0.0,-0.19565037755438375,0.03,1,1,1,0.0,0.3333333333333333,0.12150000000000001,-1,-1,-1,1.0,1.0,-1.0,0.0,-0.3333333333333333,0.12150000000000001,-1,-1,-1,0.356862745098039,0.694117647058824,0.803921568627451
90.90885782241821,0.0,-0.1961737297236241,0.03,1,1,1,0.0,0.3333333333333333,0.12150000000000001,-1,-1,-1,1.0,1.0,-1.0,0.0,-0.3333333333333333,0.12150000000000001,-1,-1,-1,0.356862745098039,0.694117647058824,0.803921568627451
90.9437427520752,0.0,-0.19669708189286444,0.03,1,1,1,0.0,0.3333333333333333,0.12150000000000001,-1,-1,-1,1.0,1.0,-1.0,0.0,-0.3333333333333333,0.12150000000000001,-1,-1,-1,0.356862745098039,0.694117647058824,0.803921568627451
90.97842264175415,0.0,-0.1972204340621048,0.03,1,1,1,0.0,0.3333333333333333,0.12150000000000001,-1,-1,-1,1.0,1.0,-1.0,0.0,-0.3333333333333333,0.12150000000000001,-1,-1,-1,0.356862745098039,0.694117647058824,0.803921568627451
91.01298832893372,0.0,-0.19774378623134514,0.03,1,1,1,0.0,0.3333333333333333,0.12150000000000001,-1,-1,-1,1.0,1.0,-1.0,0.0,-0.3333333333333333,0.12150000000000001,-1,-1,-1,0.356862745098039,0.694117647058824,0.803921568627451
91.04783225059509,0.0,-0.1982671384005855,0.03,1,1,1,0.0,0.3333333333333333,0.12150000000000001,-1,-1,-1,1.0,1.0,-1.0,0.0,-0.3333333333333333,0.12150000000000001,-1,-1,-1,0.356862745098039,0.694117647058824,0.803921568627451
91.08249354362488,0.0,-0.19879049056982584,0.03,1,1,1,0.0,0.3333333333333333,0.12150000000000001,-1,-1,-1,1.0,1.0,-1.0,0.0,-0.3333333333333333,0.12150000000000001,-1,-1,-1,0.356862745098039,0.694117647058824,0.803921568627451
91.11751198768616,0.0,-0.1993138427390662,0.03,1,1,1,0.0,0.3333333333333333,0.12150000000000001,-1,-1,-1,1.0,1.0,-1.0,0.0,-0.3333333333333333,0.12150000000000001,-1,-1,-1,0.356862745098039,0.694117647058824,0.803921568627451
91.15223217010498,0.0,-0.19983719490830654,0.03,1,1,1,0.0,0.3333333333333333,0.12150000000000001,-1,-1,-1,1.0,1.0,-1.0,0.0,-0.3333333333333333,0.12150000000000001,-1,-1,-1,0.356862745098039,0.694117647058824,0.803921568627451
91.18691182136536,0.0,-0.20036054707754689,0.03,1,1,1,0.0,0.3333333333333333,0.12150000000000001,-1,-1,-1,1.0,1.0,-1.0,0.0,-0.3333333333333333,0.12150000000000001,-1,-1,-1,0.356862745098039,0.694117647058824,0.803921568627451
91.22149348258972,0.0,-0.20088389924678723,0.03,1,1,1,0.0,0.3333333333333333,0.12150000000000001,-1,-1,-1,1.0,1.0,-1.0,0.0,-0.3333333333333333,0.12150000000000001,-1,-1,-1,0.356862745098039,0.694117647058824,0.803921568627451
91.25636172294617,0.0,-0.20176361706672527,0.03,1,1,1,0.0,0.3333333333333333,0.12150000000000001,-1,-1,-1,1.0,1.0,-1.0,0.0,-0.3333333333333333,0.12150000000000001,-1,-1,-1,0.356862745098039,0.694117647058824,0.803921568627451
91.29124617576599,0.0,-0.20288091198712843,0.03,1,1,1,0.0,0.3333333333333333,0.12150000000000001,-1,-1,-1,1.0,1.0,-1.0,0.0,-0.3333333333333333,0.12150000000000001,-1,-1,-1,0.356862745098039,0.694117647058824,0.803921568627451
91.32561540603638,0.0,-0.2039982069075316,0.03,1,1,1,0.0,0.3333333333333333,0.12150000000000001,-1,-1,-1,1.0,1.0,-1.0,0.0,-0.3333333333333333,0.12150000000000001,-1,-1,-1,0.356862745098039,0.694117647058824,0.803921568627451
91.36034321784973,0.0,-0.20511550182793475,0.03,1,1,1,0.0,0.3333333333333333,0.12150000000000001,-1,-1,-1,1.0,1.0,-1.0,0.0,-0.3333333333333333,0.12150000000000001,-1,-1,-1,0.356862745098039,0.694117647058824,0.803921568627451
91.39497685432434,0.0,-0.20623279674833792,0.03,1,1,1,0.0,0.3333333333333333,0.12150000000000001,-1,-1,-1,1.0,1.0,-1.0,0.0,-0.3333333333333333,0.12150000000000001,-1,-1,-1,0.356862745098039,0.694117647058824,0.803921568627451
91.4295551776886,0.0,-0.20735009166874108,0.03,1,1,1,0.0,0.3333333333333333,0.12150000000000001,-1,-1,-1,1.0,1.0,-1.0,0.0,-0.3333333333333333,0.12150000000000001,-1,-1,-1,0.356862745098039,0.694117647058824,0.803921568627451
91.4647650718689,0.0,-0.20846738658914424,0.03,1,1,1,0.0,0.3333333333333333,0.12150000000000001,-1,-1,-1,1.0,1.0,-1.0,0.0,-0.3333333333333333,0.12150000000000001,-1,-1,-1,0.356862745098039,0.694117647058824,0.803921568627451
91.49941182136536,0.0,-0.2095846815095474,0.03,1,1,1,0.0,0.3333333333333333,0.12150000000000001,-1,-1,-1,1.0,1.0,-1.0,0.0,-0.3333333333333333,0.12150000000000001,-1,-1,-1,0.356862745098039,0.694117647058824,0.803921568627451
91.53421139717102,0.0,-0.21070197642995056,0.03,1,1,1,0.0,0.3333333333333333,0.12150000000000001,-1,-1,-1,1.0,1.0,-1.0,0.0,-0.3333333333333333,0.12150000000000001,-1,-1,-1,0.356862745098039,0.694117647058824,0.803921568627451
91.56880593299866,0.0,-0.21181927135035372,0.03,1,1,1,0.0,0.3333333333333333,0.12150000000000001,-1,-1,-1,1.0,1.0,-1.0,0.0,-0.3333333333333333,0.12150000000000001,-1,-1,-1,0.356862745098039,0.694117647058824,0.803921568627451
91.60373663902283,0.0,-0.21293656627075688,0.03,1,1,1,0.0,0.3333333333333333,0.12150000000000001,-1,-1,-1,1.0,1.0,-1.0,0.0,-0.3333333333333333,0.12150000000000001,-1,-1,-1,0.356862745098039,0.694117647058824,0.803921568627451
91.63803315162659,0.0,-0.21405386119116004,0.03,1,1,1,0.0,0.3333333333333333,0.12150000000000001,-1,-1,-1,1.0,1.0,-1.0,0.0,-0.3333333333333333,0.12150000000000001,-1,-1,-1,0.356862745098039,0.694117647058824,0.803921568627451
91.67327284812927,0.0,-0.2151711561115632,0.03,1,1,1,0.0,0.3333333333333333,0.12150000000000001,-1,-1,-1,1.0,1.0,-1.0,0.0,-0.3333333333333333,0.12150000000000001,-1,-1,-1,0.356862745098039,0.694117647058824,0.803921568627451
91.70772504806519,0.0,-0.21628845103196637,0.03,1,1,1,0.0,0.3333333333333333,0.12150000000000001,-1,-1,-1,1.0,1.0,-1.0,0.0,-0.3333333333333333,0.12150000000000001,-1,-1,-1,0.356862745098039,0.694117647058824,0.803921568627451
91.74278974533081,0.0,-0.21740574595236953,0.03,1,1,1,0.0,0.3333333333333333,0.12150000000000001,-1,-1,-1,1.0,1.0,-1.0,0.0,-0.3333333333333333,0.12150000000000001,-1,-1,-1,0.356862745098039,0.694117647058824,0.803921568627451
91.77694272994995,0.0,-0.2185230408727727,0.03,1,1,1,0.0,0.3333333333333333,0.12150000000000001,-1,-1,-1,1.0,1.0,-1.0,0.0,-0.3333333333333333,0.12150000000000001,-1,-1,-1,0.356862745098039,0.694117647058824,0.803921568627451
91.81251096725464,0.0,-0.21964033579317585,0.03,1,1,1,0.0,0.3333333333333333,0.12150000000000001,-1,-1,-1,1.0,1.0,-1.0,0.0,-0.3333333333333333,0.12150000000000001,-1,-1,-1,0.356862745098039,0.694117647058824,0.803921568627451
91.84673690795898,0.0,-0.220757630713579,0.03,1,1,1,0.0,0.3333333333333333,0.12150000000000001,-1,-1,-1,1.0,1.0,-1.0,0.0,-0.3333333333333333,0.12150000000000001,-1,-1,-1,0.356862745098039,0.694117647058824,0.803921568627451
91.88093948364258,0.0,-0.22187492563398217,0.03,1,1,1,0.0,0.3333333333333333,0.12150000000000001,-1,-1,-1,1.0,1.0,-1.0,0.0,-0.3333333333333333,0.12150000000000001,-1,-1,-1,0.356862745098039,0.694117647058824,0.803921568627451
91.9163773059845,0.0,-0.22299222055438533,0.03,1,1,1,0.0,0.3333333333333333,0.12150000000000001,-1,-1,-1,1.0,1.0,-1.0,0.0,-0.3333333333333333,0.12150000000000001,-1,-1,-1,0.356862745098039,0.694117647058824,0.803921568627451
91.95080661773682,0.0,-0.2241095154747885,0.03,1,1,1,0.0,0.3333333333333333,0.12150000000000001,-1,-1,-1,1.0,1.0,-1.0,0.0,-0.3333333333333333,0.12150000000000001,-1,-1,-1,0.356862745098039,0.694117647058824,0.803921568627451
91.98554563522339,0.0,-0.22522681039519166,0.03,1,1,1,0.0,0.3333333333333333,0.12150000000000001,-1,-1,-1,1.0,1.0,-1.0,0.0,-0.3333333333333333,0.12150000000000001,-1,-1,-1,0.356862745098039,0.694117647058824,0.803921568627451
92.02029633522034,0.0,-0.22634410531559482,0.03,1,1,1,0.0,0.3333333333333333,0.12150000000000001,-1,-1,-1,1.0,1.0,-1.0,0.0,-0.3333333333333333,0.12150000000000001,-1,-1,-1,0.356862745098039,0.694117647058824,0.803921568627451
92.05474710464478,0.0,-0.22746140023599798,0.03,1,1,1,0.0,0.3333333333333333,0.12150000000000001,-1,-1,-1,1.0,1.0,-1.0,0.0,-0.3333333333333333,0.12150000000000001,-1,-1,-1,0.356862745098039,0.694117647058824,0.803921568627451
92.08976745605469,0.0,-0.22857869515640114,0.03,1,1,1,0.0,0.3333333333333333,0.12150000000000001,-1,-1,-1,1.0,1.0,-1.0,0.0,-0.3333333333333333,0.12150000000000001,-1,-1,-1,0.356862745098039,0.694117647058824,0.803921568627451
92.12416934967041,0.0,-0.2296959900768043,0.03,1,1,1,0.0,0.3333333333333333,0.12150000000000001,-1,-1,-1,1.0,1.0,-1.0,0.0,-0.3333333333333333,0.12150000000000001,-1,-1,-1,0.356862745098039,0.694117647058824,0.803921568627451
92.15908074378967,0.0,-0.23081328499720746,0.03,1,1,1,0.0,0.3333333333333333,0.12150000000000001,-1,-1,-1,1.0,1.0,-1.0,0.0,-0.3333333333333333,0.12150000000000001,-1,-1,-1,0.356862745098039,0.694117647058824,0.803921568627451
92.19337773323059,0.0,-0.23193057991761062,0.03,1,1,1,0.0,0.3333333333333333,0.12150000000000001,-1,-1,-1,1.0,1.0,-1.0,0.0,-0.3333333333333333,0.12150000000000001,-1,-1,-1,0.356862745098039,0.694117647058824,0.803921568627451
92.2283570766449,0.0,-0.23304787483801379,0.03,1,1,1,0.0,0.3333333333333333,0.12150000000000001,-1,-1,-1,1.0,1.0,-1.0,0.0,-0.3333333333333333,0.12150000000000001,-1,-1,-1,0.356862745098039,0.694117647058824,0.803921568627451
92.2627956867218,0.0,-0.23416516975841695,0.03,1,1,1,0.0,0.3333333333333333,0.12150000000000001,-1,-1,-1,1.0,1.0,-1.0,0.0,-0.3333333333333333,0.12150000000000001,-1,-1,-1,0.356862745098039,0.694117647058824,0.803921568627451
92.29789924621582,0.0,-0.2352824646788201,0.03,1,1,1,0.0,0.3333333333333333,0.12150000000000001,-1,-1,-1,1.0,1.0,-1.0,0.0,-0.3333333333333333,0.12150000000000001,-1,-1,-1,0.356862745098039,0.694117647058824,0.803921568627451
92.33250665664673,0.0,-0.23639975959922327,0.03,1,1,1,0.0,0.3333333333333333,0.12150000000000001,-1,-1,-1,1.0,1.0,-1.0,0.0,-0.3333333333333333,0.12150000000000001,-1,-1,-1,0.356862745098039,0.694117647058824,0.803921568627451
92.36740803718567,0.0,-0.2375170545196264,0.03,1,1,1,0.0,0.3333333333333333,0.12150000000000001,-1,-1,-1,1.0,1.0,-1.0,0.0,-0.3333333333333333,0.12150000000000001,-1,-1,-1,0.356862745098039,0.694117647058824,0.803921568627451
92.40231323242188,0.0,-0.23863434944002954,0.03,1,1,1,0.0,0.3333333333333333,0.12150000000000001,-1,-1,-1,1.0,1.0,-1.0,0.0,-0.3333333333333333,0.12150000000000001,-1,-1,-1,0.356862745098039,0.694117647058824,0.803921568627451
92.43676233291626,0.0,-0.23975164436043267,0.03,1,1,1,0.0,0.3333333333333333,0.12150000000000001,-1,-1,-1,1.0,1.0,-1.0,0.0,-0.3333333333333333,0.12150000000000001,-1,-1,-1,0.356862745098039,0.694117647058824,0.803921568627451
92.47138905525208,0.0,-0.23957970525960504,0.03,1,1,1,0.0,0.3333333333333333,0.12150000000000001,-1,-1,-1,1.0,1.0,-1.0,0.0,-0.3333333333333333,0.12150000000000001,-1,-1,-1,0.356862745098039,0.694117647058824,0.803921568627451
92.50609755516052,0.0,-0.2394077661587774,0.03,1,1,1,0.0,0.3333333333333333,0.12150000000000001,-1,-1,-1,1.0,1.0,-1.0,0.0,-0.3333333333333333,0.12150000000000001,-1,-1,-1,0.356862745098039,0.694117647058824,0.803921568627451
92.54126000404358,0.0,-0.23923582705794974,0.03,1,1,1,0.0,0.3333333333333333,0.12150000000000001,-1,-1,-1,1.0,1.0,-1.0,0.0,-0.3333333333333333,0.12150000000000001,-1,-1,-1,0.356862745098039,0.694117647058824,0.803921568627451
92.57582473754883,0.0,-0.2390638879571221,0.03,1,1,1,0.0,0.3333333333333333,0.12150000000000001,-1,-1,-1,1.0,1.0,-1.0,0.0,-0.3333333333333333,0.12150000000000001,-1,-1,-1,0.356862745098039,0.694117647058824,0.803921568627451
92.61025285720825,0.0,-0.23889194885629447,0.03,1,1,1,0.0,0.3333333333333333,0.12150000000000001,-1,-1,-1,1.0,1.0,-1.0,0.0,-0.3333333333333333,0.12150000000000001,-1,-1,-1,0.356862745098039,0.694117647058824,0.803921568627451
92.64539289474487,0.0,-0.23872000975546684,0.03,1,1,1,0.0,0.3333333333333333,0.12150000000000001,-1,-1,-1,1.0,1.0,-1.0,0.0,-0.3333333333333333,0.12150000000000001,-1,-1,-1,0.356862745098039,0.694117647058824,0.803921568627451
92.6797194480896,0.0,-0.2385480706546392,0.03,1,1,1,0.0,0.3333333333333333,0.12150000000000001,-1,-1,-1,1.0,1.0,-1.0,0.0,-0.3333333333333333,0.12150000000000001,-1,-1,-1,0.356862745098039,0.694117647058824,0.803921568627451
92.7149498462677,0.0,-0.23837613155381154,0.03,1,1,1,0.0,0.3333333333333333,0.12150000000000001,-1,-1,-1,1.0,1.0,-1.0,0.0,-0.3333333333333333,0.12150000000000001,-1,-1,-1,0.356862745098039,0.694117647058824,0.803921568627451
92.74931287765503,0.0,-0.2382041924529839,0.03,1,1,1,0.0,0.3333333333333333,0.12150000000000001,-1,-1,-1,1.0,1.0,-1.0,0.0,-0.3333333333333333,0.12150000000000001,-1,-1,-1,0.356862745098039,0.694117647058824,0.803921568627451
92.78477358818054,0.0,-0.23803225335215628,0.03,1,1,1,0.0,0.3333333333333333,0.12150000000000001,-1,-1,-1,1.0,1.0,-1.0,0.0,-0.3333333333333333,0.12150000000000001,-1,-1,-1,0.356862745098039,0.694117647058824,0.803921568627451
92.8185806274414,0.0,-0.23786031425132864,0.03,1,1,1,0.0,0.3333333333333333,0.12150000000000001,-1,-1,-1,1.0,1.0,-1.0,0.0,-0.3333333333333333,0.12150000000000001,-1,-1,-1,0.356862745098039,0.694117647058824,0.803921568627451
92.85332107543945,0.0,-0.23768837515050098,0.03,1,1,1,0.0,0.3333333333333333,0.12150000000000001,-1,-1,-1,1.0,1.0,-1.0,0.0,-0.3333333333333333,0.12150000000000001,-1,-1,-1,0.356862745098039,0.694117647058824,0.803921568627451
92.8884789943695,0.0,-0.23751643604967335,0.03,1,1,1,0.0,0.3333333333333333,0.12150000000000001,-1,-1,-1,1.0,1.0,-1.0,0.0,-0.3333333333333333,0.12150000000000001,-1,-1,-1,0.356862745098039,0.694117647058824,0.803921568627451
92.92279410362244,0.0,-0.2373444969488457,0.03,1,1,1,0.0,0.3333333333333333,0.12150000000000001,-1,-1,-1,1.0,1.0,-1.0,0.0,-0.3333333333333333,0.12150000000000001,-1,-1,-1,0.356862745098039,0.694117647058824,0.803921568627451
92.95746111869812,0.0,-0.23717255784801808,0.03,1,1,1,0.0,0.3333333333333333,0.12150000000000001,-1,-1,-1,1.0,1.0,-1.0,0.0,-0.3333333333333333,0.12150000000000001,-1,-1,-1,0.356862745098039,0.694117647058824,0.803921568627451
92.99292135238647,0.0,-0.23700061874719044,0.03,1,1,1,0.0,0.3333333333333333,0.12150000000000001,-1,-1,-1,1.0,1.0,-1.0,0.0,-0.3333333333333333,0.12150000000000001,-1,-1,-1,0.356862745098039,0.694117647058824,0.803921568627451
93.02747225761414,0.0,-0.23682867964636287,0.03,1,1,1,0.0,0.3333333333333333,0.12150000000000001,-1,-1,-1,1.0,1.0,-1.0,0.0,-0.3333333333333333,0.12150000000000001,-1,-1,-1,0.356862745098039,0.694117647058824,0.803921568627451
93.06165075302124,0.0,-0.2366567405455353,0.03,1,1,1,0.0,0.3333333333333333,0.12150000000000001,-1,-1,-1,1.0,1.0,-1.0,0.0,-0.3333333333333333,0.12150000000000001,-1,-1,-1,0.356862745098039,0.694117647058824,0.803921568627451
93.09655833244324,0.0,-0.2364848014447077,0.03,1,1,1,0.0,0.3333333333333333,0.12150000000000001,-1,-1,-1,1.0,1.0,-1.0,0.0,-0.3333333333333333,0.12150000000000001,-1,-1,-1,0.356862745098039,0.694117647058824,0.803921568627451
93.13179850578308,0.0,-0.23631286234388013,0.03,1,1,1,0.0,0.3333333333333333,0.12150000000000001,-1,-1,-1,1.0,1.0,-1.0,0.0,-0.3333333333333333,0.12150000000000001,-1,-1,-1,0.356862745098039,0.694117647058824,0.803921568627451
93.16630053520203,0.0,-0.23614092324305255,0.03,1,1,1,0.0,0.3333333333333333,0.12150000000000001,-1,-1,-1,1.0,1.0,-1.0,0.0,-0.3333333333333333,0.12150000000000001,-1,-1,-1,0.356862745098039,0.694117647058824,0.803921568627451
93.20059037208557,0.0,-0.23596898414222497,0.03,1,1,1,0.0,0.3333333333333333,0.12150000000000001,-1,-1,-1,1.0,1.0,-1.0,0.0,-0.3333333333333333,0.12150000000000001,-1,-1,-1,0.356862745098039,0.694117647058824,0.803921568627451
93.23553681373596,0.0,-0.2357970450413974,0.03,1,1,1,0.0,0.3333333333333333,0.12150000000000001,-1,-1,-1,1.0,1.0,-1.0,0.0,-0.3333333333333333,0.12150000000000001,-1,-1,-1,0.356862745098039,0.694117647058824,0.803921568627451
93.27015113830566,0.0,-0.23562510594056982,0.03,1,1,1,0.0,0.3333333333333333,0.12150000000000001,-1,-1,-1,1.0,1.0,-1.0,0.0,-0.3333333333333333,0.12150000000000001,-1,-1,-1,0.356862745098039,0.694117647058824,0.803921568627451
93.30516147613525,0.0,-0.23545316683974224,0.03,1,1,1,0.0,0.3333333333333333,0.12150000000000001,-1,-1,-1,1.0,1.0,-1.0,0.0,-0.3333333333333333,0.12150000000000001,-1,-1,-1,0.356862745098039,0.694117647058824,0.803921568627451
93.33951330184937,0.0,-0.23528122773891466,0.03,1,1,1,0.0,0.3333333333333333,0.12150000000000001,-1,-1,-1,1.0,1.0,-1.0,0.0,-0.3333333333333333,0.12150000000000001,-1,-1,-1,0.356862745098039,0.694117647058824,0.803921568627451
93.37447619438171,0.0,-0.23510928863808708,0.03,1,1,1,0.0,0.3333333333333333,0.12150000000000001,-1,-1,-1,1.0,1.0,-1.0,0.0,-0.3333333333333333,0.12150000000000001,-1,-1,-1,0.356862745098039,0.694117647058824,0.803921568627451
93.40930461883545,0.0,-0.2349373495372595,0.03,1,1,1,0.0,0.3333333333333333,0.12150000000000001,-1,-1,-1,1.0,1.0,-1.0,0.0,-0.3333333333333333,0.12150000000000001,-1,-1,-1,0.356862745098039,0.694117647058824,0.803921568627451
93.44397234916687,0.0,-0.23476541043643193,0.03,1,1,1,0.0,0.3333333333333333,0.12150000000000001,-1,-1,-1,1.0,1.0,-1.0,0.0,-0.3333333333333333,0.12150000000000001,-1,-1,-1,0.356862745098039,0.694117647058824,0.803921568627451
93.47839665412903,0.0,-0.23459347133560435,0.03,1,1,1,0.0,0.3333333333333333,0.12150000000000001,-1,-1,-1,1.0,1.0,-1.0,0.0,-0.3333333333333333,0.12150000000000001,-1,-1,-1,0.356862745098039,0.694117647058824,0.803921568627451
93.51318597793579,0.0,-0.23442153223477677,0.03,1,1,1,0.0,0.3333333333333333,0.12150000000000001,-1,-1,-1,1.0,1.0,-1.0,0.0,-0.3333333333333333,0.12150000000000001,-1,-1,-1,0.356862745098039,0.694117647058824,0.803921568627451
93.54784822463989,0.0,-0.2342495931339492,0.03,1,1,1,0.0,0.3333333333333333,0.12150000000000001,-1,-1,-1,1.0,1.0,-1.0,0.0,-0.3333333333333333,0.12150000000000001,-1,-1,-1,0.356862745098039,0.694117647058824,0.803921568627451
93.58259344100952,0.0,-0.2340776540331216,0.03,1,1,1,0.0,0.3333333333333333,0.12150000000000001,-1,-1,-1,1.0,1.0,-1.0,0.0,-0.3333333333333333,0.12150000000000001,-1,-1,-1,0.356862745098039,0.694117647058824,0.803921568627451
93.61763215065002,0.0,-0.23390571493229403,0.03,1,1,1,0.0,0.3333333333333333,0.12150000000000001,-1,-1,-1,1.0,1.0,-1.0,0.0,-0.3333333333333333,0.12150000000000001,-1,-1,-1,0.356862745098039,0.694117647058824,0.803921568627451
93.65209555625916,0.0,-0.23190162557933333,0.03,1,1,1,0.0,0.3333333333333333,0.12150000000000001,-1,-1,-1,1.0,1.0,-1.0,0.0,-0.3333333333333333,0.12150000000000001,-1,-1,-1,0.356862745098039,0.694117647058824,0.803921568627451
93.68672513961792,0.0,-0.22714931084817294,0.03,1,1,1,0.0,0.3333333333333333,0.12150000000000001,-1,-1,-1,1.0,1.0,-1.0,0.0,-0.3333333333333333,0.12150000000000001,-1,-1,-1,0.356862745098039,0.694117647058824,0.803921568627451
93.72187614440918,0.0,-0.22239699611701255,0.03,1,1,1,0.0,0.3333333333333333,0.12150000000000001,-1,-1,-1,1.0,1.0,-1.0,0.0,-0.3333333333333333,0.12150000000000001,-1,-1,-1,0.356862745098039,0.694117647058824,0.803921568627451
93.75673794746399,0.0,-0.21764468138585216,0.03,1,1,1,0.0,0.3333333333333333,0.12150000000000001,-1,-1,-1,1.0,1.0,-1.0,0.0,-0.3333333333333333,0.12150000000000001,-1,-1,-1,0.356862745098039,0.694117647058824,0.803921568627451
93.790776014328,0.0,-0.21289236665469177,0.03,1,1,1,0.0,0.3333333333333333,0.12150000000000001,-1,-1,-1,1.0,1.0,-1.0,0.0,-0.3333333333333333,0.12150000000000001,-1,-1,-1,0.356862745098039,0.694117647058824,0.803921568627451
93.82560586929321,0.0,-0.20814005192353138,0.03,1,1,1,0.0,0.3333333333333333,0.12150000000000001,-1,-1,-1,1.0,1.0,-1.0,0.0,-0.3333333333333333,0.12150000000000001,-1,-1,-1,0.356862745098039,0.694117647058824,0.803921568627451
93.86025929450989,0.0,-0.203387737192371,0.03,1,1,1,0.0,0.3333333333333333,0.12150000000000001,-1,-1,-1,1.0,1.0,-1.0,0.0,-0.3333333333333333,0.12150000000000001,-1,-1,-1,0.356862745098039,0.694117647058824,0.803921568627451
93.89523553848267,0.0,-0.1986354224612106,0.03,1,1,1,0.0,0.3333333333333333,0.12150000000000001,-1,-1,-1,1.0,1.0,-1.0,0.0,-0.3333333333333333,0.12150000000000001,-1,-1,-1,0.356862745098039,0.694117647058824,0.803921568627451
93.929856300354,0.0,-0.1938831077300502,0.03,1,1,1,0.0,0.3333333333333333,0.12150000000000001,-1,-1,-1,1.0,1.0,-1.0,0.0,-0.3333333333333333,0.12150000000000001,-1,-1,-1,0.356862745098039,0.694117647058824,0.803921568627451
93.96445512771606,0.0,-0.18913079299888982,0.03,1,1,1,0.0,0.3333333333333333,0.12150000000000001,-1,-1,-1,1.0,1.0,-1.0,0.0,-0.3333333333333333,0.12150000000000001,-1,-1,-1,0.356862745098039,0.694117647058824,0.803921568627451
93.99954581260681,0.0,-0.18437847826772943,0.03,1,1,1,0.0,0.3333333333333333,0.12150000000000001,-1,-1,-1,1.0,1.0,-1.0,0.0,-0.3333333333333333,0.12150000000000001,-1,-1,-1,0.356862745098039,0.694117647058824,0.803921568627451
94.03427219390869,0.0,-0.17962616353656904,0.03,1,1,1,0.0,0.3333333333333333,0.12150000000000001,-1,-1,-1,1.0,1.0,-1.0,0.0,-0.3333333333333333,0.12150000000000001,-1,-1,-1,0.356862745098039,0.694117647058824,0.803921568627451
94.06845450401306,0.0,-0.17487384880540865,0.03,1,1,1,0.0,0.3333333333333333,0.12150000000000001,-1,-1,-1,1.0,1.0,-1.0,0.0,-0.3333333333333333,0.12150000000000001,-1,-1,-1,0.356862745098039,0.694117647058824,0.803921568627451
94.1033980846405,0.0,-0.17012153407424827,0.03,1,1,1,0.0,0.3333333333333333,0.12150000000000001,-1,-1,-1,1.0,1.0,-1.0,0.0,-0.3333333333333333,0.12150000000000001,-1,-1,-1,0.356862745098039,0.694117647058824,0.803921568627451
94.13804864883423,0.0,-0.16536921934308788,0.03,1,1,1,0.0,0.3333333333333333,0.12150000000000001,-1,-1,-1,1.0,1.0,-1.0,0.0,-0.3333333333333333,0.12150000000000001,-1,-1,-1,0.356862745098039,0.694117647058824,0.803921568627451
94.17281746864319,0.0,-0.16061690461192749,0.03,1,1,1,0.0,0.3333333333333333,0.12150000000000001,-1,-1,-1,1.0,1.0,-1.0,0.0,-0.3333333333333333,0.12150000000000001,-1,-1,-1,0.356862745098039,0.694117647058824,0.803921568627451
94.20799994468689,0.0,-0.1558645898807671,0.03,1,1,1,0.0,0.3333333333333333,0.12150000000000001,-1,-1,-1,1.0,1.0,-1.0,0.0,-0.3333333333333333,0.12150000000000001,-1,-1,-1,0.356862745098039,0.694117647058824,0.803921568627451
94.24227046966553,0.0,-0.1511122751496067,0.03,1,1,1,0.0,0.3333333333333333,0.12150000000000001,-1,-1,-1,1.0,1.0,-1.0,0.0,-0.3333333333333333,0.12150000000000001,-1,-1,-1,0.356862745098039,0.694117647058824,0.803921568627451
94.2767436504364,0.0,-0.14635996041844632,0.03,1,1,1,0.0,0.3333333333333333,0.12150000000000001,-1,-1,-1,1.0,1.0,-1.0,0.0,-0.3333333333333333,0.12150000000000001,-1,-1,-1,0.356862745098039,0.694117647058824,0.803921568627451
94.31159353256226,0.0,-0.14160764568728593,0.03,1,1,1,0.0,0.3333333333333333,0.12150000000000001,-1,-1,-1,1.0,1.0,-1.0,0.0,-0.3333333333333333,0.12150000000000001,-1,-1,-1,0.356862745098039,0.694117647058824,0.803921568627451
94.34627532958984,0.0,-0.13685533095612554,0.03,1,1,1,0.0,0.3333333333333333,0.12150000000000001,-1,-1,-1,1.0,1.0,-1.0,0.0,-0.3333333333333333,0.12150000000000001,-1,-1,-1,0.356862745098039,0.694117647058824,0.803921568627451
94.38155174255371,0.0,-0.13210301622496515,0.03,1,1,1,0.0,0.3333333333333333,0.12150000000000001,-1,-1,-1,1.0,1.0,-1.0,0.0,-0.3333333333333333,0.12150000000000001,-1,-1,-1,0.356862745098039,0.694117647058824,0.803921568627451
94.41595959663391,0.0,-0.12735070149380476,0.03,1,1,1,0.0,0.3333333333333333,0.12150000000000001,-1,-1,-1,1.0,1.0,-1.0,0.0,-0.3333333333333333,0.12150000000000001,-1,-1,-1,0.356862745098039,0.694117647058824,0.803921568627451
94.45118284225464,0.0,-0.12259838676264437,0.03,1,1,1,0.0,0.3333333333333333,0.12150000000000001,-1,-1,-1,1.0,1.0,-1.0,0.0,-0.3333333333333333,0.12150000000000001,-1,-1,-1,0.356862745098039,0.694117647058824,0.803921568627451
94.48605489730835,0.0,-0.11784607203148398,0.03,1,1,1,0.0,0.3333333333333333,0.12150000000000001,-1,-1,-1,1.0,1.0,-1.0,0.0,-0.3333333333333333,0.12150000000000001,-1,-1,-1,0.356862745098039,0.694117647058824,0.803921568627451
94.51996564865112,0.0,-0.11309375730032359,0.03,1,1,1,0.0,0.3333333333333333,0.12150000000000001,-1,-1,-1,1.0,1.0,-1.0,0.0,-0.3333333333333333,0.12150000000000001,-1,-1,-1,0.356862745098039,0.694117647058824,0.803921568627451
94.55485367774963,0.0,-0.1083414425691632,0.03,1,1,1,0.0,0.3333333333333333,0.12150000000000001,-1,-1,-1,1.0,1.0,-1.0,0.0,-0.3333333333333333,0.12150000000000001,-1,-1,-1,0.356862745098039,0.694117647058824,0.803921568627451
94.58977246284485,0.0,-0.10358912783800281,0.03,1,1,1,0.0,0.3333333333333333,0.12150000000000001,-1,-1,-1,1.0,1.0,-1.0,0.0,-0.3333333333333333,0.12150000000000001,-1,-1,-1,0.356862745098039,0.694117647058824,0.803921568627451
94.6242127418518,0.0,-0.09883681310684242,0.03,1,1,1,0.0,0.3333333333333333,0.12150000000000001,-1,-1,-1,1.0,1.0,-1.0,0.0,-0.3333333333333333,0.12150000000000001,-1,-1,-1,0.356862745098039,0.694117647058824,0.803921568627451
94.6590256690979,0.0,-0.09408449837568203,0.03,1,1,1,0.0,0.3333333333333333,0.12150000000000001,-1,-1,-1,1.0,1.0,-1.0,0.0,-0.3333333333333333,0.12150000000000001,-1,-1,-1,0.356862745098039,0.694117647058824,0.803921568627451
94.6936981678009,0.0,-0.08933218364452164,0.03,1,1,1,0.0,0.3333333333333333,0.12150000000000001,-1,-1,-1,1.0,1.0,-1.0,0.0,-0.3333333333333333,0.12150000000000001,-1,-1,-1,0.356862745098039,0.694117647058824,0.803921568627451
94.72848224639893,0.0,-0.08457986891336125,0.03,1,1,1,0.0,0.3333333333333333,0.12150000000000001,-1,-1,-1,1.0,1.0,-1.0,0.0,-0.3333333333333333,0.12150000000000001,-1,-1,-1,0.356862745098039,0.694117647058824,0.803921568627451
94.76314401626587,0.0,-0.07982755418220086,0.03,1,1,1,0.0,0.3333333333333333,0.12150000000000001,-1,-1,-1,1.0,1.0,-1.0,0.0,-0.3333333333333333,0.12150000000000001,-1,-1,-1,0.356862745098039,0.694117647058824,0.803921568627451
94.7977032661438,0.0,-0.07507523945104047,0.03,1,1,1,0.0,0.3333333333333333,0.12150000000000001,-1,-1,-1,1.0,1.0,-1.0,0.0,-0.3333333333333333,0.12150000000000001,-1,-1,-1,0.356862745098039,0.694117647058824,0.803921568627451
94.83287286758423,0.0,-0.07032292471988008,0.03,1,1,1,0.0,0.3333333333333333,0.12150000000000001,-1,-1,-1,1.0,1.0,-1.0,0.0,-0.3333333333333333,0.12150000000000001,-1,-1,-1,0.356862745098039,0.694117647058824,0.803921568627451
94.86712646484375,0.0,-0.06812634857422087,0.03,1,1,1,0.0,0.3333333333333333,0.12150000000000001,-1,-1,-1,1.0,1.0,-1.0,0.0,-0.3333333333333333,0.12150000000000001,-1,-1,-1,0.356862745098039,0.694117647058824,0.803921568627451
94.90204644203186,0.0,-0.06656870707493695,0.03,1,1,1,0.0,0.3333333333333333,0.12150000000000001,-1,-1,-1,1.0,1.0,-1.0,0.0,-0.3333333333333333,0.12150000000000001,-1,-1,-1,0.356862745098039,0.694117647058824,0.803921568627451
94.9369387626648,0.0,-0.06501106557565303,0.03,1,1,1,0.0,0.3333333333333333,0.12150000000000001,-1,-1,-1,1.0,1.0,-1.0,0.0,-0.3333333333333333,0.12150000000000001,-1,-1,-1,0.356862745098039,0.694117647058824,0.803921568627451
94.97157430648804,0.0,-0.06345342407636911,0.03,1,1,1,0.0,0.3333333333333333,0.12150000000000001,-1,-1,-1,1.0,1.0,-1.0,0.0,-0.3333333333333333,0.12150000000000001,-1,-1,-1,0.356862745098039,0.694117647058824,0.803921568627451
95.00605845451355,0.0,-0.06189578257708519,0.03,1,1,1,0.0,0.3333333333333333,0.12150000000000001,-1,-1,-1,1.0,1.0,-1.0,0.0,-0.3333333333333333,0.12150000000000001,-1,-1,-1,0.356862745098039,0.694117647058824,0.803921568627451
95.04114770889282,0.0,-0.0603381410778013,0.03,1,1,1,0.0,0.3333333333333333,0.12150000000000001,-1,-1,-1,1.0,1.0,-1.0,0.0,-0.3333333333333333,0.12150000000000001,-1,-1,-1,0.356862745098039,0.694117647058824,0.803921568627451
95.0756287574768,0.0,-0.058780499578517366,0.03,1,1,1,0.0,0.3333333333333333,0.12150000000000001,-1,-1,-1,1.0,1.0,-1.0,0.0,-0.3333333333333333,0.12150000000000001,-1,-1,-1,0.356862745098039,0.694117647058824,0.803921568627451
95.11063838005066,0.0,-0.05722285807923345,0.03,1,1,1,0.0,0.3333333333333333,0.12150000000000001,-1,-1,-1,1.0,1.0,-1.0,0.0,-0.3333333333333333,0.12150000000000001,-1,-1,-1,0.356862745098039,0.694117647058824,0.803921568627451
95.1452968120575,0.0,-0.05566521657994953,0.03,1,1,1,0.0,0.3333333333333333,0.12150000000000001,-1,-1,-1,1.0,1.0,-1.0,0.0,-0.3333333333333333,0.12150000000000001,-1,-1,-1,0.356862745098039,0.694117647058824,0.803921568627451
95.18013596534729,0.0,-0.05410757508066561,0.03,1,1,1,0.0,0.3333333333333333,0.12150000000000001,-1,-1,-1,1.0,1.0,-1.0,0.0,-0.3333333333333333,0.12150000000000001,-1,-1,-1,0.356862745098039,0.694117647058824,0.803921568627451
95.21443605422974,0.0,-0.05254993358138169,0.03,1,1,1,0.0,0.3333333333333333,0.12150000000000001,-1,-1,-1,1.0,1.0,-1.0,0.0,-0.3333333333333333,0.12150000000000001,-1,-1,-1,0.356862745098039,0.694117647058824,0.803921568627451
95.24915337562561,0.0,-0.050992292082097775,0.03,1,1,1,0.0,0.3333333333333333,0.12150000000000001,-1,-1,-1,1.0,1.0,-1.0,0.0,-0.3333333333333333,0.12150000000000001,-1,-1,-1,0.356862745098039,0.694117647058824,0.803921568627451
95.28380870819092,0.0,-0.049434650582813856,0.03,1,1,1,0.0,0.3333333333333333,0.12150000000000001,-1,-1,-1,1.0,1.0,-1.0,0.0,-0.3333333333333333,0.12150000000000001,-1,-1,-1,0.356862745098039,0.694117647058824,0.803921568627451
95.31852912902832,0.0,-0.04787700908352994,0.03,1,1,1,0.0,0.3333333333333333,0.12150000000000001,-1,-1,-1,1.0,1.0,-1.0,0.0,-0.3333333333333333,0.12150000000000001,-1,-1,-1,0.356862745098039,0.694117647058824,0.803921568627451
95.3533456325531,0.0,-0.04631936758424602,0.03,1,1,1,0.0,0.3333333333333333,0.12150000000000001,-1,-1,-1,1.0,1.0,-1.0,0.0,-0.3333333333333333,0.12150000000000001,-1,-1,-1,0.356862745098039,0.694117647058824,0.803921568627451
95.38801312446594,0.0,-0.0447617260849621,0.03,1,1,1,0.0,0.3333333333333333,0.12150000000000001,-1,-1,-1,1.0,1.0,-1.0,0.0,-0.3333333333333333,0.12150000000000001,-1,-1,-1,0.356862745098039,0.694117647058824,0.803921568627451
95.42289590835571,0.0,-0.04320408458567818,0.03,1,1,1,0.0,0.3333333333333333,0.12150000000000001,-1,-1,-1,1.0,1.0,-1.0,0.0,-0.3333333333333333,0.12150000000000001,-1,-1,-1,0.356862745098039,0.694117647058824,0.803921568627451
95.45747447013855,0.0,-0.041646443086394265,0.03,1,1,1,0.0,0.3333333333333333,0.12150000000000001,-1,-1,-1,1.0,1.0,-1.0,0.0,-0.3333333333333333,0.12150000000000001,-1,-1,-1,0.356862745098039,0.694117647058824,0.803921568627451
95.49218416213989,0.0,-0.04008880158711035,0.03,1,1,1,0.0,0.3333333333333333,0.12150000000000001,-1,-1,-1,1.0,1.0,-1.0,0.0,-0.3333333333333333,0.12150000000000001,-1,-1,-1,0.356862745098039,0.694117647058824,0.803921568627451
95.52696919441223,0.0,-0.03853116008782643,0.03,1,1,1,0.0,0.3333333333333333,0.12150000000000001,-1,-1,-1,1.0,1.0,-1.0,0.0,-0.3333333333333333,0.12150000000000001,-1,-1,-1,0.356862745098039,0.694117647058824,0.803921568627451
95.5617995262146,0.0,-0.03697351858854251,0.03,1,1,1,0.0,0.3333333333333333,0.12150000000000001,-1,-1,-1,1.0,1.0,-1.0,0.0,-0.3333333333333333,0.12150000000000001,-1,-1,-1,0.356862745098039,0.694117647058824,0.803921568627451
95.59655904769897,0.0,-0.03541587708925859,0.03,1,1,1,0.0,0.3333333333333333,0.12150000000000001,-1,-1,-1,1.0,1.0,-1.0,0.0,-0.3333333333333333,0.12150000000000001,-1,-1,-1,0.356862745098039,0.694117647058824,0.803921568627451
95.63180685043335,0.0,-0.033858235589974674,0.03,1,1,1,0.0,0.3333333333333333,0.12150000000000001,-1,-1,-1,1.0,1.0,-1.0,0.0,-0.3333333333333333,0.12150000000000001,-1,-1,-1,0.356862745098039,0.694117647058824,0.803921568627451
95.6658525466919,0.0,-0.032300594090690755,0.03,1,1,1,0.0,0.3333333333333333,0.12150000000000001,-1,-1,-1,1.0,1.0,-1.0,0.0,-0.3333333333333333,0.12150000000000001,-1,-1,-1,0.356862745098039,0.694117647058824,0.803921568627451
95.70046091079712,0.0,-0.030742952591406844,0.03,1,1,1,0.0,0.3333333333333333,0.12150000000000001,-1,-1,-1,1.0,1.0,-1.0,0.0,-0.3333333333333333,0.12150000000000001,-1,-1,-1,0.356862745098039,0.694117647058824,0.803921568627451
95.73536109924316,0.0,-0.02918531109212294,0.03,1,1,1,0.0,0.3333333333333333,0.12150000000000001,-1,-1,-1,1.0,1.0,-1.0,0.0,-0.3333333333333333,0.12150000000000001,-1,-1,-1,0.356862745098039,0.694117647058824,0.803921568627451
95.77055835723877,0.0,-0.02762766959283904,0.03,1,1,1,0.0,0.3333333333333333,0.12150000000000001,-1,-1,-1,1.0,1.0,-1.0,0.0,-0.3333333333333333,0.12150000000000001,-1,-1,-1,0.356862745098039,0.694117647058824,0.803921568627451
95.80478143692017,0.0,-0.026070028093555138,0.03,1,1,1,0.0,0.3333333333333333,0.12150000000000001,-1,-1,-1,1.0,1.0,-1.0,0.0,-0.3333333333333333,0.12150000000000001,-1,-1,-1,0.356862745098039,0.694117647058824,0.803921568627451
95.83943390846252,0.0,-0.024512386594271237,0.03,1,1,1,0.0,0.3333333333333333,0.12150000000000001,-1,-1,-1,1.0,1.0,-1.0,0.0,-0.3333333333333333,0.12150000000000001,-1,-1,-1,0.356862745098039,0.694117647058824,0.803921568627451
95.87467050552368,0.0,-0.022954745094987336,0.03,1,1,1,0.0,0.3333333333333333,0.12150000000000001,-1,-1,-1,1.0,1.0,-1.0,0.0,-0.3333333333333333,0.12150000000000001,-1,-1,-1,0.356862745098039,0.694117647058824,0.803921568627451
95.90892505645752,0.0,-0.021397103595703435,0.03,1,1,1,0.0,0.3333333333333333,0.12150000000000001,-1,-1,-1,1.0,1.0,-1.0,0.0,-0.3333333333333333,0.12150000000000001,-1,-1,-1,0.356862745098039,0.694117647058824,0.803921568627451
95.94363498687744,0.0,-0.019839462096419534,0.03,1,1,1,0.0,0.3333333333333333,0.12150000000000001,-1,-1,-1,1.0,1.0,-1.0,0.0,-0.3333333333333333,0.12150000000000001,-1,-1,-1,0.356862745098039,0.694117647058824,0.803921568627451
95.97880673408508,0.0,-0.018281820597135633,0.03,1,1,1,0.0,0.3333333333333333,0.12150000000000001,-1,-1,-1,1.0,1.0,-1.0,0.0,-0.3333333333333333,0.12150000000000001,-1,-1,-1,0.356862745098039,0.694117647058824,0.803921568627451
96.01395988464355,0.0,-0.016724179097851732,0.03,1,1,1,0.0,0.3333333333333333,0.12150000000000001,-1,-1,-1,1.0,1.0,-1.0,0.0,-0.3333333333333333,0.12150000000000001,-1,-1,-1,0.356862745098039,0.694117647058824,0.803921568627451
96.04787683486938,0.0,-0.014934217101706376,0.03,1,1,1,0.0,0.3333333333333333,0.12150000000000001,-1,-1,-1,1.0,1.0,-1.0,0.0,-0.3333333333333333,0.12150000000000001,-1,-1,-1,0.356862745098039,0.694117647058824,0.803921568627451
96.08263421058655,0.0,-0.012214973118115187,0.03,1,1,1,0.0,0.3333333333333333,0.12150000000000001,-1,-1,-1,1.0,1.0,-1.0,0.0,-0.3333333333333333,0.12150000000000001,-1,-1,-1,0.356862745098039,0.694117647058824,0.803921568627451
96.11724615097046,0.0,-0.009495729134523997,0.03,1,1,1,0.0,0.3333333333333333,0.12150000000000001,-1,-1,-1,1.0,1.0,-1.0,0.0,-0.3333333333333333,0.12150000000000001,-1,-1,-1,0.356862745098039,0.694117647058824,0.803921568627451
96.1522536277771,0.0,-0.006776485150932808,0.03,1,1,1,0.0,0.3333333333333333,0.12150000000000001,-1,-1,-1,1.0,1.0,-1.0,0.0,-0.3333333333333333,0.12150000000000001,-1,-1,-1,0.356862745098039,0.694117647058824,0.803921568627451
96.18678689002991,0.0,-0.004057241167341619,0.03,1,1,1,0.0,0.3333333333333333,0.12150000000000001,-1,-1,-1,1.0,1.0,-1.0,0.0,-0.3333333333333333,0.12150000000000001,-1,-1,-1,0.356862745098039,0.694117647058824,0.803921568627451
96.22119665145874,0.0,-0.0013379971837504303,0.03,1,1,1,0.0,0.3333333333333333,0.12150000000000001,-1,-1,-1,1.0,1.0,-1.0,0.0,-0.3333333333333333,0.12150000000000001,-1,-1,-1,0.356862745098039,0.694117647058824,0.803921568627451
96.25621175765991,0.0,0.0013812467998407588,0.03,1,1,1,0.0,0.3333333333333333,0.12150000000000001,-1,-1,-1,1.0,1.0,-1.0,0.0,-0.3333333333333333,0.12150000000000001,-1,-1,-1,0.356862745098039,0.694117647058824,0.803921568627451
96.29095029830933,0.0,0.004100490783431948,0.03,1,1,1,0.0,0.3333333333333333,0.12150000000000001,-1,-1,-1,1.0,1.0,-1.0,0.0,-0.3333333333333333,0.12150000000000001,-1,-1,-1,0.356862745098039,0.694117647058824,0.803921568627451
96.32566738128662,0.0,0.006819734767023137,0.03,1,1,1,0.0,0.3333333333333333,0.12150000000000001,-1,-1,-1,1.0,1.0,-1.0,0.0,-0.3333333333333333,0.12150000000000001,-1,-1,-1,0.356862745098039,0.694117647058824,0.803921568627451
96.36095380783081,0.0,0.009538978750614326,0.03,1,1,1,0.0,0.3333333333333333,0.12150000000000001,-1,-1,-1,1.0,1.0,-1.0,0.0,-0.3333333333333333,0.12150000000000001,-1,-1,-1,0.356862745098039,0.694117647058824,0.803921568627451
96.39553308486938,0.0,0.012258222734205515,0.03,1,1,1,0.0,0.3333333333333333,0.12150000000000001,-1,-1,-1,1.0,1.0,-1.0,0.0,-0.3333333333333333,0.12150000000000001,-1,-1,-1,0.356862745098039,0.694117647058824,0.803921568627451
96.43041038513184,0.0,0.014977466717796704,0.03,1,1,1,0.0,0.3333333333333333,0.12150000000000001,-1,-1,-1,1.0,1.0,-1.0,0.0,-0.3333333333333333,0.12150000000000001,-1,-1,-1,0.356862745098039,0.694117647058824,0.803921568627451
96.46461963653564,0.0,0.017696710701387897,0.03,1,1,1,0.0,0.3333333333333333,0.12150000000000001,-1,-1,-1,1.0,1.0,-1.0,0.0,-0.3333333333333333,0.12150000000000001,-1,-1,-1,0.356862745098039,0.694117647058824,0.803921568627451
96.49918031692505,0.0,0.020415954684979094,0.03,1,1,1,0.0,0.3333333333333333,0.12150000000000001,-1,-1,-1,1.0,1.0,-1.0,0.0,-0.3333333333333333,0.12150000000000001,-1,-1,-1,0.356862745098039,0.694117647058824,0.803921568627451
96.53442072868347,0.0,0.023135198668570292,0.03,1,1,1,0.0,0.3333333333333333,0.12150000000000001,-1,-1,-1,1.0,1.0,-1.0,0.0,-0.3333333333333333,0.12150000000000001,-1,-1,-1,0.356862745098039,0.694117647058824,0.803921568627451
96.56904745101929,0.0,0.02585444265216149,0.03,1,1,1,0.0,0.3333333333333333,0.12150000000000001,-1,-1,-1,1.0,1.0,-1.0,0.0,-0.3333333333333333,0.12150000000000001,-1,-1,-1,0.356862745098039,0.694117647058824,0.803921568627451
96.60338234901428,0.0,0.028573686635752688,0.03,1,1,1,0.0,0.3333333333333333,0.12150000000000001,-1,-1,-1,1.0,1.0,-1.0,0.0,-0.3333333333333333,0.12150000000000001,-1,-1,-1,0.356862745098039,0.694117647058824,0.803921568627451
96.6384551525116,0.0,0.03129293061934388,0.03,1,1,1,0.0,0.3333333333333333,0.12150000000000001,-1,-1,-1,1.0,1.0,-1.0,0.0,-0.3333333333333333,0.12150000000000001,-1,-1,-1,0.356862745098039,0.694117647058824,0.803921568627451
96.67314577102661,0.0,0.034012174602935076,0.03,1,1,1,0.0,0.3333333333333333,0.12150000000000001,-1,-1,-1,1.0,1.0,-1.0,0.0,-0.3333333333333333,0.12150000000000001,-1,-1,-1,0.356862745098039,0.694117647058824,0.803921568627451
96.70769357681274,0.0,0.036731418586526274,0.03,1,1,1,0.0,0.3333333333333333,0.12150000000000001,-1,-1,-1,1.0,1.0,-1.0,0.0,-0.3333333333333333,0.12150000000000001,-1,-1,-1,0.356862745098039,0.694117647058824,0.803921568627451
96.74267935752869,0.0,0.03945066257011747,0.03,1,1,1,0.0,0.3333333333333333,0.12150000000000001,-1,-1,-1,1.0,1.0,-1.0,0.0,-0.3333333333333333,0.12150000000000001,-1,-1,-1,0.356862745098039,0.694117647058824,0.803921568627451
96.77742123603821,0.0,0.04216990655370867,0.03,1,1,1,0.0,0.3333333333333333,0.12150000000000001,-1,-1,-1,1.0,1.0,-1.0,0.0,-0.3333333333333333,0.12150000000000001,-1,-1,-1,0.356862745098039,0.694117647058824,0.803921568627451
96.81227660179138,0.0,0.04488915053729987,0.03,1,1,1,0.0,0.3333333333333333,0.12150000000000001,-1,-1,-1,1.0,1.0,-1.0,0.0,-0.3333333333333333,0.12150000000000001,-1,-1,-1,0.356862745098039,0.694117647058824,0.803921568627451
96.84692621231079,0.0,0.047608394520891065,0.03,1,1,1,0.0,0.3333333333333333,0.12150000000000001,-1,-1,-1,1.0,1.0,-1.0,0.0,-0.3333333333333333,0.12150000000000001,-1,-1,-1,0.356862745098039,0.694117647058824,0.803921568627451
96.88113903999329,0.0,0.05032763850448226,0.03,1,1,1,0.0,0.3333333333333333,0.12150000000000001,-1,-1,-1,1.0,1.0,-1.0,0.0,-0.3333333333333333,0.12150000000000001,-1,-1,-1,0.356862745098039,0.694117647058824,0.803921568627451
96.91593074798584,0.0,0.05304688248807346,0.03,1,1,1,0.0,0.3333333333333333,0.12150000000000001,-1,-1,-1,1.0,1.0,-1.0,0.0,-0.3333333333333333,0.12150000000000001,-1,-1,-1,0.356862745098039,0.694117647058824,0.803921568627451
96.95054483413696,0.0,0.05576612647166466,0.03,1,1,1,0.0,0.3333333333333333,0.12150000000000001,-1,-1,-1,1.0,1.0,-1.0,0.0,-0.3333333333333333,0.12150000000000001,-1,-1,-1,0.356862745098039,0.694117647058824,0.803921568627451
96.98556804656982,0.0,0.058485370455255856,0.03,1,1,1,0.0,0.3333333333333333,0.12150000000000001,-1,-1,-1,1.0,1.0,-1.0,0.0,-0.3333333333333333,0.12150000000000001,-1,-1,-1,0.356862745098039,0.694117647058824,0.803921568627451
97.02008748054504,0.0,0.06120461443884706,0.03,1,1,1,0.0,0.3333333333333333,0.12150000000000001,-1,-1,-1,1.0,1.0,-1.0,0.0,-0.3333333333333333,0.12150000000000001,-1,-1,-1,0.356862745098039,0.694117647058824,0.803921568627451
97.05489897727966,0.0,0.06392385842243824,0.03,1,1,1,0.0,0.3333333333333333,0.12150000000000001,-1,-1,-1,1.0,1.0,-1.0,0.0,-0.3333333333333333,0.12150000000000001,-1,-1,-1,0.356862745098039,0.694117647058824,0.803921568627451
97.08973145484924,0.0,0.0666431024060294,0.03,1,1,1,0.0,0.3333333333333333,0.12150000000000001,-1,-1,-1,1.0,1.0,-1.0,0.0,-0.3333333333333333,0.12150000000000001,-1,-1,-1,0.356862745098039,0.694117647058824,0.803921568627451
97.12433910369873,0.0,0.06936234638962056,0.03,1,1,1,0.0,0.3333333333333333,0.12150000000000001,-1,-1,-1,1.0,1.0,-1.0,0.0,-0.3333333333333333,0.12150000000000001,-1,-1,-1,0.356862745098039,0.694117647058824,0.803921568627451
97.15926265716553,0.0,0.07208159037321173,0.03,1,1,1,0.0,0.3333333333333333,0.12150000000000001,-1,-1,-1,1.0,1.0,-1.0,0.0,-0.3333333333333333,0.12150000000000001,-1,-1,-1,0.356862745098039,0.694117647058824,0.803921568627451
97.19387578964233,0.0,0.07480083435680289,0.03,1,1,1,0.0,0.3333333333333333,0.12150000000000001,-1,-1,-1,1.0,1.0,-1.0,0.0,-0.3333333333333333,0.12150000000000001,-1,-1,-1,0.356862745098039,0.694117647058824,0.803921568627451
97.22842478752136,0.0,0.07752007834039405,0.03,1,1,1,0.0,0.3333333333333333,0.12150000000000001,-1,-1,-1,1.0,1.0,-1.0,0.0,-0.3333333333333333,0.12150000000000001,-1,-1,-1,0.356862745098039,0.694117647058824,0.803921568627451
97.26331925392151,0.0,0.07791368748785785,0.03,1,1,1,0.0,0.3333333333333333,0.12150000000000001,-1,-1,-1,1.0,1.0,-1.0,0.0,-0.3333333333333333,0.12150000000000001,-1,-1,-1,0.356862745098039,0.694117647058824,0.803921568627451
97.29768109321594,0.0,0.07675687341123673,0.03,1,1,1,0.0,0.3333333333333333,0.12150000000000001,-1,-1,-1,1.0,1.0,-1.0,0.0,-0.3333333333333333,0.12150000000000001,-1,-1,-1,0.356862745098039,0.694117647058824,0.803921568627451
97.33259105682373,0.0,0.07560005933461561,0.03,1,1,1,0.0,0.3333333333333333,0.12150000000000001,-1,-1,-1,1.0,1.0,-1.0,0.0,-0.3333333333333333,0.12150000000000001,-1,-1,-1,0.356862745098039,0.694117647058824,0.803921568627451
97.36740350723267,0.0,0.07444324525799449,0.03,1,1,1,0.0,0.3333333333333333,0.12150000000000001,-1,-1,-1,1.0,1.0,-1.0,0.0,-0.3333333333333333,0.12150000000000001,-1,-1,-1,0.356862745098039,0.694117647058824,0.803921568627451
97.40199279785156,0.0,0.07328643118137337,0.03,1,1,1,0.0,0.3333333333333333,0.12150000000000001,-1,-1,-1,1.0,1.0,-1.0,0.0,-0.3333333333333333,0.12150000000000001,-1,-1,-1,0.356862745098039,0.694117647058824,0.803921568627451
97.43713545799255,0.0,0.07212961710475226,0.03,1,1,1,0.0,0.3333333333333333,0.12150000000000001,-1,-1,-1,1.0,1.0,-1.0,0.0,-0.3333333333333333,0.12150000000000001,-1,-1,-1,0.356862745098039,0.694117647058824,0.803921568627451
97.47135376930237,0.0,0.07097280302813114,0.03,1,1,1,0.0,0.3333333333333333,0.12150000000000001,-1,-1,-1,1.0,1.0,-1.0,0.0,-0.3333333333333333,0.12150000000000001,-1,-1,-1,0.356862745098039,0.694117647058824,0.803921568627451
97.5065610408783,0.0,0.06981598895151002,0.03,1,1,1,0.0,0.3333333333333333,0.12150000000000001,-1,-1,-1,1.0,1.0,-1.0,0.0,-0.3333333333333333,0.12150000000000001,-1,-1,-1,0.356862745098039,0.694117647058824,0.803921568627451
97.54099249839783,0.0,0.0686591748748889,0.03,1,1,1,0.0,0.3333333333333333,0.12150000000000001,-1,-1,-1,1.0,1.0,-1.0,0.0,-0.3333333333333333,0.12150000000000001,-1,-1,-1,0.356862745098039,0.694117647058824,0.803921568627451
97.57597064971924,0.0,0.06750236079826778,0.03,1,1,1,0.0,0.3333333333333333,0.12150000000000001,-1,-1,-1,1.0,1.0,-1.0,0.0,-0.3333333333333333,0.12150000000000001,-1,-1,-1,0.356862745098039,0.694117647058824,0.803921568627451
97.61021566390991,0.0,0.06634554672164666,0.03,1,1,1,0.0,0.3333333333333333,0.12150000000000001,-1,-1,-1,1.0,1.0,-1.0,0.0,-0.3333333333333333,0.12150000000000001,-1,-1,-1,0.356862745098039,0.694117647058824,0.803921568627451
97.64519715309143,0.0,0.06518873264502555,0.03,1,1,1,0.0,0.3333333333333333,0.12150000000000001,-1,-1,-1,1.0,1.0,-1.0,0.0,-0.3333333333333333,0.12150000000000001,-1,-1,-1,0.356862745098039,0.694117647058824,0.803921568627451
97.6797571182251,0.0,0.06403191856840443,0.03,1,1,1,0.0,0.3333333333333333,0.12150000000000001,-1,-1,-1,1.0,1.0,-1.0,0.0,-0.3333333333333333,0.12150000000000001,-1,-1,-1,0.356862745098039,0.694117647058824,0.803921568627451
97.71471452713013,0.0,0.06287510449178331,0.03,1,1,1,0.0,0.3333333333333333,0.12150000000000001,-1,-1,-1,1.0,1.0,-1.0,0.0,-0.3333333333333333,0.12150000000000001,-1,-1,-1,0.356862745098039,0.694117647058824,0.803921568627451
97.74913024902344,0.0,0.06171829041516219,0.03,1,1,1,0.0,0.3333333333333333,0.12150000000000001,-1,-1,-1,1.0,1.0,-1.0,0.0,-0.3333333333333333,0.12150000000000001,-1,-1,-1,0.356862745098039,0.694117647058824,0.803921568627451
97.78398013114929,0.0,0.0605614763385411,0.03,1,1,1,0.0,0.3333333333333333,0.12150000000000001,-1,-1,-1,1.0,1.0,-1.0,0.0,-0.3333333333333333,0.12150000000000001,-1,-1,-1,0.356862745098039,0.694117647058824,0.803921568627451
97.81877970695496,0.0,0.059404662261919976,0.03,1,1,1,0.0,0.3333333333333333,0.12150000000000001,-1,-1,-1,1.0,1.0,-1.0,0.0,-0.3333333333333333,0.12150000000000001,-1,-1,-1,0.356862745098039,0.694117647058824,0.803921568627451
97.85331559181213,0.0,0.05824784818529886,0.03,1,1,1,0.0,0.3333333333333333,0.12150000000000001,-1,-1,-1,1.0,1.0,-1.0,0.0,-0.3333333333333333,0.12150000000000001,-1,-1,-1,0.356862745098039,0.694117647058824,0.803921568627451
97.88788914680481,0.0,0.05709103410867774,0.03,1,1,1,0.0,0.3333333333333333,0.12150000000000001,-1,-1,-1,1.0,1.0,-1.0,0.0,-0.3333333333333333,0.12150000000000001,-1,-1,-1,0.356862745098039,0.694117647058824,0.803921568627451
97.92281436920166,0.0,0.05593422003205662,0.03,1,1,1,0.0,0.3333333333333333,0.12150000000000001,-1,-1,-1,1.0,1.0,-1.0,0.0,-0.3333333333333333,0.12150000000000001,-1,-1,-1,0.356862745098039,0.694117647058824,0.803921568627451
97.95741271972656,0.0,0.0547774059554355,0.03,1,1,1,0.0,0.3333333333333333,0.12150000000000001,-1,-1,-1,1.0,1.0,-1.0,0.0,-0.3333333333333333,0.12150000000000001,-1,-1,-1,0.356862745098039,0.694117647058824,0.803921568627451
97.99231505393982,0.0,0.053620591878814385,0.03,1,1,1,0.0,0.3333333333333333,0.12150000000000001,-1,-1,-1,1.0,1.0,-1.0,0.0,-0.3333333333333333,0.12150000000000001,-1,-1,-1,0.356862745098039,0.694117647058824,0.803921568627451
98.02712321281433,0.0,0.052463777802193266,0.03,1,1,1,0.0,0.3333333333333333,0.12150000000000001,-1,-1,-1,1.0,1.0,-1.0,0.0,-0.3333333333333333,0.12150000000000001,-1,-1,-1,0.356862745098039,0.694117647058824,0.803921568627451
98.06186079978943,0.0,0.05130696372557215,0.03,1,1,1,0.0,0.3333333333333333,0.12150000000000001,-1,-1,-1,1.0,1.0,-1.0,0.0,-0.3333333333333333,0.12150000000000001,-1,-1,-1,0.356862745098039,0.694117647058824,0.803921568627451
98.09681224822998,0.0,0.05015014964895103,0.03,1,1,1,0.0,0.3333333333333333,0.12150000000000001,-1,-1,-1,1.0,1.0,-1.0,0.0,-0.3333333333333333,0.12150000000000001,-1,-1,-1,0.356862745098039,0.694117647058824,0.803921568627451
98.13144731521606,0.0,0.04899333557232991,0.03,1,1,1,0.0,0.3333333333333333,0.12150000000000001,-1,-1,-1,1.0,1.0,-1.0,0.0,-0.3333333333333333,0.12150000000000001,-1,-1,-1,0.356862745098039,0.694117647058824,0.803921568627451
98.16565036773682,0.0,0.04783652149570879,0.03,1,1,1,0.0,0.3333333333333333,0.12150000000000001,-1,-1,-1,1.0,1.0,-1.0,0.0,-0.3333333333333333,0.12150000000000001,-1,-1,-1,0.356862745098039,0.694117647058824,0.803921568627451
98.20044803619385,0.0,0.046679707419087675,0.03,1,1,1,0.0,0.3333333333333333,0.12150000000000001,-1,-1,-1,1.0,1.0,-1.0,0.0,-0.3333333333333333,0.12150000000000001,-1,-1,-1,0.356862745098039,0.694117647058824,0.803921568627451
98.23521208763123,0.0,0.04552289334246656,0.03,1,1,1,0.0,0.3333333333333333,0.12150000000000001,-1,-1,-1,1.0,1.0,-1.0,0.0,-0.3333333333333333,0.12150000000000001,-1,-1,-1,0.356862745098039,0.694117647058824,0.803921568627451
98.26995182037354,0.0,0.04436607926584544,0.03,1,1,1,0.0,0.3333333333333333,0.12150000000000001,-1,-1,-1,1.0,1.0,-1.0,0.0,-0.3333333333333333,0.12150000000000001,-1,-1,-1,0.356862745098039,0.694117647058824,0.803921568627451
98.30545401573181,0.0,0.04320926518922432,0.03,1,1,1,0.0,0.3333333333333333,0.12150000000000001,-1,-1,-1,1.0,1.0,-1.0,0.0,-0.3333333333333333,0.12150000000000001,-1,-1,-1,0.356862745098039,0.694117647058824,0.803921568627451
98.34009575843811,0.0,0.0420524511126032,0.03,1,1,1,0.0,0.3333333333333333,0.12150000000000001,-1,-1,-1,1.0,1.0,-1.0,0.0,-0.3333333333333333,0.12150000000000001,-1,-1,-1,0.356862745098039,0.694117647058824,0.803921568627451
98.3744752407074,0.0,0.040895637035982084,0.03,1,1,1,0.0,0.3333333333333333,0.12150000000000001,-1,-1,-1,1.0,1.0,-1.0,0.0,-0.3333333333333333,0.12150000000000001,-1,-1,-1,0.356862745098039,0.694117647058824,0.803921568627451
98.40926265716553,0.0,0.039738822959360966,0.03,1,1,1,0.0,0.3333333333333333,0.12150000000000001,-1,-1,-1,1.0,1.0,-1.0,0.0,-0.3333333333333333,0.12150000000000001,-1,-1,-1,0.356862745098039,0.694117647058824,0.803921568627451
98.44395995140076,0.0,0.03858200888273985,0.03,1,1,1,0.0,0.3333333333333333,0.12150000000000001,-1,-1,-1,1.0,1.0,-1.0,0.0,-0.3333333333333333,0.12150000000000001,-1,-1,-1,0.356862745098039,0.694117647058824,0.803921568627451
98.47847604751587,0.0,0.03452626838224622,0.03,1,1,1,0.0,0.3333333333333333,0.12150000000000001,-1,-1,-1,1.0,1.0,-1.0,0.0,-0.3333333333333333,0.12150000000000001,-1,-1,-1,0.356862745098039,0.694117647058824,0.803921568627451
98.51298928260803,0.0,0.030470527881752592,0.03,1,1,1,0.0,0.3333333333333333,0.12150000000000001,-1,-1,-1,1.0,1.0,-1.0,0.0,-0.3333333333333333,0.12150000000000001,-1,-1,-1,0.356862745098039,0.694117647058824,0.803921568627451
98.54766345024109,0.0,0.02641478738125898,0.03,1,1,1,0.0,0.3333333333333333,0.12150000000000001,-1,-1,-1,1.0,1.0,-1.0,0.0,-0.3333333333333333,0.12150000000000001,-1,-1,-1,0.356862745098039,0.694117647058824,0.803921568627451
98.58317852020264,0.0,0.02235904688076537,0.03,1,1,1,0.0,0.3333333333333333,0.12150000000000001,-1,-1,-1,1.0,1.0,-1.0,0.0,-0.3333333333333333,0.12150000000000001,-1,-1,-1,0.356862745098039,0.694117647058824,0.803921568627451
98.61723303794861,0.0,0.01830330638027176,0.03,1,1,1,0.0,0.3333333333333333,0.12150000000000001,-1,-1,-1,1.0,1.0,-1.0,0.0,-0.3333333333333333,0.12150000000000001,-1,-1,-1,0.356862745098039,0.694117647058824,0.803921568627451
98.65190696716309,0.0,0.01424756587977815,0.03,1,1,1,0.0,0.3333333333333333,0.12150000000000001,-1,-1,-1,1.0,1.0,-1.0,0.0,-0.3333333333333333,0.12150000000000001,-1,-1,-1,0.356862745098039,0.694117647058824,0.803921568627451
98.68713879585266,0.0,0.01019182537928454,0.03,1,1,1,0.0,0.3333333333333333,0.12150000000000001,-1,-1,-1,1.0,1.0,-1.0,0.0,-0.3333333333333333,0.12150000000000001,-1,-1,-1,0.356862745098039,0.694117647058824,0.803921568627451
98.72165989875793,0.0,0.006136084878790927,0.03,1,1,1,0.0,0.3333333333333333,0.12150000000000001,-1,-1,-1,1.0,1.0,-1.0,0.0,-0.3333333333333333,0.12150000000000001,-1,-1,-1,0.356862745098039,0.694117647058824,0.803921568627451
98.75626611709595,0.0,0.0020803443782973154,0.03,1,1,1,0.0,0.3333333333333333,0.12150000000000001,-1,-1,-1,1.0,1.0,-1.0,0.0,-0.3333333333333333,0.12150000000000001,-1,-1,-1,0.356862745098039,0.694117647058824,0.803921568627451
98.79069757461548,0.0,-0.0019753961221962973,0.03,1,1,1,0.0,0.3333333333333333,0.12150000000000001,-1,-1,-1,1.0,1.0,-1.0,0.0,-0.3333333333333333,0.12150000000000001,-1,-1,-1,0.356862745098039,0.694117647058824,0.803921568627451
98.8258204460144,0.0,-0.0060311366226899095,0.03,1,1,1,0.0,0.3333333333333333,0.12150000000000001,-1,-1,-1,1.0,1.0,-1.0,0.0,-0.3333333333333333,0.12150000000000001,-1,-1,-1,0.356862745098039,0.694117647058824,0.803921568627451
98.86043763160706,0.0,-0.01008687712318352,0.03,1,1,1,0.0,0.3333333333333333,0.12150000000000001,-1,-1,-1,1.0,1.0,-1.0,0.0,-0.3333333333333333,0.12150000000000001,-1,-1,-1,0.356862745098039,0.694117647058824,0.803921568627451
98.89504718780518,0.0,-0.01414261762367713,0.03,1,1,1,0.0,0.3333333333333333,0.12150000000000001,-1,-1,-1,1.0,1.0,-1.0,0.0,-0.3333333333333333,0.12150000000000001,-1,-1,-1,0.356862745098039,0.694117647058824,0.803921568627451
98.92976760864258,0.0,-0.01819835812417074,0.03,1,1,1,0.0,0.3333333333333333,0.12150000000000001,-1,-1,-1,1.0,1.0,-1.0,0.0,-0.3333333333333333,0.12150000000000001,-1,-1,-1,0.356862745098039,0.694117647058824,0.803921568627451
98.9646270275116,0.0,-0.02225409862466435,0.03,1,1,1,0.0,0.3333333333333333,0.12150000000000001,-1,-1,-1,1.0,1.0,-1.0,0.0,-0.3333333333333333,0.12150000000000001,-1,-1,-1,0.356862745098039,0.694117647058824,0.803921568627451
98.99910020828247,0.0,-0.026309839125157962,0.03,1,1,1,0.0,0.3333333333333333,0.12150000000000001,-1,-1,-1,1.0,1.0,-1.0,0.0,-0.3333333333333333,0.12150000000000001,-1,-1,-1,0.356862745098039,0.694117647058824,0.803921568627451
99.03421020507812,0.0,-0.030365579625651572,0.03,1,1,1,0.0,0.3333333333333333,0.12150000000000001,-1,-1,-1,1.0,1.0,-1.0,0.0,-0.3333333333333333,0.12150000000000001,-1,-1,-1,0.356862745098039,0.694117647058824,0.803921568627451
99.06862163543701,0.0,-0.0344213201261452,0.03,1,1,1,0.0,0.3333333333333333,0.12150000000000001,-1,-1,-1,1.0,1.0,-1.0,0.0,-0.3333333333333333,0.12150000000000001,-1,-1,-1,0.356862745098039,0.694117647058824,0.803921568627451
99.1035463809967,0.0,-0.038477060626638825,0.03,1,1,1,0.0,0.3333333333333333,0.12150000000000001,-1,-1,-1,1.0,1.0,-1.0,0.0,-0.3333333333333333,0.12150000000000001,-1,-1,-1,0.356862745098039,0.694117647058824,0.803921568627451
99.13810563087463,0.0,-0.04253280112713245,0.03,1,1,1,0.0,0.3333333333333333,0.12150000000000001,-1,-1,-1,1.0,1.0,-1.0,0.0,-0.3333333333333333,0.12150000000000001,-1,-1,-1,0.356862745098039,0.694117647058824,0.803921568627451
99.17274975776672,0.0,-0.04658854162762608,0.03,1,1,1,0.0,0.3333333333333333,0.12150000000000001,-1,-1,-1,1.0,1.0,-1.0,0.0,-0.3333333333333333,0.12150000000000001,-1,-1,-1,0.356862745098039,0.694117647058824,0.803921568627451
99.20733547210693,0.0,-0.05064428212811971,0.03,1,1,1,0.0,0.3333333333333333,0.12150000000000001,-1,-1,-1,1.0,1.0,-1.0,0.0,-0.3333333333333333,0.12150000000000001,-1,-1,-1,0.356862745098039,0.694117647058824,0.803921568627451
99.24213886260986,0.0,-0.054700022628613336,0.03,1,1,1,0.0,0.3333333333333333,0.12150000000000001,-1,-1,-1,1.0,1.0,-1.0,0.0,-0.3333333333333333,0.12150000000000001,-1,-1,-1,0.356862745098039,0.694117647058824,0.803921568627451
99.27693343162537,0.0,-0.058755763129106964,0.03,1,1,1,0.0,0.3333333333333333,0.12150000000000001,-1,-1,-1,1.0,1.0,-1.0,0.0,-0.3333333333333333,0.12150000000000001,-1,-1,-1,0.356862745098039,0.694117647058824,0.803921568627451
99.311851978302,0.0,-0.06281150362960058,0.03,1,1,1,0.0,0.3333333333333333,0.12150000000000001,-1,-1,-1,1.0,1.0,-1.0,0.0,-0.3333333333333333,0.12150000000000001,-1,-1,-1,0.356862745098039,0.694117647058824,0.803921568627451
99.3463888168335,0.0,-0.06686724413009418,0.03,1,1,1,0.0,0.3333333333333333,0.12150000000000001,-1,-1,-1,1.0,1.0,-1.0,0.0,-0.3333333333333333,0.12150000000000001,-1,-1,-1,0.356862745098039,0.694117647058824,0.803921568627451
99.38146162033081,0.0,-0.07092298463058777,0.03,1,1,1,0.0,0.3333333333333333,0.12150000000000001,-1,-1,-1,1.0,1.0,-1.0,0.0,-0.3333333333333333,0.12150000000000001,-1,-1,-1,0.356862745098039,0.694117647058824,0.803921568627451
99.41633033752441,0.0,-0.07497872513108136,0.03,1,1,1,0.0,0.3333333333333333,0.12150000000000001,-1,-1,-1,1.0,1.0,-1.0,0.0,-0.3333333333333333,0.12150000000000001,-1,-1,-1,0.356862745098039,0.694117647058824,0.803921568627451
99.45055055618286,0.0,-0.07903446563157496,0.03,1,1,1,0.0,0.3333333333333333,0.12150000000000001,-1,-1,-1,1.0,1.0,-1.0,0.0,-0.3333333333333333,0.12150000000000001,-1,-1,-1,0.356862745098039,0.694117647058824,0.803921568627451
99.48567008972168,0.0,-0.08309020613206855,0.03,1,1,1,0.0,0.3333333333333333,0.12150000000000001,-1,-1,-1,1.0,1.0,-1.0,0.0,-0.3333333333333333,0.12150000000000001,-1,-1,-1,0.356862745098039,0.694117647058824,0.803921568627451
99.52019810676575,0.0,-0.08714594663256214,0.03,1,1,1,0.0,0.3333333333333333,0.12150000000000001,-1,-1,-1,1.0,1.0,-1.0,0.0,-0.3333333333333333,0.12150000000000001,-1,-1,-1,0.356862745098039,0.694117647058824,0.803921568627451
99.55491399765015,0.0,-0.09120168713305574,0.03,1,1,1,0.0,0.3333333333333333,0.12150000000000001,-1,-1,-1,1.0,1.0,-1.0,0.0,-0.3333333333333333,0.12150000000000001,-1,-1,-1,0.356862745098039,0.694117647058824,0.803921568627451
99.58987879753113,0.0,-0.09525742763354933,0.03,1,1,1,0.0,0.3333333333333333,0.12150000000000001,-1,-1,-1,1.0,1.0,-1.0,0.0,-0.3333333333333333,0.12150000000000001,-1,-1,-1,0.356862745098039,0.694117647058824,0.803921568627451
99.62444114685059,0.0,-0.09931316813404292,0.03,1,1,1,0.0,0.3333333333333333,0.12150000000000001,-1,-1,-1,1.0,1.0,-1.0,0.0,-0.3333333333333333,0.12150000000000001,-1,-1,-1,0.356862745098039,0.694117647058824,0.803921568627451
99.65905690193176,0.0,-0.10020562171706598,0.03,1,1,1,0.0,0.3333333333333333,0.12150000000000001,-1,-1,-1,1.0,1.0,-1.0,0.0,-0.3333333333333333,0.12150000000000001,-1,-1,-1,0.356862745098039,0.694117647058824,0.803921568627451
99.6935887336731,0.0,-0.09635314492388325,0.03,1,1,1,0.0,0.3333333333333333,0.12150000000000001,-1,-1,-1,1.0,1.0,-1.0,0.0,-0.3333333333333333,0.12150000000000001,-1,-1,-1,0.356862745098039,0.694117647058824,0.803921568627451
99.728515625,0.0,-0.09250066813070051,0.03,1,1,1,0.0,0.3333333333333333,0.12150000000000001,-1,-1,-1,1.0,1.0,-1.0,0.0,-0.3333333333333333,0.12150000000000001,-1,-1,-1,0.356862745098039,0.694117647058824,0.803921568627451
99.76314425468445,0.0,-0.08864819133751778,0.03,1,1,1,0.0,0.3333333333333333,0.12150000000000001,-1,-1,-1,1.0,1.0,-1.0,0.0,-0.3333333333333333,0.12150000000000001,-1,-1,-1,0.356862745098039,0.694117647058824,0.803921568627451
99.7979028224945,0.0,-0.08479571454433504,0.03,1,1,1,0.0,0.3333333333333333,0.12150000000000001,-1,-1,-1,1.0,1.0,-1.0,0.0,-0.3333333333333333,0.12150000000000001,-1,-1,-1,0.356862745098039,0.694117647058824,0.803921568627451
99.83269190788269,0.0,-0.08094323775115231,0.03,1,1,1,0.0,0.3333333333333333,0.12150000000000001,-1,-1,-1,1.0,1.0,-1.0,0.0,-0.3333333333333333,0.12150000000000001,-1,-1,-1,0.356862745098039,0.694117647058824,0.803921568627451
99.86738157272339,0.0,-0.07709076095796957,0.03,1,1,1,0.0,0.3333333333333333,0.12150000000000001,-1,-1,-1,1.0,1.0,-1.0,0.0,-0.3333333333333333,0.12150000000000001,-1,-1,-1,0.356862745098039,0.694117647058824,0.803921568627451
99.90200543403625,0.0,-0.07323828416478684,0.03,1,1,1,0.0,0.3333333333333333,0.12150000000000001,-1,-1,-1,1.0,1.0,-1.0,0.0,-0.3333333333333333,0.12150000000000001,-1,-1,-1,0.356862745098039,0.694117647058824,0.803921568627451
99.93725538253784,0.0,-0.0693858073716041,0.03,1,1,1,0.0,0.3333333333333333,0.12150000000000001,-1,-1,-1,1.0,1.0,-1.0,0.0,-0.3333333333333333,0.12150000000000001,-1,-1,-1,0.356862745098039,0.694117647058824,0.803921568627451
99.97204542160034,0.0,-0.06553333057842137,0.03,1,1,1,0.0,0.3333333333333333,0.12150000000000001,-1,-1,-1,1.0,1.0,-1.0,0.0,-0.3333333333333333,0.12150000000000001,-1,-1,-1,0.356862745098039,0.694117647058824,0.803921568627451
100.00624680519104,0.0,-0.06168085378523862,0.03,1,1,1,0.0,0.3333333333333333,0.12150000000000001,-1,-1,-1,1.0,1.0,-1.0,0.0,-0.3333333333333333,0.12150000000000001,-1,-1,-1,0.356862745098039,0.694117647058824,0.803921568627451
100.04096293449402,0.0,-0.05782837699205586,0.03,1,1,1,0.0,0.3333333333333333,0.12150000000000001,-1,-1,-1,1.0,1.0,-1.0,0.0,-0.3333333333333333,0.12150000000000001,-1,-1,-1,0.356862745098039,0.694117647058824,0.803921568627451
100.07562899589539,0.0,-0.05397590019887313,0.03,1,1,1,0.0,0.3333333333333333,0.12150000000000001,-1,-1,-1,1.0,1.0,-1.0,0.0,-0.3333333333333333,0.12150000000000001,-1,-1,-1,0.356862745098039,0.694117647058824,0.803921568627451
100.11040759086609,0.0,-0.05012342340569039,0.03,1,1,1,0.0,0.3333333333333333,0.12150000000000001,-1,-1,-1,1.0,1.0,-1.0,0.0,-0.3333333333333333,0.12150000000000001,-1,-1,-1,0.356862745098039,0.694117647058824,0.803921568627451
100.14543509483337,0.0,-0.046270946612507656,0.03,1,1,1,0.0,0.3333333333333333,0.12150000000000001,-1,-1,-1,1.0,1.0,-1.0,0.0,-0.3333333333333333,0.12150000000000001,-1,-1,-1,0.356862745098039,0.694117647058824,0.803921568627451
100.17985367774963,0.0,-0.04241846981932492,0.03,1,1,1,0.0,0.3333333333333333,0.12150000000000001,-1,-1,-1,1.0,1.0,-1.0,0.0,-0.3333333333333333,0.12150000000000001,-1,-1,-1,0.356862745098039,0.694117647058824,0.803921568627451
100.21448922157288,0.0,-0.038565993026142185,0.03,1,1,1,0.0,0.3333333333333333,0.12150000000000001,-1,-1,-1,1.0,1.0,-1.0,0.0,-0.3333333333333333,0.12150000000000001,-1,-1,-1,0.356862745098039,0.694117647058824,0.803921568627451
100.24923133850098,0.0,-0.03471351623295945,0.03,1,1,1,0.0,0.3333333333333333,0.12150000000000001,-1,-1,-1,1.0,1.0,-1.0,0.0,-0.3333333333333333,0.12150000000000001,-1,-1,-1,0.356862745098039,0.694117647058824,0.803921568627451
100.28428077697754,0.0,-0.030861039439776722,0.03,1,1,1,0.0,0.3333333333333333,0.12150000000000001,-1,-1,-1,1.0,1.0,-1.0,0.0,-0.3333333333333333,0.12150000000000001,-1,-1,-1,0.356862745098039,0.694117647058824,0.803921568627451
100.3187894821167,0.0,-0.027008562646594007,0.03,1,1,1,0.0,0.3333333333333333,0.12150000000000001,-1,-1,-1,1.0,1.0,-1.0,0.0,-0.3333333333333333,0.12150000000000001,-1,-1,-1,0.356862745098039,0.694117647058824,0.803921568627451
100.3534517288208,0.0,-0.02315608585341129,0.03,1,1,1,0.0,0.3333333333333333,0.12150000000000001,-1,-1,-1,1.0,1.0,-1.0,0.0,-0.3333333333333333,0.12150000000000001,-1,-1,-1,0.356862745098039,0.694117647058824,0.803921568627451
100.38832426071167,0.0,-0.01930360906022857,0.03,1,1,1,0.0,0.3333333333333333,0.12150000000000001,-1,-1,-1,1.0,1.0,-1.0,0.0,-0.3333333333333333,0.12150000000000001,-1,-1,-1,0.356862745098039,0.694117647058824,0.803921568627451
100.42292380332947,0.0,-0.01545113226704585,0.03,1,1,1,0.0,0.3333333333333333,0.12150000000000001,-1,-1,-1,1.0,1.0,-1.0,0.0,-0.3333333333333333,0.12150000000000001,-1,-1,-1,0.356862745098039,0.694117647058824,0.803921568627451
100.4580512046814,0.0,-0.011598655473863123,0.03,1,1,1,0.0,0.3333333333333333,0.12150000000000001,-1,-1,-1,1.0,1.0,-1.0,0.0,-0.3333333333333333,0.12150000000000001,-1,-1,-1,0.356862745098039,0.694117647058824,0.803921568627451
100.4942934513092,0.0,-0.007746178680680398,0.03,1,1,1,0.0,0.3333333333333333,0.12150000000000001,-1,-1,-1,1.0,1.0,-1.0,0.0,-0.3333333333333333,0.12150000000000001,-1,-1,-1,0.356862745098039,0.694117647058824,0.803921568627451
100.52716016769409,0.0,-0.0038937018874976716,0.03,1,1,1,0.0,0.3333333333333333,0.12150000000000001,-1,-1,-1,1.0,1.0,-1.0,0.0,-0.3333333333333333,0.12150000000000001,-1,-1,-1,0.356862745098039,0.694117647058824,0.803921568627451
100.56152820587158,0.0,-4.12250943149469e-05,0.03,1,1,1,0.0,0.3333333333333333,0.12150000000000001,-1,-1,-1,1.0,1.0,-1.0,0.0,-0.3333333333333333,0.12150000000000001,-1,-1,-1,0.356862745098039,0.694117647058824,0.803921568627451
100.59640455245972,0.0,0.0038112516988677773,0.03,1,1,1,0.0,0.3333333333333333,0.12150000000000001,-1,-1,-1,1.0,1.0,-1.0,0.0,-0.3333333333333333,0.12150000000000001,-1,-1,-1,0.356862745098039,0.694117647058824,0.803921568627451
100.63160705566406,0.0,0.007663728492050504,0.03,1,1,1,0.0,0.3333333333333333,0.12150000000000001,-1,-1,-1,1.0,1.0,-1.0,0.0,-0.3333333333333333,0.12150000000000001,-1,-1,-1,0.356862745098039,0.694117647058824,0.803921568627451
100.66576886177063,0.0,0.011516205285233231,0.03,1,1,1,0.0,0.3333333333333333,0.12150000000000001,-1,-1,-1,1.0,1.0,-1.0,0.0,-0.3333333333333333,0.12150000000000001,-1,-1,-1,0.356862745098039,0.694117647058824,0.803921568627451
100.70047807693481,0.0,0.01536868207841596,0.03,1,1,1,0.0,0.3333333333333333,0.12150000000000001,-1,-1,-1,1.0,1.0,-1.0,0.0,-0.3333333333333333,0.12150000000000001,-1,-1,-1,0.356862745098039,0.694117647058824,0.803921568627451
100.73515892028809,0.0,0.019221158871598677,0.03,1,1,1,0.0,0.3333333333333333,0.12150000000000001,-1,-1,-1,1.0,1.0,-1.0,0.0,-0.3333333333333333,0.12150000000000001,-1,-1,-1,0.356862745098039,0.694117647058824,0.803921568627451
100.76993155479431,0.0,0.023073635664781395,0.03,1,1,1,0.0,0.3333333333333333,0.12150000000000001,-1,-1,-1,1.0,1.0,-1.0,0.0,-0.3333333333333333,0.12150000000000001,-1,-1,-1,0.356862745098039,0.694117647058824,0.803921568627451
100.80468392372131,0.0,0.026926112457964113,0.03,1,1,1,0.0,0.3333333333333333,0.12150000000000001,-1,-1,-1,1.0,1.0,-1.0,0.0,-0.3333333333333333,0.12150000000000001,-1,-1,-1,0.356862745098039,0.694117647058824,0.803921568627451
100.83949947357178,0.0,0.030778589251146828,0.03,1,1,1,0.0,0.3333333333333333,0.12150000000000001,-1,-1,-1,1.0,1.0,-1.0,0.0,-0.3333333333333333,0.12150000000000001,-1,-1,-1,0.356862745098039,0.694117647058824,0.803921568627451
100.87403726577759,0.0,0.03383855212501955,0.03,1,1,1,0.0,0.3333333333333333,0.12150000000000001,-1,-1,-1,1.0,1.0,-1.0,0.0,-0.3333333333333333,0.12150000000000001,-1,-1,-1,0.356862745098039,0.694117647058824,0.803921568627451
100.90876317024231,0.0,0.03670038651906477,0.03,1,1,1,0.0,0.3333333333333333,0.12150000000000001,-1,-1,-1,1.0,1.0,-1.0,0.0,-0.3333333333333333,0.12150000000000001,-1,-1,-1,0.356862745098039,0.694117647058824,0.803921568627451
100.9433422088623,0.0,0.03956222091310999,0.03,1,1,1,0.0,0.3333333333333333,0.12150000000000001,-1,-1,-1,1.0,1.0,-1.0,0.0,-0.3333333333333333,0.12150000000000001,-1,-1,-1,0.356862745098039,0.694117647058824,0.803921568627451
100.97813415527344,0.0,0.04242405530715521,0.03,1,1,1,0.0,0.3333333333333333,0.12150000000000001,-1,-1,-1,1.0,1.0,-1.0,0.0,-0.3333333333333333,0.12150000000000001,-1,-1,-1,0.356862745098039,0.694117647058824,0.803921568627451
101.01302027702332,0.0,0.045285889701200434,0.03,1,1,1,0.0,0.3333333333333333,0.12150000000000001,-1,-1,-1,1.0,1.0,-1.0,0.0,-0.3333333333333333,0.12150000000000001,-1,-1,-1,0.356862745098039,0.694117647058824,0.803921568627451
101.04771661758423,0.0,0.048147724095245654,0.03,1,1,1,0.0,0.3333333333333333,0.12150000000000001,-1,-1,-1,1.0,1.0,-1.0,0.0,-0.3333333333333333,0.12150000000000001,-1,-1,-1,0.356862745098039,0.694117647058824,0.803921568627451
101.08240222930908,0.0,0.051009558489290875,0.03,1,1,1,0.0,0.3333333333333333,0.12150000000000001,-1,-1,-1,1.0,1.0,-1.0,0.0,-0.3333333333333333,0.12150000000000001,-1,-1,-1,0.356862745098039,0.694117647058824,0.803921568627451
101.11719965934753,0.0,0.053871392883336096,0.03,1,1,1,0.0,0.3333333333333333,0.12150000000000001,-1,-1,-1,1.0,1.0,-1.0,0.0,-0.3333333333333333,0.12150000000000001,-1,-1,-1,0.356862745098039,0.694117647058824,0.803921568627451
101.15204071998596,0.0,0.056733227277381316,0.03,1,1,1,0.0,0.3333333333333333,0.12150000000000001,-1,-1,-1,1.0,1.0,-1.0,0.0,-0.3333333333333333,0.12150000000000001,-1,-1,-1,0.356862745098039,0.694117647058824,0.803921568627451
101.18659162521362,0.0,0.05959506167142654,0.03,1,1,1,0.0,0.3333333333333333,0.12150000000000001,-1,-1,-1,1.0,1.0,-1.0,0.0,-0.3333333333333333,0.12150000000000001,-1,-1,-1,0.356862745098039,0.694117647058824,0.803921568627451
101.22132611274719,0.0,0.062456896065471744,0.03,1,1,1,0.0,0.3333333333333333,0.12150000000000001,-1,-1,-1,1.0,1.0,-1.0,0.0,-0.3333333333333333,0.12150000000000001,-1,-1,-1,0.356862745098039,0.694117647058824,0.803921568627451
101.25623345375061,0.0,0.06531873045951697,0.03,1,1,1,0.0,0.3333333333333333,0.12150000000000001,-1,-1,-1,1.0,1.0,-1.0,0.0,-0.3333333333333333,0.12150000000000001,-1,-1,-1,0.356862745098039,0.694117647058824,0.803921568627451
101.29088401794434,0.0,0.06818056485356219,0.03,1,1,1,0.0,0.3333333333333333,0.12150000000000001,-1,-1,-1,1.0,1.0,-1.0,0.0,-0.3333333333333333,0.12150000000000001,-1,-1,-1,0.356862745098039,0.694117647058824,0.803921568627451
101.32546639442444,0.0,0.07104239924760741,0.03,1,1,1,0.0,0.3333333333333333,0.12150000000000001,-1,-1,-1,1.0,1.0,-1.0,0.0,-0.3333333333333333,0.12150000000000001,-1,-1,-1,0.356862745098039,0.694117647058824,0.803921568627451
101.36019492149353,0.0,0.07390423364165263,0.03,1,1,1,0.0,0.3333333333333333,0.12150000000000001,-1,-1,-1,1.0,1.0,-1.0,0.0,-0.3333333333333333,0.12150000000000001,-1,-1,-1,0.356862745098039,0.694117647058824,0.803921568627451
101.39516639709473,0.0,0.07676606803569785,0.03,1,1,1,0.0,0.3333333333333333,0.12150000000000001,-1,-1,-1,1.0,1.0,-1.0,0.0,-0.3333333333333333,0.12150000000000001,-1,-1,-1,0.356862745098039,0.694117647058824,0.803921568627451
101.42981028556824,0.0,0.07962790242974307,0.03,1,1,1,0.0,0.3333333333333333,0.12150000000000001,-1,-1,-1,1.0,1.0,-1.0,0.0,-0.3333333333333333,0.12150000000000001,-1,-1,-1,0.356862745098039,0.694117647058824,0.803921568627451
101.46441173553467,0.0,0.0824897368237883,0.03,1,1,1,0.0,0.3333333333333333,0.12150000000000001,-1,-1,-1,1.0,1.0,-1.0,0.0,-0.3333333333333333,0.12150000000000001,-1,-1,-1,0.356862745098039,0.694117647058824,0.803921568627451
101.49939942359924,0.0,0.08535157121783352,0.03,1,1,1,0.0,0.3333333333333333,0.12150000000000001,-1,-1,-1,1.0,1.0,-1.0,0.0,-0.3333333333333333,0.12150000000000001,-1,-1,-1,0.356862745098039,0.694117647058824,0.803921568627451
101.53401684761047,0.0,0.08821340561187874,0.03,1,1,1,0.0,0.3333333333333333,0.12150000000000001,-1,-1,-1,1.0,1.0,-1.0,0.0,-0.3333333333333333,0.12150000000000001,-1,-1,-1,0.356862745098039,0.694117647058824,0.803921568627451
101.56854486465454,0.0,0.09107524000592396,0.03,1,1,1,0.0,0.3333333333333333,0.12150000000000001,-1,-1,-1,1.0,1.0,-1.0,0.0,-0.3333333333333333,0.12150000000000001,-1,-1,-1,0.356862745098039,0.694117647058824,0.803921568627451
101.60419797897339,0.0,0.09393707439996918,0.03,1,1,1,0.0,0.3333333333333333,0.12150000000000001,-1,-1,-1,1.0,1.0,-1.0,0.0,-0.3333333333333333,0.12150000000000001,-1,-1,-1,0.356862745098039,0.694117647058824,0.803921568627451
101.63794732093811,0.0,0.0967989087940144,0.03,1,1,1,0.0,0.3333333333333333,0.12150000000000001,-1,-1,-1,1.0,1.0,-1.0,0.0,-0.3333333333333333,0.12150000000000001,-1,-1,-1,0.356862745098039,0.694117647058824,0.803921568627451
101.67296433448792,0.0,0.09966074318805962,0.03,1,1,1,0.0,0.3333333333333333,0.12150000000000001,-1,-1,-1,1.0,1.0,-1.0,0.0,-0.3333333333333333,0.12150000000000001,-1,-1,-1,0.356862745098039,0.694117647058824,0.803921568627451
101.70739364624023,0.0,0.10252257758210484,0.03,1,1,1,0.0,0.3333333333333333,0.12150000000000001,-1,-1,-1,1.0,1.0,-1.0,0.0,-0.3333333333333333,0.12150000000000001,-1,-1,-1,0.356862745098039,0.694117647058824,0.803921568627451
101.74207997322083,0.0,0.10538441197615006,0.03,1,1,1,0.0,0.3333333333333333,0.12150000000000001,-1,-1,-1,1.0,1.0,-1.0,0.0,-0.3333333333333333,0.12150000000000001,-1,-1,-1,0.356862745098039,0.694117647058824,0.803921568627451
101.77704572677612,0.0,0.10824624637019528,0.03,1,1,1,0.0,0.3333333333333333,0.12150000000000001,-1,-1,-1,1.0,1.0,-1.0,0.0,-0.3333333333333333,0.12150000000000001,-1,-1,-1,0.356862745098039,0.694117647058824,0.803921568627451
101.8117094039917,0.0,0.1111080807642405,0.03,1,1,1,0.0,0.3333333333333333,0.12150000000000001,-1,-1,-1,1.0,1.0,-1.0,0.0,-0.3333333333333333,0.12150000000000001,-1,-1,-1,0.356862745098039,0.694117647058824,0.803921568627451
101.8501787185669,0.0,0.11396991515828572,0.03,1,1,1,0.0,0.3333333333333333,0.12150000000000001,-1,-1,-1,1.0,1.0,-1.0,0.0,-0.3333333333333333,0.12150000000000001,-1,-1,-1,0.356862745098039,0.694117647058824,0.803921568627451
101.88120651245117,0.0,0.11683174955233094,0.03,1,1,1,0.0,0.3333333333333333,0.12150000000000001,-1,-1,-1,1.0,1.0,-1.0,0.0,-0.3333333333333333,0.12150000000000001,-1,-1,-1,0.356862745098039,0.694117647058824,0.803921568627451
101.91574025154114,0.0,0.11969358394637616,0.03,1,1,1,0.0,0.3333333333333333,0.12150000000000001,-1,-1,-1,1.0,1.0,-1.0,0.0,-0.3333333333333333,0.12150000000000001,-1,-1,-1,0.356862745098039,0.694117647058824,0.803921568627451
101.95047616958618,0.0,0.12255541834042137,0.03,1,1,1,0.0,0.3333333333333333,0.12150000000000001,-1,-1,-1,1.0,1.0,-1.0,0.0,-0.3333333333333333,0.12150000000000001,-1,-1,-1,0.356862745098039,0.694117647058824,0.803921568627451
101.98526811599731,0.0,0.12541725273446658,0.03,1,1,1,0.0,0.3333333333333333,0.12150000000000001,-1,-1,-1,1.0,1.0,-1.0,0.0,-0.3333333333333333,0.12150000000000001,-1,-1,-1,0.356862745098039,0.694117647058824,0.803921568627451
102.02004718780518,0.0,0.1282790871285118,0.03,1,1,1,0.0,0.3333333333333333,0.12150000000000001,-1,-1,-1,1.0,1.0,-1.0,0.0,-0.3333333333333333,0.12150000000000001,-1,-1,-1,0.356862745098039,0.694117647058824,0.803921568627451
102.05465054512024,0.0,0.1298119915470028,0.03,1,1,1,0.0,0.3333333333333333,0.12150000000000001,-1,-1,-1,1.0,1.0,-1.0,0.0,-0.3333333333333333,0.12150000000000001,-1,-1,-1,0.356862745098039,0.694117647058824,0.803921568627451
102.08949017524719,0.0,0.12602917606327688,0.03,1,1,1,0.0,0.3333333333333333,0.12150000000000001,-1,-1,-1,1.0,1.0,-1.0,0.0,-0.3333333333333333,0.12150000000000001,-1,-1,-1,0.356862745098039,0.694117647058824,0.803921568627451
102.12439823150635,0.0,0.1222463605795509,0.03,1,1,1,0.0,0.3333333333333333,0.12150000000000001,-1,-1,-1,1.0,1.0,-1.0,0.0,-0.3333333333333333,0.12150000000000001,-1,-1,-1,0.356862745098039,0.694117647058824,0.803921568627451
102.15876865386963,0.0,0.11846354509582493,0.03,1,1,1,0.0,0.3333333333333333,0.12150000000000001,-1,-1,-1,1.0,1.0,-1.0,0.0,-0.3333333333333333,0.12150000000000001,-1,-1,-1,0.356862745098039,0.694117647058824,0.803921568627451
102.19384574890137,0.0,0.11468072961209902,0.03,1,1,1,0.0,0.3333333333333333,0.12150000000000001,-1,-1,-1,1.0,1.0,-1.0,0.0,-0.3333333333333333,0.12150000000000001,-1,-1,-1,0.356862745098039,0.694117647058824,0.803921568627451
102.22837996482849,0.0,0.1108979141283731,0.03,1,1,1,0.0,0.3333333333333333,0.12150000000000001,-1,-1,-1,1.0,1.0,-1.0,0.0,-0.3333333333333333,0.12150000000000001,-1,-1,-1,0.356862745098039,0.694117647058824,0.803921568627451
102.26312017440796,0.0,0.10711509864464719,0.03,1,1,1,0.0,0.3333333333333333,0.12150000000000001,-1,-1,-1,1.0,1.0,-1.0,0.0,-0.3333333333333333,0.12150000000000001,-1,-1,-1,0.356862745098039,0.694117647058824,0.803921568627451
102.29798293113708,0.0,0.10333228316092127,0.03,1,1,1,0.0,0.3333333333333333,0.12150000000000001,-1,-1,-1,1.0,1.0,-1.0,0.0,-0.3333333333333333,0.12150000000000001,-1,-1,-1,0.356862745098039,0.694117647058824,0.803921568627451
102.33259558677673,0.0,0.09954946767719536,0.03,1,1,1,0.0,0.3333333333333333,0.12150000000000001,-1,-1,-1,1.0,1.0,-1.0,0.0,-0.3333333333333333,0.12150000000000001,-1,-1,-1,0.356862745098039,0.694117647058824,0.803921568627451
102.36738204956055,0.0,0.09576665219346944,0.03,1,1,1,0.0,0.3333333333333333,0.12150000000000001,-1,-1,-1,1.0,1.0,-1.0,0.0,-0.3333333333333333,0.12150000000000001,-1,-1,-1,0.356862745098039,0.694117647058824,0.803921568627451
102.40187430381775,0.0,0.09198383670974353,0.03,1,1,1,0.0,0.3333333333333333,0.12150000000000001,-1,-1,-1,1.0,1.0,-1.0,0.0,-0.3333333333333333,0.12150000000000001,-1,-1,-1,0.356862745098039,0.694117647058824,0.803921568627451
102.43792152404785,0.0,0.08820102122601761,0.03,1,1,1,0.0,0.3333333333333333,0.12150000000000001,-1,-1,-1,1.0,1.0,-1.0,0.0,-0.3333333333333333,0.12150000000000001,-1,-1,-1,0.356862745098039,0.694117647058824,0.803921568627451
102.47134923934937,0.0,0.0844182057422917,0.03,1,1,1,0.0,0.3333333333333333,0.12150000000000001,-1,-1,-1,1.0,1.0,-1.0,0.0,-0.3333333333333333,0.12150000000000001,-1,-1,-1,0.356862745098039,0.694117647058824,0.803921568627451
102.50743079185486,0.0,0.08063539025856578,0.03,1,1,1,0.0,0.3333333333333333,0.12150000000000001,-1,-1,-1,1.0,1.0,-1.0,0.0,-0.3333333333333333,0.12150000000000001,-1,-1,-1,0.356862745098039,0.694117647058824,0.803921568627451
102.54209184646606,0.0,0.07685257477483987,0.03,1,1,1,0.0,0.3333333333333333,0.12150000000000001,-1,-1,-1,1.0,1.0,-1.0,0.0,-0.3333333333333333,0.12150000000000001,-1,-1,-1,0.356862745098039,0.694117647058824,0.803921568627451
102.57552337646484,0.0,0.07306975929111395,0.03,1,1,1,0.0,0.3333333333333333,0.12150000000000001,-1,-1,-1,1.0,1.0,-1.0,0.0,-0.3333333333333333,0.12150000000000001,-1,-1,-1,0.356862745098039,0.694117647058824,0.803921568627451
102.61055779457092,0.0,0.06928694380738804,0.03,1,1,1,0.0,0.3333333333333333,0.12150000000000001,-1,-1,-1,1.0,1.0,-1.0,0.0,-0.3333333333333333,0.12150000000000001,-1,-1,-1,0.356862745098039,0.694117647058824,0.803921568627451
102.64678597450256,0.0,0.06550412832366212,0.03,1,1,1,0.0,0.3333333333333333,0.12150000000000001,-1,-1,-1,1.0,1.0,-1.0,0.0,-0.3333333333333333,0.12150000000000001,-1,-1,-1,0.356862745098039,0.694117647058824,0.803921568627451
102.68099021911621,0.0,0.061721312839936204,0.03,1,1,1,0.0,0.3333333333333333,0.12150000000000001,-1,-1,-1,1.0,1.0,-1.0,0.0,-0.3333333333333333,0.12150000000000001,-1,-1,-1,0.356862745098039,0.694117647058824,0.803921568627451
102.7155818939209,0.0,0.05793849735621028,0.03,1,1,1,0.0,0.3333333333333333,0.12150000000000001,-1,-1,-1,1.0,1.0,-1.0,0.0,-0.3333333333333333,0.12150000000000001,-1,-1,-1,0.356862745098039,0.694117647058824,0.803921568627451
102.75045943260193,0.0,0.05415568187248437,0.03,1,1,1,0.0,0.3333333333333333,0.12150000000000001,-1,-1,-1,1.0,1.0,-1.0,0.0,-0.3333333333333333,0.12150000000000001,-1,-1,-1,0.356862745098039,0.694117647058824,0.803921568627451
102.78495144844055,0.0,0.05037286638875845,0.03,1,1,1,0.0,0.3333333333333333,0.12150000000000001,-1,-1,-1,1.0,1.0,-1.0,0.0,-0.3333333333333333,0.12150000000000001,-1,-1,-1,0.356862745098039,0.694117647058824,0.803921568627451
102.81837844848633,0.0,0.046590050905032536,0.03,1,1,1,0.0,0.3333333333333333,0.12150000000000001,-1,-1,-1,1.0,1.0,-1.0,0.0,-0.3333333333333333,0.12150000000000001,-1,-1,-1,0.356862745098039,0.694117647058824,0.803921568627451
102.8533582687378,0.0,0.04280723542130662,0.03,1,1,1,0.0,0.3333333333333333,0.12150000000000001,-1,-1,-1,1.0,1.0,-1.0,0.0,-0.3333333333333333,0.12150000000000001,-1,-1,-1,0.356862745098039,0.694117647058824,0.803921568627451
102.88797235488892,0.0,0.039024419937580705,0.03,1,1,1,0.0,0.3333333333333333,0.12150000000000001,-1,-1,-1,1.0,1.0,-1.0,0.0,-0.3333333333333333,0.12150000000000001,-1,-1,-1,0.356862745098039,0.694117647058824,0.803921568627451
102.92267537117004,0.0,0.03524160445385479,0.03,1,1,1,0.0,0.3333333333333333,0.12150000000000001,-1,-1,-1,1.0,1.0,-1.0,0.0,-0.3333333333333333,0.12150000000000001,-1,-1,-1,0.356862745098039,0.694117647058824,0.803921568627451
102.95739483833313,0.0,0.031458788970128874,0.03,1,1,1,0.0,0.3333333333333333,0.12150000000000001,-1,-1,-1,1.0,1.0,-1.0,0.0,-0.3333333333333333,0.12150000000000001,-1,-1,-1,0.356862745098039,0.694117647058824,0.803921568627451
102.9921567440033,0.0,0.027675973486402945,0.03,1,1,1,0.0,0.3333333333333333,0.12150000000000001,-1,-1,-1,1.0,1.0,-1.0,0.0,-0.3333333333333333,0.12150000000000001,-1,-1,-1,0.356862745098039,0.694117647058824,0.803921568627451
103.02701354026794,0.0,0.02389315800267703,0.03,1,1,1,0.0,0.3333333333333333,0.12150000000000001,-1,-1,-1,1.0,1.0,-1.0,0.0,-0.3333333333333333,0.12150000000000001,-1,-1,-1,0.356862745098039,0.694117647058824,0.803921568627451
103.06154084205627,0.0,0.020110342518951115,0.03,1,1,1,0.0,0.3333333333333333,0.12150000000000001,-1,-1,-1,1.0,1.0,-1.0,0.0,-0.3333333333333333,0.12150000000000001,-1,-1,-1,0.356862745098039,0.694117647058824,0.803921568627451
103.09644865989685,0.0,0.0163275270352252,0.03,1,1,1,0.0,0.3333333333333333,0.12150000000000001,-1,-1,-1,1.0,1.0,-1.0,0.0,-0.3333333333333333,0.12150000000000001,-1,-1,-1,0.356862745098039,0.694117647058824,0.803921568627451
103.13096737861633,0.0,0.012544711551499277,0.03,1,1,1,0.0,0.3333333333333333,0.12150000000000001,-1,-1,-1,1.0,1.0,-1.0,0.0,-0.3333333333333333,0.12150000000000001,-1,-1,-1,0.356862745098039,0.694117647058824,0.803921568627451
103.16557455062866,0.0,0.008761896067773353,0.03,1,1,1,0.0,0.3333333333333333,0.12150000000000001,-1,-1,-1,1.0,1.0,-1.0,0.0,-0.3333333333333333,0.12150000000000001,-1,-1,-1,0.356862745098039,0.694117647058824,0.803921568627451
103.20063734054565,0.0,0.004979080584047429,0.03,1,1,1,0.0,0.3333333333333333,0.12150000000000001,-1,-1,-1,1.0,1.0,-1.0,0.0,-0.3333333333333333,0.12150000000000001,-1,-1,-1,0.356862745098039,0.694117647058824,0.803921568627451
103.23532700538635,0.0,0.0011962651003215048,0.03,1,1,1,0.0,0.3333333333333333,0.12150000000000001,-1,-1,-1,1.0,1.0,-1.0,0.0,-0.3333333333333333,0.12150000000000001,-1,-1,-1,0.356862745098039,0.694117647058824,0.803921568627451
103.27003598213196,0.0,0.0016464304727043836,0.03,1,1,1,0.0,0.3333333333333333,0.12150000000000001,-1,-1,-1,1.0,1.0,-1.0,0.0,-0.3333333333333333,0.12150000000000001,-1,-1,-1,0.356862745098039,0.694117647058824,0.803921568627451
103.3048403263092,0.0,0.004918583082493132,0.03,1,1,1,0.0,0.3333333333333333,0.12150000000000001,-1,-1,-1,1.0,1.0,-1.0,0.0,-0.3333333333333333,0.12150000000000001,-1,-1,-1,0.356862745098039,0.694117647058824,0.803921568627451
103.33966255187988,0.0,0.00819073569228188,0.03,1,1,1,0.0,0.3333333333333333,0.12150000000000001,-1,-1,-1,1.0,1.0,-1.0,0.0,-0.3333333333333333,0.12150000000000001,-1,-1,-1,0.356862745098039,0.694117647058824,0.803921568627451
103.37440752983093,0.0,0.011462888302070625,0.03,1,1,1,0.0,0.3333333333333333,0.12150000000000001,-1,-1,-1,1.0,1.0,-1.0,0.0,-0.3333333333333333,0.12150000000000001,-1,-1,-1,0.356862745098039,0.694117647058824,0.803921568627451
103.40921545028687,0.0,0.014735040911859369,0.03,1,1,1,0.0,0.3333333333333333,0.12150000000000001,-1,-1,-1,1.0,1.0,-1.0,0.0,-0.3333333333333333,0.12150000000000001,-1,-1,-1,0.356862745098039,0.694117647058824,0.803921568627451
103.4439263343811,0.0,0.01800719352164811,0.03,1,1,1,0.0,0.3333333333333333,0.12150000000000001,-1,-1,-1,1.0,1.0,-1.0,0.0,-0.3333333333333333,0.12150000000000001,-1,-1,-1,0.356862745098039,0.694117647058824,0.803921568627451
103.47872567176819,0.0,0.021279346131436856,0.03,1,1,1,0.0,0.3333333333333333,0.12150000000000001,-1,-1,-1,1.0,1.0,-1.0,0.0,-0.3333333333333333,0.12150000000000001,-1,-1,-1,0.356862745098039,0.694117647058824,0.803921568627451
103.51294684410095,0.0,0.0245514987412256,0.03,1,1,1,0.0,0.3333333333333333,0.12150000000000001,-1,-1,-1,1.0,1.0,-1.0,0.0,-0.3333333333333333,0.12150000000000001,-1,-1,-1,0.356862745098039,0.694117647058824,0.803921568627451
103.54771399497986,0.0,0.027823651351014344,0.03,1,1,1,0.0,0.3333333333333333,0.12150000000000001,-1,-1,-1,1.0,1.0,-1.0,0.0,-0.3333333333333333,0.12150000000000001,-1,-1,-1,0.356862745098039,0.694117647058824,0.803921568627451
103.58239650726318,0.0,0.031095803960803088,0.03,1,1,1,0.0,0.3333333333333333,0.12150000000000001,-1,-1,-1,1.0,1.0,-1.0,0.0,-0.3333333333333333,0.12150000000000001,-1,-1,-1,0.356862745098039,0.694117647058824,0.803921568627451
103.61754488945007,0.0,0.03436795657059185,0.03,1,1,1,0.0,0.3333333333333333,0.12150000000000001,-1,-1,-1,1.0,1.0,-1.0,0.0,-0.3333333333333333,0.12150000000000001,-1,-1,-1,0.356862745098039,0.694117647058824,0.803921568627451
103.65193128585815,0.0,0.03764010918038061,0.03,1,1,1,0.0,0.3333333333333333,0.12150000000000001,-1,-1,-1,1.0,1.0,-1.0,0.0,-0.3333333333333333,0.12150000000000001,-1,-1,-1,0.356862745098039,0.694117647058824,0.803921568627451
103.68659329414368,0.0,0.04091226179016937,0.03,1,1,1,0.0,0.3333333333333333,0.12150000000000001,-1,-1,-1,1.0,1.0,-1.0,0.0,-0.3333333333333333,0.12150000000000001,-1,-1,-1,0.356862745098039,0.694117647058824,0.803921568627451
103.7216567993164,0.0,0.044184414399958134,0.03,1,1,1,0.0,0.3333333333333333,0.12150000000000001,-1,-1,-1,1.0,1.0,-1.0,0.0,-0.3333333333333333,0.12150000000000001,-1,-1,-1,0.356862745098039,0.694117647058824,0.803921568627451
103.75698208808899,0.0,0.047456567009746896,0.03,1,1,1,0.0,0.3333333333333333,0.12150000000000001,-1,-1,-1,1.0,1.0,-1.0,0.0,-0.3333333333333333,0.12150000000000001,-1,-1,-1,0.356862745098039,0.694117647058824,0.803921568627451
103.79090619087219,0.0,0.05072871961953566,0.03,1,1,1,0.0,0.3333333333333333,0.12150000000000001,-1,-1,-1,1.0,1.0,-1.0,0.0,-0.3333333333333333,0.12150000000000001,-1,-1,-1,0.356862745098039,0.694117647058824,0.803921568627451
103.825923204422,0.0,0.05400087222932442,0.03,1,1,1,0.0,0.3333333333333333,0.12150000000000001,-1,-1,-1,1.0,1.0,-1.0,0.0,-0.3333333333333333,0.12150000000000001,-1,-1,-1,0.356862745098039,0.694117647058824,0.803921568627451
103.86022782325745,0.0,0.05727302483911318,0.03,1,1,1,0.0,0.3333333333333333,0.12150000000000001,-1,-1,-1,1.0,1.0,-1.0,0.0,-0.3333333333333333,0.12150000000000001,-1,-1,-1,0.356862745098039,0.694117647058824,0.803921568627451
103.89486837387085,0.0,0.060545177448901935,0.03,1,1,1,0.0,0.3333333333333333,0.12150000000000001,-1,-1,-1,1.0,1.0,-1.0,0.0,-0.3333333333333333,0.12150000000000001,-1,-1,-1,0.356862745098039,0.694117647058824,0.803921568627451
103.92965793609619,0.0,0.06381733005869068,0.03,1,1,1,0.0,0.3333333333333333,0.12150000000000001,-1,-1,-1,1.0,1.0,-1.0,0.0,-0.3333333333333333,0.12150000000000001,-1,-1,-1,0.356862745098039,0.694117647058824,0.803921568627451
103.9647045135498,0.0,0.06708948266847944,0.03,1,1,1,0.0,0.3333333333333333,0.12150000000000001,-1,-1,-1,1.0,1.0,-1.0,0.0,-0.3333333333333333,0.12150000000000001,-1,-1,-1,0.356862745098039,0.694117647058824,0.803921568627451
103.99914026260376,0.0,0.0703616352782682,0.03,1,1,1,0.0,0.3333333333333333,0.12150000000000001,-1,-1,-1,1.0,1.0,-1.0,0.0,-0.3333333333333333,0.12150000000000001,-1,-1,-1,0.356862745098039,0.694117647058824,0.803921568627451
104.03384590148926,0.0,0.07363378788805697,0.03,1,1,1,0.0,0.3333333333333333,0.12150000000000001,-1,-1,-1,1.0,1.0,-1.0,0.0,-0.3333333333333333,0.12150000000000001,-1,-1,-1,0.356862745098039,0.694117647058824,0.803921568627451
104.06880068778992,0.0,0.07690594049784573,0.03,1,1,1,0.0,0.3333333333333333,0.12150000000000001,-1,-1,-1,1.0,1.0,-1.0,0.0,-0.3333333333333333,0.12150000000000001,-1,-1,-1,0.356862745098039,0.694117647058824,0.803921568627451
104.10386061668396,0.0,0.08017809310763449,0.03,1,1,1,0.0,0.3333333333333333,0.12150000000000001,-1,-1,-1,1.0,1.0,-1.0,0.0,-0.3333333333333333,0.12150000000000001,-1,-1,-1,0.356862745098039,0.694117647058824,0.803921568627451
104.13800168037415,0.0,0.08345024571742325,0.03,1,1,1,0.0,0.3333333333333333,0.12150000000000001,-1,-1,-1,1.0,1.0,-1.0,0.0,-0.3333333333333333,0.12150000000000001,-1,-1,-1,0.356862745098039,0.694117647058824,0.803921568627451
104.17300510406494,0.0,0.08672239832721201,0.03,1,1,1,0.0,0.3333333333333333,0.12150000000000001,-1,-1,-1,1.0,1.0,-1.0,0.0,-0.3333333333333333,0.12150000000000001,-1,-1,-1,0.356862745098039,0.694117647058824,0.803921568627451
104.2076768875122,0.0,0.08999455093700078,0.03,1,1,1,0.0,0.3333333333333333,0.12150000000000001,-1,-1,-1,1.0,1.0,-1.0,0.0,-0.3333333333333333,0.12150000000000001,-1,-1,-1,0.356862745098039,0.694117647058824,0.803921568627451
104.24256658554077,0.0,0.09326670354678954,0.03,1,1,1,0.0,0.3333333333333333,0.12150000000000001,-1,-1,-1,1.0,1.0,-1.0,0.0,-0.3333333333333333,0.12150000000000001,-1,-1,-1,0.356862745098039,0.694117647058824,0.803921568627451
104.27719807624817,0.0,0.0965388561565783,0.03,1,1,1,0.0,0.3333333333333333,0.12150000000000001,-1,-1,-1,1.0,1.0,-1.0,0.0,-0.3333333333333333,0.12150000000000001,-1,-1,-1,0.356862745098039,0.694117647058824,0.803921568627451
104.31172704696655,0.0,0.09981100876636706,0.03,1,1,1,0.0,0.3333333333333333,0.12150000000000001,-1,-1,-1,1.0,1.0,-1.0,0.0,-0.3333333333333333,0.12150000000000001,-1,-1,-1,0.356862745098039,0.694117647058824,0.803921568627451
104.3466272354126,0.0,0.10308316137615582,0.03,1,1,1,0.0,0.3333333333333333,0.12150000000000001,-1,-1,-1,1.0,1.0,-1.0,0.0,-0.3333333333333333,0.12150000000000001,-1,-1,-1,0.356862745098039,0.694117647058824,0.803921568627451
104.38145041465759,0.0,0.10635531398594458,0.03,1,1,1,0.0,0.3333333333333333,0.12150000000000001,-1,-1,-1,1.0,1.0,-1.0,0.0,-0.3333333333333333,0.12150000000000001,-1,-1,-1,0.356862745098039,0.694117647058824,0.803921568627451
104.41615104675293,0.0,0.10962746659573334,0.03,1,1,1,0.0,0.3333333333333333,0.12150000000000001,-1,-1,-1,1.0,1.0,-1.0,0.0,-0.3333333333333333,0.12150000000000001,-1,-1,-1,0.356862745098039,0.694117647058824,0.803921568627451
104.45072054862976,0.0,0.1128996192055221,0.03,1,1,1,0.0,0.3333333333333333,0.12150000000000001,-1,-1,-1,1.0,1.0,-1.0,0.0,-0.3333333333333333,0.12150000000000001,-1,-1,-1,0.356862745098039,0.694117647058824,0.803921568627451
104.48527479171753,0.0,0.11631887875684475,0.03,1,1,1,0.0,0.3333333333333333,0.12150000000000001,-1,-1,-1,1.0,1.0,-1.0,0.0,-0.3333333333333333,0.12150000000000001,-1,-1,-1,0.356862745098039,0.694117647058824,0.803921568627451
104.52020382881165,0.0,0.1197381383081674,0.03,1,1,1,0.0,0.3333333333333333,0.12150000000000001,-1,-1,-1,1.0,1.0,-1.0,0.0,-0.3333333333333333,0.12150000000000001,-1,-1,-1,0.356862745098039,0.694117647058824,0.803921568627451
104.55472993850708,0.0,0.12315739785949002,0.03,1,1,1,0.0,0.3333333333333333,0.12150000000000001,-1,-1,-1,1.0,1.0,-1.0,0.0,-0.3333333333333333,0.12150000000000001,-1,-1,-1,0.356862745098039,0.694117647058824,0.803921568627451
104.58979868888855,0.0,0.1265766574108127,0.03,1,1,1,0.0,0.3333333333333333,0.12150000000000001,-1,-1,-1,1.0,1.0,-1.0,0.0,-0.3333333333333333,0.12150000000000001,-1,-1,-1,0.356862745098039,0.694117647058824,0.803921568627451
104.62445664405823,0.0,0.12999591696213542,0.03,1,1,1,0.0,0.3333333333333333,0.12150000000000001,-1,-1,-1,1.0,1.0,-1.0,0.0,-0.3333333333333333,0.12150000000000001,-1,-1,-1,0.356862745098039,0.694117647058824,0.803921568627451
104.65885305404663,0.0,0.13341517651345813,0.03,1,1,1,0.0,0.3333333333333333,0.12150000000000001,-1,-1,-1,1.0,1.0,-1.0,0.0,-0.3333333333333333,0.12150000000000001,-1,-1,-1,0.356862745098039,0.694117647058824,0.803921568627451
104.69392943382263,0.0,0.13683443606478085,0.03,1,1,1,0.0,0.3333333333333333,0.12150000000000001,-1,-1,-1,1.0,1.0,-1.0,0.0,-0.3333333333333333,0.12150000000000001,-1,-1,-1,0.356862745098039,0.694117647058824,0.803921568627451
104.72867941856384,0.0,0.14025369561610357,0.03,1,1,1,0.0,0.3333333333333333,0.12150000000000001,-1,-1,-1,1.0,1.0,-1.0,0.0,-0.3333333333333333,0.12150000000000001,-1,-1,-1,0.356862745098039,0.694117647058824,0.803921568627451
104.76326560974121,0.0,0.1436729551674263,0.03,1,1,1,0.0,0.3333333333333333,0.12150000000000001,-1,-1,-1,1.0,1.0,-1.0,0.0,-0.3333333333333333,0.12150000000000001,-1,-1,-1,0.356862745098039,0.694117647058824,0.803921568627451
104.79802131652832,0.0,0.147092214718749,0.03,1,1,1,0.0,0.3333333333333333,0.12150000000000001,-1,-1,-1,1.0,1.0,-1.0,0.0,-0.3333333333333333,0.12150000000000001,-1,-1,-1,0.356862745098039,0.694117647058824,0.803921568627451
104.8326964378357,0.0,0.15051147427007172,0.03,1,1,1,0.0,0.3333333333333333,0.12150000000000001,-1,-1,-1,1.0,1.0,-1.0,0.0,-0.3333333333333333,0.12150000000000001,-1,-1,-1,0.356862745098039,0.694117647058824,0.803921568627451
104.86741852760315,0.0,0.15393073382139444,0.03,1,1,1,0.0,0.3333333333333333,0.12150000000000001,-1,-1,-1,1.0,1.0,-1.0,0.0,-0.3333333333333333,0.12150000000000001,-1,-1,-1,0.356862745098039,0.694117647058824,0.803921568627451
104.90200901031494,0.0,0.15734999337271716,0.03,1,1,1,0.0,0.3333333333333333,0.12150000000000001,-1,-1,-1,1.0,1.0,-1.0,0.0,-0.3333333333333333,0.12150000000000001,-1,-1,-1,0.356862745098039,0.694117647058824,0.803921568627451
104.93661975860596,0.0,0.16076925292403987,0.03,1,1,1,0.0,0.3333333333333333,0.12150000000000001,-1,-1,-1,1.0,1.0,-1.0,0.0,-0.3333333333333333,0.12150000000000001,-1,-1,-1,0.356862745098039,0.694117647058824,0.803921568627451
104.97140502929688,0.0,0.1641885124753626,0.03,1,1,1,0.0,0.3333333333333333,0.12150000000000001,-1,-1,-1,1.0,1.0,-1.0,0.0,-0.3333333333333333,0.12150000000000001,-1,-1,-1,0.356862745098039,0.694117647058824,0.803921568627451
105.00716304779053,0.0,0.1676077720266853,0.03,1,1,1,0.0,0.3333333333333333,0.12150000000000001,-1,-1,-1,1.0,1.0,-1.0,0.0,-0.3333333333333333,0.12150000000000001,-1,-1,-1,0.356862745098039,0.694117647058824,0.803921568627451
105.04095315933228,0.0,0.17102703157800803,0.03,1,1,1,0.0,0.3333333333333333,0.12150000000000001,-1,-1,-1,1.0,1.0,-1.0,0.0,-0.3333333333333333,0.12150000000000001,-1,-1,-1,0.356862745098039,0.694117647058824,0.803921568627451
105.07579445838928,0.0,0.17444629112933074,0.03,1,1,1,0.0,0.3333333333333333,0.12150000000000001,-1,-1,-1,1.0,1.0,-1.0,0.0,-0.3333333333333333,0.12150000000000001,-1,-1,-1,0.356862745098039,0.694117647058824,0.803921568627451
105.11082315444946,0.0,0.17786555068065346,0.03,1,1,1,0.0,0.3333333333333333,0.12150000000000001,-1,-1,-1,1.0,1.0,-1.0,0.0,-0.3333333333333333,0.12150000000000001,-1,-1,-1,0.356862745098039,0.694117647058824,0.803921568627451
105.14528846740723,0.0,0.18128481023197618,0.03,1,1,1,0.0,0.3333333333333333,0.12150000000000001,-1,-1,-1,1.0,1.0,-1.0,0.0,-0.3333333333333333,0.12150000000000001,-1,-1,-1,0.356862745098039,0.694117647058824,0.803921568627451
105.18003344535828,0.0,0.1847040697832989,0.03,1,1,1,0.0,0.3333333333333333,0.12150000000000001,-1,-1,-1,1.0,1.0,-1.0,0.0,-0.3333333333333333,0.12150000000000001,-1,-1,-1,0.356862745098039,0.694117647058824,0.803921568627451
105.21441864967346,0.0,0.18812332933462161,0.03,1,1,1,0.0,0.3333333333333333,0.12150000000000001,-1,-1,-1,1.0,1.0,-1.0,0.0,-0.3333333333333333,0.12150000000000001,-1,-1,-1,0.356862745098039,0.694117647058824,0.803921568627451
105.24951672554016,0.0,0.19154258888594433,0.03,1,1,1,0.0,0.3333333333333333,0.12150000000000001,-1,-1,-1,1.0,1.0,-1.0,0.0,-0.3333333333333333,0.12150000000000001,-1,-1,-1,0.356862745098039,0.694117647058824,0.803921568627451
105.28379273414612,0.0,0.19496184843726705,0.03,1,1,1,0.0,0.3333333333333333,0.12150000000000001,-1,-1,-1,1.0,1.0,-1.0,0.0,-0.3333333333333333,0.12150000000000001,-1,-1,-1,0.356862745098039,0.694117647058824,0.803921568627451
105.31852912902832,0.0,0.19838110798858977,0.03,1,1,1,0.0,0.3333333333333333,0.12150000000000001,-1,-1,-1,1.0,1.0,-1.0,0.0,-0.3333333333333333,0.12150000000000001,-1,-1,-1,0.356862745098039,0.694117647058824,0.803921568627451
105.35325694084167,0.0,0.20180036753991248,0.03,1,1,1,0.0,0.3333333333333333,0.12150000000000001,-1,-1,-1,1.0,1.0,-1.0,0.0,-0.3333333333333333,0.12150000000000001,-1,-1,-1,0.356862745098039,0.694117647058824,0.803921568627451
105.3880398273468,0.0,0.2052196270912352,0.03,1,1,1,0.0,0.3333333333333333,0.12150000000000001,-1,-1,-1,1.0,1.0,-1.0,0.0,-0.3333333333333333,0.12150000000000001,-1,-1,-1,0.356862745098039,0.694117647058824,0.803921568627451
105.42266130447388,0.0,0.20863888664255792,0.03,1,1,1,0.0,0.3333333333333333,0.12150000000000001,-1,-1,-1,1.0,1.0,-1.0,0.0,-0.3333333333333333,0.12150000000000001,-1,-1,-1,0.356862745098039,0.694117647058824,0.803921568627451
105.45743608474731,0.0,0.21205814619388064,0.03,1,1,1,0.0,0.3333333333333333,0.12150000000000001,-1,-1,-1,1.0,1.0,-1.0,0.0,-0.3333333333333333,0.12150000000000001,-1,-1,-1,0.356862745098039,0.694117647058824,0.803921568627451
105.49229645729065,0.0,0.21547740574520335,0.03,1,1,1,0.0,0.3333333333333333,0.12150000000000001,-1,-1,-1,1.0,1.0,-1.0,0.0,-0.3333333333333333,0.12150000000000001,-1,-1,-1,0.356862745098039,0.694117647058824,0.803921568627451
105.52737236022949,0.0,0.21889666529652607,0.03,1,1,1,0.0,0.3333333333333333,0.12150000000000001,-1,-1,-1,1.0,1.0,-1.0,0.0,-0.3333333333333333,0.12150000000000001,-1,-1,-1,0.356862745098039,0.694117647058824,0.803921568627451
105.56160163879395,0.0,0.2223159248478488,0.03,1,1,1,0.0,0.3333333333333333,0.12150000000000001,-1,-1,-1,1.0,1.0,-1.0,0.0,-0.3333333333333333,0.12150000000000001,-1,-1,-1,0.356862745098039,0.694117647058824,0.803921568627451
105.5966796875,0.0,0.2257351843991715,0.03,1,1,1,0.0,0.3333333333333333,0.12150000000000001,-1,-1,-1,1.0,1.0,-1.0,0.0,-0.3333333333333333,0.12150000000000001,-1,-1,-1,0.356862745098039,0.694117647058824,0.803921568627451
105.63115930557251,0.0,0.22915444395049422,0.03,1,1,1,0.0,0.3333333333333333,0.12150000000000001,-1,-1,-1,1.0,1.0,-1.0,0.0,-0.3333333333333333,0.12150000000000001,-1,-1,-1,0.356862745098039,0.694117647058824,0.803921568627451
105.66570663452148,0.0,0.2295258059102086,0.03,1,1,1,0.0,0.3333333333333333,0.12150000000000001,-1,-1,-1,1.0,1.0,-1.0,0.0,-0.3333333333333333,0.12150000000000001,-1,-1,-1,0.356862745098039,0.694117647058824,0.803921568627451
105.70069241523743,0.0,0.22532532148251047,0.03,1,1,1,0.0,0.3333333333333333,0.12150000000000001,-1,-1,-1,1.0,1.0,-1.0,0.0,-0.3333333333333333,0.12150000000000001,-1,-1,-1,0.356862745098039,0.694117647058824,0.803921568627451
105.73542213439941,0.0,0.22112483705481234,0.03,1,1,1,0.0,0.3333333333333333,0.12150000000000001,-1,-1,-1,1.0,1.0,-1.0,0.0,-0.3333333333333333,0.12150000000000001,-1,-1,-1,0.356862745098039,0.694117647058824,0.803921568627451
105.76999235153198,0.0,0.2169243526271142,0.03,1,1,1,0.0,0.3333333333333333,0.12150000000000001,-1,-1,-1,1.0,1.0,-1.0,0.0,-0.3333333333333333,0.12150000000000001,-1,-1,-1,0.356862745098039,0.694117647058824,0.803921568627451
105.80482912063599,0.0,0.21272386819941608,0.03,1,1,1,0.0,0.3333333333333333,0.12150000000000001,-1,-1,-1,1.0,1.0,-1.0,0.0,-0.3333333333333333,0.12150000000000001,-1,-1,-1,0.356862745098039,0.694117647058824,0.803921568627451
105.83952498435974,0.0,0.20852338377171795,0.03,1,1,1,0.0,0.3333333333333333,0.12150000000000001,-1,-1,-1,1.0,1.0,-1.0,0.0,-0.3333333333333333,0.12150000000000001,-1,-1,-1,0.356862745098039,0.694117647058824,0.803921568627451
105.87430548667908,0.0,0.20432289934401981,0.03,1,1,1,0.0,0.3333333333333333,0.12150000000000001,-1,-1,-1,1.0,1.0,-1.0,0.0,-0.3333333333333333,0.12150000000000001,-1,-1,-1,0.356862745098039,0.694117647058824,0.803921568627451
105.90898704528809,0.0,0.20012241491632168,0.03,1,1,1,0.0,0.3333333333333333,0.12150000000000001,-1,-1,-1,1.0,1.0,-1.0,0.0,-0.3333333333333333,0.12150000000000001,-1,-1,-1,0.356862745098039,0.694117647058824,0.803921568627451
105.94422578811646,0.0,0.19592193048862355,0.03,1,1,1,0.0,0.3333333333333333,0.12150000000000001,-1,-1,-1,1.0,1.0,-1.0,0.0,-0.3333333333333333,0.12150000000000001,-1,-1,-1,0.356862745098039,0.694117647058824,0.803921568627451
105.97887229919434,0.0,0.19172144606092542,0.03,1,1,1,0.0,0.3333333333333333,0.12150000000000001,-1,-1,-1,1.0,1.0,-1.0,0.0,-0.3333333333333333,0.12150000000000001,-1,-1,-1,0.356862745098039,0.694117647058824,0.803921568627451
106.01296734809875,0.0,0.1875209616332273,0.03,1,1,1,0.0,0.3333333333333333,0.12150000000000001,-1,-1,-1,1.0,1.0,-1.0,0.0,-0.3333333333333333,0.12150000000000001,-1,-1,-1,0.356862745098039,0.694117647058824,0.803921568627451
106.04777359962463,0.0,0.18332047720552916,0.03,1,1,1,0.0,0.3333333333333333,0.12150000000000001,-1,-1,-1,1.0,1.0,-1.0,0.0,-0.3333333333333333,0.12150000000000001,-1,-1,-1,0.356862745098039,0.694117647058824,0.803921568627451
106.08313798904419,0.0,0.17911999277783103,0.03,1,1,1,0.0,0.3333333333333333,0.12150000000000001,-1,-1,-1,1.0,1.0,-1.0,0.0,-0.3333333333333333,0.12150000000000001,-1,-1,-1,0.356862745098039,0.694117647058824,0.803921568627451
106.11729454994202,0.0,0.1749195083501329,0.03,1,1,1,0.0,0.3333333333333333,0.12150000000000001,-1,-1,-1,1.0,1.0,-1.0,0.0,-0.3333333333333333,0.12150000000000001,-1,-1,-1,0.356862745098039,0.694117647058824,0.803921568627451
106.15197420120239,0.0,0.17071902392243476,0.03,1,1,1,0.0,0.3333333333333333,0.12150000000000001,-1,-1,-1,1.0,1.0,-1.0,0.0,-0.3333333333333333,0.12150000000000001,-1,-1,-1,0.356862745098039,0.694117647058824,0.803921568627451
106.18676948547363,0.0,0.16651853949473663,0.03,1,1,1,0.0,0.3333333333333333,0.12150000000000001,-1,-1,-1,1.0,1.0,-1.0,0.0,-0.3333333333333333,0.12150000000000001,-1,-1,-1,0.356862745098039,0.694117647058824,0.803921568627451
106.22216200828552,0.0,0.1623180550670385,0.03,1,1,1,0.0,0.3333333333333333,0.12150000000000001,-1,-1,-1,1.0,1.0,-1.0,0.0,-0.3333333333333333,0.12150000000000001,-1,-1,-1,0.356862745098039,0.694117647058824,0.803921568627451
106.2566294670105,0.0,0.15811757063934037,0.03,1,1,1,0.0,0.3333333333333333,0.12150000000000001,-1,-1,-1,1.0,1.0,-1.0,0.0,-0.3333333333333333,0.12150000000000001,-1,-1,-1,0.356862745098039,0.694117647058824,0.803921568627451
106.29128408432007,0.0,0.15391708621164224,0.03,1,1,1,0.0,0.3333333333333333,0.12150000000000001,-1,-1,-1,1.0,1.0,-1.0,0.0,-0.3333333333333333,0.12150000000000001,-1,-1,-1,0.356862745098039,0.694117647058824,0.803921568627451
106.32540440559387,0.0,0.1497166017839441,0.03,1,1,1,0.0,0.3333333333333333,0.12150000000000001,-1,-1,-1,1.0,1.0,-1.0,0.0,-0.3333333333333333,0.12150000000000001,-1,-1,-1,0.356862745098039,0.694117647058824,0.803921568627451
106.36087274551392,0.0,0.14551611735624598,0.03,1,1,1,0.0,0.3333333333333333,0.12150000000000001,-1,-1,-1,1.0,1.0,-1.0,0.0,-0.3333333333333333,0.12150000000000001,-1,-1,-1,0.356862745098039,0.694117647058824,0.803921568627451
106.39486813545227,0.0,0.14131563292854785,0.03,1,1,1,0.0,0.3333333333333333,0.12150000000000001,-1,-1,-1,1.0,1.0,-1.0,0.0,-0.3333333333333333,0.12150000000000001,-1,-1,-1,0.356862745098039,0.694117647058824,0.803921568627451
106.43005204200745,0.0,0.13711514850084972,0.03,1,1,1,0.0,0.3333333333333333,0.12150000000000001,-1,-1,-1,1.0,1.0,-1.0,0.0,-0.3333333333333333,0.12150000000000001,-1,-1,-1,0.356862745098039,0.694117647058824,0.803921568627451
106.46486067771912,0.0,0.13291466407315158,0.03,1,1,1,0.0,0.3333333333333333,0.12150000000000001,-1,-1,-1,1.0,1.0,-1.0,0.0,-0.3333333333333333,0.12150000000000001,-1,-1,-1,0.356862745098039,0.694117647058824,0.803921568627451
106.49953508377075,0.0,0.12871417964545345,0.03,1,1,1,0.0,0.3333333333333333,0.12150000000000001,-1,-1,-1,1.0,1.0,-1.0,0.0,-0.3333333333333333,0.12150000000000001,-1,-1,-1,0.356862745098039,0.694117647058824,0.803921568627451
106.53368520736694,0.0,0.12451369521775532,0.03,1,1,1,0.0,0.3333333333333333,0.12150000000000001,-1,-1,-1,1.0,1.0,-1.0,0.0,-0.3333333333333333,0.12150000000000001,-1,-1,-1,0.356862745098039,0.694117647058824,0.803921568627451
106.56843638420105,0.0,0.12031321079005716,0.03,1,1,1,0.0,0.3333333333333333,0.12150000000000001,-1,-1,-1,1.0,1.0,-1.0,0.0,-0.3333333333333333,0.12150000000000001,-1,-1,-1,0.356862745098039,0.694117647058824,0.803921568627451
106.60340476036072,0.0,0.11611272636235902,0.03,1,1,1,0.0,0.3333333333333333,0.12150000000000001,-1,-1,-1,1.0,1.0,-1.0,0.0,-0.3333333333333333,0.12150000000000001,-1,-1,-1,0.356862745098039,0.694117647058824,0.803921568627451
106.63814091682434,0.0,0.11191224193466089,0.03,1,1,1,0.0,0.3333333333333333,0.12150000000000001,-1,-1,-1,1.0,1.0,-1.0,0.0,-0.3333333333333333,0.12150000000000001,-1,-1,-1,0.356862745098039,0.694117647058824,0.803921568627451
106.67256689071655,0.0,0.10771175750696275,0.03,1,1,1,0.0,0.3333333333333333,0.12150000000000001,-1,-1,-1,1.0,1.0,-1.0,0.0,-0.3333333333333333,0.12150000000000001,-1,-1,-1,0.356862745098039,0.694117647058824,0.803921568627451
106.70753693580627,0.0,0.10351127307926462,0.03,1,1,1,0.0,0.3333333333333333,0.12150000000000001,-1,-1,-1,1.0,1.0,-1.0,0.0,-0.3333333333333333,0.12150000000000001,-1,-1,-1,0.356862745098039,0.694117647058824,0.803921568627451
106.74242448806763,0.0,0.09931078865156649,0.03,1,1,1,0.0,0.3333333333333333,0.12150000000000001,-1,-1,-1,1.0,1.0,-1.0,0.0,-0.3333333333333333,0.12150000000000001,-1,-1,-1,0.356862745098039,0.694117647058824,0.803921568627451
106.77687430381775,0.0,0.09511030422386836,0.03,1,1,1,0.0,0.3333333333333333,0.12150000000000001,-1,-1,-1,1.0,1.0,-1.0,0.0,-0.3333333333333333,0.12150000000000001,-1,-1,-1,0.356862745098039,0.694117647058824,0.803921568627451
106.81149482727051,0.0,0.09090981979617023,0.03,1,1,1,0.0,0.3333333333333333,0.12150000000000001,-1,-1,-1,1.0,1.0,-1.0,0.0,-0.3333333333333333,0.12150000000000001,-1,-1,-1,0.356862745098039,0.694117647058824,0.803921568627451
106.84622144699097,0.0,0.0867093353684721,0.03,1,1,1,0.0,0.3333333333333333,0.12150000000000001,-1,-1,-1,1.0,1.0,-1.0,0.0,-0.3333333333333333,0.12150000000000001,-1,-1,-1,0.356862745098039,0.694117647058824,0.803921568627451
106.881352186203,0.0,0.08977963492536638,0.03,1,1,1,0.0,0.3333333333333333,0.12150000000000001,-1,-1,-1,1.0,1.0,-1.0,0.0,-0.3333333333333333,0.12150000000000001,-1,-1,-1,0.356862745098039,0.694117647058824,0.803921568627451
106.9157485961914,0.0,0.09466763047840876,0.03,1,1,1,0.0,0.3333333333333333,0.12150000000000001,-1,-1,-1,1.0,1.0,-1.0,0.0,-0.3333333333333333,0.12150000000000001,-1,-1,-1,0.356862745098039,0.694117647058824,0.803921568627451
106.95052242279053,0.0,0.09955562603145114,0.03,1,1,1,0.0,0.3333333333333333,0.12150000000000001,-1,-1,-1,1.0,1.0,-1.0,0.0,-0.3333333333333333,0.12150000000000001,-1,-1,-1,0.356862745098039,0.694117647058824,0.803921568627451
106.98524737358093,0.0,0.10444362158449352,0.03,1,1,1,0.0,0.3333333333333333,0.12150000000000001,-1,-1,-1,1.0,1.0,-1.0,0.0,-0.3333333333333333,0.12150000000000001,-1,-1,-1,0.356862745098039,0.694117647058824,0.803921568627451
107.01980495452881,0.0,0.1093316171375359,0.03,1,1,1,0.0,0.3333333333333333,0.12150000000000001,-1,-1,-1,1.0,1.0,-1.0,0.0,-0.3333333333333333,0.12150000000000001,-1,-1,-1,0.356862745098039,0.694117647058824,0.803921568627451
107.05450463294983,0.0,0.11421961269057829,0.03,1,1,1,0.0,0.3333333333333333,0.12150000000000001,-1,-1,-1,1.0,1.0,-1.0,0.0,-0.3333333333333333,0.12150000000000001,-1,-1,-1,0.356862745098039,0.694117647058824,0.803921568627451
107.08968091011047,0.0,0.11910760824362067,0.03,1,1,1,0.0,0.3333333333333333,0.12150000000000001,-1,-1,-1,1.0,1.0,-1.0,0.0,-0.3333333333333333,0.12150000000000001,-1,-1,-1,0.356862745098039,0.694117647058824,0.803921568627451
107.12438535690308,0.0,0.12399560379666306,0.03,1,1,1,0.0,0.3333333333333333,0.12150000000000001,-1,-1,-1,1.0,1.0,-1.0,0.0,-0.3333333333333333,0.12150000000000001,-1,-1,-1,0.356862745098039,0.694117647058824,0.803921568627451
107.15910816192627,0.0,0.1288835993497054,0.03,1,1,1,0.0,0.3333333333333333,0.12150000000000001,-1,-1,-1,1.0,1.0,-1.0,0.0,-0.3333333333333333,0.12150000000000001,-1,-1,-1,0.356862745098039,0.694117647058824,0.803921568627451
107.1938099861145,0.0,0.1337715949027477,0.03,1,1,1,0.0,0.3333333333333333,0.12150000000000001,-1,-1,-1,1.0,1.0,-1.0,0.0,-0.3333333333333333,0.12150000000000001,-1,-1,-1,0.356862745098039,0.694117647058824,0.803921568627451
107.22853469848633,0.0,0.13865959045579002,0.03,1,1,1,0.0,0.3333333333333333,0.12150000000000001,-1,-1,-1,1.0,1.0,-1.0,0.0,-0.3333333333333333,0.12150000000000001,-1,-1,-1,0.356862745098039,0.694117647058824,0.803921568627451
107.26339340209961,0.0,0.14354758600883233,0.03,1,1,1,0.0,0.3333333333333333,0.12150000000000001,-1,-1,-1,1.0,1.0,-1.0,0.0,-0.3333333333333333,0.12150000000000001,-1,-1,-1,0.356862745098039,0.694117647058824,0.803921568627451
107.29756879806519,0.0,0.14843558156187464,0.03,1,1,1,0.0,0.3333333333333333,0.12150000000000001,-1,-1,-1,1.0,1.0,-1.0,0.0,-0.3333333333333333,0.12150000000000001,-1,-1,-1,0.356862745098039,0.694117647058824,0.803921568627451
107.33297967910767,0.0,0.15332357711491695,0.03,1,1,1,0.0,0.3333333333333333,0.12150000000000001,-1,-1,-1,1.0,1.0,-1.0,0.0,-0.3333333333333333,0.12150000000000001,-1,-1,-1,0.356862745098039,0.694117647058824,0.803921568627451
107.3676962852478,0.0,0.15821157266795927,0.03,1,1,1,0.0,0.3333333333333333,0.12150000000000001,-1,-1,-1,1.0,1.0,-1.0,0.0,-0.3333333333333333,0.12150000000000001,-1,-1,-1,0.356862745098039,0.694117647058824,0.803921568627451
107.40245628356934,0.0,0.16309956822100158,0.03,1,1,1,0.0,0.3333333333333333,0.12150000000000001,-1,-1,-1,1.0,1.0,-1.0,0.0,-0.3333333333333333,0.12150000000000001,-1,-1,-1,0.356862745098039,0.694117647058824,0.803921568627451
107.43664956092834,0.0,0.1679875637740439,0.03,1,1,1,0.0,0.3333333333333333,0.12150000000000001,-1,-1,-1,1.0,1.0,-1.0,0.0,-0.3333333333333333,0.12150000000000001,-1,-1,-1,0.356862745098039,0.694117647058824,0.803921568627451
107.47137212753296,0.0,0.1728755593270862,0.03,1,1,1,0.0,0.3333333333333333,0.12150000000000001,-1,-1,-1,1.0,1.0,-1.0,0.0,-0.3333333333333333,0.12150000000000001,-1,-1,-1,0.356862745098039,0.694117647058824,0.803921568627451
107.50665426254272,0.0,0.17776355488012852,0.03,1,1,1,0.0,0.3333333333333333,0.12150000000000001,-1,-1,-1,1.0,1.0,-1.0,0.0,-0.3333333333333333,0.12150000000000001,-1,-1,-1,0.356862745098039,0.694117647058824,0.803921568627451
107.54140090942383,0.0,0.18265155043317083,0.03,1,1,1,0.0,0.3333333333333333,0.12150000000000001,-1,-1,-1,1.0,1.0,-1.0,0.0,-0.3333333333333333,0.12150000000000001,-1,-1,-1,0.356862745098039,0.694117647058824,0.803921568627451
107.57616424560547,0.0,0.18753954598621314,0.03,1,1,1,0.0,0.3333333333333333,0.12150000000000001,-1,-1,-1,1.0,1.0,-1.0,0.0,-0.3333333333333333,0.12150000000000001,-1,-1,-1,0.356862745098039,0.694117647058824,0.803921568627451
107.61104083061218,0.0,0.19242754153925545,0.03,1,1,1,0.0,0.3333333333333333,0.12150000000000001,-1,-1,-1,1.0,1.0,-1.0,0.0,-0.3333333333333333,0.12150000000000001,-1,-1,-1,0.356862745098039,0.694117647058824,0.803921568627451
107.64568424224854,0.0,0.19731553709229777,0.03,1,1,1,0.0,0.3333333333333333,0.12150000000000001,-1,-1,-1,1.0,1.0,-1.0,0.0,-0.3333333333333333,0.12150000000000001,-1,-1,-1,0.356862745098039,0.694117647058824,0.803921568627451
107.68013548851013,0.0,0.20220353264534008,0.03,1,1,1,0.0,0.3333333333333333,0.12150000000000001,-1,-1,-1,1.0,1.0,-1.0,0.0,-0.3333333333333333,0.12150000000000001,-1,-1,-1,0.356862745098039,0.694117647058824,0.803921568627451
107.71454286575317,0.0,0.2070915281983824,0.03,1,1,1,0.0,0.3333333333333333,0.12150000000000001,-1,-1,-1,1.0,1.0,-1.0,0.0,-0.3333333333333333,0.12150000000000001,-1,-1,-1,0.356862745098039,0.694117647058824,0.803921568627451
107.7495276927948,0.0,0.2119795237514247,0.03,1,1,1,0.0,0.3333333333333333,0.12150000000000001,-1,-1,-1,1.0,1.0,-1.0,0.0,-0.3333333333333333,0.12150000000000001,-1,-1,-1,0.356862745098039,0.694117647058824,0.803921568627451
107.78426361083984,0.0,0.21686751930446702,0.03,1,1,1,0.0,0.3333333333333333,0.12150000000000001,-1,-1,-1,1.0,1.0,-1.0,0.0,-0.3333333333333333,0.12150000000000001,-1,-1,-1,0.356862745098039,0.694117647058824,0.803921568627451
107.81903386116028,0.0,0.22175551485750933,0.03,1,1,1,0.0,0.3333333333333333,0.12150000000000001,-1,-1,-1,1.0,1.0,-1.0,0.0,-0.3333333333333333,0.12150000000000001,-1,-1,-1,0.356862745098039,0.694117647058824,0.803921568627451
107.85364818572998,0.0,0.22664351041055164,0.03,1,1,1,0.0,0.3333333333333333,0.12150000000000001,-1,-1,-1,1.0,1.0,-1.0,0.0,-0.3333333333333333,0.12150000000000001,-1,-1,-1,0.356862745098039,0.694117647058824,0.803921568627451
107.88806533813477,0.0,0.23153150596359395,0.03,1,1,1,0.0,0.3333333333333333,0.12150000000000001,-1,-1,-1,1.0,1.0,-1.0,0.0,-0.3333333333333333,0.12150000000000001,-1,-1,-1,0.356862745098039,0.694117647058824,0.803921568627451
107.92281699180603,0.0,0.23641950151663627,0.03,1,1,1,0.0,0.3333333333333333,0.12150000000000001,-1,-1,-1,1.0,1.0,-1.0,0.0,-0.3333333333333333,0.12150000000000001,-1,-1,-1,0.356862745098039,0.694117647058824,0.803921568627451
107.95765829086304,0.0,0.24130749706967855,0.03,1,1,1,0.0,0.3333333333333333,0.12150000000000001,-1,-1,-1,1.0,1.0,-1.0,0.0,-0.3333333333333333,0.12150000000000001,-1,-1,-1,0.356862745098039,0.694117647058824,0.803921568627451
107.99216198921204,0.0,0.24619549262272084,0.03,1,1,1,0.0,0.3333333333333333,0.12150000000000001,-1,-1,-1,1.0,1.0,-1.0,0.0,-0.3333333333333333,0.12150000000000001,-1,-1,-1,0.356862745098039,0.694117647058824,0.803921568627451
108.02718901634216,0.0,0.25108348817576315,0.03,1,1,1,0.0,0.3333333333333333,0.12150000000000001,-1,-1,-1,1.0,1.0,-1.0,0.0,-0.3333333333333333,0.12150000000000001,-1,-1,-1,0.356862745098039,0.694117647058824,0.803921568627451
108.06168127059937,0.0,0.2540934134794779,0.03,1,1,1,0.0,0.3333333333333333,0.12150000000000001,-1,-1,-1,1.0,1.0,-1.0,0.0,-0.3333333333333333,0.12150000000000001,-1,-1,-1,0.356862745098039,0.694117647058824,0.803921568627451
108.09635806083679,0.0,0.24959105778588234,0.03,1,1,1,0.0,0.3333333333333333,0.12150000000000001,-1,-1,-1,1.0,1.0,-1.0,0.0,-0.3333333333333333,0.12150000000000001,-1,-1,-1,0.356862745098039,0.694117647058824,0.803921568627451
108.1311342716217,0.0,0.2450887020922867,0.03,1,1,1,0.0,0.3333333333333333,0.12150000000000001,-1,-1,-1,1.0,1.0,-1.0,0.0,-0.3333333333333333,0.12150000000000001,-1,-1,-1,0.356862745098039,0.694117647058824,0.803921568627451
108.16596102714539,0.0,0.24058634639869103,0.03,1,1,1,0.0,0.3333333333333333,0.12150000000000001,-1,-1,-1,1.0,1.0,-1.0,0.0,-0.3333333333333333,0.12150000000000001,-1,-1,-1,0.356862745098039,0.694117647058824,0.803921568627451
108.2004041671753,0.0,0.2360839907050954,0.03,1,1,1,0.0,0.3333333333333333,0.12150000000000001,-1,-1,-1,1.0,1.0,-1.0,0.0,-0.3333333333333333,0.12150000000000001,-1,-1,-1,0.356862745098039,0.694117647058824,0.803921568627451
108.23539519309998,0.0,0.23158163501149973,0.03,1,1,1,0.0,0.3333333333333333,0.12150000000000001,-1,-1,-1,1.0,1.0,-1.0,0.0,-0.3333333333333333,0.12150000000000001,-1,-1,-1,0.356862745098039,0.694117647058824,0.803921568627451
108.27061367034912,0.0,0.22707927931790406,0.03,1,1,1,0.0,0.3333333333333333,0.12150000000000001,-1,-1,-1,1.0,1.0,-1.0,0.0,-0.3333333333333333,0.12150000000000001,-1,-1,-1,0.356862745098039,0.694117647058824,0.803921568627451
108.30479264259338,0.0,0.2225769236243084,0.03,1,1,1,0.0,0.3333333333333333,0.12150000000000001,-1,-1,-1,1.0,1.0,-1.0,0.0,-0.3333333333333333,0.12150000000000001,-1,-1,-1,0.356862745098039,0.694117647058824,0.803921568627451
108.33976221084595,0.0,0.21807456793071273,0.03,1,1,1,0.0,0.3333333333333333,0.12150000000000001,-1,-1,-1,1.0,1.0,-1.0,0.0,-0.3333333333333333,0.12150000000000001,-1,-1,-1,0.356862745098039,0.694117647058824,0.803921568627451
108.37456059455872,0.0,0.21357221223711706,0.03,1,1,1,0.0,0.3333333333333333,0.12150000000000001,-1,-1,-1,1.0,1.0,-1.0,0.0,-0.3333333333333333,0.12150000000000001,-1,-1,-1,0.356862745098039,0.694117647058824,0.803921568627451
108.4091808795929,0.0,0.2090698565435214,0.03,1,1,1,0.0,0.3333333333333333,0.12150000000000001,-1,-1,-1,1.0,1.0,-1.0,0.0,-0.3333333333333333,0.12150000000000001,-1,-1,-1,0.356862745098039,0.694117647058824,0.803921568627451
108.44402313232422,0.0,0.20456750084992573,0.03,1,1,1,0.0,0.3333333333333333,0.12150000000000001,-1,-1,-1,1.0,1.0,-1.0,0.0,-0.3333333333333333,0.12150000000000001,-1,-1,-1,0.356862745098039,0.694117647058824,0.803921568627451
108.47835493087769,0.0,0.20006514515633006,0.03,1,1,1,0.0,0.3333333333333333,0.12150000000000001,-1,-1,-1,1.0,1.0,-1.0,0.0,-0.3333333333333333,0.12150000000000001,-1,-1,-1,0.356862745098039,0.694117647058824,0.803921568627451
108.51344347000122,0.0,0.1955627894627344,0.03,1,1,1,0.0,0.3333333333333333,0.12150000000000001,-1,-1,-1,1.0,1.0,-1.0,0.0,-0.3333333333333333,0.12150000000000001,-1,-1,-1,0.356862745098039,0.694117647058824,0.803921568627451
108.54788064956665,0.0,0.19106043376913873,0.03,1,1,1,0.0,0.3333333333333333,0.12150000000000001,-1,-1,-1,1.0,1.0,-1.0,0.0,-0.3333333333333333,0.12150000000000001,-1,-1,-1,0.356862745098039,0.694117647058824,0.803921568627451
108.58274793624878,0.0,0.18655807807554306,0.03,1,1,1,0.0,0.3333333333333333,0.12150000000000001,-1,-1,-1,1.0,1.0,-1.0,0.0,-0.3333333333333333,0.12150000000000001,-1,-1,-1,0.356862745098039,0.694117647058824,0.803921568627451
108.61724781990051,0.0,0.1820557223819474,0.03,1,1,1,0.0,0.3333333333333333,0.12150000000000001,-1,-1,-1,1.0,1.0,-1.0,0.0,-0.3333333333333333,0.12150000000000001,-1,-1,-1,0.356862745098039,0.694117647058824,0.803921568627451
108.65198564529419,0.0,0.17755336668835173,0.03,1,1,1,0.0,0.3333333333333333,0.12150000000000001,-1,-1,-1,1.0,1.0,-1.0,0.0,-0.3333333333333333,0.12150000000000001,-1,-1,-1,0.356862745098039,0.694117647058824,0.803921568627451
108.68693351745605,0.0,0.17305101099475606,0.03,1,1,1,0.0,0.3333333333333333,0.12150000000000001,-1,-1,-1,1.0,1.0,-1.0,0.0,-0.3333333333333333,0.12150000000000001,-1,-1,-1,0.356862745098039,0.694117647058824,0.803921568627451
108.72139477729797,0.0,0.1685486553011604,0.03,1,1,1,0.0,0.3333333333333333,0.12150000000000001,-1,-1,-1,1.0,1.0,-1.0,0.0,-0.3333333333333333,0.12150000000000001,-1,-1,-1,0.356862745098039,0.694117647058824,0.803921568627451
108.75640559196472,0.0,0.16404629960756473,0.03,1,1,1,0.0,0.3333333333333333,0.12150000000000001,-1,-1,-1,1.0,1.0,-1.0,0.0,-0.3333333333333333,0.12150000000000001,-1,-1,-1,0.356862745098039,0.694117647058824,0.803921568627451
108.79104495048523,0.0,0.15954394391396906,0.03,1,1,1,0.0,0.3333333333333333,0.12150000000000001,-1,-1,-1,1.0,1.0,-1.0,0.0,-0.3333333333333333,0.12150000000000001,-1,-1,-1,0.356862745098039,0.694117647058824,0.803921568627451
108.82542753219604,0.0,0.1550415882203734,0.03,1,1,1,0.0,0.3333333333333333,0.12150000000000001,-1,-1,-1,1.0,1.0,-1.0,0.0,-0.3333333333333333,0.12150000000000001,-1,-1,-1,0.356862745098039,0.694117647058824,0.803921568627451
108.86053729057312,0.0,0.15053923252677773,0.03,1,1,1,0.0,0.3333333333333333,0.12150000000000001,-1,-1,-1,1.0,1.0,-1.0,0.0,-0.3333333333333333,0.12150000000000001,-1,-1,-1,0.356862745098039,0.694117647058824,0.803921568627451
108.89514970779419,0.0,0.14603687683318206,0.03,1,1,1,0.0,0.3333333333333333,0.12150000000000001,-1,-1,-1,1.0,1.0,-1.0,0.0,-0.3333333333333333,0.12150000000000001,-1,-1,-1,0.356862745098039,0.694117647058824,0.803921568627451
108.93015027046204,0.0,0.1415345211395864,0.03,1,1,1,0.0,0.3333333333333333,0.12150000000000001,-1,-1,-1,1.0,1.0,-1.0,0.0,-0.3333333333333333,0.12150000000000001,-1,-1,-1,0.356862745098039,0.694117647058824,0.803921568627451
108.96425271034241,0.0,0.13703216544599073,0.03,1,1,1,0.0,0.3333333333333333,0.12150000000000001,-1,-1,-1,1.0,1.0,-1.0,0.0,-0.3333333333333333,0.12150000000000001,-1,-1,-1,0.356862745098039,0.694117647058824,0.803921568627451
108.99981117248535,0.0,0.13252980975239506,0.03,1,1,1,0.0,0.3333333333333333,0.12150000000000001,-1,-1,-1,1.0,1.0,-1.0,0.0,-0.3333333333333333,0.12150000000000001,-1,-1,-1,0.356862745098039,0.694117647058824,0.803921568627451
109.03397917747498,0.0,0.1280274540587994,0.03,1,1,1,0.0,0.3333333333333333,0.12150000000000001,-1,-1,-1,1.0,1.0,-1.0,0.0,-0.3333333333333333,0.12150000000000001,-1,-1,-1,0.356862745098039,0.694117647058824,0.803921568627451
109.06910634040833,0.0,0.12352509836520377,0.03,1,1,1,0.0,0.3333333333333333,0.12150000000000001,-1,-1,-1,1.0,1.0,-1.0,0.0,-0.3333333333333333,0.12150000000000001,-1,-1,-1,0.356862745098039,0.694117647058824,0.803921568627451
109.10334324836731,0.0,0.11902274267160814,0.03,1,1,1,0.0,0.3333333333333333,0.12150000000000001,-1,-1,-1,1.0,1.0,-1.0,0.0,-0.3333333333333333,0.12150000000000001,-1,-1,-1,0.356862745098039,0.694117647058824,0.803921568627451
109.1386570930481,0.0,0.11452038697801255,0.03,1,1,1,0.0,0.3333333333333333,0.12150000000000001,-1,-1,-1,1.0,1.0,-1.0,0.0,-0.3333333333333333,0.12150000000000001,-1,-1,-1,0.356862745098039,0.694117647058824,0.803921568627451
109.17329978942871,0.0,0.11001803128441695,0.03,1,1,1,0.0,0.3333333333333333,0.12150000000000001,-1,-1,-1,1.0,1.0,-1.0,0.0,-0.3333333333333333,0.12150000000000001,-1,-1,-1,0.356862745098039,0.694117647058824,0.803921568627451
109.20821332931519,0.0,0.10551567559082135,0.03,1,1,1,0.0,0.3333333333333333,0.12150000000000001,-1,-1,-1,1.0,1.0,-1.0,0.0,-0.3333333333333333,0.12150000000000001,-1,-1,-1,0.356862745098039,0.694117647058824,0.803921568627451
109.24278330802917,0.0,0.10101331989722576,0.03,1,1,1,0.0,0.3333333333333333,0.12150000000000001,-1,-1,-1,1.0,1.0,-1.0,0.0,-0.3333333333333333,0.12150000000000001,-1,-1,-1,0.356862745098039,0.694117647058824,0.803921568627451
109.27691435813904,0.0,0.10175514248695268,0.03,1,1,1,0.0,0.3333333333333333,0.12150000000000001,-1,-1,-1,1.0,1.0,-1.0,0.0,-0.3333333333333333,0.12150000000000001,-1,-1,-1,0.356862745098039,0.694117647058824,0.803921568627451
109.31172037124634,0.0,0.10599308393222795,0.03,1,1,1,0.0,0.3333333333333333,0.12150000000000001,-1,-1,-1,1.0,1.0,-1.0,0.0,-0.3333333333333333,0.12150000000000001,-1,-1,-1,0.356862745098039,0.694117647058824,0.803921568627451
109.34632873535156,0.0,0.11023102537750322,0.03,1,1,1,0.0,0.3333333333333333,0.12150000000000001,-1,-1,-1,1.0,1.0,-1.0,0.0,-0.3333333333333333,0.12150000000000001,-1,-1,-1,0.356862745098039,0.694117647058824,0.803921568627451
109.38089156150818,0.0,0.11446896682277849,0.03,1,1,1,0.0,0.3333333333333333,0.12150000000000001,-1,-1,-1,1.0,1.0,-1.0,0.0,-0.3333333333333333,0.12150000000000001,-1,-1,-1,0.356862745098039,0.694117647058824,0.803921568627451
109.41581177711487,0.0,0.11870690826805375,0.03,1,1,1,0.0,0.3333333333333333,0.12150000000000001,-1,-1,-1,1.0,1.0,-1.0,0.0,-0.3333333333333333,0.12150000000000001,-1,-1,-1,0.356862745098039,0.694117647058824,0.803921568627451
109.45035719871521,0.0,0.12294484971332904,0.03,1,1,1,0.0,0.3333333333333333,0.12150000000000001,-1,-1,-1,1.0,1.0,-1.0,0.0,-0.3333333333333333,0.12150000000000001,-1,-1,-1,0.356862745098039,0.694117647058824,0.803921568627451
109.48535299301147,0.0,0.12718279115860437,0.03,1,1,1,0.0,0.3333333333333333,0.12150000000000001,-1,-1,-1,1.0,1.0,-1.0,0.0,-0.3333333333333333,0.12150000000000001,-1,-1,-1,0.356862745098039,0.694117647058824,0.803921568627451
109.5200743675232,0.0,0.1314207326038797,0.03,1,1,1,0.0,0.3333333333333333,0.12150000000000001,-1,-1,-1,1.0,1.0,-1.0,0.0,-0.3333333333333333,0.12150000000000001,-1,-1,-1,0.356862745098039,0.694117647058824,0.803921568627451
109.55456495285034,0.0,0.13565867404915505,0.03,1,1,1,0.0,0.3333333333333333,0.12150000000000001,-1,-1,-1,1.0,1.0,-1.0,0.0,-0.3333333333333333,0.12150000000000001,-1,-1,-1,0.356862745098039,0.694117647058824,0.803921568627451
109.58964347839355,0.0,0.1398966154944304,0.03,1,1,1,0.0,0.3333333333333333,0.12150000000000001,-1,-1,-1,1.0,1.0,-1.0,0.0,-0.3333333333333333,0.12150000000000001,-1,-1,-1,0.356862745098039,0.694117647058824,0.803921568627451
109.62429451942444,0.0,0.14413455693970573,0.03,1,1,1,0.0,0.3333333333333333,0.12150000000000001,-1,-1,-1,1.0,1.0,-1.0,0.0,-0.3333333333333333,0.12150000000000001,-1,-1,-1,0.356862745098039,0.694117647058824,0.803921568627451
109.65878868103027,0.0,0.14837249838498107,0.03,1,1,1,0.0,0.3333333333333333,0.12150000000000001,-1,-1,-1,1.0,1.0,-1.0,0.0,-0.3333333333333333,0.12150000000000001,-1,-1,-1,0.356862745098039,0.694117647058824,0.803921568627451
109.6938829421997,0.0,0.1526104398302564,0.03,1,1,1,0.0,0.3333333333333333,0.12150000000000001,-1,-1,-1,1.0,1.0,-1.0,0.0,-0.3333333333333333,0.12150000000000001,-1,-1,-1,0.356862745098039,0.694117647058824,0.803921568627451
109.72877955436707,0.0,0.15684838127553175,0.03,1,1,1,0.0,0.3333333333333333,0.12150000000000001,-1,-1,-1,1.0,1.0,-1.0,0.0,-0.3333333333333333,0.12150000000000001,-1,-1,-1,0.356862745098039,0.694117647058824,0.803921568627451
109.76322317123413,0.0,0.16108632272080708,0.03,1,1,1,0.0,0.3333333333333333,0.12150000000000001,-1,-1,-1,1.0,1.0,-1.0,0.0,-0.3333333333333333,0.12150000000000001,-1,-1,-1,0.356862745098039,0.694117647058824,0.803921568627451
109.79823184013367,0.0,0.16532426416608242,0.03,1,1,1,0.0,0.3333333333333333,0.12150000000000001,-1,-1,-1,1.0,1.0,-1.0,0.0,-0.3333333333333333,0.12150000000000001,-1,-1,-1,0.356862745098039,0.694117647058824,0.803921568627451
109.83313703536987,0.0,0.16956220561135776,0.03,1,1,1,0.0,0.3333333333333333,0.12150000000000001,-1,-1,-1,1.0,1.0,-1.0,0.0,-0.3333333333333333,0.12150000000000001,-1,-1,-1,0.356862745098039,0.694117647058824,0.803921568627451
109.86735105514526,0.0,0.1738001470566331,0.03,1,1,1,0.0,0.3333333333333333,0.12150000000000001,-1,-1,-1,1.0,1.0,-1.0,0.0,-0.3333333333333333,0.12150000000000001,-1,-1,-1,0.356862745098039,0.694117647058824,0.803921568627451
109.90261840820312,0.0,0.17803808850190844,0.03,1,1,1,0.0,0.3333333333333333,0.12150000000000001,-1,-1,-1,1.0,1.0,-1.0,0.0,-0.3333333333333333,0.12150000000000001,-1,-1,-1,0.356862745098039,0.694117647058824,0.803921568627451
109.93719720840454,0.0,0.18227602994718378,0.03,1,1,1,0.0,0.3333333333333333,0.12150000000000001,-1,-1,-1,1.0,1.0,-1.0,0.0,-0.3333333333333333,0.12150000000000001,-1,-1,-1,0.356862745098039,0.694117647058824,0.803921568627451
109.97210383415222,0.0,0.18651397139245912,0.03,1,1,1,0.0,0.3333333333333333,0.12150000000000001,-1,-1,-1,1.0,1.0,-1.0,0.0,-0.3333333333333333,0.12150000000000001,-1,-1,-1,0.356862745098039,0.694117647058824,0.803921568627451
110.00677633285522,0.0,0.19075191283773446,0.03,1,1,1,0.0,0.3333333333333333,0.12150000000000001,-1,-1,-1,1.0,1.0,-1.0,0.0,-0.3333333333333333,0.12150000000000001,-1,-1,-1,0.356862745098039,0.694117647058824,0.803921568627451
110.04089879989624,0.0,0.1949898542830098,0.03,1,1,1,0.0,0.3333333333333333,0.12150000000000001,-1,-1,-1,1.0,1.0,-1.0,0.0,-0.3333333333333333,0.12150000000000001,-1,-1,-1,0.356862745098039,0.694117647058824,0.803921568627451
110.07560873031616,0.0,0.19922779572828514,0.03,1,1,1,0.0,0.3333333333333333,0.12150000000000001,-1,-1,-1,1.0,1.0,-1.0,0.0,-0.3333333333333333,0.12150000000000001,-1,-1,-1,0.356862745098039,0.694117647058824,0.803921568627451
110.1109368801117,0.0,0.20346573717356048,0.03,1,1,1,0.0,0.3333333333333333,0.12150000000000001,-1,-1,-1,1.0,1.0,-1.0,0.0,-0.3333333333333333,0.12150000000000001,-1,-1,-1,0.356862745098039,0.694117647058824,0.803921568627451
110.14488863945007,0.0,0.20770367861883582,0.03,1,1,1,0.0,0.3333333333333333,0.12150000000000001,-1,-1,-1,1.0,1.0,-1.0,0.0,-0.3333333333333333,0.12150000000000001,-1,-1,-1,0.356862745098039,0.694117647058824,0.803921568627451
110.18031883239746,0.0,0.21194162006411116,0.03,1,1,1,0.0,0.3333333333333333,0.12150000000000001,-1,-1,-1,1.0,1.0,-1.0,0.0,-0.3333333333333333,0.12150000000000001,-1,-1,-1,0.356862745098039,0.694117647058824,0.803921568627451
110.2151563167572,0.0,0.2161795615093865,0.03,1,1,1,0.0,0.3333333333333333,0.12150000000000001,-1,-1,-1,1.0,1.0,-1.0,0.0,-0.3333333333333333,0.12150000000000001,-1,-1,-1,0.356862745098039,0.694117647058824,0.803921568627451
110.24884915351868,0.0,0.22041750295466184,0.03,1,1,1,0.0,0.3333333333333333,0.12150000000000001,-1,-1,-1,1.0,1.0,-1.0,0.0,-0.3333333333333333,0.12150000000000001,-1,-1,-1,0.356862745098039,0.694117647058824,0.803921568627451
110.28370594978333,0.0,0.22465544439993718,0.03,1,1,1,0.0,0.3333333333333333,0.12150000000000001,-1,-1,-1,1.0,1.0,-1.0,0.0,-0.3333333333333333,0.12150000000000001,-1,-1,-1,0.356862745098039,0.694117647058824,0.803921568627451
110.31892585754395,0.0,0.22889338584521252,0.03,1,1,1,0.0,0.3333333333333333,0.12150000000000001,-1,-1,-1,1.0,1.0,-1.0,0.0,-0.3333333333333333,0.12150000000000001,-1,-1,-1,0.356862745098039,0.694117647058824,0.803921568627451
110.35323190689087,0.0,0.23313132729048786,0.03,1,1,1,0.0,0.3333333333333333,0.12150000000000001,-1,-1,-1,1.0,1.0,-1.0,0.0,-0.3333333333333333,0.12150000000000001,-1,-1,-1,0.356862745098039,0.694117647058824,0.803921568627451
110.38806939125061,0.0,0.23736926873576317,0.03,1,1,1,0.0,0.3333333333333333,0.12150000000000001,-1,-1,-1,1.0,1.0,-1.0,0.0,-0.3333333333333333,0.12150000000000001,-1,-1,-1,0.356862745098039,0.694117647058824,0.803921568627451
110.42283153533936,0.0,0.2416072101810385,0.03,1,1,1,0.0,0.3333333333333333,0.12150000000000001,-1,-1,-1,1.0,1.0,-1.0,0.0,-0.3333333333333333,0.12150000000000001,-1,-1,-1,0.356862745098039,0.694117647058824,0.803921568627451
110.45744824409485,0.0,0.24584515162631385,0.03,1,1,1,0.0,0.3333333333333333,0.12150000000000001,-1,-1,-1,1.0,1.0,-1.0,0.0,-0.3333333333333333,0.12150000000000001,-1,-1,-1,0.356862745098039,0.694117647058824,0.803921568627451
110.49237132072449,0.0,0.24520067324128106,0.03,1,1,1,0.0,0.3333333333333333,0.12150000000000001,-1,-1,-1,1.0,1.0,-1.0,0.0,-0.3333333333333333,0.12150000000000001,-1,-1,-1,0.356862745098039,0.694117647058824,0.803921568627451
110.52683067321777,0.0,0.24455619485624824,0.03,1,1,1,0.0,0.3333333333333333,0.12150000000000001,-1,-1,-1,1.0,1.0,-1.0,0.0,-0.3333333333333333,0.12150000000000001,-1,-1,-1,0.356862745098039,0.694117647058824,0.803921568627451
110.56181049346924,0.0,0.24391171647121546,0.03,1,1,1,0.0,0.3333333333333333,0.12150000000000001,-1,-1,-1,1.0,1.0,-1.0,0.0,-0.3333333333333333,0.12150000000000001,-1,-1,-1,0.356862745098039,0.694117647058824,0.803921568627451
110.59627056121826,0.0,0.24326723808618264,0.03,1,1,1,0.0,0.3333333333333333,0.12150000000000001,-1,-1,-1,1.0,1.0,-1.0,0.0,-0.3333333333333333,0.12150000000000001,-1,-1,-1,0.356862745098039,0.694117647058824,0.803921568627451
110.63118004798889,0.0,0.24262275970114983,0.03,1,1,1,0.0,0.3333333333333333,0.12150000000000001,-1,-1,-1,1.0,1.0,-1.0,0.0,-0.3333333333333333,0.12150000000000001,-1,-1,-1,0.356862745098039,0.694117647058824,0.803921568627451
110.66588354110718,0.0,0.24197828131611704,0.03,1,1,1,0.0,0.3333333333333333,0.12150000000000001,-1,-1,-1,1.0,1.0,-1.0,0.0,-0.3333333333333333,0.12150000000000001,-1,-1,-1,0.356862745098039,0.694117647058824,0.803921568627451
110.70063185691833,0.0,0.24133380293108422,0.03,1,1,1,0.0,0.3333333333333333,0.12150000000000001,-1,-1,-1,1.0,1.0,-1.0,0.0,-0.3333333333333333,0.12150000000000001,-1,-1,-1,0.356862745098039,0.694117647058824,0.803921568627451
110.73530864715576,0.0,0.24068932454605144,0.03,1,1,1,0.0,0.3333333333333333,0.12150000000000001,-1,-1,-1,1.0,1.0,-1.0,0.0,-0.3333333333333333,0.12150000000000001,-1,-1,-1,0.356862745098039,0.694117647058824,0.803921568627451
110.76981139183044,0.0,0.24004484616101862,0.03,1,1,1,0.0,0.3333333333333333,0.12150000000000001,-1,-1,-1,1.0,1.0,-1.0,0.0,-0.3333333333333333,0.12150000000000001,-1,-1,-1,0.356862745098039,0.694117647058824,0.803921568627451
110.80455946922302,0.0,0.2394003677759858,0.03,1,1,1,0.0,0.3333333333333333,0.12150000000000001,-1,-1,-1,1.0,1.0,-1.0,0.0,-0.3333333333333333,0.12150000000000001,-1,-1,-1,0.356862745098039,0.694117647058824,0.803921568627451
110.83936262130737,0.0,0.23875588939095302,0.03,1,1,1,0.0,0.3333333333333333,0.12150000000000001,-1,-1,-1,1.0,1.0,-1.0,0.0,-0.3333333333333333,0.12150000000000001,-1,-1,-1,0.356862745098039,0.694117647058824,0.803921568627451
110.87386393547058,0.0,0.2381114110059202,0.03,1,1,1,0.0,0.3333333333333333,0.12150000000000001,-1,-1,-1,1.0,1.0,-1.0,0.0,-0.3333333333333333,0.12150000000000001,-1,-1,-1,0.356862745098039,0.694117647058824,0.803921568627451
110.90854048728943,0.0,0.23746693262088742,0.03,1,1,1,0.0,0.3333333333333333,0.12150000000000001,-1,-1,-1,1.0,1.0,-1.0,0.0,-0.3333333333333333,0.12150000000000001,-1,-1,-1,0.356862745098039,0.694117647058824,0.803921568627451
110.94331240653992,0.0,0.23682245423585463,0.03,1,1,1,0.0,0.3333333333333333,0.12150000000000001,-1,-1,-1,1.0,1.0,-1.0,0.0,-0.3333333333333333,0.12150000000000001,-1,-1,-1,0.356862745098039,0.694117647058824,0.803921568627451
110.97831749916077,0.0,0.23617797585082187,0.03,1,1,1,0.0,0.3333333333333333,0.12150000000000001,-1,-1,-1,1.0,1.0,-1.0,0.0,-0.3333333333333333,0.12150000000000001,-1,-1,-1,0.356862745098039,0.694117647058824,0.803921568627451
111.01297521591187,0.0,0.2355334974657891,0.03,1,1,1,0.0,0.3333333333333333,0.12150000000000001,-1,-1,-1,1.0,1.0,-1.0,0.0,-0.3333333333333333,0.12150000000000001,-1,-1,-1,0.356862745098039,0.694117647058824,0.803921568627451
111.04781198501587,0.0,0.23488901908075635,0.03,1,1,1,0.0,0.3333333333333333,0.12150000000000001,-1,-1,-1,1.0,1.0,-1.0,0.0,-0.3333333333333333,0.12150000000000001,-1,-1,-1,0.356862745098039,0.694117647058824,0.803921568627451
111.08232307434082,0.0,0.2342445406957236,0.03,1,1,1,0.0,0.3333333333333333,0.12150000000000001,-1,-1,-1,1.0,1.0,-1.0,0.0,-0.3333333333333333,0.12150000000000001,-1,-1,-1,0.356862745098039,0.694117647058824,0.803921568627451
111.11755013465881,0.0,0.23360006231069083,0.03,1,1,1,0.0,0.3333333333333333,0.12150000000000001,-1,-1,-1,1.0,1.0,-1.0,0.0,-0.3333333333333333,0.12150000000000001,-1,-1,-1,0.356862745098039,0.694117647058824,0.803921568627451
111.15238285064697,0.0,0.23295558392565807,0.03,1,1,1,0.0,0.3333333333333333,0.12150000000000001,-1,-1,-1,1.0,1.0,-1.0,0.0,-0.3333333333333333,0.12150000000000001,-1,-1,-1,0.356862745098039,0.694117647058824,0.803921568627451
111.1870698928833,0.0,0.2323111055406253,0.03,1,1,1,0.0,0.3333333333333333,0.12150000000000001,-1,-1,-1,1.0,1.0,-1.0,0.0,-0.3333333333333333,0.12150000000000001,-1,-1,-1,0.356862745098039,0.694117647058824,0.803921568627451
111.2218668460846,0.0,0.23166662715559255,0.03,1,1,1,0.0,0.3333333333333333,0.12150000000000001,-1,-1,-1,1.0,1.0,-1.0,0.0,-0.3333333333333333,0.12150000000000001,-1,-1,-1,0.356862745098039,0.694117647058824,0.803921568627451
111.25612306594849,0.0,0.2310221487705598,0.03,1,1,1,0.0,0.3333333333333333,0.12150000000000001,-1,-1,-1,1.0,1.0,-1.0,0.0,-0.3333333333333333,0.12150000000000001,-1,-1,-1,0.356862745098039,0.694117647058824,0.803921568627451
111.2905580997467,0.0,0.23037767038552703,0.03,1,1,1,0.0,0.3333333333333333,0.12150000000000001,-1,-1,-1,1.0,1.0,-1.0,0.0,-0.3333333333333333,0.12150000000000001,-1,-1,-1,0.356862745098039,0.694117647058824,0.803921568627451
111.32565307617188,0.0,0.22973319200049427,0.03,1,1,1,0.0,0.3333333333333333,0.12150000000000001,-1,-1,-1,1.0,1.0,-1.0,0.0,-0.3333333333333333,0.12150000000000001,-1,-1,-1,0.356862745098039,0.694117647058824,0.803921568627451
111.36028933525085,0.0,0.22908871361546151,0.03,1,1,1,0.0,0.3333333333333333,0.12150000000000001,-1,-1,-1,1.0,1.0,-1.0,0.0,-0.3333333333333333,0.12150000000000001,-1,-1,-1,0.356862745098039,0.694117647058824,0.803921568627451
111.39479637145996,0.0,0.22844423523042875,0.03,1,1,1,0.0,0.3333333333333333,0.12150000000000001,-1,-1,-1,1.0,1.0,-1.0,0.0,-0.3333333333333333,0.12150000000000001,-1,-1,-1,0.356862745098039,0.694117647058824,0.803921568627451
111.42970585823059,0.0,0.227799756845396,0.03,1,1,1,0.0,0.3333333333333333,0.12150000000000001,-1,-1,-1,1.0,1.0,-1.0,0.0,-0.3333333333333333,0.12150000000000001,-1,-1,-1,0.356862745098039,0.694117647058824,0.803921568627451
111.46448397636414,0.0,0.22715527846036324,0.03,1,1,1,0.0,0.3333333333333333,0.12150000000000001,-1,-1,-1,1.0,1.0,-1.0,0.0,-0.3333333333333333,0.12150000000000001,-1,-1,-1,0.356862745098039,0.694117647058824,0.803921568627451
111.49890446662903,0.0,0.22651080007533048,0.03,1,1,1,0.0,0.3333333333333333,0.12150000000000001,-1,-1,-1,1.0,1.0,-1.0,0.0,-0.3333333333333333,0.12150000000000001,-1,-1,-1,0.356862745098039,0.694117647058824,0.803921568627451
111.53364896774292,0.0,0.22586632169029772,0.03,1,1,1,0.0,0.3333333333333333,0.12150000000000001,-1,-1,-1,1.0,1.0,-1.0,0.0,-0.3333333333333333,0.12150000000000001,-1,-1,-1,0.356862745098039,0.694117647058824,0.803921568627451
111.56878137588501,0.0,0.22522184330526496,0.03,1,1,1,0.0,0.3333333333333333,0.12150000000000001,-1,-1,-1,1.0,1.0,-1.0,0.0,-0.3333333333333333,0.12150000000000001,-1,-1,-1,0.356862745098039,0.694117647058824,0.803921568627451
111.60340023040771,0.0,0.2245773649202322,0.03,1,1,1,0.0,0.3333333333333333,0.12150000000000001,-1,-1,-1,1.0,1.0,-1.0,0.0,-0.3333333333333333,0.12150000000000001,-1,-1,-1,0.356862745098039,0.694117647058824,0.803921568627451
111.63790559768677,0.0,0.22393288653519944,0.03,1,1,1,0.0,0.3333333333333333,0.12150000000000001,-1,-1,-1,1.0,1.0,-1.0,0.0,-0.3333333333333333,0.12150000000000001,-1,-1,-1,0.356862745098039,0.694117647058824,0.803921568627451
111.67259550094604,0.0,0.22418073742255254,0.03,1,1,1,0.0,0.3333333333333333,0.12150000000000001,-1,-1,-1,1.0,1.0,-1.0,0.0,-0.3333333333333333,0.12150000000000001,-1,-1,-1,0.356862745098039,0.694117647058824,0.803921568627451
111.70752596855164,0.0,0.22576708221848443,0.03,1,1,1,0.0,0.3333333333333333,0.12150000000000001,-1,-1,-1,1.0,1.0,-1.0,0.0,-0.3333333333333333,0.12150000000000001,-1,-1,-1,0.356862745098039,0.694117647058824,0.803921568627451
111.74220728874207,0.0,0.22735342701441633,0.03,1,1,1,0.0,0.3333333333333333,0.12150000000000001,-1,-1,-1,1.0,1.0,-1.0,0.0,-0.3333333333333333,0.12150000000000001,-1,-1,-1,0.356862745098039,0.694117647058824,0.803921568627451
111.77672362327576,0.0,0.22893977181034822,0.03,1,1,1,0.0,0.3333333333333333,0.12150000000000001,-1,-1,-1,1.0,1.0,-1.0,0.0,-0.3333333333333333,0.12150000000000001,-1,-1,-1,0.356862745098039,0.694117647058824,0.803921568627451
111.81143498420715,0.0,0.2305261166062801,0.03,1,1,1,0.0,0.3333333333333333,0.12150000000000001,-1,-1,-1,1.0,1.0,-1.0,0.0,-0.3333333333333333,0.12150000000000001,-1,-1,-1,0.356862745098039,0.694117647058824,0.803921568627451
111.84655284881592,0.0,0.232112461402212,0.03,1,1,1,0.0,0.3333333333333333,0.12150000000000001,-1,-1,-1,1.0,1.0,-1.0,0.0,-0.3333333333333333,0.12150000000000001,-1,-1,-1,0.356862745098039,0.694117647058824,0.803921568627451
111.88105726242065,0.0,0.2336988061981439,0.03,1,1,1,0.0,0.3333333333333333,0.12150000000000001,-1,-1,-1,1.0,1.0,-1.0,0.0,-0.3333333333333333,0.12150000000000001,-1,-1,-1,0.356862745098039,0.694117647058824,0.803921568627451
111.91631364822388,0.0,0.2352851509940758,0.03,1,1,1,0.0,0.3333333333333333,0.12150000000000001,-1,-1,-1,1.0,1.0,-1.0,0.0,-0.3333333333333333,0.12150000000000001,-1,-1,-1,0.356862745098039,0.694117647058824,0.803921568627451
111.9509015083313,0.0,0.23687149579000769,0.03,1,1,1,0.0,0.3333333333333333,0.12150000000000001,-1,-1,-1,1.0,1.0,-1.0,0.0,-0.3333333333333333,0.12150000000000001,-1,-1,-1,0.356862745098039,0.694117647058824,0.803921568627451
111.98591113090515,0.0,0.23845784058593958,0.03,1,1,1,0.0,0.3333333333333333,0.12150000000000001,-1,-1,-1,1.0,1.0,-1.0,0.0,-0.3333333333333333,0.12150000000000001,-1,-1,-1,0.356862745098039,0.694117647058824,0.803921568627451
112.02001643180847,0.0,0.24004418538187147,0.03,1,1,1,0.0,0.3333333333333333,0.12150000000000001,-1,-1,-1,1.0,1.0,-1.0,0.0,-0.3333333333333333,0.12150000000000001,-1,-1,-1,0.356862745098039,0.694117647058824,0.803921568627451
112.05523991584778,0.0,0.24163053017780337,0.03,1,1,1,0.0,0.3333333333333333,0.12150000000000001,-1,-1,-1,1.0,1.0,-1.0,0.0,-0.3333333333333333,0.12150000000000001,-1,-1,-1,0.356862745098039,0.694117647058824,0.803921568627451
112.08936071395874,0.0,0.24321687497373526,0.03,1,1,1,0.0,0.3333333333333333,0.12150000000000001,-1,-1,-1,1.0,1.0,-1.0,0.0,-0.3333333333333333,0.12150000000000001,-1,-1,-1,0.356862745098039,0.694117647058824,0.803921568627451
112.12461376190186,0.0,0.24480321976966715,0.03,1,1,1,0.0,0.3333333333333333,0.12150000000000001,-1,-1,-1,1.0,1.0,-1.0,0.0,-0.3333333333333333,0.12150000000000001,-1,-1,-1,0.356862745098039,0.694117647058824,0.803921568627451
112.15872693061829,0.0,0.24638956456559905,0.03,1,1,1,0.0,0.3333333333333333,0.12150000000000001,-1,-1,-1,1.0,1.0,-1.0,0.0,-0.3333333333333333,0.12150000000000001,-1,-1,-1,0.356862745098039,0.694117647058824,0.803921568627451
112.19348549842834,0.0,0.24797590936153094,0.03,1,1,1,0.0,0.3333333333333333,0.12150000000000001,-1,-1,-1,1.0,1.0,-1.0,0.0,-0.3333333333333333,0.12150000000000001,-1,-1,-1,0.356862745098039,0.694117647058824,0.803921568627451
112.22821283340454,0.0,0.24956225415746283,0.03,1,1,1,0.0,0.3333333333333333,0.12150000000000001,-1,-1,-1,1.0,1.0,-1.0,0.0,-0.3333333333333333,0.12150000000000001,-1,-1,-1,0.356862745098039,0.694117647058824,0.803921568627451
112.2630352973938,0.0,0.2511485989533947,0.03,1,1,1,0.0,0.3333333333333333,0.12150000000000001,-1,-1,-1,1.0,1.0,-1.0,0.0,-0.3333333333333333,0.12150000000000001,-1,-1,-1,0.356862745098039,0.694117647058824,0.803921568627451
112.29786396026611,0.0,0.2527349437493266,0.03,1,1,1,0.0,0.3333333333333333,0.12150000000000001,-1,-1,-1,1.0,1.0,-1.0,0.0,-0.3333333333333333,0.12150000000000001,-1,-1,-1,0.356862745098039,0.694117647058824,0.803921568627451
112.33269786834717,0.0,0.2543212885452585,0.03,1,1,1,0.0,0.3333333333333333,0.12150000000000001,-1,-1,-1,1.0,1.0,-1.0,0.0,-0.3333333333333333,0.12150000000000001,-1,-1,-1,0.356862745098039,0.694117647058824,0.803921568627451
112.3670585155487,0.0,0.2559076333411904,0.03,1,1,1,0.0,0.3333333333333333,0.12150000000000001,-1,-1,-1,1.0,1.0,-1.0,0.0,-0.3333333333333333,0.12150000000000001,-1,-1,-1,0.356862745098039,0.694117647058824,0.803921568627451
112.40197014808655,0.0,0.25749397813712227,0.03,1,1,1,0.0,0.3333333333333333,0.12150000000000001,-1,-1,-1,1.0,1.0,-1.0,0.0,-0.3333333333333333,0.12150000000000001,-1,-1,-1,0.356862745098039,0.694117647058824,0.803921568627451
112.43686699867249,0.0,0.25908032293305416,0.03,1,1,1,0.0,0.3333333333333333,0.12150000000000001,-1,-1,-1,1.0,1.0,-1.0,0.0,-0.3333333333333333,0.12150000000000001,-1,-1,-1,0.356862745098039,0.694117647058824,0.803921568627451
112.47133326530457,0.0,0.26066666772898606,0.03,1,1,1,0.0,0.3333333333333333,0.12150000000000001,-1,-1,-1,1.0,1.0,-1.0,0.0,-0.3333333333333333,0.12150000000000001,-1,-1,-1,0.356862745098039,0.694117647058824,0.803921568627451
112.50616335868835,0.0,0.26225301252491795,0.03,1,1,1,0.0,0.3333333333333333,0.12150000000000001,-1,-1,-1,1.0,1.0,-1.0,0.0,-0.3333333333333333,0.12150000000000001,-1,-1,-1,0.356862745098039,0.694117647058824,0.803921568627451
112.54123449325562,0.0,0.26383935732084984,0.03,1,1,1,0.0,0.3333333333333333,0.12150000000000001,-1,-1,-1,1.0,1.0,-1.0,0.0,-0.3333333333333333,0.12150000000000001,-1,-1,-1,0.356862745098039,0.694117647058824,0.803921568627451
112.57550477981567,0.0,0.26542570211678174,0.03,1,1,1,0.0,0.3333333333333333,0.12150000000000001,-1,-1,-1,1.0,1.0,-1.0,0.0,-0.3333333333333333,0.12150000000000001,-1,-1,-1,0.356862745098039,0.694117647058824,0.803921568627451
112.61017608642578,0.0,0.26701204691271363,0.03,1,1,1,0.0,0.3333333333333333,0.12150000000000001,-1,-1,-1,1.0,1.0,-1.0,0.0,-0.3333333333333333,0.12150000000000001,-1,-1,-1,0.356862745098039,0.694117647058824,0.803921568627451
112.6456778049469,0.0,0.2685983917086455,0.03,1,1,1,0.0,0.3333333333333333,0.12150000000000001,-1,-1,-1,1.0,1.0,-1.0,0.0,-0.3333333333333333,0.12150000000000001,-1,-1,-1,0.356862745098039,0.694117647058824,0.803921568627451
112.68011665344238,0.0,0.2701847365045774,0.03,1,1,1,0.0,0.3333333333333333,0.12150000000000001,-1,-1,-1,1.0,1.0,-1.0,0.0,-0.3333333333333333,0.12150000000000001,-1,-1,-1,0.356862745098039,0.694117647058824,0.803921568627451
112.71442580223083,0.0,0.2717710813005093,0.03,1,1,1,0.0,0.3333333333333333,0.12150000000000001,-1,-1,-1,1.0,1.0,-1.0,0.0,-0.3333333333333333,0.12150000000000001,-1,-1,-1,0.356862745098039,0.694117647058824,0.803921568627451
112.74986672401428,0.0,0.2733574260964412,0.03,1,1,1,0.0,0.3333333333333333,0.12150000000000001,-1,-1,-1,1.0,1.0,-1.0,0.0,-0.3333333333333333,0.12150000000000001,-1,-1,-1,0.356862745098039,0.694117647058824,0.803921568627451
112.78634333610535,0.0,0.2749437708923731,0.03,1,1,1,0.0,0.3333333333333333,0.12150000000000001,-1,-1,-1,1.0,1.0,-1.0,0.0,-0.3333333333333333,0.12150000000000001,-1,-1,-1,0.356862745098039,0.694117647058824,0.803921568627451
112.81955647468567,0.0,0.276530115688305,0.03,1,1,1,0.0,0.3333333333333333,0.12150000000000001,-1,-1,-1,1.0,1.0,-1.0,0.0,-0.3333333333333333,0.12150000000000001,-1,-1,-1,0.356862745098039,0.694117647058824,0.803921568627451
112.85529446601868,0.0,0.2781164604842369,0.03,1,1,1,0.0,0.3333333333333333,0.12150000000000001,-1,-1,-1,1.0,1.0,-1.0,0.0,-0.3333333333333333,0.12150000000000001,-1,-1,-1,0.356862745098039,0.694117647058824,0.803921568627451
112.88971495628357,0.0,0.28036541152719396,0.03,1,1,1,0.0,0.3333333333333333,0.12150000000000001,-1,-1,-1,1.0,1.0,-1.0,0.0,-0.3333333333333333,0.12150000000000001,-1,-1,-1,0.356862745098039,0.694117647058824,0.803921568627451
112.92256283760071,0.0,0.28278001413190734,0.03,1,1,1,0.0,0.3333333333333333,0.12150000000000001,-1,-1,-1,1.0,1.0,-1.0,0.0,-0.3333333333333333,0.12150000000000001,-1,-1,-1,0.356862745098039,0.694117647058824,0.803921568627451
112.95713114738464,0.0,0.2851946167366207,0.03,1,1,1,0.0,0.3333333333333333,0.12150000000000001,-1,-1,-1,1.0,1.0,-1.0,0.0,-0.3333333333333333,0.12150000000000001,-1,-1,-1,0.356862745098039,0.694117647058824,0.803921568627451
112.99196243286133,0.0,0.2876092193413341,0.03,1,1,1,0.0,0.3333333333333333,0.12150000000000001,-1,-1,-1,1.0,1.0,-1.0,0.0,-0.3333333333333333,0.12150000000000001,-1,-1,-1,0.356862745098039,0.694117647058824,0.803921568627451
113.02674698829651,0.0,0.2900238219460475,0.03,1,1,1,0.0,0.3333333333333333,0.12150000000000001,-1,-1,-1,1.0,1.0,-1.0,0.0,-0.3333333333333333,0.12150000000000001,-1,-1,-1,0.356862745098039,0.694117647058824,0.803921568627451
113.06145286560059,0.0,0.29243842455076086,0.03,1,1,1,0.0,0.3333333333333333,0.12150000000000001,-1,-1,-1,1.0,1.0,-1.0,0.0,-0.3333333333333333,0.12150000000000001,-1,-1,-1,0.356862745098039,0.694117647058824,0.803921568627451
113.09610486030579,0.0,0.29485302715547423,0.03,1,1,1,0.0,0.3333333333333333,0.12150000000000001,-1,-1,-1,1.0,1.0,-1.0,0.0,-0.3333333333333333,0.12150000000000001,-1,-1,-1,0.356862745098039,0.694117647058824,0.803921568627451
113.13087177276611,0.0,0.2972676297601876,0.03,1,1,1,0.0,0.3333333333333333,0.12150000000000001,-1,-1,-1,1.0,1.0,-1.0,0.0,-0.3333333333333333,0.12150000000000001,-1,-1,-1,0.356862745098039,0.694117647058824,0.803921568627451
113.1657361984253,0.0,0.299682232364901,0.03,1,1,1,0.0,0.3333333333333333,0.12150000000000001,-1,-1,-1,1.0,1.0,-1.0,0.0,-0.3333333333333333,0.12150000000000001,-1,-1,-1,0.356862745098039,0.694117647058824,0.803921568627451
113.20026993751526,0.0,0.30209683496961437,0.03,1,1,1,0.0,0.3333333333333333,0.12150000000000001,-1,-1,-1,1.0,1.0,-1.0,0.0,-0.3333333333333333,0.12150000000000001,-1,-1,-1,0.356862745098039,0.694117647058824,0.803921568627451
113.23527264595032,0.0,0.30451143757432775,0.03,1,1,1,0.0,0.3333333333333333,0.12150000000000001,-1,-1,-1,1.0,1.0,-1.0,0.0,-0.3333333333333333,0.12150000000000001,-1,-1,-1,0.356862745098039,0.694117647058824,0.803921568627451
113.27006816864014,0.0,0.3069260401790411,0.03,1,1,1,0.0,0.3333333333333333,0.12150000000000001,-1,-1,-1,1.0,1.0,-1.0,0.0,-0.3333333333333333,0.12150000000000001,-1,-1,-1,0.356862745098039,0.694117647058824,0.803921568627451
113.30476832389832,0.0,0.3093406427837545,0.03,1,1,1,0.0,0.3333333333333333,0.12150000000000001,-1,-1,-1,1.0,1.0,-1.0,0.0,-0.3333333333333333,0.12150000000000001,-1,-1,-1,0.356862745098039,0.694117647058824,0.803921568627451
113.33937501907349,0.0,0.3117552453884679,0.03,1,1,1,0.0,0.3333333333333333,0.12150000000000001,-1,-1,-1,1.0,1.0,-1.0,0.0,-0.3333333333333333,0.12150000000000001,-1,-1,-1,0.356862745098039,0.694117647058824,0.803921568627451
113.37444400787354,0.0,0.31416984799318126,0.03,1,1,1,0.0,0.3333333333333333,0.12150000000000001,-1,-1,-1,1.0,1.0,-1.0,0.0,-0.3333333333333333,0.12150000000000001,-1,-1,-1,0.356862745098039,0.694117647058824,0.803921568627451
113.40909671783447,0.0,0.31658445059789464,0.03,1,1,1,0.0,0.3333333333333333,0.12150000000000001,-1,-1,-1,1.0,1.0,-1.0,0.0,-0.3333333333333333,0.12150000000000001,-1,-1,-1,0.356862745098039,0.694117647058824,0.803921568627451
113.44344878196716,0.0,0.318999053202608,0.03,1,1,1,0.0,0.3333333333333333,0.12150000000000001,-1,-1,-1,1.0,1.0,-1.0,0.0,-0.3333333333333333,0.12150000000000001,-1,-1,-1,0.356862745098039,0.694117647058824,0.803921568627451
113.47848606109619,0.0,0.3214136558073214,0.03,1,1,1,0.0,0.3333333333333333,0.12150000000000001,-1,-1,-1,1.0,1.0,-1.0,0.0,-0.3333333333333333,0.12150000000000001,-1,-1,-1,0.356862745098039,0.694117647058824,0.803921568627451
113.51321315765381,0.0,0.3238282584120348,0.03,1,1,1,0.0,0.3333333333333333,0.12150000000000001,-1,-1,-1,1.0,1.0,-1.0,0.0,-0.3333333333333333,0.12150000000000001,-1,-1,-1,0.356862745098039,0.694117647058824,0.803921568627451
113.54752922058105,0.0,0.32624286101674815,0.03,1,1,1,0.0,0.3333333333333333,0.12150000000000001,-1,-1,-1,1.0,1.0,-1.0,0.0,-0.3333333333333333,0.12150000000000001,-1,-1,-1,0.356862745098039,0.694117647058824,0.803921568627451
113.582998752594,0.0,0.32865746362146153,0.03,1,1,1,0.0,0.3333333333333333,0.12150000000000001,-1,-1,-1,1.0,1.0,-1.0,0.0,-0.3333333333333333,0.12150000000000001,-1,-1,-1,0.356862745098039,0.694117647058824,0.803921568627451
113.61764192581177,0.0,0.3310720662261749,0.03,1,1,1,0.0,0.3333333333333333,0.12150000000000001,-1,-1,-1,1.0,1.0,-1.0,0.0,-0.3333333333333333,0.12150000000000001,-1,-1,-1,0.356862745098039,0.694117647058824,0.803921568627451
113.6517972946167,0.0,0.3334866688308883,0.03,1,1,1,0.0,0.3333333333333333,0.12150000000000001,-1,-1,-1,1.0,1.0,-1.0,0.0,-0.3333333333333333,0.12150000000000001,-1,-1,-1,0.356862745098039,0.694117647058824,0.803921568627451
113.68652749061584,0.0,0.3334866688308883,0.03,1,1,1,0.0,0.3333333333333333,0.12150000000000001,-1,-1,-1,1.0,1.0,-1.0,0.0,-0.3333333333333333,0.12150000000000001,-1,-1,-1,0.356862745098039,0.694117647058824,0.803921568627451
113.72116327285767,0.0,0.3334866688308883,0.03,1,1,1,0.0,0.3333333333333333,0.12150000000000001,-1,-1,-1,1.0,1.0,-1.0,0.0,-0.3333333333333333,0.12150000000000001,-1,-1,-1,0.356862745098039,0.694117647058824,0.803921568627451
113.75581431388855,0.0,0.3334866688308883,0.03,1,1,1,0.0,0.3333333333333333,0.12150000000000001,-1,-1,-1,1.0,1.0,-1.0,0.0,-0.3333333333333333,0.12150000000000001,-1,-1,-1,0.356862745098039,0.694117647058824,0.803921568627451
113.79053688049316,0.0,0.3334866688308883,0.03,1,1,1,0.0,0.3333333333333333,0.12150000000000001,-1,-1,-1,1.0,1.0,-1.0,0.0,-0.3333333333333333,0.12150000000000001,-1,-1,-1,0.356862745098039,0.694117647058824,0.803921568627451
113.82528042793274,0.0,0.3334866688308883,0.03,1,1,1,0.0,0.3333333333333333,0.12150000000000001,-1,-1,-1,1.0,1.0,-1.0,0.0,-0.3333333333333333,0.12150000000000001,-1,-1,-1,0.356862745098039,0.694117647058824,0.803921568627451
113.86026263237,0.0,0.3334866688308883,0.03,1,1,1,0.0,0.3333333333333333,0.12150000000000001,-1,-1,-1,1.0,1.0,-1.0,0.0,-0.3333333333333333,0.12150000000000001,-1,-1,-1,0.356862745098039,0.694117647058824,0.803921568627451
113.89486956596375,0.0,0.3334866688308883,0.03,1,1,1,0.0,0.3333333333333333,0.12150000000000001,-1,-1,-1,1.0,1.0,-1.0,0.0,-0.3333333333333333,0.12150000000000001,-1,-1,-1,0.356862745098039,0.694117647058824,0.803921568627451
113.92951321601868,0.0,0.3334866688308883,0.03,1,1,1,0.0,0.3333333333333333,0.12150000000000001,-1,-1,-1,1.0,1.0,-1.0,0.0,-0.3333333333333333,0.12150000000000001,-1,-1,-1,0.356862745098039,0.694117647058824,0.803921568627451
113.96437382698059,0.0,0.3334866688308883,0.03,1,1,1,0.0,0.3333333333333333,0.12150000000000001,-1,-1,-1,1.0,1.0,-1.0,0.0,-0.3333333333333333,0.12150000000000001,-1,-1,-1,0.356862745098039,0.694117647058824,0.803921568627451
113.99905014038086,0.0,0.3334866688308883,0.03,1,1,1,0.0,0.3333333333333333,0.12150000000000001,-1,-1,-1,1.0,1.0,-1.0,0.0,-0.3333333333333333,0.12150000000000001,-1,-1,-1,0.356862745098039,0.694117647058824,0.803921568627451
114.0337724685669,0.0,0.3334866688308883,0.03,1,1,1,0.0,0.3333333333333333,0.12150000000000001,-1,-1,-1,1.0,1.0,-1.0,0.0,-0.3333333333333333,0.12150000000000001,-1,-1,-1,0.356862745098039,0.694117647058824,0.803921568627451
114.06853342056274,0.0,0.3334866688308883,0.03,1,1,1,0.0,0.3333333333333333,0.12150000000000001,-1,-1,-1,1.0,1.0,-1.0,0.0,-0.3333333333333333,0.12150000000000001,-1,-1,-1,0.356862745098039,0.694117647058824,0.803921568627451
114.10346293449402,0.0,0.00024695747956442,0.03,1,1,1,0.0,0.3333333333333333,0.10935000000000002,1,1,1,1.0,1.0,-1.0,0.0,-0.3333333333333333,0.12150000000000001,-1,-1,-1,0.356862745098039,0.694117647058824,0.803921568627451
114.13841199874878,0.0,0.0004939149591288399,0.03,1,1,1,0.0,0.3333333333333333,0.10935000000000002,1,1,1,1.0,1.0,-1.0,0.0,-0.3333333333333333,0.12150000000000001,-1,-1,-1,0.356862745098039,0.694117647058824,0.803921568627451
114.17309737205505,0.0,0.0007408724386932597,0.03,1,1,1,0.0,0.3333333333333333,0.10935000000000002,1,1,1,1.0,1.0,-1.0,0.0,-0.3333333333333333,0.12150000000000001,-1,-1,-1,0.356862745098039,0.694117647058824,0.803921568627451
114.20782613754272,0.0,0.0009878299182576797,0.03,1,1,1,0.0,0.3333333333333333,0.10935000000000002,1,1,1,1.0,1.0,-1.0,0.0,-0.3333333333333333,0.12150000000000001,-1,-1,-1,0.356862745098039,0.694117647058824,0.803921568627451
114.24254989624023,0.0,0.0012347873978221001,0.03,1,1,1,0.0,0.3333333333333333,0.10935000000000002,1,1,1,1.0,1.0,-1.0,0.0,-0.3333333333333333,0.12150000000000001,-1,-1,-1,0.356862745098039,0.694117647058824,0.803921568627451
114.27691602706909,0.0,0.0014817448773865205,0.03,1,1,1,0.0,0.3333333333333333,0.10935000000000002,1,1,1,1.0,1.0,-1.0,0.0,-0.3333333333333333,0.12150000000000001,-1,-1,-1,0.356862745098039,0.694117647058824,0.803921568627451
114.31152629852295,0.0,0.001728702356950941,0.03,1,1,1,0.0,0.3333333333333333,0.10935000000000002,1,1,1,1.0,1.0,-1.0,0.0,-0.3333333333333333,0.12150000000000001,-1,-1,-1,0.356862745098039,0.694117647058824,0.803921568627451
114.34666728973389,0.0,0.0019756598365153616,0.03,1,1,1,0.0,0.3333333333333333,0.10935000000000002,1,1,1,1.0,1.0,-1.0,0.0,-0.3333333333333333,0.12150000000000001,-1,-1,-1,0.356862745098039,0.694117647058824,0.803921568627451
114.38102674484253,0.0,0.002222617316079781,0.03,1,1,1,0.0,0.3333333333333333,0.10935000000000002,1,1,1,1.0,1.0,-1.0,0.0,-0.3333333333333333,0.12150000000000001,-1,-1,-1,0.356862745098039,0.694117647058824,0.803921568627451
114.41575694084167,0.0,0.0024695747956442003,0.03,1,1,1,0.0,0.3333333333333333,0.10935000000000002,1,1,1,1.0,1.0,-1.0,0.0,-0.3333333333333333,0.12150000000000001,-1,-1,-1,0.356862745098039,0.694117647058824,0.803921568627451
114.4508535861969,0.0,0.0027165322752086196,0.03,1,1,1,0.0,0.3333333333333333,0.10935000000000002,1,1,1,1.0,1.0,-1.0,0.0,-0.3333333333333333,0.12150000000000001,-1,-1,-1,0.356862745098039,0.694117647058824,0.803921568627451
114.4851746559143,0.0,0.002963489754773039,0.03,1,1,1,0.0,0.3333333333333333,0.10935000000000002,1,1,1,1.0,1.0,-1.0,0.0,-0.3333333333333333,0.12150000000000001,-1,-1,-1,0.356862745098039,0.694117647058824,0.803921568627451
114.5198802947998,0.0,0.0032104472343374582,0.03,1,1,1,0.0,0.3333333333333333,0.10935000000000002,1,1,1,1.0,1.0,-1.0,0.0,-0.3333333333333333,0.12150000000000001,-1,-1,-1,0.356862745098039,0.694117647058824,0.803921568627451
114.55456852912903,0.0,0.0034574047139018776,0.03,1,1,1,0.0,0.3333333333333333,0.10935000000000002,1,1,1,1.0,1.0,-1.0,0.0,-0.3333333333333333,0.12150000000000001,-1,-1,-1,0.356862745098039,0.694117647058824,0.803921568627451
114.58951759338379,0.0,0.0037043621934662965,0.03,1,1,1,0.0,0.3333333333333333,0.10935000000000002,1,1,1,1.0,1.0,-1.0,0.0,-0.3333333333333333,0.12150000000000001,-1,-1,-1,0.356862745098039,0.694117647058824,0.803921568627451
114.62409353256226,0.0,0.003951319673030715,0.03,1,1,1,0.0,0.3333333333333333,0.10935000000000002,1,1,1,1.0,1.0,-1.0,0.0,-0.3333333333333333,0.12150000000000001,-1,-1,-1,0.356862745098039,0.694117647058824,0.803921568627451
114.65896773338318,0.0,0.004198277152595135,0.03,1,1,1,0.0,0.3333333333333333,0.10935000000000002,1,1,1,1.0,1.0,-1.0,0.0,-0.3333333333333333,0.12150000000000001,-1,-1,-1,0.356862745098039,0.694117647058824,0.803921568627451
114.69343304634094,0.0,0.004445234632159554,0.03,1,1,1,0.0,0.3333333333333333,0.10935000000000002,1,1,1,1.0,1.0,-1.0,0.0,-0.3333333333333333,0.12150000000000001,-1,-1,-1,0.356862745098039,0.694117647058824,0.803921568627451
114.7285304069519,0.0,0.004692192111723973,0.03,1,1,1,0.0,0.3333333333333333,0.10935000000000002,1,1,1,1.0,1.0,-1.0,0.0,-0.3333333333333333,0.12150000000000001,-1,-1,-1,0.356862745098039,0.694117647058824,0.803921568627451
114.76282048225403,0.0,0.004939149591288393,0.03,1,1,1,0.0,0.3333333333333333,0.10935000000000002,1,1,1,1.0,1.0,-1.0,0.0,-0.3333333333333333,0.12150000000000001,-1,-1,-1,0.356862745098039,0.694117647058824,0.803921568627451
114.79778695106506,0.0,0.005186107070852812,0.03,1,1,1,0.0,0.3333333333333333,0.10935000000000002,1,1,1,1.0,1.0,-1.0,0.0,-0.3333333333333333,0.12150000000000001,-1,-1,-1,0.356862745098039,0.694117647058824,0.803921568627451
114.83244442939758,0.0,0.005433064550417231,0.03,1,1,1,0.0,0.3333333333333333,0.10935000000000002,1,1,1,1.0,1.0,-1.0,0.0,-0.3333333333333333,0.12150000000000001,-1,-1,-1,0.356862745098039,0.694117647058824,0.803921568627451
114.86723327636719,0.0,0.005680022029981651,0.03,1,1,1,0.0,0.3333333333333333,0.10935000000000002,1,1,1,1.0,1.0,-1.0,0.0,-0.3333333333333333,0.12150000000000001,-1,-1,-1,0.356862745098039,0.694117647058824,0.803921568627451
114.9019365310669,0.0,0.00592697950954607,0.03,1,1,1,0.0,0.3333333333333333,0.10935000000000002,1,1,1,1.0,1.0,-1.0,0.0,-0.3333333333333333,0.12150000000000001,-1,-1,-1,0.356862745098039,0.694117647058824,0.803921568627451
114.93685603141785,0.0,0.006173936989110489,0.03,1,1,1,0.0,0.3333333333333333,0.10935000000000002,1,1,1,1.0,1.0,-1.0,0.0,-0.3333333333333333,0.12150000000000001,-1,-1,-1,0.356862745098039,0.694117647058824,0.803921568627451
114.97196555137634,0.0,0.006420894468674909,0.03,1,1,1,0.0,0.3333333333333333,0.10935000000000002,1,1,1,1.0,1.0,-1.0,0.0,-0.3333333333333333,0.12150000000000001,-1,-1,-1,0.356862745098039,0.694117647058824,0.803921568627451
115.0065860748291,0.0,0.006667851948239328,0.03,1,1,1,0.0,0.3333333333333333,0.10935000000000002,1,1,1,1.0,1.0,-1.0,0.0,-0.3333333333333333,0.12150000000000001,-1,-1,-1,0.356862745098039,0.694117647058824,0.803921568627451
115.04125261306763,0.0,0.006914809427803747,0.03,1,1,1,0.0,0.3333333333333333,0.10935000000000002,1,1,1,1.0,1.0,-1.0,0.0,-0.3333333333333333,0.12150000000000001,-1,-1,-1,0.356862745098039,0.694117647058824,0.803921568627451
115.07550883293152,0.0,0.007161766907368167,0.03,1,1,1,0.0,0.3333333333333333,0.10935000000000002,1,1,1,1.0,1.0,-1.0,0.0,-0.3333333333333333,0.12150000000000001,-1,-1,-1,0.356862745098039,0.694117647058824,0.803921568627451
115.11074209213257,0.0,0.007408724386932587,0.03,1,1,1,0.0,0.3333333333333333,0.10935000000000002,1,1,1,1.0,1.0,-1.0,0.0,-0.3333333333333333,0.12150000000000001,-1,-1,-1,0.356862745098039,0.694117647058824,0.803921568627451
115.1449658870697,0.0,0.007655681866497004,0.03,1,1,1,0.0,0.3333333333333333,0.10935000000000002,1,1,1,1.0,1.0,-1.0,0.0,-0.3333333333333333,0.12150000000000001,-1,-1,-1,0.356862745098039,0.694117647058824,0.803921568627451
115.18010544776917,0.0,0.007902639346061424,0.03,1,1,1,0.0,0.3333333333333333,0.10935000000000002,1,1,1,1.0,1.0,-1.0,0.0,-0.3333333333333333,0.12150000000000001,-1,-1,-1,0.356862745098039,0.694117647058824,0.803921568627451
115.21504807472229,0.0,0.008149596825625847,0.03,1,1,1,0.0,0.3333333333333333,0.10935000000000002,1,1,1,1.0,1.0,-1.0,0.0,-0.3333333333333333,0.12150000000000001,-1,-1,-1,0.356862745098039,0.694117647058824,0.803921568627451
115.24901843070984,0.0,0.008396554305190271,0.03,1,1,1,0.0,0.3333333333333333,0.10935000000000002,1,1,1,1.0,1.0,-1.0,0.0,-0.3333333333333333,0.12150000000000001,-1,-1,-1,0.356862745098039,0.694117647058824,0.803921568627451
115.28582429885864,0.0,0.008544728792928925,0.03,1,1,1,0.0,0.3333333333333333,0.10935000000000002,-1,-1,-1,1.0,1.0,-1.0,0.0,-0.3333333333333333,0.12150000000000001,-1,-1,-1,0.356862745098039,0.694117647058824,0.803921568627451
115.31849431991577,0.0,0.008544728792928925,0.03,1,1,1,0.0,0.3333333333333333,0.10935000000000002,-1,-1,-1,1.0,1.0,-1.0,0.0,-0.3333333333333333,0.12150000000000001,-1,-1,-1,0.356862745098039,0.694117647058824,0.803921568627451
115.35326743125916,0.0,0.008544728792928925,0.03,1,1,1,0.0,0.3333333333333333,0.10935000000000002,-1,-1,-1,1.0,1.0,-1.0,0.0,-0.3333333333333333,0.12150000000000001,-1,-1,-1,0.356862745098039,0.694117647058824,0.803921568627451
115.39238595962524,0.0,0.008544728792928925,0.03,1,1,1,0.0,0.3333333333333333,0.10935000000000002,-1,-1,-1,1.0,1.0,-1.0,0.0,-0.3333333333333333,0.12150000000000001,-1,-1,-1,0.356862745098039,0.694117647058824,0.803921568627451
115.42274117469788,0.0,0.008544728792928925,0.03,1,1,1,0.0,0.3333333333333333,0.10935000000000002,-1,-1,-1,1.0,1.0,-1.0,0.0,-0.3333333333333333,0.12150000000000001,-1,-1,-1,0.356862745098039,0.694117647058824,0.803921568627451
115.45741128921509,0.0,0.008544728792928925,0.03,1,1,1,0.0,0.3333333333333333,0.10935000000000002,-1,-1,-1,1.0,1.0,-1.0,0.0,-0.3333333333333333,0.12150000000000001,-1,-1,-1,0.356862745098039,0.694117647058824,0.803921568627451
115.49228715896606,0.0,0.008544728792928925,0.03,1,1,1,0.0,0.3333333333333333,0.10935000000000002,-1,-1,-1,1.0,1.0,-1.0,0.0,-0.3333333333333333,0.12150000000000001,-1,-1,-1,0.356862745098039,0.694117647058824,0.803921568627451
115.52680373191833,0.0,0.008544728792928925,0.03,1,1,1,0.0,0.3333333333333333,0.10935000000000002,-1,-1,-1,1.0,1.0,-1.0,0.0,-0.3333333333333333,0.12150000000000001,-1,-1,-1,0.356862745098039,0.694117647058824,0.803921568627451
115.56173300743103,0.0,0.008544728792928925,0.03,1,1,1,0.0,0.3333333333333333,0.10935000000000002,-1,-1,-1,1.0,1.0,-1.0,0.0,-0.3333333333333333,0.12150000000000001,-1,-1,-1,0.356862745098039,0.694117647058824,0.803921568627451
115.60111880302429,0.0,0.008544728792928925,0.03,1,1,1,0.0,0.3333333333333333,0.10935000000000002,-1,-1,-1,1.0,1.0,-1.0,0.0,-0.3333333333333333,0.12150000000000001,-1,-1,-1,0.356862745098039,0.694117647058824,0.803921568627451
115.63088655471802,0.0,0.008544728792928925,0.03,1,1,1,0.0,0.3333333333333333,0.10935000000000002,-1,-1,-1,1.0,1.0,-1.0,0.0,-0.3333333333333333,0.12150000000000001,-1,-1,-1,0.356862745098039,0.694117647058824,0.803921568627451
115.66550636291504,0.0,0.008544728792928925,0.03,1,1,1,0.0,0.3333333333333333,0.10935000000000002,-1,-1,-1,1.0,1.0,-1.0,0.0,-0.3333333333333333,0.12150000000000001,-1,-1,-1,0.356862745098039,0.694117647058824,0.803921568627451
115.70060801506042,0.0,0.008544728792928925,0.03,1,1,1,0.0,0.3333333333333333,0.10935000000000002,-1,-1,-1,1.0,1.0,-1.0,0.0,-0.3333333333333333,0.12150000000000001,-1,-1,-1,0.356862745098039,0.694117647058824,0.803921568627451
115.73545265197754,0.0,0.008544728792928925,0.03,1,1,1,0.0,0.3333333333333333,0.10935000000000002,-1,-1,-1,1.0,1.0,-1.0,0.0,-0.3333333333333333,0.12150000000000001,-1,-1,-1,0.356862745098039,0.694117647058824,0.803921568627451
115.77049493789673,0.0,0.008544728792928925,0.03,1,1,1,0.0,0.3333333333333333,0.10935000000000002,-1,-1,-1,1.0,1.0,-1.0,0.0,-0.3333333333333333,0.12150000000000001,-1,-1,-1,0.356862745098039,0.694117647058824,0.803921568627451
115.80443406105042,0.0,0.008544728792928925,0.03,1,1,1,0.0,0.3333333333333333,0.10935000000000002,-1,-1,-1,1.0,1.0,-1.0,0.0,-0.3333333333333333,0.12150000000000001,-1,-1,-1,0.356862745098039,0.694117647058824,0.803921568627451
115.83935308456421,0.0,0.008544728792928925,0.03,1,1,1,0.0,0.3333333333333333,0.10935000000000002,-1,-1,-1,1.0,1.0,-1.0,0.0,-0.3333333333333333,0.12150000000000001,-1,-1,-1,0.356862745098039,0.694117647058824,0.803921568627451
115.87400913238525,0.0,0.008544728792928925,0.03,1,1,1,0.0,0.3333333333333333,0.10935000000000002,-1,-1,-1,1.0,1.0,-1.0,0.0,-0.3333333333333333,0.12150000000000001,-1,-1,-1,0.356862745098039,0.694117647058824,0.803921568627451
115.90881443023682,0.0,0.008544728792928925,0.03,1,1,1,0.0,0.3333333333333333,0.10935000000000002,-1,-1,-1,1.0,1.0,-1.0,0.0,-0.3333333333333333,0.12150000000000001,-1,-1,-1,0.356862745098039,0.694117647058824,0.803921568627451
115.9434859752655,0.0,0.008544728792928925,0.03,1,1,1,0.0,0.3333333333333333,0.10935000000000002,-1,-1,-1,1.0,1.0,-1.0,0.0,-0.3333333333333333,0.12150000000000001,-1,-1,-1,0.356862745098039,0.694117647058824,0.803921568627451
115.97824621200562,0.0,0.008544728792928925,0.03,1,1,1,0.0,0.3333333333333333,0.10935000000000002,-1,-1,-1,1.0,1.0,-1.0,0.0,-0.3333333333333333,0.12150000000000001,-1,-1,-1,0.356862745098039,0.694117647058824,0.803921568627451
116.01299691200256,0.0,0.008544728792928925,0.03,1,1,1,0.0,0.3333333333333333,0.10935000000000002,-1,-1,-1,1.0,1.0,-1.0,0.0,-0.3333333333333333,0.12150000000000001,-1,-1,-1,0.356862745098039,0.694117647058824,0.803921568627451
116.04745101928711,0.0,0.008544728792928925,0.03,1,1,1,0.0,0.3333333333333333,0.10935000000000002,-1,-1,-1,1.0,1.0,-1.0,0.0,-0.3333333333333333,0.12150000000000001,-1,-1,-1,0.356862745098039,0.694117647058824,0.803921568627451
116.08245420455933,0.0,0.008544728792928925,0.03,1,1,1,0.0,0.3333333333333333,0.10935000000000002,-1,-1,-1,1.0,1.0,-1.0,0.0,-0.3333333333333333,0.12150000000000001,-1,-1,-1,0.356862745098039,0.694117647058824,0.803921568627451
116.11712408065796,0.0,0.008544728792928925,0.03,1,1,1,0.0,0.3333333333333333,0.10935000000000002,-1,-1,-1,1.0,1.0,-1.0,0.0,-0.3333333333333333,0.12150000000000001,-1,-1,-1,0.356862745098039,0.694117647058824,0.803921568627451
116.1518816947937,0.0,0.008544728792928925,0.03,1,1,1,0.0,0.3333333333333333,0.10935000000000002,-1,-1,-1,1.0,1.0,-1.0,0.0,-0.3333333333333333,0.12150000000000001,-1,-1,-1,0.356862745098039,0.694117647058824,0.803921568627451
116.18665742874146,0.0,0.008544728792928925,0.03,1,1,1,0.0,0.3333333333333333,0.10935000000000002,-1,-1,-1,1.0,1.0,-1.0,0.0,-0.3333333333333333,0.12150000000000001,-1,-1,-1,0.356862745098039,0.694117647058824,0.803921568627451
116.2213966846466,0.0,0.008544728792928925,0.03,1,1,1,0.0,0.3333333333333333,0.10935000000000002,-1,-1,-1,1.0,1.0,-1.0,0.0,-0.3333333333333333,0.12150000000000001,-1,-1,-1,0.356862745098039,0.694117647058824,0.803921568627451
116.25605821609497,0.0,0.008544728792928925,0.03,1,1,1,0.0,0.3333333333333333,0.10935000000000002,-1,-1,-1,1.0,1.0,-1.0,0.0,-0.3333333333333333,0.12150000000000001,-1,-1,-1,0.356862745098039,0.694117647058824,0.803921568627451
116.29094171524048,0.0,0.008544728792928925,0.03,1,1,1,0.0,0.3333333333333333,0.10935000000000002,-1,-1,-1,1.0,1.0,-1.0,0.0,-0.3333333333333333,0.12150000000000001,-1,-1,-1,0.356862745098039,0.694117647058824,0.803921568627451
116.32645297050476,0.0,0.008544728792928925,0.03,1,1,1,0.0,0.3333333333333333,0.10935000000000002,-1,-1,-1,1.0,1.0,-1.0,0.0,-0.3333333333333333,0.12150000000000001,-1,-1,-1,0.356862745098039,0.694117647058824,0.803921568627451
116.3603687286377,0.0,0.008544728792928925,0.03,1,1,1,0.0,0.3333333333333333,0.10935000000000002,-1,-1,-1,1.0,1.0,-1.0,0.0,-0.3333333333333333,0.12150000000000001,-1,-1,-1,0.356862745098039,0.694117647058824,0.803921568627451
116.39574551582336,0.0,0.008544728792928925,0.03,1,1,1,0.0,0.3333333333333333,0.10935000000000002,-1,-1,-1,1.0,1.0,-1.0,0.0,-0.3333333333333333,0.12150000000000001,-1,-1,-1,0.356862745098039,0.694117647058824,0.803921568627451
116.43005466461182,0.0,0.008544728792928925,0.03,1,1,1,0.0,0.3333333333333333,0.10935000000000002,-1,-1,-1,1.0,1.0,-1.0,0.0,-0.3333333333333333,0.12150000000000001,-1,-1,-1,0.356862745098039,0.694117647058824,0.803921568627451
116.46494364738464,0.0,0.008544728792928925,0.03,1,1,1,0.0,0.3333333333333333,0.10935000000000002,-1,-1,-1,1.0,1.0,-1.0,0.0,-0.3333333333333333,0.12150000000000001,-1,-1,-1,0.356862745098039,0.694117647058824,0.803921568627451
116.49909329414368,0.0,0.002868245542946294,0.03,1,1,1,0.0,0.3333333333333333,0.10935000000000002,-1,-1,-1,1.0,1.0,-1.0,0.0,-0.3333333333333333,0.12150000000000001,-1,-1,-1,0.356862745098039,0.694117647058824,0.803921568627451
116.53360414505005,0.0,-0.004227358519531996,0.03,1,1,1,0.0,0.3333333333333333,0.10935000000000002,-1,-1,-1,1.0,1.0,-1.0,0.0,-0.3333333333333333,0.12150000000000001,-1,-1,-1,0.356862745098039,0.694117647058824,0.803921568627451
116.56842541694641,0.0,-0.011322962582010288,0.03,1,1,1,0.0,0.3333333333333333,0.10935000000000002,-1,-1,-1,1.0,1.0,-1.0,0.0,-0.3333333333333333,0.12150000000000001,-1,-1,-1,0.356862745098039,0.694117647058824,0.803921568627451
116.60308313369751,0.0,-0.018418566644488578,0.03,1,1,1,0.0,0.3333333333333333,0.10935000000000002,-1,-1,-1,1.0,1.0,-1.0,0.0,-0.3333333333333333,0.12150000000000001,-1,-1,-1,0.356862745098039,0.694117647058824,0.803921568627451
116.63771414756775,0.0,-0.025514170706966863,0.03,1,1,1,0.0,0.3333333333333333,0.10935000000000002,-1,-1,-1,1.0,1.0,-1.0,0.0,-0.3333333333333333,0.12150000000000001,-1,-1,-1,0.356862745098039,0.694117647058824,0.803921568627451
116.67259192466736,0.0,-0.032609774769445155,0.03,1,1,1,0.0,0.3333333333333333,0.10935000000000002,-1,-1,-1,1.0,1.0,-1.0,0.0,-0.3333333333333333,0.12150000000000001,-1,-1,-1,0.356862745098039,0.694117647058824,0.803921568627451
116.70805263519287,0.0,-0.03970537883192344,0.03,1,1,1,0.0,0.3333333333333333,0.10935000000000002,-1,-1,-1,1.0,1.0,-1.0,0.0,-0.3333333333333333,0.12150000000000001,-1,-1,-1,0.356862745098039,0.694117647058824,0.803921568627451
116.74207878112793,0.0,-0.046800982894401724,0.03,1,1,1,0.0,0.3333333333333333,0.10935000000000002,-1,-1,-1,1.0,1.0,-1.0,0.0,-0.3333333333333333,0.12150000000000001,-1,-1,-1,0.356862745098039,0.694117647058824,0.803921568627451
116.77673029899597,0.0,-0.05389658695688001,0.03,1,1,1,0.0,0.3333333333333333,0.10935000000000002,-1,-1,-1,1.0,1.0,-1.0,0.0,-0.3333333333333333,0.12150000000000001,-1,-1,-1,0.356862745098039,0.694117647058824,0.803921568627451
116.81150317192078,0.0,-0.0609921910193583,0.03,1,1,1,0.0,0.3333333333333333,0.10935000000000002,-1,-1,-1,1.0,1.0,-1.0,0.0,-0.3333333333333333,0.12150000000000001,-1,-1,-1,0.356862745098039,0.694117647058824,0.803921568627451
116.84657692909241,0.0,-0.06808779508183661,0.03,1,1,1,0.0,0.3333333333333333,0.10935000000000002,-1,-1,-1,1.0,1.0,-1.0,0.0,-0.3333333333333333,0.12150000000000001,-1,-1,-1,0.356862745098039,0.694117647058824,0.803921568627451
116.88109493255615,0.0,-0.07518339914431493,0.03,1,1,1,0.0,0.3333333333333333,0.10935000000000002,-1,-1,-1,1.0,1.0,-1.0,0.0,-0.3333333333333333,0.12150000000000001,-1,-1,-1,0.356862745098039,0.694117647058824,0.803921568627451
116.91568446159363,0.0,-0.08227900320679325,0.03,1,1,1,0.0,0.3333333333333333,0.10935000000000002,-1,-1,-1,1.0,1.0,-1.0,0.0,-0.3333333333333333,0.12150000000000001,-1,-1,-1,0.356862745098039,0.694117647058824,0.803921568627451
116.95045161247253,0.0,-0.08937460726927157,0.03,1,1,1,0.0,0.3333333333333333,0.10935000000000002,-1,-1,-1,1.0,1.0,-1.0,0.0,-0.3333333333333333,0.12150000000000001,-1,-1,-1,0.356862745098039,0.694117647058824,0.803921568627451
116.98522734642029,0.0,-0.09647021133174989,0.03,1,1,1,0.0,0.3333333333333333,0.10935000000000002,-1,-1,-1,1.0,1.0,-1.0,0.0,-0.3333333333333333,0.12150000000000001,-1,-1,-1,0.356862745098039,0.694117647058824,0.803921568627451
117.0201346874237,0.0,-0.10356581539422821,0.03,1,1,1,0.0,0.3333333333333333,0.10935000000000002,-1,-1,-1,1.0,1.0,-1.0,0.0,-0.3333333333333333,0.12150000000000001,-1,-1,-1,0.356862745098039,0.694117647058824,0.803921568627451
117.05476355552673,0.0,-0.11066141945670653,0.03,1,1,1,0.0,0.3333333333333333,0.10935000000000002,-1,-1,-1,1.0,1.0,-1.0,0.0,-0.3333333333333333,0.12150000000000001,-1,-1,-1,0.356862745098039,0.694117647058824,0.803921568627451
117.0893566608429,0.0,-0.11775702351918485,0.03,1,1,1,0.0,0.3333333333333333,0.10935000000000002,-1,-1,-1,1.0,1.0,-1.0,0.0,-0.3333333333333333,0.12150000000000001,-1,-1,-1,0.356862745098039,0.694117647058824,0.803921568627451
117.12421822547913,0.0,-0.12485262758166313,0.03,1,1,1,0.0,0.3333333333333333,0.10935000000000002,-1,-1,-1,1.0,1.0,-1.0,0.0,-0.3333333333333333,0.12150000000000001,-1,-1,-1,0.356862745098039,0.694117647058824,0.803921568627451
117.15890169143677,0.0,-0.13194823164414138,0.03,1,1,1,0.0,0.3333333333333333,0.10935000000000002,-1,-1,-1,1.0,1.0,-1.0,0.0,-0.3333333333333333,0.12150000000000001,-1,-1,-1,0.356862745098039,0.694117647058824,0.803921568627451
117.1935076713562,0.0,-0.13904383570661963,0.03,1,1,1,0.0,0.3333333333333333,0.10935000000000002,-1,-1,-1,1.0,1.0,-1.0,0.0,-0.3333333333333333,0.12150000000000001,-1,-1,-1,0.356862745098039,0.694117647058824,0.803921568627451
117.22931051254272,0.0,-0.14613943976909788,0.03,1,1,1,0.0,0.3333333333333333,0.10935000000000002,-1,-1,-1,1.0,1.0,-1.0,0.0,-0.3333333333333333,0.12150000000000001,-1,-1,-1,0.356862745098039,0.694117647058824,0.803921568627451
117.26294612884521,0.0,-0.15323504383157613,0.03,1,1,1,0.0,0.3333333333333333,0.10935000000000002,-1,-1,-1,1.0,1.0,-1.0,0.0,-0.3333333333333333,0.12150000000000001,-1,-1,-1,0.356862745098039,0.694117647058824,0.803921568627451
117.29772090911865,0.0,-0.16033064789405438,0.03,1,1,1,0.0,0.3333333333333333,0.10935000000000002,-1,-1,-1,1.0,1.0,-1.0,0.0,-0.3333333333333333,0.12150000000000001,-1,-1,-1,0.356862745098039,0.694117647058824,0.803921568627451
117.33299803733826,0.0,-0.16742625195653263,0.03,1,1,1,0.0,0.3333333333333333,0.10935000000000002,-1,-1,-1,1.0,1.0,-1.0,0.0,-0.3333333333333333,0.12150000000000001,-1,-1,-1,0.356862745098039,0.694117647058824,0.803921568627451
117.36709690093994,0.0,-0.17452185601901088,0.03,1,1,1,0.0,0.3333333333333333,0.10935000000000002,-1,-1,-1,1.0,1.0,-1.0,0.0,-0.3333333333333333,0.12150000000000001,-1,-1,-1,0.356862745098039,0.694117647058824,0.803921568627451
117.40207147598267,0.0,-0.18161746008148913,0.03,1,1,1,0.0,0.3333333333333333,0.10935000000000002,-1,-1,-1,1.0,1.0,-1.0,0.0,-0.3333333333333333,0.12150000000000001,-1,-1,-1,0.356862745098039,0.694117647058824,0.803921568627451
117.43722438812256,0.0,-0.18871306414396738,0.03,1,1,1,0.0,0.3333333333333333,0.10935000000000002,-1,-1,-1,1.0,1.0,-1.0,0.0,-0.3333333333333333,0.12150000000000001,-1,-1,-1,0.356862745098039,0.694117647058824,0.803921568627451
117.4716866016388,0.0,-0.19580866820644563,0.03,1,1,1,0.0,0.3333333333333333,0.10935000000000002,-1,-1,-1,1.0,1.0,-1.0,0.0,-0.3333333333333333,0.12150000000000001,-1,-1,-1,0.356862745098039,0.694117647058824,0.803921568627451
117.50599098205566,0.0,-0.20290427226892388,0.03,1,1,1,0.0,0.3333333333333333,0.10935000000000002,-1,-1,-1,1.0,1.0,-1.0,0.0,-0.3333333333333333,0.12150000000000001,-1,-1,-1,0.356862745098039,0.694117647058824,0.803921568627451
117.54110479354858,0.0,-0.20999987633140213,0.03,1,1,1,0.0,0.3333333333333333,0.10935000000000002,-1,-1,-1,1.0,1.0,-1.0,0.0,-0.3333333333333333,0.12150000000000001,-1,-1,-1,0.356862745098039,0.694117647058824,0.803921568627451
117.57544755935669,0.0,-0.21709548039388038,0.03,1,1,1,0.0,0.3333333333333333,0.10935000000000002,-1,-1,-1,1.0,1.0,-1.0,0.0,-0.3333333333333333,0.12150000000000001,-1,-1,-1,0.356862745098039,0.694117647058824,0.803921568627451
117.610511302948,0.0,-0.22419108445635863,0.03,1,1,1,0.0,0.3333333333333333,0.10935000000000002,-1,-1,-1,1.0,1.0,-1.0,0.0,-0.3333333333333333,0.12150000000000001,-1,-1,-1,0.356862745098039,0.694117647058824,0.803921568627451
117.6449728012085,0.0,-0.23128668851883688,0.03,1,1,1,0.0,0.3333333333333333,0.10935000000000002,-1,-1,-1,1.0,1.0,-1.0,0.0,-0.3333333333333333,0.12150000000000001,-1,-1,-1,0.356862745098039,0.694117647058824,0.803921568627451
117.67961382865906,0.0,-0.23533824302148376,0.03,1,1,1,0.0,0.3333333333333333,0.10935000000000002,-1,-1,-1,1.0,1.0,-1.0,0.0,-0.3333333333333333,0.12150000000000001,-1,-1,-1,0.356862745098039,0.694117647058824,0.803921568627451
117.71440410614014,0.0,-0.22721359928480517,0.03,1,1,1,0.0,0.3333333333333333,0.10935000000000002,-1,-1,-1,1.0,1.0,-1.0,0.0,-0.3333333333333333,0.12150000000000001,-1,-1,-1,0.356862745098039,0.694117647058824,0.803921568627451
117.74916386604309,0.0,-0.21908895554812657,0.03,1,1,1,0.0,0.3333333333333333,0.10935000000000002,-1,-1,-1,1.0,1.0,-1.0,0.0,-0.3333333333333333,0.12150000000000001,-1,-1,-1,0.356862745098039,0.694117647058824,0.803921568627451
117.78362321853638,0.0,-0.21096431181144798,0.03,1,1,1,0.0,0.3333333333333333,0.10935000000000002,-1,-1,-1,1.0,1.0,-1.0,0.0,-0.3333333333333333,0.12150000000000001,-1,-1,-1,0.356862745098039,0.694117647058824,0.803921568627451
117.81859922409058,0.0,-0.20283966807476939,0.03,1,1,1,0.0,0.3333333333333333,0.10935000000000002,-1,-1,-1,1.0,1.0,-1.0,0.0,-0.3333333333333333,0.12150000000000001,-1,-1,-1,0.356862745098039,0.694117647058824,0.803921568627451
117.85322833061218,0.0,-0.1947150243380908,0.03,1,1,1,0.0,0.3333333333333333,0.10935000000000002,-1,-1,-1,1.0,1.0,-1.0,0.0,-0.3333333333333333,0.12150000000000001,-1,-1,-1,0.356862745098039,0.694117647058824,0.803921568627451
117.88794827461243,0.0,-0.1865903806014122,0.03,1,1,1,0.0,0.3333333333333333,0.10935000000000002,-1,-1,-1,1.0,1.0,-1.0,0.0,-0.3333333333333333,0.12150000000000001,-1,-1,-1,0.356862745098039,0.694117647058824,0.803921568627451
117.922616481781,0.0,-0.1784657368647336,0.03,1,1,1,0.0,0.3333333333333333,0.10935000000000002,-1,-1,-1,1.0,1.0,-1.0,0.0,-0.3333333333333333,0.12150000000000001,-1,-1,-1,0.356862745098039,0.694117647058824,0.803921568627451
117.96265625953674,0.0,-0.170341093128055,0.03,1,1,1,0.0,0.3333333333333333,0.10935000000000002,-1,-1,-1,1.0,1.0,-1.0,0.0,-0.3333333333333333,0.12150000000000001,-1,-1,-1,0.356862745098039,0.694117647058824,0.803921568627451
117.99243640899658,0.0,-0.16221644939137642,0.03,1,1,1,0.0,0.3333333333333333,0.10935000000000002,-1,-1,-1,1.0,1.0,-1.0,0.0,-0.3333333333333333,0.12150000000000001,-1,-1,-1,0.356862745098039,0.694117647058824,0.803921568627451
118.02953958511353,0.0,-0.15409180565469782,0.03,1,1,1,0.0,0.3333333333333333,0.10935000000000002,-1,-1,-1,1.0,1.0,-1.0,0.0,-0.3333333333333333,0.12150000000000001,-1,-1,-1,0.356862745098039,0.694117647058824,0.803921568627451
118.06362628936768,0.0,-0.14596716191801923,0.03,1,1,1,0.0,0.3333333333333333,0.10935000000000002,-1,-1,-1,1.0,1.0,-1.0,0.0,-0.3333333333333333,0.12150000000000001,-1,-1,-1,0.356862745098039,0.694117647058824,0.803921568627451
118.09583258628845,0.0,-0.13784251818134063,0.03,1,1,1,0.0,0.3333333333333333,0.10935000000000002,-1,-1,-1,1.0,1.0,-1.0,0.0,-0.3333333333333333,0.12150000000000001,-1,-1,-1,0.356862745098039,0.694117647058824,0.803921568627451
118.13317608833313,0.0,-0.12971787444466204,0.03,1,1,1,0.0,0.3333333333333333,0.10935000000000002,-1,-1,-1,1.0,1.0,-1.0,0.0,-0.3333333333333333,0.12150000000000001,-1,-1,-1,0.356862745098039,0.694117647058824,0.803921568627451
118.16731119155884,0.0,-0.12159323070798346,0.03,1,1,1,0.0,0.3333333333333333,0.10935000000000002,-1,-1,-1,1.0,1.0,-1.0,0.0,-0.3333333333333333,0.12150000000000001,-1,-1,-1,0.356862745098039,0.694117647058824,0.803921568627451
118.19994354248047,0.0,-0.11346858697130485,0.03,1,1,1,0.0,0.3333333333333333,0.10935000000000002,-1,-1,-1,1.0,1.0,-1.0,0.0,-0.3333333333333333,0.12150000000000001,-1,-1,-1,0.356862745098039,0.694117647058824,0.803921568627451
118.23473930358887,0.0,-0.10534394323462626,0.03,1,1,1,0.0,0.3333333333333333,0.10935000000000002,-1,-1,-1,1.0,1.0,-1.0,0.0,-0.3333333333333333,0.12150000000000001,-1,-1,-1,0.356862745098039,0.694117647058824,0.803921568627451
118.26946902275085,0.0,-0.09721929949794766,0.03,1,1,1,0.0,0.3333333333333333,0.10935000000000002,-1,-1,-1,1.0,1.0,-1.0,0.0,-0.3333333333333333,0.12150000000000001,-1,-1,-1,0.356862745098039,0.694117647058824,0.803921568627451
118.3040668964386,0.0,-0.08909465576126907,0.03,1,1,1,0.0,0.3333333333333333,0.10935000000000002,-1,-1,-1,1.0,1.0,-1.0,0.0,-0.3333333333333333,0.12150000000000001,-1,-1,-1,0.356862745098039,0.694117647058824,0.803921568627451
118.33886456489563,0.0,-0.08097001202459048,0.03,1,1,1,0.0,0.3333333333333333,0.10935000000000002,-1,-1,-1,1.0,1.0,-1.0,0.0,-0.3333333333333333,0.12150000000000001,-1,-1,-1,0.356862745098039,0.694117647058824,0.803921568627451
118.37373781204224,0.0,-0.07284536828791188,0.03,1,1,1,0.0,0.3333333333333333,0.10935000000000002,-1,-1,-1,1.0,1.0,-1.0,0.0,-0.3333333333333333,0.12150000000000001,-1,-1,-1,0.356862745098039,0.694117647058824,0.803921568627451
118.40840101242065,0.0,-0.06472072455123329,0.03,1,1,1,0.0,0.3333333333333333,0.10935000000000002,-1,-1,-1,1.0,1.0,-1.0,0.0,-0.3333333333333333,0.12150000000000001,-1,-1,-1,0.356862745098039,0.694117647058824,0.803921568627451
118.4430456161499,0.0,-0.05659608081455467,0.03,1,1,1,0.0,0.3333333333333333,0.10935000000000002,-1,-1,-1,1.0,1.0,-1.0,0.0,-0.3333333333333333,0.12150000000000001,-1,-1,-1,0.356862745098039,0.694117647058824,0.803921568627451
118.47774314880371,0.0,-0.04847143707787604,0.03,1,1,1,0.0,0.3333333333333333,0.10935000000000002,-1,-1,-1,1.0,1.0,-1.0,0.0,-0.3333333333333333,0.12150000000000001,-1,-1,-1,0.356862745098039,0.694117647058824,0.803921568627451
118.51262092590332,0.0,-0.04034679334119741,0.03,1,1,1,0.0,0.3333333333333333,0.10935000000000002,-1,-1,-1,1.0,1.0,-1.0,0.0,-0.3333333333333333,0.12150000000000001,-1,-1,-1,0.356862745098039,0.694117647058824,0.803921568627451
118.54717946052551,0.0,-0.03222214960451878,0.03,1,1,1,0.0,0.3333333333333333,0.10935000000000002,-1,-1,-1,1.0,1.0,-1.0,0.0,-0.3333333333333333,0.12150000000000001,-1,-1,-1,0.356862745098039,0.694117647058824,0.803921568627451
118.58186745643616,0.0,-0.024097505867840173,0.03,1,1,1,0.0,0.3333333333333333,0.10935000000000002,-1,-1,-1,1.0,1.0,-1.0,0.0,-0.3333333333333333,0.12150000000000001,-1,-1,-1,0.356862745098039,0.694117647058824,0.803921568627451
118.61681151390076,0.0,-0.01597286213116156,0.03,1,1,1,0.0,0.3333333333333333,0.10935000000000002,-1,-1,-1,1.0,1.0,-1.0,0.0,-0.3333333333333333,0.12150000000000001,-1,-1,-1,0.356862745098039,0.694117647058824,0.803921568627451
118.65136337280273,0.0,-0.007848218394482942,0.03,1,1,1,0.0,0.3333333333333333,0.10935000000000002,-1,-1,-1,1.0,1.0,-1.0,0.0,-0.3333333333333333,0.12150000000000001,-1,-1,-1,0.356862745098039,0.694117647058824,0.803921568627451
118.68617367744446,0.0,0.0002764253421956779,0.03,1,1,1,0.0,0.3333333333333333,0.10935000000000002,-1,-1,-1,1.0,1.0,-1.0,0.0,-0.3333333333333333,0.12150000000000001,-1,-1,-1,0.356862745098039,0.694117647058824,0.803921568627451
118.72105550765991,0.0,0.008401069078874297,0.03,1,1,1,0.0,0.3333333333333333,0.10935000000000002,-1,-1,-1,1.0,1.0,-1.0,0.0,-0.3333333333333333,0.12150000000000001,-1,-1,-1,0.356862745098039,0.694117647058824,0.803921568627451
118.75572061538696,0.0,0.016525712815552915,0.03,1,1,1,0.0,0.3333333333333333,0.10935000000000002,-1,-1,-1,1.0,1.0,-1.0,0.0,-0.3333333333333333,0.12150000000000001,-1,-1,-1,0.356862745098039,0.694117647058824,0.803921568627451
118.79040026664734,0.0,0.024650356552231526,0.03,1,1,1,0.0,0.3333333333333333,0.10935000000000002,-1,-1,-1,1.0,1.0,-1.0,0.0,-0.3333333333333333,0.12150000000000001,-1,-1,-1,0.356862745098039,0.694117647058824,0.803921568627451
118.82525825500488,0.0,0.03277500028891014,0.03,1,1,1,0.0,0.3333333333333333,0.10935000000000002,-1,-1,-1,1.0,1.0,-1.0,0.0,-0.3333333333333333,0.12150000000000001,-1,-1,-1,0.356862745098039,0.694117647058824,0.803921568627451
118.86001062393188,0.0,0.040899644025588766,0.03,1,1,1,0.0,0.3333333333333333,0.10935000000000002,-1,-1,-1,1.0,1.0,-1.0,0.0,-0.3333333333333333,0.12150000000000001,-1,-1,-1,0.356862745098039,0.694117647058824,0.803921568627451
118.89464211463928,0.0,0.04426111754474502,0.03,1,1,1,0.0,0.3333333333333333,0.10935000000000002,-1,-1,-1,1.0,1.0,-1.0,0.0,-0.3333333333333333,0.12150000000000001,-1,-1,-1,0.356862745098039,0.694117647058824,0.803921568627451
118.92929530143738,0.0,0.0444471442522197,0.03,1,1,1,0.0,0.3333333333333333,0.10935000000000002,-1,-1,-1,1.0,1.0,-1.0,0.0,-0.3333333333333333,0.12150000000000001,-1,-1,-1,0.356862745098039,0.694117647058824,0.803921568627451
118.96407318115234,0.0,0.04463317095969437,0.03,1,1,1,0.0,0.3333333333333333,0.10935000000000002,-1,-1,-1,1.0,1.0,-1.0,0.0,-0.3333333333333333,0.12150000000000001,-1,-1,-1,0.356862745098039,0.694117647058824,0.803921568627451
118.99902510643005,0.0,0.04481919766716905,0.03,1,1,1,0.0,0.3333333333333333,0.10935000000000002,-1,-1,-1,1.0,1.0,-1.0,0.0,-0.3333333333333333,0.12150000000000001,-1,-1,-1,0.356862745098039,0.694117647058824,0.803921568627451
119.03352189064026,0.0,0.04500522437464372,0.03,1,1,1,0.0,0.3333333333333333,0.10935000000000002,-1,-1,-1,1.0,1.0,-1.0,0.0,-0.3333333333333333,0.12150000000000001,-1,-1,-1,0.356862745098039,0.694117647058824,0.803921568627451
119.06877589225769,0.0,0.0451912510821184,0.03,1,1,1,0.0,0.3333333333333333,0.10935000000000002,-1,-1,-1,1.0,1.0,-1.0,0.0,-0.3333333333333333,0.12150000000000001,-1,-1,-1,0.356862745098039,0.694117647058824,0.803921568627451
119.10297203063965,0.0,0.04537727778959307,0.03,1,1,1,0.0,0.3333333333333333,0.10935000000000002,-1,-1,-1,1.0,1.0,-1.0,0.0,-0.3333333333333333,0.12150000000000001,-1,-1,-1,0.356862745098039,0.694117647058824,0.803921568627451
119.1381139755249,0.0,0.04556330449706775,0.03,1,1,1,0.0,0.3333333333333333,0.10935000000000002,-1,-1,-1,1.0,1.0,-1.0,0.0,-0.3333333333333333,0.12150000000000001,-1,-1,-1,0.356862745098039,0.694117647058824,0.803921568627451
119.17270255088806,0.0,0.04574933120454242,0.03,1,1,1,0.0,0.3333333333333333,0.10935000000000002,-1,-1,-1,1.0,1.0,-1.0,0.0,-0.3333333333333333,0.12150000000000001,-1,-1,-1,0.356862745098039,0.694117647058824,0.803921568627451
119.20752716064453,0.0,0.0459353579120171,0.03,1,1,1,0.0,0.3333333333333333,0.10935000000000002,-1,-1,-1,1.0,1.0,-1.0,0.0,-0.3333333333333333,0.12150000000000001,-1,-1,-1,0.356862745098039,0.694117647058824,0.803921568627451
119.24230170249939,0.0,0.04612138461949177,0.03,1,1,1,0.0,0.3333333333333333,0.10935000000000002,-1,-1,-1,1.0,1.0,-1.0,0.0,-0.3333333333333333,0.12150000000000001,-1,-1,-1,0.356862745098039,0.694117647058824,0.803921568627451
119.2770528793335,0.0,0.04630741132696645,0.03,1,1,1,0.0,0.3333333333333333,0.10935000000000002,-1,-1,-1,1.0,1.0,-1.0,0.0,-0.3333333333333333,0.12150000000000001,-1,-1,-1,0.356862745098039,0.694117647058824,0.803921568627451
119.3115746974945,0.0,0.04649343803444112,0.03,1,1,1,0.0,0.3333333333333333,0.10935000000000002,-1,-1,-1,1.0,1.0,-1.0,0.0,-0.3333333333333333,0.12150000000000001,-1,-1,-1,0.356862745098039,0.694117647058824,0.803921568627451
119.34641003608704,0.0,0.0466794647419158,0.03,1,1,1,0.0,0.3333333333333333,0.10935000000000002,-1,-1,-1,1.0,1.0,-1.0,0.0,-0.3333333333333333,0.12150000000000001,-1,-1,-1,0.356862745098039,0.694117647058824,0.803921568627451
119.38111925125122,0.0,0.04686549144939047,0.03,1,1,1,0.0,0.3333333333333333,0.10935000000000002,-1,-1,-1,1.0,1.0,-1.0,0.0,-0.3333333333333333,0.12150000000000001,-1,-1,-1,0.356862745098039,0.694117647058824,0.803921568627451
119.41582775115967,0.0,0.047051518156865146,0.03,1,1,1,0.0,0.3333333333333333,0.10935000000000002,-1,-1,-1,1.0,1.0,-1.0,0.0,-0.3333333333333333,0.12150000000000001,-1,-1,-1,0.356862745098039,0.694117647058824,0.803921568627451
119.45044994354248,0.0,0.04723754486433982,0.03,1,1,1,0.0,0.3333333333333333,0.10935000000000002,-1,-1,-1,1.0,1.0,-1.0,0.0,-0.3333333333333333,0.12150000000000001,-1,-1,-1,0.356862745098039,0.694117647058824,0.803921568627451
119.48537731170654,0.0,0.047423571571814496,0.03,1,1,1,0.0,0.3333333333333333,0.10935000000000002,-1,-1,-1,1.0,1.0,-1.0,0.0,-0.3333333333333333,0.12150000000000001,-1,-1,-1,0.356862745098039,0.694117647058824,0.803921568627451
119.51994204521179,0.0,0.04760959827928917,0.03,1,1,1,0.0,0.3333333333333333,0.10935000000000002,-1,-1,-1,1.0,1.0,-1.0,0.0,-0.3333333333333333,0.12150000000000001,-1,-1,-1,0.356862745098039,0.694117647058824,0.803921568627451
119.5546863079071,0.0,0.047795624986763846,0.03,1,1,1,0.0,0.3333333333333333,0.10935000000000002,-1,-1,-1,1.0,1.0,-1.0,0.0,-0.3333333333333333,0.12150000000000001,-1,-1,-1,0.356862745098039,0.694117647058824,0.803921568627451
119.58948469161987,0.0,0.04798165169423852,0.03,1,1,1,0.0,0.3333333333333333,0.10935000000000002,-1,-1,-1,1.0,1.0,-1.0,0.0,-0.3333333333333333,0.12150000000000001,-1,-1,-1,0.356862745098039,0.694117647058824,0.803921568627451
119.62409520149231,0.0,0.048167678401713196,0.03,1,1,1,0.0,0.3333333333333333,0.10935000000000002,-1,-1,-1,1.0,1.0,-1.0,0.0,-0.3333333333333333,0.12150000000000001,-1,-1,-1,0.356862745098039,0.694117647058824,0.803921568627451
119.65891146659851,0.0,0.04835370510918787,0.03,1,1,1,0.0,0.3333333333333333,0.10935000000000002,-1,-1,-1,1.0,1.0,-1.0,0.0,-0.3333333333333333,0.12150000000000001,-1,-1,-1,0.356862745098039,0.694117647058824,0.803921568627451
119.69363713264465,0.0,0.048539731816662546,0.03,1,1,1,0.0,0.3333333333333333,0.10935000000000002,-1,-1,-1,1.0,1.0,-1.0,0.0,-0.3333333333333333,0.12150000000000001,-1,-1,-1,0.356862745098039,0.694117647058824,0.803921568627451
119.72835326194763,0.0,0.04872575852413722,0.03,1,1,1,0.0,0.3333333333333333,0.10935000000000002,-1,-1,-1,1.0,1.0,-1.0,0.0,-0.3333333333333333,0.12150000000000001,-1,-1,-1,0.356862745098039,0.694117647058824,0.803921568627451
119.76298999786377,0.0,0.048911785231611896,0.03,1,1,1,0.0,0.3333333333333333,0.10935000000000002,-1,-1,-1,1.0,1.0,-1.0,0.0,-0.3333333333333333,0.12150000000000001,-1,-1,-1,0.356862745098039,0.694117647058824,0.803921568627451
119.79775929450989,0.0,0.04909781193908657,0.03,1,1,1,0.0,0.3333333333333333,0.10935000000000002,-1,-1,-1,1.0,1.0,-1.0,0.0,-0.3333333333333333,0.12150000000000001,-1,-1,-1,0.356862745098039,0.694117647058824,0.803921568627451
119.83246302604675,0.0,0.049283838646561245,0.03,1,1,1,0.0,0.3333333333333333,0.10935000000000002,-1,-1,-1,1.0,1.0,-1.0,0.0,-0.3333333333333333,0.12150000000000001,-1,-1,-1,0.356862745098039,0.694117647058824,0.803921568627451
119.86720609664917,0.0,0.04946986535403592,0.03,1,1,1,0.0,0.3333333333333333,0.10935000000000002,-1,-1,-1,1.0,1.0,-1.0,0.0,-0.3333333333333333,0.12150000000000001,-1,-1,-1,0.356862745098039,0.694117647058824,0.803921568627451
119.90186953544617,0.0,0.049655892061510595,0.03,1,1,1,0.0,0.3333333333333333,0.10935000000000002,-1,-1,-1,1.0,1.0,-1.0,0.0,-0.3333333333333333,0.12150000000000001,-1,-1,-1,0.356862745098039,0.694117647058824,0.803921568627451
119.93656396865845,0.0,0.04984191876898527,0.03,1,1,1,0.0,0.3333333333333333,0.10935000000000002,-1,-1,-1,1.0,1.0,-1.0,0.0,-0.3333333333333333,0.12150000000000001,-1,-1,-1,0.356862745098039,0.694117647058824,0.803921568627451
119.97130608558655,0.0,0.050027945476459945,0.03,1,1,1,0.0,0.3333333333333333,0.10935000000000002,-1,-1,-1,1.0,1.0,-1.0,0.0,-0.3333333333333333,0.12150000000000001,-1,-1,-1,0.356862745098039,0.694117647058824,0.803921568627451
120.00595545768738,0.0,0.05021397218393462,0.03,1,1,1,0.0,0.3333333333333333,0.10935000000000002,-1,-1,-1,1.0,1.0,-1.0,0.0,-0.3333333333333333,0.12150000000000001,-1,-1,-1,0.356862745098039,0.694117647058824,0.803921568627451
120.04074335098267,0.0,0.050399998891409295,0.03,1,1,1,0.0,0.3333333333333333,0.10935000000000002,-1,-1,-1,1.0,1.0,-1.0,0.0,-0.3333333333333333,0.12150000000000001,-1,-1,-1,0.356862745098039,0.694117647058824,0.803921568627451
120.07545065879822,0.0,0.05058602559888397,0.03,1,1,1,0.0,0.3333333333333333,0.10935000000000002,-1,-1,-1,1.0,1.0,-1.0,0.0,-0.3333333333333333,0.12150000000000001,-1,-1,-1,0.356862745098039,0.694117647058824,0.803921568627451
120.11012697219849,0.0,0.054803805184172105,0.03,1,1,1,0.0,0.3333333333333333,0.10935000000000002,-1,-1,-1,1.0,1.0,-1.0,0.0,-0.3333333333333333,0.12150000000000001,-1,-1,-1,0.356862745098039,0.694117647058824,0.803921568627451
120.1448004245758,0.0,0.05902158476946024,0.03,1,1,1,0.0,0.3333333333333333,0.10935000000000002,-1,-1,-1,1.0,1.0,-1.0,0.0,-0.3333333333333333,0.12150000000000001,-1,-1,-1,0.356862745098039,0.694117647058824,0.803921568627451
120.17972135543823,0.0,0.06323936435474838,0.03,1,1,1,0.0,0.3333333333333333,0.10935000000000002,-1,-1,-1,1.0,1.0,-1.0,0.0,-0.3333333333333333,0.12150000000000001,-1,-1,-1,0.356862745098039,0.694117647058824,0.803921568627451
120.21438431739807,0.0,0.06745714394003648,0.03,1,1,1,0.0,0.3333333333333333,0.10935000000000002,-1,-1,-1,1.0,1.0,-1.0,0.0,-0.3333333333333333,0.12150000000000001,-1,-1,-1,0.356862745098039,0.694117647058824,0.803921568627451
120.24908971786499,0.0,0.07167492352532458,0.03,1,1,1,0.0,0.3333333333333333,0.10935000000000002,-1,-1,-1,1.0,1.0,-1.0,0.0,-0.3333333333333333,0.12150000000000001,-1,-1,-1,0.356862745098039,0.694117647058824,0.803921568627451
120.28379988670349,0.0,0.07589270311061268,0.03,1,1,1,0.0,0.3333333333333333,0.10935000000000002,-1,-1,-1,1.0,1.0,-1.0,0.0,-0.3333333333333333,0.12150000000000001,-1,-1,-1,0.356862745098039,0.694117647058824,0.803921568627451
120.31874918937683,0.0,0.08011048269590078,0.03,1,1,1,0.0,0.3333333333333333,0.10935000000000002,-1,-1,-1,1.0,1.0,-1.0,0.0,-0.3333333333333333,0.12150000000000001,-1,-1,-1,0.356862745098039,0.694117647058824,0.803921568627451
120.35355234146118,0.0,0.08432826228118888,0.03,1,1,1,0.0,0.3333333333333333,0.10935000000000002,-1,-1,-1,1.0,1.0,-1.0,0.0,-0.3333333333333333,0.12150000000000001,-1,-1,-1,0.356862745098039,0.694117647058824,0.803921568627451
120.38821148872375,0.0,0.08854604186647698,0.03,1,1,1,0.0,0.3333333333333333,0.10935000000000002,-1,-1,-1,1.0,1.0,-1.0,0.0,-0.3333333333333333,0.12150000000000001,-1,-1,-1,0.356862745098039,0.694117647058824,0.803921568627451
120.42269515991211,0.0,0.09276382145176508,0.03,1,1,1,0.0,0.3333333333333333,0.10935000000000002,-1,-1,-1,1.0,1.0,-1.0,0.0,-0.3333333333333333,0.12150000000000001,-1,-1,-1,0.356862745098039,0.694117647058824,0.803921568627451
120.45726084709167,0.0,0.09698160103705318,0.03,1,1,1,0.0,0.3333333333333333,0.10935000000000002,-1,-1,-1,1.0,1.0,-1.0,0.0,-0.3333333333333333,0.12150000000000001,-1,-1,-1,0.356862745098039,0.694117647058824,0.803921568627451
120.49205565452576,0.0,0.10119938062234128,0.03,1,1,1,0.0,0.3333333333333333,0.10935000000000002,-1,-1,-1,1.0,1.0,-1.0,0.0,-0.3333333333333333,0.12150000000000001,-1,-1,-1,0.356862745098039,0.694117647058824,0.803921568627451
120.52676725387573,0.0,0.10541716020762938,0.03,1,1,1,0.0,0.3333333333333333,0.10935000000000002,-1,-1,-1,1.0,1.0,-1.0,0.0,-0.3333333333333333,0.12150000000000001,-1,-1,-1,0.356862745098039,0.694117647058824,0.803921568627451
120.5614709854126,0.0,0.10963493979291748,0.03,1,1,1,0.0,0.3333333333333333,0.10935000000000002,-1,-1,-1,1.0,1.0,-1.0,0.0,-0.3333333333333333,0.12150000000000001,-1,-1,-1,0.356862745098039,0.694117647058824,0.803921568627451
120.59627294540405,0.0,0.11385271937820558,0.03,1,1,1,0.0,0.3333333333333333,0.10935000000000002,-1,-1,-1,1.0,1.0,-1.0,0.0,-0.3333333333333333,0.12150000000000001,-1,-1,-1,0.356862745098039,0.694117647058824,0.803921568627451
120.63093662261963,0.0,0.11807049896349368,0.03,1,1,1,0.0,0.3333333333333333,0.10935000000000002,-1,-1,-1,1.0,1.0,-1.0,0.0,-0.3333333333333333,0.12150000000000001,-1,-1,-1,0.356862745098039,0.694117647058824,0.803921568627451
120.66570091247559,0.0,0.12228827854878171,0.03,1,1,1,0.0,0.3333333333333333,0.10935000000000002,-1,-1,-1,1.0,1.0,-1.0,0.0,-0.3333333333333333,0.12150000000000001,-1,-1,-1,0.356862745098039,0.694117647058824,0.803921568627451
120.70048069953918,0.0,0.1265060581340698,0.03,1,1,1,0.0,0.3333333333333333,0.10935000000000002,-1,-1,-1,1.0,1.0,-1.0,0.0,-0.3333333333333333,0.12150000000000001,-1,-1,-1,0.356862745098039,0.694117647058824,0.803921568627451
120.73518085479736,0.0,0.1307238377193579,0.03,1,1,1,0.0,0.3333333333333333,0.10935000000000002,-1,-1,-1,1.0,1.0,-1.0,0.0,-0.3333333333333333,0.12150000000000001,-1,-1,-1,0.356862745098039,0.694117647058824,0.803921568627451
120.76990628242493,0.0,0.134941617304646,0.03,1,1,1,0.0,0.3333333333333333,0.10935000000000002,-1,-1,-1,1.0,1.0,-1.0,0.0,-0.3333333333333333,0.12150000000000001,-1,-1,-1,0.356862745098039,0.694117647058824,0.803921568627451
120.80474734306335,0.0,0.1391593968899341,0.03,1,1,1,0.0,0.3333333333333333,0.10935000000000002,-1,-1,-1,1.0,1.0,-1.0,0.0,-0.3333333333333333,0.12150000000000001,-1,-1,-1,0.356862745098039,0.694117647058824,0.803921568627451
120.83949017524719,0.0,0.1433771764752222,0.03,1,1,1,0.0,0.3333333333333333,0.10935000000000002,-1,-1,-1,1.0,1.0,-1.0,0.0,-0.3333333333333333,0.12150000000000001,-1,-1,-1,0.356862745098039,0.694117647058824,0.803921568627451
120.87405109405518,0.0,0.1475949560605103,0.03,1,1,1,0.0,0.3333333333333333,0.10935000000000002,-1,-1,-1,1.0,1.0,-1.0,0.0,-0.3333333333333333,0.12150000000000001,-1,-1,-1,0.356862745098039,0.694117647058824,0.803921568627451
120.9108772277832,0.0,0.1518127356457984,0.03,1,1,1,0.0,0.3333333333333333,0.10935000000000002,-1,-1,-1,1.0,1.0,-1.0,0.0,-0.3333333333333333,0.12150000000000001,-1,-1,-1,0.356862745098039,0.694117647058824,0.803921568627451
120.94354391098022,0.0,0.1560305152310865,0.03,1,1,1,0.0,0.3333333333333333,0.10935000000000002,-1,-1,-1,1.0,1.0,-1.0,0.0,-0.3333333333333333,0.12150000000000001,-1,-1,-1,0.356862745098039,0.694117647058824,0.803921568627451
120.97822260856628,0.0,0.1602482948163746,0.03,1,1,1,0.0,0.3333333333333333,0.10935000000000002,-1,-1,-1,1.0,1.0,-1.0,0.0,-0.3333333333333333,0.12150000000000001,-1,-1,-1,0.356862745098039,0.694117647058824,0.803921568627451
121.0129725933075,0.0,0.1644660744016627,0.03,1,1,1,0.0,0.3333333333333333,0.10935000000000002,-1,-1,-1,1.0,1.0,-1.0,0.0,-0.3333333333333333,0.12150000000000001,-1,-1,-1,0.356862745098039,0.694117647058824,0.803921568627451
121.04765439033508,0.0,0.1686838539869508,0.03,1,1,1,0.0,0.3333333333333333,0.10935000000000002,-1,-1,-1,1.0,1.0,-1.0,0.0,-0.3333333333333333,0.12150000000000001,-1,-1,-1,0.356862745098039,0.694117647058824,0.803921568627451
121.0824089050293,0.0,0.1729016335722389,0.03,1,1,1,0.0,0.3333333333333333,0.10935000000000002,-1,-1,-1,1.0,1.0,-1.0,0.0,-0.3333333333333333,0.12150000000000001,-1,-1,-1,0.356862745098039,0.694117647058824,0.803921568627451
121.11714339256287,0.0,0.177119413157527,0.03,1,1,1,0.0,0.3333333333333333,0.10935000000000002,-1,-1,-1,1.0,1.0,-1.0,0.0,-0.3333333333333333,0.12150000000000001,-1,-1,-1,0.356862745098039,0.694117647058824,0.803921568627451
121.15174412727356,0.0,0.1813371927428151,0.03,1,1,1,0.0,0.3333333333333333,0.10935000000000002,-1,-1,-1,1.0,1.0,-1.0,0.0,-0.3333333333333333,0.12150000000000001,-1,-1,-1,0.356862745098039,0.694117647058824,0.803921568627451
121.1865029335022,0.0,0.1855549723281032,0.03,1,1,1,0.0,0.3333333333333333,0.10935000000000002,-1,-1,-1,1.0,1.0,-1.0,0.0,-0.3333333333333333,0.12150000000000001,-1,-1,-1,0.356862745098039,0.694117647058824,0.803921568627451
121.22122406959534,0.0,0.1897727519133913,0.03,1,1,1,0.0,0.3333333333333333,0.10935000000000002,-1,-1,-1,1.0,1.0,-1.0,0.0,-0.3333333333333333,0.12150000000000001,-1,-1,-1,0.356862745098039,0.694117647058824,0.803921568627451
121.25610542297363,0.0,0.1939905314986794,0.03,1,1,1,0.0,0.3333333333333333,0.10935000000000002,-1,-1,-1,1.0,1.0,-1.0,0.0,-0.3333333333333333,0.12150000000000001,-1,-1,-1,0.356862745098039,0.694117647058824,0.803921568627451
121.29051423072815,0.0,0.19676017088891803,0.03,1,1,1,0.0,0.3333333333333333,0.10935000000000002,-1,-1,-1,1.0,1.0,-1.0,0.0,-0.3333333333333333,0.12150000000000001,-1,-1,-1,0.356862745098039,0.694117647058824,0.803921568627451
121.32539248466492,0.0,0.19735759998658248,0.03,1,1,1,0.0,0.3333333333333333,0.10935000000000002,-1,-1,-1,1.0,1.0,-1.0,0.0,-0.3333333333333333,0.12150000000000001,-1,-1,-1,0.356862745098039,0.694117647058824,0.803921568627451
121.3601131439209,0.0,0.19795502908424692,0.03,1,1,1,0.0,0.3333333333333333,0.10935000000000002,-1,-1,-1,1.0,1.0,-1.0,0.0,-0.3333333333333333,0.12150000000000001,-1,-1,-1,0.356862745098039,0.694117647058824,0.803921568627451
121.39483428001404,0.0,0.19855245818191136,0.03,1,1,1,0.0,0.3333333333333333,0.10935000000000002,-1,-1,-1,1.0,1.0,-1.0,0.0,-0.3333333333333333,0.12150000000000001,-1,-1,-1,0.356862745098039,0.694117647058824,0.803921568627451
121.42959070205688,0.0,0.1991498872795758,0.03,1,1,1,0.0,0.3333333333333333,0.10935000000000002,-1,-1,-1,1.0,1.0,-1.0,0.0,-0.3333333333333333,0.12150000000000001,-1,-1,-1,0.356862745098039,0.694117647058824,0.803921568627451
121.46430897712708,0.0,0.19974731637724025,0.03,1,1,1,0.0,0.3333333333333333,0.10935000000000002,-1,-1,-1,1.0,1.0,-1.0,0.0,-0.3333333333333333,0.12150000000000001,-1,-1,-1,0.356862745098039,0.694117647058824,0.803921568627451
121.49904036521912,0.0,0.2003447454749047,0.03,1,1,1,0.0,0.3333333333333333,0.10935000000000002,-1,-1,-1,1.0,1.0,-1.0,0.0,-0.3333333333333333,0.12150000000000001,-1,-1,-1,0.356862745098039,0.694117647058824,0.803921568627451
121.53371286392212,0.0,0.20094217457256913,0.03,1,1,1,0.0,0.3333333333333333,0.10935000000000002,-1,-1,-1,1.0,1.0,-1.0,0.0,-0.3333333333333333,0.12150000000000001,-1,-1,-1,0.356862745098039,0.694117647058824,0.803921568627451
121.56849431991577,0.0,0.20153960367023357,0.03,1,1,1,0.0,0.3333333333333333,0.10935000000000002,-1,-1,-1,1.0,1.0,-1.0,0.0,-0.3333333333333333,0.12150000000000001,-1,-1,-1,0.356862745098039,0.694117647058824,0.803921568627451
121.60317206382751,0.0,0.20213703276789802,0.03,1,1,1,0.0,0.3333333333333333,0.10935000000000002,-1,-1,-1,1.0,1.0,-1.0,0.0,-0.3333333333333333,0.12150000000000001,-1,-1,-1,0.356862745098039,0.694117647058824,0.803921568627451
121.63792753219604,0.0,0.20273446186556246,0.03,1,1,1,0.0,0.3333333333333333,0.10935000000000002,-1,-1,-1,1.0,1.0,-1.0,0.0,-0.3333333333333333,0.12150000000000001,-1,-1,-1,0.356862745098039,0.694117647058824,0.803921568627451
121.67262244224548,0.0,0.2033318909632269,0.03,1,1,1,0.0,0.3333333333333333,0.10935000000000002,-1,-1,-1,1.0,1.0,-1.0,0.0,-0.3333333333333333,0.12150000000000001,-1,-1,-1,0.356862745098039,0.694117647058824,0.803921568627451
121.70735597610474,0.0,0.20392932006089134,0.03,1,1,1,0.0,0.3333333333333333,0.10935000000000002,-1,-1,-1,1.0,1.0,-1.0,0.0,-0.3333333333333333,0.12150000000000001,-1,-1,-1,0.356862745098039,0.694117647058824,0.803921568627451
121.7420563697815,0.0,0.2045267491585558,0.03,1,1,1,0.0,0.3333333333333333,0.10935000000000002,-1,-1,-1,1.0,1.0,-1.0,0.0,-0.3333333333333333,0.12150000000000001,-1,-1,-1,0.356862745098039,0.694117647058824,0.803921568627451
121.77692031860352,0.0,0.20512417825622023,0.03,1,1,1,0.0,0.3333333333333333,0.10935000000000002,-1,-1,-1,1.0,1.0,-1.0,0.0,-0.3333333333333333,0.12150000000000001,-1,-1,-1,0.356862745098039,0.694117647058824,0.803921568627451
121.81150817871094,0.0,0.20572160735388467,0.03,1,1,1,0.0,0.3333333333333333,0.10935000000000002,-1,-1,-1,1.0,1.0,-1.0,0.0,-0.3333333333333333,0.12150000000000001,-1,-1,-1,0.356862745098039,0.694117647058824,0.803921568627451
121.84674096107483,0.0,0.20631903645154911,0.03,1,1,1,0.0,0.3333333333333333,0.10935000000000002,-1,-1,-1,1.0,1.0,-1.0,0.0,-0.3333333333333333,0.12150000000000001,-1,-1,-1,0.356862745098039,0.694117647058824,0.803921568627451
121.88083362579346,0.0,0.20691646554921356,0.03,1,1,1,0.0,0.3333333333333333,0.10935000000000002,-1,-1,-1,1.0,1.0,-1.0,0.0,-0.3333333333333333,0.12150000000000001,-1,-1,-1,0.356862745098039,0.694117647058824,0.803921568627451
121.91606616973877,0.0,0.207513894646878,0.03,1,1,1,0.0,0.3333333333333333,0.10935000000000002,-1,-1,-1,1.0,1.0,-1.0,0.0,-0.3333333333333333,0.12150000000000001,-1,-1,-1,0.356862745098039,0.694117647058824,0.803921568627451
121.95024824142456,0.0,0.20811132374454244,0.03,1,1,1,0.0,0.3333333333333333,0.10935000000000002,-1,-1,-1,1.0,1.0,-1.0,0.0,-0.3333333333333333,0.12150000000000001,-1,-1,-1,0.356862745098039,0.694117647058824,0.803921568627451
121.98566126823425,0.0,0.20870875284220688,0.03,1,1,1,0.0,0.3333333333333333,0.10935000000000002,-1,-1,-1,1.0,1.0,-1.0,0.0,-0.3333333333333333,0.12150000000000001,-1,-1,-1,0.356862745098039,0.694117647058824,0.803921568627451
122.01967787742615,0.0,0.20930618193987133,0.03,1,1,1,0.0,0.3333333333333333,0.10935000000000002,-1,-1,-1,1.0,1.0,-1.0,0.0,-0.3333333333333333,0.12150000000000001,-1,-1,-1,0.356862745098039,0.694117647058824,0.803921568627451
122.0543839931488,0.0,0.20990361103753577,0.03,1,1,1,0.0,0.3333333333333333,0.10935000000000002,-1,-1,-1,1.0,1.0,-1.0,0.0,-0.3333333333333333,0.12150000000000001,-1,-1,-1,0.356862745098039,0.694117647058824,0.803921568627451
122.08912014961243,0.0,0.2105010401352002,0.03,1,1,1,0.0,0.3333333333333333,0.10935000000000002,-1,-1,-1,1.0,1.0,-1.0,0.0,-0.3333333333333333,0.12150000000000001,-1,-1,-1,0.356862745098039,0.694117647058824,0.803921568627451
122.1239287853241,0.0,0.21109846923286466,0.03,1,1,1,0.0,0.3333333333333333,0.10935000000000002,-1,-1,-1,1.0,1.0,-1.0,0.0,-0.3333333333333333,0.12150000000000001,-1,-1,-1,0.356862745098039,0.694117647058824,0.803921568627451
122.15886354446411,0.0,0.2116958983305291,0.03,1,1,1,0.0,0.3333333333333333,0.10935000000000002,-1,-1,-1,1.0,1.0,-1.0,0.0,-0.3333333333333333,0.12150000000000001,-1,-1,-1,0.356862745098039,0.694117647058824,0.803921568627451
122.19343495368958,0.0,0.21229332742819354,0.03,1,1,1,0.0,0.3333333333333333,0.10935000000000002,-1,-1,-1,1.0,1.0,-1.0,0.0,-0.3333333333333333,0.12150000000000001,-1,-1,-1,0.356862745098039,0.694117647058824,0.803921568627451
122.2281847000122,0.0,0.21289075652585798,0.03,1,1,1,0.0,0.3333333333333333,0.10935000000000002,-1,-1,-1,1.0,1.0,-1.0,0.0,-0.3333333333333333,0.12150000000000001,-1,-1,-1,0.356862745098039,0.694117647058824,0.803921568627451
122.2628972530365,0.0,0.21348818562352243,0.03,1,1,1,0.0,0.3333333333333333,0.10935000000000002,-1,-1,-1,1.0,1.0,-1.0,0.0,-0.3333333333333333,0.12150000000000001,-1,-1,-1,0.356862745098039,0.694117647058824,0.803921568627451
122.29789900779724,0.0,0.21408561472118687,0.03,1,1,1,0.0,0.3333333333333333,0.10935000000000002,-1,-1,-1,1.0,1.0,-1.0,0.0,-0.3333333333333333,0.12150000000000001,-1,-1,-1,0.356862745098039,0.694117647058824,0.803921568627451
122.33238363265991,0.0,0.2146830438188513,0.03,1,1,1,0.0,0.3333333333333333,0.10935000000000002,-1,-1,-1,1.0,1.0,-1.0,0.0,-0.3333333333333333,0.12150000000000001,-1,-1,-1,0.356862745098039,0.694117647058824,0.803921568627451
122.3673095703125,0.0,0.21528047291651575,0.03,1,1,1,0.0,0.3333333333333333,0.10935000000000002,-1,-1,-1,1.0,1.0,-1.0,0.0,-0.3333333333333333,0.12150000000000001,-1,-1,-1,0.356862745098039,0.694117647058824,0.803921568627451
122.40215420722961,0.0,0.2158779020141802,0.03,1,1,1,0.0,0.3333333333333333,0.10935000000000002,-1,-1,-1,1.0,1.0,-1.0,0.0,-0.3333333333333333,0.12150000000000001,-1,-1,-1,0.356862745098039,0.694117647058824,0.803921568627451
122.43693900108337,0.0,0.21647533111184464,0.03,1,1,1,0.0,0.3333333333333333,0.10935000000000002,-1,-1,-1,1.0,1.0,-1.0,0.0,-0.3333333333333333,0.12150000000000001,-1,-1,-1,0.356862745098039,0.694117647058824,0.803921568627451
122.47151255607605,0.0,0.21707276020950908,0.03,1,1,1,0.0,0.3333333333333333,0.10935000000000002,-1,-1,-1,1.0,1.0,-1.0,0.0,-0.3333333333333333,0.12150000000000001,-1,-1,-1,0.356862745098039,0.694117647058824,0.803921568627451
122.50627207756042,0.0,0.21838969800333596,0.03,1,1,1,0.0,0.3333333333333333,0.10935000000000002,-1,-1,-1,1.0,1.0,-1.0,0.0,-0.3333333333333333,0.12150000000000001,-1,-1,-1,0.356862745098039,0.694117647058824,0.803921568627451
122.54081702232361,0.0,0.21988651297120346,0.03,1,1,1,0.0,0.3333333333333333,0.10935000000000002,-1,-1,-1,1.0,1.0,-1.0,0.0,-0.3333333333333333,0.12150000000000001,-1,-1,-1,0.356862745098039,0.694117647058824,0.803921568627451
122.5755066871643,0.0,0.22138332793907095,0.03,1,1,1,0.0,0.3333333333333333,0.10935000000000002,-1,-1,-1,1.0,1.0,-1.0,0.0,-0.3333333333333333,0.12150000000000001,-1,-1,-1,0.356862745098039,0.694117647058824,0.803921568627451
122.60999250411987,0.0,0.22288014290693844,0.03,1,1,1,0.0,0.3333333333333333,0.10935000000000002,-1,-1,-1,1.0,1.0,-1.0,0.0,-0.3333333333333333,0.12150000000000001,-1,-1,-1,0.356862745098039,0.694117647058824,0.803921568627451
122.64481544494629,0.0,0.22437695787480594,0.03,1,1,1,0.0,0.3333333333333333,0.10935000000000002,-1,-1,-1,1.0,1.0,-1.0,0.0,-0.3333333333333333,0.12150000000000001,-1,-1,-1,0.356862745098039,0.694117647058824,0.803921568627451
122.67976951599121,0.0,0.22587377284267343,0.03,1,1,1,0.0,0.3333333333333333,0.10935000000000002,-1,-1,-1,1.0,1.0,-1.0,0.0,-0.3333333333333333,0.12150000000000001,-1,-1,-1,0.356862745098039,0.694117647058824,0.803921568627451
122.71457362174988,0.0,0.22737058781054093,0.03,1,1,1,0.0,0.3333333333333333,0.10935000000000002,-1,-1,-1,1.0,1.0,-1.0,0.0,-0.3333333333333333,0.12150000000000001,-1,-1,-1,0.356862745098039,0.694117647058824,0.803921568627451
122.74932551383972,0.0,0.22886740277840842,0.03,1,1,1,0.0,0.3333333333333333,0.10935000000000002,-1,-1,-1,1.0,1.0,-1.0,0.0,-0.3333333333333333,0.12150000000000001,-1,-1,-1,0.356862745098039,0.694117647058824,0.803921568627451
122.78386998176575,0.0,0.2303642177462759,0.03,1,1,1,0.0,0.3333333333333333,0.10935000000000002,-1,-1,-1,1.0,1.0,-1.0,0.0,-0.3333333333333333,0.12150000000000001,-1,-1,-1,0.356862745098039,0.694117647058824,0.803921568627451
122.81846237182617,0.0,0.2318610327141434,0.03,1,1,1,0.0,0.3333333333333333,0.10935000000000002,-1,-1,-1,1.0,1.0,-1.0,0.0,-0.3333333333333333,0.12150000000000001,-1,-1,-1,0.356862745098039,0.694117647058824,0.803921568627451
122.85297703742981,0.0,0.2333578476820109,0.03,1,1,1,0.0,0.3333333333333333,0.10935000000000002,-1,-1,-1,1.0,1.0,-1.0,0.0,-0.3333333333333333,0.12150000000000001,-1,-1,-1,0.356862745098039,0.694117647058824,0.803921568627451
122.88748955726624,0.0,0.2348546626498784,0.03,1,1,1,0.0,0.3333333333333333,0.10935000000000002,-1,-1,-1,1.0,1.0,-1.0,0.0,-0.3333333333333333,0.12150000000000001,-1,-1,-1,0.356862745098039,0.694117647058824,0.803921568627451
122.92573595046997,0.0,0.2363514776177459,0.03,1,1,1,0.0,0.3333333333333333,0.10935000000000002,-1,-1,-1,1.0,1.0,-1.0,0.0,-0.3333333333333333,0.12150000000000001,-1,-1,-1,0.356862745098039,0.694117647058824,0.803921568627451
122.9578127861023,0.0,0.23784829258561335,0.03,1,1,1,0.0,0.3333333333333333,0.10935000000000002,-1,-1,-1,1.0,1.0,-1.0,0.0,-0.3333333333333333,0.12150000000000001,-1,-1,-1,0.356862745098039,0.694117647058824,0.803921568627451
122.99198794364929,0.0,0.23934510755348087,0.03,1,1,1,0.0,0.3333333333333333,0.10935000000000002,-1,-1,-1,1.0,1.0,-1.0,0.0,-0.3333333333333333,0.12150000000000001,-1,-1,-1,0.356862745098039,0.694117647058824,0.803921568627451
123.02662515640259,0.0,0.24084192252134837,0.03,1,1,1,0.0,0.3333333333333333,0.10935000000000002,-1,-1,-1,1.0,1.0,-1.0,0.0,-0.3333333333333333,0.12150000000000001,-1,-1,-1,0.356862745098039,0.694117647058824,0.803921568627451
123.06128525733948,0.0,0.24233873748921586,0.03,1,1,1,0.0,0.3333333333333333,0.10935000000000002,-1,-1,-1,1.0,1.0,-1.0,0.0,-0.3333333333333333,0.12150000000000001,-1,-1,-1,0.356862745098039,0.694117647058824,0.803921568627451
123.09605765342712,0.0,0.24383555245708338,0.03,1,1,1,0.0,0.3333333333333333,0.10935000000000002,-1,-1,-1,1.0,1.0,-1.0,0.0,-0.3333333333333333,0.12150000000000001,-1,-1,-1,0.356862745098039,0.694117647058824,0.803921568627451
123.13075852394104,0.0,0.24533236742495088,0.03,1,1,1,0.0,0.3333333333333333,0.10935000000000002,-1,-1,-1,1.0,1.0,-1.0,0.0,-0.3333333333333333,0.12150000000000001,-1,-1,-1,0.356862745098039,0.694117647058824,0.803921568627451
123.16542601585388,0.0,0.24682918239281837,0.03,1,1,1,0.0,0.3333333333333333,0.10935000000000002,-1,-1,-1,1.0,1.0,-1.0,0.0,-0.3333333333333333,0.12150000000000001,-1,-1,-1,0.356862745098039,0.694117647058824,0.803921568627451
123.20020461082458,0.0,0.2483259973606859,0.03,1,1,1,0.0,0.3333333333333333,0.10935000000000002,-1,-1,-1,1.0,1.0,-1.0,0.0,-0.3333333333333333,0.12150000000000001,-1,-1,-1,0.356862745098039,0.694117647058824,0.803921568627451
123.23495054244995,0.0,0.24982281232855338,0.03,1,1,1,0.0,0.3333333333333333,0.10935000000000002,-1,-1,-1,1.0,1.0,-1.0,0.0,-0.3333333333333333,0.12150000000000001,-1,-1,-1,0.356862745098039,0.694117647058824,0.803921568627451
123.26966571807861,0.0,0.25131962729642077,0.03,1,1,1,0.0,0.3333333333333333,0.10935000000000002,-1,-1,-1,1.0,1.0,-1.0,0.0,-0.3333333333333333,0.12150000000000001,-1,-1,-1,0.356862745098039,0.694117647058824,0.803921568627451
123.30451583862305,0.0,0.2528164422642881,0.03,1,1,1,0.0,0.3333333333333333,0.10935000000000002,-1,-1,-1,1.0,1.0,-1.0,0.0,-0.3333333333333333,0.12150000000000001,-1,-1,-1,0.356862745098039,0.694117647058824,0.803921568627451
123.33942127227783,0.0,0.2543132572321555,0.03,1,1,1,0.0,0.3333333333333333,0.10935000000000002,-1,-1,-1,1.0,1.0,-1.0,0.0,-0.3333333333333333,0.12150000000000001,-1,-1,-1,0.356862745098039,0.694117647058824,0.803921568627451
123.3739640712738,0.0,0.25581007220002283,0.03,1,1,1,0.0,0.3333333333333333,0.10935000000000002,-1,-1,-1,1.0,1.0,-1.0,0.0,-0.3333333333333333,0.12150000000000001,-1,-1,-1,0.356862745098039,0.694117647058824,0.803921568627451
123.40853452682495,0.0,0.2573068871678902,0.03,1,1,1,0.0,0.3333333333333333,0.10935000000000002,-1,-1,-1,1.0,1.0,-1.0,0.0,-0.3333333333333333,0.12150000000000001,-1,-1,-1,0.356862745098039,0.694117647058824,0.803921568627451
123.44341850280762,0.0,0.25880370213575754,0.03,1,1,1,0.0,0.3333333333333333,0.10935000000000002,-1,-1,-1,1.0,1.0,-1.0,0.0,-0.3333333333333333,0.12150000000000001,-1,-1,-1,0.356862745098039,0.694117647058824,0.803921568627451
123.47814989089966,0.0,0.2603005171036249,0.03,1,1,1,0.0,0.3333333333333333,0.10935000000000002,-1,-1,-1,1.0,1.0,-1.0,0.0,-0.3333333333333333,0.12150000000000001,-1,-1,-1,0.356862745098039,0.694117647058824,0.803921568627451
123.51259422302246,0.0,0.26179733207149225,0.03,1,1,1,0.0,0.3333333333333333,0.10935000000000002,-1,-1,-1,1.0,1.0,-1.0,0.0,-0.3333333333333333,0.12150000000000001,-1,-1,-1,0.356862745098039,0.694117647058824,0.803921568627451
123.5475115776062,0.0,0.2632941470393596,0.03,1,1,1,0.0,0.3333333333333333,0.10935000000000002,-1,-1,-1,1.0,1.0,-1.0,0.0,-0.3333333333333333,0.12150000000000001,-1,-1,-1,0.356862745098039,0.694117647058824,0.803921568627451
123.58240962028503,0.0,0.26479096200722696,0.03,1,1,1,0.0,0.3333333333333333,0.10935000000000002,-1,-1,-1,1.0,1.0,-1.0,0.0,-0.3333333333333333,0.12150000000000001,-1,-1,-1,0.356862745098039,0.694117647058824,0.803921568627451
123.61713886260986,0.0,0.2662877769750943,0.03,1,1,1,0.0,0.3333333333333333,0.10935000000000002,-1,-1,-1,1.0,1.0,-1.0,0.0,-0.3333333333333333,0.12150000000000001,-1,-1,-1,0.356862745098039,0.694117647058824,0.803921568627451
123.65193271636963,0.0,0.26778459194296167,0.03,1,1,1,0.0,0.3333333333333333,0.10935000000000002,-1,-1,-1,1.0,1.0,-1.0,0.0,-0.3333333333333333,0.12150000000000001,-1,-1,-1,0.356862745098039,0.694117647058824,0.803921568627451
123.68711256980896,0.0,0.26878748378547207,0.03,1,1,1,0.0,0.3333333333333333,0.10935000000000002,-1,-1,-1,1.0,1.0,-1.0,0.0,-0.3333333333333333,0.12150000000000001,-1,-1,-1,0.356862745098039,0.694117647058824,0.803921568627451
123.72113585472107,0.0,0.26781468312655465,0.03,1,1,1,0.0,0.3333333333333333,0.10935000000000002,-1,-1,-1,1.0,1.0,-1.0,0.0,-0.3333333333333333,0.12150000000000001,-1,-1,-1,0.356862745098039,0.694117647058824,0.803921568627451
123.75581669807434,0.0,0.26684188246763724,0.03,1,1,1,0.0,0.3333333333333333,0.10935000000000002,-1,-1,-1,1.0,1.0,-1.0,0.0,-0.3333333333333333,0.12150000000000001,-1,-1,-1,0.356862745098039,0.694117647058824,0.803921568627451
123.79057550430298,0.0,0.2658690818087198,0.03,1,1,1,0.0,0.3333333333333333,0.10935000000000002,-1,-1,-1,1.0,1.0,-1.0,0.0,-0.3333333333333333,0.12150000000000001,-1,-1,-1,0.356862745098039,0.694117647058824,0.803921568627451
123.82539200782776,0.0,0.2648962811498024,0.03,1,1,1,0.0,0.3333333333333333,0.10935000000000002,-1,-1,-1,1.0,1.0,-1.0,0.0,-0.3333333333333333,0.12150000000000001,-1,-1,-1,0.356862745098039,0.694117647058824,0.803921568627451
123.8601188659668,0.0,0.263923480490885,0.03,1,1,1,0.0,0.3333333333333333,0.10935000000000002,-1,-1,-1,1.0,1.0,-1.0,0.0,-0.3333333333333333,0.12150000000000001,-1,-1,-1,0.356862745098039,0.694117647058824,0.803921568627451
123.89527916908264,0.0,0.26295067983196757,0.03,1,1,1,0.0,0.3333333333333333,0.10935000000000002,-1,-1,-1,1.0,1.0,-1.0,0.0,-0.3333333333333333,0.12150000000000001,-1,-1,-1,0.356862745098039,0.694117647058824,0.803921568627451
123.93001556396484,0.0,0.26197787917305015,0.03,1,1,1,0.0,0.3333333333333333,0.10935000000000002,-1,-1,-1,1.0,1.0,-1.0,0.0,-0.3333333333333333,0.12150000000000001,-1,-1,-1,0.356862745098039,0.694117647058824,0.803921568627451
123.9648118019104,0.0,0.26100507851413274,0.03,1,1,1,0.0,0.3333333333333333,0.10935000000000002,-1,-1,-1,1.0,1.0,-1.0,0.0,-0.3333333333333333,0.12150000000000001,-1,-1,-1,0.356862745098039,0.694117647058824,0.803921568627451
123.99945664405823,0.0,0.2600322778552153,0.03,1,1,1,0.0,0.3333333333333333,0.10935000000000002,-1,-1,-1,1.0,1.0,-1.0,0.0,-0.3333333333333333,0.12150000000000001,-1,-1,-1,0.356862745098039,0.694117647058824,0.803921568627451
124.03410911560059,0.0,0.2590594771962979,0.03,1,1,1,0.0,0.3333333333333333,0.10935000000000002,-1,-1,-1,1.0,1.0,-1.0,0.0,-0.3333333333333333,0.12150000000000001,-1,-1,-1,0.356862745098039,0.694117647058824,0.803921568627451
124.06832599639893,0.0,0.2580866765373805,0.03,1,1,1,0.0,0.3333333333333333,0.10935000000000002,-1,-1,-1,1.0,1.0,-1.0,0.0,-0.3333333333333333,0.12150000000000001,-1,-1,-1,0.356862745098039,0.694117647058824,0.803921568627451
124.10329294204712,0.0,0.25711387587846307,0.03,1,1,1,0.0,0.3333333333333333,0.10935000000000002,-1,-1,-1,1.0,1.0,-1.0,0.0,-0.3333333333333333,0.12150000000000001,-1,-1,-1,0.356862745098039,0.694117647058824,0.803921568627451
124.1377580165863,0.0,0.25614107521954566,0.03,1,1,1,0.0,0.3333333333333333,0.10935000000000002,-1,-1,-1,1.0,1.0,-1.0,0.0,-0.3333333333333333,0.12150000000000001,-1,-1,-1,0.356862745098039,0.694117647058824,0.803921568627451
124.17251372337341,0.0,0.25516827456062824,0.03,1,1,1,0.0,0.3333333333333333,0.10935000000000002,-1,-1,-1,1.0,1.0,-1.0,0.0,-0.3333333333333333,0.12150000000000001,-1,-1,-1,0.356862745098039,0.694117647058824,0.803921568627451
124.20736980438232,0.0,0.2541954739017108,0.03,1,1,1,0.0,0.3333333333333333,0.10935000000000002,-1,-1,-1,1.0,1.0,-1.0,0.0,-0.3333333333333333,0.12150000000000001,-1,-1,-1,0.356862745098039,0.694117647058824,0.803921568627451
124.24194121360779,0.0,0.2532226732427934,0.03,1,1,1,0.0,0.3333333333333333,0.10935000000000002,-1,-1,-1,1.0,1.0,-1.0,0.0,-0.3333333333333333,0.12150000000000001,-1,-1,-1,0.356862745098039,0.694117647058824,0.803921568627451
124.27668070793152,0.0,0.252249872583876,0.03,1,1,1,0.0,0.3333333333333333,0.10935000000000002,-1,-1,-1,1.0,1.0,-1.0,0.0,-0.3333333333333333,0.12150000000000001,-1,-1,-1,0.356862745098039,0.694117647058824,0.803921568627451
124.31122541427612,0.0,0.2512770719249586,0.03,1,1,1,0.0,0.3333333333333333,0.10935000000000002,-1,-1,-1,1.0,1.0,-1.0,0.0,-0.3333333333333333,0.12150000000000001,-1,-1,-1,0.356862745098039,0.694117647058824,0.803921568627451
124.34670972824097,0.0,0.25030427126604116,0.03,1,1,1,0.0,0.3333333333333333,0.10935000000000002,-1,-1,-1,1.0,1.0,-1.0,0.0,-0.3333333333333333,0.12150000000000001,-1,-1,-1,0.356862745098039,0.694117647058824,0.803921568627451
124.38131141662598,0.0,0.24933147060712382,0.03,1,1,1,0.0,0.3333333333333333,0.10935000000000002,-1,-1,-1,1.0,1.0,-1.0,0.0,-0.3333333333333333,0.12150000000000001,-1,-1,-1,0.356862745098039,0.694117647058824,0.803921568627451
124.41609525680542,0.0,0.24835866994820652,0.03,1,1,1,0.0,0.3333333333333333,0.10935000000000002,-1,-1,-1,1.0,1.0,-1.0,0.0,-0.3333333333333333,0.12150000000000001,-1,-1,-1,0.356862745098039,0.694117647058824,0.803921568627451
124.451003074646,0.0,0.2473858692892892,0.03,1,1,1,0.0,0.3333333333333333,0.10935000000000002,-1,-1,-1,1.0,1.0,-1.0,0.0,-0.3333333333333333,0.12150000000000001,-1,-1,-1,0.356862745098039,0.694117647058824,0.803921568627451
124.48560047149658,0.0,0.2464130686303719,0.03,1,1,1,0.0,0.3333333333333333,0.10935000000000002,-1,-1,-1,1.0,1.0,-1.0,0.0,-0.3333333333333333,0.12150000000000001,-1,-1,-1,0.356862745098039,0.694117647058824,0.803921568627451
124.52054023742676,0.0,0.24544026797145463,0.03,1,1,1,0.0,0.3333333333333333,0.10935000000000002,-1,-1,-1,1.0,1.0,-1.0,0.0,-0.3333333333333333,0.12150000000000001,-1,-1,-1,0.356862745098039,0.694117647058824,0.803921568627451
124.55515241622925,0.0,0.24446746731253732,0.03,1,1,1,0.0,0.3333333333333333,0.10935000000000002,-1,-1,-1,1.0,1.0,-1.0,0.0,-0.3333333333333333,0.12150000000000001,-1,-1,-1,0.356862745098039,0.694117647058824,0.803921568627451
124.58965969085693,0.0,0.24349466665362002,0.03,1,1,1,0.0,0.3333333333333333,0.10935000000000002,-1,-1,-1,1.0,1.0,-1.0,0.0,-0.3333333333333333,0.12150000000000001,-1,-1,-1,0.356862745098039,0.694117647058824,0.803921568627451
124.62389087677002,0.0,0.24252186599470274,0.03,1,1,1,0.0,0.3333333333333333,0.10935000000000002,-1,-1,-1,1.0,1.0,-1.0,0.0,-0.3333333333333333,0.12150000000000001,-1,-1,-1,0.356862745098039,0.694117647058824,0.803921568627451
124.65913701057434,0.0,0.24154906533578543,0.03,1,1,1,0.0,0.3333333333333333,0.10935000000000002,-1,-1,-1,1.0,1.0,-1.0,0.0,-0.3333333333333333,0.12150000000000001,-1,-1,-1,0.356862745098039,0.694117647058824,0.803921568627451
124.69388818740845,0.0,0.24057626467686813,0.03,1,1,1,0.0,0.3333333333333333,0.10935000000000002,-1,-1,-1,1.0,1.0,-1.0,0.0,-0.3333333333333333,0.12150000000000001,-1,-1,-1,0.356862745098039,0.694117647058824,0.803921568627451
124.72792053222656,0.0,0.23960346401795082,0.03,1,1,1,0.0,0.3333333333333333,0.10935000000000002,-1,-1,-1,1.0,1.0,-1.0,0.0,-0.3333333333333333,0.12150000000000001,-1,-1,-1,0.356862745098039,0.694117647058824,0.803921568627451
124.76326942443848,0.0,0.23863066335903355,0.03,1,1,1,0.0,0.3333333333333333,0.10935000000000002,-1,-1,-1,1.0,1.0,-1.0,0.0,-0.3333333333333333,0.12150000000000001,-1,-1,-1,0.356862745098039,0.694117647058824,0.803921568627451
124.79802751541138,0.0,0.23765786270011624,0.03,1,1,1,0.0,0.3333333333333333,0.10935000000000002,-1,-1,-1,1.0,1.0,-1.0,0.0,-0.3333333333333333,0.12150000000000001,-1,-1,-1,0.356862745098039,0.694117647058824,0.803921568627451
124.83275580406189,0.0,0.23668506204119896,0.03,1,1,1,0.0,0.3333333333333333,0.10935000000000002,-1,-1,-1,1.0,1.0,-1.0,0.0,-0.3333333333333333,0.12150000000000001,-1,-1,-1,0.356862745098039,0.694117647058824,0.803921568627451
124.8669171333313,0.0,0.23571226138228168,0.03,1,1,1,0.0,0.3333333333333333,0.10935000000000002,-1,-1,-1,1.0,1.0,-1.0,0.0,-0.3333333333333333,0.12150000000000001,-1,-1,-1,0.356862745098039,0.694117647058824,0.803921568627451
124.9015440940857,0.0,0.2375073250248293,0.03,1,1,1,0.0,0.3333333333333333,0.10935000000000002,-1,-1,-1,1.0,1.0,-1.0,0.0,-0.3333333333333333,0.12150000000000001,-1,-1,-1,0.356862745098039,0.694117647058824,0.803921568627451
124.93698978424072,0.0,0.24114763153502017,0.03,1,1,1,0.0,0.3333333333333333,0.10935000000000002,-1,-1,-1,1.0,1.0,-1.0,0.0,-0.3333333333333333,0.12150000000000001,-1,-1,-1,0.356862745098039,0.694117647058824,0.803921568627451
124.97167921066284,0.0,0.24478793804521107,0.03,1,1,1,0.0,0.3333333333333333,0.10935000000000002,-1,-1,-1,1.0,1.0,-1.0,0.0,-0.3333333333333333,0.12150000000000001,-1,-1,-1,0.356862745098039,0.694117647058824,0.803921568627451
125.0065267086029,0.0,0.24842824455540197,0.03,1,1,1,0.0,0.3333333333333333,0.10935000000000002,-1,-1,-1,1.0,1.0,-1.0,0.0,-0.3333333333333333,0.12150000000000001,-1,-1,-1,0.356862745098039,0.694117647058824,0.803921568627451
125.0410509109497,0.0,0.25206855106559284,0.03,1,1,1,0.0,0.3333333333333333,0.10935000000000002,-1,-1,-1,1.0,1.0,-1.0,0.0,-0.3333333333333333,0.12150000000000001,-1,-1,-1,0.356862745098039,0.694117647058824,0.803921568627451
125.07578897476196,0.0,0.2557088575757837,0.03,1,1,1,0.0,0.3333333333333333,0.10935000000000002,-1,-1,-1,1.0,1.0,-1.0,0.0,-0.3333333333333333,0.12150000000000001,-1,-1,-1,0.356862745098039,0.694117647058824,0.803921568627451
125.11050462722778,0.0,0.2593491640859746,0.03,1,1,1,0.0,0.3333333333333333,0.10935000000000002,-1,-1,-1,1.0,1.0,-1.0,0.0,-0.3333333333333333,0.12150000000000001,-1,-1,-1,0.356862745098039,0.694117647058824,0.803921568627451
125.14520788192749,0.0,0.26298947059616545,0.03,1,1,1,0.0,0.3333333333333333,0.10935000000000002,-1,-1,-1,1.0,1.0,-1.0,0.0,-0.3333333333333333,0.12150000000000001,-1,-1,-1,0.356862745098039,0.694117647058824,0.803921568627451
125.17995166778564,0.0,0.2666297771063563,0.03,1,1,1,0.0,0.3333333333333333,0.10935000000000002,-1,-1,-1,1.0,1.0,-1.0,0.0,-0.3333333333333333,0.12150000000000001,-1,-1,-1,0.356862745098039,0.694117647058824,0.803921568627451
125.21467161178589,0.0,0.2702700836165472,0.03,1,1,1,0.0,0.3333333333333333,0.10935000000000002,-1,-1,-1,1.0,1.0,-1.0,0.0,-0.3333333333333333,0.12150000000000001,-1,-1,-1,0.356862745098039,0.694117647058824,0.803921568627451
125.24938416481018,0.0,0.27391039012673807,0.03,1,1,1,0.0,0.3333333333333333,0.10935000000000002,-1,-1,-1,1.0,1.0,-1.0,0.0,-0.3333333333333333,0.12150000000000001,-1,-1,-1,0.356862745098039,0.694117647058824,0.803921568627451
125.28415751457214,0.0,0.27755069663692894,0.03,1,1,1,0.0,0.3333333333333333,0.10935000000000002,-1,-1,-1,1.0,1.0,-1.0,0.0,-0.3333333333333333,0.12150000000000001,-1,-1,-1,0.356862745098039,0.694117647058824,0.803921568627451
125.31895542144775,0.0,0.2811910031471198,0.03,1,1,1,0.0,0.3333333333333333,0.10935000000000002,-1,-1,-1,1.0,1.0,-1.0,0.0,-0.3333333333333333,0.12150000000000001,-1,-1,-1,0.356862745098039,0.694117647058824,0.803921568627451
125.35352230072021,0.0,0.2848313096573107,0.03,1,1,1,0.0,0.3333333333333333,0.10935000000000002,-1,-1,-1,1.0,1.0,-1.0,0.0,-0.3333333333333333,0.12150000000000001,-1,-1,-1,0.356862745098039,0.694117647058824,0.803921568627451
125.38824701309204,0.0,0.28847161616750155,0.03,1,1,1,0.0,0.3333333333333333,0.10935000000000002,-1,-1,-1,1.0,1.0,-1.0,0.0,-0.3333333333333333,0.12150000000000001,-1,-1,-1,0.356862745098039,0.694117647058824,0.803921568627451
125.42248940467834,0.0,0.2921119226776924,0.03,1,1,1,0.0,0.3333333333333333,0.10935000000000002,-1,-1,-1,1.0,1.0,-1.0,0.0,-0.3333333333333333,0.12150000000000001,-1,-1,-1,0.356862745098039,0.694117647058824,0.803921568627451
125.4576506614685,0.0,0.2957522291878833,0.03,1,1,1,0.0,0.3333333333333333,0.10935000000000002,-1,-1,-1,1.0,1.0,-1.0,0.0,-0.3333333333333333,0.12150000000000001,-1,-1,-1,0.356862745098039,0.694117647058824,0.803921568627451
125.49244928359985,0.0,0.29939253569807417,0.03,1,1,1,0.0,0.3333333333333333,0.10935000000000002,-1,-1,-1,1.0,1.0,-1.0,0.0,-0.3333333333333333,0.12150000000000001,-1,-1,-1,0.356862745098039,0.694117647058824,0.803921568627451
125.52721166610718,0.0,0.30303284220826504,0.03,1,1,1,0.0,0.3333333333333333,0.10935000000000002,-1,-1,-1,1.0,1.0,-1.0,0.0,-0.3333333333333333,0.12150000000000001,-1,-1,-1,0.356862745098039,0.694117647058824,0.803921568627451
125.56193137168884,0.0,0.3066731487184559,0.03,1,1,1,0.0,0.3333333333333333,0.10935000000000002,-1,-1,-1,1.0,1.0,-1.0,0.0,-0.3333333333333333,0.12150000000000001,-1,-1,-1,0.356862745098039,0.694117647058824,0.803921568627451
125.59664249420166,0.0,0.3103134552286468,0.03,1,1,1,0.0,0.3333333333333333,0.10935000000000002,-1,-1,-1,1.0,1.0,-1.0,0.0,-0.3333333333333333,0.12150000000000001,-1,-1,-1,0.356862745098039,0.694117647058824,0.803921568627451
125.63135504722595,0.0,0.31395376173883766,0.03,1,1,1,0.0,0.3333333333333333,0.10935000000000002,-1,-1,-1,1.0,1.0,-1.0,0.0,-0.3333333333333333,0.12150000000000001,-1,-1,-1,0.356862745098039,0.694117647058824,0.803921568627451
125.66558742523193,0.0,0.3175940682490285,0.03,1,1,1,0.0,0.3333333333333333,0.10935000000000002,-1,-1,-1,1.0,1.0,-1.0,0.0,-0.3333333333333333,0.12150000000000001,-1,-1,-1,0.356862745098039,0.694117647058824,0.803921568627451
125.70063805580139,0.0,0.3212343747592194,0.03,1,1,1,0.0,0.3333333333333333,0.10935000000000002,-1,-1,-1,1.0,1.0,-1.0,0.0,-0.3333333333333333,0.12150000000000001,-1,-1,-1,0.356862745098039,0.694117647058824,0.803921568627451
125.73527383804321,0.0,0.32487468126941027,0.03,1,1,1,0.0,0.3333333333333333,0.10935000000000002,-1,-1,-1,1.0,1.0,-1.0,0.0,-0.3333333333333333,0.12150000000000001,-1,-1,-1,0.356862745098039,0.694117647058824,0.803921568627451
125.77002453804016,0.0,0.32851498777960114,0.03,1,1,1,0.0,0.3333333333333333,0.10935000000000002,-1,-1,-1,1.0,1.0,-1.0,0.0,-0.3333333333333333,0.12150000000000001,-1,-1,-1,0.356862745098039,0.694117647058824,0.803921568627451
125.80469036102295,0.0,0.332155294289792,0.03,1,1,1,0.0,0.3333333333333333,0.10935000000000002,-1,-1,-1,1.0,1.0,-1.0,0.0,-0.3333333333333333,0.12150000000000001,-1,-1,-1,0.356862745098039,0.694117647058824,0.803921568627451
125.83939337730408,0.0,0.33361141689386836,0.03,1,1,1,0.0,0.3333333333333333,0.10935000000000002,-1,-1,-1,1.0,1.0,-1.0,0.0,-0.3333333333333333,0.12150000000000001,-1,-1,-1,0.356862745098039,0.694117647058824,0.803921568627451
125.87415790557861,0.0,0.33361141689386836,0.03,1,1,1,0.0,0.3333333333333333,0.10935000000000002,-1,-1,-1,1.0,1.0,-1.0,0.0,-0.3333333333333333,0.12150000000000001,-1,-1,-1,0.356862745098039,0.694117647058824,0.803921568627451
125.90882515907288,0.0,0.33361141689386836,0.03,1,1,1,0.0,0.3333333333333333,0.10935000000000002,-1,-1,-1,1.0,1.0,-1.0,0.0,-0.3333333333333333,0.12150000000000001,-1,-1,-1,0.356862745098039,0.694117647058824,0.803921568627451
125.94366240501404,0.0,0.33361141689386836,0.03,1,1,1,0.0,0.3333333333333333,0.10935000000000002,-1,-1,-1,1.0,1.0,-1.0,0.0,-0.3333333333333333,0.12150000000000001,-1,-1,-1,0.356862745098039,0.694117647058824,0.803921568627451
125.9783947467804,0.0,0.33361141689386836,0.03,1,1,1,0.0,0.3333333333333333,0.10935000000000002,-1,-1,-1,1.0,1.0,-1.0,0.0,-0.3333333333333333,0.12150000000000001,-1,-1,-1,0.356862745098039,0.694117647058824,0.803921568627451
126.01324510574341,0.0,0.33361141689386836,0.03,1,1,1,0.0,0.3333333333333333,0.10935000000000002,-1,-1,-1,1.0,1.0,-1.0,0.0,-0.3333333333333333,0.12150000000000001,-1,-1,-1,0.356862745098039,0.694117647058824,0.803921568627451
126.04795861244202,0.0,0.33361141689386836,0.03,1,1,1,0.0,0.3333333333333333,0.10935000000000002,-1,-1,-1,1.0,1.0,-1.0,0.0,-0.3333333333333333,0.12150000000000001,-1,-1,-1,0.356862745098039,0.694117647058824,0.803921568627451
126.08293676376343,0.0,0.33361141689386836,0.03,1,1,1,0.0,0.3333333333333333,0.10935000000000002,-1,-1,-1,1.0,1.0,-1.0,0.0,-0.3333333333333333,0.12150000000000001,-1,-1,-1,0.356862745098039,0.694117647058824,0.803921568627451
126.1171395778656,0.0,0.0046261942701946316,0.03,1,1,1,0.0,0.3333333333333333,0.09841500000000002,1,1,1,1.0,1.0,-1.0,0.0,-0.3333333333333333,0.12150000000000001,-1,-1,-1,0.356862745098039,0.694117647058824,0.803921568627451
126.15235209465027,0.0,0.009252388540389263,0.03,1,1,1,0.0,0.3333333333333333,0.09841500000000002,1,1,1,1.0,1.0,-1.0,0.0,-0.3333333333333333,0.12150000000000001,-1,-1,-1,0.356862745098039,0.694117647058824,0.803921568627451
126.18704843521118,0.0,0.013878582810583896,0.03,1,1,1,0.0,0.3333333333333333,0.09841500000000002,1,1,1,1.0,1.0,-1.0,0.0,-0.3333333333333333,0.12150000000000001,-1,-1,-1,0.356862745098039,0.694117647058824,0.803921568627451
126.22168707847595,0.0,0.018504777080778523,0.03,1,1,1,0.0,0.3333333333333333,0.09841500000000002,1,1,1,1.0,1.0,-1.0,0.0,-0.3333333333333333,0.12150000000000001,-1,-1,-1,0.356862745098039,0.694117647058824,0.803921568627451
126.2561902999878,0.0,0.023130971350973147,0.03,1,1,1,0.0,0.3333333333333333,0.09841500000000002,1,1,1,1.0,1.0,-1.0,0.0,-0.3333333333333333,0.12150000000000001,-1,-1,-1,0.356862745098039,0.694117647058824,0.803921568627451
126.290931224823,0.0,0.02775716562116777,0.03,1,1,1,0.0,0.3333333333333333,0.09841500000000002,1,1,1,1.0,1.0,-1.0,0.0,-0.3333333333333333,0.12150000000000001,-1,-1,-1,0.356862745098039,0.694117647058824,0.803921568627451
126.32539057731628,0.0,0.032383359891362394,0.03,1,1,1,0.0,0.3333333333333333,0.09841500000000002,1,1,1,1.0,1.0,-1.0,0.0,-0.3333333333333333,0.12150000000000001,-1,-1,-1,0.356862745098039,0.694117647058824,0.803921568627451
126.3599123954773,0.0,0.03700955416155702,0.03,1,1,1,0.0,0.3333333333333333,0.09841500000000002,1,1,1,1.0,1.0,-1.0,0.0,-0.3333333333333333,0.12150000000000001,-1,-1,-1,0.356862745098039,0.694117647058824,0.803921568627451
126.39503026008606,0.0,0.04163574843175164,0.03,1,1,1,0.0,0.3333333333333333,0.09841500000000002,1,1,1,1.0,1.0,-1.0,0.0,-0.3333333333333333,0.12150000000000001,-1,-1,-1,0.356862745098039,0.694117647058824,0.803921568627451
126.43019938468933,0.0,0.046261942701946265,0.03,1,1,1,0.0,0.3333333333333333,0.09841500000000002,1,1,1,1.0,1.0,-1.0,0.0,-0.3333333333333333,0.12150000000000001,-1,-1,-1,0.356862745098039,0.694117647058824,0.803921568627451
126.46486687660217,0.0,0.05088813697214089,0.03,1,1,1,0.0,0.3333333333333333,0.09841500000000002,1,1,1,1.0,1.0,-1.0,0.0,-0.3333333333333333,0.12150000000000001,-1,-1,-1,0.356862745098039,0.694117647058824,0.803921568627451
126.49953961372375,0.0,0.05551433124233551,0.03,1,1,1,0.0,0.3333333333333333,0.09841500000000002,1,1,1,1.0,1.0,-1.0,0.0,-0.3333333333333333,0.12150000000000001,-1,-1,-1,0.356862745098039,0.694117647058824,0.803921568627451
126.53436660766602,0.0,0.06014052551253014,0.03,1,1,1,0.0,0.3333333333333333,0.09841500000000002,1,1,1,1.0,1.0,-1.0,0.0,-0.3333333333333333,0.12150000000000001,-1,-1,-1,0.356862745098039,0.694117647058824,0.803921568627451
126.56915926933289,0.0,0.06476671978272477,0.03,1,1,1,0.0,0.3333333333333333,0.09841500000000002,1,1,1,1.0,1.0,-1.0,0.0,-0.3333333333333333,0.12150000000000001,-1,-1,-1,0.356862745098039,0.694117647058824,0.803921568627451
126.60367393493652,0.0,0.06939291405291943,0.03,1,1,1,0.0,0.3333333333333333,0.09841500000000002,1,1,1,1.0,1.0,-1.0,0.0,-0.3333333333333333,0.12150000000000001,-1,-1,-1,0.356862745098039,0.694117647058824,0.803921568627451
126.6376280784607,0.0,0.07401910832311409,0.03,1,1,1,0.0,0.3333333333333333,0.09841500000000002,1,1,1,1.0,1.0,-1.0,0.0,-0.3333333333333333,0.12150000000000001,-1,-1,-1,0.356862745098039,0.694117647058824,0.803921568627451
126.67303419113159,0.0,0.07864530259330875,0.03,1,1,1,0.0,0.3333333333333333,0.09841500000000002,1,1,1,1.0,1.0,-1.0,0.0,-0.3333333333333333,0.12150000000000001,-1,-1,-1,0.356862745098039,0.694117647058824,0.803921568627451
126.70777678489685,0.0,0.08327149686350341,0.03,1,1,1,0.0,0.3333333333333333,0.09841500000000002,1,1,1,1.0,1.0,-1.0,0.0,-0.3333333333333333,0.12150000000000001,-1,-1,-1,0.356862745098039,0.694117647058824,0.803921568627451
126.74248218536377,0.0,0.08789769113369807,0.03,1,1,1,0.0,0.3333333333333333,0.09841500000000002,1,1,1,1.0,1.0,-1.0,0.0,-0.3333333333333333,0.12150000000000001,-1,-1,-1,0.356862745098039,0.694117647058824,0.803921568627451
126.77715992927551,0.0,0.09252388540389272,0.03,1,1,1,0.0,0.3333333333333333,0.09841500000000002,1,1,1,1.0,1.0,-1.0,0.0,-0.3333333333333333,0.12150000000000001,-1,-1,-1,0.356862745098039,0.694117647058824,0.803921568627451
126.81193780899048,0.0,0.09715007967408738,0.03,1,1,1,0.0,0.3333333333333333,0.09841500000000002,1,1,1,1.0,1.0,-1.0,0.0,-0.3333333333333333,0.12150000000000001,-1,-1,-1,0.356862745098039,0.694117647058824,0.803921568627451
126.84678769111633,0.0,0.10177627394428204,0.03,1,1,1,0.0,0.3333333333333333,0.09841500000000002,1,1,1,1.0,1.0,-1.0,0.0,-0.3333333333333333,0.12150000000000001,-1,-1,-1,0.356862745098039,0.694117647058824,0.803921568627451
126.88137102127075,0.0,0.1064024682144767,0.03,1,1,1,0.0,0.3333333333333333,0.09841500000000002,1,1,1,1.0,1.0,-1.0,0.0,-0.3333333333333333,0.12150000000000001,-1,-1,-1,0.356862745098039,0.694117647058824,0.803921568627451
126.91555142402649,0.0,0.11102866248467136,0.03,1,1,1,0.0,0.3333333333333333,0.09841500000000002,1,1,1,1.0,1.0,-1.0,0.0,-0.3333333333333333,0.12150000000000001,-1,-1,-1,0.356862745098039,0.694117647058824,0.803921568627451
126.9506778717041,0.0,0.11565485675486602,0.03,1,1,1,0.0,0.3333333333333333,0.09841500000000002,1,1,1,1.0,1.0,-1.0,0.0,-0.3333333333333333,0.12150000000000001,-1,-1,-1,0.356862745098039,0.694117647058824,0.803921568627451
126.98531222343445,0.0,0.12028105102506068,0.03,1,1,1,0.0,0.3333333333333333,0.09841500000000002,1,1,1,1.0,1.0,-1.0,0.0,-0.3333333333333333,0.12150000000000001,-1,-1,-1,0.356862745098039,0.694117647058824,0.803921568627451
127.01994514465332,0.0,0.12490724529525533,0.03,1,1,1,0.0,0.3333333333333333,0.09841500000000002,1,1,1,1.0,1.0,-1.0,0.0,-0.3333333333333333,0.12150000000000001,-1,-1,-1,0.356862745098039,0.694117647058824,0.803921568627451
127.05462193489075,0.0,0.12953343956544994,0.03,1,1,1,0.0,0.3333333333333333,0.09841500000000002,1,1,1,1.0,1.0,-1.0,0.0,-0.3333333333333333,0.12150000000000001,-1,-1,-1,0.356862745098039,0.694117647058824,0.803921568627451
127.08909273147583,0.0,0.13415963383564453,0.03,1,1,1,0.0,0.3333333333333333,0.09841500000000002,1,1,1,1.0,1.0,-1.0,0.0,-0.3333333333333333,0.12150000000000001,-1,-1,-1,0.356862745098039,0.694117647058824,0.803921568627451
127.12455534934998,0.0,0.13878582810583912,0.03,1,1,1,0.0,0.3333333333333333,0.09841500000000002,1,1,1,1.0,1.0,-1.0,0.0,-0.3333333333333333,0.12150000000000001,-1,-1,-1,0.356862745098039,0.694117647058824,0.803921568627451
127.15925812721252,0.0,0.1434120223760337,0.03,1,1,1,0.0,0.3333333333333333,0.09841500000000002,1,1,1,1.0,1.0,-1.0,0.0,-0.3333333333333333,0.12150000000000001,-1,-1,-1,0.356862745098039,0.694117647058824,0.803921568627451
127.19388699531555,0.0,0.1480382166462283,0.03,1,1,1,0.0,0.3333333333333333,0.09841500000000002,1,1,1,1.0,1.0,-1.0,0.0,-0.3333333333333333,0.12150000000000001,-1,-1,-1,0.356862745098039,0.694117647058824,0.803921568627451
127.22853446006775,0.0,0.15266441091642288,0.03,1,1,1,0.0,0.3333333333333333,0.09841500000000002,1,1,1,1.0,1.0,-1.0,0.0,-0.3333333333333333,0.12150000000000001,-1,-1,-1,0.356862745098039,0.694117647058824,0.803921568627451
127.26330757141113,0.0,0.15729060518661747,0.03,1,1,1,0.0,0.3333333333333333,0.09841500000000002,1,1,1,1.0,1.0,-1.0,0.0,-0.3333333333333333,0.12150000000000001,-1,-1,-1,0.356862745098039,0.694117647058824,0.803921568627451
127.297682762146,0.0,0.15931217745542517,0.03,1,1,1,0.0,0.3333333333333333,0.09841500000000002,-1,-1,-1,1.0,1.0,-1.0,0.0,-0.3333333333333333,0.12150000000000001,-1,-1,-1,0.356862745098039,0.694117647058824,0.803921568627451
127.332772731781,0.0,0.15742681672215253,0.03,1,1,1,0.0,0.3333333333333333,0.09841500000000002,-1,-1,-1,1.0,1.0,-1.0,0.0,-0.3333333333333333,0.12150000000000001,-1,-1,-1,0.356862745098039,0.694117647058824,0.803921568627451
127.36750149726868,0.0,0.1555414559888799,0.03,1,1,1,0.0,0.3333333333333333,0.09841500000000002,-1,-1,-1,1.0,1.0,-1.0,0.0,-0.3333333333333333,0.12150000000000001,-1,-1,-1,0.356862745098039,0.694117647058824,0.803921568627451
127.40163516998291,0.0,0.15365609525560725,0.03,1,1,1,0.0,0.3333333333333333,0.09841500000000002,-1,-1,-1,1.0,1.0,-1.0,0.0,-0.3333333333333333,0.12150000000000001,-1,-1,-1,0.356862745098039,0.694117647058824,0.803921568627451
127.43694758415222,0.0,0.1517707345223346,0.03,1,1,1,0.0,0.3333333333333333,0.09841500000000002,-1,-1,-1,1.0,1.0,-1.0,0.0,-0.3333333333333333,0.12150000000000001,-1,-1,-1,0.356862745098039,0.694117647058824,0.803921568627451
127.47165131568909,0.0,0.14988537378906197,0.03,1,1,1,0.0,0.3333333333333333,0.09841500000000002,-1,-1,-1,1.0,1.0,-1.0,0.0,-0.3333333333333333,0.12150000000000001,-1,-1,-1,0.356862745098039,0.694117647058824,0.803921568627451
127.50632739067078,0.0,0.14800001305578933,0.03,1,1,1,0.0,0.3333333333333333,0.09841500000000002,-1,-1,-1,1.0,1.0,-1.0,0.0,-0.3333333333333333,0.12150000000000001,-1,-1,-1,0.356862745098039,0.694117647058824,0.803921568627451
127.54108619689941,0.0,0.1461146523225167,0.03,1,1,1,0.0,0.3333333333333333,0.09841500000000002,-1,-1,-1,1.0,1.0,-1.0,0.0,-0.3333333333333333,0.12150000000000001,-1,-1,-1,0.356862745098039,0.694117647058824,0.803921568627451
127.57571125030518,0.0,0.14422929158924405,0.03,1,1,1,0.0,0.3333333333333333,0.09841500000000002,-1,-1,-1,1.0,1.0,-1.0,0.0,-0.3333333333333333,0.12150000000000001,-1,-1,-1,0.356862745098039,0.694117647058824,0.803921568627451
127.61052823066711,0.0,0.1423439308559714,0.03,1,1,1,0.0,0.3333333333333333,0.09841500000000002,-1,-1,-1,1.0,1.0,-1.0,0.0,-0.3333333333333333,0.12150000000000001,-1,-1,-1,0.356862745098039,0.694117647058824,0.803921568627451
127.6452648639679,0.0,0.14045857012269877,0.03,1,1,1,0.0,0.3333333333333333,0.09841500000000002,-1,-1,-1,1.0,1.0,-1.0,0.0,-0.3333333333333333,0.12150000000000001,-1,-1,-1,0.356862745098039,0.694117647058824,0.803921568627451
127.67988133430481,0.0,0.13857320938942613,0.03,1,1,1,0.0,0.3333333333333333,0.09841500000000002,-1,-1,-1,1.0,1.0,-1.0,0.0,-0.3333333333333333,0.12150000000000001,-1,-1,-1,0.356862745098039,0.694117647058824,0.803921568627451
127.71459412574768,0.0,0.1366878486561535,0.03,1,1,1,0.0,0.3333333333333333,0.09841500000000002,-1,-1,-1,1.0,1.0,-1.0,0.0,-0.3333333333333333,0.12150000000000001,-1,-1,-1,0.356862745098039,0.694117647058824,0.803921568627451
127.74877047538757,0.0,0.13480248792288085,0.03,1,1,1,0.0,0.3333333333333333,0.09841500000000002,-1,-1,-1,1.0,1.0,-1.0,0.0,-0.3333333333333333,0.12150000000000001,-1,-1,-1,0.356862745098039,0.694117647058824,0.803921568627451
127.78368377685547,0.0,0.13291712718960821,0.03,1,1,1,0.0,0.3333333333333333,0.09841500000000002,-1,-1,-1,1.0,1.0,-1.0,0.0,-0.3333333333333333,0.12150000000000001,-1,-1,-1,0.356862745098039,0.694117647058824,0.803921568627451
127.81854391098022,0.0,0.13103176645633557,0.03,1,1,1,0.0,0.3333333333333333,0.09841500000000002,-1,-1,-1,1.0,1.0,-1.0,0.0,-0.3333333333333333,0.12150000000000001,-1,-1,-1,0.356862745098039,0.694117647058824,0.803921568627451
127.85327172279358,0.0,0.12914640572306293,0.03,1,1,1,0.0,0.3333333333333333,0.09841500000000002,-1,-1,-1,1.0,1.0,-1.0,0.0,-0.3333333333333333,0.12150000000000001,-1,-1,-1,0.356862745098039,0.694117647058824,0.803921568627451
127.88789415359497,0.0,0.1272610449897903,0.03,1,1,1,0.0,0.3333333333333333,0.09841500000000002,-1,-1,-1,1.0,1.0,-1.0,0.0,-0.3333333333333333,0.12150000000000001,-1,-1,-1,0.356862745098039,0.694117647058824,0.803921568627451
127.92238759994507,0.0,0.12537568425651766,0.03,1,1,1,0.0,0.3333333333333333,0.09841500000000002,-1,-1,-1,1.0,1.0,-1.0,0.0,-0.3333333333333333,0.12150000000000001,-1,-1,-1,0.356862745098039,0.694117647058824,0.803921568627451
127.95764780044556,0.0,0.12349032352324497,0.03,1,1,1,0.0,0.3333333333333333,0.09841500000000002,-1,-1,-1,1.0,1.0,-1.0,0.0,-0.3333333333333333,0.12150000000000001,-1,-1,-1,0.356862745098039,0.694117647058824,0.803921568627451
127.99181938171387,0.0,0.1216049627899723,0.03,1,1,1,0.0,0.3333333333333333,0.09841500000000002,-1,-1,-1,1.0,1.0,-1.0,0.0,-0.3333333333333333,0.12150000000000001,-1,-1,-1,0.356862745098039,0.694117647058824,0.803921568627451
128.02713179588318,0.0,0.11971960205669965,0.03,1,1,1,0.0,0.3333333333333333,0.09841500000000002,-1,-1,-1,1.0,1.0,-1.0,0.0,-0.3333333333333333,0.12150000000000001,-1,-1,-1,0.356862745098039,0.694117647058824,0.803921568627451
128.06213927268982,0.0,0.117834241323427,0.03,1,1,1,0.0,0.3333333333333333,0.09841500000000002,-1,-1,-1,1.0,1.0,-1.0,0.0,-0.3333333333333333,0.12150000000000001,-1,-1,-1,0.356862745098039,0.694117647058824,0.803921568627451
128.09657430648804,0.0,0.11594888059015436,0.03,1,1,1,0.0,0.3333333333333333,0.09841500000000002,-1,-1,-1,1.0,1.0,-1.0,0.0,-0.3333333333333333,0.12150000000000001,-1,-1,-1,0.356862745098039,0.694117647058824,0.803921568627451
128.1312758922577,0.0,0.11406351985688172,0.03,1,1,1,0.0,0.3333333333333333,0.09841500000000002,-1,-1,-1,1.0,1.0,-1.0,0.0,-0.3333333333333333,0.12150000000000001,-1,-1,-1,0.356862745098039,0.694117647058824,0.803921568627451
128.16607069969177,0.0,0.11217815912360908,0.03,1,1,1,0.0,0.3333333333333333,0.09841500000000002,-1,-1,-1,1.0,1.0,-1.0,0.0,-0.3333333333333333,0.12150000000000001,-1,-1,-1,0.356862745098039,0.694117647058824,0.803921568627451
128.2007920742035,0.0,0.11029279839033644,0.03,1,1,1,0.0,0.3333333333333333,0.09841500000000002,-1,-1,-1,1.0,1.0,-1.0,0.0,-0.3333333333333333,0.12150000000000001,-1,-1,-1,0.356862745098039,0.694117647058824,0.803921568627451
128.23544430732727,0.0,0.1084074376570638,0.03,1,1,1,0.0,0.3333333333333333,0.09841500000000002,-1,-1,-1,1.0,1.0,-1.0,0.0,-0.3333333333333333,0.12150000000000001,-1,-1,-1,0.356862745098039,0.694117647058824,0.803921568627451
128.27020525932312,0.0,0.10652207692379116,0.03,1,1,1,0.0,0.3333333333333333,0.09841500000000002,-1,-1,-1,1.0,1.0,-1.0,0.0,-0.3333333333333333,0.12150000000000001,-1,-1,-1,0.356862745098039,0.694117647058824,0.803921568627451
128.30487322807312,0.0,0.10463671619051852,0.03,1,1,1,0.0,0.3333333333333333,0.09841500000000002,-1,-1,-1,1.0,1.0,-1.0,0.0,-0.3333333333333333,0.12150000000000001,-1,-1,-1,0.356862745098039,0.694117647058824,0.803921568627451
128.3397662639618,0.0,0.10275135545724588,0.03,1,1,1,0.0,0.3333333333333333,0.09841500000000002,-1,-1,-1,1.0,1.0,-1.0,0.0,-0.3333333333333333,0.12150000000000001,-1,-1,-1,0.356862745098039,0.694117647058824,0.803921568627451
128.3744740486145,0.0,0.10086599472397324,0.03,1,1,1,0.0,0.3333333333333333,0.09841500000000002,-1,-1,-1,1.0,1.0,-1.0,0.0,-0.3333333333333333,0.12150000000000001,-1,-1,-1,0.356862745098039,0.694117647058824,0.803921568627451
128.4091513156891,0.0,0.0989806339907006,0.03,1,1,1,0.0,0.3333333333333333,0.09841500000000002,-1,-1,-1,1.0,1.0,-1.0,0.0,-0.3333333333333333,0.12150000000000001,-1,-1,-1,0.356862745098039,0.694117647058824,0.803921568627451
128.4440405368805,0.0,0.09709527325742796,0.03,1,1,1,0.0,0.3333333333333333,0.09841500000000002,-1,-1,-1,1.0,1.0,-1.0,0.0,-0.3333333333333333,0.12150000000000001,-1,-1,-1,0.356862745098039,0.694117647058824,0.803921568627451
128.47861456871033,0.0,0.09520991252415532,0.03,1,1,1,0.0,0.3333333333333333,0.09841500000000002,-1,-1,-1,1.0,1.0,-1.0,0.0,-0.3333333333333333,0.12150000000000001,-1,-1,-1,0.356862745098039,0.694117647058824,0.803921568627451
128.5128173828125,0.0,0.09453670343981087,0.03,1,1,1,0.0,0.3333333333333333,0.09841500000000002,-1,-1,-1,1.0,1.0,-1.0,0.0,-0.3333333333333333,0.12150000000000001,-1,-1,-1,0.356862745098039,0.694117647058824,0.803921568627451
128.5479543209076,0.0,0.09416653226769846,0.03,1,1,1,0.0,0.3333333333333333,0.09841500000000002,-1,-1,-1,1.0,1.0,-1.0,0.0,-0.3333333333333333,0.12150000000000001,-1,-1,-1,0.356862745098039,0.694117647058824,0.803921568627451
128.5827977657318,0.0,0.09379636109558605,0.03,1,1,1,0.0,0.3333333333333333,0.09841500000000002,-1,-1,-1,1.0,1.0,-1.0,0.0,-0.3333333333333333,0.12150000000000001,-1,-1,-1,0.356862745098039,0.694117647058824,0.803921568627451
128.61748909950256,0.0,0.09342618992347364,0.03,1,1,1,0.0,0.3333333333333333,0.09841500000000002,-1,-1,-1,1.0,1.0,-1.0,0.0,-0.3333333333333333,0.12150000000000001,-1,-1,-1,0.356862745098039,0.694117647058824,0.803921568627451
128.65240263938904,0.0,0.09305601875136123,0.03,1,1,1,0.0,0.3333333333333333,0.09841500000000002,-1,-1,-1,1.0,1.0,-1.0,0.0,-0.3333333333333333,0.12150000000000001,-1,-1,-1,0.356862745098039,0.694117647058824,0.803921568627451
128.6870939731598,0.0,0.09268584757924882,0.03,1,1,1,0.0,0.3333333333333333,0.09841500000000002,-1,-1,-1,1.0,1.0,-1.0,0.0,-0.3333333333333333,0.12150000000000001,-1,-1,-1,0.356862745098039,0.694117647058824,0.803921568627451
128.7217562198639,0.0,0.09231567640713641,0.03,1,1,1,0.0,0.3333333333333333,0.09841500000000002,-1,-1,-1,1.0,1.0,-1.0,0.0,-0.3333333333333333,0.12150000000000001,-1,-1,-1,0.356862745098039,0.694117647058824,0.803921568627451
128.75631189346313,0.0,0.091945505235024,0.03,1,1,1,0.0,0.3333333333333333,0.09841500000000002,-1,-1,-1,1.0,1.0,-1.0,0.0,-0.3333333333333333,0.12150000000000001,-1,-1,-1,0.356862745098039,0.694117647058824,0.803921568627451
128.79109501838684,0.0,0.09157533406291159,0.03,1,1,1,0.0,0.3333333333333333,0.09841500000000002,-1,-1,-1,1.0,1.0,-1.0,0.0,-0.3333333333333333,0.12150000000000001,-1,-1,-1,0.356862745098039,0.694117647058824,0.803921568627451
128.82575964927673,0.0,0.09120516289079918,0.03,1,1,1,0.0,0.3333333333333333,0.09841500000000002,-1,-1,-1,1.0,1.0,-1.0,0.0,-0.3333333333333333,0.12150000000000001,-1,-1,-1,0.356862745098039,0.694117647058824,0.803921568627451
128.86050724983215,0.0,0.09083499171868677,0.03,1,1,1,0.0,0.3333333333333333,0.09841500000000002,-1,-1,-1,1.0,1.0,-1.0,0.0,-0.3333333333333333,0.12150000000000001,-1,-1,-1,0.356862745098039,0.694117647058824,0.803921568627451
128.89467096328735,0.0,0.09046482054657436,0.03,1,1,1,0.0,0.3333333333333333,0.09841500000000002,-1,-1,-1,1.0,1.0,-1.0,0.0,-0.3333333333333333,0.12150000000000001,-1,-1,-1,0.356862745098039,0.694117647058824,0.803921568627451
128.93022561073303,0.0,0.09009464937446195,0.03,1,1,1,0.0,0.3333333333333333,0.09841500000000002,-1,-1,-1,1.0,1.0,-1.0,0.0,-0.3333333333333333,0.12150000000000001,-1,-1,-1,0.356862745098039,0.694117647058824,0.803921568627451
128.96465039253235,0.0,0.08972447820234954,0.03,1,1,1,0.0,0.3333333333333333,0.09841500000000002,-1,-1,-1,1.0,1.0,-1.0,0.0,-0.3333333333333333,0.12150000000000001,-1,-1,-1,0.356862745098039,0.694117647058824,0.803921568627451
128.99947953224182,0.0,0.08935430703023713,0.03,1,1,1,0.0,0.3333333333333333,0.09841500000000002,-1,-1,-1,1.0,1.0,-1.0,0.0,-0.3333333333333333,0.12150000000000001,-1,-1,-1,0.356862745098039,0.694117647058824,0.803921568627451
129.03409242630005,0.0,0.08898413585812472,0.03,1,1,1,0.0,0.3333333333333333,0.09841500000000002,-1,-1,-1,1.0,1.0,-1.0,0.0,-0.3333333333333333,0.12150000000000001,-1,-1,-1,0.356862745098039,0.694117647058824,0.803921568627451
129.06892681121826,0.0,0.0886139646860123,0.03,1,1,1,0.0,0.3333333333333333,0.09841500000000002,-1,-1,-1,1.0,1.0,-1.0,0.0,-0.3333333333333333,0.12150000000000001,-1,-1,-1,0.356862745098039,0.694117647058824,0.803921568627451
129.10311365127563,0.0,0.0882437935138999,0.03,1,1,1,0.0,0.3333333333333333,0.09841500000000002,-1,-1,-1,1.0,1.0,-1.0,0.0,-0.3333333333333333,0.12150000000000001,-1,-1,-1,0.356862745098039,0.694117647058824,0.803921568627451
129.13851642608643,0.0,0.08787362234178749,0.03,1,1,1,0.0,0.3333333333333333,0.09841500000000002,-1,-1,-1,1.0,1.0,-1.0,0.0,-0.3333333333333333,0.12150000000000001,-1,-1,-1,0.356862745098039,0.694117647058824,0.803921568627451
129.17254543304443,0.0,0.08750345116967508,0.03,1,1,1,0.0,0.3333333333333333,0.09841500000000002,-1,-1,-1,1.0,1.0,-1.0,0.0,-0.3333333333333333,0.12150000000000001,-1,-1,-1,0.356862745098039,0.694117647058824,0.803921568627451
129.20788884162903,0.0,0.08713327999756267,0.03,1,1,1,0.0,0.3333333333333333,0.09841500000000002,-1,-1,-1,1.0,1.0,-1.0,0.0,-0.3333333333333333,0.12150000000000001,-1,-1,-1,0.356862745098039,0.694117647058824,0.803921568627451
129.2424454689026,0.0,0.08676310882545026,0.03,1,1,1,0.0,0.3333333333333333,0.09841500000000002,-1,-1,-1,1.0,1.0,-1.0,0.0,-0.3333333333333333,0.12150000000000001,-1,-1,-1,0.356862745098039,0.694117647058824,0.803921568627451
129.2772238254547,0.0,0.08639293765333785,0.03,1,1,1,0.0,0.3333333333333333,0.09841500000000002,-1,-1,-1,1.0,1.0,-1.0,0.0,-0.3333333333333333,0.12150000000000001,-1,-1,-1,0.356862745098039,0.694117647058824,0.803921568627451
129.311931848526,0.0,0.08602276648122544,0.03,1,1,1,0.0,0.3333333333333333,0.09841500000000002,-1,-1,-1,1.0,1.0,-1.0,0.0,-0.3333333333333333,0.12150000000000001,-1,-1,-1,0.356862745098039,0.694117647058824,0.803921568627451
129.34661054611206,0.0,0.08565259530911302,0.03,1,1,1,0.0,0.3333333333333333,0.09841500000000002,-1,-1,-1,1.0,1.0,-1.0,0.0,-0.3333333333333333,0.12150000000000001,-1,-1,-1,0.356862745098039,0.694117647058824,0.803921568627451
129.38149309158325,0.0,0.08528242413700061,0.03,1,1,1,0.0,0.3333333333333333,0.09841500000000002,-1,-1,-1,1.0,1.0,-1.0,0.0,-0.3333333333333333,0.12150000000000001,-1,-1,-1,0.356862745098039,0.694117647058824,0.803921568627451
129.41556239128113,0.0,0.0849122529648882,0.03,1,1,1,0.0,0.3333333333333333,0.09841500000000002,-1,-1,-1,1.0,1.0,-1.0,0.0,-0.3333333333333333,0.12150000000000001,-1,-1,-1,0.356862745098039,0.694117647058824,0.803921568627451
129.45079708099365,0.0,0.0845420817927758,0.03,1,1,1,0.0,0.3333333333333333,0.09841500000000002,-1,-1,-1,1.0,1.0,-1.0,0.0,-0.3333333333333333,0.12150000000000001,-1,-1,-1,0.356862745098039,0.694117647058824,0.803921568627451
129.48502731323242,0.0,0.08417191062066338,0.03,1,1,1,0.0,0.3333333333333333,0.09841500000000002,-1,-1,-1,1.0,1.0,-1.0,0.0,-0.3333333333333333,0.12150000000000001,-1,-1,-1,0.356862745098039,0.694117647058824,0.803921568627451
129.51967906951904,0.0,0.08380173944855097,0.03,1,1,1,0.0,0.3333333333333333,0.09841500000000002,-1,-1,-1,1.0,1.0,-1.0,0.0,-0.3333333333333333,0.12150000000000001,-1,-1,-1,0.356862745098039,0.694117647058824,0.803921568627451
129.55507469177246,0.0,0.08343156827643856,0.03,1,1,1,0.0,0.3333333333333333,0.09841500000000002,-1,-1,-1,1.0,1.0,-1.0,0.0,-0.3333333333333333,0.12150000000000001,-1,-1,-1,0.356862745098039,0.694117647058824,0.803921568627451
129.58980441093445,0.0,0.08306139710432615,0.03,1,1,1,0.0,0.3333333333333333,0.09841500000000002,-1,-1,-1,1.0,1.0,-1.0,0.0,-0.3333333333333333,0.12150000000000001,-1,-1,-1,0.356862745098039,0.694117647058824,0.803921568627451
129.6244034767151,0.0,0.08269122593221374,0.03,1,1,1,0.0,0.3333333333333333,0.09841500000000002,-1,-1,-1,1.0,1.0,-1.0,0.0,-0.3333333333333333,0.12150000000000001,-1,-1,-1,0.356862745098039,0.694117647058824,0.803921568627451
129.65914034843445,0.0,0.08232105476010133,0.03,1,1,1,0.0,0.3333333333333333,0.09841500000000002,-1,-1,-1,1.0,1.0,-1.0,0.0,-0.3333333333333333,0.12150000000000001,-1,-1,-1,0.356862745098039,0.694117647058824,0.803921568627451
129.6937336921692,0.0,0.0811650753302823,0.03,1,1,1,0.0,0.3333333333333333,0.09841500000000002,-1,-1,-1,1.0,1.0,-1.0,0.0,-0.3333333333333333,0.12150000000000001,-1,-1,-1,0.356862745098039,0.694117647058824,0.803921568627451
129.72870635986328,0.0,0.0768658628696368,0.03,1,1,1,0.0,0.3333333333333333,0.09841500000000002,-1,-1,-1,1.0,1.0,-1.0,0.0,-0.3333333333333333,0.12150000000000001,-1,-1,-1,0.356862745098039,0.694117647058824,0.803921568627451
129.7633695602417,0.0,0.0725666504089913,0.03,1,1,1,0.0,0.3333333333333333,0.09841500000000002,-1,-1,-1,1.0,1.0,-1.0,0.0,-0.3333333333333333,0.12150000000000001,-1,-1,-1,0.356862745098039,0.694117647058824,0.803921568627451
129.79812335968018,0.0,0.06826743794834579,0.03,1,1,1,0.0,0.3333333333333333,0.09841500000000002,-1,-1,-1,1.0,1.0,-1.0,0.0,-0.3333333333333333,0.12150000000000001,-1,-1,-1,0.356862745098039,0.694117647058824,0.803921568627451
129.83278560638428,0.0,0.06396822548770029,0.03,1,1,1,0.0,0.3333333333333333,0.09841500000000002,-1,-1,-1,1.0,1.0,-1.0,0.0,-0.3333333333333333,0.12150000000000001,-1,-1,-1,0.356862745098039,0.694117647058824,0.803921568627451
129.8668954372406,0.0,0.059669013027054796,0.03,1,1,1,0.0,0.3333333333333333,0.09841500000000002,-1,-1,-1,1.0,1.0,-1.0,0.0,-0.3333333333333333,0.12150000000000001,-1,-1,-1,0.356862745098039,0.694117647058824,0.803921568627451
129.90221047401428,0.0,0.05536980056640929,0.03,1,1,1,0.0,0.3333333333333333,0.09841500000000002,-1,-1,-1,1.0,1.0,-1.0,0.0,-0.3333333333333333,0.12150000000000001,-1,-1,-1,0.356862745098039,0.694117647058824,0.803921568627451
129.93680334091187,0.0,0.05107058810576379,0.03,1,1,1,0.0,0.3333333333333333,0.09841500000000002,-1,-1,-1,1.0,1.0,-1.0,0.0,-0.3333333333333333,0.12150000000000001,-1,-1,-1,0.356862745098039,0.694117647058824,0.803921568627451
129.97167134284973,0.0,0.04677137564511828,0.03,1,1,1,0.0,0.3333333333333333,0.09841500000000002,-1,-1,-1,1.0,1.0,-1.0,0.0,-0.3333333333333333,0.12150000000000001,-1,-1,-1,0.356862745098039,0.694117647058824,0.803921568627451
130.00626850128174,0.0,0.04247216318447278,0.03,1,1,1,0.0,0.3333333333333333,0.09841500000000002,-1,-1,-1,1.0,1.0,-1.0,0.0,-0.3333333333333333,0.12150000000000001,-1,-1,-1,0.356862745098039,0.694117647058824,0.803921568627451
130.0410759449005,0.0,0.03817295072382727,0.03,1,1,1,0.0,0.3333333333333333,0.09841500000000002,-1,-1,-1,1.0,1.0,-1.0,0.0,-0.3333333333333333,0.12150000000000001,-1,-1,-1,0.356862745098039,0.694117647058824,0.803921568627451
130.07597637176514,0.0,0.03387373826318177,0.03,1,1,1,0.0,0.3333333333333333,0.09841500000000002,-1,-1,-1,1.0,1.0,-1.0,0.0,-0.3333333333333333,0.12150000000000001,-1,-1,-1,0.356862745098039,0.694117647058824,0.803921568627451
130.11048197746277,0.0,0.029574525802536267,0.03,1,1,1,0.0,0.3333333333333333,0.09841500000000002,-1,-1,-1,1.0,1.0,-1.0,0.0,-0.3333333333333333,0.12150000000000001,-1,-1,-1,0.356862745098039,0.694117647058824,0.803921568627451
130.14538145065308,0.0,0.02527531334189078,0.03,1,1,1,0.0,0.3333333333333333,0.09841500000000002,-1,-1,-1,1.0,1.0,-1.0,0.0,-0.3333333333333333,0.12150000000000001,-1,-1,-1,0.356862745098039,0.694117647058824,0.803921568627451
130.17989492416382,0.0,0.020976100881245293,0.03,1,1,1,0.0,0.3333333333333333,0.09841500000000002,-1,-1,-1,1.0,1.0,-1.0,0.0,-0.3333333333333333,0.12150000000000001,-1,-1,-1,0.356862745098039,0.694117647058824,0.803921568627451
130.21459579467773,0.0,0.016676888420599806,0.03,1,1,1,0.0,0.3333333333333333,0.09841500000000002,-1,-1,-1,1.0,1.0,-1.0,0.0,-0.3333333333333333,0.12150000000000001,-1,-1,-1,0.356862745098039,0.694117647058824,0.803921568627451
130.2488820552826,0.0,0.012377675959954312,0.03,1,1,1,0.0,0.3333333333333333,0.09841500000000002,-1,-1,-1,1.0,1.0,-1.0,0.0,-0.3333333333333333,0.12150000000000001,-1,-1,-1,0.356862745098039,0.694117647058824,0.803921568627451
130.28382778167725,0.0,0.008078463499308816,0.03,1,1,1,0.0,0.3333333333333333,0.09841500000000002,-1,-1,-1,1.0,1.0,-1.0,0.0,-0.3333333333333333,0.12150000000000001,-1,-1,-1,0.356862745098039,0.694117647058824,0.803921568627451
130.318701505661,0.0,0.0037792510386633203,0.03,1,1,1,0.0,0.3333333333333333,0.09841500000000002,-1,-1,-1,1.0,1.0,-1.0,0.0,-0.3333333333333333,0.12150000000000001,-1,-1,-1,0.356862745098039,0.694117647058824,0.803921568627451
130.3532211780548,0.0,-0.0005199614219821745,0.03,1,1,1,0.0,0.3333333333333333,0.09841500000000002,-1,-1,-1,1.0,1.0,-1.0,0.0,-0.3333333333333333,0.12150000000000001,-1,-1,-1,0.356862745098039,0.694117647058824,0.803921568627451
130.38793349266052,0.0,-0.00481917388262767,0.03,1,1,1,0.0,0.3333333333333333,0.09841500000000002,-1,-1,-1,1.0,1.0,-1.0,0.0,-0.3333333333333333,0.12150000000000001,-1,-1,-1,0.356862745098039,0.694117647058824,0.803921568627451
130.42266249656677,0.0,-0.009118386343273166,0.03,1,1,1,0.0,0.3333333333333333,0.09841500000000002,-1,-1,-1,1.0,1.0,-1.0,0.0,-0.3333333333333333,0.12150000000000001,-1,-1,-1,0.356862745098039,0.694117647058824,0.803921568627451
130.45777678489685,0.0,-0.013417598803918662,0.03,1,1,1,0.0,0.3333333333333333,0.09841500000000002,-1,-1,-1,1.0,1.0,-1.0,0.0,-0.3333333333333333,0.12150000000000001,-1,-1,-1,0.356862745098039,0.694117647058824,0.803921568627451
130.49253463745117,0.0,-0.017716811264564154,0.03,1,1,1,0.0,0.3333333333333333,0.09841500000000002,-1,-1,-1,1.0,1.0,-1.0,0.0,-0.3333333333333333,0.12150000000000001,-1,-1,-1,0.356862745098039,0.694117647058824,0.803921568627451
130.52709293365479,0.0,-0.02201602372520964,0.03,1,1,1,0.0,0.3333333333333333,0.09841500000000002,-1,-1,-1,1.0,1.0,-1.0,0.0,-0.3333333333333333,0.12150000000000001,-1,-1,-1,0.356862745098039,0.694117647058824,0.803921568627451
130.56133151054382,0.0,-0.02631523618585513,0.03,1,1,1,0.0,0.3333333333333333,0.09841500000000002,-1,-1,-1,1.0,1.0,-1.0,0.0,-0.3333333333333333,0.12150000000000001,-1,-1,-1,0.356862745098039,0.694117647058824,0.803921568627451
130.59613752365112,0.0,-0.030614448646500616,0.03,1,1,1,0.0,0.3333333333333333,0.09841500000000002,-1,-1,-1,1.0,1.0,-1.0,0.0,-0.3333333333333333,0.12150000000000001,-1,-1,-1,0.356862745098039,0.694117647058824,0.803921568627451
130.63078713417053,0.0,-0.03491366110714612,0.03,1,1,1,0.0,0.3333333333333333,0.09841500000000002,-1,-1,-1,1.0,1.0,-1.0,0.0,-0.3333333333333333,0.12150000000000001,-1,-1,-1,0.356862745098039,0.694117647058824,0.803921568627451
130.66601490974426,0.0,-0.03921287356779162,0.03,1,1,1,0.0,0.3333333333333333,0.09841500000000002,-1,-1,-1,1.0,1.0,-1.0,0.0,-0.3333333333333333,0.12150000000000001,-1,-1,-1,0.356862745098039,0.694117647058824,0.803921568627451
130.70065665245056,0.0,-0.043512086028437126,0.03,1,1,1,0.0,0.3333333333333333,0.09841500000000002,-1,-1,-1,1.0,1.0,-1.0,0.0,-0.3333333333333333,0.12150000000000001,-1,-1,-1,0.356862745098039,0.694117647058824,0.803921568627451
130.7348554134369,0.0,-0.04781129848908263,0.03,1,1,1,0.0,0.3333333333333333,0.09841500000000002,-1,-1,-1,1.0,1.0,-1.0,0.0,-0.3333333333333333,0.12150000000000001,-1,-1,-1,0.356862745098039,0.694117647058824,0.803921568627451
130.76958870887756,0.0,-0.052110510949728135,0.03,1,1,1,0.0,0.3333333333333333,0.09841500000000002,-1,-1,-1,1.0,1.0,-1.0,0.0,-0.3333333333333333,0.12150000000000001,-1,-1,-1,0.356862745098039,0.694117647058824,0.803921568627451
130.80467700958252,0.0,-0.05640972341037364,0.03,1,1,1,0.0,0.3333333333333333,0.09841500000000002,-1,-1,-1,1.0,1.0,-1.0,0.0,-0.3333333333333333,0.12150000000000001,-1,-1,-1,0.356862745098039,0.694117647058824,0.803921568627451
130.83926606178284,0.0,-0.060708935871019144,0.03,1,1,1,0.0,0.3333333333333333,0.09841500000000002,-1,-1,-1,1.0,1.0,-1.0,0.0,-0.3333333333333333,0.12150000000000001,-1,-1,-1,0.356862745098039,0.694117647058824,0.803921568627451
130.87404656410217,0.0,-0.06500814833166464,0.03,1,1,1,0.0,0.3333333333333333,0.09841500000000002,-1,-1,-1,1.0,1.0,-1.0,0.0,-0.3333333333333333,0.12150000000000001,-1,-1,-1,0.356862745098039,0.694117647058824,0.803921568627451
130.90879273414612,0.0,-0.06746155828654804,0.03,1,1,1,0.0,0.3333333333333333,0.09841500000000002,-1,-1,-1,1.0,1.0,-1.0,0.0,-0.3333333333333333,0.12150000000000001,-1,-1,-1,0.356862745098039,0.694117647058824,0.803921568627451
130.94382667541504,0.0,-0.06868443323759003,0.03,1,1,1,0.0,0.3333333333333333,0.09841500000000002,-1,-1,-1,1.0,1.0,-1.0,0.0,-0.3333333333333333,0.12150000000000001,-1,-1,-1,0.356862745098039,0.694117647058824,0.803921568627451
130.97802758216858,0.0,-0.06990730818863203,0.03,1,1,1,0.0,0.3333333333333333,0.09841500000000002,-1,-1,-1,1.0,1.0,-1.0,0.0,-0.3333333333333333,0.12150000000000001,-1,-1,-1,0.356862745098039,0.694117647058824,0.803921568627451
131.0126564502716,0.0,-0.07113018313967402,0.03,1,1,1,0.0,0.3333333333333333,0.09841500000000002,-1,-1,-1,1.0,1.0,-1.0,0.0,-0.3333333333333333,0.12150000000000001,-1,-1,-1,0.356862745098039,0.694117647058824,0.803921568627451
131.04802894592285,0.0,-0.07235305809071602,0.03,1,1,1,0.0,0.3333333333333333,0.09841500000000002,-1,-1,-1,1.0,1.0,-1.0,0.0,-0.3333333333333333,0.12150000000000001,-1,-1,-1,0.356862745098039,0.694117647058824,0.803921568627451
131.08280992507935,0.0,-0.07357593304175801,0.03,1,1,1,0.0,0.3333333333333333,0.09841500000000002,-1,-1,-1,1.0,1.0,-1.0,0.0,-0.3333333333333333,0.12150000000000001,-1,-1,-1,0.356862745098039,0.694117647058824,0.803921568627451
131.11679601669312,0.0,-0.0747988079928,0.03,1,1,1,0.0,0.3333333333333333,0.09841500000000002,-1,-1,-1,1.0,1.0,-1.0,0.0,-0.3333333333333333,0.12150000000000001,-1,-1,-1,0.356862745098039,0.694117647058824,0.803921568627451
131.15220999717712,0.0,-0.076021682943842,0.03,1,1,1,0.0,0.3333333333333333,0.09841500000000002,-1,-1,-1,1.0,1.0,-1.0,0.0,-0.3333333333333333,0.12150000000000001,-1,-1,-1,0.356862745098039,0.694117647058824,0.803921568627451
131.18698740005493,0.0,-0.07724455789488399,0.03,1,1,1,0.0,0.3333333333333333,0.09841500000000002,-1,-1,-1,1.0,1.0,-1.0,0.0,-0.3333333333333333,0.12150000000000001,-1,-1,-1,0.356862745098039,0.694117647058824,0.803921568627451
131.221529006958,0.0,-0.07846743284592599,0.03,1,1,1,0.0,0.3333333333333333,0.09841500000000002,-1,-1,-1,1.0,1.0,-1.0,0.0,-0.3333333333333333,0.12150000000000001,-1,-1,-1,0.356862745098039,0.694117647058824,0.803921568627451
131.25626587867737,0.0,-0.07969030779696798,0.03,1,1,1,0.0,0.3333333333333333,0.09841500000000002,-1,-1,-1,1.0,1.0,-1.0,0.0,-0.3333333333333333,0.12150000000000001,-1,-1,-1,0.356862745098039,0.694117647058824,0.803921568627451
131.29107522964478,0.0,-0.08091318274800997,0.03,1,1,1,0.0,0.3333333333333333,0.09841500000000002,-1,-1,-1,1.0,1.0,-1.0,0.0,-0.3333333333333333,0.12150000000000001,-1,-1,-1,0.356862745098039,0.694117647058824,0.803921568627451
131.32574105262756,0.0,-0.08213605769905197,0.03,1,1,1,0.0,0.3333333333333333,0.09841500000000002,-1,-1,-1,1.0,1.0,-1.0,0.0,-0.3333333333333333,0.12150000000000001,-1,-1,-1,0.356862745098039,0.694117647058824,0.803921568627451
131.36049365997314,0.0,-0.08335893265009396,0.03,1,1,1,0.0,0.3333333333333333,0.09841500000000002,-1,-1,-1,1.0,1.0,-1.0,0.0,-0.3333333333333333,0.12150000000000001,-1,-1,-1,0.356862745098039,0.694117647058824,0.803921568627451
131.395033121109,0.0,-0.08458180760113596,0.03,1,1,1,0.0,0.3333333333333333,0.09841500000000002,-1,-1,-1,1.0,1.0,-1.0,0.0,-0.3333333333333333,0.12150000000000001,-1,-1,-1,0.356862745098039,0.694117647058824,0.803921568627451
131.43002104759216,0.0,-0.08580468255217795,0.03,1,1,1,0.0,0.3333333333333333,0.09841500000000002,-1,-1,-1,1.0,1.0,-1.0,0.0,-0.3333333333333333,0.12150000000000001,-1,-1,-1,0.356862745098039,0.694117647058824,0.803921568627451
131.46461629867554,0.0,-0.08702755750321994,0.03,1,1,1,0.0,0.3333333333333333,0.09841500000000002,-1,-1,-1,1.0,1.0,-1.0,0.0,-0.3333333333333333,0.12150000000000001,-1,-1,-1,0.356862745098039,0.694117647058824,0.803921568627451
131.49936246871948,0.0,-0.08825043245426194,0.03,1,1,1,0.0,0.3333333333333333,0.09841500000000002,-1,-1,-1,1.0,1.0,-1.0,0.0,-0.3333333333333333,0.12150000000000001,-1,-1,-1,0.356862745098039,0.694117647058824,0.803921568627451
131.5336034297943,0.0,-0.08947330740530393,0.03,1,1,1,0.0,0.3333333333333333,0.09841500000000002,-1,-1,-1,1.0,1.0,-1.0,0.0,-0.3333333333333333,0.12150000000000001,-1,-1,-1,0.356862745098039,0.694117647058824,0.803921568627451
131.56905913352966,0.0,-0.09069618235634593,0.03,1,1,1,0.0,0.3333333333333333,0.09841500000000002,-1,-1,-1,1.0,1.0,-1.0,0.0,-0.3333333333333333,0.12150000000000001,-1,-1,-1,0.356862745098039,0.694117647058824,0.803921568627451
131.6036331653595,0.0,-0.09191905730738792,0.03,1,1,1,0.0,0.3333333333333333,0.09841500000000002,-1,-1,-1,1.0,1.0,-1.0,0.0,-0.3333333333333333,0.12150000000000001,-1,-1,-1,0.356862745098039,0.694117647058824,0.803921568627451
131.63789677619934,0.0,-0.09314193225842991,0.03,1,1,1,0.0,0.3333333333333333,0.09841500000000002,-1,-1,-1,1.0,1.0,-1.0,0.0,-0.3333333333333333,0.12150000000000001,-1,-1,-1,0.356862745098039,0.694117647058824,0.803921568627451
131.6731960773468,0.0,-0.09436480720947191,0.03,1,1,1,0.0,0.3333333333333333,0.09841500000000002,-1,-1,-1,1.0,1.0,-1.0,0.0,-0.3333333333333333,0.12150000000000001,-1,-1,-1,0.356862745098039,0.694117647058824,0.803921568627451
131.7078881263733,0.0,-0.0955876821605139,0.03,1,1,1,0.0,0.3333333333333333,0.09841500000000002,-1,-1,-1,1.0,1.0,-1.0,0.0,-0.3333333333333333,0.12150000000000001,-1,-1,-1,0.356862745098039,0.694117647058824,0.803921568627451
131.74187707901,0.0,-0.0968105571115559,0.03,1,1,1,0.0,0.3333333333333333,0.09841500000000002,-1,-1,-1,1.0,1.0,-1.0,0.0,-0.3333333333333333,0.12150000000000001,-1,-1,-1,0.356862745098039,0.694117647058824,0.803921568627451
131.77666640281677,0.0,-0.09803343206259789,0.03,1,1,1,0.0,0.3333333333333333,0.09841500000000002,-1,-1,-1,1.0,1.0,-1.0,0.0,-0.3333333333333333,0.12150000000000001,-1,-1,-1,0.356862745098039,0.694117647058824,0.803921568627451
131.81201910972595,0.0,-0.09925630701363988,0.03,1,1,1,0.0,0.3333333333333333,0.09841500000000002,-1,-1,-1,1.0,1.0,-1.0,0.0,-0.3333333333333333,0.12150000000000001,-1,-1,-1,0.356862745098039,0.694117647058824,0.803921568627451
131.8467574119568,0.0,-0.10047918196468188,0.03,1,1,1,0.0,0.3333333333333333,0.09841500000000002,-1,-1,-1,1.0,1.0,-1.0,0.0,-0.3333333333333333,0.12150000000000001,-1,-1,-1,0.356862745098039,0.694117647058824,0.803921568627451
131.8813352584839,0.0,-0.10170205691572387,0.03,1,1,1,0.0,0.3333333333333333,0.09841500000000002,-1,-1,-1,1.0,1.0,-1.0,0.0,-0.3333333333333333,0.12150000000000001,-1,-1,-1,0.356862745098039,0.694117647058824,0.803921568627451
131.91609501838684,0.0,-0.10292493186676586,0.03,1,1,1,0.0,0.3333333333333333,0.09841500000000002,-1,-1,-1,1.0,1.0,-1.0,0.0,-0.3333333333333333,0.12150000000000001,-1,-1,-1,0.356862745098039,0.694117647058824,0.803921568627451
131.9509117603302,0.0,-0.10414780681780786,0.03,1,1,1,0.0,0.3333333333333333,0.09841500000000002,-1,-1,-1,1.0,1.0,-1.0,0.0,-0.3333333333333333,0.12150000000000001,-1,-1,-1,0.356862745098039,0.694117647058824,0.803921568627451
131.98487854003906,0.0,-0.10537068176884985,0.03,1,1,1,0.0,0.3333333333333333,0.09841500000000002,-1,-1,-1,1.0,1.0,-1.0,0.0,-0.3333333333333333,0.12150000000000001,-1,-1,-1,0.356862745098039,0.694117647058824,0.803921568627451
132.0203342437744,0.0,-0.10659355671989185,0.03,1,1,1,0.0,0.3333333333333333,0.09841500000000002,-1,-1,-1,1.0,1.0,-1.0,0.0,-0.3333333333333333,0.12150000000000001,-1,-1,-1,0.356862745098039,0.694117647058824,0.803921568627451
132.05495595932007,0.0,-0.10781643167093384,0.03,1,1,1,0.0,0.3333333333333333,0.09841500000000002,-1,-1,-1,1.0,1.0,-1.0,0.0,-0.3333333333333333,0.12150000000000001,-1,-1,-1,0.356862745098039,0.694117647058824,0.803921568627451
132.08965921401978,0.0,-0.10903930662197583,0.03,1,1,1,0.0,0.3333333333333333,0.09841500000000002,-1,-1,-1,1.0,1.0,-1.0,0.0,-0.3333333333333333,0.12150000000000001,-1,-1,-1,0.356862745098039,0.694117647058824,0.803921568627451
132.12402153015137,0.0,-0.10779495340487981,0.03,1,1,1,0.0,0.3333333333333333,0.09841500000000002,-1,-1,-1,1.0,1.0,-1.0,0.0,-0.3333333333333333,0.12150000000000001,-1,-1,-1,0.356862745098039,0.694117647058824,0.803921568627451
132.1588134765625,0.0,-0.10655060018778378,0.03,1,1,1,0.0,0.3333333333333333,0.09841500000000002,-1,-1,-1,1.0,1.0,-1.0,0.0,-0.3333333333333333,0.12150000000000001,-1,-1,-1,0.356862745098039,0.694117647058824,0.803921568627451
132.1935703754425,0.0,-0.10530624697068776,0.03,1,1,1,0.0,0.3333333333333333,0.09841500000000002,-1,-1,-1,1.0,1.0,-1.0,0.0,-0.3333333333333333,0.12150000000000001,-1,-1,-1,0.356862745098039,0.694117647058824,0.803921568627451
132.22824382781982,0.0,-0.10406189375359173,0.03,1,1,1,0.0,0.3333333333333333,0.09841500000000002,-1,-1,-1,1.0,1.0,-1.0,0.0,-0.3333333333333333,0.12150000000000001,-1,-1,-1,0.356862745098039,0.694117647058824,0.803921568627451
132.26301908493042,0.0,-0.10281754053649571,0.03,1,1,1,0.0,0.3333333333333333,0.09841500000000002,-1,-1,-1,1.0,1.0,-1.0,0.0,-0.3333333333333333,0.12150000000000001,-1,-1,-1,0.356862745098039,0.694117647058824,0.803921568627451
132.29768824577332,0.0,-0.10157318731939968,0.03,1,1,1,0.0,0.3333333333333333,0.09841500000000002,-1,-1,-1,1.0,1.0,-1.0,0.0,-0.3333333333333333,0.12150000000000001,-1,-1,-1,0.356862745098039,0.694117647058824,0.803921568627451
132.33255767822266,0.0,-0.10032883410230366,0.03,1,1,1,0.0,0.3333333333333333,0.09841500000000002,-1,-1,-1,1.0,1.0,-1.0,0.0,-0.3333333333333333,0.12150000000000001,-1,-1,-1,0.356862745098039,0.694117647058824,0.803921568627451
132.3673655986786,0.0,-0.09908448088520763,0.03,1,1,1,0.0,0.3333333333333333,0.09841500000000002,-1,-1,-1,1.0,1.0,-1.0,0.0,-0.3333333333333333,0.12150000000000001,-1,-1,-1,0.356862745098039,0.694117647058824,0.803921568627451
132.4015030860901,0.0,-0.0978401276681116,0.03,1,1,1,0.0,0.3333333333333333,0.09841500000000002,-1,-1,-1,1.0,1.0,-1.0,0.0,-0.3333333333333333,0.12150000000000001,-1,-1,-1,0.356862745098039,0.694117647058824,0.803921568627451
132.43693590164185,0.0,-0.09659577445101558,0.03,1,1,1,0.0,0.3333333333333333,0.09841500000000002,-1,-1,-1,1.0,1.0,-1.0,0.0,-0.3333333333333333,0.12150000000000001,-1,-1,-1,0.356862745098039,0.694117647058824,0.803921568627451
132.47092366218567,0.0,-0.09535142123391956,0.03,1,1,1,0.0,0.3333333333333333,0.09841500000000002,-1,-1,-1,1.0,1.0,-1.0,0.0,-0.3333333333333333,0.12150000000000001,-1,-1,-1,0.356862745098039,0.694117647058824,0.803921568627451
132.5063066482544,0.0,-0.09410706801682353,0.03,1,1,1,0.0,0.3333333333333333,0.09841500000000002,-1,-1,-1,1.0,1.0,-1.0,0.0,-0.3333333333333333,0.12150000000000001,-1,-1,-1,0.356862745098039,0.694117647058824,0.803921568627451
132.54110407829285,0.0,-0.0928627147997275,0.03,1,1,1,0.0,0.3333333333333333,0.09841500000000002,-1,-1,-1,1.0,1.0,-1.0,0.0,-0.3333333333333333,0.12150000000000001,-1,-1,-1,0.356862745098039,0.694117647058824,0.803921568627451
132.57581043243408,0.0,-0.09161836158263148,0.03,1,1,1,0.0,0.3333333333333333,0.09841500000000002,-1,-1,-1,1.0,1.0,-1.0,0.0,-0.3333333333333333,0.12150000000000001,-1,-1,-1,0.356862745098039,0.694117647058824,0.803921568627451
132.60994482040405,0.0,-0.09037400836553545,0.03,1,1,1,0.0,0.3333333333333333,0.09841500000000002,-1,-1,-1,1.0,1.0,-1.0,0.0,-0.3333333333333333,0.12150000000000001,-1,-1,-1,0.356862745098039,0.694117647058824,0.803921568627451
132.64490222930908,0.0,-0.08912965514843943,0.03,1,1,1,0.0,0.3333333333333333,0.09841500000000002,-1,-1,-1,1.0,1.0,-1.0,0.0,-0.3333333333333333,0.12150000000000001,-1,-1,-1,0.356862745098039,0.694117647058824,0.803921568627451
132.6796817779541,0.0,-0.0878853019313434,0.03,1,1,1,0.0,0.3333333333333333,0.09841500000000002,-1,-1,-1,1.0,1.0,-1.0,0.0,-0.3333333333333333,0.12150000000000001,-1,-1,-1,0.356862745098039,0.694117647058824,0.803921568627451
132.71428036689758,0.0,-0.08664094871424738,0.03,1,1,1,0.0,0.3333333333333333,0.09841500000000002,-1,-1,-1,1.0,1.0,-1.0,0.0,-0.3333333333333333,0.12150000000000001,-1,-1,-1,0.356862745098039,0.694117647058824,0.803921568627451
132.74913954734802,0.0,-0.08539659549715135,0.03,1,1,1,0.0,0.3333333333333333,0.09841500000000002,-1,-1,-1,1.0,1.0,-1.0,0.0,-0.3333333333333333,0.12150000000000001,-1,-1,-1,0.356862745098039,0.694117647058824,0.803921568627451
132.78406167030334,0.0,-0.08415224228005533,0.03,1,1,1,0.0,0.3333333333333333,0.09841500000000002,-1,-1,-1,1.0,1.0,-1.0,0.0,-0.3333333333333333,0.12150000000000001,-1,-1,-1,0.356862745098039,0.694117647058824,0.803921568627451
132.81866359710693,0.0,-0.0829078890629593,0.03,1,1,1,0.0,0.3333333333333333,0.09841500000000002,-1,-1,-1,1.0,1.0,-1.0,0.0,-0.3333333333333333,0.12150000000000001,-1,-1,-1,0.356862745098039,0.694117647058824,0.803921568627451
132.85340809822083,0.0,-0.08166353584586328,0.03,1,1,1,0.0,0.3333333333333333,0.09841500000000002,-1,-1,-1,1.0,1.0,-1.0,0.0,-0.3333333333333333,0.12150000000000001,-1,-1,-1,0.356862745098039,0.694117647058824,0.803921568627451
132.88826704025269,0.0,-0.08041918262876725,0.03,1,1,1,0.0,0.3333333333333333,0.09841500000000002,-1,-1,-1,1.0,1.0,-1.0,0.0,-0.3333333333333333,0.12150000000000001,-1,-1,-1,0.356862745098039,0.694117647058824,0.803921568627451
132.9230511188507,0.0,-0.07917482941167123,0.03,1,1,1,0.0,0.3333333333333333,0.09841500000000002,-1,-1,-1,1.0,1.0,-1.0,0.0,-0.3333333333333333,0.12150000000000001,-1,-1,-1,0.356862745098039,0.694117647058824,0.803921568627451
132.95760369300842,0.0,-0.0779304761945752,0.03,1,1,1,0.0,0.3333333333333333,0.09841500000000002,-1,-1,-1,1.0,1.0,-1.0,0.0,-0.3333333333333333,0.12150000000000001,-1,-1,-1,0.356862745098039,0.694117647058824,0.803921568627451
132.9923918247223,0.0,-0.07668612297747918,0.03,1,1,1,0.0,0.3333333333333333,0.09841500000000002,-1,-1,-1,1.0,1.0,-1.0,0.0,-0.3333333333333333,0.12150000000000001,-1,-1,-1,0.356862745098039,0.694117647058824,0.803921568627451
133.02693581581116,0.0,-0.07544176976038315,0.03,1,1,1,0.0,0.3333333333333333,0.09841500000000002,-1,-1,-1,1.0,1.0,-1.0,0.0,-0.3333333333333333,0.12150000000000001,-1,-1,-1,0.356862745098039,0.694117647058824,0.803921568627451
133.06157755851746,0.0,-0.07419741654328713,0.03,1,1,1,0.0,0.3333333333333333,0.09841500000000002,-1,-1,-1,1.0,1.0,-1.0,0.0,-0.3333333333333333,0.12150000000000001,-1,-1,-1,0.356862745098039,0.694117647058824,0.803921568627451
133.09599375724792,0.0,-0.0729530633261911,0.03,1,1,1,0.0,0.3333333333333333,0.09841500000000002,-1,-1,-1,1.0,1.0,-1.0,0.0,-0.3333333333333333,0.12150000000000001,-1,-1,-1,0.356862745098039,0.694117647058824,0.803921568627451
133.13109040260315,0.0,-0.07170871010909508,0.03,1,1,1,0.0,0.3333333333333333,0.09841500000000002,-1,-1,-1,1.0,1.0,-1.0,0.0,-0.3333333333333333,0.12150000000000001,-1,-1,-1,0.356862745098039,0.694117647058824,0.803921568627451
133.16575932502747,0.0,-0.07046435689199905,0.03,1,1,1,0.0,0.3333333333333333,0.09841500000000002,-1,-1,-1,1.0,1.0,-1.0,0.0,-0.3333333333333333,0.12150000000000001,-1,-1,-1,0.356862745098039,0.694117647058824,0.803921568627451
133.2005169391632,0.0,-0.06922000367490302,0.03,1,1,1,0.0,0.3333333333333333,0.09841500000000002,-1,-1,-1,1.0,1.0,-1.0,0.0,-0.3333333333333333,0.12150000000000001,-1,-1,-1,0.356862745098039,0.694117647058824,0.803921568627451
133.23523426055908,0.0,-0.067975650457807,0.03,1,1,1,0.0,0.3333333333333333,0.09841500000000002,-1,-1,-1,1.0,1.0,-1.0,0.0,-0.3333333333333333,0.12150000000000001,-1,-1,-1,0.356862745098039,0.694117647058824,0.803921568627451
133.2696475982666,0.0,-0.06673129724071097,0.03,1,1,1,0.0,0.3333333333333333,0.09841500000000002,-1,-1,-1,1.0,1.0,-1.0,0.0,-0.3333333333333333,0.12150000000000001,-1,-1,-1,0.356862745098039,0.694117647058824,0.803921568627451
133.30426597595215,0.0,-0.06598468531045336,0.03,1,1,1,0.0,0.3333333333333333,0.09841500000000002,-1,-1,-1,1.0,1.0,-1.0,0.0,-0.3333333333333333,0.12150000000000001,-1,-1,-1,0.356862745098039,0.694117647058824,0.803921568627451
133.33924841880798,0.0,-0.06598468531045336,0.03,1,1,1,0.0,0.3333333333333333,0.09841500000000002,-1,-1,-1,1.0,1.0,-1.0,0.0,-0.3333333333333333,0.12150000000000001,-1,-1,-1,0.356862745098039,0.694117647058824,0.803921568627451
133.37413120269775,0.0,-0.06598468531045336,0.03,1,1,1,0.0,0.3333333333333333,0.09841500000000002,-1,-1,-1,1.0,1.0,-1.0,0.0,-0.3333333333333333,0.12150000000000001,-1,-1,-1,0.356862745098039,0.694117647058824,0.803921568627451
133.40881991386414,0.0,-0.06598468531045336,0.03,1,1,1,0.0,0.3333333333333333,0.09841500000000002,-1,-1,-1,1.0,1.0,-1.0,0.0,-0.3333333333333333,0.12150000000000001,-1,-1,-1,0.356862745098039,0.694117647058824,0.803921568627451
133.44386053085327,0.0,-0.06598468531045336,0.03,1,1,1,0.0,0.3333333333333333,0.09841500000000002,-1,-1,-1,1.0,1.0,-1.0,0.0,-0.3333333333333333,0.12150000000000001,-1,-1,-1,0.356862745098039,0.694117647058824,0.803921568627451
133.47828006744385,0.0,-0.06598468531045336,0.03,1,1,1,0.0,0.3333333333333333,0.09841500000000002,-1,-1,-1,1.0,1.0,-1.0,0.0,-0.3333333333333333,0.12150000000000001,-1,-1,-1,0.356862745098039,0.694117647058824,0.803921568627451
133.512619972229,0.0,-0.06598468531045336,0.03,1,1,1,0.0,0.3333333333333333,0.09841500000000002,-1,-1,-1,1.0,1.0,-1.0,0.0,-0.3333333333333333,0.12150000000000001,-1,-1,-1,0.356862745098039,0.694117647058824,0.803921568627451
133.54788446426392,0.0,-0.06598468531045336,0.03,1,1,1,0.0,0.3333333333333333,0.09841500000000002,-1,-1,-1,1.0,1.0,-1.0,0.0,-0.3333333333333333,0.12150000000000001,-1,-1,-1,0.356862745098039,0.694117647058824,0.803921568627451
133.58268690109253,0.0,-0.06598468531045336,0.03,1,1,1,0.0,0.3333333333333333,0.09841500000000002,-1,-1,-1,1.0,1.0,-1.0,0.0,-0.3333333333333333,0.12150000000000001,-1,-1,-1,0.356862745098039,0.694117647058824,0.803921568627451
133.61689972877502,0.0,-0.06598468531045336,0.03,1,1,1,0.0,0.3333333333333333,0.09841500000000002,-1,-1,-1,1.0,1.0,-1.0,0.0,-0.3333333333333333,0.12150000000000001,-1,-1,-1,0.356862745098039,0.694117647058824,0.803921568627451
133.6516034603119,0.0,-0.06598468531045336,0.03,1,1,1,0.0,0.3333333333333333,0.09841500000000002,-1,-1,-1,1.0,1.0,-1.0,0.0,-0.3333333333333333,0.12150000000000001,-1,-1,-1,0.356862745098039,0.694117647058824,0.803921568627451
133.68696212768555,0.0,-0.06598468531045336,0.03,1,1,1,0.0,0.3333333333333333,0.09841500000000002,-1,-1,-1,1.0,1.0,-1.0,0.0,-0.3333333333333333,0.12150000000000001,-1,-1,-1,0.356862745098039,0.694117647058824,0.803921568627451
133.72109079360962,0.0,-0.06598468531045336,0.03,1,1,1,0.0,0.3333333333333333,0.09841500000000002,-1,-1,-1,1.0,1.0,-1.0,0.0,-0.3333333333333333,0.12150000000000001,-1,-1,-1,0.356862745098039,0.694117647058824,0.803921568627451
133.75638484954834,0.0,-0.06598468531045336,0.03,1,1,1,0.0,0.3333333333333333,0.09841500000000002,-1,-1,-1,1.0,1.0,-1.0,0.0,-0.3333333333333333,0.12150000000000001,-1,-1,-1,0.356862745098039,0.694117647058824,0.803921568627451
133.79071950912476,0.0,-0.06598468531045336,0.03,1,1,1,0.0,0.3333333333333333,0.09841500000000002,-1,-1,-1,1.0,1.0,-1.0,0.0,-0.3333333333333333,0.12150000000000001,-1,-1,-1,0.356862745098039,0.694117647058824,0.803921568627451
133.82540488243103,0.0,-0.06598468531045336,0.03,1,1,1,0.0,0.3333333333333333,0.09841500000000002,-1,-1,-1,1.0,1.0,-1.0,0.0,-0.3333333333333333,0.12150000000000001,-1,-1,-1,0.356862745098039,0.694117647058824,0.803921568627451
133.86010932922363,0.0,-0.06598468531045336,0.03,1,1,1,0.0,0.3333333333333333,0.09841500000000002,-1,-1,-1,1.0,1.0,-1.0,0.0,-0.3333333333333333,0.12150000000000001,-1,-1,-1,0.356862745098039,0.694117647058824,0.803921568627451
133.89488410949707,0.0,-0.06598468531045336,0.03,1,1,1,0.0,0.3333333333333333,0.09841500000000002,-1,-1,-1,1.0,1.0,-1.0,0.0,-0.3333333333333333,0.12150000000000001,-1,-1,-1,0.356862745098039,0.694117647058824,0.803921568627451
133.9296841621399,0.0,-0.06598468531045336,0.03,1,1,1,0.0,0.3333333333333333,0.09841500000000002,-1,-1,-1,1.0,1.0,-1.0,0.0,-0.3333333333333333,0.12150000000000001,-1,-1,-1,0.356862745098039,0.694117647058824,0.803921568627451
133.96442222595215,0.0,-0.06598468531045336,0.03,1,1,1,0.0,0.3333333333333333,0.09841500000000002,-1,-1,-1,1.0,1.0,-1.0,0.0,-0.3333333333333333,0.12150000000000001,-1,-1,-1,0.356862745098039,0.694117647058824,0.803921568627451
133.99875617027283,0.0,-0.06598468531045336,0.03,1,1,1,0.0,0.3333333333333333,0.09841500000000002,-1,-1,-1,1.0,1.0,-1.0,0.0,-0.3333333333333333,0.12150000000000001,-1,-1,-1,0.356862745098039,0.694117647058824,0.803921568627451
134.03401160240173,0.0,-0.06598468531045336,0.03,1,1,1,0.0,0.3333333333333333,0.09841500000000002,-1,-1,-1,1.0,1.0,-1.0,0.0,-0.3333333333333333,0.12150000000000001,-1,-1,-1,0.356862745098039,0.694117647058824,0.803921568627451
134.0689480304718,0.0,-0.06598468531045336,0.03,1,1,1,0.0,0.3333333333333333,0.09841500000000002,-1,-1,-1,1.0,1.0,-1.0,0.0,-0.3333333333333333,0.12150000000000001,-1,-1,-1,0.356862745098039,0.694117647058824,0.803921568627451
134.103431224823,0.0,-0.06598468531045336,0.03,1,1,1,0.0,0.3333333333333333,0.09841500000000002,-1,-1,-1,1.0,1.0,-1.0,0.0,-0.3333333333333333,0.12150000000000001,-1,-1,-1,0.356862745098039,0.694117647058824,0.803921568627451
134.13830947875977,0.0,-0.06598468531045336,0.03,1,1,1,0.0,0.3333333333333333,0.09841500000000002,-1,-1,-1,1.0,1.0,-1.0,0.0,-0.3333333333333333,0.12150000000000001,-1,-1,-1,0.356862745098039,0.694117647058824,0.803921568627451
134.172691822052,0.0,-0.06598468531045336,0.03,1,1,1,0.0,0.3333333333333333,0.09841500000000002,-1,-1,-1,1.0,1.0,-1.0,0.0,-0.3333333333333333,0.12150000000000001,-1,-1,-1,0.356862745098039,0.694117647058824,0.803921568627451
134.20745205879211,0.0,-0.06598468531045336,0.03,1,1,1,0.0,0.3333333333333333,0.09841500000000002,-1,-1,-1,1.0,1.0,-1.0,0.0,-0.3333333333333333,0.12150000000000001,-1,-1,-1,0.356862745098039,0.694117647058824,0.803921568627451
134.242347240448,0.0,-0.06598468531045336,0.03,1,1,1,0.0,0.3333333333333333,0.09841500000000002,-1,-1,-1,1.0,1.0,-1.0,0.0,-0.3333333333333333,0.12150000000000001,-1,-1,-1,0.356862745098039,0.694117647058824,0.803921568627451
134.27686190605164,0.0,-0.06598468531045336,0.03,1,1,1,0.0,0.3333333333333333,0.09841500000000002,-1,-1,-1,1.0,1.0,-1.0,0.0,-0.3333333333333333,0.12150000000000001,-1,-1,-1,0.356862745098039,0.694117647058824,0.803921568627451
134.3117504119873,0.0,-0.06598468531045336,0.03,1,1,1,0.0,0.3333333333333333,0.09841500000000002,-1,-1,-1,1.0,1.0,-1.0,0.0,-0.3333333333333333,0.12150000000000001,-1,-1,-1,0.356862745098039,0.694117647058824,0.803921568627451
134.34661674499512,0.0,-0.06598468531045336,0.03,1,1,1,0.0,0.3333333333333333,0.09841500000000002,-1,-1,-1,1.0,1.0,-1.0,0.0,-0.3333333333333333,0.12150000000000001,-1,-1,-1,0.356862745098039,0.694117647058824,0.803921568627451
134.38075518608093,0.0,-0.06598468531045336,0.03,1,1,1,0.0,0.3333333333333333,0.09841500000000002,-1,-1,-1,1.0,1.0,-1.0,0.0,-0.3333333333333333,0.12150000000000001,-1,-1,-1,0.356862745098039,0.694117647058824,0.803921568627451
134.41589736938477,0.0,-0.06598468531045336,0.03,1,1,1,0.0,0.3333333333333333,0.09841500000000002,-1,-1,-1,1.0,1.0,-1.0,0.0,-0.3333333333333333,0.12150000000000001,-1,-1,-1,0.356862745098039,0.694117647058824,0.803921568627451
134.45079040527344,0.0,-0.06598468531045336,0.03,1,1,1,0.0,0.3333333333333333,0.09841500000000002,-1,-1,-1,1.0,1.0,-1.0,0.0,-0.3333333333333333,0.12150000000000001,-1,-1,-1,0.356862745098039,0.694117647058824,0.803921568627451
134.48544764518738,0.0,-0.06598468531045336,0.03,1,1,1,0.0,0.3333333333333333,0.09841500000000002,-1,-1,-1,1.0,1.0,-1.0,0.0,-0.3333333333333333,0.12150000000000001,-1,-1,-1,0.356862745098039,0.694117647058824,0.803921568627451
134.51960563659668,0.0,-0.06469422017878844,0.03,1,1,1,0.0,0.3333333333333333,0.09841500000000002,-1,-1,-1,1.0,1.0,-1.0,0.0,-0.3333333333333333,0.12150000000000001,-1,-1,-1,0.356862745098039,0.694117647058824,0.803921568627451
134.55452680587769,0.0,-0.06308113876420729,0.03,1,1,1,0.0,0.3333333333333333,0.09841500000000002,-1,-1,-1,1.0,1.0,-1.0,0.0,-0.3333333333333333,0.12150000000000001,-1,-1,-1,0.356862745098039,0.694117647058824,0.803921568627451
134.58926820755005,0.0,-0.06146805734962617,0.03,1,1,1,0.0,0.3333333333333333,0.09841500000000002,-1,-1,-1,1.0,1.0,-1.0,0.0,-0.3333333333333333,0.12150000000000001,-1,-1,-1,0.356862745098039,0.694117647058824,0.803921568627451
134.6241135597229,0.0,-0.05985497593504505,0.03,1,1,1,0.0,0.3333333333333333,0.09841500000000002,-1,-1,-1,1.0,1.0,-1.0,0.0,-0.3333333333333333,0.12150000000000001,-1,-1,-1,0.356862745098039,0.694117647058824,0.803921568627451
134.6585569381714,0.0,-0.05824189452046394,0.03,1,1,1,0.0,0.3333333333333333,0.09841500000000002,-1,-1,-1,1.0,1.0,-1.0,0.0,-0.3333333333333333,0.12150000000000001,-1,-1,-1,0.356862745098039,0.694117647058824,0.803921568627451
134.6936092376709,0.0,-0.05662881310588282,0.03,1,1,1,0.0,0.3333333333333333,0.09841500000000002,-1,-1,-1,1.0,1.0,-1.0,0.0,-0.3333333333333333,0.12150000000000001,-1,-1,-1,0.356862745098039,0.694117647058824,0.803921568627451
134.72792267799377,0.0,-0.05501573169130171,0.03,1,1,1,0.0,0.3333333333333333,0.09841500000000002,-1,-1,-1,1.0,1.0,-1.0,0.0,-0.3333333333333333,0.12150000000000001,-1,-1,-1,0.356862745098039,0.694117647058824,0.803921568627451
134.7627522945404,0.0,-0.053402650276720594,0.03,1,1,1,0.0,0.3333333333333333,0.09841500000000002,-1,-1,-1,1.0,1.0,-1.0,0.0,-0.3333333333333333,0.12150000000000001,-1,-1,-1,0.356862745098039,0.694117647058824,0.803921568627451
134.79794597625732,0.0,-0.05178956886213948,0.03,1,1,1,0.0,0.3333333333333333,0.09841500000000002,-1,-1,-1,1.0,1.0,-1.0,0.0,-0.3333333333333333,0.12150000000000001,-1,-1,-1,0.356862745098039,0.694117647058824,0.803921568627451
134.83253526687622,0.0,-0.050176487447558364,0.03,1,1,1,0.0,0.3333333333333333,0.09841500000000002,-1,-1,-1,1.0,1.0,-1.0,0.0,-0.3333333333333333,0.12150000000000001,-1,-1,-1,0.356862745098039,0.694117647058824,0.803921568627451
134.86747813224792,0.0,-0.04856340603297725,0.03,1,1,1,0.0,0.3333333333333333,0.09841500000000002,-1,-1,-1,1.0,1.0,-1.0,0.0,-0.3333333333333333,0.12150000000000001,-1,-1,-1,0.356862745098039,0.694117647058824,0.803921568627451
134.90164256095886,0.0,-0.046950324618396135,0.03,1,1,1,0.0,0.3333333333333333,0.09841500000000002,-1,-1,-1,1.0,1.0,-1.0,0.0,-0.3333333333333333,0.12150000000000001,-1,-1,-1,0.356862745098039,0.694117647058824,0.803921568627451
134.93688821792603,0.0,-0.04533724320381502,0.03,1,1,1,0.0,0.3333333333333333,0.09841500000000002,-1,-1,-1,1.0,1.0,-1.0,0.0,-0.3333333333333333,0.12150000000000001,-1,-1,-1,0.356862745098039,0.694117647058824,0.803921568627451
134.97136163711548,0.0,-0.043724161789233905,0.03,1,1,1,0.0,0.3333333333333333,0.09841500000000002,-1,-1,-1,1.0,1.0,-1.0,0.0,-0.3333333333333333,0.12150000000000001,-1,-1,-1,0.356862745098039,0.694117647058824,0.803921568627451
135.00610089302063,0.0,-0.04211108037465279,0.03,1,1,1,0.0,0.3333333333333333,0.09841500000000002,-1,-1,-1,1.0,1.0,-1.0,0.0,-0.3333333333333333,0.12150000000000001,-1,-1,-1,0.356862745098039,0.694117647058824,0.803921568627451
135.04104042053223,0.0,-0.040497998960071675,0.03,1,1,1,0.0,0.3333333333333333,0.09841500000000002,-1,-1,-1,1.0,1.0,-1.0,0.0,-0.3333333333333333,0.12150000000000001,-1,-1,-1,0.356862745098039,0.694117647058824,0.803921568627451
135.07577061653137,0.0,-0.03888491754549056,0.03,1,1,1,0.0,0.3333333333333333,0.09841500000000002,-1,-1,-1,1.0,1.0,-1.0,0.0,-0.3333333333333333,0.12150000000000001,-1,-1,-1,0.356862745098039,0.694117647058824,0.803921568627451
135.11033654212952,0.0,-0.037271836130909446,0.03,1,1,1,0.0,0.3333333333333333,0.09841500000000002,-1,-1,-1,1.0,1.0,-1.0,0.0,-0.3333333333333333,0.12150000000000001,-1,-1,-1,0.356862745098039,0.694117647058824,0.803921568627451
135.1450502872467,0.0,-0.03565875471632833,0.03,1,1,1,0.0,0.3333333333333333,0.09841500000000002,-1,-1,-1,1.0,1.0,-1.0,0.0,-0.3333333333333333,0.12150000000000001,-1,-1,-1,0.356862745098039,0.694117647058824,0.803921568627451
135.1798231601715,0.0,-0.034045673301747216,0.03,1,1,1,0.0,0.3333333333333333,0.09841500000000002,-1,-1,-1,1.0,1.0,-1.0,0.0,-0.3333333333333333,0.12150000000000001,-1,-1,-1,0.356862745098039,0.694117647058824,0.803921568627451
135.21435642242432,0.0,-0.0324325918871661,0.03,1,1,1,0.0,0.3333333333333333,0.09841500000000002,-1,-1,-1,1.0,1.0,-1.0,0.0,-0.3333333333333333,0.12150000000000001,-1,-1,-1,0.356862745098039,0.694117647058824,0.803921568627451
135.2490894794464,0.0,-0.030819510472584973,0.03,1,1,1,0.0,0.3333333333333333,0.09841500000000002,-1,-1,-1,1.0,1.0,-1.0,0.0,-0.3333333333333333,0.12150000000000001,-1,-1,-1,0.356862745098039,0.694117647058824,0.803921568627451
135.28381896018982,0.0,-0.02920642905800384,0.03,1,1,1,0.0,0.3333333333333333,0.09841500000000002,-1,-1,-1,1.0,1.0,-1.0,0.0,-0.3333333333333333,0.12150000000000001,-1,-1,-1,0.356862745098039,0.694117647058824,0.803921568627451
135.31858015060425,0.0,-0.027593347643422708,0.03,1,1,1,0.0,0.3333333333333333,0.09841500000000002,-1,-1,-1,1.0,1.0,-1.0,0.0,-0.3333333333333333,0.12150000000000001,-1,-1,-1,0.356862745098039,0.694117647058824,0.803921568627451
135.3528754711151,0.0,-0.025980266228841576,0.03,1,1,1,0.0,0.3333333333333333,0.09841500000000002,-1,-1,-1,1.0,1.0,-1.0,0.0,-0.3333333333333333,0.12150000000000001,-1,-1,-1,0.356862745098039,0.694117647058824,0.803921568627451
135.38795018196106,0.0,-0.024367184814260444,0.03,1,1,1,0.0,0.3333333333333333,0.09841500000000002,-1,-1,-1,1.0,1.0,-1.0,0.0,-0.3333333333333333,0.12150000000000001,-1,-1,-1,0.356862745098039,0.694117647058824,0.803921568627451
135.422709941864,0.0,-0.02275410339967931,0.03,1,1,1,0.0,0.3333333333333333,0.09841500000000002,-1,-1,-1,1.0,1.0,-1.0,0.0,-0.3333333333333333,0.12150000000000001,-1,-1,-1,0.356862745098039,0.694117647058824,0.803921568627451
135.4573221206665,0.0,-0.02114102198509818,0.03,1,1,1,0.0,0.3333333333333333,0.09841500000000002,-1,-1,-1,1.0,1.0,-1.0,0.0,-0.3333333333333333,0.12150000000000001,-1,-1,-1,0.356862745098039,0.694117647058824,0.803921568627451
135.49214553833008,0.0,-0.019527940570517047,0.03,1,1,1,0.0,0.3333333333333333,0.09841500000000002,-1,-1,-1,1.0,1.0,-1.0,0.0,-0.3333333333333333,0.12150000000000001,-1,-1,-1,0.356862745098039,0.694117647058824,0.803921568627451
135.52703499794006,0.0,-0.017914859155935915,0.03,1,1,1,0.0,0.3333333333333333,0.09841500000000002,-1,-1,-1,1.0,1.0,-1.0,0.0,-0.3333333333333333,0.12150000000000001,-1,-1,-1,0.356862745098039,0.694117647058824,0.803921568627451
135.56174492835999,0.0,-0.016301777741354783,0.03,1,1,1,0.0,0.3333333333333333,0.09841500000000002,-1,-1,-1,1.0,1.0,-1.0,0.0,-0.3333333333333333,0.12150000000000001,-1,-1,-1,0.356862745098039,0.694117647058824,0.803921568627451
135.5964195728302,0.0,-0.014688696326773653,0.03,1,1,1,0.0,0.3333333333333333,0.09841500000000002,-1,-1,-1,1.0,1.0,-1.0,0.0,-0.3333333333333333,0.12150000000000001,-1,-1,-1,0.356862745098039,0.694117647058824,0.803921568627451
135.63139820098877,0.0,-0.01307561491219253,0.03,1,1,1,0.0,0.3333333333333333,0.09841500000000002,-1,-1,-1,1.0,1.0,-1.0,0.0,-0.3333333333333333,0.12150000000000001,-1,-1,-1,0.356862745098039,0.694117647058824,0.803921568627451
135.66598320007324,0.0,-0.011462533497611406,0.03,1,1,1,0.0,0.3333333333333333,0.09841500000000002,-1,-1,-1,1.0,1.0,-1.0,0.0,-0.3333333333333333,0.12150000000000001,-1,-1,-1,0.356862745098039,0.694117647058824,0.803921568627451
135.70021772384644,0.0,-0.009548751519825264,0.03,1,1,1,0.0,0.3333333333333333,0.09841500000000002,-1,-1,-1,1.0,1.0,-1.0,0.0,-0.3333333333333333,0.12150000000000001,-1,-1,-1,0.356862745098039,0.694117647058824,0.803921568627451
135.73520374298096,0.0,-0.006432167289219055,0.03,1,1,1,0.0,0.3333333333333333,0.09841500000000002,-1,-1,-1,1.0,1.0,-1.0,0.0,-0.3333333333333333,0.12150000000000001,-1,-1,-1,0.356862745098039,0.694117647058824,0.803921568627451
135.76990842819214,0.0,-0.003315583058612844,0.03,1,1,1,0.0,0.3333333333333333,0.09841500000000002,-1,-1,-1,1.0,1.0,-1.0,0.0,-0.3333333333333333,0.12150000000000001,-1,-1,-1,0.356862745098039,0.694117647058824,0.803921568627451
135.80465698242188,0.0,-0.00019899882800663345,0.03,1,1,1,0.0,0.3333333333333333,0.09841500000000002,-1,-1,-1,1.0,1.0,-1.0,0.0,-0.3333333333333333,0.12150000000000001,-1,-1,-1,0.356862745098039,0.694117647058824,0.803921568627451
135.83925414085388,0.0,0.0029175854025995773,0.03,1,1,1,0.0,0.3333333333333333,0.09841500000000002,-1,-1,-1,1.0,1.0,-1.0,0.0,-0.3333333333333333,0.12150000000000001,-1,-1,-1,0.356862745098039,0.694117647058824,0.803921568627451
135.8742175102234,0.0,0.006034169633205788,0.03,1,1,1,0.0,0.3333333333333333,0.09841500000000002,-1,-1,-1,1.0,1.0,-1.0,0.0,-0.3333333333333333,0.12150000000000001,-1,-1,-1,0.356862745098039,0.694117647058824,0.803921568627451
135.9089605808258,0.0,0.009150753863811999,0.03,1,1,1,0.0,0.3333333333333333,0.09841500000000002,-1,-1,-1,1.0,1.0,-1.0,0.0,-0.3333333333333333,0.12150000000000001,-1,-1,-1,0.356862745098039,0.694117647058824,0.803921568627451
135.94366312026978,0.0,0.012267338094418205,0.03,1,1,1,0.0,0.3333333333333333,0.09841500000000002,-1,-1,-1,1.0,1.0,-1.0,0.0,-0.3333333333333333,0.12150000000000001,-1,-1,-1,0.356862745098039,0.694117647058824,0.803921568627451
135.97839903831482,0.0,0.015383922325024411,0.03,1,1,1,0.0,0.3333333333333333,0.09841500000000002,-1,-1,-1,1.0,1.0,-1.0,0.0,-0.3333333333333333,0.12150000000000001,-1,-1,-1,0.356862745098039,0.694117647058824,0.803921568627451
136.01303124427795,0.0,0.018500506555630618,0.03,1,1,1,0.0,0.3333333333333333,0.09841500000000002,-1,-1,-1,1.0,1.0,-1.0,0.0,-0.3333333333333333,0.12150000000000001,-1,-1,-1,0.356862745098039,0.694117647058824,0.803921568627451
136.04792857170105,0.0,0.021617090786236824,0.03,1,1,1,0.0,0.3333333333333333,0.09841500000000002,-1,-1,-1,1.0,1.0,-1.0,0.0,-0.3333333333333333,0.12150000000000001,-1,-1,-1,0.356862745098039,0.694117647058824,0.803921568627451
136.08240032196045,0.0,0.02473367501684303,0.03,1,1,1,0.0,0.3333333333333333,0.09841500000000002,-1,-1,-1,1.0,1.0,-1.0,0.0,-0.3333333333333333,0.12150000000000001,-1,-1,-1,0.356862745098039,0.694117647058824,0.803921568627451
136.11719918251038,0.0,0.027850259247449237,0.03,1,1,1,0.0,0.3333333333333333,0.09841500000000002,-1,-1,-1,1.0,1.0,-1.0,0.0,-0.3333333333333333,0.12150000000000001,-1,-1,-1,0.356862745098039,0.694117647058824,0.803921568627451
136.15187168121338,0.0,0.030966843478055443,0.03,1,1,1,0.0,0.3333333333333333,0.09841500000000002,-1,-1,-1,1.0,1.0,-1.0,0.0,-0.3333333333333333,0.12150000000000001,-1,-1,-1,0.356862745098039,0.694117647058824,0.803921568627451
136.18667650222778,0.0,0.03408342770866165,0.03,1,1,1,0.0,0.3333333333333333,0.09841500000000002,-1,-1,-1,1.0,1.0,-1.0,0.0,-0.3333333333333333,0.12150000000000001,-1,-1,-1,0.356862745098039,0.694117647058824,0.803921568627451
136.2215118408203,0.0,0.037200011939267856,0.03,1,1,1,0.0,0.3333333333333333,0.09841500000000002,-1,-1,-1,1.0,1.0,-1.0,0.0,-0.3333333333333333,0.12150000000000001,-1,-1,-1,0.356862745098039,0.694117647058824,0.803921568627451
136.25615406036377,0.0,0.04031659616987406,0.03,1,1,1,0.0,0.3333333333333333,0.09841500000000002,-1,-1,-1,1.0,1.0,-1.0,0.0,-0.3333333333333333,0.12150000000000001,-1,-1,-1,0.356862745098039,0.694117647058824,0.803921568627451
136.29079389572144,0.0,0.04343318040048027,0.03,1,1,1,0.0,0.3333333333333333,0.09841500000000002,-1,-1,-1,1.0,1.0,-1.0,0.0,-0.3333333333333333,0.12150000000000001,-1,-1,-1,0.356862745098039,0.694117647058824,0.803921568627451
136.32558417320251,0.0,0.046549764631086475,0.03,1,1,1,0.0,0.3333333333333333,0.09841500000000002,-1,-1,-1,1.0,1.0,-1.0,0.0,-0.3333333333333333,0.12150000000000001,-1,-1,-1,0.356862745098039,0.694117647058824,0.803921568627451
136.35981392860413,0.0,0.04966634886169268,0.03,1,1,1,0.0,0.3333333333333333,0.09841500000000002,-1,-1,-1,1.0,1.0,-1.0,0.0,-0.3333333333333333,0.12150000000000001,-1,-1,-1,0.356862745098039,0.694117647058824,0.803921568627451
136.39498901367188,0.0,0.05278293309229889,0.03,1,1,1,0.0,0.3333333333333333,0.09841500000000002,-1,-1,-1,1.0,1.0,-1.0,0.0,-0.3333333333333333,0.12150000000000001,-1,-1,-1,0.356862745098039,0.694117647058824,0.803921568627451
136.42987060546875,0.0,0.055899517322905094,0.03,1,1,1,0.0,0.3333333333333333,0.09841500000000002,-1,-1,-1,1.0,1.0,-1.0,0.0,-0.3333333333333333,0.12150000000000001,-1,-1,-1,0.356862745098039,0.694117647058824,0.803921568627451
136.4644067287445,0.0,0.0590161015535113,0.03,1,1,1,0.0,0.3333333333333333,0.09841500000000002,-1,-1,-1,1.0,1.0,-1.0,0.0,-0.3333333333333333,0.12150000000000001,-1,-1,-1,0.356862745098039,0.694117647058824,0.803921568627451
136.49911975860596,0.0,0.062132685784117514,0.03,1,1,1,0.0,0.3333333333333333,0.09841500000000002,-1,-1,-1,1.0,1.0,-1.0,0.0,-0.3333333333333333,0.12150000000000001,-1,-1,-1,0.356862745098039,0.694117647058824,0.803921568627451
136.53395795822144,0.0,0.06524927001472372,0.03,1,1,1,0.0,0.3333333333333333,0.09841500000000002,-1,-1,-1,1.0,1.0,-1.0,0.0,-0.3333333333333333,0.12150000000000001,-1,-1,-1,0.356862745098039,0.694117647058824,0.803921568627451
136.56867790222168,0.0,0.06836585424532993,0.03,1,1,1,0.0,0.3333333333333333,0.09841500000000002,-1,-1,-1,1.0,1.0,-1.0,0.0,-0.3333333333333333,0.12150000000000001,-1,-1,-1,0.356862745098039,0.694117647058824,0.803921568627451
136.60295510292053,0.0,0.07148243847593613,0.03,1,1,1,0.0,0.3333333333333333,0.09841500000000002,-1,-1,-1,1.0,1.0,-1.0,0.0,-0.3333333333333333,0.12150000000000001,-1,-1,-1,0.356862745098039,0.694117647058824,0.803921568627451
136.63755822181702,0.0,0.07459902270654234,0.03,1,1,1,0.0,0.3333333333333333,0.09841500000000002,-1,-1,-1,1.0,1.0,-1.0,0.0,-0.3333333333333333,0.12150000000000001,-1,-1,-1,0.356862745098039,0.694117647058824,0.803921568627451
136.672776222229,0.0,0.07771560693714855,0.03,1,1,1,0.0,0.3333333333333333,0.09841500000000002,-1,-1,-1,1.0,1.0,-1.0,0.0,-0.3333333333333333,0.12150000000000001,-1,-1,-1,0.356862745098039,0.694117647058824,0.803921568627451
136.70760297775269,0.0,0.08083219116775475,0.03,1,1,1,0.0,0.3333333333333333,0.09841500000000002,-1,-1,-1,1.0,1.0,-1.0,0.0,-0.3333333333333333,0.12150000000000001,-1,-1,-1,0.356862745098039,0.694117647058824,0.803921568627451
136.74241709709167,0.0,0.08394877539836096,0.03,1,1,1,0.0,0.3333333333333333,0.09841500000000002,-1,-1,-1,1.0,1.0,-1.0,0.0,-0.3333333333333333,0.12150000000000001,-1,-1,-1,0.356862745098039,0.694117647058824,0.803921568627451
136.77696323394775,0.0,0.08706535962896716,0.03,1,1,1,0.0,0.3333333333333333,0.09841500000000002,-1,-1,-1,1.0,1.0,-1.0,0.0,-0.3333333333333333,0.12150000000000001,-1,-1,-1,0.356862745098039,0.694117647058824,0.803921568627451
136.811687707901,0.0,0.09018194385957337,0.03,1,1,1,0.0,0.3333333333333333,0.09841500000000002,-1,-1,-1,1.0,1.0,-1.0,0.0,-0.3333333333333333,0.12150000000000001,-1,-1,-1,0.356862745098039,0.694117647058824,0.803921568627451
136.84634113311768,0.0,0.09329852809017958,0.03,1,1,1,0.0,0.3333333333333333,0.09841500000000002,-1,-1,-1,1.0,1.0,-1.0,0.0,-0.3333333333333333,0.12150000000000001,-1,-1,-1,0.356862745098039,0.694117647058824,0.803921568627451
136.8809003829956,0.0,0.09641511232078578,0.03,1,1,1,0.0,0.3333333333333333,0.09841500000000002,-1,-1,-1,1.0,1.0,-1.0,0.0,-0.3333333333333333,0.12150000000000001,-1,-1,-1,0.356862745098039,0.694117647058824,0.803921568627451
136.91576409339905,0.0,0.09594194669884525,0.03,1,1,1,0.0,0.3333333333333333,0.09841500000000002,-1,-1,-1,1.0,1.0,-1.0,0.0,-0.3333333333333333,0.12150000000000001,-1,-1,-1,0.356862745098039,0.694117647058824,0.803921568627451
136.95049452781677,0.0,0.09307561450854021,0.03,1,1,1,0.0,0.3333333333333333,0.09841500000000002,-1,-1,-1,1.0,1.0,-1.0,0.0,-0.3333333333333333,0.12150000000000001,-1,-1,-1,0.356862745098039,0.694117647058824,0.803921568627451
136.98508667945862,0.0,0.09020928231823518,0.03,1,1,1,0.0,0.3333333333333333,0.09841500000000002,-1,-1,-1,1.0,1.0,-1.0,0.0,-0.3333333333333333,0.12150000000000001,-1,-1,-1,0.356862745098039,0.694117647058824,0.803921568627451
137.01996421813965,0.0,0.08734295012793014,0.03,1,1,1,0.0,0.3333333333333333,0.09841500000000002,-1,-1,-1,1.0,1.0,-1.0,0.0,-0.3333333333333333,0.12150000000000001,-1,-1,-1,0.356862745098039,0.694117647058824,0.803921568627451
137.05472540855408,0.0,0.0844766179376251,0.03,1,1,1,0.0,0.3333333333333333,0.09841500000000002,-1,-1,-1,1.0,1.0,-1.0,0.0,-0.3333333333333333,0.12150000000000001,-1,-1,-1,0.356862745098039,0.694117647058824,0.803921568627451
137.08938241004944,0.0,0.08161028574732007,0.03,1,1,1,0.0,0.3333333333333333,0.09841500000000002,-1,-1,-1,1.0,1.0,-1.0,0.0,-0.3333333333333333,0.12150000000000001,-1,-1,-1,0.356862745098039,0.694117647058824,0.803921568627451
137.12418866157532,0.0,0.07874395355701504,0.03,1,1,1,0.0,0.3333333333333333,0.09841500000000002,-1,-1,-1,1.0,1.0,-1.0,0.0,-0.3333333333333333,0.12150000000000001,-1,-1,-1,0.356862745098039,0.694117647058824,0.803921568627451
137.15882229804993,0.0,0.07587762136671,0.03,1,1,1,0.0,0.3333333333333333,0.09841500000000002,-1,-1,-1,1.0,1.0,-1.0,0.0,-0.3333333333333333,0.12150000000000001,-1,-1,-1,0.356862745098039,0.694117647058824,0.803921568627451
137.19361925125122,0.0,0.07301128917640497,0.03,1,1,1,0.0,0.3333333333333333,0.09841500000000002,-1,-1,-1,1.0,1.0,-1.0,0.0,-0.3333333333333333,0.12150000000000001,-1,-1,-1,0.356862745098039,0.694117647058824,0.803921568627451
137.2282919883728,0.0,0.07014495698609993,0.03,1,1,1,0.0,0.3333333333333333,0.09841500000000002,-1,-1,-1,1.0,1.0,-1.0,0.0,-0.3333333333333333,0.12150000000000001,-1,-1,-1,0.356862745098039,0.694117647058824,0.803921568627451
137.26300978660583,0.0,0.0672786247957949,0.03,1,1,1,0.0,0.3333333333333333,0.09841500000000002,-1,-1,-1,1.0,1.0,-1.0,0.0,-0.3333333333333333,0.12150000000000001,-1,-1,-1,0.356862745098039,0.694117647058824,0.803921568627451
137.29732036590576,0.0,0.06441229260548986,0.03,1,1,1,0.0,0.3333333333333333,0.09841500000000002,-1,-1,-1,1.0,1.0,-1.0,0.0,-0.3333333333333333,0.12150000000000001,-1,-1,-1,0.356862745098039,0.694117647058824,0.803921568627451
137.33246564865112,0.0,0.061545960415184835,0.03,1,1,1,0.0,0.3333333333333333,0.09841500000000002,-1,-1,-1,1.0,1.0,-1.0,0.0,-0.3333333333333333,0.12150000000000001,-1,-1,-1,0.356862745098039,0.694117647058824,0.803921568627451
137.36717891693115,0.0,0.05867962822487981,0.03,1,1,1,0.0,0.3333333333333333,0.09841500000000002,-1,-1,-1,1.0,1.0,-1.0,0.0,-0.3333333333333333,0.12150000000000001,-1,-1,-1,0.356862745098039,0.694117647058824,0.803921568627451
137.4020881652832,0.0,0.05581329603457477,0.03,1,1,1,0.0,0.3333333333333333,0.09841500000000002,-1,-1,-1,1.0,1.0,-1.0,0.0,-0.3333333333333333,0.12150000000000001,-1,-1,-1,0.356862745098039,0.694117647058824,0.803921568627451
137.43676233291626,0.0,0.05294696384426974,0.03,1,1,1,0.0,0.3333333333333333,0.09841500000000002,-1,-1,-1,1.0,1.0,-1.0,0.0,-0.3333333333333333,0.12150000000000001,-1,-1,-1,0.356862745098039,0.694117647058824,0.803921568627451
137.47112917900085,0.0,0.0500806316539647,0.03,1,1,1,0.0,0.3333333333333333,0.09841500000000002,-1,-1,-1,1.0,1.0,-1.0,0.0,-0.3333333333333333,0.12150000000000001,-1,-1,-1,0.356862745098039,0.694117647058824,0.803921568627451
137.50625276565552,0.0,0.04721429946365967,0.03,1,1,1,0.0,0.3333333333333333,0.09841500000000002,-1,-1,-1,1.0,1.0,-1.0,0.0,-0.3333333333333333,0.12150000000000001,-1,-1,-1,0.356862745098039,0.694117647058824,0.803921568627451
137.54094552993774,0.0,0.04434796727335463,0.03,1,1,1,0.0,0.3333333333333333,0.09841500000000002,-1,-1,-1,1.0,1.0,-1.0,0.0,-0.3333333333333333,0.12150000000000001,-1,-1,-1,0.356862745098039,0.694117647058824,0.803921568627451
137.57563185691833,0.0,0.0414816350830496,0.03,1,1,1,0.0,0.3333333333333333,0.09841500000000002,-1,-1,-1,1.0,1.0,-1.0,0.0,-0.3333333333333333,0.12150000000000001,-1,-1,-1,0.356862745098039,0.694117647058824,0.803921568627451
137.61044335365295,0.0,0.03861530289274456,0.03,1,1,1,0.0,0.3333333333333333,0.09841500000000002,-1,-1,-1,1.0,1.0,-1.0,0.0,-0.3333333333333333,0.12150000000000001,-1,-1,-1,0.356862745098039,0.694117647058824,0.803921568627451
137.64483165740967,0.0,0.03574897070243953,0.03,1,1,1,0.0,0.3333333333333333,0.09841500000000002,-1,-1,-1,1.0,1.0,-1.0,0.0,-0.3333333333333333,0.12150000000000001,-1,-1,-1,0.356862745098039,0.694117647058824,0.803921568627451
137.6797378063202,0.0,0.03288263851213449,0.03,1,1,1,0.0,0.3333333333333333,0.09841500000000002,-1,-1,-1,1.0,1.0,-1.0,0.0,-0.3333333333333333,0.12150000000000001,-1,-1,-1,0.356862745098039,0.694117647058824,0.803921568627451
137.71427512168884,0.0,0.030016306321829465,0.03,1,1,1,0.0,0.3333333333333333,0.09841500000000002,-1,-1,-1,1.0,1.0,-1.0,0.0,-0.3333333333333333,0.12150000000000001,-1,-1,-1,0.356862745098039,0.694117647058824,0.803921568627451
137.74907517433167,0.0,0.027149974131524448,0.03,1,1,1,0.0,0.3333333333333333,0.09841500000000002,-1,-1,-1,1.0,1.0,-1.0,0.0,-0.3333333333333333,0.12150000000000001,-1,-1,-1,0.356862745098039,0.694117647058824,0.803921568627451
137.7837302684784,0.0,0.02428364194121943,0.03,1,1,1,0.0,0.3333333333333333,0.09841500000000002,-1,-1,-1,1.0,1.0,-1.0,0.0,-0.3333333333333333,0.12150000000000001,-1,-1,-1,0.356862745098039,0.694117647058824,0.803921568627451
137.8186116218567,0.0,0.021417309750914413,0.03,1,1,1,0.0,0.3333333333333333,0.09841500000000002,-1,-1,-1,1.0,1.0,-1.0,0.0,-0.3333333333333333,0.12150000000000001,-1,-1,-1,0.356862745098039,0.694117647058824,0.803921568627451
137.85322046279907,0.0,0.018550977560609395,0.03,1,1,1,0.0,0.3333333333333333,0.09841500000000002,-1,-1,-1,1.0,1.0,-1.0,0.0,-0.3333333333333333,0.12150000000000001,-1,-1,-1,0.356862745098039,0.694117647058824,0.803921568627451
137.88794255256653,0.0,0.015684645370304378,0.03,1,1,1,0.0,0.3333333333333333,0.09841500000000002,-1,-1,-1,1.0,1.0,-1.0,0.0,-0.3333333333333333,0.12150000000000001,-1,-1,-1,0.356862745098039,0.694117647058824,0.803921568627451
137.9225835800171,0.0,0.012818313179999352,0.03,1,1,1,0.0,0.3333333333333333,0.09841500000000002,-1,-1,-1,1.0,1.0,-1.0,0.0,-0.3333333333333333,0.12150000000000001,-1,-1,-1,0.356862745098039,0.694117647058824,0.803921568627451
137.95738577842712,0.0,0.009951980989694326,0.03,1,1,1,0.0,0.3333333333333333,0.09841500000000002,-1,-1,-1,1.0,1.0,-1.0,0.0,-0.3333333333333333,0.12150000000000001,-1,-1,-1,0.356862745098039,0.694117647058824,0.803921568627451
137.99212336540222,0.0,0.0070856487993893,0.03,1,1,1,0.0,0.3333333333333333,0.09841500000000002,-1,-1,-1,1.0,1.0,-1.0,0.0,-0.3333333333333333,0.12150000000000001,-1,-1,-1,0.356862745098039,0.694117647058824,0.803921568627451
138.0268895626068,0.0,0.0042193166090842785,0.03,1,1,1,0.0,0.3333333333333333,0.09841500000000002,-1,-1,-1,1.0,1.0,-1.0,0.0,-0.3333333333333333,0.12150000000000001,-1,-1,-1,0.356862745098039,0.694117647058824,0.803921568627451
138.0612087249756,0.0,0.0013529844187792567,0.03,1,1,1,0.0,0.3333333333333333,0.09841500000000002,-1,-1,-1,1.0,1.0,-1.0,0.0,-0.3333333333333333,0.12150000000000001,-1,-1,-1,0.356862745098039,0.694117647058824,0.803921568627451
138.09602737426758,0.0,-0.0015133477715257655,0.03,1,1,1,0.0,0.3333333333333333,0.09841500000000002,-1,-1,-1,1.0,1.0,-1.0,0.0,-0.3333333333333333,0.12150000000000001,-1,-1,-1,0.356862745098039,0.694117647058824,0.803921568627451
138.13081622123718,0.0,-0.001977791426195572,0.03,1,1,1,0.0,0.3333333333333333,0.09841500000000002,-1,-1,-1,1.0,1.0,-1.0,0.0,-0.3333333333333333,0.12150000000000001,-1,-1,-1,0.356862745098039,0.694117647058824,0.803921568627451
138.1659219264984,0.0,-0.0024422350808653796,0.03,1,1,1,0.0,0.3333333333333333,0.09841500000000002,-1,-1,-1,1.0,1.0,-1.0,0.0,-0.3333333333333333,0.12150000000000001,-1,-1,-1,0.356862745098039,0.694117647058824,0.803921568627451
138.20066332817078,0.0,-0.0029066787355351872,0.03,1,1,1,0.0,0.3333333333333333,0.09841500000000002,-1,-1,-1,1.0,1.0,-1.0,0.0,-0.3333333333333333,0.12150000000000001,-1,-1,-1,0.356862745098039,0.694117647058824,0.803921568627451
138.23533368110657,0.0,-0.003371122390204995,0.03,1,1,1,0.0,0.3333333333333333,0.09841500000000002,-1,-1,-1,1.0,1.0,-1.0,0.0,-0.3333333333333333,0.12150000000000001,-1,-1,-1,0.356862745098039,0.694117647058824,0.803921568627451
138.2700343132019,0.0,-0.003835566044874803,0.03,1,1,1,0.0,0.3333333333333333,0.09841500000000002,-1,-1,-1,1.0,1.0,-1.0,0.0,-0.3333333333333333,0.12150000000000001,-1,-1,-1,0.356862745098039,0.694117647058824,0.803921568627451
138.30475544929504,0.0,-0.0043000096995446085,0.03,1,1,1,0.0,0.3333333333333333,0.09841500000000002,-1,-1,-1,1.0,1.0,-1.0,0.0,-0.3333333333333333,0.12150000000000001,-1,-1,-1,0.356862745098039,0.694117647058824,0.803921568627451
138.33937001228333,0.0,-0.004764453354214414,0.03,1,1,1,0.0,0.3333333333333333,0.09841500000000002,-1,-1,-1,1.0,1.0,-1.0,0.0,-0.3333333333333333,0.12150000000000001,-1,-1,-1,0.356862745098039,0.694117647058824,0.803921568627451
138.3740782737732,0.0,-0.0052288970088842195,0.03,1,1,1,0.0,0.3333333333333333,0.09841500000000002,-1,-1,-1,1.0,1.0,-1.0,0.0,-0.3333333333333333,0.12150000000000001,-1,-1,-1,0.356862745098039,0.694117647058824,0.803921568627451
138.40855073928833,0.0,-0.005693340663554025,0.03,1,1,1,0.0,0.3333333333333333,0.09841500000000002,-1,-1,-1,1.0,1.0,-1.0,0.0,-0.3333333333333333,0.12150000000000001,-1,-1,-1,0.356862745098039,0.694117647058824,0.803921568627451
138.4436638355255,0.0,-0.0061577843182238304,0.03,1,1,1,0.0,0.3333333333333333,0.09841500000000002,-1,-1,-1,1.0,1.0,-1.0,0.0,-0.3333333333333333,0.12150000000000001,-1,-1,-1,0.356862745098039,0.694117647058824,0.803921568627451
138.47836256027222,0.0,-0.006622227972893636,0.03,1,1,1,0.0,0.3333333333333333,0.09841500000000002,-1,-1,-1,1.0,1.0,-1.0,0.0,-0.3333333333333333,0.12150000000000001,-1,-1,-1,0.356862745098039,0.694117647058824,0.803921568627451
138.51300764083862,0.0,-0.007086671627563441,0.03,1,1,1,0.0,0.3333333333333333,0.09841500000000002,-1,-1,-1,1.0,1.0,-1.0,0.0,-0.3333333333333333,0.12150000000000001,-1,-1,-1,0.356862745098039,0.694117647058824,0.803921568627451
138.54771542549133,0.0,-0.007551115282233246,0.03,1,1,1,0.0,0.3333333333333333,0.09841500000000002,-1,-1,-1,1.0,1.0,-1.0,0.0,-0.3333333333333333,0.12150000000000001,-1,-1,-1,0.356862745098039,0.694117647058824,0.803921568627451
138.58239340782166,0.0,-0.008015558936903052,0.03,1,1,1,0.0,0.3333333333333333,0.09841500000000002,-1,-1,-1,1.0,1.0,-1.0,0.0,-0.3333333333333333,0.12150000000000001,-1,-1,-1,0.356862745098039,0.694117647058824,0.803921568627451
138.61716771125793,0.0,-0.008480002591572862,0.03,1,1,1,0.0,0.3333333333333333,0.09841500000000002,-1,-1,-1,1.0,1.0,-1.0,0.0,-0.3333333333333333,0.12150000000000001,-1,-1,-1,0.356862745098039,0.694117647058824,0.803921568627451
138.65181064605713,0.0,-0.008944446246242672,0.03,1,1,1,0.0,0.3333333333333333,0.09841500000000002,-1,-1,-1,1.0,1.0,-1.0,0.0,-0.3333333333333333,0.12150000000000001,-1,-1,-1,0.356862745098039,0.694117647058824,0.803921568627451
138.68674516677856,0.0,-0.009408889900912482,0.03,1,1,1,0.0,0.3333333333333333,0.09841500000000002,-1,-1,-1,1.0,1.0,-1.0,0.0,-0.3333333333333333,0.12150000000000001,-1,-1,-1,0.356862745098039,0.694117647058824,0.803921568627451
138.7212872505188,0.0,-0.009873333555582292,0.03,1,1,1,0.0,0.3333333333333333,0.09841500000000002,-1,-1,-1,1.0,1.0,-1.0,0.0,-0.3333333333333333,0.12150000000000001,-1,-1,-1,0.356862745098039,0.694117647058824,0.803921568627451
138.75602102279663,0.0,-0.010337777210252102,0.03,1,1,1,0.0,0.3333333333333333,0.09841500000000002,-1,-1,-1,1.0,1.0,-1.0,0.0,-0.3333333333333333,0.12150000000000001,-1,-1,-1,0.356862745098039,0.694117647058824,0.803921568627451
138.7906949520111,0.0,-0.010802220864921911,0.03,1,1,1,0.0,0.3333333333333333,0.09841500000000002,-1,-1,-1,1.0,1.0,-1.0,0.0,-0.3333333333333333,0.12150000000000001,-1,-1,-1,0.356862745098039,0.694117647058824,0.803921568627451
138.82544469833374,0.0,-0.011266664519591721,0.03,1,1,1,0.0,0.3333333333333333,0.09841500000000002,-1,-1,-1,1.0,1.0,-1.0,0.0,-0.3333333333333333,0.12150000000000001,-1,-1,-1,0.356862745098039,0.694117647058824,0.803921568627451
138.86018681526184,0.0,-0.011731108174261531,0.03,1,1,1,0.0,0.3333333333333333,0.09841500000000002,-1,-1,-1,1.0,1.0,-1.0,0.0,-0.3333333333333333,0.12150000000000001,-1,-1,-1,0.356862745098039,0.694117647058824,0.803921568627451
138.89493775367737,0.0,-0.012195551828931341,0.03,1,1,1,0.0,0.3333333333333333,0.09841500000000002,-1,-1,-1,1.0,1.0,-1.0,0.0,-0.3333333333333333,0.12150000000000001,-1,-1,-1,0.356862745098039,0.694117647058824,0.803921568627451
138.92965459823608,0.0,-0.01265999548360115,0.03,1,1,1,0.0,0.3333333333333333,0.09841500000000002,-1,-1,-1,1.0,1.0,-1.0,0.0,-0.3333333333333333,0.12150000000000001,-1,-1,-1,0.356862745098039,0.694117647058824,0.803921568627451
138.96431303024292,0.0,-0.01312443913827096,0.03,1,1,1,0.0,0.3333333333333333,0.09841500000000002,-1,-1,-1,1.0,1.0,-1.0,0.0,-0.3333333333333333,0.12150000000000001,-1,-1,-1,0.356862745098039,0.694117647058824,0.803921568627451
138.9987576007843,0.0,-0.01358888279294077,0.03,1,1,1,0.0,0.3333333333333333,0.09841500000000002,-1,-1,-1,1.0,1.0,-1.0,0.0,-0.3333333333333333,0.12150000000000001,-1,-1,-1,0.356862745098039,0.694117647058824,0.803921568627451
139.03394508361816,0.0,-0.01405332644761058,0.03,1,1,1,0.0,0.3333333333333333,0.09841500000000002,-1,-1,-1,1.0,1.0,-1.0,0.0,-0.3333333333333333,0.12150000000000001,-1,-1,-1,0.356862745098039,0.694117647058824,0.803921568627451
139.06880569458008,0.0,-0.01451777010228039,0.03,1,1,1,0.0,0.3333333333333333,0.09841500000000002,-1,-1,-1,1.0,1.0,-1.0,0.0,-0.3333333333333333,0.12150000000000001,-1,-1,-1,0.356862745098039,0.694117647058824,0.803921568627451
139.10288763046265,0.0,-0.014982213756950202,0.03,1,1,1,0.0,0.3333333333333333,0.09841500000000002,-1,-1,-1,1.0,1.0,-1.0,0.0,-0.3333333333333333,0.12150000000000001,-1,-1,-1,0.356862745098039,0.694117647058824,0.803921568627451
139.13797616958618,0.0,-0.015446657411620013,0.03,1,1,1,0.0,0.3333333333333333,0.09841500000000002,-1,-1,-1,1.0,1.0,-1.0,0.0,-0.3333333333333333,0.12150000000000001,-1,-1,-1,0.356862745098039,0.694117647058824,0.803921568627451
139.17266154289246,0.0,-0.01591110106628982,0.03,1,1,1,0.0,0.3333333333333333,0.09841500000000002,-1,-1,-1,1.0,1.0,-1.0,0.0,-0.3333333333333333,0.12150000000000001,-1,-1,-1,0.356862745098039,0.694117647058824,0.803921568627451
139.20743036270142,0.0,-0.01637554472095963,0.03,1,1,1,0.0,0.3333333333333333,0.09841500000000002,-1,-1,-1,1.0,1.0,-1.0,0.0,-0.3333333333333333,0.12150000000000001,-1,-1,-1,0.356862745098039,0.694117647058824,0.803921568627451
139.24224400520325,0.0,-0.01683998837562944,0.03,1,1,1,0.0,0.3333333333333333,0.09841500000000002,-1,-1,-1,1.0,1.0,-1.0,0.0,-0.3333333333333333,0.12150000000000001,-1,-1,-1,0.356862745098039,0.694117647058824,0.803921568627451
139.2769684791565,0.0,-0.01730443203029925,0.03,1,1,1,0.0,0.3333333333333333,0.09841500000000002,-1,-1,-1,1.0,1.0,-1.0,0.0,-0.3333333333333333,0.12150000000000001,-1,-1,-1,0.356862745098039,0.694117647058824,0.803921568627451
139.31152296066284,0.0,-0.017583098223101137,0.03,1,1,1,0.0,0.3333333333333333,0.09841500000000002,-1,-1,-1,1.0,1.0,-1.0,0.0,-0.3333333333333333,0.12150000000000001,-1,-1,-1,0.356862745098039,0.694117647058824,0.803921568627451
139.34639501571655,0.0,-0.017583098223101137,0.03,1,1,1,0.0,0.3333333333333333,0.09841500000000002,-1,-1,-1,1.0,1.0,-1.0,0.0,-0.3333333333333333,0.12150000000000001,-1,-1,-1,0.356862745098039,0.694117647058824,0.803921568627451
139.38116097450256,0.0,-0.017583098223101137,0.03,1,1,1,0.0,0.3333333333333333,0.09841500000000002,-1,-1,-1,1.0,1.0,-1.0,0.0,-0.3333333333333333,0.12150000000000001,-1,-1,-1,0.356862745098039,0.694117647058824,0.803921568627451
139.41577124595642,0.0,-0.017583098223101137,0.03,1,1,1,0.0,0.3333333333333333,0.09841500000000002,-1,-1,-1,1.0,1.0,-1.0,0.0,-0.3333333333333333,0.12150000000000001,-1,-1,-1,0.356862745098039,0.694117647058824,0.803921568627451
139.45047545433044,0.0,-0.017583098223101137,0.03,1,1,1,0.0,0.3333333333333333,0.09841500000000002,-1,-1,-1,1.0,1.0,-1.0,0.0,-0.3333333333333333,0.12150000000000001,-1,-1,-1,0.356862745098039,0.694117647058824,0.803921568627451
139.48519206047058,0.0,-0.017583098223101137,0.03,1,1,1,0.0,0.3333333333333333,0.09841500000000002,-1,-1,-1,1.0,1.0,-1.0,0.0,-0.3333333333333333,0.12150000000000001,-1,-1,-1,0.356862745098039,0.694117647058824,0.803921568627451
139.51988744735718,0.0,-0.017583098223101137,0.03,1,1,1,0.0,0.3333333333333333,0.09841500000000002,-1,-1,-1,1.0,1.0,-1.0,0.0,-0.3333333333333333,0.12150000000000001,-1,-1,-1,0.356862745098039,0.694117647058824,0.803921568627451
139.554927110672,0.0,-0.017583098223101137,0.03,1,1,1,0.0,0.3333333333333333,0.09841500000000002,-1,-1,-1,1.0,1.0,-1.0,0.0,-0.3333333333333333,0.12150000000000001,-1,-1,-1,0.356862745098039,0.694117647058824,0.803921568627451
139.58947348594666,0.0,-0.017583098223101137,0.03,1,1,1,0.0,0.3333333333333333,0.09841500000000002,-1,-1,-1,1.0,1.0,-1.0,0.0,-0.3333333333333333,0.12150000000000001,-1,-1,-1,0.356862745098039,0.694117647058824,0.803921568627451
139.62441730499268,0.0,-0.017583098223101137,0.03,1,1,1,0.0,0.3333333333333333,0.09841500000000002,-1,-1,-1,1.0,1.0,-1.0,0.0,-0.3333333333333333,0.12150000000000001,-1,-1,-1,0.356862745098039,0.694117647058824,0.803921568627451
139.65897583961487,0.0,-0.017583098223101137,0.03,1,1,1,0.0,0.3333333333333333,0.09841500000000002,-1,-1,-1,1.0,1.0,-1.0,0.0,-0.3333333333333333,0.12150000000000001,-1,-1,-1,0.356862745098039,0.694117647058824,0.803921568627451
139.69367027282715,0.0,-0.017583098223101137,0.03,1,1,1,0.0,0.3333333333333333,0.09841500000000002,-1,-1,-1,1.0,1.0,-1.0,0.0,-0.3333333333333333,0.12150000000000001,-1,-1,-1,0.356862745098039,0.694117647058824,0.803921568627451
139.7284393310547,0.0,-0.017583098223101137,0.03,1,1,1,0.0,0.3333333333333333,0.09841500000000002,-1,-1,-1,1.0,1.0,-1.0,0.0,-0.3333333333333333,0.12150000000000001,-1,-1,-1,0.356862745098039,0.694117647058824,0.803921568627451
139.7629816532135,0.0,-0.017583098223101137,0.03,1,1,1,0.0,0.3333333333333333,0.09841500000000002,-1,-1,-1,1.0,1.0,-1.0,0.0,-0.3333333333333333,0.12150000000000001,-1,-1,-1,0.356862745098039,0.694117647058824,0.803921568627451
139.7978072166443,0.0,-0.017583098223101137,0.03,1,1,1,0.0,0.3333333333333333,0.09841500000000002,-1,-1,-1,1.0,1.0,-1.0,0.0,-0.3333333333333333,0.12150000000000001,-1,-1,-1,0.356862745098039,0.694117647058824,0.803921568627451
139.83249926567078,0.0,-0.017583098223101137,0.03,1,1,1,0.0,0.3333333333333333,0.09841500000000002,-1,-1,-1,1.0,1.0,-1.0,0.0,-0.3333333333333333,0.12150000000000001,-1,-1,-1,0.356862745098039,0.694117647058824,0.803921568627451
139.8672275543213,0.0,-0.017583098223101137,0.03,1,1,1,0.0,0.3333333333333333,0.09841500000000002,-1,-1,-1,1.0,1.0,-1.0,0.0,-0.3333333333333333,0.12150000000000001,-1,-1,-1,0.356862745098039,0.694117647058824,0.803921568627451
139.90189266204834,0.0,-0.017583098223101137,0.03,1,1,1,0.0,0.3333333333333333,0.09841500000000002,-1,-1,-1,1.0,1.0,-1.0,0.0,-0.3333333333333333,0.12150000000000001,-1,-1,-1,0.356862745098039,0.694117647058824,0.803921568627451
139.93678903579712,0.0,-0.017583098223101137,0.03,1,1,1,0.0,0.3333333333333333,0.09841500000000002,-1,-1,-1,1.0,1.0,-1.0,0.0,-0.3333333333333333,0.12150000000000001,-1,-1,-1,0.356862745098039,0.694117647058824,0.803921568627451
139.97155332565308,0.0,-0.017583098223101137,0.03,1,1,1,0.0,0.3333333333333333,0.09841500000000002,-1,-1,-1,1.0,1.0,-1.0,0.0,-0.3333333333333333,0.12150000000000001,-1,-1,-1,0.356862745098039,0.694117647058824,0.803921568627451
140.00614500045776,0.0,-0.017583098223101137,0.03,1,1,1,0.0,0.3333333333333333,0.09841500000000002,-1,-1,-1,1.0,1.0,-1.0,0.0,-0.3333333333333333,0.12150000000000001,-1,-1,-1,0.356862745098039,0.694117647058824,0.803921568627451
140.04086112976074,0.0,-0.017583098223101137,0.03,1,1,1,0.0,0.3333333333333333,0.09841500000000002,-1,-1,-1,1.0,1.0,-1.0,0.0,-0.3333333333333333,0.12150000000000001,-1,-1,-1,0.356862745098039,0.694117647058824,0.803921568627451
140.0756871700287,0.0,-0.017583098223101137,0.03,1,1,1,0.0,0.3333333333333333,0.09841500000000002,-1,-1,-1,1.0,1.0,-1.0,0.0,-0.3333333333333333,0.12150000000000001,-1,-1,-1,0.356862745098039,0.694117647058824,0.803921568627451
140.11030411720276,0.0,-0.017583098223101137,0.03,1,1,1,0.0,0.3333333333333333,0.09841500000000002,-1,-1,-1,1.0,1.0,-1.0,0.0,-0.3333333333333333,0.12150000000000001,-1,-1,-1,0.356862745098039,0.694117647058824,0.803921568627451
140.14500856399536,0.0,-0.017583098223101137,0.03,1,1,1,0.0,0.3333333333333333,0.09841500000000002,-1,-1,-1,1.0,1.0,-1.0,0.0,-0.3333333333333333,0.12150000000000001,-1,-1,-1,0.356862745098039,0.694117647058824,0.803921568627451
140.17977261543274,0.0,-0.017583098223101137,0.03,1,1,1,0.0,0.3333333333333333,0.09841500000000002,-1,-1,-1,1.0,1.0,-1.0,0.0,-0.3333333333333333,0.12150000000000001,-1,-1,-1,0.356862745098039,0.694117647058824,0.803921568627451
140.21434473991394,0.0,-0.017583098223101137,0.03,1,1,1,0.0,0.3333333333333333,0.09841500000000002,-1,-1,-1,1.0,1.0,-1.0,0.0,-0.3333333333333333,0.12150000000000001,-1,-1,-1,0.356862745098039,0.694117647058824,0.803921568627451
140.24908685684204,0.0,-0.017583098223101137,0.03,1,1,1,0.0,0.3333333333333333,0.09841500000000002,-1,-1,-1,1.0,1.0,-1.0,0.0,-0.3333333333333333,0.12150000000000001,-1,-1,-1,0.356862745098039,0.694117647058824,0.803921568627451
140.2833535671234,0.0,-0.017583098223101137,0.03,1,1,1,0.0,0.3333333333333333,0.09841500000000002,-1,-1,-1,1.0,1.0,-1.0,0.0,-0.3333333333333333,0.12150000000000001,-1,-1,-1,0.356862745098039,0.694117647058824,0.803921568627451
140.31851720809937,0.0,-0.017583098223101137,0.03,1,1,1,0.0,0.3333333333333333,0.09841500000000002,-1,-1,-1,1.0,1.0,-1.0,0.0,-0.3333333333333333,0.12150000000000001,-1,-1,-1,0.356862745098039,0.694117647058824,0.803921568627451
140.353271484375,0.0,-0.017583098223101137,0.03,1,1,1,0.0,0.3333333333333333,0.09841500000000002,-1,-1,-1,1.0,1.0,-1.0,0.0,-0.3333333333333333,0.12150000000000001,-1,-1,-1,0.356862745098039,0.694117647058824,0.803921568627451
140.38802361488342,0.0,-0.017583098223101137,0.03,1,1,1,0.0,0.3333333333333333,0.09841500000000002,-1,-1,-1,1.0,1.0,-1.0,0.0,-0.3333333333333333,0.12150000000000001,-1,-1,-1,0.356862745098039,0.694117647058824,0.803921568627451
140.42271065711975,0.0,-0.017583098223101137,0.03,1,1,1,0.0,0.3333333333333333,0.09841500000000002,-1,-1,-1,1.0,1.0,-1.0,0.0,-0.3333333333333333,0.12150000000000001,-1,-1,-1,0.356862745098039,0.694117647058824,0.803921568627451
140.45735931396484,0.0,-0.017583098223101137,0.03,1,1,1,0.0,0.3333333333333333,0.09841500000000002,-1,-1,-1,1.0,1.0,-1.0,0.0,-0.3333333333333333,0.12150000000000001,-1,-1,-1,0.356862745098039,0.694117647058824,0.803921568627451
140.4919867515564,0.0,-0.017583098223101137,0.03,1,1,1,0.0,0.3333333333333333,0.09841500000000002,-1,-1,-1,1.0,1.0,-1.0,0.0,-0.3333333333333333,0.12150000000000001,-1,-1,-1,0.356862745098039,0.694117647058824,0.803921568627451
140.52689862251282,0.0,-0.01448795794106201,0.03,1,1,1,0.0,0.3333333333333333,0.09841500000000002,-1,-1,-1,1.0,1.0,-1.0,0.0,-0.3333333333333333,0.12150000000000001,-1,-1,-1,0.356862745098039,0.694117647058824,0.803921568627451
140.56141781806946,0.0,-0.010619032588513105,0.03,1,1,1,0.0,0.3333333333333333,0.09841500000000002,-1,-1,-1,1.0,1.0,-1.0,0.0,-0.3333333333333333,0.12150000000000001,-1,-1,-1,0.356862745098039,0.694117647058824,0.803921568627451
140.59634232521057,0.0,-0.0067501072359642,0.03,1,1,1,0.0,0.3333333333333333,0.09841500000000002,-1,-1,-1,1.0,1.0,-1.0,0.0,-0.3333333333333333,0.12150000000000001,-1,-1,-1,0.356862745098039,0.694117647058824,0.803921568627451
140.63096165657043,0.0,-0.002881181883415295,0.03,1,1,1,0.0,0.3333333333333333,0.09841500000000002,-1,-1,-1,1.0,1.0,-1.0,0.0,-0.3333333333333333,0.12150000000000001,-1,-1,-1,0.356862745098039,0.694117647058824,0.803921568627451
140.66560983657837,0.0,0.0009877434691336106,0.03,1,1,1,0.0,0.3333333333333333,0.09841500000000002,-1,-1,-1,1.0,1.0,-1.0,0.0,-0.3333333333333333,0.12150000000000001,-1,-1,-1,0.356862745098039,0.694117647058824,0.803921568627451
140.7001416683197,0.0,0.004856668821682516,0.03,1,1,1,0.0,0.3333333333333333,0.09841500000000002,-1,-1,-1,1.0,1.0,-1.0,0.0,-0.3333333333333333,0.12150000000000001,-1,-1,-1,0.356862745098039,0.694117647058824,0.803921568627451
140.73537254333496,0.0,0.00872559417423142,0.03,1,1,1,0.0,0.3333333333333333,0.09841500000000002,-1,-1,-1,1.0,1.0,-1.0,0.0,-0.3333333333333333,0.12150000000000001,-1,-1,-1,0.356862745098039,0.694117647058824,0.803921568627451
140.76949095726013,0.0,0.012594519526780326,0.03,1,1,1,0.0,0.3333333333333333,0.09841500000000002,-1,-1,-1,1.0,1.0,-1.0,0.0,-0.3333333333333333,0.12150000000000001,-1,-1,-1,0.356862745098039,0.694117647058824,0.803921568627451
140.80462527275085,0.0,0.01646344487932923,0.03,1,1,1,0.0,0.3333333333333333,0.09841500000000002,-1,-1,-1,1.0,1.0,-1.0,0.0,-0.3333333333333333,0.12150000000000001,-1,-1,-1,0.356862745098039,0.694117647058824,0.803921568627451
140.83893370628357,0.0,0.020332370231878137,0.03,1,1,1,0.0,0.3333333333333333,0.09841500000000002,-1,-1,-1,1.0,1.0,-1.0,0.0,-0.3333333333333333,0.12150000000000001,-1,-1,-1,0.356862745098039,0.694117647058824,0.803921568627451
140.87416005134583,0.0,0.024201295584427043,0.03,1,1,1,0.0,0.3333333333333333,0.09841500000000002,-1,-1,-1,1.0,1.0,-1.0,0.0,-0.3333333333333333,0.12150000000000001,-1,-1,-1,0.356862745098039,0.694117647058824,0.803921568627451
140.9088113307953,0.0,0.028070220936975948,0.03,1,1,1,0.0,0.3333333333333333,0.09841500000000002,-1,-1,-1,1.0,1.0,-1.0,0.0,-0.3333333333333333,0.12150000000000001,-1,-1,-1,0.356862745098039,0.694117647058824,0.803921568627451
140.9433925151825,0.0,0.03193914628952486,0.03,1,1,1,0.0,0.3333333333333333,0.09841500000000002,-1,-1,-1,1.0,1.0,-1.0,0.0,-0.3333333333333333,0.12150000000000001,-1,-1,-1,0.356862745098039,0.694117647058824,0.803921568627451
140.97847247123718,0.0,0.03580807164207375,0.03,1,1,1,0.0,0.3333333333333333,0.09841500000000002,-1,-1,-1,1.0,1.0,-1.0,0.0,-0.3333333333333333,0.12150000000000001,-1,-1,-1,0.356862745098039,0.694117647058824,0.803921568627451
141.01321864128113,0.0,0.03967699699462264,0.03,1,1,1,0.0,0.3333333333333333,0.09841500000000002,-1,-1,-1,1.0,1.0,-1.0,0.0,-0.3333333333333333,0.12150000000000001,-1,-1,-1,0.356862745098039,0.694117647058824,0.803921568627451
141.04760932922363,0.0,0.04354592234717153,0.03,1,1,1,0.0,0.3333333333333333,0.09841500000000002,-1,-1,-1,1.0,1.0,-1.0,0.0,-0.3333333333333333,0.12150000000000001,-1,-1,-1,0.356862745098039,0.694117647058824,0.803921568627451
141.08224487304688,0.0,0.04741484769972042,0.03,1,1,1,0.0,0.3333333333333333,0.09841500000000002,-1,-1,-1,1.0,1.0,-1.0,0.0,-0.3333333333333333,0.12150000000000001,-1,-1,-1,0.356862745098039,0.694117647058824,0.803921568627451
141.11691045761108,0.0,0.051283773052269305,0.03,1,1,1,0.0,0.3333333333333333,0.09841500000000002,-1,-1,-1,1.0,1.0,-1.0,0.0,-0.3333333333333333,0.12150000000000001,-1,-1,-1,0.356862745098039,0.694117647058824,0.803921568627451
141.15164256095886,0.0,0.05515269840481819,0.03,1,1,1,0.0,0.3333333333333333,0.09841500000000002,-1,-1,-1,1.0,1.0,-1.0,0.0,-0.3333333333333333,0.12150000000000001,-1,-1,-1,0.356862745098039,0.694117647058824,0.803921568627451
141.1867332458496,0.0,0.05902162375736708,0.03,1,1,1,0.0,0.3333333333333333,0.09841500000000002,-1,-1,-1,1.0,1.0,-1.0,0.0,-0.3333333333333333,0.12150000000000001,-1,-1,-1,0.356862745098039,0.694117647058824,0.803921568627451
141.22137880325317,0.0,0.06289054910991597,0.03,1,1,1,0.0,0.3333333333333333,0.09841500000000002,-1,-1,-1,1.0,1.0,-1.0,0.0,-0.3333333333333333,0.12150000000000001,-1,-1,-1,0.356862745098039,0.694117647058824,0.803921568627451
141.26154375076294,0.0,0.06675947446246486,0.03,1,1,1,0.0,0.3333333333333333,0.09841500000000002,-1,-1,-1,1.0,1.0,-1.0,0.0,-0.3333333333333333,0.12150000000000001,-1,-1,-1,0.356862745098039,0.694117647058824,0.803921568627451
141.29043102264404,0.0,0.07062839981501375,0.03,1,1,1,0.0,0.3333333333333333,0.09841500000000002,-1,-1,-1,1.0,1.0,-1.0,0.0,-0.3333333333333333,0.12150000000000001,-1,-1,-1,0.356862745098039,0.694117647058824,0.803921568627451
141.32553935050964,0.0,0.07449732516756263,0.03,1,1,1,0.0,0.3333333333333333,0.09841500000000002,-1,-1,-1,1.0,1.0,-1.0,0.0,-0.3333333333333333,0.12150000000000001,-1,-1,-1,0.356862745098039,0.694117647058824,0.803921568627451
141.3604724407196,0.0,0.07836625052011152,0.03,1,1,1,0.0,0.3333333333333333,0.09841500000000002,-1,-1,-1,1.0,1.0,-1.0,0.0,-0.3333333333333333,0.12150000000000001,-1,-1,-1,0.356862745098039,0.694117647058824,0.803921568627451
141.39513111114502,0.0,0.08223517587266041,0.03,1,1,1,0.0,0.3333333333333333,0.09841500000000002,-1,-1,-1,1.0,1.0,-1.0,0.0,-0.3333333333333333,0.12150000000000001,-1,-1,-1,0.356862745098039,0.694117647058824,0.803921568627451
141.4298312664032,0.0,0.0861041012252093,0.03,1,1,1,0.0,0.3333333333333333,0.09841500000000002,-1,-1,-1,1.0,1.0,-1.0,0.0,-0.3333333333333333,0.12150000000000001,-1,-1,-1,0.356862745098039,0.694117647058824,0.803921568627451
141.46462082862854,0.0,0.08997302657775819,0.03,1,1,1,0.0,0.3333333333333333,0.09841500000000002,-1,-1,-1,1.0,1.0,-1.0,0.0,-0.3333333333333333,0.12150000000000001,-1,-1,-1,0.356862745098039,0.694117647058824,0.803921568627451
141.49938488006592,0.0,0.09384195193030707,0.03,1,1,1,0.0,0.3333333333333333,0.09841500000000002,-1,-1,-1,1.0,1.0,-1.0,0.0,-0.3333333333333333,0.12150000000000001,-1,-1,-1,0.356862745098039,0.694117647058824,0.803921568627451
141.53399872779846,0.0,0.09771087728285596,0.03,1,1,1,0.0,0.3333333333333333,0.09841500000000002,-1,-1,-1,1.0,1.0,-1.0,0.0,-0.3333333333333333,0.12150000000000001,-1,-1,-1,0.356862745098039,0.694117647058824,0.803921568627451
141.56869387626648,0.0,0.10157980263540485,0.03,1,1,1,0.0,0.3333333333333333,0.09841500000000002,-1,-1,-1,1.0,1.0,-1.0,0.0,-0.3333333333333333,0.12150000000000001,-1,-1,-1,0.356862745098039,0.694117647058824,0.803921568627451
141.60284805297852,0.0,0.10544872798795374,0.03,1,1,1,0.0,0.3333333333333333,0.09841500000000002,-1,-1,-1,1.0,1.0,-1.0,0.0,-0.3333333333333333,0.12150000000000001,-1,-1,-1,0.356862745098039,0.694117647058824,0.803921568627451
141.63802027702332,0.0,0.10931765334050263,0.03,1,1,1,0.0,0.3333333333333333,0.09841500000000002,-1,-1,-1,1.0,1.0,-1.0,0.0,-0.3333333333333333,0.12150000000000001,-1,-1,-1,0.356862745098039,0.694117647058824,0.803921568627451
141.67278718948364,0.0,0.11318657869305151,0.03,1,1,1,0.0,0.3333333333333333,0.09841500000000002,-1,-1,-1,1.0,1.0,-1.0,0.0,-0.3333333333333333,0.12150000000000001,-1,-1,-1,0.356862745098039,0.694117647058824,0.803921568627451
141.70727157592773,0.0,0.11575409738311312,0.03,1,1,1,0.0,0.3333333333333333,0.09841500000000002,-1,-1,-1,1.0,1.0,-1.0,0.0,-0.3333333333333333,0.12150000000000001,-1,-1,-1,0.356862745098039,0.694117647058824,0.803921568627451
141.74183058738708,0.0,0.11311598942322562,0.03,1,1,1,0.0,0.3333333333333333,0.09841500000000002,-1,-1,-1,1.0,1.0,-1.0,0.0,-0.3333333333333333,0.12150000000000001,-1,-1,-1,0.356862745098039,0.694117647058824,0.803921568627451
141.77715706825256,0.0,0.11047788146333812,0.03,1,1,1,0.0,0.3333333333333333,0.09841500000000002,-1,-1,-1,1.0,1.0,-1.0,0.0,-0.3333333333333333,0.12150000000000001,-1,-1,-1,0.356862745098039,0.694117647058824,0.803921568627451
141.81190371513367,0.0,0.10783977350345061,0.03,1,1,1,0.0,0.3333333333333333,0.09841500000000002,-1,-1,-1,1.0,1.0,-1.0,0.0,-0.3333333333333333,0.12150000000000001,-1,-1,-1,0.356862745098039,0.694117647058824,0.803921568627451
141.84605860710144,0.0,0.10520166554356311,0.03,1,1,1,0.0,0.3333333333333333,0.09841500000000002,-1,-1,-1,1.0,1.0,-1.0,0.0,-0.3333333333333333,0.12150000000000001,-1,-1,-1,0.356862745098039,0.694117647058824,0.803921568627451
141.8811013698578,0.0,0.10256355758367561,0.03,1,1,1,0.0,0.3333333333333333,0.09841500000000002,-1,-1,-1,1.0,1.0,-1.0,0.0,-0.3333333333333333,0.12150000000000001,-1,-1,-1,0.356862745098039,0.694117647058824,0.803921568627451
141.9154028892517,0.0,0.0999254496237881,0.03,1,1,1,0.0,0.3333333333333333,0.09841500000000002,-1,-1,-1,1.0,1.0,-1.0,0.0,-0.3333333333333333,0.12150000000000001,-1,-1,-1,0.356862745098039,0.694117647058824,0.803921568627451
141.95041179656982,0.0,0.0972873416639006,0.03,1,1,1,0.0,0.3333333333333333,0.09841500000000002,-1,-1,-1,1.0,1.0,-1.0,0.0,-0.3333333333333333,0.12150000000000001,-1,-1,-1,0.356862745098039,0.694117647058824,0.803921568627451
141.98482608795166,0.0,0.0946492337040131,0.03,1,1,1,0.0,0.3333333333333333,0.09841500000000002,-1,-1,-1,1.0,1.0,-1.0,0.0,-0.3333333333333333,0.12150000000000001,-1,-1,-1,0.356862745098039,0.694117647058824,0.803921568627451
142.0197458267212,0.0,0.0920111257441256,0.03,1,1,1,0.0,0.3333333333333333,0.09841500000000002,-1,-1,-1,1.0,1.0,-1.0,0.0,-0.3333333333333333,0.12150000000000001,-1,-1,-1,0.356862745098039,0.694117647058824,0.803921568627451
142.054705619812,0.0,0.08937301778423809,0.03,1,1,1,0.0,0.3333333333333333,0.09841500000000002,-1,-1,-1,1.0,1.0,-1.0,0.0,-0.3333333333333333,0.12150000000000001,-1,-1,-1,0.356862745098039,0.694117647058824,0.803921568627451
142.0892345905304,0.0,0.08673490982435059,0.03,1,1,1,0.0,0.3333333333333333,0.09841500000000002,-1,-1,-1,1.0,1.0,-1.0,0.0,-0.3333333333333333,0.12150000000000001,-1,-1,-1,0.356862745098039,0.694117647058824,0.803921568627451
142.12398552894592,0.0,0.08409680186446308,0.03,1,1,1,0.0,0.3333333333333333,0.09841500000000002,-1,-1,-1,1.0,1.0,-1.0,0.0,-0.3333333333333333,0.12150000000000001,-1,-1,-1,0.356862745098039,0.694117647058824,0.803921568627451
142.15889430046082,0.0,0.08145869390457558,0.03,1,1,1,0.0,0.3333333333333333,0.09841500000000002,-1,-1,-1,1.0,1.0,-1.0,0.0,-0.3333333333333333,0.12150000000000001,-1,-1,-1,0.356862745098039,0.694117647058824,0.803921568627451
142.19362425804138,0.0,0.07882058594468808,0.03,1,1,1,0.0,0.3333333333333333,0.09841500000000002,-1,-1,-1,1.0,1.0,-1.0,0.0,-0.3333333333333333,0.12150000000000001,-1,-1,-1,0.356862745098039,0.694117647058824,0.803921568627451
142.2284324169159,0.0,0.07618247798480057,0.03,1,1,1,0.0,0.3333333333333333,0.09841500000000002,-1,-1,-1,1.0,1.0,-1.0,0.0,-0.3333333333333333,0.12150000000000001,-1,-1,-1,0.356862745098039,0.694117647058824,0.803921568627451
142.26294493675232,0.0,0.07354437002491307,0.03,1,1,1,0.0,0.3333333333333333,0.09841500000000002,-1,-1,-1,1.0,1.0,-1.0,0.0,-0.3333333333333333,0.12150000000000001,-1,-1,-1,0.356862745098039,0.694117647058824,0.803921568627451
142.2977602481842,0.0,0.07090626206502557,0.03,1,1,1,0.0,0.3333333333333333,0.09841500000000002,-1,-1,-1,1.0,1.0,-1.0,0.0,-0.3333333333333333,0.12150000000000001,-1,-1,-1,0.356862745098039,0.694117647058824,0.803921568627451
142.33242964744568,0.0,0.06826815410513806,0.03,1,1,1,0.0,0.3333333333333333,0.09841500000000002,-1,-1,-1,1.0,1.0,-1.0,0.0,-0.3333333333333333,0.12150000000000001,-1,-1,-1,0.356862745098039,0.694117647058824,0.803921568627451
142.36669158935547,0.0,0.06563004614525056,0.03,1,1,1,0.0,0.3333333333333333,0.09841500000000002,-1,-1,-1,1.0,1.0,-1.0,0.0,-0.3333333333333333,0.12150000000000001,-1,-1,-1,0.356862745098039,0.694117647058824,0.803921568627451
142.40206027030945,0.0,0.06299193818536306,0.03,1,1,1,0.0,0.3333333333333333,0.09841500000000002,-1,-1,-1,1.0,1.0,-1.0,0.0,-0.3333333333333333,0.12150000000000001,-1,-1,-1,0.356862745098039,0.694117647058824,0.803921568627451
142.43671226501465,0.0,0.06035383022547553,0.03,1,1,1,0.0,0.3333333333333333,0.09841500000000002,-1,-1,-1,1.0,1.0,-1.0,0.0,-0.3333333333333333,0.12150000000000001,-1,-1,-1,0.356862745098039,0.694117647058824,0.803921568627451
142.47083401679993,0.0,0.05771572226558802,0.03,1,1,1,0.0,0.3333333333333333,0.09841500000000002,-1,-1,-1,1.0,1.0,-1.0,0.0,-0.3333333333333333,0.12150000000000001,-1,-1,-1,0.356862745098039,0.694117647058824,0.803921568627451
142.5055603981018,0.0,0.05507761430570052,0.03,1,1,1,0.0,0.3333333333333333,0.09841500000000002,-1,-1,-1,1.0,1.0,-1.0,0.0,-0.3333333333333333,0.12150000000000001,-1,-1,-1,0.356862745098039,0.694117647058824,0.803921568627451
142.54070353507996,0.0,0.052439506345813014,0.03,1,1,1,0.0,0.3333333333333333,0.09841500000000002,-1,-1,-1,1.0,1.0,-1.0,0.0,-0.3333333333333333,0.12150000000000001,-1,-1,-1,0.356862745098039,0.694117647058824,0.803921568627451
142.57544326782227,0.0,0.04980139838592551,0.03,1,1,1,0.0,0.3333333333333333,0.09841500000000002,-1,-1,-1,1.0,1.0,-1.0,0.0,-0.3333333333333333,0.12150000000000001,-1,-1,-1,0.356862745098039,0.694117647058824,0.803921568627451
142.61030912399292,0.0,0.04716329042603801,0.03,1,1,1,0.0,0.3333333333333333,0.09841500000000002,-1,-1,-1,1.0,1.0,-1.0,0.0,-0.3333333333333333,0.12150000000000001,-1,-1,-1,0.356862745098039,0.694117647058824,0.803921568627451
142.64487195014954,0.0,0.044525182466150504,0.03,1,1,1,0.0,0.3333333333333333,0.09841500000000002,-1,-1,-1,1.0,1.0,-1.0,0.0,-0.3333333333333333,0.12150000000000001,-1,-1,-1,0.356862745098039,0.694117647058824,0.803921568627451
142.67966198921204,0.0,0.041887074506263,0.03,1,1,1,0.0,0.3333333333333333,0.09841500000000002,-1,-1,-1,1.0,1.0,-1.0,0.0,-0.3333333333333333,0.12150000000000001,-1,-1,-1,0.356862745098039,0.694117647058824,0.803921568627451
142.714537858963,0.0,0.0392489665463755,0.03,1,1,1,0.0,0.3333333333333333,0.09841500000000002,-1,-1,-1,1.0,1.0,-1.0,0.0,-0.3333333333333333,0.12150000000000001,-1,-1,-1,0.356862745098039,0.694117647058824,0.803921568627451
142.74923658370972,0.0,0.03661085858648799,0.03,1,1,1,0.0,0.3333333333333333,0.09841500000000002,-1,-1,-1,1.0,1.0,-1.0,0.0,-0.3333333333333333,0.12150000000000001,-1,-1,-1,0.356862745098039,0.694117647058824,0.803921568627451
142.78388857841492,0.0,0.03397275062660049,0.03,1,1,1,0.0,0.3333333333333333,0.09841500000000002,-1,-1,-1,1.0,1.0,-1.0,0.0,-0.3333333333333333,0.12150000000000001,-1,-1,-1,0.356862745098039,0.694117647058824,0.803921568627451
142.81878328323364,0.0,0.031334642666712986,0.03,1,1,1,0.0,0.3333333333333333,0.09841500000000002,-1,-1,-1,1.0,1.0,-1.0,0.0,-0.3333333333333333,0.12150000000000001,-1,-1,-1,0.356862745098039,0.694117647058824,0.803921568627451
142.85355615615845,0.0,0.028696534706825486,0.03,1,1,1,0.0,0.3333333333333333,0.09841500000000002,-1,-1,-1,1.0,1.0,-1.0,0.0,-0.3333333333333333,0.12150000000000001,-1,-1,-1,0.356862745098039,0.694117647058824,0.803921568627451
142.88819408416748,0.0,0.026058426746937983,0.03,1,1,1,0.0,0.3333333333333333,0.09841500000000002,-1,-1,-1,1.0,1.0,-1.0,0.0,-0.3333333333333333,0.12150000000000001,-1,-1,-1,0.356862745098039,0.694117647058824,0.803921568627451
142.9223599433899,0.0,0.021553586621773518,0.03,1,1,1,0.0,0.3333333333333333,0.09841500000000002,-1,-1,-1,1.0,1.0,-1.0,0.0,-0.3333333333333333,0.12150000000000001,-1,-1,-1,0.356862745098039,0.694117647058824,0.803921568627451
142.9573519229889,0.0,0.01580425838642441,0.03,1,1,1,0.0,0.3333333333333333,0.09841500000000002,-1,-1,-1,1.0,1.0,-1.0,0.0,-0.3333333333333333,0.12150000000000001,-1,-1,-1,0.356862745098039,0.694117647058824,0.803921568627451
142.99185943603516,0.0,0.010054930151075305,0.03,1,1,1,0.0,0.3333333333333333,0.09841500000000002,-1,-1,-1,1.0,1.0,-1.0,0.0,-0.3333333333333333,0.12150000000000001,-1,-1,-1,0.356862745098039,0.694117647058824,0.803921568627451
143.02678298950195,0.0,0.0043056019157262015,0.03,1,1,1,0.0,0.3333333333333333,0.09841500000000002,-1,-1,-1,1.0,1.0,-1.0,0.0,-0.3333333333333333,0.12150000000000001,-1,-1,-1,0.356862745098039,0.694117647058824,0.803921568627451
143.06164383888245,0.0,-0.0014437263196229004,0.03,1,1,1,0.0,0.3333333333333333,0.09841500000000002,-1,-1,-1,1.0,1.0,-1.0,0.0,-0.3333333333333333,0.12150000000000001,-1,-1,-1,0.356862745098039,0.694117647058824,0.803921568627451
143.09636282920837,0.0,-0.007193054554972002,0.03,1,1,1,0.0,0.3333333333333333,0.09841500000000002,-1,-1,-1,1.0,1.0,-1.0,0.0,-0.3333333333333333,0.12150000000000001,-1,-1,-1,0.356862745098039,0.694117647058824,0.803921568627451
143.13106322288513,0.0,-0.012942382790321106,0.03,1,1,1,0.0,0.3333333333333333,0.09841500000000002,-1,-1,-1,1.0,1.0,-1.0,0.0,-0.3333333333333333,0.12150000000000001,-1,-1,-1,0.356862745098039,0.694117647058824,0.803921568627451
143.16579174995422,0.0,-0.018691711025670212,0.03,1,1,1,0.0,0.3333333333333333,0.09841500000000002,-1,-1,-1,1.0,1.0,-1.0,0.0,-0.3333333333333333,0.12150000000000001,-1,-1,-1,0.356862745098039,0.694117647058824,0.803921568627451
143.2004039287567,0.0,-0.02444103926101932,0.03,1,1,1,0.0,0.3333333333333333,0.09841500000000002,-1,-1,-1,1.0,1.0,-1.0,0.0,-0.3333333333333333,0.12150000000000001,-1,-1,-1,0.356862745098039,0.694117647058824,0.803921568627451
143.23521971702576,0.0,-0.030190367496368425,0.03,1,1,1,0.0,0.3333333333333333,0.09841500000000002,-1,-1,-1,1.0,1.0,-1.0,0.0,-0.3333333333333333,0.12150000000000001,-1,-1,-1,0.356862745098039,0.694117647058824,0.803921568627451
143.26992893218994,0.0,-0.03593969573171753,0.03,1,1,1,0.0,0.3333333333333333,0.09841500000000002,-1,-1,-1,1.0,1.0,-1.0,0.0,-0.3333333333333333,0.12150000000000001,-1,-1,-1,0.356862745098039,0.694117647058824,0.803921568627451
143.30487751960754,0.0,-0.041689023967066634,0.03,1,1,1,0.0,0.3333333333333333,0.09841500000000002,-1,-1,-1,1.0,1.0,-1.0,0.0,-0.3333333333333333,0.12150000000000001,-1,-1,-1,0.356862745098039,0.694117647058824,0.803921568627451
143.33912563323975,0.0,-0.04743835220241574,0.03,1,1,1,0.0,0.3333333333333333,0.09841500000000002,-1,-1,-1,1.0,1.0,-1.0,0.0,-0.3333333333333333,0.12150000000000001,-1,-1,-1,0.356862745098039,0.694117647058824,0.803921568627451
143.3741581439972,0.0,-0.053187680437764846,0.03,1,1,1,0.0,0.3333333333333333,0.09841500000000002,-1,-1,-1,1.0,1.0,-1.0,0.0,-0.3333333333333333,0.12150000000000001,-1,-1,-1,0.356862745098039,0.694117647058824,0.803921568627451
143.40913319587708,0.0,-0.05893700867311395,0.03,1,1,1,0.0,0.3333333333333333,0.09841500000000002,-1,-1,-1,1.0,1.0,-1.0,0.0,-0.3333333333333333,0.12150000000000001,-1,-1,-1,0.356862745098039,0.694117647058824,0.803921568627451
143.44380855560303,0.0,-0.06468633690846302,0.03,1,1,1,0.0,0.3333333333333333,0.09841500000000002,-1,-1,-1,1.0,1.0,-1.0,0.0,-0.3333333333333333,0.12150000000000001,-1,-1,-1,0.356862745098039,0.694117647058824,0.803921568627451
143.47802186012268,0.0,-0.0704356651438121,0.03,1,1,1,0.0,0.3333333333333333,0.09841500000000002,-1,-1,-1,1.0,1.0,-1.0,0.0,-0.3333333333333333,0.12150000000000001,-1,-1,-1,0.356862745098039,0.694117647058824,0.803921568627451
143.513085603714,0.0,-0.07618499337916117,0.03,1,1,1,0.0,0.3333333333333333,0.09841500000000002,-1,-1,-1,1.0,1.0,-1.0,0.0,-0.3333333333333333,0.12150000000000001,-1,-1,-1,0.356862745098039,0.694117647058824,0.803921568627451
143.54783010482788,0.0,-0.08193432161451024,0.03,1,1,1,0.0,0.3333333333333333,0.09841500000000002,-1,-1,-1,1.0,1.0,-1.0,0.0,-0.3333333333333333,0.12150000000000001,-1,-1,-1,0.356862745098039,0.694117647058824,0.803921568627451
143.58258748054504,0.0,-0.08768364984985931,0.03,1,1,1,0.0,0.3333333333333333,0.09841500000000002,-1,-1,-1,1.0,1.0,-1.0,0.0,-0.3333333333333333,0.12150000000000001,-1,-1,-1,0.356862745098039,0.694117647058824,0.803921568627451
143.61737775802612,0.0,-0.09343297808520838,0.03,1,1,1,0.0,0.3333333333333333,0.09841500000000002,-1,-1,-1,1.0,1.0,-1.0,0.0,-0.3333333333333333,0.12150000000000001,-1,-1,-1,0.356862745098039,0.694117647058824,0.803921568627451
143.6519410610199,0.0,-0.09918230632055745,0.03,1,1,1,0.0,0.3333333333333333,0.09841500000000002,-1,-1,-1,1.0,1.0,-1.0,0.0,-0.3333333333333333,0.12150000000000001,-1,-1,-1,0.356862745098039,0.694117647058824,0.803921568627451
143.68668627738953,0.0,-0.10493163455590652,0.03,1,1,1,0.0,0.3333333333333333,0.09841500000000002,-1,-1,-1,1.0,1.0,-1.0,0.0,-0.3333333333333333,0.12150000000000001,-1,-1,-1,0.356862745098039,0.694117647058824,0.803921568627451
143.72136664390564,0.0,-0.1106809627912556,0.03,1,1,1,0.0,0.3333333333333333,0.09841500000000002,-1,-1,-1,1.0,1.0,-1.0,0.0,-0.3333333333333333,0.12150000000000001,-1,-1,-1,0.356862745098039,0.694117647058824,0.803921568627451
143.75620007514954,0.0,-0.11643029102660467,0.03,1,1,1,0.0,0.3333333333333333,0.09841500000000002,-1,-1,-1,1.0,1.0,-1.0,0.0,-0.3333333333333333,0.12150000000000001,-1,-1,-1,0.356862745098039,0.694117647058824,0.803921568627451
143.79076266288757,0.0,-0.12217961926195375,0.03,1,1,1,0.0,0.3333333333333333,0.09841500000000002,-1,-1,-1,1.0,1.0,-1.0,0.0,-0.3333333333333333,0.12150000000000001,-1,-1,-1,0.356862745098039,0.694117647058824,0.803921568627451
143.82556772232056,0.0,-0.12792894749730283,0.03,1,1,1,0.0,0.3333333333333333,0.09841500000000002,-1,-1,-1,1.0,1.0,-1.0,0.0,-0.3333333333333333,0.12150000000000001,-1,-1,-1,0.356862745098039,0.694117647058824,0.803921568627451
143.86024928092957,0.0,-0.1336782757326519,0.03,1,1,1,0.0,0.3333333333333333,0.09841500000000002,-1,-1,-1,1.0,1.0,-1.0,0.0,-0.3333333333333333,0.12150000000000001,-1,-1,-1,0.356862745098039,0.694117647058824,0.803921568627451
143.89492964744568,0.0,-0.13942760396800097,0.03,1,1,1,0.0,0.3333333333333333,0.09841500000000002,-1,-1,-1,1.0,1.0,-1.0,0.0,-0.3333333333333333,0.12150000000000001,-1,-1,-1,0.356862745098039,0.694117647058824,0.803921568627451
143.9297058582306,0.0,-0.14517693220335004,0.03,1,1,1,0.0,0.3333333333333333,0.09841500000000002,-1,-1,-1,1.0,1.0,-1.0,0.0,-0.3333333333333333,0.12150000000000001,-1,-1,-1,0.356862745098039,0.694117647058824,0.803921568627451
143.9644010066986,0.0,-0.1509262604386991,0.03,1,1,1,0.0,0.3333333333333333,0.09841500000000002,-1,-1,-1,1.0,1.0,-1.0,0.0,-0.3333333333333333,0.12150000000000001,-1,-1,-1,0.356862745098039,0.694117647058824,0.803921568627451
143.99892139434814,0.0,-0.15667558867404818,0.03,1,1,1,0.0,0.3333333333333333,0.09841500000000002,-1,-1,-1,1.0,1.0,-1.0,0.0,-0.3333333333333333,0.12150000000000001,-1,-1,-1,0.356862745098039,0.694117647058824,0.803921568627451
144.03399538993835,0.0,-0.16242491690939725,0.03,1,1,1,0.0,0.3333333333333333,0.09841500000000002,-1,-1,-1,1.0,1.0,-1.0,0.0,-0.3333333333333333,0.12150000000000001,-1,-1,-1,0.356862745098039,0.694117647058824,0.803921568627451
144.06870818138123,0.0,-0.16817424514474633,0.03,1,1,1,0.0,0.3333333333333333,0.09841500000000002,-1,-1,-1,1.0,1.0,-1.0,0.0,-0.3333333333333333,0.12150000000000001,-1,-1,-1,0.356862745098039,0.694117647058824,0.803921568627451
144.10355758666992,0.0,-0.1739235733800954,0.03,1,1,1,0.0,0.3333333333333333,0.09841500000000002,-1,-1,-1,1.0,1.0,-1.0,0.0,-0.3333333333333333,0.12150000000000001,-1,-1,-1,0.356862745098039,0.694117647058824,0.803921568627451
144.13834381103516,0.0,-0.17505293082194082,0.03,1,1,1,0.0,0.3333333333333333,0.09841500000000002,-1,-1,-1,1.0,1.0,-1.0,0.0,-0.3333333333333333,0.12150000000000001,-1,-1,-1,0.356862745098039,0.694117647058824,0.803921568627451
144.17300581932068,0.0,-0.17618228826378624,0.03,1,1,1,0.0,0.3333333333333333,0.09841500000000002,-1,-1,-1,1.0,1.0,-1.0,0.0,-0.3333333333333333,0.12150000000000001,-1,-1,-1,0.356862745098039,0.694117647058824,0.803921568627451
144.2075698375702,0.0,-0.17731164570563165,0.03,1,1,1,0.0,0.3333333333333333,0.09841500000000002,-1,-1,-1,1.0,1.0,-1.0,0.0,-0.3333333333333333,0.12150000000000001,-1,-1,-1,0.356862745098039,0.694117647058824,0.803921568627451
144.24231672286987,0.0,-0.17844100314747707,0.03,1,1,1,0.0,0.3333333333333333,0.09841500000000002,-1,-1,-1,1.0,1.0,-1.0,0.0,-0.3333333333333333,0.12150000000000001,-1,-1,-1,0.356862745098039,0.694117647058824,0.803921568627451
144.27705574035645,0.0,-0.1795703605893225,0.03,1,1,1,0.0,0.3333333333333333,0.09841500000000002,-1,-1,-1,1.0,1.0,-1.0,0.0,-0.3333333333333333,0.12150000000000001,-1,-1,-1,0.356862745098039,0.694117647058824,0.803921568627451
144.3111855983734,0.0,-0.1806997180311679,0.03,1,1,1,0.0,0.3333333333333333,0.09841500000000002,-1,-1,-1,1.0,1.0,-1.0,0.0,-0.3333333333333333,0.12150000000000001,-1,-1,-1,0.356862745098039,0.694117647058824,0.803921568627451
144.34605050086975,0.0,-0.18182907547301333,0.03,1,1,1,0.0,0.3333333333333333,0.09841500000000002,-1,-1,-1,1.0,1.0,-1.0,0.0,-0.3333333333333333,0.12150000000000001,-1,-1,-1,0.356862745098039,0.694117647058824,0.803921568627451
144.3806667327881,0.0,-0.18295843291485875,0.03,1,1,1,0.0,0.3333333333333333,0.09841500000000002,-1,-1,-1,1.0,1.0,-1.0,0.0,-0.3333333333333333,0.12150000000000001,-1,-1,-1,0.356862745098039,0.694117647058824,0.803921568627451
144.41593289375305,0.0,-0.18408779035670417,0.03,1,1,1,0.0,0.3333333333333333,0.09841500000000002,-1,-1,-1,1.0,1.0,-1.0,0.0,-0.3333333333333333,0.12150000000000001,-1,-1,-1,0.356862745098039,0.694117647058824,0.803921568627451
144.4500434398651,0.0,-0.1852171477985496,0.03,1,1,1,0.0,0.3333333333333333,0.09841500000000002,-1,-1,-1,1.0,1.0,-1.0,0.0,-0.3333333333333333,0.12150000000000001,-1,-1,-1,0.356862745098039,0.694117647058824,0.803921568627451
144.48488187789917,0.0,-0.186346505240395,0.03,1,1,1,0.0,0.3333333333333333,0.09841500000000002,-1,-1,-1,1.0,1.0,-1.0,0.0,-0.3333333333333333,0.12150000000000001,-1,-1,-1,0.356862745098039,0.694117647058824,0.803921568627451
144.51967763900757,0.0,-0.18747586268224042,0.03,1,1,1,0.0,0.3333333333333333,0.09841500000000002,-1,-1,-1,1.0,1.0,-1.0,0.0,-0.3333333333333333,0.12150000000000001,-1,-1,-1,0.356862745098039,0.694117647058824,0.803921568627451
144.55433011054993,0.0,-0.18860522012408584,0.03,1,1,1,0.0,0.3333333333333333,0.09841500000000002,-1,-1,-1,1.0,1.0,-1.0,0.0,-0.3333333333333333,0.12150000000000001,-1,-1,-1,0.356862745098039,0.694117647058824,0.803921568627451
144.58904671669006,0.0,-0.18973457756593126,0.03,1,1,1,0.0,0.3333333333333333,0.09841500000000002,-1,-1,-1,1.0,1.0,-1.0,0.0,-0.3333333333333333,0.12150000000000001,-1,-1,-1,0.356862745098039,0.694117647058824,0.803921568627451
144.62378311157227,0.0,-0.19086393500777668,0.03,1,1,1,0.0,0.3333333333333333,0.09841500000000002,-1,-1,-1,1.0,1.0,-1.0,0.0,-0.3333333333333333,0.12150000000000001,-1,-1,-1,0.356862745098039,0.694117647058824,0.803921568627451
144.6578347682953,0.0,-0.1919932924496221,0.03,1,1,1,0.0,0.3333333333333333,0.09841500000000002,-1,-1,-1,1.0,1.0,-1.0,0.0,-0.3333333333333333,0.12150000000000001,-1,-1,-1,0.356862745098039,0.694117647058824,0.803921568627451
144.69347953796387,0.0,-0.19312264989146752,0.03,1,1,1,0.0,0.3333333333333333,0.09841500000000002,-1,-1,-1,1.0,1.0,-1.0,0.0,-0.3333333333333333,0.12150000000000001,-1,-1,-1,0.356862745098039,0.694117647058824,0.803921568627451
144.72798991203308,0.0,-0.19425200733331294,0.03,1,1,1,0.0,0.3333333333333333,0.09841500000000002,-1,-1,-1,1.0,1.0,-1.0,0.0,-0.3333333333333333,0.12150000000000001,-1,-1,-1,0.356862745098039,0.694117647058824,0.803921568627451
144.76283025741577,0.0,-0.19538136477515836,0.03,1,1,1,0.0,0.3333333333333333,0.09841500000000002,-1,-1,-1,1.0,1.0,-1.0,0.0,-0.3333333333333333,0.12150000000000001,-1,-1,-1,0.356862745098039,0.694117647058824,0.803921568627451
144.79944777488708,0.0,-0.19651072221700377,0.03,1,1,1,0.0,0.3333333333333333,0.09841500000000002,-1,-1,-1,1.0,1.0,-1.0,0.0,-0.3333333333333333,0.12150000000000001,-1,-1,-1,0.356862745098039,0.694117647058824,0.803921568627451
144.83247685432434,0.0,-0.1976400796588492,0.03,1,1,1,0.0,0.3333333333333333,0.09841500000000002,-1,-1,-1,1.0,1.0,-1.0,0.0,-0.3333333333333333,0.12150000000000001,-1,-1,-1,0.356862745098039,0.694117647058824,0.803921568627451
144.8667709827423,0.0,-0.1987694371006946,0.03,1,1,1,0.0,0.3333333333333333,0.09841500000000002,-1,-1,-1,1.0,1.0,-1.0,0.0,-0.3333333333333333,0.12150000000000001,-1,-1,-1,0.356862745098039,0.694117647058824,0.803921568627451
144.90151405334473,0.0,-0.19989879454254003,0.03,1,1,1,0.0,0.3333333333333333,0.09841500000000002,-1,-1,-1,1.0,1.0,-1.0,0.0,-0.3333333333333333,0.12150000000000001,-1,-1,-1,0.356862745098039,0.694117647058824,0.803921568627451
144.93621683120728,0.0,-0.20102815198438545,0.03,1,1,1,0.0,0.3333333333333333,0.09841500000000002,-1,-1,-1,1.0,1.0,-1.0,0.0,-0.3333333333333333,0.12150000000000001,-1,-1,-1,0.356862745098039,0.694117647058824,0.803921568627451
144.97098445892334,0.0,-0.20215750942623087,0.03,1,1,1,0.0,0.3333333333333333,0.09841500000000002,-1,-1,-1,1.0,1.0,-1.0,0.0,-0.3333333333333333,0.12150000000000001,-1,-1,-1,0.356862745098039,0.694117647058824,0.803921568627451
145.00581216812134,0.0,-0.2032868668680763,0.03,1,1,1,0.0,0.3333333333333333,0.09841500000000002,-1,-1,-1,1.0,1.0,-1.0,0.0,-0.3333333333333333,0.12150000000000001,-1,-1,-1,0.356862745098039,0.694117647058824,0.803921568627451
145.04060101509094,0.0,-0.2044162243099217,0.03,1,1,1,0.0,0.3333333333333333,0.09841500000000002,-1,-1,-1,1.0,1.0,-1.0,0.0,-0.3333333333333333,0.12150000000000001,-1,-1,-1,0.356862745098039,0.694117647058824,0.803921568627451
145.07530093193054,0.0,-0.20554558175176713,0.03,1,1,1,0.0,0.3333333333333333,0.09841500000000002,-1,-1,-1,1.0,1.0,-1.0,0.0,-0.3333333333333333,0.12150000000000001,-1,-1,-1,0.356862745098039,0.694117647058824,0.803921568627451
145.1099672317505,0.0,-0.20667493919361254,0.03,1,1,1,0.0,0.3333333333333333,0.09841500000000002,-1,-1,-1,1.0,1.0,-1.0,0.0,-0.3333333333333333,0.12150000000000001,-1,-1,-1,0.356862745098039,0.694117647058824,0.803921568627451
145.14501690864563,0.0,-0.20780429663545796,0.03,1,1,1,0.0,0.3333333333333333,0.09841500000000002,-1,-1,-1,1.0,1.0,-1.0,0.0,-0.3333333333333333,0.12150000000000001,-1,-1,-1,0.356862745098039,0.694117647058824,0.803921568627451
145.17977499961853,0.0,-0.20893365407730338,0.03,1,1,1,0.0,0.3333333333333333,0.09841500000000002,-1,-1,-1,1.0,1.0,-1.0,0.0,-0.3333333333333333,0.12150000000000001,-1,-1,-1,0.356862745098039,0.694117647058824,0.803921568627451
145.21393632888794,0.0,-0.2100630115191488,0.03,1,1,1,0.0,0.3333333333333333,0.09841500000000002,-1,-1,-1,1.0,1.0,-1.0,0.0,-0.3333333333333333,0.12150000000000001,-1,-1,-1,0.356862745098039,0.694117647058824,0.803921568627451
145.24923968315125,0.0,-0.21119236896099422,0.03,1,1,1,0.0,0.3333333333333333,0.09841500000000002,-1,-1,-1,1.0,1.0,-1.0,0.0,-0.3333333333333333,0.12150000000000001,-1,-1,-1,0.356862745098039,0.694117647058824,0.803921568627451
145.283935546875,0.0,-0.21232172640283964,0.03,1,1,1,0.0,0.3333333333333333,0.09841500000000002,-1,-1,-1,1.0,1.0,-1.0,0.0,-0.3333333333333333,0.12150000000000001,-1,-1,-1,0.356862745098039,0.694117647058824,0.803921568627451
145.31808304786682,0.0,-0.21222876606089927,0.03,1,1,1,0.0,0.3333333333333333,0.09841500000000002,-1,-1,-1,1.0,1.0,-1.0,0.0,-0.3333333333333333,0.12150000000000001,-1,-1,-1,0.356862745098039,0.694117647058824,0.803921568627451
145.35331988334656,0.0,-0.21030232904328022,0.03,1,1,1,0.0,0.3333333333333333,0.09841500000000002,-1,-1,-1,1.0,1.0,-1.0,0.0,-0.3333333333333333,0.12150000000000001,-1,-1,-1,0.356862745098039,0.694117647058824,0.803921568627451
145.38819932937622,0.0,-0.20837589202566117,0.03,1,1,1,0.0,0.3333333333333333,0.09841500000000002,-1,-1,-1,1.0,1.0,-1.0,0.0,-0.3333333333333333,0.12150000000000001,-1,-1,-1,0.356862745098039,0.694117647058824,0.803921568627451
145.42264604568481,0.0,-0.20644945500804213,0.03,1,1,1,0.0,0.3333333333333333,0.09841500000000002,-1,-1,-1,1.0,1.0,-1.0,0.0,-0.3333333333333333,0.12150000000000001,-1,-1,-1,0.356862745098039,0.694117647058824,0.803921568627451
145.45775628089905,0.0,-0.20452301799042308,0.03,1,1,1,0.0,0.3333333333333333,0.09841500000000002,-1,-1,-1,1.0,1.0,-1.0,0.0,-0.3333333333333333,0.12150000000000001,-1,-1,-1,0.356862745098039,0.694117647058824,0.803921568627451
145.4923014640808,0.0,-0.20259658097280403,0.03,1,1,1,0.0,0.3333333333333333,0.09841500000000002,-1,-1,-1,1.0,1.0,-1.0,0.0,-0.3333333333333333,0.12150000000000001,-1,-1,-1,0.356862745098039,0.694117647058824,0.803921568627451
145.52720713615417,0.0,-0.20067014395518498,0.03,1,1,1,0.0,0.3333333333333333,0.09841500000000002,-1,-1,-1,1.0,1.0,-1.0,0.0,-0.3333333333333333,0.12150000000000001,-1,-1,-1,0.356862745098039,0.694117647058824,0.803921568627451
145.561776638031,0.0,-0.19874370693756593,0.03,1,1,1,0.0,0.3333333333333333,0.09841500000000002,-1,-1,-1,1.0,1.0,-1.0,0.0,-0.3333333333333333,0.12150000000000001,-1,-1,-1,0.356862745098039,0.694117647058824,0.803921568627451
145.59648776054382,0.0,-0.19681726991994689,0.03,1,1,1,0.0,0.3333333333333333,0.09841500000000002,-1,-1,-1,1.0,1.0,-1.0,0.0,-0.3333333333333333,0.12150000000000001,-1,-1,-1,0.356862745098039,0.694117647058824,0.803921568627451
145.6314046382904,0.0,-0.19489083290232784,0.03,1,1,1,0.0,0.3333333333333333,0.09841500000000002,-1,-1,-1,1.0,1.0,-1.0,0.0,-0.3333333333333333,0.12150000000000001,-1,-1,-1,0.356862745098039,0.694117647058824,0.803921568627451
145.66595602035522,0.0,-0.1929643958847088,0.03,1,1,1,0.0,0.3333333333333333,0.09841500000000002,-1,-1,-1,1.0,1.0,-1.0,0.0,-0.3333333333333333,0.12150000000000001,-1,-1,-1,0.356862745098039,0.694117647058824,0.803921568627451
145.70071506500244,0.0,-0.19103795886708974,0.03,1,1,1,0.0,0.3333333333333333,0.09841500000000002,-1,-1,-1,1.0,1.0,-1.0,0.0,-0.3333333333333333,0.12150000000000001,-1,-1,-1,0.356862745098039,0.694117647058824,0.803921568627451
145.73534107208252,0.0,-0.1891115218494707,0.03,1,1,1,0.0,0.3333333333333333,0.09841500000000002,-1,-1,-1,1.0,1.0,-1.0,0.0,-0.3333333333333333,0.12150000000000001,-1,-1,-1,0.356862745098039,0.694117647058824,0.803921568627451
145.76993012428284,0.0,-0.18718508483185164,0.03,1,1,1,0.0,0.3333333333333333,0.09841500000000002,-1,-1,-1,1.0,1.0,-1.0,0.0,-0.3333333333333333,0.12150000000000001,-1,-1,-1,0.356862745098039,0.694117647058824,0.803921568627451
145.8041136264801,0.0,-0.1852586478142326,0.03,1,1,1,0.0,0.3333333333333333,0.09841500000000002,-1,-1,-1,1.0,1.0,-1.0,0.0,-0.3333333333333333,0.12150000000000001,-1,-1,-1,0.356862745098039,0.694117647058824,0.803921568627451
145.83922147750854,0.0,-0.18333221079661355,0.03,1,1,1,0.0,0.3333333333333333,0.09841500000000002,-1,-1,-1,1.0,1.0,-1.0,0.0,-0.3333333333333333,0.12150000000000001,-1,-1,-1,0.356862745098039,0.694117647058824,0.803921568627451
145.87395405769348,0.0,-0.1814057737789945,0.03,1,1,1,0.0,0.3333333333333333,0.09841500000000002,-1,-1,-1,1.0,1.0,-1.0,0.0,-0.3333333333333333,0.12150000000000001,-1,-1,-1,0.356862745098039,0.694117647058824,0.803921568627451
145.90879368782043,0.0,-0.17947933676137545,0.03,1,1,1,0.0,0.3333333333333333,0.09841500000000002,-1,-1,-1,1.0,1.0,-1.0,0.0,-0.3333333333333333,0.12150000000000001,-1,-1,-1,0.356862745098039,0.694117647058824,0.803921568627451
145.94342970848083,0.0,-0.1775528997437564,0.03,1,1,1,0.0,0.3333333333333333,0.09841500000000002,-1,-1,-1,1.0,1.0,-1.0,0.0,-0.3333333333333333,0.12150000000000001,-1,-1,-1,0.356862745098039,0.694117647058824,0.803921568627451
145.97828602790833,0.0,-0.17562646272613736,0.03,1,1,1,0.0,0.3333333333333333,0.09841500000000002,-1,-1,-1,1.0,1.0,-1.0,0.0,-0.3333333333333333,0.12150000000000001,-1,-1,-1,0.356862745098039,0.694117647058824,0.803921568627451
146.01306819915771,0.0,-0.1737000257085183,0.03,1,1,1,0.0,0.3333333333333333,0.09841500000000002,-1,-1,-1,1.0,1.0,-1.0,0.0,-0.3333333333333333,0.12150000000000001,-1,-1,-1,0.356862745098039,0.694117647058824,0.803921568627451
146.04775190353394,0.0,-0.17177358869089926,0.03,1,1,1,0.0,0.3333333333333333,0.09841500000000002,-1,-1,-1,1.0,1.0,-1.0,0.0,-0.3333333333333333,0.12150000000000001,-1,-1,-1,0.356862745098039,0.694117647058824,0.803921568627451
146.08264875411987,0.0,-0.1698471516732802,0.03,1,1,1,0.0,0.3333333333333333,0.09841500000000002,-1,-1,-1,1.0,1.0,-1.0,0.0,-0.3333333333333333,0.12150000000000001,-1,-1,-1,0.356862745098039,0.694117647058824,0.803921568627451
146.11732983589172,0.0,-0.16792071465566116,0.03,1,1,1,0.0,0.3333333333333333,0.09841500000000002,-1,-1,-1,1.0,1.0,-1.0,0.0,-0.3333333333333333,0.12150000000000001,-1,-1,-1,0.356862745098039,0.694117647058824,0.803921568627451
146.15199780464172,0.0,-0.16599427763804211,0.03,1,1,1,0.0,0.3333333333333333,0.09841500000000002,-1,-1,-1,1.0,1.0,-1.0,0.0,-0.3333333333333333,0.12150000000000001,-1,-1,-1,0.356862745098039,0.694117647058824,0.803921568627451
146.18678736686707,0.0,-0.16406784062042307,0.03,1,1,1,0.0,0.3333333333333333,0.09841500000000002,-1,-1,-1,1.0,1.0,-1.0,0.0,-0.3333333333333333,0.12150000000000001,-1,-1,-1,0.356862745098039,0.694117647058824,0.803921568627451
146.22129917144775,0.0,-0.16214140360280402,0.03,1,1,1,0.0,0.3333333333333333,0.09841500000000002,-1,-1,-1,1.0,1.0,-1.0,0.0,-0.3333333333333333,0.12150000000000001,-1,-1,-1,0.356862745098039,0.694117647058824,0.803921568627451
146.25608777999878,0.0,-0.16021496658518497,0.03,1,1,1,0.0,0.3333333333333333,0.09841500000000002,-1,-1,-1,1.0,1.0,-1.0,0.0,-0.3333333333333333,0.12150000000000001,-1,-1,-1,0.356862745098039,0.694117647058824,0.803921568627451
146.29066014289856,0.0,-0.15828852956756592,0.03,1,1,1,0.0,0.3333333333333333,0.09841500000000002,-1,-1,-1,1.0,1.0,-1.0,0.0,-0.3333333333333333,0.12150000000000001,-1,-1,-1,0.356862745098039,0.694117647058824,0.803921568627451
146.3254418373108,0.0,-0.15636209254994687,0.03,1,1,1,0.0,0.3333333333333333,0.09841500000000002,-1,-1,-1,1.0,1.0,-1.0,0.0,-0.3333333333333333,0.12150000000000001,-1,-1,-1,0.356862745098039,0.694117647058824,0.803921568627451
146.36022424697876,0.0,-0.15443565553232783,0.03,1,1,1,0.0,0.3333333333333333,0.09841500000000002,-1,-1,-1,1.0,1.0,-1.0,0.0,-0.3333333333333333,0.12150000000000001,-1,-1,-1,0.356862745098039,0.694117647058824,0.803921568627451
146.39491987228394,0.0,-0.15250921851470878,0.03,1,1,1,0.0,0.3333333333333333,0.09841500000000002,-1,-1,-1,1.0,1.0,-1.0,0.0,-0.3333333333333333,0.12150000000000001,-1,-1,-1,0.356862745098039,0.694117647058824,0.803921568627451
146.42967128753662,0.0,-0.15058278149708973,0.03,1,1,1,0.0,0.3333333333333333,0.09841500000000002,-1,-1,-1,1.0,1.0,-1.0,0.0,-0.3333333333333333,0.12150000000000001,-1,-1,-1,0.356862745098039,0.694117647058824,0.803921568627451
146.46392703056335,0.0,-0.14865634447947068,0.03,1,1,1,0.0,0.3333333333333333,0.09841500000000002,-1,-1,-1,1.0,1.0,-1.0,0.0,-0.3333333333333333,0.12150000000000001,-1,-1,-1,0.356862745098039,0.694117647058824,0.803921568627451
146.4991328716278,0.0,-0.14672990746185163,0.03,1,1,1,0.0,0.3333333333333333,0.09841500000000002,-1,-1,-1,1.0,1.0,-1.0,0.0,-0.3333333333333333,0.12150000000000001,-1,-1,-1,0.356862745098039,0.694117647058824,0.803921568627451
146.5337851047516,0.0,-0.14442861783504202,0.03,1,1,1,0.0,0.3333333333333333,0.09841500000000002,-1,-1,-1,1.0,1.0,-1.0,0.0,-0.3333333333333333,0.12150000000000001,-1,-1,-1,0.356862745098039,0.694117647058824,0.803921568627451
146.5686776638031,0.0,-0.14203361505593476,0.03,1,1,1,0.0,0.3333333333333333,0.09841500000000002,-1,-1,-1,1.0,1.0,-1.0,0.0,-0.3333333333333333,0.12150000000000001,-1,-1,-1,0.356862745098039,0.694117647058824,0.803921568627451
146.60333681106567,0.0,-0.1396386122768275,0.03,1,1,1,0.0,0.3333333333333333,0.09841500000000002,-1,-1,-1,1.0,1.0,-1.0,0.0,-0.3333333333333333,0.12150000000000001,-1,-1,-1,0.356862745098039,0.694117647058824,0.803921568627451
146.63799595832825,0.0,-0.13724360949772024,0.03,1,1,1,0.0,0.3333333333333333,0.09841500000000002,-1,-1,-1,1.0,1.0,-1.0,0.0,-0.3333333333333333,0.12150000000000001,-1,-1,-1,0.356862745098039,0.694117647058824,0.803921568627451
146.67289876937866,0.0,-0.13484860671861298,0.03,1,1,1,0.0,0.3333333333333333,0.09841500000000002,-1,-1,-1,1.0,1.0,-1.0,0.0,-0.3333333333333333,0.12150000000000001,-1,-1,-1,0.356862745098039,0.694117647058824,0.803921568627451
146.70748782157898,0.0,-0.13245360393950573,0.03,1,1,1,0.0,0.3333333333333333,0.09841500000000002,-1,-1,-1,1.0,1.0,-1.0,0.0,-0.3333333333333333,0.12150000000000001,-1,-1,-1,0.356862745098039,0.694117647058824,0.803921568627451
146.7423117160797,0.0,-0.13005860116039847,0.03,1,1,1,0.0,0.3333333333333333,0.09841500000000002,-1,-1,-1,1.0,1.0,-1.0,0.0,-0.3333333333333333,0.12150000000000001,-1,-1,-1,0.356862745098039,0.694117647058824,0.803921568627451
146.77720499038696,0.0,-0.1276635983812912,0.03,1,1,1,0.0,0.3333333333333333,0.09841500000000002,-1,-1,-1,1.0,1.0,-1.0,0.0,-0.3333333333333333,0.12150000000000001,-1,-1,-1,0.356862745098039,0.694117647058824,0.803921568627451
146.8119125366211,0.0,-0.12526859560218395,0.03,1,1,1,0.0,0.3333333333333333,0.09841500000000002,-1,-1,-1,1.0,1.0,-1.0,0.0,-0.3333333333333333,0.12150000000000001,-1,-1,-1,0.356862745098039,0.694117647058824,0.803921568627451
146.84632968902588,0.0,-0.12287359282307667,0.03,1,1,1,0.0,0.3333333333333333,0.09841500000000002,-1,-1,-1,1.0,1.0,-1.0,0.0,-0.3333333333333333,0.12150000000000001,-1,-1,-1,0.356862745098039,0.694117647058824,0.803921568627451
146.88136887550354,0.0,-0.12047859004396937,0.03,1,1,1,0.0,0.3333333333333333,0.09841500000000002,-1,-1,-1,1.0,1.0,-1.0,0.0,-0.3333333333333333,0.12150000000000001,-1,-1,-1,0.356862745098039,0.694117647058824,0.803921568627451
146.91602182388306,0.0,-0.11808358726486212,0.03,1,1,1,0.0,0.3333333333333333,0.09841500000000002,-1,-1,-1,1.0,1.0,-1.0,0.0,-0.3333333333333333,0.12150000000000001,-1,-1,-1,0.356862745098039,0.694117647058824,0.803921568627451
146.95071482658386,0.0,-0.11568858448575486,0.03,1,1,1,0.0,0.3333333333333333,0.09841500000000002,-1,-1,-1,1.0,1.0,-1.0,0.0,-0.3333333333333333,0.12150000000000001,-1,-1,-1,0.356862745098039,0.694117647058824,0.803921568627451
146.98487377166748,0.0,-0.1132935817066476,0.03,1,1,1,0.0,0.3333333333333333,0.09841500000000002,-1,-1,-1,1.0,1.0,-1.0,0.0,-0.3333333333333333,0.12150000000000001,-1,-1,-1,0.356862745098039,0.694117647058824,0.803921568627451
147.02013993263245,0.0,-0.11089857892754035,0.03,1,1,1,0.0,0.3333333333333333,0.09841500000000002,-1,-1,-1,1.0,1.0,-1.0,0.0,-0.3333333333333333,0.12150000000000001,-1,-1,-1,0.356862745098039,0.694117647058824,0.803921568627451
147.05486154556274,0.0,-0.10850357614843309,0.03,1,1,1,0.0,0.3333333333333333,0.09841500000000002,-1,-1,-1,1.0,1.0,-1.0,0.0,-0.3333333333333333,0.12150000000000001,-1,-1,-1,0.356862745098039,0.694117647058824,0.803921568627451
147.08913898468018,0.0,-0.10610857336932583,0.03,1,1,1,0.0,0.3333333333333333,0.09841500000000002,-1,-1,-1,1.0,1.0,-1.0,0.0,-0.3333333333333333,0.12150000000000001,-1,-1,-1,0.356862745098039,0.694117647058824,0.803921568627451
147.1238751411438,0.0,-0.10371357059021857,0.03,1,1,1,0.0,0.3333333333333333,0.09841500000000002,-1,-1,-1,1.0,1.0,-1.0,0.0,-0.3333333333333333,0.12150000000000001,-1,-1,-1,0.356862745098039,0.694117647058824,0.803921568627451
147.15853095054626,0.0,-0.10131856781111132,0.03,1,1,1,0.0,0.3333333333333333,0.09841500000000002,-1,-1,-1,1.0,1.0,-1.0,0.0,-0.3333333333333333,0.12150000000000001,-1,-1,-1,0.356862745098039,0.694117647058824,0.803921568627451
147.1938304901123,0.0,-0.09892356503200406,0.03,1,1,1,0.0,0.3333333333333333,0.09841500000000002,-1,-1,-1,1.0,1.0,-1.0,0.0,-0.3333333333333333,0.12150000000000001,-1,-1,-1,0.356862745098039,0.694117647058824,0.803921568627451
147.2285430431366,0.0,-0.0965285622528968,0.03,1,1,1,0.0,0.3333333333333333,0.09841500000000002,-1,-1,-1,1.0,1.0,-1.0,0.0,-0.3333333333333333,0.12150000000000001,-1,-1,-1,0.356862745098039,0.694117647058824,0.803921568627451
147.26325488090515,0.0,-0.09413355947378954,0.03,1,1,1,0.0,0.3333333333333333,0.09841500000000002,-1,-1,-1,1.0,1.0,-1.0,0.0,-0.3333333333333333,0.12150000000000001,-1,-1,-1,0.356862745098039,0.694117647058824,0.803921568627451
147.2978072166443,0.0,-0.09173855669468228,0.03,1,1,1,0.0,0.3333333333333333,0.09841500000000002,-1,-1,-1,1.0,1.0,-1.0,0.0,-0.3333333333333333,0.12150000000000001,-1,-1,-1,0.356862745098039,0.694117647058824,0.803921568627451
147.33281540870667,0.0,-0.08934355391557502,0.03,1,1,1,0.0,0.3333333333333333,0.09841500000000002,-1,-1,-1,1.0,1.0,-1.0,0.0,-0.3333333333333333,0.12150000000000001,-1,-1,-1,0.356862745098039,0.694117647058824,0.803921568627451
147.3673713207245,0.0,-0.08694855113646777,0.03,1,1,1,0.0,0.3333333333333333,0.09841500000000002,-1,-1,-1,1.0,1.0,-1.0,0.0,-0.3333333333333333,0.12150000000000001,-1,-1,-1,0.356862745098039,0.694117647058824,0.803921568627451
147.40196418762207,0.0,-0.08455354835736051,0.03,1,1,1,0.0,0.3333333333333333,0.09841500000000002,-1,-1,-1,1.0,1.0,-1.0,0.0,-0.3333333333333333,0.12150000000000001,-1,-1,-1,0.356862745098039,0.694117647058824,0.803921568627451
147.43661332130432,0.0,-0.08215854557825325,0.03,1,1,1,0.0,0.3333333333333333,0.09841500000000002,-1,-1,-1,1.0,1.0,-1.0,0.0,-0.3333333333333333,0.12150000000000001,-1,-1,-1,0.356862745098039,0.694117647058824,0.803921568627451
147.4714114665985,0.0,-0.07976354279914599,0.03,1,1,1,0.0,0.3333333333333333,0.09841500000000002,-1,-1,-1,1.0,1.0,-1.0,0.0,-0.3333333333333333,0.12150000000000001,-1,-1,-1,0.356862745098039,0.694117647058824,0.803921568627451
147.50613498687744,0.0,-0.07736854002003873,0.03,1,1,1,0.0,0.3333333333333333,0.09841500000000002,-1,-1,-1,1.0,1.0,-1.0,0.0,-0.3333333333333333,0.12150000000000001,-1,-1,-1,0.356862745098039,0.694117647058824,0.803921568627451
147.54076981544495,0.0,-0.07497353724093148,0.03,1,1,1,0.0,0.3333333333333333,0.09841500000000002,-1,-1,-1,1.0,1.0,-1.0,0.0,-0.3333333333333333,0.12150000000000001,-1,-1,-1,0.356862745098039,0.694117647058824,0.803921568627451
147.57534790039062,0.0,-0.07257853446182422,0.03,1,1,1,0.0,0.3333333333333333,0.09841500000000002,-1,-1,-1,1.0,1.0,-1.0,0.0,-0.3333333333333333,0.12150000000000001,-1,-1,-1,0.356862745098039,0.694117647058824,0.803921568627451
147.60982131958008,0.0,-0.07018353168271696,0.03,1,1,1,0.0,0.3333333333333333,0.09841500000000002,-1,-1,-1,1.0,1.0,-1.0,0.0,-0.3333333333333333,0.12150000000000001,-1,-1,-1,0.356862745098039,0.694117647058824,0.803921568627451
147.64499640464783,0.0,-0.0677885289036097,0.03,1,1,1,0.0,0.3333333333333333,0.09841500000000002,-1,-1,-1,1.0,1.0,-1.0,0.0,-0.3333333333333333,0.12150000000000001,-1,-1,-1,0.356862745098039,0.694117647058824,0.803921568627451
147.67974185943604,0.0,-0.06539352612450244,0.03,1,1,1,0.0,0.3333333333333333,0.09841500000000002,-1,-1,-1,1.0,1.0,-1.0,0.0,-0.3333333333333333,0.12150000000000001,-1,-1,-1,0.356862745098039,0.694117647058824,0.803921568627451
147.71414017677307,0.0,-0.0634209048948825,0.03,1,1,1,0.0,0.3333333333333333,0.09841500000000002,-1,-1,-1,1.0,1.0,-1.0,0.0,-0.3333333333333333,0.12150000000000001,-1,-1,-1,0.356862745098039,0.694117647058824,0.803921568627451
147.7487587928772,0.0,-0.06313780986321182,0.03,1,1,1,0.0,0.3333333333333333,0.09841500000000002,-1,-1,-1,1.0,1.0,-1.0,0.0,-0.3333333333333333,0.12150000000000001,-1,-1,-1,0.356862745098039,0.694117647058824,0.803921568627451
147.78360509872437,0.0,-0.06285471483154115,0.03,1,1,1,0.0,0.3333333333333333,0.09841500000000002,-1,-1,-1,1.0,1.0,-1.0,0.0,-0.3333333333333333,0.12150000000000001,-1,-1,-1,0.356862745098039,0.694117647058824,0.803921568627451
147.81875276565552,0.0,-0.06257161979987047,0.03,1,1,1,0.0,0.3333333333333333,0.09841500000000002,-1,-1,-1,1.0,1.0,-1.0,0.0,-0.3333333333333333,0.12150000000000001,-1,-1,-1,0.356862745098039,0.694117647058824,0.803921568627451
147.8527958393097,0.0,-0.06228852476819979,0.03,1,1,1,0.0,0.3333333333333333,0.09841500000000002,-1,-1,-1,1.0,1.0,-1.0,0.0,-0.3333333333333333,0.12150000000000001,-1,-1,-1,0.356862745098039,0.694117647058824,0.803921568627451
147.88818955421448,0.0,-0.06200542973652911,0.03,1,1,1,0.0,0.3333333333333333,0.09841500000000002,-1,-1,-1,1.0,1.0,-1.0,0.0,-0.3333333333333333,0.12150000000000001,-1,-1,-1,0.356862745098039,0.694117647058824,0.803921568627451
147.92290019989014,0.0,-0.061722334704858425,0.03,1,1,1,0.0,0.3333333333333333,0.09841500000000002,-1,-1,-1,1.0,1.0,-1.0,0.0,-0.3333333333333333,0.12150000000000001,-1,-1,-1,0.356862745098039,0.694117647058824,0.803921568627451
147.9570333957672,0.0,-0.06143923967318775,0.03,1,1,1,0.0,0.3333333333333333,0.09841500000000002,-1,-1,-1,1.0,1.0,-1.0,0.0,-0.3333333333333333,0.12150000000000001,-1,-1,-1,0.356862745098039,0.694117647058824,0.803921568627451
147.99173545837402,0.0,-0.061156144641517064,0.03,1,1,1,0.0,0.3333333333333333,0.09841500000000002,-1,-1,-1,1.0,1.0,-1.0,0.0,-0.3333333333333333,0.12150000000000001,-1,-1,-1,0.356862745098039,0.694117647058824,0.803921568627451
148.02706670761108,0.0,-0.06087304960984639,0.03,1,1,1,0.0,0.3333333333333333,0.09841500000000002,-1,-1,-1,1.0,1.0,-1.0,0.0,-0.3333333333333333,0.12150000000000001,-1,-1,-1,0.356862745098039,0.694117647058824,0.803921568627451
148.0616307258606,0.0,-0.0605899545781757,0.03,1,1,1,0.0,0.3333333333333333,0.09841500000000002,-1,-1,-1,1.0,1.0,-1.0,0.0,-0.3333333333333333,0.12150000000000001,-1,-1,-1,0.356862745098039,0.694117647058824,0.803921568627451
148.09651613235474,0.0,-0.06030685954650502,0.03,1,1,1,0.0,0.3333333333333333,0.09841500000000002,-1,-1,-1,1.0,1.0,-1.0,0.0,-0.3333333333333333,0.12150000000000001,-1,-1,-1,0.356862745098039,0.694117647058824,0.803921568627451
148.13111925125122,0.0,-0.06002376451483434,0.03,1,1,1,0.0,0.3333333333333333,0.09841500000000002,-1,-1,-1,1.0,1.0,-1.0,0.0,-0.3333333333333333,0.12150000000000001,-1,-1,-1,0.356862745098039,0.694117647058824,0.803921568627451
148.16594219207764,0.0,-0.05974066948316366,0.03,1,1,1,0.0,0.3333333333333333,0.09841500000000002,-1,-1,-1,1.0,1.0,-1.0,0.0,-0.3333333333333333,0.12150000000000001,-1,-1,-1,0.356862745098039,0.694117647058824,0.803921568627451
148.20067858695984,0.0,-0.05945757445149298,0.03,1,1,1,0.0,0.3333333333333333,0.09841500000000002,-1,-1,-1,1.0,1.0,-1.0,0.0,-0.3333333333333333,0.12150000000000001,-1,-1,-1,0.356862745098039,0.694117647058824,0.803921568627451
148.24112153053284,0.0,-0.0591744794198223,0.03,1,1,1,0.0,0.3333333333333333,0.09841500000000002,-1,-1,-1,1.0,1.0,-1.0,0.0,-0.3333333333333333,0.12150000000000001,-1,-1,-1,0.356862745098039,0.694117647058824,0.803921568627451
148.26952004432678,0.0,-0.05889138438815162,0.03,1,1,1,0.0,0.3333333333333333,0.09841500000000002,-1,-1,-1,1.0,1.0,-1.0,0.0,-0.3333333333333333,0.12150000000000001,-1,-1,-1,0.356862745098039,0.694117647058824,0.803921568627451
148.3046133518219,0.0,-0.05860828935648094,0.03,1,1,1,0.0,0.3333333333333333,0.09841500000000002,-1,-1,-1,1.0,1.0,-1.0,0.0,-0.3333333333333333,0.12150000000000001,-1,-1,-1,0.356862745098039,0.694117647058824,0.803921568627451
148.3389859199524,0.0,-0.058325194324810266,0.03,1,1,1,0.0,0.3333333333333333,0.09841500000000002,-1,-1,-1,1.0,1.0,-1.0,0.0,-0.3333333333333333,0.12150000000000001,-1,-1,-1,0.356862745098039,0.694117647058824,0.803921568627451
148.3737497329712,0.0,-0.05804209929313959,0.03,1,1,1,0.0,0.3333333333333333,0.09841500000000002,-1,-1,-1,1.0,1.0,-1.0,0.0,-0.3333333333333333,0.12150000000000001,-1,-1,-1,0.356862745098039,0.694117647058824,0.803921568627451
148.40887093544006,0.0,-0.05775900426146891,0.03,1,1,1,0.0,0.3333333333333333,0.09841500000000002,-1,-1,-1,1.0,1.0,-1.0,0.0,-0.3333333333333333,0.12150000000000001,-1,-1,-1,0.356862745098039,0.694117647058824,0.803921568627451
148.4431586265564,0.0,-0.057475909229798235,0.03,1,1,1,0.0,0.3333333333333333,0.09841500000000002,-1,-1,-1,1.0,1.0,-1.0,0.0,-0.3333333333333333,0.12150000000000001,-1,-1,-1,0.356862745098039,0.694117647058824,0.803921568627451
148.47820472717285,0.0,-0.05719281419812756,0.03,1,1,1,0.0,0.3333333333333333,0.09841500000000002,-1,-1,-1,1.0,1.0,-1.0,0.0,-0.3333333333333333,0.12150000000000001,-1,-1,-1,0.356862745098039,0.694117647058824,0.803921568627451
148.512526512146,0.0,-0.05690971916645688,0.03,1,1,1,0.0,0.3333333333333333,0.09841500000000002,-1,-1,-1,1.0,1.0,-1.0,0.0,-0.3333333333333333,0.12150000000000001,-1,-1,-1,0.356862745098039,0.694117647058824,0.803921568627451
148.5476405620575,0.0,-0.0566266241347862,0.03,1,1,1,0.0,0.3333333333333333,0.09841500000000002,-1,-1,-1,1.0,1.0,-1.0,0.0,-0.3333333333333333,0.12150000000000001,-1,-1,-1,0.356862745098039,0.694117647058824,0.803921568627451
148.5825798511505,0.0,-0.056343529103115526,0.03,1,1,1,0.0,0.3333333333333333,0.09841500000000002,-1,-1,-1,1.0,1.0,-1.0,0.0,-0.3333333333333333,0.12150000000000001,-1,-1,-1,0.356862745098039,0.694117647058824,0.803921568627451
148.6172013282776,0.0,-0.05606043407144485,0.03,1,1,1,0.0,0.3333333333333333,0.09841500000000002,-1,-1,-1,1.0,1.0,-1.0,0.0,-0.3333333333333333,0.12150000000000001,-1,-1,-1,0.356862745098039,0.694117647058824,0.803921568627451
148.6517734527588,0.0,-0.05577733903977417,0.03,1,1,1,0.0,0.3333333333333333,0.09841500000000002,-1,-1,-1,1.0,1.0,-1.0,0.0,-0.3333333333333333,0.12150000000000001,-1,-1,-1,0.356862745098039,0.694117647058824,0.803921568627451
148.68657064437866,0.0,-0.055494244008103495,0.03,1,1,1,0.0,0.3333333333333333,0.09841500000000002,-1,-1,-1,1.0,1.0,-1.0,0.0,-0.3333333333333333,0.12150000000000001,-1,-1,-1,0.356862745098039,0.694117647058824,0.803921568627451
148.721364736557,0.0,-0.05521114897643282,0.03,1,1,1,0.0,0.3333333333333333,0.09841500000000002,-1,-1,-1,1.0,1.0,-1.0,0.0,-0.3333333333333333,0.12150000000000001,-1,-1,-1,0.356862745098039,0.694117647058824,0.803921568627451
148.7559576034546,0.0,-0.05492805394476214,0.03,1,1,1,0.0,0.3333333333333333,0.09841500000000002,-1,-1,-1,1.0,1.0,-1.0,0.0,-0.3333333333333333,0.12150000000000001,-1,-1,-1,0.356862745098039,0.694117647058824,0.803921568627451
148.79064416885376,0.0,-0.054644958913091464,0.03,1,1,1,0.0,0.3333333333333333,0.09841500000000002,-1,-1,-1,1.0,1.0,-1.0,0.0,-0.3333333333333333,0.12150000000000001,-1,-1,-1,0.356862745098039,0.694117647058824,0.803921568627451
148.8256392478943,0.0,-0.05436186388142079,0.03,1,1,1,0.0,0.3333333333333333,0.09841500000000002,-1,-1,-1,1.0,1.0,-1.0,0.0,-0.3333333333333333,0.12150000000000001,-1,-1,-1,0.356862745098039,0.694117647058824,0.803921568627451
148.85983109474182,0.0,-0.05407876884975011,0.03,1,1,1,0.0,0.3333333333333333,0.09841500000000002,-1,-1,-1,1.0,1.0,-1.0,0.0,-0.3333333333333333,0.12150000000000001,-1,-1,-1,0.356862745098039,0.694117647058824,0.803921568627451
148.8947823047638,0.0,-0.05379567381807943,0.03,1,1,1,0.0,0.3333333333333333,0.09841500000000002,-1,-1,-1,1.0,1.0,-1.0,0.0,-0.3333333333333333,0.12150000000000001,-1,-1,-1,0.356862745098039,0.694117647058824,0.803921568627451
148.92976069450378,0.0,-0.05629835897838845,0.03,1,1,1,0.0,0.3333333333333333,0.09841500000000002,-1,-1,-1,1.0,1.0,-1.0,0.0,-0.3333333333333333,0.12150000000000001,-1,-1,-1,0.356862745098039,0.694117647058824,0.803921568627451
148.96464896202087,0.0,-0.060658230933350606,0.03,1,1,1,0.0,0.3333333333333333,0.09841500000000002,-1,-1,-1,1.0,1.0,-1.0,0.0,-0.3333333333333333,0.12150000000000001,-1,-1,-1,0.356862745098039,0.694117647058824,0.803921568627451
148.9992880821228,0.0,-0.06501810288831276,0.03,1,1,1,0.0,0.3333333333333333,0.09841500000000002,-1,-1,-1,1.0,1.0,-1.0,0.0,-0.3333333333333333,0.12150000000000001,-1,-1,-1,0.356862745098039,0.694117647058824,0.803921568627451
149.03403210639954,0.0,-0.06937797484327492,0.03,1,1,1,0.0,0.3333333333333333,0.09841500000000002,-1,-1,-1,1.0,1.0,-1.0,0.0,-0.3333333333333333,0.12150000000000001,-1,-1,-1,0.356862745098039,0.694117647058824,0.803921568627451
149.06843733787537,0.0,-0.07373784679823707,0.03,1,1,1,0.0,0.3333333333333333,0.09841500000000002,-1,-1,-1,1.0,1.0,-1.0,0.0,-0.3333333333333333,0.12150000000000001,-1,-1,-1,0.356862745098039,0.694117647058824,0.803921568627451
149.10336685180664,0.0,-0.07809771875319922,0.03,1,1,1,0.0,0.3333333333333333,0.09841500000000002,-1,-1,-1,1.0,1.0,-1.0,0.0,-0.3333333333333333,0.12150000000000001,-1,-1,-1,0.356862745098039,0.694117647058824,0.803921568627451
149.13800716400146,0.0,-0.08245759070816137,0.03,1,1,1,0.0,0.3333333333333333,0.09841500000000002,-1,-1,-1,1.0,1.0,-1.0,0.0,-0.3333333333333333,0.12150000000000001,-1,-1,-1,0.356862745098039,0.694117647058824,0.803921568627451
149.17263650894165,0.0,-0.08681746266312353,0.03,1,1,1,0.0,0.3333333333333333,0.09841500000000002,-1,-1,-1,1.0,1.0,-1.0,0.0,-0.3333333333333333,0.12150000000000001,-1,-1,-1,0.356862745098039,0.694117647058824,0.803921568627451
149.20730876922607,0.0,-0.09117733461808568,0.03,1,1,1,0.0,0.3333333333333333,0.09841500000000002,-1,-1,-1,1.0,1.0,-1.0,0.0,-0.3333333333333333,0.12150000000000001,-1,-1,-1,0.356862745098039,0.694117647058824,0.803921568627451
149.24203729629517,0.0,-0.09553720657304783,0.03,1,1,1,0.0,0.3333333333333333,0.09841500000000002,-1,-1,-1,1.0,1.0,-1.0,0.0,-0.3333333333333333,0.12150000000000001,-1,-1,-1,0.356862745098039,0.694117647058824,0.803921568627451
149.27700185775757,0.0,-0.09989707852800998,0.03,1,1,1,0.0,0.3333333333333333,0.09841500000000002,-1,-1,-1,1.0,1.0,-1.0,0.0,-0.3333333333333333,0.12150000000000001,-1,-1,-1,0.356862745098039,0.694117647058824,0.803921568627451
149.3117368221283,0.0,-0.10425695048297214,0.03,1,1,1,0.0,0.3333333333333333,0.09841500000000002,-1,-1,-1,1.0,1.0,-1.0,0.0,-0.3333333333333333,0.12150000000000001,-1,-1,-1,0.356862745098039,0.694117647058824,0.803921568627451
149.34631180763245,0.0,-0.10861682243793429,0.03,1,1,1,0.0,0.3333333333333333,0.09841500000000002,-1,-1,-1,1.0,1.0,-1.0,0.0,-0.3333333333333333,0.12150000000000001,-1,-1,-1,0.356862745098039,0.694117647058824,0.803921568627451
149.38113451004028,0.0,-0.11297669439289644,0.03,1,1,1,0.0,0.3333333333333333,0.09841500000000002,-1,-1,-1,1.0,1.0,-1.0,0.0,-0.3333333333333333,0.12150000000000001,-1,-1,-1,0.356862745098039,0.694117647058824,0.803921568627451
149.41603899002075,0.0,-0.11733656634785859,0.03,1,1,1,0.0,0.3333333333333333,0.09841500000000002,-1,-1,-1,1.0,1.0,-1.0,0.0,-0.3333333333333333,0.12150000000000001,-1,-1,-1,0.356862745098039,0.694117647058824,0.803921568627451
149.45057559013367,0.0,-0.12169643830282073,0.03,1,1,1,0.0,0.3333333333333333,0.09841500000000002,-1,-1,-1,1.0,1.0,-1.0,0.0,-0.3333333333333333,0.12150000000000001,-1,-1,-1,0.356862745098039,0.694117647058824,0.803921568627451
149.4849932193756,0.0,-0.12605631025778288,0.03,1,1,1,0.0,0.3333333333333333,0.09841500000000002,-1,-1,-1,1.0,1.0,-1.0,0.0,-0.3333333333333333,0.12150000000000001,-1,-1,-1,0.356862745098039,0.694117647058824,0.803921568627451
149.52013301849365,0.0,-0.13041618221274504,0.03,1,1,1,0.0,0.3333333333333333,0.09841500000000002,-1,-1,-1,1.0,1.0,-1.0,0.0,-0.3333333333333333,0.12150000000000001,-1,-1,-1,0.356862745098039,0.694117647058824,0.803921568627451
149.55460047721863,0.0,-0.1347760541677072,0.03,1,1,1,0.0,0.3333333333333333,0.09841500000000002,-1,-1,-1,1.0,1.0,-1.0,0.0,-0.3333333333333333,0.12150000000000001,-1,-1,-1,0.356862745098039,0.694117647058824,0.803921568627451
149.58892393112183,0.0,-0.13913592612266934,0.03,1,1,1,0.0,0.3333333333333333,0.09841500000000002,-1,-1,-1,1.0,1.0,-1.0,0.0,-0.3333333333333333,0.12150000000000001,-1,-1,-1,0.356862745098039,0.694117647058824,0.803921568627451
149.6243133544922,0.0,-0.1434957980776315,0.03,1,1,1,0.0,0.3333333333333333,0.09841500000000002,-1,-1,-1,1.0,1.0,-1.0,0.0,-0.3333333333333333,0.12150000000000001,-1,-1,-1,0.356862745098039,0.694117647058824,0.803921568627451
149.65918517112732,0.0,-0.14785567003259364,0.03,1,1,1,0.0,0.3333333333333333,0.09841500000000002,-1,-1,-1,1.0,1.0,-1.0,0.0,-0.3333333333333333,0.12150000000000001,-1,-1,-1,0.356862745098039,0.694117647058824,0.803921568627451
149.69523549079895,0.0,-0.1522155419875558,0.03,1,1,1,0.0,0.3333333333333333,0.09841500000000002,-1,-1,-1,1.0,1.0,-1.0,0.0,-0.3333333333333333,0.12150000000000001,-1,-1,-1,0.356862745098039,0.694117647058824,0.803921568627451
149.72788548469543,0.0,-0.15657541394251795,0.03,1,1,1,0.0,0.3333333333333333,0.09841500000000002,-1,-1,-1,1.0,1.0,-1.0,0.0,-0.3333333333333333,0.12150000000000001,-1,-1,-1,0.356862745098039,0.694117647058824,0.803921568627451
149.76258730888367,0.0,-0.1609352858974801,0.03,1,1,1,0.0,0.3333333333333333,0.09841500000000002,-1,-1,-1,1.0,1.0,-1.0,0.0,-0.3333333333333333,0.12150000000000001,-1,-1,-1,0.356862745098039,0.694117647058824,0.803921568627451
149.79743313789368,0.0,-0.16529515785244225,0.03,1,1,1,0.0,0.3333333333333333,0.09841500000000002,-1,-1,-1,1.0,1.0,-1.0,0.0,-0.3333333333333333,0.12150000000000001,-1,-1,-1,0.356862745098039,0.694117647058824,0.803921568627451
149.83217692375183,0.0,-0.1696550298074044,0.03,1,1,1,0.0,0.3333333333333333,0.09841500000000002,-1,-1,-1,1.0,1.0,-1.0,0.0,-0.3333333333333333,0.12150000000000001,-1,-1,-1,0.356862745098039,0.694117647058824,0.803921568627451
149.86695218086243,0.0,-0.17401490176236656,0.03,1,1,1,0.0,0.3333333333333333,0.09841500000000002,-1,-1,-1,1.0,1.0,-1.0,0.0,-0.3333333333333333,0.12150000000000001,-1,-1,-1,0.356862745098039,0.694117647058824,0.803921568627451
149.90158128738403,0.0,-0.1783747737173287,0.03,1,1,1,0.0,0.3333333333333333,0.09841500000000002,-1,-1,-1,1.0,1.0,-1.0,0.0,-0.3333333333333333,0.12150000000000001,-1,-1,-1,0.356862745098039,0.694117647058824,0.803921568627451
149.93647575378418,0.0,-0.18273464567229086,0.03,1,1,1,0.0,0.3333333333333333,0.09841500000000002,-1,-1,-1,1.0,1.0,-1.0,0.0,-0.3333333333333333,0.12150000000000001,-1,-1,-1,0.356862745098039,0.694117647058824,0.803921568627451
149.97142720222473,0.0,-0.18709451762725302,0.03,1,1,1,0.0,0.3333333333333333,0.09841500000000002,-1,-1,-1,1.0,1.0,-1.0,0.0,-0.3333333333333333,0.12150000000000001,-1,-1,-1,0.356862745098039,0.694117647058824,0.803921568627451
150.00571990013123,0.0,-0.19145438958221517,0.03,1,1,1,0.0,0.3333333333333333,0.09841500000000002,-1,-1,-1,1.0,1.0,-1.0,0.0,-0.3333333333333333,0.12150000000000001,-1,-1,-1,0.356862745098039,0.694117647058824,0.803921568627451
150.04094791412354,0.0,-0.19581426153717732,0.03,1,1,1,0.0,0.3333333333333333,0.09841500000000002,-1,-1,-1,1.0,1.0,-1.0,0.0,-0.3333333333333333,0.12150000000000001,-1,-1,-1,0.356862745098039,0.694117647058824,0.803921568627451
150.07553815841675,0.0,-0.20017413349213947,0.03,1,1,1,0.0,0.3333333333333333,0.09841500000000002,-1,-1,-1,1.0,1.0,-1.0,0.0,-0.3333333333333333,0.12150000000000001,-1,-1,-1,0.356862745098039,0.694117647058824,0.803921568627451
150.11020755767822,0.0,-0.20453400544710162,0.03,1,1,1,0.0,0.3333333333333333,0.09841500000000002,-1,-1,-1,1.0,1.0,-1.0,0.0,-0.3333333333333333,0.12150000000000001,-1,-1,-1,0.356862745098039,0.694117647058824,0.803921568627451
150.14441013336182,0.0,-0.20101684402433595,0.03,1,1,1,0.0,0.3333333333333333,0.09841500000000002,-1,-1,-1,1.0,1.0,-1.0,0.0,-0.3333333333333333,0.12150000000000001,-1,-1,-1,0.356862745098039,0.694117647058824,0.803921568627451
150.17946887016296,0.0,-0.19749968260157028,0.03,1,1,1,0.0,0.3333333333333333,0.09841500000000002,-1,-1,-1,1.0,1.0,-1.0,0.0,-0.3333333333333333,0.12150000000000001,-1,-1,-1,0.356862745098039,0.694117647058824,0.803921568627451
150.21413016319275,0.0,-0.1939825211788046,0.03,1,1,1,0.0,0.3333333333333333,0.09841500000000002,-1,-1,-1,1.0,1.0,-1.0,0.0,-0.3333333333333333,0.12150000000000001,-1,-1,-1,0.356862745098039,0.694117647058824,0.803921568627451
150.24888253211975,0.0,-0.19046535975603893,0.03,1,1,1,0.0,0.3333333333333333,0.09841500000000002,-1,-1,-1,1.0,1.0,-1.0,0.0,-0.3333333333333333,0.12150000000000001,-1,-1,-1,0.356862745098039,0.694117647058824,0.803921568627451
150.28367948532104,0.0,-0.18694819833327325,0.03,1,1,1,0.0,0.3333333333333333,0.09841500000000002,-1,-1,-1,1.0,1.0,-1.0,0.0,-0.3333333333333333,0.12150000000000001,-1,-1,-1,0.356862745098039,0.694117647058824,0.803921568627451
150.31882882118225,0.0,-0.18343103691050758,0.03,1,1,1,0.0,0.3333333333333333,0.09841500000000002,-1,-1,-1,1.0,1.0,-1.0,0.0,-0.3333333333333333,0.12150000000000001,-1,-1,-1,0.356862745098039,0.694117647058824,0.803921568627451
150.35357189178467,0.0,-0.1799138754877419,0.03,1,1,1,0.0,0.3333333333333333,0.09841500000000002,-1,-1,-1,1.0,1.0,-1.0,0.0,-0.3333333333333333,0.12150000000000001,-1,-1,-1,0.356862745098039,0.694117647058824,0.803921568627451
150.3876669406891,0.0,-0.17639671406497623,0.03,1,1,1,0.0,0.3333333333333333,0.09841500000000002,-1,-1,-1,1.0,1.0,-1.0,0.0,-0.3333333333333333,0.12150000000000001,-1,-1,-1,0.356862745098039,0.694117647058824,0.803921568627451
150.42283058166504,0.0,-0.17287955264221055,0.03,1,1,1,0.0,0.3333333333333333,0.09841500000000002,-1,-1,-1,1.0,1.0,-1.0,0.0,-0.3333333333333333,0.12150000000000001,-1,-1,-1,0.356862745098039,0.694117647058824,0.803921568627451
150.4578742980957,0.0,-0.16936239121944488,0.03,1,1,1,0.0,0.3333333333333333,0.09841500000000002,-1,-1,-1,1.0,1.0,-1.0,0.0,-0.3333333333333333,0.12150000000000001,-1,-1,-1,0.356862745098039,0.694117647058824,0.803921568627451
150.49178171157837,0.0,-0.1658452297966792,0.03,1,1,1,0.0,0.3333333333333333,0.09841500000000002,-1,-1,-1,1.0,1.0,-1.0,0.0,-0.3333333333333333,0.12150000000000001,-1,-1,-1,0.356862745098039,0.694117647058824,0.803921568627451
150.52654814720154,0.0,-0.16232806837391353,0.03,1,1,1,0.0,0.3333333333333333,0.09841500000000002,-1,-1,-1,1.0,1.0,-1.0,0.0,-0.3333333333333333,0.12150000000000001,-1,-1,-1,0.356862745098039,0.694117647058824,0.803921568627451
150.5613157749176,0.0,-0.15881090695114786,0.03,1,1,1,0.0,0.3333333333333333,0.09841500000000002,-1,-1,-1,1.0,1.0,-1.0,0.0,-0.3333333333333333,0.12150000000000001,-1,-1,-1,0.356862745098039,0.694117647058824,0.803921568627451
150.59618043899536,0.0,-0.15529374552838218,0.03,1,1,1,0.0,0.3333333333333333,0.09841500000000002,-1,-1,-1,1.0,1.0,-1.0,0.0,-0.3333333333333333,0.12150000000000001,-1,-1,-1,0.356862745098039,0.694117647058824,0.803921568627451
150.6307873725891,0.0,-0.1517765841056165,0.03,1,1,1,0.0,0.3333333333333333,0.09841500000000002,-1,-1,-1,1.0,1.0,-1.0,0.0,-0.3333333333333333,0.12150000000000001,-1,-1,-1,0.356862745098039,0.694117647058824,0.803921568627451
150.6658821105957,0.0,-0.14825942268285083,0.03,1,1,1,0.0,0.3333333333333333,0.09841500000000002,-1,-1,-1,1.0,1.0,-1.0,0.0,-0.3333333333333333,0.12150000000000001,-1,-1,-1,0.356862745098039,0.694117647058824,0.803921568627451
150.70050024986267,0.0,-0.14474226126008516,0.03,1,1,1,0.0,0.3333333333333333,0.09841500000000002,-1,-1,-1,1.0,1.0,-1.0,0.0,-0.3333333333333333,0.12150000000000001,-1,-1,-1,0.356862745098039,0.694117647058824,0.803921568627451
150.73523235321045,0.0,-0.14122509983731948,0.03,1,1,1,0.0,0.3333333333333333,0.09841500000000002,-1,-1,-1,1.0,1.0,-1.0,0.0,-0.3333333333333333,0.12150000000000001,-1,-1,-1,0.356862745098039,0.694117647058824,0.803921568627451
150.76951479911804,0.0,-0.1377079384145538,0.03,1,1,1,0.0,0.3333333333333333,0.09841500000000002,-1,-1,-1,1.0,1.0,-1.0,0.0,-0.3333333333333333,0.12150000000000001,-1,-1,-1,0.356862745098039,0.694117647058824,0.803921568627451
150.80478715896606,0.0,-0.13419077699178814,0.03,1,1,1,0.0,0.3333333333333333,0.09841500000000002,-1,-1,-1,1.0,1.0,-1.0,0.0,-0.3333333333333333,0.12150000000000001,-1,-1,-1,0.356862745098039,0.694117647058824,0.803921568627451
150.83941006660461,0.0,-0.13067361556902246,0.03,1,1,1,0.0,0.3333333333333333,0.09841500000000002,-1,-1,-1,1.0,1.0,-1.0,0.0,-0.3333333333333333,0.12150000000000001,-1,-1,-1,0.356862745098039,0.694117647058824,0.803921568627451
150.8743236064911,0.0,-0.1271564541462568,0.03,1,1,1,0.0,0.3333333333333333,0.09841500000000002,-1,-1,-1,1.0,1.0,-1.0,0.0,-0.3333333333333333,0.12150000000000001,-1,-1,-1,0.356862745098039,0.694117647058824,0.803921568627451
150.90879893302917,0.0,-0.1236392927234911,0.03,1,1,1,0.0,0.3333333333333333,0.09841500000000002,-1,-1,-1,1.0,1.0,-1.0,0.0,-0.3333333333333333,0.12150000000000001,-1,-1,-1,0.356862745098039,0.694117647058824,0.803921568627451
150.9436686038971,0.0,-0.1201221313007254,0.03,1,1,1,0.0,0.3333333333333333,0.09841500000000002,-1,-1,-1,1.0,1.0,-1.0,0.0,-0.3333333333333333,0.12150000000000001,-1,-1,-1,0.356862745098039,0.694117647058824,0.803921568627451
150.97840404510498,0.0,-0.11660496987795972,0.03,1,1,1,0.0,0.3333333333333333,0.09841500000000002,-1,-1,-1,1.0,1.0,-1.0,0.0,-0.3333333333333333,0.12150000000000001,-1,-1,-1,0.356862745098039,0.694117647058824,0.803921568627451
151.01310300827026,0.0,-0.11308780845519405,0.03,1,1,1,0.0,0.3333333333333333,0.09841500000000002,-1,-1,-1,1.0,1.0,-1.0,0.0,-0.3333333333333333,0.12150000000000001,-1,-1,-1,0.356862745098039,0.694117647058824,0.803921568627451
151.04770731925964,0.0,-0.10957064703242837,0.03,1,1,1,0.0,0.3333333333333333,0.09841500000000002,-1,-1,-1,1.0,1.0,-1.0,0.0,-0.3333333333333333,0.12150000000000001,-1,-1,-1,0.356862745098039,0.694117647058824,0.803921568627451
151.08196306228638,0.0,-0.1060534856096627,0.03,1,1,1,0.0,0.3333333333333333,0.09841500000000002,-1,-1,-1,1.0,1.0,-1.0,0.0,-0.3333333333333333,0.12150000000000001,-1,-1,-1,0.356862745098039,0.694117647058824,0.803921568627451
151.1172866821289,0.0,-0.10253632418689702,0.03,1,1,1,0.0,0.3333333333333333,0.09841500000000002,-1,-1,-1,1.0,1.0,-1.0,0.0,-0.3333333333333333,0.12150000000000001,-1,-1,-1,0.356862745098039,0.694117647058824,0.803921568627451
151.15202379226685,0.0,-0.09901916276413135,0.03,1,1,1,0.0,0.3333333333333333,0.09841500000000002,-1,-1,-1,1.0,1.0,-1.0,0.0,-0.3333333333333333,0.12150000000000001,-1,-1,-1,0.356862745098039,0.694117647058824,0.803921568627451
151.18673491477966,0.0,-0.09550200134136567,0.03,1,1,1,0.0,0.3333333333333333,0.09841500000000002,-1,-1,-1,1.0,1.0,-1.0,0.0,-0.3333333333333333,0.12150000000000001,-1,-1,-1,0.356862745098039,0.694117647058824,0.803921568627451
151.22142338752747,0.0,-0.0919848399186,0.03,1,1,1,0.0,0.3333333333333333,0.09841500000000002,-1,-1,-1,1.0,1.0,-1.0,0.0,-0.3333333333333333,0.12150000000000001,-1,-1,-1,0.356862745098039,0.694117647058824,0.803921568627451
151.25617003440857,0.0,-0.08846767849583433,0.03,1,1,1,0.0,0.3333333333333333,0.09841500000000002,-1,-1,-1,1.0,1.0,-1.0,0.0,-0.3333333333333333,0.12150000000000001,-1,-1,-1,0.356862745098039,0.694117647058824,0.803921568627451
151.2909495830536,0.0,-0.08495051707306865,0.03,1,1,1,0.0,0.3333333333333333,0.09841500000000002,-1,-1,-1,1.0,1.0,-1.0,0.0,-0.3333333333333333,0.12150000000000001,-1,-1,-1,0.356862745098039,0.694117647058824,0.803921568627451
151.32489013671875,0.0,-0.08292687588618482,0.03,1,1,1,0.0,0.3333333333333333,0.09841500000000002,-1,-1,-1,1.0,1.0,-1.0,0.0,-0.3333333333333333,0.12150000000000001,-1,-1,-1,0.356862745098039,0.694117647058824,0.803921568627451
151.36032128334045,0.0,-0.08314351505312374,0.03,1,1,1,0.0,0.3333333333333333,0.09841500000000002,-1,-1,-1,1.0,1.0,-1.0,0.0,-0.3333333333333333,0.12150000000000001,-1,-1,-1,0.356862745098039,0.694117647058824,0.803921568627451
151.39440441131592,0.0,-0.08336015422006267,0.03,1,1,1,0.0,0.3333333333333333,0.09841500000000002,-1,-1,-1,1.0,1.0,-1.0,0.0,-0.3333333333333333,0.12150000000000001,-1,-1,-1,0.356862745098039,0.694117647058824,0.803921568627451
151.4294080734253,0.0,-0.0835767933870016,0.03,1,1,1,0.0,0.3333333333333333,0.09841500000000002,-1,-1,-1,1.0,1.0,-1.0,0.0,-0.3333333333333333,0.12150000000000001,-1,-1,-1,0.356862745098039,0.694117647058824,0.803921568627451
151.46386194229126,0.0,-0.08379343255394052,0.03,1,1,1,0.0,0.3333333333333333,0.09841500000000002,-1,-1,-1,1.0,1.0,-1.0,0.0,-0.3333333333333333,0.12150000000000001,-1,-1,-1,0.356862745098039,0.694117647058824,0.803921568627451
151.49889206886292,0.0,-0.08401007172087945,0.03,1,1,1,0.0,0.3333333333333333,0.09841500000000002,-1,-1,-1,1.0,1.0,-1.0,0.0,-0.3333333333333333,0.12150000000000001,-1,-1,-1,0.356862745098039,0.694117647058824,0.803921568627451
151.53327202796936,0.0,-0.08422671088781837,0.03,1,1,1,0.0,0.3333333333333333,0.09841500000000002,-1,-1,-1,1.0,1.0,-1.0,0.0,-0.3333333333333333,0.12150000000000001,-1,-1,-1,0.356862745098039,0.694117647058824,0.803921568627451
151.56841325759888,0.0,-0.0844433500547573,0.03,1,1,1,0.0,0.3333333333333333,0.09841500000000002,-1,-1,-1,1.0,1.0,-1.0,0.0,-0.3333333333333333,0.12150000000000001,-1,-1,-1,0.356862745098039,0.694117647058824,0.803921568627451
151.60328793525696,0.0,-0.08465998922169622,0.03,1,1,1,0.0,0.3333333333333333,0.09841500000000002,-1,-1,-1,1.0,1.0,-1.0,0.0,-0.3333333333333333,0.12150000000000001,-1,-1,-1,0.356862745098039,0.694117647058824,0.803921568627451
151.63787412643433,0.0,-0.08487662838863515,0.03,1,1,1,0.0,0.3333333333333333,0.09841500000000002,-1,-1,-1,1.0,1.0,-1.0,0.0,-0.3333333333333333,0.12150000000000001,-1,-1,-1,0.356862745098039,0.694117647058824,0.803921568627451
151.67267394065857,0.0,-0.08509326755557407,0.03,1,1,1,0.0,0.3333333333333333,0.09841500000000002,-1,-1,-1,1.0,1.0,-1.0,0.0,-0.3333333333333333,0.12150000000000001,-1,-1,-1,0.356862745098039,0.694117647058824,0.803921568627451
151.70741724967957,0.0,-0.085309906722513,0.03,1,1,1,0.0,0.3333333333333333,0.09841500000000002,-1,-1,-1,1.0,1.0,-1.0,0.0,-0.3333333333333333,0.12150000000000001,-1,-1,-1,0.356862745098039,0.694117647058824,0.803921568627451
151.742258310318,0.0,-0.08552654588945192,0.03,1,1,1,0.0,0.3333333333333333,0.09841500000000002,-1,-1,-1,1.0,1.0,-1.0,0.0,-0.3333333333333333,0.12150000000000001,-1,-1,-1,0.356862745098039,0.694117647058824,0.803921568627451
151.77657675743103,0.0,-0.08574318505639085,0.03,1,1,1,0.0,0.3333333333333333,0.09841500000000002,-1,-1,-1,1.0,1.0,-1.0,0.0,-0.3333333333333333,0.12150000000000001,-1,-1,-1,0.356862745098039,0.694117647058824,0.803921568627451
151.8115267753601,0.0,-0.08595982422332978,0.03,1,1,1,0.0,0.3333333333333333,0.09841500000000002,-1,-1,-1,1.0,1.0,-1.0,0.0,-0.3333333333333333,0.12150000000000001,-1,-1,-1,0.356862745098039,0.694117647058824,0.803921568627451
151.84631061553955,0.0,-0.0861764633902687,0.03,1,1,1,0.0,0.3333333333333333,0.09841500000000002,-1,-1,-1,1.0,1.0,-1.0,0.0,-0.3333333333333333,0.12150000000000001,-1,-1,-1,0.356862745098039,0.694117647058824,0.803921568627451
151.8806872367859,0.0,-0.08639310255720763,0.03,1,1,1,0.0,0.3333333333333333,0.09841500000000002,-1,-1,-1,1.0,1.0,-1.0,0.0,-0.3333333333333333,0.12150000000000001,-1,-1,-1,0.356862745098039,0.694117647058824,0.803921568627451
151.91586112976074,0.0,-0.08660974172414655,0.03,1,1,1,0.0,0.3333333333333333,0.09841500000000002,-1,-1,-1,1.0,1.0,-1.0,0.0,-0.3333333333333333,0.12150000000000001,-1,-1,-1,0.356862745098039,0.694117647058824,0.803921568627451
151.95059180259705,0.0,-0.08682638089108548,0.03,1,1,1,0.0,0.3333333333333333,0.09841500000000002,-1,-1,-1,1.0,1.0,-1.0,0.0,-0.3333333333333333,0.12150000000000001,-1,-1,-1,0.356862745098039,0.694117647058824,0.803921568627451
151.98533964157104,0.0,-0.0870430200580244,0.03,1,1,1,0.0,0.3333333333333333,0.09841500000000002,-1,-1,-1,1.0,1.0,-1.0,0.0,-0.3333333333333333,0.12150000000000001,-1,-1,-1,0.356862745098039,0.694117647058824,0.803921568627451
152.0201976299286,0.0,-0.08725965922496333,0.03,1,1,1,0.0,0.3333333333333333,0.09841500000000002,-1,-1,-1,1.0,1.0,-1.0,0.0,-0.3333333333333333,0.12150000000000001,-1,-1,-1,0.356862745098039,0.694117647058824,0.803921568627451
152.05456805229187,0.0,-0.08747629839190225,0.03,1,1,1,0.0,0.3333333333333333,0.09841500000000002,-1,-1,-1,1.0,1.0,-1.0,0.0,-0.3333333333333333,0.12150000000000001,-1,-1,-1,0.356862745098039,0.694117647058824,0.803921568627451
152.08871912956238,0.0,-0.08769293755884118,0.03,1,1,1,0.0,0.3333333333333333,0.09841500000000002,-1,-1,-1,1.0,1.0,-1.0,0.0,-0.3333333333333333,0.12150000000000001,-1,-1,-1,0.356862745098039,0.694117647058824,0.803921568627451
152.12415504455566,0.0,-0.0879095767257801,0.03,1,1,1,0.0,0.3333333333333333,0.09841500000000002,-1,-1,-1,1.0,1.0,-1.0,0.0,-0.3333333333333333,0.12150000000000001,-1,-1,-1,0.356862745098039,0.694117647058824,0.803921568627451
152.15905332565308,0.0,-0.08812621589271903,0.03,1,1,1,0.0,0.3333333333333333,0.09841500000000002,-1,-1,-1,1.0,1.0,-1.0,0.0,-0.3333333333333333,0.12150000000000001,-1,-1,-1,0.356862745098039,0.694117647058824,0.803921568627451
152.19358086585999,0.0,-0.08834285505965796,0.03,1,1,1,0.0,0.3333333333333333,0.09841500000000002,-1,-1,-1,1.0,1.0,-1.0,0.0,-0.3333333333333333,0.12150000000000001,-1,-1,-1,0.356862745098039,0.694117647058824,0.803921568627451
152.22768020629883,0.0,-0.08855949422659688,0.03,1,1,1,0.0,0.3333333333333333,0.09841500000000002,-1,-1,-1,1.0,1.0,-1.0,0.0,-0.3333333333333333,0.12150000000000001,-1,-1,-1,0.356862745098039,0.694117647058824,0.803921568627451
152.26302433013916,0.0,-0.08877613339353581,0.03,1,1,1,0.0,0.3333333333333333,0.09841500000000002,-1,-1,-1,1.0,1.0,-1.0,0.0,-0.3333333333333333,0.12150000000000001,-1,-1,-1,0.356862745098039,0.694117647058824,0.803921568627451
152.2978162765503,0.0,-0.08899277256047473,0.03,1,1,1,0.0,0.3333333333333333,0.09841500000000002,-1,-1,-1,1.0,1.0,-1.0,0.0,-0.3333333333333333,0.12150000000000001,-1,-1,-1,0.356862745098039,0.694117647058824,0.803921568627451
152.33195114135742,0.0,-0.08920941172741366,0.03,1,1,1,0.0,0.3333333333333333,0.09841500000000002,-1,-1,-1,1.0,1.0,-1.0,0.0,-0.3333333333333333,0.12150000000000001,-1,-1,-1,0.356862745098039,0.694117647058824,0.803921568627451
152.36719846725464,0.0,-0.08942605089435259,0.03,1,1,1,0.0,0.3333333333333333,0.09841500000000002,-1,-1,-1,1.0,1.0,-1.0,0.0,-0.3333333333333333,0.12150000000000001,-1,-1,-1,0.356862745098039,0.694117647058824,0.803921568627451
152.40201044082642,0.0,-0.08964269006129151,0.03,1,1,1,0.0,0.3333333333333333,0.09841500000000002,-1,-1,-1,1.0,1.0,-1.0,0.0,-0.3333333333333333,0.12150000000000001,-1,-1,-1,0.356862745098039,0.694117647058824,0.803921568627451
152.43667840957642,0.0,-0.08985932922823044,0.03,1,1,1,0.0,0.3333333333333333,0.09841500000000002,-1,-1,-1,1.0,1.0,-1.0,0.0,-0.3333333333333333,0.12150000000000001,-1,-1,-1,0.356862745098039,0.694117647058824,0.803921568627451
152.47140669822693,0.0,-0.09007596839516936,0.03,1,1,1,0.0,0.3333333333333333,0.09841500000000002,-1,-1,-1,1.0,1.0,-1.0,0.0,-0.3333333333333333,0.12150000000000001,-1,-1,-1,0.356862745098039,0.694117647058824,0.803921568627451
152.5061845779419,0.0,-0.09029260756210829,0.03,1,1,1,0.0,0.3333333333333333,0.09841500000000002,-1,-1,-1,1.0,1.0,-1.0,0.0,-0.3333333333333333,0.12150000000000001,-1,-1,-1,0.356862745098039,0.694117647058824,0.803921568627451
152.54042887687683,0.0,-0.09335371645481434,0.03,1,1,1,0.0,0.3333333333333333,0.09841500000000002,-1,-1,-1,1.0,1.0,-1.0,0.0,-0.3333333333333333,0.12150000000000001,-1,-1,-1,0.356862745098039,0.694117647058824,0.803921568627451
152.57557797431946,0.0,-0.09712594277896218,0.03,1,1,1,0.0,0.3333333333333333,0.09841500000000002,-1,-1,-1,1.0,1.0,-1.0,0.0,-0.3333333333333333,0.12150000000000001,-1,-1,-1,0.356862745098039,0.694117647058824,0.803921568627451
152.61015009880066,0.0,-0.10089816910311002,0.03,1,1,1,0.0,0.3333333333333333,0.09841500000000002,-1,-1,-1,1.0,1.0,-1.0,0.0,-0.3333333333333333,0.12150000000000001,-1,-1,-1,0.356862745098039,0.694117647058824,0.803921568627451
152.64502692222595,0.0,-0.10467039542725785,0.03,1,1,1,0.0,0.3333333333333333,0.09841500000000002,-1,-1,-1,1.0,1.0,-1.0,0.0,-0.3333333333333333,0.12150000000000001,-1,-1,-1,0.356862745098039,0.694117647058824,0.803921568627451
152.67972230911255,0.0,-0.10844262175140569,0.03,1,1,1,0.0,0.3333333333333333,0.09841500000000002,-1,-1,-1,1.0,1.0,-1.0,0.0,-0.3333333333333333,0.12150000000000001,-1,-1,-1,0.356862745098039,0.694117647058824,0.803921568627451
152.71444392204285,0.0,-0.11221484807555353,0.03,1,1,1,0.0,0.3333333333333333,0.09841500000000002,-1,-1,-1,1.0,1.0,-1.0,0.0,-0.3333333333333333,0.12150000000000001,-1,-1,-1,0.356862745098039,0.694117647058824,0.803921568627451
152.74928307533264,0.0,-0.11598707439970136,0.03,1,1,1,0.0,0.3333333333333333,0.09841500000000002,-1,-1,-1,1.0,1.0,-1.0,0.0,-0.3333333333333333,0.12150000000000001,-1,-1,-1,0.356862745098039,0.694117647058824,0.803921568627451
152.78394079208374,0.0,-0.1197593007238492,0.03,1,1,1,0.0,0.3333333333333333,0.09841500000000002,-1,-1,-1,1.0,1.0,-1.0,0.0,-0.3333333333333333,0.12150000000000001,-1,-1,-1,0.356862745098039,0.694117647058824,0.803921568627451
152.81853556632996,0.0,-0.12353152704799703,0.03,1,1,1,0.0,0.3333333333333333,0.09841500000000002,-1,-1,-1,1.0,1.0,-1.0,0.0,-0.3333333333333333,0.12150000000000001,-1,-1,-1,0.356862745098039,0.694117647058824,0.803921568627451
152.8533217906952,0.0,-0.1273037533721449,0.03,1,1,1,0.0,0.3333333333333333,0.09841500000000002,-1,-1,-1,1.0,1.0,-1.0,0.0,-0.3333333333333333,0.12150000000000001,-1,-1,-1,0.356862745098039,0.694117647058824,0.803921568627451
152.8880603313446,0.0,-0.13107597969629273,0.03,1,1,1,0.0,0.3333333333333333,0.09841500000000002,-1,-1,-1,1.0,1.0,-1.0,0.0,-0.3333333333333333,0.12150000000000001,-1,-1,-1,0.356862745098039,0.694117647058824,0.803921568627451
152.92264008522034,0.0,-0.13484820602044056,0.03,1,1,1,0.0,0.3333333333333333,0.09841500000000002,-1,-1,-1,1.0,1.0,-1.0,0.0,-0.3333333333333333,0.12150000000000001,-1,-1,-1,0.356862745098039,0.694117647058824,0.803921568627451
152.95774173736572,0.0,-0.1386204323445884,0.03,1,1,1,0.0,0.3333333333333333,0.09841500000000002,-1,-1,-1,1.0,1.0,-1.0,0.0,-0.3333333333333333,0.12150000000000001,-1,-1,-1,0.356862745098039,0.694117647058824,0.803921568627451
152.99213910102844,0.0,-0.14239265866873624,0.03,1,1,1,0.0,0.3333333333333333,0.09841500000000002,-1,-1,-1,1.0,1.0,-1.0,0.0,-0.3333333333333333,0.12150000000000001,-1,-1,-1,0.356862745098039,0.694117647058824,0.803921568627451
153.02701210975647,0.0,-0.14616488499288408,0.03,1,1,1,0.0,0.3333333333333333,0.09841500000000002,-1,-1,-1,1.0,1.0,-1.0,0.0,-0.3333333333333333,0.12150000000000001,-1,-1,-1,0.356862745098039,0.694117647058824,0.803921568627451
153.06167912483215,0.0,-0.1499371113170319,0.03,1,1,1,0.0,0.3333333333333333,0.09841500000000002,-1,-1,-1,1.0,1.0,-1.0,0.0,-0.3333333333333333,0.12150000000000001,-1,-1,-1,0.356862745098039,0.694117647058824,0.803921568627451
153.09590792655945,0.0,-0.15370933764117975,0.03,1,1,1,0.0,0.3333333333333333,0.09841500000000002,-1,-1,-1,1.0,1.0,-1.0,0.0,-0.3333333333333333,0.12150000000000001,-1,-1,-1,0.356862745098039,0.694117647058824,0.803921568627451
153.13145804405212,0.0,-0.1574815639653276,0.03,1,1,1,0.0,0.3333333333333333,0.09841500000000002,-1,-1,-1,1.0,1.0,-1.0,0.0,-0.3333333333333333,0.12150000000000001,-1,-1,-1,0.356862745098039,0.694117647058824,0.803921568627451
153.16600275039673,0.0,-0.16125379028947542,0.03,1,1,1,0.0,0.3333333333333333,0.09841500000000002,-1,-1,-1,1.0,1.0,-1.0,0.0,-0.3333333333333333,0.12150000000000001,-1,-1,-1,0.356862745098039,0.694117647058824,0.803921568627451
153.20056343078613,0.0,-0.16502601661362326,0.03,1,1,1,0.0,0.3333333333333333,0.09841500000000002,-1,-1,-1,1.0,1.0,-1.0,0.0,-0.3333333333333333,0.12150000000000001,-1,-1,-1,0.356862745098039,0.694117647058824,0.803921568627451
153.23504066467285,0.0,-0.1687982429377711,0.03,1,1,1,0.0,0.3333333333333333,0.09841500000000002,-1,-1,-1,1.0,1.0,-1.0,0.0,-0.3333333333333333,0.12150000000000001,-1,-1,-1,0.356862745098039,0.694117647058824,0.803921568627451
153.27010011672974,0.0,-0.17257046926191894,0.03,1,1,1,0.0,0.3333333333333333,0.09841500000000002,-1,-1,-1,1.0,1.0,-1.0,0.0,-0.3333333333333333,0.12150000000000001,-1,-1,-1,0.356862745098039,0.694117647058824,0.803921568627451
153.30458235740662,0.0,-0.17634269558606677,0.03,1,1,1,0.0,0.3333333333333333,0.09841500000000002,-1,-1,-1,1.0,1.0,-1.0,0.0,-0.3333333333333333,0.12150000000000001,-1,-1,-1,0.356862745098039,0.694117647058824,0.803921568627451
153.33938837051392,0.0,-0.1801149219102146,0.03,1,1,1,0.0,0.3333333333333333,0.09841500000000002,-1,-1,-1,1.0,1.0,-1.0,0.0,-0.3333333333333333,0.12150000000000001,-1,-1,-1,0.356862745098039,0.694117647058824,0.803921568627451
153.37415099143982,0.0,-0.18388714823436245,0.03,1,1,1,0.0,0.3333333333333333,0.09841500000000002,-1,-1,-1,1.0,1.0,-1.0,0.0,-0.3333333333333333,0.12150000000000001,-1,-1,-1,0.356862745098039,0.694117647058824,0.803921568627451
153.40878820419312,0.0,-0.18765937455851028,0.03,1,1,1,0.0,0.3333333333333333,0.09841500000000002,-1,-1,-1,1.0,1.0,-1.0,0.0,-0.3333333333333333,0.12150000000000001,-1,-1,-1,0.356862745098039,0.694117647058824,0.803921568627451
153.4436137676239,0.0,-0.19143160088265812,0.03,1,1,1,0.0,0.3333333333333333,0.09841500000000002,-1,-1,-1,1.0,1.0,-1.0,0.0,-0.3333333333333333,0.12150000000000001,-1,-1,-1,0.356862745098039,0.694117647058824,0.803921568627451
153.47837591171265,0.0,-0.19520382720680596,0.03,1,1,1,0.0,0.3333333333333333,0.09841500000000002,-1,-1,-1,1.0,1.0,-1.0,0.0,-0.3333333333333333,0.12150000000000001,-1,-1,-1,0.356862745098039,0.694117647058824,0.803921568627451
153.51305556297302,0.0,-0.1989760535309538,0.03,1,1,1,0.0,0.3333333333333333,0.09841500000000002,-1,-1,-1,1.0,1.0,-1.0,0.0,-0.3333333333333333,0.12150000000000001,-1,-1,-1,0.356862745098039,0.694117647058824,0.803921568627451
153.54776549339294,0.0,-0.20274827985510163,0.03,1,1,1,0.0,0.3333333333333333,0.09841500000000002,-1,-1,-1,1.0,1.0,-1.0,0.0,-0.3333333333333333,0.12150000000000001,-1,-1,-1,0.356862745098039,0.694117647058824,0.803921568627451
153.58257246017456,0.0,-0.20652050617924947,0.03,1,1,1,0.0,0.3333333333333333,0.09841500000000002,-1,-1,-1,1.0,1.0,-1.0,0.0,-0.3333333333333333,0.12150000000000001,-1,-1,-1,0.356862745098039,0.694117647058824,0.803921568627451
153.61666440963745,0.0,-0.2102927325033973,0.03,1,1,1,0.0,0.3333333333333333,0.09841500000000002,-1,-1,-1,1.0,1.0,-1.0,0.0,-0.3333333333333333,0.12150000000000001,-1,-1,-1,0.356862745098039,0.694117647058824,0.803921568627451
153.65222668647766,0.0,-0.21406495882754514,0.03,1,1,1,0.0,0.3333333333333333,0.09841500000000002,-1,-1,-1,1.0,1.0,-1.0,0.0,-0.3333333333333333,0.12150000000000001,-1,-1,-1,0.356862745098039,0.694117647058824,0.803921568627451
153.68679094314575,0.0,-0.21783718515169298,0.03,1,1,1,0.0,0.3333333333333333,0.09841500000000002,-1,-1,-1,1.0,1.0,-1.0,0.0,-0.3333333333333333,0.12150000000000001,-1,-1,-1,0.356862745098039,0.694117647058824,0.803921568627451
153.72089076042175,0.0,-0.22153340052933593,0.03,1,1,1,0.0,0.3333333333333333,0.09841500000000002,-1,-1,-1,1.0,1.0,-1.0,0.0,-0.3333333333333333,0.12150000000000001,-1,-1,-1,0.356862745098039,0.694117647058824,0.803921568627451
153.75622057914734,0.0,-0.22492557212095932,0.03,1,1,1,0.0,0.3333333333333333,0.09841500000000002,-1,-1,-1,1.0,1.0,-1.0,0.0,-0.3333333333333333,0.12150000000000001,-1,-1,-1,0.356862745098039,0.694117647058824,0.803921568627451
153.79092860221863,0.0,-0.2283177437125827,0.03,1,1,1,0.0,0.3333333333333333,0.09841500000000002,-1,-1,-1,1.0,1.0,-1.0,0.0,-0.3333333333333333,0.12150000000000001,-1,-1,-1,0.356862745098039,0.694117647058824,0.803921568627451
153.82550144195557,0.0,-0.2317099153042061,0.03,1,1,1,0.0,0.3333333333333333,0.09841500000000002,-1,-1,-1,1.0,1.0,-1.0,0.0,-0.3333333333333333,0.12150000000000001,-1,-1,-1,0.356862745098039,0.694117647058824,0.803921568627451
153.860342502594,0.0,-0.23510208689582948,0.03,1,1,1,0.0,0.3333333333333333,0.09841500000000002,-1,-1,-1,1.0,1.0,-1.0,0.0,-0.3333333333333333,0.12150000000000001,-1,-1,-1,0.356862745098039,0.694117647058824,0.803921568627451
153.89504289627075,0.0,-0.23849425848745284,0.03,1,1,1,0.0,0.3333333333333333,0.09841500000000002,-1,-1,-1,1.0,1.0,-1.0,0.0,-0.3333333333333333,0.12150000000000001,-1,-1,-1,0.356862745098039,0.694117647058824,0.803921568627451
153.92970395088196,0.0,-0.24188643007907623,0.03,1,1,1,0.0,0.3333333333333333,0.09841500000000002,-1,-1,-1,1.0,1.0,-1.0,0.0,-0.3333333333333333,0.12150000000000001,-1,-1,-1,0.356862745098039,0.694117647058824,0.803921568627451
153.96391463279724,0.0,-0.24527860167069962,0.03,1,1,1,0.0,0.3333333333333333,0.09841500000000002,-1,-1,-1,1.0,1.0,-1.0,0.0,-0.3333333333333333,0.12150000000000001,-1,-1,-1,0.356862745098039,0.694117647058824,0.803921568627451
153.99865579605103,0.0,-0.248670773262323,0.03,1,1,1,0.0,0.3333333333333333,0.09841500000000002,-1,-1,-1,1.0,1.0,-1.0,0.0,-0.3333333333333333,0.12150000000000001,-1,-1,-1,0.356862745098039,0.694117647058824,0.803921568627451
154.0339391231537,0.0,-0.2520629448539465,0.03,1,1,1,0.0,0.3333333333333333,0.09841500000000002,-1,-1,-1,1.0,1.0,-1.0,0.0,-0.3333333333333333,0.12150000000000001,-1,-1,-1,0.356862745098039,0.694117647058824,0.803921568627451
154.06852269172668,0.0,-0.25545511644557,0.03,1,1,1,0.0,0.3333333333333333,0.09841500000000002,-1,-1,-1,1.0,1.0,-1.0,0.0,-0.3333333333333333,0.12150000000000001,-1,-1,-1,0.356862745098039,0.694117647058824,0.803921568627451
154.10346674919128,0.0,-0.25884728803719353,0.03,1,1,1,0.0,0.3333333333333333,0.09841500000000002,-1,-1,-1,1.0,1.0,-1.0,0.0,-0.3333333333333333,0.12150000000000001,-1,-1,-1,0.356862745098039,0.694117647058824,0.803921568627451
154.13766860961914,0.0,-0.26223945962881706,0.03,1,1,1,0.0,0.3333333333333333,0.09841500000000002,-1,-1,-1,1.0,1.0,-1.0,0.0,-0.3333333333333333,0.12150000000000001,-1,-1,-1,0.356862745098039,0.694117647058824,0.803921568627451
154.17288184165955,0.0,-0.2656316312204406,0.03,1,1,1,0.0,0.3333333333333333,0.09841500000000002,-1,-1,-1,1.0,1.0,-1.0,0.0,-0.3333333333333333,0.12150000000000001,-1,-1,-1,0.356862745098039,0.694117647058824,0.803921568627451
154.20720314979553,0.0,-0.2690238028120641,0.03,1,1,1,0.0,0.3333333333333333,0.09841500000000002,-1,-1,-1,1.0,1.0,-1.0,0.0,-0.3333333333333333,0.12150000000000001,-1,-1,-1,0.356862745098039,0.694117647058824,0.803921568627451
154.2418565750122,0.0,-0.27241597440368764,0.03,1,1,1,0.0,0.3333333333333333,0.09841500000000002,-1,-1,-1,1.0,1.0,-1.0,0.0,-0.3333333333333333,0.12150000000000001,-1,-1,-1,0.356862745098039,0.694117647058824,0.803921568627451
154.2763237953186,0.0,-0.27580814599531117,0.03,1,1,1,0.0,0.3333333333333333,0.09841500000000002,-1,-1,-1,1.0,1.0,-1.0,0.0,-0.3333333333333333,0.12150000000000001,-1,-1,-1,0.356862745098039,0.694117647058824,0.803921568627451
154.3113296031952,0.0,-0.2792003175869347,0.03,1,1,1,0.0,0.3333333333333333,0.09841500000000002,-1,-1,-1,1.0,1.0,-1.0,0.0,-0.3333333333333333,0.12150000000000001,-1,-1,-1,0.356862745098039,0.694117647058824,0.803921568627451
154.3457419872284,0.0,-0.2825924891785582,0.03,1,1,1,0.0,0.3333333333333333,0.09841500000000002,-1,-1,-1,1.0,1.0,-1.0,0.0,-0.3333333333333333,0.12150000000000001,-1,-1,-1,0.356862745098039,0.694117647058824,0.803921568627451
154.38116216659546,0.0,-0.28598466077018175,0.03,1,1,1,0.0,0.3333333333333333,0.09841500000000002,-1,-1,-1,1.0,1.0,-1.0,0.0,-0.3333333333333333,0.12150000000000001,-1,-1,-1,0.356862745098039,0.694117647058824,0.803921568627451
154.415687084198,0.0,-0.2893768323618053,0.03,1,1,1,0.0,0.3333333333333333,0.09841500000000002,-1,-1,-1,1.0,1.0,-1.0,0.0,-0.3333333333333333,0.12150000000000001,-1,-1,-1,0.356862745098039,0.694117647058824,0.803921568627451
154.4504702091217,0.0,-0.2927690039534288,0.03,1,1,1,0.0,0.3333333333333333,0.09841500000000002,-1,-1,-1,1.0,1.0,-1.0,0.0,-0.3333333333333333,0.12150000000000001,-1,-1,-1,0.356862745098039,0.694117647058824,0.803921568627451
154.48522353172302,0.0,-0.29616117554505234,0.03,1,1,1,0.0,0.3333333333333333,0.09841500000000002,-1,-1,-1,1.0,1.0,-1.0,0.0,-0.3333333333333333,0.12150000000000001,-1,-1,-1,0.356862745098039,0.694117647058824,0.803921568627451
154.52003002166748,0.0,-0.29955334713667586,0.03,1,1,1,0.0,0.3333333333333333,0.09841500000000002,-1,-1,-1,1.0,1.0,-1.0,0.0,-0.3333333333333333,0.12150000000000001,-1,-1,-1,0.356862745098039,0.694117647058824,0.803921568627451
154.55464124679565,0.0,-0.3029455187282994,0.03,1,1,1,0.0,0.3333333333333333,0.09841500000000002,-1,-1,-1,1.0,1.0,-1.0,0.0,-0.3333333333333333,0.12150000000000001,-1,-1,-1,0.356862745098039,0.694117647058824,0.803921568627451
154.58951497077942,0.0,-0.3063376903199229,0.03,1,1,1,0.0,0.3333333333333333,0.09841500000000002,-1,-1,-1,1.0,1.0,-1.0,0.0,-0.3333333333333333,0.12150000000000001,-1,-1,-1,0.356862745098039,0.694117647058824,0.803921568627451
154.6236822605133,0.0,-0.30972986191154644,0.03,1,1,1,0.0,0.3333333333333333,0.09841500000000002,-1,-1,-1,1.0,1.0,-1.0,0.0,-0.3333333333333333,0.12150000000000001,-1,-1,-1,0.356862745098039,0.694117647058824,0.803921568627451
154.65881609916687,0.0,-0.31312203350316997,0.03,1,1,1,0.0,0.3333333333333333,0.09841500000000002,-1,-1,-1,1.0,1.0,-1.0,0.0,-0.3333333333333333,0.12150000000000001,-1,-1,-1,0.356862745098039,0.694117647058824,0.803921568627451
154.69358682632446,0.0,-0.3165142050947935,0.03,1,1,1,0.0,0.3333333333333333,0.09841500000000002,-1,-1,-1,1.0,1.0,-1.0,0.0,-0.3333333333333333,0.12150000000000001,-1,-1,-1,0.356862745098039,0.694117647058824,0.803921568627451
154.72817420959473,0.0,-0.319906376686417,0.03,1,1,1,0.0,0.3333333333333333,0.09841500000000002,-1,-1,-1,1.0,1.0,-1.0,0.0,-0.3333333333333333,0.12150000000000001,-1,-1,-1,0.356862745098039,0.694117647058824,0.803921568627451
154.76285767555237,0.0,-0.32329854827804055,0.03,1,1,1,0.0,0.3333333333333333,0.09841500000000002,-1,-1,-1,1.0,1.0,-1.0,0.0,-0.3333333333333333,0.12150000000000001,-1,-1,-1,0.356862745098039,0.694117647058824,0.803921568627451
154.79742670059204,0.0,-0.3266907198696641,0.03,1,1,1,0.0,0.3333333333333333,0.09841500000000002,-1,-1,-1,1.0,1.0,-1.0,0.0,-0.3333333333333333,0.12150000000000001,-1,-1,-1,0.356862745098039,0.694117647058824,0.803921568627451
154.8322250843048,0.0,-0.3300828914612876,0.03,1,1,1,0.0,0.3333333333333333,0.09841500000000002,-1,-1,-1,1.0,1.0,-1.0,0.0,-0.3333333333333333,0.12150000000000001,-1,-1,-1,0.356862745098039,0.694117647058824,0.803921568627451
154.86671328544617,0.0,-0.33347506305291114,0.03,1,1,1,0.0,0.3333333333333333,0.09841500000000002,-1,-1,-1,1.0,1.0,-1.0,0.0,-0.3333333333333333,0.12150000000000001,-1,-1,-1,0.356862745098039,0.694117647058824,0.803921568627451
154.90180945396423,0.0,-0.33347506305291114,0.03,1,1,1,0.0,0.3333333333333333,0.09841500000000002,-1,-1,-1,1.0,1.0,-1.0,0.0,-0.3333333333333333,0.12150000000000001,-1,-1,-1,0.356862745098039,0.694117647058824,0.803921568627451
154.93640995025635,0.0,-0.0004936139121735434,0.03,1,1,1,0.0,0.3333333333333333,0.09841500000000002,-1,-1,-1,1.0,1.0,-1.0,0.0,-0.3333333333333333,0.10935000000000002,1,1,1,0.356862745098039,0.694117647058824,0.803921568627451
154.97106981277466,0.0,-0.0013163037657961155,0.03,1,1,1,0.0,0.3333333333333333,0.09841500000000002,-1,-1,-1,1.0,1.0,-1.0,0.0,-0.3333333333333333,0.10935000000000002,1,1,1,0.356862745098039,0.694117647058824,0.803921568627451
155.00582432746887,0.0,-0.002138993619418688,0.03,1,1,1,0.0,0.3333333333333333,0.09841500000000002,-1,-1,-1,1.0,1.0,-1.0,0.0,-0.3333333333333333,0.10935000000000002,1,1,1,0.356862745098039,0.694117647058824,0.803921568627451
155.04080152511597,0.0,-0.00296168347304126,0.03,1,1,1,0.0,0.3333333333333333,0.09841500000000002,-1,-1,-1,1.0,1.0,-1.0,0.0,-0.3333333333333333,0.10935000000000002,1,1,1,0.356862745098039,0.694117647058824,0.803921568627451
155.0755786895752,0.0,-0.003784373326663832,0.03,1,1,1,0.0,0.3333333333333333,0.09841500000000002,-1,-1,-1,1.0,1.0,-1.0,0.0,-0.3333333333333333,0.10935000000000002,1,1,1,0.356862745098039,0.694117647058824,0.803921568627451
155.11026811599731,0.0,-0.004607063180286406,0.03,1,1,1,0.0,0.3333333333333333,0.09841500000000002,-1,-1,-1,1.0,1.0,-1.0,0.0,-0.3333333333333333,0.10935000000000002,1,1,1,0.356862745098039,0.694117647058824,0.803921568627451
155.14501118659973,0.0,-0.0054297530339089805,0.03,1,1,1,0.0,0.3333333333333333,0.09841500000000002,-1,-1,-1,1.0,1.0,-1.0,0.0,-0.3333333333333333,0.10935000000000002,1,1,1,0.356862745098039,0.694117647058824,0.803921568627451
155.1795814037323,0.0,-0.006252442887531555,0.03,1,1,1,0.0,0.3333333333333333,0.09841500000000002,-1,-1,-1,1.0,1.0,-1.0,0.0,-0.3333333333333333,0.10935000000000002,1,1,1,0.356862745098039,0.694117647058824,0.803921568627451
155.2141444683075,0.0,-0.007075132741154129,0.03,1,1,1,0.0,0.3333333333333333,0.09841500000000002,-1,-1,-1,1.0,1.0,-1.0,0.0,-0.3333333333333333,0.10935000000000002,1,1,1,0.356862745098039,0.694117647058824,0.803921568627451
155.2488613128662,0.0,-0.007897822594776702,0.03,1,1,1,0.0,0.3333333333333333,0.09841500000000002,-1,-1,-1,1.0,1.0,-1.0,0.0,-0.3333333333333333,0.10935000000000002,1,1,1,0.356862745098039,0.694117647058824,0.803921568627451
155.28380012512207,0.0,-0.008720512448399272,0.03,1,1,1,0.0,0.3333333333333333,0.09841500000000002,-1,-1,-1,1.0,1.0,-1.0,0.0,-0.3333333333333333,0.10935000000000002,1,1,1,0.356862745098039,0.694117647058824,0.803921568627451
155.31855940818787,0.0,-0.009543202302021842,0.03,1,1,1,0.0,0.3333333333333333,0.09841500000000002,-1,-1,-1,1.0,1.0,-1.0,0.0,-0.3333333333333333,0.10935000000000002,1,1,1,0.356862745098039,0.694117647058824,0.803921568627451
155.35317301750183,0.0,-0.010365892155644412,0.03,1,1,1,0.0,0.3333333333333333,0.09841500000000002,-1,-1,-1,1.0,1.0,-1.0,0.0,-0.3333333333333333,0.10935000000000002,1,1,1,0.356862745098039,0.694117647058824,0.803921568627451
155.38792324066162,0.0,-0.011188582009266982,0.03,1,1,1,0.0,0.3333333333333333,0.09841500000000002,-1,-1,-1,1.0,1.0,-1.0,0.0,-0.3333333333333333,0.10935000000000002,1,1,1,0.356862745098039,0.694117647058824,0.803921568627451
155.42300724983215,0.0,-0.012011271862889552,0.03,1,1,1,0.0,0.3333333333333333,0.09841500000000002,-1,-1,-1,1.0,1.0,-1.0,0.0,-0.3333333333333333,0.10935000000000002,1,1,1,0.356862745098039,0.694117647058824,0.803921568627451
155.45713448524475,0.0,-0.012833961716512122,0.03,1,1,1,0.0,0.3333333333333333,0.09841500000000002,-1,-1,-1,1.0,1.0,-1.0,0.0,-0.3333333333333333,0.10935000000000002,1,1,1,0.356862745098039,0.694117647058824,0.803921568627451
155.49219584465027,0.0,-0.013656651570134692,0.03,1,1,1,0.0,0.3333333333333333,0.09841500000000002,-1,-1,-1,1.0,1.0,-1.0,0.0,-0.3333333333333333,0.10935000000000002,1,1,1,0.356862745098039,0.694117647058824,0.803921568627451
155.52667880058289,0.0,-0.014479341423757262,0.03,1,1,1,0.0,0.3333333333333333,0.09841500000000002,-1,-1,-1,1.0,1.0,-1.0,0.0,-0.3333333333333333,0.10935000000000002,1,1,1,0.356862745098039,0.694117647058824,0.803921568627451
155.5614960193634,0.0,-0.015302031277379832,0.03,1,1,1,0.0,0.3333333333333333,0.09841500000000002,-1,-1,-1,1.0,1.0,-1.0,0.0,-0.3333333333333333,0.10935000000000002,1,1,1,0.356862745098039,0.694117647058824,0.803921568627451
155.59595727920532,0.0,-0.0161247211310024,0.03,1,1,1,0.0,0.3333333333333333,0.09841500000000002,-1,-1,-1,1.0,1.0,-1.0,0.0,-0.3333333333333333,0.10935000000000002,1,1,1,0.356862745098039,0.694117647058824,0.803921568627451
155.6310498714447,0.0,-0.01694741098462497,0.03,1,1,1,0.0,0.3333333333333333,0.09841500000000002,-1,-1,-1,1.0,1.0,-1.0,0.0,-0.3333333333333333,0.10935000000000002,1,1,1,0.356862745098039,0.694117647058824,0.803921568627451
155.66587114334106,0.0,-0.01777010083824754,0.03,1,1,1,0.0,0.3333333333333333,0.09841500000000002,-1,-1,-1,1.0,1.0,-1.0,0.0,-0.3333333333333333,0.10935000000000002,1,1,1,0.356862745098039,0.694117647058824,0.803921568627451
155.70004177093506,0.0,-0.01859279069187011,0.03,1,1,1,0.0,0.3333333333333333,0.09841500000000002,-1,-1,-1,1.0,1.0,-1.0,0.0,-0.3333333333333333,0.10935000000000002,1,1,1,0.356862745098039,0.694117647058824,0.803921568627451
155.73536157608032,0.0,-0.01941548054549268,0.03,1,1,1,0.0,0.3333333333333333,0.09841500000000002,-1,-1,-1,1.0,1.0,-1.0,0.0,-0.3333333333333333,0.10935000000000002,1,1,1,0.356862745098039,0.694117647058824,0.803921568627451
155.77005577087402,0.0,-0.02023817039911525,0.03,1,1,1,0.0,0.3333333333333333,0.09841500000000002,-1,-1,-1,1.0,1.0,-1.0,0.0,-0.3333333333333333,0.10935000000000002,1,1,1,0.356862745098039,0.694117647058824,0.803921568627451
155.80465722084045,0.0,-0.02106086025273782,0.03,1,1,1,0.0,0.3333333333333333,0.09841500000000002,-1,-1,-1,1.0,1.0,-1.0,0.0,-0.3333333333333333,0.10935000000000002,1,1,1,0.356862745098039,0.694117647058824,0.803921568627451
155.83895564079285,0.0,-0.02188355010636039,0.03,1,1,1,0.0,0.3333333333333333,0.09841500000000002,-1,-1,-1,1.0,1.0,-1.0,0.0,-0.3333333333333333,0.10935000000000002,1,1,1,0.356862745098039,0.694117647058824,0.803921568627451
155.87434768676758,0.0,-0.02270623995998296,0.03,1,1,1,0.0,0.3333333333333333,0.09841500000000002,-1,-1,-1,1.0,1.0,-1.0,0.0,-0.3333333333333333,0.10935000000000002,1,1,1,0.356862745098039,0.694117647058824,0.803921568627451
155.9090347290039,0.0,-0.02352892981360553,0.03,1,1,1,0.0,0.3333333333333333,0.09841500000000002,-1,-1,-1,1.0,1.0,-1.0,0.0,-0.3333333333333333,0.10935000000000002,1,1,1,0.356862745098039,0.694117647058824,0.803921568627451
155.9436070919037,0.0,-0.0243516196672281,0.03,1,1,1,0.0,0.3333333333333333,0.09841500000000002,-1,-1,-1,1.0,1.0,-1.0,0.0,-0.3333333333333333,0.10935000000000002,1,1,1,0.356862745098039,0.694117647058824,0.803921568627451
155.97846364974976,0.0,-0.02517430952085067,0.03,1,1,1,0.0,0.3333333333333333,0.09841500000000002,-1,-1,-1,1.0,1.0,-1.0,0.0,-0.3333333333333333,0.10935000000000002,1,1,1,0.356862745098039,0.694117647058824,0.803921568627451
156.01254677772522,0.0,-0.02599699937447324,0.03,1,1,1,0.0,0.3333333333333333,0.09841500000000002,-1,-1,-1,1.0,1.0,-1.0,0.0,-0.3333333333333333,0.10935000000000002,1,1,1,0.356862745098039,0.694117647058824,0.803921568627451
156.04732203483582,0.0,-0.02681968922809581,0.03,1,1,1,0.0,0.3333333333333333,0.09841500000000002,-1,-1,-1,1.0,1.0,-1.0,0.0,-0.3333333333333333,0.10935000000000002,1,1,1,0.356862745098039,0.694117647058824,0.803921568627451
156.08268976211548,0.0,-0.02764237908171838,0.03,1,1,1,0.0,0.3333333333333333,0.09841500000000002,-1,-1,-1,1.0,1.0,-1.0,0.0,-0.3333333333333333,0.10935000000000002,1,1,1,0.356862745098039,0.694117647058824,0.803921568627451
156.11675786972046,0.0,-0.02846506893534095,0.03,1,1,1,0.0,0.3333333333333333,0.09841500000000002,-1,-1,-1,1.0,1.0,-1.0,0.0,-0.3333333333333333,0.10935000000000002,1,1,1,0.356862745098039,0.694117647058824,0.803921568627451
156.1516649723053,0.0,-0.03346688813034399,0.03,1,1,1,0.0,0.3333333333333333,0.09841500000000002,-1,-1,-1,1.0,1.0,-1.0,0.0,-0.3333333333333333,0.10935000000000002,-1,-1,-1,0.356862745098039,0.694117647058824,0.803921568627451
156.18642568588257,0.0,-0.03846870732534704,0.03,1,1,1,0.0,0.3333333333333333,0.09841500000000002,-1,-1,-1,1.0,1.0,-1.0,0.0,-0.3333333333333333,0.10935000000000002,-1,-1,-1,0.356862745098039,0.694117647058824,0.803921568627451
156.22131848335266,0.0,-0.043470526520350085,0.03,1,1,1,0.0,0.3333333333333333,0.09841500000000002,-1,-1,-1,1.0,1.0,-1.0,0.0,-0.3333333333333333,0.10935000000000002,-1,-1,-1,0.356862745098039,0.694117647058824,0.803921568627451
156.25607132911682,0.0,-0.04847234571535313,0.03,1,1,1,0.0,0.3333333333333333,0.09841500000000002,-1,-1,-1,1.0,1.0,-1.0,0.0,-0.3333333333333333,0.10935000000000002,-1,-1,-1,0.356862745098039,0.694117647058824,0.803921568627451
156.29096627235413,0.0,-0.05347416491035618,0.03,1,1,1,0.0,0.3333333333333333,0.09841500000000002,-1,-1,-1,1.0,1.0,-1.0,0.0,-0.3333333333333333,0.10935000000000002,-1,-1,-1,0.356862745098039,0.694117647058824,0.803921568627451
156.32542490959167,0.0,-0.05847598410535922,0.03,1,1,1,0.0,0.3333333333333333,0.09841500000000002,-1,-1,-1,1.0,1.0,-1.0,0.0,-0.3333333333333333,0.10935000000000002,-1,-1,-1,0.356862745098039,0.694117647058824,0.803921568627451
156.35965371131897,0.0,-0.06347780330036225,0.03,1,1,1,0.0,0.3333333333333333,0.09841500000000002,-1,-1,-1,1.0,1.0,-1.0,0.0,-0.3333333333333333,0.10935000000000002,-1,-1,-1,0.356862745098039,0.694117647058824,0.803921568627451
156.39465045928955,0.0,-0.0684796224953653,0.03,1,1,1,0.0,0.3333333333333333,0.09841500000000002,-1,-1,-1,1.0,1.0,-1.0,0.0,-0.3333333333333333,0.10935000000000002,-1,-1,-1,0.356862745098039,0.694117647058824,0.803921568627451
156.4292824268341,0.0,-0.07348144169036834,0.03,1,1,1,0.0,0.3333333333333333,0.09841500000000002,-1,-1,-1,1.0,1.0,-1.0,0.0,-0.3333333333333333,0.10935000000000002,-1,-1,-1,0.356862745098039,0.694117647058824,0.803921568627451
156.46405720710754,0.0,-0.07848326088537139,0.03,1,1,1,0.0,0.3333333333333333,0.09841500000000002,-1,-1,-1,1.0,1.0,-1.0,0.0,-0.3333333333333333,0.10935000000000002,-1,-1,-1,0.356862745098039,0.694117647058824,0.803921568627451
156.49875235557556,0.0,-0.08348508008037443,0.03,1,1,1,0.0,0.3333333333333333,0.09841500000000002,-1,-1,-1,1.0,1.0,-1.0,0.0,-0.3333333333333333,0.10935000000000002,-1,-1,-1,0.356862745098039,0.694117647058824,0.803921568627451
156.5340850353241,0.0,-0.08848689927537748,0.03,1,1,1,0.0,0.3333333333333333,0.09841500000000002,-1,-1,-1,1.0,1.0,-1.0,0.0,-0.3333333333333333,0.10935000000000002,-1,-1,-1,0.356862745098039,0.694117647058824,0.803921568627451
156.56861805915833,0.0,-0.09348871847038052,0.03,1,1,1,0.0,0.3333333333333333,0.09841500000000002,-1,-1,-1,1.0,1.0,-1.0,0.0,-0.3333333333333333,0.10935000000000002,-1,-1,-1,0.356862745098039,0.694117647058824,0.803921568627451
156.60318779945374,0.0,-0.09849053766538357,0.03,1,1,1,0.0,0.3333333333333333,0.09841500000000002,-1,-1,-1,1.0,1.0,-1.0,0.0,-0.3333333333333333,0.10935000000000002,-1,-1,-1,0.356862745098039,0.694117647058824,0.803921568627451
156.63817405700684,0.0,-0.10349235686038662,0.03,1,1,1,0.0,0.3333333333333333,0.09841500000000002,-1,-1,-1,1.0,1.0,-1.0,0.0,-0.3333333333333333,0.10935000000000002,-1,-1,-1,0.356862745098039,0.694117647058824,0.803921568627451
156.67295932769775,0.0,-0.10849417605538966,0.03,1,1,1,0.0,0.3333333333333333,0.09841500000000002,-1,-1,-1,1.0,1.0,-1.0,0.0,-0.3333333333333333,0.10935000000000002,-1,-1,-1,0.356862745098039,0.694117647058824,0.803921568627451
156.70754671096802,0.0,-0.11349599525039271,0.03,1,1,1,0.0,0.3333333333333333,0.09841500000000002,-1,-1,-1,1.0,1.0,-1.0,0.0,-0.3333333333333333,0.10935000000000002,-1,-1,-1,0.356862745098039,0.694117647058824,0.803921568627451
156.74214458465576,0.0,-0.11849781444539575,0.03,1,1,1,0.0,0.3333333333333333,0.09841500000000002,-1,-1,-1,1.0,1.0,-1.0,0.0,-0.3333333333333333,0.10935000000000002,-1,-1,-1,0.356862745098039,0.694117647058824,0.803921568627451
156.77696752548218,0.0,-0.1234996336403988,0.03,1,1,1,0.0,0.3333333333333333,0.09841500000000002,-1,-1,-1,1.0,1.0,-1.0,0.0,-0.3333333333333333,0.10935000000000002,-1,-1,-1,0.356862745098039,0.694117647058824,0.803921568627451
156.81167793273926,0.0,-0.1285014528354018,0.03,1,1,1,0.0,0.3333333333333333,0.09841500000000002,-1,-1,-1,1.0,1.0,-1.0,0.0,-0.3333333333333333,0.10935000000000002,-1,-1,-1,0.356862745098039,0.694117647058824,0.803921568627451
156.84644484519958,0.0,-0.13350327203040477,0.03,1,1,1,0.0,0.3333333333333333,0.09841500000000002,-1,-1,-1,1.0,1.0,-1.0,0.0,-0.3333333333333333,0.10935000000000002,-1,-1,-1,0.356862745098039,0.694117647058824,0.803921568627451
156.8809530735016,0.0,-0.13850509122540774,0.03,1,1,1,0.0,0.3333333333333333,0.09841500000000002,-1,-1,-1,1.0,1.0,-1.0,0.0,-0.3333333333333333,0.10935000000000002,-1,-1,-1,0.356862745098039,0.694117647058824,0.803921568627451
156.91570806503296,0.0,-0.14350691042041072,0.03,1,1,1,0.0,0.3333333333333333,0.09841500000000002,-1,-1,-1,1.0,1.0,-1.0,0.0,-0.3333333333333333,0.10935000000000002,-1,-1,-1,0.356862745098039,0.694117647058824,0.803921568627451
156.95013809204102,0.0,-0.1485087296154137,0.03,1,1,1,0.0,0.3333333333333333,0.09841500000000002,-1,-1,-1,1.0,1.0,-1.0,0.0,-0.3333333333333333,0.10935000000000002,-1,-1,-1,0.356862745098039,0.694117647058824,0.803921568627451
156.9851725101471,0.0,-0.15351054881041667,0.03,1,1,1,0.0,0.3333333333333333,0.09841500000000002,-1,-1,-1,1.0,1.0,-1.0,0.0,-0.3333333333333333,0.10935000000000002,-1,-1,-1,0.356862745098039,0.694117647058824,0.803921568627451
157.01960968971252,0.0,-0.15851236800541965,0.03,1,1,1,0.0,0.3333333333333333,0.09841500000000002,-1,-1,-1,1.0,1.0,-1.0,0.0,-0.3333333333333333,0.10935000000000002,-1,-1,-1,0.356862745098039,0.694117647058824,0.803921568627451
157.05441737174988,0.0,-0.16351418720042263,0.03,1,1,1,0.0,0.3333333333333333,0.09841500000000002,-1,-1,-1,1.0,1.0,-1.0,0.0,-0.3333333333333333,0.10935000000000002,-1,-1,-1,0.356862745098039,0.694117647058824,0.803921568627451
157.0894627571106,0.0,-0.1685160063954256,0.03,1,1,1,0.0,0.3333333333333333,0.09841500000000002,-1,-1,-1,1.0,1.0,-1.0,0.0,-0.3333333333333333,0.10935000000000002,-1,-1,-1,0.356862745098039,0.694117647058824,0.803921568627451
157.12407445907593,0.0,-0.17351782559042858,0.03,1,1,1,0.0,0.3333333333333333,0.09841500000000002,-1,-1,-1,1.0,1.0,-1.0,0.0,-0.3333333333333333,0.10935000000000002,-1,-1,-1,0.356862745098039,0.694117647058824,0.803921568627451
157.15905094146729,0.0,-0.17851964478543156,0.03,1,1,1,0.0,0.3333333333333333,0.09841500000000002,-1,-1,-1,1.0,1.0,-1.0,0.0,-0.3333333333333333,0.10935000000000002,-1,-1,-1,0.356862745098039,0.694117647058824,0.803921568627451
157.1935887336731,0.0,-0.18352146398043453,0.03,1,1,1,0.0,0.3333333333333333,0.09841500000000002,-1,-1,-1,1.0,1.0,-1.0,0.0,-0.3333333333333333,0.10935000000000002,-1,-1,-1,0.356862745098039,0.694117647058824,0.803921568627451
157.2283000946045,0.0,-0.1885232831754375,0.03,1,1,1,0.0,0.3333333333333333,0.09841500000000002,-1,-1,-1,1.0,1.0,-1.0,0.0,-0.3333333333333333,0.10935000000000002,-1,-1,-1,0.356862745098039,0.694117647058824,0.803921568627451
157.26300382614136,0.0,-0.1935251023704405,0.03,1,1,1,0.0,0.3333333333333333,0.09841500000000002,-1,-1,-1,1.0,1.0,-1.0,0.0,-0.3333333333333333,0.10935000000000002,-1,-1,-1,0.356862745098039,0.694117647058824,0.803921568627451
157.2981734275818,0.0,-0.19852692156544346,0.03,1,1,1,0.0,0.3333333333333333,0.09841500000000002,-1,-1,-1,1.0,1.0,-1.0,0.0,-0.3333333333333333,0.10935000000000002,-1,-1,-1,0.356862745098039,0.694117647058824,0.803921568627451
157.33191657066345,0.0,-0.20152801308244525,0.03,1,1,1,0.0,0.3333333333333333,0.09841500000000002,-1,-1,-1,1.0,1.0,-1.0,0.0,-0.3333333333333333,0.10935000000000002,-1,-1,-1,0.356862745098039,0.694117647058824,0.803921568627451
157.36710500717163,0.0,-0.20152801308244525,0.03,1,1,1,0.0,0.3333333333333333,0.09841500000000002,-1,-1,-1,1.0,1.0,-1.0,0.0,-0.3333333333333333,0.10935000000000002,-1,-1,-1,0.356862745098039,0.694117647058824,0.803921568627451
157.40169191360474,0.0,-0.20152801308244525,0.03,1,1,1,0.0,0.3333333333333333,0.09841500000000002,-1,-1,-1,1.0,1.0,-1.0,0.0,-0.3333333333333333,0.10935000000000002,-1,-1,-1,0.356862745098039,0.694117647058824,0.803921568627451
157.43619656562805,0.0,-0.20152801308244525,0.03,1,1,1,0.0,0.3333333333333333,0.09841500000000002,-1,-1,-1,1.0,1.0,-1.0,0.0,-0.3333333333333333,0.10935000000000002,-1,-1,-1,0.356862745098039,0.694117647058824,0.803921568627451
157.4711902141571,0.0,-0.20152801308244525,0.03,1,1,1,0.0,0.3333333333333333,0.09841500000000002,-1,-1,-1,1.0,1.0,-1.0,0.0,-0.3333333333333333,0.10935000000000002,-1,-1,-1,0.356862745098039,0.694117647058824,0.803921568627451
157.505601644516,0.0,-0.20152801308244525,0.03,1,1,1,0.0,0.3333333333333333,0.09841500000000002,-1,-1,-1,1.0,1.0,-1.0,0.0,-0.3333333333333333,0.10935000000000002,-1,-1,-1,0.356862745098039,0.694117647058824,0.803921568627451
157.54087662696838,0.0,-0.20152801308244525,0.03,1,1,1,0.0,0.3333333333333333,0.09841500000000002,-1,-1,-1,1.0,1.0,-1.0,0.0,-0.3333333333333333,0.10935000000000002,-1,-1,-1,0.356862745098039,0.694117647058824,0.803921568627451
157.57497549057007,0.0,-0.20152801308244525,0.03,1,1,1,0.0,0.3333333333333333,0.09841500000000002,-1,-1,-1,1.0,1.0,-1.0,0.0,-0.3333333333333333,0.10935000000000002,-1,-1,-1,0.356862745098039,0.694117647058824,0.803921568627451
157.61012172698975,0.0,-0.20152801308244525,0.03,1,1,1,0.0,0.3333333333333333,0.09841500000000002,-1,-1,-1,1.0,1.0,-1.0,0.0,-0.3333333333333333,0.10935000000000002,-1,-1,-1,0.356862745098039,0.694117647058824,0.803921568627451
157.64511919021606,0.0,-0.20152801308244525,0.03,1,1,1,0.0,0.3333333333333333,0.09841500000000002,-1,-1,-1,1.0,1.0,-1.0,0.0,-0.3333333333333333,0.10935000000000002,-1,-1,-1,0.356862745098039,0.694117647058824,0.803921568627451
157.67936849594116,0.0,-0.20152801308244525,0.03,1,1,1,0.0,0.3333333333333333,0.09841500000000002,-1,-1,-1,1.0,1.0,-1.0,0.0,-0.3333333333333333,0.10935000000000002,-1,-1,-1,0.356862745098039,0.694117647058824,0.803921568627451
157.71387124061584,0.0,-0.20152801308244525,0.03,1,1,1,0.0,0.3333333333333333,0.09841500000000002,-1,-1,-1,1.0,1.0,-1.0,0.0,-0.3333333333333333,0.10935000000000002,-1,-1,-1,0.356862745098039,0.694117647058824,0.803921568627451
157.74866199493408,0.0,-0.20152801308244525,0.03,1,1,1,0.0,0.3333333333333333,0.09841500000000002,-1,-1,-1,1.0,1.0,-1.0,0.0,-0.3333333333333333,0.10935000000000002,-1,-1,-1,0.356862745098039,0.694117647058824,0.803921568627451
157.78366923332214,0.0,-0.20152801308244525,0.03,1,1,1,0.0,0.3333333333333333,0.09841500000000002,-1,-1,-1,1.0,1.0,-1.0,0.0,-0.3333333333333333,0.10935000000000002,-1,-1,-1,0.356862745098039,0.694117647058824,0.803921568627451
157.81826829910278,0.0,-0.20152801308244525,0.03,1,1,1,0.0,0.3333333333333333,0.09841500000000002,-1,-1,-1,1.0,1.0,-1.0,0.0,-0.3333333333333333,0.10935000000000002,-1,-1,-1,0.356862745098039,0.694117647058824,0.803921568627451
157.85289692878723,0.0,-0.20152801308244525,0.03,1,1,1,0.0,0.3333333333333333,0.09841500000000002,-1,-1,-1,1.0,1.0,-1.0,0.0,-0.3333333333333333,0.10935000000000002,-1,-1,-1,0.356862745098039,0.694117647058824,0.803921568627451
157.88761973381042,0.0,-0.20152801308244525,0.03,1,1,1,0.0,0.3333333333333333,0.09841500000000002,-1,-1,-1,1.0,1.0,-1.0,0.0,-0.3333333333333333,0.10935000000000002,-1,-1,-1,0.356862745098039,0.694117647058824,0.803921568627451
157.92194628715515,0.0,-0.20152801308244525,0.03,1,1,1,0.0,0.3333333333333333,0.09841500000000002,-1,-1,-1,1.0,1.0,-1.0,0.0,-0.3333333333333333,0.10935000000000002,-1,-1,-1,0.356862745098039,0.694117647058824,0.803921568627451
157.956805229187,0.0,-0.20152801308244525,0.03,1,1,1,0.0,0.3333333333333333,0.09841500000000002,-1,-1,-1,1.0,1.0,-1.0,0.0,-0.3333333333333333,0.10935000000000002,-1,-1,-1,0.356862745098039,0.694117647058824,0.803921568627451
157.99143815040588,0.0,-0.20152801308244525,0.03,1,1,1,0.0,0.3333333333333333,0.09841500000000002,-1,-1,-1,1.0,1.0,-1.0,0.0,-0.3333333333333333,0.10935000000000002,-1,-1,-1,0.356862745098039,0.694117647058824,0.803921568627451
158.02627825737,0.0,-0.20152801308244525,0.03,1,1,1,0.0,0.3333333333333333,0.09841500000000002,-1,-1,-1,1.0,1.0,-1.0,0.0,-0.3333333333333333,0.10935000000000002,-1,-1,-1,0.356862745098039,0.694117647058824,0.803921568627451
158.06107592582703,0.0,-0.20152801308244525,0.03,1,1,1,0.0,0.3333333333333333,0.09841500000000002,-1,-1,-1,1.0,1.0,-1.0,0.0,-0.3333333333333333,0.10935000000000002,-1,-1,-1,0.356862745098039,0.694117647058824,0.803921568627451
158.0957396030426,0.0,-0.20152801308244525,0.03,1,1,1,0.0,0.3333333333333333,0.09841500000000002,-1,-1,-1,1.0,1.0,-1.0,0.0,-0.3333333333333333,0.10935000000000002,-1,-1,-1,0.356862745098039,0.694117647058824,0.803921568627451
158.13059282302856,0.0,-0.20152801308244525,0.03,1,1,1,0.0,0.3333333333333333,0.09841500000000002,-1,-1,-1,1.0,1.0,-1.0,0.0,-0.3333333333333333,0.10935000000000002,-1,-1,-1,0.356862745098039,0.694117647058824,0.803921568627451
158.16531705856323,0.0,-0.20152801308244525,0.03,1,1,1,0.0,0.3333333333333333,0.09841500000000002,-1,-1,-1,1.0,1.0,-1.0,0.0,-0.3333333333333333,0.10935000000000002,-1,-1,-1,0.356862745098039,0.694117647058824,0.803921568627451
158.19999170303345,0.0,-0.20152801308244525,0.03,1,1,1,0.0,0.3333333333333333,0.09841500000000002,-1,-1,-1,1.0,1.0,-1.0,0.0,-0.3333333333333333,0.10935000000000002,-1,-1,-1,0.356862745098039,0.694117647058824,0.803921568627451
158.23481345176697,0.0,-0.20152801308244525,0.03,1,1,1,0.0,0.3333333333333333,0.09841500000000002,-1,-1,-1,1.0,1.0,-1.0,0.0,-0.3333333333333333,0.10935000000000002,-1,-1,-1,0.356862745098039,0.694117647058824,0.803921568627451
158.26956367492676,0.0,-0.20152801308244525,0.03,1,1,1,0.0,0.3333333333333333,0.09841500000000002,-1,-1,-1,1.0,1.0,-1.0,0.0,-0.3333333333333333,0.10935000000000002,-1,-1,-1,0.356862745098039,0.694117647058824,0.803921568627451
158.304274559021,0.0,-0.20152801308244525,0.03,1,1,1,0.0,0.3333333333333333,0.09841500000000002,-1,-1,-1,1.0,1.0,-1.0,0.0,-0.3333333333333333,0.10935000000000002,-1,-1,-1,0.356862745098039,0.694117647058824,0.803921568627451
158.3390097618103,0.0,-0.20152801308244525,0.03,1,1,1,0.0,0.3333333333333333,0.09841500000000002,-1,-1,-1,1.0,1.0,-1.0,0.0,-0.3333333333333333,0.10935000000000002,-1,-1,-1,0.356862745098039,0.694117647058824,0.803921568627451
158.37360739707947,0.0,-0.20152801308244525,0.03,1,1,1,0.0,0.3333333333333333,0.09841500000000002,-1,-1,-1,1.0,1.0,-1.0,0.0,-0.3333333333333333,0.10935000000000002,-1,-1,-1,0.356862745098039,0.694117647058824,0.803921568627451
158.40845465660095,0.0,-0.20152801308244525,0.03,1,1,1,0.0,0.3333333333333333,0.09841500000000002,-1,-1,-1,1.0,1.0,-1.0,0.0,-0.3333333333333333,0.10935000000000002,-1,-1,-1,0.356862745098039,0.694117647058824,0.803921568627451
158.44314551353455,0.0,-0.20152801308244525,0.03,1,1,1,0.0,0.3333333333333333,0.09841500000000002,-1,-1,-1,1.0,1.0,-1.0,0.0,-0.3333333333333333,0.10935000000000002,-1,-1,-1,0.356862745098039,0.694117647058824,0.803921568627451
158.47790789604187,0.0,-0.20152801308244525,0.03,1,1,1,0.0,0.3333333333333333,0.09841500000000002,-1,-1,-1,1.0,1.0,-1.0,0.0,-0.3333333333333333,0.10935000000000002,-1,-1,-1,0.356862745098039,0.694117647058824,0.803921568627451
158.51260995864868,0.0,-0.20152801308244525,0.03,1,1,1,0.0,0.3333333333333333,0.09841500000000002,-1,-1,-1,1.0,1.0,-1.0,0.0,-0.3333333333333333,0.10935000000000002,-1,-1,-1,0.356862745098039,0.694117647058824,0.803921568627451
158.54744291305542,0.0,-0.20510617278909624,0.03,1,1,1,0.0,0.3333333333333333,0.09841500000000002,-1,-1,-1,1.0,1.0,-1.0,0.0,-0.3333333333333333,0.10935000000000002,-1,-1,-1,0.356862745098039,0.694117647058824,0.803921568627451
158.58207273483276,0.0,-0.20957887242240997,0.03,1,1,1,0.0,0.3333333333333333,0.09841500000000002,-1,-1,-1,1.0,1.0,-1.0,0.0,-0.3333333333333333,0.10935000000000002,-1,-1,-1,0.356862745098039,0.694117647058824,0.803921568627451
158.6170790195465,0.0,-0.2140515720557237,0.03,1,1,1,0.0,0.3333333333333333,0.09841500000000002,-1,-1,-1,1.0,1.0,-1.0,0.0,-0.3333333333333333,0.10935000000000002,-1,-1,-1,0.356862745098039,0.694117647058824,0.803921568627451
158.65171551704407,0.0,-0.21852427168903743,0.03,1,1,1,0.0,0.3333333333333333,0.09841500000000002,-1,-1,-1,1.0,1.0,-1.0,0.0,-0.3333333333333333,0.10935000000000002,-1,-1,-1,0.356862745098039,0.694117647058824,0.803921568627451
158.68652844429016,0.0,-0.22299697132235116,0.03,1,1,1,0.0,0.3333333333333333,0.09841500000000002,-1,-1,-1,1.0,1.0,-1.0,0.0,-0.3333333333333333,0.10935000000000002,-1,-1,-1,0.356862745098039,0.694117647058824,0.803921568627451
158.72116804122925,0.0,-0.2274696709556649,0.03,1,1,1,0.0,0.3333333333333333,0.09841500000000002,-1,-1,-1,1.0,1.0,-1.0,0.0,-0.3333333333333333,0.10935000000000002,-1,-1,-1,0.356862745098039,0.694117647058824,0.803921568627451
158.75597262382507,0.0,-0.23194237058897862,0.03,1,1,1,0.0,0.3333333333333333,0.09841500000000002,-1,-1,-1,1.0,1.0,-1.0,0.0,-0.3333333333333333,0.10935000000000002,-1,-1,-1,0.356862745098039,0.694117647058824,0.803921568627451
158.79061150550842,0.0,-0.23641507022229236,0.03,1,1,1,0.0,0.3333333333333333,0.09841500000000002,-1,-1,-1,1.0,1.0,-1.0,0.0,-0.3333333333333333,0.10935000000000002,-1,-1,-1,0.356862745098039,0.694117647058824,0.803921568627451
158.82536053657532,0.0,-0.24088776985560606,0.03,1,1,1,0.0,0.3333333333333333,0.09841500000000002,-1,-1,-1,1.0,1.0,-1.0,0.0,-0.3333333333333333,0.10935000000000002,-1,-1,-1,0.356862745098039,0.694117647058824,0.803921568627451
158.86004900932312,0.0,-0.2453604694889198,0.03,1,1,1,0.0,0.3333333333333333,0.09841500000000002,-1,-1,-1,1.0,1.0,-1.0,0.0,-0.3333333333333333,0.10935000000000002,-1,-1,-1,0.356862745098039,0.694117647058824,0.803921568627451
158.89502120018005,0.0,-0.24983316912223352,0.03,1,1,1,0.0,0.3333333333333333,0.09841500000000002,-1,-1,-1,1.0,1.0,-1.0,0.0,-0.3333333333333333,0.10935000000000002,-1,-1,-1,0.356862745098039,0.694117647058824,0.803921568627451
158.92969846725464,0.0,-0.2543058687555474,0.03,1,1,1,0.0,0.3333333333333333,0.09841500000000002,-1,-1,-1,1.0,1.0,-1.0,0.0,-0.3333333333333333,0.10935000000000002,-1,-1,-1,0.356862745098039,0.694117647058824,0.803921568627451
158.96428632736206,0.0,-0.25877856838886126,0.03,1,1,1,0.0,0.3333333333333333,0.09841500000000002,-1,-1,-1,1.0,1.0,-1.0,0.0,-0.3333333333333333,0.10935000000000002,-1,-1,-1,0.356862745098039,0.694117647058824,0.803921568627451
158.99897623062134,0.0,-0.26325126802217513,0.03,1,1,1,0.0,0.3333333333333333,0.09841500000000002,-1,-1,-1,1.0,1.0,-1.0,0.0,-0.3333333333333333,0.10935000000000002,-1,-1,-1,0.356862745098039,0.694117647058824,0.803921568627451
159.03370666503906,0.0,-0.267723967655489,0.03,1,1,1,0.0,0.3333333333333333,0.09841500000000002,-1,-1,-1,1.0,1.0,-1.0,0.0,-0.3333333333333333,0.10935000000000002,-1,-1,-1,0.356862745098039,0.694117647058824,0.803921568627451
159.0683512687683,0.0,-0.2721966672888029,0.03,1,1,1,0.0,0.3333333333333333,0.09841500000000002,-1,-1,-1,1.0,1.0,-1.0,0.0,-0.3333333333333333,0.10935000000000002,-1,-1,-1,0.356862745098039,0.694117647058824,0.803921568627451
159.1030969619751,0.0,-0.27666936692211674,0.03,1,1,1,0.0,0.3333333333333333,0.09841500000000002,-1,-1,-1,1.0,1.0,-1.0,0.0,-0.3333333333333333,0.10935000000000002,-1,-1,-1,0.356862745098039,0.694117647058824,0.803921568627451
159.13807272911072,0.0,-0.2811420665554306,0.03,1,1,1,0.0,0.3333333333333333,0.09841500000000002,-1,-1,-1,1.0,1.0,-1.0,0.0,-0.3333333333333333,0.10935000000000002,-1,-1,-1,0.356862745098039,0.694117647058824,0.803921568627451
159.1726677417755,0.0,-0.2856147661887445,0.03,1,1,1,0.0,0.3333333333333333,0.09841500000000002,-1,-1,-1,1.0,1.0,-1.0,0.0,-0.3333333333333333,0.10935000000000002,-1,-1,-1,0.356862745098039,0.694117647058824,0.803921568627451
159.20732307434082,0.0,-0.29008746582205835,0.03,1,1,1,0.0,0.3333333333333333,0.09841500000000002,-1,-1,-1,1.0,1.0,-1.0,0.0,-0.3333333333333333,0.10935000000000002,-1,-1,-1,0.356862745098039,0.694117647058824,0.803921568627451
159.24197721481323,0.0,-0.2945601654553722,0.03,1,1,1,0.0,0.3333333333333333,0.09841500000000002,-1,-1,-1,1.0,1.0,-1.0,0.0,-0.3333333333333333,0.10935000000000002,-1,-1,-1,0.356862745098039,0.694117647058824,0.803921568627451
159.27678656578064,0.0,-0.2990328650886861,0.03,1,1,1,0.0,0.3333333333333333,0.09841500000000002,-1,-1,-1,1.0,1.0,-1.0,0.0,-0.3333333333333333,0.10935000000000002,-1,-1,-1,0.356862745098039,0.694117647058824,0.803921568627451
159.31151032447815,0.0,-0.30350556472199997,0.03,1,1,1,0.0,0.3333333333333333,0.09841500000000002,-1,-1,-1,1.0,1.0,-1.0,0.0,-0.3333333333333333,0.10935000000000002,-1,-1,-1,0.356862745098039,0.694117647058824,0.803921568627451
159.34618091583252,0.0,-0.30797826435531384,0.03,1,1,1,0.0,0.3333333333333333,0.09841500000000002,-1,-1,-1,1.0,1.0,-1.0,0.0,-0.3333333333333333,0.10935000000000002,-1,-1,-1,0.356862745098039,0.694117647058824,0.803921568627451
159.3808822631836,0.0,-0.3124509639886277,0.03,1,1,1,0.0,0.3333333333333333,0.09841500000000002,-1,-1,-1,1.0,1.0,-1.0,0.0,-0.3333333333333333,0.10935000000000002,-1,-1,-1,0.356862745098039,0.694117647058824,0.803921568627451
159.41567277908325,0.0,-0.3169236636219416,0.03,1,1,1,0.0,0.3333333333333333,0.09841500000000002,-1,-1,-1,1.0,1.0,-1.0,0.0,-0.3333333333333333,0.10935000000000002,-1,-1,-1,0.356862745098039,0.694117647058824,0.803921568627451
159.4503357410431,0.0,-0.32139636325525545,0.03,1,1,1,0.0,0.3333333333333333,0.09841500000000002,-1,-1,-1,1.0,1.0,-1.0,0.0,-0.3333333333333333,0.10935000000000002,-1,-1,-1,0.356862745098039,0.694117647058824,0.803921568627451
159.4850616455078,0.0,-0.3258690628885693,0.03,1,1,1,0.0,0.3333333333333333,0.09841500000000002,-1,-1,-1,1.0,1.0,-1.0,0.0,-0.3333333333333333,0.10935000000000002,-1,-1,-1,0.356862745098039,0.694117647058824,0.803921568627451
159.51983308792114,0.0,-0.3303417625218832,0.03,1,1,1,0.0,0.3333333333333333,0.09841500000000002,-1,-1,-1,1.0,1.0,-1.0,0.0,-0.3333333333333333,0.10935000000000002,-1,-1,-1,0.356862745098039,0.694117647058824,0.803921568627451
159.55453443527222,0.0,-0.3339199222285343,0.03,1,1,1,0.0,0.3333333333333333,0.09841500000000002,-1,-1,-1,1.0,1.0,-1.0,0.0,-0.3333333333333333,0.10935000000000002,-1,-1,-1,0.356862745098039,0.694117647058824,0.803921568627451
159.5892677307129,0.0,-0.3339199222285343,0.03,1,1,1,0.0,0.3333333333333333,0.09841500000000002,-1,-1,-1,1.0,1.0,-1.0,0.0,-0.3333333333333333,0.10935000000000002,-1,-1,-1,0.356862745098039,0.694117647058824,0.803921568627451
159.62400126457214,0.0,-0.3339199222285343,0.03,1,1,1,0.0,0.3333333333333333,0.09841500000000002,-1,-1,-1,1.0,1.0,-1.0,0.0,-0.3333333333333333,0.10935000000000002,-1,-1,-1,0.356862745098039,0.694117647058824,0.803921568627451
159.6586675643921,0.0,-0.3339199222285343,0.03,1,1,1,0.0,0.3333333333333333,0.09841500000000002,-1,-1,-1,1.0,1.0,-1.0,0.0,-0.3333333333333333,0.10935000000000002,-1,-1,-1,0.356862745098039,0.694117647058824,0.803921568627451
159.6934938430786,0.0,-0.3339199222285343,0.03,1,1,1,0.0,0.3333333333333333,0.09841500000000002,-1,-1,-1,1.0,1.0,-1.0,0.0,-0.3333333333333333,0.10935000000000002,-1,-1,-1,0.356862745098039,0.694117647058824,0.803921568627451
159.7284197807312,0.0,-0.0002777177228414801,0.03,1,1,1,0.0,0.3333333333333333,0.09841500000000002,-1,-1,-1,1.0,1.0,-1.0,0.0,-0.3333333333333333,0.09841500000000002,1,1,1,0.356862745098039,0.694117647058824,0.803921568627451
159.76257467269897,0.0,-0.0016663063370488806,0.03,1,1,1,0.0,0.3333333333333333,0.09841500000000002,-1,-1,-1,1.0,1.0,-1.0,0.0,-0.3333333333333333,0.09841500000000002,1,1,1,0.356862745098039,0.694117647058824,0.803921568627451
159.79710006713867,0.0,-0.003054894951256281,0.03,1,1,1,0.0,0.3333333333333333,0.09841500000000002,-1,-1,-1,1.0,1.0,-1.0,0.0,-0.3333333333333333,0.09841500000000002,1,1,1,0.356862745098039,0.694117647058824,0.803921568627451
159.83232808113098,0.0,-0.004443483565463683,0.03,1,1,1,0.0,0.3333333333333333,0.09841500000000002,-1,-1,-1,1.0,1.0,-1.0,0.0,-0.3333333333333333,0.09841500000000002,1,1,1,0.356862745098039,0.694117647058824,0.803921568627451
159.86685752868652,0.0,-0.005832072179671085,0.03,1,1,1,0.0,0.3333333333333333,0.09841500000000002,-1,-1,-1,1.0,1.0,-1.0,0.0,-0.3333333333333333,0.09841500000000002,1,1,1,0.356862745098039,0.694117647058824,0.803921568627451
159.90167903900146,0.0,-0.0072206607938784875,0.03,1,1,1,0.0,0.3333333333333333,0.09841500000000002,-1,-1,-1,1.0,1.0,-1.0,0.0,-0.3333333333333333,0.09841500000000002,1,1,1,0.356862745098039,0.694117647058824,0.803921568627451
159.9364402294159,0.0,-0.008609249408085887,0.03,1,1,1,0.0,0.3333333333333333,0.09841500000000002,-1,-1,-1,1.0,1.0,-1.0,0.0,-0.3333333333333333,0.09841500000000002,1,1,1,0.356862745098039,0.694117647058824,0.803921568627451
159.97113752365112,0.0,-0.009997838022293285,0.03,1,1,1,0.0,0.3333333333333333,0.09841500000000002,-1,-1,-1,1.0,1.0,-1.0,0.0,-0.3333333333333333,0.09841500000000002,1,1,1,0.356862745098039,0.694117647058824,0.803921568627451
160.00588250160217,0.0,-0.011386426636500684,0.03,1,1,1,0.0,0.3333333333333333,0.09841500000000002,-1,-1,-1,1.0,1.0,-1.0,0.0,-0.3333333333333333,0.09841500000000002,1,1,1,0.356862745098039,0.694117647058824,0.803921568627451
160.04059052467346,0.0,-0.012775015250708082,0.03,1,1,1,0.0,0.3333333333333333,0.09841500000000002,-1,-1,-1,1.0,1.0,-1.0,0.0,-0.3333333333333333,0.09841500000000002,1,1,1,0.356862745098039,0.694117647058824,0.803921568627451
160.07525968551636,0.0,-0.01416360386491548,0.03,1,1,1,0.0,0.3333333333333333,0.09841500000000002,-1,-1,-1,1.0,1.0,-1.0,0.0,-0.3333333333333333,0.09841500000000002,1,1,1,0.356862745098039,0.694117647058824,0.803921568627451
160.10999369621277,0.0,-0.015552192479122876,0.03,1,1,1,0.0,0.3333333333333333,0.09841500000000002,-1,-1,-1,1.0,1.0,-1.0,0.0,-0.3333333333333333,0.09841500000000002,1,1,1,0.356862745098039,0.694117647058824,0.803921568627451
160.1447217464447,0.0,-0.016940781093330283,0.03,1,1,1,0.0,0.3333333333333333,0.09841500000000002,-1,-1,-1,1.0,1.0,-1.0,0.0,-0.3333333333333333,0.09841500000000002,1,1,1,0.356862745098039,0.694117647058824,0.803921568627451
160.17949223518372,0.0,-0.01832936970753769,0.03,1,1,1,0.0,0.3333333333333333,0.09841500000000002,-1,-1,-1,1.0,1.0,-1.0,0.0,-0.3333333333333333,0.09841500000000002,1,1,1,0.356862745098039,0.694117647058824,0.803921568627451
160.21415996551514,0.0,-0.019717958321745097,0.03,1,1,1,0.0,0.3333333333333333,0.09841500000000002,-1,-1,-1,1.0,1.0,-1.0,0.0,-0.3333333333333333,0.09841500000000002,1,1,1,0.356862745098039,0.694117647058824,0.803921568627451
160.2488944530487,0.0,-0.021106546935952503,0.03,1,1,1,0.0,0.3333333333333333,0.09841500000000002,-1,-1,-1,1.0,1.0,-1.0,0.0,-0.3333333333333333,0.09841500000000002,1,1,1,0.356862745098039,0.694117647058824,0.803921568627451
160.28363728523254,0.0,-0.02249513555015991,0.03,1,1,1,0.0,0.3333333333333333,0.09841500000000002,-1,-1,-1,1.0,1.0,-1.0,0.0,-0.3333333333333333,0.09841500000000002,1,1,1,0.356862745098039,0.694117647058824,0.803921568627451
160.31839227676392,0.0,-0.023883724164367317,0.03,1,1,1,0.0,0.3333333333333333,0.09841500000000002,-1,-1,-1,1.0,1.0,-1.0,0.0,-0.3333333333333333,0.09841500000000002,1,1,1,0.356862745098039,0.694117647058824,0.803921568627451
160.3530547618866,0.0,-0.025272312778574724,0.03,1,1,1,0.0,0.3333333333333333,0.09841500000000002,-1,-1,-1,1.0,1.0,-1.0,0.0,-0.3333333333333333,0.09841500000000002,1,1,1,0.356862745098039,0.694117647058824,0.803921568627451
160.38778591156006,0.0,-0.02666090139278213,0.03,1,1,1,0.0,0.3333333333333333,0.09841500000000002,-1,-1,-1,1.0,1.0,-1.0,0.0,-0.3333333333333333,0.09841500000000002,1,1,1,0.356862745098039,0.694117647058824,0.803921568627451
160.42252802848816,0.0,-0.028049490006989537,0.03,1,1,1,0.0,0.3333333333333333,0.09841500000000002,-1,-1,-1,1.0,1.0,-1.0,0.0,-0.3333333333333333,0.09841500000000002,1,1,1,0.356862745098039,0.694117647058824,0.803921568627451
160.4572548866272,0.0,-0.029438078621196944,0.03,1,1,1,0.0,0.3333333333333333,0.09841500000000002,-1,-1,-1,1.0,1.0,-1.0,0.0,-0.3333333333333333,0.09841500000000002,1,1,1,0.356862745098039,0.694117647058824,0.803921568627451
160.49193716049194,0.0,-0.030826667235404354,0.03,1,1,1,0.0,0.3333333333333333,0.09841500000000002,-1,-1,-1,1.0,1.0,-1.0,0.0,-0.3333333333333333,0.09841500000000002,1,1,1,0.356862745098039,0.694117647058824,0.803921568627451
160.52674460411072,0.0,-0.032215255849611754,0.03,1,1,1,0.0,0.3333333333333333,0.09841500000000002,-1,-1,-1,1.0,1.0,-1.0,0.0,-0.3333333333333333,0.09841500000000002,1,1,1,0.356862745098039,0.694117647058824,0.803921568627451
160.5614607334137,0.0,-0.033603844463819144,0.03,1,1,1,0.0,0.3333333333333333,0.09841500000000002,-1,-1,-1,1.0,1.0,-1.0,0.0,-0.3333333333333333,0.09841500000000002,1,1,1,0.356862745098039,0.694117647058824,0.803921568627451
160.59608578681946,0.0,-0.03499243307802653,0.03,1,1,1,0.0,0.3333333333333333,0.09841500000000002,-1,-1,-1,1.0,1.0,-1.0,0.0,-0.3333333333333333,0.09841500000000002,1,1,1,0.356862745098039,0.694117647058824,0.803921568627451
160.63086032867432,0.0,-0.03638102169223392,0.03,1,1,1,0.0,0.3333333333333333,0.09841500000000002,-1,-1,-1,1.0,1.0,-1.0,0.0,-0.3333333333333333,0.09841500000000002,1,1,1,0.356862745098039,0.694117647058824,0.803921568627451
160.66556334495544,0.0,-0.03776961030644131,0.03,1,1,1,0.0,0.3333333333333333,0.09841500000000002,-1,-1,-1,1.0,1.0,-1.0,0.0,-0.3333333333333333,0.09841500000000002,1,1,1,0.356862745098039,0.694117647058824,0.803921568627451
160.70019674301147,0.0,-0.0391581989206487,0.03,1,1,1,0.0,0.3333333333333333,0.09841500000000002,-1,-1,-1,1.0,1.0,-1.0,0.0,-0.3333333333333333,0.09841500000000002,1,1,1,0.356862745098039,0.694117647058824,0.803921568627451
160.73495817184448,0.0,-0.04054678753485609,0.03,1,1,1,0.0,0.3333333333333333,0.09841500000000002,-1,-1,-1,1.0,1.0,-1.0,0.0,-0.3333333333333333,0.09841500000000002,1,1,1,0.356862745098039,0.694117647058824,0.803921568627451
160.76978254318237,0.0,-0.04193537614906348,0.03,1,1,1,0.0,0.3333333333333333,0.09841500000000002,-1,-1,-1,1.0,1.0,-1.0,0.0,-0.3333333333333333,0.09841500000000002,1,1,1,0.356862745098039,0.694117647058824,0.803921568627451
160.8044981956482,0.0,-0.04332396476327087,0.03,1,1,1,0.0,0.3333333333333333,0.09841500000000002,-1,-1,-1,1.0,1.0,-1.0,0.0,-0.3333333333333333,0.09841500000000002,1,1,1,0.356862745098039,0.694117647058824,0.803921568627451
160.83914351463318,0.0,-0.04471255337747826,0.03,1,1,1,0.0,0.3333333333333333,0.09841500000000002,-1,-1,-1,1.0,1.0,-1.0,0.0,-0.3333333333333333,0.09841500000000002,1,1,1,0.356862745098039,0.694117647058824,0.803921568627451
160.8738784790039,0.0,-0.04610114199168565,0.03,1,1,1,0.0,0.3333333333333333,0.09841500000000002,-1,-1,-1,1.0,1.0,-1.0,0.0,-0.3333333333333333,0.09841500000000002,1,1,1,0.356862745098039,0.694117647058824,0.803921568627451
160.9085819721222,0.0,-0.04748973060589304,0.03,1,1,1,0.0,0.3333333333333333,0.09841500000000002,-1,-1,-1,1.0,1.0,-1.0,0.0,-0.3333333333333333,0.09841500000000002,1,1,1,0.356862745098039,0.694117647058824,0.803921568627451
160.94336223602295,0.0,-0.05008432821760477,0.03,1,1,1,0.0,0.3333333333333333,0.09841500000000002,-1,-1,-1,1.0,1.0,-1.0,0.0,-0.3333333333333333,0.09841500000000002,-1,-1,-1,0.356862745098039,0.694117647058824,0.803921568627451
160.97795748710632,0.0,-0.053482931827652735,0.03,1,1,1,0.0,0.3333333333333333,0.09841500000000002,-1,-1,-1,1.0,1.0,-1.0,0.0,-0.3333333333333333,0.09841500000000002,-1,-1,-1,0.356862745098039,0.694117647058824,0.803921568627451
161.01274847984314,0.0,-0.0568815354377007,0.03,1,1,1,0.0,0.3333333333333333,0.09841500000000002,-1,-1,-1,1.0,1.0,-1.0,0.0,-0.3333333333333333,0.09841500000000002,-1,-1,-1,0.356862745098039,0.694117647058824,0.803921568627451
161.0474865436554,0.0,-0.06028013904774866,0.03,1,1,1,0.0,0.3333333333333333,0.09841500000000002,-1,-1,-1,1.0,1.0,-1.0,0.0,-0.3333333333333333,0.09841500000000002,-1,-1,-1,0.356862745098039,0.694117647058824,0.803921568627451
161.08222031593323,0.0,-0.06367874265779663,0.03,1,1,1,0.0,0.3333333333333333,0.09841500000000002,-1,-1,-1,1.0,1.0,-1.0,0.0,-0.3333333333333333,0.09841500000000002,-1,-1,-1,0.356862745098039,0.694117647058824,0.803921568627451
161.11686754226685,0.0,-0.06707734626784463,0.03,1,1,1,0.0,0.3333333333333333,0.09841500000000002,-1,-1,-1,1.0,1.0,-1.0,0.0,-0.3333333333333333,0.09841500000000002,-1,-1,-1,0.356862745098039,0.694117647058824,0.803921568627451
161.15162897109985,0.0,-0.07047594987789263,0.03,1,1,1,0.0,0.3333333333333333,0.09841500000000002,-1,-1,-1,1.0,1.0,-1.0,0.0,-0.3333333333333333,0.09841500000000002,-1,-1,-1,0.356862745098039,0.694117647058824,0.803921568627451
161.1864128112793,0.0,-0.07387455348794063,0.03,1,1,1,0.0,0.3333333333333333,0.09841500000000002,-1,-1,-1,1.0,1.0,-1.0,0.0,-0.3333333333333333,0.09841500000000002,-1,-1,-1,0.356862745098039,0.694117647058824,0.803921568627451
161.22107982635498,0.0,-0.07727315709798863,0.03,1,1,1,0.0,0.3333333333333333,0.09841500000000002,-1,-1,-1,1.0,1.0,-1.0,0.0,-0.3333333333333333,0.09841500000000002,-1,-1,-1,0.356862745098039,0.694117647058824,0.803921568627451
161.25579404830933,0.0,-0.08067176070803662,0.03,1,1,1,0.0,0.3333333333333333,0.09841500000000002,-1,-1,-1,1.0,1.0,-1.0,0.0,-0.3333333333333333,0.09841500000000002,-1,-1,-1,0.356862745098039,0.694117647058824,0.803921568627451
161.29065251350403,0.0,-0.08407036431808462,0.03,1,1,1,0.0,0.3333333333333333,0.09841500000000002,-1,-1,-1,1.0,1.0,-1.0,0.0,-0.3333333333333333,0.09841500000000002,-1,-1,-1,0.356862745098039,0.694117647058824,0.803921568627451
161.32519936561584,0.0,-0.08746896792813262,0.03,1,1,1,0.0,0.3333333333333333,0.09841500000000002,-1,-1,-1,1.0,1.0,-1.0,0.0,-0.3333333333333333,0.09841500000000002,-1,-1,-1,0.356862745098039,0.694117647058824,0.803921568627451
161.36007690429688,0.0,-0.09086757153818062,0.03,1,1,1,0.0,0.3333333333333333,0.09841500000000002,-1,-1,-1,1.0,1.0,-1.0,0.0,-0.3333333333333333,0.09841500000000002,-1,-1,-1,0.356862745098039,0.694117647058824,0.803921568627451
161.39479899406433,0.0,-0.09426617514822862,0.03,1,1,1,0.0,0.3333333333333333,0.09841500000000002,-1,-1,-1,1.0,1.0,-1.0,0.0,-0.3333333333333333,0.09841500000000002,-1,-1,-1,0.356862745098039,0.694117647058824,0.803921568627451
161.42951321601868,0.0,-0.09766477875827662,0.03,1,1,1,0.0,0.3333333333333333,0.09841500000000002,-1,-1,-1,1.0,1.0,-1.0,0.0,-0.3333333333333333,0.09841500000000002,-1,-1,-1,0.356862745098039,0.694117647058824,0.803921568627451
161.4640817642212,0.0,-0.10106338236832461,0.03,1,1,1,0.0,0.3333333333333333,0.09841500000000002,-1,-1,-1,1.0,1.0,-1.0,0.0,-0.3333333333333333,0.09841500000000002,-1,-1,-1,0.356862745098039,0.694117647058824,0.803921568627451
161.4988148212433,0.0,-0.10446198597837261,0.03,1,1,1,0.0,0.3333333333333333,0.09841500000000002,-1,-1,-1,1.0,1.0,-1.0,0.0,-0.3333333333333333,0.09841500000000002,-1,-1,-1,0.356862745098039,0.694117647058824,0.803921568627451
161.5335602760315,0.0,-0.10786058958842061,0.03,1,1,1,0.0,0.3333333333333333,0.09841500000000002,-1,-1,-1,1.0,1.0,-1.0,0.0,-0.3333333333333333,0.09841500000000002,-1,-1,-1,0.356862745098039,0.694117647058824,0.803921568627451
161.56829023361206,0.0,-0.11125919319846861,0.03,1,1,1,0.0,0.3333333333333333,0.09841500000000002,-1,-1,-1,1.0,1.0,-1.0,0.0,-0.3333333333333333,0.09841500000000002,-1,-1,-1,0.356862745098039,0.694117647058824,0.803921568627451
161.6027774810791,0.0,-0.11465779680851661,0.03,1,1,1,0.0,0.3333333333333333,0.09841500000000002,-1,-1,-1,1.0,1.0,-1.0,0.0,-0.3333333333333333,0.09841500000000002,-1,-1,-1,0.356862745098039,0.694117647058824,0.803921568627451
161.6378629207611,0.0,-0.1180564004185646,0.03,1,1,1,0.0,0.3333333333333333,0.09841500000000002,-1,-1,-1,1.0,1.0,-1.0,0.0,-0.3333333333333333,0.09841500000000002,-1,-1,-1,0.356862745098039,0.694117647058824,0.803921568627451
161.67251873016357,0.0,-0.1214550040286126,0.03,1,1,1,0.0,0.3333333333333333,0.09841500000000002,-1,-1,-1,1.0,1.0,-1.0,0.0,-0.3333333333333333,0.09841500000000002,-1,-1,-1,0.356862745098039,0.694117647058824,0.803921568627451
161.70730781555176,0.0,-0.12485360763866059,0.03,1,1,1,0.0,0.3333333333333333,0.09841500000000002,-1,-1,-1,1.0,1.0,-1.0,0.0,-0.3333333333333333,0.09841500000000002,-1,-1,-1,0.356862745098039,0.694117647058824,0.803921568627451
161.7417197227478,0.0,-0.12825221124870853,0.03,1,1,1,0.0,0.3333333333333333,0.09841500000000002,-1,-1,-1,1.0,1.0,-1.0,0.0,-0.3333333333333333,0.09841500000000002,-1,-1,-1,0.356862745098039,0.694117647058824,0.803921568627451
161.77643513679504,0.0,-0.13165081485875646,0.03,1,1,1,0.0,0.3333333333333333,0.09841500000000002,-1,-1,-1,1.0,1.0,-1.0,0.0,-0.3333333333333333,0.09841500000000002,-1,-1,-1,0.356862745098039,0.694117647058824,0.803921568627451
161.81138396263123,0.0,-0.1350494184688044,0.03,1,1,1,0.0,0.3333333333333333,0.09841500000000002,-1,-1,-1,1.0,1.0,-1.0,0.0,-0.3333333333333333,0.09841500000000002,-1,-1,-1,0.356862745098039,0.694117647058824,0.803921568627451
161.84609413146973,0.0,-0.13844802207885232,0.03,1,1,1,0.0,0.3333333333333333,0.09841500000000002,-1,-1,-1,1.0,1.0,-1.0,0.0,-0.3333333333333333,0.09841500000000002,-1,-1,-1,0.356862745098039,0.694117647058824,0.803921568627451
161.88080739974976,0.0,-0.14184662568890025,0.03,1,1,1,0.0,0.3333333333333333,0.09841500000000002,-1,-1,-1,1.0,1.0,-1.0,0.0,-0.3333333333333333,0.09841500000000002,-1,-1,-1,0.356862745098039,0.694117647058824,0.803921568627451
161.91558361053467,0.0,-0.14524522929894818,0.03,1,1,1,0.0,0.3333333333333333,0.09841500000000002,-1,-1,-1,1.0,1.0,-1.0,0.0,-0.3333333333333333,0.09841500000000002,-1,-1,-1,0.356862745098039,0.694117647058824,0.803921568627451
161.95021080970764,0.0,-0.1486438329089961,0.03,1,1,1,0.0,0.3333333333333333,0.09841500000000002,-1,-1,-1,1.0,1.0,-1.0,0.0,-0.3333333333333333,0.09841500000000002,-1,-1,-1,0.356862745098039,0.694117647058824,0.803921568627451
161.9849362373352,0.0,-0.15204243651904403,0.03,1,1,1,0.0,0.3333333333333333,0.09841500000000002,-1,-1,-1,1.0,1.0,-1.0,0.0,-0.3333333333333333,0.09841500000000002,-1,-1,-1,0.356862745098039,0.694117647058824,0.803921568627451
162.01965999603271,0.0,-0.15544104012909196,0.03,1,1,1,0.0,0.3333333333333333,0.09841500000000002,-1,-1,-1,1.0,1.0,-1.0,0.0,-0.3333333333333333,0.09841500000000002,-1,-1,-1,0.356862745098039,0.694117647058824,0.803921568627451
162.05442667007446,0.0,-0.1588396437391399,0.03,1,1,1,0.0,0.3333333333333333,0.09841500000000002,-1,-1,-1,1.0,1.0,-1.0,0.0,-0.3333333333333333,0.09841500000000002,-1,-1,-1,0.356862745098039,0.694117647058824,0.803921568627451
162.0891170501709,0.0,-0.16223824734918782,0.03,1,1,1,0.0,0.3333333333333333,0.09841500000000002,-1,-1,-1,1.0,1.0,-1.0,0.0,-0.3333333333333333,0.09841500000000002,-1,-1,-1,0.356862745098039,0.694117647058824,0.803921568627451
162.1238613128662,0.0,-0.16563685095923575,0.03,1,1,1,0.0,0.3333333333333333,0.09841500000000002,-1,-1,-1,1.0,1.0,-1.0,0.0,-0.3333333333333333,0.09841500000000002,-1,-1,-1,0.356862745098039,0.694117647058824,0.803921568627451
162.1586184501648,0.0,-0.16323903968349573,0.03,1,1,1,0.0,0.3333333333333333,0.09841500000000002,-1,-1,-1,1.0,1.0,-1.0,0.0,-0.3333333333333333,0.09841500000000002,-1,-1,-1,0.356862745098039,0.694117647058824,0.803921568627451
162.19330835342407,0.0,-0.16084122840775572,0.03,1,1,1,0.0,0.3333333333333333,0.09841500000000002,-1,-1,-1,1.0,1.0,-1.0,0.0,-0.3333333333333333,0.09841500000000002,-1,-1,-1,0.356862745098039,0.694117647058824,0.803921568627451
162.22798681259155,0.0,-0.1584434171320157,0.03,1,1,1,0.0,0.3333333333333333,0.09841500000000002,-1,-1,-1,1.0,1.0,-1.0,0.0,-0.3333333333333333,0.09841500000000002,-1,-1,-1,0.356862745098039,0.694117647058824,0.803921568627451
162.26271605491638,0.0,-0.1560456058562757,0.03,1,1,1,0.0,0.3333333333333333,0.09841500000000002,-1,-1,-1,1.0,1.0,-1.0,0.0,-0.3333333333333333,0.09841500000000002,-1,-1,-1,0.356862745098039,0.694117647058824,0.803921568627451
162.29749989509583,0.0,-0.15364779458053568,0.03,1,1,1,0.0,0.3333333333333333,0.09841500000000002,-1,-1,-1,1.0,1.0,-1.0,0.0,-0.3333333333333333,0.09841500000000002,-1,-1,-1,0.356862745098039,0.694117647058824,0.803921568627451
162.33206963539124,0.0,-0.15124998330479567,0.03,1,1,1,0.0,0.3333333333333333,0.09841500000000002,-1,-1,-1,1.0,1.0,-1.0,0.0,-0.3333333333333333,0.09841500000000002,-1,-1,-1,0.356862745098039,0.694117647058824,0.803921568627451
162.3667495250702,0.0,-0.14885217202905565,0.03,1,1,1,0.0,0.3333333333333333,0.09841500000000002,-1,-1,-1,1.0,1.0,-1.0,0.0,-0.3333333333333333,0.09841500000000002,-1,-1,-1,0.356862745098039,0.694117647058824,0.803921568627451
162.40160584449768,0.0,-0.14645436075331564,0.03,1,1,1,0.0,0.3333333333333333,0.09841500000000002,-1,-1,-1,1.0,1.0,-1.0,0.0,-0.3333333333333333,0.09841500000000002,-1,-1,-1,0.356862745098039,0.694117647058824,0.803921568627451
162.43640089035034,0.0,-0.14405654947757562,0.03,1,1,1,0.0,0.3333333333333333,0.09841500000000002,-1,-1,-1,1.0,1.0,-1.0,0.0,-0.3333333333333333,0.09841500000000002,-1,-1,-1,0.356862745098039,0.694117647058824,0.803921568627451
162.47100067138672,0.0,-0.1416587382018356,0.03,1,1,1,0.0,0.3333333333333333,0.09841500000000002,-1,-1,-1,1.0,1.0,-1.0,0.0,-0.3333333333333333,0.09841500000000002,-1,-1,-1,0.356862745098039,0.694117647058824,0.803921568627451
162.50578093528748,0.0,-0.1392609269260956,0.03,1,1,1,0.0,0.3333333333333333,0.09841500000000002,-1,-1,-1,1.0,1.0,-1.0,0.0,-0.3333333333333333,0.09841500000000002,-1,-1,-1,0.356862745098039,0.694117647058824,0.803921568627451
162.54054307937622,0.0,-0.13686311565035558,0.03,1,1,1,0.0,0.3333333333333333,0.09841500000000002,-1,-1,-1,1.0,1.0,-1.0,0.0,-0.3333333333333333,0.09841500000000002,-1,-1,-1,0.356862745098039,0.694117647058824,0.803921568627451
162.57522344589233,0.0,-0.13446530437461557,0.03,1,1,1,0.0,0.3333333333333333,0.09841500000000002,-1,-1,-1,1.0,1.0,-1.0,0.0,-0.3333333333333333,0.09841500000000002,-1,-1,-1,0.356862745098039,0.694117647058824,0.803921568627451
162.60996651649475,0.0,-0.13206749309887555,0.03,1,1,1,0.0,0.3333333333333333,0.09841500000000002,-1,-1,-1,1.0,1.0,-1.0,0.0,-0.3333333333333333,0.09841500000000002,-1,-1,-1,0.356862745098039,0.694117647058824,0.803921568627451
162.64481592178345,0.0,-0.12966968182313554,0.03,1,1,1,0.0,0.3333333333333333,0.09841500000000002,-1,-1,-1,1.0,1.0,-1.0,0.0,-0.3333333333333333,0.09841500000000002,-1,-1,-1,0.356862745098039,0.694117647058824,0.803921568627451
162.6794662475586,0.0,-0.12727187054739553,0.03,1,1,1,0.0,0.3333333333333333,0.09841500000000002,-1,-1,-1,1.0,1.0,-1.0,0.0,-0.3333333333333333,0.09841500000000002,-1,-1,-1,0.356862745098039,0.694117647058824,0.803921568627451
162.7142674922943,0.0,-0.12487405927165551,0.03,1,1,1,0.0,0.3333333333333333,0.09841500000000002,-1,-1,-1,1.0,1.0,-1.0,0.0,-0.3333333333333333,0.09841500000000002,-1,-1,-1,0.356862745098039,0.694117647058824,0.803921568627451
162.748929977417,0.0,-0.1224762479959155,0.03,1,1,1,0.0,0.3333333333333333,0.09841500000000002,-1,-1,-1,1.0,1.0,-1.0,0.0,-0.3333333333333333,0.09841500000000002,-1,-1,-1,0.356862745098039,0.694117647058824,0.803921568627451
162.78342056274414,0.0,-0.12007843672017547,0.03,1,1,1,0.0,0.3333333333333333,0.09841500000000002,-1,-1,-1,1.0,1.0,-1.0,0.0,-0.3333333333333333,0.09841500000000002,-1,-1,-1,0.356862745098039,0.694117647058824,0.803921568627451
162.81812834739685,0.0,-0.11768062544443546,0.03,1,1,1,0.0,0.3333333333333333,0.09841500000000002,-1,-1,-1,1.0,1.0,-1.0,0.0,-0.3333333333333333,0.09841500000000002,-1,-1,-1,0.356862745098039,0.694117647058824,0.803921568627451
162.85338068008423,0.0,-0.11528281416869544,0.03,1,1,1,0.0,0.3333333333333333,0.09841500000000002,-1,-1,-1,1.0,1.0,-1.0,0.0,-0.3333333333333333,0.09841500000000002,-1,-1,-1,0.356862745098039,0.694117647058824,0.803921568627451
162.8877148628235,0.0,-0.11288500289295543,0.03,1,1,1,0.0,0.3333333333333333,0.09841500000000002,-1,-1,-1,1.0,1.0,-1.0,0.0,-0.3333333333333333,0.09841500000000002,-1,-1,-1,0.356862745098039,0.694117647058824,0.803921568627451
162.9224271774292,0.0,-0.11048719161721542,0.03,1,1,1,0.0,0.3333333333333333,0.09841500000000002,-1,-1,-1,1.0,1.0,-1.0,0.0,-0.3333333333333333,0.09841500000000002,-1,-1,-1,0.356862745098039,0.694117647058824,0.803921568627451
162.95711302757263,0.0,-0.1080893803414754,0.03,1,1,1,0.0,0.3333333333333333,0.09841500000000002,-1,-1,-1,1.0,1.0,-1.0,0.0,-0.3333333333333333,0.09841500000000002,-1,-1,-1,0.356862745098039,0.694117647058824,0.803921568627451
162.99185991287231,0.0,-0.10569156906573539,0.03,1,1,1,0.0,0.3333333333333333,0.09841500000000002,-1,-1,-1,1.0,1.0,-1.0,0.0,-0.3333333333333333,0.09841500000000002,-1,-1,-1,0.356862745098039,0.694117647058824,0.803921568627451
163.02627682685852,0.0,-0.10329375778999537,0.03,1,1,1,0.0,0.3333333333333333,0.09841500000000002,-1,-1,-1,1.0,1.0,-1.0,0.0,-0.3333333333333333,0.09841500000000002,-1,-1,-1,0.356862745098039,0.694117647058824,0.803921568627451
163.06095719337463,0.0,-0.10089594651425536,0.03,1,1,1,0.0,0.3333333333333333,0.09841500000000002,-1,-1,-1,1.0,1.0,-1.0,0.0,-0.3333333333333333,0.09841500000000002,-1,-1,-1,0.356862745098039,0.694117647058824,0.803921568627451
163.0957474708557,0.0,-0.09849813523851535,0.03,1,1,1,0.0,0.3333333333333333,0.09841500000000002,-1,-1,-1,1.0,1.0,-1.0,0.0,-0.3333333333333333,0.09841500000000002,-1,-1,-1,0.356862745098039,0.694117647058824,0.803921568627451
163.13054537773132,0.0,-0.09610032396277533,0.03,1,1,1,0.0,0.3333333333333333,0.09841500000000002,-1,-1,-1,1.0,1.0,-1.0,0.0,-0.3333333333333333,0.09841500000000002,-1,-1,-1,0.356862745098039,0.694117647058824,0.803921568627451
163.16518545150757,0.0,-0.09370251268703532,0.03,1,1,1,0.0,0.3333333333333333,0.09841500000000002,-1,-1,-1,1.0,1.0,-1.0,0.0,-0.3333333333333333,0.09841500000000002,-1,-1,-1,0.356862745098039,0.694117647058824,0.803921568627451
163.19981336593628,0.0,-0.0913047014112953,0.03,1,1,1,0.0,0.3333333333333333,0.09841500000000002,-1,-1,-1,1.0,1.0,-1.0,0.0,-0.3333333333333333,0.09841500000000002,-1,-1,-1,0.356862745098039,0.694117647058824,0.803921568627451
163.2347011566162,0.0,-0.08890689013555529,0.03,1,1,1,0.0,0.3333333333333333,0.09841500000000002,-1,-1,-1,1.0,1.0,-1.0,0.0,-0.3333333333333333,0.09841500000000002,-1,-1,-1,0.356862745098039,0.694117647058824,0.803921568627451
163.26957774162292,0.0,-0.08650907885981528,0.03,1,1,1,0.0,0.3333333333333333,0.09841500000000002,-1,-1,-1,1.0,1.0,-1.0,0.0,-0.3333333333333333,0.09841500000000002,-1,-1,-1,0.356862745098039,0.694117647058824,0.803921568627451
163.30403208732605,0.0,-0.08411126758407526,0.03,1,1,1,0.0,0.3333333333333333,0.09841500000000002,-1,-1,-1,1.0,1.0,-1.0,0.0,-0.3333333333333333,0.09841500000000002,-1,-1,-1,0.356862745098039,0.694117647058824,0.803921568627451
163.33890676498413,0.0,-0.082799845151641,0.03,1,1,1,0.0,0.3333333333333333,0.09841500000000002,-1,-1,-1,1.0,1.0,-1.0,0.0,-0.3333333333333333,0.09841500000000002,-1,-1,-1,0.356862745098039,0.694117647058824,0.803921568627451
163.3736011981964,0.0,-0.08311800598416537,0.03,1,1,1,0.0,0.3333333333333333,0.09841500000000002,-1,-1,-1,1.0,1.0,-1.0,0.0,-0.3333333333333333,0.09841500000000002,-1,-1,-1,0.356862745098039,0.694117647058824,0.803921568627451
163.4084610939026,0.0,-0.08343616681668974,0.03,1,1,1,0.0,0.3333333333333333,0.09841500000000002,-1,-1,-1,1.0,1.0,-1.0,0.0,-0.3333333333333333,0.09841500000000002,-1,-1,-1,0.356862745098039,0.694117647058824,0.803921568627451
163.4430389404297,0.0,-0.0837543276492141,0.03,1,1,1,0.0,0.3333333333333333,0.09841500000000002,-1,-1,-1,1.0,1.0,-1.0,0.0,-0.3333333333333333,0.09841500000000002,-1,-1,-1,0.356862745098039,0.694117647058824,0.803921568627451
163.47799921035767,0.0,-0.08407248848173847,0.03,1,1,1,0.0,0.3333333333333333,0.09841500000000002,-1,-1,-1,1.0,1.0,-1.0,0.0,-0.3333333333333333,0.09841500000000002,-1,-1,-1,0.356862745098039,0.694117647058824,0.803921568627451
163.5127079486847,0.0,-0.08439064931426284,0.03,1,1,1,0.0,0.3333333333333333,0.09841500000000002,-1,-1,-1,1.0,1.0,-1.0,0.0,-0.3333333333333333,0.09841500000000002,-1,-1,-1,0.356862745098039,0.694117647058824,0.803921568627451
163.54706072807312,0.0,-0.0847088101467872,0.03,1,1,1,0.0,0.3333333333333333,0.09841500000000002,-1,-1,-1,1.0,1.0,-1.0,0.0,-0.3333333333333333,0.09841500000000002,-1,-1,-1,0.356862745098039,0.694117647058824,0.803921568627451
163.58189725875854,0.0,-0.08502697097931157,0.03,1,1,1,0.0,0.3333333333333333,0.09841500000000002,-1,-1,-1,1.0,1.0,-1.0,0.0,-0.3333333333333333,0.09841500000000002,-1,-1,-1,0.356862745098039,0.694117647058824,0.803921568627451
163.61672687530518,0.0,-0.08534513181183594,0.03,1,1,1,0.0,0.3333333333333333,0.09841500000000002,-1,-1,-1,1.0,1.0,-1.0,0.0,-0.3333333333333333,0.09841500000000002,-1,-1,-1,0.356862745098039,0.694117647058824,0.803921568627451
163.65159010887146,0.0,-0.0856632926443603,0.03,1,1,1,0.0,0.3333333333333333,0.09841500000000002,-1,-1,-1,1.0,1.0,-1.0,0.0,-0.3333333333333333,0.09841500000000002,-1,-1,-1,0.356862745098039,0.694117647058824,0.803921568627451
163.68617606163025,0.0,-0.08598145347688467,0.03,1,1,1,0.0,0.3333333333333333,0.09841500000000002,-1,-1,-1,1.0,1.0,-1.0,0.0,-0.3333333333333333,0.09841500000000002,-1,-1,-1,0.356862745098039,0.694117647058824,0.803921568627451
163.723313331604,0.0,-0.08629961430940904,0.03,1,1,1,0.0,0.3333333333333333,0.09841500000000002,-1,-1,-1,1.0,1.0,-1.0,0.0,-0.3333333333333333,0.09841500000000002,-1,-1,-1,0.356862745098039,0.694117647058824,0.803921568627451
163.75539636611938,0.0,-0.0866177751419334,0.03,1,1,1,0.0,0.3333333333333333,0.09841500000000002,-1,-1,-1,1.0,1.0,-1.0,0.0,-0.3333333333333333,0.09841500000000002,-1,-1,-1,0.356862745098039,0.694117647058824,0.803921568627451
163.79178166389465,0.0,-0.08693593597445777,0.03,1,1,1,0.0,0.3333333333333333,0.09841500000000002,-1,-1,-1,1.0,1.0,-1.0,0.0,-0.3333333333333333,0.09841500000000002,-1,-1,-1,0.356862745098039,0.694117647058824,0.803921568627451
163.82497763633728,0.0,-0.08725409680698214,0.03,1,1,1,0.0,0.3333333333333333,0.09841500000000002,-1,-1,-1,1.0,1.0,-1.0,0.0,-0.3333333333333333,0.09841500000000002,-1,-1,-1,0.356862745098039,0.694117647058824,0.803921568627451
163.8619029521942,0.0,-0.0875722576395065,0.03,1,1,1,0.0,0.3333333333333333,0.09841500000000002,-1,-1,-1,1.0,1.0,-1.0,0.0,-0.3333333333333333,0.09841500000000002,-1,-1,-1,0.356862745098039,0.694117647058824,0.803921568627451
163.89463090896606,0.0,-0.08789041847203087,0.03,1,1,1,0.0,0.3333333333333333,0.09841500000000002,-1,-1,-1,1.0,1.0,-1.0,0.0,-0.3333333333333333,0.09841500000000002,-1,-1,-1,0.356862745098039,0.694117647058824,0.803921568627451
163.92925786972046,0.0,-0.08820857930455524,0.03,1,1,1,0.0,0.3333333333333333,0.09841500000000002,-1,-1,-1,1.0,1.0,-1.0,0.0,-0.3333333333333333,0.09841500000000002,-1,-1,-1,0.356862745098039,0.694117647058824,0.803921568627451
163.9641306400299,0.0,-0.0885267401370796,0.03,1,1,1,0.0,0.3333333333333333,0.09841500000000002,-1,-1,-1,1.0,1.0,-1.0,0.0,-0.3333333333333333,0.09841500000000002,-1,-1,-1,0.356862745098039,0.694117647058824,0.803921568627451
163.99869179725647,0.0,-0.08884490096960397,0.03,1,1,1,0.0,0.3333333333333333,0.09841500000000002,-1,-1,-1,1.0,1.0,-1.0,0.0,-0.3333333333333333,0.09841500000000002,-1,-1,-1,0.356862745098039,0.694117647058824,0.803921568627451
164.03344559669495,0.0,-0.08916306180212834,0.03,1,1,1,0.0,0.3333333333333333,0.09841500000000002,-1,-1,-1,1.0,1.0,-1.0,0.0,-0.3333333333333333,0.09841500000000002,-1,-1,-1,0.356862745098039,0.694117647058824,0.803921568627451
164.06813192367554,0.0,-0.0894812226346527,0.03,1,1,1,0.0,0.3333333333333333,0.09841500000000002,-1,-1,-1,1.0,1.0,-1.0,0.0,-0.3333333333333333,0.09841500000000002,-1,-1,-1,0.356862745098039,0.694117647058824,0.803921568627451
164.10268783569336,0.0,-0.08979938346717707,0.03,1,1,1,0.0,0.3333333333333333,0.09841500000000002,-1,-1,-1,1.0,1.0,-1.0,0.0,-0.3333333333333333,0.09841500000000002,-1,-1,-1,0.356862745098039,0.694117647058824,0.803921568627451
164.13947749137878,0.0,-0.09011754429970144,0.03,1,1,1,0.0,0.3333333333333333,0.09841500000000002,-1,-1,-1,1.0,1.0,-1.0,0.0,-0.3333333333333333,0.09841500000000002,-1,-1,-1,0.356862745098039,0.694117647058824,0.803921568627451
164.17209315299988,0.0,-0.0904357051322258,0.03,1,1,1,0.0,0.3333333333333333,0.09841500000000002,-1,-1,-1,1.0,1.0,-1.0,0.0,-0.3333333333333333,0.09841500000000002,-1,-1,-1,0.356862745098039,0.694117647058824,0.803921568627451
164.20769238471985,0.0,-0.09075386596475017,0.03,1,1,1,0.0,0.3333333333333333,0.09841500000000002,-1,-1,-1,1.0,1.0,-1.0,0.0,-0.3333333333333333,0.09841500000000002,-1,-1,-1,0.356862745098039,0.694117647058824,0.803921568627451
164.24185180664062,0.0,-0.09107202679727454,0.03,1,1,1,0.0,0.3333333333333333,0.09841500000000002,-1,-1,-1,1.0,1.0,-1.0,0.0,-0.3333333333333333,0.09841500000000002,-1,-1,-1,0.356862745098039,0.694117647058824,0.803921568627451
164.27639651298523,0.0,-0.0913901876297989,0.03,1,1,1,0.0,0.3333333333333333,0.09841500000000002,-1,-1,-1,1.0,1.0,-1.0,0.0,-0.3333333333333333,0.09841500000000002,-1,-1,-1,0.356862745098039,0.694117647058824,0.803921568627451
164.31127977371216,0.0,-0.09170834846232327,0.03,1,1,1,0.0,0.3333333333333333,0.09841500000000002,-1,-1,-1,1.0,1.0,-1.0,0.0,-0.3333333333333333,0.09841500000000002,-1,-1,-1,0.356862745098039,0.694117647058824,0.803921568627451
164.34575653076172,0.0,-0.09202650929484764,0.03,1,1,1,0.0,0.3333333333333333,0.09841500000000002,-1,-1,-1,1.0,1.0,-1.0,0.0,-0.3333333333333333,0.09841500000000002,-1,-1,-1,0.356862745098039,0.694117647058824,0.803921568627451
164.38053727149963,0.0,-0.092344670127372,0.03,1,1,1,0.0,0.3333333333333333,0.09841500000000002,-1,-1,-1,1.0,1.0,-1.0,0.0,-0.3333333333333333,0.09841500000000002,-1,-1,-1,0.356862745098039,0.694117647058824,0.803921568627451
164.415381193161,0.0,-0.09266283095989637,0.03,1,1,1,0.0,0.3333333333333333,0.09841500000000002,-1,-1,-1,1.0,1.0,-1.0,0.0,-0.3333333333333333,0.09841500000000002,-1,-1,-1,0.356862745098039,0.694117647058824,0.803921568627451
164.45007133483887,0.0,-0.09298099179242074,0.03,1,1,1,0.0,0.3333333333333333,0.09841500000000002,-1,-1,-1,1.0,1.0,-1.0,0.0,-0.3333333333333333,0.09841500000000002,-1,-1,-1,0.356862745098039,0.694117647058824,0.803921568627451
164.48509168624878,0.0,-0.0932991526249451,0.03,1,1,1,0.0,0.3333333333333333,0.09841500000000002,-1,-1,-1,1.0,1.0,-1.0,0.0,-0.3333333333333333,0.09841500000000002,-1,-1,-1,0.356862745098039,0.694117647058824,0.803921568627451
164.51972270011902,0.0,-0.09361731345746947,0.03,1,1,1,0.0,0.3333333333333333,0.09841500000000002,-1,-1,-1,1.0,1.0,-1.0,0.0,-0.3333333333333333,0.09841500000000002,-1,-1,-1,0.356862745098039,0.694117647058824,0.803921568627451
164.55425810813904,0.0,-0.08845303801861316,0.03,1,1,1,0.0,0.3333333333333333,0.09841500000000002,-1,-1,-1,1.0,1.0,-1.0,0.0,-0.3333333333333333,0.09841500000000002,-1,-1,-1,0.356862745098039,0.694117647058824,0.803921568627451
164.58895444869995,0.0,-0.08191815351191169,0.03,1,1,1,0.0,0.3333333333333333,0.09841500000000002,-1,-1,-1,1.0,1.0,-1.0,0.0,-0.3333333333333333,0.09841500000000002,-1,-1,-1,0.356862745098039,0.694117647058824,0.803921568627451
164.62362813949585,0.0,-0.07538326900521021,0.03,1,1,1,0.0,0.3333333333333333,0.09841500000000002,-1,-1,-1,1.0,1.0,-1.0,0.0,-0.3333333333333333,0.09841500000000002,-1,-1,-1,0.356862745098039,0.694117647058824,0.803921568627451
164.6584243774414,0.0,-0.06884838449850873,0.03,1,1,1,0.0,0.3333333333333333,0.09841500000000002,-1,-1,-1,1.0,1.0,-1.0,0.0,-0.3333333333333333,0.09841500000000002,-1,-1,-1,0.356862745098039,0.694117647058824,0.803921568627451
164.69314169883728,0.0,-0.062313499991807256,0.03,1,1,1,0.0,0.3333333333333333,0.09841500000000002,-1,-1,-1,1.0,1.0,-1.0,0.0,-0.3333333333333333,0.09841500000000002,-1,-1,-1,0.356862745098039,0.694117647058824,0.803921568627451
164.72788000106812,0.0,-0.05577861548510582,0.03,1,1,1,0.0,0.3333333333333333,0.09841500000000002,-1,-1,-1,1.0,1.0,-1.0,0.0,-0.3333333333333333,0.09841500000000002,-1,-1,-1,0.356862745098039,0.694117647058824,0.803921568627451
164.76257276535034,0.0,-0.04924373097840438,0.03,1,1,1,0.0,0.3333333333333333,0.09841500000000002,-1,-1,-1,1.0,1.0,-1.0,0.0,-0.3333333333333333,0.09841500000000002,-1,-1,-1,0.356862745098039,0.694117647058824,0.803921568627451
164.79734587669373,0.0,-0.042708846471702935,0.03,1,1,1,0.0,0.3333333333333333,0.09841500000000002,-1,-1,-1,1.0,1.0,-1.0,0.0,-0.3333333333333333,0.09841500000000002,-1,-1,-1,0.356862745098039,0.694117647058824,0.803921568627451
164.83203077316284,0.0,-0.03617396196500149,0.03,1,1,1,0.0,0.3333333333333333,0.09841500000000002,-1,-1,-1,1.0,1.0,-1.0,0.0,-0.3333333333333333,0.09841500000000002,-1,-1,-1,0.356862745098039,0.694117647058824,0.803921568627451
164.86674046516418,0.0,-0.029639077458300047,0.03,1,1,1,0.0,0.3333333333333333,0.09841500000000002,-1,-1,-1,1.0,1.0,-1.0,0.0,-0.3333333333333333,0.09841500000000002,-1,-1,-1,0.356862745098039,0.694117647058824,0.803921568627451
164.90154838562012,0.0,-0.0231041929515986,0.03,1,1,1,0.0,0.3333333333333333,0.09841500000000002,-1,-1,-1,1.0,1.0,-1.0,0.0,-0.3333333333333333,0.09841500000000002,-1,-1,-1,0.356862745098039,0.694117647058824,0.803921568627451
164.9361686706543,0.0,-0.01656930844489716,0.03,1,1,1,0.0,0.3333333333333333,0.09841500000000002,-1,-1,-1,1.0,1.0,-1.0,0.0,-0.3333333333333333,0.09841500000000002,-1,-1,-1,0.356862745098039,0.694117647058824,0.803921568627451
164.971040725708,0.0,-0.010034423938195706,0.03,1,1,1,0.0,0.3333333333333333,0.09841500000000002,-1,-1,-1,1.0,1.0,-1.0,0.0,-0.3333333333333333,0.09841500000000002,-1,-1,-1,0.356862745098039,0.694117647058824,0.803921568627451
165.00549244880676,0.0,-0.0034995394314942556,0.03,1,1,1,0.0,0.3333333333333333,0.09841500000000002,-1,-1,-1,1.0,1.0,-1.0,0.0,-0.3333333333333333,0.09841500000000002,-1,-1,-1,0.356862745098039,0.694117647058824,0.803921568627451
165.04044151306152,0.0,0.0030353450752071956,0.03,1,1,1,0.0,0.3333333333333333,0.09841500000000002,-1,-1,-1,1.0,1.0,-1.0,0.0,-0.3333333333333333,0.09841500000000002,-1,-1,-1,0.356862745098039,0.694117647058824,0.803921568627451
165.0749797821045,0.0,0.009570229581908648,0.03,1,1,1,0.0,0.3333333333333333,0.09841500000000002,-1,-1,-1,1.0,1.0,-1.0,0.0,-0.3333333333333333,0.09841500000000002,-1,-1,-1,0.356862745098039,0.694117647058824,0.803921568627451
165.11005330085754,0.0,0.0161051140886101,0.03,1,1,1,0.0,0.3333333333333333,0.09841500000000002,-1,-1,-1,1.0,1.0,-1.0,0.0,-0.3333333333333333,0.09841500000000002,-1,-1,-1,0.356862745098039,0.694117647058824,0.803921568627451
165.1445016860962,0.0,0.022639998595311545,0.03,1,1,1,0.0,0.3333333333333333,0.09841500000000002,-1,-1,-1,1.0,1.0,-1.0,0.0,-0.3333333333333333,0.09841500000000002,-1,-1,-1,0.356862745098039,0.694117647058824,0.803921568627451
165.17935848236084,0.0,0.029174883102012987,0.03,1,1,1,0.0,0.3333333333333333,0.09841500000000002,-1,-1,-1,1.0,1.0,-1.0,0.0,-0.3333333333333333,0.09841500000000002,-1,-1,-1,0.356862745098039,0.694117647058824,0.803921568627451
165.2141032218933,0.0,0.035709767608714436,0.03,1,1,1,0.0,0.3333333333333333,0.09841500000000002,-1,-1,-1,1.0,1.0,-1.0,0.0,-0.3333333333333333,0.09841500000000002,-1,-1,-1,0.356862745098039,0.694117647058824,0.803921568627451
165.24897003173828,0.0,0.04224465211541588,0.03,1,1,1,0.0,0.3333333333333333,0.09841500000000002,-1,-1,-1,1.0,1.0,-1.0,0.0,-0.3333333333333333,0.09841500000000002,-1,-1,-1,0.356862745098039,0.694117647058824,0.803921568627451
165.28340601921082,0.0,0.04877953662211732,0.03,1,1,1,0.0,0.3333333333333333,0.09841500000000002,-1,-1,-1,1.0,1.0,-1.0,0.0,-0.3333333333333333,0.09841500000000002,-1,-1,-1,0.356862745098039,0.694117647058824,0.803921568627451
165.31794929504395,0.0,0.055314421128818764,0.03,1,1,1,0.0,0.3333333333333333,0.09841500000000002,-1,-1,-1,1.0,1.0,-1.0,0.0,-0.3333333333333333,0.09841500000000002,-1,-1,-1,0.356862745098039,0.694117647058824,0.803921568627451
165.35266160964966,0.0,0.0618493056355202,0.03,1,1,1,0.0,0.3333333333333333,0.09841500000000002,-1,-1,-1,1.0,1.0,-1.0,0.0,-0.3333333333333333,0.09841500000000002,-1,-1,-1,0.356862745098039,0.694117647058824,0.803921568627451
165.38740158081055,0.0,0.06838419014222168,0.03,1,1,1,0.0,0.3333333333333333,0.09841500000000002,-1,-1,-1,1.0,1.0,-1.0,0.0,-0.3333333333333333,0.09841500000000002,-1,-1,-1,0.356862745098039,0.694117647058824,0.803921568627451
165.42256808280945,0.0,0.07491907464892315,0.03,1,1,1,0.0,0.3333333333333333,0.09841500000000002,-1,-1,-1,1.0,1.0,-1.0,0.0,-0.3333333333333333,0.09841500000000002,-1,-1,-1,0.356862745098039,0.694117647058824,0.803921568627451
165.45700693130493,0.0,0.08145395915562463,0.03,1,1,1,0.0,0.3333333333333333,0.09841500000000002,-1,-1,-1,1.0,1.0,-1.0,0.0,-0.3333333333333333,0.09841500000000002,-1,-1,-1,0.356862745098039,0.694117647058824,0.803921568627451
165.4915270805359,0.0,0.08798884366232611,0.03,1,1,1,0.0,0.3333333333333333,0.09841500000000002,-1,-1,-1,1.0,1.0,-1.0,0.0,-0.3333333333333333,0.09841500000000002,-1,-1,-1,0.356862745098039,0.694117647058824,0.803921568627451
165.52663683891296,0.0,0.09452372816902758,0.03,1,1,1,0.0,0.3333333333333333,0.09841500000000002,-1,-1,-1,1.0,1.0,-1.0,0.0,-0.3333333333333333,0.09841500000000002,-1,-1,-1,0.356862745098039,0.694117647058824,0.803921568627451
165.56116890907288,0.0,0.10105861267572906,0.03,1,1,1,0.0,0.3333333333333333,0.09841500000000002,-1,-1,-1,1.0,1.0,-1.0,0.0,-0.3333333333333333,0.09841500000000002,-1,-1,-1,0.356862745098039,0.694117647058824,0.803921568627451
165.59580206871033,0.0,0.10759349718243054,0.03,1,1,1,0.0,0.3333333333333333,0.09841500000000002,-1,-1,-1,1.0,1.0,-1.0,0.0,-0.3333333333333333,0.09841500000000002,-1,-1,-1,0.356862745098039,0.694117647058824,0.803921568627451
165.6309950351715,0.0,0.11412838168913202,0.03,1,1,1,0.0,0.3333333333333333,0.09841500000000002,-1,-1,-1,1.0,1.0,-1.0,0.0,-0.3333333333333333,0.09841500000000002,-1,-1,-1,0.356862745098039,0.694117647058824,0.803921568627451
165.66572403907776,0.0,0.1206632661958335,0.03,1,1,1,0.0,0.3333333333333333,0.09841500000000002,-1,-1,-1,1.0,1.0,-1.0,0.0,-0.3333333333333333,0.09841500000000002,-1,-1,-1,0.356862745098039,0.694117647058824,0.803921568627451
165.70010495185852,0.0,0.12719815070253498,0.03,1,1,1,0.0,0.3333333333333333,0.09841500000000002,-1,-1,-1,1.0,1.0,-1.0,0.0,-0.3333333333333333,0.09841500000000002,-1,-1,-1,0.356862745098039,0.694117647058824,0.803921568627451
165.73469138145447,0.0,0.1327283876456165,0.03,1,1,1,0.0,0.3333333333333333,0.09841500000000002,-1,-1,-1,1.0,1.0,-1.0,0.0,-0.3333333333333333,0.09841500000000002,-1,-1,-1,0.356862745098039,0.694117647058824,0.803921568627451
165.7694320678711,0.0,0.13424003433421822,0.03,1,1,1,0.0,0.3333333333333333,0.09841500000000002,-1,-1,-1,1.0,1.0,-1.0,0.0,-0.3333333333333333,0.09841500000000002,-1,-1,-1,0.356862745098039,0.694117647058824,0.803921568627451
165.80413508415222,0.0,0.13575168102281993,0.03,1,1,1,0.0,0.3333333333333333,0.09841500000000002,-1,-1,-1,1.0,1.0,-1.0,0.0,-0.3333333333333333,0.09841500000000002,-1,-1,-1,0.356862745098039,0.694117647058824,0.803921568627451
165.8388831615448,0.0,0.13726332771142163,0.03,1,1,1,0.0,0.3333333333333333,0.09841500000000002,-1,-1,-1,1.0,1.0,-1.0,0.0,-0.3333333333333333,0.09841500000000002,-1,-1,-1,0.356862745098039,0.694117647058824,0.803921568627451
165.87357425689697,0.0,0.13877497440002334,0.03,1,1,1,0.0,0.3333333333333333,0.09841500000000002,-1,-1,-1,1.0,1.0,-1.0,0.0,-0.3333333333333333,0.09841500000000002,-1,-1,-1,0.356862745098039,0.694117647058824,0.803921568627451
165.90832042694092,0.0,0.14028662108862505,0.03,1,1,1,0.0,0.3333333333333333,0.09841500000000002,-1,-1,-1,1.0,1.0,-1.0,0.0,-0.3333333333333333,0.09841500000000002,-1,-1,-1,0.356862745098039,0.694117647058824,0.803921568627451
165.94331169128418,0.0,0.14179826777722676,0.03,1,1,1,0.0,0.3333333333333333,0.09841500000000002,-1,-1,-1,1.0,1.0,-1.0,0.0,-0.3333333333333333,0.09841500000000002,-1,-1,-1,0.356862745098039,0.694117647058824,0.803921568627451
165.97762846946716,0.0,0.14330991446582847,0.03,1,1,1,0.0,0.3333333333333333,0.09841500000000002,-1,-1,-1,1.0,1.0,-1.0,0.0,-0.3333333333333333,0.09841500000000002,-1,-1,-1,0.356862745098039,0.694117647058824,0.803921568627451
166.0123839378357,0.0,0.14482156115443018,0.03,1,1,1,0.0,0.3333333333333333,0.09841500000000002,-1,-1,-1,1.0,1.0,-1.0,0.0,-0.3333333333333333,0.09841500000000002,-1,-1,-1,0.356862745098039,0.694117647058824,0.803921568627451
166.04729390144348,0.0,0.1463332078430319,0.03,1,1,1,0.0,0.3333333333333333,0.09841500000000002,-1,-1,-1,1.0,1.0,-1.0,0.0,-0.3333333333333333,0.09841500000000002,-1,-1,-1,0.356862745098039,0.694117647058824,0.803921568627451
166.08219242095947,0.0,0.1478448545316336,0.03,1,1,1,0.0,0.3333333333333333,0.09841500000000002,-1,-1,-1,1.0,1.0,-1.0,0.0,-0.3333333333333333,0.09841500000000002,-1,-1,-1,0.356862745098039,0.694117647058824,0.803921568627451
166.1171007156372,0.0,0.1493565012202353,0.03,1,1,1,0.0,0.3333333333333333,0.09841500000000002,-1,-1,-1,1.0,1.0,-1.0,0.0,-0.3333333333333333,0.09841500000000002,-1,-1,-1,0.356862745098039,0.694117647058824,0.803921568627451
166.15125060081482,0.0,0.150868147908837,0.03,1,1,1,0.0,0.3333333333333333,0.09841500000000002,-1,-1,-1,1.0,1.0,-1.0,0.0,-0.3333333333333333,0.09841500000000002,-1,-1,-1,0.356862745098039,0.694117647058824,0.803921568627451
166.18640327453613,0.0,0.15237979459743872,0.03,1,1,1,0.0,0.3333333333333333,0.09841500000000002,-1,-1,-1,1.0,1.0,-1.0,0.0,-0.3333333333333333,0.09841500000000002,-1,-1,-1,0.356862745098039,0.694117647058824,0.803921568627451
166.22103810310364,0.0,0.15389144128604043,0.03,1,1,1,0.0,0.3333333333333333,0.09841500000000002,-1,-1,-1,1.0,1.0,-1.0,0.0,-0.3333333333333333,0.09841500000000002,-1,-1,-1,0.356862745098039,0.694117647058824,0.803921568627451
166.2552707195282,0.0,0.15540308797464214,0.03,1,1,1,0.0,0.3333333333333333,0.09841500000000002,-1,-1,-1,1.0,1.0,-1.0,0.0,-0.3333333333333333,0.09841500000000002,-1,-1,-1,0.356862745098039,0.694117647058824,0.803921568627451
166.29014658927917,0.0,0.15691473466324385,0.03,1,1,1,0.0,0.3333333333333333,0.09841500000000002,-1,-1,-1,1.0,1.0,-1.0,0.0,-0.3333333333333333,0.09841500000000002,-1,-1,-1,0.356862745098039,0.694117647058824,0.803921568627451
166.3249545097351,0.0,0.15842638135184556,0.03,1,1,1,0.0,0.3333333333333333,0.09841500000000002,-1,-1,-1,1.0,1.0,-1.0,0.0,-0.3333333333333333,0.09841500000000002,-1,-1,-1,0.356862745098039,0.694117647058824,0.803921568627451
166.3597650527954,0.0,0.15993802804044727,0.03,1,1,1,0.0,0.3333333333333333,0.09841500000000002,-1,-1,-1,1.0,1.0,-1.0,0.0,-0.3333333333333333,0.09841500000000002,-1,-1,-1,0.356862745098039,0.694117647058824,0.803921568627451
166.3944730758667,0.0,0.16144967472904898,0.03,1,1,1,0.0,0.3333333333333333,0.09841500000000002,-1,-1,-1,1.0,1.0,-1.0,0.0,-0.3333333333333333,0.09841500000000002,-1,-1,-1,0.356862745098039,0.694117647058824,0.803921568627451
166.42914819717407,0.0,0.16296132141765068,0.03,1,1,1,0.0,0.3333333333333333,0.09841500000000002,-1,-1,-1,1.0,1.0,-1.0,0.0,-0.3333333333333333,0.09841500000000002,-1,-1,-1,0.356862745098039,0.694117647058824,0.803921568627451
166.46387004852295,0.0,0.1644729681062524,0.03,1,1,1,0.0,0.3333333333333333,0.09841500000000002,-1,-1,-1,1.0,1.0,-1.0,0.0,-0.3333333333333333,0.09841500000000002,-1,-1,-1,0.356862745098039,0.694117647058824,0.803921568627451
166.49860262870789,0.0,0.1659846147948541,0.03,1,1,1,0.0,0.3333333333333333,0.09841500000000002,-1,-1,-1,1.0,1.0,-1.0,0.0,-0.3333333333333333,0.09841500000000002,-1,-1,-1,0.356862745098039,0.694117647058824,0.803921568627451
166.53336644172668,0.0,0.1674962614834558,0.03,1,1,1,0.0,0.3333333333333333,0.09841500000000002,-1,-1,-1,1.0,1.0,-1.0,0.0,-0.3333333333333333,0.09841500000000002,-1,-1,-1,0.356862745098039,0.694117647058824,0.803921568627451
166.56801104545593,0.0,0.16900790817205752,0.03,1,1,1,0.0,0.3333333333333333,0.09841500000000002,-1,-1,-1,1.0,1.0,-1.0,0.0,-0.3333333333333333,0.09841500000000002,-1,-1,-1,0.356862745098039,0.694117647058824,0.803921568627451
166.6027708053589,0.0,0.17051955486065923,0.03,1,1,1,0.0,0.3333333333333333,0.09841500000000002,-1,-1,-1,1.0,1.0,-1.0,0.0,-0.3333333333333333,0.09841500000000002,-1,-1,-1,0.356862745098039,0.694117647058824,0.803921568627451
166.63748955726624,0.0,0.17203120154926094,0.03,1,1,1,0.0,0.3333333333333333,0.09841500000000002,-1,-1,-1,1.0,1.0,-1.0,0.0,-0.3333333333333333,0.09841500000000002,-1,-1,-1,0.356862745098039,0.694117647058824,0.803921568627451
166.67217803001404,0.0,0.17354284823786265,0.03,1,1,1,0.0,0.3333333333333333,0.09841500000000002,-1,-1,-1,1.0,1.0,-1.0,0.0,-0.3333333333333333,0.09841500000000002,-1,-1,-1,0.356862745098039,0.694117647058824,0.803921568627451
166.7069239616394,0.0,0.17505449492646435,0.03,1,1,1,0.0,0.3333333333333333,0.09841500000000002,-1,-1,-1,1.0,1.0,-1.0,0.0,-0.3333333333333333,0.09841500000000002,-1,-1,-1,0.356862745098039,0.694117647058824,0.803921568627451
166.74160623550415,0.0,0.17656614161506606,0.03,1,1,1,0.0,0.3333333333333333,0.09841500000000002,-1,-1,-1,1.0,1.0,-1.0,0.0,-0.3333333333333333,0.09841500000000002,-1,-1,-1,0.356862745098039,0.694117647058824,0.803921568627451
166.7763752937317,0.0,0.17807778830366777,0.03,1,1,1,0.0,0.3333333333333333,0.09841500000000002,-1,-1,-1,1.0,1.0,-1.0,0.0,-0.3333333333333333,0.09841500000000002,-1,-1,-1,0.356862745098039,0.694117647058824,0.803921568627451
166.81108903884888,0.0,0.17958943499226948,0.03,1,1,1,0.0,0.3333333333333333,0.09841500000000002,-1,-1,-1,1.0,1.0,-1.0,0.0,-0.3333333333333333,0.09841500000000002,-1,-1,-1,0.356862745098039,0.694117647058824,0.803921568627451
166.8458869457245,0.0,0.1811010816808712,0.03,1,1,1,0.0,0.3333333333333333,0.09841500000000002,-1,-1,-1,1.0,1.0,-1.0,0.0,-0.3333333333333333,0.09841500000000002,-1,-1,-1,0.356862745098039,0.694117647058824,0.803921568627451
166.88055682182312,0.0,0.1826127283694729,0.03,1,1,1,0.0,0.3333333333333333,0.09841500000000002,-1,-1,-1,1.0,1.0,-1.0,0.0,-0.3333333333333333,0.09841500000000002,-1,-1,-1,0.356862745098039,0.694117647058824,0.803921568627451
166.91528058052063,0.0,0.1841243750580746,0.03,1,1,1,0.0,0.3333333333333333,0.09841500000000002,-1,-1,-1,1.0,1.0,-1.0,0.0,-0.3333333333333333,0.09841500000000002,-1,-1,-1,0.356862745098039,0.694117647058824,0.803921568627451
166.95003652572632,0.0,0.18272462524122338,0.03,1,1,1,0.0,0.3333333333333333,0.09841500000000002,-1,-1,-1,1.0,1.0,-1.0,0.0,-0.3333333333333333,0.09841500000000002,-1,-1,-1,0.356862745098039,0.694117647058824,0.803921568627451
166.9847137928009,0.0,0.17938394442073685,0.03,1,1,1,0.0,0.3333333333333333,0.09841500000000002,-1,-1,-1,1.0,1.0,-1.0,0.0,-0.3333333333333333,0.09841500000000002,-1,-1,-1,0.356862745098039,0.694117647058824,0.803921568627451
167.01943278312683,0.0,0.17604326360025033,0.03,1,1,1,0.0,0.3333333333333333,0.09841500000000002,-1,-1,-1,1.0,1.0,-1.0,0.0,-0.3333333333333333,0.09841500000000002,-1,-1,-1,0.356862745098039,0.694117647058824,0.803921568627451
167.0541422367096,0.0,0.1727025827797638,0.03,1,1,1,0.0,0.3333333333333333,0.09841500000000002,-1,-1,-1,1.0,1.0,-1.0,0.0,-0.3333333333333333,0.09841500000000002,-1,-1,-1,0.356862745098039,0.694117647058824,0.803921568627451
167.08888864517212,0.0,0.16936190195927728,0.03,1,1,1,0.0,0.3333333333333333,0.09841500000000002,-1,-1,-1,1.0,1.0,-1.0,0.0,-0.3333333333333333,0.09841500000000002,-1,-1,-1,0.356862745098039,0.694117647058824,0.803921568627451
167.12357473373413,0.0,0.16602122113879075,0.03,1,1,1,0.0,0.3333333333333333,0.09841500000000002,-1,-1,-1,1.0,1.0,-1.0,0.0,-0.3333333333333333,0.09841500000000002,-1,-1,-1,0.356862745098039,0.694117647058824,0.803921568627451
167.1583104133606,0.0,0.16268054031830423,0.03,1,1,1,0.0,0.3333333333333333,0.09841500000000002,-1,-1,-1,1.0,1.0,-1.0,0.0,-0.3333333333333333,0.09841500000000002,-1,-1,-1,0.356862745098039,0.694117647058824,0.803921568627451
167.19307231903076,0.0,0.1593398594978177,0.03,1,1,1,0.0,0.3333333333333333,0.09841500000000002,-1,-1,-1,1.0,1.0,-1.0,0.0,-0.3333333333333333,0.09841500000000002,-1,-1,-1,0.356862745098039,0.694117647058824,0.803921568627451
167.2279989719391,0.0,0.15599917867733118,0.03,1,1,1,0.0,0.3333333333333333,0.09841500000000002,-1,-1,-1,1.0,1.0,-1.0,0.0,-0.3333333333333333,0.09841500000000002,-1,-1,-1,0.356862745098039,0.694117647058824,0.803921568627451
167.26256036758423,0.0,0.15265849785684465,0.03,1,1,1,0.0,0.3333333333333333,0.09841500000000002,-1,-1,-1,1.0,1.0,-1.0,0.0,-0.3333333333333333,0.09841500000000002,-1,-1,-1,0.356862745098039,0.694117647058824,0.803921568627451
167.29733300209045,0.0,0.14931781703635813,0.03,1,1,1,0.0,0.3333333333333333,0.09841500000000002,-1,-1,-1,1.0,1.0,-1.0,0.0,-0.3333333333333333,0.09841500000000002,-1,-1,-1,0.356862745098039,0.694117647058824,0.803921568627451
167.33198356628418,0.0,0.1459771362158716,0.03,1,1,1,0.0,0.3333333333333333,0.09841500000000002,-1,-1,-1,1.0,1.0,-1.0,0.0,-0.3333333333333333,0.09841500000000002,-1,-1,-1,0.356862745098039,0.694117647058824,0.803921568627451
167.366774559021,0.0,0.14263645539538508,0.03,1,1,1,0.0,0.3333333333333333,0.09841500000000002,-1,-1,-1,1.0,1.0,-1.0,0.0,-0.3333333333333333,0.09841500000000002,-1,-1,-1,0.356862745098039,0.694117647058824,0.803921568627451
167.4017152786255,0.0,0.13929577457489856,0.03,1,1,1,0.0,0.3333333333333333,0.09841500000000002,-1,-1,-1,1.0,1.0,-1.0,0.0,-0.3333333333333333,0.09841500000000002,-1,-1,-1,0.356862745098039,0.694117647058824,0.803921568627451
167.43638038635254,0.0,0.13595509375441203,0.03,1,1,1,0.0,0.3333333333333333,0.09841500000000002,-1,-1,-1,1.0,1.0,-1.0,0.0,-0.3333333333333333,0.09841500000000002,-1,-1,-1,0.356862745098039,0.694117647058824,0.803921568627451
167.4710967540741,0.0,0.1326144129339255,0.03,1,1,1,0.0,0.3333333333333333,0.09841500000000002,-1,-1,-1,1.0,1.0,-1.0,0.0,-0.3333333333333333,0.09841500000000002,-1,-1,-1,0.356862745098039,0.694117647058824,0.803921568627451
167.50589680671692,0.0,0.12927373211343898,0.03,1,1,1,0.0,0.3333333333333333,0.09841500000000002,-1,-1,-1,1.0,1.0,-1.0,0.0,-0.3333333333333333,0.09841500000000002,-1,-1,-1,0.356862745098039,0.694117647058824,0.803921568627451
167.54068899154663,0.0,0.12593305129295246,0.03,1,1,1,0.0,0.3333333333333333,0.09841500000000002,-1,-1,-1,1.0,1.0,-1.0,0.0,-0.3333333333333333,0.09841500000000002,-1,-1,-1,0.356862745098039,0.694117647058824,0.803921568627451
167.57530045509338,0.0,0.12259237047246593,0.03,1,1,1,0.0,0.3333333333333333,0.09841500000000002,-1,-1,-1,1.0,1.0,-1.0,0.0,-0.3333333333333333,0.09841500000000002,-1,-1,-1,0.356862745098039,0.694117647058824,0.803921568627451
167.60994124412537,0.0,0.11925168965197938,0.03,1,1,1,0.0,0.3333333333333333,0.09841500000000002,-1,-1,-1,1.0,1.0,-1.0,0.0,-0.3333333333333333,0.09841500000000002,-1,-1,-1,0.356862745098039,0.694117647058824,0.803921568627451
167.644690990448,0.0,0.11591100883149286,0.03,1,1,1,0.0,0.3333333333333333,0.09841500000000002,-1,-1,-1,1.0,1.0,-1.0,0.0,-0.3333333333333333,0.09841500000000002,-1,-1,-1,0.356862745098039,0.694117647058824,0.803921568627451
167.67949271202087,0.0,0.11257032801100633,0.03,1,1,1,0.0,0.3333333333333333,0.09841500000000002,-1,-1,-1,1.0,1.0,-1.0,0.0,-0.3333333333333333,0.09841500000000002,-1,-1,-1,0.356862745098039,0.694117647058824,0.803921568627451
167.714093208313,0.0,0.10922964719051981,0.03,1,1,1,0.0,0.3333333333333333,0.09841500000000002,-1,-1,-1,1.0,1.0,-1.0,0.0,-0.3333333333333333,0.09841500000000002,-1,-1,-1,0.356862745098039,0.694117647058824,0.803921568627451
167.74883246421814,0.0,0.10588896637003328,0.03,1,1,1,0.0,0.3333333333333333,0.09841500000000002,-1,-1,-1,1.0,1.0,-1.0,0.0,-0.3333333333333333,0.09841500000000002,-1,-1,-1,0.356862745098039,0.694117647058824,0.803921568627451
167.78360271453857,0.0,0.10254828554954676,0.03,1,1,1,0.0,0.3333333333333333,0.09841500000000002,-1,-1,-1,1.0,1.0,-1.0,0.0,-0.3333333333333333,0.09841500000000002,-1,-1,-1,0.356862745098039,0.694117647058824,0.803921568627451
167.81831049919128,0.0,0.09920760472906023,0.03,1,1,1,0.0,0.3333333333333333,0.09841500000000002,-1,-1,-1,1.0,1.0,-1.0,0.0,-0.3333333333333333,0.09841500000000002,-1,-1,-1,0.356862745098039,0.694117647058824,0.803921568627451
167.8530044555664,0.0,0.09586692390857371,0.03,1,1,1,0.0,0.3333333333333333,0.09841500000000002,-1,-1,-1,1.0,1.0,-1.0,0.0,-0.3333333333333333,0.09841500000000002,-1,-1,-1,0.356862745098039,0.694117647058824,0.803921568627451
167.88776063919067,0.0,0.09252624308808718,0.03,1,1,1,0.0,0.3333333333333333,0.09841500000000002,-1,-1,-1,1.0,1.0,-1.0,0.0,-0.3333333333333333,0.09841500000000002,-1,-1,-1,0.356862745098039,0.694117647058824,0.803921568627451
167.9225161075592,0.0,0.08918556226760066,0.03,1,1,1,0.0,0.3333333333333333,0.09841500000000002,-1,-1,-1,1.0,1.0,-1.0,0.0,-0.3333333333333333,0.09841500000000002,-1,-1,-1,0.356862745098039,0.694117647058824,0.803921568627451
167.95724749565125,0.0,0.08584488144711414,0.03,1,1,1,0.0,0.3333333333333333,0.09841500000000002,-1,-1,-1,1.0,1.0,-1.0,0.0,-0.3333333333333333,0.09841500000000002,-1,-1,-1,0.356862745098039,0.694117647058824,0.803921568627451
167.9919605255127,0.0,0.08250420062662761,0.03,1,1,1,0.0,0.3333333333333333,0.09841500000000002,-1,-1,-1,1.0,1.0,-1.0,0.0,-0.3333333333333333,0.09841500000000002,-1,-1,-1,0.356862745098039,0.694117647058824,0.803921568627451
168.02664256095886,0.0,0.07916351980614109,0.03,1,1,1,0.0,0.3333333333333333,0.09841500000000002,-1,-1,-1,1.0,1.0,-1.0,0.0,-0.3333333333333333,0.09841500000000002,-1,-1,-1,0.356862745098039,0.694117647058824,0.803921568627451
168.06137561798096,0.0,0.07582283898565456,0.03,1,1,1,0.0,0.3333333333333333,0.09841500000000002,-1,-1,-1,1.0,1.0,-1.0,0.0,-0.3333333333333333,0.09841500000000002,-1,-1,-1,0.356862745098039,0.694117647058824,0.803921568627451
168.0958936214447,0.0,0.07248215816516804,0.03,1,1,1,0.0,0.3333333333333333,0.09841500000000002,-1,-1,-1,1.0,1.0,-1.0,0.0,-0.3333333333333333,0.09841500000000002,-1,-1,-1,0.356862745098039,0.694117647058824,0.803921568627451
168.13072752952576,0.0,0.06914147734468151,0.03,1,1,1,0.0,0.3333333333333333,0.09841500000000002,-1,-1,-1,1.0,1.0,-1.0,0.0,-0.3333333333333333,0.09841500000000002,-1,-1,-1,0.356862745098039,0.694117647058824,0.803921568627451
168.16523933410645,0.0,0.0632285630434479,0.03,1,1,1,0.0,0.3333333333333333,0.09841500000000002,-1,-1,-1,1.0,1.0,-1.0,0.0,-0.3333333333333333,0.09841500000000002,-1,-1,-1,0.356862745098039,0.694117647058824,0.803921568627451
168.19998335838318,0.0,0.05731564874221426,0.03,1,1,1,0.0,0.3333333333333333,0.09841500000000002,-1,-1,-1,1.0,1.0,-1.0,0.0,-0.3333333333333333,0.09841500000000002,-1,-1,-1,0.356862745098039,0.694117647058824,0.803921568627451
168.23458981513977,0.0,0.05140273444098061,0.03,1,1,1,0.0,0.3333333333333333,0.09841500000000002,-1,-1,-1,1.0,1.0,-1.0,0.0,-0.3333333333333333,0.09841500000000002,-1,-1,-1,0.356862745098039,0.694117647058824,0.803921568627451
168.2693908214569,0.0,0.045489820139746964,0.03,1,1,1,0.0,0.3333333333333333,0.09841500000000002,-1,-1,-1,1.0,1.0,-1.0,0.0,-0.3333333333333333,0.09841500000000002,-1,-1,-1,0.356862745098039,0.694117647058824,0.803921568627451
168.30405354499817,0.0,0.03957690583851332,0.03,1,1,1,0.0,0.3333333333333333,0.09841500000000002,-1,-1,-1,1.0,1.0,-1.0,0.0,-0.3333333333333333,0.09841500000000002,-1,-1,-1,0.356862745098039,0.694117647058824,0.803921568627451
168.33880043029785,0.0,0.03366399153727967,0.03,1,1,1,0.0,0.3333333333333333,0.09841500000000002,-1,-1,-1,1.0,1.0,-1.0,0.0,-0.3333333333333333,0.09841500000000002,-1,-1,-1,0.356862745098039,0.694117647058824,0.803921568627451
168.3736069202423,0.0,0.02775107723604602,0.03,1,1,1,0.0,0.3333333333333333,0.09841500000000002,-1,-1,-1,1.0,1.0,-1.0,0.0,-0.3333333333333333,0.09841500000000002,-1,-1,-1,0.356862745098039,0.694117647058824,0.803921568627451
168.40839838981628,0.0,0.02183816293481237,0.03,1,1,1,0.0,0.3333333333333333,0.09841500000000002,-1,-1,-1,1.0,1.0,-1.0,0.0,-0.3333333333333333,0.09841500000000002,-1,-1,-1,0.356862745098039,0.694117647058824,0.803921568627451
168.4431049823761,0.0,0.015925248633578724,0.03,1,1,1,0.0,0.3333333333333333,0.09841500000000002,-1,-1,-1,1.0,1.0,-1.0,0.0,-0.3333333333333333,0.09841500000000002,-1,-1,-1,0.356862745098039,0.694117647058824,0.803921568627451
168.47772359848022,0.0,0.010012334332345076,0.03,1,1,1,0.0,0.3333333333333333,0.09841500000000002,-1,-1,-1,1.0,1.0,-1.0,0.0,-0.3333333333333333,0.09841500000000002,-1,-1,-1,0.356862745098039,0.694117647058824,0.803921568627451
168.5124900341034,0.0,0.004099420031111433,0.03,1,1,1,0.0,0.3333333333333333,0.09841500000000002,-1,-1,-1,1.0,1.0,-1.0,0.0,-0.3333333333333333,0.09841500000000002,-1,-1,-1,0.356862745098039,0.694117647058824,0.803921568627451
168.54741287231445,0.0,-0.0018134942701222099,0.03,1,1,1,0.0,0.3333333333333333,0.09841500000000002,-1,-1,-1,1.0,1.0,-1.0,0.0,-0.3333333333333333,0.09841500000000002,-1,-1,-1,0.356862745098039,0.694117647058824,0.803921568627451
168.58198714256287,0.0,-0.007726408571355852,0.03,1,1,1,0.0,0.3333333333333333,0.09841500000000002,-1,-1,-1,1.0,1.0,-1.0,0.0,-0.3333333333333333,0.09841500000000002,-1,-1,-1,0.356862745098039,0.694117647058824,0.803921568627451
168.6166923046112,0.0,-0.0136393228725895,0.03,1,1,1,0.0,0.3333333333333333,0.09841500000000002,-1,-1,-1,1.0,1.0,-1.0,0.0,-0.3333333333333333,0.09841500000000002,-1,-1,-1,0.356862745098039,0.694117647058824,0.803921568627451
168.6514115333557,0.0,-0.019552237173823147,0.03,1,1,1,0.0,0.3333333333333333,0.09841500000000002,-1,-1,-1,1.0,1.0,-1.0,0.0,-0.3333333333333333,0.09841500000000002,-1,-1,-1,0.356862745098039,0.694117647058824,0.803921568627451
168.68614792823792,0.0,-0.025465151475056794,0.03,1,1,1,0.0,0.3333333333333333,0.09841500000000002,-1,-1,-1,1.0,1.0,-1.0,0.0,-0.3333333333333333,0.09841500000000002,-1,-1,-1,0.356862745098039,0.694117647058824,0.803921568627451
168.72086191177368,0.0,-0.03137806577629044,0.03,1,1,1,0.0,0.3333333333333333,0.09841500000000002,-1,-1,-1,1.0,1.0,-1.0,0.0,-0.3333333333333333,0.09841500000000002,-1,-1,-1,0.356862745098039,0.694117647058824,0.803921568627451
168.75557613372803,0.0,-0.037290980077524086,0.03,1,1,1,0.0,0.3333333333333333,0.09841500000000002,-1,-1,-1,1.0,1.0,-1.0,0.0,-0.3333333333333333,0.09841500000000002,-1,-1,-1,0.356862745098039,0.694117647058824,0.803921568627451
168.7902820110321,0.0,-0.04320389437875773,0.03,1,1,1,0.0,0.3333333333333333,0.09841500000000002,-1,-1,-1,1.0,1.0,-1.0,0.0,-0.3333333333333333,0.09841500000000002,-1,-1,-1,0.356862745098039,0.694117647058824,0.803921568627451
168.82501792907715,0.0,-0.04911680867999138,0.03,1,1,1,0.0,0.3333333333333333,0.09841500000000002,-1,-1,-1,1.0,1.0,-1.0,0.0,-0.3333333333333333,0.09841500000000002,-1,-1,-1,0.356862745098039,0.694117647058824,0.803921568627451
168.8597183227539,0.0,-0.05502972298122503,0.03,1,1,1,0.0,0.3333333333333333,0.09841500000000002,-1,-1,-1,1.0,1.0,-1.0,0.0,-0.3333333333333333,0.09841500000000002,-1,-1,-1,0.356862745098039,0.694117647058824,0.803921568627451
168.89437675476074,0.0,-0.060942637282458675,0.03,1,1,1,0.0,0.3333333333333333,0.09841500000000002,-1,-1,-1,1.0,1.0,-1.0,0.0,-0.3333333333333333,0.09841500000000002,-1,-1,-1,0.356862745098039,0.694117647058824,0.803921568627451
168.92917370796204,0.0,-0.0668555515836923,0.03,1,1,1,0.0,0.3333333333333333,0.09841500000000002,-1,-1,-1,1.0,1.0,-1.0,0.0,-0.3333333333333333,0.09841500000000002,-1,-1,-1,0.356862745098039,0.694117647058824,0.803921568627451
168.963942527771,0.0,-0.07276846588492591,0.03,1,1,1,0.0,0.3333333333333333,0.09841500000000002,-1,-1,-1,1.0,1.0,-1.0,0.0,-0.3333333333333333,0.09841500000000002,-1,-1,-1,0.356862745098039,0.694117647058824,0.803921568627451
168.99863815307617,0.0,-0.07868138018615953,0.03,1,1,1,0.0,0.3333333333333333,0.09841500000000002,-1,-1,-1,1.0,1.0,-1.0,0.0,-0.3333333333333333,0.09841500000000002,-1,-1,-1,0.356862745098039,0.694117647058824,0.803921568627451
169.03361678123474,0.0,-0.08459429448739314,0.03,1,1,1,0.0,0.3333333333333333,0.09841500000000002,-1,-1,-1,1.0,1.0,-1.0,0.0,-0.3333333333333333,0.09841500000000002,-1,-1,-1,0.356862745098039,0.694117647058824,0.803921568627451
169.0680480003357,0.0,-0.09050720878862675,0.03,1,1,1,0.0,0.3333333333333333,0.09841500000000002,-1,-1,-1,1.0,1.0,-1.0,0.0,-0.3333333333333333,0.09841500000000002,-1,-1,-1,0.356862745098039,0.694117647058824,0.803921568627451
169.10301208496094,0.0,-0.09642012308986037,0.03,1,1,1,0.0,0.3333333333333333,0.09841500000000002,-1,-1,-1,1.0,1.0,-1.0,0.0,-0.3333333333333333,0.09841500000000002,-1,-1,-1,0.356862745098039,0.694117647058824,0.803921568627451
169.13778066635132,0.0,-0.10233303739109398,0.03,1,1,1,0.0,0.3333333333333333,0.09841500000000002,-1,-1,-1,1.0,1.0,-1.0,0.0,-0.3333333333333333,0.09841500000000002,-1,-1,-1,0.356862745098039,0.694117647058824,0.803921568627451
169.1724464893341,0.0,-0.10824595169232759,0.03,1,1,1,0.0,0.3333333333333333,0.09841500000000002,-1,-1,-1,1.0,1.0,-1.0,0.0,-0.3333333333333333,0.09841500000000002,-1,-1,-1,0.356862745098039,0.694117647058824,0.803921568627451
169.20721530914307,0.0,-0.1141588659935612,0.03,1,1,1,0.0,0.3333333333333333,0.09841500000000002,-1,-1,-1,1.0,1.0,-1.0,0.0,-0.3333333333333333,0.09841500000000002,-1,-1,-1,0.356862745098039,0.694117647058824,0.803921568627451
169.2418873310089,0.0,-0.12007178029479483,0.03,1,1,1,0.0,0.3333333333333333,0.09841500000000002,-1,-1,-1,1.0,1.0,-1.0,0.0,-0.3333333333333333,0.09841500000000002,-1,-1,-1,0.356862745098039,0.694117647058824,0.803921568627451
169.2765884399414,0.0,-0.12598469459602843,0.03,1,1,1,0.0,0.3333333333333333,0.09841500000000002,-1,-1,-1,1.0,1.0,-1.0,0.0,-0.3333333333333333,0.09841500000000002,-1,-1,-1,0.356862745098039,0.694117647058824,0.803921568627451
169.31128931045532,0.0,-0.13189760889726204,0.03,1,1,1,0.0,0.3333333333333333,0.09841500000000002,-1,-1,-1,1.0,1.0,-1.0,0.0,-0.3333333333333333,0.09841500000000002,-1,-1,-1,0.356862745098039,0.694117647058824,0.803921568627451
169.34593152999878,0.0,-0.13665754327278487,0.03,1,1,1,0.0,0.3333333333333333,0.09841500000000002,-1,-1,-1,1.0,1.0,-1.0,0.0,-0.3333333333333333,0.09841500000000002,-1,-1,-1,0.356862745098039,0.694117647058824,0.803921568627451
169.38073110580444,0.0,-0.13968800775974152,0.03,1,1,1,0.0,0.3333333333333333,0.09841500000000002,-1,-1,-1,1.0,1.0,-1.0,0.0,-0.3333333333333333,0.09841500000000002,-1,-1,-1,0.356862745098039,0.694117647058824,0.803921568627451
169.41546416282654,0.0,-0.14271847224669817,0.03,1,1,1,0.0,0.3333333333333333,0.09841500000000002,-1,-1,-1,1.0,1.0,-1.0,0.0,-0.3333333333333333,0.09841500000000002,-1,-1,-1,0.356862745098039,0.694117647058824,0.803921568627451
169.4499499797821,0.0,-0.14574893673365483,0.03,1,1,1,0.0,0.3333333333333333,0.09841500000000002,-1,-1,-1,1.0,1.0,-1.0,0.0,-0.3333333333333333,0.09841500000000002,-1,-1,-1,0.356862745098039,0.694117647058824,0.803921568627451
169.48472142219543,0.0,-0.14877940122061148,0.03,1,1,1,0.0,0.3333333333333333,0.09841500000000002,-1,-1,-1,1.0,1.0,-1.0,0.0,-0.3333333333333333,0.09841500000000002,-1,-1,-1,0.356862745098039,0.694117647058824,0.803921568627451
169.51939034461975,0.0,-0.15180986570756813,0.03,1,1,1,0.0,0.3333333333333333,0.09841500000000002,-1,-1,-1,1.0,1.0,-1.0,0.0,-0.3333333333333333,0.09841500000000002,-1,-1,-1,0.356862745098039,0.694117647058824,0.803921568627451
169.55411958694458,0.0,-0.15484033019452478,0.03,1,1,1,0.0,0.3333333333333333,0.09841500000000002,-1,-1,-1,1.0,1.0,-1.0,0.0,-0.3333333333333333,0.09841500000000002,-1,-1,-1,0.356862745098039,0.694117647058824,0.803921568627451
169.58905029296875,0.0,-0.15787079468148144,0.03,1,1,1,0.0,0.3333333333333333,0.09841500000000002,-1,-1,-1,1.0,1.0,-1.0,0.0,-0.3333333333333333,0.09841500000000002,-1,-1,-1,0.356862745098039,0.694117647058824,0.803921568627451
169.62380743026733,0.0,-0.1609012591684381,0.03,1,1,1,0.0,0.3333333333333333,0.09841500000000002,-1,-1,-1,1.0,1.0,-1.0,0.0,-0.3333333333333333,0.09841500000000002,-1,-1,-1,0.356862745098039,0.694117647058824,0.803921568627451
169.65827536582947,0.0,-0.16393172365539474,0.03,1,1,1,0.0,0.3333333333333333,0.09841500000000002,-1,-1,-1,1.0,1.0,-1.0,0.0,-0.3333333333333333,0.09841500000000002,-1,-1,-1,0.356862745098039,0.694117647058824,0.803921568627451
169.69301223754883,0.0,-0.1669621881423514,0.03,1,1,1,0.0,0.3333333333333333,0.09841500000000002,-1,-1,-1,1.0,1.0,-1.0,0.0,-0.3333333333333333,0.09841500000000002,-1,-1,-1,0.356862745098039,0.694117647058824,0.803921568627451
169.72781705856323,0.0,-0.16999265262930804,0.03,1,1,1,0.0,0.3333333333333333,0.09841500000000002,-1,-1,-1,1.0,1.0,-1.0,0.0,-0.3333333333333333,0.09841500000000002,-1,-1,-1,0.356862745098039,0.694117647058824,0.803921568627451
169.76245617866516,0.0,-0.1730231171162647,0.03,1,1,1,0.0,0.3333333333333333,0.09841500000000002,-1,-1,-1,1.0,1.0,-1.0,0.0,-0.3333333333333333,0.09841500000000002,-1,-1,-1,0.356862745098039,0.694117647058824,0.803921568627451
169.7971830368042,0.0,-0.17605358160322135,0.03,1,1,1,0.0,0.3333333333333333,0.09841500000000002,-1,-1,-1,1.0,1.0,-1.0,0.0,-0.3333333333333333,0.09841500000000002,-1,-1,-1,0.356862745098039,0.694117647058824,0.803921568627451
169.8319399356842,0.0,-0.179084046090178,0.03,1,1,1,0.0,0.3333333333333333,0.09841500000000002,-1,-1,-1,1.0,1.0,-1.0,0.0,-0.3333333333333333,0.09841500000000002,-1,-1,-1,0.356862745098039,0.694117647058824,0.803921568627451
169.8666431903839,0.0,-0.18211451057713465,0.03,1,1,1,0.0,0.3333333333333333,0.09841500000000002,-1,-1,-1,1.0,1.0,-1.0,0.0,-0.3333333333333333,0.09841500000000002,-1,-1,-1,0.356862745098039,0.694117647058824,0.803921568627451
169.90137696266174,0.0,-0.1851449750640913,0.03,1,1,1,0.0,0.3333333333333333,0.09841500000000002,-1,-1,-1,1.0,1.0,-1.0,0.0,-0.3333333333333333,0.09841500000000002,-1,-1,-1,0.356862745098039,0.694117647058824,0.803921568627451
169.9360990524292,0.0,-0.18817543955104796,0.03,1,1,1,0.0,0.3333333333333333,0.09841500000000002,-1,-1,-1,1.0,1.0,-1.0,0.0,-0.3333333333333333,0.09841500000000002,-1,-1,-1,0.356862745098039,0.694117647058824,0.803921568627451
169.9727168083191,0.0,-0.1912059040380046,0.03,1,1,1,0.0,0.3333333333333333,0.09841500000000002,-1,-1,-1,1.0,1.0,-1.0,0.0,-0.3333333333333333,0.09841500000000002,-1,-1,-1,0.356862745098039,0.694117647058824,0.803921568627451
170.00554060935974,0.0,-0.19423636852496126,0.03,1,1,1,0.0,0.3333333333333333,0.09841500000000002,-1,-1,-1,1.0,1.0,-1.0,0.0,-0.3333333333333333,0.09841500000000002,-1,-1,-1,0.356862745098039,0.694117647058824,0.803921568627451
170.04059433937073,0.0,-0.1972668330119179,0.03,1,1,1,0.0,0.3333333333333333,0.09841500000000002,-1,-1,-1,1.0,1.0,-1.0,0.0,-0.3333333333333333,0.09841500000000002,-1,-1,-1,0.356862745098039,0.694117647058824,0.803921568627451
170.0750277042389,0.0,-0.20029729749887457,0.03,1,1,1,0.0,0.3333333333333333,0.09841500000000002,-1,-1,-1,1.0,1.0,-1.0,0.0,-0.3333333333333333,0.09841500000000002,-1,-1,-1,0.356862745098039,0.694117647058824,0.803921568627451
170.10973954200745,0.0,-0.20332776198583122,0.03,1,1,1,0.0,0.3333333333333333,0.09841500000000002,-1,-1,-1,1.0,1.0,-1.0,0.0,-0.3333333333333333,0.09841500000000002,-1,-1,-1,0.356862745098039,0.694117647058824,0.803921568627451
170.14445519447327,0.0,-0.20635822647278787,0.03,1,1,1,0.0,0.3333333333333333,0.09841500000000002,-1,-1,-1,1.0,1.0,-1.0,0.0,-0.3333333333333333,0.09841500000000002,-1,-1,-1,0.356862745098039,0.694117647058824,0.803921568627451
170.17909502983093,0.0,-0.20938869095974452,0.03,1,1,1,0.0,0.3333333333333333,0.09841500000000002,-1,-1,-1,1.0,1.0,-1.0,0.0,-0.3333333333333333,0.09841500000000002,-1,-1,-1,0.356862745098039,0.694117647058824,0.803921568627451
170.21391940116882,0.0,-0.21241915544670117,0.03,1,1,1,0.0,0.3333333333333333,0.09841500000000002,-1,-1,-1,1.0,1.0,-1.0,0.0,-0.3333333333333333,0.09841500000000002,-1,-1,-1,0.356862745098039,0.694117647058824,0.803921568627451
170.2485384941101,0.0,-0.21544961993365783,0.03,1,1,1,0.0,0.3333333333333333,0.09841500000000002,-1,-1,-1,1.0,1.0,-1.0,0.0,-0.3333333333333333,0.09841500000000002,-1,-1,-1,0.356862745098039,0.694117647058824,0.803921568627451
170.28361630439758,0.0,-0.21848008442061448,0.03,1,1,1,0.0,0.3333333333333333,0.09841500000000002,-1,-1,-1,1.0,1.0,-1.0,0.0,-0.3333333333333333,0.09841500000000002,-1,-1,-1,0.356862745098039,0.694117647058824,0.803921568627451
170.31807160377502,0.0,-0.22151054890757113,0.03,1,1,1,0.0,0.3333333333333333,0.09841500000000002,-1,-1,-1,1.0,1.0,-1.0,0.0,-0.3333333333333333,0.09841500000000002,-1,-1,-1,0.356862745098039,0.694117647058824,0.803921568627451
170.35276222229004,0.0,-0.22454101339452778,0.03,1,1,1,0.0,0.3333333333333333,0.09841500000000002,-1,-1,-1,1.0,1.0,-1.0,0.0,-0.3333333333333333,0.09841500000000002,-1,-1,-1,0.356862745098039,0.694117647058824,0.803921568627451
170.38750171661377,0.0,-0.22757147788148444,0.03,1,1,1,0.0,0.3333333333333333,0.09841500000000002,-1,-1,-1,1.0,1.0,-1.0,0.0,-0.3333333333333333,0.09841500000000002,-1,-1,-1,0.356862745098039,0.694117647058824,0.803921568627451
170.4222002029419,0.0,-0.2306019423684411,0.03,1,1,1,0.0,0.3333333333333333,0.09841500000000002,-1,-1,-1,1.0,1.0,-1.0,0.0,-0.3333333333333333,0.09841500000000002,-1,-1,-1,0.356862745098039,0.694117647058824,0.803921568627451
170.45701813697815,0.0,-0.23363240685539774,0.03,1,1,1,0.0,0.3333333333333333,0.09841500000000002,-1,-1,-1,1.0,1.0,-1.0,0.0,-0.3333333333333333,0.09841500000000002,-1,-1,-1,0.356862745098039,0.694117647058824,0.803921568627451
170.49167251586914,0.0,-0.2366628713423544,0.03,1,1,1,0.0,0.3333333333333333,0.09841500000000002,-1,-1,-1,1.0,1.0,-1.0,0.0,-0.3333333333333333,0.09841500000000002,-1,-1,-1,0.356862745098039,0.694117647058824,0.803921568627451
170.52651977539062,0.0,-0.23969333582931104,0.03,1,1,1,0.0,0.3333333333333333,0.09841500000000002,-1,-1,-1,1.0,1.0,-1.0,0.0,-0.3333333333333333,0.09841500000000002,-1,-1,-1,0.356862745098039,0.694117647058824,0.803921568627451
170.5611596107483,0.0,-0.24280269161753404,0.03,1,1,1,0.0,0.3333333333333333,0.09841500000000002,-1,-1,-1,1.0,1.0,-1.0,0.0,-0.3333333333333333,0.09841500000000002,-1,-1,-1,0.356862745098039,0.694117647058824,0.803921568627451
170.5958867073059,0.0,-0.24593177023107368,0.03,1,1,1,0.0,0.3333333333333333,0.09841500000000002,-1,-1,-1,1.0,1.0,-1.0,0.0,-0.3333333333333333,0.09841500000000002,-1,-1,-1,0.356862745098039,0.694117647058824,0.803921568627451
170.63060402870178,0.0,-0.24906084884461327,0.03,1,1,1,0.0,0.3333333333333333,0.09841500000000002,-1,-1,-1,1.0,1.0,-1.0,0.0,-0.3333333333333333,0.09841500000000002,-1,-1,-1,0.356862745098039,0.694117647058824,0.803921568627451
170.665265083313,0.0,-0.2521899274581529,0.03,1,1,1,0.0,0.3333333333333333,0.09841500000000002,-1,-1,-1,1.0,1.0,-1.0,0.0,-0.3333333333333333,0.09841500000000002,-1,-1,-1,0.356862745098039,0.694117647058824,0.803921568627451
170.70022773742676,0.0,-0.2553190060716925,0.03,1,1,1,0.0,0.3333333333333333,0.09841500000000002,-1,-1,-1,1.0,1.0,-1.0,0.0,-0.3333333333333333,0.09841500000000002,-1,-1,-1,0.356862745098039,0.694117647058824,0.803921568627451
170.7349944114685,0.0,-0.2584480846852321,0.03,1,1,1,0.0,0.3333333333333333,0.09841500000000002,-1,-1,-1,1.0,1.0,-1.0,0.0,-0.3333333333333333,0.09841500000000002,-1,-1,-1,0.356862745098039,0.694117647058824,0.803921568627451
170.76975655555725,0.0,-0.26157716329877173,0.03,1,1,1,0.0,0.3333333333333333,0.09841500000000002,-1,-1,-1,1.0,1.0,-1.0,0.0,-0.3333333333333333,0.09841500000000002,-1,-1,-1,0.356862745098039,0.694117647058824,0.803921568627451
170.80444431304932,0.0,-0.26470624191231135,0.03,1,1,1,0.0,0.3333333333333333,0.09841500000000002,-1,-1,-1,1.0,1.0,-1.0,0.0,-0.3333333333333333,0.09841500000000002,-1,-1,-1,0.356862745098039,0.694117647058824,0.803921568627451
170.83911418914795,0.0,-0.26783532052585096,0.03,1,1,1,0.0,0.3333333333333333,0.09841500000000002,-1,-1,-1,1.0,1.0,-1.0,0.0,-0.3333333333333333,0.09841500000000002,-1,-1,-1,0.356862745098039,0.694117647058824,0.803921568627451
170.87388515472412,0.0,-0.2709643991393906,0.03,1,1,1,0.0,0.3333333333333333,0.09841500000000002,-1,-1,-1,1.0,1.0,-1.0,0.0,-0.3333333333333333,0.09841500000000002,-1,-1,-1,0.356862745098039,0.694117647058824,0.803921568627451
170.90853095054626,0.0,-0.2740934777529302,0.03,1,1,1,0.0,0.3333333333333333,0.09841500000000002,-1,-1,-1,1.0,1.0,-1.0,0.0,-0.3333333333333333,0.09841500000000002,-1,-1,-1,0.356862745098039,0.694117647058824,0.803921568627451
170.94334387779236,0.0,-0.2772225563664698,0.03,1,1,1,0.0,0.3333333333333333,0.09841500000000002,-1,-1,-1,1.0,1.0,-1.0,0.0,-0.3333333333333333,0.09841500000000002,-1,-1,-1,0.356862745098039,0.694117647058824,0.803921568627451
170.97798800468445,0.0,-0.2803516349800094,0.03,1,1,1,0.0,0.3333333333333333,0.09841500000000002,-1,-1,-1,1.0,1.0,-1.0,0.0,-0.3333333333333333,0.09841500000000002,-1,-1,-1,0.356862745098039,0.694117647058824,0.803921568627451
171.01265597343445,0.0,-0.28348071359354904,0.03,1,1,1,0.0,0.3333333333333333,0.09841500000000002,-1,-1,-1,1.0,1.0,-1.0,0.0,-0.3333333333333333,0.09841500000000002,-1,-1,-1,0.356862745098039,0.694117647058824,0.803921568627451
171.04749369621277,0.0,-0.28660979220708865,0.03,1,1,1,0.0,0.3333333333333333,0.09841500000000002,-1,-1,-1,1.0,1.0,-1.0,0.0,-0.3333333333333333,0.09841500000000002,-1,-1,-1,0.356862745098039,0.694117647058824,0.803921568627451
171.08224248886108,0.0,-0.28973887082062827,0.03,1,1,1,0.0,0.3333333333333333,0.09841500000000002,-1,-1,-1,1.0,1.0,-1.0,0.0,-0.3333333333333333,0.09841500000000002,-1,-1,-1,0.356862745098039,0.694117647058824,0.803921568627451
171.11681747436523,0.0,-0.2928679494341679,0.03,1,1,1,0.0,0.3333333333333333,0.09841500000000002,-1,-1,-1,1.0,1.0,-1.0,0.0,-0.3333333333333333,0.09841500000000002,-1,-1,-1,0.356862745098039,0.694117647058824,0.803921568627451
171.15165543556213,0.0,-0.2959970280477075,0.03,1,1,1,0.0,0.3333333333333333,0.09841500000000002,-1,-1,-1,1.0,1.0,-1.0,0.0,-0.3333333333333333,0.09841500000000002,-1,-1,-1,0.356862745098039,0.694117647058824,0.803921568627451
171.18643283843994,0.0,-0.2991261066612471,0.03,1,1,1,0.0,0.3333333333333333,0.09841500000000002,-1,-1,-1,1.0,1.0,-1.0,0.0,-0.3333333333333333,0.09841500000000002,-1,-1,-1,0.356862745098039,0.694117647058824,0.803921568627451
171.221093416214,0.0,-0.30225518527478673,0.03,1,1,1,0.0,0.3333333333333333,0.09841500000000002,-1,-1,-1,1.0,1.0,-1.0,0.0,-0.3333333333333333,0.09841500000000002,-1,-1,-1,0.356862745098039,0.694117647058824,0.803921568627451
171.25581812858582,0.0,-0.30538426388832635,0.03,1,1,1,0.0,0.3333333333333333,0.09841500000000002,-1,-1,-1,1.0,1.0,-1.0,0.0,-0.3333333333333333,0.09841500000000002,-1,-1,-1,0.356862745098039,0.694117647058824,0.803921568627451
171.29058623313904,0.0,-0.30851334250186596,0.03,1,1,1,0.0,0.3333333333333333,0.09841500000000002,-1,-1,-1,1.0,1.0,-1.0,0.0,-0.3333333333333333,0.09841500000000002,-1,-1,-1,0.356862745098039,0.694117647058824,0.803921568627451
171.325124502182,0.0,-0.3116424211154056,0.03,1,1,1,0.0,0.3333333333333333,0.09841500000000002,-1,-1,-1,1.0,1.0,-1.0,0.0,-0.3333333333333333,0.09841500000000002,-1,-1,-1,0.356862745098039,0.694117647058824,0.803921568627451
171.35993337631226,0.0,-0.3147714997289452,0.03,1,1,1,0.0,0.3333333333333333,0.09841500000000002,-1,-1,-1,1.0,1.0,-1.0,0.0,-0.3333333333333333,0.09841500000000002,-1,-1,-1,0.356862745098039,0.694117647058824,0.803921568627451
171.39466500282288,0.0,-0.3179005783424848,0.03,1,1,1,0.0,0.3333333333333333,0.09841500000000002,-1,-1,-1,1.0,1.0,-1.0,0.0,-0.3333333333333333,0.09841500000000002,-1,-1,-1,0.356862745098039,0.694117647058824,0.803921568627451
171.42955040931702,0.0,-0.3210296569560244,0.03,1,1,1,0.0,0.3333333333333333,0.09841500000000002,-1,-1,-1,1.0,1.0,-1.0,0.0,-0.3333333333333333,0.09841500000000002,-1,-1,-1,0.356862745098039,0.694117647058824,0.803921568627451
171.46408891677856,0.0,-0.32415873556956404,0.03,1,1,1,0.0,0.3333333333333333,0.09841500000000002,-1,-1,-1,1.0,1.0,-1.0,0.0,-0.3333333333333333,0.09841500000000002,-1,-1,-1,0.356862745098039,0.694117647058824,0.803921568627451
171.4988968372345,0.0,-0.32728781418310365,0.03,1,1,1,0.0,0.3333333333333333,0.09841500000000002,-1,-1,-1,1.0,1.0,-1.0,0.0,-0.3333333333333333,0.09841500000000002,-1,-1,-1,0.356862745098039,0.694117647058824,0.803921568627451
171.5336332321167,0.0,-0.33041689279664327,0.03,1,1,1,0.0,0.3333333333333333,0.09841500000000002,-1,-1,-1,1.0,1.0,-1.0,0.0,-0.3333333333333333,0.09841500000000002,-1,-1,-1,0.356862745098039,0.694117647058824,0.803921568627451
171.5684037208557,0.0,-0.3335459714101829,0.03,1,1,1,0.0,0.3333333333333333,0.09841500000000002,-1,-1,-1,1.0,1.0,-1.0,0.0,-0.3333333333333333,0.09841500000000002,-1,-1,-1,0.356862745098039,0.694117647058824,0.803921568627451
171.60304236412048,0.0,-0.3335459714101829,0.03,1,1,1,0.0,0.3333333333333333,0.09841500000000002,-1,-1,-1,1.0,1.0,-1.0,0.0,-0.3333333333333333,0.09841500000000002,-1,-1,-1,0.356862745098039,0.694117647058824,0.803921568627451
171.6377305984497,0.0,-0.3335459714101829,0.03,1,1,1,0.0,0.3333333333333333,0.09841500000000002,-1,-1,-1,1.0,1.0,-1.0,0.0,-0.3333333333333333,0.09841500000000002,-1,-1,-1,0.356862745098039,0.694117647058824,0.803921568627451
171.67255878448486,0.0,-0.3335459714101829,0.03,1,1,1,0.0,0.3333333333333333,0.09841500000000002,-1,-1,-1,1.0,1.0,-1.0,0.0,-0.3333333333333333,0.09841500000000002,-1,-1,-1,0.356862745098039,0.694117647058824,0.803921568627451
171.7071394920349,0.0,-0.3335459714101829,0.03,1,1,1,0.0,0.3333333333333333,0.09841500000000002,-1,-1,-1,1.0,1.0,-1.0,0.0,-0.3333333333333333,0.09841500000000002,-1,-1,-1,0.356862745098039,0.694117647058824,0.803921568627451
171.7416274547577,0.0,0.00024564588033389905,0.03,1,1,1,0.0,0.3333333333333333,0.09841500000000002,-1,-1,-1,1.0,1.0,-1.0,0.0,-0.3333333333333333,0.08857350000000001,1,1,1,0.356862745098039,0.694117647058824,0.803921568627451
171.7766399383545,0.0,0.0014738752820033945,0.03,1,1,1,0.0,0.3333333333333333,0.09841500000000002,-1,-1,-1,1.0,1.0,-1.0,0.0,-0.3333333333333333,0.08857350000000001,1,1,1,0.356862745098039,0.694117647058824,0.803921568627451
171.81140661239624,0.0,0.0027021046836728903,0.03,1,1,1,0.0,0.3333333333333333,0.09841500000000002,-1,-1,-1,1.0,1.0,-1.0,0.0,-0.3333333333333333,0.08857350000000001,1,1,1,0.356862745098039,0.694117647058824,0.803921568627451
171.846088886261,0.0,0.003930334085342386,0.03,1,1,1,0.0,0.3333333333333333,0.09841500000000002,-1,-1,-1,1.0,1.0,-1.0,0.0,-0.3333333333333333,0.08857350000000001,1,1,1,0.356862745098039,0.694117647058824,0.803921568627451
171.88077211380005,0.0,0.005158563487011879,0.03,1,1,1,0.0,0.3333333333333333,0.09841500000000002,-1,-1,-1,1.0,1.0,-1.0,0.0,-0.3333333333333333,0.08857350000000001,1,1,1,0.356862745098039,0.694117647058824,0.803921568627451
171.91553807258606,0.0,0.006386792888681373,0.03,1,1,1,0.0,0.3333333333333333,0.09841500000000002,-1,-1,-1,1.0,1.0,-1.0,0.0,-0.3333333333333333,0.08857350000000001,1,1,1,0.356862745098039,0.694117647058824,0.803921568627451
171.95006489753723,0.0,0.0076150222903508666,0.03,1,1,1,0.0,0.3333333333333333,0.09841500000000002,-1,-1,-1,1.0,1.0,-1.0,0.0,-0.3333333333333333,0.08857350000000001,1,1,1,0.356862745098039,0.694117647058824,0.803921568627451
171.9845621585846,0.0,0.008843251692020361,0.03,1,1,1,0.0,0.3333333333333333,0.09841500000000002,-1,-1,-1,1.0,1.0,-1.0,0.0,-0.3333333333333333,0.08857350000000001,1,1,1,0.356862745098039,0.694117647058824,0.803921568627451
172.01953101158142,0.0,0.010071481093689855,0.03,1,1,1,0.0,0.3333333333333333,0.09841500000000002,-1,-1,-1,1.0,1.0,-1.0,0.0,-0.3333333333333333,0.08857350000000001,1,1,1,0.356862745098039,0.694117647058824,0.803921568627451
172.0540807247162,0.0,0.011299710495359348,0.03,1,1,1,0.0,0.3333333333333333,0.09841500000000002,-1,-1,-1,1.0,1.0,-1.0,0.0,-0.3333333333333333,0.08857350000000001,1,1,1,0.356862745098039,0.694117647058824,0.803921568627451
172.08889055252075,0.0,0.012527939897028842,0.03,1,1,1,0.0,0.3333333333333333,0.09841500000000002,-1,-1,-1,1.0,1.0,-1.0,0.0,-0.3333333333333333,0.08857350000000001,1,1,1,0.356862745098039,0.694117647058824,0.803921568627451
172.1235957145691,0.0,0.013756169298698336,0.03,1,1,1,0.0,0.3333333333333333,0.09841500000000002,-1,-1,-1,1.0,1.0,-1.0,0.0,-0.3333333333333333,0.08857350000000001,1,1,1,0.356862745098039,0.694117647058824,0.803921568627451
172.15834832191467,0.0,0.01498439870036783,0.03,1,1,1,0.0,0.3333333333333333,0.09841500000000002,-1,-1,-1,1.0,1.0,-1.0,0.0,-0.3333333333333333,0.08857350000000001,1,1,1,0.356862745098039,0.694117647058824,0.803921568627451
172.19303798675537,0.0,0.016212628102037323,0.03,1,1,1,0.0,0.3333333333333333,0.09841500000000002,-1,-1,-1,1.0,1.0,-1.0,0.0,-0.3333333333333333,0.08857350000000001,1,1,1,0.356862745098039,0.694117647058824,0.803921568627451
172.2277684211731,0.0,0.017440857503706816,0.03,1,1,1,0.0,0.3333333333333333,0.09841500000000002,-1,-1,-1,1.0,1.0,-1.0,0.0,-0.3333333333333333,0.08857350000000001,1,1,1,0.356862745098039,0.694117647058824,0.803921568627451
172.26271319389343,0.0,0.01866908690537631,0.03,1,1,1,0.0,0.3333333333333333,0.09841500000000002,-1,-1,-1,1.0,1.0,-1.0,0.0,-0.3333333333333333,0.08857350000000001,1,1,1,0.356862745098039,0.694117647058824,0.803921568627451
172.29744267463684,0.0,0.019897316307045804,0.03,1,1,1,0.0,0.3333333333333333,0.09841500000000002,-1,-1,-1,1.0,1.0,-1.0,0.0,-0.3333333333333333,0.08857350000000001,1,1,1,0.356862745098039,0.694117647058824,0.803921568627451
172.33214712142944,0.0,0.021125545708715297,0.03,1,1,1,0.0,0.3333333333333333,0.09841500000000002,-1,-1,-1,1.0,1.0,-1.0,0.0,-0.3333333333333333,0.08857350000000001,1,1,1,0.356862745098039,0.694117647058824,0.803921568627451
172.36688899993896,0.0,0.02235377511038479,0.03,1,1,1,0.0,0.3333333333333333,0.09841500000000002,-1,-1,-1,1.0,1.0,-1.0,0.0,-0.3333333333333333,0.08857350000000001,1,1,1,0.356862745098039,0.694117647058824,0.803921568627451
172.40160846710205,0.0,0.023582004512054285,0.03,1,1,1,0.0,0.3333333333333333,0.09841500000000002,-1,-1,-1,1.0,1.0,-1.0,0.0,-0.3333333333333333,0.08857350000000001,1,1,1,0.356862745098039,0.694117647058824,0.803921568627451
172.43630838394165,0.0,0.024810233913723778,0.03,1,1,1,0.0,0.3333333333333333,0.09841500000000002,-1,-1,-1,1.0,1.0,-1.0,0.0,-0.3333333333333333,0.08857350000000001,1,1,1,0.356862745098039,0.694117647058824,0.803921568627451
172.47102761268616,0.0,0.026038463315393272,0.03,1,1,1,0.0,0.3333333333333333,0.09841500000000002,-1,-1,-1,1.0,1.0,-1.0,0.0,-0.3333333333333333,0.08857350000000001,1,1,1,0.356862745098039,0.694117647058824,0.803921568627451
172.50577306747437,0.0,0.027266692717062765,0.03,1,1,1,0.0,0.3333333333333333,0.09841500000000002,-1,-1,-1,1.0,1.0,-1.0,0.0,-0.3333333333333333,0.08857350000000001,1,1,1,0.356862745098039,0.694117647058824,0.803921568627451
172.5405490398407,0.0,0.02849492211873226,0.03,1,1,1,0.0,0.3333333333333333,0.09841500000000002,-1,-1,-1,1.0,1.0,-1.0,0.0,-0.3333333333333333,0.08857350000000001,1,1,1,0.356862745098039,0.694117647058824,0.803921568627451
172.57524156570435,0.0,0.029723151520401756,0.03,1,1,1,0.0,0.3333333333333333,0.09841500000000002,-1,-1,-1,1.0,1.0,-1.0,0.0,-0.3333333333333333,0.08857350000000001,1,1,1,0.356862745098039,0.694117647058824,0.803921568627451
172.6099569797516,0.0,0.030951380922071264,0.03,1,1,1,0.0,0.3333333333333333,0.09841500000000002,-1,-1,-1,1.0,1.0,-1.0,0.0,-0.3333333333333333,0.08857350000000001,1,1,1,0.356862745098039,0.694117647058824,0.803921568627451
172.64463639259338,0.0,0.03217961032374076,0.03,1,1,1,0.0,0.3333333333333333,0.09841500000000002,-1,-1,-1,1.0,1.0,-1.0,0.0,-0.3333333333333333,0.08857350000000001,1,1,1,0.356862745098039,0.694117647058824,0.803921568627451
172.67937111854553,0.0,0.033407839725410254,0.03,1,1,1,0.0,0.3333333333333333,0.09841500000000002,-1,-1,-1,1.0,1.0,-1.0,0.0,-0.3333333333333333,0.08857350000000001,1,1,1,0.356862745098039,0.694117647058824,0.803921568627451
172.71406388282776,0.0,0.03463606912707975,0.03,1,1,1,0.0,0.3333333333333333,0.09841500000000002,-1,-1,-1,1.0,1.0,-1.0,0.0,-0.3333333333333333,0.08857350000000001,1,1,1,0.356862745098039,0.694117647058824,0.803921568627451
172.74879026412964,0.0,0.03586429852874924,0.03,1,1,1,0.0,0.3333333333333333,0.09841500000000002,-1,-1,-1,1.0,1.0,-1.0,0.0,-0.3333333333333333,0.08857350000000001,1,1,1,0.356862745098039,0.694117647058824,0.803921568627451
172.78353142738342,0.0,0.037092527930418735,0.03,1,1,1,0.0,0.3333333333333333,0.09841500000000002,-1,-1,-1,1.0,1.0,-1.0,0.0,-0.3333333333333333,0.08857350000000001,1,1,1,0.356862745098039,0.694117647058824,0.803921568627451
172.81826639175415,0.0,0.03832075733208823,0.03,1,1,1,0.0,0.3333333333333333,0.09841500000000002,-1,-1,-1,1.0,1.0,-1.0,0.0,-0.3333333333333333,0.08857350000000001,1,1,1,0.356862745098039,0.694117647058824,0.803921568627451
172.8529155254364,0.0,0.03954898673375772,0.03,1,1,1,0.0,0.3333333333333333,0.09841500000000002,-1,-1,-1,1.0,1.0,-1.0,0.0,-0.3333333333333333,0.08857350000000001,1,1,1,0.356862745098039,0.694117647058824,0.803921568627451
172.88768935203552,0.0,0.040777216135427216,0.03,1,1,1,0.0,0.3333333333333333,0.09841500000000002,-1,-1,-1,1.0,1.0,-1.0,0.0,-0.3333333333333333,0.08857350000000001,1,1,1,0.356862745098039,0.694117647058824,0.803921568627451
172.9224555492401,0.0,0.04200544553709671,0.03,1,1,1,0.0,0.3333333333333333,0.09841500000000002,-1,-1,-1,1.0,1.0,-1.0,0.0,-0.3333333333333333,0.08857350000000001,1,1,1,0.356862745098039,0.694117647058824,0.803921568627451
172.95711159706116,0.0,0.043353827517824545,0.03,1,1,1,0.0,0.3333333333333333,0.09841500000000002,-1,-1,-1,1.0,1.0,-1.0,0.0,-0.3333333333333333,0.08857350000000001,-1,-1,-1,0.356862745098039,0.694117647058824,0.803921568627451
172.99183416366577,0.0,0.04478231121792461,0.03,1,1,1,0.0,0.3333333333333333,0.09841500000000002,-1,-1,-1,1.0,1.0,-1.0,0.0,-0.3333333333333333,0.08857350000000001,-1,-1,-1,0.356862745098039,0.694117647058824,0.803921568627451
173.02661800384521,0.0,0.04621079491802467,0.03,1,1,1,0.0,0.3333333333333333,0.09841500000000002,-1,-1,-1,1.0,1.0,-1.0,0.0,-0.3333333333333333,0.08857350000000001,-1,-1,-1,0.356862745098039,0.694117647058824,0.803921568627451
173.06134748458862,0.0,0.04763927861812473,0.03,1,1,1,0.0,0.3333333333333333,0.09841500000000002,-1,-1,-1,1.0,1.0,-1.0,0.0,-0.3333333333333333,0.08857350000000001,-1,-1,-1,0.356862745098039,0.694117647058824,0.803921568627451
173.09596824645996,0.0,0.049067762318224795,0.03,1,1,1,0.0,0.3333333333333333,0.09841500000000002,-1,-1,-1,1.0,1.0,-1.0,0.0,-0.3333333333333333,0.08857350000000001,-1,-1,-1,0.356862745098039,0.694117647058824,0.803921568627451
173.13072514533997,0.0,0.05049624601832486,0.03,1,1,1,0.0,0.3333333333333333,0.09841500000000002,-1,-1,-1,1.0,1.0,-1.0,0.0,-0.3333333333333333,0.08857350000000001,-1,-1,-1,0.356862745098039,0.694117647058824,0.803921568627451
173.16545271873474,0.0,0.05192472971842492,0.03,1,1,1,0.0,0.3333333333333333,0.09841500000000002,-1,-1,-1,1.0,1.0,-1.0,0.0,-0.3333333333333333,0.08857350000000001,-1,-1,-1,0.356862745098039,0.694117647058824,0.803921568627451
173.20019674301147,0.0,0.05335321341852498,0.03,1,1,1,0.0,0.3333333333333333,0.09841500000000002,-1,-1,-1,1.0,1.0,-1.0,0.0,-0.3333333333333333,0.08857350000000001,-1,-1,-1,0.356862745098039,0.694117647058824,0.803921568627451
173.2348334789276,0.0,0.054781697118625045,0.03,1,1,1,0.0,0.3333333333333333,0.09841500000000002,-1,-1,-1,1.0,1.0,-1.0,0.0,-0.3333333333333333,0.08857350000000001,-1,-1,-1,0.356862745098039,0.694117647058824,0.803921568627451
173.26957082748413,0.0,0.05621018081872511,0.03,1,1,1,0.0,0.3333333333333333,0.09841500000000002,-1,-1,-1,1.0,1.0,-1.0,0.0,-0.3333333333333333,0.08857350000000001,-1,-1,-1,0.356862745098039,0.694117647058824,0.803921568627451
173.30430841445923,0.0,0.05763866451882517,0.03,1,1,1,0.0,0.3333333333333333,0.09841500000000002,-1,-1,-1,1.0,1.0,-1.0,0.0,-0.3333333333333333,0.08857350000000001,-1,-1,-1,0.356862745098039,0.694117647058824,0.803921568627451
173.33905482292175,0.0,0.05906714821892523,0.03,1,1,1,0.0,0.3333333333333333,0.09841500000000002,-1,-1,-1,1.0,1.0,-1.0,0.0,-0.3333333333333333,0.08857350000000001,-1,-1,-1,0.356862745098039,0.694117647058824,0.803921568627451
173.37381768226624,0.0,0.060495631919025294,0.03,1,1,1,0.0,0.3333333333333333,0.09841500000000002,-1,-1,-1,1.0,1.0,-1.0,0.0,-0.3333333333333333,0.08857350000000001,-1,-1,-1,0.356862745098039,0.694117647058824,0.803921568627451
173.40858674049377,0.0,0.061924115619125364,0.03,1,1,1,0.0,0.3333333333333333,0.09841500000000002,-1,-1,-1,1.0,1.0,-1.0,0.0,-0.3333333333333333,0.08857350000000001,-1,-1,-1,0.356862745098039,0.694117647058824,0.803921568627451
173.44326162338257,0.0,0.06335259931922542,0.03,1,1,1,0.0,0.3333333333333333,0.09841500000000002,-1,-1,-1,1.0,1.0,-1.0,0.0,-0.3333333333333333,0.08857350000000001,-1,-1,-1,0.356862745098039,0.694117647058824,0.803921568627451
173.47789025306702,0.0,0.06478108301932545,0.03,1,1,1,0.0,0.3333333333333333,0.09841500000000002,-1,-1,-1,1.0,1.0,-1.0,0.0,-0.3333333333333333,0.08857350000000001,-1,-1,-1,0.356862745098039,0.694117647058824,0.803921568627451
173.5127465724945,0.0,0.06620956671942548,0.03,1,1,1,0.0,0.3333333333333333,0.09841500000000002,-1,-1,-1,1.0,1.0,-1.0,0.0,-0.3333333333333333,0.08857350000000001,-1,-1,-1,0.356862745098039,0.694117647058824,0.803921568627451
173.54748630523682,0.0,0.0676380504195255,0.03,1,1,1,0.0,0.3333333333333333,0.09841500000000002,-1,-1,-1,1.0,1.0,-1.0,0.0,-0.3333333333333333,0.08857350000000001,-1,-1,-1,0.356862745098039,0.694117647058824,0.803921568627451
173.58213996887207,0.0,0.06906653411962553,0.03,1,1,1,0.0,0.3333333333333333,0.09841500000000002,-1,-1,-1,1.0,1.0,-1.0,0.0,-0.3333333333333333,0.08857350000000001,-1,-1,-1,0.356862745098039,0.694117647058824,0.803921568627451
173.6167893409729,0.0,0.07049501781972556,0.03,1,1,1,0.0,0.3333333333333333,0.09841500000000002,-1,-1,-1,1.0,1.0,-1.0,0.0,-0.3333333333333333,0.08857350000000001,-1,-1,-1,0.356862745098039,0.694117647058824,0.803921568627451
173.6515874862671,0.0,0.07192350151982559,0.03,1,1,1,0.0,0.3333333333333333,0.09841500000000002,-1,-1,-1,1.0,1.0,-1.0,0.0,-0.3333333333333333,0.08857350000000001,-1,-1,-1,0.356862745098039,0.694117647058824,0.803921568627451
173.68630409240723,0.0,0.07335198521992561,0.03,1,1,1,0.0,0.3333333333333333,0.09841500000000002,-1,-1,-1,1.0,1.0,-1.0,0.0,-0.3333333333333333,0.08857350000000001,-1,-1,-1,0.356862745098039,0.694117647058824,0.803921568627451
173.72100615501404,0.0,0.07478046892002564,0.03,1,1,1,0.0,0.3333333333333333,0.09841500000000002,-1,-1,-1,1.0,1.0,-1.0,0.0,-0.3333333333333333,0.08857350000000001,-1,-1,-1,0.356862745098039,0.694117647058824,0.803921568627451
173.75575280189514,0.0,0.07620895262012567,0.03,1,1,1,0.0,0.3333333333333333,0.09841500000000002,-1,-1,-1,1.0,1.0,-1.0,0.0,-0.3333333333333333,0.08857350000000001,-1,-1,-1,0.356862745098039,0.694117647058824,0.803921568627451
173.79050874710083,0.0,0.0776374363202257,0.03,1,1,1,0.0,0.3333333333333333,0.09841500000000002,-1,-1,-1,1.0,1.0,-1.0,0.0,-0.3333333333333333,0.08857350000000001,-1,-1,-1,0.356862745098039,0.694117647058824,0.803921568627451
173.82518935203552,0.0,0.07906592002032573,0.03,1,1,1,0.0,0.3333333333333333,0.09841500000000002,-1,-1,-1,1.0,1.0,-1.0,0.0,-0.3333333333333333,0.08857350000000001,-1,-1,-1,0.356862745098039,0.694117647058824,0.803921568627451
173.85988783836365,0.0,0.08049440372042575,0.03,1,1,1,0.0,0.3333333333333333,0.09841500000000002,-1,-1,-1,1.0,1.0,-1.0,0.0,-0.3333333333333333,0.08857350000000001,-1,-1,-1,0.356862745098039,0.694117647058824,0.803921568627451
173.89472818374634,0.0,0.08192288742052578,0.03,1,1,1,0.0,0.3333333333333333,0.09841500000000002,-1,-1,-1,1.0,1.0,-1.0,0.0,-0.3333333333333333,0.08857350000000001,-1,-1,-1,0.356862745098039,0.694117647058824,0.803921568627451
173.92938113212585,0.0,0.08335137112062581,0.03,1,1,1,0.0,0.3333333333333333,0.09841500000000002,-1,-1,-1,1.0,1.0,-1.0,0.0,-0.3333333333333333,0.08857350000000001,-1,-1,-1,0.356862745098039,0.694117647058824,0.803921568627451
173.96405005455017,0.0,0.08477985482072584,0.03,1,1,1,0.0,0.3333333333333333,0.09841500000000002,-1,-1,-1,1.0,1.0,-1.0,0.0,-0.3333333333333333,0.08857350000000001,-1,-1,-1,0.356862745098039,0.694117647058824,0.803921568627451
173.9989092350006,0.0,0.08620833852082586,0.03,1,1,1,0.0,0.3333333333333333,0.09841500000000002,-1,-1,-1,1.0,1.0,-1.0,0.0,-0.3333333333333333,0.08857350000000001,-1,-1,-1,0.356862745098039,0.694117647058824,0.803921568627451
174.0336012840271,0.0,0.08763682222092589,0.03,1,1,1,0.0,0.3333333333333333,0.09841500000000002,-1,-1,-1,1.0,1.0,-1.0,0.0,-0.3333333333333333,0.08857350000000001,-1,-1,-1,0.356862745098039,0.694117647058824,0.803921568627451
174.06812167167664,0.0,0.08906530592102592,0.03,1,1,1,0.0,0.3333333333333333,0.09841500000000002,-1,-1,-1,1.0,1.0,-1.0,0.0,-0.3333333333333333,0.08857350000000001,-1,-1,-1,0.356862745098039,0.694117647058824,0.803921568627451
174.10276627540588,0.0,0.09049378962112595,0.03,1,1,1,0.0,0.3333333333333333,0.09841500000000002,-1,-1,-1,1.0,1.0,-1.0,0.0,-0.3333333333333333,0.08857350000000001,-1,-1,-1,0.356862745098039,0.694117647058824,0.803921568627451
174.13801765441895,0.0,0.09192227332122598,0.03,1,1,1,0.0,0.3333333333333333,0.09841500000000002,-1,-1,-1,1.0,1.0,-1.0,0.0,-0.3333333333333333,0.08857350000000001,-1,-1,-1,0.356862745098039,0.694117647058824,0.803921568627451
174.1725242137909,0.0,0.08918921581866031,0.03,1,1,1,0.0,0.3333333333333333,0.09841500000000002,-1,-1,-1,1.0,1.0,-1.0,0.0,-0.3333333333333333,0.08857350000000001,-1,-1,-1,0.356862745098039,0.694117647058824,0.803921568627451
174.20719456672668,0.0,0.08645615831609464,0.03,1,1,1,0.0,0.3333333333333333,0.09841500000000002,-1,-1,-1,1.0,1.0,-1.0,0.0,-0.3333333333333333,0.08857350000000001,-1,-1,-1,0.356862745098039,0.694117647058824,0.803921568627451
174.24187898635864,0.0,0.08372310081352898,0.03,1,1,1,0.0,0.3333333333333333,0.09841500000000002,-1,-1,-1,1.0,1.0,-1.0,0.0,-0.3333333333333333,0.08857350000000001,-1,-1,-1,0.356862745098039,0.694117647058824,0.803921568627451
174.27653241157532,0.0,0.08099004331096331,0.03,1,1,1,0.0,0.3333333333333333,0.09841500000000002,-1,-1,-1,1.0,1.0,-1.0,0.0,-0.3333333333333333,0.08857350000000001,-1,-1,-1,0.356862745098039,0.694117647058824,0.803921568627451
174.3111972808838,0.0,0.07825698580839764,0.03,1,1,1,0.0,0.3333333333333333,0.09841500000000002,-1,-1,-1,1.0,1.0,-1.0,0.0,-0.3333333333333333,0.08857350000000001,-1,-1,-1,0.356862745098039,0.694117647058824,0.803921568627451
174.3459722995758,0.0,0.07552392830583197,0.03,1,1,1,0.0,0.3333333333333333,0.09841500000000002,-1,-1,-1,1.0,1.0,-1.0,0.0,-0.3333333333333333,0.08857350000000001,-1,-1,-1,0.356862745098039,0.694117647058824,0.803921568627451
174.3806746006012,0.0,0.07279087080326631,0.03,1,1,1,0.0,0.3333333333333333,0.09841500000000002,-1,-1,-1,1.0,1.0,-1.0,0.0,-0.3333333333333333,0.08857350000000001,-1,-1,-1,0.356862745098039,0.694117647058824,0.803921568627451
174.41544008255005,0.0,0.07005781330070064,0.03,1,1,1,0.0,0.3333333333333333,0.09841500000000002,-1,-1,-1,1.0,1.0,-1.0,0.0,-0.3333333333333333,0.08857350000000001,-1,-1,-1,0.356862745098039,0.694117647058824,0.803921568627451
174.45012307167053,0.0,0.06732475579813497,0.03,1,1,1,0.0,0.3333333333333333,0.09841500000000002,-1,-1,-1,1.0,1.0,-1.0,0.0,-0.3333333333333333,0.08857350000000001,-1,-1,-1,0.356862745098039,0.694117647058824,0.803921568627451
174.48481917381287,0.0,0.06459169829556931,0.03,1,1,1,0.0,0.3333333333333333,0.09841500000000002,-1,-1,-1,1.0,1.0,-1.0,0.0,-0.3333333333333333,0.08857350000000001,-1,-1,-1,0.356862745098039,0.694117647058824,0.803921568627451
174.5196089744568,0.0,0.061858640793003634,0.03,1,1,1,0.0,0.3333333333333333,0.09841500000000002,-1,-1,-1,1.0,1.0,-1.0,0.0,-0.3333333333333333,0.08857350000000001,-1,-1,-1,0.356862745098039,0.694117647058824,0.803921568627451
174.5542869567871,0.0,0.05912558329043797,0.03,1,1,1,0.0,0.3333333333333333,0.09841500000000002,-1,-1,-1,1.0,1.0,-1.0,0.0,-0.3333333333333333,0.08857350000000001,-1,-1,-1,0.356862745098039,0.694117647058824,0.803921568627451
174.58899807929993,0.0,0.0563925257878723,0.03,1,1,1,0.0,0.3333333333333333,0.09841500000000002,-1,-1,-1,1.0,1.0,-1.0,0.0,-0.3333333333333333,0.08857350000000001,-1,-1,-1,0.356862745098039,0.694117647058824,0.803921568627451
174.62375664710999,0.0,0.053659468285306634,0.03,1,1,1,0.0,0.3333333333333333,0.09841500000000002,-1,-1,-1,1.0,1.0,-1.0,0.0,-0.3333333333333333,0.08857350000000001,-1,-1,-1,0.356862745098039,0.694117647058824,0.803921568627451
174.65862321853638,0.0,0.05092641078274097,0.03,1,1,1,0.0,0.3333333333333333,0.09841500000000002,-1,-1,-1,1.0,1.0,-1.0,0.0,-0.3333333333333333,0.08857350000000001,-1,-1,-1,0.356862745098039,0.694117647058824,0.803921568627451
174.69302821159363,0.0,0.0481933532801753,0.03,1,1,1,0.0,0.3333333333333333,0.09841500000000002,-1,-1,-1,1.0,1.0,-1.0,0.0,-0.3333333333333333,0.08857350000000001,-1,-1,-1,0.356862745098039,0.694117647058824,0.803921568627451
174.72779059410095,0.0,0.045460295777609634,0.03,1,1,1,0.0,0.3333333333333333,0.09841500000000002,-1,-1,-1,1.0,1.0,-1.0,0.0,-0.3333333333333333,0.08857350000000001,-1,-1,-1,0.356862745098039,0.694117647058824,0.803921568627451
174.76249194145203,0.0,0.04272723827504397,0.03,1,1,1,0.0,0.3333333333333333,0.09841500000000002,-1,-1,-1,1.0,1.0,-1.0,0.0,-0.3333333333333333,0.08857350000000001,-1,-1,-1,0.356862745098039,0.694117647058824,0.803921568627451
174.79721784591675,0.0,0.0399941807724783,0.03,1,1,1,0.0,0.3333333333333333,0.09841500000000002,-1,-1,-1,1.0,1.0,-1.0,0.0,-0.3333333333333333,0.08857350000000001,-1,-1,-1,0.356862745098039,0.694117647058824,0.803921568627451
174.83191394805908,0.0,0.037261123269912634,0.03,1,1,1,0.0,0.3333333333333333,0.09841500000000002,-1,-1,-1,1.0,1.0,-1.0,0.0,-0.3333333333333333,0.08857350000000001,-1,-1,-1,0.356862745098039,0.694117647058824,0.803921568627451
174.86657691001892,0.0,0.03452806576734697,0.03,1,1,1,0.0,0.3333333333333333,0.09841500000000002,-1,-1,-1,1.0,1.0,-1.0,0.0,-0.3333333333333333,0.08857350000000001,-1,-1,-1,0.356862745098039,0.694117647058824,0.803921568627451
174.90137338638306,0.0,0.0317950082647813,0.03,1,1,1,0.0,0.3333333333333333,0.09841500000000002,-1,-1,-1,1.0,1.0,-1.0,0.0,-0.3333333333333333,0.08857350000000001,-1,-1,-1,0.356862745098039,0.694117647058824,0.803921568627451
174.93596410751343,0.0,0.02906195076221563,0.03,1,1,1,0.0,0.3333333333333333,0.09841500000000002,-1,-1,-1,1.0,1.0,-1.0,0.0,-0.3333333333333333,0.08857350000000001,-1,-1,-1,0.356862745098039,0.694117647058824,0.803921568627451
174.99038767814636,0.0,0.026328893259649964,0.03,1,1,1,0.0,0.3333333333333333,0.09841500000000002,-1,-1,-1,1.0,1.0,-1.0,0.0,-0.3333333333333333,0.08857350000000001,-1,-1,-1,0.356862745098039,0.694117647058824,0.803921568627451
175.0123109817505,0.0,0.023595835757084297,0.03,1,1,1,0.0,0.3333333333333333,0.09841500000000002,-1,-1,-1,1.0,1.0,-1.0,0.0,-0.3333333333333333,0.08857350000000001,-1,-1,-1,0.356862745098039,0.694117647058824,0.803921568627451
175.0471534729004,0.0,0.02086277825451863,0.03,1,1,1,0.0,0.3333333333333333,0.09841500000000002,-1,-1,-1,1.0,1.0,-1.0,0.0,-0.3333333333333333,0.08857350000000001,-1,-1,-1,0.356862745098039,0.694117647058824,0.803921568627451
175.08177495002747,0.0,0.018129720751952964,0.03,1,1,1,0.0,0.3333333333333333,0.09841500000000002,-1,-1,-1,1.0,1.0,-1.0,0.0,-0.3333333333333333,0.08857350000000001,-1,-1,-1,0.356862745098039,0.694117647058824,0.803921568627451
175.11652827262878,0.0,0.015396663249387297,0.03,1,1,1,0.0,0.3333333333333333,0.09841500000000002,-1,-1,-1,1.0,1.0,-1.0,0.0,-0.3333333333333333,0.08857350000000001,-1,-1,-1,0.356862745098039,0.694117647058824,0.803921568627451
175.1513214111328,0.0,0.012663605746821637,0.03,1,1,1,0.0,0.3333333333333333,0.09841500000000002,-1,-1,-1,1.0,1.0,-1.0,0.0,-0.3333333333333333,0.08857350000000001,-1,-1,-1,0.356862745098039,0.694117647058824,0.803921568627451
175.1861217021942,0.0,0.00993054824425598,0.03,1,1,1,0.0,0.3333333333333333,0.09841500000000002,-1,-1,-1,1.0,1.0,-1.0,0.0,-0.3333333333333333,0.08857350000000001,-1,-1,-1,0.356862745098039,0.694117647058824,0.803921568627451
175.22100353240967,0.0,0.007197490741690319,0.03,1,1,1,0.0,0.3333333333333333,0.09841500000000002,-1,-1,-1,1.0,1.0,-1.0,0.0,-0.3333333333333333,0.08857350000000001,-1,-1,-1,0.356862745098039,0.694117647058824,0.803921568627451
175.2555387020111,0.0,0.004464433239124657,0.03,1,1,1,0.0,0.3333333333333333,0.09841500000000002,-1,-1,-1,1.0,1.0,-1.0,0.0,-0.3333333333333333,0.08857350000000001,-1,-1,-1,0.356862745098039,0.694117647058824,0.803921568627451
175.2902009487152,0.0,0.0017313757365589964,0.03,1,1,1,0.0,0.3333333333333333,0.09841500000000002,-1,-1,-1,1.0,1.0,-1.0,0.0,-0.3333333333333333,0.08857350000000001,-1,-1,-1,0.356862745098039,0.694117647058824,0.803921568627451
175.32493805885315,0.0,-0.0010016817660066643,0.03,1,1,1,0.0,0.3333333333333333,0.09841500000000002,-1,-1,-1,1.0,1.0,-1.0,0.0,-0.3333333333333333,0.08857350000000001,-1,-1,-1,0.356862745098039,0.694117647058824,0.803921568627451
175.3599247932434,0.0,-0.0005857240855336545,0.03,1,1,1,0.0,0.3333333333333333,0.09841500000000002,-1,-1,-1,1.0,1.0,-1.0,0.0,-0.3333333333333333,0.08857350000000001,-1,-1,-1,0.356862745098039,0.694117647058824,0.803921568627451
175.39458537101746,0.0,0.0019295770502984688,0.03,1,1,1,0.0,0.3333333333333333,0.09841500000000002,-1,-1,-1,1.0,1.0,-1.0,0.0,-0.3333333333333333,0.08857350000000001,-1,-1,-1,0.356862745098039,0.694117647058824,0.803921568627451
175.429270029068,0.0,0.004444878186130591,0.03,1,1,1,0.0,0.3333333333333333,0.09841500000000002,-1,-1,-1,1.0,1.0,-1.0,0.0,-0.3333333333333333,0.08857350000000001,-1,-1,-1,0.356862745098039,0.694117647058824,0.803921568627451
175.46399879455566,0.0,0.006960179321962712,0.03,1,1,1,0.0,0.3333333333333333,0.09841500000000002,-1,-1,-1,1.0,1.0,-1.0,0.0,-0.3333333333333333,0.08857350000000001,-1,-1,-1,0.356862745098039,0.694117647058824,0.803921568627451
175.4987289905548,0.0,0.009475480457794833,0.03,1,1,1,0.0,0.3333333333333333,0.09841500000000002,-1,-1,-1,1.0,1.0,-1.0,0.0,-0.3333333333333333,0.08857350000000001,-1,-1,-1,0.356862745098039,0.694117647058824,0.803921568627451
175.5334746837616,0.0,0.011990781593626954,0.03,1,1,1,0.0,0.3333333333333333,0.09841500000000002,-1,-1,-1,1.0,1.0,-1.0,0.0,-0.3333333333333333,0.08857350000000001,-1,-1,-1,0.356862745098039,0.694117647058824,0.803921568627451
175.56818890571594,0.0,0.014506082729459075,0.03,1,1,1,0.0,0.3333333333333333,0.09841500000000002,-1,-1,-1,1.0,1.0,-1.0,0.0,-0.3333333333333333,0.08857350000000001,-1,-1,-1,0.356862745098039,0.694117647058824,0.803921568627451
175.6028289794922,0.0,0.017021383865291197,0.03,1,1,1,0.0,0.3333333333333333,0.09841500000000002,-1,-1,-1,1.0,1.0,-1.0,0.0,-0.3333333333333333,0.08857350000000001,-1,-1,-1,0.356862745098039,0.694117647058824,0.803921568627451
175.63761734962463,0.0,0.01953668500112332,0.03,1,1,1,0.0,0.3333333333333333,0.09841500000000002,-1,-1,-1,1.0,1.0,-1.0,0.0,-0.3333333333333333,0.08857350000000001,-1,-1,-1,0.356862745098039,0.694117647058824,0.803921568627451
175.67231631278992,0.0,0.02205198613695544,0.03,1,1,1,0.0,0.3333333333333333,0.09841500000000002,-1,-1,-1,1.0,1.0,-1.0,0.0,-0.3333333333333333,0.08857350000000001,-1,-1,-1,0.356862745098039,0.694117647058824,0.803921568627451
175.70706582069397,0.0,0.02456728727278756,0.03,1,1,1,0.0,0.3333333333333333,0.09841500000000002,-1,-1,-1,1.0,1.0,-1.0,0.0,-0.3333333333333333,0.08857350000000001,-1,-1,-1,0.356862745098039,0.694117647058824,0.803921568627451
175.74180150032043,0.0,0.02708258840861968,0.03,1,1,1,0.0,0.3333333333333333,0.09841500000000002,-1,-1,-1,1.0,1.0,-1.0,0.0,-0.3333333333333333,0.08857350000000001,-1,-1,-1,0.356862745098039,0.694117647058824,0.803921568627451
175.77650380134583,0.0,0.029597889544451802,0.03,1,1,1,0.0,0.3333333333333333,0.09841500000000002,-1,-1,-1,1.0,1.0,-1.0,0.0,-0.3333333333333333,0.08857350000000001,-1,-1,-1,0.356862745098039,0.694117647058824,0.803921568627451
175.811181306839,0.0,0.03211319068028392,0.03,1,1,1,0.0,0.3333333333333333,0.09841500000000002,-1,-1,-1,1.0,1.0,-1.0,0.0,-0.3333333333333333,0.08857350000000001,-1,-1,-1,0.356862745098039,0.694117647058824,0.803921568627451
175.84596347808838,0.0,0.03462849181611604,0.03,1,1,1,0.0,0.3333333333333333,0.09841500000000002,-1,-1,-1,1.0,1.0,-1.0,0.0,-0.3333333333333333,0.08857350000000001,-1,-1,-1,0.356862745098039,0.694117647058824,0.803921568627451
175.8806550502777,0.0,0.03714379295194816,0.03,1,1,1,0.0,0.3333333333333333,0.09841500000000002,-1,-1,-1,1.0,1.0,-1.0,0.0,-0.3333333333333333,0.08857350000000001,-1,-1,-1,0.356862745098039,0.694117647058824,0.803921568627451
175.9154658317566,0.0,0.03965909408778028,0.03,1,1,1,0.0,0.3333333333333333,0.09841500000000002,-1,-1,-1,1.0,1.0,-1.0,0.0,-0.3333333333333333,0.08857350000000001,-1,-1,-1,0.356862745098039,0.694117647058824,0.803921568627451
175.95011496543884,0.0,0.0421743952236124,0.03,1,1,1,0.0,0.3333333333333333,0.09841500000000002,-1,-1,-1,1.0,1.0,-1.0,0.0,-0.3333333333333333,0.08857350000000001,-1,-1,-1,0.356862745098039,0.694117647058824,0.803921568627451
175.98472428321838,0.0,0.044689696359444524,0.03,1,1,1,0.0,0.3333333333333333,0.09841500000000002,-1,-1,-1,1.0,1.0,-1.0,0.0,-0.3333333333333333,0.08857350000000001,-1,-1,-1,0.356862745098039,0.694117647058824,0.803921568627451
176.01943564414978,0.0,0.047204997495276645,0.03,1,1,1,0.0,0.3333333333333333,0.09841500000000002,-1,-1,-1,1.0,1.0,-1.0,0.0,-0.3333333333333333,0.08857350000000001,-1,-1,-1,0.356862745098039,0.694117647058824,0.803921568627451
176.054123878479,0.0,0.049720298631108766,0.03,1,1,1,0.0,0.3333333333333333,0.09841500000000002,-1,-1,-1,1.0,1.0,-1.0,0.0,-0.3333333333333333,0.08857350000000001,-1,-1,-1,0.356862745098039,0.694117647058824,0.803921568627451
176.08887147903442,0.0,0.052235599766940886,0.03,1,1,1,0.0,0.3333333333333333,0.09841500000000002,-1,-1,-1,1.0,1.0,-1.0,0.0,-0.3333333333333333,0.08857350000000001,-1,-1,-1,0.356862745098039,0.694117647058824,0.803921568627451
176.12360262870789,0.0,0.05475090090277301,0.03,1,1,1,0.0,0.3333333333333333,0.09841500000000002,-1,-1,-1,1.0,1.0,-1.0,0.0,-0.3333333333333333,0.08857350000000001,-1,-1,-1,0.356862745098039,0.694117647058824,0.803921568627451
176.1583173274994,0.0,0.05726620203860513,0.03,1,1,1,0.0,0.3333333333333333,0.09841500000000002,-1,-1,-1,1.0,1.0,-1.0,0.0,-0.3333333333333333,0.08857350000000001,-1,-1,-1,0.356862745098039,0.694117647058824,0.803921568627451
176.19302892684937,0.0,0.05978150317443725,0.03,1,1,1,0.0,0.3333333333333333,0.09841500000000002,-1,-1,-1,1.0,1.0,-1.0,0.0,-0.3333333333333333,0.08857350000000001,-1,-1,-1,0.356862745098039,0.694117647058824,0.803921568627451
176.22775983810425,0.0,0.06229680431026936,0.03,1,1,1,0.0,0.3333333333333333,0.09841500000000002,-1,-1,-1,1.0,1.0,-1.0,0.0,-0.3333333333333333,0.08857350000000001,-1,-1,-1,0.356862745098039,0.694117647058824,0.803921568627451
176.26252126693726,0.0,0.06481210544610148,0.03,1,1,1,0.0,0.3333333333333333,0.09841500000000002,-1,-1,-1,1.0,1.0,-1.0,0.0,-0.3333333333333333,0.08857350000000001,-1,-1,-1,0.356862745098039,0.694117647058824,0.803921568627451
176.29720902442932,0.0,0.0673274065819336,0.03,1,1,1,0.0,0.3333333333333333,0.09841500000000002,-1,-1,-1,1.0,1.0,-1.0,0.0,-0.3333333333333333,0.08857350000000001,-1,-1,-1,0.356862745098039,0.694117647058824,0.803921568627451
176.3319447040558,0.0,0.06984270771776573,0.03,1,1,1,0.0,0.3333333333333333,0.09841500000000002,-1,-1,-1,1.0,1.0,-1.0,0.0,-0.3333333333333333,0.08857350000000001,-1,-1,-1,0.356862745098039,0.694117647058824,0.803921568627451
176.366557598114,0.0,0.07235800885359785,0.03,1,1,1,0.0,0.3333333333333333,0.09841500000000002,-1,-1,-1,1.0,1.0,-1.0,0.0,-0.3333333333333333,0.08857350000000001,-1,-1,-1,0.356862745098039,0.694117647058824,0.803921568627451
176.40134000778198,0.0,0.07487330998942997,0.03,1,1,1,0.0,0.3333333333333333,0.09841500000000002,-1,-1,-1,1.0,1.0,-1.0,0.0,-0.3333333333333333,0.08857350000000001,-1,-1,-1,0.356862745098039,0.694117647058824,0.803921568627451
176.4360659122467,0.0,0.07738861112526209,0.03,1,1,1,0.0,0.3333333333333333,0.09841500000000002,-1,-1,-1,1.0,1.0,-1.0,0.0,-0.3333333333333333,0.08857350000000001,-1,-1,-1,0.356862745098039,0.694117647058824,0.803921568627451
176.47078919410706,0.0,0.07990391226109421,0.03,1,1,1,0.0,0.3333333333333333,0.09841500000000002,-1,-1,-1,1.0,1.0,-1.0,0.0,-0.3333333333333333,0.08857350000000001,-1,-1,-1,0.356862745098039,0.694117647058824,0.803921568627451
176.50553035736084,0.0,0.08241921339692633,0.03,1,1,1,0.0,0.3333333333333333,0.09841500000000002,-1,-1,-1,1.0,1.0,-1.0,0.0,-0.3333333333333333,0.08857350000000001,-1,-1,-1,0.356862745098039,0.694117647058824,0.803921568627451
176.54025387763977,0.0,0.08493451453275845,0.03,1,1,1,0.0,0.3333333333333333,0.09841500000000002,-1,-1,-1,1.0,1.0,-1.0,0.0,-0.3333333333333333,0.08857350000000001,-1,-1,-1,0.356862745098039,0.694117647058824,0.803921568627451
176.57496404647827,0.0,0.08983142678471465,0.03,1,1,1,0.0,0.3333333333333333,0.09841500000000002,-1,-1,-1,1.0,1.0,-1.0,0.0,-0.3333333333333333,0.08857350000000001,-1,-1,-1,0.356862745098039,0.694117647058824,0.803921568627451
176.60978746414185,0.0,0.09472833903667084,0.03,1,1,1,0.0,0.3333333333333333,0.09841500000000002,-1,-1,-1,1.0,1.0,-1.0,0.0,-0.3333333333333333,0.08857350000000001,-1,-1,-1,0.356862745098039,0.694117647058824,0.803921568627451
176.64447903633118,0.0,0.09962525128862704,0.03,1,1,1,0.0,0.3333333333333333,0.09841500000000002,-1,-1,-1,1.0,1.0,-1.0,0.0,-0.3333333333333333,0.08857350000000001,-1,-1,-1,0.356862745098039,0.694117647058824,0.803921568627451
176.67914581298828,0.0,0.10452216354058323,0.03,1,1,1,0.0,0.3333333333333333,0.09841500000000002,-1,-1,-1,1.0,1.0,-1.0,0.0,-0.3333333333333333,0.08857350000000001,-1,-1,-1,0.356862745098039,0.694117647058824,0.803921568627451
176.7138316631317,0.0,0.10941907579253943,0.03,1,1,1,0.0,0.3333333333333333,0.09841500000000002,-1,-1,-1,1.0,1.0,-1.0,0.0,-0.3333333333333333,0.08857350000000001,-1,-1,-1,0.356862745098039,0.694117647058824,0.803921568627451
176.74859523773193,0.0,0.11431598804449562,0.03,1,1,1,0.0,0.3333333333333333,0.09841500000000002,-1,-1,-1,1.0,1.0,-1.0,0.0,-0.3333333333333333,0.08857350000000001,-1,-1,-1,0.356862745098039,0.694117647058824,0.803921568627451
176.78396892547607,0.0,0.11921290029645183,0.03,1,1,1,0.0,0.3333333333333333,0.09841500000000002,-1,-1,-1,1.0,1.0,-1.0,0.0,-0.3333333333333333,0.08857350000000001,-1,-1,-1,0.356862745098039,0.694117647058824,0.803921568627451
176.81786561012268,0.0,0.12410981254840803,0.03,1,1,1,0.0,0.3333333333333333,0.09841500000000002,-1,-1,-1,1.0,1.0,-1.0,0.0,-0.3333333333333333,0.08857350000000001,-1,-1,-1,0.356862745098039,0.694117647058824,0.803921568627451
176.85261273384094,0.0,0.12900672480036415,0.03,1,1,1,0.0,0.3333333333333333,0.09841500000000002,-1,-1,-1,1.0,1.0,-1.0,0.0,-0.3333333333333333,0.08857350000000001,-1,-1,-1,0.356862745098039,0.694117647058824,0.803921568627451
176.88719582557678,0.0,0.13390363705232028,0.03,1,1,1,0.0,0.3333333333333333,0.09841500000000002,-1,-1,-1,1.0,1.0,-1.0,0.0,-0.3333333333333333,0.08857350000000001,-1,-1,-1,0.356862745098039,0.694117647058824,0.803921568627451
176.922260761261,0.0,0.1388005493042764,0.03,1,1,1,0.0,0.3333333333333333,0.09841500000000002,-1,-1,-1,1.0,1.0,-1.0,0.0,-0.3333333333333333,0.08857350000000001,-1,-1,-1,0.356862745098039,0.694117647058824,0.803921568627451
176.95676016807556,0.0,0.14369746155623253,0.03,1,1,1,0.0,0.3333333333333333,0.09841500000000002,-1,-1,-1,1.0,1.0,-1.0,0.0,-0.3333333333333333,0.08857350000000001,-1,-1,-1,0.356862745098039,0.694117647058824,0.803921568627451
176.99158263206482,0.0,0.14859437380818866,0.03,1,1,1,0.0,0.3333333333333333,0.09841500000000002,-1,-1,-1,1.0,1.0,-1.0,0.0,-0.3333333333333333,0.08857350000000001,-1,-1,-1,0.356862745098039,0.694117647058824,0.803921568627451
177.02622938156128,0.0,0.15349128606014478,0.03,1,1,1,0.0,0.3333333333333333,0.09841500000000002,-1,-1,-1,1.0,1.0,-1.0,0.0,-0.3333333333333333,0.08857350000000001,-1,-1,-1,0.356862745098039,0.694117647058824,0.803921568627451
177.06099224090576,0.0,0.1583881983121009,0.03,1,1,1,0.0,0.3333333333333333,0.09841500000000002,-1,-1,-1,1.0,1.0,-1.0,0.0,-0.3333333333333333,0.08857350000000001,-1,-1,-1,0.356862745098039,0.694117647058824,0.803921568627451
177.09558725357056,0.0,0.16328511056405703,0.03,1,1,1,0.0,0.3333333333333333,0.09841500000000002,-1,-1,-1,1.0,1.0,-1.0,0.0,-0.3333333333333333,0.08857350000000001,-1,-1,-1,0.356862745098039,0.694117647058824,0.803921568627451
177.13033437728882,0.0,0.16818202281601316,0.03,1,1,1,0.0,0.3333333333333333,0.09841500000000002,-1,-1,-1,1.0,1.0,-1.0,0.0,-0.3333333333333333,0.08857350000000001,-1,-1,-1,0.356862745098039,0.694117647058824,0.803921568627451
177.1653127670288,0.0,0.1730789350679693,0.03,1,1,1,0.0,0.3333333333333333,0.09841500000000002,-1,-1,-1,1.0,1.0,-1.0,0.0,-0.3333333333333333,0.08857350000000001,-1,-1,-1,0.356862745098039,0.694117647058824,0.803921568627451
177.2000069618225,0.0,0.1779758473199254,0.03,1,1,1,0.0,0.3333333333333333,0.09841500000000002,-1,-1,-1,1.0,1.0,-1.0,0.0,-0.3333333333333333,0.08857350000000001,-1,-1,-1,0.356862745098039,0.694117647058824,0.803921568627451
177.23489212989807,0.0,0.18287275957188154,0.03,1,1,1,0.0,0.3333333333333333,0.09841500000000002,-1,-1,-1,1.0,1.0,-1.0,0.0,-0.3333333333333333,0.08857350000000001,-1,-1,-1,0.356862745098039,0.694117647058824,0.803921568627451
177.26956176757812,0.0,0.18776967182383766,0.03,1,1,1,0.0,0.3333333333333333,0.09841500000000002,-1,-1,-1,1.0,1.0,-1.0,0.0,-0.3333333333333333,0.08857350000000001,-1,-1,-1,0.356862745098039,0.694117647058824,0.803921568627451
177.3042769432068,0.0,0.1926665840757938,0.03,1,1,1,0.0,0.3333333333333333,0.09841500000000002,-1,-1,-1,1.0,1.0,-1.0,0.0,-0.3333333333333333,0.08857350000000001,-1,-1,-1,0.356862745098039,0.694117647058824,0.803921568627451
177.33888292312622,0.0,0.19756349632774992,0.03,1,1,1,0.0,0.3333333333333333,0.09841500000000002,-1,-1,-1,1.0,1.0,-1.0,0.0,-0.3333333333333333,0.08857350000000001,-1,-1,-1,0.356862745098039,0.694117647058824,0.803921568627451
177.37373757362366,0.0,0.20246040857970604,0.03,1,1,1,0.0,0.3333333333333333,0.09841500000000002,-1,-1,-1,1.0,1.0,-1.0,0.0,-0.3333333333333333,0.08857350000000001,-1,-1,-1,0.356862745098039,0.694117647058824,0.803921568627451
177.4084494113922,0.0,0.20735732083166217,0.03,1,1,1,0.0,0.3333333333333333,0.09841500000000002,-1,-1,-1,1.0,1.0,-1.0,0.0,-0.3333333333333333,0.08857350000000001,-1,-1,-1,0.356862745098039,0.694117647058824,0.803921568627451
177.4431586265564,0.0,0.2122542330836183,0.03,1,1,1,0.0,0.3333333333333333,0.09841500000000002,-1,-1,-1,1.0,1.0,-1.0,0.0,-0.3333333333333333,0.08857350000000001,-1,-1,-1,0.356862745098039,0.694117647058824,0.803921568627451
177.47783088684082,0.0,0.21715114533557442,0.03,1,1,1,0.0,0.3333333333333333,0.09841500000000002,-1,-1,-1,1.0,1.0,-1.0,0.0,-0.3333333333333333,0.08857350000000001,-1,-1,-1,0.356862745098039,0.694117647058824,0.803921568627451
177.51263427734375,0.0,0.22204805758753055,0.03,1,1,1,0.0,0.3333333333333333,0.09841500000000002,-1,-1,-1,1.0,1.0,-1.0,0.0,-0.3333333333333333,0.08857350000000001,-1,-1,-1,0.356862745098039,0.694117647058824,0.803921568627451
177.5473427772522,0.0,0.22694496983948667,0.03,1,1,1,0.0,0.3333333333333333,0.09841500000000002,-1,-1,-1,1.0,1.0,-1.0,0.0,-0.3333333333333333,0.08857350000000001,-1,-1,-1,0.356862745098039,0.694117647058824,0.803921568627451
177.58207368850708,0.0,0.2318418820914428,0.03,1,1,1,0.0,0.3333333333333333,0.09841500000000002,-1,-1,-1,1.0,1.0,-1.0,0.0,-0.3333333333333333,0.08857350000000001,-1,-1,-1,0.356862745098039,0.694117647058824,0.803921568627451
177.61681938171387,0.0,0.23673879434339892,0.03,1,1,1,0.0,0.3333333333333333,0.09841500000000002,-1,-1,-1,1.0,1.0,-1.0,0.0,-0.3333333333333333,0.08857350000000001,-1,-1,-1,0.356862745098039,0.694117647058824,0.803921568627451
177.65151405334473,0.0,0.24163570659535508,0.03,1,1,1,0.0,0.3333333333333333,0.09841500000000002,-1,-1,-1,1.0,1.0,-1.0,0.0,-0.3333333333333333,0.08857350000000001,-1,-1,-1,0.356862745098039,0.694117647058824,0.803921568627451
177.6862187385559,0.0,0.2465326188473112,0.03,1,1,1,0.0,0.3333333333333333,0.09841500000000002,-1,-1,-1,1.0,1.0,-1.0,0.0,-0.3333333333333333,0.08857350000000001,-1,-1,-1,0.356862745098039,0.694117647058824,0.803921568627451
177.72088289260864,0.0,0.2514295310992674,0.03,1,1,1,0.0,0.3333333333333333,0.09841500000000002,-1,-1,-1,1.0,1.0,-1.0,0.0,-0.3333333333333333,0.08857350000000001,-1,-1,-1,0.356862745098039,0.694117647058824,0.803921568627451
177.75545620918274,0.0,0.253692190966601,0.03,1,1,1,0.0,0.3333333333333333,0.09841500000000002,-1,-1,-1,1.0,1.0,-1.0,0.0,-0.3333333333333333,0.08857350000000001,-1,-1,-1,0.356862745098039,0.694117647058824,0.803921568627451
177.79045057296753,0.0,0.2520034722570006,0.03,1,1,1,0.0,0.3333333333333333,0.09841500000000002,-1,-1,-1,1.0,1.0,-1.0,0.0,-0.3333333333333333,0.08857350000000001,-1,-1,-1,0.356862745098039,0.694117647058824,0.803921568627451
177.82514333724976,0.0,0.2503147535474002,0.03,1,1,1,0.0,0.3333333333333333,0.09841500000000002,-1,-1,-1,1.0,1.0,-1.0,0.0,-0.3333333333333333,0.08857350000000001,-1,-1,-1,0.356862745098039,0.694117647058824,0.803921568627451
177.85985898971558,0.0,0.24862603483779952,0.03,1,1,1,0.0,0.3333333333333333,0.09841500000000002,-1,-1,-1,1.0,1.0,-1.0,0.0,-0.3333333333333333,0.08857350000000001,-1,-1,-1,0.356862745098039,0.694117647058824,0.803921568627451
177.89465188980103,0.0,0.24693731612819883,0.03,1,1,1,0.0,0.3333333333333333,0.09841500000000002,-1,-1,-1,1.0,1.0,-1.0,0.0,-0.3333333333333333,0.08857350000000001,-1,-1,-1,0.356862745098039,0.694117647058824,0.803921568627451
177.9294466972351,0.0,0.24524859741859814,0.03,1,1,1,0.0,0.3333333333333333,0.09841500000000002,-1,-1,-1,1.0,1.0,-1.0,0.0,-0.3333333333333333,0.08857350000000001,-1,-1,-1,0.356862745098039,0.694117647058824,0.803921568627451
177.96408557891846,0.0,0.24355987870899745,0.03,1,1,1,0.0,0.3333333333333333,0.09841500000000002,-1,-1,-1,1.0,1.0,-1.0,0.0,-0.3333333333333333,0.08857350000000001,-1,-1,-1,0.356862745098039,0.694117647058824,0.803921568627451
177.9988088607788,0.0,0.24187115999939676,0.03,1,1,1,0.0,0.3333333333333333,0.09841500000000002,-1,-1,-1,1.0,1.0,-1.0,0.0,-0.3333333333333333,0.08857350000000001,-1,-1,-1,0.356862745098039,0.694117647058824,0.803921568627451
178.03352212905884,0.0,0.24018244128979618,0.03,1,1,1,0.0,0.3333333333333333,0.09841500000000002,-1,-1,-1,1.0,1.0,-1.0,0.0,-0.3333333333333333,0.08857350000000001,-1,-1,-1,0.356862745098039,0.694117647058824,0.803921568627451
178.06813740730286,0.0,0.23849372258019563,0.03,1,1,1,0.0,0.3333333333333333,0.09841500000000002,-1,-1,-1,1.0,1.0,-1.0,0.0,-0.3333333333333333,0.08857350000000001,-1,-1,-1,0.356862745098039,0.694117647058824,0.803921568627451
178.1028914451599,0.0,0.23680500387059497,0.03,1,1,1,0.0,0.3333333333333333,0.09841500000000002,-1,-1,-1,1.0,1.0,-1.0,0.0,-0.3333333333333333,0.08857350000000001,-1,-1,-1,0.356862745098039,0.694117647058824,0.803921568627451
178.1379678249359,0.0,0.23511628516099442,0.03,1,1,1,0.0,0.3333333333333333,0.09841500000000002,-1,-1,-1,1.0,1.0,-1.0,0.0,-0.3333333333333333,0.08857350000000001,-1,-1,-1,0.356862745098039,0.694117647058824,0.803921568627451
178.17242646217346,0.0,0.23342756645139387,0.03,1,1,1,0.0,0.3333333333333333,0.09841500000000002,-1,-1,-1,1.0,1.0,-1.0,0.0,-0.3333333333333333,0.08857350000000001,-1,-1,-1,0.356862745098039,0.694117647058824,0.803921568627451
178.20718932151794,0.0,0.23173884774179332,0.03,1,1,1,0.0,0.3333333333333333,0.09841500000000002,-1,-1,-1,1.0,1.0,-1.0,0.0,-0.3333333333333333,0.08857350000000001,-1,-1,-1,0.356862745098039,0.694117647058824,0.803921568627451
178.24189019203186,0.0,0.23005012903219277,0.03,1,1,1,0.0,0.3333333333333333,0.09841500000000002,-1,-1,-1,1.0,1.0,-1.0,0.0,-0.3333333333333333,0.08857350000000001,-1,-1,-1,0.356862745098039,0.694117647058824,0.803921568627451
178.27656078338623,0.0,0.22836141032259222,0.03,1,1,1,0.0,0.3333333333333333,0.09841500000000002,-1,-1,-1,1.0,1.0,-1.0,0.0,-0.3333333333333333,0.08857350000000001,-1,-1,-1,0.356862745098039,0.694117647058824,0.803921568627451
178.31126308441162,0.0,0.22667269161299167,0.03,1,1,1,0.0,0.3333333333333333,0.09841500000000002,-1,-1,-1,1.0,1.0,-1.0,0.0,-0.3333333333333333,0.08857350000000001,-1,-1,-1,0.356862745098039,0.694117647058824,0.803921568627451
178.34596729278564,0.0,0.22498397290339112,0.03,1,1,1,0.0,0.3333333333333333,0.09841500000000002,-1,-1,-1,1.0,1.0,-1.0,0.0,-0.3333333333333333,0.08857350000000001,-1,-1,-1,0.356862745098039,0.694117647058824,0.803921568627451
178.38071298599243,0.0,0.22329525419379057,0.03,1,1,1,0.0,0.3333333333333333,0.09841500000000002,-1,-1,-1,1.0,1.0,-1.0,0.0,-0.3333333333333333,0.08857350000000001,-1,-1,-1,0.356862745098039,0.694117647058824,0.803921568627451
178.41539597511292,0.0,0.22160653548419001,0.03,1,1,1,0.0,0.3333333333333333,0.09841500000000002,-1,-1,-1,1.0,1.0,-1.0,0.0,-0.3333333333333333,0.08857350000000001,-1,-1,-1,0.356862745098039,0.694117647058824,0.803921568627451
178.4500982761383,0.0,0.21991781677458946,0.03,1,1,1,0.0,0.3333333333333333,0.09841500000000002,-1,-1,-1,1.0,1.0,-1.0,0.0,-0.3333333333333333,0.08857350000000001,-1,-1,-1,0.356862745098039,0.694117647058824,0.803921568627451
178.4848563671112,0.0,0.2182290980649889,0.03,1,1,1,0.0,0.3333333333333333,0.09841500000000002,-1,-1,-1,1.0,1.0,-1.0,0.0,-0.3333333333333333,0.08857350000000001,-1,-1,-1,0.356862745098039,0.694117647058824,0.803921568627451
178.51955223083496,0.0,0.21654037935538836,0.03,1,1,1,0.0,0.3333333333333333,0.09841500000000002,-1,-1,-1,1.0,1.0,-1.0,0.0,-0.3333333333333333,0.08857350000000001,-1,-1,-1,0.356862745098039,0.694117647058824,0.803921568627451
178.55424547195435,0.0,0.2148516606457878,0.03,1,1,1,0.0,0.3333333333333333,0.09841500000000002,-1,-1,-1,1.0,1.0,-1.0,0.0,-0.3333333333333333,0.08857350000000001,-1,-1,-1,0.356862745098039,0.694117647058824,0.803921568627451
178.5889766216278,0.0,0.21316294193618726,0.03,1,1,1,0.0,0.3333333333333333,0.09841500000000002,-1,-1,-1,1.0,1.0,-1.0,0.0,-0.3333333333333333,0.08857350000000001,-1,-1,-1,0.356862745098039,0.694117647058824,0.803921568627451
178.6237277984619,0.0,0.2114742232265867,0.03,1,1,1,0.0,0.3333333333333333,0.09841500000000002,-1,-1,-1,1.0,1.0,-1.0,0.0,-0.3333333333333333,0.08857350000000001,-1,-1,-1,0.356862745098039,0.694117647058824,0.803921568627451
178.6584656238556,0.0,0.20978550451698616,0.03,1,1,1,0.0,0.3333333333333333,0.09841500000000002,-1,-1,-1,1.0,1.0,-1.0,0.0,-0.3333333333333333,0.08857350000000001,-1,-1,-1,0.356862745098039,0.694117647058824,0.803921568627451
178.6931803226471,0.0,0.2080967858073856,0.03,1,1,1,0.0,0.3333333333333333,0.09841500000000002,-1,-1,-1,1.0,1.0,-1.0,0.0,-0.3333333333333333,0.08857350000000001,-1,-1,-1,0.356862745098039,0.694117647058824,0.803921568627451
178.7278323173523,0.0,0.20640806709778506,0.03,1,1,1,0.0,0.3333333333333333,0.09841500000000002,-1,-1,-1,1.0,1.0,-1.0,0.0,-0.3333333333333333,0.08857350000000001,-1,-1,-1,0.356862745098039,0.694117647058824,0.803921568627451
178.76257181167603,0.0,0.2047193483881845,0.03,1,1,1,0.0,0.3333333333333333,0.09841500000000002,-1,-1,-1,1.0,1.0,-1.0,0.0,-0.3333333333333333,0.08857350000000001,-1,-1,-1,0.356862745098039,0.694117647058824,0.803921568627451
178.79730033874512,0.0,0.20303062967858396,0.03,1,1,1,0.0,0.3333333333333333,0.09841500000000002,-1,-1,-1,1.0,1.0,-1.0,0.0,-0.3333333333333333,0.08857350000000001,-1,-1,-1,0.356862745098039,0.694117647058824,0.803921568627451
178.8320484161377,0.0,0.2013419109689834,0.03,1,1,1,0.0,0.3333333333333333,0.09841500000000002,-1,-1,-1,1.0,1.0,-1.0,0.0,-0.3333333333333333,0.08857350000000001,-1,-1,-1,0.356862745098039,0.694117647058824,0.803921568627451
178.86676740646362,0.0,0.19965319225938286,0.03,1,1,1,0.0,0.3333333333333333,0.09841500000000002,-1,-1,-1,1.0,1.0,-1.0,0.0,-0.3333333333333333,0.08857350000000001,-1,-1,-1,0.356862745098039,0.694117647058824,0.803921568627451
178.90147137641907,0.0,0.1979644735497823,0.03,1,1,1,0.0,0.3333333333333333,0.09841500000000002,-1,-1,-1,1.0,1.0,-1.0,0.0,-0.3333333333333333,0.08857350000000001,-1,-1,-1,0.356862745098039,0.694117647058824,0.803921568627451
178.93600273132324,0.0,0.19627575484018175,0.03,1,1,1,0.0,0.3333333333333333,0.09841500000000002,-1,-1,-1,1.0,1.0,-1.0,0.0,-0.3333333333333333,0.08857350000000001,-1,-1,-1,0.356862745098039,0.694117647058824,0.803921568627451
178.97069787979126,0.0,0.19803909331491615,0.03,1,1,1,0.0,0.3333333333333333,0.09841500000000002,-1,-1,-1,1.0,1.0,-1.0,0.0,-0.3333333333333333,0.08857350000000001,-1,-1,-1,0.356862745098039,0.694117647058824,0.803921568627451
179.00563669204712,0.0,0.20066544608573428,0.03,1,1,1,0.0,0.3333333333333333,0.09841500000000002,-1,-1,-1,1.0,1.0,-1.0,0.0,-0.3333333333333333,0.08857350000000001,-1,-1,-1,0.356862745098039,0.694117647058824,0.803921568627451
179.0403847694397,0.0,0.2032917988565524,0.03,1,1,1,0.0,0.3333333333333333,0.09841500000000002,-1,-1,-1,1.0,1.0,-1.0,0.0,-0.3333333333333333,0.08857350000000001,-1,-1,-1,0.356862745098039,0.694117647058824,0.803921568627451
179.07507491111755,0.0,0.20591815162737054,0.03,1,1,1,0.0,0.3333333333333333,0.09841500000000002,-1,-1,-1,1.0,1.0,-1.0,0.0,-0.3333333333333333,0.08857350000000001,-1,-1,-1,0.356862745098039,0.694117647058824,0.803921568627451
179.10986590385437,0.0,0.20854450439818867,0.03,1,1,1,0.0,0.3333333333333333,0.09841500000000002,-1,-1,-1,1.0,1.0,-1.0,0.0,-0.3333333333333333,0.08857350000000001,-1,-1,-1,0.356862745098039,0.694117647058824,0.803921568627451
179.14454221725464,0.0,0.2111708571690068,0.03,1,1,1,0.0,0.3333333333333333,0.09841500000000002,-1,-1,-1,1.0,1.0,-1.0,0.0,-0.3333333333333333,0.08857350000000001,-1,-1,-1,0.356862745098039,0.694117647058824,0.803921568627451
179.17927026748657,0.0,0.21379720993982493,0.03,1,1,1,0.0,0.3333333333333333,0.09841500000000002,-1,-1,-1,1.0,1.0,-1.0,0.0,-0.3333333333333333,0.08857350000000001,-1,-1,-1,0.356862745098039,0.694117647058824,0.803921568627451
179.21397161483765,0.0,0.21642356271064306,0.03,1,1,1,0.0,0.3333333333333333,0.09841500000000002,-1,-1,-1,1.0,1.0,-1.0,0.0,-0.3333333333333333,0.08857350000000001,-1,-1,-1,0.356862745098039,0.694117647058824,0.803921568627451
179.24872136116028,0.0,0.2190499154814612,0.03,1,1,1,0.0,0.3333333333333333,0.09841500000000002,-1,-1,-1,1.0,1.0,-1.0,0.0,-0.3333333333333333,0.08857350000000001,-1,-1,-1,0.356862745098039,0.694117647058824,0.803921568627451
179.28346943855286,0.0,0.22167626825227932,0.03,1,1,1,0.0,0.3333333333333333,0.09841500000000002,-1,-1,-1,1.0,1.0,-1.0,0.0,-0.3333333333333333,0.08857350000000001,-1,-1,-1,0.356862745098039,0.694117647058824,0.803921568627451
179.31817293167114,0.0,0.22430262102309745,0.03,1,1,1,0.0,0.3333333333333333,0.09841500000000002,-1,-1,-1,1.0,1.0,-1.0,0.0,-0.3333333333333333,0.08857350000000001,-1,-1,-1,0.356862745098039,0.694117647058824,0.803921568627451
179.35288381576538,0.0,0.22692897379391558,0.03,1,1,1,0.0,0.3333333333333333,0.09841500000000002,-1,-1,-1,1.0,1.0,-1.0,0.0,-0.3333333333333333,0.08857350000000001,-1,-1,-1,0.356862745098039,0.694117647058824,0.803921568627451
179.38761854171753,0.0,0.2295553265647337,0.03,1,1,1,0.0,0.3333333333333333,0.09841500000000002,-1,-1,-1,1.0,1.0,-1.0,0.0,-0.3333333333333333,0.08857350000000001,-1,-1,-1,0.356862745098039,0.694117647058824,0.803921568627451
179.4223964214325,0.0,0.23218167933555184,0.03,1,1,1,0.0,0.3333333333333333,0.09841500000000002,-1,-1,-1,1.0,1.0,-1.0,0.0,-0.3333333333333333,0.08857350000000001,-1,-1,-1,0.356862745098039,0.694117647058824,0.803921568627451
179.4570984840393,0.0,0.23480803210636997,0.03,1,1,1,0.0,0.3333333333333333,0.09841500000000002,-1,-1,-1,1.0,1.0,-1.0,0.0,-0.3333333333333333,0.08857350000000001,-1,-1,-1,0.356862745098039,0.694117647058824,0.803921568627451
179.49182844161987,0.0,0.2374343848771881,0.03,1,1,1,0.0,0.3333333333333333,0.09841500000000002,-1,-1,-1,1.0,1.0,-1.0,0.0,-0.3333333333333333,0.08857350000000001,-1,-1,-1,0.356862745098039,0.694117647058824,0.803921568627451
179.52654719352722,0.0,0.24006073764800623,0.03,1,1,1,0.0,0.3333333333333333,0.09841500000000002,-1,-1,-1,1.0,1.0,-1.0,0.0,-0.3333333333333333,0.08857350000000001,-1,-1,-1,0.356862745098039,0.694117647058824,0.803921568627451
179.5612609386444,0.0,0.24268709041882436,0.03,1,1,1,0.0,0.3333333333333333,0.09841500000000002,-1,-1,-1,1.0,1.0,-1.0,0.0,-0.3333333333333333,0.08857350000000001,-1,-1,-1,0.356862745098039,0.694117647058824,0.803921568627451
179.59599494934082,0.0,0.2453134431896425,0.03,1,1,1,0.0,0.3333333333333333,0.09841500000000002,-1,-1,-1,1.0,1.0,-1.0,0.0,-0.3333333333333333,0.08857350000000001,-1,-1,-1,0.356862745098039,0.694117647058824,0.803921568627451
179.63074159622192,0.0,0.24793979596046062,0.03,1,1,1,0.0,0.3333333333333333,0.09841500000000002,-1,-1,-1,1.0,1.0,-1.0,0.0,-0.3333333333333333,0.08857350000000001,-1,-1,-1,0.356862745098039,0.694117647058824,0.803921568627451
179.66549968719482,0.0,0.25056614873127875,0.03,1,1,1,0.0,0.3333333333333333,0.09841500000000002,-1,-1,-1,1.0,1.0,-1.0,0.0,-0.3333333333333333,0.08857350000000001,-1,-1,-1,0.356862745098039,0.694117647058824,0.803921568627451
179.70018982887268,0.0,0.2531925015020969,0.03,1,1,1,0.0,0.3333333333333333,0.09841500000000002,-1,-1,-1,1.0,1.0,-1.0,0.0,-0.3333333333333333,0.08857350000000001,-1,-1,-1,0.356862745098039,0.694117647058824,0.803921568627451
179.73487997055054,0.0,0.255818854272915,0.03,1,1,1,0.0,0.3333333333333333,0.09841500000000002,-1,-1,-1,1.0,1.0,-1.0,0.0,-0.3333333333333333,0.08857350000000001,-1,-1,-1,0.356862745098039,0.694117647058824,0.803921568627451
179.76963806152344,0.0,0.25844520704373314,0.03,1,1,1,0.0,0.3333333333333333,0.09841500000000002,-1,-1,-1,1.0,1.0,-1.0,0.0,-0.3333333333333333,0.08857350000000001,-1,-1,-1,0.356862745098039,0.694117647058824,0.803921568627451
179.80435180664062,0.0,0.26107155981455127,0.03,1,1,1,0.0,0.3333333333333333,0.09841500000000002,-1,-1,-1,1.0,1.0,-1.0,0.0,-0.3333333333333333,0.08857350000000001,-1,-1,-1,0.356862745098039,0.694117647058824,0.803921568627451
179.8390293121338,0.0,0.2636979125853694,0.03,1,1,1,0.0,0.3333333333333333,0.09841500000000002,-1,-1,-1,1.0,1.0,-1.0,0.0,-0.3333333333333333,0.08857350000000001,-1,-1,-1,0.356862745098039,0.694117647058824,0.803921568627451
179.87382411956787,0.0,0.26632426535618753,0.03,1,1,1,0.0,0.3333333333333333,0.09841500000000002,-1,-1,-1,1.0,1.0,-1.0,0.0,-0.3333333333333333,0.08857350000000001,-1,-1,-1,0.356862745098039,0.694117647058824,0.803921568627451
179.90857768058777,0.0,0.26895061812700566,0.03,1,1,1,0.0,0.3333333333333333,0.09841500000000002,-1,-1,-1,1.0,1.0,-1.0,0.0,-0.3333333333333333,0.08857350000000001,-1,-1,-1,0.356862745098039,0.694117647058824,0.803921568627451
179.9432282447815,0.0,0.2715769708978238,0.03,1,1,1,0.0,0.3333333333333333,0.09841500000000002,-1,-1,-1,1.0,1.0,-1.0,0.0,-0.3333333333333333,0.08857350000000001,-1,-1,-1,0.356862745098039,0.694117647058824,0.803921568627451
179.97787737846375,0.0,0.2742033236686419,0.03,1,1,1,0.0,0.3333333333333333,0.09841500000000002,-1,-1,-1,1.0,1.0,-1.0,0.0,-0.3333333333333333,0.08857350000000001,-1,-1,-1,0.356862745098039,0.694117647058824,0.803921568627451
180.0126814842224,0.0,0.27682967643946005,0.03,1,1,1,0.0,0.3333333333333333,0.09841500000000002,-1,-1,-1,1.0,1.0,-1.0,0.0,-0.3333333333333333,0.08857350000000001,-1,-1,-1,0.356862745098039,0.694117647058824,0.803921568627451
180.04736614227295,0.0,0.2794560292102782,0.03,1,1,1,0.0,0.3333333333333333,0.09841500000000002,-1,-1,-1,1.0,1.0,-1.0,0.0,-0.3333333333333333,0.08857350000000001,-1,-1,-1,0.356862745098039,0.694117647058824,0.803921568627451
180.0820722579956,0.0,0.2820823819810963,0.03,1,1,1,0.0,0.3333333333333333,0.09841500000000002,-1,-1,-1,1.0,1.0,-1.0,0.0,-0.3333333333333333,0.08857350000000001,-1,-1,-1,0.356862745098039,0.694117647058824,0.803921568627451
180.11687397956848,0.0,0.28470873475191444,0.03,1,1,1,0.0,0.3333333333333333,0.09841500000000002,-1,-1,-1,1.0,1.0,-1.0,0.0,-0.3333333333333333,0.08857350000000001,-1,-1,-1,0.356862745098039,0.694117647058824,0.803921568627451
180.15285110473633,0.0,0.2873541055328995,0.03,1,1,1,0.0,0.3333333333333333,0.09841500000000002,-1,-1,-1,1.0,1.0,-1.0,0.0,-0.3333333333333333,0.08857350000000001,-1,-1,-1,0.356862745098039,0.694117647058824,0.803921568627451
180.18606758117676,0.0,0.2900755483545521,0.03,1,1,1,0.0,0.3333333333333333,0.09841500000000002,-1,-1,-1,1.0,1.0,-1.0,0.0,-0.3333333333333333,0.08857350000000001,-1,-1,-1,0.356862745098039,0.694117647058824,0.803921568627451
180.22075128555298,0.0,0.2927969911762048,0.03,1,1,1,0.0,0.3333333333333333,0.09841500000000002,-1,-1,-1,1.0,1.0,-1.0,0.0,-0.3333333333333333,0.08857350000000001,-1,-1,-1,0.356862745098039,0.694117647058824,0.803921568627451
180.25547790527344,0.0,0.29551843399785743,0.03,1,1,1,0.0,0.3333333333333333,0.09841500000000002,-1,-1,-1,1.0,1.0,-1.0,0.0,-0.3333333333333333,0.08857350000000001,-1,-1,-1,0.356862745098039,0.694117647058824,0.803921568627451
180.29020500183105,0.0,0.2982398768195101,0.03,1,1,1,0.0,0.3333333333333333,0.09841500000000002,-1,-1,-1,1.0,1.0,-1.0,0.0,-0.3333333333333333,0.08857350000000001,-1,-1,-1,0.356862745098039,0.694117647058824,0.803921568627451
180.3249373435974,0.0,0.30096131964116274,0.03,1,1,1,0.0,0.3333333333333333,0.09841500000000002,-1,-1,-1,1.0,1.0,-1.0,0.0,-0.3333333333333333,0.08857350000000001,-1,-1,-1,0.356862745098039,0.694117647058824,0.803921568627451
180.3596384525299,0.0,0.3036827624628154,0.03,1,1,1,0.0,0.3333333333333333,0.09841500000000002,-1,-1,-1,1.0,1.0,-1.0,0.0,-0.3333333333333333,0.08857350000000001,-1,-1,-1,0.356862745098039,0.694117647058824,0.803921568627451
180.3945894241333,0.0,0.30640420528446805,0.03,1,1,1,0.0,0.3333333333333333,0.09841500000000002,-1,-1,-1,1.0,1.0,-1.0,0.0,-0.3333333333333333,0.08857350000000001,-1,-1,-1,0.356862745098039,0.694117647058824,0.803921568627451
180.42936253547668,0.0,0.3091256481061207,0.03,1,1,1,0.0,0.3333333333333333,0.09841500000000002,-1,-1,-1,1.0,1.0,-1.0,0.0,-0.3333333333333333,0.08857350000000001,-1,-1,-1,0.356862745098039,0.694117647058824,0.803921568627451
180.46404099464417,0.0,0.31184709092777335,0.03,1,1,1,0.0,0.3333333333333333,0.09841500000000002,-1,-1,-1,1.0,1.0,-1.0,0.0,-0.3333333333333333,0.08857350000000001,-1,-1,-1,0.356862745098039,0.694117647058824,0.803921568627451
180.49862360954285,0.0,0.314568533749426,0.03,1,1,1,0.0,0.3333333333333333,0.09841500000000002,-1,-1,-1,1.0,1.0,-1.0,0.0,-0.3333333333333333,0.08857350000000001,-1,-1,-1,0.356862745098039,0.694117647058824,0.803921568627451
180.53334403038025,0.0,0.31728997657107866,0.03,1,1,1,0.0,0.3333333333333333,0.09841500000000002,-1,-1,-1,1.0,1.0,-1.0,0.0,-0.3333333333333333,0.08857350000000001,-1,-1,-1,0.356862745098039,0.694117647058824,0.803921568627451
180.5682191848755,0.0,0.3200114193927313,0.03,1,1,1,0.0,0.3333333333333333,0.09841500000000002,-1,-1,-1,1.0,1.0,-1.0,0.0,-0.3333333333333333,0.08857350000000001,-1,-1,-1,0.356862745098039,0.694117647058824,0.803921568627451
180.6028802394867,0.0,0.32273286221438396,0.03,1,1,1,0.0,0.3333333333333333,0.09841500000000002,-1,-1,-1,1.0,1.0,-1.0,0.0,-0.3333333333333333,0.08857350000000001,-1,-1,-1,0.356862745098039,0.694117647058824,0.803921568627451
180.63766717910767,0.0,0.3254543050360366,0.03,1,1,1,0.0,0.3333333333333333,0.09841500000000002,-1,-1,-1,1.0,1.0,-1.0,0.0,-0.3333333333333333,0.08857350000000001,-1,-1,-1,0.356862745098039,0.694117647058824,0.803921568627451
180.67241621017456,0.0,0.32817574785768927,0.03,1,1,1,0.0,0.3333333333333333,0.09841500000000002,-1,-1,-1,1.0,1.0,-1.0,0.0,-0.3333333333333333,0.08857350000000001,-1,-1,-1,0.356862745098039,0.694117647058824,0.803921568627451
180.7070665359497,0.0,0.3308971906793419,0.03,1,1,1,0.0,0.3333333333333333,0.09841500000000002,-1,-1,-1,1.0,1.0,-1.0,0.0,-0.3333333333333333,0.08857350000000001,-1,-1,-1,0.356862745098039,0.694117647058824,0.803921568627451
180.7418086528778,0.0,0.3336186335009946,0.03,1,1,1,0.0,0.3333333333333333,0.09841500000000002,-1,-1,-1,1.0,1.0,-1.0,0.0,-0.3333333333333333,0.08857350000000001,-1,-1,-1,0.356862745098039,0.694117647058824,0.803921568627451
180.77659940719604,0.0,0.3336186335009946,0.03,1,1,1,0.0,0.3333333333333333,0.09841500000000002,-1,-1,-1,1.0,1.0,-1.0,0.0,-0.3333333333333333,0.08857350000000001,-1,-1,-1,0.356862745098039,0.694117647058824,0.803921568627451
180.81127429008484,0.0,0.3336186335009946,0.03,1,1,1,0.0,0.3333333333333333,0.09841500000000002,-1,-1,-1,1.0,1.0,-1.0,0.0,-0.3333333333333333,0.08857350000000001,-1,-1,-1,0.356862745098039,0.694117647058824,0.803921568627451
180.84597539901733,0.0,0.3336186335009946,0.03,1,1,1,0.0,0.3333333333333333,0.09841500000000002,-1,-1,-1,1.0,1.0,-1.0,0.0,-0.3333333333333333,0.08857350000000001,-1,-1,-1,0.356862745098039,0.694117647058824,0.803921568627451
180.88068532943726,0.0,0.3336186335009946,0.03,1,1,1,0.0,0.3333333333333333,0.09841500000000002,-1,-1,-1,1.0,1.0,-1.0,0.0,-0.3333333333333333,0.08857350000000001,-1,-1,-1,0.356862745098039,0.694117647058824,0.803921568627451
180.9154167175293,0.0,0.3336186335009946,0.03,1,1,1,0.0,0.3333333333333333,0.09841500000000002,-1,-1,-1,1.0,1.0,-1.0,0.0,-0.3333333333333333,0.08857350000000001,-1,-1,-1,0.356862745098039,0.694117647058824,0.803921568627451
180.95020580291748,0.0,0.3336186335009946,0.03,1,1,1,0.0,0.3333333333333333,0.09841500000000002,-1,-1,-1,1.0,1.0,-1.0,0.0,-0.3333333333333333,0.08857350000000001,-1,-1,-1,0.356862745098039,0.694117647058824,0.803921568627451
180.98494577407837,0.0,0.3336186335009946,0.03,1,1,1,0.0,0.3333333333333333,0.09841500000000002,-1,-1,-1,1.0,1.0,-1.0,0.0,-0.3333333333333333,0.08857350000000001,-1,-1,-1,0.356862745098039,0.694117647058824,0.803921568627451
181.01961064338684,0.0,0.3336186335009946,0.03,1,1,1,0.0,0.3333333333333333,0.09841500000000002,-1,-1,-1,1.0,1.0,-1.0,0.0,-0.3333333333333333,0.08857350000000001,-1,-1,-1,0.356862745098039,0.694117647058824,0.803921568627451
181.05435943603516,0.0,0.3336186335009946,0.03,1,1,1,0.0,0.3333333333333333,0.09841500000000002,-1,-1,-1,1.0,1.0,-1.0,0.0,-0.3333333333333333,0.08857350000000001,-1,-1,-1,0.356862745098039,0.694117647058824,0.803921568627451
181.08903336524963,0.0,0.3336186335009946,0.03,1,1,1,0.0,0.3333333333333333,0.09841500000000002,-1,-1,-1,1.0,1.0,-1.0,0.0,-0.3333333333333333,0.08857350000000001,-1,-1,-1,0.356862745098039,0.694117647058824,0.803921568627451
181.12379479408264,0.0,0.3336186335009946,0.03,1,1,1,0.0,0.3333333333333333,0.09841500000000002,-1,-1,-1,1.0,1.0,-1.0,0.0,-0.3333333333333333,0.08857350000000001,-1,-1,-1,0.356862745098039,0.694117647058824,0.803921568627451
181.15848302841187,0.0,0.3336186335009946,0.03,1,1,1,0.0,0.3333333333333333,0.09841500000000002,-1,-1,-1,1.0,1.0,-1.0,0.0,-0.3333333333333333,0.08857350000000001,-1,-1,-1,0.356862745098039,0.694117647058824,0.803921568627451
181.19319367408752,0.0,0.3336186335009946,0.03,1,1,1,0.0,0.3333333333333333,0.09841500000000002,-1,-1,-1,1.0,1.0,-1.0,0.0,-0.3333333333333333,0.08857350000000001,-1,-1,-1,0.356862745098039,0.694117647058824,0.803921568627451
181.22783064842224,0.0,0.3336186335009946,0.03,1,1,1,0.0,0.3333333333333333,0.09841500000000002,-1,-1,-1,1.0,1.0,-1.0,0.0,-0.3333333333333333,0.08857350000000001,-1,-1,-1,0.356862745098039,0.694117647058824,0.803921568627451
181.26257157325745,0.0,0.3336186335009946,0.03,1,1,1,0.0,0.3333333333333333,0.09841500000000002,-1,-1,-1,1.0,1.0,-1.0,0.0,-0.3333333333333333,0.08857350000000001,-1,-1,-1,0.356862745098039,0.694117647058824,0.803921568627451
