time,ball_x,ball_y,ball_radius,ball_color_r,ball_color_g,ball_color_b,roi1_x,roi1_y,roi1_radius,roi1_color_r,roi1_color_g,roi1_color_b,roi1_lineColor_r,roi1_lineColor_g,roi1_lineColor_b,roi2_x,roi2_y,roi2_radius,roi2_color_r,roi2_color_g,roi2_color_b,roi2_lineColor_r,roi2_lineColor_g,roi2_lineColor_b
48.46753478050232,0.0,0.0,0.03,1,1,1,0.0,0.3333333333333333,0.15,-1,-1,-1,1.0,1.0,-1.0,0.0,-0.3333333333333333,0.15,-1,-1,-1,0.356862745098039,0.694117647058824,0.803921568627451
48.50213575363159,0.0,0.0,0.03,1,1,1,0.0,0.3333333333333333,0.15,-1,-1,-1,1.0,1.0,-1.0,0.0,-0.3333333333333333,0.15,-1,-1,-1,0.356862745098039,0.694117647058824,0.803921568627451
48.53624367713928,0.0,0.0,0.03,1,1,1,0.0,0.3333333333333333,0.15,-1,-1,-1,1.0,1.0,-1.0,0.0,-0.3333333333333333,0.15,-1,-1,-1,0.356862745098039,0.694117647058824,0.803921568627451
48.57995843887329,0.0,0.0028876023730957405,0.03,1,1,1,0.0,0.3333333333333333,0.15,-1,-1,-1,1.0,1.0,-1.0,0.0,-0.3333333333333333,0.15,-1,-1,-1,0.356862745098039,0.694117647058824,0.803921568627451
48.61411142349243,0.0,0.007700272994921972,0.03,1,1,1,0.0,0.3333333333333333,0.15,-1,-1,-1,1.0,1.0,-1.0,0.0,-0.3333333333333333,0.15,-1,-1,-1,0.356862745098039,0.694117647058824,0.803921568627451
48.662928342819214,0.0,0.012512943616748205,0.03,1,1,1,0.0,0.3333333333333333,0.15,-1,-1,-1,1.0,1.0,-1.0,0.0,-0.3333333333333333,0.15,-1,-1,-1,0.356862745098039,0.694117647058824,0.803921568627451
48.69766187667847,0.0,0.01732561423857444,0.03,1,1,1,0.0,0.3333333333333333,0.15,-1,-1,-1,1.0,1.0,-1.0,0.0,-0.3333333333333333,0.15,-1,-1,-1,0.356862745098039,0.694117647058824,0.803921568627451
48.73223876953125,0.0,0.022138284860400682,0.03,1,1,1,0.0,0.3333333333333333,0.15,-1,-1,-1,1.0,1.0,-1.0,0.0,-0.3333333333333333,0.15,-1,-1,-1,0.356862745098039,0.694117647058824,0.803921568627451
48.766809701919556,0.0,0.026950955482226924,0.03,1,1,1,0.0,0.3333333333333333,0.15,-1,-1,-1,1.0,1.0,-1.0,0.0,-0.3333333333333333,0.15,-1,-1,-1,0.356862745098039,0.694117647058824,0.803921568627451
48.812116384506226,0.0,0.031763626104053165,0.03,1,1,1,0.0,0.3333333333333333,0.15,-1,-1,-1,1.0,1.0,-1.0,0.0,-0.3333333333333333,0.15,-1,-1,-1,0.356862745098039,0.694117647058824,0.803921568627451
48.85000729560852,0.0,0.036576296725879406,0.03,1,1,1,0.0,0.3333333333333333,0.15,-1,-1,-1,1.0,1.0,-1.0,0.0,-0.3333333333333333,0.15,-1,-1,-1,0.356862745098039,0.694117647058824,0.803921568627451
48.891780376434326,0.0,0.04138896734770565,0.03,1,1,1,0.0,0.3333333333333333,0.15,-1,-1,-1,1.0,1.0,-1.0,0.0,-0.3333333333333333,0.15,-1,-1,-1,0.356862745098039,0.694117647058824,0.803921568627451
48.92655920982361,0.0,0.04620163796953189,0.03,1,1,1,0.0,0.3333333333333333,0.15,-1,-1,-1,1.0,1.0,-1.0,0.0,-0.3333333333333333,0.15,-1,-1,-1,0.356862745098039,0.694117647058824,0.803921568627451
48.96112298965454,0.0,0.05101430859135813,0.03,1,1,1,0.0,0.3333333333333333,0.15,-1,-1,-1,1.0,1.0,-1.0,0.0,-0.3333333333333333,0.15,-1,-1,-1,0.356862745098039,0.694117647058824,0.803921568627451
49.00308012962341,0.0,0.05582697921318437,0.03,1,1,1,0.0,0.3333333333333333,0.15,-1,-1,-1,1.0,1.0,-1.0,0.0,-0.3333333333333333,0.15,-1,-1,-1,0.356862745098039,0.694117647058824,0.803921568627451
49.04575490951538,0.0,0.060639649835010606,0.03,1,1,1,0.0,0.3333333333333333,0.15,-1,-1,-1,1.0,1.0,-1.0,0.0,-0.3333333333333333,0.15,-1,-1,-1,0.356862745098039,0.694117647058824,0.803921568627451
49.07938742637634,0.0,0.06545232045683683,0.03,1,1,1,0.0,0.3333333333333333,0.15,-1,-1,-1,1.0,1.0,-1.0,0.0,-0.3333333333333333,0.15,-1,-1,-1,0.356862745098039,0.694117647058824,0.803921568627451
49.11453628540039,0.0,0.07026499107866303,0.03,1,1,1,0.0,0.3333333333333333,0.15,-1,-1,-1,1.0,1.0,-1.0,0.0,-0.3333333333333333,0.15,-1,-1,-1,0.356862745098039,0.694117647058824,0.803921568627451
49.14958477020264,0.0,0.07507766170048924,0.03,1,1,1,0.0,0.3333333333333333,0.15,-1,-1,-1,1.0,1.0,-1.0,0.0,-0.3333333333333333,0.15,-1,-1,-1,0.356862745098039,0.694117647058824,0.803921568627451
49.197487354278564,0.0,0.07989033232231545,0.03,1,1,1,0.0,0.3333333333333333,0.15,-1,-1,-1,1.0,1.0,-1.0,0.0,-0.3333333333333333,0.15,-1,-1,-1,0.356862745098039,0.694117647058824,0.803921568627451
49.232561349868774,0.0,0.08470300294414165,0.03,1,1,1,0.0,0.3333333333333333,0.15,-1,-1,-1,1.0,1.0,-1.0,0.0,-0.3333333333333333,0.15,-1,-1,-1,0.356862745098039,0.694117647058824,0.803921568627451
49.26680302619934,0.0,0.08951567356596786,0.03,1,1,1,0.0,0.3333333333333333,0.15,-1,-1,-1,1.0,1.0,-1.0,0.0,-0.3333333333333333,0.15,-1,-1,-1,0.356862745098039,0.694117647058824,0.803921568627451
49.301575660705566,0.0,0.09432834418779407,0.03,1,1,1,0.0,0.3333333333333333,0.15,-1,-1,-1,1.0,1.0,-1.0,0.0,-0.3333333333333333,0.15,-1,-1,-1,0.356862745098039,0.694117647058824,0.803921568627451
49.33565664291382,0.0,0.09914101480962027,0.03,1,1,1,0.0,0.3333333333333333,0.15,-1,-1,-1,1.0,1.0,-1.0,0.0,-0.3333333333333333,0.15,-1,-1,-1,0.356862745098039,0.694117647058824,0.803921568627451
49.37909936904907,0.0,0.10395368543144648,0.03,1,1,1,0.0,0.3333333333333333,0.15,-1,-1,-1,1.0,1.0,-1.0,0.0,-0.3333333333333333,0.15,-1,-1,-1,0.356862745098039,0.694117647058824,0.803921568627451
49.41165471076965,0.0,0.10876635605327269,0.03,1,1,1,0.0,0.3333333333333333,0.15,-1,-1,-1,1.0,1.0,-1.0,0.0,-0.3333333333333333,0.15,-1,-1,-1,0.356862745098039,0.694117647058824,0.803921568627451
49.44724988937378,0.0,0.11357902667509889,0.03,1,1,1,0.0,0.3333333333333333,0.15,-1,-1,-1,1.0,1.0,-1.0,0.0,-0.3333333333333333,0.15,-1,-1,-1,0.356862745098039,0.694117647058824,0.803921568627451
49.48419165611267,0.0,0.1183916972969251,0.03,1,1,1,0.0,0.3333333333333333,0.15,-1,-1,-1,1.0,1.0,-1.0,0.0,-0.3333333333333333,0.15,-1,-1,-1,0.356862745098039,0.694117647058824,0.803921568627451
49.517361640930176,0.0,0.12320436791875132,0.03,1,1,1,0.0,0.3333333333333333,0.15,-1,-1,-1,1.0,1.0,-1.0,0.0,-0.3333333333333333,0.15,-1,-1,-1,0.356862745098039,0.694117647058824,0.803921568627451
49.56565546989441,0.0,0.12801703854057758,0.03,1,1,1,0.0,0.3333333333333333,0.15,-1,-1,-1,1.0,1.0,-1.0,0.0,-0.3333333333333333,0.15,-1,-1,-1,0.356862745098039,0.694117647058824,0.803921568627451
49.60013294219971,0.0,0.13282970916240386,0.03,1,1,1,0.0,0.3333333333333333,0.15,-1,-1,-1,1.0,1.0,-1.0,0.0,-0.3333333333333333,0.15,-1,-1,-1,0.356862745098039,0.694117647058824,0.803921568627451
49.63466286659241,0.0,0.13764237978423013,0.03,1,1,1,0.0,0.3333333333333333,0.15,-1,-1,-1,1.0,1.0,-1.0,0.0,-0.3333333333333333,0.15,-1,-1,-1,0.356862745098039,0.694117647058824,0.803921568627451
49.669605016708374,0.0,0.1424550504060564,0.03,1,1,1,0.0,0.3333333333333333,0.15,-1,-1,-1,1.0,1.0,-1.0,0.0,-0.3333333333333333,0.15,-1,-1,-1,0.356862745098039,0.694117647058824,0.803921568627451
49.70439291000366,0.0,0.1472677210278827,0.03,1,1,1,0.0,0.3333333333333333,0.15,-1,-1,-1,1.0,1.0,-1.0,0.0,-0.3333333333333333,0.15,-1,-1,-1,0.356862745098039,0.694117647058824,0.803921568627451
49.749510288238525,0.0,0.15208039164970896,0.03,1,1,1,0.0,0.3333333333333333,0.15,-1,-1,-1,1.0,1.0,-1.0,0.0,-0.3333333333333333,0.15,-1,-1,-1,0.356862745098039,0.694117647058824,0.803921568627451
49.78700017929077,0.0,0.1538258366132547,0.03,1,1,1,0.0,0.3333333333333333,0.15,-1,-1,-1,1.0,1.0,-1.0,0.0,-0.3333333333333333,0.15,-1,-1,-1,0.356862745098039,0.694117647058824,0.803921568627451
49.82885408401489,0.0,0.15480447516223028,0.03,1,1,1,0.0,0.3333333333333333,0.15,-1,-1,-1,1.0,1.0,-1.0,0.0,-0.3333333333333333,0.15,-1,-1,-1,0.356862745098039,0.694117647058824,0.803921568627451
49.863492488861084,0.0,0.15578311371120587,0.03,1,1,1,0.0,0.3333333333333333,0.15,-1,-1,-1,1.0,1.0,-1.0,0.0,-0.3333333333333333,0.15,-1,-1,-1,0.356862745098039,0.694117647058824,0.803921568627451
49.898621559143066,0.0,0.15676175226018146,0.03,1,1,1,0.0,0.3333333333333333,0.15,-1,-1,-1,1.0,1.0,-1.0,0.0,-0.3333333333333333,0.15,-1,-1,-1,0.356862745098039,0.694117647058824,0.803921568627451
49.9405083656311,0.0,0.15774039080915706,0.03,1,1,1,0.0,0.3333333333333333,0.15,-1,-1,-1,1.0,1.0,-1.0,0.0,-0.3333333333333333,0.15,-1,-1,-1,0.356862745098039,0.694117647058824,0.803921568627451
49.97456502914429,0.0,0.15871902935813265,0.03,1,1,1,0.0,0.3333333333333333,0.15,-1,-1,-1,1.0,1.0,-1.0,0.0,-0.3333333333333333,0.15,-1,-1,-1,0.356862745098039,0.694117647058824,0.803921568627451
50.00920605659485,0.0,0.15969766790710824,0.03,1,1,1,0.0,0.3333333333333333,0.15,-1,-1,-1,1.0,1.0,-1.0,0.0,-0.3333333333333333,0.15,-1,-1,-1,0.356862745098039,0.694117647058824,0.803921568627451
50.043766260147095,0.0,0.16067630645608383,0.03,1,1,1,0.0,0.3333333333333333,0.15,-1,-1,-1,1.0,1.0,-1.0,0.0,-0.3333333333333333,0.15,-1,-1,-1,0.356862745098039,0.694117647058824,0.803921568627451
50.081997871398926,0.0,0.16165494500505942,0.03,1,1,1,0.0,0.3333333333333333,0.15,-1,-1,-1,1.0,1.0,-1.0,0.0,-0.3333333333333333,0.15,-1,-1,-1,0.356862745098039,0.694117647058824,0.803921568627451
50.1169273853302,0.0,0.162633583554035,0.03,1,1,1,0.0,0.3333333333333333,0.15,-1,-1,-1,1.0,1.0,-1.0,0.0,-0.3333333333333333,0.15,-1,-1,-1,0.356862745098039,0.694117647058824,0.803921568627451
50.15466547012329,0.0,0.1636122221030106,0.03,1,1,1,0.0,0.3333333333333333,0.15,-1,-1,-1,1.0,1.0,-1.0,0.0,-0.3333333333333333,0.15,-1,-1,-1,0.356862745098039,0.694117647058824,0.803921568627451
50.18969202041626,0.0,0.1645908606519862,0.03,1,1,1,0.0,0.3333333333333333,0.15,-1,-1,-1,1.0,1.0,-1.0,0.0,-0.3333333333333333,0.15,-1,-1,-1,0.356862745098039,0.694117647058824,0.803921568627451
50.22442054748535,0.0,0.16556949920096178,0.03,1,1,1,0.0,0.3333333333333333,0.15,-1,-1,-1,1.0,1.0,-1.0,0.0,-0.3333333333333333,0.15,-1,-1,-1,0.356862745098039,0.694117647058824,0.803921568627451
50.2592830657959,0.0,0.16654813774993737,0.03,1,1,1,0.0,0.3333333333333333,0.15,-1,-1,-1,1.0,1.0,-1.0,0.0,-0.3333333333333333,0.15,-1,-1,-1,0.356862745098039,0.694117647058824,0.803921568627451
50.30170702934265,0.0,0.16752677629891297,0.03,1,1,1,0.0,0.3333333333333333,0.15,-1,-1,-1,1.0,1.0,-1.0,0.0,-0.3333333333333333,0.15,-1,-1,-1,0.356862745098039,0.694117647058824,0.803921568627451
50.34290051460266,0.0,0.16850541484788856,0.03,1,1,1,0.0,0.3333333333333333,0.15,-1,-1,-1,1.0,1.0,-1.0,0.0,-0.3333333333333333,0.15,-1,-1,-1,0.356862745098039,0.694117647058824,0.803921568627451
50.377878189086914,0.0,0.16948405339686415,0.03,1,1,1,0.0,0.3333333333333333,0.15,-1,-1,-1,1.0,1.0,-1.0,0.0,-0.3333333333333333,0.15,-1,-1,-1,0.356862745098039,0.694117647058824,0.803921568627451
50.41206097602844,0.0,0.17046269194583974,0.03,1,1,1,0.0,0.3333333333333333,0.15,-1,-1,-1,1.0,1.0,-1.0,0.0,-0.3333333333333333,0.15,-1,-1,-1,0.356862745098039,0.694117647058824,0.803921568627451
50.45040202140808,0.0,0.17144133049481533,0.03,1,1,1,0.0,0.3333333333333333,0.15,-1,-1,-1,1.0,1.0,-1.0,0.0,-0.3333333333333333,0.15,-1,-1,-1,0.356862745098039,0.694117647058824,0.803921568627451
50.485159158706665,0.0,0.17241996904379092,0.03,1,1,1,0.0,0.3333333333333333,0.15,-1,-1,-1,1.0,1.0,-1.0,0.0,-0.3333333333333333,0.15,-1,-1,-1,0.356862745098039,0.694117647058824,0.803921568627451
50.52312183380127,0.0,0.1733986075927665,0.03,1,1,1,0.0,0.3333333333333333,0.15,-1,-1,-1,1.0,1.0,-1.0,0.0,-0.3333333333333333,0.15,-1,-1,-1,0.356862745098039,0.694117647058824,0.803921568627451
50.558364152908325,0.0,0.1743772461417421,0.03,1,1,1,0.0,0.3333333333333333,0.15,-1,-1,-1,1.0,1.0,-1.0,0.0,-0.3333333333333333,0.15,-1,-1,-1,0.356862745098039,0.694117647058824,0.803921568627451
50.592280864715576,0.0,0.1753558846907177,0.03,1,1,1,0.0,0.3333333333333333,0.15,-1,-1,-1,1.0,1.0,-1.0,0.0,-0.3333333333333333,0.15,-1,-1,-1,0.356862745098039,0.694117647058824,0.803921568627451
50.62737464904785,0.0,0.17633452323969329,0.03,1,1,1,0.0,0.3333333333333333,0.15,-1,-1,-1,1.0,1.0,-1.0,0.0,-0.3333333333333333,0.15,-1,-1,-1,0.356862745098039,0.694117647058824,0.803921568627451
50.661755323410034,0.0,0.17731316178866888,0.03,1,1,1,0.0,0.3333333333333333,0.15,-1,-1,-1,1.0,1.0,-1.0,0.0,-0.3333333333333333,0.15,-1,-1,-1,0.356862745098039,0.694117647058824,0.803921568627451
50.70409893989563,0.0,0.17829180033764447,0.03,1,1,1,0.0,0.3333333333333333,0.15,-1,-1,-1,1.0,1.0,-1.0,0.0,-0.3333333333333333,0.15,-1,-1,-1,0.356862745098039,0.694117647058824,0.803921568627451
50.738210678100586,0.0,0.17927043888662006,0.03,1,1,1,0.0,0.3333333333333333,0.15,-1,-1,-1,1.0,1.0,-1.0,0.0,-0.3333333333333333,0.15,-1,-1,-1,0.356862745098039,0.694117647058824,0.803921568627451
50.7735493183136,0.0,0.18024907743559565,0.03,1,1,1,0.0,0.3333333333333333,0.15,-1,-1,-1,1.0,1.0,-1.0,0.0,-0.3333333333333333,0.15,-1,-1,-1,0.356862745098039,0.694117647058824,0.803921568627451
50.808083057403564,0.0,0.18122771598457124,0.03,1,1,1,0.0,0.3333333333333333,0.15,-1,-1,-1,1.0,1.0,-1.0,0.0,-0.3333333333333333,0.15,-1,-1,-1,0.356862745098039,0.694117647058824,0.803921568627451
50.8426353931427,0.0,0.18220635453354683,0.03,1,1,1,0.0,0.3333333333333333,0.15,-1,-1,-1,1.0,1.0,-1.0,0.0,-0.3333333333333333,0.15,-1,-1,-1,0.356862745098039,0.694117647058824,0.803921568627451
50.886225938797,0.0,0.18318499308252242,0.03,1,1,1,0.0,0.3333333333333333,0.15,-1,-1,-1,1.0,1.0,-1.0,0.0,-0.3333333333333333,0.15,-1,-1,-1,0.356862745098039,0.694117647058824,0.803921568627451
50.91946077346802,0.0,0.18416363163149801,0.03,1,1,1,0.0,0.3333333333333333,0.15,-1,-1,-1,1.0,1.0,-1.0,0.0,-0.3333333333333333,0.15,-1,-1,-1,0.356862745098039,0.694117647058824,0.803921568627451
50.9538938999176,0.0,0.1851422701804736,0.03,1,1,1,0.0,0.3333333333333333,0.15,-1,-1,-1,1.0,1.0,-1.0,0.0,-0.3333333333333333,0.15,-1,-1,-1,0.356862745098039,0.694117647058824,0.803921568627451
50.98935103416443,0.0,0.1818282687233241,0.03,1,1,1,0.0,0.3333333333333333,0.15,-1,-1,-1,1.0,1.0,-1.0,0.0,-0.3333333333333333,0.15,-1,-1,-1,0.356862745098039,0.694117647058824,0.803921568627451
51.02333998680115,0.0,0.17851426726617461,0.03,1,1,1,0.0,0.3333333333333333,0.15,-1,-1,-1,1.0,1.0,-1.0,0.0,-0.3333333333333333,0.15,-1,-1,-1,0.356862745098039,0.694117647058824,0.803921568627451
51.05798411369324,0.0,0.17520026580902512,0.03,1,1,1,0.0,0.3333333333333333,0.15,-1,-1,-1,1.0,1.0,-1.0,0.0,-0.3333333333333333,0.15,-1,-1,-1,0.356862745098039,0.694117647058824,0.803921568627451
51.10714530944824,0.0,0.17188626435187562,0.03,1,1,1,0.0,0.3333333333333333,0.15,-1,-1,-1,1.0,1.0,-1.0,0.0,-0.3333333333333333,0.15,-1,-1,-1,0.356862745098039,0.694117647058824,0.803921568627451
51.14164757728577,0.0,0.16857226289472613,0.03,1,1,1,0.0,0.3333333333333333,0.15,-1,-1,-1,1.0,1.0,-1.0,0.0,-0.3333333333333333,0.15,-1,-1,-1,0.356862745098039,0.694117647058824,0.803921568627451
51.176164388656616,0.0,0.16525826143757663,0.03,1,1,1,0.0,0.3333333333333333,0.15,-1,-1,-1,1.0,1.0,-1.0,0.0,-0.3333333333333333,0.15,-1,-1,-1,0.356862745098039,0.694117647058824,0.803921568627451
51.211336612701416,0.0,0.16194425998042714,0.03,1,1,1,0.0,0.3333333333333333,0.15,-1,-1,-1,1.0,1.0,-1.0,0.0,-0.3333333333333333,0.15,-1,-1,-1,0.356862745098039,0.694117647058824,0.803921568627451
51.24580645561218,0.0,0.15863025852327764,0.03,1,1,1,0.0,0.3333333333333333,0.15,-1,-1,-1,1.0,1.0,-1.0,0.0,-0.3333333333333333,0.15,-1,-1,-1,0.356862745098039,0.694117647058824,0.803921568627451
51.29049777984619,0.0,0.15531625706612814,0.03,1,1,1,0.0,0.3333333333333333,0.15,-1,-1,-1,1.0,1.0,-1.0,0.0,-0.3333333333333333,0.15,-1,-1,-1,0.356862745098039,0.694117647058824,0.803921568627451
51.32896709442139,0.0,0.15200225560897865,0.03,1,1,1,0.0,0.3333333333333333,0.15,-1,-1,-1,1.0,1.0,-1.0,0.0,-0.3333333333333333,0.15,-1,-1,-1,0.356862745098039,0.694117647058824,0.803921568627451
51.364495038986206,0.0,0.14868825415182915,0.03,1,1,1,0.0,0.3333333333333333,0.15,-1,-1,-1,1.0,1.0,-1.0,0.0,-0.3333333333333333,0.15,-1,-1,-1,0.356862745098039,0.694117647058824,0.803921568627451
51.39804482460022,0.0,0.14537425269467966,0.03,1,1,1,0.0,0.3333333333333333,0.15,-1,-1,-1,1.0,1.0,-1.0,0.0,-0.3333333333333333,0.15,-1,-1,-1,0.356862745098039,0.694117647058824,0.803921568627451
51.43347954750061,0.0,0.14206025123753016,0.03,1,1,1,0.0,0.3333333333333333,0.15,-1,-1,-1,1.0,1.0,-1.0,0.0,-0.3333333333333333,0.15,-1,-1,-1,0.356862745098039,0.694117647058824,0.803921568627451
51.475475788116455,0.0,0.13874624978038066,0.03,1,1,1,0.0,0.3333333333333333,0.15,-1,-1,-1,1.0,1.0,-1.0,0.0,-0.3333333333333333,0.15,-1,-1,-1,0.356862745098039,0.694117647058824,0.803921568627451
51.516764640808105,0.0,0.13543224832323117,0.03,1,1,1,0.0,0.3333333333333333,0.15,-1,-1,-1,1.0,1.0,-1.0,0.0,-0.3333333333333333,0.15,-1,-1,-1,0.356862745098039,0.694117647058824,0.803921568627451
51.551276445388794,0.0,0.13211824686608167,0.03,1,1,1,0.0,0.3333333333333333,0.15,-1,-1,-1,1.0,1.0,-1.0,0.0,-0.3333333333333333,0.15,-1,-1,-1,0.356862745098039,0.694117647058824,0.803921568627451
51.59045767784119,0.0,0.12880424540893218,0.03,1,1,1,0.0,0.3333333333333333,0.15,-1,-1,-1,1.0,1.0,-1.0,0.0,-0.3333333333333333,0.15,-1,-1,-1,0.356862745098039,0.694117647058824,0.803921568627451
51.625345945358276,0.0,0.12549024395178268,0.03,1,1,1,0.0,0.3333333333333333,0.15,-1,-1,-1,1.0,1.0,-1.0,0.0,-0.3333333333333333,0.15,-1,-1,-1,0.356862745098039,0.694117647058824,0.803921568627451
51.66001749038696,0.0,0.12217624249463323,0.03,1,1,1,0.0,0.3333333333333333,0.15,-1,-1,-1,1.0,1.0,-1.0,0.0,-0.3333333333333333,0.15,-1,-1,-1,0.356862745098039,0.694117647058824,0.803921568627451
51.698039293289185,0.0,0.11886224103748375,0.03,1,1,1,0.0,0.3333333333333333,0.15,-1,-1,-1,1.0,1.0,-1.0,0.0,-0.3333333333333333,0.15,-1,-1,-1,0.356862745098039,0.694117647058824,0.803921568627451
51.746516704559326,0.0,0.11554823958033425,0.03,1,1,1,0.0,0.3333333333333333,0.15,-1,-1,-1,1.0,1.0,-1.0,0.0,-0.3333333333333333,0.15,-1,-1,-1,0.356862745098039,0.694117647058824,0.803921568627451
51.78062033653259,0.0,0.11223423812318475,0.03,1,1,1,0.0,0.3333333333333333,0.15,-1,-1,-1,1.0,1.0,-1.0,0.0,-0.3333333333333333,0.15,-1,-1,-1,0.356862745098039,0.694117647058824,0.803921568627451
51.81582045555115,0.0,0.10892023666603526,0.03,1,1,1,0.0,0.3333333333333333,0.15,-1,-1,-1,1.0,1.0,-1.0,0.0,-0.3333333333333333,0.15,-1,-1,-1,0.356862745098039,0.694117647058824,0.803921568627451
51.8506178855896,0.0,0.10560623520888576,0.03,1,1,1,0.0,0.3333333333333333,0.15,-1,-1,-1,1.0,1.0,-1.0,0.0,-0.3333333333333333,0.15,-1,-1,-1,0.356862745098039,0.694117647058824,0.803921568627451
51.895021200180054,0.0,0.10229223375173627,0.03,1,1,1,0.0,0.3333333333333333,0.15,-1,-1,-1,1.0,1.0,-1.0,0.0,-0.3333333333333333,0.15,-1,-1,-1,0.356862745098039,0.694117647058824,0.803921568627451
51.934091329574585,0.0,0.09897823229458677,0.03,1,1,1,0.0,0.3333333333333333,0.15,-1,-1,-1,1.0,1.0,-1.0,0.0,-0.3333333333333333,0.15,-1,-1,-1,0.356862745098039,0.694117647058824,0.803921568627451
51.98287916183472,0.0,0.09566423083743728,0.03,1,1,1,0.0,0.3333333333333333,0.15,-1,-1,-1,1.0,1.0,-1.0,0.0,-0.3333333333333333,0.15,-1,-1,-1,0.356862745098039,0.694117647058824,0.803921568627451
52.01770496368408,0.0,0.09235022938028778,0.03,1,1,1,0.0,0.3333333333333333,0.15,-1,-1,-1,1.0,1.0,-1.0,0.0,-0.3333333333333333,0.15,-1,-1,-1,0.356862745098039,0.694117647058824,0.803921568627451
52.05174970626831,0.0,0.08903622792313828,0.03,1,1,1,0.0,0.3333333333333333,0.15,-1,-1,-1,1.0,1.0,-1.0,0.0,-0.3333333333333333,0.15,-1,-1,-1,0.356862745098039,0.694117647058824,0.803921568627451
52.09683108329773,0.0,0.08572222646598879,0.03,1,1,1,0.0,0.3333333333333333,0.15,-1,-1,-1,1.0,1.0,-1.0,0.0,-0.3333333333333333,0.15,-1,-1,-1,0.356862745098039,0.694117647058824,0.803921568627451
52.13559317588806,0.0,0.08240822500883929,0.03,1,1,1,0.0,0.3333333333333333,0.15,-1,-1,-1,1.0,1.0,-1.0,0.0,-0.3333333333333333,0.15,-1,-1,-1,0.356862745098039,0.694117647058824,0.803921568627451
52.18470096588135,0.0,0.0810826244259795,0.03,1,1,1,0.0,0.3333333333333333,0.15,-1,-1,-1,1.0,1.0,-1.0,0.0,-0.3333333333333333,0.15,-1,-1,-1,0.356862745098039,0.694117647058824,0.803921568627451
52.21871829032898,0.0,0.0810826244259795,0.03,1,1,1,0.0,0.3333333333333333,0.15,-1,-1,-1,1.0,1.0,-1.0,0.0,-0.3333333333333333,0.15,-1,-1,-1,0.356862745098039,0.694117647058824,0.803921568627451
52.253283977508545,0.0,0.0810826244259795,0.03,1,1,1,0.0,0.3333333333333333,0.15,-1,-1,-1,1.0,1.0,-1.0,0.0,-0.3333333333333333,0.15,-1,-1,-1,0.356862745098039,0.694117647058824,0.803921568627451
52.29783391952515,0.0,0.0810826244259795,0.03,1,1,1,0.0,0.3333333333333333,0.15,-1,-1,-1,1.0,1.0,-1.0,0.0,-0.3333333333333333,0.15,-1,-1,-1,0.356862745098039,0.694117647058824,0.803921568627451
52.33588242530823,0.0,0.0810826244259795,0.03,1,1,1,0.0,0.3333333333333333,0.15,-1,-1,-1,1.0,1.0,-1.0,0.0,-0.3333333333333333,0.15,-1,-1,-1,0.356862745098039,0.694117647058824,0.803921568627451
52.37154412269592,0.0,0.0810826244259795,0.03,1,1,1,0.0,0.3333333333333333,0.15,-1,-1,-1,1.0,1.0,-1.0,0.0,-0.3333333333333333,0.15,-1,-1,-1,0.356862745098039,0.694117647058824,0.803921568627451
52.413275957107544,0.0,0.0810826244259795,0.03,1,1,1,0.0,0.3333333333333333,0.15,-1,-1,-1,1.0,1.0,-1.0,0.0,-0.3333333333333333,0.15,-1,-1,-1,0.356862745098039,0.694117647058824,0.803921568627451
52.44754695892334,0.0,0.0810826244259795,0.03,1,1,1,0.0,0.3333333333333333,0.15,-1,-1,-1,1.0,1.0,-1.0,0.0,-0.3333333333333333,0.15,-1,-1,-1,0.356862745098039,0.694117647058824,0.803921568627451
52.48913025856018,0.0,0.0810826244259795,0.03,1,1,1,0.0,0.3333333333333333,0.15,-1,-1,-1,1.0,1.0,-1.0,0.0,-0.3333333333333333,0.15,-1,-1,-1,0.356862745098039,0.694117647058824,0.803921568627451
52.53397750854492,0.0,0.0810826244259795,0.03,1,1,1,0.0,0.3333333333333333,0.15,-1,-1,-1,1.0,1.0,-1.0,0.0,-0.3333333333333333,0.15,-1,-1,-1,0.356862745098039,0.694117647058824,0.803921568627451
52.566447496414185,0.0,0.0810826244259795,0.03,1,1,1,0.0,0.3333333333333333,0.15,-1,-1,-1,1.0,1.0,-1.0,0.0,-0.3333333333333333,0.15,-1,-1,-1,0.356862745098039,0.694117647058824,0.803921568627451
52.600446462631226,0.0,0.0810826244259795,0.03,1,1,1,0.0,0.3333333333333333,0.15,-1,-1,-1,1.0,1.0,-1.0,0.0,-0.3333333333333333,0.15,-1,-1,-1,0.356862745098039,0.694117647058824,0.803921568627451
52.635120153427124,0.0,0.0810826244259795,0.03,1,1,1,0.0,0.3333333333333333,0.15,-1,-1,-1,1.0,1.0,-1.0,0.0,-0.3333333333333333,0.15,-1,-1,-1,0.356862745098039,0.694117647058824,0.803921568627451
52.67061114311218,0.0,0.0810826244259795,0.03,1,1,1,0.0,0.3333333333333333,0.15,-1,-1,-1,1.0,1.0,-1.0,0.0,-0.3333333333333333,0.15,-1,-1,-1,0.356862745098039,0.694117647058824,0.803921568627451
52.71788716316223,0.0,0.0810826244259795,0.03,1,1,1,0.0,0.3333333333333333,0.15,-1,-1,-1,1.0,1.0,-1.0,0.0,-0.3333333333333333,0.15,-1,-1,-1,0.356862745098039,0.694117647058824,0.803921568627451
52.76045083999634,0.0,0.0810826244259795,0.03,1,1,1,0.0,0.3333333333333333,0.15,-1,-1,-1,1.0,1.0,-1.0,0.0,-0.3333333333333333,0.15,-1,-1,-1,0.356862745098039,0.694117647058824,0.803921568627451
52.794597864151,0.0,0.0810826244259795,0.03,1,1,1,0.0,0.3333333333333333,0.15,-1,-1,-1,1.0,1.0,-1.0,0.0,-0.3333333333333333,0.15,-1,-1,-1,0.356862745098039,0.694117647058824,0.803921568627451
52.8336455821991,0.0,0.0810826244259795,0.03,1,1,1,0.0,0.3333333333333333,0.15,-1,-1,-1,1.0,1.0,-1.0,0.0,-0.3333333333333333,0.15,-1,-1,-1,0.356862745098039,0.694117647058824,0.803921568627451
52.868337869644165,0.0,0.0810826244259795,0.03,1,1,1,0.0,0.3333333333333333,0.15,-1,-1,-1,1.0,1.0,-1.0,0.0,-0.3333333333333333,0.15,-1,-1,-1,0.356862745098039,0.694117647058824,0.803921568627451
52.90539598464966,0.0,0.0810826244259795,0.03,1,1,1,0.0,0.3333333333333333,0.15,-1,-1,-1,1.0,1.0,-1.0,0.0,-0.3333333333333333,0.15,-1,-1,-1,0.356862745098039,0.694117647058824,0.803921568627451
52.95459008216858,0.0,0.0810826244259795,0.03,1,1,1,0.0,0.3333333333333333,0.15,-1,-1,-1,1.0,1.0,-1.0,0.0,-0.3333333333333333,0.15,-1,-1,-1,0.356862745098039,0.694117647058824,0.803921568627451
52.989421367645264,0.0,0.0810826244259795,0.03,1,1,1,0.0,0.3333333333333333,0.15,-1,-1,-1,1.0,1.0,-1.0,0.0,-0.3333333333333333,0.15,-1,-1,-1,0.356862745098039,0.694117647058824,0.803921568627451
53.024420738220215,0.0,0.0810826244259795,0.03,1,1,1,0.0,0.3333333333333333,0.15,-1,-1,-1,1.0,1.0,-1.0,0.0,-0.3333333333333333,0.15,-1,-1,-1,0.356862745098039,0.694117647058824,0.803921568627451
53.058783769607544,0.0,0.0810826244259795,0.03,1,1,1,0.0,0.3333333333333333,0.15,-1,-1,-1,1.0,1.0,-1.0,0.0,-0.3333333333333333,0.15,-1,-1,-1,0.356862745098039,0.694117647058824,0.803921568627451
53.09376263618469,0.0,0.0810826244259795,0.03,1,1,1,0.0,0.3333333333333333,0.15,-1,-1,-1,1.0,1.0,-1.0,0.0,-0.3333333333333333,0.15,-1,-1,-1,0.356862745098039,0.694117647058824,0.803921568627451
53.13751029968262,0.0,0.0810826244259795,0.03,1,1,1,0.0,0.3333333333333333,0.15,-1,-1,-1,1.0,1.0,-1.0,0.0,-0.3333333333333333,0.15,-1,-1,-1,0.356862745098039,0.694117647058824,0.803921568627451
53.1764760017395,0.0,0.0810826244259795,0.03,1,1,1,0.0,0.3333333333333333,0.15,-1,-1,-1,1.0,1.0,-1.0,0.0,-0.3333333333333333,0.15,-1,-1,-1,0.356862745098039,0.694117647058824,0.803921568627451
53.211530447006226,0.0,0.0810826244259795,0.03,1,1,1,0.0,0.3333333333333333,0.15,-1,-1,-1,1.0,1.0,-1.0,0.0,-0.3333333333333333,0.15,-1,-1,-1,0.356862745098039,0.694117647058824,0.803921568627451
53.2460777759552,0.0,0.0810826244259795,0.03,1,1,1,0.0,0.3333333333333333,0.15,-1,-1,-1,1.0,1.0,-1.0,0.0,-0.3333333333333333,0.15,-1,-1,-1,0.356862745098039,0.694117647058824,0.803921568627451
53.280492305755615,0.0,0.0810826244259795,0.03,1,1,1,0.0,0.3333333333333333,0.15,-1,-1,-1,1.0,1.0,-1.0,0.0,-0.3333333333333333,0.15,-1,-1,-1,0.356862745098039,0.694117647058824,0.803921568627451
53.32200813293457,0.0,0.0810826244259795,0.03,1,1,1,0.0,0.3333333333333333,0.15,-1,-1,-1,1.0,1.0,-1.0,0.0,-0.3333333333333333,0.15,-1,-1,-1,0.356862745098039,0.694117647058824,0.803921568627451
53.356807708740234,0.0,0.0810826244259795,0.03,1,1,1,0.0,0.3333333333333333,0.15,-1,-1,-1,1.0,1.0,-1.0,0.0,-0.3333333333333333,0.15,-1,-1,-1,0.356862745098039,0.694117647058824,0.803921568627451
53.397696018218994,0.0,0.08586119180270475,0.03,1,1,1,0.0,0.3333333333333333,0.15,-1,-1,-1,1.0,1.0,-1.0,0.0,-0.3333333333333333,0.15,-1,-1,-1,0.356862745098039,0.694117647058824,0.803921568627451
53.43304419517517,0.0,0.09063975917943001,0.03,1,1,1,0.0,0.3333333333333333,0.15,-1,-1,-1,1.0,1.0,-1.0,0.0,-0.3333333333333333,0.15,-1,-1,-1,0.356862745098039,0.694117647058824,0.803921568627451
53.467444896698,0.0,0.09541832655615527,0.03,1,1,1,0.0,0.3333333333333333,0.15,-1,-1,-1,1.0,1.0,-1.0,0.0,-0.3333333333333333,0.15,-1,-1,-1,0.356862745098039,0.694117647058824,0.803921568627451
53.50627684593201,0.0,0.10019689393288053,0.03,1,1,1,0.0,0.3333333333333333,0.15,-1,-1,-1,1.0,1.0,-1.0,0.0,-0.3333333333333333,0.15,-1,-1,-1,0.356862745098039,0.694117647058824,0.803921568627451
53.542672872543335,0.0,0.10497546130960579,0.03,1,1,1,0.0,0.3333333333333333,0.15,-1,-1,-1,1.0,1.0,-1.0,0.0,-0.3333333333333333,0.15,-1,-1,-1,0.356862745098039,0.694117647058824,0.803921568627451
53.578625440597534,0.0,0.10975402868633105,0.03,1,1,1,0.0,0.3333333333333333,0.15,-1,-1,-1,1.0,1.0,-1.0,0.0,-0.3333333333333333,0.15,-1,-1,-1,0.356862745098039,0.694117647058824,0.803921568627451
53.620410442352295,0.0,0.11453259606305631,0.03,1,1,1,0.0,0.3333333333333333,0.15,-1,-1,-1,1.0,1.0,-1.0,0.0,-0.3333333333333333,0.15,-1,-1,-1,0.356862745098039,0.694117647058824,0.803921568627451
53.65546417236328,0.0,0.11931116343978158,0.03,1,1,1,0.0,0.3333333333333333,0.15,-1,-1,-1,1.0,1.0,-1.0,0.0,-0.3333333333333333,0.15,-1,-1,-1,0.356862745098039,0.694117647058824,0.803921568627451
53.6901068687439,0.0,0.12408973081650682,0.03,1,1,1,0.0,0.3333333333333333,0.15,-1,-1,-1,1.0,1.0,-1.0,0.0,-0.3333333333333333,0.15,-1,-1,-1,0.356862745098039,0.694117647058824,0.803921568627451
53.72471022605896,0.0,0.128868298193232,0.03,1,1,1,0.0,0.3333333333333333,0.15,-1,-1,-1,1.0,1.0,-1.0,0.0,-0.3333333333333333,0.15,-1,-1,-1,0.356862745098039,0.694117647058824,0.803921568627451
53.759703159332275,0.0,0.1336468655699572,0.03,1,1,1,0.0,0.3333333333333333,0.15,-1,-1,-1,1.0,1.0,-1.0,0.0,-0.3333333333333333,0.15,-1,-1,-1,0.356862745098039,0.694117647058824,0.803921568627451
53.80162239074707,0.0,0.1384254329466824,0.03,1,1,1,0.0,0.3333333333333333,0.15,-1,-1,-1,1.0,1.0,-1.0,0.0,-0.3333333333333333,0.15,-1,-1,-1,0.356862745098039,0.694117647058824,0.803921568627451
53.844990253448486,0.0,0.14320400032340758,0.03,1,1,1,0.0,0.3333333333333333,0.15,-1,-1,-1,1.0,1.0,-1.0,0.0,-0.3333333333333333,0.15,-1,-1,-1,0.356862745098039,0.694117647058824,0.803921568627451
53.87908935546875,0.0,0.14798256770013277,0.03,1,1,1,0.0,0.3333333333333333,0.15,-1,-1,-1,1.0,1.0,-1.0,0.0,-0.3333333333333333,0.15,-1,-1,-1,0.356862745098039,0.694117647058824,0.803921568627451
53.911728858947754,0.0,0.15276113507685796,0.03,1,1,1,0.0,0.3333333333333333,0.15,-1,-1,-1,1.0,1.0,-1.0,0.0,-0.3333333333333333,0.15,-1,-1,-1,0.356862745098039,0.694117647058824,0.803921568627451
53.94764590263367,0.0,0.15753970245358315,0.03,1,1,1,0.0,0.3333333333333333,0.15,-1,-1,-1,1.0,1.0,-1.0,0.0,-0.3333333333333333,0.15,-1,-1,-1,0.356862745098039,0.694117647058824,0.803921568627451
53.981135845184326,0.0,0.16231826983030834,0.03,1,1,1,0.0,0.3333333333333333,0.15,-1,-1,-1,1.0,1.0,-1.0,0.0,-0.3333333333333333,0.15,-1,-1,-1,0.356862745098039,0.694117647058824,0.803921568627451
54.03076767921448,0.0,0.16709683720703353,0.03,1,1,1,0.0,0.3333333333333333,0.15,-1,-1,-1,1.0,1.0,-1.0,0.0,-0.3333333333333333,0.15,-1,-1,-1,0.356862745098039,0.694117647058824,0.803921568627451
54.06505751609802,0.0,0.17187540458375872,0.03,1,1,1,0.0,0.3333333333333333,0.15,-1,-1,-1,1.0,1.0,-1.0,0.0,-0.3333333333333333,0.15,-1,-1,-1,0.356862745098039,0.694117647058824,0.803921568627451
54.0999321937561,0.0,0.1766539719604839,0.03,1,1,1,0.0,0.3333333333333333,0.15,-1,-1,-1,1.0,1.0,-1.0,0.0,-0.3333333333333333,0.15,-1,-1,-1,0.356862745098039,0.694117647058824,0.803921568627451
54.13490843772888,0.0,0.1814325393372091,0.03,1,1,1,0.0,0.3333333333333333,0.15,-1,-1,-1,1.0,1.0,-1.0,0.0,-0.3333333333333333,0.15,-1,-1,-1,0.356862745098039,0.694117647058824,0.803921568627451
54.16932201385498,0.0,0.1862111067139343,0.03,1,1,1,0.0,0.3333333333333333,0.15,-1,-1,-1,1.0,1.0,-1.0,0.0,-0.3333333333333333,0.15,-1,-1,-1,0.356862745098039,0.694117647058824,0.803921568627451
54.21324014663696,0.0,0.19098967409065948,0.03,1,1,1,0.0,0.3333333333333333,0.15,-1,-1,-1,1.0,1.0,-1.0,0.0,-0.3333333333333333,0.15,-1,-1,-1,0.356862745098039,0.694117647058824,0.803921568627451
54.24625778198242,0.0,0.19576824146738467,0.03,1,1,1,0.0,0.3333333333333333,0.15,-1,-1,-1,1.0,1.0,-1.0,0.0,-0.3333333333333333,0.15,-1,-1,-1,0.356862745098039,0.694117647058824,0.803921568627451
54.280125856399536,0.0,0.20054680884410986,0.03,1,1,1,0.0,0.3333333333333333,0.15,-1,-1,-1,1.0,1.0,-1.0,0.0,-0.3333333333333333,0.15,-1,-1,-1,0.356862745098039,0.694117647058824,0.803921568627451
54.315009117126465,0.0,0.20532537622083505,0.03,1,1,1,0.0,0.3333333333333333,0.15,-1,-1,-1,1.0,1.0,-1.0,0.0,-0.3333333333333333,0.15,-1,-1,-1,0.356862745098039,0.694117647058824,0.803921568627451
54.349973917007446,0.0,0.21010394359756024,0.03,1,1,1,0.0,0.3333333333333333,0.15,-1,-1,-1,1.0,1.0,-1.0,0.0,-0.3333333333333333,0.15,-1,-1,-1,0.356862745098039,0.694117647058824,0.803921568627451
54.38467764854431,0.0,0.21488251097428543,0.03,1,1,1,0.0,0.3333333333333333,0.15,-1,-1,-1,1.0,1.0,-1.0,0.0,-0.3333333333333333,0.15,-1,-1,-1,0.356862745098039,0.694117647058824,0.803921568627451
54.42625546455383,0.0,0.21966107835101062,0.03,1,1,1,0.0,0.3333333333333333,0.15,-1,-1,-1,1.0,1.0,-1.0,0.0,-0.3333333333333333,0.15,-1,-1,-1,0.356862745098039,0.694117647058824,0.803921568627451
54.46049427986145,0.0,0.2244396457277358,0.03,1,1,1,0.0,0.3333333333333333,0.15,-1,-1,-1,1.0,1.0,-1.0,0.0,-0.3333333333333333,0.15,-1,-1,-1,0.356862745098039,0.694117647058824,0.803921568627451
54.49541449546814,0.0,0.229218213104461,0.03,1,1,1,0.0,0.3333333333333333,0.15,-1,-1,-1,1.0,1.0,-1.0,0.0,-0.3333333333333333,0.15,-1,-1,-1,0.356862745098039,0.694117647058824,0.803921568627451
54.53016543388367,0.0,0.2339967804811862,0.03,1,1,1,0.0,0.3333333333333333,0.15,-1,-1,-1,1.0,1.0,-1.0,0.0,-0.3333333333333333,0.15,-1,-1,-1,0.356862745098039,0.694117647058824,0.803921568627451
54.57277154922485,0.0,0.23898854230722694,0.03,1,1,1,0.0,0.3333333333333333,0.15,-1,-1,-1,1.0,1.0,-1.0,0.0,-0.3333333333333333,0.15,-1,-1,-1,0.356862745098039,0.694117647058824,0.803921568627451
54.61600685119629,0.0,0.24483308193052972,0.03,1,1,1,0.0,0.3333333333333333,0.15,-1,-1,-1,1.0,1.0,-1.0,0.0,-0.3333333333333333,0.15,-1,-1,-1,0.356862745098039,0.694117647058824,0.803921568627451
54.64950704574585,0.0,0.25067762155383266,0.03,1,1,1,0.0,0.3333333333333333,0.15,-1,-1,-1,1.0,1.0,-1.0,0.0,-0.3333333333333333,0.15,-1,-1,-1,0.356862745098039,0.694117647058824,0.803921568627451
54.68409299850464,0.0,0.2565221611771355,0.03,1,1,1,0.0,0.3333333333333333,0.15,-1,-1,-1,1.0,1.0,-1.0,0.0,-0.3333333333333333,0.15,-1,-1,-1,0.356862745098039,0.694117647058824,0.803921568627451
54.719157457351685,0.0,0.26236670080043833,0.03,1,1,1,0.0,0.3333333333333333,0.15,-1,-1,-1,1.0,1.0,-1.0,0.0,-0.3333333333333333,0.15,-1,-1,-1,0.356862745098039,0.694117647058824,0.803921568627451
54.75349736213684,0.0,0.26821124042374117,0.03,1,1,1,0.0,0.3333333333333333,0.15,-1,-1,-1,1.0,1.0,-1.0,0.0,-0.3333333333333333,0.15,-1,-1,-1,0.356862745098039,0.694117647058824,0.803921568627451
54.80161428451538,0.0,0.274055780047044,0.03,1,1,1,0.0,0.3333333333333333,0.15,-1,-1,-1,1.0,1.0,-1.0,0.0,-0.3333333333333333,0.15,-1,-1,-1,0.356862745098039,0.694117647058824,0.803921568627451
54.84365200996399,0.0,0.27990031967034684,0.03,1,1,1,0.0,0.3333333333333333,0.15,-1,-1,-1,1.0,1.0,-1.0,0.0,-0.3333333333333333,0.15,-1,-1,-1,0.356862745098039,0.694117647058824,0.803921568627451
54.87842035293579,0.0,0.2857448592936497,0.03,1,1,1,0.0,0.3333333333333333,0.15,-1,-1,-1,1.0,1.0,-1.0,0.0,-0.3333333333333333,0.15,-1,-1,-1,0.356862745098039,0.694117647058824,0.803921568627451
54.912391901016235,0.0,0.2915893989169525,0.03,1,1,1,0.0,0.3333333333333333,0.15,-1,-1,-1,1.0,1.0,-1.0,0.0,-0.3333333333333333,0.15,-1,-1,-1,0.356862745098039,0.694117647058824,0.803921568627451
54.951547145843506,0.0,0.29743393854025535,0.03,1,1,1,0.0,0.3333333333333333,0.15,-1,-1,-1,1.0,1.0,-1.0,0.0,-0.3333333333333333,0.15,-1,-1,-1,0.356862745098039,0.694117647058824,0.803921568627451
54.9863224029541,0.0,0.3032784781635582,0.03,1,1,1,0.0,0.3333333333333333,0.15,-1,-1,-1,1.0,1.0,-1.0,0.0,-0.3333333333333333,0.15,-1,-1,-1,0.356862745098039,0.694117647058824,0.803921568627451
55.02405667304993,0.0,0.309123017786861,0.03,1,1,1,0.0,0.3333333333333333,0.15,-1,-1,-1,1.0,1.0,-1.0,0.0,-0.3333333333333333,0.15,-1,-1,-1,0.356862745098039,0.694117647058824,0.803921568627451
55.0727698802948,0.0,0.31496755741016386,0.03,1,1,1,0.0,0.3333333333333333,0.15,-1,-1,-1,1.0,1.0,-1.0,0.0,-0.3333333333333333,0.15,-1,-1,-1,0.356862745098039,0.694117647058824,0.803921568627451
55.10772490501404,0.0,0.3208120970334667,0.03,1,1,1,0.0,0.3333333333333333,0.15,-1,-1,-1,1.0,1.0,-1.0,0.0,-0.3333333333333333,0.15,-1,-1,-1,0.356862745098039,0.694117647058824,0.803921568627451
55.14214777946472,0.0,0.32665663665676953,0.03,1,1,1,0.0,0.3333333333333333,0.15,-1,-1,-1,1.0,1.0,-1.0,0.0,-0.3333333333333333,0.15,-1,-1,-1,0.356862745098039,0.694117647058824,0.803921568627451
55.17705965042114,0.0,0.33250117628007236,0.03,1,1,1,0.0,0.3333333333333333,0.15,-1,-1,-1,1.0,1.0,-1.0,0.0,-0.3333333333333333,0.15,-1,-1,-1,0.356862745098039,0.694117647058824,0.803921568627451
55.21174454689026,0.0,0.33367008420473293,0.03,1,1,1,0.0,0.3333333333333333,0.15,-1,-1,-1,1.0,1.0,-1.0,0.0,-0.3333333333333333,0.15,-1,-1,-1,0.356862745098039,0.694117647058824,0.803921568627451
55.25663733482361,0.0,0.33367008420473293,0.03,1,1,1,0.0,0.3333333333333333,0.15,-1,-1,-1,1.0,1.0,-1.0,0.0,-0.3333333333333333,0.15,-1,-1,-1,0.356862745098039,0.694117647058824,0.803921568627451
55.294573068618774,0.0,0.33367008420473293,0.03,1,1,1,0.0,0.3333333333333333,0.15,-1,-1,-1,1.0,1.0,-1.0,0.0,-0.3333333333333333,0.15,-1,-1,-1,0.356862745098039,0.694117647058824,0.803921568627451
55.33674216270447,0.0,0.33367008420473293,0.03,1,1,1,0.0,0.3333333333333333,0.15,-1,-1,-1,1.0,1.0,-1.0,0.0,-0.3333333333333333,0.15,-1,-1,-1,0.356862745098039,0.694117647058824,0.803921568627451
55.37202858924866,0.0,0.33367008420473293,0.03,1,1,1,0.0,0.3333333333333333,0.15,-1,-1,-1,1.0,1.0,-1.0,0.0,-0.3333333333333333,0.15,-1,-1,-1,0.356862745098039,0.694117647058824,0.803921568627451
55.405993938446045,0.0,0.33367008420473293,0.03,1,1,1,0.0,0.3333333333333333,0.15,-1,-1,-1,1.0,1.0,-1.0,0.0,-0.3333333333333333,0.15,-1,-1,-1,0.356862745098039,0.694117647058824,0.803921568627451
55.44053268432617,0.0,0.33367008420473293,0.03,1,1,1,0.0,0.3333333333333333,0.15,-1,-1,-1,1.0,1.0,-1.0,0.0,-0.3333333333333333,0.15,-1,-1,-1,0.356862745098039,0.694117647058824,0.803921568627451
55.48241591453552,0.0,0.33367008420473293,0.03,1,1,1,0.0,0.3333333333333333,0.15,-1,-1,-1,1.0,1.0,-1.0,0.0,-0.3333333333333333,0.15,-1,-1,-1,0.356862745098039,0.694117647058824,0.803921568627451
55.52716135978699,0.0,0.33367008420473293,0.03,1,1,1,0.0,0.3333333333333333,0.15,-1,-1,-1,1.0,1.0,-1.0,0.0,-0.3333333333333333,0.15,-1,-1,-1,0.356862745098039,0.694117647058824,0.803921568627451
55.56583070755005,0.0,0.33367008420473293,0.03,1,1,1,0.0,0.3333333333333333,0.15,-1,-1,-1,1.0,1.0,-1.0,0.0,-0.3333333333333333,0.15,-1,-1,-1,0.356862745098039,0.694117647058824,0.803921568627451
55.60053539276123,0.0,0.33367008420473293,0.03,1,1,1,0.0,0.3333333333333333,0.15,-1,-1,-1,1.0,1.0,-1.0,0.0,-0.3333333333333333,0.15,-1,-1,-1,0.356862745098039,0.694117647058824,0.803921568627451
55.63497042655945,0.0,0.33367008420473293,0.03,1,1,1,0.0,0.3333333333333333,0.15,-1,-1,-1,1.0,1.0,-1.0,0.0,-0.3333333333333333,0.15,-1,-1,-1,0.356862745098039,0.694117647058824,0.803921568627451
55.67047452926636,0.0,0.33367008420473293,0.03,1,1,1,0.0,0.3333333333333333,0.15,-1,-1,-1,1.0,1.0,-1.0,0.0,-0.3333333333333333,0.15,-1,-1,-1,0.356862745098039,0.694117647058824,0.803921568627451
55.711841344833374,0.0,0.33367008420473293,0.03,1,1,1,0.0,0.3333333333333333,0.15,-1,-1,-1,1.0,1.0,-1.0,0.0,-0.3333333333333333,0.15,-1,-1,-1,0.356862745098039,0.694117647058824,0.803921568627451
55.7532103061676,0.0,0.33367008420473293,0.03,1,1,1,0.0,0.3333333333333333,0.15,-1,-1,-1,1.0,1.0,-1.0,0.0,-0.3333333333333333,0.15,-1,-1,-1,0.356862745098039,0.694117647058824,0.803921568627451
55.79495286941528,0.0,-0.0007171316603481634,0.03,1,1,1,0.0,0.3333333333333333,0.135,1,1,1,1.0,1.0,-1.0,0.0,-0.3333333333333333,0.15,-1,-1,-1,0.356862745098039,0.694117647058824,0.803921568627451
55.82907962799072,0.0,-0.0019123510942617686,0.03,1,1,1,0.0,0.3333333333333333,0.135,1,1,1,1.0,1.0,-1.0,0.0,-0.3333333333333333,0.15,-1,-1,-1,0.356862745098039,0.694117647058824,0.803921568627451
55.86357855796814,0.0,-0.0031075705281753737,0.03,1,1,1,0.0,0.3333333333333333,0.135,1,1,1,1.0,1.0,-1.0,0.0,-0.3333333333333333,0.15,-1,-1,-1,0.356862745098039,0.694117647058824,0.803921568627451
55.89911484718323,0.0,-0.00430278996208898,0.03,1,1,1,0.0,0.3333333333333333,0.135,1,1,1,1.0,1.0,-1.0,0.0,-0.3333333333333333,0.15,-1,-1,-1,0.356862745098039,0.694117647058824,0.803921568627451
55.94756627082825,0.0,-0.005498009396002587,0.03,1,1,1,0.0,0.3333333333333333,0.135,1,1,1,1.0,1.0,-1.0,0.0,-0.3333333333333333,0.15,-1,-1,-1,0.356862745098039,0.694117647058824,0.803921568627451
55.98201513290405,0.0,-0.006693228829916195,0.03,1,1,1,0.0,0.3333333333333333,0.135,1,1,1,1.0,1.0,-1.0,0.0,-0.3333333333333333,0.15,-1,-1,-1,0.356862745098039,0.694117647058824,0.803921568627451
56.01684617996216,0.0,-0.007888448263829801,0.03,1,1,1,0.0,0.3333333333333333,0.135,1,1,1,1.0,1.0,-1.0,0.0,-0.3333333333333333,0.15,-1,-1,-1,0.356862745098039,0.694117647058824,0.803921568627451
56.05109763145447,0.0,-0.009083667697743408,0.03,1,1,1,0.0,0.3333333333333333,0.135,1,1,1,1.0,1.0,-1.0,0.0,-0.3333333333333333,0.15,-1,-1,-1,0.356862745098039,0.694117647058824,0.803921568627451
56.08663558959961,0.0,-0.010278887131657016,0.03,1,1,1,0.0,0.3333333333333333,0.135,1,1,1,1.0,1.0,-1.0,0.0,-0.3333333333333333,0.15,-1,-1,-1,0.356862745098039,0.694117647058824,0.803921568627451
56.13119554519653,0.0,-0.011474106565570623,0.03,1,1,1,0.0,0.3333333333333333,0.135,1,1,1,1.0,1.0,-1.0,0.0,-0.3333333333333333,0.15,-1,-1,-1,0.356862745098039,0.694117647058824,0.803921568627451
56.16949248313904,0.0,-0.01266932599948423,0.03,1,1,1,0.0,0.3333333333333333,0.135,1,1,1,1.0,1.0,-1.0,0.0,-0.3333333333333333,0.15,-1,-1,-1,0.356862745098039,0.694117647058824,0.803921568627451
56.203619956970215,0.0,-0.013864545433397837,0.03,1,1,1,0.0,0.3333333333333333,0.135,1,1,1,1.0,1.0,-1.0,0.0,-0.3333333333333333,0.15,-1,-1,-1,0.356862745098039,0.694117647058824,0.803921568627451
56.23847055435181,0.0,-0.015059764867311441,0.03,1,1,1,0.0,0.3333333333333333,0.135,1,1,1,1.0,1.0,-1.0,0.0,-0.3333333333333333,0.15,-1,-1,-1,0.356862745098039,0.694117647058824,0.803921568627451
56.27315831184387,0.0,-0.016254984301225045,0.03,1,1,1,0.0,0.3333333333333333,0.135,1,1,1,1.0,1.0,-1.0,0.0,-0.3333333333333333,0.15,-1,-1,-1,0.356862745098039,0.694117647058824,0.803921568627451
56.31596279144287,0.0,-0.017450203735138652,0.03,1,1,1,0.0,0.3333333333333333,0.135,1,1,1,1.0,1.0,-1.0,0.0,-0.3333333333333333,0.15,-1,-1,-1,0.356862745098039,0.694117647058824,0.803921568627451
56.350003242492676,0.0,-0.01864542316905226,0.03,1,1,1,0.0,0.3333333333333333,0.135,1,1,1,1.0,1.0,-1.0,0.0,-0.3333333333333333,0.15,-1,-1,-1,0.356862745098039,0.694117647058824,0.803921568627451
56.38446092605591,0.0,-0.019840642602965867,0.03,1,1,1,0.0,0.3333333333333333,0.135,1,1,1,1.0,1.0,-1.0,0.0,-0.3333333333333333,0.15,-1,-1,-1,0.356862745098039,0.694117647058824,0.803921568627451
56.419676065444946,0.0,-0.021035862036879474,0.03,1,1,1,0.0,0.3333333333333333,0.135,1,1,1,1.0,1.0,-1.0,0.0,-0.3333333333333333,0.15,-1,-1,-1,0.356862745098039,0.694117647058824,0.803921568627451
56.45444321632385,0.0,-0.02223108147079308,0.03,1,1,1,0.0,0.3333333333333333,0.135,1,1,1,1.0,1.0,-1.0,0.0,-0.3333333333333333,0.15,-1,-1,-1,0.356862745098039,0.694117647058824,0.803921568627451
56.50254559516907,0.0,-0.02342630090470669,0.03,1,1,1,0.0,0.3333333333333333,0.135,1,1,1,1.0,1.0,-1.0,0.0,-0.3333333333333333,0.15,-1,-1,-1,0.356862745098039,0.694117647058824,0.803921568627451
56.55163025856018,0.0,-0.024621520338620296,0.03,1,1,1,0.0,0.3333333333333333,0.135,1,1,1,1.0,1.0,-1.0,0.0,-0.3333333333333333,0.15,-1,-1,-1,0.356862745098039,0.694117647058824,0.803921568627451
56.586591720581055,0.0,-0.025816739772533903,0.03,1,1,1,0.0,0.3333333333333333,0.135,1,1,1,1.0,1.0,-1.0,0.0,-0.3333333333333333,0.15,-1,-1,-1,0.356862745098039,0.694117647058824,0.803921568627451
56.62123918533325,0.0,-0.02701195920644751,0.03,1,1,1,0.0,0.3333333333333333,0.135,1,1,1,1.0,1.0,-1.0,0.0,-0.3333333333333333,0.15,-1,-1,-1,0.356862745098039,0.694117647058824,0.803921568627451
56.65580987930298,0.0,-0.028207178640361118,0.03,1,1,1,0.0,0.3333333333333333,0.135,1,1,1,1.0,1.0,-1.0,0.0,-0.3333333333333333,0.15,-1,-1,-1,0.356862745098039,0.694117647058824,0.803921568627451
56.690908432006836,0.0,-0.029402398074274725,0.03,1,1,1,0.0,0.3333333333333333,0.135,1,1,1,1.0,1.0,-1.0,0.0,-0.3333333333333333,0.15,-1,-1,-1,0.356862745098039,0.694117647058824,0.803921568627451
56.735788345336914,0.0,-0.030597617508188322,0.03,1,1,1,0.0,0.3333333333333333,0.135,1,1,1,1.0,1.0,-1.0,0.0,-0.3333333333333333,0.15,-1,-1,-1,0.356862745098039,0.694117647058824,0.803921568627451
56.7740797996521,0.0,-0.031792836942101915,0.03,1,1,1,0.0,0.3333333333333333,0.135,1,1,1,1.0,1.0,-1.0,0.0,-0.3333333333333333,0.15,-1,-1,-1,0.356862745098039,0.694117647058824,0.803921568627451
56.815826177597046,0.0,-0.032988056376015505,0.03,1,1,1,0.0,0.3333333333333333,0.135,1,1,1,1.0,1.0,-1.0,0.0,-0.3333333333333333,0.15,-1,-1,-1,0.356862745098039,0.694117647058824,0.803921568627451
56.850972414016724,0.0,-0.034183275809929095,0.03,1,1,1,0.0,0.3333333333333333,0.135,1,1,1,1.0,1.0,-1.0,0.0,-0.3333333333333333,0.15,-1,-1,-1,0.356862745098039,0.694117647058824,0.803921568627451
56.885478019714355,0.0,-0.035378495243842685,0.03,1,1,1,0.0,0.3333333333333333,0.135,1,1,1,1.0,1.0,-1.0,0.0,-0.3333333333333333,0.15,-1,-1,-1,0.356862745098039,0.694117647058824,0.803921568627451
56.9198853969574,0.0,-0.036573714677756275,0.03,1,1,1,0.0,0.3333333333333333,0.135,1,1,1,1.0,1.0,-1.0,0.0,-0.3333333333333333,0.15,-1,-1,-1,0.356862745098039,0.694117647058824,0.803921568627451
56.96217107772827,0.0,-0.037768934111669865,0.03,1,1,1,0.0,0.3333333333333333,0.135,1,1,1,1.0,1.0,-1.0,0.0,-0.3333333333333333,0.15,-1,-1,-1,0.356862745098039,0.694117647058824,0.803921568627451
57.004963636398315,0.0,-0.03989129564441761,0.03,1,1,1,0.0,0.3333333333333333,0.135,-1,-1,-1,1.0,1.0,-1.0,0.0,-0.3333333333333333,0.15,-1,-1,-1,0.356862745098039,0.694117647058824,0.803921568627451
57.04527688026428,0.0,-0.04224544270187389,0.03,1,1,1,0.0,0.3333333333333333,0.135,-1,-1,-1,1.0,1.0,-1.0,0.0,-0.3333333333333333,0.15,-1,-1,-1,0.356862745098039,0.694117647058824,0.803921568627451
57.079532861709595,0.0,-0.04459958975933018,0.03,1,1,1,0.0,0.3333333333333333,0.135,-1,-1,-1,1.0,1.0,-1.0,0.0,-0.3333333333333333,0.15,-1,-1,-1,0.356862745098039,0.694117647058824,0.803921568627451
57.12169814109802,0.0,-0.04695373681678646,0.03,1,1,1,0.0,0.3333333333333333,0.135,-1,-1,-1,1.0,1.0,-1.0,0.0,-0.3333333333333333,0.15,-1,-1,-1,0.356862745098039,0.694117647058824,0.803921568627451
57.1629798412323,0.0,-0.049307883874242744,0.03,1,1,1,0.0,0.3333333333333333,0.135,-1,-1,-1,1.0,1.0,-1.0,0.0,-0.3333333333333333,0.15,-1,-1,-1,0.356862745098039,0.694117647058824,0.803921568627451
57.197736501693726,0.0,-0.05166203093169903,0.03,1,1,1,0.0,0.3333333333333333,0.135,-1,-1,-1,1.0,1.0,-1.0,0.0,-0.3333333333333333,0.15,-1,-1,-1,0.356862745098039,0.694117647058824,0.803921568627451
57.23711585998535,0.0,-0.05401617798915531,0.03,1,1,1,0.0,0.3333333333333333,0.135,-1,-1,-1,1.0,1.0,-1.0,0.0,-0.3333333333333333,0.15,-1,-1,-1,0.356862745098039,0.694117647058824,0.803921568627451
57.27114272117615,0.0,-0.056370325046611595,0.03,1,1,1,0.0,0.3333333333333333,0.135,-1,-1,-1,1.0,1.0,-1.0,0.0,-0.3333333333333333,0.15,-1,-1,-1,0.356862745098039,0.694117647058824,0.803921568627451
57.305574893951416,0.0,-0.05872447210406788,0.03,1,1,1,0.0,0.3333333333333333,0.135,-1,-1,-1,1.0,1.0,-1.0,0.0,-0.3333333333333333,0.15,-1,-1,-1,0.356862745098039,0.694117647058824,0.803921568627451
57.34287452697754,0.0,-0.06107861916152415,0.03,1,1,1,0.0,0.3333333333333333,0.135,-1,-1,-1,1.0,1.0,-1.0,0.0,-0.3333333333333333,0.15,-1,-1,-1,0.356862745098039,0.694117647058824,0.803921568627451
57.38408398628235,0.0,-0.06343276621898043,0.03,1,1,1,0.0,0.3333333333333333,0.135,-1,-1,-1,1.0,1.0,-1.0,0.0,-0.3333333333333333,0.15,-1,-1,-1,0.356862745098039,0.694117647058824,0.803921568627451
57.42729473114014,0.0,-0.06578691327643675,0.03,1,1,1,0.0,0.3333333333333333,0.135,-1,-1,-1,1.0,1.0,-1.0,0.0,-0.3333333333333333,0.15,-1,-1,-1,0.356862745098039,0.694117647058824,0.803921568627451
57.461771726608276,0.0,-0.06814106033389307,0.03,1,1,1,0.0,0.3333333333333333,0.135,-1,-1,-1,1.0,1.0,-1.0,0.0,-0.3333333333333333,0.15,-1,-1,-1,0.356862745098039,0.694117647058824,0.803921568627451
57.49621510505676,0.0,-0.07049520739134939,0.03,1,1,1,0.0,0.3333333333333333,0.135,-1,-1,-1,1.0,1.0,-1.0,0.0,-0.3333333333333333,0.15,-1,-1,-1,0.356862745098039,0.694117647058824,0.803921568627451
57.54115605354309,0.0,-0.0728493544488057,0.03,1,1,1,0.0,0.3333333333333333,0.135,-1,-1,-1,1.0,1.0,-1.0,0.0,-0.3333333333333333,0.15,-1,-1,-1,0.356862745098039,0.694117647058824,0.803921568627451
57.57974052429199,0.0,-0.07520350150626202,0.03,1,1,1,0.0,0.3333333333333333,0.135,-1,-1,-1,1.0,1.0,-1.0,0.0,-0.3333333333333333,0.15,-1,-1,-1,0.356862745098039,0.694117647058824,0.803921568627451
57.61306166648865,0.0,-0.07755764856371834,0.03,1,1,1,0.0,0.3333333333333333,0.135,-1,-1,-1,1.0,1.0,-1.0,0.0,-0.3333333333333333,0.15,-1,-1,-1,0.356862745098039,0.694117647058824,0.803921568627451
57.648534297943115,0.0,-0.07991179562117466,0.03,1,1,1,0.0,0.3333333333333333,0.135,-1,-1,-1,1.0,1.0,-1.0,0.0,-0.3333333333333333,0.15,-1,-1,-1,0.356862745098039,0.694117647058824,0.803921568627451
57.683647871017456,0.0,-0.08226594267863098,0.03,1,1,1,0.0,0.3333333333333333,0.135,-1,-1,-1,1.0,1.0,-1.0,0.0,-0.3333333333333333,0.15,-1,-1,-1,0.356862745098039,0.694117647058824,0.803921568627451
57.71839499473572,0.0,-0.0846200897360873,0.03,1,1,1,0.0,0.3333333333333333,0.135,-1,-1,-1,1.0,1.0,-1.0,0.0,-0.3333333333333333,0.15,-1,-1,-1,0.356862745098039,0.694117647058824,0.803921568627451
57.76011538505554,0.0,-0.08697423679354362,0.03,1,1,1,0.0,0.3333333333333333,0.135,-1,-1,-1,1.0,1.0,-1.0,0.0,-0.3333333333333333,0.15,-1,-1,-1,0.356862745098039,0.694117647058824,0.803921568627451
57.80144762992859,0.0,-0.08932838385099993,0.03,1,1,1,0.0,0.3333333333333333,0.135,-1,-1,-1,1.0,1.0,-1.0,0.0,-0.3333333333333333,0.15,-1,-1,-1,0.356862745098039,0.694117647058824,0.803921568627451
57.836538791656494,0.0,-0.09168253090845625,0.03,1,1,1,0.0,0.3333333333333333,0.135,-1,-1,-1,1.0,1.0,-1.0,0.0,-0.3333333333333333,0.15,-1,-1,-1,0.356862745098039,0.694117647058824,0.803921568627451
57.8759925365448,0.0,-0.09403667796591257,0.03,1,1,1,0.0,0.3333333333333333,0.135,-1,-1,-1,1.0,1.0,-1.0,0.0,-0.3333333333333333,0.15,-1,-1,-1,0.356862745098039,0.694117647058824,0.803921568627451
57.90983462333679,0.0,-0.09639082502336889,0.03,1,1,1,0.0,0.3333333333333333,0.135,-1,-1,-1,1.0,1.0,-1.0,0.0,-0.3333333333333333,0.15,-1,-1,-1,0.356862745098039,0.694117647058824,0.803921568627451
57.94427847862244,0.0,-0.09874497208082521,0.03,1,1,1,0.0,0.3333333333333333,0.135,-1,-1,-1,1.0,1.0,-1.0,0.0,-0.3333333333333333,0.15,-1,-1,-1,0.356862745098039,0.694117647058824,0.803921568627451
57.982321977615356,0.0,-0.10109911913828153,0.03,1,1,1,0.0,0.3333333333333333,0.135,-1,-1,-1,1.0,1.0,-1.0,0.0,-0.3333333333333333,0.15,-1,-1,-1,0.356862745098039,0.694117647058824,0.803921568627451
58.02407240867615,0.0,-0.10345326619573784,0.03,1,1,1,0.0,0.3333333333333333,0.135,-1,-1,-1,1.0,1.0,-1.0,0.0,-0.3333333333333333,0.15,-1,-1,-1,0.356862745098039,0.694117647058824,0.803921568627451
58.05815148353577,0.0,-0.10580741325319416,0.03,1,1,1,0.0,0.3333333333333333,0.135,-1,-1,-1,1.0,1.0,-1.0,0.0,-0.3333333333333333,0.15,-1,-1,-1,0.356862745098039,0.694117647058824,0.803921568627451
58.093682050704956,0.0,-0.10816156031065048,0.03,1,1,1,0.0,0.3333333333333333,0.135,-1,-1,-1,1.0,1.0,-1.0,0.0,-0.3333333333333333,0.15,-1,-1,-1,0.356862745098039,0.694117647058824,0.803921568627451
58.13514828681946,0.0,-0.1105157073681068,0.03,1,1,1,0.0,0.3333333333333333,0.135,-1,-1,-1,1.0,1.0,-1.0,0.0,-0.3333333333333333,0.15,-1,-1,-1,0.356862745098039,0.694117647058824,0.803921568627451
58.1792197227478,0.0,-0.11286985442556312,0.03,1,1,1,0.0,0.3333333333333333,0.135,-1,-1,-1,1.0,1.0,-1.0,0.0,-0.3333333333333333,0.15,-1,-1,-1,0.356862745098039,0.694117647058824,0.803921568627451
58.21852087974548,0.0,-0.11443548577145204,0.03,1,1,1,0.0,0.3333333333333333,0.135,-1,-1,-1,1.0,1.0,-1.0,0.0,-0.3333333333333333,0.15,-1,-1,-1,0.356862745098039,0.694117647058824,0.803921568627451
58.26007437705994,0.0,-0.11600111711734098,0.03,1,1,1,0.0,0.3333333333333333,0.135,-1,-1,-1,1.0,1.0,-1.0,0.0,-0.3333333333333333,0.15,-1,-1,-1,0.356862745098039,0.694117647058824,0.803921568627451
58.29475808143616,0.0,-0.11756674846322993,0.03,1,1,1,0.0,0.3333333333333333,0.135,-1,-1,-1,1.0,1.0,-1.0,0.0,-0.3333333333333333,0.15,-1,-1,-1,0.356862745098039,0.694117647058824,0.803921568627451
58.32934331893921,0.0,-0.11913237980911885,0.03,1,1,1,0.0,0.3333333333333333,0.135,-1,-1,-1,1.0,1.0,-1.0,0.0,-0.3333333333333333,0.15,-1,-1,-1,0.356862745098039,0.694117647058824,0.803921568627451
58.37225914001465,0.0,-0.12069801115500775,0.03,1,1,1,0.0,0.3333333333333333,0.135,-1,-1,-1,1.0,1.0,-1.0,0.0,-0.3333333333333333,0.15,-1,-1,-1,0.356862745098039,0.694117647058824,0.803921568627451
58.41438269615173,0.0,-0.12226364250089664,0.03,1,1,1,0.0,0.3333333333333333,0.135,-1,-1,-1,1.0,1.0,-1.0,0.0,-0.3333333333333333,0.15,-1,-1,-1,0.356862745098039,0.694117647058824,0.803921568627451
58.4476363658905,0.0,-0.12382927384678552,0.03,1,1,1,0.0,0.3333333333333333,0.135,-1,-1,-1,1.0,1.0,-1.0,0.0,-0.3333333333333333,0.15,-1,-1,-1,0.356862745098039,0.694117647058824,0.803921568627451
58.4826500415802,0.0,-0.12539490519267443,0.03,1,1,1,0.0,0.3333333333333333,0.135,-1,-1,-1,1.0,1.0,-1.0,0.0,-0.3333333333333333,0.15,-1,-1,-1,0.356862745098039,0.694117647058824,0.803921568627451
58.5172860622406,0.0,-0.12696053653856337,0.03,1,1,1,0.0,0.3333333333333333,0.135,-1,-1,-1,1.0,1.0,-1.0,0.0,-0.3333333333333333,0.15,-1,-1,-1,0.356862745098039,0.694117647058824,0.803921568627451
58.56546473503113,0.0,-0.1285261678844523,0.03,1,1,1,0.0,0.3333333333333333,0.135,-1,-1,-1,1.0,1.0,-1.0,0.0,-0.3333333333333333,0.15,-1,-1,-1,0.356862745098039,0.694117647058824,0.803921568627451
58.59981846809387,0.0,-0.13009179923034125,0.03,1,1,1,0.0,0.3333333333333333,0.135,-1,-1,-1,1.0,1.0,-1.0,0.0,-0.3333333333333333,0.15,-1,-1,-1,0.356862745098039,0.694117647058824,0.803921568627451
58.63455128669739,0.0,-0.1316574305762302,0.03,1,1,1,0.0,0.3333333333333333,0.135,-1,-1,-1,1.0,1.0,-1.0,0.0,-0.3333333333333333,0.15,-1,-1,-1,0.356862745098039,0.694117647058824,0.803921568627451
58.669564723968506,0.0,-0.13322306192211913,0.03,1,1,1,0.0,0.3333333333333333,0.135,-1,-1,-1,1.0,1.0,-1.0,0.0,-0.3333333333333333,0.15,-1,-1,-1,0.356862745098039,0.694117647058824,0.803921568627451
58.70424675941467,0.0,-0.13478869326800808,0.03,1,1,1,0.0,0.3333333333333333,0.135,-1,-1,-1,1.0,1.0,-1.0,0.0,-0.3333333333333333,0.15,-1,-1,-1,0.356862745098039,0.694117647058824,0.803921568627451
58.75090742111206,0.0,-0.13635432461389702,0.03,1,1,1,0.0,0.3333333333333333,0.135,-1,-1,-1,1.0,1.0,-1.0,0.0,-0.3333333333333333,0.15,-1,-1,-1,0.356862745098039,0.694117647058824,0.803921568627451
58.78774452209473,0.0,-0.13791995595978596,0.03,1,1,1,0.0,0.3333333333333333,0.135,-1,-1,-1,1.0,1.0,-1.0,0.0,-0.3333333333333333,0.15,-1,-1,-1,0.356862745098039,0.694117647058824,0.803921568627451
58.82850432395935,0.0,-0.1394855873056749,0.03,1,1,1,0.0,0.3333333333333333,0.135,-1,-1,-1,1.0,1.0,-1.0,0.0,-0.3333333333333333,0.15,-1,-1,-1,0.356862745098039,0.694117647058824,0.803921568627451
58.863149881362915,0.0,-0.14105121865156384,0.03,1,1,1,0.0,0.3333333333333333,0.135,-1,-1,-1,1.0,1.0,-1.0,0.0,-0.3333333333333333,0.15,-1,-1,-1,0.356862745098039,0.694117647058824,0.803921568627451
58.897648096084595,0.0,-0.14261684999745278,0.03,1,1,1,0.0,0.3333333333333333,0.135,-1,-1,-1,1.0,1.0,-1.0,0.0,-0.3333333333333333,0.15,-1,-1,-1,0.356862745098039,0.694117647058824,0.803921568627451
58.93981385231018,0.0,-0.14418248134334172,0.03,1,1,1,0.0,0.3333333333333333,0.135,-1,-1,-1,1.0,1.0,-1.0,0.0,-0.3333333333333333,0.15,-1,-1,-1,0.356862745098039,0.694117647058824,0.803921568627451
58.97434878349304,0.0,-0.14574811268923066,0.03,1,1,1,0.0,0.3333333333333333,0.135,-1,-1,-1,1.0,1.0,-1.0,0.0,-0.3333333333333333,0.15,-1,-1,-1,0.356862745098039,0.694117647058824,0.803921568627451
59.00927996635437,0.0,-0.1473137440351196,0.03,1,1,1,0.0,0.3333333333333333,0.135,-1,-1,-1,1.0,1.0,-1.0,0.0,-0.3333333333333333,0.15,-1,-1,-1,0.356862745098039,0.694117647058824,0.803921568627451
59.04390549659729,0.0,-0.14887937538100854,0.03,1,1,1,0.0,0.3333333333333333,0.135,-1,-1,-1,1.0,1.0,-1.0,0.0,-0.3333333333333333,0.15,-1,-1,-1,0.356862745098039,0.694117647058824,0.803921568627451
59.08191537857056,0.0,-0.15044500672689748,0.03,1,1,1,0.0,0.3333333333333333,0.135,-1,-1,-1,1.0,1.0,-1.0,0.0,-0.3333333333333333,0.15,-1,-1,-1,0.356862745098039,0.694117647058824,0.803921568627451
59.117127895355225,0.0,-0.15201063807278642,0.03,1,1,1,0.0,0.3333333333333333,0.135,-1,-1,-1,1.0,1.0,-1.0,0.0,-0.3333333333333333,0.15,-1,-1,-1,0.356862745098039,0.694117647058824,0.803921568627451
59.1548707485199,0.0,-0.15357626941867536,0.03,1,1,1,0.0,0.3333333333333333,0.135,-1,-1,-1,1.0,1.0,-1.0,0.0,-0.3333333333333333,0.15,-1,-1,-1,0.356862745098039,0.694117647058824,0.803921568627451
59.18949580192566,0.0,-0.1551419007645643,0.03,1,1,1,0.0,0.3333333333333333,0.135,-1,-1,-1,1.0,1.0,-1.0,0.0,-0.3333333333333333,0.15,-1,-1,-1,0.356862745098039,0.694117647058824,0.803921568627451
59.22401738166809,0.0,-0.15670753211045324,0.03,1,1,1,0.0,0.3333333333333333,0.135,-1,-1,-1,1.0,1.0,-1.0,0.0,-0.3333333333333333,0.15,-1,-1,-1,0.356862745098039,0.694117647058824,0.803921568627451
59.25945281982422,0.0,-0.15827316345634218,0.03,1,1,1,0.0,0.3333333333333333,0.135,-1,-1,-1,1.0,1.0,-1.0,0.0,-0.3333333333333333,0.15,-1,-1,-1,0.356862745098039,0.694117647058824,0.803921568627451
59.29349398612976,0.0,-0.15983879480223112,0.03,1,1,1,0.0,0.3333333333333333,0.135,-1,-1,-1,1.0,1.0,-1.0,0.0,-0.3333333333333333,0.15,-1,-1,-1,0.356862745098039,0.694117647058824,0.803921568627451
59.33591437339783,0.0,-0.16140442614812006,0.03,1,1,1,0.0,0.3333333333333333,0.135,-1,-1,-1,1.0,1.0,-1.0,0.0,-0.3333333333333333,0.15,-1,-1,-1,0.356862745098039,0.694117647058824,0.803921568627451
59.37144184112549,0.0,-0.162970057494009,0.03,1,1,1,0.0,0.3333333333333333,0.135,-1,-1,-1,1.0,1.0,-1.0,0.0,-0.3333333333333333,0.15,-1,-1,-1,0.356862745098039,0.694117647058824,0.803921568627451
59.40438771247864,0.0,-0.16698612533196966,0.03,1,1,1,0.0,0.3333333333333333,0.135,-1,-1,-1,1.0,1.0,-1.0,0.0,-0.3333333333333333,0.15,-1,-1,-1,0.356862745098039,0.694117647058824,0.803921568627451
59.43908381462097,0.0,-0.17263581749797813,0.03,1,1,1,0.0,0.3333333333333333,0.135,-1,-1,-1,1.0,1.0,-1.0,0.0,-0.3333333333333333,0.15,-1,-1,-1,0.356862745098039,0.694117647058824,0.803921568627451
59.47433423995972,0.0,-0.1782855096639866,0.03,1,1,1,0.0,0.3333333333333333,0.135,-1,-1,-1,1.0,1.0,-1.0,0.0,-0.3333333333333333,0.15,-1,-1,-1,0.356862745098039,0.694117647058824,0.803921568627451
59.50904941558838,0.0,-0.18393520182999507,0.03,1,1,1,0.0,0.3333333333333333,0.135,-1,-1,-1,1.0,1.0,-1.0,0.0,-0.3333333333333333,0.15,-1,-1,-1,0.356862745098039,0.694117647058824,0.803921568627451
59.55288481712341,0.0,-0.18958489399600353,0.03,1,1,1,0.0,0.3333333333333333,0.135,-1,-1,-1,1.0,1.0,-1.0,0.0,-0.3333333333333333,0.15,-1,-1,-1,0.356862745098039,0.694117647058824,0.803921568627451
59.586116313934326,0.0,-0.195234586162012,0.03,1,1,1,0.0,0.3333333333333333,0.135,-1,-1,-1,1.0,1.0,-1.0,0.0,-0.3333333333333333,0.15,-1,-1,-1,0.356862745098039,0.694117647058824,0.803921568627451
59.621076345443726,0.0,-0.20088427832802047,0.03,1,1,1,0.0,0.3333333333333333,0.135,-1,-1,-1,1.0,1.0,-1.0,0.0,-0.3333333333333333,0.15,-1,-1,-1,0.356862745098039,0.694117647058824,0.803921568627451
59.654921531677246,0.0,-0.20653397049402894,0.03,1,1,1,0.0,0.3333333333333333,0.135,-1,-1,-1,1.0,1.0,-1.0,0.0,-0.3333333333333333,0.15,-1,-1,-1,0.356862745098039,0.694117647058824,0.803921568627451
59.68952941894531,0.0,-0.2121836626600374,0.03,1,1,1,0.0,0.3333333333333333,0.135,-1,-1,-1,1.0,1.0,-1.0,0.0,-0.3333333333333333,0.15,-1,-1,-1,0.356862745098039,0.694117647058824,0.803921568627451
59.724815130233765,0.0,-0.21783335482604588,0.03,1,1,1,0.0,0.3333333333333333,0.135,-1,-1,-1,1.0,1.0,-1.0,0.0,-0.3333333333333333,0.15,-1,-1,-1,0.356862745098039,0.694117647058824,0.803921568627451
59.759180784225464,0.0,-0.22348304699205435,0.03,1,1,1,0.0,0.3333333333333333,0.135,-1,-1,-1,1.0,1.0,-1.0,0.0,-0.3333333333333333,0.15,-1,-1,-1,0.356862745098039,0.694117647058824,0.803921568627451
59.80817532539368,0.0,-0.22913273915806281,0.03,1,1,1,0.0,0.3333333333333333,0.135,-1,-1,-1,1.0,1.0,-1.0,0.0,-0.3333333333333333,0.15,-1,-1,-1,0.356862745098039,0.694117647058824,0.803921568627451
59.842400789260864,0.0,-0.23478243132407128,0.03,1,1,1,0.0,0.3333333333333333,0.135,-1,-1,-1,1.0,1.0,-1.0,0.0,-0.3333333333333333,0.15,-1,-1,-1,0.356862745098039,0.694117647058824,0.803921568627451
59.877076625823975,0.0,-0.2404321234900798,0.03,1,1,1,0.0,0.3333333333333333,0.135,-1,-1,-1,1.0,1.0,-1.0,0.0,-0.3333333333333333,0.15,-1,-1,-1,0.356862745098039,0.694117647058824,0.803921568627451
59.91241455078125,0.0,-0.24608181565608833,0.03,1,1,1,0.0,0.3333333333333333,0.135,-1,-1,-1,1.0,1.0,-1.0,0.0,-0.3333333333333333,0.15,-1,-1,-1,0.356862745098039,0.694117647058824,0.803921568627451
59.94697046279907,0.0,-0.25173150782209686,0.03,1,1,1,0.0,0.3333333333333333,0.135,-1,-1,-1,1.0,1.0,-1.0,0.0,-0.3333333333333333,0.15,-1,-1,-1,0.356862745098039,0.694117647058824,0.803921568627451
59.99138164520264,0.0,-0.2573811999881053,0.03,1,1,1,0.0,0.3333333333333333,0.135,-1,-1,-1,1.0,1.0,-1.0,0.0,-0.3333333333333333,0.15,-1,-1,-1,0.356862745098039,0.694117647058824,0.803921568627451
60.03032946586609,0.0,-0.2630308921541138,0.03,1,1,1,0.0,0.3333333333333333,0.135,-1,-1,-1,1.0,1.0,-1.0,0.0,-0.3333333333333333,0.15,-1,-1,-1,0.356862745098039,0.694117647058824,0.803921568627451
60.06435704231262,0.0,-0.26868058432012226,0.03,1,1,1,0.0,0.3333333333333333,0.135,-1,-1,-1,1.0,1.0,-1.0,0.0,-0.3333333333333333,0.15,-1,-1,-1,0.356862745098039,0.694117647058824,0.803921568627451
60.099846839904785,0.0,-0.27433027648613073,0.03,1,1,1,0.0,0.3333333333333333,0.135,-1,-1,-1,1.0,1.0,-1.0,0.0,-0.3333333333333333,0.15,-1,-1,-1,0.356862745098039,0.694117647058824,0.803921568627451
60.14185571670532,0.0,-0.2799799686521392,0.03,1,1,1,0.0,0.3333333333333333,0.135,-1,-1,-1,1.0,1.0,-1.0,0.0,-0.3333333333333333,0.15,-1,-1,-1,0.356862745098039,0.694117647058824,0.803921568627451
60.183507204055786,0.0,-0.28562966081814767,0.03,1,1,1,0.0,0.3333333333333333,0.135,-1,-1,-1,1.0,1.0,-1.0,0.0,-0.3333333333333333,0.15,-1,-1,-1,0.356862745098039,0.694117647058824,0.803921568627451
60.21849703788757,0.0,-0.29127935298415614,0.03,1,1,1,0.0,0.3333333333333333,0.135,-1,-1,-1,1.0,1.0,-1.0,0.0,-0.3333333333333333,0.15,-1,-1,-1,0.356862745098039,0.694117647058824,0.803921568627451
60.252866983413696,0.0,-0.2969290451501646,0.03,1,1,1,0.0,0.3333333333333333,0.135,-1,-1,-1,1.0,1.0,-1.0,0.0,-0.3333333333333333,0.15,-1,-1,-1,0.356862745098039,0.694117647058824,0.803921568627451
60.29273462295532,0.0,-0.3025787373161731,0.03,1,1,1,0.0,0.3333333333333333,0.135,-1,-1,-1,1.0,1.0,-1.0,0.0,-0.3333333333333333,0.15,-1,-1,-1,0.356862745098039,0.694117647058824,0.803921568627451
60.32671618461609,0.0,-0.30822842948218154,0.03,1,1,1,0.0,0.3333333333333333,0.135,-1,-1,-1,1.0,1.0,-1.0,0.0,-0.3333333333333333,0.15,-1,-1,-1,0.356862745098039,0.694117647058824,0.803921568627451
60.36447310447693,0.0,-0.31387812164819,0.03,1,1,1,0.0,0.3333333333333333,0.135,-1,-1,-1,1.0,1.0,-1.0,0.0,-0.3333333333333333,0.15,-1,-1,-1,0.356862745098039,0.694117647058824,0.803921568627451
60.412720918655396,0.0,-0.3195278138141985,0.03,1,1,1,0.0,0.3333333333333333,0.135,-1,-1,-1,1.0,1.0,-1.0,0.0,-0.3333333333333333,0.15,-1,-1,-1,0.356862745098039,0.694117647058824,0.803921568627451
60.447509765625,0.0,-0.32517750598020695,0.03,1,1,1,0.0,0.3333333333333333,0.135,-1,-1,-1,1.0,1.0,-1.0,0.0,-0.3333333333333333,0.15,-1,-1,-1,0.356862745098039,0.694117647058824,0.803921568627451
60.48200440406799,0.0,-0.3308271981462154,0.03,1,1,1,0.0,0.3333333333333333,0.135,-1,-1,-1,1.0,1.0,-1.0,0.0,-0.3333333333333333,0.15,-1,-1,-1,0.356862745098039,0.694117647058824,0.803921568627451
60.5168240070343,0.0,-0.3342170134458205,0.03,1,1,1,0.0,0.3333333333333333,0.135,-1,-1,-1,1.0,1.0,-1.0,0.0,-0.3333333333333333,0.15,-1,-1,-1,0.356862745098039,0.694117647058824,0.803921568627451
60.5624041557312,0.0,-0.3342170134458205,0.03,1,1,1,0.0,0.3333333333333333,0.135,-1,-1,-1,1.0,1.0,-1.0,0.0,-0.3333333333333333,0.15,-1,-1,-1,0.356862745098039,0.694117647058824,0.803921568627451
60.607247829437256,0.0,0.0012762501982016101,0.03,1,1,1,0.0,0.3333333333333333,0.135,-1,-1,-1,1.0,1.0,-1.0,0.0,-0.3333333333333333,0.135,1,1,1,0.356862745098039,0.694117647058824,0.803921568627451
60.64212393760681,0.0,0.004466875693705635,0.03,1,1,1,0.0,0.3333333333333333,0.135,-1,-1,-1,1.0,1.0,-1.0,0.0,-0.3333333333333333,0.135,1,1,1,0.356862745098039,0.694117647058824,0.803921568627451
60.67715501785278,0.0,0.0076575011892096615,0.03,1,1,1,0.0,0.3333333333333333,0.135,-1,-1,-1,1.0,1.0,-1.0,0.0,-0.3333333333333333,0.135,1,1,1,0.356862745098039,0.694117647058824,0.803921568627451
60.71148729324341,0.0,0.010848126684713688,0.03,1,1,1,0.0,0.3333333333333333,0.135,-1,-1,-1,1.0,1.0,-1.0,0.0,-0.3333333333333333,0.135,1,1,1,0.356862745098039,0.694117647058824,0.803921568627451
60.75304627418518,0.0,0.014038752180217716,0.03,1,1,1,0.0,0.3333333333333333,0.135,-1,-1,-1,1.0,1.0,-1.0,0.0,-0.3333333333333333,0.135,1,1,1,0.356862745098039,0.694117647058824,0.803921568627451
60.79725193977356,0.0,0.01722937767572174,0.03,1,1,1,0.0,0.3333333333333333,0.135,-1,-1,-1,1.0,1.0,-1.0,0.0,-0.3333333333333333,0.135,1,1,1,0.356862745098039,0.694117647058824,0.803921568627451
60.836397647857666,0.0,0.02042000317122576,0.03,1,1,1,0.0,0.3333333333333333,0.135,-1,-1,-1,1.0,1.0,-1.0,0.0,-0.3333333333333333,0.135,1,1,1,0.356862745098039,0.694117647058824,0.803921568627451
60.87140941619873,0.0,0.023610628666729777,0.03,1,1,1,0.0,0.3333333333333333,0.135,-1,-1,-1,1.0,1.0,-1.0,0.0,-0.3333333333333333,0.135,1,1,1,0.356862745098039,0.694117647058824,0.803921568627451
60.90567922592163,0.0,0.026801254162233796,0.03,1,1,1,0.0,0.3333333333333333,0.135,-1,-1,-1,1.0,1.0,-1.0,0.0,-0.3333333333333333,0.135,1,1,1,0.356862745098039,0.694117647058824,0.803921568627451
60.94024324417114,0.0,0.02999187965773781,0.03,1,1,1,0.0,0.3333333333333333,0.135,-1,-1,-1,1.0,1.0,-1.0,0.0,-0.3333333333333333,0.135,1,1,1,0.356862745098039,0.694117647058824,0.803921568627451
60.98194718360901,0.0,0.033182505153241844,0.03,1,1,1,0.0,0.3333333333333333,0.135,-1,-1,-1,1.0,1.0,-1.0,0.0,-0.3333333333333333,0.135,1,1,1,0.356862745098039,0.694117647058824,0.803921568627451
61.02370309829712,0.0,0.03637313064874588,0.03,1,1,1,0.0,0.3333333333333333,0.135,-1,-1,-1,1.0,1.0,-1.0,0.0,-0.3333333333333333,0.135,1,1,1,0.356862745098039,0.694117647058824,0.803921568627451
61.05864715576172,0.0,0.039563756144249916,0.03,1,1,1,0.0,0.3333333333333333,0.135,-1,-1,-1,1.0,1.0,-1.0,0.0,-0.3333333333333333,0.135,1,1,1,0.356862745098039,0.694117647058824,0.803921568627451
61.097402811050415,0.0,0.04275438163975395,0.03,1,1,1,0.0,0.3333333333333333,0.135,-1,-1,-1,1.0,1.0,-1.0,0.0,-0.3333333333333333,0.135,1,1,1,0.356862745098039,0.694117647058824,0.803921568627451
61.132779598236084,0.0,0.04594500713525799,0.03,1,1,1,0.0,0.3333333333333333,0.135,-1,-1,-1,1.0,1.0,-1.0,0.0,-0.3333333333333333,0.135,1,1,1,0.356862745098039,0.694117647058824,0.803921568627451
61.1669762134552,0.0,0.049135632630762024,0.03,1,1,1,0.0,0.3333333333333333,0.135,-1,-1,-1,1.0,1.0,-1.0,0.0,-0.3333333333333333,0.135,1,1,1,0.356862745098039,0.694117647058824,0.803921568627451
61.204474687576294,0.0,0.05232625812626606,0.03,1,1,1,0.0,0.3333333333333333,0.135,-1,-1,-1,1.0,1.0,-1.0,0.0,-0.3333333333333333,0.135,1,1,1,0.356862745098039,0.694117647058824,0.803921568627451
61.245938301086426,0.0,0.0555168836217701,0.03,1,1,1,0.0,0.3333333333333333,0.135,-1,-1,-1,1.0,1.0,-1.0,0.0,-0.3333333333333333,0.135,1,1,1,0.356862745098039,0.694117647058824,0.803921568627451
61.28117752075195,0.0,0.05870750911727413,0.03,1,1,1,0.0,0.3333333333333333,0.135,-1,-1,-1,1.0,1.0,-1.0,0.0,-0.3333333333333333,0.135,1,1,1,0.356862745098039,0.694117647058824,0.803921568627451
61.315518856048584,0.0,0.06189813461277817,0.03,1,1,1,0.0,0.3333333333333333,0.135,-1,-1,-1,1.0,1.0,-1.0,0.0,-0.3333333333333333,0.135,1,1,1,0.356862745098039,0.694117647058824,0.803921568627451
61.349388122558594,0.0,0.06508876010828217,0.03,1,1,1,0.0,0.3333333333333333,0.135,-1,-1,-1,1.0,1.0,-1.0,0.0,-0.3333333333333333,0.135,1,1,1,0.356862745098039,0.694117647058824,0.803921568627451
61.390647888183594,0.0,0.06827938560378617,0.03,1,1,1,0.0,0.3333333333333333,0.135,-1,-1,-1,1.0,1.0,-1.0,0.0,-0.3333333333333333,0.135,1,1,1,0.356862745098039,0.694117647058824,0.803921568627451
61.42673397064209,0.0,0.07147001109929017,0.03,1,1,1,0.0,0.3333333333333333,0.135,-1,-1,-1,1.0,1.0,-1.0,0.0,-0.3333333333333333,0.135,1,1,1,0.356862745098039,0.694117647058824,0.803921568627451
61.469733476638794,0.0,0.07466063659479417,0.03,1,1,1,0.0,0.3333333333333333,0.135,-1,-1,-1,1.0,1.0,-1.0,0.0,-0.3333333333333333,0.135,1,1,1,0.356862745098039,0.694117647058824,0.803921568627451
61.50336456298828,0.0,0.07785126209029818,0.03,1,1,1,0.0,0.3333333333333333,0.135,-1,-1,-1,1.0,1.0,-1.0,0.0,-0.3333333333333333,0.135,1,1,1,0.356862745098039,0.694117647058824,0.803921568627451
61.53864026069641,0.0,0.08104188758580218,0.03,1,1,1,0.0,0.3333333333333333,0.135,-1,-1,-1,1.0,1.0,-1.0,0.0,-0.3333333333333333,0.135,1,1,1,0.356862745098039,0.694117647058824,0.803921568627451
61.573166847229004,0.0,0.08423251308130618,0.03,1,1,1,0.0,0.3333333333333333,0.135,-1,-1,-1,1.0,1.0,-1.0,0.0,-0.3333333333333333,0.135,1,1,1,0.356862745098039,0.694117647058824,0.803921568627451
61.621307134628296,0.0,0.08742313857681018,0.03,1,1,1,0.0,0.3333333333333333,0.135,-1,-1,-1,1.0,1.0,-1.0,0.0,-0.3333333333333333,0.135,1,1,1,0.356862745098039,0.694117647058824,0.803921568627451
61.655736684799194,0.0,0.09061376407231418,0.03,1,1,1,0.0,0.3333333333333333,0.135,-1,-1,-1,1.0,1.0,-1.0,0.0,-0.3333333333333333,0.135,1,1,1,0.356862745098039,0.694117647058824,0.803921568627451
61.690730810165405,0.0,0.09380438956781818,0.03,1,1,1,0.0,0.3333333333333333,0.135,-1,-1,-1,1.0,1.0,-1.0,0.0,-0.3333333333333333,0.135,1,1,1,0.356862745098039,0.694117647058824,0.803921568627451
61.72579526901245,0.0,0.09699501506332218,0.03,1,1,1,0.0,0.3333333333333333,0.135,-1,-1,-1,1.0,1.0,-1.0,0.0,-0.3333333333333333,0.135,1,1,1,0.356862745098039,0.694117647058824,0.803921568627451
61.759974002838135,0.0,0.10018564055882619,0.03,1,1,1,0.0,0.3333333333333333,0.135,-1,-1,-1,1.0,1.0,-1.0,0.0,-0.3333333333333333,0.135,1,1,1,0.356862745098039,0.694117647058824,0.803921568627451
61.80538320541382,0.0,0.10215394627404938,0.03,1,1,1,0.0,0.3333333333333333,0.135,-1,-1,-1,1.0,1.0,-1.0,0.0,-0.3333333333333333,0.135,-1,-1,-1,0.356862745098039,0.694117647058824,0.803921568627451
61.84271740913391,0.0,0.10228877231885135,0.03,1,1,1,0.0,0.3333333333333333,0.135,-1,-1,-1,1.0,1.0,-1.0,0.0,-0.3333333333333333,0.135,-1,-1,-1,0.356862745098039,0.694117647058824,0.803921568627451
61.8773307800293,0.0,0.10242359836365332,0.03,1,1,1,0.0,0.3333333333333333,0.135,-1,-1,-1,1.0,1.0,-1.0,0.0,-0.3333333333333333,0.135,-1,-1,-1,0.356862745098039,0.694117647058824,0.803921568627451
61.91194820404053,0.0,0.10255842440845529,0.03,1,1,1,0.0,0.3333333333333333,0.135,-1,-1,-1,1.0,1.0,-1.0,0.0,-0.3333333333333333,0.135,-1,-1,-1,0.356862745098039,0.694117647058824,0.803921568627451
61.94695711135864,0.0,0.10269325045325726,0.03,1,1,1,0.0,0.3333333333333333,0.135,-1,-1,-1,1.0,1.0,-1.0,0.0,-0.3333333333333333,0.135,-1,-1,-1,0.356862745098039,0.694117647058824,0.803921568627451
61.98922085762024,0.0,0.10282807649805924,0.03,1,1,1,0.0,0.3333333333333333,0.135,-1,-1,-1,1.0,1.0,-1.0,0.0,-0.3333333333333333,0.135,-1,-1,-1,0.356862745098039,0.694117647058824,0.803921568627451
62.02322340011597,0.0,0.10296290254286121,0.03,1,1,1,0.0,0.3333333333333333,0.135,-1,-1,-1,1.0,1.0,-1.0,0.0,-0.3333333333333333,0.135,-1,-1,-1,0.356862745098039,0.694117647058824,0.803921568627451
62.05830979347229,0.0,0.10309772858766318,0.03,1,1,1,0.0,0.3333333333333333,0.135,-1,-1,-1,1.0,1.0,-1.0,0.0,-0.3333333333333333,0.135,-1,-1,-1,0.356862745098039,0.694117647058824,0.803921568627451
62.09283447265625,0.0,0.10323255463246515,0.03,1,1,1,0.0,0.3333333333333333,0.135,-1,-1,-1,1.0,1.0,-1.0,0.0,-0.3333333333333333,0.135,-1,-1,-1,0.356862745098039,0.694117647058824,0.803921568627451
62.126832008361816,0.0,0.10336738067726713,0.03,1,1,1,0.0,0.3333333333333333,0.135,-1,-1,-1,1.0,1.0,-1.0,0.0,-0.3333333333333333,0.135,-1,-1,-1,0.356862745098039,0.694117647058824,0.803921568627451
62.16173338890076,0.0,0.1035022067220691,0.03,1,1,1,0.0,0.3333333333333333,0.135,-1,-1,-1,1.0,1.0,-1.0,0.0,-0.3333333333333333,0.135,-1,-1,-1,0.356862745098039,0.694117647058824,0.803921568627451
62.205957889556885,0.0,0.10363703276687107,0.03,1,1,1,0.0,0.3333333333333333,0.135,-1,-1,-1,1.0,1.0,-1.0,0.0,-0.3333333333333333,0.135,-1,-1,-1,0.356862745098039,0.694117647058824,0.803921568627451
62.23896861076355,0.0,0.10377185881167304,0.03,1,1,1,0.0,0.3333333333333333,0.135,-1,-1,-1,1.0,1.0,-1.0,0.0,-0.3333333333333333,0.135,-1,-1,-1,0.356862745098039,0.694117647058824,0.803921568627451
62.273385524749756,0.0,0.10390668485647502,0.03,1,1,1,0.0,0.3333333333333333,0.135,-1,-1,-1,1.0,1.0,-1.0,0.0,-0.3333333333333333,0.135,-1,-1,-1,0.356862745098039,0.694117647058824,0.803921568627451
62.30753231048584,0.0,0.10404151090127699,0.03,1,1,1,0.0,0.3333333333333333,0.135,-1,-1,-1,1.0,1.0,-1.0,0.0,-0.3333333333333333,0.135,-1,-1,-1,0.356862745098039,0.694117647058824,0.803921568627451
62.34230923652649,0.0,0.10417633694607896,0.03,1,1,1,0.0,0.3333333333333333,0.135,-1,-1,-1,1.0,1.0,-1.0,0.0,-0.3333333333333333,0.135,-1,-1,-1,0.356862745098039,0.694117647058824,0.803921568627451
62.379234075546265,0.0,0.10431116299088093,0.03,1,1,1,0.0,0.3333333333333333,0.135,-1,-1,-1,1.0,1.0,-1.0,0.0,-0.3333333333333333,0.135,-1,-1,-1,0.356862745098039,0.694117647058824,0.803921568627451
62.42676615715027,0.0,0.1044459890356829,0.03,1,1,1,0.0,0.3333333333333333,0.135,-1,-1,-1,1.0,1.0,-1.0,0.0,-0.3333333333333333,0.135,-1,-1,-1,0.356862745098039,0.694117647058824,0.803921568627451
62.46144652366638,0.0,0.10458081508048488,0.03,1,1,1,0.0,0.3333333333333333,0.135,-1,-1,-1,1.0,1.0,-1.0,0.0,-0.3333333333333333,0.135,-1,-1,-1,0.356862745098039,0.694117647058824,0.803921568627451
62.49523448944092,0.0,0.10471564112528685,0.03,1,1,1,0.0,0.3333333333333333,0.135,-1,-1,-1,1.0,1.0,-1.0,0.0,-0.3333333333333333,0.135,-1,-1,-1,0.356862745098039,0.694117647058824,0.803921568627451
62.530691623687744,0.0,0.10485046717008882,0.03,1,1,1,0.0,0.3333333333333333,0.135,-1,-1,-1,1.0,1.0,-1.0,0.0,-0.3333333333333333,0.135,-1,-1,-1,0.356862745098039,0.694117647058824,0.803921568627451
62.564677476882935,0.0,0.10498529321489079,0.03,1,1,1,0.0,0.3333333333333333,0.135,-1,-1,-1,1.0,1.0,-1.0,0.0,-0.3333333333333333,0.135,-1,-1,-1,0.356862745098039,0.694117647058824,0.803921568627451
62.599528789520264,0.0,0.10512011925969277,0.03,1,1,1,0.0,0.3333333333333333,0.135,-1,-1,-1,1.0,1.0,-1.0,0.0,-0.3333333333333333,0.135,-1,-1,-1,0.356862745098039,0.694117647058824,0.803921568627451
62.64295840263367,0.0,0.10525494530449474,0.03,1,1,1,0.0,0.3333333333333333,0.135,-1,-1,-1,1.0,1.0,-1.0,0.0,-0.3333333333333333,0.135,-1,-1,-1,0.356862745098039,0.694117647058824,0.803921568627451
62.67640042304993,0.0,0.10538977134929671,0.03,1,1,1,0.0,0.3333333333333333,0.135,-1,-1,-1,1.0,1.0,-1.0,0.0,-0.3333333333333333,0.135,-1,-1,-1,0.356862745098039,0.694117647058824,0.803921568627451
62.71090793609619,0.0,0.10552459739409868,0.03,1,1,1,0.0,0.3333333333333333,0.135,-1,-1,-1,1.0,1.0,-1.0,0.0,-0.3333333333333333,0.135,-1,-1,-1,0.356862745098039,0.694117647058824,0.803921568627451
62.74554634094238,0.0,0.10565942343890065,0.03,1,1,1,0.0,0.3333333333333333,0.135,-1,-1,-1,1.0,1.0,-1.0,0.0,-0.3333333333333333,0.135,-1,-1,-1,0.356862745098039,0.694117647058824,0.803921568627451
62.77970552444458,0.0,0.10579424948370263,0.03,1,1,1,0.0,0.3333333333333333,0.135,-1,-1,-1,1.0,1.0,-1.0,0.0,-0.3333333333333333,0.135,-1,-1,-1,0.356862745098039,0.694117647058824,0.803921568627451
62.81480002403259,0.0,0.1059290755285046,0.03,1,1,1,0.0,0.3333333333333333,0.135,-1,-1,-1,1.0,1.0,-1.0,0.0,-0.3333333333333333,0.135,-1,-1,-1,0.356862745098039,0.694117647058824,0.803921568627451
62.85633563995361,0.0,0.10606390157330657,0.03,1,1,1,0.0,0.3333333333333333,0.135,-1,-1,-1,1.0,1.0,-1.0,0.0,-0.3333333333333333,0.135,-1,-1,-1,0.356862745098039,0.694117647058824,0.803921568627451
62.890921115875244,0.0,0.10619872761810854,0.03,1,1,1,0.0,0.3333333333333333,0.135,-1,-1,-1,1.0,1.0,-1.0,0.0,-0.3333333333333333,0.135,-1,-1,-1,0.356862745098039,0.694117647058824,0.803921568627451
62.92588567733765,0.0,0.10633355366291052,0.03,1,1,1,0.0,0.3333333333333333,0.135,-1,-1,-1,1.0,1.0,-1.0,0.0,-0.3333333333333333,0.135,-1,-1,-1,0.356862745098039,0.694117647058824,0.803921568627451
62.96045517921448,0.0,0.10646837970771249,0.03,1,1,1,0.0,0.3333333333333333,0.135,-1,-1,-1,1.0,1.0,-1.0,0.0,-0.3333333333333333,0.135,-1,-1,-1,0.356862745098039,0.694117647058824,0.803921568627451
63.0032103061676,0.0,0.10657228668899453,0.03,1,1,1,0.0,0.3333333333333333,0.135,-1,-1,-1,1.0,1.0,-1.0,0.0,-0.3333333333333333,0.135,-1,-1,-1,0.356862745098039,0.694117647058824,0.803921568627451
63.0452926158905,0.0,0.10655251741619685,0.03,1,1,1,0.0,0.3333333333333333,0.135,-1,-1,-1,1.0,1.0,-1.0,0.0,-0.3333333333333333,0.135,-1,-1,-1,0.356862745098039,0.694117647058824,0.803921568627451
63.07970333099365,0.0,0.10653274814339918,0.03,1,1,1,0.0,0.3333333333333333,0.135,-1,-1,-1,1.0,1.0,-1.0,0.0,-0.3333333333333333,0.135,-1,-1,-1,0.356862745098039,0.694117647058824,0.803921568627451
63.11379384994507,0.0,0.1065129788706015,0.03,1,1,1,0.0,0.3333333333333333,0.135,-1,-1,-1,1.0,1.0,-1.0,0.0,-0.3333333333333333,0.135,-1,-1,-1,0.356862745098039,0.694117647058824,0.803921568627451
63.14858889579773,0.0,0.10649320959780383,0.03,1,1,1,0.0,0.3333333333333333,0.135,-1,-1,-1,1.0,1.0,-1.0,0.0,-0.3333333333333333,0.135,-1,-1,-1,0.356862745098039,0.694117647058824,0.803921568627451
63.183478355407715,0.0,0.10647344032500615,0.03,1,1,1,0.0,0.3333333333333333,0.135,-1,-1,-1,1.0,1.0,-1.0,0.0,-0.3333333333333333,0.135,-1,-1,-1,0.356862745098039,0.694117647058824,0.803921568627451
63.232184410095215,0.0,0.10645367105220847,0.03,1,1,1,0.0,0.3333333333333333,0.135,-1,-1,-1,1.0,1.0,-1.0,0.0,-0.3333333333333333,0.135,-1,-1,-1,0.356862745098039,0.694117647058824,0.803921568627451
63.26615381240845,0.0,0.1064339017794108,0.03,1,1,1,0.0,0.3333333333333333,0.135,-1,-1,-1,1.0,1.0,-1.0,0.0,-0.3333333333333333,0.135,-1,-1,-1,0.356862745098039,0.694117647058824,0.803921568627451
63.300673723220825,0.0,0.10641413250661312,0.03,1,1,1,0.0,0.3333333333333333,0.135,-1,-1,-1,1.0,1.0,-1.0,0.0,-0.3333333333333333,0.135,-1,-1,-1,0.356862745098039,0.694117647058824,0.803921568627451
63.33551049232483,0.0,0.10639436323381544,0.03,1,1,1,0.0,0.3333333333333333,0.135,-1,-1,-1,1.0,1.0,-1.0,0.0,-0.3333333333333333,0.135,-1,-1,-1,0.356862745098039,0.694117647058824,0.803921568627451
63.3709819316864,0.0,0.10637459396101777,0.03,1,1,1,0.0,0.3333333333333333,0.135,-1,-1,-1,1.0,1.0,-1.0,0.0,-0.3333333333333333,0.135,-1,-1,-1,0.356862745098039,0.694117647058824,0.803921568627451
63.41496396064758,0.0,0.10635482468822009,0.03,1,1,1,0.0,0.3333333333333333,0.135,-1,-1,-1,1.0,1.0,-1.0,0.0,-0.3333333333333333,0.135,-1,-1,-1,0.356862745098039,0.694117647058824,0.803921568627451
63.45403242111206,0.0,0.10633505541542242,0.03,1,1,1,0.0,0.3333333333333333,0.135,-1,-1,-1,1.0,1.0,-1.0,0.0,-0.3333333333333333,0.135,-1,-1,-1,0.356862745098039,0.694117647058824,0.803921568627451
63.48809623718262,0.0,0.10631528614262474,0.03,1,1,1,0.0,0.3333333333333333,0.135,-1,-1,-1,1.0,1.0,-1.0,0.0,-0.3333333333333333,0.135,-1,-1,-1,0.356862745098039,0.694117647058824,0.803921568627451
63.52356004714966,0.0,0.10629551686982706,0.03,1,1,1,0.0,0.3333333333333333,0.135,-1,-1,-1,1.0,1.0,-1.0,0.0,-0.3333333333333333,0.135,-1,-1,-1,0.356862745098039,0.694117647058824,0.803921568627451
63.55834937095642,0.0,0.10627574759702939,0.03,1,1,1,0.0,0.3333333333333333,0.135,-1,-1,-1,1.0,1.0,-1.0,0.0,-0.3333333333333333,0.135,-1,-1,-1,0.356862745098039,0.694117647058824,0.803921568627451
63.60077452659607,0.0,0.10625597832423171,0.03,1,1,1,0.0,0.3333333333333333,0.135,-1,-1,-1,1.0,1.0,-1.0,0.0,-0.3333333333333333,0.135,-1,-1,-1,0.356862745098039,0.694117647058824,0.803921568627451
63.642035484313965,0.0,0.10623620905143404,0.03,1,1,1,0.0,0.3333333333333333,0.135,-1,-1,-1,1.0,1.0,-1.0,0.0,-0.3333333333333333,0.135,-1,-1,-1,0.356862745098039,0.694117647058824,0.803921568627451
63.68462157249451,0.0,0.10621643977863636,0.03,1,1,1,0.0,0.3333333333333333,0.135,-1,-1,-1,1.0,1.0,-1.0,0.0,-0.3333333333333333,0.135,-1,-1,-1,0.356862745098039,0.694117647058824,0.803921568627451
63.71855425834656,0.0,0.10619667050583868,0.03,1,1,1,0.0,0.3333333333333333,0.135,-1,-1,-1,1.0,1.0,-1.0,0.0,-0.3333333333333333,0.135,-1,-1,-1,0.356862745098039,0.694117647058824,0.803921568627451
63.75364971160889,0.0,0.10617690123304101,0.03,1,1,1,0.0,0.3333333333333333,0.135,-1,-1,-1,1.0,1.0,-1.0,0.0,-0.3333333333333333,0.135,-1,-1,-1,0.356862745098039,0.694117647058824,0.803921568627451
63.78806161880493,0.0,0.10615713196024333,0.03,1,1,1,0.0,0.3333333333333333,0.135,-1,-1,-1,1.0,1.0,-1.0,0.0,-0.3333333333333333,0.135,-1,-1,-1,0.356862745098039,0.694117647058824,0.803921568627451
63.836628675460815,0.0,0.10613736268744565,0.03,1,1,1,0.0,0.3333333333333333,0.135,-1,-1,-1,1.0,1.0,-1.0,0.0,-0.3333333333333333,0.135,-1,-1,-1,0.356862745098039,0.694117647058824,0.803921568627451
63.8708975315094,0.0,0.10611759341464798,0.03,1,1,1,0.0,0.3333333333333333,0.135,-1,-1,-1,1.0,1.0,-1.0,0.0,-0.3333333333333333,0.135,-1,-1,-1,0.356862745098039,0.694117647058824,0.803921568627451
63.90555715560913,0.0,0.1060978241418503,0.03,1,1,1,0.0,0.3333333333333333,0.135,-1,-1,-1,1.0,1.0,-1.0,0.0,-0.3333333333333333,0.135,-1,-1,-1,0.356862745098039,0.694117647058824,0.803921568627451
63.93998408317566,0.0,0.10607805486905263,0.03,1,1,1,0.0,0.3333333333333333,0.135,-1,-1,-1,1.0,1.0,-1.0,0.0,-0.3333333333333333,0.135,-1,-1,-1,0.356862745098039,0.694117647058824,0.803921568627451
63.97503328323364,0.0,0.10605828559625495,0.03,1,1,1,0.0,0.3333333333333333,0.135,-1,-1,-1,1.0,1.0,-1.0,0.0,-0.3333333333333333,0.135,-1,-1,-1,0.356862745098039,0.694117647058824,0.803921568627451
64.02056360244751,0.0,0.10603851632345727,0.03,1,1,1,0.0,0.3333333333333333,0.135,-1,-1,-1,1.0,1.0,-1.0,0.0,-0.3333333333333333,0.135,-1,-1,-1,0.356862745098039,0.694117647058824,0.803921568627451
64.05837917327881,0.0,0.1060187470506596,0.03,1,1,1,0.0,0.3333333333333333,0.135,-1,-1,-1,1.0,1.0,-1.0,0.0,-0.3333333333333333,0.135,-1,-1,-1,0.356862745098039,0.694117647058824,0.803921568627451
64.09307956695557,0.0,0.10599897777786192,0.03,1,1,1,0.0,0.3333333333333333,0.135,-1,-1,-1,1.0,1.0,-1.0,0.0,-0.3333333333333333,0.135,-1,-1,-1,0.356862745098039,0.694117647058824,0.803921568627451
64.1277847290039,0.0,0.10597920850506425,0.03,1,1,1,0.0,0.3333333333333333,0.135,-1,-1,-1,1.0,1.0,-1.0,0.0,-0.3333333333333333,0.135,-1,-1,-1,0.356862745098039,0.694117647058824,0.803921568627451
64.16255402565002,0.0,0.10595943923226657,0.03,1,1,1,0.0,0.3333333333333333,0.135,-1,-1,-1,1.0,1.0,-1.0,0.0,-0.3333333333333333,0.135,-1,-1,-1,0.356862745098039,0.694117647058824,0.803921568627451
64.20447397232056,0.0,0.1059396699594689,0.03,1,1,1,0.0,0.3333333333333333,0.135,-1,-1,-1,1.0,1.0,-1.0,0.0,-0.3333333333333333,0.135,-1,-1,-1,0.356862745098039,0.694117647058824,0.803921568627451
64.2458643913269,0.0,0.11282069958081688,0.03,1,1,1,0.0,0.3333333333333333,0.135,-1,-1,-1,1.0,1.0,-1.0,0.0,-0.3333333333333333,0.135,-1,-1,-1,0.356862745098039,0.694117647058824,0.803921568627451
64.28010702133179,0.0,0.11970172920216486,0.03,1,1,1,0.0,0.3333333333333333,0.135,-1,-1,-1,1.0,1.0,-1.0,0.0,-0.3333333333333333,0.135,-1,-1,-1,0.356862745098039,0.694117647058824,0.803921568627451
64.31348085403442,0.0,0.12658275882351286,0.03,1,1,1,0.0,0.3333333333333333,0.135,-1,-1,-1,1.0,1.0,-1.0,0.0,-0.3333333333333333,0.135,-1,-1,-1,0.356862745098039,0.694117647058824,0.803921568627451
64.35378885269165,0.0,0.13346378844486084,0.03,1,1,1,0.0,0.3333333333333333,0.135,-1,-1,-1,1.0,1.0,-1.0,0.0,-0.3333333333333333,0.135,-1,-1,-1,0.356862745098039,0.694117647058824,0.803921568627451
64.38598203659058,0.0,0.14034481806620883,0.03,1,1,1,0.0,0.3333333333333333,0.135,-1,-1,-1,1.0,1.0,-1.0,0.0,-0.3333333333333333,0.135,-1,-1,-1,0.356862745098039,0.694117647058824,0.803921568627451
64.41967797279358,0.0,0.1472258476875568,0.03,1,1,1,0.0,0.3333333333333333,0.135,-1,-1,-1,1.0,1.0,-1.0,0.0,-0.3333333333333333,0.135,-1,-1,-1,0.356862745098039,0.694117647058824,0.803921568627451
64.45575618743896,0.0,0.1541068773089048,0.03,1,1,1,0.0,0.3333333333333333,0.135,-1,-1,-1,1.0,1.0,-1.0,0.0,-0.3333333333333333,0.135,-1,-1,-1,0.356862745098039,0.694117647058824,0.803921568627451
64.48926734924316,0.0,0.16098790693025278,0.03,1,1,1,0.0,0.3333333333333333,0.135,-1,-1,-1,1.0,1.0,-1.0,0.0,-0.3333333333333333,0.135,-1,-1,-1,0.356862745098039,0.694117647058824,0.803921568627451
64.52322888374329,0.0,0.16786893655160076,0.03,1,1,1,0.0,0.3333333333333333,0.135,-1,-1,-1,1.0,1.0,-1.0,0.0,-0.3333333333333333,0.135,-1,-1,-1,0.356862745098039,0.694117647058824,0.803921568627451
64.557687997818,0.0,0.17474996617294875,0.03,1,1,1,0.0,0.3333333333333333,0.135,-1,-1,-1,1.0,1.0,-1.0,0.0,-0.3333333333333333,0.135,-1,-1,-1,0.356862745098039,0.694117647058824,0.803921568627451
64.5928385257721,0.0,0.18163099579429673,0.03,1,1,1,0.0,0.3333333333333333,0.135,-1,-1,-1,1.0,1.0,-1.0,0.0,-0.3333333333333333,0.135,-1,-1,-1,0.356862745098039,0.694117647058824,0.803921568627451
64.64161491394043,0.0,0.1885120254156447,0.03,1,1,1,0.0,0.3333333333333333,0.135,-1,-1,-1,1.0,1.0,-1.0,0.0,-0.3333333333333333,0.135,-1,-1,-1,0.356862745098039,0.694117647058824,0.803921568627451
64.67560172080994,0.0,0.1953930550369927,0.03,1,1,1,0.0,0.3333333333333333,0.135,-1,-1,-1,1.0,1.0,-1.0,0.0,-0.3333333333333333,0.135,-1,-1,-1,0.356862745098039,0.694117647058824,0.803921568627451
64.71006488800049,0.0,0.20227408465834068,0.03,1,1,1,0.0,0.3333333333333333,0.135,-1,-1,-1,1.0,1.0,-1.0,0.0,-0.3333333333333333,0.135,-1,-1,-1,0.356862745098039,0.694117647058824,0.803921568627451
64.74494814872742,0.0,0.20915511427968866,0.03,1,1,1,0.0,0.3333333333333333,0.135,-1,-1,-1,1.0,1.0,-1.0,0.0,-0.3333333333333333,0.135,-1,-1,-1,0.356862745098039,0.694117647058824,0.803921568627451
64.77959775924683,0.0,0.21603614390103665,0.03,1,1,1,0.0,0.3333333333333333,0.135,-1,-1,-1,1.0,1.0,-1.0,0.0,-0.3333333333333333,0.135,-1,-1,-1,0.356862745098039,0.694117647058824,0.803921568627451
64.82416105270386,0.0,0.22291717352238463,0.03,1,1,1,0.0,0.3333333333333333,0.135,-1,-1,-1,1.0,1.0,-1.0,0.0,-0.3333333333333333,0.135,-1,-1,-1,0.356862745098039,0.694117647058824,0.803921568627451
64.85763621330261,0.0,0.22979820314373262,0.03,1,1,1,0.0,0.3333333333333333,0.135,-1,-1,-1,1.0,1.0,-1.0,0.0,-0.3333333333333333,0.135,-1,-1,-1,0.356862745098039,0.694117647058824,0.803921568627451
64.89017581939697,0.0,0.2366792327650806,0.03,1,1,1,0.0,0.3333333333333333,0.135,-1,-1,-1,1.0,1.0,-1.0,0.0,-0.3333333333333333,0.135,-1,-1,-1,0.356862745098039,0.694117647058824,0.803921568627451
64.92521071434021,0.0,0.24356026238642844,0.03,1,1,1,0.0,0.3333333333333333,0.135,-1,-1,-1,1.0,1.0,-1.0,0.0,-0.3333333333333333,0.135,-1,-1,-1,0.356862745098039,0.694117647058824,0.803921568627451
64.959787607193,0.0,0.25044129200777654,0.03,1,1,1,0.0,0.3333333333333333,0.135,-1,-1,-1,1.0,1.0,-1.0,0.0,-0.3333333333333333,0.135,-1,-1,-1,0.356862745098039,0.694117647058824,0.803921568627451
65.00165224075317,0.0,0.25732232162912466,0.03,1,1,1,0.0,0.3333333333333333,0.135,-1,-1,-1,1.0,1.0,-1.0,0.0,-0.3333333333333333,0.135,-1,-1,-1,0.356862745098039,0.694117647058824,0.803921568627451
65.03639960289001,0.0,0.2642033512504728,0.03,1,1,1,0.0,0.3333333333333333,0.135,-1,-1,-1,1.0,1.0,-1.0,0.0,-0.3333333333333333,0.135,-1,-1,-1,0.356862745098039,0.694117647058824,0.803921568627451
65.07126069068909,0.0,0.2710843808718209,0.03,1,1,1,0.0,0.3333333333333333,0.135,-1,-1,-1,1.0,1.0,-1.0,0.0,-0.3333333333333333,0.135,-1,-1,-1,0.356862745098039,0.694117647058824,0.803921568627451
65.10610914230347,0.0,0.27796541049316903,0.03,1,1,1,0.0,0.3333333333333333,0.135,-1,-1,-1,1.0,1.0,-1.0,0.0,-0.3333333333333333,0.135,-1,-1,-1,0.356862745098039,0.694117647058824,0.803921568627451
65.140780210495,0.0,0.28484644011451715,0.03,1,1,1,0.0,0.3333333333333333,0.135,-1,-1,-1,1.0,1.0,-1.0,0.0,-0.3333333333333333,0.135,-1,-1,-1,0.356862745098039,0.694117647058824,0.803921568627451
65.18222999572754,0.0,0.2917274697358653,0.03,1,1,1,0.0,0.3333333333333333,0.135,-1,-1,-1,1.0,1.0,-1.0,0.0,-0.3333333333333333,0.135,-1,-1,-1,0.356862745098039,0.694117647058824,0.803921568627451
65.21686792373657,0.0,0.2986084993572134,0.03,1,1,1,0.0,0.3333333333333333,0.135,-1,-1,-1,1.0,1.0,-1.0,0.0,-0.3333333333333333,0.135,-1,-1,-1,0.356862745098039,0.694117647058824,0.803921568627451
65.25208139419556,0.0,0.3054895289785615,0.03,1,1,1,0.0,0.3333333333333333,0.135,-1,-1,-1,1.0,1.0,-1.0,0.0,-0.3333333333333333,0.135,-1,-1,-1,0.356862745098039,0.694117647058824,0.803921568627451
65.28655672073364,0.0,0.31237055859990964,0.03,1,1,1,0.0,0.3333333333333333,0.135,-1,-1,-1,1.0,1.0,-1.0,0.0,-0.3333333333333333,0.135,-1,-1,-1,0.356862745098039,0.694117647058824,0.803921568627451
65.32442259788513,0.0,0.31925158822125776,0.03,1,1,1,0.0,0.3333333333333333,0.135,-1,-1,-1,1.0,1.0,-1.0,0.0,-0.3333333333333333,0.135,-1,-1,-1,0.356862745098039,0.694117647058824,0.803921568627451
65.3593647480011,0.0,0.3261326178426059,0.03,1,1,1,0.0,0.3333333333333333,0.135,-1,-1,-1,1.0,1.0,-1.0,0.0,-0.3333333333333333,0.135,-1,-1,-1,0.356862745098039,0.694117647058824,0.803921568627451
65.39801073074341,0.0,0.333013647463954,0.03,1,1,1,0.0,0.3333333333333333,0.135,-1,-1,-1,1.0,1.0,-1.0,0.0,-0.3333333333333333,0.135,-1,-1,-1,0.356862745098039,0.694117647058824,0.803921568627451
65.43240761756897,0.0,0.0,0.03,1,1,1,0.0,0.3333333333333333,0.12150000000000001,1,1,1,1.0,1.0,-1.0,0.0,-0.3333333333333333,0.135,-1,-1,-1,0.356862745098039,0.694117647058824,0.803921568627451
65.46645617485046,0.0,0.0,0.03,1,1,1,0.0,0.3333333333333333,0.12150000000000001,1,1,1,1.0,1.0,-1.0,0.0,-0.3333333333333333,0.135,-1,-1,-1,0.356862745098039,0.694117647058824,0.803921568627451
65.5019154548645,0.0,0.0,0.03,1,1,1,0.0,0.3333333333333333,0.12150000000000001,1,1,1,1.0,1.0,-1.0,0.0,-0.3333333333333333,0.135,-1,-1,-1,0.356862745098039,0.694117647058824,0.803921568627451
65.53656530380249,0.0,0.0,0.03,1,1,1,0.0,0.3333333333333333,0.12150000000000001,1,1,1,1.0,1.0,-1.0,0.0,-0.3333333333333333,0.135,-1,-1,-1,0.356862745098039,0.694117647058824,0.803921568627451
65.57880449295044,0.0,0.0,0.03,1,1,1,0.0,0.3333333333333333,0.12150000000000001,1,1,1,1.0,1.0,-1.0,0.0,-0.3333333333333333,0.135,-1,-1,-1,0.356862745098039,0.694117647058824,0.803921568627451
65.61340808868408,0.0,0.0,0.03,1,1,1,0.0,0.3333333333333333,0.12150000000000001,1,1,1,1.0,1.0,-1.0,0.0,-0.3333333333333333,0.135,-1,-1,-1,0.356862745098039,0.694117647058824,0.803921568627451
65.6473171710968,0.0,0.0,0.03,1,1,1,0.0,0.3333333333333333,0.12150000000000001,1,1,1,1.0,1.0,-1.0,0.0,-0.3333333333333333,0.135,-1,-1,-1,0.356862745098039,0.694117647058824,0.803921568627451
65.68237090110779,0.0,0.0,0.03,1,1,1,0.0,0.3333333333333333,0.12150000000000001,1,1,1,1.0,1.0,-1.0,0.0,-0.3333333333333333,0.135,-1,-1,-1,0.356862745098039,0.694117647058824,0.803921568627451
65.71687698364258,0.0,0.0,0.03,1,1,1,0.0,0.3333333333333333,0.12150000000000001,1,1,1,1.0,1.0,-1.0,0.0,-0.3333333333333333,0.135,-1,-1,-1,0.356862745098039,0.694117647058824,0.803921568627451
65.76262521743774,0.0,0.0,0.03,1,1,1,0.0,0.3333333333333333,0.12150000000000001,1,1,1,1.0,1.0,-1.0,0.0,-0.3333333333333333,0.135,-1,-1,-1,0.356862745098039,0.694117647058824,0.803921568627451
65.80057978630066,0.0,0.0,0.03,1,1,1,0.0,0.3333333333333333,0.12150000000000001,1,1,1,1.0,1.0,-1.0,0.0,-0.3333333333333333,0.135,-1,-1,-1,0.356862745098039,0.694117647058824,0.803921568627451
65.8349552154541,0.0,0.0,0.03,1,1,1,0.0,0.3333333333333333,0.12150000000000001,1,1,1,1.0,1.0,-1.0,0.0,-0.3333333333333333,0.135,-1,-1,-1,0.356862745098039,0.694117647058824,0.803921568627451
65.86956524848938,0.0,0.0,0.03,1,1,1,0.0,0.3333333333333333,0.12150000000000001,1,1,1,1.0,1.0,-1.0,0.0,-0.3333333333333333,0.135,-1,-1,-1,0.356862745098039,0.694117647058824,0.803921568627451
65.90423512458801,0.0,0.0,0.03,1,1,1,0.0,0.3333333333333333,0.12150000000000001,1,1,1,1.0,1.0,-1.0,0.0,-0.3333333333333333,0.135,-1,-1,-1,0.356862745098039,0.694117647058824,0.803921568627451
65.9393618106842,0.0,0.0,0.03,1,1,1,0.0,0.3333333333333333,0.12150000000000001,1,1,1,1.0,1.0,-1.0,0.0,-0.3333333333333333,0.135,-1,-1,-1,0.356862745098039,0.694117647058824,0.803921568627451
65.98149585723877,0.0,0.0,0.03,1,1,1,0.0,0.3333333333333333,0.12150000000000001,1,1,1,1.0,1.0,-1.0,0.0,-0.3333333333333333,0.135,-1,-1,-1,0.356862745098039,0.694117647058824,0.803921568627451
66.01541376113892,0.0,0.0,0.03,1,1,1,0.0,0.3333333333333333,0.12150000000000001,1,1,1,1.0,1.0,-1.0,0.0,-0.3333333333333333,0.135,-1,-1,-1,0.356862745098039,0.694117647058824,0.803921568627451
66.05053520202637,0.0,0.0,0.03,1,1,1,0.0,0.3333333333333333,0.12150000000000001,1,1,1,1.0,1.0,-1.0,0.0,-0.3333333333333333,0.135,-1,-1,-1,0.356862745098039,0.694117647058824,0.803921568627451
66.0858142375946,0.0,0.0,0.03,1,1,1,0.0,0.3333333333333333,0.12150000000000001,1,1,1,1.0,1.0,-1.0,0.0,-0.3333333333333333,0.135,-1,-1,-1,0.356862745098039,0.694117647058824,0.803921568627451
66.1199254989624,0.0,0.0,0.03,1,1,1,0.0,0.3333333333333333,0.12150000000000001,1,1,1,1.0,1.0,-1.0,0.0,-0.3333333333333333,0.135,-1,-1,-1,0.356862745098039,0.694117647058824,0.803921568627451
66.1650002002716,0.0,0.0,0.03,1,1,1,0.0,0.3333333333333333,0.12150000000000001,1,1,1,1.0,1.0,-1.0,0.0,-0.3333333333333333,0.135,-1,-1,-1,0.356862745098039,0.694117647058824,0.803921568627451
66.20332646369934,0.0,0.0,0.03,1,1,1,0.0,0.3333333333333333,0.12150000000000001,1,1,1,1.0,1.0,-1.0,0.0,-0.3333333333333333,0.135,-1,-1,-1,0.356862745098039,0.694117647058824,0.803921568627451
66.23813557624817,0.0,0.0,0.03,1,1,1,0.0,0.3333333333333333,0.12150000000000001,1,1,1,1.0,1.0,-1.0,0.0,-0.3333333333333333,0.135,-1,-1,-1,0.356862745098039,0.694117647058824,0.803921568627451
66.27224826812744,0.0,0.0,0.03,1,1,1,0.0,0.3333333333333333,0.12150000000000001,1,1,1,1.0,1.0,-1.0,0.0,-0.3333333333333333,0.135,-1,-1,-1,0.356862745098039,0.694117647058824,0.803921568627451
66.307044506073,0.0,0.0,0.03,1,1,1,0.0,0.3333333333333333,0.12150000000000001,1,1,1,1.0,1.0,-1.0,0.0,-0.3333333333333333,0.135,-1,-1,-1,0.356862745098039,0.694117647058824,0.803921568627451
66.34182786941528,0.0,0.0,0.03,1,1,1,0.0,0.3333333333333333,0.12150000000000001,1,1,1,1.0,1.0,-1.0,0.0,-0.3333333333333333,0.135,-1,-1,-1,0.356862745098039,0.694117647058824,0.803921568627451
66.38480687141418,0.0,0.0,0.03,1,1,1,0.0,0.3333333333333333,0.12150000000000001,1,1,1,1.0,1.0,-1.0,0.0,-0.3333333333333333,0.135,-1,-1,-1,0.356862745098039,0.694117647058824,0.803921568627451
66.41888117790222,0.0,0.0,0.03,1,1,1,0.0,0.3333333333333333,0.12150000000000001,1,1,1,1.0,1.0,-1.0,0.0,-0.3333333333333333,0.135,-1,-1,-1,0.356862745098039,0.694117647058824,0.803921568627451
66.45465302467346,0.0,0.0,0.03,1,1,1,0.0,0.3333333333333333,0.12150000000000001,1,1,1,1.0,1.0,-1.0,0.0,-0.3333333333333333,0.135,-1,-1,-1,0.356862745098039,0.694117647058824,0.803921568627451
66.48814558982849,0.0,0.0,0.03,1,1,1,0.0,0.3333333333333333,0.12150000000000001,1,1,1,1.0,1.0,-1.0,0.0,-0.3333333333333333,0.135,-1,-1,-1,0.356862745098039,0.694117647058824,0.803921568627451
66.5229058265686,0.0,0.0,0.03,1,1,1,0.0,0.3333333333333333,0.12150000000000001,1,1,1,1.0,1.0,-1.0,0.0,-0.3333333333333333,0.135,-1,-1,-1,0.356862745098039,0.694117647058824,0.803921568627451
66.5572817325592,0.0,0.0,0.03,1,1,1,0.0,0.3333333333333333,0.12150000000000001,1,1,1,1.0,1.0,-1.0,0.0,-0.3333333333333333,0.135,-1,-1,-1,0.356862745098039,0.694117647058824,0.803921568627451
66.60154509544373,0.0,0.0,0.03,1,1,1,0.0,0.3333333333333333,0.12150000000000001,1,1,1,1.0,1.0,-1.0,0.0,-0.3333333333333333,0.135,-1,-1,-1,0.356862745098039,0.694117647058824,0.803921568627451
66.6359395980835,0.0,-0.00037708548212825094,0.03,1,1,1,0.0,0.3333333333333333,0.12150000000000001,-1,-1,-1,1.0,1.0,-1.0,0.0,-0.3333333333333333,0.135,-1,-1,-1,0.356862745098039,0.694117647058824,0.803921568627451
66.66930389404297,0.0,-0.001005561285675336,0.03,1,1,1,0.0,0.3333333333333333,0.12150000000000001,-1,-1,-1,1.0,1.0,-1.0,0.0,-0.3333333333333333,0.135,-1,-1,-1,0.356862745098039,0.694117647058824,0.803921568627451
66.7036554813385,0.0,-0.001634037089222421,0.03,1,1,1,0.0,0.3333333333333333,0.12150000000000001,-1,-1,-1,1.0,1.0,-1.0,0.0,-0.3333333333333333,0.135,-1,-1,-1,0.356862745098039,0.694117647058824,0.803921568627451
66.73873329162598,0.0,-0.0022625128927695063,0.03,1,1,1,0.0,0.3333333333333333,0.12150000000000001,-1,-1,-1,1.0,1.0,-1.0,0.0,-0.3333333333333333,0.135,-1,-1,-1,0.356862745098039,0.694117647058824,0.803921568627451
66.77333211898804,0.0,-0.0028909886963165913,0.03,1,1,1,0.0,0.3333333333333333,0.12150000000000001,-1,-1,-1,1.0,1.0,-1.0,0.0,-0.3333333333333333,0.135,-1,-1,-1,0.356862745098039,0.694117647058824,0.803921568627451
66.8216278553009,0.0,-0.0035194644998636764,0.03,1,1,1,0.0,0.3333333333333333,0.12150000000000001,-1,-1,-1,1.0,1.0,-1.0,0.0,-0.3333333333333333,0.135,-1,-1,-1,0.356862745098039,0.694117647058824,0.803921568627451
66.8568115234375,0.0,-0.004147940303410761,0.03,1,1,1,0.0,0.3333333333333333,0.12150000000000001,-1,-1,-1,1.0,1.0,-1.0,0.0,-0.3333333333333333,0.135,-1,-1,-1,0.356862745098039,0.694117647058824,0.803921568627451
66.89068579673767,0.0,-0.004776416106957844,0.03,1,1,1,0.0,0.3333333333333333,0.12150000000000001,-1,-1,-1,1.0,1.0,-1.0,0.0,-0.3333333333333333,0.135,-1,-1,-1,0.356862745098039,0.694117647058824,0.803921568627451
66.92561745643616,0.0,-0.005404891910504927,0.03,1,1,1,0.0,0.3333333333333333,0.12150000000000001,-1,-1,-1,1.0,1.0,-1.0,0.0,-0.3333333333333333,0.135,-1,-1,-1,0.356862745098039,0.694117647058824,0.803921568627451
66.96033382415771,0.0,-0.00603336771405201,0.03,1,1,1,0.0,0.3333333333333333,0.12150000000000001,-1,-1,-1,1.0,1.0,-1.0,0.0,-0.3333333333333333,0.135,-1,-1,-1,0.356862745098039,0.694117647058824,0.803921568627451
67.0047128200531,0.0,-0.006661843517599093,0.03,1,1,1,0.0,0.3333333333333333,0.12150000000000001,-1,-1,-1,1.0,1.0,-1.0,0.0,-0.3333333333333333,0.135,-1,-1,-1,0.356862745098039,0.694117647058824,0.803921568627451
67.03855466842651,0.0,-0.007290319321146176,0.03,1,1,1,0.0,0.3333333333333333,0.12150000000000001,-1,-1,-1,1.0,1.0,-1.0,0.0,-0.3333333333333333,0.135,-1,-1,-1,0.356862745098039,0.694117647058824,0.803921568627451
67.07209157943726,0.0,-0.00791879512469326,0.03,1,1,1,0.0,0.3333333333333333,0.12150000000000001,-1,-1,-1,1.0,1.0,-1.0,0.0,-0.3333333333333333,0.135,-1,-1,-1,0.356862745098039,0.694117647058824,0.803921568627451
67.10759425163269,0.0,-0.008547270928240343,0.03,1,1,1,0.0,0.3333333333333333,0.12150000000000001,-1,-1,-1,1.0,1.0,-1.0,0.0,-0.3333333333333333,0.135,-1,-1,-1,0.356862745098039,0.694117647058824,0.803921568627451
67.14162111282349,0.0,-0.009175746731787426,0.03,1,1,1,0.0,0.3333333333333333,0.12150000000000001,-1,-1,-1,1.0,1.0,-1.0,0.0,-0.3333333333333333,0.135,-1,-1,-1,0.356862745098039,0.694117647058824,0.803921568627451
67.18977642059326,0.0,-0.009804222535334509,0.03,1,1,1,0.0,0.3333333333333333,0.12150000000000001,-1,-1,-1,1.0,1.0,-1.0,0.0,-0.3333333333333333,0.135,-1,-1,-1,0.356862745098039,0.694117647058824,0.803921568627451
67.22434854507446,0.0,-0.010432698338881592,0.03,1,1,1,0.0,0.3333333333333333,0.12150000000000001,-1,-1,-1,1.0,1.0,-1.0,0.0,-0.3333333333333333,0.135,-1,-1,-1,0.356862745098039,0.694117647058824,0.803921568627451
67.25882315635681,0.0,-0.011061174142428675,0.03,1,1,1,0.0,0.3333333333333333,0.12150000000000001,-1,-1,-1,1.0,1.0,-1.0,0.0,-0.3333333333333333,0.135,-1,-1,-1,0.356862745098039,0.694117647058824,0.803921568627451
67.29415702819824,0.0,-0.011689649945975758,0.03,1,1,1,0.0,0.3333333333333333,0.12150000000000001,-1,-1,-1,1.0,1.0,-1.0,0.0,-0.3333333333333333,0.135,-1,-1,-1,0.356862745098039,0.694117647058824,0.803921568627451
67.32870125770569,0.0,-0.01231812574952284,0.03,1,1,1,0.0,0.3333333333333333,0.12150000000000001,-1,-1,-1,1.0,1.0,-1.0,0.0,-0.3333333333333333,0.135,-1,-1,-1,0.356862745098039,0.694117647058824,0.803921568627451
67.37465929985046,0.0,-0.012946601553069923,0.03,1,1,1,0.0,0.3333333333333333,0.12150000000000001,-1,-1,-1,1.0,1.0,-1.0,0.0,-0.3333333333333333,0.135,-1,-1,-1,0.356862745098039,0.694117647058824,0.803921568627451
67.41210198402405,0.0,-0.013575077356617006,0.03,1,1,1,0.0,0.3333333333333333,0.12150000000000001,-1,-1,-1,1.0,1.0,-1.0,0.0,-0.3333333333333333,0.135,-1,-1,-1,0.356862745098039,0.694117647058824,0.803921568627451
67.44692873954773,0.0,-0.01420355316016409,0.03,1,1,1,0.0,0.3333333333333333,0.12150000000000001,-1,-1,-1,1.0,1.0,-1.0,0.0,-0.3333333333333333,0.135,-1,-1,-1,0.356862745098039,0.694117647058824,0.803921568627451
67.48765349388123,0.0,-0.014832028963711174,0.03,1,1,1,0.0,0.3333333333333333,0.12150000000000001,-1,-1,-1,1.0,1.0,-1.0,0.0,-0.3333333333333333,0.135,-1,-1,-1,0.356862745098039,0.694117647058824,0.803921568627451
67.53695178031921,0.0,-0.015460504767258253,0.03,1,1,1,0.0,0.3333333333333333,0.12150000000000001,-1,-1,-1,1.0,1.0,-1.0,0.0,-0.3333333333333333,0.135,-1,-1,-1,0.356862745098039,0.694117647058824,0.803921568627451
67.57852220535278,0.0,-0.016088980570805336,0.03,1,1,1,0.0,0.3333333333333333,0.12150000000000001,-1,-1,-1,1.0,1.0,-1.0,0.0,-0.3333333333333333,0.135,-1,-1,-1,0.356862745098039,0.694117647058824,0.803921568627451
67.61347961425781,0.0,-0.01671745637435242,0.03,1,1,1,0.0,0.3333333333333333,0.12150000000000001,-1,-1,-1,1.0,1.0,-1.0,0.0,-0.3333333333333333,0.135,-1,-1,-1,0.356862745098039,0.694117647058824,0.803921568627451
67.64755034446716,0.0,-0.017345932177899502,0.03,1,1,1,0.0,0.3333333333333333,0.12150000000000001,-1,-1,-1,1.0,1.0,-1.0,0.0,-0.3333333333333333,0.135,-1,-1,-1,0.356862745098039,0.694117647058824,0.803921568627451
67.68271565437317,0.0,-0.017974407981446585,0.03,1,1,1,0.0,0.3333333333333333,0.12150000000000001,-1,-1,-1,1.0,1.0,-1.0,0.0,-0.3333333333333333,0.135,-1,-1,-1,0.356862745098039,0.694117647058824,0.803921568627451
67.72149324417114,0.0,-0.018602883784993668,0.03,1,1,1,0.0,0.3333333333333333,0.12150000000000001,-1,-1,-1,1.0,1.0,-1.0,0.0,-0.3333333333333333,0.135,-1,-1,-1,0.356862745098039,0.694117647058824,0.803921568627451
67.75770449638367,0.0,-0.01923135958854075,0.03,1,1,1,0.0,0.3333333333333333,0.12150000000000001,-1,-1,-1,1.0,1.0,-1.0,0.0,-0.3333333333333333,0.135,-1,-1,-1,0.356862745098039,0.694117647058824,0.803921568627451
67.79249334335327,0.0,-0.019859835392087834,0.03,1,1,1,0.0,0.3333333333333333,0.12150000000000001,-1,-1,-1,1.0,1.0,-1.0,0.0,-0.3333333333333333,0.135,-1,-1,-1,0.356862745098039,0.694117647058824,0.803921568627451
67.82924556732178,0.0,-0.020236920874216083,0.03,1,1,1,0.0,0.3333333333333333,0.12150000000000001,-1,-1,-1,1.0,1.0,-1.0,0.0,-0.3333333333333333,0.135,-1,-1,-1,0.356862745098039,0.694117647058824,0.803921568627451
67.8700258731842,0.0,-0.020236920874216083,0.03,1,1,1,0.0,0.3333333333333333,0.12150000000000001,-1,-1,-1,1.0,1.0,-1.0,0.0,-0.3333333333333333,0.135,-1,-1,-1,0.356862745098039,0.694117647058824,0.803921568627451
67.9045557975769,0.0,-0.020236920874216083,0.03,1,1,1,0.0,0.3333333333333333,0.12150000000000001,-1,-1,-1,1.0,1.0,-1.0,0.0,-0.3333333333333333,0.135,-1,-1,-1,0.356862745098039,0.694117647058824,0.803921568627451
67.93990445137024,0.0,-0.020236920874216083,0.03,1,1,1,0.0,0.3333333333333333,0.12150000000000001,-1,-1,-1,1.0,1.0,-1.0,0.0,-0.3333333333333333,0.135,-1,-1,-1,0.356862745098039,0.694117647058824,0.803921568627451
67.98108839988708,0.0,-0.020236920874216083,0.03,1,1,1,0.0,0.3333333333333333,0.12150000000000001,-1,-1,-1,1.0,1.0,-1.0,0.0,-0.3333333333333333,0.135,-1,-1,-1,0.356862745098039,0.694117647058824,0.803921568627451
68.01641392707825,0.0,-0.020236920874216083,0.03,1,1,1,0.0,0.3333333333333333,0.12150000000000001,-1,-1,-1,1.0,1.0,-1.0,0.0,-0.3333333333333333,0.135,-1,-1,-1,0.356862745098039,0.694117647058824,0.803921568627451
68.05094814300537,0.0,-0.020236920874216083,0.03,1,1,1,0.0,0.3333333333333333,0.12150000000000001,-1,-1,-1,1.0,1.0,-1.0,0.0,-0.3333333333333333,0.135,-1,-1,-1,0.356862745098039,0.694117647058824,0.803921568627451
68.0896589756012,0.0,-0.020236920874216083,0.03,1,1,1,0.0,0.3333333333333333,0.12150000000000001,-1,-1,-1,1.0,1.0,-1.0,0.0,-0.3333333333333333,0.135,-1,-1,-1,0.356862745098039,0.694117647058824,0.803921568627451
68.12455892562866,0.0,-0.020236920874216083,0.03,1,1,1,0.0,0.3333333333333333,0.12150000000000001,-1,-1,-1,1.0,1.0,-1.0,0.0,-0.3333333333333333,0.135,-1,-1,-1,0.356862745098039,0.694117647058824,0.803921568627451
68.16198086738586,0.0,-0.020236920874216083,0.03,1,1,1,0.0,0.3333333333333333,0.12150000000000001,-1,-1,-1,1.0,1.0,-1.0,0.0,-0.3333333333333333,0.135,-1,-1,-1,0.356862745098039,0.694117647058824,0.803921568627451
68.2039384841919,0.0,-0.020236920874216083,0.03,1,1,1,0.0,0.3333333333333333,0.12150000000000001,-1,-1,-1,1.0,1.0,-1.0,0.0,-0.3333333333333333,0.135,-1,-1,-1,0.356862745098039,0.694117647058824,0.803921568627451
68.23845481872559,0.0,-0.020236920874216083,0.03,1,1,1,0.0,0.3333333333333333,0.12150000000000001,-1,-1,-1,1.0,1.0,-1.0,0.0,-0.3333333333333333,0.135,-1,-1,-1,0.356862745098039,0.694117647058824,0.803921568627451
68.27287673950195,0.0,-0.020236920874216083,0.03,1,1,1,0.0,0.3333333333333333,0.12150000000000001,-1,-1,-1,1.0,1.0,-1.0,0.0,-0.3333333333333333,0.135,-1,-1,-1,0.356862745098039,0.694117647058824,0.803921568627451
68.31453442573547,0.0,-0.020236920874216083,0.03,1,1,1,0.0,0.3333333333333333,0.12150000000000001,-1,-1,-1,1.0,1.0,-1.0,0.0,-0.3333333333333333,0.135,-1,-1,-1,0.356862745098039,0.694117647058824,0.803921568627451
68.35805439949036,0.0,-0.020236920874216083,0.03,1,1,1,0.0,0.3333333333333333,0.12150000000000001,-1,-1,-1,1.0,1.0,-1.0,0.0,-0.3333333333333333,0.135,-1,-1,-1,0.356862745098039,0.694117647058824,0.803921568627451
68.39186644554138,0.0,-0.020236920874216083,0.03,1,1,1,0.0,0.3333333333333333,0.12150000000000001,-1,-1,-1,1.0,1.0,-1.0,0.0,-0.3333333333333333,0.135,-1,-1,-1,0.356862745098039,0.694117647058824,0.803921568627451
68.42626547813416,0.0,-0.020236920874216083,0.03,1,1,1,0.0,0.3333333333333333,0.12150000000000001,-1,-1,-1,1.0,1.0,-1.0,0.0,-0.3333333333333333,0.135,-1,-1,-1,0.356862745098039,0.694117647058824,0.803921568627451
68.46060466766357,0.0,-0.020236920874216083,0.03,1,1,1,0.0,0.3333333333333333,0.12150000000000001,-1,-1,-1,1.0,1.0,-1.0,0.0,-0.3333333333333333,0.135,-1,-1,-1,0.356862745098039,0.694117647058824,0.803921568627451
68.4954891204834,0.0,-0.020236920874216083,0.03,1,1,1,0.0,0.3333333333333333,0.12150000000000001,-1,-1,-1,1.0,1.0,-1.0,0.0,-0.3333333333333333,0.135,-1,-1,-1,0.356862745098039,0.694117647058824,0.803921568627451
68.53016829490662,0.0,-0.020236920874216083,0.03,1,1,1,0.0,0.3333333333333333,0.12150000000000001,-1,-1,-1,1.0,1.0,-1.0,0.0,-0.3333333333333333,0.135,-1,-1,-1,0.356862745098039,0.694117647058824,0.803921568627451
68.57255148887634,0.0,-0.020236920874216083,0.03,1,1,1,0.0,0.3333333333333333,0.12150000000000001,-1,-1,-1,1.0,1.0,-1.0,0.0,-0.3333333333333333,0.135,-1,-1,-1,0.356862745098039,0.694117647058824,0.803921568627451
68.60554766654968,0.0,-0.020236920874216083,0.03,1,1,1,0.0,0.3333333333333333,0.12150000000000001,-1,-1,-1,1.0,1.0,-1.0,0.0,-0.3333333333333333,0.135,-1,-1,-1,0.356862745098039,0.694117647058824,0.803921568627451
68.64087867736816,0.0,-0.020236920874216083,0.03,1,1,1,0.0,0.3333333333333333,0.12150000000000001,-1,-1,-1,1.0,1.0,-1.0,0.0,-0.3333333333333333,0.135,-1,-1,-1,0.356862745098039,0.694117647058824,0.803921568627451
68.67561769485474,0.0,-0.020236920874216083,0.03,1,1,1,0.0,0.3333333333333333,0.12150000000000001,-1,-1,-1,1.0,1.0,-1.0,0.0,-0.3333333333333333,0.135,-1,-1,-1,0.356862745098039,0.694117647058824,0.803921568627451
68.70997762680054,0.0,-0.020236920874216083,0.03,1,1,1,0.0,0.3333333333333333,0.12150000000000001,-1,-1,-1,1.0,1.0,-1.0,0.0,-0.3333333333333333,0.135,-1,-1,-1,0.356862745098039,0.694117647058824,0.803921568627451
68.75193166732788,0.0,-0.020236920874216083,0.03,1,1,1,0.0,0.3333333333333333,0.12150000000000001,-1,-1,-1,1.0,1.0,-1.0,0.0,-0.3333333333333333,0.135,-1,-1,-1,0.356862745098039,0.694117647058824,0.803921568627451
68.78654670715332,0.0,-0.020236920874216083,0.03,1,1,1,0.0,0.3333333333333333,0.12150000000000001,-1,-1,-1,1.0,1.0,-1.0,0.0,-0.3333333333333333,0.135,-1,-1,-1,0.356862745098039,0.694117647058824,0.803921568627451
68.82140636444092,0.0,-0.020236920874216083,0.03,1,1,1,0.0,0.3333333333333333,0.12150000000000001,-1,-1,-1,1.0,1.0,-1.0,0.0,-0.3333333333333333,0.135,-1,-1,-1,0.356862745098039,0.694117647058824,0.803921568627451
68.8559741973877,0.0,-0.020236920874216083,0.03,1,1,1,0.0,0.3333333333333333,0.12150000000000001,-1,-1,-1,1.0,1.0,-1.0,0.0,-0.3333333333333333,0.135,-1,-1,-1,0.356862745098039,0.694117647058824,0.803921568627451
68.8944890499115,0.0,-0.020236920874216083,0.03,1,1,1,0.0,0.3333333333333333,0.12150000000000001,-1,-1,-1,1.0,1.0,-1.0,0.0,-0.3333333333333333,0.135,-1,-1,-1,0.356862745098039,0.694117647058824,0.803921568627451
68.9296064376831,0.0,-0.020236920874216083,0.03,1,1,1,0.0,0.3333333333333333,0.12150000000000001,-1,-1,-1,1.0,1.0,-1.0,0.0,-0.3333333333333333,0.135,-1,-1,-1,0.356862745098039,0.694117647058824,0.803921568627451
68.96710872650146,0.0,-0.020236920874216083,0.03,1,1,1,0.0,0.3333333333333333,0.12150000000000001,-1,-1,-1,1.0,1.0,-1.0,0.0,-0.3333333333333333,0.135,-1,-1,-1,0.356862745098039,0.694117647058824,0.803921568627451
69.00124716758728,0.0,-0.020236920874216083,0.03,1,1,1,0.0,0.3333333333333333,0.12150000000000001,-1,-1,-1,1.0,1.0,-1.0,0.0,-0.3333333333333333,0.135,-1,-1,-1,0.356862745098039,0.694117647058824,0.803921568627451
69.03670477867126,0.0,-0.022083852628118864,0.03,1,1,1,0.0,0.3333333333333333,0.12150000000000001,-1,-1,-1,1.0,1.0,-1.0,0.0,-0.3333333333333333,0.135,-1,-1,-1,0.356862745098039,0.694117647058824,0.803921568627451
69.07146549224854,0.0,-0.02516207221795683,0.03,1,1,1,0.0,0.3333333333333333,0.12150000000000001,-1,-1,-1,1.0,1.0,-1.0,0.0,-0.3333333333333333,0.135,-1,-1,-1,0.356862745098039,0.694117647058824,0.803921568627451
69.105539560318,0.0,-0.028240291807794797,0.03,1,1,1,0.0,0.3333333333333333,0.12150000000000001,-1,-1,-1,1.0,1.0,-1.0,0.0,-0.3333333333333333,0.135,-1,-1,-1,0.356862745098039,0.694117647058824,0.803921568627451
69.14885950088501,0.0,-0.03131851139763276,0.03,1,1,1,0.0,0.3333333333333333,0.12150000000000001,-1,-1,-1,1.0,1.0,-1.0,0.0,-0.3333333333333333,0.135,-1,-1,-1,0.356862745098039,0.694117647058824,0.803921568627451
69.1822566986084,0.0,-0.03439673098747071,0.03,1,1,1,0.0,0.3333333333333333,0.12150000000000001,-1,-1,-1,1.0,1.0,-1.0,0.0,-0.3333333333333333,0.135,-1,-1,-1,0.356862745098039,0.694117647058824,0.803921568627451
69.2167718410492,0.0,-0.03747495057730866,0.03,1,1,1,0.0,0.3333333333333333,0.12150000000000001,-1,-1,-1,1.0,1.0,-1.0,0.0,-0.3333333333333333,0.135,-1,-1,-1,0.356862745098039,0.694117647058824,0.803921568627451
69.25161337852478,0.0,-0.04055317016714661,0.03,1,1,1,0.0,0.3333333333333333,0.12150000000000001,-1,-1,-1,1.0,1.0,-1.0,0.0,-0.3333333333333333,0.135,-1,-1,-1,0.356862745098039,0.694117647058824,0.803921568627451
69.28625631332397,0.0,-0.04363138975698456,0.03,1,1,1,0.0,0.3333333333333333,0.12150000000000001,-1,-1,-1,1.0,1.0,-1.0,0.0,-0.3333333333333333,0.135,-1,-1,-1,0.356862745098039,0.694117647058824,0.803921568627451
69.33093643188477,0.0,-0.04670960934682251,0.03,1,1,1,0.0,0.3333333333333333,0.12150000000000001,-1,-1,-1,1.0,1.0,-1.0,0.0,-0.3333333333333333,0.135,-1,-1,-1,0.356862745098039,0.694117647058824,0.803921568627451
69.36356735229492,0.0,-0.04978782893666046,0.03,1,1,1,0.0,0.3333333333333333,0.12150000000000001,-1,-1,-1,1.0,1.0,-1.0,0.0,-0.3333333333333333,0.135,-1,-1,-1,0.356862745098039,0.694117647058824,0.803921568627451
69.39855003356934,0.0,-0.052866048526498406,0.03,1,1,1,0.0,0.3333333333333333,0.12150000000000001,-1,-1,-1,1.0,1.0,-1.0,0.0,-0.3333333333333333,0.135,-1,-1,-1,0.356862745098039,0.694117647058824,0.803921568627451
69.4334728717804,0.0,-0.055944268116336356,0.03,1,1,1,0.0,0.3333333333333333,0.12150000000000001,-1,-1,-1,1.0,1.0,-1.0,0.0,-0.3333333333333333,0.135,-1,-1,-1,0.356862745098039,0.694117647058824,0.803921568627451
69.46702098846436,0.0,-0.059022487706174305,0.03,1,1,1,0.0,0.3333333333333333,0.12150000000000001,-1,-1,-1,1.0,1.0,-1.0,0.0,-0.3333333333333333,0.135,-1,-1,-1,0.356862745098039,0.694117647058824,0.803921568627451
69.50191020965576,0.0,-0.06210070729601227,0.03,1,1,1,0.0,0.3333333333333333,0.12150000000000001,-1,-1,-1,1.0,1.0,-1.0,0.0,-0.3333333333333333,0.135,-1,-1,-1,0.356862745098039,0.694117647058824,0.803921568627451
69.54388403892517,0.0,-0.06517892688585022,0.03,1,1,1,0.0,0.3333333333333333,0.12150000000000001,-1,-1,-1,1.0,1.0,-1.0,0.0,-0.3333333333333333,0.135,-1,-1,-1,0.356862745098039,0.694117647058824,0.803921568627451
69.5786144733429,0.0,-0.06825714647568817,0.03,1,1,1,0.0,0.3333333333333333,0.12150000000000001,-1,-1,-1,1.0,1.0,-1.0,0.0,-0.3333333333333333,0.135,-1,-1,-1,0.356862745098039,0.694117647058824,0.803921568627451
69.61299633979797,0.0,-0.07133536606552612,0.03,1,1,1,0.0,0.3333333333333333,0.12150000000000001,-1,-1,-1,1.0,1.0,-1.0,0.0,-0.3333333333333333,0.135,-1,-1,-1,0.356862745098039,0.694117647058824,0.803921568627451
69.6484158039093,0.0,-0.07441358565536407,0.03,1,1,1,0.0,0.3333333333333333,0.12150000000000001,-1,-1,-1,1.0,1.0,-1.0,0.0,-0.3333333333333333,0.135,-1,-1,-1,0.356862745098039,0.694117647058824,0.803921568627451
69.690110206604,0.0,-0.07749180524520202,0.03,1,1,1,0.0,0.3333333333333333,0.12150000000000001,-1,-1,-1,1.0,1.0,-1.0,0.0,-0.3333333333333333,0.135,-1,-1,-1,0.356862745098039,0.694117647058824,0.803921568627451
69.73370933532715,0.0,-0.08057002483503997,0.03,1,1,1,0.0,0.3333333333333333,0.12150000000000001,-1,-1,-1,1.0,1.0,-1.0,0.0,-0.3333333333333333,0.135,-1,-1,-1,0.356862745098039,0.694117647058824,0.803921568627451
69.7672758102417,0.0,-0.08364824442487792,0.03,1,1,1,0.0,0.3333333333333333,0.12150000000000001,-1,-1,-1,1.0,1.0,-1.0,0.0,-0.3333333333333333,0.135,-1,-1,-1,0.356862745098039,0.694117647058824,0.803921568627451
69.80211162567139,0.0,-0.08672646401471587,0.03,1,1,1,0.0,0.3333333333333333,0.12150000000000001,-1,-1,-1,1.0,1.0,-1.0,0.0,-0.3333333333333333,0.135,-1,-1,-1,0.356862745098039,0.694117647058824,0.803921568627451
69.83642315864563,0.0,-0.08980468360455382,0.03,1,1,1,0.0,0.3333333333333333,0.12150000000000001,-1,-1,-1,1.0,1.0,-1.0,0.0,-0.3333333333333333,0.135,-1,-1,-1,0.356862745098039,0.694117647058824,0.803921568627451
69.87120008468628,0.0,-0.09288290319439177,0.03,1,1,1,0.0,0.3333333333333333,0.12150000000000001,-1,-1,-1,1.0,1.0,-1.0,0.0,-0.3333333333333333,0.135,-1,-1,-1,0.356862745098039,0.694117647058824,0.803921568627451
69.91972327232361,0.0,-0.09596112278422972,0.03,1,1,1,0.0,0.3333333333333333,0.12150000000000001,-1,-1,-1,1.0,1.0,-1.0,0.0,-0.3333333333333333,0.135,-1,-1,-1,0.356862745098039,0.694117647058824,0.803921568627451
69.95407795906067,0.0,-0.09903934237406767,0.03,1,1,1,0.0,0.3333333333333333,0.12150000000000001,-1,-1,-1,1.0,1.0,-1.0,0.0,-0.3333333333333333,0.135,-1,-1,-1,0.356862745098039,0.694117647058824,0.803921568627451
69.98853468894958,0.0,-0.10211756196390562,0.03,1,1,1,0.0,0.3333333333333333,0.12150000000000001,-1,-1,-1,1.0,1.0,-1.0,0.0,-0.3333333333333333,0.135,-1,-1,-1,0.356862745098039,0.694117647058824,0.803921568627451
70.0236029624939,0.0,-0.10519578155374357,0.03,1,1,1,0.0,0.3333333333333333,0.12150000000000001,-1,-1,-1,1.0,1.0,-1.0,0.0,-0.3333333333333333,0.135,-1,-1,-1,0.356862745098039,0.694117647058824,0.803921568627451
70.06801533699036,0.0,-0.10827400114358152,0.03,1,1,1,0.0,0.3333333333333333,0.12150000000000001,-1,-1,-1,1.0,1.0,-1.0,0.0,-0.3333333333333333,0.135,-1,-1,-1,0.356862745098039,0.694117647058824,0.803921568627451
70.10690784454346,0.0,-0.11135222073341947,0.03,1,1,1,0.0,0.3333333333333333,0.12150000000000001,-1,-1,-1,1.0,1.0,-1.0,0.0,-0.3333333333333333,0.135,-1,-1,-1,0.356862745098039,0.694117647058824,0.803921568627451
70.14854788780212,0.0,-0.11443044032325742,0.03,1,1,1,0.0,0.3333333333333333,0.12150000000000001,-1,-1,-1,1.0,1.0,-1.0,0.0,-0.3333333333333333,0.135,-1,-1,-1,0.356862745098039,0.694117647058824,0.803921568627451
70.18327403068542,0.0,-0.11750865991309536,0.03,1,1,1,0.0,0.3333333333333333,0.12150000000000001,-1,-1,-1,1.0,1.0,-1.0,0.0,-0.3333333333333333,0.135,-1,-1,-1,0.356862745098039,0.694117647058824,0.803921568627451
70.21793675422668,0.0,-0.12058687950293331,0.03,1,1,1,0.0,0.3333333333333333,0.12150000000000001,-1,-1,-1,1.0,1.0,-1.0,0.0,-0.3333333333333333,0.135,-1,-1,-1,0.356862745098039,0.694117647058824,0.803921568627451
70.25358557701111,0.0,-0.11100613233478102,0.03,1,1,1,0.0,0.3333333333333333,0.12150000000000001,-1,-1,-1,1.0,1.0,-1.0,0.0,-0.3333333333333333,0.135,-1,-1,-1,0.356862745098039,0.694117647058824,0.803921568627451
70.29416632652283,0.0,-0.10142538516662873,0.03,1,1,1,0.0,0.3333333333333333,0.12150000000000001,-1,-1,-1,1.0,1.0,-1.0,0.0,-0.3333333333333333,0.135,-1,-1,-1,0.356862745098039,0.694117647058824,0.803921568627451
70.3375551700592,0.0,-0.09184463799847645,0.03,1,1,1,0.0,0.3333333333333333,0.12150000000000001,-1,-1,-1,1.0,1.0,-1.0,0.0,-0.3333333333333333,0.135,-1,-1,-1,0.356862745098039,0.694117647058824,0.803921568627451
70.37160277366638,0.0,-0.08226389083032416,0.03,1,1,1,0.0,0.3333333333333333,0.12150000000000001,-1,-1,-1,1.0,1.0,-1.0,0.0,-0.3333333333333333,0.135,-1,-1,-1,0.356862745098039,0.694117647058824,0.803921568627451
70.40483522415161,0.0,-0.07268314366217188,0.03,1,1,1,0.0,0.3333333333333333,0.12150000000000001,-1,-1,-1,1.0,1.0,-1.0,0.0,-0.3333333333333333,0.135,-1,-1,-1,0.356862745098039,0.694117647058824,0.803921568627451
70.44137835502625,0.0,-0.0631023964940196,0.03,1,1,1,0.0,0.3333333333333333,0.12150000000000001,-1,-1,-1,1.0,1.0,-1.0,0.0,-0.3333333333333333,0.135,-1,-1,-1,0.356862745098039,0.694117647058824,0.803921568627451
70.47539591789246,0.0,-0.053521649325867275,0.03,1,1,1,0.0,0.3333333333333333,0.12150000000000001,-1,-1,-1,1.0,1.0,-1.0,0.0,-0.3333333333333333,0.135,-1,-1,-1,0.356862745098039,0.694117647058824,0.803921568627451
70.52357864379883,0.0,-0.043940902157714956,0.03,1,1,1,0.0,0.3333333333333333,0.12150000000000001,-1,-1,-1,1.0,1.0,-1.0,0.0,-0.3333333333333333,0.135,-1,-1,-1,0.356862745098039,0.694117647058824,0.803921568627451
70.56513929367065,0.0,-0.03436015498956264,0.03,1,1,1,0.0,0.3333333333333333,0.12150000000000001,-1,-1,-1,1.0,1.0,-1.0,0.0,-0.3333333333333333,0.135,-1,-1,-1,0.356862745098039,0.694117647058824,0.803921568627451
70.60993075370789,0.0,-0.024779407821410332,0.03,1,1,1,0.0,0.3333333333333333,0.12150000000000001,-1,-1,-1,1.0,1.0,-1.0,0.0,-0.3333333333333333,0.135,-1,-1,-1,0.356862745098039,0.694117647058824,0.803921568627451
70.64899802207947,0.0,-0.01519866065325803,0.03,1,1,1,0.0,0.3333333333333333,0.12150000000000001,-1,-1,-1,1.0,1.0,-1.0,0.0,-0.3333333333333333,0.135,-1,-1,-1,0.356862745098039,0.694117647058824,0.803921568627451
70.68258881568909,0.0,-0.00561791348510572,0.03,1,1,1,0.0,0.3333333333333333,0.12150000000000001,-1,-1,-1,1.0,1.0,-1.0,0.0,-0.3333333333333333,0.135,-1,-1,-1,0.356862745098039,0.694117647058824,0.803921568627451
70.7170627117157,0.0,0.003962833683046589,0.03,1,1,1,0.0,0.3333333333333333,0.12150000000000001,-1,-1,-1,1.0,1.0,-1.0,0.0,-0.3333333333333333,0.135,-1,-1,-1,0.356862745098039,0.694117647058824,0.803921568627451
70.75221753120422,0.0,0.013543580851198899,0.03,1,1,1,0.0,0.3333333333333333,0.12150000000000001,-1,-1,-1,1.0,1.0,-1.0,0.0,-0.3333333333333333,0.135,-1,-1,-1,0.356862745098039,0.694117647058824,0.803921568627451
70.79438638687134,0.0,0.023124328019351204,0.03,1,1,1,0.0,0.3333333333333333,0.12150000000000001,-1,-1,-1,1.0,1.0,-1.0,0.0,-0.3333333333333333,0.135,-1,-1,-1,0.356862745098039,0.694117647058824,0.803921568627451
70.82876968383789,0.0,0.032705075187503506,0.03,1,1,1,0.0,0.3333333333333333,0.12150000000000001,-1,-1,-1,1.0,1.0,-1.0,0.0,-0.3333333333333333,0.135,-1,-1,-1,0.356862745098039,0.694117647058824,0.803921568627451
70.862783908844,0.0,0.042285822355655825,0.03,1,1,1,0.0,0.3333333333333333,0.12150000000000001,-1,-1,-1,1.0,1.0,-1.0,0.0,-0.3333333333333333,0.135,-1,-1,-1,0.356862745098039,0.694117647058824,0.803921568627451
70.89735126495361,0.0,0.051866569523808144,0.03,1,1,1,0.0,0.3333333333333333,0.12150000000000001,-1,-1,-1,1.0,1.0,-1.0,0.0,-0.3333333333333333,0.135,-1,-1,-1,0.356862745098039,0.694117647058824,0.803921568627451
70.93219518661499,0.0,0.06144731669196046,0.03,1,1,1,0.0,0.3333333333333333,0.12150000000000001,-1,-1,-1,1.0,1.0,-1.0,0.0,-0.3333333333333333,0.135,-1,-1,-1,0.356862745098039,0.694117647058824,0.803921568627451
70.96756076812744,0.0,0.07102806386011275,0.03,1,1,1,0.0,0.3333333333333333,0.12150000000000001,-1,-1,-1,1.0,1.0,-1.0,0.0,-0.3333333333333333,0.135,-1,-1,-1,0.356862745098039,0.694117647058824,0.803921568627451
71.01213812828064,0.0,0.08060881102826503,0.03,1,1,1,0.0,0.3333333333333333,0.12150000000000001,-1,-1,-1,1.0,1.0,-1.0,0.0,-0.3333333333333333,0.135,-1,-1,-1,0.356862745098039,0.694117647058824,0.803921568627451
71.05032515525818,0.0,0.09018955819641732,0.03,1,1,1,0.0,0.3333333333333333,0.12150000000000001,-1,-1,-1,1.0,1.0,-1.0,0.0,-0.3333333333333333,0.135,-1,-1,-1,0.356862745098039,0.694117647058824,0.803921568627451
71.08520841598511,0.0,0.0997703053645696,0.03,1,1,1,0.0,0.3333333333333333,0.12150000000000001,-1,-1,-1,1.0,1.0,-1.0,0.0,-0.3333333333333333,0.135,-1,-1,-1,0.356862745098039,0.694117647058824,0.803921568627451
71.12024402618408,0.0,0.10935105253272188,0.03,1,1,1,0.0,0.3333333333333333,0.12150000000000001,-1,-1,-1,1.0,1.0,-1.0,0.0,-0.3333333333333333,0.135,-1,-1,-1,0.356862745098039,0.694117647058824,0.803921568627451
71.1548240184784,0.0,0.11893179970087418,0.03,1,1,1,0.0,0.3333333333333333,0.12150000000000001,-1,-1,-1,1.0,1.0,-1.0,0.0,-0.3333333333333333,0.135,-1,-1,-1,0.356862745098039,0.694117647058824,0.803921568627451
71.19695591926575,0.0,0.1285125468690265,0.03,1,1,1,0.0,0.3333333333333333,0.12150000000000001,-1,-1,-1,1.0,1.0,-1.0,0.0,-0.3333333333333333,0.135,-1,-1,-1,0.356862745098039,0.694117647058824,0.803921568627451
71.23164963722229,0.0,0.13809329403717885,0.03,1,1,1,0.0,0.3333333333333333,0.12150000000000001,-1,-1,-1,1.0,1.0,-1.0,0.0,-0.3333333333333333,0.135,-1,-1,-1,0.356862745098039,0.694117647058824,0.803921568627451
71.26620888710022,0.0,0.1476740412053312,0.03,1,1,1,0.0,0.3333333333333333,0.12150000000000001,-1,-1,-1,1.0,1.0,-1.0,0.0,-0.3333333333333333,0.135,-1,-1,-1,0.356862745098039,0.694117647058824,0.803921568627451
71.30064082145691,0.0,0.15725478837348356,0.03,1,1,1,0.0,0.3333333333333333,0.12150000000000001,-1,-1,-1,1.0,1.0,-1.0,0.0,-0.3333333333333333,0.135,-1,-1,-1,0.356862745098039,0.694117647058824,0.803921568627451
71.33602929115295,0.0,0.1668355355416359,0.03,1,1,1,0.0,0.3333333333333333,0.12150000000000001,-1,-1,-1,1.0,1.0,-1.0,0.0,-0.3333333333333333,0.135,-1,-1,-1,0.356862745098039,0.694117647058824,0.803921568627451
71.37015676498413,0.0,0.17641628270978826,0.03,1,1,1,0.0,0.3333333333333333,0.12150000000000001,-1,-1,-1,1.0,1.0,-1.0,0.0,-0.3333333333333333,0.135,-1,-1,-1,0.356862745098039,0.694117647058824,0.803921568627451
71.41554665565491,0.0,0.18599702987794062,0.03,1,1,1,0.0,0.3333333333333333,0.12150000000000001,-1,-1,-1,1.0,1.0,-1.0,0.0,-0.3333333333333333,0.135,-1,-1,-1,0.356862745098039,0.694117647058824,0.803921568627451
71.45347452163696,0.0,0.1890444951616051,0.03,1,1,1,0.0,0.3333333333333333,0.12150000000000001,-1,-1,-1,1.0,1.0,-1.0,0.0,-0.3333333333333333,0.135,-1,-1,-1,0.356862745098039,0.694117647058824,0.803921568627451
71.49530053138733,0.0,0.1904586399741476,0.03,1,1,1,0.0,0.3333333333333333,0.12150000000000001,-1,-1,-1,1.0,1.0,-1.0,0.0,-0.3333333333333333,0.135,-1,-1,-1,0.356862745098039,0.694117647058824,0.803921568627451
71.53002643585205,0.0,0.19187278478669012,0.03,1,1,1,0.0,0.3333333333333333,0.12150000000000001,-1,-1,-1,1.0,1.0,-1.0,0.0,-0.3333333333333333,0.135,-1,-1,-1,0.356862745098039,0.694117647058824,0.803921568627451
71.5646722316742,0.0,0.19328692959923263,0.03,1,1,1,0.0,0.3333333333333333,0.12150000000000001,-1,-1,-1,1.0,1.0,-1.0,0.0,-0.3333333333333333,0.135,-1,-1,-1,0.356862745098039,0.694117647058824,0.803921568627451
71.59894871711731,0.0,0.19470107441177514,0.03,1,1,1,0.0,0.3333333333333333,0.12150000000000001,-1,-1,-1,1.0,1.0,-1.0,0.0,-0.3333333333333333,0.135,-1,-1,-1,0.356862745098039,0.694117647058824,0.803921568627451
71.63426780700684,0.0,0.19611521922431766,0.03,1,1,1,0.0,0.3333333333333333,0.12150000000000001,-1,-1,-1,1.0,1.0,-1.0,0.0,-0.3333333333333333,0.135,-1,-1,-1,0.356862745098039,0.694117647058824,0.803921568627451
71.67520070075989,0.0,0.19752936403686017,0.03,1,1,1,0.0,0.3333333333333333,0.12150000000000001,-1,-1,-1,1.0,1.0,-1.0,0.0,-0.3333333333333333,0.135,-1,-1,-1,0.356862745098039,0.694117647058824,0.803921568627451
71.71028923988342,0.0,0.19894350884940268,0.03,1,1,1,0.0,0.3333333333333333,0.12150000000000001,-1,-1,-1,1.0,1.0,-1.0,0.0,-0.3333333333333333,0.135,-1,-1,-1,0.356862745098039,0.694117647058824,0.803921568627451
71.7451400756836,0.0,0.2003576536619452,0.03,1,1,1,0.0,0.3333333333333333,0.12150000000000001,-1,-1,-1,1.0,1.0,-1.0,0.0,-0.3333333333333333,0.135,-1,-1,-1,0.356862745098039,0.694117647058824,0.803921568627451
71.77970910072327,0.0,0.2017717984744877,0.03,1,1,1,0.0,0.3333333333333333,0.12150000000000001,-1,-1,-1,1.0,1.0,-1.0,0.0,-0.3333333333333333,0.135,-1,-1,-1,0.356862745098039,0.694117647058824,0.803921568627451
71.81787776947021,0.0,0.2031859432870302,0.03,1,1,1,0.0,0.3333333333333333,0.12150000000000001,-1,-1,-1,1.0,1.0,-1.0,0.0,-0.3333333333333333,0.135,-1,-1,-1,0.356862745098039,0.694117647058824,0.803921568627451
71.85253381729126,0.0,0.20460008809957272,0.03,1,1,1,0.0,0.3333333333333333,0.12150000000000001,-1,-1,-1,1.0,1.0,-1.0,0.0,-0.3333333333333333,0.135,-1,-1,-1,0.356862745098039,0.694117647058824,0.803921568627451
71.89117693901062,0.0,0.20601423291211524,0.03,1,1,1,0.0,0.3333333333333333,0.12150000000000001,-1,-1,-1,1.0,1.0,-1.0,0.0,-0.3333333333333333,0.135,-1,-1,-1,0.356862745098039,0.694117647058824,0.803921568627451
71.92623209953308,0.0,0.20742837772465775,0.03,1,1,1,0.0,0.3333333333333333,0.12150000000000001,-1,-1,-1,1.0,1.0,-1.0,0.0,-0.3333333333333333,0.135,-1,-1,-1,0.356862745098039,0.694117647058824,0.803921568627451
71.96030163764954,0.0,0.20884252253720026,0.03,1,1,1,0.0,0.3333333333333333,0.12150000000000001,-1,-1,-1,1.0,1.0,-1.0,0.0,-0.3333333333333333,0.135,-1,-1,-1,0.356862745098039,0.694117647058824,0.803921568627451
71.99505567550659,0.0,0.21025666734974277,0.03,1,1,1,0.0,0.3333333333333333,0.12150000000000001,-1,-1,-1,1.0,1.0,-1.0,0.0,-0.3333333333333333,0.135,-1,-1,-1,0.356862745098039,0.694117647058824,0.803921568627451
72.03788900375366,0.0,0.21167081216228528,0.03,1,1,1,0.0,0.3333333333333333,0.12150000000000001,-1,-1,-1,1.0,1.0,-1.0,0.0,-0.3333333333333333,0.135,-1,-1,-1,0.356862745098039,0.694117647058824,0.803921568627451
72.07140278816223,0.0,0.2130849569748278,0.03,1,1,1,0.0,0.3333333333333333,0.12150000000000001,-1,-1,-1,1.0,1.0,-1.0,0.0,-0.3333333333333333,0.135,-1,-1,-1,0.356862745098039,0.694117647058824,0.803921568627451
72.10607481002808,0.0,0.2144991017873703,0.03,1,1,1,0.0,0.3333333333333333,0.12150000000000001,-1,-1,-1,1.0,1.0,-1.0,0.0,-0.3333333333333333,0.135,-1,-1,-1,0.356862745098039,0.694117647058824,0.803921568627451
72.14106893539429,0.0,0.21591324659991282,0.03,1,1,1,0.0,0.3333333333333333,0.12150000000000001,-1,-1,-1,1.0,1.0,-1.0,0.0,-0.3333333333333333,0.135,-1,-1,-1,0.356862745098039,0.694117647058824,0.803921568627451
72.17593002319336,0.0,0.21732739141245533,0.03,1,1,1,0.0,0.3333333333333333,0.12150000000000001,-1,-1,-1,1.0,1.0,-1.0,0.0,-0.3333333333333333,0.135,-1,-1,-1,0.356862745098039,0.694117647058824,0.803921568627451
72.21066665649414,0.0,0.21874153622499784,0.03,1,1,1,0.0,0.3333333333333333,0.12150000000000001,-1,-1,-1,1.0,1.0,-1.0,0.0,-0.3333333333333333,0.135,-1,-1,-1,0.356862745098039,0.694117647058824,0.803921568627451
72.25393414497375,0.0,0.22015568103754035,0.03,1,1,1,0.0,0.3333333333333333,0.12150000000000001,-1,-1,-1,1.0,1.0,-1.0,0.0,-0.3333333333333333,0.135,-1,-1,-1,0.356862745098039,0.694117647058824,0.803921568627451
72.2882661819458,0.0,0.22156982585008286,0.03,1,1,1,0.0,0.3333333333333333,0.12150000000000001,-1,-1,-1,1.0,1.0,-1.0,0.0,-0.3333333333333333,0.135,-1,-1,-1,0.356862745098039,0.694117647058824,0.803921568627451
72.32173085212708,0.0,0.22298397066262537,0.03,1,1,1,0.0,0.3333333333333333,0.12150000000000001,-1,-1,-1,1.0,1.0,-1.0,0.0,-0.3333333333333333,0.135,-1,-1,-1,0.356862745098039,0.694117647058824,0.803921568627451
72.35640859603882,0.0,0.2243981154751679,0.03,1,1,1,0.0,0.3333333333333333,0.12150000000000001,-1,-1,-1,1.0,1.0,-1.0,0.0,-0.3333333333333333,0.135,-1,-1,-1,0.356862745098039,0.694117647058824,0.803921568627451
72.39178943634033,0.0,0.2258122602877104,0.03,1,1,1,0.0,0.3333333333333333,0.12150000000000001,-1,-1,-1,1.0,1.0,-1.0,0.0,-0.3333333333333333,0.135,-1,-1,-1,0.356862745098039,0.694117647058824,0.803921568627451
72.42570638656616,0.0,0.2272264051002529,0.03,1,1,1,0.0,0.3333333333333333,0.12150000000000001,-1,-1,-1,1.0,1.0,-1.0,0.0,-0.3333333333333333,0.135,-1,-1,-1,0.356862745098039,0.694117647058824,0.803921568627451
72.46740937232971,0.0,0.22864054991279542,0.03,1,1,1,0.0,0.3333333333333333,0.12150000000000001,-1,-1,-1,1.0,1.0,-1.0,0.0,-0.3333333333333333,0.135,-1,-1,-1,0.356862745098039,0.694117647058824,0.803921568627451
72.50240755081177,0.0,0.23005469472533793,0.03,1,1,1,0.0,0.3333333333333333,0.12150000000000001,-1,-1,-1,1.0,1.0,-1.0,0.0,-0.3333333333333333,0.135,-1,-1,-1,0.356862745098039,0.694117647058824,0.803921568627451
72.53681826591492,0.0,0.23146883953788044,0.03,1,1,1,0.0,0.3333333333333333,0.12150000000000001,-1,-1,-1,1.0,1.0,-1.0,0.0,-0.3333333333333333,0.135,-1,-1,-1,0.356862745098039,0.694117647058824,0.803921568627451
72.57114624977112,0.0,0.23288298435042296,0.03,1,1,1,0.0,0.3333333333333333,0.12150000000000001,-1,-1,-1,1.0,1.0,-1.0,0.0,-0.3333333333333333,0.135,-1,-1,-1,0.356862745098039,0.694117647058824,0.803921568627451
72.606680393219,0.0,0.23429712916296547,0.03,1,1,1,0.0,0.3333333333333333,0.12150000000000001,-1,-1,-1,1.0,1.0,-1.0,0.0,-0.3333333333333333,0.135,-1,-1,-1,0.356862745098039,0.694117647058824,0.803921568627451
72.64877986907959,0.0,0.23549450707177058,0.03,1,1,1,0.0,0.3333333333333333,0.12150000000000001,-1,-1,-1,1.0,1.0,-1.0,0.0,-0.3333333333333333,0.135,-1,-1,-1,0.356862745098039,0.694117647058824,0.803921568627451
72.69247388839722,0.0,0.23654737371141743,0.03,1,1,1,0.0,0.3333333333333333,0.12150000000000001,-1,-1,-1,1.0,1.0,-1.0,0.0,-0.3333333333333333,0.135,-1,-1,-1,0.356862745098039,0.694117647058824,0.803921568627451
72.7260377407074,0.0,0.23760024035106422,0.03,1,1,1,0.0,0.3333333333333333,0.12150000000000001,-1,-1,-1,1.0,1.0,-1.0,0.0,-0.3333333333333333,0.135,-1,-1,-1,0.356862745098039,0.694117647058824,0.803921568627451
72.75973892211914,0.0,0.238653106990711,0.03,1,1,1,0.0,0.3333333333333333,0.12150000000000001,-1,-1,-1,1.0,1.0,-1.0,0.0,-0.3333333333333333,0.135,-1,-1,-1,0.356862745098039,0.694117647058824,0.803921568627451
72.7953748703003,0.0,0.23970597363035775,0.03,1,1,1,0.0,0.3333333333333333,0.12150000000000001,-1,-1,-1,1.0,1.0,-1.0,0.0,-0.3333333333333333,0.135,-1,-1,-1,0.356862745098039,0.694117647058824,0.803921568627451
72.82971048355103,0.0,0.24075884027000452,0.03,1,1,1,0.0,0.3333333333333333,0.12150000000000001,-1,-1,-1,1.0,1.0,-1.0,0.0,-0.3333333333333333,0.135,-1,-1,-1,0.356862745098039,0.694117647058824,0.803921568627451
72.8777527809143,0.0,0.24181170690965129,0.03,1,1,1,0.0,0.3333333333333333,0.12150000000000001,-1,-1,-1,1.0,1.0,-1.0,0.0,-0.3333333333333333,0.135,-1,-1,-1,0.356862745098039,0.694117647058824,0.803921568627451
72.91947031021118,0.0,0.24286457354929805,0.03,1,1,1,0.0,0.3333333333333333,0.12150000000000001,-1,-1,-1,1.0,1.0,-1.0,0.0,-0.3333333333333333,0.135,-1,-1,-1,0.356862745098039,0.694117647058824,0.803921568627451
72.9538414478302,0.0,0.24391744018894482,0.03,1,1,1,0.0,0.3333333333333333,0.12150000000000001,-1,-1,-1,1.0,1.0,-1.0,0.0,-0.3333333333333333,0.135,-1,-1,-1,0.356862745098039,0.694117647058824,0.803921568627451
72.99396014213562,0.0,0.24497030682859158,0.03,1,1,1,0.0,0.3333333333333333,0.12150000000000001,-1,-1,-1,1.0,1.0,-1.0,0.0,-0.3333333333333333,0.135,-1,-1,-1,0.356862745098039,0.694117647058824,0.803921568627451
73.0279803276062,0.0,0.24602317346823835,0.03,1,1,1,0.0,0.3333333333333333,0.12150000000000001,-1,-1,-1,1.0,1.0,-1.0,0.0,-0.3333333333333333,0.135,-1,-1,-1,0.356862745098039,0.694117647058824,0.803921568627451
73.0650475025177,0.0,0.24707604010788511,0.03,1,1,1,0.0,0.3333333333333333,0.12150000000000001,-1,-1,-1,1.0,1.0,-1.0,0.0,-0.3333333333333333,0.135,-1,-1,-1,0.356862745098039,0.694117647058824,0.803921568627451
73.10758566856384,0.0,0.24812890674753188,0.03,1,1,1,0.0,0.3333333333333333,0.12150000000000001,-1,-1,-1,1.0,1.0,-1.0,0.0,-0.3333333333333333,0.135,-1,-1,-1,0.356862745098039,0.694117647058824,0.803921568627451
73.14190316200256,0.0,0.24918177338717865,0.03,1,1,1,0.0,0.3333333333333333,0.12150000000000001,-1,-1,-1,1.0,1.0,-1.0,0.0,-0.3333333333333333,0.135,-1,-1,-1,0.356862745098039,0.694117647058824,0.803921568627451
73.17636680603027,0.0,0.25023464002682544,0.03,1,1,1,0.0,0.3333333333333333,0.12150000000000001,-1,-1,-1,1.0,1.0,-1.0,0.0,-0.3333333333333333,0.135,-1,-1,-1,0.356862745098039,0.694117647058824,0.803921568627451
73.21161127090454,0.0,0.25128750666647215,0.03,1,1,1,0.0,0.3333333333333333,0.12150000000000001,-1,-1,-1,1.0,1.0,-1.0,0.0,-0.3333333333333333,0.135,-1,-1,-1,0.356862745098039,0.694117647058824,0.803921568627451
73.25299286842346,0.0,0.25234037330611886,0.03,1,1,1,0.0,0.3333333333333333,0.12150000000000001,-1,-1,-1,1.0,1.0,-1.0,0.0,-0.3333333333333333,0.135,-1,-1,-1,0.356862745098039,0.694117647058824,0.803921568627451
73.29604148864746,0.0,0.25339323994576557,0.03,1,1,1,0.0,0.3333333333333333,0.12150000000000001,-1,-1,-1,1.0,1.0,-1.0,0.0,-0.3333333333333333,0.135,-1,-1,-1,0.356862745098039,0.694117647058824,0.803921568627451
73.33037281036377,0.0,0.2544461065854123,0.03,1,1,1,0.0,0.3333333333333333,0.12150000000000001,-1,-1,-1,1.0,1.0,-1.0,0.0,-0.3333333333333333,0.135,-1,-1,-1,0.356862745098039,0.694117647058824,0.803921568627451
73.36369585990906,0.0,0.255498973225059,0.03,1,1,1,0.0,0.3333333333333333,0.12150000000000001,-1,-1,-1,1.0,1.0,-1.0,0.0,-0.3333333333333333,0.135,-1,-1,-1,0.356862745098039,0.694117647058824,0.803921568627451
73.4005675315857,0.0,0.2565518398647057,0.03,1,1,1,0.0,0.3333333333333333,0.12150000000000001,-1,-1,-1,1.0,1.0,-1.0,0.0,-0.3333333333333333,0.135,-1,-1,-1,0.356862745098039,0.694117647058824,0.803921568627451
73.43321061134338,0.0,0.2576047065043524,0.03,1,1,1,0.0,0.3333333333333333,0.12150000000000001,-1,-1,-1,1.0,1.0,-1.0,0.0,-0.3333333333333333,0.135,-1,-1,-1,0.356862745098039,0.694117647058824,0.803921568627451
73.46783232688904,0.0,0.2586575731439991,0.03,1,1,1,0.0,0.3333333333333333,0.12150000000000001,-1,-1,-1,1.0,1.0,-1.0,0.0,-0.3333333333333333,0.135,-1,-1,-1,0.356862745098039,0.694117647058824,0.803921568627451
73.51611375808716,0.0,0.25971043978364583,0.03,1,1,1,0.0,0.3333333333333333,0.12150000000000001,-1,-1,-1,1.0,1.0,-1.0,0.0,-0.3333333333333333,0.135,-1,-1,-1,0.356862745098039,0.694117647058824,0.803921568627451
73.55045175552368,0.0,0.26076330642329254,0.03,1,1,1,0.0,0.3333333333333333,0.12150000000000001,-1,-1,-1,1.0,1.0,-1.0,0.0,-0.3333333333333333,0.135,-1,-1,-1,0.356862745098039,0.694117647058824,0.803921568627451
73.58546686172485,0.0,0.26181617306293925,0.03,1,1,1,0.0,0.3333333333333333,0.12150000000000001,-1,-1,-1,1.0,1.0,-1.0,0.0,-0.3333333333333333,0.135,-1,-1,-1,0.356862745098039,0.694117647058824,0.803921568627451
73.62019443511963,0.0,0.26286903970258596,0.03,1,1,1,0.0,0.3333333333333333,0.12150000000000001,-1,-1,-1,1.0,1.0,-1.0,0.0,-0.3333333333333333,0.135,-1,-1,-1,0.356862745098039,0.694117647058824,0.803921568627451
73.65540337562561,0.0,0.26392190634223267,0.03,1,1,1,0.0,0.3333333333333333,0.12150000000000001,-1,-1,-1,1.0,1.0,-1.0,0.0,-0.3333333333333333,0.135,-1,-1,-1,0.356862745098039,0.694117647058824,0.803921568627451
73.69869232177734,0.0,0.2649747729818794,0.03,1,1,1,0.0,0.3333333333333333,0.12150000000000001,-1,-1,-1,1.0,1.0,-1.0,0.0,-0.3333333333333333,0.135,-1,-1,-1,0.356862745098039,0.694117647058824,0.803921568627451
73.73156571388245,0.0,0.2660276396215261,0.03,1,1,1,0.0,0.3333333333333333,0.12150000000000001,-1,-1,-1,1.0,1.0,-1.0,0.0,-0.3333333333333333,0.135,-1,-1,-1,0.356862745098039,0.694117647058824,0.803921568627451
73.76524806022644,0.0,0.2670805062611728,0.03,1,1,1,0.0,0.3333333333333333,0.12150000000000001,-1,-1,-1,1.0,1.0,-1.0,0.0,-0.3333333333333333,0.135,-1,-1,-1,0.356862745098039,0.694117647058824,0.803921568627451
73.8001720905304,0.0,0.2681333729008195,0.03,1,1,1,0.0,0.3333333333333333,0.12150000000000001,-1,-1,-1,1.0,1.0,-1.0,0.0,-0.3333333333333333,0.135,-1,-1,-1,0.356862745098039,0.694117647058824,0.803921568627451
73.83652305603027,0.0,0.2679515700652176,0.03,1,1,1,0.0,0.3333333333333333,0.12150000000000001,-1,-1,-1,1.0,1.0,-1.0,0.0,-0.3333333333333333,0.135,-1,-1,-1,0.356862745098039,0.694117647058824,0.803921568627451
73.8695912361145,0.0,0.2628310893286211,0.03,1,1,1,0.0,0.3333333333333333,0.12150000000000001,-1,-1,-1,1.0,1.0,-1.0,0.0,-0.3333333333333333,0.135,-1,-1,-1,0.356862745098039,0.694117647058824,0.803921568627451
73.91107273101807,0.0,0.2577106085920246,0.03,1,1,1,0.0,0.3333333333333333,0.12150000000000001,-1,-1,-1,1.0,1.0,-1.0,0.0,-0.3333333333333333,0.135,-1,-1,-1,0.356862745098039,0.694117647058824,0.803921568627451
73.94582653045654,0.0,0.2525901278554281,0.03,1,1,1,0.0,0.3333333333333333,0.12150000000000001,-1,-1,-1,1.0,1.0,-1.0,0.0,-0.3333333333333333,0.135,-1,-1,-1,0.356862745098039,0.694117647058824,0.803921568627451
73.98062205314636,0.0,0.24746964711883157,0.03,1,1,1,0.0,0.3333333333333333,0.12150000000000001,-1,-1,-1,1.0,1.0,-1.0,0.0,-0.3333333333333333,0.135,-1,-1,-1,0.356862745098039,0.694117647058824,0.803921568627451
74.01499629020691,0.0,0.242349166382235,0.03,1,1,1,0.0,0.3333333333333333,0.12150000000000001,-1,-1,-1,1.0,1.0,-1.0,0.0,-0.3333333333333333,0.135,-1,-1,-1,0.356862745098039,0.694117647058824,0.803921568627451
74.04941964149475,0.0,0.2372286856456384,0.03,1,1,1,0.0,0.3333333333333333,0.12150000000000001,-1,-1,-1,1.0,1.0,-1.0,0.0,-0.3333333333333333,0.135,-1,-1,-1,0.356862745098039,0.694117647058824,0.803921568627451
74.0922327041626,0.0,0.23210820490904177,0.03,1,1,1,0.0,0.3333333333333333,0.12150000000000001,-1,-1,-1,1.0,1.0,-1.0,0.0,-0.3333333333333333,0.135,-1,-1,-1,0.356862745098039,0.694117647058824,0.803921568627451
74.12634897232056,0.0,0.22698772417244514,0.03,1,1,1,0.0,0.3333333333333333,0.12150000000000001,-1,-1,-1,1.0,1.0,-1.0,0.0,-0.3333333333333333,0.135,-1,-1,-1,0.356862745098039,0.694117647058824,0.803921568627451
74.16097402572632,0.0,0.22186724343584852,0.03,1,1,1,0.0,0.3333333333333333,0.12150000000000001,-1,-1,-1,1.0,1.0,-1.0,0.0,-0.3333333333333333,0.135,-1,-1,-1,0.356862745098039,0.694117647058824,0.803921568627451
74.19545125961304,0.0,0.2167467626992519,0.03,1,1,1,0.0,0.3333333333333333,0.12150000000000001,-1,-1,-1,1.0,1.0,-1.0,0.0,-0.3333333333333333,0.135,-1,-1,-1,0.356862745098039,0.694117647058824,0.803921568627451
74.23353266716003,0.0,0.21162628196265526,0.03,1,1,1,0.0,0.3333333333333333,0.12150000000000001,-1,-1,-1,1.0,1.0,-1.0,0.0,-0.3333333333333333,0.135,-1,-1,-1,0.356862745098039,0.694117647058824,0.803921568627451
74.26933121681213,0.0,0.20650580122605863,0.03,1,1,1,0.0,0.3333333333333333,0.12150000000000001,-1,-1,-1,1.0,1.0,-1.0,0.0,-0.3333333333333333,0.135,-1,-1,-1,0.356862745098039,0.694117647058824,0.803921568627451
74.30753517150879,0.0,0.201385320489462,0.03,1,1,1,0.0,0.3333333333333333,0.12150000000000001,-1,-1,-1,1.0,1.0,-1.0,0.0,-0.3333333333333333,0.135,-1,-1,-1,0.356862745098039,0.694117647058824,0.803921568627451
74.34192609786987,0.0,0.19626483975286538,0.03,1,1,1,0.0,0.3333333333333333,0.12150000000000001,-1,-1,-1,1.0,1.0,-1.0,0.0,-0.3333333333333333,0.135,-1,-1,-1,0.356862745098039,0.694117647058824,0.803921568627451
74.37603235244751,0.0,0.19114435901626875,0.03,1,1,1,0.0,0.3333333333333333,0.12150000000000001,-1,-1,-1,1.0,1.0,-1.0,0.0,-0.3333333333333333,0.135,-1,-1,-1,0.356862745098039,0.694117647058824,0.803921568627451
74.41114139556885,0.0,0.18602387827967212,0.03,1,1,1,0.0,0.3333333333333333,0.12150000000000001,-1,-1,-1,1.0,1.0,-1.0,0.0,-0.3333333333333333,0.135,-1,-1,-1,0.356862745098039,0.694117647058824,0.803921568627451
74.44589424133301,0.0,0.1809033975430755,0.03,1,1,1,0.0,0.3333333333333333,0.12150000000000001,-1,-1,-1,1.0,1.0,-1.0,0.0,-0.3333333333333333,0.135,-1,-1,-1,0.356862745098039,0.694117647058824,0.803921568627451
74.48063588142395,0.0,0.17578291680647887,0.03,1,1,1,0.0,0.3333333333333333,0.12150000000000001,-1,-1,-1,1.0,1.0,-1.0,0.0,-0.3333333333333333,0.135,-1,-1,-1,0.356862745098039,0.694117647058824,0.803921568627451
74.52283644676208,0.0,0.17066243606988224,0.03,1,1,1,0.0,0.3333333333333333,0.12150000000000001,-1,-1,-1,1.0,1.0,-1.0,0.0,-0.3333333333333333,0.135,-1,-1,-1,0.356862745098039,0.694117647058824,0.803921568627451
74.55739498138428,0.0,0.1655419553332856,0.03,1,1,1,0.0,0.3333333333333333,0.12150000000000001,-1,-1,-1,1.0,1.0,-1.0,0.0,-0.3333333333333333,0.135,-1,-1,-1,0.356862745098039,0.694117647058824,0.803921568627451
74.59147620201111,0.0,0.16042147459668898,0.03,1,1,1,0.0,0.3333333333333333,0.12150000000000001,-1,-1,-1,1.0,1.0,-1.0,0.0,-0.3333333333333333,0.135,-1,-1,-1,0.356862745098039,0.694117647058824,0.803921568627451
74.6268630027771,0.0,0.15530099386009236,0.03,1,1,1,0.0,0.3333333333333333,0.12150000000000001,-1,-1,-1,1.0,1.0,-1.0,0.0,-0.3333333333333333,0.135,-1,-1,-1,0.356862745098039,0.694117647058824,0.803921568627451
74.66116333007812,0.0,0.15018051312349573,0.03,1,1,1,0.0,0.3333333333333333,0.12150000000000001,-1,-1,-1,1.0,1.0,-1.0,0.0,-0.3333333333333333,0.135,-1,-1,-1,0.356862745098039,0.694117647058824,0.803921568627451
74.6960802078247,0.0,0.1450600323868991,0.03,1,1,1,0.0,0.3333333333333333,0.12150000000000001,-1,-1,-1,1.0,1.0,-1.0,0.0,-0.3333333333333333,0.135,-1,-1,-1,0.356862745098039,0.694117647058824,0.803921568627451
74.7405149936676,0.0,0.13993955165030247,0.03,1,1,1,0.0,0.3333333333333333,0.12150000000000001,-1,-1,-1,1.0,1.0,-1.0,0.0,-0.3333333333333333,0.135,-1,-1,-1,0.356862745098039,0.694117647058824,0.803921568627451
74.77337789535522,0.0,0.13481907091370585,0.03,1,1,1,0.0,0.3333333333333333,0.12150000000000001,-1,-1,-1,1.0,1.0,-1.0,0.0,-0.3333333333333333,0.135,-1,-1,-1,0.356862745098039,0.694117647058824,0.803921568627451
74.80698418617249,0.0,0.12969859017710922,0.03,1,1,1,0.0,0.3333333333333333,0.12150000000000001,-1,-1,-1,1.0,1.0,-1.0,0.0,-0.3333333333333333,0.135,-1,-1,-1,0.356862745098039,0.694117647058824,0.803921568627451
74.84189796447754,0.0,0.12457810944051259,0.03,1,1,1,0.0,0.3333333333333333,0.12150000000000001,-1,-1,-1,1.0,1.0,-1.0,0.0,-0.3333333333333333,0.135,-1,-1,-1,0.356862745098039,0.694117647058824,0.803921568627451
74.87606811523438,0.0,0.119457628703916,0.03,1,1,1,0.0,0.3333333333333333,0.12150000000000001,-1,-1,-1,1.0,1.0,-1.0,0.0,-0.3333333333333333,0.135,-1,-1,-1,0.356862745098039,0.694117647058824,0.803921568627451
74.91123223304749,0.0,0.11433714796731938,0.03,1,1,1,0.0,0.3333333333333333,0.12150000000000001,-1,-1,-1,1.0,1.0,-1.0,0.0,-0.3333333333333333,0.135,-1,-1,-1,0.356862745098039,0.694117647058824,0.803921568627451
74.95290565490723,0.0,0.10921666723072275,0.03,1,1,1,0.0,0.3333333333333333,0.12150000000000001,-1,-1,-1,1.0,1.0,-1.0,0.0,-0.3333333333333333,0.135,-1,-1,-1,0.356862745098039,0.694117647058824,0.803921568627451
74.98748803138733,0.0,0.10409618649412612,0.03,1,1,1,0.0,0.3333333333333333,0.12150000000000001,-1,-1,-1,1.0,1.0,-1.0,0.0,-0.3333333333333333,0.135,-1,-1,-1,0.356862745098039,0.694117647058824,0.803921568627451
75.02223992347717,0.0,0.0989757057575295,0.03,1,1,1,0.0,0.3333333333333333,0.12150000000000001,-1,-1,-1,1.0,1.0,-1.0,0.0,-0.3333333333333333,0.135,-1,-1,-1,0.356862745098039,0.694117647058824,0.803921568627451
75.05754041671753,0.0,0.09897990642580573,0.03,1,1,1,0.0,0.3333333333333333,0.12150000000000001,-1,-1,-1,1.0,1.0,-1.0,0.0,-0.3333333333333333,0.135,-1,-1,-1,0.356862745098039,0.694117647058824,0.803921568627451
75.0920922756195,0.0,0.10240056136399721,0.03,1,1,1,0.0,0.3333333333333333,0.12150000000000001,-1,-1,-1,1.0,1.0,-1.0,0.0,-0.3333333333333333,0.135,-1,-1,-1,0.356862745098039,0.694117647058824,0.803921568627451
75.13383340835571,0.0,0.10582121630218869,0.03,1,1,1,0.0,0.3333333333333333,0.12150000000000001,-1,-1,-1,1.0,1.0,-1.0,0.0,-0.3333333333333333,0.135,-1,-1,-1,0.356862745098039,0.694117647058824,0.803921568627451
75.16856098175049,0.0,0.10924187124038016,0.03,1,1,1,0.0,0.3333333333333333,0.12150000000000001,-1,-1,-1,1.0,1.0,-1.0,0.0,-0.3333333333333333,0.135,-1,-1,-1,0.356862745098039,0.694117647058824,0.803921568627451
75.20313882827759,0.0,0.11266252617857164,0.03,1,1,1,0.0,0.3333333333333333,0.12150000000000001,-1,-1,-1,1.0,1.0,-1.0,0.0,-0.3333333333333333,0.135,-1,-1,-1,0.356862745098039,0.694117647058824,0.803921568627451
75.24241209030151,0.0,0.11608318111676312,0.03,1,1,1,0.0,0.3333333333333333,0.12150000000000001,-1,-1,-1,1.0,1.0,-1.0,0.0,-0.3333333333333333,0.135,-1,-1,-1,0.356862745098039,0.694117647058824,0.803921568627451
75.27655076980591,0.0,0.1195038360549546,0.03,1,1,1,0.0,0.3333333333333333,0.12150000000000001,-1,-1,-1,1.0,1.0,-1.0,0.0,-0.3333333333333333,0.135,-1,-1,-1,0.356862745098039,0.694117647058824,0.803921568627451
75.31189370155334,0.0,0.12292449099314606,0.03,1,1,1,0.0,0.3333333333333333,0.12150000000000001,-1,-1,-1,1.0,1.0,-1.0,0.0,-0.3333333333333333,0.135,-1,-1,-1,0.356862745098039,0.694117647058824,0.803921568627451
75.34978294372559,0.0,0.1263451459313375,0.03,1,1,1,0.0,0.3333333333333333,0.12150000000000001,-1,-1,-1,1.0,1.0,-1.0,0.0,-0.3333333333333333,0.135,-1,-1,-1,0.356862745098039,0.694117647058824,0.803921568627451
75.38371539115906,0.0,0.1297658008695289,0.03,1,1,1,0.0,0.3333333333333333,0.12150000000000001,-1,-1,-1,1.0,1.0,-1.0,0.0,-0.3333333333333333,0.135,-1,-1,-1,0.356862745098039,0.694117647058824,0.803921568627451
75.41827464103699,0.0,0.13318645580772032,0.03,1,1,1,0.0,0.3333333333333333,0.12150000000000001,-1,-1,-1,1.0,1.0,-1.0,0.0,-0.3333333333333333,0.135,-1,-1,-1,0.356862745098039,0.694117647058824,0.803921568627451
75.45308351516724,0.0,0.13660711074591173,0.03,1,1,1,0.0,0.3333333333333333,0.12150000000000001,-1,-1,-1,1.0,1.0,-1.0,0.0,-0.3333333333333333,0.135,-1,-1,-1,0.356862745098039,0.694117647058824,0.803921568627451
75.48775124549866,0.0,0.14002776568410313,0.03,1,1,1,0.0,0.3333333333333333,0.12150000000000001,-1,-1,-1,1.0,1.0,-1.0,0.0,-0.3333333333333333,0.135,-1,-1,-1,0.356862745098039,0.694117647058824,0.803921568627451
75.53024435043335,0.0,0.14344842062229454,0.03,1,1,1,0.0,0.3333333333333333,0.12150000000000001,-1,-1,-1,1.0,1.0,-1.0,0.0,-0.3333333333333333,0.135,-1,-1,-1,0.356862745098039,0.694117647058824,0.803921568627451
75.56429123878479,0.0,0.14686907556048595,0.03,1,1,1,0.0,0.3333333333333333,0.12150000000000001,-1,-1,-1,1.0,1.0,-1.0,0.0,-0.3333333333333333,0.135,-1,-1,-1,0.356862745098039,0.694117647058824,0.803921568627451
75.59904646873474,0.0,0.15028973049867736,0.03,1,1,1,0.0,0.3333333333333333,0.12150000000000001,-1,-1,-1,1.0,1.0,-1.0,0.0,-0.3333333333333333,0.135,-1,-1,-1,0.356862745098039,0.694117647058824,0.803921568627451
75.63364434242249,0.0,0.15371038543686877,0.03,1,1,1,0.0,0.3333333333333333,0.12150000000000001,-1,-1,-1,1.0,1.0,-1.0,0.0,-0.3333333333333333,0.135,-1,-1,-1,0.356862745098039,0.694117647058824,0.803921568627451
75.66973495483398,0.0,0.15713104037506018,0.03,1,1,1,0.0,0.3333333333333333,0.12150000000000001,-1,-1,-1,1.0,1.0,-1.0,0.0,-0.3333333333333333,0.135,-1,-1,-1,0.356862745098039,0.694117647058824,0.803921568627451
75.71349835395813,0.0,0.16055169531325159,0.03,1,1,1,0.0,0.3333333333333333,0.12150000000000001,-1,-1,-1,1.0,1.0,-1.0,0.0,-0.3333333333333333,0.135,-1,-1,-1,0.356862745098039,0.694117647058824,0.803921568627451
75.7523283958435,0.0,0.163972350251443,0.03,1,1,1,0.0,0.3333333333333333,0.12150000000000001,-1,-1,-1,1.0,1.0,-1.0,0.0,-0.3333333333333333,0.135,-1,-1,-1,0.356862745098039,0.694117647058824,0.803921568627451
75.78694033622742,0.0,0.1673930051896344,0.03,1,1,1,0.0,0.3333333333333333,0.12150000000000001,-1,-1,-1,1.0,1.0,-1.0,0.0,-0.3333333333333333,0.135,-1,-1,-1,0.356862745098039,0.694117647058824,0.803921568627451
75.82181096076965,0.0,0.1708136601278258,0.03,1,1,1,0.0,0.3333333333333333,0.12150000000000001,-1,-1,-1,1.0,1.0,-1.0,0.0,-0.3333333333333333,0.135,-1,-1,-1,0.356862745098039,0.694117647058824,0.803921568627451
75.85650300979614,0.0,0.17423431506601722,0.03,1,1,1,0.0,0.3333333333333333,0.12150000000000001,-1,-1,-1,1.0,1.0,-1.0,0.0,-0.3333333333333333,0.135,-1,-1,-1,0.356862745098039,0.694117647058824,0.803921568627451
75.89813661575317,0.0,0.17765497000420863,0.03,1,1,1,0.0,0.3333333333333333,0.12150000000000001,-1,-1,-1,1.0,1.0,-1.0,0.0,-0.3333333333333333,0.135,-1,-1,-1,0.356862745098039,0.694117647058824,0.803921568627451
75.93952870368958,0.0,0.18107562494240004,0.03,1,1,1,0.0,0.3333333333333333,0.12150000000000001,-1,-1,-1,1.0,1.0,-1.0,0.0,-0.3333333333333333,0.135,-1,-1,-1,0.356862745098039,0.694117647058824,0.803921568627451
75.97400712966919,0.0,0.18449627988059145,0.03,1,1,1,0.0,0.3333333333333333,0.12150000000000001,-1,-1,-1,1.0,1.0,-1.0,0.0,-0.3333333333333333,0.135,-1,-1,-1,0.356862745098039,0.694117647058824,0.803921568627451
76.01365399360657,0.0,0.18791693481878285,0.03,1,1,1,0.0,0.3333333333333333,0.12150000000000001,-1,-1,-1,1.0,1.0,-1.0,0.0,-0.3333333333333333,0.135,-1,-1,-1,0.356862745098039,0.694117647058824,0.803921568627451
76.0481379032135,0.0,0.19133758975697426,0.03,1,1,1,0.0,0.3333333333333333,0.12150000000000001,-1,-1,-1,1.0,1.0,-1.0,0.0,-0.3333333333333333,0.135,-1,-1,-1,0.356862745098039,0.694117647058824,0.803921568627451
76.08275485038757,0.0,0.19475824469516567,0.03,1,1,1,0.0,0.3333333333333333,0.12150000000000001,-1,-1,-1,1.0,1.0,-1.0,0.0,-0.3333333333333333,0.135,-1,-1,-1,0.356862745098039,0.694117647058824,0.803921568627451
76.12058424949646,0.0,0.19817889963335708,0.03,1,1,1,0.0,0.3333333333333333,0.12150000000000001,-1,-1,-1,1.0,1.0,-1.0,0.0,-0.3333333333333333,0.135,-1,-1,-1,0.356862745098039,0.694117647058824,0.803921568627451
76.16203689575195,0.0,0.2015995545715485,0.03,1,1,1,0.0,0.3333333333333333,0.12150000000000001,-1,-1,-1,1.0,1.0,-1.0,0.0,-0.3333333333333333,0.135,-1,-1,-1,0.356862745098039,0.694117647058824,0.803921568627451
76.19770097732544,0.0,0.2050202095097399,0.03,1,1,1,0.0,0.3333333333333333,0.12150000000000001,-1,-1,-1,1.0,1.0,-1.0,0.0,-0.3333333333333333,0.135,-1,-1,-1,0.356862745098039,0.694117647058824,0.803921568627451
76.23173451423645,0.0,0.2084408644479313,0.03,1,1,1,0.0,0.3333333333333333,0.12150000000000001,-1,-1,-1,1.0,1.0,-1.0,0.0,-0.3333333333333333,0.135,-1,-1,-1,0.356862745098039,0.694117647058824,0.803921568627451
76.27351140975952,0.0,0.210487551599531,0.03,1,1,1,0.0,0.3333333333333333,0.12150000000000001,-1,-1,-1,1.0,1.0,-1.0,0.0,-0.3333333333333333,0.135,-1,-1,-1,0.356862745098039,0.694117647058824,0.803921568627451
76.31650996208191,0.0,0.21219074680448277,0.03,1,1,1,0.0,0.3333333333333333,0.12150000000000001,-1,-1,-1,1.0,1.0,-1.0,0.0,-0.3333333333333333,0.135,-1,-1,-1,0.356862745098039,0.694117647058824,0.803921568627451
76.35084009170532,0.0,0.21389394200943454,0.03,1,1,1,0.0,0.3333333333333333,0.12150000000000001,-1,-1,-1,1.0,1.0,-1.0,0.0,-0.3333333333333333,0.135,-1,-1,-1,0.356862745098039,0.694117647058824,0.803921568627451
76.39139437675476,0.0,0.2155971372143863,0.03,1,1,1,0.0,0.3333333333333333,0.12150000000000001,-1,-1,-1,1.0,1.0,-1.0,0.0,-0.3333333333333333,0.135,-1,-1,-1,0.356862745098039,0.694117647058824,0.803921568627451
76.42585277557373,0.0,0.21730033241933808,0.03,1,1,1,0.0,0.3333333333333333,0.12150000000000001,-1,-1,-1,1.0,1.0,-1.0,0.0,-0.3333333333333333,0.135,-1,-1,-1,0.356862745098039,0.694117647058824,0.803921568627451
76.46806240081787,0.0,0.21900352762428985,0.03,1,1,1,0.0,0.3333333333333333,0.12150000000000001,-1,-1,-1,1.0,1.0,-1.0,0.0,-0.3333333333333333,0.135,-1,-1,-1,0.356862745098039,0.694117647058824,0.803921568627451
76.50952935218811,0.0,0.22070672282924161,0.03,1,1,1,0.0,0.3333333333333333,0.12150000000000001,-1,-1,-1,1.0,1.0,-1.0,0.0,-0.3333333333333333,0.135,-1,-1,-1,0.356862745098039,0.694117647058824,0.803921568627451
76.5445511341095,0.0,0.22240991803419338,0.03,1,1,1,0.0,0.3333333333333333,0.12150000000000001,-1,-1,-1,1.0,1.0,-1.0,0.0,-0.3333333333333333,0.135,-1,-1,-1,0.356862745098039,0.694117647058824,0.803921568627451
76.5833261013031,0.0,0.22411311323914515,0.03,1,1,1,0.0,0.3333333333333333,0.12150000000000001,-1,-1,-1,1.0,1.0,-1.0,0.0,-0.3333333333333333,0.135,-1,-1,-1,0.356862745098039,0.694117647058824,0.803921568627451
76.61767816543579,0.0,0.22581630844409692,0.03,1,1,1,0.0,0.3333333333333333,0.12150000000000001,-1,-1,-1,1.0,1.0,-1.0,0.0,-0.3333333333333333,0.135,-1,-1,-1,0.356862745098039,0.694117647058824,0.803921568627451
76.65270519256592,0.0,0.2275195036490487,0.03,1,1,1,0.0,0.3333333333333333,0.12150000000000001,-1,-1,-1,1.0,1.0,-1.0,0.0,-0.3333333333333333,0.135,-1,-1,-1,0.356862745098039,0.694117647058824,0.803921568627451
76.68966102600098,0.0,0.22922269885400046,0.03,1,1,1,0.0,0.3333333333333333,0.12150000000000001,-1,-1,-1,1.0,1.0,-1.0,0.0,-0.3333333333333333,0.135,-1,-1,-1,0.356862745098039,0.694117647058824,0.803921568627451
76.7311954498291,0.0,0.23092589405895222,0.03,1,1,1,0.0,0.3333333333333333,0.12150000000000001,-1,-1,-1,1.0,1.0,-1.0,0.0,-0.3333333333333333,0.135,-1,-1,-1,0.356862745098039,0.694117647058824,0.803921568627451
76.76627326011658,0.0,0.232629089263904,0.03,1,1,1,0.0,0.3333333333333333,0.12150000000000001,-1,-1,-1,1.0,1.0,-1.0,0.0,-0.3333333333333333,0.135,-1,-1,-1,0.356862745098039,0.694117647058824,0.803921568627451
76.80033540725708,0.0,0.23433228446885576,0.03,1,1,1,0.0,0.3333333333333333,0.12150000000000001,-1,-1,-1,1.0,1.0,-1.0,0.0,-0.3333333333333333,0.135,-1,-1,-1,0.356862745098039,0.694117647058824,0.803921568627451
76.8356659412384,0.0,0.23603547967380753,0.03,1,1,1,0.0,0.3333333333333333,0.12150000000000001,-1,-1,-1,1.0,1.0,-1.0,0.0,-0.3333333333333333,0.135,-1,-1,-1,0.356862745098039,0.694117647058824,0.803921568627451
76.87722563743591,0.0,0.23773867487875924,0.03,1,1,1,0.0,0.3333333333333333,0.12150000000000001,-1,-1,-1,1.0,1.0,-1.0,0.0,-0.3333333333333333,0.135,-1,-1,-1,0.356862745098039,0.694117647058824,0.803921568627451
76.9119246006012,0.0,0.23944187008371096,0.03,1,1,1,0.0,0.3333333333333333,0.12150000000000001,-1,-1,-1,1.0,1.0,-1.0,0.0,-0.3333333333333333,0.135,-1,-1,-1,0.356862745098039,0.694117647058824,0.803921568627451
76.9467830657959,0.0,0.24114506528866264,0.03,1,1,1,0.0,0.3333333333333333,0.12150000000000001,-1,-1,-1,1.0,1.0,-1.0,0.0,-0.3333333333333333,0.135,-1,-1,-1,0.356862745098039,0.694117647058824,0.803921568627451
76.98106408119202,0.0,0.2428482604936144,0.03,1,1,1,0.0,0.3333333333333333,0.12150000000000001,-1,-1,-1,1.0,1.0,-1.0,0.0,-0.3333333333333333,0.135,-1,-1,-1,0.356862745098039,0.694117647058824,0.803921568627451
77.0189311504364,0.0,0.24455145569856615,0.03,1,1,1,0.0,0.3333333333333333,0.12150000000000001,-1,-1,-1,1.0,1.0,-1.0,0.0,-0.3333333333333333,0.135,-1,-1,-1,0.356862745098039,0.694117647058824,0.803921568627451
77.05347156524658,0.0,0.24625465090351792,0.03,1,1,1,0.0,0.3333333333333333,0.12150000000000001,-1,-1,-1,1.0,1.0,-1.0,0.0,-0.3333333333333333,0.135,-1,-1,-1,0.356862745098039,0.694117647058824,0.803921568627451
77.09224390983582,0.0,0.2479578461084697,0.03,1,1,1,0.0,0.3333333333333333,0.12150000000000001,-1,-1,-1,1.0,1.0,-1.0,0.0,-0.3333333333333333,0.135,-1,-1,-1,0.356862745098039,0.694117647058824,0.803921568627451
77.1270649433136,0.0,0.24966104131342148,0.03,1,1,1,0.0,0.3333333333333333,0.12150000000000001,-1,-1,-1,1.0,1.0,-1.0,0.0,-0.3333333333333333,0.135,-1,-1,-1,0.356862745098039,0.694117647058824,0.803921568627451
77.16182494163513,0.0,0.25136423651837325,0.03,1,1,1,0.0,0.3333333333333333,0.12150000000000001,-1,-1,-1,1.0,1.0,-1.0,0.0,-0.3333333333333333,0.135,-1,-1,-1,0.356862745098039,0.694117647058824,0.803921568627451
77.1968731880188,0.0,0.253067431723325,0.03,1,1,1,0.0,0.3333333333333333,0.12150000000000001,-1,-1,-1,1.0,1.0,-1.0,0.0,-0.3333333333333333,0.135,-1,-1,-1,0.356862745098039,0.694117647058824,0.803921568627451
77.23894095420837,0.0,0.2547706269282768,0.03,1,1,1,0.0,0.3333333333333333,0.12150000000000001,-1,-1,-1,1.0,1.0,-1.0,0.0,-0.3333333333333333,0.135,-1,-1,-1,0.356862745098039,0.694117647058824,0.803921568627451
77.27284479141235,0.0,0.25647382213322856,0.03,1,1,1,0.0,0.3333333333333333,0.12150000000000001,-1,-1,-1,1.0,1.0,-1.0,0.0,-0.3333333333333333,0.135,-1,-1,-1,0.356862745098039,0.694117647058824,0.803921568627451
77.30741119384766,0.0,0.2581770173381803,0.03,1,1,1,0.0,0.3333333333333333,0.12150000000000001,-1,-1,-1,1.0,1.0,-1.0,0.0,-0.3333333333333333,0.135,-1,-1,-1,0.356862745098039,0.694117647058824,0.803921568627451
77.34250116348267,0.0,0.2598802125431321,0.03,1,1,1,0.0,0.3333333333333333,0.12150000000000001,-1,-1,-1,1.0,1.0,-1.0,0.0,-0.3333333333333333,0.135,-1,-1,-1,0.356862745098039,0.694117647058824,0.803921568627451
77.37676930427551,0.0,0.26158340774808386,0.03,1,1,1,0.0,0.3333333333333333,0.12150000000000001,-1,-1,-1,1.0,1.0,-1.0,0.0,-0.3333333333333333,0.135,-1,-1,-1,0.356862745098039,0.694117647058824,0.803921568627451
77.4116108417511,0.0,0.26328660295303563,0.03,1,1,1,0.0,0.3333333333333333,0.12150000000000001,-1,-1,-1,1.0,1.0,-1.0,0.0,-0.3333333333333333,0.135,-1,-1,-1,0.356862745098039,0.694117647058824,0.803921568627451
77.44672226905823,0.0,0.26425660124395084,0.03,1,1,1,0.0,0.3333333333333333,0.12150000000000001,-1,-1,-1,1.0,1.0,-1.0,0.0,-0.3333333333333333,0.135,-1,-1,-1,0.356862745098039,0.694117647058824,0.803921568627451
77.49041604995728,0.0,0.2622938118787198,0.03,1,1,1,0.0,0.3333333333333333,0.12150000000000001,-1,-1,-1,1.0,1.0,-1.0,0.0,-0.3333333333333333,0.135,-1,-1,-1,0.356862745098039,0.694117647058824,0.803921568627451
77.52380275726318,0.0,0.2603310225134888,0.03,1,1,1,0.0,0.3333333333333333,0.12150000000000001,-1,-1,-1,1.0,1.0,-1.0,0.0,-0.3333333333333333,0.135,-1,-1,-1,0.356862745098039,0.694117647058824,0.803921568627451
77.55758333206177,0.0,0.25836823314825774,0.03,1,1,1,0.0,0.3333333333333333,0.12150000000000001,-1,-1,-1,1.0,1.0,-1.0,0.0,-0.3333333333333333,0.135,-1,-1,-1,0.356862745098039,0.694117647058824,0.803921568627451
77.59160017967224,0.0,0.2564054437830267,0.03,1,1,1,0.0,0.3333333333333333,0.12150000000000001,-1,-1,-1,1.0,1.0,-1.0,0.0,-0.3333333333333333,0.135,-1,-1,-1,0.356862745098039,0.694117647058824,0.803921568627451
77.62687849998474,0.0,0.2544426544177957,0.03,1,1,1,0.0,0.3333333333333333,0.12150000000000001,-1,-1,-1,1.0,1.0,-1.0,0.0,-0.3333333333333333,0.135,-1,-1,-1,0.356862745098039,0.694117647058824,0.803921568627451
77.66141891479492,0.0,0.25247986505256464,0.03,1,1,1,0.0,0.3333333333333333,0.12150000000000001,-1,-1,-1,1.0,1.0,-1.0,0.0,-0.3333333333333333,0.135,-1,-1,-1,0.356862745098039,0.694117647058824,0.803921568627451
77.70339751243591,0.0,0.2505170756873336,0.03,1,1,1,0.0,0.3333333333333333,0.12150000000000001,-1,-1,-1,1.0,1.0,-1.0,0.0,-0.3333333333333333,0.135,-1,-1,-1,0.356862745098039,0.694117647058824,0.803921568627451
77.73769855499268,0.0,0.24855428632210255,0.03,1,1,1,0.0,0.3333333333333333,0.12150000000000001,-1,-1,-1,1.0,1.0,-1.0,0.0,-0.3333333333333333,0.135,-1,-1,-1,0.356862745098039,0.694117647058824,0.803921568627451
77.77276301383972,0.0,0.24659149695687158,0.03,1,1,1,0.0,0.3333333333333333,0.12150000000000001,-1,-1,-1,1.0,1.0,-1.0,0.0,-0.3333333333333333,0.135,-1,-1,-1,0.356862745098039,0.694117647058824,0.803921568627451
77.80704593658447,0.0,0.24462870759164046,0.03,1,1,1,0.0,0.3333333333333333,0.12150000000000001,-1,-1,-1,1.0,1.0,-1.0,0.0,-0.3333333333333333,0.135,-1,-1,-1,0.356862745098039,0.694117647058824,0.803921568627451
77.84892725944519,0.0,0.24266591822640943,0.03,1,1,1,0.0,0.3333333333333333,0.12150000000000001,-1,-1,-1,1.0,1.0,-1.0,0.0,-0.3333333333333333,0.135,-1,-1,-1,0.356862745098039,0.694117647058824,0.803921568627451
77.89275741577148,0.0,0.24070312886117845,0.03,1,1,1,0.0,0.3333333333333333,0.12150000000000001,-1,-1,-1,1.0,1.0,-1.0,0.0,-0.3333333333333333,0.135,-1,-1,-1,0.356862745098039,0.694117647058824,0.803921568627451
77.92610907554626,0.0,0.2387403394959474,0.03,1,1,1,0.0,0.3333333333333333,0.12150000000000001,-1,-1,-1,1.0,1.0,-1.0,0.0,-0.3333333333333333,0.135,-1,-1,-1,0.356862745098039,0.694117647058824,0.803921568627451
77.96087718009949,0.0,0.23677755013071633,0.03,1,1,1,0.0,0.3333333333333333,0.12150000000000001,-1,-1,-1,1.0,1.0,-1.0,0.0,-0.3333333333333333,0.135,-1,-1,-1,0.356862745098039,0.694117647058824,0.803921568627451
77.99475312232971,0.0,0.2348147607654853,0.03,1,1,1,0.0,0.3333333333333333,0.12150000000000001,-1,-1,-1,1.0,1.0,-1.0,0.0,-0.3333333333333333,0.135,-1,-1,-1,0.356862745098039,0.694117647058824,0.803921568627451
78.02969098091125,0.0,0.23285197140025427,0.03,1,1,1,0.0,0.3333333333333333,0.12150000000000001,-1,-1,-1,1.0,1.0,-1.0,0.0,-0.3333333333333333,0.135,-1,-1,-1,0.356862745098039,0.694117647058824,0.803921568627451
78.06428337097168,0.0,0.23088918203502323,0.03,1,1,1,0.0,0.3333333333333333,0.12150000000000001,-1,-1,-1,1.0,1.0,-1.0,0.0,-0.3333333333333333,0.135,-1,-1,-1,0.356862745098039,0.694117647058824,0.803921568627451
78.10619521141052,0.0,0.2289263926697922,0.03,1,1,1,0.0,0.3333333333333333,0.12150000000000001,-1,-1,-1,1.0,1.0,-1.0,0.0,-0.3333333333333333,0.135,-1,-1,-1,0.356862745098039,0.694117647058824,0.803921568627451
78.14120244979858,0.0,0.22696360330456117,0.03,1,1,1,0.0,0.3333333333333333,0.12150000000000001,-1,-1,-1,1.0,1.0,-1.0,0.0,-0.3333333333333333,0.135,-1,-1,-1,0.356862745098039,0.694117647058824,0.803921568627451
78.17550897598267,0.0,0.22500081393933014,0.03,1,1,1,0.0,0.3333333333333333,0.12150000000000001,-1,-1,-1,1.0,1.0,-1.0,0.0,-0.3333333333333333,0.135,-1,-1,-1,0.356862745098039,0.694117647058824,0.803921568627451
78.2099986076355,0.0,0.2230380245740991,0.03,1,1,1,0.0,0.3333333333333333,0.12150000000000001,-1,-1,-1,1.0,1.0,-1.0,0.0,-0.3333333333333333,0.135,-1,-1,-1,0.356862745098039,0.694117647058824,0.803921568627451
78.24475955963135,0.0,0.22107523520886807,0.03,1,1,1,0.0,0.3333333333333333,0.12150000000000001,-1,-1,-1,1.0,1.0,-1.0,0.0,-0.3333333333333333,0.135,-1,-1,-1,0.356862745098039,0.694117647058824,0.803921568627451
78.28724312782288,0.0,0.21911244584363704,0.03,1,1,1,0.0,0.3333333333333333,0.12150000000000001,-1,-1,-1,1.0,1.0,-1.0,0.0,-0.3333333333333333,0.135,-1,-1,-1,0.356862745098039,0.694117647058824,0.803921568627451
78.33121252059937,0.0,0.217149656478406,0.03,1,1,1,0.0,0.3333333333333333,0.12150000000000001,-1,-1,-1,1.0,1.0,-1.0,0.0,-0.3333333333333333,0.135,-1,-1,-1,0.356862745098039,0.694117647058824,0.803921568627451
78.37047982215881,0.0,0.21518686711317497,0.03,1,1,1,0.0,0.3333333333333333,0.12150000000000001,-1,-1,-1,1.0,1.0,-1.0,0.0,-0.3333333333333333,0.135,-1,-1,-1,0.356862745098039,0.694117647058824,0.803921568627451
78.40492296218872,0.0,0.21322407774794394,0.03,1,1,1,0.0,0.3333333333333333,0.12150000000000001,-1,-1,-1,1.0,1.0,-1.0,0.0,-0.3333333333333333,0.135,-1,-1,-1,0.356862745098039,0.694117647058824,0.803921568627451
78.43963861465454,0.0,0.2112612883827129,0.03,1,1,1,0.0,0.3333333333333333,0.12150000000000001,-1,-1,-1,1.0,1.0,-1.0,0.0,-0.3333333333333333,0.135,-1,-1,-1,0.356862745098039,0.694117647058824,0.803921568627451
78.48831152915955,0.0,0.20929849901748188,0.03,1,1,1,0.0,0.3333333333333333,0.12150000000000001,-1,-1,-1,1.0,1.0,-1.0,0.0,-0.3333333333333333,0.135,-1,-1,-1,0.356862745098039,0.694117647058824,0.803921568627451
78.52298045158386,0.0,0.20733570965225084,0.03,1,1,1,0.0,0.3333333333333333,0.12150000000000001,-1,-1,-1,1.0,1.0,-1.0,0.0,-0.3333333333333333,0.135,-1,-1,-1,0.356862745098039,0.694117647058824,0.803921568627451
78.55790328979492,0.0,0.2053729202870198,0.03,1,1,1,0.0,0.3333333333333333,0.12150000000000001,-1,-1,-1,1.0,1.0,-1.0,0.0,-0.3333333333333333,0.135,-1,-1,-1,0.356862745098039,0.694117647058824,0.803921568627451
78.59229326248169,0.0,0.20341013092178878,0.03,1,1,1,0.0,0.3333333333333333,0.12150000000000001,-1,-1,-1,1.0,1.0,-1.0,0.0,-0.3333333333333333,0.135,-1,-1,-1,0.356862745098039,0.694117647058824,0.803921568627451
78.63058471679688,0.0,0.20144734155655775,0.03,1,1,1,0.0,0.3333333333333333,0.12150000000000001,-1,-1,-1,1.0,1.0,-1.0,0.0,-0.3333333333333333,0.135,-1,-1,-1,0.356862745098039,0.694117647058824,0.803921568627451
78.66664147377014,0.0,0.2032471054841213,0.03,1,1,1,0.0,0.3333333333333333,0.12150000000000001,-1,-1,-1,1.0,1.0,-1.0,0.0,-0.3333333333333333,0.135,-1,-1,-1,0.356862745098039,0.694117647058824,0.803921568627451
78.70421075820923,0.0,0.20755523827354794,0.03,1,1,1,0.0,0.3333333333333333,0.12150000000000001,-1,-1,-1,1.0,1.0,-1.0,0.0,-0.3333333333333333,0.135,-1,-1,-1,0.356862745098039,0.694117647058824,0.803921568627451
78.74576354026794,0.0,0.21186337106297456,0.03,1,1,1,0.0,0.3333333333333333,0.12150000000000001,-1,-1,-1,1.0,1.0,-1.0,0.0,-0.3333333333333333,0.135,-1,-1,-1,0.356862745098039,0.694117647058824,0.803921568627451
78.78047156333923,0.0,0.2161715038524012,0.03,1,1,1,0.0,0.3333333333333333,0.12150000000000001,-1,-1,-1,1.0,1.0,-1.0,0.0,-0.3333333333333333,0.135,-1,-1,-1,0.356862745098039,0.694117647058824,0.803921568627451
78.8149881362915,0.0,0.22047963664182782,0.03,1,1,1,0.0,0.3333333333333333,0.12150000000000001,-1,-1,-1,1.0,1.0,-1.0,0.0,-0.3333333333333333,0.135,-1,-1,-1,0.356862745098039,0.694117647058824,0.803921568627451
78.84993290901184,0.0,0.22478776943125445,0.03,1,1,1,0.0,0.3333333333333333,0.12150000000000001,-1,-1,-1,1.0,1.0,-1.0,0.0,-0.3333333333333333,0.135,-1,-1,-1,0.356862745098039,0.694117647058824,0.803921568627451
78.89145278930664,0.0,0.22909590222068107,0.03,1,1,1,0.0,0.3333333333333333,0.12150000000000001,-1,-1,-1,1.0,1.0,-1.0,0.0,-0.3333333333333333,0.135,-1,-1,-1,0.356862745098039,0.694117647058824,0.803921568627451
78.93603563308716,0.0,0.2334040350101077,0.03,1,1,1,0.0,0.3333333333333333,0.12150000000000001,-1,-1,-1,1.0,1.0,-1.0,0.0,-0.3333333333333333,0.135,-1,-1,-1,0.356862745098039,0.694117647058824,0.803921568627451
78.97492551803589,0.0,0.23771216779953436,0.03,1,1,1,0.0,0.3333333333333333,0.12150000000000001,-1,-1,-1,1.0,1.0,-1.0,0.0,-0.3333333333333333,0.135,-1,-1,-1,0.356862745098039,0.694117647058824,0.803921568627451
79.00952124595642,0.0,0.242020300588961,0.03,1,1,1,0.0,0.3333333333333333,0.12150000000000001,-1,-1,-1,1.0,1.0,-1.0,0.0,-0.3333333333333333,0.135,-1,-1,-1,0.356862745098039,0.694117647058824,0.803921568627451
79.04426741600037,0.0,0.24632843337838767,0.03,1,1,1,0.0,0.3333333333333333,0.12150000000000001,-1,-1,-1,1.0,1.0,-1.0,0.0,-0.3333333333333333,0.135,-1,-1,-1,0.356862745098039,0.694117647058824,0.803921568627451
79.08622026443481,0.0,0.2506365661678143,0.03,1,1,1,0.0,0.3333333333333333,0.12150000000000001,-1,-1,-1,1.0,1.0,-1.0,0.0,-0.3333333333333333,0.135,-1,-1,-1,0.356862745098039,0.694117647058824,0.803921568627451
79.1275646686554,0.0,0.2549446989572411,0.03,1,1,1,0.0,0.3333333333333333,0.12150000000000001,-1,-1,-1,1.0,1.0,-1.0,0.0,-0.3333333333333333,0.135,-1,-1,-1,0.356862745098039,0.694117647058824,0.803921568627451
79.17130446434021,0.0,0.25925283174666786,0.03,1,1,1,0.0,0.3333333333333333,0.12150000000000001,-1,-1,-1,1.0,1.0,-1.0,0.0,-0.3333333333333333,0.135,-1,-1,-1,0.356862745098039,0.694117647058824,0.803921568627451
79.20254755020142,0.0,0.2635609645360946,0.03,1,1,1,0.0,0.3333333333333333,0.12150000000000001,-1,-1,-1,1.0,1.0,-1.0,0.0,-0.3333333333333333,0.135,-1,-1,-1,0.356862745098039,0.694117647058824,0.803921568627451
79.23709869384766,0.0,0.2678690973255214,0.03,1,1,1,0.0,0.3333333333333333,0.12150000000000001,-1,-1,-1,1.0,1.0,-1.0,0.0,-0.3333333333333333,0.135,-1,-1,-1,0.356862745098039,0.694117647058824,0.803921568627451
79.27300953865051,0.0,0.27217723011494815,0.03,1,1,1,0.0,0.3333333333333333,0.12150000000000001,-1,-1,-1,1.0,1.0,-1.0,0.0,-0.3333333333333333,0.135,-1,-1,-1,0.356862745098039,0.694117647058824,0.803921568627451
79.32142305374146,0.0,0.2764853629043749,0.03,1,1,1,0.0,0.3333333333333333,0.12150000000000001,-1,-1,-1,1.0,1.0,-1.0,0.0,-0.3333333333333333,0.135,-1,-1,-1,0.356862745098039,0.694117647058824,0.803921568627451
79.35676789283752,0.0,0.2807934956938017,0.03,1,1,1,0.0,0.3333333333333333,0.12150000000000001,-1,-1,-1,1.0,1.0,-1.0,0.0,-0.3333333333333333,0.135,-1,-1,-1,0.356862745098039,0.694117647058824,0.803921568627451
79.39083862304688,0.0,0.28510162848322845,0.03,1,1,1,0.0,0.3333333333333333,0.12150000000000001,-1,-1,-1,1.0,1.0,-1.0,0.0,-0.3333333333333333,0.135,-1,-1,-1,0.356862745098039,0.694117647058824,0.803921568627451
79.4258451461792,0.0,0.2894097612726552,0.03,1,1,1,0.0,0.3333333333333333,0.12150000000000001,-1,-1,-1,1.0,1.0,-1.0,0.0,-0.3333333333333333,0.135,-1,-1,-1,0.356862745098039,0.694117647058824,0.803921568627451
79.46066927909851,0.0,0.293717894062082,0.03,1,1,1,0.0,0.3333333333333333,0.12150000000000001,-1,-1,-1,1.0,1.0,-1.0,0.0,-0.3333333333333333,0.135,-1,-1,-1,0.356862745098039,0.694117647058824,0.803921568627451
79.49527621269226,0.0,0.29802602685150875,0.03,1,1,1,0.0,0.3333333333333333,0.12150000000000001,-1,-1,-1,1.0,1.0,-1.0,0.0,-0.3333333333333333,0.135,-1,-1,-1,0.356862745098039,0.694117647058824,0.803921568627451
79.54061889648438,0.0,0.3023341596409355,0.03,1,1,1,0.0,0.3333333333333333,0.12150000000000001,-1,-1,-1,1.0,1.0,-1.0,0.0,-0.3333333333333333,0.135,-1,-1,-1,0.356862745098039,0.694117647058824,0.803921568627451
79.57878375053406,0.0,0.3066422924303623,0.03,1,1,1,0.0,0.3333333333333333,0.12150000000000001,-1,-1,-1,1.0,1.0,-1.0,0.0,-0.3333333333333333,0.135,-1,-1,-1,0.356862745098039,0.694117647058824,0.803921568627451
79.62071228027344,0.0,0.31095042521978905,0.03,1,1,1,0.0,0.3333333333333333,0.12150000000000001,-1,-1,-1,1.0,1.0,-1.0,0.0,-0.3333333333333333,0.135,-1,-1,-1,0.356862745098039,0.694117647058824,0.803921568627451
79.65516948699951,0.0,0.3152585580092158,0.03,1,1,1,0.0,0.3333333333333333,0.12150000000000001,-1,-1,-1,1.0,1.0,-1.0,0.0,-0.3333333333333333,0.135,-1,-1,-1,0.356862745098039,0.694117647058824,0.803921568627451
79.68983817100525,0.0,0.3195666907986426,0.03,1,1,1,0.0,0.3333333333333333,0.12150000000000001,-1,-1,-1,1.0,1.0,-1.0,0.0,-0.3333333333333333,0.135,-1,-1,-1,0.356862745098039,0.694117647058824,0.803921568627451
79.73113250732422,0.0,0.32387482358806935,0.03,1,1,1,0.0,0.3333333333333333,0.12150000000000001,-1,-1,-1,1.0,1.0,-1.0,0.0,-0.3333333333333333,0.135,-1,-1,-1,0.356862745098039,0.694117647058824,0.803921568627451
79.7746148109436,0.0,0.3281829563774961,0.03,1,1,1,0.0,0.3333333333333333,0.12150000000000001,-1,-1,-1,1.0,1.0,-1.0,0.0,-0.3333333333333333,0.135,-1,-1,-1,0.356862745098039,0.694117647058824,0.803921568627451
79.80833745002747,0.0,0.3324910891669229,0.03,1,1,1,0.0,0.3333333333333333,0.12150000000000001,-1,-1,-1,1.0,1.0,-1.0,0.0,-0.3333333333333333,0.135,-1,-1,-1,0.356862745098039,0.694117647058824,0.803921568627451
79.84240460395813,0.0,0.33335271572480824,0.03,1,1,1,0.0,0.3333333333333333,0.12150000000000001,-1,-1,-1,1.0,1.0,-1.0,0.0,-0.3333333333333333,0.135,-1,-1,-1,0.356862745098039,0.694117647058824,0.803921568627451
79.87742376327515,0.0,0.0033992444085351077,0.03,1,1,1,0.0,0.3333333333333333,0.10935000000000002,1,1,1,1.0,1.0,-1.0,0.0,-0.3333333333333333,0.135,-1,-1,-1,0.356862745098039,0.694117647058824,0.803921568627451
79.91168308258057,0.0,0.006798488817070217,0.03,1,1,1,0.0,0.3333333333333333,0.10935000000000002,1,1,1,1.0,1.0,-1.0,0.0,-0.3333333333333333,0.135,-1,-1,-1,0.356862745098039,0.694117647058824,0.803921568627451
79.94630002975464,0.0,0.010197733225605325,0.03,1,1,1,0.0,0.3333333333333333,0.10935000000000002,1,1,1,1.0,1.0,-1.0,0.0,-0.3333333333333333,0.135,-1,-1,-1,0.356862745098039,0.694117647058824,0.803921568627451
79.9881055355072,0.0,0.013596977634140434,0.03,1,1,1,0.0,0.3333333333333333,0.10935000000000002,1,1,1,1.0,1.0,-1.0,0.0,-0.3333333333333333,0.135,-1,-1,-1,0.356862745098039,0.694117647058824,0.803921568627451
80.02344536781311,0.0,0.01699622204267554,0.03,1,1,1,0.0,0.3333333333333333,0.10935000000000002,1,1,1,1.0,1.0,-1.0,0.0,-0.3333333333333333,0.135,-1,-1,-1,0.356862745098039,0.694117647058824,0.803921568627451
80.05803346633911,0.0,0.02039546645121064,0.03,1,1,1,0.0,0.3333333333333333,0.10935000000000002,1,1,1,1.0,1.0,-1.0,0.0,-0.3333333333333333,0.135,-1,-1,-1,0.356862745098039,0.694117647058824,0.803921568627451
80.09299540519714,0.0,0.02379471085974574,0.03,1,1,1,0.0,0.3333333333333333,0.10935000000000002,1,1,1,1.0,1.0,-1.0,0.0,-0.3333333333333333,0.135,-1,-1,-1,0.356862745098039,0.694117647058824,0.803921568627451
80.13433456420898,0.0,0.02719395526828084,0.03,1,1,1,0.0,0.3333333333333333,0.10935000000000002,1,1,1,1.0,1.0,-1.0,0.0,-0.3333333333333333,0.135,-1,-1,-1,0.356862745098039,0.694117647058824,0.803921568627451
80.1785581111908,0.0,0.030593199676815945,0.03,1,1,1,0.0,0.3333333333333333,0.10935000000000002,1,1,1,1.0,1.0,-1.0,0.0,-0.3333333333333333,0.135,-1,-1,-1,0.356862745098039,0.694117647058824,0.803921568627451
80.21216034889221,0.0,0.03399244408535106,0.03,1,1,1,0.0,0.3333333333333333,0.10935000000000002,1,1,1,1.0,1.0,-1.0,0.0,-0.3333333333333333,0.135,-1,-1,-1,0.356862745098039,0.694117647058824,0.803921568627451
80.24626183509827,0.0,0.03739168849388618,0.03,1,1,1,0.0,0.3333333333333333,0.10935000000000002,1,1,1,1.0,1.0,-1.0,0.0,-0.3333333333333333,0.135,-1,-1,-1,0.356862745098039,0.694117647058824,0.803921568627451
80.2801718711853,0.0,0.0407909329024213,0.03,1,1,1,0.0,0.3333333333333333,0.10935000000000002,1,1,1,1.0,1.0,-1.0,0.0,-0.3333333333333333,0.135,-1,-1,-1,0.356862745098039,0.694117647058824,0.803921568627451
80.31541681289673,0.0,0.04419017731095642,0.03,1,1,1,0.0,0.3333333333333333,0.10935000000000002,1,1,1,1.0,1.0,-1.0,0.0,-0.3333333333333333,0.135,-1,-1,-1,0.356862745098039,0.694117647058824,0.803921568627451
80.34998202323914,0.0,0.047589421719491536,0.03,1,1,1,0.0,0.3333333333333333,0.10935000000000002,1,1,1,1.0,1.0,-1.0,0.0,-0.3333333333333333,0.135,-1,-1,-1,0.356862745098039,0.694117647058824,0.803921568627451
80.39848232269287,0.0,0.050988666128026654,0.03,1,1,1,0.0,0.3333333333333333,0.10935000000000002,1,1,1,1.0,1.0,-1.0,0.0,-0.3333333333333333,0.135,-1,-1,-1,0.356862745098039,0.694117647058824,0.803921568627451
80.43385171890259,0.0,0.05438791053656177,0.03,1,1,1,0.0,0.3333333333333333,0.10935000000000002,1,1,1,1.0,1.0,-1.0,0.0,-0.3333333333333333,0.135,-1,-1,-1,0.356862745098039,0.694117647058824,0.803921568627451
80.46765470504761,0.0,0.05778715494509689,0.03,1,1,1,0.0,0.3333333333333333,0.10935000000000002,1,1,1,1.0,1.0,-1.0,0.0,-0.3333333333333333,0.135,-1,-1,-1,0.356862745098039,0.694117647058824,0.803921568627451
80.50317001342773,0.0,0.06118639935363202,0.03,1,1,1,0.0,0.3333333333333333,0.10935000000000002,1,1,1,1.0,1.0,-1.0,0.0,-0.3333333333333333,0.135,-1,-1,-1,0.356862745098039,0.694117647058824,0.803921568627451
80.53744673728943,0.0,0.06458564376216715,0.03,1,1,1,0.0,0.3333333333333333,0.10935000000000002,1,1,1,1.0,1.0,-1.0,0.0,-0.3333333333333333,0.135,-1,-1,-1,0.356862745098039,0.694117647058824,0.803921568627451
80.58220434188843,0.0,0.06798488817070227,0.03,1,1,1,0.0,0.3333333333333333,0.10935000000000002,1,1,1,1.0,1.0,-1.0,0.0,-0.3333333333333333,0.135,-1,-1,-1,0.356862745098039,0.694117647058824,0.803921568627451
80.62082052230835,0.0,0.07138413257923738,0.03,1,1,1,0.0,0.3333333333333333,0.10935000000000002,1,1,1,1.0,1.0,-1.0,0.0,-0.3333333333333333,0.135,-1,-1,-1,0.356862745098039,0.694117647058824,0.803921568627451
80.65526819229126,0.0,0.0747833769877725,0.03,1,1,1,0.0,0.3333333333333333,0.10935000000000002,1,1,1,1.0,1.0,-1.0,0.0,-0.3333333333333333,0.135,-1,-1,-1,0.356862745098039,0.694117647058824,0.803921568627451
80.68987393379211,0.0,0.07818262139630762,0.03,1,1,1,0.0,0.3333333333333333,0.10935000000000002,1,1,1,1.0,1.0,-1.0,0.0,-0.3333333333333333,0.135,-1,-1,-1,0.356862745098039,0.694117647058824,0.803921568627451
80.72466564178467,0.0,0.08158186580484274,0.03,1,1,1,0.0,0.3333333333333333,0.10935000000000002,1,1,1,1.0,1.0,-1.0,0.0,-0.3333333333333333,0.135,-1,-1,-1,0.356862745098039,0.694117647058824,0.803921568627451
80.76637744903564,0.0,0.08498111021337786,0.03,1,1,1,0.0,0.3333333333333333,0.10935000000000002,1,1,1,1.0,1.0,-1.0,0.0,-0.3333333333333333,0.135,-1,-1,-1,0.356862745098039,0.694117647058824,0.803921568627451
80.80799126625061,0.0,0.08838035462191297,0.03,1,1,1,0.0,0.3333333333333333,0.10935000000000002,1,1,1,1.0,1.0,-1.0,0.0,-0.3333333333333333,0.135,-1,-1,-1,0.356862745098039,0.694117647058824,0.803921568627451
80.85196232795715,0.0,0.09177959903044809,0.03,1,1,1,0.0,0.3333333333333333,0.10935000000000002,1,1,1,1.0,1.0,-1.0,0.0,-0.3333333333333333,0.135,-1,-1,-1,0.356862745098039,0.694117647058824,0.803921568627451
80.88596987724304,0.0,0.09517884343898321,0.03,1,1,1,0.0,0.3333333333333333,0.10935000000000002,1,1,1,1.0,1.0,-1.0,0.0,-0.3333333333333333,0.135,-1,-1,-1,0.356862745098039,0.694117647058824,0.803921568627451
80.91932559013367,0.0,0.09857808784751833,0.03,1,1,1,0.0,0.3333333333333333,0.10935000000000002,1,1,1,1.0,1.0,-1.0,0.0,-0.3333333333333333,0.135,-1,-1,-1,0.356862745098039,0.694117647058824,0.803921568627451
80.9542396068573,0.0,0.10197733225605345,0.03,1,1,1,0.0,0.3333333333333333,0.10935000000000002,1,1,1,1.0,1.0,-1.0,0.0,-0.3333333333333333,0.135,-1,-1,-1,0.356862745098039,0.694117647058824,0.803921568627451
80.9888699054718,0.0,0.10537657666458856,0.03,1,1,1,0.0,0.3333333333333333,0.10935000000000002,1,1,1,1.0,1.0,-1.0,0.0,-0.3333333333333333,0.135,-1,-1,-1,0.356862745098039,0.694117647058824,0.803921568627451
81.0377266407013,0.0,0.10877582107312368,0.03,1,1,1,0.0,0.3333333333333333,0.10935000000000002,1,1,1,1.0,1.0,-1.0,0.0,-0.3333333333333333,0.135,-1,-1,-1,0.356862745098039,0.694117647058824,0.803921568627451
81.07947301864624,0.0,0.10810049052229277,0.03,1,1,1,0.0,0.3333333333333333,0.10935000000000002,-1,-1,-1,1.0,1.0,-1.0,0.0,-0.3333333333333333,0.135,-1,-1,-1,0.356862745098039,0.694117647058824,0.803921568627451
81.11342287063599,0.0,0.10640651623162035,0.03,1,1,1,0.0,0.3333333333333333,0.10935000000000002,-1,-1,-1,1.0,1.0,-1.0,0.0,-0.3333333333333333,0.135,-1,-1,-1,0.356862745098039,0.694117647058824,0.803921568627451
81.14757490158081,0.0,0.10471254194094794,0.03,1,1,1,0.0,0.3333333333333333,0.10935000000000002,-1,-1,-1,1.0,1.0,-1.0,0.0,-0.3333333333333333,0.135,-1,-1,-1,0.356862745098039,0.694117647058824,0.803921568627451
81.18645858764648,0.0,0.10301856765027552,0.03,1,1,1,0.0,0.3333333333333333,0.10935000000000002,-1,-1,-1,1.0,1.0,-1.0,0.0,-0.3333333333333333,0.135,-1,-1,-1,0.356862745098039,0.694117647058824,0.803921568627451
81.22125053405762,0.0,0.1013245933596031,0.03,1,1,1,0.0,0.3333333333333333,0.10935000000000002,-1,-1,-1,1.0,1.0,-1.0,0.0,-0.3333333333333333,0.135,-1,-1,-1,0.356862745098039,0.694117647058824,0.803921568627451
81.25913906097412,0.0,0.09963061906893068,0.03,1,1,1,0.0,0.3333333333333333,0.10935000000000002,-1,-1,-1,1.0,1.0,-1.0,0.0,-0.3333333333333333,0.135,-1,-1,-1,0.356862745098039,0.694117647058824,0.803921568627451
81.3006329536438,0.0,0.09793664477825827,0.03,1,1,1,0.0,0.3333333333333333,0.10935000000000002,-1,-1,-1,1.0,1.0,-1.0,0.0,-0.3333333333333333,0.135,-1,-1,-1,0.356862745098039,0.694117647058824,0.803921568627451
81.3357925415039,0.0,0.09624267048758585,0.03,1,1,1,0.0,0.3333333333333333,0.10935000000000002,-1,-1,-1,1.0,1.0,-1.0,0.0,-0.3333333333333333,0.135,-1,-1,-1,0.356862745098039,0.694117647058824,0.803921568627451
81.36982417106628,0.0,0.09454869619691343,0.03,1,1,1,0.0,0.3333333333333333,0.10935000000000002,-1,-1,-1,1.0,1.0,-1.0,0.0,-0.3333333333333333,0.135,-1,-1,-1,0.356862745098039,0.694117647058824,0.803921568627451
81.40510272979736,0.0,0.09285472190624101,0.03,1,1,1,0.0,0.3333333333333333,0.10935000000000002,-1,-1,-1,1.0,1.0,-1.0,0.0,-0.3333333333333333,0.135,-1,-1,-1,0.356862745098039,0.694117647058824,0.803921568627451
81.44011163711548,0.0,0.0911607476155686,0.03,1,1,1,0.0,0.3333333333333333,0.10935000000000002,-1,-1,-1,1.0,1.0,-1.0,0.0,-0.3333333333333333,0.135,-1,-1,-1,0.356862745098039,0.694117647058824,0.803921568627451
81.48148107528687,0.0,0.08946677332489618,0.03,1,1,1,0.0,0.3333333333333333,0.10935000000000002,-1,-1,-1,1.0,1.0,-1.0,0.0,-0.3333333333333333,0.135,-1,-1,-1,0.356862745098039,0.694117647058824,0.803921568627451
81.52651190757751,0.0,0.08777279903422376,0.03,1,1,1,0.0,0.3333333333333333,0.10935000000000002,-1,-1,-1,1.0,1.0,-1.0,0.0,-0.3333333333333333,0.135,-1,-1,-1,0.356862745098039,0.694117647058824,0.803921568627451
81.56497740745544,0.0,0.08607882474355134,0.03,1,1,1,0.0,0.3333333333333333,0.10935000000000002,-1,-1,-1,1.0,1.0,-1.0,0.0,-0.3333333333333333,0.135,-1,-1,-1,0.356862745098039,0.694117647058824,0.803921568627451
81.59997177124023,0.0,0.08438485045287893,0.03,1,1,1,0.0,0.3333333333333333,0.10935000000000002,-1,-1,-1,1.0,1.0,-1.0,0.0,-0.3333333333333333,0.135,-1,-1,-1,0.356862745098039,0.694117647058824,0.803921568627451
81.63401532173157,0.0,0.08269087616220651,0.03,1,1,1,0.0,0.3333333333333333,0.10935000000000002,-1,-1,-1,1.0,1.0,-1.0,0.0,-0.3333333333333333,0.135,-1,-1,-1,0.356862745098039,0.694117647058824,0.803921568627451
81.66946244239807,0.0,0.08099690187153409,0.03,1,1,1,0.0,0.3333333333333333,0.10935000000000002,-1,-1,-1,1.0,1.0,-1.0,0.0,-0.3333333333333333,0.135,-1,-1,-1,0.356862745098039,0.694117647058824,0.803921568627451
81.71111416816711,0.0,0.07930292758086167,0.03,1,1,1,0.0,0.3333333333333333,0.10935000000000002,-1,-1,-1,1.0,1.0,-1.0,0.0,-0.3333333333333333,0.135,-1,-1,-1,0.356862745098039,0.694117647058824,0.803921568627451
81.75272274017334,0.0,0.07760895329018926,0.03,1,1,1,0.0,0.3333333333333333,0.10935000000000002,-1,-1,-1,1.0,1.0,-1.0,0.0,-0.3333333333333333,0.135,-1,-1,-1,0.356862745098039,0.694117647058824,0.803921568627451
81.79567551612854,0.0,0.07591497899951684,0.03,1,1,1,0.0,0.3333333333333333,0.10935000000000002,-1,-1,-1,1.0,1.0,-1.0,0.0,-0.3333333333333333,0.135,-1,-1,-1,0.356862745098039,0.694117647058824,0.803921568627451
81.82921171188354,0.0,0.07422100470884442,0.03,1,1,1,0.0,0.3333333333333333,0.10935000000000002,-1,-1,-1,1.0,1.0,-1.0,0.0,-0.3333333333333333,0.135,-1,-1,-1,0.356862745098039,0.694117647058824,0.803921568627451
81.8639965057373,0.0,0.072527030418172,0.03,1,1,1,0.0,0.3333333333333333,0.10935000000000002,-1,-1,-1,1.0,1.0,-1.0,0.0,-0.3333333333333333,0.135,-1,-1,-1,0.356862745098039,0.694117647058824,0.803921568627451
81.8972418308258,0.0,0.07083305612749959,0.03,1,1,1,0.0,0.3333333333333333,0.10935000000000002,-1,-1,-1,1.0,1.0,-1.0,0.0,-0.3333333333333333,0.135,-1,-1,-1,0.356862745098039,0.694117647058824,0.803921568627451
81.93890190124512,0.0,0.06913908183682717,0.03,1,1,1,0.0,0.3333333333333333,0.10935000000000002,-1,-1,-1,1.0,1.0,-1.0,0.0,-0.3333333333333333,0.135,-1,-1,-1,0.356862745098039,0.694117647058824,0.803921568627451
81.97468996047974,0.0,0.06744510754615475,0.03,1,1,1,0.0,0.3333333333333333,0.10935000000000002,-1,-1,-1,1.0,1.0,-1.0,0.0,-0.3333333333333333,0.135,-1,-1,-1,0.356862745098039,0.694117647058824,0.803921568627451
82.00995182991028,0.0,0.06575113325548233,0.03,1,1,1,0.0,0.3333333333333333,0.10935000000000002,-1,-1,-1,1.0,1.0,-1.0,0.0,-0.3333333333333333,0.135,-1,-1,-1,0.356862745098039,0.694117647058824,0.803921568627451
82.04398107528687,0.0,0.06405715896480992,0.03,1,1,1,0.0,0.3333333333333333,0.10935000000000002,-1,-1,-1,1.0,1.0,-1.0,0.0,-0.3333333333333333,0.135,-1,-1,-1,0.356862745098039,0.694117647058824,0.803921568627451
82.07904171943665,0.0,0.062363184674137505,0.03,1,1,1,0.0,0.3333333333333333,0.10935000000000002,-1,-1,-1,1.0,1.0,-1.0,0.0,-0.3333333333333333,0.135,-1,-1,-1,0.356862745098039,0.694117647058824,0.803921568627451
82.12076997756958,0.0,0.06066921038346511,0.03,1,1,1,0.0,0.3333333333333333,0.10935000000000002,-1,-1,-1,1.0,1.0,-1.0,0.0,-0.3333333333333333,0.135,-1,-1,-1,0.356862745098039,0.694117647058824,0.803921568627451
82.1643054485321,0.0,0.05897523609279271,0.03,1,1,1,0.0,0.3333333333333333,0.10935000000000002,-1,-1,-1,1.0,1.0,-1.0,0.0,-0.3333333333333333,0.135,-1,-1,-1,0.356862745098039,0.694117647058824,0.803921568627451
82.1978452205658,0.0,0.05728126180212033,0.03,1,1,1,0.0,0.3333333333333333,0.10935000000000002,-1,-1,-1,1.0,1.0,-1.0,0.0,-0.3333333333333333,0.135,-1,-1,-1,0.356862745098039,0.694117647058824,0.803921568627451
82.23165655136108,0.0,0.055587287511447946,0.03,1,1,1,0.0,0.3333333333333333,0.10935000000000002,-1,-1,-1,1.0,1.0,-1.0,0.0,-0.3333333333333333,0.135,-1,-1,-1,0.356862745098039,0.694117647058824,0.803921568627451
82.26703882217407,0.0,0.051132713736707885,0.03,1,1,1,0.0,0.3333333333333333,0.10935000000000002,-1,-1,-1,1.0,1.0,-1.0,0.0,-0.3333333333333333,0.135,-1,-1,-1,0.356862745098039,0.694117647058824,0.803921568627451
82.30145001411438,0.0,0.04483774030592272,0.03,1,1,1,0.0,0.3333333333333333,0.10935000000000002,-1,-1,-1,1.0,1.0,-1.0,0.0,-0.3333333333333333,0.135,-1,-1,-1,0.356862745098039,0.694117647058824,0.803921568627451
82.34996509552002,0.0,0.03854276687513755,0.03,1,1,1,0.0,0.3333333333333333,0.10935000000000002,-1,-1,-1,1.0,1.0,-1.0,0.0,-0.3333333333333333,0.135,-1,-1,-1,0.356862745098039,0.694117647058824,0.803921568627451
82.3856885433197,0.0,0.032247793444352385,0.03,1,1,1,0.0,0.3333333333333333,0.10935000000000002,-1,-1,-1,1.0,1.0,-1.0,0.0,-0.3333333333333333,0.135,-1,-1,-1,0.356862745098039,0.694117647058824,0.803921568627451
82.41922807693481,0.0,0.0259528200135672,0.03,1,1,1,0.0,0.3333333333333333,0.10935000000000002,-1,-1,-1,1.0,1.0,-1.0,0.0,-0.3333333333333333,0.135,-1,-1,-1,0.356862745098039,0.694117647058824,0.803921568627451
82.45446491241455,0.0,0.019657846582782017,0.03,1,1,1,0.0,0.3333333333333333,0.10935000000000002,-1,-1,-1,1.0,1.0,-1.0,0.0,-0.3333333333333333,0.135,-1,-1,-1,0.356862745098039,0.694117647058824,0.803921568627451
82.48897957801819,0.0,0.013362873151996833,0.03,1,1,1,0.0,0.3333333333333333,0.10935000000000002,-1,-1,-1,1.0,1.0,-1.0,0.0,-0.3333333333333333,0.135,-1,-1,-1,0.356862745098039,0.694117647058824,0.803921568627451
82.5338294506073,0.0,0.0070678997212116484,0.03,1,1,1,0.0,0.3333333333333333,0.10935000000000002,-1,-1,-1,1.0,1.0,-1.0,0.0,-0.3333333333333333,0.135,-1,-1,-1,0.356862745098039,0.694117647058824,0.803921568627451
82.57228636741638,0.0,0.0007729262904264643,0.03,1,1,1,0.0,0.3333333333333333,0.10935000000000002,-1,-1,-1,1.0,1.0,-1.0,0.0,-0.3333333333333333,0.135,-1,-1,-1,0.356862745098039,0.694117647058824,0.803921568627451
82.60684967041016,0.0,-0.00552204714035872,0.03,1,1,1,0.0,0.3333333333333333,0.10935000000000002,-1,-1,-1,1.0,1.0,-1.0,0.0,-0.3333333333333333,0.135,-1,-1,-1,0.356862745098039,0.694117647058824,0.803921568627451
82.64132070541382,0.0,-0.011817020571143904,0.03,1,1,1,0.0,0.3333333333333333,0.10935000000000002,-1,-1,-1,1.0,1.0,-1.0,0.0,-0.3333333333333333,0.135,-1,-1,-1,0.356862745098039,0.694117647058824,0.803921568627451
82.67633271217346,0.0,-0.018111994001929088,0.03,1,1,1,0.0,0.3333333333333333,0.10935000000000002,-1,-1,-1,1.0,1.0,-1.0,0.0,-0.3333333333333333,0.135,-1,-1,-1,0.356862745098039,0.694117647058824,0.803921568627451
82.71815466880798,0.0,-0.024406967432714272,0.03,1,1,1,0.0,0.3333333333333333,0.10935000000000002,-1,-1,-1,1.0,1.0,-1.0,0.0,-0.3333333333333333,0.135,-1,-1,-1,0.356862745098039,0.694117647058824,0.803921568627451
82.75973176956177,0.0,-0.03070194086349946,0.03,1,1,1,0.0,0.3333333333333333,0.10935000000000002,-1,-1,-1,1.0,1.0,-1.0,0.0,-0.3333333333333333,0.135,-1,-1,-1,0.356862745098039,0.694117647058824,0.803921568627451
82.80236744880676,0.0,-0.03699691429428463,0.03,1,1,1,0.0,0.3333333333333333,0.10935000000000002,-1,-1,-1,1.0,1.0,-1.0,0.0,-0.3333333333333333,0.135,-1,-1,-1,0.356862745098039,0.694117647058824,0.803921568627451
82.83609819412231,0.0,-0.0432918877250698,0.03,1,1,1,0.0,0.3333333333333333,0.10935000000000002,-1,-1,-1,1.0,1.0,-1.0,0.0,-0.3333333333333333,0.135,-1,-1,-1,0.356862745098039,0.694117647058824,0.803921568627451
82.87136197090149,0.0,-0.049586861155854964,0.03,1,1,1,0.0,0.3333333333333333,0.10935000000000002,-1,-1,-1,1.0,1.0,-1.0,0.0,-0.3333333333333333,0.135,-1,-1,-1,0.356862745098039,0.694117647058824,0.803921568627451
82.90634679794312,0.0,-0.05588183458664013,0.03,1,1,1,0.0,0.3333333333333333,0.10935000000000002,-1,-1,-1,1.0,1.0,-1.0,0.0,-0.3333333333333333,0.135,-1,-1,-1,0.356862745098039,0.694117647058824,0.803921568627451
82.95407700538635,0.0,-0.06217680801742531,0.03,1,1,1,0.0,0.3333333333333333,0.10935000000000002,-1,-1,-1,1.0,1.0,-1.0,0.0,-0.3333333333333333,0.135,-1,-1,-1,0.356862745098039,0.694117647058824,0.803921568627451
82.99555015563965,0.0,-0.06847178144821048,0.03,1,1,1,0.0,0.3333333333333333,0.10935000000000002,-1,-1,-1,1.0,1.0,-1.0,0.0,-0.3333333333333333,0.135,-1,-1,-1,0.356862745098039,0.694117647058824,0.803921568627451
83.03054523468018,0.0,-0.07476675487899564,0.03,1,1,1,0.0,0.3333333333333333,0.10935000000000002,-1,-1,-1,1.0,1.0,-1.0,0.0,-0.3333333333333333,0.135,-1,-1,-1,0.356862745098039,0.694117647058824,0.803921568627451
83.06946873664856,0.0,-0.08106172830978081,0.03,1,1,1,0.0,0.3333333333333333,0.10935000000000002,-1,-1,-1,1.0,1.0,-1.0,0.0,-0.3333333333333333,0.135,-1,-1,-1,0.356862745098039,0.694117647058824,0.803921568627451
83.10399031639099,0.0,-0.08735670174056598,0.03,1,1,1,0.0,0.3333333333333333,0.10935000000000002,-1,-1,-1,1.0,1.0,-1.0,0.0,-0.3333333333333333,0.135,-1,-1,-1,0.356862745098039,0.694117647058824,0.803921568627451
83.14213562011719,0.0,-0.09365167517135115,0.03,1,1,1,0.0,0.3333333333333333,0.10935000000000002,-1,-1,-1,1.0,1.0,-1.0,0.0,-0.3333333333333333,0.135,-1,-1,-1,0.356862745098039,0.694117647058824,0.803921568627451
83.19013595581055,0.0,-0.09994664860213631,0.03,1,1,1,0.0,0.3333333333333333,0.10935000000000002,-1,-1,-1,1.0,1.0,-1.0,0.0,-0.3333333333333333,0.135,-1,-1,-1,0.356862745098039,0.694117647058824,0.803921568627451
83.22527027130127,0.0,-0.10624162203292148,0.03,1,1,1,0.0,0.3333333333333333,0.10935000000000002,-1,-1,-1,1.0,1.0,-1.0,0.0,-0.3333333333333333,0.135,-1,-1,-1,0.356862745098039,0.694117647058824,0.803921568627451
83.25941562652588,0.0,-0.11253659546370665,0.03,1,1,1,0.0,0.3333333333333333,0.10935000000000002,-1,-1,-1,1.0,1.0,-1.0,0.0,-0.3333333333333333,0.135,-1,-1,-1,0.356862745098039,0.694117647058824,0.803921568627451
83.29394006729126,0.0,-0.11883156889449183,0.03,1,1,1,0.0,0.3333333333333333,0.10935000000000002,-1,-1,-1,1.0,1.0,-1.0,0.0,-0.3333333333333333,0.135,-1,-1,-1,0.356862745098039,0.694117647058824,0.803921568627451
83.32738590240479,0.0,-0.12512654232527698,0.03,1,1,1,0.0,0.3333333333333333,0.10935000000000002,-1,-1,-1,1.0,1.0,-1.0,0.0,-0.3333333333333333,0.135,-1,-1,-1,0.356862745098039,0.694117647058824,0.803921568627451
83.37099623680115,0.0,-0.13142151575606215,0.03,1,1,1,0.0,0.3333333333333333,0.10935000000000002,-1,-1,-1,1.0,1.0,-1.0,0.0,-0.3333333333333333,0.135,-1,-1,-1,0.356862745098039,0.694117647058824,0.803921568627451
83.40604496002197,0.0,-0.1377164891868473,0.03,1,1,1,0.0,0.3333333333333333,0.10935000000000002,-1,-1,-1,1.0,1.0,-1.0,0.0,-0.3333333333333333,0.135,-1,-1,-1,0.356862745098039,0.694117647058824,0.803921568627451
83.439701795578,0.0,-0.14401146261763248,0.03,1,1,1,0.0,0.3333333333333333,0.10935000000000002,-1,-1,-1,1.0,1.0,-1.0,0.0,-0.3333333333333333,0.135,-1,-1,-1,0.356862745098039,0.694117647058824,0.803921568627451
83.47490358352661,0.0,-0.1450028141033043,0.03,1,1,1,0.0,0.3333333333333333,0.10935000000000002,-1,-1,-1,1.0,1.0,-1.0,0.0,-0.3333333333333333,0.135,-1,-1,-1,0.356862745098039,0.694117647058824,0.803921568627451
83.51018261909485,0.0,-0.14466826010269776,0.03,1,1,1,0.0,0.3333333333333333,0.10935000000000002,-1,-1,-1,1.0,1.0,-1.0,0.0,-0.3333333333333333,0.135,-1,-1,-1,0.356862745098039,0.694117647058824,0.803921568627451
83.55866742134094,0.0,-0.14433370610209123,0.03,1,1,1,0.0,0.3333333333333333,0.10935000000000002,-1,-1,-1,1.0,1.0,-1.0,0.0,-0.3333333333333333,0.135,-1,-1,-1,0.356862745098039,0.694117647058824,0.803921568627451
83.59299230575562,0.0,-0.1439991521014847,0.03,1,1,1,0.0,0.3333333333333333,0.10935000000000002,-1,-1,-1,1.0,1.0,-1.0,0.0,-0.3333333333333333,0.135,-1,-1,-1,0.356862745098039,0.694117647058824,0.803921568627451
83.62721967697144,0.0,-0.14366459810087817,0.03,1,1,1,0.0,0.3333333333333333,0.10935000000000002,-1,-1,-1,1.0,1.0,-1.0,0.0,-0.3333333333333333,0.135,-1,-1,-1,0.356862745098039,0.694117647058824,0.803921568627451
83.66178584098816,0.0,-0.14333004410027164,0.03,1,1,1,0.0,0.3333333333333333,0.10935000000000002,-1,-1,-1,1.0,1.0,-1.0,0.0,-0.3333333333333333,0.135,-1,-1,-1,0.356862745098039,0.694117647058824,0.803921568627451
83.69596672058105,0.0,-0.1429954900996651,0.03,1,1,1,0.0,0.3333333333333333,0.10935000000000002,-1,-1,-1,1.0,1.0,-1.0,0.0,-0.3333333333333333,0.135,-1,-1,-1,0.356862745098039,0.694117647058824,0.803921568627451
83.73107194900513,0.0,-0.14266093609905858,0.03,1,1,1,0.0,0.3333333333333333,0.10935000000000002,-1,-1,-1,1.0,1.0,-1.0,0.0,-0.3333333333333333,0.135,-1,-1,-1,0.356862745098039,0.694117647058824,0.803921568627451
83.77480506896973,0.0,-0.14232638209845205,0.03,1,1,1,0.0,0.3333333333333333,0.10935000000000002,-1,-1,-1,1.0,1.0,-1.0,0.0,-0.3333333333333333,0.135,-1,-1,-1,0.356862745098039,0.694117647058824,0.803921568627451
83.8080906867981,0.0,-0.14199182809784552,0.03,1,1,1,0.0,0.3333333333333333,0.10935000000000002,-1,-1,-1,1.0,1.0,-1.0,0.0,-0.3333333333333333,0.135,-1,-1,-1,0.356862745098039,0.694117647058824,0.803921568627451
83.84203767776489,0.0,-0.141657274097239,0.03,1,1,1,0.0,0.3333333333333333,0.10935000000000002,-1,-1,-1,1.0,1.0,-1.0,0.0,-0.3333333333333333,0.135,-1,-1,-1,0.356862745098039,0.694117647058824,0.803921568627451
83.87732028961182,0.0,-0.14132272009663246,0.03,1,1,1,0.0,0.3333333333333333,0.10935000000000002,-1,-1,-1,1.0,1.0,-1.0,0.0,-0.3333333333333333,0.135,-1,-1,-1,0.356862745098039,0.694117647058824,0.803921568627451
83.91170024871826,0.0,-0.14098816609602594,0.03,1,1,1,0.0,0.3333333333333333,0.10935000000000002,-1,-1,-1,1.0,1.0,-1.0,0.0,-0.3333333333333333,0.135,-1,-1,-1,0.356862745098039,0.694117647058824,0.803921568627451
83.9532539844513,0.0,-0.1406536120954194,0.03,1,1,1,0.0,0.3333333333333333,0.10935000000000002,-1,-1,-1,1.0,1.0,-1.0,0.0,-0.3333333333333333,0.135,-1,-1,-1,0.356862745098039,0.694117647058824,0.803921568627451
83.98803615570068,0.0,-0.14031905809481288,0.03,1,1,1,0.0,0.3333333333333333,0.10935000000000002,-1,-1,-1,1.0,1.0,-1.0,0.0,-0.3333333333333333,0.135,-1,-1,-1,0.356862745098039,0.694117647058824,0.803921568627451
84.02264213562012,0.0,-0.13998450409420635,0.03,1,1,1,0.0,0.3333333333333333,0.10935000000000002,-1,-1,-1,1.0,1.0,-1.0,0.0,-0.3333333333333333,0.135,-1,-1,-1,0.356862745098039,0.694117647058824,0.803921568627451
84.0582046508789,0.0,-0.13964995009359982,0.03,1,1,1,0.0,0.3333333333333333,0.10935000000000002,-1,-1,-1,1.0,1.0,-1.0,0.0,-0.3333333333333333,0.135,-1,-1,-1,0.356862745098039,0.694117647058824,0.803921568627451
84.09254908561707,0.0,-0.1393153960929933,0.03,1,1,1,0.0,0.3333333333333333,0.10935000000000002,-1,-1,-1,1.0,1.0,-1.0,0.0,-0.3333333333333333,0.135,-1,-1,-1,0.356862745098039,0.694117647058824,0.803921568627451
84.13407444953918,0.0,-0.13898084209238676,0.03,1,1,1,0.0,0.3333333333333333,0.10935000000000002,-1,-1,-1,1.0,1.0,-1.0,0.0,-0.3333333333333333,0.135,-1,-1,-1,0.356862745098039,0.694117647058824,0.803921568627451
84.16874837875366,0.0,-0.13864628809178023,0.03,1,1,1,0.0,0.3333333333333333,0.10935000000000002,-1,-1,-1,1.0,1.0,-1.0,0.0,-0.3333333333333333,0.135,-1,-1,-1,0.356862745098039,0.694117647058824,0.803921568627451
84.20345544815063,0.0,-0.1383117340911737,0.03,1,1,1,0.0,0.3333333333333333,0.10935000000000002,-1,-1,-1,1.0,1.0,-1.0,0.0,-0.3333333333333333,0.135,-1,-1,-1,0.356862745098039,0.694117647058824,0.803921568627451
84.23816394805908,0.0,-0.13797718009056717,0.03,1,1,1,0.0,0.3333333333333333,0.10935000000000002,-1,-1,-1,1.0,1.0,-1.0,0.0,-0.3333333333333333,0.135,-1,-1,-1,0.356862745098039,0.694117647058824,0.803921568627451
84.27645182609558,0.0,-0.13764262608996064,0.03,1,1,1,0.0,0.3333333333333333,0.10935000000000002,-1,-1,-1,1.0,1.0,-1.0,0.0,-0.3333333333333333,0.135,-1,-1,-1,0.356862745098039,0.694117647058824,0.803921568627451
84.31145930290222,0.0,-0.1373080720893541,0.03,1,1,1,0.0,0.3333333333333333,0.10935000000000002,-1,-1,-1,1.0,1.0,-1.0,0.0,-0.3333333333333333,0.135,-1,-1,-1,0.356862745098039,0.694117647058824,0.803921568627451
84.34920477867126,0.0,-0.13697351808874758,0.03,1,1,1,0.0,0.3333333333333333,0.10935000000000002,-1,-1,-1,1.0,1.0,-1.0,0.0,-0.3333333333333333,0.135,-1,-1,-1,0.356862745098039,0.694117647058824,0.803921568627451
84.3843822479248,0.0,-0.13663896408814105,0.03,1,1,1,0.0,0.3333333333333333,0.10935000000000002,-1,-1,-1,1.0,1.0,-1.0,0.0,-0.3333333333333333,0.135,-1,-1,-1,0.356862745098039,0.694117647058824,0.803921568627451
84.41866517066956,0.0,-0.13630441008753452,0.03,1,1,1,0.0,0.3333333333333333,0.10935000000000002,-1,-1,-1,1.0,1.0,-1.0,0.0,-0.3333333333333333,0.135,-1,-1,-1,0.356862745098039,0.694117647058824,0.803921568627451
84.45415258407593,0.0,-0.135969856086928,0.03,1,1,1,0.0,0.3333333333333333,0.10935000000000002,-1,-1,-1,1.0,1.0,-1.0,0.0,-0.3333333333333333,0.135,-1,-1,-1,0.356862745098039,0.694117647058824,0.803921568627451
84.49584746360779,0.0,-0.13563530208632146,0.03,1,1,1,0.0,0.3333333333333333,0.10935000000000002,-1,-1,-1,1.0,1.0,-1.0,0.0,-0.3333333333333333,0.135,-1,-1,-1,0.356862745098039,0.694117647058824,0.803921568627451
84.53708744049072,0.0,-0.13530074808571493,0.03,1,1,1,0.0,0.3333333333333333,0.10935000000000002,-1,-1,-1,1.0,1.0,-1.0,0.0,-0.3333333333333333,0.135,-1,-1,-1,0.356862745098039,0.694117647058824,0.803921568627451
84.57166719436646,0.0,-0.1349661940851084,0.03,1,1,1,0.0,0.3333333333333333,0.10935000000000002,-1,-1,-1,1.0,1.0,-1.0,0.0,-0.3333333333333333,0.135,-1,-1,-1,0.356862745098039,0.694117647058824,0.803921568627451
84.60621643066406,0.0,-0.13463164008450187,0.03,1,1,1,0.0,0.3333333333333333,0.10935000000000002,-1,-1,-1,1.0,1.0,-1.0,0.0,-0.3333333333333333,0.135,-1,-1,-1,0.356862745098039,0.694117647058824,0.803921568627451
84.6412262916565,0.0,-0.13429708608389535,0.03,1,1,1,0.0,0.3333333333333333,0.10935000000000002,-1,-1,-1,1.0,1.0,-1.0,0.0,-0.3333333333333333,0.135,-1,-1,-1,0.356862745098039,0.694117647058824,0.803921568627451
84.68007111549377,0.0,-0.13572376041291948,0.03,1,1,1,0.0,0.3333333333333333,0.10935000000000002,-1,-1,-1,1.0,1.0,-1.0,0.0,-0.3333333333333333,0.135,-1,-1,-1,0.356862745098039,0.694117647058824,0.803921568627451
84.71408343315125,0.0,-0.13759074182435127,0.03,1,1,1,0.0,0.3333333333333333,0.10935000000000002,-1,-1,-1,1.0,1.0,-1.0,0.0,-0.3333333333333333,0.135,-1,-1,-1,0.356862745098039,0.694117647058824,0.803921568627451
84.74964427947998,0.0,-0.13945772323578307,0.03,1,1,1,0.0,0.3333333333333333,0.10935000000000002,-1,-1,-1,1.0,1.0,-1.0,0.0,-0.3333333333333333,0.135,-1,-1,-1,0.356862745098039,0.694117647058824,0.803921568627451
84.78696060180664,0.0,-0.14132470464721486,0.03,1,1,1,0.0,0.3333333333333333,0.10935000000000002,-1,-1,-1,1.0,1.0,-1.0,0.0,-0.3333333333333333,0.135,-1,-1,-1,0.356862745098039,0.694117647058824,0.803921568627451
84.82894778251648,0.0,-0.14319168605864666,0.03,1,1,1,0.0,0.3333333333333333,0.10935000000000002,-1,-1,-1,1.0,1.0,-1.0,0.0,-0.3333333333333333,0.135,-1,-1,-1,0.356862745098039,0.694117647058824,0.803921568627451
84.86430215835571,0.0,-0.14505866747007845,0.03,1,1,1,0.0,0.3333333333333333,0.10935000000000002,-1,-1,-1,1.0,1.0,-1.0,0.0,-0.3333333333333333,0.135,-1,-1,-1,0.356862745098039,0.694117647058824,0.803921568627451
84.89878296852112,0.0,-0.14692564888151025,0.03,1,1,1,0.0,0.3333333333333333,0.10935000000000002,-1,-1,-1,1.0,1.0,-1.0,0.0,-0.3333333333333333,0.135,-1,-1,-1,0.356862745098039,0.694117647058824,0.803921568627451
84.93983888626099,0.0,-0.14879263029294204,0.03,1,1,1,0.0,0.3333333333333333,0.10935000000000002,-1,-1,-1,1.0,1.0,-1.0,0.0,-0.3333333333333333,0.135,-1,-1,-1,0.356862745098039,0.694117647058824,0.803921568627451
84.98326301574707,0.0,-0.15065961170437384,0.03,1,1,1,0.0,0.3333333333333333,0.10935000000000002,-1,-1,-1,1.0,1.0,-1.0,0.0,-0.3333333333333333,0.135,-1,-1,-1,0.356862745098039,0.694117647058824,0.803921568627451
85.01755928993225,0.0,-0.15252659311580563,0.03,1,1,1,0.0,0.3333333333333333,0.10935000000000002,-1,-1,-1,1.0,1.0,-1.0,0.0,-0.3333333333333333,0.135,-1,-1,-1,0.356862745098039,0.694117647058824,0.803921568627451
85.05246114730835,0.0,-0.15439357452723743,0.03,1,1,1,0.0,0.3333333333333333,0.10935000000000002,-1,-1,-1,1.0,1.0,-1.0,0.0,-0.3333333333333333,0.135,-1,-1,-1,0.356862745098039,0.694117647058824,0.803921568627451
85.08573746681213,0.0,-0.15626055593866922,0.03,1,1,1,0.0,0.3333333333333333,0.10935000000000002,-1,-1,-1,1.0,1.0,-1.0,0.0,-0.3333333333333333,0.135,-1,-1,-1,0.356862745098039,0.694117647058824,0.803921568627451
85.12078833580017,0.0,-0.15812753735010102,0.03,1,1,1,0.0,0.3333333333333333,0.10935000000000002,-1,-1,-1,1.0,1.0,-1.0,0.0,-0.3333333333333333,0.135,-1,-1,-1,0.356862745098039,0.694117647058824,0.803921568627451
85.16925096511841,0.0,-0.1599945187615328,0.03,1,1,1,0.0,0.3333333333333333,0.10935000000000002,-1,-1,-1,1.0,1.0,-1.0,0.0,-0.3333333333333333,0.135,-1,-1,-1,0.356862745098039,0.694117647058824,0.803921568627451
85.20405507087708,0.0,-0.1618615001729646,0.03,1,1,1,0.0,0.3333333333333333,0.10935000000000002,-1,-1,-1,1.0,1.0,-1.0,0.0,-0.3333333333333333,0.135,-1,-1,-1,0.356862745098039,0.694117647058824,0.803921568627451
85.23867607116699,0.0,-0.1637284815843964,0.03,1,1,1,0.0,0.3333333333333333,0.10935000000000002,-1,-1,-1,1.0,1.0,-1.0,0.0,-0.3333333333333333,0.135,-1,-1,-1,0.356862745098039,0.694117647058824,0.803921568627451
85.27316069602966,0.0,-0.1655954629958282,0.03,1,1,1,0.0,0.3333333333333333,0.10935000000000002,-1,-1,-1,1.0,1.0,-1.0,0.0,-0.3333333333333333,0.135,-1,-1,-1,0.356862745098039,0.694117647058824,0.803921568627451
85.30785942077637,0.0,-0.16746244440726,0.03,1,1,1,0.0,0.3333333333333333,0.10935000000000002,-1,-1,-1,1.0,1.0,-1.0,0.0,-0.3333333333333333,0.135,-1,-1,-1,0.356862745098039,0.694117647058824,0.803921568627451
85.34281206130981,0.0,-0.1693294258186918,0.03,1,1,1,0.0,0.3333333333333333,0.10935000000000002,-1,-1,-1,1.0,1.0,-1.0,0.0,-0.3333333333333333,0.135,-1,-1,-1,0.356862745098039,0.694117647058824,0.803921568627451
85.38945770263672,0.0,-0.17119640723012358,0.03,1,1,1,0.0,0.3333333333333333,0.10935000000000002,-1,-1,-1,1.0,1.0,-1.0,0.0,-0.3333333333333333,0.135,-1,-1,-1,0.356862745098039,0.694117647058824,0.803921568627451
85.42663645744324,0.0,-0.17306338864155538,0.03,1,1,1,0.0,0.3333333333333333,0.10935000000000002,-1,-1,-1,1.0,1.0,-1.0,0.0,-0.3333333333333333,0.135,-1,-1,-1,0.356862745098039,0.694117647058824,0.803921568627451
85.46785974502563,0.0,-0.17493037005298717,0.03,1,1,1,0.0,0.3333333333333333,0.10935000000000002,-1,-1,-1,1.0,1.0,-1.0,0.0,-0.3333333333333333,0.135,-1,-1,-1,0.356862745098039,0.694117647058824,0.803921568627451
85.50263619422913,0.0,-0.17679735146441897,0.03,1,1,1,0.0,0.3333333333333333,0.10935000000000002,-1,-1,-1,1.0,1.0,-1.0,0.0,-0.3333333333333333,0.135,-1,-1,-1,0.356862745098039,0.694117647058824,0.803921568627451
85.53724789619446,0.0,-0.17866433287585076,0.03,1,1,1,0.0,0.3333333333333333,0.10935000000000002,-1,-1,-1,1.0,1.0,-1.0,0.0,-0.3333333333333333,0.135,-1,-1,-1,0.356862745098039,0.694117647058824,0.803921568627451
85.57871341705322,0.0,-0.18053131428728256,0.03,1,1,1,0.0,0.3333333333333333,0.10935000000000002,-1,-1,-1,1.0,1.0,-1.0,0.0,-0.3333333333333333,0.135,-1,-1,-1,0.356862745098039,0.694117647058824,0.803921568627451
85.6219744682312,0.0,-0.18239829569871435,0.03,1,1,1,0.0,0.3333333333333333,0.10935000000000002,-1,-1,-1,1.0,1.0,-1.0,0.0,-0.3333333333333333,0.135,-1,-1,-1,0.356862745098039,0.694117647058824,0.803921568627451
85.65592050552368,0.0,-0.18426527711014615,0.03,1,1,1,0.0,0.3333333333333333,0.10935000000000002,-1,-1,-1,1.0,1.0,-1.0,0.0,-0.3333333333333333,0.135,-1,-1,-1,0.356862745098039,0.694117647058824,0.803921568627451
85.69101619720459,0.0,-0.18613225852157794,0.03,1,1,1,0.0,0.3333333333333333,0.10935000000000002,-1,-1,-1,1.0,1.0,-1.0,0.0,-0.3333333333333333,0.135,-1,-1,-1,0.356862745098039,0.694117647058824,0.803921568627451
85.72546172142029,0.0,-0.18799923993300974,0.03,1,1,1,0.0,0.3333333333333333,0.10935000000000002,-1,-1,-1,1.0,1.0,-1.0,0.0,-0.3333333333333333,0.135,-1,-1,-1,0.356862745098039,0.694117647058824,0.803921568627451
85.75958228111267,0.0,-0.18986622134444153,0.03,1,1,1,0.0,0.3333333333333333,0.10935000000000002,-1,-1,-1,1.0,1.0,-1.0,0.0,-0.3333333333333333,0.135,-1,-1,-1,0.356862745098039,0.694117647058824,0.803921568627451
85.79352641105652,0.0,-0.19173320275587333,0.03,1,1,1,0.0,0.3333333333333333,0.10935000000000002,-1,-1,-1,1.0,1.0,-1.0,0.0,-0.3333333333333333,0.135,-1,-1,-1,0.356862745098039,0.694117647058824,0.803921568627451
85.83524465560913,0.0,-0.19360018416730512,0.03,1,1,1,0.0,0.3333333333333333,0.10935000000000002,-1,-1,-1,1.0,1.0,-1.0,0.0,-0.3333333333333333,0.135,-1,-1,-1,0.356862745098039,0.694117647058824,0.803921568627451
85.87041449546814,0.0,-0.1904943242138806,0.03,1,1,1,0.0,0.3333333333333333,0.10935000000000002,-1,-1,-1,1.0,1.0,-1.0,0.0,-0.3333333333333333,0.135,-1,-1,-1,0.356862745098039,0.694117647058824,0.803921568627451
85.90437245368958,0.0,-0.1840732366838852,0.03,1,1,1,0.0,0.3333333333333333,0.10935000000000002,-1,-1,-1,1.0,1.0,-1.0,0.0,-0.3333333333333333,0.135,-1,-1,-1,0.356862745098039,0.694117647058824,0.803921568627451
85.93963265419006,0.0,-0.1776521491538898,0.03,1,1,1,0.0,0.3333333333333333,0.10935000000000002,-1,-1,-1,1.0,1.0,-1.0,0.0,-0.3333333333333333,0.135,-1,-1,-1,0.356862745098039,0.694117647058824,0.803921568627451
85.97471451759338,0.0,-0.1712310616238944,0.03,1,1,1,0.0,0.3333333333333333,0.10935000000000002,-1,-1,-1,1.0,1.0,-1.0,0.0,-0.3333333333333333,0.135,-1,-1,-1,0.356862745098039,0.694117647058824,0.803921568627451
86.00898432731628,0.0,-0.164809974093899,0.03,1,1,1,0.0,0.3333333333333333,0.10935000000000002,-1,-1,-1,1.0,1.0,-1.0,0.0,-0.3333333333333333,0.135,-1,-1,-1,0.356862745098039,0.694117647058824,0.803921568627451
86.04301571846008,0.0,-0.1583888865639036,0.03,1,1,1,0.0,0.3333333333333333,0.10935000000000002,-1,-1,-1,1.0,1.0,-1.0,0.0,-0.3333333333333333,0.135,-1,-1,-1,0.356862745098039,0.694117647058824,0.803921568627451
86.07824969291687,0.0,-0.1519677990339082,0.03,1,1,1,0.0,0.3333333333333333,0.10935000000000002,-1,-1,-1,1.0,1.0,-1.0,0.0,-0.3333333333333333,0.135,-1,-1,-1,0.356862745098039,0.694117647058824,0.803921568627451
86.11356592178345,0.0,-0.1455467115039128,0.03,1,1,1,0.0,0.3333333333333333,0.10935000000000002,-1,-1,-1,1.0,1.0,-1.0,0.0,-0.3333333333333333,0.135,-1,-1,-1,0.356862745098039,0.694117647058824,0.803921568627451
86.14831280708313,0.0,-0.1391256239739174,0.03,1,1,1,0.0,0.3333333333333333,0.10935000000000002,-1,-1,-1,1.0,1.0,-1.0,0.0,-0.3333333333333333,0.135,-1,-1,-1,0.356862745098039,0.694117647058824,0.803921568627451
86.18263101577759,0.0,-0.132704536443922,0.03,1,1,1,0.0,0.3333333333333333,0.10935000000000002,-1,-1,-1,1.0,1.0,-1.0,0.0,-0.3333333333333333,0.135,-1,-1,-1,0.356862745098039,0.694117647058824,0.803921568627451
86.22801971435547,0.0,-0.1262834489139266,0.03,1,1,1,0.0,0.3333333333333333,0.10935000000000002,-1,-1,-1,1.0,1.0,-1.0,0.0,-0.3333333333333333,0.135,-1,-1,-1,0.356862745098039,0.694117647058824,0.803921568627451
86.27339196205139,0.0,-0.11986236138393117,0.03,1,1,1,0.0,0.3333333333333333,0.10935000000000002,-1,-1,-1,1.0,1.0,-1.0,0.0,-0.3333333333333333,0.135,-1,-1,-1,0.356862745098039,0.694117647058824,0.803921568627451
86.3221538066864,0.0,-0.11344127385393576,0.03,1,1,1,0.0,0.3333333333333333,0.10935000000000002,-1,-1,-1,1.0,1.0,-1.0,0.0,-0.3333333333333333,0.135,-1,-1,-1,0.356862745098039,0.694117647058824,0.803921568627451
86.3646993637085,0.0,-0.10702018632394036,0.03,1,1,1,0.0,0.3333333333333333,0.10935000000000002,-1,-1,-1,1.0,1.0,-1.0,0.0,-0.3333333333333333,0.135,-1,-1,-1,0.356862745098039,0.694117647058824,0.803921568627451
86.39775562286377,0.0,-0.10059909879394496,0.03,1,1,1,0.0,0.3333333333333333,0.10935000000000002,-1,-1,-1,1.0,1.0,-1.0,0.0,-0.3333333333333333,0.135,-1,-1,-1,0.356862745098039,0.694117647058824,0.803921568627451
86.43358659744263,0.0,-0.09417801126394956,0.03,1,1,1,0.0,0.3333333333333333,0.10935000000000002,-1,-1,-1,1.0,1.0,-1.0,0.0,-0.3333333333333333,0.135,-1,-1,-1,0.356862745098039,0.694117647058824,0.803921568627451
86.46807289123535,0.0,-0.08775692373395416,0.03,1,1,1,0.0,0.3333333333333333,0.10935000000000002,-1,-1,-1,1.0,1.0,-1.0,0.0,-0.3333333333333333,0.135,-1,-1,-1,0.356862745098039,0.694117647058824,0.803921568627451
86.50483179092407,0.0,-0.08133583620395876,0.03,1,1,1,0.0,0.3333333333333333,0.10935000000000002,-1,-1,-1,1.0,1.0,-1.0,0.0,-0.3333333333333333,0.135,-1,-1,-1,0.356862745098039,0.694117647058824,0.803921568627451
86.55087804794312,0.0,-0.07491474867396336,0.03,1,1,1,0.0,0.3333333333333333,0.10935000000000002,-1,-1,-1,1.0,1.0,-1.0,0.0,-0.3333333333333333,0.135,-1,-1,-1,0.356862745098039,0.694117647058824,0.803921568627451
86.58535957336426,0.0,-0.06849366114396796,0.03,1,1,1,0.0,0.3333333333333333,0.10935000000000002,-1,-1,-1,1.0,1.0,-1.0,0.0,-0.3333333333333333,0.135,-1,-1,-1,0.356862745098039,0.694117647058824,0.803921568627451
86.62051486968994,0.0,-0.062072573613972566,0.03,1,1,1,0.0,0.3333333333333333,0.10935000000000002,-1,-1,-1,1.0,1.0,-1.0,0.0,-0.3333333333333333,0.135,-1,-1,-1,0.356862745098039,0.694117647058824,0.803921568627451
86.6553246974945,0.0,-0.055651486083977166,0.03,1,1,1,0.0,0.3333333333333333,0.10935000000000002,-1,-1,-1,1.0,1.0,-1.0,0.0,-0.3333333333333333,0.135,-1,-1,-1,0.356862745098039,0.694117647058824,0.803921568627451
86.6899561882019,0.0,-0.049230398553981765,0.03,1,1,1,0.0,0.3333333333333333,0.10935000000000002,-1,-1,-1,1.0,1.0,-1.0,0.0,-0.3333333333333333,0.135,-1,-1,-1,0.356862745098039,0.694117647058824,0.803921568627451
86.73536324501038,0.0,-0.042809311023986364,0.03,1,1,1,0.0,0.3333333333333333,0.10935000000000002,-1,-1,-1,1.0,1.0,-1.0,0.0,-0.3333333333333333,0.135,-1,-1,-1,0.356862745098039,0.694117647058824,0.803921568627451
86.77325463294983,0.0,-0.036388223493990964,0.03,1,1,1,0.0,0.3333333333333333,0.10935000000000002,-1,-1,-1,1.0,1.0,-1.0,0.0,-0.3333333333333333,0.135,-1,-1,-1,0.356862745098039,0.694117647058824,0.803921568627451
86.81496500968933,0.0,-0.029967135963995563,0.03,1,1,1,0.0,0.3333333333333333,0.10935000000000002,-1,-1,-1,1.0,1.0,-1.0,0.0,-0.3333333333333333,0.135,-1,-1,-1,0.356862745098039,0.694117647058824,0.803921568627451
86.84974932670593,0.0,-0.02354604843400018,0.03,1,1,1,0.0,0.3333333333333333,0.10935000000000002,-1,-1,-1,1.0,1.0,-1.0,0.0,-0.3333333333333333,0.135,-1,-1,-1,0.356862745098039,0.694117647058824,0.803921568627451
86.88436889648438,0.0,-0.017124960904004796,0.03,1,1,1,0.0,0.3333333333333333,0.10935000000000002,-1,-1,-1,1.0,1.0,-1.0,0.0,-0.3333333333333333,0.135,-1,-1,-1,0.356862745098039,0.694117647058824,0.803921568627451
86.92649674415588,0.0,-0.010703873374009413,0.03,1,1,1,0.0,0.3333333333333333,0.10935000000000002,-1,-1,-1,1.0,1.0,-1.0,0.0,-0.3333333333333333,0.135,-1,-1,-1,0.356862745098039,0.694117647058824,0.803921568627451
86.97053909301758,0.0,-0.004282785844014027,0.03,1,1,1,0.0,0.3333333333333333,0.10935000000000002,-1,-1,-1,1.0,1.0,-1.0,0.0,-0.3333333333333333,0.135,-1,-1,-1,0.356862745098039,0.694117647058824,0.803921568627451
87.00956845283508,0.0,0.00213830168598136,0.03,1,1,1,0.0,0.3333333333333333,0.10935000000000002,-1,-1,-1,1.0,1.0,-1.0,0.0,-0.3333333333333333,0.135,-1,-1,-1,0.356862745098039,0.694117647058824,0.803921568627451
87.04396629333496,0.0,0.008559389215976747,0.03,1,1,1,0.0,0.3333333333333333,0.10935000000000002,-1,-1,-1,1.0,1.0,-1.0,0.0,-0.3333333333333333,0.135,-1,-1,-1,0.356862745098039,0.694117647058824,0.803921568627451
87.07859873771667,0.0,0.007833806136412769,0.03,1,1,1,0.0,0.3333333333333333,0.10935000000000002,-1,-1,-1,1.0,1.0,-1.0,0.0,-0.3333333333333333,0.135,-1,-1,-1,0.356862745098039,0.694117647058824,0.803921568627451
87.11286735534668,0.0,0.005321555404458949,0.03,1,1,1,0.0,0.3333333333333333,0.10935000000000002,-1,-1,-1,1.0,1.0,-1.0,0.0,-0.3333333333333333,0.135,-1,-1,-1,0.356862745098039,0.694117647058824,0.803921568627451
87.1550657749176,0.0,0.0028093046725051287,0.03,1,1,1,0.0,0.3333333333333333,0.10935000000000002,-1,-1,-1,1.0,1.0,-1.0,0.0,-0.3333333333333333,0.135,-1,-1,-1,0.356862745098039,0.694117647058824,0.803921568627451
87.18949961662292,0.0,0.00029705394055130744,0.03,1,1,1,0.0,0.3333333333333333,0.10935000000000002,-1,-1,-1,1.0,1.0,-1.0,0.0,-0.3333333333333333,0.135,-1,-1,-1,0.356862745098039,0.694117647058824,0.803921568627451
87.22380805015564,0.0,-0.002215196791402514,0.03,1,1,1,0.0,0.3333333333333333,0.10935000000000002,-1,-1,-1,1.0,1.0,-1.0,0.0,-0.3333333333333333,0.135,-1,-1,-1,0.356862745098039,0.694117647058824,0.803921568627451
87.25818824768066,0.0,-0.004727447523356334,0.03,1,1,1,0.0,0.3333333333333333,0.10935000000000002,-1,-1,-1,1.0,1.0,-1.0,0.0,-0.3333333333333333,0.135,-1,-1,-1,0.356862745098039,0.694117647058824,0.803921568627451
87.29322147369385,0.0,-0.007239698255310153,0.03,1,1,1,0.0,0.3333333333333333,0.10935000000000002,-1,-1,-1,1.0,1.0,-1.0,0.0,-0.3333333333333333,0.135,-1,-1,-1,0.356862745098039,0.694117647058824,0.803921568627451
87.32806754112244,0.0,-0.009751948987263974,0.03,1,1,1,0.0,0.3333333333333333,0.10935000000000002,-1,-1,-1,1.0,1.0,-1.0,0.0,-0.3333333333333333,0.135,-1,-1,-1,0.356862745098039,0.694117647058824,0.803921568627451
87.37148118019104,0.0,-0.012264199719217793,0.03,1,1,1,0.0,0.3333333333333333,0.10935000000000002,-1,-1,-1,1.0,1.0,-1.0,0.0,-0.3333333333333333,0.135,-1,-1,-1,0.356862745098039,0.694117647058824,0.803921568627451
87.4055552482605,0.0,-0.014776450451171612,0.03,1,1,1,0.0,0.3333333333333333,0.10935000000000002,-1,-1,-1,1.0,1.0,-1.0,0.0,-0.3333333333333333,0.135,-1,-1,-1,0.356862745098039,0.694117647058824,0.803921568627451
87.43931603431702,0.0,-0.01728870118312544,0.03,1,1,1,0.0,0.3333333333333333,0.10935000000000002,-1,-1,-1,1.0,1.0,-1.0,0.0,-0.3333333333333333,0.135,-1,-1,-1,0.356862745098039,0.694117647058824,0.803921568627451
87.47407484054565,0.0,-0.019800951915079266,0.03,1,1,1,0.0,0.3333333333333333,0.10935000000000002,-1,-1,-1,1.0,1.0,-1.0,0.0,-0.3333333333333333,0.135,-1,-1,-1,0.356862745098039,0.694117647058824,0.803921568627451
87.50906419754028,0.0,-0.022313202647033095,0.03,1,1,1,0.0,0.3333333333333333,0.10935000000000002,-1,-1,-1,1.0,1.0,-1.0,0.0,-0.3333333333333333,0.135,-1,-1,-1,0.356862745098039,0.694117647058824,0.803921568627451
87.54332613945007,0.0,-0.024825453378986923,0.03,1,1,1,0.0,0.3333333333333333,0.10935000000000002,-1,-1,-1,1.0,1.0,-1.0,0.0,-0.3333333333333333,0.135,-1,-1,-1,0.356862745098039,0.694117647058824,0.803921568627451
87.5851902961731,0.0,-0.02733770411094075,0.03,1,1,1,0.0,0.3333333333333333,0.10935000000000002,-1,-1,-1,1.0,1.0,-1.0,0.0,-0.3333333333333333,0.135,-1,-1,-1,0.356862745098039,0.694117647058824,0.803921568627451
87.61989951133728,0.0,-0.02984995484289458,0.03,1,1,1,0.0,0.3333333333333333,0.10935000000000002,-1,-1,-1,1.0,1.0,-1.0,0.0,-0.3333333333333333,0.135,-1,-1,-1,0.356862745098039,0.694117647058824,0.803921568627451
87.65515947341919,0.0,-0.0323622055748484,0.03,1,1,1,0.0,0.3333333333333333,0.10935000000000002,-1,-1,-1,1.0,1.0,-1.0,0.0,-0.3333333333333333,0.135,-1,-1,-1,0.356862745098039,0.694117647058824,0.803921568627451
87.68994784355164,0.0,-0.034874456306802214,0.03,1,1,1,0.0,0.3333333333333333,0.10935000000000002,-1,-1,-1,1.0,1.0,-1.0,0.0,-0.3333333333333333,0.135,-1,-1,-1,0.356862745098039,0.694117647058824,0.803921568627451
87.72468423843384,0.0,-0.037386707038756024,0.03,1,1,1,0.0,0.3333333333333333,0.10935000000000002,-1,-1,-1,1.0,1.0,-1.0,0.0,-0.3333333333333333,0.135,-1,-1,-1,0.356862745098039,0.694117647058824,0.803921568627451
87.76630544662476,0.0,-0.039898957770709835,0.03,1,1,1,0.0,0.3333333333333333,0.10935000000000002,-1,-1,-1,1.0,1.0,-1.0,0.0,-0.3333333333333333,0.135,-1,-1,-1,0.356862745098039,0.694117647058824,0.803921568627451
87.80917072296143,0.0,-0.042411208502663646,0.03,1,1,1,0.0,0.3333333333333333,0.10935000000000002,-1,-1,-1,1.0,1.0,-1.0,0.0,-0.3333333333333333,0.135,-1,-1,-1,0.356862745098039,0.694117647058824,0.803921568627451
87.8425874710083,0.0,-0.044923459234617456,0.03,1,1,1,0.0,0.3333333333333333,0.10935000000000002,-1,-1,-1,1.0,1.0,-1.0,0.0,-0.3333333333333333,0.135,-1,-1,-1,0.356862745098039,0.694117647058824,0.803921568627451
87.87755584716797,0.0,-0.04743570996657127,0.03,1,1,1,0.0,0.3333333333333333,0.10935000000000002,-1,-1,-1,1.0,1.0,-1.0,0.0,-0.3333333333333333,0.135,-1,-1,-1,0.356862745098039,0.694117647058824,0.803921568627451
87.91191387176514,0.0,-0.04994796069852508,0.03,1,1,1,0.0,0.3333333333333333,0.10935000000000002,-1,-1,-1,1.0,1.0,-1.0,0.0,-0.3333333333333333,0.135,-1,-1,-1,0.356862745098039,0.694117647058824,0.803921568627451
87.94716095924377,0.0,-0.05246021143047889,0.03,1,1,1,0.0,0.3333333333333333,0.10935000000000002,-1,-1,-1,1.0,1.0,-1.0,0.0,-0.3333333333333333,0.135,-1,-1,-1,0.356862745098039,0.694117647058824,0.803921568627451
87.99567079544067,0.0,-0.0549724621624327,0.03,1,1,1,0.0,0.3333333333333333,0.10935000000000002,-1,-1,-1,1.0,1.0,-1.0,0.0,-0.3333333333333333,0.135,-1,-1,-1,0.356862745098039,0.694117647058824,0.803921568627451
88.03722524642944,0.0,-0.05748471289438651,0.03,1,1,1,0.0,0.3333333333333333,0.10935000000000002,-1,-1,-1,1.0,1.0,-1.0,0.0,-0.3333333333333333,0.135,-1,-1,-1,0.356862745098039,0.694117647058824,0.803921568627451
88.07185125350952,0.0,-0.05999696362634033,0.03,1,1,1,0.0,0.3333333333333333,0.10935000000000002,-1,-1,-1,1.0,1.0,-1.0,0.0,-0.3333333333333333,0.135,-1,-1,-1,0.356862745098039,0.694117647058824,0.803921568627451
88.10636591911316,0.0,-0.06250921435829417,0.03,1,1,1,0.0,0.3333333333333333,0.10935000000000002,-1,-1,-1,1.0,1.0,-1.0,0.0,-0.3333333333333333,0.135,-1,-1,-1,0.356862745098039,0.694117647058824,0.803921568627451
88.14500713348389,0.0,-0.06502146509024798,0.03,1,1,1,0.0,0.3333333333333333,0.10935000000000002,-1,-1,-1,1.0,1.0,-1.0,0.0,-0.3333333333333333,0.135,-1,-1,-1,0.356862745098039,0.694117647058824,0.803921568627451
88.18041443824768,0.0,-0.06753371582220179,0.03,1,1,1,0.0,0.3333333333333333,0.10935000000000002,-1,-1,-1,1.0,1.0,-1.0,0.0,-0.3333333333333333,0.135,-1,-1,-1,0.356862745098039,0.694117647058824,0.803921568627451
88.2176718711853,0.0,-0.0700459665541556,0.03,1,1,1,0.0,0.3333333333333333,0.10935000000000002,-1,-1,-1,1.0,1.0,-1.0,0.0,-0.3333333333333333,0.135,-1,-1,-1,0.356862745098039,0.694117647058824,0.803921568627451
88.25970077514648,0.0,-0.07296526004723461,0.03,1,1,1,0.0,0.3333333333333333,0.10935000000000002,-1,-1,-1,1.0,1.0,-1.0,0.0,-0.3333333333333333,0.135,-1,-1,-1,0.356862745098039,0.694117647058824,0.803921568627451
88.29405331611633,0.0,-0.07751272458481442,0.03,1,1,1,0.0,0.3333333333333333,0.10935000000000002,-1,-1,-1,1.0,1.0,-1.0,0.0,-0.3333333333333333,0.135,-1,-1,-1,0.356862745098039,0.694117647058824,0.803921568627451
88.32859325408936,0.0,-0.08206018912239424,0.03,1,1,1,0.0,0.3333333333333333,0.10935000000000002,-1,-1,-1,1.0,1.0,-1.0,0.0,-0.3333333333333333,0.135,-1,-1,-1,0.356862745098039,0.694117647058824,0.803921568627451
88.36408233642578,0.0,-0.08660765365997405,0.03,1,1,1,0.0,0.3333333333333333,0.10935000000000002,-1,-1,-1,1.0,1.0,-1.0,0.0,-0.3333333333333333,0.135,-1,-1,-1,0.356862745098039,0.694117647058824,0.803921568627451
88.40516757965088,0.0,-0.09115511819755387,0.03,1,1,1,0.0,0.3333333333333333,0.10935000000000002,-1,-1,-1,1.0,1.0,-1.0,0.0,-0.3333333333333333,0.135,-1,-1,-1,0.356862745098039,0.694117647058824,0.803921568627451
88.44919466972351,0.0,-0.09570258273513368,0.03,1,1,1,0.0,0.3333333333333333,0.10935000000000002,-1,-1,-1,1.0,1.0,-1.0,0.0,-0.3333333333333333,0.135,-1,-1,-1,0.356862745098039,0.694117647058824,0.803921568627451
88.48265337944031,0.0,-0.1002500472727135,0.03,1,1,1,0.0,0.3333333333333333,0.10935000000000002,-1,-1,-1,1.0,1.0,-1.0,0.0,-0.3333333333333333,0.135,-1,-1,-1,0.356862745098039,0.694117647058824,0.803921568627451
88.5165708065033,0.0,-0.10479751181029331,0.03,1,1,1,0.0,0.3333333333333333,0.10935000000000002,-1,-1,-1,1.0,1.0,-1.0,0.0,-0.3333333333333333,0.135,-1,-1,-1,0.356862745098039,0.694117647058824,0.803921568627451
88.5515034198761,0.0,-0.10934497634787313,0.03,1,1,1,0.0,0.3333333333333333,0.10935000000000002,-1,-1,-1,1.0,1.0,-1.0,0.0,-0.3333333333333333,0.135,-1,-1,-1,0.356862745098039,0.694117647058824,0.803921568627451
88.5864200592041,0.0,-0.11389244088545294,0.03,1,1,1,0.0,0.3333333333333333,0.10935000000000002,-1,-1,-1,1.0,1.0,-1.0,0.0,-0.3333333333333333,0.135,-1,-1,-1,0.356862745098039,0.694117647058824,0.803921568627451
88.63442134857178,0.0,-0.11843990542303276,0.03,1,1,1,0.0,0.3333333333333333,0.10935000000000002,-1,-1,-1,1.0,1.0,-1.0,0.0,-0.3333333333333333,0.135,-1,-1,-1,0.356862745098039,0.694117647058824,0.803921568627451
88.67578029632568,0.0,-0.12298736996061257,0.03,1,1,1,0.0,0.3333333333333333,0.10935000000000002,-1,-1,-1,1.0,1.0,-1.0,0.0,-0.3333333333333333,0.135,-1,-1,-1,0.356862745098039,0.694117647058824,0.803921568627451
88.7110652923584,0.0,-0.1275348344981924,0.03,1,1,1,0.0,0.3333333333333333,0.10935000000000002,-1,-1,-1,1.0,1.0,-1.0,0.0,-0.3333333333333333,0.135,-1,-1,-1,0.356862745098039,0.694117647058824,0.803921568627451
88.74813294410706,0.0,-0.1320822990357722,0.03,1,1,1,0.0,0.3333333333333333,0.10935000000000002,-1,-1,-1,1.0,1.0,-1.0,0.0,-0.3333333333333333,0.135,-1,-1,-1,0.356862745098039,0.694117647058824,0.803921568627451
88.78306174278259,0.0,-0.13662976357335202,0.03,1,1,1,0.0,0.3333333333333333,0.10935000000000002,-1,-1,-1,1.0,1.0,-1.0,0.0,-0.3333333333333333,0.135,-1,-1,-1,0.356862745098039,0.694117647058824,0.803921568627451
88.82179975509644,0.0,-0.14117722811093183,0.03,1,1,1,0.0,0.3333333333333333,0.10935000000000002,-1,-1,-1,1.0,1.0,-1.0,0.0,-0.3333333333333333,0.135,-1,-1,-1,0.356862745098039,0.694117647058824,0.803921568627451
88.85596179962158,0.0,-0.14572469264851165,0.03,1,1,1,0.0,0.3333333333333333,0.10935000000000002,-1,-1,-1,1.0,1.0,-1.0,0.0,-0.3333333333333333,0.135,-1,-1,-1,0.356862745098039,0.694117647058824,0.803921568627451
88.89027166366577,0.0,-0.15027215718609147,0.03,1,1,1,0.0,0.3333333333333333,0.10935000000000002,-1,-1,-1,1.0,1.0,-1.0,0.0,-0.3333333333333333,0.135,-1,-1,-1,0.356862745098039,0.694117647058824,0.803921568627451
88.92524814605713,0.0,-0.15481962172367128,0.03,1,1,1,0.0,0.3333333333333333,0.10935000000000002,-1,-1,-1,1.0,1.0,-1.0,0.0,-0.3333333333333333,0.135,-1,-1,-1,0.356862745098039,0.694117647058824,0.803921568627451
88.9600920677185,0.0,-0.1593670862612511,0.03,1,1,1,0.0,0.3333333333333333,0.10935000000000002,-1,-1,-1,1.0,1.0,-1.0,0.0,-0.3333333333333333,0.135,-1,-1,-1,0.356862745098039,0.694117647058824,0.803921568627451
89.0025737285614,0.0,-0.1639145507988309,0.03,1,1,1,0.0,0.3333333333333333,0.10935000000000002,-1,-1,-1,1.0,1.0,-1.0,0.0,-0.3333333333333333,0.135,-1,-1,-1,0.356862745098039,0.694117647058824,0.803921568627451
89.03673434257507,0.0,-0.16846201533641073,0.03,1,1,1,0.0,0.3333333333333333,0.10935000000000002,-1,-1,-1,1.0,1.0,-1.0,0.0,-0.3333333333333333,0.135,-1,-1,-1,0.356862745098039,0.694117647058824,0.803921568627451
89.07128596305847,0.0,-0.17300947987399054,0.03,1,1,1,0.0,0.3333333333333333,0.10935000000000002,-1,-1,-1,1.0,1.0,-1.0,0.0,-0.3333333333333333,0.135,-1,-1,-1,0.356862745098039,0.694117647058824,0.803921568627451
89.10582494735718,0.0,-0.17755694441157036,0.03,1,1,1,0.0,0.3333333333333333,0.10935000000000002,-1,-1,-1,1.0,1.0,-1.0,0.0,-0.3333333333333333,0.135,-1,-1,-1,0.356862745098039,0.694117647058824,0.803921568627451
89.1406717300415,0.0,-0.18210440894915017,0.03,1,1,1,0.0,0.3333333333333333,0.10935000000000002,-1,-1,-1,1.0,1.0,-1.0,0.0,-0.3333333333333333,0.135,-1,-1,-1,0.356862745098039,0.694117647058824,0.803921568627451
89.17531228065491,0.0,-0.18665187348672999,0.03,1,1,1,0.0,0.3333333333333333,0.10935000000000002,-1,-1,-1,1.0,1.0,-1.0,0.0,-0.3333333333333333,0.135,-1,-1,-1,0.356862745098039,0.694117647058824,0.803921568627451
89.21895599365234,0.0,-0.1911993380243098,0.03,1,1,1,0.0,0.3333333333333333,0.10935000000000002,-1,-1,-1,1.0,1.0,-1.0,0.0,-0.3333333333333333,0.135,-1,-1,-1,0.356862745098039,0.694117647058824,0.803921568627451
89.25254559516907,0.0,-0.19574680256188962,0.03,1,1,1,0.0,0.3333333333333333,0.10935000000000002,-1,-1,-1,1.0,1.0,-1.0,0.0,-0.3333333333333333,0.135,-1,-1,-1,0.356862745098039,0.694117647058824,0.803921568627451
89.2861909866333,0.0,-0.20029426709946943,0.03,1,1,1,0.0,0.3333333333333333,0.10935000000000002,-1,-1,-1,1.0,1.0,-1.0,0.0,-0.3333333333333333,0.135,-1,-1,-1,0.356862745098039,0.694117647058824,0.803921568627451
89.32065343856812,0.0,-0.20484173163704925,0.03,1,1,1,0.0,0.3333333333333333,0.10935000000000002,-1,-1,-1,1.0,1.0,-1.0,0.0,-0.3333333333333333,0.135,-1,-1,-1,0.356862745098039,0.694117647058824,0.803921568627451
89.35655212402344,0.0,-0.20938919617462906,0.03,1,1,1,0.0,0.3333333333333333,0.10935000000000002,-1,-1,-1,1.0,1.0,-1.0,0.0,-0.3333333333333333,0.135,-1,-1,-1,0.356862745098039,0.694117647058824,0.803921568627451
89.40419793128967,0.0,-0.21393666071220888,0.03,1,1,1,0.0,0.3333333333333333,0.10935000000000002,-1,-1,-1,1.0,1.0,-1.0,0.0,-0.3333333333333333,0.135,-1,-1,-1,0.356862745098039,0.694117647058824,0.803921568627451
89.43978333473206,0.0,-0.2184841252497887,0.03,1,1,1,0.0,0.3333333333333333,0.10935000000000002,-1,-1,-1,1.0,1.0,-1.0,0.0,-0.3333333333333333,0.135,-1,-1,-1,0.356862745098039,0.694117647058824,0.803921568627451
89.49402928352356,0.0,-0.2216324440452441,0.03,1,1,1,0.0,0.3333333333333333,0.10935000000000002,-1,-1,-1,1.0,1.0,-1.0,0.0,-0.3333333333333333,0.135,-1,-1,-1,0.356862745098039,0.694117647058824,0.803921568627451
89.53036427497864,0.0,-0.22384799901261657,0.03,1,1,1,0.0,0.3333333333333333,0.10935000000000002,-1,-1,-1,1.0,1.0,-1.0,0.0,-0.3333333333333333,0.135,-1,-1,-1,0.356862745098039,0.694117647058824,0.803921568627451
89.57875037193298,0.0,-0.22606355397998903,0.03,1,1,1,0.0,0.3333333333333333,0.10935000000000002,-1,-1,-1,1.0,1.0,-1.0,0.0,-0.3333333333333333,0.135,-1,-1,-1,0.356862745098039,0.694117647058824,0.803921568627451
89.61350059509277,0.0,-0.2282791089473615,0.03,1,1,1,0.0,0.3333333333333333,0.10935000000000002,-1,-1,-1,1.0,1.0,-1.0,0.0,-0.3333333333333333,0.135,-1,-1,-1,0.356862745098039,0.694117647058824,0.803921568627451
89.64820075035095,0.0,-0.23049466391473397,0.03,1,1,1,0.0,0.3333333333333333,0.10935000000000002,-1,-1,-1,1.0,1.0,-1.0,0.0,-0.3333333333333333,0.135,-1,-1,-1,0.356862745098039,0.694117647058824,0.803921568627451
89.68310165405273,0.0,-0.23271021888210644,0.03,1,1,1,0.0,0.3333333333333333,0.10935000000000002,-1,-1,-1,1.0,1.0,-1.0,0.0,-0.3333333333333333,0.135,-1,-1,-1,0.356862745098039,0.694117647058824,0.803921568627451
89.72762513160706,0.0,-0.2349257738494789,0.03,1,1,1,0.0,0.3333333333333333,0.10935000000000002,-1,-1,-1,1.0,1.0,-1.0,0.0,-0.3333333333333333,0.135,-1,-1,-1,0.356862745098039,0.694117647058824,0.803921568627451
89.76632308959961,0.0,-0.23714132881685138,0.03,1,1,1,0.0,0.3333333333333333,0.10935000000000002,-1,-1,-1,1.0,1.0,-1.0,0.0,-0.3333333333333333,0.135,-1,-1,-1,0.356862745098039,0.694117647058824,0.803921568627451
89.80107474327087,0.0,-0.23935688378422396,0.03,1,1,1,0.0,0.3333333333333333,0.10935000000000002,-1,-1,-1,1.0,1.0,-1.0,0.0,-0.3333333333333333,0.135,-1,-1,-1,0.356862745098039,0.694117647058824,0.803921568627451
89.83608818054199,0.0,-0.2415724387515964,0.03,1,1,1,0.0,0.3333333333333333,0.10935000000000002,-1,-1,-1,1.0,1.0,-1.0,0.0,-0.3333333333333333,0.135,-1,-1,-1,0.356862745098039,0.694117647058824,0.803921568627451
89.87058782577515,0.0,-0.24378799371896898,0.03,1,1,1,0.0,0.3333333333333333,0.10935000000000002,-1,-1,-1,1.0,1.0,-1.0,0.0,-0.3333333333333333,0.135,-1,-1,-1,0.356862745098039,0.694117647058824,0.803921568627451
89.91211748123169,0.0,-0.24600354868634142,0.03,1,1,1,0.0,0.3333333333333333,0.10935000000000002,-1,-1,-1,1.0,1.0,-1.0,0.0,-0.3333333333333333,0.135,-1,-1,-1,0.356862745098039,0.694117647058824,0.803921568627451
89.9538140296936,0.0,-0.24821910365371394,0.03,1,1,1,0.0,0.3333333333333333,0.10935000000000002,-1,-1,-1,1.0,1.0,-1.0,0.0,-0.3333333333333333,0.135,-1,-1,-1,0.356862745098039,0.694117647058824,0.803921568627451
89.988520860672,0.0,-0.25043465862108644,0.03,1,1,1,0.0,0.3333333333333333,0.10935000000000002,-1,-1,-1,1.0,1.0,-1.0,0.0,-0.3333333333333333,0.135,-1,-1,-1,0.356862745098039,0.694117647058824,0.803921568627451
90.02318859100342,0.0,-0.2526502135884589,0.03,1,1,1,0.0,0.3333333333333333,0.10935000000000002,-1,-1,-1,1.0,1.0,-1.0,0.0,-0.3333333333333333,0.135,-1,-1,-1,0.356862745098039,0.694117647058824,0.803921568627451
90.05781984329224,0.0,-0.2548657685558314,0.03,1,1,1,0.0,0.3333333333333333,0.10935000000000002,-1,-1,-1,1.0,1.0,-1.0,0.0,-0.3333333333333333,0.135,-1,-1,-1,0.356862745098039,0.694117647058824,0.803921568627451
90.09672570228577,0.0,-0.25708132352320384,0.03,1,1,1,0.0,0.3333333333333333,0.10935000000000002,-1,-1,-1,1.0,1.0,-1.0,0.0,-0.3333333333333333,0.135,-1,-1,-1,0.356862745098039,0.694117647058824,0.803921568627451
90.13103008270264,0.0,-0.2592968784905763,0.03,1,1,1,0.0,0.3333333333333333,0.10935000000000002,-1,-1,-1,1.0,1.0,-1.0,0.0,-0.3333333333333333,0.135,-1,-1,-1,0.356862745098039,0.694117647058824,0.803921568627451
90.16844773292542,0.0,-0.2615124334579488,0.03,1,1,1,0.0,0.3333333333333333,0.10935000000000002,-1,-1,-1,1.0,1.0,-1.0,0.0,-0.3333333333333333,0.135,-1,-1,-1,0.356862745098039,0.694117647058824,0.803921568627451
90.2176923751831,0.0,-0.26372798842532125,0.03,1,1,1,0.0,0.3333333333333333,0.10935000000000002,-1,-1,-1,1.0,1.0,-1.0,0.0,-0.3333333333333333,0.135,-1,-1,-1,0.356862745098039,0.694117647058824,0.803921568627451
90.25209259986877,0.0,-0.2659435433926937,0.03,1,1,1,0.0,0.3333333333333333,0.10935000000000002,-1,-1,-1,1.0,1.0,-1.0,0.0,-0.3333333333333333,0.135,-1,-1,-1,0.356862745098039,0.694117647058824,0.803921568627451
90.28741121292114,0.0,-0.2681590983600662,0.03,1,1,1,0.0,0.3333333333333333,0.10935000000000002,-1,-1,-1,1.0,1.0,-1.0,0.0,-0.3333333333333333,0.135,-1,-1,-1,0.356862745098039,0.694117647058824,0.803921568627451
90.32145547866821,0.0,-0.27037465332743865,0.03,1,1,1,0.0,0.3333333333333333,0.10935000000000002,-1,-1,-1,1.0,1.0,-1.0,0.0,-0.3333333333333333,0.135,-1,-1,-1,0.356862745098039,0.694117647058824,0.803921568627451
90.35613560676575,0.0,-0.2725902082948111,0.03,1,1,1,0.0,0.3333333333333333,0.10935000000000002,-1,-1,-1,1.0,1.0,-1.0,0.0,-0.3333333333333333,0.135,-1,-1,-1,0.356862745098039,0.694117647058824,0.803921568627451
90.40190863609314,0.0,-0.2748057632621836,0.03,1,1,1,0.0,0.3333333333333333,0.10935000000000002,-1,-1,-1,1.0,1.0,-1.0,0.0,-0.3333333333333333,0.135,-1,-1,-1,0.356862745098039,0.694117647058824,0.803921568627451
90.44007897377014,0.0,-0.27702131822955606,0.03,1,1,1,0.0,0.3333333333333333,0.10935000000000002,-1,-1,-1,1.0,1.0,-1.0,0.0,-0.3333333333333333,0.135,-1,-1,-1,0.356862745098039,0.694117647058824,0.803921568627451
90.47446179389954,0.0,-0.2792368731969285,0.03,1,1,1,0.0,0.3333333333333333,0.10935000000000002,-1,-1,-1,1.0,1.0,-1.0,0.0,-0.3333333333333333,0.135,-1,-1,-1,0.356862745098039,0.694117647058824,0.803921568627451
90.5094141960144,0.0,-0.281452428164301,0.03,1,1,1,0.0,0.3333333333333333,0.10935000000000002,-1,-1,-1,1.0,1.0,-1.0,0.0,-0.3333333333333333,0.135,-1,-1,-1,0.356862745098039,0.694117647058824,0.803921568627451
90.54403853416443,0.0,-0.28366798313167346,0.03,1,1,1,0.0,0.3333333333333333,0.10935000000000002,-1,-1,-1,1.0,1.0,-1.0,0.0,-0.3333333333333333,0.135,-1,-1,-1,0.356862745098039,0.694117647058824,0.803921568627451
90.5856032371521,0.0,-0.28588353809904593,0.03,1,1,1,0.0,0.3333333333333333,0.10935000000000002,-1,-1,-1,1.0,1.0,-1.0,0.0,-0.3333333333333333,0.135,-1,-1,-1,0.356862745098039,0.694117647058824,0.803921568627451
90.62781000137329,0.0,-0.2880990930664184,0.03,1,1,1,0.0,0.3333333333333333,0.10935000000000002,-1,-1,-1,1.0,1.0,-1.0,0.0,-0.3333333333333333,0.135,-1,-1,-1,0.356862745098039,0.694117647058824,0.803921568627451
90.67036318778992,0.0,-0.2929123017921002,0.03,1,1,1,0.0,0.3333333333333333,0.10935000000000002,-1,-1,-1,1.0,1.0,-1.0,0.0,-0.3333333333333333,0.135,-1,-1,-1,0.356862745098039,0.694117647058824,0.803921568627451
90.70349836349487,0.0,-0.301621991155246,0.03,1,1,1,0.0,0.3333333333333333,0.10935000000000002,-1,-1,-1,1.0,1.0,-1.0,0.0,-0.3333333333333333,0.135,-1,-1,-1,0.356862745098039,0.694117647058824,0.803921568627451
90.73789739608765,0.0,-0.31033168051839183,0.03,1,1,1,0.0,0.3333333333333333,0.10935000000000002,-1,-1,-1,1.0,1.0,-1.0,0.0,-0.3333333333333333,0.135,-1,-1,-1,0.356862745098039,0.694117647058824,0.803921568627451
90.77377438545227,0.0,-0.31904136988153764,0.03,1,1,1,0.0,0.3333333333333333,0.10935000000000002,-1,-1,-1,1.0,1.0,-1.0,0.0,-0.3333333333333333,0.135,-1,-1,-1,0.356862745098039,0.694117647058824,0.803921568627451
90.80894756317139,0.0,-0.32775105924468345,0.03,1,1,1,0.0,0.3333333333333333,0.10935000000000002,-1,-1,-1,1.0,1.0,-1.0,0.0,-0.3333333333333333,0.135,-1,-1,-1,0.356862745098039,0.694117647058824,0.803921568627451
90.85624527931213,0.0,-0.3347188107352001,0.03,1,1,1,0.0,0.3333333333333333,0.10935000000000002,-1,-1,-1,1.0,1.0,-1.0,0.0,-0.3333333333333333,0.135,-1,-1,-1,0.356862745098039,0.694117647058824,0.803921568627451
90.89739918708801,0.0,-0.3347188107352001,0.03,1,1,1,0.0,0.3333333333333333,0.10935000000000002,-1,-1,-1,1.0,1.0,-1.0,0.0,-0.3333333333333333,0.135,-1,-1,-1,0.356862745098039,0.694117647058824,0.803921568627451
90.93748736381531,0.0,-0.3347188107352001,0.03,1,1,1,0.0,0.3333333333333333,0.10935000000000002,-1,-1,-1,1.0,1.0,-1.0,0.0,-0.3333333333333333,0.135,-1,-1,-1,0.356862745098039,0.694117647058824,0.803921568627451
90.9710373878479,0.0,-0.3347188107352001,0.03,1,1,1,0.0,0.3333333333333333,0.10935000000000002,-1,-1,-1,1.0,1.0,-1.0,0.0,-0.3333333333333333,0.135,-1,-1,-1,0.356862745098039,0.694117647058824,0.803921568627451
91.00603914260864,0.0,-0.3347188107352001,0.03,1,1,1,0.0,0.3333333333333333,0.10935000000000002,-1,-1,-1,1.0,1.0,-1.0,0.0,-0.3333333333333333,0.135,-1,-1,-1,0.356862745098039,0.694117647058824,0.803921568627451
91.04382133483887,0.0,-0.3347188107352001,0.03,1,1,1,0.0,0.3333333333333333,0.10935000000000002,-1,-1,-1,1.0,1.0,-1.0,0.0,-0.3333333333333333,0.135,-1,-1,-1,0.356862745098039,0.694117647058824,0.803921568627451
91.07821130752563,0.0,-0.3347188107352001,0.03,1,1,1,0.0,0.3333333333333333,0.10935000000000002,-1,-1,-1,1.0,1.0,-1.0,0.0,-0.3333333333333333,0.135,-1,-1,-1,0.356862745098039,0.694117647058824,0.803921568627451
91.11327958106995,0.0,-0.3347188107352001,0.03,1,1,1,0.0,0.3333333333333333,0.10935000000000002,-1,-1,-1,1.0,1.0,-1.0,0.0,-0.3333333333333333,0.135,-1,-1,-1,0.356862745098039,0.694117647058824,0.803921568627451
91.14754939079285,0.0,-0.3347188107352001,0.03,1,1,1,0.0,0.3333333333333333,0.10935000000000002,-1,-1,-1,1.0,1.0,-1.0,0.0,-0.3333333333333333,0.135,-1,-1,-1,0.356862745098039,0.694117647058824,0.803921568627451
91.1826765537262,0.0,-0.3347188107352001,0.03,1,1,1,0.0,0.3333333333333333,0.10935000000000002,-1,-1,-1,1.0,1.0,-1.0,0.0,-0.3333333333333333,0.135,-1,-1,-1,0.356862745098039,0.694117647058824,0.803921568627451
91.21745109558105,0.0,-0.3347188107352001,0.03,1,1,1,0.0,0.3333333333333333,0.10935000000000002,-1,-1,-1,1.0,1.0,-1.0,0.0,-0.3333333333333333,0.135,-1,-1,-1,0.356862745098039,0.694117647058824,0.803921568627451
91.25209426879883,0.0,-0.3347188107352001,0.03,1,1,1,0.0,0.3333333333333333,0.10935000000000002,-1,-1,-1,1.0,1.0,-1.0,0.0,-0.3333333333333333,0.135,-1,-1,-1,0.356862745098039,0.694117647058824,0.803921568627451
91.29358696937561,0.0,-0.3347188107352001,0.03,1,1,1,0.0,0.3333333333333333,0.10935000000000002,-1,-1,-1,1.0,1.0,-1.0,0.0,-0.3333333333333333,0.135,-1,-1,-1,0.356862745098039,0.694117647058824,0.803921568627451
91.33531641960144,0.0,-0.3347188107352001,0.03,1,1,1,0.0,0.3333333333333333,0.10935000000000002,-1,-1,-1,1.0,1.0,-1.0,0.0,-0.3333333333333333,0.135,-1,-1,-1,0.356862745098039,0.694117647058824,0.803921568627451
91.37005281448364,0.0,-0.3347188107352001,0.03,1,1,1,0.0,0.3333333333333333,0.10935000000000002,-1,-1,-1,1.0,1.0,-1.0,0.0,-0.3333333333333333,0.135,-1,-1,-1,0.356862745098039,0.694117647058824,0.803921568627451
91.40450763702393,0.0,-0.3347188107352001,0.03,1,1,1,0.0,0.3333333333333333,0.10935000000000002,-1,-1,-1,1.0,1.0,-1.0,0.0,-0.3333333333333333,0.135,-1,-1,-1,0.356862745098039,0.694117647058824,0.803921568627451
91.44350910186768,0.0,-0.3347188107352001,0.03,1,1,1,0.0,0.3333333333333333,0.10935000000000002,-1,-1,-1,1.0,1.0,-1.0,0.0,-0.3333333333333333,0.135,-1,-1,-1,0.356862745098039,0.694117647058824,0.803921568627451
91.4788134098053,0.0,-0.3347188107352001,0.03,1,1,1,0.0,0.3333333333333333,0.10935000000000002,-1,-1,-1,1.0,1.0,-1.0,0.0,-0.3333333333333333,0.135,-1,-1,-1,0.356862745098039,0.694117647058824,0.803921568627451
91.51565361022949,0.0,-0.3347188107352001,0.03,1,1,1,0.0,0.3333333333333333,0.10935000000000002,-1,-1,-1,1.0,1.0,-1.0,0.0,-0.3333333333333333,0.135,-1,-1,-1,0.356862745098039,0.694117647058824,0.803921568627451
91.55073475837708,0.0,-0.3347188107352001,0.03,1,1,1,0.0,0.3333333333333333,0.10935000000000002,-1,-1,-1,1.0,1.0,-1.0,0.0,-0.3333333333333333,0.135,-1,-1,-1,0.356862745098039,0.694117647058824,0.803921568627451
91.5850932598114,0.0,-0.3347188107352001,0.03,1,1,1,0.0,0.3333333333333333,0.10935000000000002,-1,-1,-1,1.0,1.0,-1.0,0.0,-0.3333333333333333,0.135,-1,-1,-1,0.356862745098039,0.694117647058824,0.803921568627451
91.61991715431213,0.0,-0.3347188107352001,0.03,1,1,1,0.0,0.3333333333333333,0.10935000000000002,-1,-1,-1,1.0,1.0,-1.0,0.0,-0.3333333333333333,0.135,-1,-1,-1,0.356862745098039,0.694117647058824,0.803921568627451
91.6616883277893,0.0,-0.3347188107352001,0.03,1,1,1,0.0,0.3333333333333333,0.10935000000000002,-1,-1,-1,1.0,1.0,-1.0,0.0,-0.3333333333333333,0.135,-1,-1,-1,0.356862745098039,0.694117647058824,0.803921568627451
91.70339894294739,0.0,-0.3347188107352001,0.03,1,1,1,0.0,0.3333333333333333,0.10935000000000002,-1,-1,-1,1.0,1.0,-1.0,0.0,-0.3333333333333333,0.135,-1,-1,-1,0.356862745098039,0.694117647058824,0.803921568627451
91.73805499076843,0.0,-0.3347188107352001,0.03,1,1,1,0.0,0.3333333333333333,0.10935000000000002,-1,-1,-1,1.0,1.0,-1.0,0.0,-0.3333333333333333,0.135,-1,-1,-1,0.356862745098039,0.694117647058824,0.803921568627451
91.77250933647156,0.0,-0.3347188107352001,0.03,1,1,1,0.0,0.3333333333333333,0.10935000000000002,-1,-1,-1,1.0,1.0,-1.0,0.0,-0.3333333333333333,0.135,-1,-1,-1,0.356862745098039,0.694117647058824,0.803921568627451
91.80661416053772,0.0,-0.3347188107352001,0.03,1,1,1,0.0,0.3333333333333333,0.10935000000000002,-1,-1,-1,1.0,1.0,-1.0,0.0,-0.3333333333333333,0.135,-1,-1,-1,0.356862745098039,0.694117647058824,0.803921568627451
91.84515738487244,0.0,-0.3347188107352001,0.03,1,1,1,0.0,0.3333333333333333,0.10935000000000002,-1,-1,-1,1.0,1.0,-1.0,0.0,-0.3333333333333333,0.135,-1,-1,-1,0.356862745098039,0.694117647058824,0.803921568627451
91.87955045700073,0.0,-0.0015459432976042628,0.03,1,1,1,0.0,0.3333333333333333,0.10935000000000002,-1,-1,-1,1.0,1.0,-1.0,0.0,-0.3333333333333333,0.12150000000000001,1,1,1,0.356862745098039,0.694117647058824,0.803921568627451
91.9183611869812,0.0,-0.00541080154161492,0.03,1,1,1,0.0,0.3333333333333333,0.10935000000000002,-1,-1,-1,1.0,1.0,-1.0,0.0,-0.3333333333333333,0.12150000000000001,1,1,1,0.356862745098039,0.694117647058824,0.803921568627451
91.95983123779297,0.0,-0.009275659785625579,0.03,1,1,1,0.0,0.3333333333333333,0.10935000000000002,-1,-1,-1,1.0,1.0,-1.0,0.0,-0.3333333333333333,0.12150000000000001,1,1,1,0.356862745098039,0.694117647058824,0.803921568627451
91.99434494972229,0.0,-0.013140518029636233,0.03,1,1,1,0.0,0.3333333333333333,0.10935000000000002,-1,-1,-1,1.0,1.0,-1.0,0.0,-0.3333333333333333,0.12150000000000001,1,1,1,0.356862745098039,0.694117647058824,0.803921568627451
92.02924466133118,0.0,-0.01700537627364689,0.03,1,1,1,0.0,0.3333333333333333,0.10935000000000002,-1,-1,-1,1.0,1.0,-1.0,0.0,-0.3333333333333333,0.12150000000000001,1,1,1,0.356862745098039,0.694117647058824,0.803921568627451
92.06398892402649,0.0,-0.020870234517657543,0.03,1,1,1,0.0,0.3333333333333333,0.10935000000000002,-1,-1,-1,1.0,1.0,-1.0,0.0,-0.3333333333333333,0.12150000000000001,1,1,1,0.356862745098039,0.694117647058824,0.803921568627451
92.10555124282837,0.0,-0.024735092761668197,0.03,1,1,1,0.0,0.3333333333333333,0.10935000000000002,-1,-1,-1,1.0,1.0,-1.0,0.0,-0.3333333333333333,0.12150000000000001,1,1,1,0.356862745098039,0.694117647058824,0.803921568627451
92.14054155349731,0.0,-0.02859995100567885,0.03,1,1,1,0.0,0.3333333333333333,0.10935000000000002,-1,-1,-1,1.0,1.0,-1.0,0.0,-0.3333333333333333,0.12150000000000001,1,1,1,0.356862745098039,0.694117647058824,0.803921568627451
92.17490005493164,0.0,-0.0324648092496895,0.03,1,1,1,0.0,0.3333333333333333,0.10935000000000002,-1,-1,-1,1.0,1.0,-1.0,0.0,-0.3333333333333333,0.12150000000000001,1,1,1,0.356862745098039,0.694117647058824,0.803921568627451
92.21004629135132,0.0,-0.036329667493700174,0.03,1,1,1,0.0,0.3333333333333333,0.10935000000000002,-1,-1,-1,1.0,1.0,-1.0,0.0,-0.3333333333333333,0.12150000000000001,1,1,1,0.356862745098039,0.694117647058824,0.803921568627451
92.24433946609497,0.0,-0.040194525737710846,0.03,1,1,1,0.0,0.3333333333333333,0.10935000000000002,-1,-1,-1,1.0,1.0,-1.0,0.0,-0.3333333333333333,0.12150000000000001,1,1,1,0.356862745098039,0.694117647058824,0.803921568627451
92.28330445289612,0.0,-0.04405938398172152,0.03,1,1,1,0.0,0.3333333333333333,0.10935000000000002,-1,-1,-1,1.0,1.0,-1.0,0.0,-0.3333333333333333,0.12150000000000001,1,1,1,0.356862745098039,0.694117647058824,0.803921568627451
92.31872320175171,0.0,-0.04792424222573219,0.03,1,1,1,0.0,0.3333333333333333,0.10935000000000002,-1,-1,-1,1.0,1.0,-1.0,0.0,-0.3333333333333333,0.12150000000000001,1,1,1,0.356862745098039,0.694117647058824,0.803921568627451
92.35566210746765,0.0,-0.05178910046974286,0.03,1,1,1,0.0,0.3333333333333333,0.10935000000000002,-1,-1,-1,1.0,1.0,-1.0,0.0,-0.3333333333333333,0.12150000000000001,1,1,1,0.356862745098039,0.694117647058824,0.803921568627451
92.39755630493164,0.0,-0.05565395871375353,0.03,1,1,1,0.0,0.3333333333333333,0.10935000000000002,-1,-1,-1,1.0,1.0,-1.0,0.0,-0.3333333333333333,0.12150000000000001,1,1,1,0.356862745098039,0.694117647058824,0.803921568627451
92.43210530281067,0.0,-0.05951881695776421,0.03,1,1,1,0.0,0.3333333333333333,0.10935000000000002,-1,-1,-1,1.0,1.0,-1.0,0.0,-0.3333333333333333,0.12150000000000001,1,1,1,0.356862745098039,0.694117647058824,0.803921568627451
92.46675610542297,0.0,-0.06338367520177488,0.03,1,1,1,0.0,0.3333333333333333,0.10935000000000002,-1,-1,-1,1.0,1.0,-1.0,0.0,-0.3333333333333333,0.12150000000000001,1,1,1,0.356862745098039,0.694117647058824,0.803921568627451
92.50069069862366,0.0,-0.06724853344578555,0.03,1,1,1,0.0,0.3333333333333333,0.10935000000000002,-1,-1,-1,1.0,1.0,-1.0,0.0,-0.3333333333333333,0.12150000000000001,1,1,1,0.356862745098039,0.694117647058824,0.803921568627451
92.53531074523926,0.0,-0.07111339168979622,0.03,1,1,1,0.0,0.3333333333333333,0.10935000000000002,-1,-1,-1,1.0,1.0,-1.0,0.0,-0.3333333333333333,0.12150000000000001,1,1,1,0.356862745098039,0.694117647058824,0.803921568627451
92.57028818130493,0.0,-0.07497824993380689,0.03,1,1,1,0.0,0.3333333333333333,0.10935000000000002,-1,-1,-1,1.0,1.0,-1.0,0.0,-0.3333333333333333,0.12150000000000001,1,1,1,0.356862745098039,0.694117647058824,0.803921568627451
92.60556435585022,0.0,-0.07884310817781756,0.03,1,1,1,0.0,0.3333333333333333,0.10935000000000002,-1,-1,-1,1.0,1.0,-1.0,0.0,-0.3333333333333333,0.12150000000000001,1,1,1,0.356862745098039,0.694117647058824,0.803921568627451
92.64024949073792,0.0,-0.08270796642182823,0.03,1,1,1,0.0,0.3333333333333333,0.10935000000000002,-1,-1,-1,1.0,1.0,-1.0,0.0,-0.3333333333333333,0.12150000000000001,1,1,1,0.356862745098039,0.694117647058824,0.803921568627451
92.67548441886902,0.0,-0.0865728246658389,0.03,1,1,1,0.0,0.3333333333333333,0.10935000000000002,-1,-1,-1,1.0,1.0,-1.0,0.0,-0.3333333333333333,0.12150000000000001,1,1,1,0.356862745098039,0.694117647058824,0.803921568627451
92.710129737854,0.0,-0.09043768290984958,0.03,1,1,1,0.0,0.3333333333333333,0.10935000000000002,-1,-1,-1,1.0,1.0,-1.0,0.0,-0.3333333333333333,0.12150000000000001,1,1,1,0.356862745098039,0.694117647058824,0.803921568627451
92.75451493263245,0.0,-0.09430254115386025,0.03,1,1,1,0.0,0.3333333333333333,0.10935000000000002,-1,-1,-1,1.0,1.0,-1.0,0.0,-0.3333333333333333,0.12150000000000001,1,1,1,0.356862745098039,0.694117647058824,0.803921568627451
92.79327750205994,0.0,-0.09816739939787092,0.03,1,1,1,0.0,0.3333333333333333,0.10935000000000002,-1,-1,-1,1.0,1.0,-1.0,0.0,-0.3333333333333333,0.12150000000000001,1,1,1,0.356862745098039,0.694117647058824,0.803921568627451
92.8276960849762,0.0,-0.10203225764188159,0.03,1,1,1,0.0,0.3333333333333333,0.10935000000000002,-1,-1,-1,1.0,1.0,-1.0,0.0,-0.3333333333333333,0.12150000000000001,1,1,1,0.356862745098039,0.694117647058824,0.803921568627451
92.86245369911194,0.0,-0.10589711588589226,0.03,1,1,1,0.0,0.3333333333333333,0.10935000000000002,-1,-1,-1,1.0,1.0,-1.0,0.0,-0.3333333333333333,0.12150000000000001,1,1,1,0.356862745098039,0.694117647058824,0.803921568627451
92.89783000946045,0.0,-0.10976197412990293,0.03,1,1,1,0.0,0.3333333333333333,0.10935000000000002,-1,-1,-1,1.0,1.0,-1.0,0.0,-0.3333333333333333,0.12150000000000001,1,1,1,0.356862745098039,0.694117647058824,0.803921568627451
92.93261337280273,0.0,-0.1136268323739136,0.03,1,1,1,0.0,0.3333333333333333,0.10935000000000002,-1,-1,-1,1.0,1.0,-1.0,0.0,-0.3333333333333333,0.12150000000000001,1,1,1,0.356862745098039,0.694117647058824,0.803921568627451
92.97480297088623,0.0,-0.11749169061792428,0.03,1,1,1,0.0,0.3333333333333333,0.10935000000000002,-1,-1,-1,1.0,1.0,-1.0,0.0,-0.3333333333333333,0.12150000000000001,1,1,1,0.356862745098039,0.694117647058824,0.803921568627451
93.01611709594727,0.0,-0.12135654886193495,0.03,1,1,1,0.0,0.3333333333333333,0.10935000000000002,-1,-1,-1,1.0,1.0,-1.0,0.0,-0.3333333333333333,0.12150000000000001,1,1,1,0.356862745098039,0.694117647058824,0.803921568627451
93.05939149856567,0.0,-0.1252214071059456,0.03,1,1,1,0.0,0.3333333333333333,0.10935000000000002,-1,-1,-1,1.0,1.0,-1.0,0.0,-0.3333333333333333,0.12150000000000001,1,1,1,0.356862745098039,0.694117647058824,0.803921568627451
93.09408664703369,0.0,-0.12599437875474773,0.03,1,1,1,0.0,0.3333333333333333,0.10935000000000002,-1,-1,-1,1.0,1.0,-1.0,0.0,-0.3333333333333333,0.12150000000000001,-1,-1,-1,0.356862745098039,0.694117647058824,0.803921568627451
93.12716698646545,0.0,-0.12599437875474773,0.03,1,1,1,0.0,0.3333333333333333,0.10935000000000002,-1,-1,-1,1.0,1.0,-1.0,0.0,-0.3333333333333333,0.12150000000000001,-1,-1,-1,0.356862745098039,0.694117647058824,0.803921568627451
93.16185331344604,0.0,-0.12599437875474773,0.03,1,1,1,0.0,0.3333333333333333,0.10935000000000002,-1,-1,-1,1.0,1.0,-1.0,0.0,-0.3333333333333333,0.12150000000000001,-1,-1,-1,0.356862745098039,0.694117647058824,0.803921568627451
93.19709992408752,0.0,-0.12599437875474773,0.03,1,1,1,0.0,0.3333333333333333,0.10935000000000002,-1,-1,-1,1.0,1.0,-1.0,0.0,-0.3333333333333333,0.12150000000000001,-1,-1,-1,0.356862745098039,0.694117647058824,0.803921568627451
93.24530363082886,0.0,-0.12599437875474773,0.03,1,1,1,0.0,0.3333333333333333,0.10935000000000002,-1,-1,-1,1.0,1.0,-1.0,0.0,-0.3333333333333333,0.12150000000000001,-1,-1,-1,0.356862745098039,0.694117647058824,0.803921568627451
93.27976369857788,0.0,-0.12599437875474773,0.03,1,1,1,0.0,0.3333333333333333,0.10935000000000002,-1,-1,-1,1.0,1.0,-1.0,0.0,-0.3333333333333333,0.12150000000000001,-1,-1,-1,0.356862745098039,0.694117647058824,0.803921568627451
93.31452512741089,0.0,-0.12599437875474773,0.03,1,1,1,0.0,0.3333333333333333,0.10935000000000002,-1,-1,-1,1.0,1.0,-1.0,0.0,-0.3333333333333333,0.12150000000000001,-1,-1,-1,0.356862745098039,0.694117647058824,0.803921568627451
93.34903717041016,0.0,-0.12599437875474773,0.03,1,1,1,0.0,0.3333333333333333,0.10935000000000002,-1,-1,-1,1.0,1.0,-1.0,0.0,-0.3333333333333333,0.12150000000000001,-1,-1,-1,0.356862745098039,0.694117647058824,0.803921568627451
93.3840012550354,0.0,-0.12599437875474773,0.03,1,1,1,0.0,0.3333333333333333,0.10935000000000002,-1,-1,-1,1.0,1.0,-1.0,0.0,-0.3333333333333333,0.12150000000000001,-1,-1,-1,0.356862745098039,0.694117647058824,0.803921568627451
93.41851472854614,0.0,-0.12599437875474773,0.03,1,1,1,0.0,0.3333333333333333,0.10935000000000002,-1,-1,-1,1.0,1.0,-1.0,0.0,-0.3333333333333333,0.12150000000000001,-1,-1,-1,0.356862745098039,0.694117647058824,0.803921568627451
93.46354365348816,0.0,-0.12599437875474773,0.03,1,1,1,0.0,0.3333333333333333,0.10935000000000002,-1,-1,-1,1.0,1.0,-1.0,0.0,-0.3333333333333333,0.12150000000000001,-1,-1,-1,0.356862745098039,0.694117647058824,0.803921568627451
93.50205945968628,0.0,-0.12599437875474773,0.03,1,1,1,0.0,0.3333333333333333,0.10935000000000002,-1,-1,-1,1.0,1.0,-1.0,0.0,-0.3333333333333333,0.12150000000000001,-1,-1,-1,0.356862745098039,0.694117647058824,0.803921568627451
93.53732991218567,0.0,-0.12599437875474773,0.03,1,1,1,0.0,0.3333333333333333,0.10935000000000002,-1,-1,-1,1.0,1.0,-1.0,0.0,-0.3333333333333333,0.12150000000000001,-1,-1,-1,0.356862745098039,0.694117647058824,0.803921568627451
93.57141351699829,0.0,-0.12599437875474773,0.03,1,1,1,0.0,0.3333333333333333,0.10935000000000002,-1,-1,-1,1.0,1.0,-1.0,0.0,-0.3333333333333333,0.12150000000000001,-1,-1,-1,0.356862745098039,0.694117647058824,0.803921568627451
93.60658311843872,0.0,-0.12599437875474773,0.03,1,1,1,0.0,0.3333333333333333,0.10935000000000002,-1,-1,-1,1.0,1.0,-1.0,0.0,-0.3333333333333333,0.12150000000000001,-1,-1,-1,0.356862745098039,0.694117647058824,0.803921568627451
93.64791059494019,0.0,-0.12599437875474773,0.03,1,1,1,0.0,0.3333333333333333,0.10935000000000002,-1,-1,-1,1.0,1.0,-1.0,0.0,-0.3333333333333333,0.12150000000000001,-1,-1,-1,0.356862745098039,0.694117647058824,0.803921568627451
93.68952131271362,0.0,-0.12599437875474773,0.03,1,1,1,0.0,0.3333333333333333,0.10935000000000002,-1,-1,-1,1.0,1.0,-1.0,0.0,-0.3333333333333333,0.12150000000000001,-1,-1,-1,0.356862745098039,0.694117647058824,0.803921568627451
93.72401642799377,0.0,-0.12599437875474773,0.03,1,1,1,0.0,0.3333333333333333,0.10935000000000002,-1,-1,-1,1.0,1.0,-1.0,0.0,-0.3333333333333333,0.12150000000000001,-1,-1,-1,0.356862745098039,0.694117647058824,0.803921568627451
93.7636330127716,0.0,-0.12599437875474773,0.03,1,1,1,0.0,0.3333333333333333,0.10935000000000002,-1,-1,-1,1.0,1.0,-1.0,0.0,-0.3333333333333333,0.12150000000000001,-1,-1,-1,0.356862745098039,0.694117647058824,0.803921568627451
93.79762625694275,0.0,-0.12599437875474773,0.03,1,1,1,0.0,0.3333333333333333,0.10935000000000002,-1,-1,-1,1.0,1.0,-1.0,0.0,-0.3333333333333333,0.12150000000000001,-1,-1,-1,0.356862745098039,0.694117647058824,0.803921568627451
93.83242225646973,0.0,-0.12599437875474773,0.03,1,1,1,0.0,0.3333333333333333,0.10935000000000002,-1,-1,-1,1.0,1.0,-1.0,0.0,-0.3333333333333333,0.12150000000000001,-1,-1,-1,0.356862745098039,0.694117647058824,0.803921568627451
93.86995792388916,0.0,-0.12599437875474773,0.03,1,1,1,0.0,0.3333333333333333,0.10935000000000002,-1,-1,-1,1.0,1.0,-1.0,0.0,-0.3333333333333333,0.12150000000000001,-1,-1,-1,0.356862745098039,0.694117647058824,0.803921568627451
93.9046618938446,0.0,-0.12599437875474773,0.03,1,1,1,0.0,0.3333333333333333,0.10935000000000002,-1,-1,-1,1.0,1.0,-1.0,0.0,-0.3333333333333333,0.12150000000000001,-1,-1,-1,0.356862745098039,0.694117647058824,0.803921568627451
93.9379620552063,0.0,-0.12599437875474773,0.03,1,1,1,0.0,0.3333333333333333,0.10935000000000002,-1,-1,-1,1.0,1.0,-1.0,0.0,-0.3333333333333333,0.12150000000000001,-1,-1,-1,0.356862745098039,0.694117647058824,0.803921568627451
93.97265958786011,0.0,-0.12599437875474773,0.03,1,1,1,0.0,0.3333333333333333,0.10935000000000002,-1,-1,-1,1.0,1.0,-1.0,0.0,-0.3333333333333333,0.12150000000000001,-1,-1,-1,0.356862745098039,0.694117647058824,0.803921568627451
94.0071747303009,0.0,-0.12599437875474773,0.03,1,1,1,0.0,0.3333333333333333,0.10935000000000002,-1,-1,-1,1.0,1.0,-1.0,0.0,-0.3333333333333333,0.12150000000000001,-1,-1,-1,0.356862745098039,0.694117647058824,0.803921568627451
94.04200339317322,0.0,-0.12599437875474773,0.03,1,1,1,0.0,0.3333333333333333,0.10935000000000002,-1,-1,-1,1.0,1.0,-1.0,0.0,-0.3333333333333333,0.12150000000000001,-1,-1,-1,0.356862745098039,0.694117647058824,0.803921568627451
94.07664704322815,0.0,-0.12599437875474773,0.03,1,1,1,0.0,0.3333333333333333,0.10935000000000002,-1,-1,-1,1.0,1.0,-1.0,0.0,-0.3333333333333333,0.12150000000000001,-1,-1,-1,0.356862745098039,0.694117647058824,0.803921568627451
94.11148691177368,0.0,-0.12599437875474773,0.03,1,1,1,0.0,0.3333333333333333,0.10935000000000002,-1,-1,-1,1.0,1.0,-1.0,0.0,-0.3333333333333333,0.12150000000000001,-1,-1,-1,0.356862745098039,0.694117647058824,0.803921568627451
94.14603924751282,0.0,-0.12599437875474773,0.03,1,1,1,0.0,0.3333333333333333,0.10935000000000002,-1,-1,-1,1.0,1.0,-1.0,0.0,-0.3333333333333333,0.12150000000000001,-1,-1,-1,0.356862745098039,0.694117647058824,0.803921568627451
94.1817078590393,0.0,-0.12599437875474773,0.03,1,1,1,0.0,0.3333333333333333,0.10935000000000002,-1,-1,-1,1.0,1.0,-1.0,0.0,-0.3333333333333333,0.12150000000000001,-1,-1,-1,0.356862745098039,0.694117647058824,0.803921568627451
94.21781396865845,0.0,-0.12599437875474773,0.03,1,1,1,0.0,0.3333333333333333,0.10935000000000002,-1,-1,-1,1.0,1.0,-1.0,0.0,-0.3333333333333333,0.12150000000000001,-1,-1,-1,0.356862745098039,0.694117647058824,0.803921568627451
94.25912094116211,0.0,-0.12599437875474773,0.03,1,1,1,0.0,0.3333333333333333,0.10935000000000002,-1,-1,-1,1.0,1.0,-1.0,0.0,-0.3333333333333333,0.12150000000000001,-1,-1,-1,0.356862745098039,0.694117647058824,0.803921568627451
94.29436492919922,0.0,-0.1219944889533199,0.03,1,1,1,0.0,0.3333333333333333,0.10935000000000002,-1,-1,-1,1.0,1.0,-1.0,0.0,-0.3333333333333333,0.12150000000000001,-1,-1,-1,0.356862745098039,0.694117647058824,0.803921568627451
94.32696771621704,0.0,-0.11699462670153508,0.03,1,1,1,0.0,0.3333333333333333,0.10935000000000002,-1,-1,-1,1.0,1.0,-1.0,0.0,-0.3333333333333333,0.12150000000000001,-1,-1,-1,0.356862745098039,0.694117647058824,0.803921568627451
94.36577773094177,0.0,-0.11199476444975028,0.03,1,1,1,0.0,0.3333333333333333,0.10935000000000002,-1,-1,-1,1.0,1.0,-1.0,0.0,-0.3333333333333333,0.12150000000000001,-1,-1,-1,0.356862745098039,0.694117647058824,0.803921568627451
94.40141558647156,0.0,-0.10699490219796547,0.03,1,1,1,0.0,0.3333333333333333,0.10935000000000002,-1,-1,-1,1.0,1.0,-1.0,0.0,-0.3333333333333333,0.12150000000000001,-1,-1,-1,0.356862745098039,0.694117647058824,0.803921568627451
94.4397656917572,0.0,-0.10199503994618066,0.03,1,1,1,0.0,0.3333333333333333,0.10935000000000002,-1,-1,-1,1.0,1.0,-1.0,0.0,-0.3333333333333333,0.12150000000000001,-1,-1,-1,0.356862745098039,0.694117647058824,0.803921568627451
94.48171186447144,0.0,-0.09699517769439585,0.03,1,1,1,0.0,0.3333333333333333,0.10935000000000002,-1,-1,-1,1.0,1.0,-1.0,0.0,-0.3333333333333333,0.12150000000000001,-1,-1,-1,0.356862745098039,0.694117647058824,0.803921568627451
94.51651668548584,0.0,-0.09199531544261104,0.03,1,1,1,0.0,0.3333333333333333,0.10935000000000002,-1,-1,-1,1.0,1.0,-1.0,0.0,-0.3333333333333333,0.12150000000000001,-1,-1,-1,0.356862745098039,0.694117647058824,0.803921568627451
94.5574779510498,0.0,-0.08699545319082623,0.03,1,1,1,0.0,0.3333333333333333,0.10935000000000002,-1,-1,-1,1.0,1.0,-1.0,0.0,-0.3333333333333333,0.12150000000000001,-1,-1,-1,0.356862745098039,0.694117647058824,0.803921568627451
94.59246325492859,0.0,-0.08199559093904142,0.03,1,1,1,0.0,0.3333333333333333,0.10935000000000002,-1,-1,-1,1.0,1.0,-1.0,0.0,-0.3333333333333333,0.12150000000000001,-1,-1,-1,0.356862745098039,0.694117647058824,0.803921568627451
94.63685822486877,0.0,-0.07699572868725661,0.03,1,1,1,0.0,0.3333333333333333,0.10935000000000002,-1,-1,-1,1.0,1.0,-1.0,0.0,-0.3333333333333333,0.12150000000000001,-1,-1,-1,0.356862745098039,0.694117647058824,0.803921568627451
94.67027020454407,0.0,-0.0719958664354718,0.03,1,1,1,0.0,0.3333333333333333,0.10935000000000002,-1,-1,-1,1.0,1.0,-1.0,0.0,-0.3333333333333333,0.12150000000000001,-1,-1,-1,0.356862745098039,0.694117647058824,0.803921568627451
94.70460414886475,0.0,-0.066996004183687,0.03,1,1,1,0.0,0.3333333333333333,0.10935000000000002,-1,-1,-1,1.0,1.0,-1.0,0.0,-0.3333333333333333,0.12150000000000001,-1,-1,-1,0.356862745098039,0.694117647058824,0.803921568627451
94.73825550079346,0.0,-0.06199614193190218,0.03,1,1,1,0.0,0.3333333333333333,0.10935000000000002,-1,-1,-1,1.0,1.0,-1.0,0.0,-0.3333333333333333,0.12150000000000001,-1,-1,-1,0.356862745098039,0.694117647058824,0.803921568627451
94.77214550971985,0.0,-0.05699627968011733,0.03,1,1,1,0.0,0.3333333333333333,0.10935000000000002,-1,-1,-1,1.0,1.0,-1.0,0.0,-0.3333333333333333,0.12150000000000001,-1,-1,-1,0.356862745098039,0.694117647058824,0.803921568627451
94.80718731880188,0.0,-0.051996417428332484,0.03,1,1,1,0.0,0.3333333333333333,0.10935000000000002,-1,-1,-1,1.0,1.0,-1.0,0.0,-0.3333333333333333,0.12150000000000001,-1,-1,-1,0.356862745098039,0.694117647058824,0.803921568627451
94.84150242805481,0.0,-0.04699655517654764,0.03,1,1,1,0.0,0.3333333333333333,0.10935000000000002,-1,-1,-1,1.0,1.0,-1.0,0.0,-0.3333333333333333,0.12150000000000001,-1,-1,-1,0.356862745098039,0.694117647058824,0.803921568627451
94.88336110115051,0.0,-0.041996692924762796,0.03,1,1,1,0.0,0.3333333333333333,0.10935000000000002,-1,-1,-1,1.0,1.0,-1.0,0.0,-0.3333333333333333,0.12150000000000001,-1,-1,-1,0.356862745098039,0.694117647058824,0.803921568627451
94.9184091091156,0.0,-0.03699683067297795,0.03,1,1,1,0.0,0.3333333333333333,0.10935000000000002,-1,-1,-1,1.0,1.0,-1.0,0.0,-0.3333333333333333,0.12150000000000001,-1,-1,-1,0.356862745098039,0.694117647058824,0.803921568627451
94.95278143882751,0.0,-0.03199696842119311,0.03,1,1,1,0.0,0.3333333333333333,0.10935000000000002,-1,-1,-1,1.0,1.0,-1.0,0.0,-0.3333333333333333,0.12150000000000001,-1,-1,-1,0.356862745098039,0.694117647058824,0.803921568627451
94.98808097839355,0.0,-0.02699710616940826,0.03,1,1,1,0.0,0.3333333333333333,0.10935000000000002,-1,-1,-1,1.0,1.0,-1.0,0.0,-0.3333333333333333,0.12150000000000001,-1,-1,-1,0.356862745098039,0.694117647058824,0.803921568627451
95.02177023887634,0.0,-0.021997243917623418,0.03,1,1,1,0.0,0.3333333333333333,0.10935000000000002,-1,-1,-1,1.0,1.0,-1.0,0.0,-0.3333333333333333,0.12150000000000001,-1,-1,-1,0.356862745098039,0.694117647058824,0.803921568627451
95.06401991844177,0.0,-0.016997381665838574,0.03,1,1,1,0.0,0.3333333333333333,0.10935000000000002,-1,-1,-1,1.0,1.0,-1.0,0.0,-0.3333333333333333,0.12150000000000001,-1,-1,-1,0.356862745098039,0.694117647058824,0.803921568627451
95.09889554977417,0.0,-0.011997519414053732,0.03,1,1,1,0.0,0.3333333333333333,0.10935000000000002,-1,-1,-1,1.0,1.0,-1.0,0.0,-0.3333333333333333,0.12150000000000001,-1,-1,-1,0.356862745098039,0.694117647058824,0.803921568627451
95.13350415229797,0.0,-0.006997657162268889,0.03,1,1,1,0.0,0.3333333333333333,0.10935000000000002,-1,-1,-1,1.0,1.0,-1.0,0.0,-0.3333333333333333,0.12150000000000001,-1,-1,-1,0.356862745098039,0.694117647058824,0.803921568627451
95.1731903553009,0.0,-0.00199779491048405,0.03,1,1,1,0.0,0.3333333333333333,0.10935000000000002,-1,-1,-1,1.0,1.0,-1.0,0.0,-0.3333333333333333,0.12150000000000001,-1,-1,-1,0.356862745098039,0.694117647058824,0.803921568627451
95.20725870132446,0.0,0.0030020673413007903,0.03,1,1,1,0.0,0.3333333333333333,0.10935000000000002,-1,-1,-1,1.0,1.0,-1.0,0.0,-0.3333333333333333,0.12150000000000001,-1,-1,-1,0.356862745098039,0.694117647058824,0.803921568627451
95.24476289749146,0.0,0.00800192959308563,0.03,1,1,1,0.0,0.3333333333333333,0.10935000000000002,-1,-1,-1,1.0,1.0,-1.0,0.0,-0.3333333333333333,0.12150000000000001,-1,-1,-1,0.356862745098039,0.694117647058824,0.803921568627451
95.2862856388092,0.0,0.013001791844870474,0.03,1,1,1,0.0,0.3333333333333333,0.10935000000000002,-1,-1,-1,1.0,1.0,-1.0,0.0,-0.3333333333333333,0.12150000000000001,-1,-1,-1,0.356862745098039,0.694117647058824,0.803921568627451
95.32068419456482,0.0,0.018001654096655318,0.03,1,1,1,0.0,0.3333333333333333,0.10935000000000002,-1,-1,-1,1.0,1.0,-1.0,0.0,-0.3333333333333333,0.12150000000000001,-1,-1,-1,0.356862745098039,0.694117647058824,0.803921568627451
95.35550236701965,0.0,0.023001516348440162,0.03,1,1,1,0.0,0.3333333333333333,0.10935000000000002,-1,-1,-1,1.0,1.0,-1.0,0.0,-0.3333333333333333,0.12150000000000001,-1,-1,-1,0.356862745098039,0.694117647058824,0.803921568627451
95.39137506484985,0.0,0.028001378600225005,0.03,1,1,1,0.0,0.3333333333333333,0.10935000000000002,-1,-1,-1,1.0,1.0,-1.0,0.0,-0.3333333333333333,0.12150000000000001,-1,-1,-1,0.356862745098039,0.694117647058824,0.803921568627451
95.43199419975281,0.0,0.03300124085200985,0.03,1,1,1,0.0,0.3333333333333333,0.10935000000000002,-1,-1,-1,1.0,1.0,-1.0,0.0,-0.3333333333333333,0.12150000000000001,-1,-1,-1,0.356862745098039,0.694117647058824,0.803921568627451
95.46648526191711,0.0,0.038001103103794696,0.03,1,1,1,0.0,0.3333333333333333,0.10935000000000002,-1,-1,-1,1.0,1.0,-1.0,0.0,-0.3333333333333333,0.12150000000000001,-1,-1,-1,0.356862745098039,0.694117647058824,0.803921568627451
95.50162696838379,0.0,0.04503209663524044,0.03,1,1,1,0.0,0.3333333333333333,0.10935000000000002,-1,-1,-1,1.0,1.0,-1.0,0.0,-0.3333333333333333,0.12150000000000001,-1,-1,-1,0.356862745098039,0.694117647058824,0.803921568627451
95.53608131408691,0.0,0.0525708729866014,0.03,1,1,1,0.0,0.3333333333333333,0.10935000000000002,-1,-1,-1,1.0,1.0,-1.0,0.0,-0.3333333333333333,0.12150000000000001,-1,-1,-1,0.356862745098039,0.694117647058824,0.803921568627451
95.57465600967407,0.0,0.06010964933796237,0.03,1,1,1,0.0,0.3333333333333333,0.10935000000000002,-1,-1,-1,1.0,1.0,-1.0,0.0,-0.3333333333333333,0.12150000000000001,-1,-1,-1,0.356862745098039,0.694117647058824,0.803921568627451
95.6092939376831,0.0,0.06764842568932332,0.03,1,1,1,0.0,0.3333333333333333,0.10935000000000002,-1,-1,-1,1.0,1.0,-1.0,0.0,-0.3333333333333333,0.12150000000000001,-1,-1,-1,0.356862745098039,0.694117647058824,0.803921568627451
95.64756536483765,0.0,0.07518720204068428,0.03,1,1,1,0.0,0.3333333333333333,0.10935000000000002,-1,-1,-1,1.0,1.0,-1.0,0.0,-0.3333333333333333,0.12150000000000001,-1,-1,-1,0.356862745098039,0.694117647058824,0.803921568627451
95.68160653114319,0.0,0.08272597839204525,0.03,1,1,1,0.0,0.3333333333333333,0.10935000000000002,-1,-1,-1,1.0,1.0,-1.0,0.0,-0.3333333333333333,0.12150000000000001,-1,-1,-1,0.356862745098039,0.694117647058824,0.803921568627451
95.71681571006775,0.0,0.09026475474340621,0.03,1,1,1,0.0,0.3333333333333333,0.10935000000000002,-1,-1,-1,1.0,1.0,-1.0,0.0,-0.3333333333333333,0.12150000000000001,-1,-1,-1,0.356862745098039,0.694117647058824,0.803921568627451
95.75094985961914,0.0,0.09780353109476718,0.03,1,1,1,0.0,0.3333333333333333,0.10935000000000002,-1,-1,-1,1.0,1.0,-1.0,0.0,-0.3333333333333333,0.12150000000000001,-1,-1,-1,0.356862745098039,0.694117647058824,0.803921568627451
95.78611445426941,0.0,0.10534230744612814,0.03,1,1,1,0.0,0.3333333333333333,0.10935000000000002,-1,-1,-1,1.0,1.0,-1.0,0.0,-0.3333333333333333,0.12150000000000001,-1,-1,-1,0.356862745098039,0.694117647058824,0.803921568627451
95.82832479476929,0.0,0.11288108379748911,0.03,1,1,1,0.0,0.3333333333333333,0.10935000000000002,-1,-1,-1,1.0,1.0,-1.0,0.0,-0.3333333333333333,0.12150000000000001,-1,-1,-1,0.356862745098039,0.694117647058824,0.803921568627451
95.86266565322876,0.0,0.12041986014885009,0.03,1,1,1,0.0,0.3333333333333333,0.10935000000000002,-1,-1,-1,1.0,1.0,-1.0,0.0,-0.3333333333333333,0.12150000000000001,-1,-1,-1,0.356862745098039,0.694117647058824,0.803921568627451
95.89747190475464,0.0,0.12795863650021108,0.03,1,1,1,0.0,0.3333333333333333,0.10935000000000002,-1,-1,-1,1.0,1.0,-1.0,0.0,-0.3333333333333333,0.12150000000000001,-1,-1,-1,0.356862745098039,0.694117647058824,0.803921568627451
95.93174409866333,0.0,0.13549741285157205,0.03,1,1,1,0.0,0.3333333333333333,0.10935000000000002,-1,-1,-1,1.0,1.0,-1.0,0.0,-0.3333333333333333,0.12150000000000001,-1,-1,-1,0.356862745098039,0.694117647058824,0.803921568627451
95.96659517288208,0.0,0.143036189202933,0.03,1,1,1,0.0,0.3333333333333333,0.10935000000000002,-1,-1,-1,1.0,1.0,-1.0,0.0,-0.3333333333333333,0.12150000000000001,-1,-1,-1,0.356862745098039,0.694117647058824,0.803921568627451
96.00077319145203,0.0,0.15057496555429398,0.03,1,1,1,0.0,0.3333333333333333,0.10935000000000002,-1,-1,-1,1.0,1.0,-1.0,0.0,-0.3333333333333333,0.12150000000000001,-1,-1,-1,0.356862745098039,0.694117647058824,0.803921568627451
96.04495000839233,0.0,0.15811374190565494,0.03,1,1,1,0.0,0.3333333333333333,0.10935000000000002,-1,-1,-1,1.0,1.0,-1.0,0.0,-0.3333333333333333,0.12150000000000001,-1,-1,-1,0.356862745098039,0.694117647058824,0.803921568627451
96.07827425003052,0.0,0.1656525182570159,0.03,1,1,1,0.0,0.3333333333333333,0.10935000000000002,-1,-1,-1,1.0,1.0,-1.0,0.0,-0.3333333333333333,0.12150000000000001,-1,-1,-1,0.356862745098039,0.694117647058824,0.803921568627451
96.11222910881042,0.0,0.17319129460837687,0.03,1,1,1,0.0,0.3333333333333333,0.10935000000000002,-1,-1,-1,1.0,1.0,-1.0,0.0,-0.3333333333333333,0.12150000000000001,-1,-1,-1,0.356862745098039,0.694117647058824,0.803921568627451
96.14696717262268,0.0,0.18073007095973784,0.03,1,1,1,0.0,0.3333333333333333,0.10935000000000002,-1,-1,-1,1.0,1.0,-1.0,0.0,-0.3333333333333333,0.12150000000000001,-1,-1,-1,0.356862745098039,0.694117647058824,0.803921568627451
96.18199396133423,0.0,0.1882688473110988,0.03,1,1,1,0.0,0.3333333333333333,0.10935000000000002,-1,-1,-1,1.0,1.0,-1.0,0.0,-0.3333333333333333,0.12150000000000001,-1,-1,-1,0.356862745098039,0.694117647058824,0.803921568627451
96.22353172302246,0.0,0.19580762366245977,0.03,1,1,1,0.0,0.3333333333333333,0.10935000000000002,-1,-1,-1,1.0,1.0,-1.0,0.0,-0.3333333333333333,0.12150000000000001,-1,-1,-1,0.356862745098039,0.694117647058824,0.803921568627451
96.25863099098206,0.0,0.20334640001382073,0.03,1,1,1,0.0,0.3333333333333333,0.10935000000000002,-1,-1,-1,1.0,1.0,-1.0,0.0,-0.3333333333333333,0.12150000000000001,-1,-1,-1,0.356862745098039,0.694117647058824,0.803921568627451
96.29333710670471,0.0,0.2108851763651817,0.03,1,1,1,0.0,0.3333333333333333,0.10935000000000002,-1,-1,-1,1.0,1.0,-1.0,0.0,-0.3333333333333333,0.12150000000000001,-1,-1,-1,0.356862745098039,0.694117647058824,0.803921568627451
96.32811045646667,0.0,0.21842395271654266,0.03,1,1,1,0.0,0.3333333333333333,0.10935000000000002,-1,-1,-1,1.0,1.0,-1.0,0.0,-0.3333333333333333,0.12150000000000001,-1,-1,-1,0.356862745098039,0.694117647058824,0.803921568627451
96.36354660987854,0.0,0.22596272906790363,0.03,1,1,1,0.0,0.3333333333333333,0.10935000000000002,-1,-1,-1,1.0,1.0,-1.0,0.0,-0.3333333333333333,0.12150000000000001,-1,-1,-1,0.356862745098039,0.694117647058824,0.803921568627451
96.40557956695557,0.0,0.2335015054192646,0.03,1,1,1,0.0,0.3333333333333333,0.10935000000000002,-1,-1,-1,1.0,1.0,-1.0,0.0,-0.3333333333333333,0.12150000000000001,-1,-1,-1,0.356862745098039,0.694117647058824,0.803921568627451
96.43940925598145,0.0,0.24104028177062556,0.03,1,1,1,0.0,0.3333333333333333,0.10935000000000002,-1,-1,-1,1.0,1.0,-1.0,0.0,-0.3333333333333333,0.12150000000000001,-1,-1,-1,0.356862745098039,0.694117647058824,0.803921568627451
96.47382712364197,0.0,0.24857905812198652,0.03,1,1,1,0.0,0.3333333333333333,0.10935000000000002,-1,-1,-1,1.0,1.0,-1.0,0.0,-0.3333333333333333,0.12150000000000001,-1,-1,-1,0.356862745098039,0.694117647058824,0.803921568627451
96.51233148574829,0.0,0.25611783447334746,0.03,1,1,1,0.0,0.3333333333333333,0.10935000000000002,-1,-1,-1,1.0,1.0,-1.0,0.0,-0.3333333333333333,0.12150000000000001,-1,-1,-1,0.356862745098039,0.694117647058824,0.803921568627451
96.54744672775269,0.0,0.2636566108247084,0.03,1,1,1,0.0,0.3333333333333333,0.10935000000000002,-1,-1,-1,1.0,1.0,-1.0,0.0,-0.3333333333333333,0.12150000000000001,-1,-1,-1,0.356862745098039,0.694117647058824,0.803921568627451
96.58512330055237,0.0,0.2711953871760694,0.03,1,1,1,0.0,0.3333333333333333,0.10935000000000002,-1,-1,-1,1.0,1.0,-1.0,0.0,-0.3333333333333333,0.12150000000000001,-1,-1,-1,0.356862745098039,0.694117647058824,0.803921568627451
96.61970472335815,0.0,0.27873416352743036,0.03,1,1,1,0.0,0.3333333333333333,0.10935000000000002,-1,-1,-1,1.0,1.0,-1.0,0.0,-0.3333333333333333,0.12150000000000001,-1,-1,-1,0.356862745098039,0.694117647058824,0.803921568627451
96.65480184555054,0.0,0.2862729398787913,0.03,1,1,1,0.0,0.3333333333333333,0.10935000000000002,-1,-1,-1,1.0,1.0,-1.0,0.0,-0.3333333333333333,0.12150000000000001,-1,-1,-1,0.356862745098039,0.694117647058824,0.803921568627451
96.68998265266418,0.0,0.2912362435627582,0.03,1,1,1,0.0,0.3333333333333333,0.10935000000000002,-1,-1,-1,1.0,1.0,-1.0,0.0,-0.3333333333333333,0.12150000000000001,-1,-1,-1,0.356862745098039,0.694117647058824,0.803921568627451
96.73202323913574,0.0,0.2923363382456339,0.03,1,1,1,0.0,0.3333333333333333,0.10935000000000002,-1,-1,-1,1.0,1.0,-1.0,0.0,-0.3333333333333333,0.12150000000000001,-1,-1,-1,0.356862745098039,0.694117647058824,0.803921568627451
96.77315473556519,0.0,0.29343643292850957,0.03,1,1,1,0.0,0.3333333333333333,0.10935000000000002,-1,-1,-1,1.0,1.0,-1.0,0.0,-0.3333333333333333,0.12150000000000001,-1,-1,-1,0.356862745098039,0.694117647058824,0.803921568627451
96.80787587165833,0.0,0.29453652761138527,0.03,1,1,1,0.0,0.3333333333333333,0.10935000000000002,-1,-1,-1,1.0,1.0,-1.0,0.0,-0.3333333333333333,0.12150000000000001,-1,-1,-1,0.356862745098039,0.694117647058824,0.803921568627451
96.84292221069336,0.0,0.29563662229426096,0.03,1,1,1,0.0,0.3333333333333333,0.10935000000000002,-1,-1,-1,1.0,1.0,-1.0,0.0,-0.3333333333333333,0.12150000000000001,-1,-1,-1,0.356862745098039,0.694117647058824,0.803921568627451
96.88165235519409,0.0,0.29673671697713666,0.03,1,1,1,0.0,0.3333333333333333,0.10935000000000002,-1,-1,-1,1.0,1.0,-1.0,0.0,-0.3333333333333333,0.12150000000000001,-1,-1,-1,0.356862745098039,0.694117647058824,0.803921568627451
96.9159939289093,0.0,0.29783681166001236,0.03,1,1,1,0.0,0.3333333333333333,0.10935000000000002,-1,-1,-1,1.0,1.0,-1.0,0.0,-0.3333333333333333,0.12150000000000001,-1,-1,-1,0.356862745098039,0.694117647058824,0.803921568627451
96.95220041275024,0.0,0.29893690634288805,0.03,1,1,1,0.0,0.3333333333333333,0.10935000000000002,-1,-1,-1,1.0,1.0,-1.0,0.0,-0.3333333333333333,0.12150000000000001,-1,-1,-1,0.356862745098039,0.694117647058824,0.803921568627451
96.98878765106201,0.0,0.30003700102576375,0.03,1,1,1,0.0,0.3333333333333333,0.10935000000000002,-1,-1,-1,1.0,1.0,-1.0,0.0,-0.3333333333333333,0.12150000000000001,-1,-1,-1,0.356862745098039,0.694117647058824,0.803921568627451
97.03015613555908,0.0,0.30113709570863945,0.03,1,1,1,0.0,0.3333333333333333,0.10935000000000002,-1,-1,-1,1.0,1.0,-1.0,0.0,-0.3333333333333333,0.12150000000000001,-1,-1,-1,0.356862745098039,0.694117647058824,0.803921568627451
97.06490707397461,0.0,0.30223719039151514,0.03,1,1,1,0.0,0.3333333333333333,0.10935000000000002,-1,-1,-1,1.0,1.0,-1.0,0.0,-0.3333333333333333,0.12150000000000001,-1,-1,-1,0.356862745098039,0.694117647058824,0.803921568627451
97.09953474998474,0.0,0.30333728507439084,0.03,1,1,1,0.0,0.3333333333333333,0.10935000000000002,-1,-1,-1,1.0,1.0,-1.0,0.0,-0.3333333333333333,0.12150000000000001,-1,-1,-1,0.356862745098039,0.694117647058824,0.803921568627451
97.14144921302795,0.0,0.30443737975726654,0.03,1,1,1,0.0,0.3333333333333333,0.10935000000000002,-1,-1,-1,1.0,1.0,-1.0,0.0,-0.3333333333333333,0.12150000000000001,-1,-1,-1,0.356862745098039,0.694117647058824,0.803921568627451
97.18568181991577,0.0,0.30553747444014223,0.03,1,1,1,0.0,0.3333333333333333,0.10935000000000002,-1,-1,-1,1.0,1.0,-1.0,0.0,-0.3333333333333333,0.12150000000000001,-1,-1,-1,0.356862745098039,0.694117647058824,0.803921568627451
97.2250120639801,0.0,0.30663756912301793,0.03,1,1,1,0.0,0.3333333333333333,0.10935000000000002,-1,-1,-1,1.0,1.0,-1.0,0.0,-0.3333333333333333,0.12150000000000001,-1,-1,-1,0.356862745098039,0.694117647058824,0.803921568627451
97.25939273834229,0.0,0.3077376638058936,0.03,1,1,1,0.0,0.3333333333333333,0.10935000000000002,-1,-1,-1,1.0,1.0,-1.0,0.0,-0.3333333333333333,0.12150000000000001,-1,-1,-1,0.356862745098039,0.694117647058824,0.803921568627451
97.30057740211487,0.0,0.3088377584887693,0.03,1,1,1,0.0,0.3333333333333333,0.10935000000000002,-1,-1,-1,1.0,1.0,-1.0,0.0,-0.3333333333333333,0.12150000000000001,-1,-1,-1,0.356862745098039,0.694117647058824,0.803921568627451
97.33568334579468,0.0,0.309937853171645,0.03,1,1,1,0.0,0.3333333333333333,0.10935000000000002,-1,-1,-1,1.0,1.0,-1.0,0.0,-0.3333333333333333,0.12150000000000001,-1,-1,-1,0.356862745098039,0.694117647058824,0.803921568627451
97.37756776809692,0.0,0.3110379478545207,0.03,1,1,1,0.0,0.3333333333333333,0.10935000000000002,-1,-1,-1,1.0,1.0,-1.0,0.0,-0.3333333333333333,0.12150000000000001,-1,-1,-1,0.356862745098039,0.694117647058824,0.803921568627451
97.42139434814453,0.0,0.3121380425373964,0.03,1,1,1,0.0,0.3333333333333333,0.10935000000000002,-1,-1,-1,1.0,1.0,-1.0,0.0,-0.3333333333333333,0.12150000000000001,-1,-1,-1,0.356862745098039,0.694117647058824,0.803921568627451
97.46048474311829,0.0,0.3132381372202721,0.03,1,1,1,0.0,0.3333333333333333,0.10935000000000002,-1,-1,-1,1.0,1.0,-1.0,0.0,-0.3333333333333333,0.12150000000000001,-1,-1,-1,0.356862745098039,0.694117647058824,0.803921568627451
97.49495840072632,0.0,0.3143382319031478,0.03,1,1,1,0.0,0.3333333333333333,0.10935000000000002,-1,-1,-1,1.0,1.0,-1.0,0.0,-0.3333333333333333,0.12150000000000001,-1,-1,-1,0.356862745098039,0.694117647058824,0.803921568627451
97.52994966506958,0.0,0.3154383265860235,0.03,1,1,1,0.0,0.3333333333333333,0.10935000000000002,-1,-1,-1,1.0,1.0,-1.0,0.0,-0.3333333333333333,0.12150000000000001,-1,-1,-1,0.356862745098039,0.694117647058824,0.803921568627451
97.57150721549988,0.0,0.3165384212688992,0.03,1,1,1,0.0,0.3333333333333333,0.10935000000000002,-1,-1,-1,1.0,1.0,-1.0,0.0,-0.3333333333333333,0.12150000000000001,-1,-1,-1,0.356862745098039,0.694117647058824,0.803921568627451
97.61366057395935,0.0,0.3176385159517749,0.03,1,1,1,0.0,0.3333333333333333,0.10935000000000002,-1,-1,-1,1.0,1.0,-1.0,0.0,-0.3333333333333333,0.12150000000000001,-1,-1,-1,0.356862745098039,0.694117647058824,0.803921568627451
97.64809679985046,0.0,0.3187386106346506,0.03,1,1,1,0.0,0.3333333333333333,0.10935000000000002,-1,-1,-1,1.0,1.0,-1.0,0.0,-0.3333333333333333,0.12150000000000001,-1,-1,-1,0.356862745098039,0.694117647058824,0.803921568627451
97.68670177459717,0.0,0.3198387053175263,0.03,1,1,1,0.0,0.3333333333333333,0.10935000000000002,-1,-1,-1,1.0,1.0,-1.0,0.0,-0.3333333333333333,0.12150000000000001,-1,-1,-1,0.356862745098039,0.694117647058824,0.803921568627451
97.72140264511108,0.0,0.320938800000402,0.03,1,1,1,0.0,0.3333333333333333,0.10935000000000002,-1,-1,-1,1.0,1.0,-1.0,0.0,-0.3333333333333333,0.12150000000000001,-1,-1,-1,0.356862745098039,0.694117647058824,0.803921568627451
97.75908350944519,0.0,0.3220388946832777,0.03,1,1,1,0.0,0.3333333333333333,0.10935000000000002,-1,-1,-1,1.0,1.0,-1.0,0.0,-0.3333333333333333,0.12150000000000001,-1,-1,-1,0.356862745098039,0.694117647058824,0.803921568627451
97.80781960487366,0.0,0.3231389893661534,0.03,1,1,1,0.0,0.3333333333333333,0.10935000000000002,-1,-1,-1,1.0,1.0,-1.0,0.0,-0.3333333333333333,0.12150000000000001,-1,-1,-1,0.356862745098039,0.694117647058824,0.803921568627451
97.84268879890442,0.0,0.32423908404902907,0.03,1,1,1,0.0,0.3333333333333333,0.10935000000000002,-1,-1,-1,1.0,1.0,-1.0,0.0,-0.3333333333333333,0.12150000000000001,-1,-1,-1,0.356862745098039,0.694117647058824,0.803921568627451
97.87715983390808,0.0,0.32533917873190477,0.03,1,1,1,0.0,0.3333333333333333,0.10935000000000002,-1,-1,-1,1.0,1.0,-1.0,0.0,-0.3333333333333333,0.12150000000000001,-1,-1,-1,0.356862745098039,0.694117647058824,0.803921568627451
97.9110791683197,0.0,0.332636360026548,0.03,1,1,1,0.0,0.3333333333333333,0.10935000000000002,-1,-1,-1,1.0,1.0,-1.0,0.0,-0.3333333333333333,0.12150000000000001,-1,-1,-1,0.356862745098039,0.694117647058824,0.803921568627451
97.95729327201843,0.0,0.33440565061606503,0.03,1,1,1,0.0,0.3333333333333333,0.10935000000000002,-1,-1,-1,1.0,1.0,-1.0,0.0,-0.3333333333333333,0.12150000000000001,-1,-1,-1,0.356862745098039,0.694117647058824,0.803921568627451
97.99561786651611,0.0,0.33440565061606503,0.03,1,1,1,0.0,0.3333333333333333,0.10935000000000002,-1,-1,-1,1.0,1.0,-1.0,0.0,-0.3333333333333333,0.12150000000000001,-1,-1,-1,0.356862745098039,0.694117647058824,0.803921568627451
98.03696370124817,0.0,0.33440565061606503,0.03,1,1,1,0.0,0.3333333333333333,0.10935000000000002,-1,-1,-1,1.0,1.0,-1.0,0.0,-0.3333333333333333,0.12150000000000001,-1,-1,-1,0.356862745098039,0.694117647058824,0.803921568627451
98.0715696811676,0.0,0.33440565061606503,0.03,1,1,1,0.0,0.3333333333333333,0.10935000000000002,-1,-1,-1,1.0,1.0,-1.0,0.0,-0.3333333333333333,0.12150000000000001,-1,-1,-1,0.356862745098039,0.694117647058824,0.803921568627451
98.10627555847168,0.0,0.33440565061606503,0.03,1,1,1,0.0,0.3333333333333333,0.10935000000000002,-1,-1,-1,1.0,1.0,-1.0,0.0,-0.3333333333333333,0.12150000000000001,-1,-1,-1,0.356862745098039,0.694117647058824,0.803921568627451
98.14177823066711,0.0,0.33440565061606503,0.03,1,1,1,0.0,0.3333333333333333,0.10935000000000002,-1,-1,-1,1.0,1.0,-1.0,0.0,-0.3333333333333333,0.12150000000000001,-1,-1,-1,0.356862745098039,0.694117647058824,0.803921568627451
98.18295884132385,0.0,0.33440565061606503,0.03,1,1,1,0.0,0.3333333333333333,0.10935000000000002,-1,-1,-1,1.0,1.0,-1.0,0.0,-0.3333333333333333,0.12150000000000001,-1,-1,-1,0.356862745098039,0.694117647058824,0.803921568627451
98.22589945793152,0.0,0.33440565061606503,0.03,1,1,1,0.0,0.3333333333333333,0.10935000000000002,-1,-1,-1,1.0,1.0,-1.0,0.0,-0.3333333333333333,0.12150000000000001,-1,-1,-1,0.356862745098039,0.694117647058824,0.803921568627451
98.26007652282715,0.0,0.33440565061606503,0.03,1,1,1,0.0,0.3333333333333333,0.10935000000000002,-1,-1,-1,1.0,1.0,-1.0,0.0,-0.3333333333333333,0.12150000000000001,-1,-1,-1,0.356862745098039,0.694117647058824,0.803921568627451
98.29358005523682,0.0,0.33440565061606503,0.03,1,1,1,0.0,0.3333333333333333,0.10935000000000002,-1,-1,-1,1.0,1.0,-1.0,0.0,-0.3333333333333333,0.12150000000000001,-1,-1,-1,0.356862745098039,0.694117647058824,0.803921568627451
98.3283703327179,0.0,0.33440565061606503,0.03,1,1,1,0.0,0.3333333333333333,0.10935000000000002,-1,-1,-1,1.0,1.0,-1.0,0.0,-0.3333333333333333,0.12150000000000001,-1,-1,-1,0.356862745098039,0.694117647058824,0.803921568627451
98.36330556869507,0.0,0.33440565061606503,0.03,1,1,1,0.0,0.3333333333333333,0.10935000000000002,-1,-1,-1,1.0,1.0,-1.0,0.0,-0.3333333333333333,0.12150000000000001,-1,-1,-1,0.356862745098039,0.694117647058824,0.803921568627451
98.41211318969727,0.0,0.33440565061606503,0.03,1,1,1,0.0,0.3333333333333333,0.10935000000000002,-1,-1,-1,1.0,1.0,-1.0,0.0,-0.3333333333333333,0.12150000000000001,-1,-1,-1,0.356862745098039,0.694117647058824,0.803921568627451
98.45379614830017,0.0,0.33440565061606503,0.03,1,1,1,0.0,0.3333333333333333,0.10935000000000002,-1,-1,-1,1.0,1.0,-1.0,0.0,-0.3333333333333333,0.12150000000000001,-1,-1,-1,0.356862745098039,0.694117647058824,0.803921568627451
98.48838806152344,0.0,0.33440565061606503,0.03,1,1,1,0.0,0.3333333333333333,0.10935000000000002,-1,-1,-1,1.0,1.0,-1.0,0.0,-0.3333333333333333,0.12150000000000001,-1,-1,-1,0.356862745098039,0.694117647058824,0.803921568627451
98.52739143371582,0.0,0.33440565061606503,0.03,1,1,1,0.0,0.3333333333333333,0.10935000000000002,-1,-1,-1,1.0,1.0,-1.0,0.0,-0.3333333333333333,0.12150000000000001,-1,-1,-1,0.356862745098039,0.694117647058824,0.803921568627451
98.56210279464722,0.0,0.33440565061606503,0.03,1,1,1,0.0,0.3333333333333333,0.10935000000000002,-1,-1,-1,1.0,1.0,-1.0,0.0,-0.3333333333333333,0.12150000000000001,-1,-1,-1,0.356862745098039,0.694117647058824,0.803921568627451
98.5995397567749,0.0,0.33440565061606503,0.03,1,1,1,0.0,0.3333333333333333,0.10935000000000002,-1,-1,-1,1.0,1.0,-1.0,0.0,-0.3333333333333333,0.12150000000000001,-1,-1,-1,0.356862745098039,0.694117647058824,0.803921568627451
98.64096689224243,0.0,0.33440565061606503,0.03,1,1,1,0.0,0.3333333333333333,0.10935000000000002,-1,-1,-1,1.0,1.0,-1.0,0.0,-0.3333333333333333,0.12150000000000001,-1,-1,-1,0.356862745098039,0.694117647058824,0.803921568627451
98.67571759223938,0.0,0.33440565061606503,0.03,1,1,1,0.0,0.3333333333333333,0.10935000000000002,-1,-1,-1,1.0,1.0,-1.0,0.0,-0.3333333333333333,0.12150000000000001,-1,-1,-1,0.356862745098039,0.694117647058824,0.803921568627451
98.71058583259583,0.0,0.33440565061606503,0.03,1,1,1,0.0,0.3333333333333333,0.10935000000000002,-1,-1,-1,1.0,1.0,-1.0,0.0,-0.3333333333333333,0.12150000000000001,-1,-1,-1,0.356862745098039,0.694117647058824,0.803921568627451
98.74516439437866,0.0,0.33440565061606503,0.03,1,1,1,0.0,0.3333333333333333,0.10935000000000002,-1,-1,-1,1.0,1.0,-1.0,0.0,-0.3333333333333333,0.12150000000000001,-1,-1,-1,0.356862745098039,0.694117647058824,0.803921568627451
98.77989387512207,0.0,0.33440565061606503,0.03,1,1,1,0.0,0.3333333333333333,0.10935000000000002,-1,-1,-1,1.0,1.0,-1.0,0.0,-0.3333333333333333,0.12150000000000001,-1,-1,-1,0.356862745098039,0.694117647058824,0.803921568627451
98.82147598266602,0.0,0.33440565061606503,0.03,1,1,1,0.0,0.3333333333333333,0.10935000000000002,-1,-1,-1,1.0,1.0,-1.0,0.0,-0.3333333333333333,0.12150000000000001,-1,-1,-1,0.356862745098039,0.694117647058824,0.803921568627451
98.85590624809265,0.0,0.33440565061606503,0.03,1,1,1,0.0,0.3333333333333333,0.10935000000000002,-1,-1,-1,1.0,1.0,-1.0,0.0,-0.3333333333333333,0.12150000000000001,-1,-1,-1,0.356862745098039,0.694117647058824,0.803921568627451
98.8909158706665,0.0,0.33440565061606503,0.03,1,1,1,0.0,0.3333333333333333,0.10935000000000002,-1,-1,-1,1.0,1.0,-1.0,0.0,-0.3333333333333333,0.12150000000000001,-1,-1,-1,0.356862745098039,0.694117647058824,0.803921568627451
98.92881178855896,0.0,0.33440565061606503,0.03,1,1,1,0.0,0.3333333333333333,0.10935000000000002,-1,-1,-1,1.0,1.0,-1.0,0.0,-0.3333333333333333,0.12150000000000001,-1,-1,-1,0.356862745098039,0.694117647058824,0.803921568627451
98.9621114730835,0.0,0.33440565061606503,0.03,1,1,1,0.0,0.3333333333333333,0.10935000000000002,-1,-1,-1,1.0,1.0,-1.0,0.0,-0.3333333333333333,0.12150000000000001,-1,-1,-1,0.356862745098039,0.694117647058824,0.803921568627451
98.99838280677795,0.0,0.33440565061606503,0.03,1,1,1,0.0,0.3333333333333333,0.10935000000000002,-1,-1,-1,1.0,1.0,-1.0,0.0,-0.3333333333333333,0.12150000000000001,-1,-1,-1,0.356862745098039,0.694117647058824,0.803921568627451
99.03622841835022,0.0,0.33440565061606503,0.03,1,1,1,0.0,0.3333333333333333,0.10935000000000002,-1,-1,-1,1.0,1.0,-1.0,0.0,-0.3333333333333333,0.12150000000000001,-1,-1,-1,0.356862745098039,0.694117647058824,0.803921568627451
99.07097363471985,0.0,0.33440565061606503,0.03,1,1,1,0.0,0.3333333333333333,0.10935000000000002,-1,-1,-1,1.0,1.0,-1.0,0.0,-0.3333333333333333,0.12150000000000001,-1,-1,-1,0.356862745098039,0.694117647058824,0.803921568627451
99.10766196250916,0.0,0.0023003004282764602,0.03,1,1,1,0.0,0.3333333333333333,0.09841500000000002,1,1,1,1.0,1.0,-1.0,0.0,-0.3333333333333333,0.12150000000000001,-1,-1,-1,0.356862745098039,0.694117647058824,0.803921568627451
99.14118504524231,0.0,0.008051051498967612,0.03,1,1,1,0.0,0.3333333333333333,0.09841500000000002,1,1,1,1.0,1.0,-1.0,0.0,-0.3333333333333333,0.12150000000000001,-1,-1,-1,0.356862745098039,0.694117647058824,0.803921568627451
99.1830575466156,0.0,0.013801802569658765,0.03,1,1,1,0.0,0.3333333333333333,0.09841500000000002,1,1,1,1.0,1.0,-1.0,0.0,-0.3333333333333333,0.12150000000000001,-1,-1,-1,0.356862745098039,0.694117647058824,0.803921568627451
99.21705222129822,0.0,0.019552553640349916,0.03,1,1,1,0.0,0.3333333333333333,0.09841500000000002,1,1,1,1.0,1.0,-1.0,0.0,-0.3333333333333333,0.12150000000000001,-1,-1,-1,0.356862745098039,0.694117647058824,0.803921568627451
99.25180411338806,0.0,0.02530330471104107,0.03,1,1,1,0.0,0.3333333333333333,0.09841500000000002,1,1,1,1.0,1.0,-1.0,0.0,-0.3333333333333333,0.12150000000000001,-1,-1,-1,0.356862745098039,0.694117647058824,0.803921568627451
99.2863130569458,0.0,0.03105405578173222,0.03,1,1,1,0.0,0.3333333333333333,0.09841500000000002,1,1,1,1.0,1.0,-1.0,0.0,-0.3333333333333333,0.12150000000000001,-1,-1,-1,0.356862745098039,0.694117647058824,0.803921568627451
99.32109236717224,0.0,0.03680480685242337,0.03,1,1,1,0.0,0.3333333333333333,0.09841500000000002,1,1,1,1.0,1.0,-1.0,0.0,-0.3333333333333333,0.12150000000000001,-1,-1,-1,0.356862745098039,0.694117647058824,0.803921568627451
99.35554432868958,0.0,0.04255555792311452,0.03,1,1,1,0.0,0.3333333333333333,0.09841500000000002,1,1,1,1.0,1.0,-1.0,0.0,-0.3333333333333333,0.12150000000000001,-1,-1,-1,0.356862745098039,0.694117647058824,0.803921568627451
99.40236282348633,0.0,0.048306308993805676,0.03,1,1,1,0.0,0.3333333333333333,0.09841500000000002,1,1,1,1.0,1.0,-1.0,0.0,-0.3333333333333333,0.12150000000000001,-1,-1,-1,0.356862745098039,0.694117647058824,0.803921568627451
99.4395592212677,0.0,0.05405706006449683,0.03,1,1,1,0.0,0.3333333333333333,0.09841500000000002,1,1,1,1.0,1.0,-1.0,0.0,-0.3333333333333333,0.12150000000000001,-1,-1,-1,0.356862745098039,0.694117647058824,0.803921568627451
99.47475743293762,0.0,0.059807811135187974,0.03,1,1,1,0.0,0.3333333333333333,0.09841500000000002,1,1,1,1.0,1.0,-1.0,0.0,-0.3333333333333333,0.12150000000000001,-1,-1,-1,0.356862745098039,0.694117647058824,0.803921568627451
99.50824189186096,0.0,0.06555856220587912,0.03,1,1,1,0.0,0.3333333333333333,0.09841500000000002,1,1,1,1.0,1.0,-1.0,0.0,-0.3333333333333333,0.12150000000000001,-1,-1,-1,0.356862745098039,0.694117647058824,0.803921568627451
99.54313611984253,0.0,0.07130931327657024,0.03,1,1,1,0.0,0.3333333333333333,0.09841500000000002,1,1,1,1.0,1.0,-1.0,0.0,-0.3333333333333333,0.12150000000000001,-1,-1,-1,0.356862745098039,0.694117647058824,0.803921568627451
99.57769465446472,0.0,0.07706006434726136,0.03,1,1,1,0.0,0.3333333333333333,0.09841500000000002,1,1,1,1.0,1.0,-1.0,0.0,-0.3333333333333333,0.12150000000000001,-1,-1,-1,0.356862745098039,0.694117647058824,0.803921568627451
99.62020301818848,0.0,0.08281081541795247,0.03,1,1,1,0.0,0.3333333333333333,0.09841500000000002,1,1,1,1.0,1.0,-1.0,0.0,-0.3333333333333333,0.12150000000000001,-1,-1,-1,0.356862745098039,0.694117647058824,0.803921568627451
99.65462613105774,0.0,0.08856156648864359,0.03,1,1,1,0.0,0.3333333333333333,0.09841500000000002,1,1,1,1.0,1.0,-1.0,0.0,-0.3333333333333333,0.12150000000000001,-1,-1,-1,0.356862745098039,0.694117647058824,0.803921568627451
99.68994641304016,0.0,0.09431231755933471,0.03,1,1,1,0.0,0.3333333333333333,0.09841500000000002,1,1,1,1.0,1.0,-1.0,0.0,-0.3333333333333333,0.12150000000000001,-1,-1,-1,0.356862745098039,0.694117647058824,0.803921568627451
99.7245352268219,0.0,0.10006306863002583,0.03,1,1,1,0.0,0.3333333333333333,0.09841500000000002,1,1,1,1.0,1.0,-1.0,0.0,-0.3333333333333333,0.12150000000000001,-1,-1,-1,0.356862745098039,0.694117647058824,0.803921568627451
99.75895524024963,0.0,0.10581381970071695,0.03,1,1,1,0.0,0.3333333333333333,0.09841500000000002,1,1,1,1.0,1.0,-1.0,0.0,-0.3333333333333333,0.12150000000000001,-1,-1,-1,0.356862745098039,0.694117647058824,0.803921568627451
99.80389761924744,0.0,0.11156457077140806,0.03,1,1,1,0.0,0.3333333333333333,0.09841500000000002,1,1,1,1.0,1.0,-1.0,0.0,-0.3333333333333333,0.12150000000000001,-1,-1,-1,0.356862745098039,0.694117647058824,0.803921568627451
99.84327697753906,0.0,0.11731532184209918,0.03,1,1,1,0.0,0.3333333333333333,0.09841500000000002,1,1,1,1.0,1.0,-1.0,0.0,-0.3333333333333333,0.12150000000000001,-1,-1,-1,0.356862745098039,0.694117647058824,0.803921568627451
99.88451623916626,0.0,0.12306607291279029,0.03,1,1,1,0.0,0.3333333333333333,0.09841500000000002,1,1,1,1.0,1.0,-1.0,0.0,-0.3333333333333333,0.12150000000000001,-1,-1,-1,0.356862745098039,0.694117647058824,0.803921568627451
99.91898798942566,0.0,0.1288168239834814,0.03,1,1,1,0.0,0.3333333333333333,0.09841500000000002,1,1,1,1.0,1.0,-1.0,0.0,-0.3333333333333333,0.12150000000000001,-1,-1,-1,0.356862745098039,0.694117647058824,0.803921568627451
99.95363163948059,0.0,0.13456757505417252,0.03,1,1,1,0.0,0.3333333333333333,0.09841500000000002,1,1,1,1.0,1.0,-1.0,0.0,-0.3333333333333333,0.12150000000000001,-1,-1,-1,0.356862745098039,0.694117647058824,0.803921568627451
99.9955997467041,0.0,0.14031832612486364,0.03,1,1,1,0.0,0.3333333333333333,0.09841500000000002,1,1,1,1.0,1.0,-1.0,0.0,-0.3333333333333333,0.12150000000000001,-1,-1,-1,0.356862745098039,0.694117647058824,0.803921568627451
100.03970122337341,0.0,0.14606907719555476,0.03,1,1,1,0.0,0.3333333333333333,0.09841500000000002,1,1,1,1.0,1.0,-1.0,0.0,-0.3333333333333333,0.12150000000000001,-1,-1,-1,0.356862745098039,0.694117647058824,0.803921568627451
100.0782904624939,0.0,0.15181982826624588,0.03,1,1,1,0.0,0.3333333333333333,0.09841500000000002,1,1,1,1.0,1.0,-1.0,0.0,-0.3333333333333333,0.12150000000000001,-1,-1,-1,0.356862745098039,0.694117647058824,0.803921568627451
100.1130588054657,0.0,0.157570579336937,0.03,1,1,1,0.0,0.3333333333333333,0.09841500000000002,1,1,1,1.0,1.0,-1.0,0.0,-0.3333333333333333,0.12150000000000001,-1,-1,-1,0.356862745098039,0.694117647058824,0.803921568627451
100.14808392524719,0.0,0.1633213304076281,0.03,1,1,1,0.0,0.3333333333333333,0.09841500000000002,1,1,1,1.0,1.0,-1.0,0.0,-0.3333333333333333,0.12150000000000001,-1,-1,-1,0.356862745098039,0.694117647058824,0.803921568627451
100.1899037361145,0.0,0.16907208147831923,0.03,1,1,1,0.0,0.3333333333333333,0.09841500000000002,1,1,1,1.0,1.0,-1.0,0.0,-0.3333333333333333,0.12150000000000001,-1,-1,-1,0.356862745098039,0.694117647058824,0.803921568627451
100.23192977905273,0.0,0.17482283254901035,0.03,1,1,1,0.0,0.3333333333333333,0.09841500000000002,1,1,1,1.0,1.0,-1.0,0.0,-0.3333333333333333,0.12150000000000001,-1,-1,-1,0.356862745098039,0.694117647058824,0.803921568627451
100.27500939369202,0.0,0.18057358361970147,0.03,1,1,1,0.0,0.3333333333333333,0.09841500000000002,1,1,1,1.0,1.0,-1.0,0.0,-0.3333333333333333,0.12150000000000001,-1,-1,-1,0.356862745098039,0.694117647058824,0.803921568627451
100.30978417396545,0.0,0.18322061104023277,0.03,1,1,1,0.0,0.3333333333333333,0.09841500000000002,-1,-1,-1,1.0,1.0,-1.0,0.0,-0.3333333333333333,0.12150000000000001,-1,-1,-1,0.356862745098039,0.694117647058824,0.803921568627451
100.34255576133728,0.0,0.18121205298552434,0.03,1,1,1,0.0,0.3333333333333333,0.09841500000000002,-1,-1,-1,1.0,1.0,-1.0,0.0,-0.3333333333333333,0.12150000000000001,-1,-1,-1,0.356862745098039,0.694117647058824,0.803921568627451
100.37919521331787,0.0,0.17920349493081592,0.03,1,1,1,0.0,0.3333333333333333,0.09841500000000002,-1,-1,-1,1.0,1.0,-1.0,0.0,-0.3333333333333333,0.12150000000000001,-1,-1,-1,0.356862745098039,0.694117647058824,0.803921568627451
100.41362357139587,0.0,0.1771949368761075,0.03,1,1,1,0.0,0.3333333333333333,0.09841500000000002,-1,-1,-1,1.0,1.0,-1.0,0.0,-0.3333333333333333,0.12150000000000001,-1,-1,-1,0.356862745098039,0.694117647058824,0.803921568627451
100.46050024032593,0.0,0.17518637882139906,0.03,1,1,1,0.0,0.3333333333333333,0.09841500000000002,-1,-1,-1,1.0,1.0,-1.0,0.0,-0.3333333333333333,0.12150000000000001,-1,-1,-1,0.356862745098039,0.694117647058824,0.803921568627451
100.51602983474731,0.0,0.17317782076669064,0.03,1,1,1,0.0,0.3333333333333333,0.09841500000000002,-1,-1,-1,1.0,1.0,-1.0,0.0,-0.3333333333333333,0.12150000000000001,-1,-1,-1,0.356862745098039,0.694117647058824,0.803921568627451
100.55071520805359,0.0,0.1711692627119822,0.03,1,1,1,0.0,0.3333333333333333,0.09841500000000002,-1,-1,-1,1.0,1.0,-1.0,0.0,-0.3333333333333333,0.12150000000000001,-1,-1,-1,0.356862745098039,0.694117647058824,0.803921568627451
100.58545231819153,0.0,0.16916070465727379,0.03,1,1,1,0.0,0.3333333333333333,0.09841500000000002,-1,-1,-1,1.0,1.0,-1.0,0.0,-0.3333333333333333,0.12150000000000001,-1,-1,-1,0.356862745098039,0.694117647058824,0.803921568627451
100.62997698783875,0.0,0.16715214660256536,0.03,1,1,1,0.0,0.3333333333333333,0.09841500000000002,-1,-1,-1,1.0,1.0,-1.0,0.0,-0.3333333333333333,0.12150000000000001,-1,-1,-1,0.356862745098039,0.694117647058824,0.803921568627451
100.66889715194702,0.0,0.16514358854785693,0.03,1,1,1,0.0,0.3333333333333333,0.09841500000000002,-1,-1,-1,1.0,1.0,-1.0,0.0,-0.3333333333333333,0.12150000000000001,-1,-1,-1,0.356862745098039,0.694117647058824,0.803921568627451
100.70353484153748,0.0,0.1631350304931485,0.03,1,1,1,0.0,0.3333333333333333,0.09841500000000002,-1,-1,-1,1.0,1.0,-1.0,0.0,-0.3333333333333333,0.12150000000000001,-1,-1,-1,0.356862745098039,0.694117647058824,0.803921568627451
100.73762607574463,0.0,0.16112647243844008,0.03,1,1,1,0.0,0.3333333333333333,0.09841500000000002,-1,-1,-1,1.0,1.0,-1.0,0.0,-0.3333333333333333,0.12150000000000001,-1,-1,-1,0.356862745098039,0.694117647058824,0.803921568627451
100.77277541160583,0.0,0.15911791438373166,0.03,1,1,1,0.0,0.3333333333333333,0.09841500000000002,-1,-1,-1,1.0,1.0,-1.0,0.0,-0.3333333333333333,0.12150000000000001,-1,-1,-1,0.356862745098039,0.694117647058824,0.803921568627451
100.81462526321411,0.0,0.15710935632902323,0.03,1,1,1,0.0,0.3333333333333333,0.09841500000000002,-1,-1,-1,1.0,1.0,-1.0,0.0,-0.3333333333333333,0.12150000000000001,-1,-1,-1,0.356862745098039,0.694117647058824,0.803921568627451
100.84873580932617,0.0,0.1551007982743148,0.03,1,1,1,0.0,0.3333333333333333,0.09841500000000002,-1,-1,-1,1.0,1.0,-1.0,0.0,-0.3333333333333333,0.12150000000000001,-1,-1,-1,0.356862745098039,0.694117647058824,0.803921568627451
100.88348174095154,0.0,0.15309224021960638,0.03,1,1,1,0.0,0.3333333333333333,0.09841500000000002,-1,-1,-1,1.0,1.0,-1.0,0.0,-0.3333333333333333,0.12150000000000001,-1,-1,-1,0.356862745098039,0.694117647058824,0.803921568627451
100.91811108589172,0.0,0.15108368216489795,0.03,1,1,1,0.0,0.3333333333333333,0.09841500000000002,-1,-1,-1,1.0,1.0,-1.0,0.0,-0.3333333333333333,0.12150000000000001,-1,-1,-1,0.356862745098039,0.694117647058824,0.803921568627451
100.95300054550171,0.0,0.14907512411018953,0.03,1,1,1,0.0,0.3333333333333333,0.09841500000000002,-1,-1,-1,1.0,1.0,-1.0,0.0,-0.3333333333333333,0.12150000000000001,-1,-1,-1,0.356862745098039,0.694117647058824,0.803921568627451
100.98770093917847,0.0,0.1470665660554811,0.03,1,1,1,0.0,0.3333333333333333,0.09841500000000002,-1,-1,-1,1.0,1.0,-1.0,0.0,-0.3333333333333333,0.12150000000000001,-1,-1,-1,0.356862745098039,0.694117647058824,0.803921568627451
101.03200030326843,0.0,0.14505800800077268,0.03,1,1,1,0.0,0.3333333333333333,0.09841500000000002,-1,-1,-1,1.0,1.0,-1.0,0.0,-0.3333333333333333,0.12150000000000001,-1,-1,-1,0.356862745098039,0.694117647058824,0.803921568627451
101.0652642250061,0.0,0.14304944994606425,0.03,1,1,1,0.0,0.3333333333333333,0.09841500000000002,-1,-1,-1,1.0,1.0,-1.0,0.0,-0.3333333333333333,0.12150000000000001,-1,-1,-1,0.356862745098039,0.694117647058824,0.803921568627451
101.09921550750732,0.0,0.14104089189135582,0.03,1,1,1,0.0,0.3333333333333333,0.09841500000000002,-1,-1,-1,1.0,1.0,-1.0,0.0,-0.3333333333333333,0.12150000000000001,-1,-1,-1,0.356862745098039,0.694117647058824,0.803921568627451
101.13358354568481,0.0,0.1390323338366474,0.03,1,1,1,0.0,0.3333333333333333,0.09841500000000002,-1,-1,-1,1.0,1.0,-1.0,0.0,-0.3333333333333333,0.12150000000000001,-1,-1,-1,0.356862745098039,0.694117647058824,0.803921568627451
101.16754484176636,0.0,0.13702377578193897,0.03,1,1,1,0.0,0.3333333333333333,0.09841500000000002,-1,-1,-1,1.0,1.0,-1.0,0.0,-0.3333333333333333,0.12150000000000001,-1,-1,-1,0.356862745098039,0.694117647058824,0.803921568627451
101.20253467559814,0.0,0.13501521772723055,0.03,1,1,1,0.0,0.3333333333333333,0.09841500000000002,-1,-1,-1,1.0,1.0,-1.0,0.0,-0.3333333333333333,0.12150000000000001,-1,-1,-1,0.356862745098039,0.694117647058824,0.803921568627451
101.24396777153015,0.0,0.13300665967252212,0.03,1,1,1,0.0,0.3333333333333333,0.09841500000000002,-1,-1,-1,1.0,1.0,-1.0,0.0,-0.3333333333333333,0.12150000000000001,-1,-1,-1,0.356862745098039,0.694117647058824,0.803921568627451
101.27941560745239,0.0,0.1309981016178137,0.03,1,1,1,0.0,0.3333333333333333,0.09841500000000002,-1,-1,-1,1.0,1.0,-1.0,0.0,-0.3333333333333333,0.12150000000000001,-1,-1,-1,0.356862745098039,0.694117647058824,0.803921568627451
101.31406092643738,0.0,0.12898954356310527,0.03,1,1,1,0.0,0.3333333333333333,0.09841500000000002,-1,-1,-1,1.0,1.0,-1.0,0.0,-0.3333333333333333,0.12150000000000001,-1,-1,-1,0.356862745098039,0.694117647058824,0.803921568627451
101.34852433204651,0.0,0.12698098550839684,0.03,1,1,1,0.0,0.3333333333333333,0.09841500000000002,-1,-1,-1,1.0,1.0,-1.0,0.0,-0.3333333333333333,0.12150000000000001,-1,-1,-1,0.356862745098039,0.694117647058824,0.803921568627451
101.38344955444336,0.0,0.1249724274536884,0.03,1,1,1,0.0,0.3333333333333333,0.09841500000000002,-1,-1,-1,1.0,1.0,-1.0,0.0,-0.3333333333333333,0.12150000000000001,-1,-1,-1,0.356862745098039,0.694117647058824,0.803921568627451
101.4252724647522,0.0,0.12296386939897991,0.03,1,1,1,0.0,0.3333333333333333,0.09841500000000002,-1,-1,-1,1.0,1.0,-1.0,0.0,-0.3333333333333333,0.12150000000000001,-1,-1,-1,0.356862745098039,0.694117647058824,0.803921568627451
101.46009826660156,0.0,0.12095531134427141,0.03,1,1,1,0.0,0.3333333333333333,0.09841500000000002,-1,-1,-1,1.0,1.0,-1.0,0.0,-0.3333333333333333,0.12150000000000001,-1,-1,-1,0.356862745098039,0.694117647058824,0.803921568627451
101.49403238296509,0.0,0.11894675328956292,0.03,1,1,1,0.0,0.3333333333333333,0.09841500000000002,-1,-1,-1,1.0,1.0,-1.0,0.0,-0.3333333333333333,0.12150000000000001,-1,-1,-1,0.356862745098039,0.694117647058824,0.803921568627451
101.53341722488403,0.0,0.11829936131692952,0.03,1,1,1,0.0,0.3333333333333333,0.09841500000000002,-1,-1,-1,1.0,1.0,-1.0,0.0,-0.3333333333333333,0.12150000000000001,-1,-1,-1,0.356862745098039,0.694117647058824,0.803921568627451
101.5671660900116,0.0,0.11799226086481489,0.03,1,1,1,0.0,0.3333333333333333,0.09841500000000002,-1,-1,-1,1.0,1.0,-1.0,0.0,-0.3333333333333333,0.12150000000000001,-1,-1,-1,0.356862745098039,0.694117647058824,0.803921568627451
101.60253667831421,0.0,0.11768516041270026,0.03,1,1,1,0.0,0.3333333333333333,0.09841500000000002,-1,-1,-1,1.0,1.0,-1.0,0.0,-0.3333333333333333,0.12150000000000001,-1,-1,-1,0.356862745098039,0.694117647058824,0.803921568627451
101.64077305793762,0.0,0.11737805996058563,0.03,1,1,1,0.0,0.3333333333333333,0.09841500000000002,-1,-1,-1,1.0,1.0,-1.0,0.0,-0.3333333333333333,0.12150000000000001,-1,-1,-1,0.356862745098039,0.694117647058824,0.803921568627451
101.68235969543457,0.0,0.117070959508471,0.03,1,1,1,0.0,0.3333333333333333,0.09841500000000002,-1,-1,-1,1.0,1.0,-1.0,0.0,-0.3333333333333333,0.12150000000000001,-1,-1,-1,0.356862745098039,0.694117647058824,0.803921568627451
101.71724772453308,0.0,0.11676385905635638,0.03,1,1,1,0.0,0.3333333333333333,0.09841500000000002,-1,-1,-1,1.0,1.0,-1.0,0.0,-0.3333333333333333,0.12150000000000001,-1,-1,-1,0.356862745098039,0.694117647058824,0.803921568627451
101.7525703907013,0.0,0.11645675860424175,0.03,1,1,1,0.0,0.3333333333333333,0.09841500000000002,-1,-1,-1,1.0,1.0,-1.0,0.0,-0.3333333333333333,0.12150000000000001,-1,-1,-1,0.356862745098039,0.694117647058824,0.803921568627451
101.7865674495697,0.0,0.11614965815212712,0.03,1,1,1,0.0,0.3333333333333333,0.09841500000000002,-1,-1,-1,1.0,1.0,-1.0,0.0,-0.3333333333333333,0.12150000000000001,-1,-1,-1,0.356862745098039,0.694117647058824,0.803921568627451
101.82832479476929,0.0,0.11584255770001249,0.03,1,1,1,0.0,0.3333333333333333,0.09841500000000002,-1,-1,-1,1.0,1.0,-1.0,0.0,-0.3333333333333333,0.12150000000000001,-1,-1,-1,0.356862745098039,0.694117647058824,0.803921568627451
101.86307287216187,0.0,0.11553545724789786,0.03,1,1,1,0.0,0.3333333333333333,0.09841500000000002,-1,-1,-1,1.0,1.0,-1.0,0.0,-0.3333333333333333,0.12150000000000001,-1,-1,-1,0.356862745098039,0.694117647058824,0.803921568627451
101.89758729934692,0.0,0.11522835679578323,0.03,1,1,1,0.0,0.3333333333333333,0.09841500000000002,-1,-1,-1,1.0,1.0,-1.0,0.0,-0.3333333333333333,0.12150000000000001,-1,-1,-1,0.356862745098039,0.694117647058824,0.803921568627451
101.9373140335083,0.0,0.1149212563436686,0.03,1,1,1,0.0,0.3333333333333333,0.09841500000000002,-1,-1,-1,1.0,1.0,-1.0,0.0,-0.3333333333333333,0.12150000000000001,-1,-1,-1,0.356862745098039,0.694117647058824,0.803921568627451
101.9707899093628,0.0,0.11461415589155398,0.03,1,1,1,0.0,0.3333333333333333,0.09841500000000002,-1,-1,-1,1.0,1.0,-1.0,0.0,-0.3333333333333333,0.12150000000000001,-1,-1,-1,0.356862745098039,0.694117647058824,0.803921568627451
102.00565218925476,0.0,0.11430705543943935,0.03,1,1,1,0.0,0.3333333333333333,0.09841500000000002,-1,-1,-1,1.0,1.0,-1.0,0.0,-0.3333333333333333,0.12150000000000001,-1,-1,-1,0.356862745098039,0.694117647058824,0.803921568627451
102.04316878318787,0.0,0.11399995498732472,0.03,1,1,1,0.0,0.3333333333333333,0.09841500000000002,-1,-1,-1,1.0,1.0,-1.0,0.0,-0.3333333333333333,0.12150000000000001,-1,-1,-1,0.356862745098039,0.694117647058824,0.803921568627451
102.08489203453064,0.0,0.1136928545352101,0.03,1,1,1,0.0,0.3333333333333333,0.09841500000000002,-1,-1,-1,1.0,1.0,-1.0,0.0,-0.3333333333333333,0.12150000000000001,-1,-1,-1,0.356862745098039,0.694117647058824,0.803921568627451
102.11974763870239,0.0,0.11338575408309547,0.03,1,1,1,0.0,0.3333333333333333,0.09841500000000002,-1,-1,-1,1.0,1.0,-1.0,0.0,-0.3333333333333333,0.12150000000000001,-1,-1,-1,0.356862745098039,0.694117647058824,0.803921568627451
102.15421319007874,0.0,0.11307865363098084,0.03,1,1,1,0.0,0.3333333333333333,0.09841500000000002,-1,-1,-1,1.0,1.0,-1.0,0.0,-0.3333333333333333,0.12150000000000001,-1,-1,-1,0.356862745098039,0.694117647058824,0.803921568627451
102.19625353813171,0.0,0.11277155317886621,0.03,1,1,1,0.0,0.3333333333333333,0.09841500000000002,-1,-1,-1,1.0,1.0,-1.0,0.0,-0.3333333333333333,0.12150000000000001,-1,-1,-1,0.356862745098039,0.694117647058824,0.803921568627451
102.23997449874878,0.0,0.11246445272675158,0.03,1,1,1,0.0,0.3333333333333333,0.09841500000000002,-1,-1,-1,1.0,1.0,-1.0,0.0,-0.3333333333333333,0.12150000000000001,-1,-1,-1,0.356862745098039,0.694117647058824,0.803921568627451
102.27341413497925,0.0,0.11215735227463695,0.03,1,1,1,0.0,0.3333333333333333,0.09841500000000002,-1,-1,-1,1.0,1.0,-1.0,0.0,-0.3333333333333333,0.12150000000000001,-1,-1,-1,0.356862745098039,0.694117647058824,0.803921568627451
102.30853414535522,0.0,0.11185025182252233,0.03,1,1,1,0.0,0.3333333333333333,0.09841500000000002,-1,-1,-1,1.0,1.0,-1.0,0.0,-0.3333333333333333,0.12150000000000001,-1,-1,-1,0.356862745098039,0.694117647058824,0.803921568627451
102.34279203414917,0.0,0.1115431513704077,0.03,1,1,1,0.0,0.3333333333333333,0.09841500000000002,-1,-1,-1,1.0,1.0,-1.0,0.0,-0.3333333333333333,0.12150000000000001,-1,-1,-1,0.356862745098039,0.694117647058824,0.803921568627451
102.37745308876038,0.0,0.11123605091829307,0.03,1,1,1,0.0,0.3333333333333333,0.09841500000000002,-1,-1,-1,1.0,1.0,-1.0,0.0,-0.3333333333333333,0.12150000000000001,-1,-1,-1,0.356862745098039,0.694117647058824,0.803921568627451
102.42602109909058,0.0,0.11092895046617844,0.03,1,1,1,0.0,0.3333333333333333,0.09841500000000002,-1,-1,-1,1.0,1.0,-1.0,0.0,-0.3333333333333333,0.12150000000000001,-1,-1,-1,0.356862745098039,0.694117647058824,0.803921568627451
102.46098637580872,0.0,0.11062185001406381,0.03,1,1,1,0.0,0.3333333333333333,0.09841500000000002,-1,-1,-1,1.0,1.0,-1.0,0.0,-0.3333333333333333,0.12150000000000001,-1,-1,-1,0.356862745098039,0.694117647058824,0.803921568627451
102.4949996471405,0.0,0.11031474956194919,0.03,1,1,1,0.0,0.3333333333333333,0.09841500000000002,-1,-1,-1,1.0,1.0,-1.0,0.0,-0.3333333333333333,0.12150000000000001,-1,-1,-1,0.356862745098039,0.694117647058824,0.803921568627451
102.52986001968384,0.0,0.11000764910983456,0.03,1,1,1,0.0,0.3333333333333333,0.09841500000000002,-1,-1,-1,1.0,1.0,-1.0,0.0,-0.3333333333333333,0.12150000000000001,-1,-1,-1,0.356862745098039,0.694117647058824,0.803921568627451
102.56416034698486,0.0,0.10970054865771993,0.03,1,1,1,0.0,0.3333333333333333,0.09841500000000002,-1,-1,-1,1.0,1.0,-1.0,0.0,-0.3333333333333333,0.12150000000000001,-1,-1,-1,0.356862745098039,0.694117647058824,0.803921568627451
102.60870814323425,0.0,0.1093934482056053,0.03,1,1,1,0.0,0.3333333333333333,0.09841500000000002,-1,-1,-1,1.0,1.0,-1.0,0.0,-0.3333333333333333,0.12150000000000001,-1,-1,-1,0.356862745098039,0.694117647058824,0.803921568627451
102.64771032333374,0.0,0.10908634775349067,0.03,1,1,1,0.0,0.3333333333333333,0.09841500000000002,-1,-1,-1,1.0,1.0,-1.0,0.0,-0.3333333333333333,0.12150000000000001,-1,-1,-1,0.356862745098039,0.694117647058824,0.803921568627451
102.68274164199829,0.0,0.10877924730137604,0.03,1,1,1,0.0,0.3333333333333333,0.09841500000000002,-1,-1,-1,1.0,1.0,-1.0,0.0,-0.3333333333333333,0.12150000000000001,-1,-1,-1,0.356862745098039,0.694117647058824,0.803921568627451
102.71748566627502,0.0,0.10746724830455427,0.03,1,1,1,0.0,0.3333333333333333,0.09841500000000002,-1,-1,-1,1.0,1.0,-1.0,0.0,-0.3333333333333333,0.12150000000000001,-1,-1,-1,0.356862745098039,0.694117647058824,0.803921568627451
102.7519919872284,0.0,0.10464790149067178,0.03,1,1,1,0.0,0.3333333333333333,0.09841500000000002,-1,-1,-1,1.0,1.0,-1.0,0.0,-0.3333333333333333,0.12150000000000001,-1,-1,-1,0.356862745098039,0.694117647058824,0.803921568627451
102.79398250579834,0.0,0.10182855467678929,0.03,1,1,1,0.0,0.3333333333333333,0.09841500000000002,-1,-1,-1,1.0,1.0,-1.0,0.0,-0.3333333333333333,0.12150000000000001,-1,-1,-1,0.356862745098039,0.694117647058824,0.803921568627451
102.83555173873901,0.0,0.0990092078629068,0.03,1,1,1,0.0,0.3333333333333333,0.09841500000000002,-1,-1,-1,1.0,1.0,-1.0,0.0,-0.3333333333333333,0.12150000000000001,-1,-1,-1,0.356862745098039,0.694117647058824,0.803921568627451
102.87857246398926,0.0,0.09618986104902431,0.03,1,1,1,0.0,0.3333333333333333,0.09841500000000002,-1,-1,-1,1.0,1.0,-1.0,0.0,-0.3333333333333333,0.12150000000000001,-1,-1,-1,0.356862745098039,0.694117647058824,0.803921568627451
102.91170310974121,0.0,0.09337051423514182,0.03,1,1,1,0.0,0.3333333333333333,0.09841500000000002,-1,-1,-1,1.0,1.0,-1.0,0.0,-0.3333333333333333,0.12150000000000001,-1,-1,-1,0.356862745098039,0.694117647058824,0.803921568627451
102.94700169563293,0.0,0.09055116742125933,0.03,1,1,1,0.0,0.3333333333333333,0.09841500000000002,-1,-1,-1,1.0,1.0,-1.0,0.0,-0.3333333333333333,0.12150000000000001,-1,-1,-1,0.356862745098039,0.694117647058824,0.803921568627451
102.98175144195557,0.0,0.08773182060737685,0.03,1,1,1,0.0,0.3333333333333333,0.09841500000000002,-1,-1,-1,1.0,1.0,-1.0,0.0,-0.3333333333333333,0.12150000000000001,-1,-1,-1,0.356862745098039,0.694117647058824,0.803921568627451
103.03006267547607,0.0,0.08491247379349436,0.03,1,1,1,0.0,0.3333333333333333,0.09841500000000002,-1,-1,-1,1.0,1.0,-1.0,0.0,-0.3333333333333333,0.12150000000000001,-1,-1,-1,0.356862745098039,0.694117647058824,0.803921568627451
103.06482791900635,0.0,0.08209312697961187,0.03,1,1,1,0.0,0.3333333333333333,0.09841500000000002,-1,-1,-1,1.0,1.0,-1.0,0.0,-0.3333333333333333,0.12150000000000001,-1,-1,-1,0.356862745098039,0.694117647058824,0.803921568627451
103.09953427314758,0.0,0.07927378016572938,0.03,1,1,1,0.0,0.3333333333333333,0.09841500000000002,-1,-1,-1,1.0,1.0,-1.0,0.0,-0.3333333333333333,0.12150000000000001,-1,-1,-1,0.356862745098039,0.694117647058824,0.803921568627451
103.13418436050415,0.0,0.07645443335184689,0.03,1,1,1,0.0,0.3333333333333333,0.09841500000000002,-1,-1,-1,1.0,1.0,-1.0,0.0,-0.3333333333333333,0.12150000000000001,-1,-1,-1,0.356862745098039,0.694117647058824,0.803921568627451
103.16887211799622,0.0,0.0736350865379644,0.03,1,1,1,0.0,0.3333333333333333,0.09841500000000002,-1,-1,-1,1.0,1.0,-1.0,0.0,-0.3333333333333333,0.12150000000000001,-1,-1,-1,0.356862745098039,0.694117647058824,0.803921568627451
103.21455216407776,0.0,0.07081573972408191,0.03,1,1,1,0.0,0.3333333333333333,0.09841500000000002,-1,-1,-1,1.0,1.0,-1.0,0.0,-0.3333333333333333,0.12150000000000001,-1,-1,-1,0.356862745098039,0.694117647058824,0.803921568627451
103.2519588470459,0.0,0.06799639291019942,0.03,1,1,1,0.0,0.3333333333333333,0.09841500000000002,-1,-1,-1,1.0,1.0,-1.0,0.0,-0.3333333333333333,0.12150000000000001,-1,-1,-1,0.356862745098039,0.694117647058824,0.803921568627451
103.28639078140259,0.0,0.06517704609631693,0.03,1,1,1,0.0,0.3333333333333333,0.09841500000000002,-1,-1,-1,1.0,1.0,-1.0,0.0,-0.3333333333333333,0.12150000000000001,-1,-1,-1,0.356862745098039,0.694117647058824,0.803921568627451
103.32045125961304,0.0,0.062357699282434446,0.03,1,1,1,0.0,0.3333333333333333,0.09841500000000002,-1,-1,-1,1.0,1.0,-1.0,0.0,-0.3333333333333333,0.12150000000000001,-1,-1,-1,0.356862745098039,0.694117647058824,0.803921568627451
103.35606241226196,0.0,0.059538352468551964,0.03,1,1,1,0.0,0.3333333333333333,0.09841500000000002,-1,-1,-1,1.0,1.0,-1.0,0.0,-0.3333333333333333,0.12150000000000001,-1,-1,-1,0.356862745098039,0.694117647058824,0.803921568627451
103.39723706245422,0.0,0.056719005654669474,0.03,1,1,1,0.0,0.3333333333333333,0.09841500000000002,-1,-1,-1,1.0,1.0,-1.0,0.0,-0.3333333333333333,0.12150000000000001,-1,-1,-1,0.356862745098039,0.694117647058824,0.803921568627451
103.43270134925842,0.0,0.053899658840786985,0.03,1,1,1,0.0,0.3333333333333333,0.09841500000000002,-1,-1,-1,1.0,1.0,-1.0,0.0,-0.3333333333333333,0.12150000000000001,-1,-1,-1,0.356862745098039,0.694117647058824,0.803921568627451
103.46763372421265,0.0,0.051080312026904495,0.03,1,1,1,0.0,0.3333333333333333,0.09841500000000002,-1,-1,-1,1.0,1.0,-1.0,0.0,-0.3333333333333333,0.12150000000000001,-1,-1,-1,0.356862745098039,0.694117647058824,0.803921568627451
103.5020182132721,0.0,0.048260965213022006,0.03,1,1,1,0.0,0.3333333333333333,0.09841500000000002,-1,-1,-1,1.0,1.0,-1.0,0.0,-0.3333333333333333,0.12150000000000001,-1,-1,-1,0.356862745098039,0.694117647058824,0.803921568627451
103.53722763061523,0.0,0.045441618399139516,0.03,1,1,1,0.0,0.3333333333333333,0.09841500000000002,-1,-1,-1,1.0,1.0,-1.0,0.0,-0.3333333333333333,0.12150000000000001,-1,-1,-1,0.356862745098039,0.694117647058824,0.803921568627451
103.57186222076416,0.0,0.04262227158525703,0.03,1,1,1,0.0,0.3333333333333333,0.09841500000000002,-1,-1,-1,1.0,1.0,-1.0,0.0,-0.3333333333333333,0.12150000000000001,-1,-1,-1,0.356862745098039,0.694117647058824,0.803921568627451
103.61714816093445,0.0,0.03980292477137454,0.03,1,1,1,0.0,0.3333333333333333,0.09841500000000002,-1,-1,-1,1.0,1.0,-1.0,0.0,-0.3333333333333333,0.12150000000000001,-1,-1,-1,0.356862745098039,0.694117647058824,0.803921568627451
103.65548086166382,0.0,0.03698357795749205,0.03,1,1,1,0.0,0.3333333333333333,0.09841500000000002,-1,-1,-1,1.0,1.0,-1.0,0.0,-0.3333333333333333,0.12150000000000001,-1,-1,-1,0.356862745098039,0.694117647058824,0.803921568627451
103.69718933105469,0.0,0.03416423114360956,0.03,1,1,1,0.0,0.3333333333333333,0.09841500000000002,-1,-1,-1,1.0,1.0,-1.0,0.0,-0.3333333333333333,0.12150000000000001,-1,-1,-1,0.356862745098039,0.694117647058824,0.803921568627451
103.73122143745422,0.0,0.03134488432972707,0.03,1,1,1,0.0,0.3333333333333333,0.09841500000000002,-1,-1,-1,1.0,1.0,-1.0,0.0,-0.3333333333333333,0.12150000000000001,-1,-1,-1,0.356862745098039,0.694117647058824,0.803921568627451
103.766273021698,0.0,0.02852553751584458,0.03,1,1,1,0.0,0.3333333333333333,0.09841500000000002,-1,-1,-1,1.0,1.0,-1.0,0.0,-0.3333333333333333,0.12150000000000001,-1,-1,-1,0.356862745098039,0.694117647058824,0.803921568627451
103.80100655555725,0.0,0.02570619070196209,0.03,1,1,1,0.0,0.3333333333333333,0.09841500000000002,-1,-1,-1,1.0,1.0,-1.0,0.0,-0.3333333333333333,0.12150000000000001,-1,-1,-1,0.356862745098039,0.694117647058824,0.803921568627451
103.83509588241577,0.0,0.0228868438880796,0.03,1,1,1,0.0,0.3333333333333333,0.09841500000000002,-1,-1,-1,1.0,1.0,-1.0,0.0,-0.3333333333333333,0.12150000000000001,-1,-1,-1,0.356862745098039,0.694117647058824,0.803921568627451
103.8696563243866,0.0,0.02006749707419711,0.03,1,1,1,0.0,0.3333333333333333,0.09841500000000002,-1,-1,-1,1.0,1.0,-1.0,0.0,-0.3333333333333333,0.12150000000000001,-1,-1,-1,0.356862745098039,0.694117647058824,0.803921568627451
103.9116370677948,0.0,0.018025412967515517,0.03,1,1,1,0.0,0.3333333333333333,0.09841500000000002,-1,-1,-1,1.0,1.0,-1.0,0.0,-0.3333333333333333,0.12150000000000001,-1,-1,-1,0.356862745098039,0.694117647058824,0.803921568627451
103.95465278625488,0.0,0.019092379689637506,0.03,1,1,1,0.0,0.3333333333333333,0.09841500000000002,-1,-1,-1,1.0,1.0,-1.0,0.0,-0.3333333333333333,0.12150000000000001,-1,-1,-1,0.356862745098039,0.694117647058824,0.803921568627451
103.98737454414368,0.0,0.020159346411759496,0.03,1,1,1,0.0,0.3333333333333333,0.09841500000000002,-1,-1,-1,1.0,1.0,-1.0,0.0,-0.3333333333333333,0.12150000000000001,-1,-1,-1,0.356862745098039,0.694117647058824,0.803921568627451
104.02212429046631,0.0,0.021226313133881486,0.03,1,1,1,0.0,0.3333333333333333,0.09841500000000002,-1,-1,-1,1.0,1.0,-1.0,0.0,-0.3333333333333333,0.12150000000000001,-1,-1,-1,0.356862745098039,0.694117647058824,0.803921568627451
104.05712032318115,0.0,0.022293279856003476,0.03,1,1,1,0.0,0.3333333333333333,0.09841500000000002,-1,-1,-1,1.0,1.0,-1.0,0.0,-0.3333333333333333,0.12150000000000001,-1,-1,-1,0.356862745098039,0.694117647058824,0.803921568627451
104.09210419654846,0.0,0.023360246578125465,0.03,1,1,1,0.0,0.3333333333333333,0.09841500000000002,-1,-1,-1,1.0,1.0,-1.0,0.0,-0.3333333333333333,0.12150000000000001,-1,-1,-1,0.356862745098039,0.694117647058824,0.803921568627451
104.13351011276245,0.0,0.024427213300247455,0.03,1,1,1,0.0,0.3333333333333333,0.09841500000000002,-1,-1,-1,1.0,1.0,-1.0,0.0,-0.3333333333333333,0.12150000000000001,-1,-1,-1,0.356862745098039,0.694117647058824,0.803921568627451
104.16828513145447,0.0,0.025494180022369445,0.03,1,1,1,0.0,0.3333333333333333,0.09841500000000002,-1,-1,-1,1.0,1.0,-1.0,0.0,-0.3333333333333333,0.12150000000000001,-1,-1,-1,0.356862745098039,0.694117647058824,0.803921568627451
104.20334243774414,0.0,0.026561146744491435,0.03,1,1,1,0.0,0.3333333333333333,0.09841500000000002,-1,-1,-1,1.0,1.0,-1.0,0.0,-0.3333333333333333,0.12150000000000001,-1,-1,-1,0.356862745098039,0.694117647058824,0.803921568627451
104.23787808418274,0.0,0.027628113466613424,0.03,1,1,1,0.0,0.3333333333333333,0.09841500000000002,-1,-1,-1,1.0,1.0,-1.0,0.0,-0.3333333333333333,0.12150000000000001,-1,-1,-1,0.356862745098039,0.694117647058824,0.803921568627451
104.27918601036072,0.0,0.028695080188735414,0.03,1,1,1,0.0,0.3333333333333333,0.09841500000000002,-1,-1,-1,1.0,1.0,-1.0,0.0,-0.3333333333333333,0.12150000000000001,-1,-1,-1,0.356862745098039,0.694117647058824,0.803921568627451
104.31456208229065,0.0,0.029762046910857404,0.03,1,1,1,0.0,0.3333333333333333,0.09841500000000002,-1,-1,-1,1.0,1.0,-1.0,0.0,-0.3333333333333333,0.12150000000000001,-1,-1,-1,0.356862745098039,0.694117647058824,0.803921568627451
104.34903049468994,0.0,0.030829013632979397,0.03,1,1,1,0.0,0.3333333333333333,0.09841500000000002,-1,-1,-1,1.0,1.0,-1.0,0.0,-0.3333333333333333,0.12150000000000001,-1,-1,-1,0.356862745098039,0.694117647058824,0.803921568627451
104.38776350021362,0.0,0.03189598035510138,0.03,1,1,1,0.0,0.3333333333333333,0.09841500000000002,-1,-1,-1,1.0,1.0,-1.0,0.0,-0.3333333333333333,0.12150000000000001,-1,-1,-1,0.356862745098039,0.694117647058824,0.803921568627451
104.42255449295044,0.0,0.03296294707722337,0.03,1,1,1,0.0,0.3333333333333333,0.09841500000000002,-1,-1,-1,1.0,1.0,-1.0,0.0,-0.3333333333333333,0.12150000000000001,-1,-1,-1,0.356862745098039,0.694117647058824,0.803921568627451
104.460214138031,0.0,0.03402991379934536,0.03,1,1,1,0.0,0.3333333333333333,0.09841500000000002,-1,-1,-1,1.0,1.0,-1.0,0.0,-0.3333333333333333,0.12150000000000001,-1,-1,-1,0.356862745098039,0.694117647058824,0.803921568627451
104.50178980827332,0.0,0.03509688052146735,0.03,1,1,1,0.0,0.3333333333333333,0.09841500000000002,-1,-1,-1,1.0,1.0,-1.0,0.0,-0.3333333333333333,0.12150000000000001,-1,-1,-1,0.356862745098039,0.694117647058824,0.803921568627451
104.53687882423401,0.0,0.03616384724358934,0.03,1,1,1,0.0,0.3333333333333333,0.09841500000000002,-1,-1,-1,1.0,1.0,-1.0,0.0,-0.3333333333333333,0.12150000000000001,-1,-1,-1,0.356862745098039,0.694117647058824,0.803921568627451
104.57108354568481,0.0,0.03723081396571133,0.03,1,1,1,0.0,0.3333333333333333,0.09841500000000002,-1,-1,-1,1.0,1.0,-1.0,0.0,-0.3333333333333333,0.12150000000000001,-1,-1,-1,0.356862745098039,0.694117647058824,0.803921568627451
104.60635828971863,0.0,0.03829778068783332,0.03,1,1,1,0.0,0.3333333333333333,0.09841500000000002,-1,-1,-1,1.0,1.0,-1.0,0.0,-0.3333333333333333,0.12150000000000001,-1,-1,-1,0.356862745098039,0.694117647058824,0.803921568627451
104.64744901657104,0.0,0.03936474740995531,0.03,1,1,1,0.0,0.3333333333333333,0.09841500000000002,-1,-1,-1,1.0,1.0,-1.0,0.0,-0.3333333333333333,0.12150000000000001,-1,-1,-1,0.356862745098039,0.694117647058824,0.803921568627451
104.68237614631653,0.0,0.0404317141320773,0.03,1,1,1,0.0,0.3333333333333333,0.09841500000000002,-1,-1,-1,1.0,1.0,-1.0,0.0,-0.3333333333333333,0.12150000000000001,-1,-1,-1,0.356862745098039,0.694117647058824,0.803921568627451
104.71658158302307,0.0,0.04149868085419929,0.03,1,1,1,0.0,0.3333333333333333,0.09841500000000002,-1,-1,-1,1.0,1.0,-1.0,0.0,-0.3333333333333333,0.12150000000000001,-1,-1,-1,0.356862745098039,0.694117647058824,0.803921568627451
104.75561738014221,0.0,0.04256564757632128,0.03,1,1,1,0.0,0.3333333333333333,0.09841500000000002,-1,-1,-1,1.0,1.0,-1.0,0.0,-0.3333333333333333,0.12150000000000001,-1,-1,-1,0.356862745098039,0.694117647058824,0.803921568627451
104.79068446159363,0.0,0.04363261429844327,0.03,1,1,1,0.0,0.3333333333333333,0.09841500000000002,-1,-1,-1,1.0,1.0,-1.0,0.0,-0.3333333333333333,0.12150000000000001,-1,-1,-1,0.356862745098039,0.694117647058824,0.803921568627451
104.82817816734314,0.0,0.04469958102056526,0.03,1,1,1,0.0,0.3333333333333333,0.09841500000000002,-1,-1,-1,1.0,1.0,-1.0,0.0,-0.3333333333333333,0.12150000000000001,-1,-1,-1,0.356862745098039,0.694117647058824,0.803921568627451
104.86985874176025,0.0,0.04576654774268725,0.03,1,1,1,0.0,0.3333333333333333,0.09841500000000002,-1,-1,-1,1.0,1.0,-1.0,0.0,-0.3333333333333333,0.12150000000000001,-1,-1,-1,0.356862745098039,0.694117647058824,0.803921568627451
104.90461254119873,0.0,0.04683351446480924,0.03,1,1,1,0.0,0.3333333333333333,0.09841500000000002,-1,-1,-1,1.0,1.0,-1.0,0.0,-0.3333333333333333,0.12150000000000001,-1,-1,-1,0.356862745098039,0.694117647058824,0.803921568627451
104.93915033340454,0.0,0.04790048118693123,0.03,1,1,1,0.0,0.3333333333333333,0.09841500000000002,-1,-1,-1,1.0,1.0,-1.0,0.0,-0.3333333333333333,0.12150000000000001,-1,-1,-1,0.356862745098039,0.694117647058824,0.803921568627451
104.97410726547241,0.0,0.04896744790905322,0.03,1,1,1,0.0,0.3333333333333333,0.09841500000000002,-1,-1,-1,1.0,1.0,-1.0,0.0,-0.3333333333333333,0.12150000000000001,-1,-1,-1,0.356862745098039,0.694117647058824,0.803921568627451
105.00843954086304,0.0,0.05003441463117521,0.03,1,1,1,0.0,0.3333333333333333,0.09841500000000002,-1,-1,-1,1.0,1.0,-1.0,0.0,-0.3333333333333333,0.12150000000000001,-1,-1,-1,0.356862745098039,0.694117647058824,0.803921568627451
105.05052757263184,0.0,0.0511013813532972,0.03,1,1,1,0.0,0.3333333333333333,0.09841500000000002,-1,-1,-1,1.0,1.0,-1.0,0.0,-0.3333333333333333,0.12150000000000001,-1,-1,-1,0.356862745098039,0.694117647058824,0.803921568627451
105.08501529693604,0.0,0.05216834807541919,0.03,1,1,1,0.0,0.3333333333333333,0.09841500000000002,-1,-1,-1,1.0,1.0,-1.0,0.0,-0.3333333333333333,0.12150000000000001,-1,-1,-1,0.356862745098039,0.694117647058824,0.803921568627451
105.11999869346619,0.0,0.05256020578044196,0.03,1,1,1,0.0,0.3333333333333333,0.09841500000000002,-1,-1,-1,1.0,1.0,-1.0,0.0,-0.3333333333333333,0.12150000000000001,-1,-1,-1,0.356862745098039,0.694117647058824,0.803921568627451
105.15901184082031,0.0,0.051939399959815905,0.03,1,1,1,0.0,0.3333333333333333,0.09841500000000002,-1,-1,-1,1.0,1.0,-1.0,0.0,-0.3333333333333333,0.12150000000000001,-1,-1,-1,0.356862745098039,0.694117647058824,0.803921568627451
105.19382882118225,0.0,0.05131859413918985,0.03,1,1,1,0.0,0.3333333333333333,0.09841500000000002,-1,-1,-1,1.0,1.0,-1.0,0.0,-0.3333333333333333,0.12150000000000001,-1,-1,-1,0.356862745098039,0.694117647058824,0.803921568627451
105.22785997390747,0.0,0.050697788318563794,0.03,1,1,1,0.0,0.3333333333333333,0.09841500000000002,-1,-1,-1,1.0,1.0,-1.0,0.0,-0.3333333333333333,0.12150000000000001,-1,-1,-1,0.356862745098039,0.694117647058824,0.803921568627451
105.26534962654114,0.0,0.05007698249793774,0.03,1,1,1,0.0,0.3333333333333333,0.09841500000000002,-1,-1,-1,1.0,1.0,-1.0,0.0,-0.3333333333333333,0.12150000000000001,-1,-1,-1,0.356862745098039,0.694117647058824,0.803921568627451
105.30047655105591,0.0,0.04945617667731168,0.03,1,1,1,0.0,0.3333333333333333,0.09841500000000002,-1,-1,-1,1.0,1.0,-1.0,0.0,-0.3333333333333333,0.12150000000000001,-1,-1,-1,0.356862745098039,0.694117647058824,0.803921568627451
105.33515453338623,0.0,0.04883537085668563,0.03,1,1,1,0.0,0.3333333333333333,0.09841500000000002,-1,-1,-1,1.0,1.0,-1.0,0.0,-0.3333333333333333,0.12150000000000001,-1,-1,-1,0.356862745098039,0.694117647058824,0.803921568627451
105.37001252174377,0.0,0.04821456503605957,0.03,1,1,1,0.0,0.3333333333333333,0.09841500000000002,-1,-1,-1,1.0,1.0,-1.0,0.0,-0.3333333333333333,0.12150000000000001,-1,-1,-1,0.356862745098039,0.694117647058824,0.803921568627451
105.41244792938232,0.0,0.04759375921543352,0.03,1,1,1,0.0,0.3333333333333333,0.09841500000000002,-1,-1,-1,1.0,1.0,-1.0,0.0,-0.3333333333333333,0.12150000000000001,-1,-1,-1,0.356862745098039,0.694117647058824,0.803921568627451
105.45344376564026,0.0,0.04697295339480746,0.03,1,1,1,0.0,0.3333333333333333,0.09841500000000002,-1,-1,-1,1.0,1.0,-1.0,0.0,-0.3333333333333333,0.12150000000000001,-1,-1,-1,0.356862745098039,0.694117647058824,0.803921568627451
105.4875967502594,0.0,0.04635214757418141,0.03,1,1,1,0.0,0.3333333333333333,0.09841500000000002,-1,-1,-1,1.0,1.0,-1.0,0.0,-0.3333333333333333,0.12150000000000001,-1,-1,-1,0.356862745098039,0.694117647058824,0.803921568627451
105.52252864837646,0.0,0.04573134175355535,0.03,1,1,1,0.0,0.3333333333333333,0.09841500000000002,-1,-1,-1,1.0,1.0,-1.0,0.0,-0.3333333333333333,0.12150000000000001,-1,-1,-1,0.356862745098039,0.694117647058824,0.803921568627451
105.56201767921448,0.0,0.0451105359329293,0.03,1,1,1,0.0,0.3333333333333333,0.09841500000000002,-1,-1,-1,1.0,1.0,-1.0,0.0,-0.3333333333333333,0.12150000000000001,-1,-1,-1,0.356862745098039,0.694117647058824,0.803921568627451
105.59542036056519,0.0,0.04448973011230324,0.03,1,1,1,0.0,0.3333333333333333,0.09841500000000002,-1,-1,-1,1.0,1.0,-1.0,0.0,-0.3333333333333333,0.12150000000000001,-1,-1,-1,0.356862745098039,0.694117647058824,0.803921568627451
105.63098931312561,0.0,0.043868924291677186,0.03,1,1,1,0.0,0.3333333333333333,0.09841500000000002,-1,-1,-1,1.0,1.0,-1.0,0.0,-0.3333333333333333,0.12150000000000001,-1,-1,-1,0.356862745098039,0.694117647058824,0.803921568627451
105.66901516914368,0.0,0.04324811847105113,0.03,1,1,1,0.0,0.3333333333333333,0.09841500000000002,-1,-1,-1,1.0,1.0,-1.0,0.0,-0.3333333333333333,0.12150000000000001,-1,-1,-1,0.356862745098039,0.694117647058824,0.803921568627451
105.71058201789856,0.0,0.042627312650425075,0.03,1,1,1,0.0,0.3333333333333333,0.09841500000000002,-1,-1,-1,1.0,1.0,-1.0,0.0,-0.3333333333333333,0.12150000000000001,-1,-1,-1,0.356862745098039,0.694117647058824,0.803921568627451
105.74573588371277,0.0,0.04200650682979902,0.03,1,1,1,0.0,0.3333333333333333,0.09841500000000002,-1,-1,-1,1.0,1.0,-1.0,0.0,-0.3333333333333333,0.12150000000000001,-1,-1,-1,0.356862745098039,0.694117647058824,0.803921568627451
105.7804799079895,0.0,0.041385701009172965,0.03,1,1,1,0.0,0.3333333333333333,0.09841500000000002,-1,-1,-1,1.0,1.0,-1.0,0.0,-0.3333333333333333,0.12150000000000001,-1,-1,-1,0.356862745098039,0.694117647058824,0.803921568627451
105.81526374816895,0.0,0.04076489518854691,0.03,1,1,1,0.0,0.3333333333333333,0.09841500000000002,-1,-1,-1,1.0,1.0,-1.0,0.0,-0.3333333333333333,0.12150000000000001,-1,-1,-1,0.356862745098039,0.694117647058824,0.803921568627451
105.85672974586487,0.0,0.040144089367920854,0.03,1,1,1,0.0,0.3333333333333333,0.09841500000000002,-1,-1,-1,1.0,1.0,-1.0,0.0,-0.3333333333333333,0.12150000000000001,-1,-1,-1,0.356862745098039,0.694117647058824,0.803921568627451
105.90048146247864,0.0,0.0395232835472948,0.03,1,1,1,0.0,0.3333333333333333,0.09841500000000002,-1,-1,-1,1.0,1.0,-1.0,0.0,-0.3333333333333333,0.12150000000000001,-1,-1,-1,0.356862745098039,0.694117647058824,0.803921568627451
105.93439364433289,0.0,0.038902477726668744,0.03,1,1,1,0.0,0.3333333333333333,0.09841500000000002,-1,-1,-1,1.0,1.0,-1.0,0.0,-0.3333333333333333,0.12150000000000001,-1,-1,-1,0.356862745098039,0.694117647058824,0.803921568627451
105.96957492828369,0.0,0.03828167190604269,0.03,1,1,1,0.0,0.3333333333333333,0.09841500000000002,-1,-1,-1,1.0,1.0,-1.0,0.0,-0.3333333333333333,0.12150000000000001,-1,-1,-1,0.356862745098039,0.694117647058824,0.803921568627451
106.00106763839722,0.0,0.03766086608541663,0.03,1,1,1,0.0,0.3333333333333333,0.09841500000000002,-1,-1,-1,1.0,1.0,-1.0,0.0,-0.3333333333333333,0.12150000000000001,-1,-1,-1,0.356862745098039,0.694117647058824,0.803921568627451
106.0364511013031,0.0,0.03704006026479058,0.03,1,1,1,0.0,0.3333333333333333,0.09841500000000002,-1,-1,-1,1.0,1.0,-1.0,0.0,-0.3333333333333333,0.12150000000000001,-1,-1,-1,0.356862745098039,0.694117647058824,0.803921568627451
106.07174491882324,0.0,0.03641925444416452,0.03,1,1,1,0.0,0.3333333333333333,0.09841500000000002,-1,-1,-1,1.0,1.0,-1.0,0.0,-0.3333333333333333,0.12150000000000001,-1,-1,-1,0.356862745098039,0.694117647058824,0.803921568627451
106.12067317962646,0.0,0.03579844862353847,0.03,1,1,1,0.0,0.3333333333333333,0.09841500000000002,-1,-1,-1,1.0,1.0,-1.0,0.0,-0.3333333333333333,0.12150000000000001,-1,-1,-1,0.356862745098039,0.694117647058824,0.803921568627451
106.15510296821594,0.0,0.03517764280291241,0.03,1,1,1,0.0,0.3333333333333333,0.09841500000000002,-1,-1,-1,1.0,1.0,-1.0,0.0,-0.3333333333333333,0.12150000000000001,-1,-1,-1,0.356862745098039,0.694117647058824,0.803921568627451
106.18938374519348,0.0,0.03455683698228636,0.03,1,1,1,0.0,0.3333333333333333,0.09841500000000002,-1,-1,-1,1.0,1.0,-1.0,0.0,-0.3333333333333333,0.12150000000000001,-1,-1,-1,0.356862745098039,0.694117647058824,0.803921568627451
106.22421407699585,0.0,0.0339360311616603,0.03,1,1,1,0.0,0.3333333333333333,0.09841500000000002,-1,-1,-1,1.0,1.0,-1.0,0.0,-0.3333333333333333,0.12150000000000001,-1,-1,-1,0.356862745098039,0.694117647058824,0.803921568627451
106.25894236564636,0.0,0.033315225341034246,0.03,1,1,1,0.0,0.3333333333333333,0.09841500000000002,-1,-1,-1,1.0,1.0,-1.0,0.0,-0.3333333333333333,0.12150000000000001,-1,-1,-1,0.356862745098039,0.694117647058824,0.803921568627451
106.303640127182,0.0,0.03269441952040819,0.03,1,1,1,0.0,0.3333333333333333,0.09841500000000002,-1,-1,-1,1.0,1.0,-1.0,0.0,-0.3333333333333333,0.12150000000000001,-1,-1,-1,0.356862745098039,0.694117647058824,0.803921568627451
106.34264254570007,0.0,0.032037403429456254,0.03,1,1,1,0.0,0.3333333333333333,0.09841500000000002,-1,-1,-1,1.0,1.0,-1.0,0.0,-0.3333333333333333,0.12150000000000001,-1,-1,-1,0.356862745098039,0.694117647058824,0.803921568627451
106.38370656967163,0.0,0.03137133477092285,0.03,1,1,1,0.0,0.3333333333333333,0.09841500000000002,-1,-1,-1,1.0,1.0,-1.0,0.0,-0.3333333333333333,0.12150000000000001,-1,-1,-1,0.356862745098039,0.694117647058824,0.803921568627451
106.4186475276947,0.0,0.03070526611238944,0.03,1,1,1,0.0,0.3333333333333333,0.09841500000000002,-1,-1,-1,1.0,1.0,-1.0,0.0,-0.3333333333333333,0.12150000000000001,-1,-1,-1,0.356862745098039,0.694117647058824,0.803921568627451
106.45388889312744,0.0,0.030039197453856033,0.03,1,1,1,0.0,0.3333333333333333,0.09841500000000002,-1,-1,-1,1.0,1.0,-1.0,0.0,-0.3333333333333333,0.12150000000000001,-1,-1,-1,0.356862745098039,0.694117647058824,0.803921568627451
106.49567699432373,0.0,0.029373128795322626,0.03,1,1,1,0.0,0.3333333333333333,0.09841500000000002,-1,-1,-1,1.0,1.0,-1.0,0.0,-0.3333333333333333,0.12150000000000001,-1,-1,-1,0.356862745098039,0.694117647058824,0.803921568627451
106.53981447219849,0.0,0.02870706013678922,0.03,1,1,1,0.0,0.3333333333333333,0.09841500000000002,-1,-1,-1,1.0,1.0,-1.0,0.0,-0.3333333333333333,0.12150000000000001,-1,-1,-1,0.356862745098039,0.694117647058824,0.803921568627451
106.57949376106262,0.0,0.02804099147825581,0.03,1,1,1,0.0,0.3333333333333333,0.09841500000000002,-1,-1,-1,1.0,1.0,-1.0,0.0,-0.3333333333333333,0.12150000000000001,-1,-1,-1,0.356862745098039,0.694117647058824,0.803921568627451
106.61404013633728,0.0,0.027374922819722404,0.03,1,1,1,0.0,0.3333333333333333,0.09841500000000002,-1,-1,-1,1.0,1.0,-1.0,0.0,-0.3333333333333333,0.12150000000000001,-1,-1,-1,0.356862745098039,0.694117647058824,0.803921568627451
106.64822793006897,0.0,0.026708854161188997,0.03,1,1,1,0.0,0.3333333333333333,0.09841500000000002,-1,-1,-1,1.0,1.0,-1.0,0.0,-0.3333333333333333,0.12150000000000001,-1,-1,-1,0.356862745098039,0.694117647058824,0.803921568627451
106.68279600143433,0.0,0.02604278550265559,0.03,1,1,1,0.0,0.3333333333333333,0.09841500000000002,-1,-1,-1,1.0,1.0,-1.0,0.0,-0.3333333333333333,0.12150000000000001,-1,-1,-1,0.356862745098039,0.694117647058824,0.803921568627451
106.72500848770142,0.0,0.025376716844122182,0.03,1,1,1,0.0,0.3333333333333333,0.09841500000000002,-1,-1,-1,1.0,1.0,-1.0,0.0,-0.3333333333333333,0.12150000000000001,-1,-1,-1,0.356862745098039,0.694117647058824,0.803921568627451
106.76613402366638,0.0,0.024710648185588775,0.03,1,1,1,0.0,0.3333333333333333,0.09841500000000002,-1,-1,-1,1.0,1.0,-1.0,0.0,-0.3333333333333333,0.12150000000000001,-1,-1,-1,0.356862745098039,0.694117647058824,0.803921568627451
106.80051636695862,0.0,0.024044579527055368,0.03,1,1,1,0.0,0.3333333333333333,0.09841500000000002,-1,-1,-1,1.0,1.0,-1.0,0.0,-0.3333333333333333,0.12150000000000001,-1,-1,-1,0.356862745098039,0.694117647058824,0.803921568627451
106.83498692512512,0.0,0.02337851086852196,0.03,1,1,1,0.0,0.3333333333333333,0.09841500000000002,-1,-1,-1,1.0,1.0,-1.0,0.0,-0.3333333333333333,0.12150000000000001,-1,-1,-1,0.356862745098039,0.694117647058824,0.803921568627451
106.87397480010986,0.0,0.022712442209988554,0.03,1,1,1,0.0,0.3333333333333333,0.09841500000000002,-1,-1,-1,1.0,1.0,-1.0,0.0,-0.3333333333333333,0.12150000000000001,-1,-1,-1,0.356862745098039,0.694117647058824,0.803921568627451
106.90940451622009,0.0,0.022046373551455146,0.03,1,1,1,0.0,0.3333333333333333,0.09841500000000002,-1,-1,-1,1.0,1.0,-1.0,0.0,-0.3333333333333333,0.12150000000000001,-1,-1,-1,0.356862745098039,0.694117647058824,0.803921568627451
106.94661164283752,0.0,0.02138030489292174,0.03,1,1,1,0.0,0.3333333333333333,0.09841500000000002,-1,-1,-1,1.0,1.0,-1.0,0.0,-0.3333333333333333,0.12150000000000001,-1,-1,-1,0.356862745098039,0.694117647058824,0.803921568627451
106.98799967765808,0.0,0.020714236234388332,0.03,1,1,1,0.0,0.3333333333333333,0.09841500000000002,-1,-1,-1,1.0,1.0,-1.0,0.0,-0.3333333333333333,0.12150000000000001,-1,-1,-1,0.356862745098039,0.694117647058824,0.803921568627451
107.02307438850403,0.0,0.020048167575854925,0.03,1,1,1,0.0,0.3333333333333333,0.09841500000000002,-1,-1,-1,1.0,1.0,-1.0,0.0,-0.3333333333333333,0.12150000000000001,-1,-1,-1,0.356862745098039,0.694117647058824,0.803921568627451
107.05755305290222,0.0,0.019382098917321518,0.03,1,1,1,0.0,0.3333333333333333,0.09841500000000002,-1,-1,-1,1.0,1.0,-1.0,0.0,-0.3333333333333333,0.12150000000000001,-1,-1,-1,0.356862745098039,0.694117647058824,0.803921568627451
107.09234762191772,0.0,0.01871603025878811,0.03,1,1,1,0.0,0.3333333333333333,0.09841500000000002,-1,-1,-1,1.0,1.0,-1.0,0.0,-0.3333333333333333,0.12150000000000001,-1,-1,-1,0.356862745098039,0.694117647058824,0.803921568627451
107.13362836837769,0.0,0.018049961600254703,0.03,1,1,1,0.0,0.3333333333333333,0.09841500000000002,-1,-1,-1,1.0,1.0,-1.0,0.0,-0.3333333333333333,0.12150000000000001,-1,-1,-1,0.356862745098039,0.694117647058824,0.803921568627451
107.1686065196991,0.0,0.017383892941721296,0.03,1,1,1,0.0,0.3333333333333333,0.09841500000000002,-1,-1,-1,1.0,1.0,-1.0,0.0,-0.3333333333333333,0.12150000000000001,-1,-1,-1,0.356862745098039,0.694117647058824,0.803921568627451
107.20344018936157,0.0,0.01671782428318789,0.03,1,1,1,0.0,0.3333333333333333,0.09841500000000002,-1,-1,-1,1.0,1.0,-1.0,0.0,-0.3333333333333333,0.12150000000000001,-1,-1,-1,0.356862745098039,0.694117647058824,0.803921568627451
107.24160051345825,0.0,0.016051755624654482,0.03,1,1,1,0.0,0.3333333333333333,0.09841500000000002,-1,-1,-1,1.0,1.0,-1.0,0.0,-0.3333333333333333,0.12150000000000001,-1,-1,-1,0.356862745098039,0.694117647058824,0.803921568627451
107.27661299705505,0.0,0.015385686966121075,0.03,1,1,1,0.0,0.3333333333333333,0.09841500000000002,-1,-1,-1,1.0,1.0,-1.0,0.0,-0.3333333333333333,0.12150000000000001,-1,-1,-1,0.356862745098039,0.694117647058824,0.803921568627451
107.31443762779236,0.0,0.01471961830758768,0.03,1,1,1,0.0,0.3333333333333333,0.09841500000000002,-1,-1,-1,1.0,1.0,-1.0,0.0,-0.3333333333333333,0.12150000000000001,-1,-1,-1,0.356862745098039,0.694117647058824,0.803921568627451
107.34953188896179,0.0,0.014053549649054281,0.03,1,1,1,0.0,0.3333333333333333,0.09841500000000002,-1,-1,-1,1.0,1.0,-1.0,0.0,-0.3333333333333333,0.12150000000000001,-1,-1,-1,0.356862745098039,0.694117647058824,0.803921568627451
107.39061236381531,0.0,0.013387480990520883,0.03,1,1,1,0.0,0.3333333333333333,0.09841500000000002,-1,-1,-1,1.0,1.0,-1.0,0.0,-0.3333333333333333,0.12150000000000001,-1,-1,-1,0.356862745098039,0.694117647058824,0.803921568627451
107.42597770690918,0.0,0.012721412331987484,0.03,1,1,1,0.0,0.3333333333333333,0.09841500000000002,-1,-1,-1,1.0,1.0,-1.0,0.0,-0.3333333333333333,0.12150000000000001,-1,-1,-1,0.356862745098039,0.694117647058824,0.803921568627451
107.46762919425964,0.0,0.012055343673454086,0.03,1,1,1,0.0,0.3333333333333333,0.09841500000000002,-1,-1,-1,1.0,1.0,-1.0,0.0,-0.3333333333333333,0.12150000000000001,-1,-1,-1,0.356862745098039,0.694117647058824,0.803921568627451
107.51039052009583,0.0,0.011389275014920687,0.03,1,1,1,0.0,0.3333333333333333,0.09841500000000002,-1,-1,-1,1.0,1.0,-1.0,0.0,-0.3333333333333333,0.12150000000000001,-1,-1,-1,0.356862745098039,0.694117647058824,0.803921568627451
107.54485774040222,0.0,0.01594618140395772,0.03,1,1,1,0.0,0.3333333333333333,0.09841500000000002,-1,-1,-1,1.0,1.0,-1.0,0.0,-0.3333333333333333,0.12150000000000001,-1,-1,-1,0.356862745098039,0.694117647058824,0.803921568627451
107.57901287078857,0.0,0.020503087792994763,0.03,1,1,1,0.0,0.3333333333333333,0.09841500000000002,-1,-1,-1,1.0,1.0,-1.0,0.0,-0.3333333333333333,0.12150000000000001,-1,-1,-1,0.356862745098039,0.694117647058824,0.803921568627451
107.61320209503174,0.0,0.025059994182031805,0.03,1,1,1,0.0,0.3333333333333333,0.09841500000000002,-1,-1,-1,1.0,1.0,-1.0,0.0,-0.3333333333333333,0.12150000000000001,-1,-1,-1,0.356862745098039,0.694117647058824,0.803921568627451
107.64754319190979,0.0,0.029616900571068847,0.03,1,1,1,0.0,0.3333333333333333,0.09841500000000002,-1,-1,-1,1.0,1.0,-1.0,0.0,-0.3333333333333333,0.12150000000000001,-1,-1,-1,0.356862745098039,0.694117647058824,0.803921568627451
107.68920254707336,0.0,0.03417380696010588,0.03,1,1,1,0.0,0.3333333333333333,0.09841500000000002,-1,-1,-1,1.0,1.0,-1.0,0.0,-0.3333333333333333,0.12150000000000001,-1,-1,-1,0.356862745098039,0.694117647058824,0.803921568627451
107.72385954856873,0.0,0.0387307133491429,0.03,1,1,1,0.0,0.3333333333333333,0.09841500000000002,-1,-1,-1,1.0,1.0,-1.0,0.0,-0.3333333333333333,0.12150000000000001,-1,-1,-1,0.356862745098039,0.694117647058824,0.803921568627451
107.75881242752075,0.0,0.043287619738179926,0.03,1,1,1,0.0,0.3333333333333333,0.09841500000000002,-1,-1,-1,1.0,1.0,-1.0,0.0,-0.3333333333333333,0.12150000000000001,-1,-1,-1,0.356862745098039,0.694117647058824,0.803921568627451
107.79367542266846,0.0,0.04784452612721695,0.03,1,1,1,0.0,0.3333333333333333,0.09841500000000002,-1,-1,-1,1.0,1.0,-1.0,0.0,-0.3333333333333333,0.12150000000000001,-1,-1,-1,0.356862745098039,0.694117647058824,0.803921568627451
107.83656120300293,0.0,0.052401432516253975,0.03,1,1,1,0.0,0.3333333333333333,0.09841500000000002,-1,-1,-1,1.0,1.0,-1.0,0.0,-0.3333333333333333,0.12150000000000001,-1,-1,-1,0.356862745098039,0.694117647058824,0.803921568627451
107.8791515827179,0.0,0.056958338905291,0.03,1,1,1,0.0,0.3333333333333333,0.09841500000000002,-1,-1,-1,1.0,1.0,-1.0,0.0,-0.3333333333333333,0.12150000000000001,-1,-1,-1,0.356862745098039,0.694117647058824,0.803921568627451
107.912348985672,0.0,0.061515245294328016,0.03,1,1,1,0.0,0.3333333333333333,0.09841500000000002,-1,-1,-1,1.0,1.0,-1.0,0.0,-0.3333333333333333,0.12150000000000001,-1,-1,-1,0.356862745098039,0.694117647058824,0.803921568627451
107.94616103172302,0.0,0.06607215168336504,0.03,1,1,1,0.0,0.3333333333333333,0.09841500000000002,-1,-1,-1,1.0,1.0,-1.0,0.0,-0.3333333333333333,0.12150000000000001,-1,-1,-1,0.356862745098039,0.694117647058824,0.803921568627451
107.98107409477234,0.0,0.07062905807240207,0.03,1,1,1,0.0,0.3333333333333333,0.09841500000000002,-1,-1,-1,1.0,1.0,-1.0,0.0,-0.3333333333333333,0.12150000000000001,-1,-1,-1,0.356862745098039,0.694117647058824,0.803921568627451
108.0156581401825,0.0,0.07518596446143909,0.03,1,1,1,0.0,0.3333333333333333,0.09841500000000002,-1,-1,-1,1.0,1.0,-1.0,0.0,-0.3333333333333333,0.12150000000000001,-1,-1,-1,0.356862745098039,0.694117647058824,0.803921568627451
108.057452917099,0.0,0.07974287085047611,0.03,1,1,1,0.0,0.3333333333333333,0.09841500000000002,-1,-1,-1,1.0,1.0,-1.0,0.0,-0.3333333333333333,0.12150000000000001,-1,-1,-1,0.356862745098039,0.694117647058824,0.803921568627451
108.09192109107971,0.0,0.08429977723951314,0.03,1,1,1,0.0,0.3333333333333333,0.09841500000000002,-1,-1,-1,1.0,1.0,-1.0,0.0,-0.3333333333333333,0.12150000000000001,-1,-1,-1,0.356862745098039,0.694117647058824,0.803921568627451
108.1266553401947,0.0,0.08885668362855016,0.03,1,1,1,0.0,0.3333333333333333,0.09841500000000002,-1,-1,-1,1.0,1.0,-1.0,0.0,-0.3333333333333333,0.12150000000000001,-1,-1,-1,0.356862745098039,0.694117647058824,0.803921568627451
108.16158485412598,0.0,0.09341359001758719,0.03,1,1,1,0.0,0.3333333333333333,0.09841500000000002,-1,-1,-1,1.0,1.0,-1.0,0.0,-0.3333333333333333,0.12150000000000001,-1,-1,-1,0.356862745098039,0.694117647058824,0.803921568627451
108.1960597038269,0.0,0.09797049640662421,0.03,1,1,1,0.0,0.3333333333333333,0.09841500000000002,-1,-1,-1,1.0,1.0,-1.0,0.0,-0.3333333333333333,0.12150000000000001,-1,-1,-1,0.356862745098039,0.694117647058824,0.803921568627451
108.23818302154541,0.0,0.10252740279566123,0.03,1,1,1,0.0,0.3333333333333333,0.09841500000000002,-1,-1,-1,1.0,1.0,-1.0,0.0,-0.3333333333333333,0.12150000000000001,-1,-1,-1,0.356862745098039,0.694117647058824,0.803921568627451
108.27239656448364,0.0,0.10708430918469826,0.03,1,1,1,0.0,0.3333333333333333,0.09841500000000002,-1,-1,-1,1.0,1.0,-1.0,0.0,-0.3333333333333333,0.12150000000000001,-1,-1,-1,0.356862745098039,0.694117647058824,0.803921568627451
108.30744457244873,0.0,0.11164121557373528,0.03,1,1,1,0.0,0.3333333333333333,0.09841500000000002,-1,-1,-1,1.0,1.0,-1.0,0.0,-0.3333333333333333,0.12150000000000001,-1,-1,-1,0.356862745098039,0.694117647058824,0.803921568627451
108.34189486503601,0.0,0.11619812196277231,0.03,1,1,1,0.0,0.3333333333333333,0.09841500000000002,-1,-1,-1,1.0,1.0,-1.0,0.0,-0.3333333333333333,0.12150000000000001,-1,-1,-1,0.356862745098039,0.694117647058824,0.803921568627451
108.38028287887573,0.0,0.12075502835180929,0.03,1,1,1,0.0,0.3333333333333333,0.09841500000000002,-1,-1,-1,1.0,1.0,-1.0,0.0,-0.3333333333333333,0.12150000000000001,-1,-1,-1,0.356862745098039,0.694117647058824,0.803921568627451
108.41444373130798,0.0,0.12531193474084631,0.03,1,1,1,0.0,0.3333333333333333,0.09841500000000002,-1,-1,-1,1.0,1.0,-1.0,0.0,-0.3333333333333333,0.12150000000000001,-1,-1,-1,0.356862745098039,0.694117647058824,0.803921568627451
108.45316195487976,0.0,0.12986884112988334,0.03,1,1,1,0.0,0.3333333333333333,0.09841500000000002,-1,-1,-1,1.0,1.0,-1.0,0.0,-0.3333333333333333,0.12150000000000001,-1,-1,-1,0.356862745098039,0.694117647058824,0.803921568627451
108.48740077018738,0.0,0.13442574751892036,0.03,1,1,1,0.0,0.3333333333333333,0.09841500000000002,-1,-1,-1,1.0,1.0,-1.0,0.0,-0.3333333333333333,0.12150000000000001,-1,-1,-1,0.356862745098039,0.694117647058824,0.803921568627451
108.5221598148346,0.0,0.1389826539079574,0.03,1,1,1,0.0,0.3333333333333333,0.09841500000000002,-1,-1,-1,1.0,1.0,-1.0,0.0,-0.3333333333333333,0.12150000000000001,-1,-1,-1,0.356862745098039,0.694117647058824,0.803921568627451
108.55721879005432,0.0,0.1435395602969944,0.03,1,1,1,0.0,0.3333333333333333,0.09841500000000002,-1,-1,-1,1.0,1.0,-1.0,0.0,-0.3333333333333333,0.12150000000000001,-1,-1,-1,0.356862745098039,0.694117647058824,0.803921568627451
108.5999014377594,0.0,0.14809646668603144,0.03,1,1,1,0.0,0.3333333333333333,0.09841500000000002,-1,-1,-1,1.0,1.0,-1.0,0.0,-0.3333333333333333,0.12150000000000001,-1,-1,-1,0.356862745098039,0.694117647058824,0.803921568627451
108.64070534706116,0.0,0.15265337307506846,0.03,1,1,1,0.0,0.3333333333333333,0.09841500000000002,-1,-1,-1,1.0,1.0,-1.0,0.0,-0.3333333333333333,0.12150000000000001,-1,-1,-1,0.356862745098039,0.694117647058824,0.803921568627451
108.67587924003601,0.0,0.15721027946410548,0.03,1,1,1,0.0,0.3333333333333333,0.09841500000000002,-1,-1,-1,1.0,1.0,-1.0,0.0,-0.3333333333333333,0.12150000000000001,-1,-1,-1,0.356862745098039,0.694117647058824,0.803921568627451
108.71063160896301,0.0,0.1617671858531425,0.03,1,1,1,0.0,0.3333333333333333,0.09841500000000002,-1,-1,-1,1.0,1.0,-1.0,0.0,-0.3333333333333333,0.12150000000000001,-1,-1,-1,0.356862745098039,0.694117647058824,0.803921568627451
108.74484014511108,0.0,0.15811779694538344,0.03,1,1,1,0.0,0.3333333333333333,0.09841500000000002,-1,-1,-1,1.0,1.0,-1.0,0.0,-0.3333333333333333,0.12150000000000001,-1,-1,-1,0.356862745098039,0.694117647058824,0.803921568627451
108.78373718261719,0.0,0.15446840803762438,0.03,1,1,1,0.0,0.3333333333333333,0.09841500000000002,-1,-1,-1,1.0,1.0,-1.0,0.0,-0.3333333333333333,0.12150000000000001,-1,-1,-1,0.356862745098039,0.694117647058824,0.803921568627451
108.81857490539551,0.0,0.1508190191298653,0.03,1,1,1,0.0,0.3333333333333333,0.09841500000000002,-1,-1,-1,1.0,1.0,-1.0,0.0,-0.3333333333333333,0.12150000000000001,-1,-1,-1,0.356862745098039,0.694117647058824,0.803921568627451
108.8556969165802,0.0,0.14716963022210625,0.03,1,1,1,0.0,0.3333333333333333,0.09841500000000002,-1,-1,-1,1.0,1.0,-1.0,0.0,-0.3333333333333333,0.12150000000000001,-1,-1,-1,0.356862745098039,0.694117647058824,0.803921568627451
108.9046688079834,0.0,0.14352024131434718,0.03,1,1,1,0.0,0.3333333333333333,0.09841500000000002,-1,-1,-1,1.0,1.0,-1.0,0.0,-0.3333333333333333,0.12150000000000001,-1,-1,-1,0.356862745098039,0.694117647058824,0.803921568627451
108.93932938575745,0.0,0.13987085240658811,0.03,1,1,1,0.0,0.3333333333333333,0.09841500000000002,-1,-1,-1,1.0,1.0,-1.0,0.0,-0.3333333333333333,0.12150000000000001,-1,-1,-1,0.356862745098039,0.694117647058824,0.803921568627451
108.97408318519592,0.0,0.13622146349882905,0.03,1,1,1,0.0,0.3333333333333333,0.09841500000000002,-1,-1,-1,1.0,1.0,-1.0,0.0,-0.3333333333333333,0.12150000000000001,-1,-1,-1,0.356862745098039,0.694117647058824,0.803921568627451
109.00894546508789,0.0,0.13257207459106998,0.03,1,1,1,0.0,0.3333333333333333,0.09841500000000002,-1,-1,-1,1.0,1.0,-1.0,0.0,-0.3333333333333333,0.12150000000000001,-1,-1,-1,0.356862745098039,0.694117647058824,0.803921568627451
109.04308867454529,0.0,0.12892268568331092,0.03,1,1,1,0.0,0.3333333333333333,0.09841500000000002,-1,-1,-1,1.0,1.0,-1.0,0.0,-0.3333333333333333,0.12150000000000001,-1,-1,-1,0.356862745098039,0.694117647058824,0.803921568627451
109.07767295837402,0.0,0.12527329677555185,0.03,1,1,1,0.0,0.3333333333333333,0.09841500000000002,-1,-1,-1,1.0,1.0,-1.0,0.0,-0.3333333333333333,0.12150000000000001,-1,-1,-1,0.356862745098039,0.694117647058824,0.803921568627451
109.12348866462708,0.0,0.12162390786779285,0.03,1,1,1,0.0,0.3333333333333333,0.09841500000000002,-1,-1,-1,1.0,1.0,-1.0,0.0,-0.3333333333333333,0.12150000000000001,-1,-1,-1,0.356862745098039,0.694117647058824,0.803921568627451
109.16107368469238,0.0,0.11797451896003384,0.03,1,1,1,0.0,0.3333333333333333,0.09841500000000002,-1,-1,-1,1.0,1.0,-1.0,0.0,-0.3333333333333333,0.12150000000000001,-1,-1,-1,0.356862745098039,0.694117647058824,0.803921568627451
109.19604063034058,0.0,0.11432513005227485,0.03,1,1,1,0.0,0.3333333333333333,0.09841500000000002,-1,-1,-1,1.0,1.0,-1.0,0.0,-0.3333333333333333,0.12150000000000001,-1,-1,-1,0.356862745098039,0.694117647058824,0.803921568627451
109.23067831993103,0.0,0.11067574114451585,0.03,1,1,1,0.0,0.3333333333333333,0.09841500000000002,-1,-1,-1,1.0,1.0,-1.0,0.0,-0.3333333333333333,0.12150000000000001,-1,-1,-1,0.356862745098039,0.694117647058824,0.803921568627451
109.26590824127197,0.0,0.10702635223675686,0.03,1,1,1,0.0,0.3333333333333333,0.09841500000000002,-1,-1,-1,1.0,1.0,-1.0,0.0,-0.3333333333333333,0.12150000000000001,-1,-1,-1,0.356862745098039,0.694117647058824,0.803921568627451
109.30707597732544,0.0,0.10337696332899786,0.03,1,1,1,0.0,0.3333333333333333,0.09841500000000002,-1,-1,-1,1.0,1.0,-1.0,0.0,-0.3333333333333333,0.12150000000000001,-1,-1,-1,0.356862745098039,0.694117647058824,0.803921568627451
109.341712474823,0.0,0.09972757442123886,0.03,1,1,1,0.0,0.3333333333333333,0.09841500000000002,-1,-1,-1,1.0,1.0,-1.0,0.0,-0.3333333333333333,0.12150000000000001,-1,-1,-1,0.356862745098039,0.694117647058824,0.803921568627451
109.37686157226562,0.0,0.09607818551347987,0.03,1,1,1,0.0,0.3333333333333333,0.09841500000000002,-1,-1,-1,1.0,1.0,-1.0,0.0,-0.3333333333333333,0.12150000000000001,-1,-1,-1,0.356862745098039,0.694117647058824,0.803921568627451
109.41106724739075,0.0,0.09242879660572087,0.03,1,1,1,0.0,0.3333333333333333,0.09841500000000002,-1,-1,-1,1.0,1.0,-1.0,0.0,-0.3333333333333333,0.12150000000000001,-1,-1,-1,0.356862745098039,0.694117647058824,0.803921568627451
109.44525694847107,0.0,0.08877940769796187,0.03,1,1,1,0.0,0.3333333333333333,0.09841500000000002,-1,-1,-1,1.0,1.0,-1.0,0.0,-0.3333333333333333,0.12150000000000001,-1,-1,-1,0.356862745098039,0.694117647058824,0.803921568627451
109.49103116989136,0.0,0.08513001879020288,0.03,1,1,1,0.0,0.3333333333333333,0.09841500000000002,-1,-1,-1,1.0,1.0,-1.0,0.0,-0.3333333333333333,0.12150000000000001,-1,-1,-1,0.356862745098039,0.694117647058824,0.803921568627451
109.52996826171875,0.0,0.08148062988244388,0.03,1,1,1,0.0,0.3333333333333333,0.09841500000000002,-1,-1,-1,1.0,1.0,-1.0,0.0,-0.3333333333333333,0.12150000000000001,-1,-1,-1,0.356862745098039,0.694117647058824,0.803921568627451
109.56392645835876,0.0,0.07783124097468488,0.03,1,1,1,0.0,0.3333333333333333,0.09841500000000002,-1,-1,-1,1.0,1.0,-1.0,0.0,-0.3333333333333333,0.12150000000000001,-1,-1,-1,0.356862745098039,0.694117647058824,0.803921568627451
109.5986738204956,0.0,0.07418185206692589,0.03,1,1,1,0.0,0.3333333333333333,0.09841500000000002,-1,-1,-1,1.0,1.0,-1.0,0.0,-0.3333333333333333,0.12150000000000001,-1,-1,-1,0.356862745098039,0.694117647058824,0.803921568627451
109.63335132598877,0.0,0.07053246315916689,0.03,1,1,1,0.0,0.3333333333333333,0.09841500000000002,-1,-1,-1,1.0,1.0,-1.0,0.0,-0.3333333333333333,0.12150000000000001,-1,-1,-1,0.356862745098039,0.694117647058824,0.803921568627451
109.67516541481018,0.0,0.0668830742514079,0.03,1,1,1,0.0,0.3333333333333333,0.09841500000000002,-1,-1,-1,1.0,1.0,-1.0,0.0,-0.3333333333333333,0.12150000000000001,-1,-1,-1,0.356862745098039,0.694117647058824,0.803921568627451
109.70980095863342,0.0,0.0632336853436489,0.03,1,1,1,0.0,0.3333333333333333,0.09841500000000002,-1,-1,-1,1.0,1.0,-1.0,0.0,-0.3333333333333333,0.12150000000000001,-1,-1,-1,0.356862745098039,0.694117647058824,0.803921568627451
109.7446141242981,0.0,0.059584296435889875,0.03,1,1,1,0.0,0.3333333333333333,0.09841500000000002,-1,-1,-1,1.0,1.0,-1.0,0.0,-0.3333333333333333,0.12150000000000001,-1,-1,-1,0.356862745098039,0.694117647058824,0.803921568627451
109.77918004989624,0.0,0.055934907528130844,0.03,1,1,1,0.0,0.3333333333333333,0.09841500000000002,-1,-1,-1,1.0,1.0,-1.0,0.0,-0.3333333333333333,0.12150000000000001,-1,-1,-1,0.356862745098039,0.694117647058824,0.803921568627451
109.81382250785828,0.0,0.05228551862037181,0.03,1,1,1,0.0,0.3333333333333333,0.09841500000000002,-1,-1,-1,1.0,1.0,-1.0,0.0,-0.3333333333333333,0.12150000000000001,-1,-1,-1,0.356862745098039,0.694117647058824,0.803921568627451
109.84922933578491,0.0,0.04863612971261278,0.03,1,1,1,0.0,0.3333333333333333,0.09841500000000002,-1,-1,-1,1.0,1.0,-1.0,0.0,-0.3333333333333333,0.12150000000000001,-1,-1,-1,0.356862745098039,0.694117647058824,0.803921568627451
109.89358520507812,0.0,0.04498674080485375,0.03,1,1,1,0.0,0.3333333333333333,0.09841500000000002,-1,-1,-1,1.0,1.0,-1.0,0.0,-0.3333333333333333,0.12150000000000001,-1,-1,-1,0.356862745098039,0.694117647058824,0.803921568627451
109.93277716636658,0.0,0.04219653141489072,0.03,1,1,1,0.0,0.3333333333333333,0.09841500000000002,-1,-1,-1,1.0,1.0,-1.0,0.0,-0.3333333333333333,0.12150000000000001,-1,-1,-1,0.356862745098039,0.694117647058824,0.803921568627451
109.97350192070007,0.0,0.03997910837012503,0.03,1,1,1,0.0,0.3333333333333333,0.09841500000000002,-1,-1,-1,1.0,1.0,-1.0,0.0,-0.3333333333333333,0.12150000000000001,-1,-1,-1,0.356862745098039,0.694117647058824,0.803921568627451
110.00892162322998,0.0,0.03776168532535933,0.03,1,1,1,0.0,0.3333333333333333,0.09841500000000002,-1,-1,-1,1.0,1.0,-1.0,0.0,-0.3333333333333333,0.12150000000000001,-1,-1,-1,0.356862745098039,0.694117647058824,0.803921568627451
110.04299879074097,0.0,0.03554426228059364,0.03,1,1,1,0.0,0.3333333333333333,0.09841500000000002,-1,-1,-1,1.0,1.0,-1.0,0.0,-0.3333333333333333,0.12150000000000001,-1,-1,-1,0.356862745098039,0.694117647058824,0.803921568627451
110.07841992378235,0.0,0.033326839235827944,0.03,1,1,1,0.0,0.3333333333333333,0.09841500000000002,-1,-1,-1,1.0,1.0,-1.0,0.0,-0.3333333333333333,0.12150000000000001,-1,-1,-1,0.356862745098039,0.694117647058824,0.803921568627451
110.11310768127441,0.0,0.03110941619106225,0.03,1,1,1,0.0,0.3333333333333333,0.09841500000000002,-1,-1,-1,1.0,1.0,-1.0,0.0,-0.3333333333333333,0.12150000000000001,-1,-1,-1,0.356862745098039,0.694117647058824,0.803921568627451
110.15436434745789,0.0,0.02889199314629657,0.03,1,1,1,0.0,0.3333333333333333,0.09841500000000002,-1,-1,-1,1.0,1.0,-1.0,0.0,-0.3333333333333333,0.12150000000000001,-1,-1,-1,0.356862745098039,0.694117647058824,0.803921568627451
110.18919014930725,0.0,0.026674570101530893,0.03,1,1,1,0.0,0.3333333333333333,0.09841500000000002,-1,-1,-1,1.0,1.0,-1.0,0.0,-0.3333333333333333,0.12150000000000001,-1,-1,-1,0.356862745098039,0.694117647058824,0.803921568627451
110.22379326820374,0.0,0.024457147056765216,0.03,1,1,1,0.0,0.3333333333333333,0.09841500000000002,-1,-1,-1,1.0,1.0,-1.0,0.0,-0.3333333333333333,0.12150000000000001,-1,-1,-1,0.356862745098039,0.694117647058824,0.803921568627451
110.26265716552734,0.0,0.02223972401199954,0.03,1,1,1,0.0,0.3333333333333333,0.09841500000000002,-1,-1,-1,1.0,1.0,-1.0,0.0,-0.3333333333333333,0.12150000000000001,-1,-1,-1,0.356862745098039,0.694117647058824,0.803921568627451
110.29792070388794,0.0,0.020022300967233862,0.03,1,1,1,0.0,0.3333333333333333,0.09841500000000002,-1,-1,-1,1.0,1.0,-1.0,0.0,-0.3333333333333333,0.12150000000000001,-1,-1,-1,0.356862745098039,0.694117647058824,0.803921568627451
110.33499765396118,0.0,0.017804877922468185,0.03,1,1,1,0.0,0.3333333333333333,0.09841500000000002,-1,-1,-1,1.0,1.0,-1.0,0.0,-0.3333333333333333,0.12150000000000001,-1,-1,-1,0.356862745098039,0.694117647058824,0.803921568627451
110.36918449401855,0.0,0.015587454877702508,0.03,1,1,1,0.0,0.3333333333333333,0.09841500000000002,-1,-1,-1,1.0,1.0,-1.0,0.0,-0.3333333333333333,0.12150000000000001,-1,-1,-1,0.356862745098039,0.694117647058824,0.803921568627451
110.40383100509644,0.0,0.013370031832936823,0.03,1,1,1,0.0,0.3333333333333333,0.09841500000000002,-1,-1,-1,1.0,1.0,-1.0,0.0,-0.3333333333333333,0.12150000000000001,-1,-1,-1,0.356862745098039,0.694117647058824,0.803921568627451
110.43912768363953,0.0,0.011152608788171137,0.03,1,1,1,0.0,0.3333333333333333,0.09841500000000002,-1,-1,-1,1.0,1.0,-1.0,0.0,-0.3333333333333333,0.12150000000000001,-1,-1,-1,0.356862745098039,0.694117647058824,0.803921568627451
110.4882459640503,0.0,0.008935185743405452,0.03,1,1,1,0.0,0.3333333333333333,0.09841500000000002,-1,-1,-1,1.0,1.0,-1.0,0.0,-0.3333333333333333,0.12150000000000001,-1,-1,-1,0.356862745098039,0.694117647058824,0.803921568627451
110.53050947189331,0.0,0.006717762698639768,0.03,1,1,1,0.0,0.3333333333333333,0.09841500000000002,-1,-1,-1,1.0,1.0,-1.0,0.0,-0.3333333333333333,0.12150000000000001,-1,-1,-1,0.356862745098039,0.694117647058824,0.803921568627451
110.56410908699036,0.0,0.004500339653874087,0.03,1,1,1,0.0,0.3333333333333333,0.09841500000000002,-1,-1,-1,1.0,1.0,-1.0,0.0,-0.3333333333333333,0.12150000000000001,-1,-1,-1,0.356862745098039,0.694117647058824,0.803921568627451
110.59835910797119,0.0,0.0022829166091084055,0.03,1,1,1,0.0,0.3333333333333333,0.09841500000000002,-1,-1,-1,1.0,1.0,-1.0,0.0,-0.3333333333333333,0.12150000000000001,-1,-1,-1,0.356862745098039,0.694117647058824,0.803921568627451
110.63346147537231,0.0,6.549356434272307e-05,0.03,1,1,1,0.0,0.3333333333333333,0.09841500000000002,-1,-1,-1,1.0,1.0,-1.0,0.0,-0.3333333333333333,0.12150000000000001,-1,-1,-1,0.356862745098039,0.694117647058824,0.803921568627451
110.66774702072144,0.0,-0.002151929480422959,0.03,1,1,1,0.0,0.3333333333333333,0.09841500000000002,-1,-1,-1,1.0,1.0,-1.0,0.0,-0.3333333333333333,0.12150000000000001,-1,-1,-1,0.356862745098039,0.694117647058824,0.803921568627451
110.70945191383362,0.0,-0.004369352525188641,0.03,1,1,1,0.0,0.3333333333333333,0.09841500000000002,-1,-1,-1,1.0,1.0,-1.0,0.0,-0.3333333333333333,0.12150000000000001,-1,-1,-1,0.356862745098039,0.694117647058824,0.803921568627451
110.74417209625244,0.0,-0.006586775569954322,0.03,1,1,1,0.0,0.3333333333333333,0.09841500000000002,-1,-1,-1,1.0,1.0,-1.0,0.0,-0.3333333333333333,0.12150000000000001,-1,-1,-1,0.356862745098039,0.694117647058824,0.803921568627451
110.77920651435852,0.0,-0.008804198614720007,0.03,1,1,1,0.0,0.3333333333333333,0.09841500000000002,-1,-1,-1,1.0,1.0,-1.0,0.0,-0.3333333333333333,0.12150000000000001,-1,-1,-1,0.356862745098039,0.694117647058824,0.803921568627451
110.81363725662231,0.0,-0.011021621659485692,0.03,1,1,1,0.0,0.3333333333333333,0.09841500000000002,-1,-1,-1,1.0,1.0,-1.0,0.0,-0.3333333333333333,0.12150000000000001,-1,-1,-1,0.356862745098039,0.694117647058824,0.803921568627451
110.84809255599976,0.0,-0.013239044704251378,0.03,1,1,1,0.0,0.3333333333333333,0.09841500000000002,-1,-1,-1,1.0,1.0,-1.0,0.0,-0.3333333333333333,0.12150000000000001,-1,-1,-1,0.356862745098039,0.694117647058824,0.803921568627451
110.88330483436584,0.0,-0.015456467749017063,0.03,1,1,1,0.0,0.3333333333333333,0.09841500000000002,-1,-1,-1,1.0,1.0,-1.0,0.0,-0.3333333333333333,0.12150000000000001,-1,-1,-1,0.356862745098039,0.694117647058824,0.803921568627451
110.92477774620056,0.0,-0.017673890793782742,0.03,1,1,1,0.0,0.3333333333333333,0.09841500000000002,-1,-1,-1,1.0,1.0,-1.0,0.0,-0.3333333333333333,0.12150000000000001,-1,-1,-1,0.356862745098039,0.694117647058824,0.803921568627451
110.95937371253967,0.0,-0.01989131383854842,0.03,1,1,1,0.0,0.3333333333333333,0.09841500000000002,-1,-1,-1,1.0,1.0,-1.0,0.0,-0.3333333333333333,0.12150000000000001,-1,-1,-1,0.356862745098039,0.694117647058824,0.803921568627451
110.99408650398254,0.0,-0.022108736883314096,0.03,1,1,1,0.0,0.3333333333333333,0.09841500000000002,-1,-1,-1,1.0,1.0,-1.0,0.0,-0.3333333333333333,0.12150000000000001,-1,-1,-1,0.356862745098039,0.694117647058824,0.803921568627451
111.03310823440552,0.0,-0.024326159928079773,0.03,1,1,1,0.0,0.3333333333333333,0.09841500000000002,-1,-1,-1,1.0,1.0,-1.0,0.0,-0.3333333333333333,0.12150000000000001,-1,-1,-1,0.356862745098039,0.694117647058824,0.803921568627451
111.06719517707825,0.0,-0.02654358297284545,0.03,1,1,1,0.0,0.3333333333333333,0.09841500000000002,-1,-1,-1,1.0,1.0,-1.0,0.0,-0.3333333333333333,0.12150000000000001,-1,-1,-1,0.356862745098039,0.694117647058824,0.803921568627451
111.1025824546814,0.0,-0.028761006017611127,0.03,1,1,1,0.0,0.3333333333333333,0.09841500000000002,-1,-1,-1,1.0,1.0,-1.0,0.0,-0.3333333333333333,0.12150000000000001,-1,-1,-1,0.356862745098039,0.694117647058824,0.803921568627451
111.1399757862091,0.0,-0.027720233395133572,0.03,1,1,1,0.0,0.3333333333333333,0.09841500000000002,-1,-1,-1,1.0,1.0,-1.0,0.0,-0.3333333333333333,0.12150000000000001,-1,-1,-1,0.356862745098039,0.694117647058824,0.803921568627451
111.1748034954071,0.0,-0.024507330327827197,0.03,1,1,1,0.0,0.3333333333333333,0.09841500000000002,-1,-1,-1,1.0,1.0,-1.0,0.0,-0.3333333333333333,0.12150000000000001,-1,-1,-1,0.356862745098039,0.694117647058824,0.803921568627451
111.20933604240417,0.0,-0.02129442726052082,0.03,1,1,1,0.0,0.3333333333333333,0.09841500000000002,-1,-1,-1,1.0,1.0,-1.0,0.0,-0.3333333333333333,0.12150000000000001,-1,-1,-1,0.356862745098039,0.694117647058824,0.803921568627451
111.2439558506012,0.0,-0.018081524193214446,0.03,1,1,1,0.0,0.3333333333333333,0.09841500000000002,-1,-1,-1,1.0,1.0,-1.0,0.0,-0.3333333333333333,0.12150000000000001,-1,-1,-1,0.356862745098039,0.694117647058824,0.803921568627451
111.27886199951172,0.0,-0.014868621125908069,0.03,1,1,1,0.0,0.3333333333333333,0.09841500000000002,-1,-1,-1,1.0,1.0,-1.0,0.0,-0.3333333333333333,0.12150000000000001,-1,-1,-1,0.356862745098039,0.694117647058824,0.803921568627451
111.3219850063324,0.0,-0.011655718058601694,0.03,1,1,1,0.0,0.3333333333333333,0.09841500000000002,-1,-1,-1,1.0,1.0,-1.0,0.0,-0.3333333333333333,0.12150000000000001,-1,-1,-1,0.356862745098039,0.694117647058824,0.803921568627451
111.35556554794312,0.0,-0.008442814991295318,0.03,1,1,1,0.0,0.3333333333333333,0.09841500000000002,-1,-1,-1,1.0,1.0,-1.0,0.0,-0.3333333333333333,0.12150000000000001,-1,-1,-1,0.356862745098039,0.694117647058824,0.803921568627451
111.39050078392029,0.0,-0.005229911923988945,0.03,1,1,1,0.0,0.3333333333333333,0.09841500000000002,-1,-1,-1,1.0,1.0,-1.0,0.0,-0.3333333333333333,0.12150000000000001,-1,-1,-1,0.356862745098039,0.694117647058824,0.803921568627451
111.4248263835907,0.0,-0.0020170088566825706,0.03,1,1,1,0.0,0.3333333333333333,0.09841500000000002,-1,-1,-1,1.0,1.0,-1.0,0.0,-0.3333333333333333,0.12150000000000001,-1,-1,-1,0.356862745098039,0.694117647058824,0.803921568627451
111.4594476222992,0.0,0.0011958942106238026,0.03,1,1,1,0.0,0.3333333333333333,0.09841500000000002,-1,-1,-1,1.0,1.0,-1.0,0.0,-0.3333333333333333,0.12150000000000001,-1,-1,-1,0.356862745098039,0.694117647058824,0.803921568627451
111.4946916103363,0.0,0.004408797277930176,0.03,1,1,1,0.0,0.3333333333333333,0.09841500000000002,-1,-1,-1,1.0,1.0,-1.0,0.0,-0.3333333333333333,0.12150000000000001,-1,-1,-1,0.356862745098039,0.694117647058824,0.803921568627451
111.53833079338074,0.0,0.007621700345236551,0.03,1,1,1,0.0,0.3333333333333333,0.09841500000000002,-1,-1,-1,1.0,1.0,-1.0,0.0,-0.3333333333333333,0.12150000000000001,-1,-1,-1,0.356862745098039,0.694117647058824,0.803921568627451
111.57179880142212,0.0,0.010834603412542925,0.03,1,1,1,0.0,0.3333333333333333,0.09841500000000002,-1,-1,-1,1.0,1.0,-1.0,0.0,-0.3333333333333333,0.12150000000000001,-1,-1,-1,0.356862745098039,0.694117647058824,0.803921568627451
111.60605430603027,0.0,0.0140475064798493,0.03,1,1,1,0.0,0.3333333333333333,0.09841500000000002,-1,-1,-1,1.0,1.0,-1.0,0.0,-0.3333333333333333,0.12150000000000001,-1,-1,-1,0.356862745098039,0.694117647058824,0.803921568627451
111.64060664176941,0.0,0.017260409547155676,0.03,1,1,1,0.0,0.3333333333333333,0.09841500000000002,-1,-1,-1,1.0,1.0,-1.0,0.0,-0.3333333333333333,0.12150000000000001,-1,-1,-1,0.356862745098039,0.694117647058824,0.803921568627451
111.67539954185486,0.0,0.02047331261446205,0.03,1,1,1,0.0,0.3333333333333333,0.09841500000000002,-1,-1,-1,1.0,1.0,-1.0,0.0,-0.3333333333333333,0.12150000000000001,-1,-1,-1,0.356862745098039,0.694117647058824,0.803921568627451
111.71069645881653,0.0,0.023686215681768426,0.03,1,1,1,0.0,0.3333333333333333,0.09841500000000002,-1,-1,-1,1.0,1.0,-1.0,0.0,-0.3333333333333333,0.12150000000000001,-1,-1,-1,0.356862745098039,0.694117647058824,0.803921568627451
111.75953984260559,0.0,0.026899118749074802,0.03,1,1,1,0.0,0.3333333333333333,0.09841500000000002,-1,-1,-1,1.0,1.0,-1.0,0.0,-0.3333333333333333,0.12150000000000001,-1,-1,-1,0.356862745098039,0.694117647058824,0.803921568627451
111.79387640953064,0.0,0.030112021816381177,0.03,1,1,1,0.0,0.3333333333333333,0.09841500000000002,-1,-1,-1,1.0,1.0,-1.0,0.0,-0.3333333333333333,0.12150000000000001,-1,-1,-1,0.356862745098039,0.694117647058824,0.803921568627451
111.8285174369812,0.0,0.03332492488368754,0.03,1,1,1,0.0,0.3333333333333333,0.09841500000000002,-1,-1,-1,1.0,1.0,-1.0,0.0,-0.3333333333333333,0.12150000000000001,-1,-1,-1,0.356862745098039,0.694117647058824,0.803921568627451
111.86334705352783,0.0,0.0365378279509939,0.03,1,1,1,0.0,0.3333333333333333,0.09841500000000002,-1,-1,-1,1.0,1.0,-1.0,0.0,-0.3333333333333333,0.12150000000000001,-1,-1,-1,0.356862745098039,0.694117647058824,0.803921568627451
111.90890836715698,0.0,0.039750731018300255,0.03,1,1,1,0.0,0.3333333333333333,0.09841500000000002,-1,-1,-1,1.0,1.0,-1.0,0.0,-0.3333333333333333,0.12150000000000001,-1,-1,-1,0.356862745098039,0.694117647058824,0.803921568627451
111.94678330421448,0.0,0.04296363408560661,0.03,1,1,1,0.0,0.3333333333333333,0.09841500000000002,-1,-1,-1,1.0,1.0,-1.0,0.0,-0.3333333333333333,0.12150000000000001,-1,-1,-1,0.356862745098039,0.694117647058824,0.803921568627451
111.988760471344,0.0,0.04617653715291297,0.03,1,1,1,0.0,0.3333333333333333,0.09841500000000002,-1,-1,-1,1.0,1.0,-1.0,0.0,-0.3333333333333333,0.12150000000000001,-1,-1,-1,0.356862745098039,0.694117647058824,0.803921568627451
112.02357292175293,0.0,0.04938944022021933,0.03,1,1,1,0.0,0.3333333333333333,0.09841500000000002,-1,-1,-1,1.0,1.0,-1.0,0.0,-0.3333333333333333,0.12150000000000001,-1,-1,-1,0.356862745098039,0.694117647058824,0.803921568627451
112.05774331092834,0.0,0.05260234328752569,0.03,1,1,1,0.0,0.3333333333333333,0.09841500000000002,-1,-1,-1,1.0,1.0,-1.0,0.0,-0.3333333333333333,0.12150000000000001,-1,-1,-1,0.356862745098039,0.694117647058824,0.803921568627451
112.0920934677124,0.0,0.055815246354832045,0.03,1,1,1,0.0,0.3333333333333333,0.09841500000000002,-1,-1,-1,1.0,1.0,-1.0,0.0,-0.3333333333333333,0.12150000000000001,-1,-1,-1,0.356862745098039,0.694117647058824,0.803921568627451
112.13420987129211,0.0,0.0590281494221384,0.03,1,1,1,0.0,0.3333333333333333,0.09841500000000002,-1,-1,-1,1.0,1.0,-1.0,0.0,-0.3333333333333333,0.12150000000000001,-1,-1,-1,0.356862745098039,0.694117647058824,0.803921568627451
112.17721056938171,0.0,0.06224105248944475,0.03,1,1,1,0.0,0.3333333333333333,0.09841500000000002,-1,-1,-1,1.0,1.0,-1.0,0.0,-0.3333333333333333,0.12150000000000001,-1,-1,-1,0.356862745098039,0.694117647058824,0.803921568627451
112.21062684059143,0.0,0.06545395555675111,0.03,1,1,1,0.0,0.3333333333333333,0.09841500000000002,-1,-1,-1,1.0,1.0,-1.0,0.0,-0.3333333333333333,0.12150000000000001,-1,-1,-1,0.356862745098039,0.694117647058824,0.803921568627451
112.24515342712402,0.0,0.06866685862405747,0.03,1,1,1,0.0,0.3333333333333333,0.09841500000000002,-1,-1,-1,1.0,1.0,-1.0,0.0,-0.3333333333333333,0.12150000000000001,-1,-1,-1,0.356862745098039,0.694117647058824,0.803921568627451
112.28052425384521,0.0,0.07187976169136383,0.03,1,1,1,0.0,0.3333333333333333,0.09841500000000002,-1,-1,-1,1.0,1.0,-1.0,0.0,-0.3333333333333333,0.12150000000000001,-1,-1,-1,0.356862745098039,0.694117647058824,0.803921568627451
112.32848072052002,0.0,0.07509266475867019,0.03,1,1,1,0.0,0.3333333333333333,0.09841500000000002,-1,-1,-1,1.0,1.0,-1.0,0.0,-0.3333333333333333,0.12150000000000001,-1,-1,-1,0.356862745098039,0.694117647058824,0.803921568627451
112.37021803855896,0.0,0.07147018568344438,0.03,1,1,1,0.0,0.3333333333333333,0.09841500000000002,-1,-1,-1,1.0,1.0,-1.0,0.0,-0.3333333333333333,0.12150000000000001,-1,-1,-1,0.356862745098039,0.694117647058824,0.803921568627451
112.41002702713013,0.0,0.06784770660821857,0.03,1,1,1,0.0,0.3333333333333333,0.09841500000000002,-1,-1,-1,1.0,1.0,-1.0,0.0,-0.3333333333333333,0.12150000000000001,-1,-1,-1,0.356862745098039,0.694117647058824,0.803921568627451
112.4438374042511,0.0,0.06422522753299276,0.03,1,1,1,0.0,0.3333333333333333,0.09841500000000002,-1,-1,-1,1.0,1.0,-1.0,0.0,-0.3333333333333333,0.12150000000000001,-1,-1,-1,0.356862745098039,0.694117647058824,0.803921568627451
112.47913908958435,0.0,0.06060274845776694,0.03,1,1,1,0.0,0.3333333333333333,0.09841500000000002,-1,-1,-1,1.0,1.0,-1.0,0.0,-0.3333333333333333,0.12150000000000001,-1,-1,-1,0.356862745098039,0.694117647058824,0.803921568627451
112.5155782699585,0.0,0.05698026938254113,0.03,1,1,1,0.0,0.3333333333333333,0.09841500000000002,-1,-1,-1,1.0,1.0,-1.0,0.0,-0.3333333333333333,0.12150000000000001,-1,-1,-1,0.356862745098039,0.694117647058824,0.803921568627451
112.55687379837036,0.0,0.05335779030731532,0.03,1,1,1,0.0,0.3333333333333333,0.09841500000000002,-1,-1,-1,1.0,1.0,-1.0,0.0,-0.3333333333333333,0.12150000000000001,-1,-1,-1,0.356862745098039,0.694117647058824,0.803921568627451
112.59184217453003,0.0,0.04973531123208951,0.03,1,1,1,0.0,0.3333333333333333,0.09841500000000002,-1,-1,-1,1.0,1.0,-1.0,0.0,-0.3333333333333333,0.12150000000000001,-1,-1,-1,0.356862745098039,0.694117647058824,0.803921568627451
112.62628269195557,0.0,0.0461128321568637,0.03,1,1,1,0.0,0.3333333333333333,0.09841500000000002,-1,-1,-1,1.0,1.0,-1.0,0.0,-0.3333333333333333,0.12150000000000001,-1,-1,-1,0.356862745098039,0.694117647058824,0.803921568627451
112.66065859794617,0.0,0.04249035308163789,0.03,1,1,1,0.0,0.3333333333333333,0.09841500000000002,-1,-1,-1,1.0,1.0,-1.0,0.0,-0.3333333333333333,0.12150000000000001,-1,-1,-1,0.356862745098039,0.694117647058824,0.803921568627451
112.70323586463928,0.0,0.03886787400641208,0.03,1,1,1,0.0,0.3333333333333333,0.09841500000000002,-1,-1,-1,1.0,1.0,-1.0,0.0,-0.3333333333333333,0.12150000000000001,-1,-1,-1,0.356862745098039,0.694117647058824,0.803921568627451
112.7462248802185,0.0,0.03524539493118627,0.03,1,1,1,0.0,0.3333333333333333,0.09841500000000002,-1,-1,-1,1.0,1.0,-1.0,0.0,-0.3333333333333333,0.12150000000000001,-1,-1,-1,0.356862745098039,0.694117647058824,0.803921568627451
112.7810320854187,0.0,0.031622915855960464,0.03,1,1,1,0.0,0.3333333333333333,0.09841500000000002,-1,-1,-1,1.0,1.0,-1.0,0.0,-0.3333333333333333,0.12150000000000001,-1,-1,-1,0.356862745098039,0.694117647058824,0.803921568627451
112.81540703773499,0.0,0.02800043678073466,0.03,1,1,1,0.0,0.3333333333333333,0.09841500000000002,-1,-1,-1,1.0,1.0,-1.0,0.0,-0.3333333333333333,0.12150000000000001,-1,-1,-1,0.356862745098039,0.694117647058824,0.803921568627451
112.84906482696533,0.0,0.02437795770550885,0.03,1,1,1,0.0,0.3333333333333333,0.09841500000000002,-1,-1,-1,1.0,1.0,-1.0,0.0,-0.3333333333333333,0.12150000000000001,-1,-1,-1,0.356862745098039,0.694117647058824,0.803921568627451
112.8840012550354,0.0,0.020755478630283042,0.03,1,1,1,0.0,0.3333333333333333,0.09841500000000002,-1,-1,-1,1.0,1.0,-1.0,0.0,-0.3333333333333333,0.12150000000000001,-1,-1,-1,0.356862745098039,0.694117647058824,0.803921568627451
112.91853952407837,0.0,0.017132999555057232,0.03,1,1,1,0.0,0.3333333333333333,0.09841500000000002,-1,-1,-1,1.0,1.0,-1.0,0.0,-0.3333333333333333,0.12150000000000001,-1,-1,-1,0.356862745098039,0.694117647058824,0.803921568627451
112.95992588996887,0.0,0.013510520479831423,0.03,1,1,1,0.0,0.3333333333333333,0.09841500000000002,-1,-1,-1,1.0,1.0,-1.0,0.0,-0.3333333333333333,0.12150000000000001,-1,-1,-1,0.356862745098039,0.694117647058824,0.803921568627451
112.99494361877441,0.0,0.009888041404605613,0.03,1,1,1,0.0,0.3333333333333333,0.09841500000000002,-1,-1,-1,1.0,1.0,-1.0,0.0,-0.3333333333333333,0.12150000000000001,-1,-1,-1,0.356862745098039,0.694117647058824,0.803921568627451
113.02987289428711,0.0,0.006265562329379805,0.03,1,1,1,0.0,0.3333333333333333,0.09841500000000002,-1,-1,-1,1.0,1.0,-1.0,0.0,-0.3333333333333333,0.12150000000000001,-1,-1,-1,0.356862745098039,0.694117647058824,0.803921568627451
113.06446528434753,0.0,0.002643083254154,0.03,1,1,1,0.0,0.3333333333333333,0.09841500000000002,-1,-1,-1,1.0,1.0,-1.0,0.0,-0.3333333333333333,0.12150000000000001,-1,-1,-1,0.356862745098039,0.694117647058824,0.803921568627451
113.09912872314453,0.0,-0.0009793958210718057,0.03,1,1,1,0.0,0.3333333333333333,0.09841500000000002,-1,-1,-1,1.0,1.0,-1.0,0.0,-0.3333333333333333,0.12150000000000001,-1,-1,-1,0.356862745098039,0.694117647058824,0.803921568627451
113.14067959785461,0.0,-0.004601874896297611,0.03,1,1,1,0.0,0.3333333333333333,0.09841500000000002,-1,-1,-1,1.0,1.0,-1.0,0.0,-0.3333333333333333,0.12150000000000001,-1,-1,-1,0.356862745098039,0.694117647058824,0.803921568627451
113.17554426193237,0.0,-0.008224353971523416,0.03,1,1,1,0.0,0.3333333333333333,0.09841500000000002,-1,-1,-1,1.0,1.0,-1.0,0.0,-0.3333333333333333,0.12150000000000001,-1,-1,-1,0.356862745098039,0.694117647058824,0.803921568627451
113.2105827331543,0.0,-0.011846833046749225,0.03,1,1,1,0.0,0.3333333333333333,0.09841500000000002,-1,-1,-1,1.0,1.0,-1.0,0.0,-0.3333333333333333,0.12150000000000001,-1,-1,-1,0.356862745098039,0.694117647058824,0.803921568627451
113.24952936172485,0.0,-0.015469312121975035,0.03,1,1,1,0.0,0.3333333333333333,0.09841500000000002,-1,-1,-1,1.0,1.0,-1.0,0.0,-0.3333333333333333,0.12150000000000001,-1,-1,-1,0.356862745098039,0.694117647058824,0.803921568627451
113.28377103805542,0.0,-0.019091791197200843,0.03,1,1,1,0.0,0.3333333333333333,0.09841500000000002,-1,-1,-1,1.0,1.0,-1.0,0.0,-0.3333333333333333,0.12150000000000001,-1,-1,-1,0.356862745098039,0.694117647058824,0.803921568627451
113.31872200965881,0.0,-0.022714270272426652,0.03,1,1,1,0.0,0.3333333333333333,0.09841500000000002,-1,-1,-1,1.0,1.0,-1.0,0.0,-0.3333333333333333,0.12150000000000001,-1,-1,-1,0.356862745098039,0.694117647058824,0.803921568627451
113.35616946220398,0.0,-0.026336749347652462,0.03,1,1,1,0.0,0.3333333333333333,0.09841500000000002,-1,-1,-1,1.0,1.0,-1.0,0.0,-0.3333333333333333,0.12150000000000001,-1,-1,-1,0.356862745098039,0.694117647058824,0.803921568627451
113.3978283405304,0.0,-0.02995922842287827,0.03,1,1,1,0.0,0.3333333333333333,0.09841500000000002,-1,-1,-1,1.0,1.0,-1.0,0.0,-0.3333333333333333,0.12150000000000001,-1,-1,-1,0.356862745098039,0.694117647058824,0.803921568627451
113.4322738647461,0.0,-0.033581707498104074,0.03,1,1,1,0.0,0.3333333333333333,0.09841500000000002,-1,-1,-1,1.0,1.0,-1.0,0.0,-0.3333333333333333,0.12150000000000001,-1,-1,-1,0.356862745098039,0.694117647058824,0.803921568627451
113.46691489219666,0.0,-0.037204186573329884,0.03,1,1,1,0.0,0.3333333333333333,0.09841500000000002,-1,-1,-1,1.0,1.0,-1.0,0.0,-0.3333333333333333,0.12150000000000001,-1,-1,-1,0.356862745098039,0.694117647058824,0.803921568627451
113.50229549407959,0.0,-0.04082666564855569,0.03,1,1,1,0.0,0.3333333333333333,0.09841500000000002,-1,-1,-1,1.0,1.0,-1.0,0.0,-0.3333333333333333,0.12150000000000001,-1,-1,-1,0.356862745098039,0.694117647058824,0.803921568627451
113.54387378692627,0.0,-0.04254395685698168,0.03,1,1,1,0.0,0.3333333333333333,0.09841500000000002,-1,-1,-1,1.0,1.0,-1.0,0.0,-0.3333333333333333,0.12150000000000001,-1,-1,-1,0.356862745098039,0.694117647058824,0.803921568627451
113.58674263954163,0.0,-0.03664049659820838,0.03,1,1,1,0.0,0.3333333333333333,0.09841500000000002,-1,-1,-1,1.0,1.0,-1.0,0.0,-0.3333333333333333,0.12150000000000001,-1,-1,-1,0.356862745098039,0.694117647058824,0.803921568627451
113.62080812454224,0.0,-0.03073703633943508,0.03,1,1,1,0.0,0.3333333333333333,0.09841500000000002,-1,-1,-1,1.0,1.0,-1.0,0.0,-0.3333333333333333,0.12150000000000001,-1,-1,-1,0.356862745098039,0.694117647058824,0.803921568627451
113.65435528755188,0.0,-0.02483357608066178,0.03,1,1,1,0.0,0.3333333333333333,0.09841500000000002,-1,-1,-1,1.0,1.0,-1.0,0.0,-0.3333333333333333,0.12150000000000001,-1,-1,-1,0.356862745098039,0.694117647058824,0.803921568627451
113.69087672233582,0.0,-0.018930115821888478,0.03,1,1,1,0.0,0.3333333333333333,0.09841500000000002,-1,-1,-1,1.0,1.0,-1.0,0.0,-0.3333333333333333,0.12150000000000001,-1,-1,-1,0.356862745098039,0.694117647058824,0.803921568627451
113.72557091712952,0.0,-0.013026655563115181,0.03,1,1,1,0.0,0.3333333333333333,0.09841500000000002,-1,-1,-1,1.0,1.0,-1.0,0.0,-0.3333333333333333,0.12150000000000001,-1,-1,-1,0.356862745098039,0.694117647058824,0.803921568627451
113.76571893692017,0.0,-0.007123195304341889,0.03,1,1,1,0.0,0.3333333333333333,0.09841500000000002,-1,-1,-1,1.0,1.0,-1.0,0.0,-0.3333333333333333,0.12150000000000001,-1,-1,-1,0.356862745098039,0.694117647058824,0.803921568627451
113.8006501197815,0.0,-0.001219735045568597,0.03,1,1,1,0.0,0.3333333333333333,0.09841500000000002,-1,-1,-1,1.0,1.0,-1.0,0.0,-0.3333333333333333,0.12150000000000001,-1,-1,-1,0.356862745098039,0.694117647058824,0.803921568627451
113.83516502380371,0.0,0.004683725213204695,0.03,1,1,1,0.0,0.3333333333333333,0.09841500000000002,-1,-1,-1,1.0,1.0,-1.0,0.0,-0.3333333333333333,0.12150000000000001,-1,-1,-1,0.356862745098039,0.694117647058824,0.803921568627451
113.86927199363708,0.0,0.010587185471977987,0.03,1,1,1,0.0,0.3333333333333333,0.09841500000000002,-1,-1,-1,1.0,1.0,-1.0,0.0,-0.3333333333333333,0.12150000000000001,-1,-1,-1,0.356862745098039,0.694117647058824,0.803921568627451
113.90396499633789,0.0,0.01649064573075128,0.03,1,1,1,0.0,0.3333333333333333,0.09841500000000002,-1,-1,-1,1.0,1.0,-1.0,0.0,-0.3333333333333333,0.12150000000000001,-1,-1,-1,0.356862745098039,0.694117647058824,0.803921568627451
113.93883895874023,0.0,0.022394105989524578,0.03,1,1,1,0.0,0.3333333333333333,0.09841500000000002,-1,-1,-1,1.0,1.0,-1.0,0.0,-0.3333333333333333,0.12150000000000001,-1,-1,-1,0.356862745098039,0.694117647058824,0.803921568627451
113.98051881790161,0.0,0.02829756624829788,0.03,1,1,1,0.0,0.3333333333333333,0.09841500000000002,-1,-1,-1,1.0,1.0,-1.0,0.0,-0.3333333333333333,0.12150000000000001,-1,-1,-1,0.356862745098039,0.694117647058824,0.803921568627451
114.01526832580566,0.0,0.03420102650707118,0.03,1,1,1,0.0,0.3333333333333333,0.09841500000000002,-1,-1,-1,1.0,1.0,-1.0,0.0,-0.3333333333333333,0.12150000000000001,-1,-1,-1,0.356862745098039,0.694117647058824,0.803921568627451
114.04989266395569,0.0,0.04010448676584448,0.03,1,1,1,0.0,0.3333333333333333,0.09841500000000002,-1,-1,-1,1.0,1.0,-1.0,0.0,-0.3333333333333333,0.12150000000000001,-1,-1,-1,0.356862745098039,0.694117647058824,0.803921568627451
114.08904433250427,0.0,0.04600794702461778,0.03,1,1,1,0.0,0.3333333333333333,0.09841500000000002,-1,-1,-1,1.0,1.0,-1.0,0.0,-0.3333333333333333,0.12150000000000001,-1,-1,-1,0.356862745098039,0.694117647058824,0.803921568627451
114.12347340583801,0.0,0.05191140728339108,0.03,1,1,1,0.0,0.3333333333333333,0.09841500000000002,-1,-1,-1,1.0,1.0,-1.0,0.0,-0.3333333333333333,0.12150000000000001,-1,-1,-1,0.356862745098039,0.694117647058824,0.803921568627451
114.15816807746887,0.0,0.05781486754216438,0.03,1,1,1,0.0,0.3333333333333333,0.09841500000000002,-1,-1,-1,1.0,1.0,-1.0,0.0,-0.3333333333333333,0.12150000000000001,-1,-1,-1,0.356862745098039,0.694117647058824,0.803921568627451
114.19580578804016,0.0,0.06371832780093768,0.03,1,1,1,0.0,0.3333333333333333,0.09841500000000002,-1,-1,-1,1.0,1.0,-1.0,0.0,-0.3333333333333333,0.12150000000000001,-1,-1,-1,0.356862745098039,0.694117647058824,0.803921568627451
114.23012614250183,0.0,0.06962178805971095,0.03,1,1,1,0.0,0.3333333333333333,0.09841500000000002,-1,-1,-1,1.0,1.0,-1.0,0.0,-0.3333333333333333,0.12150000000000001,-1,-1,-1,0.356862745098039,0.694117647058824,0.803921568627451
114.265127658844,0.0,0.07552524831848421,0.03,1,1,1,0.0,0.3333333333333333,0.09841500000000002,-1,-1,-1,1.0,1.0,-1.0,0.0,-0.3333333333333333,0.12150000000000001,-1,-1,-1,0.356862745098039,0.694117647058824,0.803921568627451
114.29972577095032,0.0,0.08142870857725748,0.03,1,1,1,0.0,0.3333333333333333,0.09841500000000002,-1,-1,-1,1.0,1.0,-1.0,0.0,-0.3333333333333333,0.12150000000000001,-1,-1,-1,0.356862745098039,0.694117647058824,0.803921568627451
114.33455610275269,0.0,0.08733216883603075,0.03,1,1,1,0.0,0.3333333333333333,0.09841500000000002,-1,-1,-1,1.0,1.0,-1.0,0.0,-0.3333333333333333,0.12150000000000001,-1,-1,-1,0.356862745098039,0.694117647058824,0.803921568627451
114.37645101547241,0.0,0.09323562909480401,0.03,1,1,1,0.0,0.3333333333333333,0.09841500000000002,-1,-1,-1,1.0,1.0,-1.0,0.0,-0.3333333333333333,0.12150000000000001,-1,-1,-1,0.356862745098039,0.694117647058824,0.803921568627451
114.41212368011475,0.0,0.09913908935357728,0.03,1,1,1,0.0,0.3333333333333333,0.09841500000000002,-1,-1,-1,1.0,1.0,-1.0,0.0,-0.3333333333333333,0.12150000000000001,-1,-1,-1,0.356862745098039,0.694117647058824,0.803921568627451
114.4463369846344,0.0,0.10504254961235054,0.03,1,1,1,0.0,0.3333333333333333,0.09841500000000002,-1,-1,-1,1.0,1.0,-1.0,0.0,-0.3333333333333333,0.12150000000000001,-1,-1,-1,0.356862745098039,0.694117647058824,0.803921568627451
114.4807562828064,0.0,0.11094600987112381,0.03,1,1,1,0.0,0.3333333333333333,0.09841500000000002,-1,-1,-1,1.0,1.0,-1.0,0.0,-0.3333333333333333,0.12150000000000001,-1,-1,-1,0.356862745098039,0.694117647058824,0.803921568627451
114.51540327072144,0.0,0.11684947012989708,0.03,1,1,1,0.0,0.3333333333333333,0.09841500000000002,-1,-1,-1,1.0,1.0,-1.0,0.0,-0.3333333333333333,0.12150000000000001,-1,-1,-1,0.356862745098039,0.694117647058824,0.803921568627451
114.5502188205719,0.0,0.12275293038867031,0.03,1,1,1,0.0,0.3333333333333333,0.09841500000000002,-1,-1,-1,1.0,1.0,-1.0,0.0,-0.3333333333333333,0.12150000000000001,-1,-1,-1,0.356862745098039,0.694117647058824,0.803921568627451
114.59304332733154,0.0,0.12865639064744364,0.03,1,1,1,0.0,0.3333333333333333,0.09841500000000002,-1,-1,-1,1.0,1.0,-1.0,0.0,-0.3333333333333333,0.12150000000000001,-1,-1,-1,0.356862745098039,0.694117647058824,0.803921568627451
114.62677383422852,0.0,0.13455985090621697,0.03,1,1,1,0.0,0.3333333333333333,0.09841500000000002,-1,-1,-1,1.0,1.0,-1.0,0.0,-0.3333333333333333,0.12150000000000001,-1,-1,-1,0.356862745098039,0.694117647058824,0.803921568627451
114.66088247299194,0.0,0.1404633111649903,0.03,1,1,1,0.0,0.3333333333333333,0.09841500000000002,-1,-1,-1,1.0,1.0,-1.0,0.0,-0.3333333333333333,0.12150000000000001,-1,-1,-1,0.356862745098039,0.694117647058824,0.803921568627451
114.69629383087158,0.0,0.14636677142376364,0.03,1,1,1,0.0,0.3333333333333333,0.09841500000000002,-1,-1,-1,1.0,1.0,-1.0,0.0,-0.3333333333333333,0.12150000000000001,-1,-1,-1,0.356862745098039,0.694117647058824,0.803921568627451
114.73135638237,0.0,0.15227023168253698,0.03,1,1,1,0.0,0.3333333333333333,0.09841500000000002,-1,-1,-1,1.0,1.0,-1.0,0.0,-0.3333333333333333,0.12150000000000001,-1,-1,-1,0.356862745098039,0.694117647058824,0.803921568627451
114.76695084571838,0.0,0.15501627709061122,0.03,1,1,1,0.0,0.3333333333333333,0.09841500000000002,-1,-1,-1,1.0,1.0,-1.0,0.0,-0.3333333333333333,0.12150000000000001,-1,-1,-1,0.356862745098039,0.694117647058824,0.803921568627451
114.81437063217163,0.0,0.1569729687860107,0.03,1,1,1,0.0,0.3333333333333333,0.09841500000000002,-1,-1,-1,1.0,1.0,-1.0,0.0,-0.3333333333333333,0.12150000000000001,-1,-1,-1,0.356862745098039,0.694117647058824,0.803921568627451
114.84900093078613,0.0,0.15892966048141016,0.03,1,1,1,0.0,0.3333333333333333,0.09841500000000002,-1,-1,-1,1.0,1.0,-1.0,0.0,-0.3333333333333333,0.12150000000000001,-1,-1,-1,0.356862745098039,0.694117647058824,0.803921568627451
114.88373970985413,0.0,0.16088635217680963,0.03,1,1,1,0.0,0.3333333333333333,0.09841500000000002,-1,-1,-1,1.0,1.0,-1.0,0.0,-0.3333333333333333,0.12150000000000001,-1,-1,-1,0.356862745098039,0.694117647058824,0.803921568627451
114.91917848587036,0.0,0.1628430438722091,0.03,1,1,1,0.0,0.3333333333333333,0.09841500000000002,-1,-1,-1,1.0,1.0,-1.0,0.0,-0.3333333333333333,0.12150000000000001,-1,-1,-1,0.356862745098039,0.694117647058824,0.803921568627451
114.9537250995636,0.0,0.16479973556760857,0.03,1,1,1,0.0,0.3333333333333333,0.09841500000000002,-1,-1,-1,1.0,1.0,-1.0,0.0,-0.3333333333333333,0.12150000000000001,-1,-1,-1,0.356862745098039,0.694117647058824,0.803921568627451
114.99925661087036,0.0,0.16675642726300804,0.03,1,1,1,0.0,0.3333333333333333,0.09841500000000002,-1,-1,-1,1.0,1.0,-1.0,0.0,-0.3333333333333333,0.12150000000000001,-1,-1,-1,0.356862745098039,0.694117647058824,0.803921568627451
115.03677177429199,0.0,0.16871311895840752,0.03,1,1,1,0.0,0.3333333333333333,0.09841500000000002,-1,-1,-1,1.0,1.0,-1.0,0.0,-0.3333333333333333,0.12150000000000001,-1,-1,-1,0.356862745098039,0.694117647058824,0.803921568627451
115.07156014442444,0.0,0.17066981065380699,0.03,1,1,1,0.0,0.3333333333333333,0.09841500000000002,-1,-1,-1,1.0,1.0,-1.0,0.0,-0.3333333333333333,0.12150000000000001,-1,-1,-1,0.356862745098039,0.694117647058824,0.803921568627451
115.10654282569885,0.0,0.17262650234920646,0.03,1,1,1,0.0,0.3333333333333333,0.09841500000000002,-1,-1,-1,1.0,1.0,-1.0,0.0,-0.3333333333333333,0.12150000000000001,-1,-1,-1,0.356862745098039,0.694117647058824,0.803921568627451
115.14060401916504,0.0,0.17458319404460593,0.03,1,1,1,0.0,0.3333333333333333,0.09841500000000002,-1,-1,-1,1.0,1.0,-1.0,0.0,-0.3333333333333333,0.12150000000000001,-1,-1,-1,0.356862745098039,0.694117647058824,0.803921568627451
115.1822144985199,0.0,0.1765398857400054,0.03,1,1,1,0.0,0.3333333333333333,0.09841500000000002,-1,-1,-1,1.0,1.0,-1.0,0.0,-0.3333333333333333,0.12150000000000001,-1,-1,-1,0.356862745098039,0.694117647058824,0.803921568627451
115.22376751899719,0.0,0.17849657743540487,0.03,1,1,1,0.0,0.3333333333333333,0.09841500000000002,-1,-1,-1,1.0,1.0,-1.0,0.0,-0.3333333333333333,0.12150000000000001,-1,-1,-1,0.356862745098039,0.694117647058824,0.803921568627451
115.25898265838623,0.0,0.18045326913080434,0.03,1,1,1,0.0,0.3333333333333333,0.09841500000000002,-1,-1,-1,1.0,1.0,-1.0,0.0,-0.3333333333333333,0.12150000000000001,-1,-1,-1,0.356862745098039,0.694117647058824,0.803921568627451
115.29323196411133,0.0,0.1824099608262038,0.03,1,1,1,0.0,0.3333333333333333,0.09841500000000002,-1,-1,-1,1.0,1.0,-1.0,0.0,-0.3333333333333333,0.12150000000000001,-1,-1,-1,0.356862745098039,0.694117647058824,0.803921568627451
115.327885389328,0.0,0.18436665252160328,0.03,1,1,1,0.0,0.3333333333333333,0.09841500000000002,-1,-1,-1,1.0,1.0,-1.0,0.0,-0.3333333333333333,0.12150000000000001,-1,-1,-1,0.356862745098039,0.694117647058824,0.803921568627451
115.36661267280579,0.0,0.18632334421700275,0.03,1,1,1,0.0,0.3333333333333333,0.09841500000000002,-1,-1,-1,1.0,1.0,-1.0,0.0,-0.3333333333333333,0.12150000000000001,-1,-1,-1,0.356862745098039,0.694117647058824,0.803921568627451
115.40083479881287,0.0,0.18828003591240222,0.03,1,1,1,0.0,0.3333333333333333,0.09841500000000002,-1,-1,-1,1.0,1.0,-1.0,0.0,-0.3333333333333333,0.12150000000000001,-1,-1,-1,0.356862745098039,0.694117647058824,0.803921568627451
115.43940424919128,0.0,0.1902367276078017,0.03,1,1,1,0.0,0.3333333333333333,0.09841500000000002,-1,-1,-1,1.0,1.0,-1.0,0.0,-0.3333333333333333,0.12150000000000001,-1,-1,-1,0.356862745098039,0.694117647058824,0.803921568627451
115.4811418056488,0.0,0.19219341930320116,0.03,1,1,1,0.0,0.3333333333333333,0.09841500000000002,-1,-1,-1,1.0,1.0,-1.0,0.0,-0.3333333333333333,0.12150000000000001,-1,-1,-1,0.356862745098039,0.694117647058824,0.803921568627451
115.51615452766418,0.0,0.19415011099860063,0.03,1,1,1,0.0,0.3333333333333333,0.09841500000000002,-1,-1,-1,1.0,1.0,-1.0,0.0,-0.3333333333333333,0.12150000000000001,-1,-1,-1,0.356862745098039,0.694117647058824,0.803921568627451
115.55073833465576,0.0,0.1961068026940001,0.03,1,1,1,0.0,0.3333333333333333,0.09841500000000002,-1,-1,-1,1.0,1.0,-1.0,0.0,-0.3333333333333333,0.12150000000000001,-1,-1,-1,0.356862745098039,0.694117647058824,0.803921568627451
115.58511424064636,0.0,0.19806349438939957,0.03,1,1,1,0.0,0.3333333333333333,0.09841500000000002,-1,-1,-1,1.0,1.0,-1.0,0.0,-0.3333333333333333,0.12150000000000001,-1,-1,-1,0.356862745098039,0.694117647058824,0.803921568627451
115.62663054466248,0.0,0.20002018608479905,0.03,1,1,1,0.0,0.3333333333333333,0.09841500000000002,-1,-1,-1,1.0,1.0,-1.0,0.0,-0.3333333333333333,0.12150000000000001,-1,-1,-1,0.356862745098039,0.694117647058824,0.803921568627451
115.66881585121155,0.0,0.20197687778019852,0.03,1,1,1,0.0,0.3333333333333333,0.09841500000000002,-1,-1,-1,1.0,1.0,-1.0,0.0,-0.3333333333333333,0.12150000000000001,-1,-1,-1,0.356862745098039,0.694117647058824,0.803921568627451
115.70298051834106,0.0,0.203933569475598,0.03,1,1,1,0.0,0.3333333333333333,0.09841500000000002,-1,-1,-1,1.0,1.0,-1.0,0.0,-0.3333333333333333,0.12150000000000001,-1,-1,-1,0.356862745098039,0.694117647058824,0.803921568627451
115.73749947547913,0.0,0.20589026117099746,0.03,1,1,1,0.0,0.3333333333333333,0.09841500000000002,-1,-1,-1,1.0,1.0,-1.0,0.0,-0.3333333333333333,0.12150000000000001,-1,-1,-1,0.356862745098039,0.694117647058824,0.803921568627451
115.77188873291016,0.0,0.20784695286639693,0.03,1,1,1,0.0,0.3333333333333333,0.09841500000000002,-1,-1,-1,1.0,1.0,-1.0,0.0,-0.3333333333333333,0.12150000000000001,-1,-1,-1,0.356862745098039,0.694117647058824,0.803921568627451
115.80684399604797,0.0,0.2098036445617964,0.03,1,1,1,0.0,0.3333333333333333,0.09841500000000002,-1,-1,-1,1.0,1.0,-1.0,0.0,-0.3333333333333333,0.12150000000000001,-1,-1,-1,0.356862745098039,0.694117647058824,0.803921568627451
115.84881925582886,0.0,0.21176033625719587,0.03,1,1,1,0.0,0.3333333333333333,0.09841500000000002,-1,-1,-1,1.0,1.0,-1.0,0.0,-0.3333333333333333,0.12150000000000001,-1,-1,-1,0.356862745098039,0.694117647058824,0.803921568627451
115.8829071521759,0.0,0.21371702795259534,0.03,1,1,1,0.0,0.3333333333333333,0.09841500000000002,-1,-1,-1,1.0,1.0,-1.0,0.0,-0.3333333333333333,0.12150000000000001,-1,-1,-1,0.356862745098039,0.694117647058824,0.803921568627451
115.91753673553467,0.0,0.2156737196479948,0.03,1,1,1,0.0,0.3333333333333333,0.09841500000000002,-1,-1,-1,1.0,1.0,-1.0,0.0,-0.3333333333333333,0.12150000000000001,-1,-1,-1,0.356862745098039,0.694117647058824,0.803921568627451
115.95293593406677,0.0,0.21835624099916678,0.03,1,1,1,0.0,0.3333333333333333,0.09841500000000002,-1,-1,-1,1.0,1.0,-1.0,0.0,-0.3333333333333333,0.12150000000000001,-1,-1,-1,0.356862745098039,0.694117647058824,0.803921568627451
115.9874472618103,0.0,0.22394208097342877,0.03,1,1,1,0.0,0.3333333333333333,0.09841500000000002,-1,-1,-1,1.0,1.0,-1.0,0.0,-0.3333333333333333,0.12150000000000001,-1,-1,-1,0.356862745098039,0.694117647058824,0.803921568627451
116.02916479110718,0.0,0.22952792094769076,0.03,1,1,1,0.0,0.3333333333333333,0.09841500000000002,-1,-1,-1,1.0,1.0,-1.0,0.0,-0.3333333333333333,0.12150000000000001,-1,-1,-1,0.356862745098039,0.694117647058824,0.803921568627451
116.0639386177063,0.0,0.23511376092195274,0.03,1,1,1,0.0,0.3333333333333333,0.09841500000000002,-1,-1,-1,1.0,1.0,-1.0,0.0,-0.3333333333333333,0.12150000000000001,-1,-1,-1,0.356862745098039,0.694117647058824,0.803921568627451
116.09873914718628,0.0,0.24069960089621473,0.03,1,1,1,0.0,0.3333333333333333,0.09841500000000002,-1,-1,-1,1.0,1.0,-1.0,0.0,-0.3333333333333333,0.12150000000000001,-1,-1,-1,0.356862745098039,0.694117647058824,0.803921568627451
116.13774943351746,0.0,0.2462854408704767,0.03,1,1,1,0.0,0.3333333333333333,0.09841500000000002,-1,-1,-1,1.0,1.0,-1.0,0.0,-0.3333333333333333,0.12150000000000001,-1,-1,-1,0.356862745098039,0.694117647058824,0.803921568627451
116.17106103897095,0.0,0.2518712808447387,0.03,1,1,1,0.0,0.3333333333333333,0.09841500000000002,-1,-1,-1,1.0,1.0,-1.0,0.0,-0.3333333333333333,0.12150000000000001,-1,-1,-1,0.356862745098039,0.694117647058824,0.803921568627451
116.20609068870544,0.0,0.2574571208190007,0.03,1,1,1,0.0,0.3333333333333333,0.09841500000000002,-1,-1,-1,1.0,1.0,-1.0,0.0,-0.3333333333333333,0.12150000000000001,-1,-1,-1,0.356862745098039,0.694117647058824,0.803921568627451
116.24438714981079,0.0,0.26304296079326267,0.03,1,1,1,0.0,0.3333333333333333,0.09841500000000002,-1,-1,-1,1.0,1.0,-1.0,0.0,-0.3333333333333333,0.12150000000000001,-1,-1,-1,0.356862745098039,0.694117647058824,0.803921568627451
116.2788417339325,0.0,0.26862880076752466,0.03,1,1,1,0.0,0.3333333333333333,0.09841500000000002,-1,-1,-1,1.0,1.0,-1.0,0.0,-0.3333333333333333,0.12150000000000001,-1,-1,-1,0.356862745098039,0.694117647058824,0.803921568627451
116.31347942352295,0.0,0.27421464074178664,0.03,1,1,1,0.0,0.3333333333333333,0.09841500000000002,-1,-1,-1,1.0,1.0,-1.0,0.0,-0.3333333333333333,0.12150000000000001,-1,-1,-1,0.356862745098039,0.694117647058824,0.803921568627451
116.34834575653076,0.0,0.2798004807160486,0.03,1,1,1,0.0,0.3333333333333333,0.09841500000000002,-1,-1,-1,1.0,1.0,-1.0,0.0,-0.3333333333333333,0.12150000000000001,-1,-1,-1,0.356862745098039,0.694117647058824,0.803921568627451
116.38315486907959,0.0,0.2853863206903106,0.03,1,1,1,0.0,0.3333333333333333,0.09841500000000002,-1,-1,-1,1.0,1.0,-1.0,0.0,-0.3333333333333333,0.12150000000000001,-1,-1,-1,0.356862745098039,0.694117647058824,0.803921568627451
116.42535829544067,0.0,0.2909721606645726,0.03,1,1,1,0.0,0.3333333333333333,0.09841500000000002,-1,-1,-1,1.0,1.0,-1.0,0.0,-0.3333333333333333,0.12150000000000001,-1,-1,-1,0.356862745098039,0.694117647058824,0.803921568627451
116.45961594581604,0.0,0.2965580006388346,0.03,1,1,1,0.0,0.3333333333333333,0.09841500000000002,-1,-1,-1,1.0,1.0,-1.0,0.0,-0.3333333333333333,0.12150000000000001,-1,-1,-1,0.356862745098039,0.694117647058824,0.803921568627451
116.49453830718994,0.0,0.30214384061309657,0.03,1,1,1,0.0,0.3333333333333333,0.09841500000000002,-1,-1,-1,1.0,1.0,-1.0,0.0,-0.3333333333333333,0.12150000000000001,-1,-1,-1,0.356862745098039,0.694117647058824,0.803921568627451
116.52943801879883,0.0,0.30772968058735856,0.03,1,1,1,0.0,0.3333333333333333,0.09841500000000002,-1,-1,-1,1.0,1.0,-1.0,0.0,-0.3333333333333333,0.12150000000000001,-1,-1,-1,0.356862745098039,0.694117647058824,0.803921568627451
116.56411552429199,0.0,0.31331552056162054,0.03,1,1,1,0.0,0.3333333333333333,0.09841500000000002,-1,-1,-1,1.0,1.0,-1.0,0.0,-0.3333333333333333,0.12150000000000001,-1,-1,-1,0.356862745098039,0.694117647058824,0.803921568627451
116.60833168029785,0.0,0.3189013605358825,0.03,1,1,1,0.0,0.3333333333333333,0.09841500000000002,-1,-1,-1,1.0,1.0,-1.0,0.0,-0.3333333333333333,0.12150000000000001,-1,-1,-1,0.356862745098039,0.694117647058824,0.803921568627451
116.64134001731873,0.0,0.3244872005101445,0.03,1,1,1,0.0,0.3333333333333333,0.09841500000000002,-1,-1,-1,1.0,1.0,-1.0,0.0,-0.3333333333333333,0.12150000000000001,-1,-1,-1,0.356862745098039,0.694117647058824,0.803921568627451
116.67582082748413,0.0,0.3300730404844065,0.03,1,1,1,0.0,0.3333333333333333,0.09841500000000002,-1,-1,-1,1.0,1.0,-1.0,0.0,-0.3333333333333333,0.12150000000000001,-1,-1,-1,0.356862745098039,0.694117647058824,0.803921568627451
116.70951271057129,0.0,0.3334245444689637,0.03,1,1,1,0.0,0.3333333333333333,0.09841500000000002,-1,-1,-1,1.0,1.0,-1.0,0.0,-0.3333333333333333,0.12150000000000001,-1,-1,-1,0.356862745098039,0.694117647058824,0.803921568627451
116.74460697174072,0.0,0.3334245444689637,0.03,1,1,1,0.0,0.3333333333333333,0.09841500000000002,-1,-1,-1,1.0,1.0,-1.0,0.0,-0.3333333333333333,0.12150000000000001,-1,-1,-1,0.356862745098039,0.694117647058824,0.803921568627451
116.77898669242859,0.0,0.3334245444689637,0.03,1,1,1,0.0,0.3333333333333333,0.09841500000000002,-1,-1,-1,1.0,1.0,-1.0,0.0,-0.3333333333333333,0.12150000000000001,-1,-1,-1,0.356862745098039,0.694117647058824,0.803921568627451
116.8207061290741,0.0,0.3334245444689637,0.03,1,1,1,0.0,0.3333333333333333,0.09841500000000002,-1,-1,-1,1.0,1.0,-1.0,0.0,-0.3333333333333333,0.12150000000000001,-1,-1,-1,0.356862745098039,0.694117647058824,0.803921568627451
116.8558509349823,0.0,0.3334245444689637,0.03,1,1,1,0.0,0.3333333333333333,0.09841500000000002,-1,-1,-1,1.0,1.0,-1.0,0.0,-0.3333333333333333,0.12150000000000001,-1,-1,-1,0.356862745098039,0.694117647058824,0.803921568627451
116.8911919593811,0.0,0.3334245444689637,0.03,1,1,1,0.0,0.3333333333333333,0.09841500000000002,-1,-1,-1,1.0,1.0,-1.0,0.0,-0.3333333333333333,0.12150000000000001,-1,-1,-1,0.356862745098039,0.694117647058824,0.803921568627451
116.925541639328,0.0,0.3334245444689637,0.03,1,1,1,0.0,0.3333333333333333,0.09841500000000002,-1,-1,-1,1.0,1.0,-1.0,0.0,-0.3333333333333333,0.12150000000000001,-1,-1,-1,0.356862745098039,0.694117647058824,0.803921568627451
116.966805934906,0.0,0.3334245444689637,0.03,1,1,1,0.0,0.3333333333333333,0.09841500000000002,-1,-1,-1,1.0,1.0,-1.0,0.0,-0.3333333333333333,0.12150000000000001,-1,-1,-1,0.356862745098039,0.694117647058824,0.803921568627451
117.00208973884583,0.0,0.3334245444689637,0.03,1,1,1,0.0,0.3333333333333333,0.09841500000000002,-1,-1,-1,1.0,1.0,-1.0,0.0,-0.3333333333333333,0.12150000000000001,-1,-1,-1,0.356862745098039,0.694117647058824,0.803921568627451
117.03621006011963,0.0,0.3334245444689637,0.03,1,1,1,0.0,0.3333333333333333,0.09841500000000002,-1,-1,-1,1.0,1.0,-1.0,0.0,-0.3333333333333333,0.12150000000000001,-1,-1,-1,0.356862745098039,0.694117647058824,0.803921568627451
117.07465124130249,0.0,0.3334245444689637,0.03,1,1,1,0.0,0.3333333333333333,0.09841500000000002,-1,-1,-1,1.0,1.0,-1.0,0.0,-0.3333333333333333,0.12150000000000001,-1,-1,-1,0.356862745098039,0.694117647058824,0.803921568627451
117.10964870452881,0.0,0.3334245444689637,0.03,1,1,1,0.0,0.3333333333333333,0.09841500000000002,-1,-1,-1,1.0,1.0,-1.0,0.0,-0.3333333333333333,0.12150000000000001,-1,-1,-1,0.356862745098039,0.694117647058824,0.803921568627451
117.1472065448761,0.0,0.3334245444689637,0.03,1,1,1,0.0,0.3333333333333333,0.09841500000000002,-1,-1,-1,1.0,1.0,-1.0,0.0,-0.3333333333333333,0.12150000000000001,-1,-1,-1,0.356862745098039,0.694117647058824,0.803921568627451
117.18247961997986,0.0,-0.003507998229485636,0.03,1,1,1,0.0,0.3333333333333333,0.08857350000000001,1,1,1,1.0,1.0,-1.0,0.0,-0.3333333333333333,0.12150000000000001,-1,-1,-1,0.356862745098039,0.694117647058824,0.803921568627451
117.21681427955627,0.0,-0.007015996458971272,0.03,1,1,1,0.0,0.3333333333333333,0.08857350000000001,1,1,1,1.0,1.0,-1.0,0.0,-0.3333333333333333,0.12150000000000001,-1,-1,-1,0.356862745098039,0.694117647058824,0.803921568627451
117.25148844718933,0.0,-0.010523994688456904,0.03,1,1,1,0.0,0.3333333333333333,0.08857350000000001,1,1,1,1.0,1.0,-1.0,0.0,-0.3333333333333333,0.12150000000000001,-1,-1,-1,0.356862745098039,0.694117647058824,0.803921568627451
117.2861065864563,0.0,-0.014031992917942536,0.03,1,1,1,0.0,0.3333333333333333,0.08857350000000001,1,1,1,1.0,1.0,-1.0,0.0,-0.3333333333333333,0.12150000000000001,-1,-1,-1,0.356862745098039,0.694117647058824,0.803921568627451
117.3282117843628,0.0,-0.017539991147428175,0.03,1,1,1,0.0,0.3333333333333333,0.08857350000000001,1,1,1,1.0,1.0,-1.0,0.0,-0.3333333333333333,0.12150000000000001,-1,-1,-1,0.356862745098039,0.694117647058824,0.803921568627451
117.362140417099,0.0,-0.021047989376913816,0.03,1,1,1,0.0,0.3333333333333333,0.08857350000000001,1,1,1,1.0,1.0,-1.0,0.0,-0.3333333333333333,0.12150000000000001,-1,-1,-1,0.356862745098039,0.694117647058824,0.803921568627451
117.39682483673096,0.0,-0.024555987606399456,0.03,1,1,1,0.0,0.3333333333333333,0.08857350000000001,1,1,1,1.0,1.0,-1.0,0.0,-0.3333333333333333,0.12150000000000001,-1,-1,-1,0.356862745098039,0.694117647058824,0.803921568627451
117.43158388137817,0.0,-0.028063985835885097,0.03,1,1,1,0.0,0.3333333333333333,0.08857350000000001,1,1,1,1.0,1.0,-1.0,0.0,-0.3333333333333333,0.12150000000000001,-1,-1,-1,0.356862745098039,0.694117647058824,0.803921568627451
117.46625995635986,0.0,-0.031571984065370734,0.03,1,1,1,0.0,0.3333333333333333,0.08857350000000001,1,1,1,1.0,1.0,-1.0,0.0,-0.3333333333333333,0.12150000000000001,-1,-1,-1,0.356862745098039,0.694117647058824,0.803921568627451
117.50099849700928,0.0,-0.03507998229485636,0.03,1,1,1,0.0,0.3333333333333333,0.08857350000000001,1,1,1,1.0,1.0,-1.0,0.0,-0.3333333333333333,0.12150000000000001,-1,-1,-1,0.356862745098039,0.694117647058824,0.803921568627451
117.54580211639404,0.0,-0.03858798052434198,0.03,1,1,1,0.0,0.3333333333333333,0.08857350000000001,1,1,1,1.0,1.0,-1.0,0.0,-0.3333333333333333,0.12150000000000001,-1,-1,-1,0.356862745098039,0.694117647058824,0.803921568627451
117.57872343063354,0.0,-0.042095978753827604,0.03,1,1,1,0.0,0.3333333333333333,0.08857350000000001,1,1,1,1.0,1.0,-1.0,0.0,-0.3333333333333333,0.12150000000000001,-1,-1,-1,0.356862745098039,0.694117647058824,0.803921568627451
117.61229228973389,0.0,-0.04560397698331323,0.03,1,1,1,0.0,0.3333333333333333,0.08857350000000001,1,1,1,1.0,1.0,-1.0,0.0,-0.3333333333333333,0.12150000000000001,-1,-1,-1,0.356862745098039,0.694117647058824,0.803921568627451
117.64711213111877,0.0,-0.04911197521279885,0.03,1,1,1,0.0,0.3333333333333333,0.08857350000000001,1,1,1,1.0,1.0,-1.0,0.0,-0.3333333333333333,0.12150000000000001,-1,-1,-1,0.356862745098039,0.694117647058824,0.803921568627451
117.6820662021637,0.0,-0.05261997344228447,0.03,1,1,1,0.0,0.3333333333333333,0.08857350000000001,1,1,1,1.0,1.0,-1.0,0.0,-0.3333333333333333,0.12150000000000001,-1,-1,-1,0.356862745098039,0.694117647058824,0.803921568627451
117.7174608707428,0.0,-0.0561279716717701,0.03,1,1,1,0.0,0.3333333333333333,0.08857350000000001,1,1,1,1.0,1.0,-1.0,0.0,-0.3333333333333333,0.12150000000000001,-1,-1,-1,0.356862745098039,0.694117647058824,0.803921568627451
117.76576733589172,0.0,-0.05963596990125573,0.03,1,1,1,0.0,0.3333333333333333,0.08857350000000001,1,1,1,1.0,1.0,-1.0,0.0,-0.3333333333333333,0.12150000000000001,-1,-1,-1,0.356862745098039,0.694117647058824,0.803921568627451
117.80070662498474,0.0,-0.06314396813074134,0.03,1,1,1,0.0,0.3333333333333333,0.08857350000000001,1,1,1,1.0,1.0,-1.0,0.0,-0.3333333333333333,0.12150000000000001,-1,-1,-1,0.356862745098039,0.694117647058824,0.803921568627451
117.83533382415771,0.0,-0.06665196636022697,0.03,1,1,1,0.0,0.3333333333333333,0.08857350000000001,1,1,1,1.0,1.0,-1.0,0.0,-0.3333333333333333,0.12150000000000001,-1,-1,-1,0.356862745098039,0.694117647058824,0.803921568627451
117.87045121192932,0.0,-0.07015996458971259,0.03,1,1,1,0.0,0.3333333333333333,0.08857350000000001,1,1,1,1.0,1.0,-1.0,0.0,-0.3333333333333333,0.12150000000000001,-1,-1,-1,0.356862745098039,0.694117647058824,0.803921568627451
117.90453672409058,0.0,-0.07366796281919821,0.03,1,1,1,0.0,0.3333333333333333,0.08857350000000001,1,1,1,1.0,1.0,-1.0,0.0,-0.3333333333333333,0.12150000000000001,-1,-1,-1,0.356862745098039,0.694117647058824,0.803921568627451
117.94942140579224,0.0,-0.07717596104868384,0.03,1,1,1,0.0,0.3333333333333333,0.08857350000000001,1,1,1,1.0,1.0,-1.0,0.0,-0.3333333333333333,0.12150000000000001,-1,-1,-1,0.356862745098039,0.694117647058824,0.803921568627451
117.98777151107788,0.0,-0.08068395927816946,0.03,1,1,1,0.0,0.3333333333333333,0.08857350000000001,1,1,1,1.0,1.0,-1.0,0.0,-0.3333333333333333,0.12150000000000001,-1,-1,-1,0.356862745098039,0.694117647058824,0.803921568627451
118.02254843711853,0.0,-0.08419195750765508,0.03,1,1,1,0.0,0.3333333333333333,0.08857350000000001,1,1,1,1.0,1.0,-1.0,0.0,-0.3333333333333333,0.12150000000000001,-1,-1,-1,0.356862745098039,0.694117647058824,0.803921568627451
118.05832719802856,0.0,-0.0876999557371407,0.03,1,1,1,0.0,0.3333333333333333,0.08857350000000001,1,1,1,1.0,1.0,-1.0,0.0,-0.3333333333333333,0.12150000000000001,-1,-1,-1,0.356862745098039,0.694117647058824,0.803921568627451
118.09227085113525,0.0,-0.09120795396662633,0.03,1,1,1,0.0,0.3333333333333333,0.08857350000000001,1,1,1,1.0,1.0,-1.0,0.0,-0.3333333333333333,0.12150000000000001,-1,-1,-1,0.356862745098039,0.694117647058824,0.803921568627451
118.13455724716187,0.0,-0.09471595219611195,0.03,1,1,1,0.0,0.3333333333333333,0.08857350000000001,1,1,1,1.0,1.0,-1.0,0.0,-0.3333333333333333,0.12150000000000001,-1,-1,-1,0.356862745098039,0.694117647058824,0.803921568627451
118.17547130584717,0.0,-0.09822395042559758,0.03,1,1,1,0.0,0.3333333333333333,0.08857350000000001,1,1,1,1.0,1.0,-1.0,0.0,-0.3333333333333333,0.12150000000000001,-1,-1,-1,0.356862745098039,0.694117647058824,0.803921568627451
118.21019291877747,0.0,-0.1017319486550832,0.03,1,1,1,0.0,0.3333333333333333,0.08857350000000001,1,1,1,1.0,1.0,-1.0,0.0,-0.3333333333333333,0.12150000000000001,-1,-1,-1,0.356862745098039,0.694117647058824,0.803921568627451
118.25012397766113,0.0,-0.10523994688456882,0.03,1,1,1,0.0,0.3333333333333333,0.08857350000000001,1,1,1,1.0,1.0,-1.0,0.0,-0.3333333333333333,0.12150000000000001,-1,-1,-1,0.356862745098039,0.694117647058824,0.803921568627451
118.28363394737244,0.0,-0.10874794511405445,0.03,1,1,1,0.0,0.3333333333333333,0.08857350000000001,1,1,1,1.0,1.0,-1.0,0.0,-0.3333333333333333,0.12150000000000001,-1,-1,-1,0.356862745098039,0.694117647058824,0.803921568627451
118.31803822517395,0.0,-0.11225594334354007,0.03,1,1,1,0.0,0.3333333333333333,0.08857350000000001,1,1,1,1.0,1.0,-1.0,0.0,-0.3333333333333333,0.12150000000000001,-1,-1,-1,0.356862745098039,0.694117647058824,0.803921568627451
118.3578577041626,0.0,-0.1153507169312064,0.03,1,1,1,0.0,0.3333333333333333,0.08857350000000001,-1,-1,-1,1.0,1.0,-1.0,0.0,-0.3333333333333333,0.12150000000000001,-1,-1,-1,0.356862745098039,0.694117647058824,0.803921568627451
118.39807724952698,0.0,-0.11679259195159554,0.03,1,1,1,0.0,0.3333333333333333,0.08857350000000001,-1,-1,-1,1.0,1.0,-1.0,0.0,-0.3333333333333333,0.12150000000000001,-1,-1,-1,0.356862745098039,0.694117647058824,0.803921568627451
118.43249273300171,0.0,-0.11823446697198468,0.03,1,1,1,0.0,0.3333333333333333,0.08857350000000001,-1,-1,-1,1.0,1.0,-1.0,0.0,-0.3333333333333333,0.12150000000000001,-1,-1,-1,0.356862745098039,0.694117647058824,0.803921568627451
118.46676182746887,0.0,-0.1196763419923738,0.03,1,1,1,0.0,0.3333333333333333,0.08857350000000001,-1,-1,-1,1.0,1.0,-1.0,0.0,-0.3333333333333333,0.12150000000000001,-1,-1,-1,0.356862745098039,0.694117647058824,0.803921568627451
118.5016622543335,0.0,-0.12111821701276292,0.03,1,1,1,0.0,0.3333333333333333,0.08857350000000001,-1,-1,-1,1.0,1.0,-1.0,0.0,-0.3333333333333333,0.12150000000000001,-1,-1,-1,0.356862745098039,0.694117647058824,0.803921568627451
118.54282808303833,0.0,-0.12256009203315203,0.03,1,1,1,0.0,0.3333333333333333,0.08857350000000001,-1,-1,-1,1.0,1.0,-1.0,0.0,-0.3333333333333333,0.12150000000000001,-1,-1,-1,0.356862745098039,0.694117647058824,0.803921568627451
118.58666038513184,0.0,-0.12400196705354116,0.03,1,1,1,0.0,0.3333333333333333,0.08857350000000001,-1,-1,-1,1.0,1.0,-1.0,0.0,-0.3333333333333333,0.12150000000000001,-1,-1,-1,0.356862745098039,0.694117647058824,0.803921568627451
118.62065958976746,0.0,-0.12544384207393028,0.03,1,1,1,0.0,0.3333333333333333,0.08857350000000001,-1,-1,-1,1.0,1.0,-1.0,0.0,-0.3333333333333333,0.12150000000000001,-1,-1,-1,0.356862745098039,0.694117647058824,0.803921568627451
118.65371346473694,0.0,-0.12688571709431942,0.03,1,1,1,0.0,0.3333333333333333,0.08857350000000001,-1,-1,-1,1.0,1.0,-1.0,0.0,-0.3333333333333333,0.12150000000000001,-1,-1,-1,0.356862745098039,0.694117647058824,0.803921568627451
118.68883776664734,0.0,-0.12832759211470857,0.03,1,1,1,0.0,0.3333333333333333,0.08857350000000001,-1,-1,-1,1.0,1.0,-1.0,0.0,-0.3333333333333333,0.12150000000000001,-1,-1,-1,0.356862745098039,0.694117647058824,0.803921568627451
118.72372555732727,0.0,-0.1297694671350977,0.03,1,1,1,0.0,0.3333333333333333,0.08857350000000001,-1,-1,-1,1.0,1.0,-1.0,0.0,-0.3333333333333333,0.12150000000000001,-1,-1,-1,0.356862745098039,0.694117647058824,0.803921568627451
118.76531505584717,0.0,-0.13121134215548685,0.03,1,1,1,0.0,0.3333333333333333,0.08857350000000001,-1,-1,-1,1.0,1.0,-1.0,0.0,-0.3333333333333333,0.12150000000000001,-1,-1,-1,0.356862745098039,0.694117647058824,0.803921568627451
118.80000281333923,0.0,-0.132653217175876,0.03,1,1,1,0.0,0.3333333333333333,0.08857350000000001,-1,-1,-1,1.0,1.0,-1.0,0.0,-0.3333333333333333,0.12150000000000001,-1,-1,-1,0.356862745098039,0.694117647058824,0.803921568627451
118.83453297615051,0.0,-0.13409509219626514,0.03,1,1,1,0.0,0.3333333333333333,0.08857350000000001,-1,-1,-1,1.0,1.0,-1.0,0.0,-0.3333333333333333,0.12150000000000001,-1,-1,-1,0.356862745098039,0.694117647058824,0.803921568627451
118.86956930160522,0.0,-0.13553696721665429,0.03,1,1,1,0.0,0.3333333333333333,0.08857350000000001,-1,-1,-1,1.0,1.0,-1.0,0.0,-0.3333333333333333,0.12150000000000001,-1,-1,-1,0.356862745098039,0.694117647058824,0.803921568627451
118.90401554107666,0.0,-0.13697884223704343,0.03,1,1,1,0.0,0.3333333333333333,0.08857350000000001,-1,-1,-1,1.0,1.0,-1.0,0.0,-0.3333333333333333,0.12150000000000001,-1,-1,-1,0.356862745098039,0.694117647058824,0.803921568627451
118.94611716270447,0.0,-0.13842071725743257,0.03,1,1,1,0.0,0.3333333333333333,0.08857350000000001,-1,-1,-1,1.0,1.0,-1.0,0.0,-0.3333333333333333,0.12150000000000001,-1,-1,-1,0.356862745098039,0.694117647058824,0.803921568627451
118.98905110359192,0.0,-0.13986259227782172,0.03,1,1,1,0.0,0.3333333333333333,0.08857350000000001,-1,-1,-1,1.0,1.0,-1.0,0.0,-0.3333333333333333,0.12150000000000001,-1,-1,-1,0.356862745098039,0.694117647058824,0.803921568627451
119.02148365974426,0.0,-0.14130446729821086,0.03,1,1,1,0.0,0.3333333333333333,0.08857350000000001,-1,-1,-1,1.0,1.0,-1.0,0.0,-0.3333333333333333,0.12150000000000001,-1,-1,-1,0.356862745098039,0.694117647058824,0.803921568627451
119.0563850402832,0.0,-0.1427463423186,0.03,1,1,1,0.0,0.3333333333333333,0.08857350000000001,-1,-1,-1,1.0,1.0,-1.0,0.0,-0.3333333333333333,0.12150000000000001,-1,-1,-1,0.356862745098039,0.694117647058824,0.803921568627451
119.0911009311676,0.0,-0.14418821733898915,0.03,1,1,1,0.0,0.3333333333333333,0.08857350000000001,-1,-1,-1,1.0,1.0,-1.0,0.0,-0.3333333333333333,0.12150000000000001,-1,-1,-1,0.356862745098039,0.694117647058824,0.803921568627451
119.12656474113464,0.0,-0.1456300923593783,0.03,1,1,1,0.0,0.3333333333333333,0.08857350000000001,-1,-1,-1,1.0,1.0,-1.0,0.0,-0.3333333333333333,0.12150000000000001,-1,-1,-1,0.356862745098039,0.694117647058824,0.803921568627451
119.16017985343933,0.0,-0.14707196737976744,0.03,1,1,1,0.0,0.3333333333333333,0.08857350000000001,-1,-1,-1,1.0,1.0,-1.0,0.0,-0.3333333333333333,0.12150000000000001,-1,-1,-1,0.356862745098039,0.694117647058824,0.803921568627451
119.20185971260071,0.0,-0.14851384240015658,0.03,1,1,1,0.0,0.3333333333333333,0.08857350000000001,-1,-1,-1,1.0,1.0,-1.0,0.0,-0.3333333333333333,0.12150000000000001,-1,-1,-1,0.356862745098039,0.694117647058824,0.803921568627451
119.23659038543701,0.0,-0.14995571742054573,0.03,1,1,1,0.0,0.3333333333333333,0.08857350000000001,-1,-1,-1,1.0,1.0,-1.0,0.0,-0.3333333333333333,0.12150000000000001,-1,-1,-1,0.356862745098039,0.694117647058824,0.803921568627451
119.27159428596497,0.0,-0.15139759244093487,0.03,1,1,1,0.0,0.3333333333333333,0.08857350000000001,-1,-1,-1,1.0,1.0,-1.0,0.0,-0.3333333333333333,0.12150000000000001,-1,-1,-1,0.356862745098039,0.694117647058824,0.803921568627451
119.30673694610596,0.0,-0.152839467461324,0.03,1,1,1,0.0,0.3333333333333333,0.08857350000000001,-1,-1,-1,1.0,1.0,-1.0,0.0,-0.3333333333333333,0.12150000000000001,-1,-1,-1,0.356862745098039,0.694117647058824,0.803921568627451
119.34836053848267,0.0,-0.15428134248171316,0.03,1,1,1,0.0,0.3333333333333333,0.08857350000000001,-1,-1,-1,1.0,1.0,-1.0,0.0,-0.3333333333333333,0.12150000000000001,-1,-1,-1,0.356862745098039,0.694117647058824,0.803921568627451
119.38199830055237,0.0,-0.1557232175021023,0.03,1,1,1,0.0,0.3333333333333333,0.08857350000000001,-1,-1,-1,1.0,1.0,-1.0,0.0,-0.3333333333333333,0.12150000000000001,-1,-1,-1,0.356862745098039,0.694117647058824,0.803921568627451
119.41840815544128,0.0,-0.15716509252249145,0.03,1,1,1,0.0,0.3333333333333333,0.08857350000000001,-1,-1,-1,1.0,1.0,-1.0,0.0,-0.3333333333333333,0.12150000000000001,-1,-1,-1,0.356862745098039,0.694117647058824,0.803921568627451
119.45156216621399,0.0,-0.1586069675428806,0.03,1,1,1,0.0,0.3333333333333333,0.08857350000000001,-1,-1,-1,1.0,1.0,-1.0,0.0,-0.3333333333333333,0.12150000000000001,-1,-1,-1,0.356862745098039,0.694117647058824,0.803921568627451
119.48583269119263,0.0,-0.16004884256326973,0.03,1,1,1,0.0,0.3333333333333333,0.08857350000000001,-1,-1,-1,1.0,1.0,-1.0,0.0,-0.3333333333333333,0.12150000000000001,-1,-1,-1,0.356862745098039,0.694117647058824,0.803921568627451
119.52616429328918,0.0,-0.16149071758365888,0.03,1,1,1,0.0,0.3333333333333333,0.08857350000000001,-1,-1,-1,1.0,1.0,-1.0,0.0,-0.3333333333333333,0.12150000000000001,-1,-1,-1,0.356862745098039,0.694117647058824,0.803921568627451
119.56517362594604,0.0,-0.16195442675933397,0.03,1,1,1,0.0,0.3333333333333333,0.08857350000000001,-1,-1,-1,1.0,1.0,-1.0,0.0,-0.3333333333333333,0.12150000000000001,-1,-1,-1,0.356862745098039,0.694117647058824,0.803921568627451
119.5981297492981,0.0,-0.15850547255615285,0.03,1,1,1,0.0,0.3333333333333333,0.08857350000000001,-1,-1,-1,1.0,1.0,-1.0,0.0,-0.3333333333333333,0.12150000000000001,-1,-1,-1,0.356862745098039,0.694117647058824,0.803921568627451
119.63289666175842,0.0,-0.15505651835297174,0.03,1,1,1,0.0,0.3333333333333333,0.08857350000000001,-1,-1,-1,1.0,1.0,-1.0,0.0,-0.3333333333333333,0.12150000000000001,-1,-1,-1,0.356862745098039,0.694117647058824,0.803921568627451
119.66701769828796,0.0,-0.15160756414979062,0.03,1,1,1,0.0,0.3333333333333333,0.08857350000000001,-1,-1,-1,1.0,1.0,-1.0,0.0,-0.3333333333333333,0.12150000000000001,-1,-1,-1,0.356862745098039,0.694117647058824,0.803921568627451
119.70194602012634,0.0,-0.1481586099466095,0.03,1,1,1,0.0,0.3333333333333333,0.08857350000000001,-1,-1,-1,1.0,1.0,-1.0,0.0,-0.3333333333333333,0.12150000000000001,-1,-1,-1,0.356862745098039,0.694117647058824,0.803921568627451
119.74441194534302,0.0,-0.1447096557434284,0.03,1,1,1,0.0,0.3333333333333333,0.08857350000000001,-1,-1,-1,1.0,1.0,-1.0,0.0,-0.3333333333333333,0.12150000000000001,-1,-1,-1,0.356862745098039,0.694117647058824,0.803921568627451
119.77848505973816,0.0,-0.14126070154024728,0.03,1,1,1,0.0,0.3333333333333333,0.08857350000000001,-1,-1,-1,1.0,1.0,-1.0,0.0,-0.3333333333333333,0.12150000000000001,-1,-1,-1,0.356862745098039,0.694117647058824,0.803921568627451
119.81340765953064,0.0,-0.13781174733706616,0.03,1,1,1,0.0,0.3333333333333333,0.08857350000000001,-1,-1,-1,1.0,1.0,-1.0,0.0,-0.3333333333333333,0.12150000000000001,-1,-1,-1,0.356862745098039,0.694117647058824,0.803921568627451
119.84763050079346,0.0,-0.13436279313388505,0.03,1,1,1,0.0,0.3333333333333333,0.08857350000000001,-1,-1,-1,1.0,1.0,-1.0,0.0,-0.3333333333333333,0.12150000000000001,-1,-1,-1,0.356862745098039,0.694117647058824,0.803921568627451
119.88290667533875,0.0,-0.13091383893070394,0.03,1,1,1,0.0,0.3333333333333333,0.08857350000000001,-1,-1,-1,1.0,1.0,-1.0,0.0,-0.3333333333333333,0.12150000000000001,-1,-1,-1,0.356862745098039,0.694117647058824,0.803921568627451
119.92853426933289,0.0,-0.12746488472752282,0.03,1,1,1,0.0,0.3333333333333333,0.08857350000000001,-1,-1,-1,1.0,1.0,-1.0,0.0,-0.3333333333333333,0.12150000000000001,-1,-1,-1,0.356862745098039,0.694117647058824,0.803921568627451
119.96604013442993,0.0,-0.1240159305243417,0.03,1,1,1,0.0,0.3333333333333333,0.08857350000000001,-1,-1,-1,1.0,1.0,-1.0,0.0,-0.3333333333333333,0.12150000000000001,-1,-1,-1,0.356862745098039,0.694117647058824,0.803921568627451
120.00090646743774,0.0,-0.1205669763211606,0.03,1,1,1,0.0,0.3333333333333333,0.08857350000000001,-1,-1,-1,1.0,1.0,-1.0,0.0,-0.3333333333333333,0.12150000000000001,-1,-1,-1,0.356862745098039,0.694117647058824,0.803921568627451
120.03553557395935,0.0,-0.1171180221179795,0.03,1,1,1,0.0,0.3333333333333333,0.08857350000000001,-1,-1,-1,1.0,1.0,-1.0,0.0,-0.3333333333333333,0.12150000000000001,-1,-1,-1,0.356862745098039,0.694117647058824,0.803921568627451
120.07027745246887,0.0,-0.11366906791479839,0.03,1,1,1,0.0,0.3333333333333333,0.08857350000000001,-1,-1,-1,1.0,1.0,-1.0,0.0,-0.3333333333333333,0.12150000000000001,-1,-1,-1,0.356862745098039,0.694117647058824,0.803921568627451
120.1124632358551,0.0,-0.11022011371161727,0.03,1,1,1,0.0,0.3333333333333333,0.08857350000000001,-1,-1,-1,1.0,1.0,-1.0,0.0,-0.3333333333333333,0.12150000000000001,-1,-1,-1,0.356862745098039,0.694117647058824,0.803921568627451
120.15361595153809,0.0,-0.10677115950843616,0.03,1,1,1,0.0,0.3333333333333333,0.08857350000000001,-1,-1,-1,1.0,1.0,-1.0,0.0,-0.3333333333333333,0.12150000000000001,-1,-1,-1,0.356862745098039,0.694117647058824,0.803921568627451
120.18828868865967,0.0,-0.10332220530525504,0.03,1,1,1,0.0,0.3333333333333333,0.08857350000000001,-1,-1,-1,1.0,1.0,-1.0,0.0,-0.3333333333333333,0.12150000000000001,-1,-1,-1,0.356862745098039,0.694117647058824,0.803921568627451
120.22309279441833,0.0,-0.09987325110207393,0.03,1,1,1,0.0,0.3333333333333333,0.08857350000000001,-1,-1,-1,1.0,1.0,-1.0,0.0,-0.3333333333333333,0.12150000000000001,-1,-1,-1,0.356862745098039,0.694117647058824,0.803921568627451
120.26145267486572,0.0,-0.09642429689889281,0.03,1,1,1,0.0,0.3333333333333333,0.08857350000000001,-1,-1,-1,1.0,1.0,-1.0,0.0,-0.3333333333333333,0.12150000000000001,-1,-1,-1,0.356862745098039,0.694117647058824,0.803921568627451
120.29616236686707,0.0,-0.0929753426957117,0.03,1,1,1,0.0,0.3333333333333333,0.08857350000000001,-1,-1,-1,1.0,1.0,-1.0,0.0,-0.3333333333333333,0.12150000000000001,-1,-1,-1,0.356862745098039,0.694117647058824,0.803921568627451
120.33388471603394,0.0,-0.08952638849253058,0.03,1,1,1,0.0,0.3333333333333333,0.08857350000000001,-1,-1,-1,1.0,1.0,-1.0,0.0,-0.3333333333333333,0.12150000000000001,-1,-1,-1,0.356862745098039,0.694117647058824,0.803921568627451
120.36890387535095,0.0,-0.08607743428934947,0.03,1,1,1,0.0,0.3333333333333333,0.08857350000000001,-1,-1,-1,1.0,1.0,-1.0,0.0,-0.3333333333333333,0.12150000000000001,-1,-1,-1,0.356862745098039,0.694117647058824,0.803921568627451
120.40330529212952,0.0,-0.08262848008616835,0.03,1,1,1,0.0,0.3333333333333333,0.08857350000000001,-1,-1,-1,1.0,1.0,-1.0,0.0,-0.3333333333333333,0.12150000000000001,-1,-1,-1,0.356862745098039,0.694117647058824,0.803921568627451
120.43807172775269,0.0,-0.07917952588298724,0.03,1,1,1,0.0,0.3333333333333333,0.08857350000000001,-1,-1,-1,1.0,1.0,-1.0,0.0,-0.3333333333333333,0.12150000000000001,-1,-1,-1,0.356862745098039,0.694117647058824,0.803921568627451
120.47264099121094,0.0,-0.07573057167980612,0.03,1,1,1,0.0,0.3333333333333333,0.08857350000000001,-1,-1,-1,1.0,1.0,-1.0,0.0,-0.3333333333333333,0.12150000000000001,-1,-1,-1,0.356862745098039,0.694117647058824,0.803921568627451
120.51484537124634,0.0,-0.07228161747662501,0.03,1,1,1,0.0,0.3333333333333333,0.08857350000000001,-1,-1,-1,1.0,1.0,-1.0,0.0,-0.3333333333333333,0.12150000000000001,-1,-1,-1,0.356862745098039,0.694117647058824,0.803921568627451
120.54926705360413,0.0,-0.0688326632734439,0.03,1,1,1,0.0,0.3333333333333333,0.08857350000000001,-1,-1,-1,1.0,1.0,-1.0,0.0,-0.3333333333333333,0.12150000000000001,-1,-1,-1,0.356862745098039,0.694117647058824,0.803921568627451
120.5839831829071,0.0,-0.06538370907026278,0.03,1,1,1,0.0,0.3333333333333333,0.08857350000000001,-1,-1,-1,1.0,1.0,-1.0,0.0,-0.3333333333333333,0.12150000000000001,-1,-1,-1,0.356862745098039,0.694117647058824,0.803921568627451
120.61882996559143,0.0,-0.061934754867081665,0.03,1,1,1,0.0,0.3333333333333333,0.08857350000000001,-1,-1,-1,1.0,1.0,-1.0,0.0,-0.3333333333333333,0.12150000000000001,-1,-1,-1,0.356862745098039,0.694117647058824,0.803921568627451
120.65357422828674,0.0,-0.058485800663900564,0.03,1,1,1,0.0,0.3333333333333333,0.08857350000000001,-1,-1,-1,1.0,1.0,-1.0,0.0,-0.3333333333333333,0.12150000000000001,-1,-1,-1,0.356862745098039,0.694117647058824,0.803921568627451
120.68846607208252,0.0,-0.05503684646071945,0.03,1,1,1,0.0,0.3333333333333333,0.08857350000000001,-1,-1,-1,1.0,1.0,-1.0,0.0,-0.3333333333333333,0.12150000000000001,-1,-1,-1,0.356862745098039,0.694117647058824,0.803921568627451
120.73282885551453,0.0,-0.051587892257538334,0.03,1,1,1,0.0,0.3333333333333333,0.08857350000000001,-1,-1,-1,1.0,1.0,-1.0,0.0,-0.3333333333333333,0.12150000000000001,-1,-1,-1,0.356862745098039,0.694117647058824,0.803921568627451
120.76734066009521,0.0,-0.04813893805435722,0.03,1,1,1,0.0,0.3333333333333333,0.08857350000000001,-1,-1,-1,1.0,1.0,-1.0,0.0,-0.3333333333333333,0.12150000000000001,-1,-1,-1,0.356862745098039,0.694117647058824,0.803921568627451
120.80170750617981,0.0,-0.043134967958742006,0.03,1,1,1,0.0,0.3333333333333333,0.08857350000000001,-1,-1,-1,1.0,1.0,-1.0,0.0,-0.3333333333333333,0.12150000000000001,-1,-1,-1,0.356862745098039,0.694117647058824,0.803921568627451
120.8349301815033,0.0,-0.03813099786312679,0.03,1,1,1,0.0,0.3333333333333333,0.08857350000000001,-1,-1,-1,1.0,1.0,-1.0,0.0,-0.3333333333333333,0.12150000000000001,-1,-1,-1,0.356862745098039,0.694117647058824,0.803921568627451
120.86954712867737,0.0,-0.03312702776751158,0.03,1,1,1,0.0,0.3333333333333333,0.08857350000000001,-1,-1,-1,1.0,1.0,-1.0,0.0,-0.3333333333333333,0.12150000000000001,-1,-1,-1,0.356862745098039,0.694117647058824,0.803921568627451
120.90459513664246,0.0,-0.028123057671896365,0.03,1,1,1,0.0,0.3333333333333333,0.08857350000000001,-1,-1,-1,1.0,1.0,-1.0,0.0,-0.3333333333333333,0.12150000000000001,-1,-1,-1,0.356862745098039,0.694117647058824,0.803921568627451
120.94561529159546,0.0,-0.02311908757628115,0.03,1,1,1,0.0,0.3333333333333333,0.08857350000000001,-1,-1,-1,1.0,1.0,-1.0,0.0,-0.3333333333333333,0.12150000000000001,-1,-1,-1,0.356862745098039,0.694117647058824,0.803921568627451
120.9807858467102,0.0,-0.018115117480665938,0.03,1,1,1,0.0,0.3333333333333333,0.08857350000000001,-1,-1,-1,1.0,1.0,-1.0,0.0,-0.3333333333333333,0.12150000000000001,-1,-1,-1,0.356862745098039,0.694117647058824,0.803921568627451
121.015469789505,0.0,-0.013111147385050722,0.03,1,1,1,0.0,0.3333333333333333,0.08857350000000001,-1,-1,-1,1.0,1.0,-1.0,0.0,-0.3333333333333333,0.12150000000000001,-1,-1,-1,0.356862745098039,0.694117647058824,0.803921568627451
121.05017709732056,0.0,-0.008107177289435509,0.03,1,1,1,0.0,0.3333333333333333,0.08857350000000001,-1,-1,-1,1.0,1.0,-1.0,0.0,-0.3333333333333333,0.12150000000000001,-1,-1,-1,0.356862745098039,0.694117647058824,0.803921568627451
121.09135460853577,0.0,-0.003103207193820295,0.03,1,1,1,0.0,0.3333333333333333,0.08857350000000001,-1,-1,-1,1.0,1.0,-1.0,0.0,-0.3333333333333333,0.12150000000000001,-1,-1,-1,0.356862745098039,0.694117647058824,0.803921568627451
121.13655829429626,0.0,0.0019007629017949192,0.03,1,1,1,0.0,0.3333333333333333,0.08857350000000001,-1,-1,-1,1.0,1.0,-1.0,0.0,-0.3333333333333333,0.12150000000000001,-1,-1,-1,0.356862745098039,0.694117647058824,0.803921568627451
121.17512845993042,0.0,0.006904732997410133,0.03,1,1,1,0.0,0.3333333333333333,0.08857350000000001,-1,-1,-1,1.0,1.0,-1.0,0.0,-0.3333333333333333,0.12150000000000001,-1,-1,-1,0.356862745098039,0.694117647058824,0.803921568627451
121.20959210395813,0.0,0.011908703093025347,0.03,1,1,1,0.0,0.3333333333333333,0.08857350000000001,-1,-1,-1,1.0,1.0,-1.0,0.0,-0.3333333333333333,0.12150000000000001,-1,-1,-1,0.356862745098039,0.694117647058824,0.803921568627451
121.24476361274719,0.0,0.01691267318864056,0.03,1,1,1,0.0,0.3333333333333333,0.08857350000000001,-1,-1,-1,1.0,1.0,-1.0,0.0,-0.3333333333333333,0.12150000000000001,-1,-1,-1,0.356862745098039,0.694117647058824,0.803921568627451
121.27937865257263,0.0,0.021916643284255775,0.03,1,1,1,0.0,0.3333333333333333,0.08857350000000001,-1,-1,-1,1.0,1.0,-1.0,0.0,-0.3333333333333333,0.12150000000000001,-1,-1,-1,0.356862745098039,0.694117647058824,0.803921568627451
121.31383204460144,0.0,0.02692061337987099,0.03,1,1,1,0.0,0.3333333333333333,0.08857350000000001,-1,-1,-1,1.0,1.0,-1.0,0.0,-0.3333333333333333,0.12150000000000001,-1,-1,-1,0.356862745098039,0.694117647058824,0.803921568627451
121.35586881637573,0.0,0.031924583475486205,0.03,1,1,1,0.0,0.3333333333333333,0.08857350000000001,-1,-1,-1,1.0,1.0,-1.0,0.0,-0.3333333333333333,0.12150000000000001,-1,-1,-1,0.356862745098039,0.694117647058824,0.803921568627451
121.39721989631653,0.0,0.03692855357110142,0.03,1,1,1,0.0,0.3333333333333333,0.08857350000000001,-1,-1,-1,1.0,1.0,-1.0,0.0,-0.3333333333333333,0.12150000000000001,-1,-1,-1,0.356862745098039,0.694117647058824,0.803921568627451
121.4321231842041,0.0,0.04193252366671663,0.03,1,1,1,0.0,0.3333333333333333,0.08857350000000001,-1,-1,-1,1.0,1.0,-1.0,0.0,-0.3333333333333333,0.12150000000000001,-1,-1,-1,0.356862745098039,0.694117647058824,0.803921568627451
121.46667623519897,0.0,0.046936493762331846,0.03,1,1,1,0.0,0.3333333333333333,0.08857350000000001,-1,-1,-1,1.0,1.0,-1.0,0.0,-0.3333333333333333,0.12150000000000001,-1,-1,-1,0.356862745098039,0.694117647058824,0.803921568627451
121.50544667243958,0.0,0.05194046385794706,0.03,1,1,1,0.0,0.3333333333333333,0.08857350000000001,-1,-1,-1,1.0,1.0,-1.0,0.0,-0.3333333333333333,0.12150000000000001,-1,-1,-1,0.356862745098039,0.694117647058824,0.803921568627451
121.53956294059753,0.0,0.05694443395356227,0.03,1,1,1,0.0,0.3333333333333333,0.08857350000000001,-1,-1,-1,1.0,1.0,-1.0,0.0,-0.3333333333333333,0.12150000000000001,-1,-1,-1,0.356862745098039,0.694117647058824,0.803921568627451
121.57765340805054,0.0,0.06194840404917749,0.03,1,1,1,0.0,0.3333333333333333,0.08857350000000001,-1,-1,-1,1.0,1.0,-1.0,0.0,-0.3333333333333333,0.12150000000000001,-1,-1,-1,0.356862745098039,0.694117647058824,0.803921568627451
121.61249351501465,0.0,0.06695237414479273,0.03,1,1,1,0.0,0.3333333333333333,0.08857350000000001,-1,-1,-1,1.0,1.0,-1.0,0.0,-0.3333333333333333,0.12150000000000001,-1,-1,-1,0.356862745098039,0.694117647058824,0.803921568627451
121.64756655693054,0.0,0.07195634424040798,0.03,1,1,1,0.0,0.3333333333333333,0.08857350000000001,-1,-1,-1,1.0,1.0,-1.0,0.0,-0.3333333333333333,0.12150000000000001,-1,-1,-1,0.356862745098039,0.694117647058824,0.803921568627451
121.68260312080383,0.0,0.07696031433602323,0.03,1,1,1,0.0,0.3333333333333333,0.08857350000000001,-1,-1,-1,1.0,1.0,-1.0,0.0,-0.3333333333333333,0.12150000000000001,-1,-1,-1,0.356862745098039,0.694117647058824,0.803921568627451
121.71699666976929,0.0,0.08196428443163847,0.03,1,1,1,0.0,0.3333333333333333,0.08857350000000001,-1,-1,-1,1.0,1.0,-1.0,0.0,-0.3333333333333333,0.12150000000000001,-1,-1,-1,0.356862745098039,0.694117647058824,0.803921568627451
121.75846481323242,0.0,0.08696825452725372,0.03,1,1,1,0.0,0.3333333333333333,0.08857350000000001,-1,-1,-1,1.0,1.0,-1.0,0.0,-0.3333333333333333,0.12150000000000001,-1,-1,-1,0.356862745098039,0.694117647058824,0.803921568627451
121.80053091049194,0.0,0.09197222462286897,0.03,1,1,1,0.0,0.3333333333333333,0.08857350000000001,-1,-1,-1,1.0,1.0,-1.0,0.0,-0.3333333333333333,0.12150000000000001,-1,-1,-1,0.356862745098039,0.694117647058824,0.803921568627451
121.83482813835144,0.0,0.09697619471848422,0.03,1,1,1,0.0,0.3333333333333333,0.08857350000000001,-1,-1,-1,1.0,1.0,-1.0,0.0,-0.3333333333333333,0.12150000000000001,-1,-1,-1,0.356862745098039,0.694117647058824,0.803921568627451
121.86959910392761,0.0,0.10198016481409947,0.03,1,1,1,0.0,0.3333333333333333,0.08857350000000001,-1,-1,-1,1.0,1.0,-1.0,0.0,-0.3333333333333333,0.12150000000000001,-1,-1,-1,0.356862745098039,0.694117647058824,0.803921568627451
121.90846943855286,0.0,0.10698413490971471,0.03,1,1,1,0.0,0.3333333333333333,0.08857350000000001,-1,-1,-1,1.0,1.0,-1.0,0.0,-0.3333333333333333,0.12150000000000001,-1,-1,-1,0.356862745098039,0.694117647058824,0.803921568627451
121.94312906265259,0.0,0.11198810500532996,0.03,1,1,1,0.0,0.3333333333333333,0.08857350000000001,-1,-1,-1,1.0,1.0,-1.0,0.0,-0.3333333333333333,0.12150000000000001,-1,-1,-1,0.356862745098039,0.694117647058824,0.803921568627451
121.98214387893677,0.0,0.11573640962689138,0.03,1,1,1,0.0,0.3333333333333333,0.08857350000000001,-1,-1,-1,1.0,1.0,-1.0,0.0,-0.3333333333333333,0.12150000000000001,-1,-1,-1,0.356862745098039,0.694117647058824,0.803921568627451
122.02305555343628,0.0,0.1144620523522375,0.03,1,1,1,0.0,0.3333333333333333,0.08857350000000001,-1,-1,-1,1.0,1.0,-1.0,0.0,-0.3333333333333333,0.12150000000000001,-1,-1,-1,0.356862745098039,0.694117647058824,0.803921568627451
122.05696940422058,0.0,0.11318769507758361,0.03,1,1,1,0.0,0.3333333333333333,0.08857350000000001,-1,-1,-1,1.0,1.0,-1.0,0.0,-0.3333333333333333,0.12150000000000001,-1,-1,-1,0.356862745098039,0.694117647058824,0.803921568627451
122.09176516532898,0.0,0.11191333780292972,0.03,1,1,1,0.0,0.3333333333333333,0.08857350000000001,-1,-1,-1,1.0,1.0,-1.0,0.0,-0.3333333333333333,0.12150000000000001,-1,-1,-1,0.356862745098039,0.694117647058824,0.803921568627451
122.12645649909973,0.0,0.11063898052827584,0.03,1,1,1,0.0,0.3333333333333333,0.08857350000000001,-1,-1,-1,1.0,1.0,-1.0,0.0,-0.3333333333333333,0.12150000000000001,-1,-1,-1,0.356862745098039,0.694117647058824,0.803921568627451
122.16834092140198,0.0,0.10936462325362195,0.03,1,1,1,0.0,0.3333333333333333,0.08857350000000001,-1,-1,-1,1.0,1.0,-1.0,0.0,-0.3333333333333333,0.12150000000000001,-1,-1,-1,0.356862745098039,0.694117647058824,0.803921568627451
122.2030177116394,0.0,0.10809026597896806,0.03,1,1,1,0.0,0.3333333333333333,0.08857350000000001,-1,-1,-1,1.0,1.0,-1.0,0.0,-0.3333333333333333,0.12150000000000001,-1,-1,-1,0.356862745098039,0.694117647058824,0.803921568627451
122.2377200126648,0.0,0.10681590870431418,0.03,1,1,1,0.0,0.3333333333333333,0.08857350000000001,-1,-1,-1,1.0,1.0,-1.0,0.0,-0.3333333333333333,0.12150000000000001,-1,-1,-1,0.356862745098039,0.694117647058824,0.803921568627451
122.27238011360168,0.0,0.10554155142966029,0.03,1,1,1,0.0,0.3333333333333333,0.08857350000000001,-1,-1,-1,1.0,1.0,-1.0,0.0,-0.3333333333333333,0.12150000000000001,-1,-1,-1,0.356862745098039,0.694117647058824,0.803921568627451
122.30670404434204,0.0,0.1042671941550064,0.03,1,1,1,0.0,0.3333333333333333,0.08857350000000001,-1,-1,-1,1.0,1.0,-1.0,0.0,-0.3333333333333333,0.12150000000000001,-1,-1,-1,0.356862745098039,0.694117647058824,0.803921568627451
122.34657597541809,0.0,0.10299283688035252,0.03,1,1,1,0.0,0.3333333333333333,0.08857350000000001,-1,-1,-1,1.0,1.0,-1.0,0.0,-0.3333333333333333,0.12150000000000001,-1,-1,-1,0.356862745098039,0.694117647058824,0.803921568627451
122.38383936882019,0.0,0.10171847960569863,0.03,1,1,1,0.0,0.3333333333333333,0.08857350000000001,-1,-1,-1,1.0,1.0,-1.0,0.0,-0.3333333333333333,0.12150000000000001,-1,-1,-1,0.356862745098039,0.694117647058824,0.803921568627451
122.43265295028687,0.0,0.10044412233104474,0.03,1,1,1,0.0,0.3333333333333333,0.08857350000000001,-1,-1,-1,1.0,1.0,-1.0,0.0,-0.3333333333333333,0.12150000000000001,-1,-1,-1,0.356862745098039,0.694117647058824,0.803921568627451
122.46721386909485,0.0,0.09916976505639086,0.03,1,1,1,0.0,0.3333333333333333,0.08857350000000001,-1,-1,-1,1.0,1.0,-1.0,0.0,-0.3333333333333333,0.12150000000000001,-1,-1,-1,0.356862745098039,0.694117647058824,0.803921568627451
122.50197768211365,0.0,0.09789540778173697,0.03,1,1,1,0.0,0.3333333333333333,0.08857350000000001,-1,-1,-1,1.0,1.0,-1.0,0.0,-0.3333333333333333,0.12150000000000001,-1,-1,-1,0.356862745098039,0.694117647058824,0.803921568627451
122.53641271591187,0.0,0.09662105050708308,0.03,1,1,1,0.0,0.3333333333333333,0.08857350000000001,-1,-1,-1,1.0,1.0,-1.0,0.0,-0.3333333333333333,0.12150000000000001,-1,-1,-1,0.356862745098039,0.694117647058824,0.803921568627451
122.5812463760376,0.0,0.0953466932324292,0.03,1,1,1,0.0,0.3333333333333333,0.08857350000000001,-1,-1,-1,1.0,1.0,-1.0,0.0,-0.3333333333333333,0.12150000000000001,-1,-1,-1,0.356862745098039,0.694117647058824,0.803921568627451
122.62003898620605,0.0,0.09407233595777531,0.03,1,1,1,0.0,0.3333333333333333,0.08857350000000001,-1,-1,-1,1.0,1.0,-1.0,0.0,-0.3333333333333333,0.12150000000000001,-1,-1,-1,0.356862745098039,0.694117647058824,0.803921568627451
122.65436339378357,0.0,0.09279797868312142,0.03,1,1,1,0.0,0.3333333333333333,0.08857350000000001,-1,-1,-1,1.0,1.0,-1.0,0.0,-0.3333333333333333,0.12150000000000001,-1,-1,-1,0.356862745098039,0.694117647058824,0.803921568627451
122.68875455856323,0.0,0.09152362140846754,0.03,1,1,1,0.0,0.3333333333333333,0.08857350000000001,-1,-1,-1,1.0,1.0,-1.0,0.0,-0.3333333333333333,0.12150000000000001,-1,-1,-1,0.356862745098039,0.694117647058824,0.803921568627451
122.72485113143921,0.0,0.09024926413381365,0.03,1,1,1,0.0,0.3333333333333333,0.08857350000000001,-1,-1,-1,1.0,1.0,-1.0,0.0,-0.3333333333333333,0.12150000000000001,-1,-1,-1,0.356862745098039,0.694117647058824,0.803921568627451
122.76597023010254,0.0,0.08897490685915976,0.03,1,1,1,0.0,0.3333333333333333,0.08857350000000001,-1,-1,-1,1.0,1.0,-1.0,0.0,-0.3333333333333333,0.12150000000000001,-1,-1,-1,0.356862745098039,0.694117647058824,0.803921568627451
122.79997992515564,0.0,0.08770054958450588,0.03,1,1,1,0.0,0.3333333333333333,0.08857350000000001,-1,-1,-1,1.0,1.0,-1.0,0.0,-0.3333333333333333,0.12150000000000001,-1,-1,-1,0.356862745098039,0.694117647058824,0.803921568627451
122.83448696136475,0.0,0.08642619230985199,0.03,1,1,1,0.0,0.3333333333333333,0.08857350000000001,-1,-1,-1,1.0,1.0,-1.0,0.0,-0.3333333333333333,0.12150000000000001,-1,-1,-1,0.356862745098039,0.694117647058824,0.803921568627451
122.86906003952026,0.0,0.0851518350351981,0.03,1,1,1,0.0,0.3333333333333333,0.08857350000000001,-1,-1,-1,1.0,1.0,-1.0,0.0,-0.3333333333333333,0.12150000000000001,-1,-1,-1,0.356862745098039,0.694117647058824,0.803921568627451
122.90377688407898,0.0,0.08387747776054422,0.03,1,1,1,0.0,0.3333333333333333,0.08857350000000001,-1,-1,-1,1.0,1.0,-1.0,0.0,-0.3333333333333333,0.12150000000000001,-1,-1,-1,0.356862745098039,0.694117647058824,0.803921568627451
122.94921875,0.0,0.08260312048589033,0.03,1,1,1,0.0,0.3333333333333333,0.08857350000000001,-1,-1,-1,1.0,1.0,-1.0,0.0,-0.3333333333333333,0.12150000000000001,-1,-1,-1,0.356862745098039,0.694117647058824,0.803921568627451
122.98717308044434,0.0,0.08132876321123644,0.03,1,1,1,0.0,0.3333333333333333,0.08857350000000001,-1,-1,-1,1.0,1.0,-1.0,0.0,-0.3333333333333333,0.12150000000000001,-1,-1,-1,0.356862745098039,0.694117647058824,0.803921568627451
123.02192044258118,0.0,0.08005440593658256,0.03,1,1,1,0.0,0.3333333333333333,0.08857350000000001,-1,-1,-1,1.0,1.0,-1.0,0.0,-0.3333333333333333,0.12150000000000001,-1,-1,-1,0.356862745098039,0.694117647058824,0.803921568627451
123.05632376670837,0.0,0.07878004866192867,0.03,1,1,1,0.0,0.3333333333333333,0.08857350000000001,-1,-1,-1,1.0,1.0,-1.0,0.0,-0.3333333333333333,0.12150000000000001,-1,-1,-1,0.356862745098039,0.694117647058824,0.803921568627451
123.09105229377747,0.0,0.07750569138727478,0.03,1,1,1,0.0,0.3333333333333333,0.08857350000000001,-1,-1,-1,1.0,1.0,-1.0,0.0,-0.3333333333333333,0.12150000000000001,-1,-1,-1,0.356862745098039,0.694117647058824,0.803921568627451
123.12591171264648,0.0,0.0762313341126209,0.03,1,1,1,0.0,0.3333333333333333,0.08857350000000001,-1,-1,-1,1.0,1.0,-1.0,0.0,-0.3333333333333333,0.12150000000000001,-1,-1,-1,0.356862745098039,0.694117647058824,0.803921568627451
123.16814136505127,0.0,0.07495697683796701,0.03,1,1,1,0.0,0.3333333333333333,0.08857350000000001,-1,-1,-1,1.0,1.0,-1.0,0.0,-0.3333333333333333,0.12150000000000001,-1,-1,-1,0.356862745098039,0.694117647058824,0.803921568627451
123.20254182815552,0.0,0.07509881686198382,0.03,1,1,1,0.0,0.3333333333333333,0.08857350000000001,-1,-1,-1,1.0,1.0,-1.0,0.0,-0.3333333333333333,0.12150000000000001,-1,-1,-1,0.356862745098039,0.694117647058824,0.803921568627451
123.23730731010437,0.0,0.07618478841844775,0.03,1,1,1,0.0,0.3333333333333333,0.08857350000000001,-1,-1,-1,1.0,1.0,-1.0,0.0,-0.3333333333333333,0.12150000000000001,-1,-1,-1,0.356862745098039,0.694117647058824,0.803921568627451
123.27186346054077,0.0,0.07727075997491169,0.03,1,1,1,0.0,0.3333333333333333,0.08857350000000001,-1,-1,-1,1.0,1.0,-1.0,0.0,-0.3333333333333333,0.12150000000000001,-1,-1,-1,0.356862745098039,0.694117647058824,0.803921568627451
123.30639243125916,0.0,0.07835673153137562,0.03,1,1,1,0.0,0.3333333333333333,0.08857350000000001,-1,-1,-1,1.0,1.0,-1.0,0.0,-0.3333333333333333,0.12150000000000001,-1,-1,-1,0.356862745098039,0.694117647058824,0.803921568627451
123.34065127372742,0.0,0.07944270308783956,0.03,1,1,1,0.0,0.3333333333333333,0.08857350000000001,-1,-1,-1,1.0,1.0,-1.0,0.0,-0.3333333333333333,0.12150000000000001,-1,-1,-1,0.356862745098039,0.694117647058824,0.803921568627451
123.3860080242157,0.0,0.0805286746443035,0.03,1,1,1,0.0,0.3333333333333333,0.08857350000000001,-1,-1,-1,1.0,1.0,-1.0,0.0,-0.3333333333333333,0.12150000000000001,-1,-1,-1,0.356862745098039,0.694117647058824,0.803921568627451
123.41988039016724,0.0,0.08161464620076743,0.03,1,1,1,0.0,0.3333333333333333,0.08857350000000001,-1,-1,-1,1.0,1.0,-1.0,0.0,-0.3333333333333333,0.12150000000000001,-1,-1,-1,0.356862745098039,0.694117647058824,0.803921568627451
123.45223426818848,0.0,0.08270061775723136,0.03,1,1,1,0.0,0.3333333333333333,0.08857350000000001,-1,-1,-1,1.0,1.0,-1.0,0.0,-0.3333333333333333,0.12150000000000001,-1,-1,-1,0.356862745098039,0.694117647058824,0.803921568627451
123.4874005317688,0.0,0.0837865893136953,0.03,1,1,1,0.0,0.3333333333333333,0.08857350000000001,-1,-1,-1,1.0,1.0,-1.0,0.0,-0.3333333333333333,0.12150000000000001,-1,-1,-1,0.356862745098039,0.694117647058824,0.803921568627451
123.52271032333374,0.0,0.08487256087015924,0.03,1,1,1,0.0,0.3333333333333333,0.08857350000000001,-1,-1,-1,1.0,1.0,-1.0,0.0,-0.3333333333333333,0.12150000000000001,-1,-1,-1,0.356862745098039,0.694117647058824,0.803921568627451
123.55715417861938,0.0,0.08595853242662317,0.03,1,1,1,0.0,0.3333333333333333,0.08857350000000001,-1,-1,-1,1.0,1.0,-1.0,0.0,-0.3333333333333333,0.12150000000000001,-1,-1,-1,0.356862745098039,0.694117647058824,0.803921568627451
123.59878063201904,0.0,0.08704450398308711,0.03,1,1,1,0.0,0.3333333333333333,0.08857350000000001,-1,-1,-1,1.0,1.0,-1.0,0.0,-0.3333333333333333,0.12150000000000001,-1,-1,-1,0.356862745098039,0.694117647058824,0.803921568627451
123.63318538665771,0.0,0.08813047553955104,0.03,1,1,1,0.0,0.3333333333333333,0.08857350000000001,-1,-1,-1,1.0,1.0,-1.0,0.0,-0.3333333333333333,0.12150000000000001,-1,-1,-1,0.356862745098039,0.694117647058824,0.803921568627451
123.6680543422699,0.0,0.08921644709601498,0.03,1,1,1,0.0,0.3333333333333333,0.08857350000000001,-1,-1,-1,1.0,1.0,-1.0,0.0,-0.3333333333333333,0.12150000000000001,-1,-1,-1,0.356862745098039,0.694117647058824,0.803921568627451
123.70264863967896,0.0,0.09030241865247891,0.03,1,1,1,0.0,0.3333333333333333,0.08857350000000001,-1,-1,-1,1.0,1.0,-1.0,0.0,-0.3333333333333333,0.12150000000000001,-1,-1,-1,0.356862745098039,0.694117647058824,0.803921568627451
123.73784351348877,0.0,0.09138839020894285,0.03,1,1,1,0.0,0.3333333333333333,0.08857350000000001,-1,-1,-1,1.0,1.0,-1.0,0.0,-0.3333333333333333,0.12150000000000001,-1,-1,-1,0.356862745098039,0.694117647058824,0.803921568627451
123.77963590621948,0.0,0.09247436176540678,0.03,1,1,1,0.0,0.3333333333333333,0.08857350000000001,-1,-1,-1,1.0,1.0,-1.0,0.0,-0.3333333333333333,0.12150000000000001,-1,-1,-1,0.356862745098039,0.694117647058824,0.803921568627451
123.82303762435913,0.0,0.09356033332187072,0.03,1,1,1,0.0,0.3333333333333333,0.08857350000000001,-1,-1,-1,1.0,1.0,-1.0,0.0,-0.3333333333333333,0.12150000000000001,-1,-1,-1,0.356862745098039,0.694117647058824,0.803921568627451
123.85724782943726,0.0,0.09464630487833466,0.03,1,1,1,0.0,0.3333333333333333,0.08857350000000001,-1,-1,-1,1.0,1.0,-1.0,0.0,-0.3333333333333333,0.12150000000000001,-1,-1,-1,0.356862745098039,0.694117647058824,0.803921568627451
123.8908326625824,0.0,0.09573227643479859,0.03,1,1,1,0.0,0.3333333333333333,0.08857350000000001,-1,-1,-1,1.0,1.0,-1.0,0.0,-0.3333333333333333,0.12150000000000001,-1,-1,-1,0.356862745098039,0.694117647058824,0.803921568627451
123.92604732513428,0.0,0.09681824799126253,0.03,1,1,1,0.0,0.3333333333333333,0.08857350000000001,-1,-1,-1,1.0,1.0,-1.0,0.0,-0.3333333333333333,0.12150000000000001,-1,-1,-1,0.356862745098039,0.694117647058824,0.803921568627451
123.96085858345032,0.0,0.09790421954772646,0.03,1,1,1,0.0,0.3333333333333333,0.08857350000000001,-1,-1,-1,1.0,1.0,-1.0,0.0,-0.3333333333333333,0.12150000000000001,-1,-1,-1,0.356862745098039,0.694117647058824,0.803921568627451
124.00925350189209,0.0,0.0989901911041904,0.03,1,1,1,0.0,0.3333333333333333,0.08857350000000001,-1,-1,-1,1.0,1.0,-1.0,0.0,-0.3333333333333333,0.12150000000000001,-1,-1,-1,0.356862745098039,0.694117647058824,0.803921568627451
124.0440399646759,0.0,0.10007616266065433,0.03,1,1,1,0.0,0.3333333333333333,0.08857350000000001,-1,-1,-1,1.0,1.0,-1.0,0.0,-0.3333333333333333,0.12150000000000001,-1,-1,-1,0.356862745098039,0.694117647058824,0.803921568627451
124.08518099784851,0.0,0.10116213421711827,0.03,1,1,1,0.0,0.3333333333333333,0.08857350000000001,-1,-1,-1,1.0,1.0,-1.0,0.0,-0.3333333333333333,0.12150000000000001,-1,-1,-1,0.356862745098039,0.694117647058824,0.803921568627451
124.12440943717957,0.0,0.1022481057735822,0.03,1,1,1,0.0,0.3333333333333333,0.08857350000000001,-1,-1,-1,1.0,1.0,-1.0,0.0,-0.3333333333333333,0.12150000000000001,-1,-1,-1,0.356862745098039,0.694117647058824,0.803921568627451
124.15800356864929,0.0,0.10333407733004614,0.03,1,1,1,0.0,0.3333333333333333,0.08857350000000001,-1,-1,-1,1.0,1.0,-1.0,0.0,-0.3333333333333333,0.12150000000000001,-1,-1,-1,0.356862745098039,0.694117647058824,0.803921568627451
124.1928083896637,0.0,0.10442004888651008,0.03,1,1,1,0.0,0.3333333333333333,0.08857350000000001,-1,-1,-1,1.0,1.0,-1.0,0.0,-0.3333333333333333,0.12150000000000001,-1,-1,-1,0.356862745098039,0.694117647058824,0.803921568627451
124.23056602478027,0.0,0.10550602044297401,0.03,1,1,1,0.0,0.3333333333333333,0.08857350000000001,-1,-1,-1,1.0,1.0,-1.0,0.0,-0.3333333333333333,0.12150000000000001,-1,-1,-1,0.356862745098039,0.694117647058824,0.803921568627451
124.2655758857727,0.0,0.10659199199943795,0.03,1,1,1,0.0,0.3333333333333333,0.08857350000000001,-1,-1,-1,1.0,1.0,-1.0,0.0,-0.3333333333333333,0.12150000000000001,-1,-1,-1,0.356862745098039,0.694117647058824,0.803921568627451
124.29995632171631,0.0,0.10767796355590188,0.03,1,1,1,0.0,0.3333333333333333,0.08857350000000001,-1,-1,-1,1.0,1.0,-1.0,0.0,-0.3333333333333333,0.12150000000000001,-1,-1,-1,0.356862745098039,0.694117647058824,0.803921568627451
124.3357367515564,0.0,0.10876393511236582,0.03,1,1,1,0.0,0.3333333333333333,0.08857350000000001,-1,-1,-1,1.0,1.0,-1.0,0.0,-0.3333333333333333,0.12150000000000001,-1,-1,-1,0.356862745098039,0.694117647058824,0.803921568627451
124.3699996471405,0.0,0.10984990666882975,0.03,1,1,1,0.0,0.3333333333333333,0.08857350000000001,-1,-1,-1,1.0,1.0,-1.0,0.0,-0.3333333333333333,0.12150000000000001,-1,-1,-1,0.356862745098039,0.694117647058824,0.803921568627451
124.4047908782959,0.0,0.11028429529141533,0.03,1,1,1,0.0,0.3333333333333333,0.08857350000000001,-1,-1,-1,1.0,1.0,-1.0,0.0,-0.3333333333333333,0.12150000000000001,-1,-1,-1,0.356862745098039,0.694117647058824,0.803921568627451
124.44663119316101,0.0,0.11028429529141533,0.03,1,1,1,0.0,0.3333333333333333,0.08857350000000001,-1,-1,-1,1.0,1.0,-1.0,0.0,-0.3333333333333333,0.12150000000000001,-1,-1,-1,0.356862745098039,0.694117647058824,0.803921568627451
124.48802900314331,0.0,0.11028429529141533,0.03,1,1,1,0.0,0.3333333333333333,0.08857350000000001,-1,-1,-1,1.0,1.0,-1.0,0.0,-0.3333333333333333,0.12150000000000001,-1,-1,-1,0.356862745098039,0.694117647058824,0.803921568627451
124.52281641960144,0.0,0.11028429529141533,0.03,1,1,1,0.0,0.3333333333333333,0.08857350000000001,-1,-1,-1,1.0,1.0,-1.0,0.0,-0.3333333333333333,0.12150000000000001,-1,-1,-1,0.356862745098039,0.694117647058824,0.803921568627451
124.56185674667358,0.0,0.11028429529141533,0.03,1,1,1,0.0,0.3333333333333333,0.08857350000000001,-1,-1,-1,1.0,1.0,-1.0,0.0,-0.3333333333333333,0.12150000000000001,-1,-1,-1,0.356862745098039,0.694117647058824,0.803921568627451
124.5966649055481,0.0,0.11028429529141533,0.03,1,1,1,0.0,0.3333333333333333,0.08857350000000001,-1,-1,-1,1.0,1.0,-1.0,0.0,-0.3333333333333333,0.12150000000000001,-1,-1,-1,0.356862745098039,0.694117647058824,0.803921568627451
124.6338152885437,0.0,0.11028429529141533,0.03,1,1,1,0.0,0.3333333333333333,0.08857350000000001,-1,-1,-1,1.0,1.0,-1.0,0.0,-0.3333333333333333,0.12150000000000001,-1,-1,-1,0.356862745098039,0.694117647058824,0.803921568627451
124.67566680908203,0.0,0.11028429529141533,0.03,1,1,1,0.0,0.3333333333333333,0.08857350000000001,-1,-1,-1,1.0,1.0,-1.0,0.0,-0.3333333333333333,0.12150000000000001,-1,-1,-1,0.356862745098039,0.694117647058824,0.803921568627451
124.70906949043274,0.0,0.11028429529141533,0.03,1,1,1,0.0,0.3333333333333333,0.08857350000000001,-1,-1,-1,1.0,1.0,-1.0,0.0,-0.3333333333333333,0.12150000000000001,-1,-1,-1,0.356862745098039,0.694117647058824,0.803921568627451
124.74411749839783,0.0,0.11028429529141533,0.03,1,1,1,0.0,0.3333333333333333,0.08857350000000001,-1,-1,-1,1.0,1.0,-1.0,0.0,-0.3333333333333333,0.12150000000000001,-1,-1,-1,0.356862745098039,0.694117647058824,0.803921568627451
124.77867102622986,0.0,0.11028429529141533,0.03,1,1,1,0.0,0.3333333333333333,0.08857350000000001,-1,-1,-1,1.0,1.0,-1.0,0.0,-0.3333333333333333,0.12150000000000001,-1,-1,-1,0.356862745098039,0.694117647058824,0.803921568627451
124.82029056549072,0.0,0.11028429529141533,0.03,1,1,1,0.0,0.3333333333333333,0.08857350000000001,-1,-1,-1,1.0,1.0,-1.0,0.0,-0.3333333333333333,0.12150000000000001,-1,-1,-1,0.356862745098039,0.694117647058824,0.803921568627451
124.85539150238037,0.0,0.11028429529141533,0.03,1,1,1,0.0,0.3333333333333333,0.08857350000000001,-1,-1,-1,1.0,1.0,-1.0,0.0,-0.3333333333333333,0.12150000000000001,-1,-1,-1,0.356862745098039,0.694117647058824,0.803921568627451
124.8901846408844,0.0,0.11028429529141533,0.03,1,1,1,0.0,0.3333333333333333,0.08857350000000001,-1,-1,-1,1.0,1.0,-1.0,0.0,-0.3333333333333333,0.12150000000000001,-1,-1,-1,0.356862745098039,0.694117647058824,0.803921568627451
124.92460608482361,0.0,0.11028429529141533,0.03,1,1,1,0.0,0.3333333333333333,0.08857350000000001,-1,-1,-1,1.0,1.0,-1.0,0.0,-0.3333333333333333,0.12150000000000001,-1,-1,-1,0.356862745098039,0.694117647058824,0.803921568627451
124.96361804008484,0.0,0.11028429529141533,0.03,1,1,1,0.0,0.3333333333333333,0.08857350000000001,-1,-1,-1,1.0,1.0,-1.0,0.0,-0.3333333333333333,0.12150000000000001,-1,-1,-1,0.356862745098039,0.694117647058824,0.803921568627451
124.99748659133911,0.0,0.11028429529141533,0.03,1,1,1,0.0,0.3333333333333333,0.08857350000000001,-1,-1,-1,1.0,1.0,-1.0,0.0,-0.3333333333333333,0.12150000000000001,-1,-1,-1,0.356862745098039,0.694117647058824,0.803921568627451
125.03560328483582,0.0,0.11028429529141533,0.03,1,1,1,0.0,0.3333333333333333,0.08857350000000001,-1,-1,-1,1.0,1.0,-1.0,0.0,-0.3333333333333333,0.12150000000000001,-1,-1,-1,0.356862745098039,0.694117647058824,0.803921568627451
125.07095789909363,0.0,0.11028429529141533,0.03,1,1,1,0.0,0.3333333333333333,0.08857350000000001,-1,-1,-1,1.0,1.0,-1.0,0.0,-0.3333333333333333,0.12150000000000001,-1,-1,-1,0.356862745098039,0.694117647058824,0.803921568627451
125.1064784526825,0.0,0.11028429529141533,0.03,1,1,1,0.0,0.3333333333333333,0.08857350000000001,-1,-1,-1,1.0,1.0,-1.0,0.0,-0.3333333333333333,0.12150000000000001,-1,-1,-1,0.356862745098039,0.694117647058824,0.803921568627451
125.14050006866455,0.0,0.11028429529141533,0.03,1,1,1,0.0,0.3333333333333333,0.08857350000000001,-1,-1,-1,1.0,1.0,-1.0,0.0,-0.3333333333333333,0.12150000000000001,-1,-1,-1,0.356862745098039,0.694117647058824,0.803921568627451
125.18187308311462,0.0,0.11028429529141533,0.03,1,1,1,0.0,0.3333333333333333,0.08857350000000001,-1,-1,-1,1.0,1.0,-1.0,0.0,-0.3333333333333333,0.12150000000000001,-1,-1,-1,0.356862745098039,0.694117647058824,0.803921568627451
125.21692371368408,0.0,0.11028429529141533,0.03,1,1,1,0.0,0.3333333333333333,0.08857350000000001,-1,-1,-1,1.0,1.0,-1.0,0.0,-0.3333333333333333,0.12150000000000001,-1,-1,-1,0.356862745098039,0.694117647058824,0.803921568627451
125.25156450271606,0.0,0.11028429529141533,0.03,1,1,1,0.0,0.3333333333333333,0.08857350000000001,-1,-1,-1,1.0,1.0,-1.0,0.0,-0.3333333333333333,0.12150000000000001,-1,-1,-1,0.356862745098039,0.694117647058824,0.803921568627451
125.28632664680481,0.0,0.11028429529141533,0.03,1,1,1,0.0,0.3333333333333333,0.08857350000000001,-1,-1,-1,1.0,1.0,-1.0,0.0,-0.3333333333333333,0.12150000000000001,-1,-1,-1,0.356862745098039,0.694117647058824,0.803921568627451
125.32173085212708,0.0,0.11028429529141533,0.03,1,1,1,0.0,0.3333333333333333,0.08857350000000001,-1,-1,-1,1.0,1.0,-1.0,0.0,-0.3333333333333333,0.12150000000000001,-1,-1,-1,0.356862745098039,0.694117647058824,0.803921568627451
125.35644483566284,0.0,0.11028429529141533,0.03,1,1,1,0.0,0.3333333333333333,0.08857350000000001,-1,-1,-1,1.0,1.0,-1.0,0.0,-0.3333333333333333,0.12150000000000001,-1,-1,-1,0.356862745098039,0.694117647058824,0.803921568627451
125.39038634300232,0.0,0.11028429529141533,0.03,1,1,1,0.0,0.3333333333333333,0.08857350000000001,-1,-1,-1,1.0,1.0,-1.0,0.0,-0.3333333333333333,0.12150000000000001,-1,-1,-1,0.356862745098039,0.694117647058824,0.803921568627451
125.42534494400024,0.0,0.11028429529141533,0.03,1,1,1,0.0,0.3333333333333333,0.08857350000000001,-1,-1,-1,1.0,1.0,-1.0,0.0,-0.3333333333333333,0.12150000000000001,-1,-1,-1,0.356862745098039,0.694117647058824,0.803921568627451
125.46993446350098,0.0,0.11028429529141533,0.03,1,1,1,0.0,0.3333333333333333,0.08857350000000001,-1,-1,-1,1.0,1.0,-1.0,0.0,-0.3333333333333333,0.12150000000000001,-1,-1,-1,0.356862745098039,0.694117647058824,0.803921568627451
125.50892066955566,0.0,0.11028429529141533,0.03,1,1,1,0.0,0.3333333333333333,0.08857350000000001,-1,-1,-1,1.0,1.0,-1.0,0.0,-0.3333333333333333,0.12150000000000001,-1,-1,-1,0.356862745098039,0.694117647058824,0.803921568627451
125.54364824295044,0.0,0.11028429529141533,0.03,1,1,1,0.0,0.3333333333333333,0.08857350000000001,-1,-1,-1,1.0,1.0,-1.0,0.0,-0.3333333333333333,0.12150000000000001,-1,-1,-1,0.356862745098039,0.694117647058824,0.803921568627451
125.57803583145142,0.0,0.11028429529141533,0.03,1,1,1,0.0,0.3333333333333333,0.08857350000000001,-1,-1,-1,1.0,1.0,-1.0,0.0,-0.3333333333333333,0.12150000000000001,-1,-1,-1,0.356862745098039,0.694117647058824,0.803921568627451
125.6134147644043,0.0,0.1087918143119498,0.03,1,1,1,0.0,0.3333333333333333,0.08857350000000001,-1,-1,-1,1.0,1.0,-1.0,0.0,-0.3333333333333333,0.12150000000000001,-1,-1,-1,0.356862745098039,0.694117647058824,0.803921568627451
125.64763402938843,0.0,0.10692621308761789,0.03,1,1,1,0.0,0.3333333333333333,0.08857350000000001,-1,-1,-1,1.0,1.0,-1.0,0.0,-0.3333333333333333,0.12150000000000001,-1,-1,-1,0.356862745098039,0.694117647058824,0.803921568627451
125.68911790847778,0.0,0.10506061186328598,0.03,1,1,1,0.0,0.3333333333333333,0.08857350000000001,-1,-1,-1,1.0,1.0,-1.0,0.0,-0.3333333333333333,0.12150000000000001,-1,-1,-1,0.356862745098039,0.694117647058824,0.803921568627451
125.72386026382446,0.0,0.10319501063895407,0.03,1,1,1,0.0,0.3333333333333333,0.08857350000000001,-1,-1,-1,1.0,1.0,-1.0,0.0,-0.3333333333333333,0.12150000000000001,-1,-1,-1,0.356862745098039,0.694117647058824,0.803921568627451
125.75900363922119,0.0,0.10132940941462217,0.03,1,1,1,0.0,0.3333333333333333,0.08857350000000001,-1,-1,-1,1.0,1.0,-1.0,0.0,-0.3333333333333333,0.12150000000000001,-1,-1,-1,0.356862745098039,0.694117647058824,0.803921568627451
125.79329490661621,0.0,0.09946380819029026,0.03,1,1,1,0.0,0.3333333333333333,0.08857350000000001,-1,-1,-1,1.0,1.0,-1.0,0.0,-0.3333333333333333,0.12150000000000001,-1,-1,-1,0.356862745098039,0.694117647058824,0.803921568627451
125.82813787460327,0.0,0.09759820696595835,0.03,1,1,1,0.0,0.3333333333333333,0.08857350000000001,-1,-1,-1,1.0,1.0,-1.0,0.0,-0.3333333333333333,0.12150000000000001,-1,-1,-1,0.356862745098039,0.694117647058824,0.803921568627451
125.86323738098145,0.0,0.09573260574162644,0.03,1,1,1,0.0,0.3333333333333333,0.08857350000000001,-1,-1,-1,1.0,1.0,-1.0,0.0,-0.3333333333333333,0.12150000000000001,-1,-1,-1,0.356862745098039,0.694117647058824,0.803921568627451
125.90812849998474,0.0,0.09386700451729453,0.03,1,1,1,0.0,0.3333333333333333,0.08857350000000001,-1,-1,-1,1.0,1.0,-1.0,0.0,-0.3333333333333333,0.12150000000000001,-1,-1,-1,0.356862745098039,0.694117647058824,0.803921568627451
125.94625067710876,0.0,0.09200140329296262,0.03,1,1,1,0.0,0.3333333333333333,0.08857350000000001,-1,-1,-1,1.0,1.0,-1.0,0.0,-0.3333333333333333,0.12150000000000001,-1,-1,-1,0.356862745098039,0.694117647058824,0.803921568627451
125.98114657402039,0.0,0.09013580206863071,0.03,1,1,1,0.0,0.3333333333333333,0.08857350000000001,-1,-1,-1,1.0,1.0,-1.0,0.0,-0.3333333333333333,0.12150000000000001,-1,-1,-1,0.356862745098039,0.694117647058824,0.803921568627451
126.01534795761108,0.0,0.0882702008442988,0.03,1,1,1,0.0,0.3333333333333333,0.08857350000000001,-1,-1,-1,1.0,1.0,-1.0,0.0,-0.3333333333333333,0.12150000000000001,-1,-1,-1,0.356862745098039,0.694117647058824,0.803921568627451
126.05078029632568,0.0,0.0864045996199669,0.03,1,1,1,0.0,0.3333333333333333,0.08857350000000001,-1,-1,-1,1.0,1.0,-1.0,0.0,-0.3333333333333333,0.12150000000000001,-1,-1,-1,0.356862745098039,0.694117647058824,0.803921568627451
126.09227323532104,0.0,0.08453899839563499,0.03,1,1,1,0.0,0.3333333333333333,0.08857350000000001,-1,-1,-1,1.0,1.0,-1.0,0.0,-0.3333333333333333,0.12150000000000001,-1,-1,-1,0.356862745098039,0.694117647058824,0.803921568627451
126.13361501693726,0.0,0.08267339717130308,0.03,1,1,1,0.0,0.3333333333333333,0.08857350000000001,-1,-1,-1,1.0,1.0,-1.0,0.0,-0.3333333333333333,0.12150000000000001,-1,-1,-1,0.356862745098039,0.694117647058824,0.803921568627451
126.16879367828369,0.0,0.08080779594697117,0.03,1,1,1,0.0,0.3333333333333333,0.08857350000000001,-1,-1,-1,1.0,1.0,-1.0,0.0,-0.3333333333333333,0.12150000000000001,-1,-1,-1,0.356862745098039,0.694117647058824,0.803921568627451
126.20688772201538,0.0,0.07894219472263926,0.03,1,1,1,0.0,0.3333333333333333,0.08857350000000001,-1,-1,-1,1.0,1.0,-1.0,0.0,-0.3333333333333333,0.12150000000000001,-1,-1,-1,0.356862745098039,0.694117647058824,0.803921568627451
126.24022793769836,0.0,0.07707659349830735,0.03,1,1,1,0.0,0.3333333333333333,0.08857350000000001,-1,-1,-1,1.0,1.0,-1.0,0.0,-0.3333333333333333,0.12150000000000001,-1,-1,-1,0.356862745098039,0.694117647058824,0.803921568627451
126.27611327171326,0.0,0.07521099227397544,0.03,1,1,1,0.0,0.3333333333333333,0.08857350000000001,-1,-1,-1,1.0,1.0,-1.0,0.0,-0.3333333333333333,0.12150000000000001,-1,-1,-1,0.356862745098039,0.694117647058824,0.803921568627451
126.31313848495483,0.0,0.07334539104964354,0.03,1,1,1,0.0,0.3333333333333333,0.08857350000000001,-1,-1,-1,1.0,1.0,-1.0,0.0,-0.3333333333333333,0.12150000000000001,-1,-1,-1,0.356862745098039,0.694117647058824,0.803921568627451
126.34815073013306,0.0,0.07147978982531163,0.03,1,1,1,0.0,0.3333333333333333,0.08857350000000001,-1,-1,-1,1.0,1.0,-1.0,0.0,-0.3333333333333333,0.12150000000000001,-1,-1,-1,0.356862745098039,0.694117647058824,0.803921568627451
126.3820641040802,0.0,0.06961418860097972,0.03,1,1,1,0.0,0.3333333333333333,0.08857350000000001,-1,-1,-1,1.0,1.0,-1.0,0.0,-0.3333333333333333,0.12150000000000001,-1,-1,-1,0.356862745098039,0.694117647058824,0.803921568627451
126.4182755947113,0.0,0.06774858737664781,0.03,1,1,1,0.0,0.3333333333333333,0.08857350000000001,-1,-1,-1,1.0,1.0,-1.0,0.0,-0.3333333333333333,0.12150000000000001,-1,-1,-1,0.356862745098039,0.694117647058824,0.803921568627451
126.45234370231628,0.0,0.0658829861523159,0.03,1,1,1,0.0,0.3333333333333333,0.08857350000000001,-1,-1,-1,1.0,1.0,-1.0,0.0,-0.3333333333333333,0.12150000000000001,-1,-1,-1,0.356862745098039,0.694117647058824,0.803921568627451
126.49432396888733,0.0,0.06401738492798399,0.03,1,1,1,0.0,0.3333333333333333,0.08857350000000001,-1,-1,-1,1.0,1.0,-1.0,0.0,-0.3333333333333333,0.12150000000000001,-1,-1,-1,0.356862745098039,0.694117647058824,0.803921568627451
126.5290458202362,0.0,0.062151783703652076,0.03,1,1,1,0.0,0.3333333333333333,0.08857350000000001,-1,-1,-1,1.0,1.0,-1.0,0.0,-0.3333333333333333,0.12150000000000001,-1,-1,-1,0.356862745098039,0.694117647058824,0.803921568627451
126.56366109848022,0.0,0.06028618247932013,0.03,1,1,1,0.0,0.3333333333333333,0.08857350000000001,-1,-1,-1,1.0,1.0,-1.0,0.0,-0.3333333333333333,0.12150000000000001,-1,-1,-1,0.356862745098039,0.694117647058824,0.803921568627451
126.59865951538086,0.0,0.05842058125498819,0.03,1,1,1,0.0,0.3333333333333333,0.08857350000000001,-1,-1,-1,1.0,1.0,-1.0,0.0,-0.3333333333333333,0.12150000000000001,-1,-1,-1,0.356862745098039,0.694117647058824,0.803921568627451
126.63288855552673,0.0,0.056554980030656246,0.03,1,1,1,0.0,0.3333333333333333,0.08857350000000001,-1,-1,-1,1.0,1.0,-1.0,0.0,-0.3333333333333333,0.12150000000000001,-1,-1,-1,0.356862745098039,0.694117647058824,0.803921568627451
126.66756558418274,0.0,0.0546893788063243,0.03,1,1,1,0.0,0.3333333333333333,0.08857350000000001,-1,-1,-1,1.0,1.0,-1.0,0.0,-0.3333333333333333,0.12150000000000001,-1,-1,-1,0.356862745098039,0.694117647058824,0.803921568627451
126.71122789382935,0.0,0.05282377758199236,0.03,1,1,1,0.0,0.3333333333333333,0.08857350000000001,-1,-1,-1,1.0,1.0,-1.0,0.0,-0.3333333333333333,0.12150000000000001,-1,-1,-1,0.356862745098039,0.694117647058824,0.803921568627451
126.74616479873657,0.0,0.050958176357660416,0.03,1,1,1,0.0,0.3333333333333333,0.08857350000000001,-1,-1,-1,1.0,1.0,-1.0,0.0,-0.3333333333333333,0.12150000000000001,-1,-1,-1,0.356862745098039,0.694117647058824,0.803921568627451
126.78021717071533,0.0,0.04909257513332847,0.03,1,1,1,0.0,0.3333333333333333,0.08857350000000001,-1,-1,-1,1.0,1.0,-1.0,0.0,-0.3333333333333333,0.12150000000000001,-1,-1,-1,0.356862745098039,0.694117647058824,0.803921568627451
126.81480240821838,0.0,0.051128931573606796,0.03,1,1,1,0.0,0.3333333333333333,0.08857350000000001,-1,-1,-1,1.0,1.0,-1.0,0.0,-0.3333333333333333,0.12150000000000001,-1,-1,-1,0.356862745098039,0.694117647058824,0.803921568627451
126.84981989860535,0.0,0.05414077743003769,0.03,1,1,1,0.0,0.3333333333333333,0.08857350000000001,-1,-1,-1,1.0,1.0,-1.0,0.0,-0.3333333333333333,0.12150000000000001,-1,-1,-1,0.356862745098039,0.694117647058824,0.803921568627451
126.89748334884644,0.0,0.05715262328646858,0.03,1,1,1,0.0,0.3333333333333333,0.08857350000000001,-1,-1,-1,1.0,1.0,-1.0,0.0,-0.3333333333333333,0.12150000000000001,-1,-1,-1,0.356862745098039,0.694117647058824,0.803921568627451
126.93272948265076,0.0,0.060164469142899475,0.03,1,1,1,0.0,0.3333333333333333,0.08857350000000001,-1,-1,-1,1.0,1.0,-1.0,0.0,-0.3333333333333333,0.12150000000000001,-1,-1,-1,0.356862745098039,0.694117647058824,0.803921568627451
126.96705389022827,0.0,0.06317631499933034,0.03,1,1,1,0.0,0.3333333333333333,0.08857350000000001,-1,-1,-1,1.0,1.0,-1.0,0.0,-0.3333333333333333,0.12150000000000001,-1,-1,-1,0.356862745098039,0.694117647058824,0.803921568627451
127.00155329704285,0.0,0.0661881608557612,0.03,1,1,1,0.0,0.3333333333333333,0.08857350000000001,-1,-1,-1,1.0,1.0,-1.0,0.0,-0.3333333333333333,0.12150000000000001,-1,-1,-1,0.356862745098039,0.694117647058824,0.803921568627451
127.03654074668884,0.0,0.06920000671219205,0.03,1,1,1,0.0,0.3333333333333333,0.08857350000000001,-1,-1,-1,1.0,1.0,-1.0,0.0,-0.3333333333333333,0.12150000000000001,-1,-1,-1,0.356862745098039,0.694117647058824,0.803921568627451
127.08088207244873,0.0,0.0722118525686229,0.03,1,1,1,0.0,0.3333333333333333,0.08857350000000001,-1,-1,-1,1.0,1.0,-1.0,0.0,-0.3333333333333333,0.12150000000000001,-1,-1,-1,0.356862745098039,0.694117647058824,0.803921568627451
127.11979413032532,0.0,0.07522369842505376,0.03,1,1,1,0.0,0.3333333333333333,0.08857350000000001,-1,-1,-1,1.0,1.0,-1.0,0.0,-0.3333333333333333,0.12150000000000001,-1,-1,-1,0.356862745098039,0.694117647058824,0.803921568627451
127.15441846847534,0.0,0.07823554428148462,0.03,1,1,1,0.0,0.3333333333333333,0.08857350000000001,-1,-1,-1,1.0,1.0,-1.0,0.0,-0.3333333333333333,0.12150000000000001,-1,-1,-1,0.356862745098039,0.694117647058824,0.803921568627451
127.18896913528442,0.0,0.08124739013791547,0.03,1,1,1,0.0,0.3333333333333333,0.08857350000000001,-1,-1,-1,1.0,1.0,-1.0,0.0,-0.3333333333333333,0.12150000000000001,-1,-1,-1,0.356862745098039,0.694117647058824,0.803921568627451
127.22403597831726,0.0,0.08425923599434633,0.03,1,1,1,0.0,0.3333333333333333,0.08857350000000001,-1,-1,-1,1.0,1.0,-1.0,0.0,-0.3333333333333333,0.12150000000000001,-1,-1,-1,0.356862745098039,0.694117647058824,0.803921568627451
127.26553058624268,0.0,0.08727108185077719,0.03,1,1,1,0.0,0.3333333333333333,0.08857350000000001,-1,-1,-1,1.0,1.0,-1.0,0.0,-0.3333333333333333,0.12150000000000001,-1,-1,-1,0.356862745098039,0.694117647058824,0.803921568627451
127.30728316307068,0.0,0.09028292770720804,0.03,1,1,1,0.0,0.3333333333333333,0.08857350000000001,-1,-1,-1,1.0,1.0,-1.0,0.0,-0.3333333333333333,0.12150000000000001,-1,-1,-1,0.356862745098039,0.694117647058824,0.803921568627451
127.34203720092773,0.0,0.0932947735636389,0.03,1,1,1,0.0,0.3333333333333333,0.08857350000000001,-1,-1,-1,1.0,1.0,-1.0,0.0,-0.3333333333333333,0.12150000000000001,-1,-1,-1,0.356862745098039,0.694117647058824,0.803921568627451
127.37656164169312,0.0,0.09630661942006975,0.03,1,1,1,0.0,0.3333333333333333,0.08857350000000001,-1,-1,-1,1.0,1.0,-1.0,0.0,-0.3333333333333333,0.12150000000000001,-1,-1,-1,0.356862745098039,0.694117647058824,0.803921568627451
127.41583847999573,0.0,0.09931846527650061,0.03,1,1,1,0.0,0.3333333333333333,0.08857350000000001,-1,-1,-1,1.0,1.0,-1.0,0.0,-0.3333333333333333,0.12150000000000001,-1,-1,-1,0.356862745098039,0.694117647058824,0.803921568627451
127.44993329048157,0.0,0.10233031113293146,0.03,1,1,1,0.0,0.3333333333333333,0.08857350000000001,-1,-1,-1,1.0,1.0,-1.0,0.0,-0.3333333333333333,0.12150000000000001,-1,-1,-1,0.356862745098039,0.694117647058824,0.803921568627451
127.48773550987244,0.0,0.10534215698936232,0.03,1,1,1,0.0,0.3333333333333333,0.08857350000000001,-1,-1,-1,1.0,1.0,-1.0,0.0,-0.3333333333333333,0.12150000000000001,-1,-1,-1,0.356862745098039,0.694117647058824,0.803921568627451
127.52984166145325,0.0,0.10835400284579318,0.03,1,1,1,0.0,0.3333333333333333,0.08857350000000001,-1,-1,-1,1.0,1.0,-1.0,0.0,-0.3333333333333333,0.12150000000000001,-1,-1,-1,0.356862745098039,0.694117647058824,0.803921568627451
127.56416893005371,0.0,0.11136584870222403,0.03,1,1,1,0.0,0.3333333333333333,0.08857350000000001,-1,-1,-1,1.0,1.0,-1.0,0.0,-0.3333333333333333,0.12150000000000001,-1,-1,-1,0.356862745098039,0.694117647058824,0.803921568627451
127.59883046150208,0.0,0.11437769455865489,0.03,1,1,1,0.0,0.3333333333333333,0.08857350000000001,-1,-1,-1,1.0,1.0,-1.0,0.0,-0.3333333333333333,0.12150000000000001,-1,-1,-1,0.356862745098039,0.694117647058824,0.803921568627451
127.63363337516785,0.0,0.11738954041508574,0.03,1,1,1,0.0,0.3333333333333333,0.08857350000000001,-1,-1,-1,1.0,1.0,-1.0,0.0,-0.3333333333333333,0.12150000000000001,-1,-1,-1,0.356862745098039,0.694117647058824,0.803921568627451
127.6684741973877,0.0,0.12040138627151659,0.03,1,1,1,0.0,0.3333333333333333,0.08857350000000001,-1,-1,-1,1.0,1.0,-1.0,0.0,-0.3333333333333333,0.12150000000000001,-1,-1,-1,0.356862745098039,0.694117647058824,0.803921568627451
127.70989489555359,0.0,0.12341323212794746,0.03,1,1,1,0.0,0.3333333333333333,0.08857350000000001,-1,-1,-1,1.0,1.0,-1.0,0.0,-0.3333333333333333,0.12150000000000001,-1,-1,-1,0.356862745098039,0.694117647058824,0.803921568627451
127.74413895606995,0.0,0.12642507798437833,0.03,1,1,1,0.0,0.3333333333333333,0.08857350000000001,-1,-1,-1,1.0,1.0,-1.0,0.0,-0.3333333333333333,0.12150000000000001,-1,-1,-1,0.356862745098039,0.694117647058824,0.803921568627451
127.77913975715637,0.0,0.12943692384080918,0.03,1,1,1,0.0,0.3333333333333333,0.08857350000000001,-1,-1,-1,1.0,1.0,-1.0,0.0,-0.3333333333333333,0.12150000000000001,-1,-1,-1,0.356862745098039,0.694117647058824,0.803921568627451
127.81332325935364,0.0,0.13244876969724004,0.03,1,1,1,0.0,0.3333333333333333,0.08857350000000001,-1,-1,-1,1.0,1.0,-1.0,0.0,-0.3333333333333333,0.12150000000000001,-1,-1,-1,0.356862745098039,0.694117647058824,0.803921568627451
127.85176968574524,0.0,0.1354606155536709,0.03,1,1,1,0.0,0.3333333333333333,0.08857350000000001,-1,-1,-1,1.0,1.0,-1.0,0.0,-0.3333333333333333,0.12150000000000001,-1,-1,-1,0.356862745098039,0.694117647058824,0.803921568627451
127.88713002204895,0.0,0.13847246141010175,0.03,1,1,1,0.0,0.3333333333333333,0.08857350000000001,-1,-1,-1,1.0,1.0,-1.0,0.0,-0.3333333333333333,0.12150000000000001,-1,-1,-1,0.356862745098039,0.694117647058824,0.803921568627451
127.92491745948792,0.0,0.1414843072665326,0.03,1,1,1,0.0,0.3333333333333333,0.08857350000000001,-1,-1,-1,1.0,1.0,-1.0,0.0,-0.3333333333333333,0.12150000000000001,-1,-1,-1,0.356862745098039,0.694117647058824,0.803921568627451
127.95916032791138,0.0,0.14449615312296346,0.03,1,1,1,0.0,0.3333333333333333,0.08857350000000001,-1,-1,-1,1.0,1.0,-1.0,0.0,-0.3333333333333333,0.12150000000000001,-1,-1,-1,0.356862745098039,0.694117647058824,0.803921568627451
127.99458122253418,0.0,0.14769432418538112,0.03,1,1,1,0.0,0.3333333333333333,0.08857350000000001,-1,-1,-1,1.0,1.0,-1.0,0.0,-0.3333333333333333,0.12150000000000001,-1,-1,-1,0.356862745098039,0.694117647058824,0.803921568627451
128.02905106544495,0.0,0.15163779607174596,0.03,1,1,1,0.0,0.3333333333333333,0.08857350000000001,-1,-1,-1,1.0,1.0,-1.0,0.0,-0.3333333333333333,0.12150000000000001,-1,-1,-1,0.356862745098039,0.694117647058824,0.803921568627451
128.0635678768158,0.0,0.1555812679581108,0.03,1,1,1,0.0,0.3333333333333333,0.08857350000000001,-1,-1,-1,1.0,1.0,-1.0,0.0,-0.3333333333333333,0.12150000000000001,-1,-1,-1,0.356862745098039,0.694117647058824,0.803921568627451
128.10622811317444,0.0,0.15952473984447565,0.03,1,1,1,0.0,0.3333333333333333,0.08857350000000001,-1,-1,-1,1.0,1.0,-1.0,0.0,-0.3333333333333333,0.12150000000000001,-1,-1,-1,0.356862745098039,0.694117647058824,0.803921568627451
128.14032578468323,0.0,0.1634682117308405,0.03,1,1,1,0.0,0.3333333333333333,0.08857350000000001,-1,-1,-1,1.0,1.0,-1.0,0.0,-0.3333333333333333,0.12150000000000001,-1,-1,-1,0.356862745098039,0.694117647058824,0.803921568627451
128.17518615722656,0.0,0.16741168361720535,0.03,1,1,1,0.0,0.3333333333333333,0.08857350000000001,-1,-1,-1,1.0,1.0,-1.0,0.0,-0.3333333333333333,0.12150000000000001,-1,-1,-1,0.356862745098039,0.694117647058824,0.803921568627451
128.2096288204193,0.0,0.1713551555035702,0.03,1,1,1,0.0,0.3333333333333333,0.08857350000000001,-1,-1,-1,1.0,1.0,-1.0,0.0,-0.3333333333333333,0.12150000000000001,-1,-1,-1,0.356862745098039,0.694117647058824,0.803921568627451
128.24429655075073,0.0,0.17529862738993504,0.03,1,1,1,0.0,0.3333333333333333,0.08857350000000001,-1,-1,-1,1.0,1.0,-1.0,0.0,-0.3333333333333333,0.12150000000000001,-1,-1,-1,0.356862745098039,0.694117647058824,0.803921568627451
128.27903175354004,0.0,0.1792420992762999,0.03,1,1,1,0.0,0.3333333333333333,0.08857350000000001,-1,-1,-1,1.0,1.0,-1.0,0.0,-0.3333333333333333,0.12150000000000001,-1,-1,-1,0.356862745098039,0.694117647058824,0.803921568627451
128.3226294517517,0.0,0.18318557116266473,0.03,1,1,1,0.0,0.3333333333333333,0.08857350000000001,-1,-1,-1,1.0,1.0,-1.0,0.0,-0.3333333333333333,0.12150000000000001,-1,-1,-1,0.356862745098039,0.694117647058824,0.803921568627451
128.35640478134155,0.0,0.18712904304902958,0.03,1,1,1,0.0,0.3333333333333333,0.08857350000000001,-1,-1,-1,1.0,1.0,-1.0,0.0,-0.3333333333333333,0.12150000000000001,-1,-1,-1,0.356862745098039,0.694117647058824,0.803921568627451
128.3904709815979,0.0,0.19107251493539443,0.03,1,1,1,0.0,0.3333333333333333,0.08857350000000001,-1,-1,-1,1.0,1.0,-1.0,0.0,-0.3333333333333333,0.12150000000000001,-1,-1,-1,0.356862745098039,0.694117647058824,0.803921568627451
128.42554807662964,0.0,0.19501598682175927,0.03,1,1,1,0.0,0.3333333333333333,0.08857350000000001,-1,-1,-1,1.0,1.0,-1.0,0.0,-0.3333333333333333,0.12150000000000001,-1,-1,-1,0.356862745098039,0.694117647058824,0.803921568627451
128.4597396850586,0.0,0.19895945870812412,0.03,1,1,1,0.0,0.3333333333333333,0.08857350000000001,-1,-1,-1,1.0,1.0,-1.0,0.0,-0.3333333333333333,0.12150000000000001,-1,-1,-1,0.356862745098039,0.694117647058824,0.803921568627451
128.50172686576843,0.0,0.20290293059448897,0.03,1,1,1,0.0,0.3333333333333333,0.08857350000000001,-1,-1,-1,1.0,1.0,-1.0,0.0,-0.3333333333333333,0.12150000000000001,-1,-1,-1,0.356862745098039,0.694117647058824,0.803921568627451
128.53597736358643,0.0,0.2068464024808538,0.03,1,1,1,0.0,0.3333333333333333,0.08857350000000001,-1,-1,-1,1.0,1.0,-1.0,0.0,-0.3333333333333333,0.12150000000000001,-1,-1,-1,0.356862745098039,0.694117647058824,0.803921568627451
128.5708703994751,0.0,0.21078987436721866,0.03,1,1,1,0.0,0.3333333333333333,0.08857350000000001,-1,-1,-1,1.0,1.0,-1.0,0.0,-0.3333333333333333,0.12150000000000001,-1,-1,-1,0.356862745098039,0.694117647058824,0.803921568627451
128.6058371067047,0.0,0.2147333462535835,0.03,1,1,1,0.0,0.3333333333333333,0.08857350000000001,-1,-1,-1,1.0,1.0,-1.0,0.0,-0.3333333333333333,0.12150000000000001,-1,-1,-1,0.356862745098039,0.694117647058824,0.803921568627451
128.639963388443,0.0,0.21867681813994835,0.03,1,1,1,0.0,0.3333333333333333,0.08857350000000001,-1,-1,-1,1.0,1.0,-1.0,0.0,-0.3333333333333333,0.12150000000000001,-1,-1,-1,0.356862745098039,0.694117647058824,0.803921568627451
128.67529797554016,0.0,0.2226202900263132,0.03,1,1,1,0.0,0.3333333333333333,0.08857350000000001,-1,-1,-1,1.0,1.0,-1.0,0.0,-0.3333333333333333,0.12150000000000001,-1,-1,-1,0.356862745098039,0.694117647058824,0.803921568627451
128.71678519248962,0.0,0.22656376191267805,0.03,1,1,1,0.0,0.3333333333333333,0.08857350000000001,-1,-1,-1,1.0,1.0,-1.0,0.0,-0.3333333333333333,0.12150000000000001,-1,-1,-1,0.356862745098039,0.694117647058824,0.803921568627451
128.76011967658997,0.0,0.2305072337990429,0.03,1,1,1,0.0,0.3333333333333333,0.08857350000000001,-1,-1,-1,1.0,1.0,-1.0,0.0,-0.3333333333333333,0.12150000000000001,-1,-1,-1,0.356862745098039,0.694117647058824,0.803921568627451
128.7935140132904,0.0,0.23445070568540774,0.03,1,1,1,0.0,0.3333333333333333,0.08857350000000001,-1,-1,-1,1.0,1.0,-1.0,0.0,-0.3333333333333333,0.12150000000000001,-1,-1,-1,0.356862745098039,0.694117647058824,0.803921568627451
128.82744002342224,0.0,0.23839417757177253,0.03,1,1,1,0.0,0.3333333333333333,0.08857350000000001,-1,-1,-1,1.0,1.0,-1.0,0.0,-0.3333333333333333,0.12150000000000001,-1,-1,-1,0.356862745098039,0.694117647058824,0.803921568627451
128.86256647109985,0.0,0.24233764945813735,0.03,1,1,1,0.0,0.3333333333333333,0.08857350000000001,-1,-1,-1,1.0,1.0,-1.0,0.0,-0.3333333333333333,0.12150000000000001,-1,-1,-1,0.356862745098039,0.694117647058824,0.803921568627451
128.89729237556458,0.0,0.24628112134450214,0.03,1,1,1,0.0,0.3333333333333333,0.08857350000000001,-1,-1,-1,1.0,1.0,-1.0,0.0,-0.3333333333333333,0.12150000000000001,-1,-1,-1,0.356862745098039,0.694117647058824,0.803921568627451
128.93892574310303,0.0,0.2502245932308671,0.03,1,1,1,0.0,0.3333333333333333,0.08857350000000001,-1,-1,-1,1.0,1.0,-1.0,0.0,-0.3333333333333333,0.12150000000000001,-1,-1,-1,0.356862745098039,0.694117647058824,0.803921568627451
128.97387075424194,0.0,0.25416806511723194,0.03,1,1,1,0.0,0.3333333333333333,0.08857350000000001,-1,-1,-1,1.0,1.0,-1.0,0.0,-0.3333333333333333,0.12150000000000001,-1,-1,-1,0.356862745098039,0.694117647058824,0.803921568627451
129.00847458839417,0.0,0.2581115370035968,0.03,1,1,1,0.0,0.3333333333333333,0.08857350000000001,-1,-1,-1,1.0,1.0,-1.0,0.0,-0.3333333333333333,0.12150000000000001,-1,-1,-1,0.356862745098039,0.694117647058824,0.803921568627451
129.04317688941956,0.0,0.26205500888996164,0.03,1,1,1,0.0,0.3333333333333333,0.08857350000000001,-1,-1,-1,1.0,1.0,-1.0,0.0,-0.3333333333333333,0.12150000000000001,-1,-1,-1,0.356862745098039,0.694117647058824,0.803921568627451
129.08494019508362,0.0,0.2659984807763265,0.03,1,1,1,0.0,0.3333333333333333,0.08857350000000001,-1,-1,-1,1.0,1.0,-1.0,0.0,-0.3333333333333333,0.12150000000000001,-1,-1,-1,0.356862745098039,0.694117647058824,0.803921568627451
129.11964869499207,0.0,0.26994195266269133,0.03,1,1,1,0.0,0.3333333333333333,0.08857350000000001,-1,-1,-1,1.0,1.0,-1.0,0.0,-0.3333333333333333,0.12150000000000001,-1,-1,-1,0.356862745098039,0.694117647058824,0.803921568627451
129.15440392494202,0.0,0.2738854245490562,0.03,1,1,1,0.0,0.3333333333333333,0.08857350000000001,-1,-1,-1,1.0,1.0,-1.0,0.0,-0.3333333333333333,0.12150000000000001,-1,-1,-1,0.356862745098039,0.694117647058824,0.803921568627451
129.18850684165955,0.0,0.277828896435421,0.03,1,1,1,0.0,0.3333333333333333,0.08857350000000001,-1,-1,-1,1.0,1.0,-1.0,0.0,-0.3333333333333333,0.12150000000000001,-1,-1,-1,0.356862745098039,0.694117647058824,0.803921568627451
129.22714066505432,0.0,0.27710527326004114,0.03,1,1,1,0.0,0.3333333333333333,0.08857350000000001,-1,-1,-1,1.0,1.0,-1.0,0.0,-0.3333333333333333,0.12150000000000001,-1,-1,-1,0.356862745098039,0.694117647058824,0.803921568627451
129.2622640132904,0.0,0.27638165008466126,0.03,1,1,1,0.0,0.3333333333333333,0.08857350000000001,-1,-1,-1,1.0,1.0,-1.0,0.0,-0.3333333333333333,0.12150000000000001,-1,-1,-1,0.356862745098039,0.694117647058824,0.803921568627451
129.29924511909485,0.0,0.2756580269092814,0.03,1,1,1,0.0,0.3333333333333333,0.08857350000000001,-1,-1,-1,1.0,1.0,-1.0,0.0,-0.3333333333333333,0.12150000000000001,-1,-1,-1,0.356862745098039,0.694117647058824,0.803921568627451
129.33536744117737,0.0,0.2749344037339015,0.03,1,1,1,0.0,0.3333333333333333,0.08857350000000001,-1,-1,-1,1.0,1.0,-1.0,0.0,-0.3333333333333333,0.12150000000000001,-1,-1,-1,0.356862745098039,0.694117647058824,0.803921568627451
129.36921858787537,0.0,0.2742107805585216,0.03,1,1,1,0.0,0.3333333333333333,0.08857350000000001,-1,-1,-1,1.0,1.0,-1.0,0.0,-0.3333333333333333,0.12150000000000001,-1,-1,-1,0.356862745098039,0.694117647058824,0.803921568627451
129.4040503501892,0.0,0.2734871573831417,0.03,1,1,1,0.0,0.3333333333333333,0.08857350000000001,-1,-1,-1,1.0,1.0,-1.0,0.0,-0.3333333333333333,0.12150000000000001,-1,-1,-1,0.356862745098039,0.694117647058824,0.803921568627451
129.43863773345947,0.0,0.27276353420776184,0.03,1,1,1,0.0,0.3333333333333333,0.08857350000000001,-1,-1,-1,1.0,1.0,-1.0,0.0,-0.3333333333333333,0.12150000000000001,-1,-1,-1,0.356862745098039,0.694117647058824,0.803921568627451
129.48096108436584,0.0,0.27203991103238195,0.03,1,1,1,0.0,0.3333333333333333,0.08857350000000001,-1,-1,-1,1.0,1.0,-1.0,0.0,-0.3333333333333333,0.12150000000000001,-1,-1,-1,0.356862745098039,0.694117647058824,0.803921568627451
129.51499199867249,0.0,0.27131628785700207,0.03,1,1,1,0.0,0.3333333333333333,0.08857350000000001,-1,-1,-1,1.0,1.0,-1.0,0.0,-0.3333333333333333,0.12150000000000001,-1,-1,-1,0.356862745098039,0.694117647058824,0.803921568627451
129.55023288726807,0.0,0.2705926646816222,0.03,1,1,1,0.0,0.3333333333333333,0.08857350000000001,-1,-1,-1,1.0,1.0,-1.0,0.0,-0.3333333333333333,0.12150000000000001,-1,-1,-1,0.356862745098039,0.694117647058824,0.803921568627451
129.58483457565308,0.0,0.2698690415062423,0.03,1,1,1,0.0,0.3333333333333333,0.08857350000000001,-1,-1,-1,1.0,1.0,-1.0,0.0,-0.3333333333333333,0.12150000000000001,-1,-1,-1,0.356862745098039,0.694117647058824,0.803921568627451
129.61947011947632,0.0,0.2691454183308624,0.03,1,1,1,0.0,0.3333333333333333,0.08857350000000001,-1,-1,-1,1.0,1.0,-1.0,0.0,-0.3333333333333333,0.12150000000000001,-1,-1,-1,0.356862745098039,0.694117647058824,0.803921568627451
129.6543312072754,0.0,0.26842179515548253,0.03,1,1,1,0.0,0.3333333333333333,0.08857350000000001,-1,-1,-1,1.0,1.0,-1.0,0.0,-0.3333333333333333,0.12150000000000001,-1,-1,-1,0.356862745098039,0.694117647058824,0.803921568627451
129.69792652130127,0.0,0.26769817198010265,0.03,1,1,1,0.0,0.3333333333333333,0.08857350000000001,-1,-1,-1,1.0,1.0,-1.0,0.0,-0.3333333333333333,0.12150000000000001,-1,-1,-1,0.356862745098039,0.694117647058824,0.803921568627451
129.73208022117615,0.0,0.26697454880472277,0.03,1,1,1,0.0,0.3333333333333333,0.08857350000000001,-1,-1,-1,1.0,1.0,-1.0,0.0,-0.3333333333333333,0.12150000000000001,-1,-1,-1,0.356862745098039,0.694117647058824,0.803921568627451
129.7666621208191,0.0,0.2662509256293429,0.03,1,1,1,0.0,0.3333333333333333,0.08857350000000001,-1,-1,-1,1.0,1.0,-1.0,0.0,-0.3333333333333333,0.12150000000000001,-1,-1,-1,0.356862745098039,0.694117647058824,0.803921568627451
129.79960989952087,0.0,0.265527302453963,0.03,1,1,1,0.0,0.3333333333333333,0.08857350000000001,-1,-1,-1,1.0,1.0,-1.0,0.0,-0.3333333333333333,0.12150000000000001,-1,-1,-1,0.356862745098039,0.694117647058824,0.803921568627451
129.83356475830078,0.0,0.2648036792785831,0.03,1,1,1,0.0,0.3333333333333333,0.08857350000000001,-1,-1,-1,1.0,1.0,-1.0,0.0,-0.3333333333333333,0.12150000000000001,-1,-1,-1,0.356862745098039,0.694117647058824,0.803921568627451
129.86818742752075,0.0,0.26408005610320323,0.03,1,1,1,0.0,0.3333333333333333,0.08857350000000001,-1,-1,-1,1.0,1.0,-1.0,0.0,-0.3333333333333333,0.12150000000000001,-1,-1,-1,0.356862745098039,0.694117647058824,0.803921568627451
129.9030327796936,0.0,0.26335643292782335,0.03,1,1,1,0.0,0.3333333333333333,0.08857350000000001,-1,-1,-1,1.0,1.0,-1.0,0.0,-0.3333333333333333,0.12150000000000001,-1,-1,-1,0.356862745098039,0.694117647058824,0.803921568627451
129.93895077705383,0.0,0.26263280975244346,0.03,1,1,1,0.0,0.3333333333333333,0.08857350000000001,-1,-1,-1,1.0,1.0,-1.0,0.0,-0.3333333333333333,0.12150000000000001,-1,-1,-1,0.356862745098039,0.694117647058824,0.803921568627451
129.97381711006165,0.0,0.2619091865770636,0.03,1,1,1,0.0,0.3333333333333333,0.08857350000000001,-1,-1,-1,1.0,1.0,-1.0,0.0,-0.3333333333333333,0.12150000000000001,-1,-1,-1,0.356862745098039,0.694117647058824,0.803921568627451
130.00862622261047,0.0,0.2611855634016837,0.03,1,1,1,0.0,0.3333333333333333,0.08857350000000001,-1,-1,-1,1.0,1.0,-1.0,0.0,-0.3333333333333333,0.12150000000000001,-1,-1,-1,0.356862745098039,0.694117647058824,0.803921568627451
130.04348254203796,0.0,0.2604619402263038,0.03,1,1,1,0.0,0.3333333333333333,0.08857350000000001,-1,-1,-1,1.0,1.0,-1.0,0.0,-0.3333333333333333,0.12150000000000001,-1,-1,-1,0.356862745098039,0.694117647058824,0.803921568627451
130.08494663238525,0.0,0.25973831705092393,0.03,1,1,1,0.0,0.3333333333333333,0.08857350000000001,-1,-1,-1,1.0,1.0,-1.0,0.0,-0.3333333333333333,0.12150000000000001,-1,-1,-1,0.356862745098039,0.694117647058824,0.803921568627451
130.1270568370819,0.0,0.25901469387554404,0.03,1,1,1,0.0,0.3333333333333333,0.08857350000000001,-1,-1,-1,1.0,1.0,-1.0,0.0,-0.3333333333333333,0.12150000000000001,-1,-1,-1,0.356862745098039,0.694117647058824,0.803921568627451
130.1618013381958,0.0,0.25829107070016416,0.03,1,1,1,0.0,0.3333333333333333,0.08857350000000001,-1,-1,-1,1.0,1.0,-1.0,0.0,-0.3333333333333333,0.12150000000000001,-1,-1,-1,0.356862745098039,0.694117647058824,0.803921568627451
130.1964087486267,0.0,0.2575674475247843,0.03,1,1,1,0.0,0.3333333333333333,0.08857350000000001,-1,-1,-1,1.0,1.0,-1.0,0.0,-0.3333333333333333,0.12150000000000001,-1,-1,-1,0.356862745098039,0.694117647058824,0.803921568627451
130.23504662513733,0.0,0.2568438243494044,0.03,1,1,1,0.0,0.3333333333333333,0.08857350000000001,-1,-1,-1,1.0,1.0,-1.0,0.0,-0.3333333333333333,0.12150000000000001,-1,-1,-1,0.356862745098039,0.694117647058824,0.803921568627451
130.26978158950806,0.0,0.2561202011740245,0.03,1,1,1,0.0,0.3333333333333333,0.08857350000000001,-1,-1,-1,1.0,1.0,-1.0,0.0,-0.3333333333333333,0.12150000000000001,-1,-1,-1,0.356862745098039,0.694117647058824,0.803921568627451
130.30750346183777,0.0,0.2553965779986446,0.03,1,1,1,0.0,0.3333333333333333,0.08857350000000001,-1,-1,-1,1.0,1.0,-1.0,0.0,-0.3333333333333333,0.12150000000000001,-1,-1,-1,0.356862745098039,0.694117647058824,0.803921568627451
130.35615181922913,0.0,0.25467295482326474,0.03,1,1,1,0.0,0.3333333333333333,0.08857350000000001,-1,-1,-1,1.0,1.0,-1.0,0.0,-0.3333333333333333,0.12150000000000001,-1,-1,-1,0.356862745098039,0.694117647058824,0.803921568627451
130.3906970024109,0.0,0.25394933164788486,0.03,1,1,1,0.0,0.3333333333333333,0.08857350000000001,-1,-1,-1,1.0,1.0,-1.0,0.0,-0.3333333333333333,0.12150000000000001,-1,-1,-1,0.356862745098039,0.694117647058824,0.803921568627451
130.42553687095642,0.0,0.25394933164788486,0.03,1,1,1,0.0,0.3333333333333333,0.08857350000000001,-1,-1,-1,1.0,1.0,-1.0,0.0,-0.3333333333333333,0.12150000000000001,-1,-1,-1,0.356862745098039,0.694117647058824,0.803921568627451
130.47062015533447,0.0,0.25394933164788486,0.03,1,1,1,0.0,0.3333333333333333,0.08857350000000001,-1,-1,-1,1.0,1.0,-1.0,0.0,-0.3333333333333333,0.12150000000000001,-1,-1,-1,0.356862745098039,0.694117647058824,0.803921568627451
130.50425219535828,0.0,0.25394933164788486,0.03,1,1,1,0.0,0.3333333333333333,0.08857350000000001,-1,-1,-1,1.0,1.0,-1.0,0.0,-0.3333333333333333,0.12150000000000001,-1,-1,-1,0.356862745098039,0.694117647058824,0.803921568627451
130.54323196411133,0.0,0.25394933164788486,0.03,1,1,1,0.0,0.3333333333333333,0.08857350000000001,-1,-1,-1,1.0,1.0,-1.0,0.0,-0.3333333333333333,0.12150000000000001,-1,-1,-1,0.356862745098039,0.694117647058824,0.803921568627451
130.57795310020447,0.0,0.25394933164788486,0.03,1,1,1,0.0,0.3333333333333333,0.08857350000000001,-1,-1,-1,1.0,1.0,-1.0,0.0,-0.3333333333333333,0.12150000000000001,-1,-1,-1,0.356862745098039,0.694117647058824,0.803921568627451
130.61213994026184,0.0,0.25394933164788486,0.03,1,1,1,0.0,0.3333333333333333,0.08857350000000001,-1,-1,-1,1.0,1.0,-1.0,0.0,-0.3333333333333333,0.12150000000000001,-1,-1,-1,0.356862745098039,0.694117647058824,0.803921568627451
130.64669799804688,0.0,0.25394933164788486,0.03,1,1,1,0.0,0.3333333333333333,0.08857350000000001,-1,-1,-1,1.0,1.0,-1.0,0.0,-0.3333333333333333,0.12150000000000001,-1,-1,-1,0.356862745098039,0.694117647058824,0.803921568627451
130.6817660331726,0.0,0.25394933164788486,0.03,1,1,1,0.0,0.3333333333333333,0.08857350000000001,-1,-1,-1,1.0,1.0,-1.0,0.0,-0.3333333333333333,0.12150000000000001,-1,-1,-1,0.356862745098039,0.694117647058824,0.803921568627451
130.72326135635376,0.0,0.25394933164788486,0.03,1,1,1,0.0,0.3333333333333333,0.08857350000000001,-1,-1,-1,1.0,1.0,-1.0,0.0,-0.3333333333333333,0.12150000000000001,-1,-1,-1,0.356862745098039,0.694117647058824,0.803921568627451
130.75756001472473,0.0,0.25394933164788486,0.03,1,1,1,0.0,0.3333333333333333,0.08857350000000001,-1,-1,-1,1.0,1.0,-1.0,0.0,-0.3333333333333333,0.12150000000000001,-1,-1,-1,0.356862745098039,0.694117647058824,0.803921568627451
130.79210591316223,0.0,0.25394933164788486,0.03,1,1,1,0.0,0.3333333333333333,0.08857350000000001,-1,-1,-1,1.0,1.0,-1.0,0.0,-0.3333333333333333,0.12150000000000001,-1,-1,-1,0.356862745098039,0.694117647058824,0.803921568627451
130.82615613937378,0.0,0.25394933164788486,0.03,1,1,1,0.0,0.3333333333333333,0.08857350000000001,-1,-1,-1,1.0,1.0,-1.0,0.0,-0.3333333333333333,0.12150000000000001,-1,-1,-1,0.356862745098039,0.694117647058824,0.803921568627451
130.8612334728241,0.0,0.25394933164788486,0.03,1,1,1,0.0,0.3333333333333333,0.08857350000000001,-1,-1,-1,1.0,1.0,-1.0,0.0,-0.3333333333333333,0.12150000000000001,-1,-1,-1,0.356862745098039,0.694117647058824,0.803921568627451
130.89612674713135,0.0,0.25394933164788486,0.03,1,1,1,0.0,0.3333333333333333,0.08857350000000001,-1,-1,-1,1.0,1.0,-1.0,0.0,-0.3333333333333333,0.12150000000000001,-1,-1,-1,0.356862745098039,0.694117647058824,0.803921568627451
130.930997133255,0.0,0.25394933164788486,0.03,1,1,1,0.0,0.3333333333333333,0.08857350000000001,-1,-1,-1,1.0,1.0,-1.0,0.0,-0.3333333333333333,0.12150000000000001,-1,-1,-1,0.356862745098039,0.694117647058824,0.803921568627451
130.96558904647827,0.0,0.25394933164788486,0.03,1,1,1,0.0,0.3333333333333333,0.08857350000000001,-1,-1,-1,1.0,1.0,-1.0,0.0,-0.3333333333333333,0.12150000000000001,-1,-1,-1,0.356862745098039,0.694117647058824,0.803921568627451
131.00069546699524,0.0,0.25394933164788486,0.03,1,1,1,0.0,0.3333333333333333,0.08857350000000001,-1,-1,-1,1.0,1.0,-1.0,0.0,-0.3333333333333333,0.12150000000000001,-1,-1,-1,0.356862745098039,0.694117647058824,0.803921568627451
131.03875589370728,0.0,0.25394933164788486,0.03,1,1,1,0.0,0.3333333333333333,0.08857350000000001,-1,-1,-1,1.0,1.0,-1.0,0.0,-0.3333333333333333,0.12150000000000001,-1,-1,-1,0.356862745098039,0.694117647058824,0.803921568627451
131.0742702484131,0.0,0.25394933164788486,0.03,1,1,1,0.0,0.3333333333333333,0.08857350000000001,-1,-1,-1,1.0,1.0,-1.0,0.0,-0.3333333333333333,0.12150000000000001,-1,-1,-1,0.356862745098039,0.694117647058824,0.803921568627451
131.11147594451904,0.0,0.25394933164788486,0.03,1,1,1,0.0,0.3333333333333333,0.08857350000000001,-1,-1,-1,1.0,1.0,-1.0,0.0,-0.3333333333333333,0.12150000000000001,-1,-1,-1,0.356862745098039,0.694117647058824,0.803921568627451
131.14641547203064,0.0,0.25394933164788486,0.03,1,1,1,0.0,0.3333333333333333,0.08857350000000001,-1,-1,-1,1.0,1.0,-1.0,0.0,-0.3333333333333333,0.12150000000000001,-1,-1,-1,0.356862745098039,0.694117647058824,0.803921568627451
131.18075323104858,0.0,0.25394933164788486,0.03,1,1,1,0.0,0.3333333333333333,0.08857350000000001,-1,-1,-1,1.0,1.0,-1.0,0.0,-0.3333333333333333,0.12150000000000001,-1,-1,-1,0.356862745098039,0.694117647058824,0.803921568627451
131.21579885482788,0.0,0.25394933164788486,0.03,1,1,1,0.0,0.3333333333333333,0.08857350000000001,-1,-1,-1,1.0,1.0,-1.0,0.0,-0.3333333333333333,0.12150000000000001,-1,-1,-1,0.356862745098039,0.694117647058824,0.803921568627451
131.25069069862366,0.0,0.25394933164788486,0.03,1,1,1,0.0,0.3333333333333333,0.08857350000000001,-1,-1,-1,1.0,1.0,-1.0,0.0,-0.3333333333333333,0.12150000000000001,-1,-1,-1,0.356862745098039,0.694117647058824,0.803921568627451
131.28488874435425,0.0,0.25394933164788486,0.03,1,1,1,0.0,0.3333333333333333,0.08857350000000001,-1,-1,-1,1.0,1.0,-1.0,0.0,-0.3333333333333333,0.12150000000000001,-1,-1,-1,0.356862745098039,0.694117647058824,0.803921568627451
131.3198642730713,0.0,0.25394933164788486,0.03,1,1,1,0.0,0.3333333333333333,0.08857350000000001,-1,-1,-1,1.0,1.0,-1.0,0.0,-0.3333333333333333,0.12150000000000001,-1,-1,-1,0.356862745098039,0.694117647058824,0.803921568627451
131.3542764186859,0.0,0.25394933164788486,0.03,1,1,1,0.0,0.3333333333333333,0.08857350000000001,-1,-1,-1,1.0,1.0,-1.0,0.0,-0.3333333333333333,0.12150000000000001,-1,-1,-1,0.356862745098039,0.694117647058824,0.803921568627451
131.38913130760193,0.0,0.25394933164788486,0.03,1,1,1,0.0,0.3333333333333333,0.08857350000000001,-1,-1,-1,1.0,1.0,-1.0,0.0,-0.3333333333333333,0.12150000000000001,-1,-1,-1,0.356862745098039,0.694117647058824,0.803921568627451
131.42452931404114,0.0,0.25394933164788486,0.03,1,1,1,0.0,0.3333333333333333,0.08857350000000001,-1,-1,-1,1.0,1.0,-1.0,0.0,-0.3333333333333333,0.12150000000000001,-1,-1,-1,0.356862745098039,0.694117647058824,0.803921568627451
131.45828890800476,0.0,0.25394933164788486,0.03,1,1,1,0.0,0.3333333333333333,0.08857350000000001,-1,-1,-1,1.0,1.0,-1.0,0.0,-0.3333333333333333,0.12150000000000001,-1,-1,-1,0.356862745098039,0.694117647058824,0.803921568627451
131.49425959587097,0.0,0.25394933164788486,0.03,1,1,1,0.0,0.3333333333333333,0.08857350000000001,-1,-1,-1,1.0,1.0,-1.0,0.0,-0.3333333333333333,0.12150000000000001,-1,-1,-1,0.356862745098039,0.694117647058824,0.803921568627451
131.5292682647705,0.0,0.25394933164788486,0.03,1,1,1,0.0,0.3333333333333333,0.08857350000000001,-1,-1,-1,1.0,1.0,-1.0,0.0,-0.3333333333333333,0.12150000000000001,-1,-1,-1,0.356862745098039,0.694117647058824,0.803921568627451
131.56311583518982,0.0,0.25394933164788486,0.03,1,1,1,0.0,0.3333333333333333,0.08857350000000001,-1,-1,-1,1.0,1.0,-1.0,0.0,-0.3333333333333333,0.12150000000000001,-1,-1,-1,0.356862745098039,0.694117647058824,0.803921568627451
131.59904861450195,0.0,0.25394933164788486,0.03,1,1,1,0.0,0.3333333333333333,0.08857350000000001,-1,-1,-1,1.0,1.0,-1.0,0.0,-0.3333333333333333,0.12150000000000001,-1,-1,-1,0.356862745098039,0.694117647058824,0.803921568627451
131.63302040100098,0.0,0.25394933164788486,0.03,1,1,1,0.0,0.3333333333333333,0.08857350000000001,-1,-1,-1,1.0,1.0,-1.0,0.0,-0.3333333333333333,0.12150000000000001,-1,-1,-1,0.356862745098039,0.694117647058824,0.803921568627451
131.67751741409302,0.0,0.25394933164788486,0.03,1,1,1,0.0,0.3333333333333333,0.08857350000000001,-1,-1,-1,1.0,1.0,-1.0,0.0,-0.3333333333333333,0.12150000000000001,-1,-1,-1,0.356862745098039,0.694117647058824,0.803921568627451
131.71051239967346,0.0,0.25394933164788486,0.03,1,1,1,0.0,0.3333333333333333,0.08857350000000001,-1,-1,-1,1.0,1.0,-1.0,0.0,-0.3333333333333333,0.12150000000000001,-1,-1,-1,0.356862745098039,0.694117647058824,0.803921568627451
131.74394631385803,0.0,0.25394933164788486,0.03,1,1,1,0.0,0.3333333333333333,0.08857350000000001,-1,-1,-1,1.0,1.0,-1.0,0.0,-0.3333333333333333,0.12150000000000001,-1,-1,-1,0.356862745098039,0.694117647058824,0.803921568627451
131.77838349342346,0.0,0.25394933164788486,0.03,1,1,1,0.0,0.3333333333333333,0.08857350000000001,-1,-1,-1,1.0,1.0,-1.0,0.0,-0.3333333333333333,0.12150000000000001,-1,-1,-1,0.356862745098039,0.694117647058824,0.803921568627451
131.8140058517456,0.0,0.25394933164788486,0.03,1,1,1,0.0,0.3333333333333333,0.08857350000000001,-1,-1,-1,1.0,1.0,-1.0,0.0,-0.3333333333333333,0.12150000000000001,-1,-1,-1,0.356862745098039,0.694117647058824,0.803921568627451
131.84830474853516,0.0,0.25394933164788486,0.03,1,1,1,0.0,0.3333333333333333,0.08857350000000001,-1,-1,-1,1.0,1.0,-1.0,0.0,-0.3333333333333333,0.12150000000000001,-1,-1,-1,0.356862745098039,0.694117647058824,0.803921568627451
131.89017963409424,0.0,0.25394933164788486,0.03,1,1,1,0.0,0.3333333333333333,0.08857350000000001,-1,-1,-1,1.0,1.0,-1.0,0.0,-0.3333333333333333,0.12150000000000001,-1,-1,-1,0.356862745098039,0.694117647058824,0.803921568627451
131.92471957206726,0.0,0.25394933164788486,0.03,1,1,1,0.0,0.3333333333333333,0.08857350000000001,-1,-1,-1,1.0,1.0,-1.0,0.0,-0.3333333333333333,0.12150000000000001,-1,-1,-1,0.356862745098039,0.694117647058824,0.803921568627451
131.9594624042511,0.0,0.25394933164788486,0.03,1,1,1,0.0,0.3333333333333333,0.08857350000000001,-1,-1,-1,1.0,1.0,-1.0,0.0,-0.3333333333333333,0.12150000000000001,-1,-1,-1,0.356862745098039,0.694117647058824,0.803921568627451
131.99458527565002,0.0,0.25394933164788486,0.03,1,1,1,0.0,0.3333333333333333,0.08857350000000001,-1,-1,-1,1.0,1.0,-1.0,0.0,-0.3333333333333333,0.12150000000000001,-1,-1,-1,0.356862745098039,0.694117647058824,0.803921568627451
132.02888536453247,0.0,0.25394933164788486,0.03,1,1,1,0.0,0.3333333333333333,0.08857350000000001,-1,-1,-1,1.0,1.0,-1.0,0.0,-0.3333333333333333,0.12150000000000001,-1,-1,-1,0.356862745098039,0.694117647058824,0.803921568627451
132.07097101211548,0.0,0.25394933164788486,0.03,1,1,1,0.0,0.3333333333333333,0.08857350000000001,-1,-1,-1,1.0,1.0,-1.0,0.0,-0.3333333333333333,0.12150000000000001,-1,-1,-1,0.356862745098039,0.694117647058824,0.803921568627451
132.10509419441223,0.0,0.25394933164788486,0.03,1,1,1,0.0,0.3333333333333333,0.08857350000000001,-1,-1,-1,1.0,1.0,-1.0,0.0,-0.3333333333333333,0.12150000000000001,-1,-1,-1,0.356862745098039,0.694117647058824,0.803921568627451
132.13978362083435,0.0,0.25394933164788486,0.03,1,1,1,0.0,0.3333333333333333,0.08857350000000001,-1,-1,-1,1.0,1.0,-1.0,0.0,-0.3333333333333333,0.12150000000000001,-1,-1,-1,0.356862745098039,0.694117647058824,0.803921568627451
132.17861366271973,0.0,0.25394933164788486,0.03,1,1,1,0.0,0.3333333333333333,0.08857350000000001,-1,-1,-1,1.0,1.0,-1.0,0.0,-0.3333333333333333,0.12150000000000001,-1,-1,-1,0.356862745098039,0.694117647058824,0.803921568627451
132.21235966682434,0.0,0.25394933164788486,0.03,1,1,1,0.0,0.3333333333333333,0.08857350000000001,-1,-1,-1,1.0,1.0,-1.0,0.0,-0.3333333333333333,0.12150000000000001,-1,-1,-1,0.356862745098039,0.694117647058824,0.803921568627451
132.24660062789917,0.0,0.25394933164788486,0.03,1,1,1,0.0,0.3333333333333333,0.08857350000000001,-1,-1,-1,1.0,1.0,-1.0,0.0,-0.3333333333333333,0.12150000000000001,-1,-1,-1,0.356862745098039,0.694117647058824,0.803921568627451
132.2802300453186,0.0,0.25394933164788486,0.03,1,1,1,0.0,0.3333333333333333,0.08857350000000001,-1,-1,-1,1.0,1.0,-1.0,0.0,-0.3333333333333333,0.12150000000000001,-1,-1,-1,0.356862745098039,0.694117647058824,0.803921568627451
132.31445503234863,0.0,0.25394933164788486,0.03,1,1,1,0.0,0.3333333333333333,0.08857350000000001,-1,-1,-1,1.0,1.0,-1.0,0.0,-0.3333333333333333,0.12150000000000001,-1,-1,-1,0.356862745098039,0.694117647058824,0.803921568627451
132.3482530117035,0.0,0.25394933164788486,0.03,1,1,1,0.0,0.3333333333333333,0.08857350000000001,-1,-1,-1,1.0,1.0,-1.0,0.0,-0.3333333333333333,0.12150000000000001,-1,-1,-1,0.356862745098039,0.694117647058824,0.803921568627451
132.3830223083496,0.0,0.25394933164788486,0.03,1,1,1,0.0,0.3333333333333333,0.08857350000000001,-1,-1,-1,1.0,1.0,-1.0,0.0,-0.3333333333333333,0.12150000000000001,-1,-1,-1,0.356862745098039,0.694117647058824,0.803921568627451
132.4181845188141,0.0,0.25394933164788486,0.03,1,1,1,0.0,0.3333333333333333,0.08857350000000001,-1,-1,-1,1.0,1.0,-1.0,0.0,-0.3333333333333333,0.12150000000000001,-1,-1,-1,0.356862745098039,0.694117647058824,0.803921568627451
132.48839163780212,0.0,0.25394933164788486,0.03,1,1,1,0.0,0.3333333333333333,0.08857350000000001,-1,-1,-1,1.0,1.0,-1.0,0.0,-0.3333333333333333,0.12150000000000001,-1,-1,-1,0.356862745098039,0.694117647058824,0.803921568627451
132.51492857933044,0.0,0.25394933164788486,0.03,1,1,1,0.0,0.3333333333333333,0.08857350000000001,-1,-1,-1,1.0,1.0,-1.0,0.0,-0.3333333333333333,0.12150000000000001,-1,-1,-1,0.356862745098039,0.694117647058824,0.803921568627451
132.54952669143677,0.0,0.25394933164788486,0.03,1,1,1,0.0,0.3333333333333333,0.08857350000000001,-1,-1,-1,1.0,1.0,-1.0,0.0,-0.3333333333333333,0.12150000000000001,-1,-1,-1,0.356862745098039,0.694117647058824,0.803921568627451
132.58944129943848,0.0,0.25394933164788486,0.03,1,1,1,0.0,0.3333333333333333,0.08857350000000001,-1,-1,-1,1.0,1.0,-1.0,0.0,-0.3333333333333333,0.12150000000000001,-1,-1,-1,0.356862745098039,0.694117647058824,0.803921568627451
132.62300610542297,0.0,0.25394933164788486,0.03,1,1,1,0.0,0.3333333333333333,0.08857350000000001,-1,-1,-1,1.0,1.0,-1.0,0.0,-0.3333333333333333,0.12150000000000001,-1,-1,-1,0.356862745098039,0.694117647058824,0.803921568627451
132.6582851409912,0.0,0.25394933164788486,0.03,1,1,1,0.0,0.3333333333333333,0.08857350000000001,-1,-1,-1,1.0,1.0,-1.0,0.0,-0.3333333333333333,0.12150000000000001,-1,-1,-1,0.356862745098039,0.694117647058824,0.803921568627451
132.69592428207397,0.0,0.25394933164788486,0.03,1,1,1,0.0,0.3333333333333333,0.08857350000000001,-1,-1,-1,1.0,1.0,-1.0,0.0,-0.3333333333333333,0.12150000000000001,-1,-1,-1,0.356862745098039,0.694117647058824,0.803921568627451
132.7298879623413,0.0,0.25394933164788486,0.03,1,1,1,0.0,0.3333333333333333,0.08857350000000001,-1,-1,-1,1.0,1.0,-1.0,0.0,-0.3333333333333333,0.12150000000000001,-1,-1,-1,0.356862745098039,0.694117647058824,0.803921568627451
132.76593923568726,0.0,0.25394933164788486,0.03,1,1,1,0.0,0.3333333333333333,0.08857350000000001,-1,-1,-1,1.0,1.0,-1.0,0.0,-0.3333333333333333,0.12150000000000001,-1,-1,-1,0.356862745098039,0.694117647058824,0.803921568627451
132.80076336860657,0.0,0.254483597099177,0.03,1,1,1,0.0,0.3333333333333333,0.08857350000000001,-1,-1,-1,1.0,1.0,-1.0,0.0,-0.3333333333333333,0.12150000000000001,-1,-1,-1,0.356862745098039,0.694117647058824,0.803921568627451
132.84664678573608,0.0,0.25715492435563775,0.03,1,1,1,0.0,0.3333333333333333,0.08857350000000001,-1,-1,-1,1.0,1.0,-1.0,0.0,-0.3333333333333333,0.12150000000000001,-1,-1,-1,0.356862745098039,0.694117647058824,0.803921568627451
132.8920156955719,0.0,0.2598262516120985,0.03,1,1,1,0.0,0.3333333333333333,0.08857350000000001,-1,-1,-1,1.0,1.0,-1.0,0.0,-0.3333333333333333,0.12150000000000001,-1,-1,-1,0.356862745098039,0.694117647058824,0.803921568627451
132.9264416694641,0.0,0.26249757886855923,0.03,1,1,1,0.0,0.3333333333333333,0.08857350000000001,-1,-1,-1,1.0,1.0,-1.0,0.0,-0.3333333333333333,0.12150000000000001,-1,-1,-1,0.356862745098039,0.694117647058824,0.803921568627451
132.96161103248596,0.0,0.26516890612502,0.03,1,1,1,0.0,0.3333333333333333,0.08857350000000001,-1,-1,-1,1.0,1.0,-1.0,0.0,-0.3333333333333333,0.12150000000000001,-1,-1,-1,0.356862745098039,0.694117647058824,0.803921568627451
132.99475407600403,0.0,0.2678402333814807,0.03,1,1,1,0.0,0.3333333333333333,0.08857350000000001,-1,-1,-1,1.0,1.0,-1.0,0.0,-0.3333333333333333,0.12150000000000001,-1,-1,-1,0.356862745098039,0.694117647058824,0.803921568627451
133.02973318099976,0.0,0.27051156063794146,0.03,1,1,1,0.0,0.3333333333333333,0.08857350000000001,-1,-1,-1,1.0,1.0,-1.0,0.0,-0.3333333333333333,0.12150000000000001,-1,-1,-1,0.356862745098039,0.694117647058824,0.803921568627451
133.07833528518677,0.0,0.2731828878944022,0.03,1,1,1,0.0,0.3333333333333333,0.08857350000000001,-1,-1,-1,1.0,1.0,-1.0,0.0,-0.3333333333333333,0.12150000000000001,-1,-1,-1,0.356862745098039,0.694117647058824,0.803921568627451
133.11304426193237,0.0,0.27585421515086295,0.03,1,1,1,0.0,0.3333333333333333,0.08857350000000001,-1,-1,-1,1.0,1.0,-1.0,0.0,-0.3333333333333333,0.12150000000000001,-1,-1,-1,0.356862745098039,0.694117647058824,0.803921568627451
133.14765977859497,0.0,0.2785255424073237,0.03,1,1,1,0.0,0.3333333333333333,0.08857350000000001,-1,-1,-1,1.0,1.0,-1.0,0.0,-0.3333333333333333,0.12150000000000001,-1,-1,-1,0.356862745098039,0.694117647058824,0.803921568627451
133.18216466903687,0.0,0.28119686966378443,0.03,1,1,1,0.0,0.3333333333333333,0.08857350000000001,-1,-1,-1,1.0,1.0,-1.0,0.0,-0.3333333333333333,0.12150000000000001,-1,-1,-1,0.356862745098039,0.694117647058824,0.803921568627451
133.2169828414917,0.0,0.2838681969202452,0.03,1,1,1,0.0,0.3333333333333333,0.08857350000000001,-1,-1,-1,1.0,1.0,-1.0,0.0,-0.3333333333333333,0.12150000000000001,-1,-1,-1,0.356862745098039,0.694117647058824,0.803921568627451
133.26153826713562,0.0,0.2865395241767059,0.03,1,1,1,0.0,0.3333333333333333,0.08857350000000001,-1,-1,-1,1.0,1.0,-1.0,0.0,-0.3333333333333333,0.12150000000000001,-1,-1,-1,0.356862745098039,0.694117647058824,0.803921568627451
133.30025458335876,0.0,0.28921085143316666,0.03,1,1,1,0.0,0.3333333333333333,0.08857350000000001,-1,-1,-1,1.0,1.0,-1.0,0.0,-0.3333333333333333,0.12150000000000001,-1,-1,-1,0.356862745098039,0.694117647058824,0.803921568627451
133.334974527359,0.0,0.2918821786896274,0.03,1,1,1,0.0,0.3333333333333333,0.08857350000000001,-1,-1,-1,1.0,1.0,-1.0,0.0,-0.3333333333333333,0.12150000000000001,-1,-1,-1,0.356862745098039,0.694117647058824,0.803921568627451
133.37035632133484,0.0,0.29455350594608815,0.03,1,1,1,0.0,0.3333333333333333,0.08857350000000001,-1,-1,-1,1.0,1.0,-1.0,0.0,-0.3333333333333333,0.12150000000000001,-1,-1,-1,0.356862745098039,0.694117647058824,0.803921568627451
133.40494918823242,0.0,0.2972248332025489,0.03,1,1,1,0.0,0.3333333333333333,0.08857350000000001,-1,-1,-1,1.0,1.0,-1.0,0.0,-0.3333333333333333,0.12150000000000001,-1,-1,-1,0.356862745098039,0.694117647058824,0.803921568627451
133.4466676712036,0.0,0.29989616045900963,0.03,1,1,1,0.0,0.3333333333333333,0.08857350000000001,-1,-1,-1,1.0,1.0,-1.0,0.0,-0.3333333333333333,0.12150000000000001,-1,-1,-1,0.356862745098039,0.694117647058824,0.803921568627451
133.48845171928406,0.0,0.3025674877154704,0.03,1,1,1,0.0,0.3333333333333333,0.08857350000000001,-1,-1,-1,1.0,1.0,-1.0,0.0,-0.3333333333333333,0.12150000000000001,-1,-1,-1,0.356862745098039,0.694117647058824,0.803921568627451
133.52265787124634,0.0,0.3052388149719311,0.03,1,1,1,0.0,0.3333333333333333,0.08857350000000001,-1,-1,-1,1.0,1.0,-1.0,0.0,-0.3333333333333333,0.12150000000000001,-1,-1,-1,0.356862745098039,0.694117647058824,0.803921568627451
133.55740785598755,0.0,0.30791014222839186,0.03,1,1,1,0.0,0.3333333333333333,0.08857350000000001,-1,-1,-1,1.0,1.0,-1.0,0.0,-0.3333333333333333,0.12150000000000001,-1,-1,-1,0.356862745098039,0.694117647058824,0.803921568627451
133.59578680992126,0.0,0.3105814694848526,0.03,1,1,1,0.0,0.3333333333333333,0.08857350000000001,-1,-1,-1,1.0,1.0,-1.0,0.0,-0.3333333333333333,0.12150000000000001,-1,-1,-1,0.356862745098039,0.694117647058824,0.803921568627451
133.6302936077118,0.0,0.31325279674131334,0.03,1,1,1,0.0,0.3333333333333333,0.08857350000000001,-1,-1,-1,1.0,1.0,-1.0,0.0,-0.3333333333333333,0.12150000000000001,-1,-1,-1,0.356862745098039,0.694117647058824,0.803921568627451
133.66846227645874,0.0,0.3159241239977741,0.03,1,1,1,0.0,0.3333333333333333,0.08857350000000001,-1,-1,-1,1.0,1.0,-1.0,0.0,-0.3333333333333333,0.12150000000000001,-1,-1,-1,0.356862745098039,0.694117647058824,0.803921568627451
133.7103476524353,0.0,0.31859545125423483,0.03,1,1,1,0.0,0.3333333333333333,0.08857350000000001,-1,-1,-1,1.0,1.0,-1.0,0.0,-0.3333333333333333,0.12150000000000001,-1,-1,-1,0.356862745098039,0.694117647058824,0.803921568627451
133.7443208694458,0.0,0.32126677851069557,0.03,1,1,1,0.0,0.3333333333333333,0.08857350000000001,-1,-1,-1,1.0,1.0,-1.0,0.0,-0.3333333333333333,0.12150000000000001,-1,-1,-1,0.356862745098039,0.694117647058824,0.803921568627451
133.77928590774536,0.0,0.3239381057671563,0.03,1,1,1,0.0,0.3333333333333333,0.08857350000000001,-1,-1,-1,1.0,1.0,-1.0,0.0,-0.3333333333333333,0.12150000000000001,-1,-1,-1,0.356862745098039,0.694117647058824,0.803921568627451
133.81391382217407,0.0,0.32660943302361706,0.03,1,1,1,0.0,0.3333333333333333,0.08857350000000001,-1,-1,-1,1.0,1.0,-1.0,0.0,-0.3333333333333333,0.12150000000000001,-1,-1,-1,0.356862745098039,0.694117647058824,0.803921568627451
133.84854912757874,0.0,0.3292807602800778,0.03,1,1,1,0.0,0.3333333333333333,0.08857350000000001,-1,-1,-1,1.0,1.0,-1.0,0.0,-0.3333333333333333,0.12150000000000001,-1,-1,-1,0.356862745098039,0.694117647058824,0.803921568627451
133.8901755809784,0.0,0.33195208753653854,0.03,1,1,1,0.0,0.3333333333333333,0.08857350000000001,-1,-1,-1,1.0,1.0,-1.0,0.0,-0.3333333333333333,0.12150000000000001,-1,-1,-1,0.356862745098039,0.694117647058824,0.803921568627451
133.9246654510498,0.0,0.333554883890415,0.03,1,1,1,0.0,0.3333333333333333,0.08857350000000001,-1,-1,-1,1.0,1.0,-1.0,0.0,-0.3333333333333333,0.12150000000000001,-1,-1,-1,0.356862745098039,0.694117647058824,0.803921568627451
133.95933032035828,0.0,0.333554883890415,0.03,1,1,1,0.0,0.3333333333333333,0.08857350000000001,-1,-1,-1,1.0,1.0,-1.0,0.0,-0.3333333333333333,0.12150000000000001,-1,-1,-1,0.356862745098039,0.694117647058824,0.803921568627451
133.99434804916382,0.0,0.333554883890415,0.03,1,1,1,0.0,0.3333333333333333,0.08857350000000001,-1,-1,-1,1.0,1.0,-1.0,0.0,-0.3333333333333333,0.12150000000000001,-1,-1,-1,0.356862745098039,0.694117647058824,0.803921568627451
134.03261017799377,0.0,0.008026880874759008,0.03,1,1,1,0.0,0.3333333333333333,0.07971615000000001,1,1,1,1.0,1.0,-1.0,0.0,-0.3333333333333333,0.12150000000000001,-1,-1,-1,0.356862745098039,0.694117647058824,0.803921568627451
134.0678687095642,0.0,0.016053761749518017,0.03,1,1,1,0.0,0.3333333333333333,0.07971615000000001,1,1,1,1.0,1.0,-1.0,0.0,-0.3333333333333333,0.12150000000000001,-1,-1,-1,0.356862745098039,0.694117647058824,0.803921568627451
134.1056137084961,0.0,0.024080642624277025,0.03,1,1,1,0.0,0.3333333333333333,0.07971615000000001,1,1,1,1.0,1.0,-1.0,0.0,-0.3333333333333333,0.12150000000000001,-1,-1,-1,0.356862745098039,0.694117647058824,0.803921568627451
134.14006996154785,0.0,0.032107523499036034,0.03,1,1,1,0.0,0.3333333333333333,0.07971615000000001,1,1,1,1.0,1.0,-1.0,0.0,-0.3333333333333333,0.12150000000000001,-1,-1,-1,0.356862745098039,0.694117647058824,0.803921568627451
134.174565076828,0.0,0.04013440437379504,0.03,1,1,1,0.0,0.3333333333333333,0.07971615000000001,1,1,1,1.0,1.0,-1.0,0.0,-0.3333333333333333,0.12150000000000001,-1,-1,-1,0.356862745098039,0.694117647058824,0.803921568627451
134.20956349372864,0.0,0.04816128524855405,0.03,1,1,1,0.0,0.3333333333333333,0.07971615000000001,1,1,1,1.0,1.0,-1.0,0.0,-0.3333333333333333,0.12150000000000001,-1,-1,-1,0.356862745098039,0.694117647058824,0.803921568627451
134.24425768852234,0.0,0.05618816612331306,0.03,1,1,1,0.0,0.3333333333333333,0.07971615000000001,1,1,1,1.0,1.0,-1.0,0.0,-0.3333333333333333,0.12150000000000001,-1,-1,-1,0.356862745098039,0.694117647058824,0.803921568627451
134.28663206100464,0.0,0.06421504699807207,0.03,1,1,1,0.0,0.3333333333333333,0.07971615000000001,1,1,1,1.0,1.0,-1.0,0.0,-0.3333333333333333,0.12150000000000001,-1,-1,-1,0.356862745098039,0.694117647058824,0.803921568627451
134.32054948806763,0.0,0.07224192787283104,0.03,1,1,1,0.0,0.3333333333333333,0.07971615000000001,1,1,1,1.0,1.0,-1.0,0.0,-0.3333333333333333,0.12150000000000001,-1,-1,-1,0.356862745098039,0.694117647058824,0.803921568627451
134.35549974441528,0.0,0.08026880874759001,0.03,1,1,1,0.0,0.3333333333333333,0.07971615000000001,1,1,1,1.0,1.0,-1.0,0.0,-0.3333333333333333,0.12150000000000001,-1,-1,-1,0.356862745098039,0.694117647058824,0.803921568627451
134.39009475708008,0.0,0.08829568962234899,0.03,1,1,1,0.0,0.3333333333333333,0.07971615000000001,1,1,1,1.0,1.0,-1.0,0.0,-0.3333333333333333,0.12150000000000001,-1,-1,-1,0.356862745098039,0.694117647058824,0.803921568627451
134.42512941360474,0.0,0.09632257049710796,0.03,1,1,1,0.0,0.3333333333333333,0.07971615000000001,1,1,1,1.0,1.0,-1.0,0.0,-0.3333333333333333,0.12150000000000001,-1,-1,-1,0.356862745098039,0.694117647058824,0.803921568627451
134.45924639701843,0.0,0.10434945137186694,0.03,1,1,1,0.0,0.3333333333333333,0.07971615000000001,1,1,1,1.0,1.0,-1.0,0.0,-0.3333333333333333,0.12150000000000001,-1,-1,-1,0.356862745098039,0.694117647058824,0.803921568627451
134.5033495426178,0.0,0.11237633224662591,0.03,1,1,1,0.0,0.3333333333333333,0.07971615000000001,1,1,1,1.0,1.0,-1.0,0.0,-0.3333333333333333,0.12150000000000001,-1,-1,-1,0.356862745098039,0.694117647058824,0.803921568627451
134.53660202026367,0.0,0.1204032131213849,0.03,1,1,1,0.0,0.3333333333333333,0.07971615000000001,1,1,1,1.0,1.0,-1.0,0.0,-0.3333333333333333,0.12150000000000001,-1,-1,-1,0.356862745098039,0.694117647058824,0.803921568627451
134.5710039138794,0.0,0.1284300939961439,0.03,1,1,1,0.0,0.3333333333333333,0.07971615000000001,1,1,1,1.0,1.0,-1.0,0.0,-0.3333333333333333,0.12150000000000001,-1,-1,-1,0.356862745098039,0.694117647058824,0.803921568627451
134.6052644252777,0.0,0.1364569748709029,0.03,1,1,1,0.0,0.3333333333333333,0.07971615000000001,1,1,1,1.0,1.0,-1.0,0.0,-0.3333333333333333,0.12150000000000001,-1,-1,-1,0.356862745098039,0.694117647058824,0.803921568627451
134.64008283615112,0.0,0.14448385574566186,0.03,1,1,1,0.0,0.3333333333333333,0.07971615000000001,1,1,1,1.0,1.0,-1.0,0.0,-0.3333333333333333,0.12150000000000001,-1,-1,-1,0.356862745098039,0.694117647058824,0.803921568627451
134.67460584640503,0.0,0.15251073662042083,0.03,1,1,1,0.0,0.3333333333333333,0.07971615000000001,1,1,1,1.0,1.0,-1.0,0.0,-0.3333333333333333,0.12150000000000001,-1,-1,-1,0.356862745098039,0.694117647058824,0.803921568627451
134.7168848514557,0.0,0.1605376174951798,0.03,1,1,1,0.0,0.3333333333333333,0.07971615000000001,1,1,1,1.0,1.0,-1.0,0.0,-0.3333333333333333,0.12150000000000001,-1,-1,-1,0.356862745098039,0.694117647058824,0.803921568627451
134.75118231773376,0.0,0.16856449836993878,0.03,1,1,1,0.0,0.3333333333333333,0.07971615000000001,1,1,1,1.0,1.0,-1.0,0.0,-0.3333333333333333,0.12150000000000001,-1,-1,-1,0.356862745098039,0.694117647058824,0.803921568627451
134.78608298301697,0.0,0.17659137924469775,0.03,1,1,1,0.0,0.3333333333333333,0.07971615000000001,1,1,1,1.0,1.0,-1.0,0.0,-0.3333333333333333,0.12150000000000001,-1,-1,-1,0.356862745098039,0.694117647058824,0.803921568627451
134.82069373130798,0.0,0.18461826011945673,0.03,1,1,1,0.0,0.3333333333333333,0.07971615000000001,1,1,1,1.0,1.0,-1.0,0.0,-0.3333333333333333,0.12150000000000001,-1,-1,-1,0.356862745098039,0.694117647058824,0.803921568627451
134.85547828674316,0.0,0.1926451409942157,0.03,1,1,1,0.0,0.3333333333333333,0.07971615000000001,1,1,1,1.0,1.0,-1.0,0.0,-0.3333333333333333,0.12150000000000001,-1,-1,-1,0.356862745098039,0.694117647058824,0.803921568627451
134.8976047039032,0.0,0.20067202186897468,0.03,1,1,1,0.0,0.3333333333333333,0.07971615000000001,1,1,1,1.0,1.0,-1.0,0.0,-0.3333333333333333,0.12150000000000001,-1,-1,-1,0.356862745098039,0.694117647058824,0.803921568627451
134.93175220489502,0.0,0.20869890274373365,0.03,1,1,1,0.0,0.3333333333333333,0.07971615000000001,1,1,1,1.0,1.0,-1.0,0.0,-0.3333333333333333,0.12150000000000001,-1,-1,-1,0.356862745098039,0.694117647058824,0.803921568627451
134.96656370162964,0.0,0.21672578361849262,0.03,1,1,1,0.0,0.3333333333333333,0.07971615000000001,1,1,1,1.0,1.0,-1.0,0.0,-0.3333333333333333,0.12150000000000001,-1,-1,-1,0.356862745098039,0.694117647058824,0.803921568627451
135.00111889839172,0.0,0.2247526644932516,0.03,1,1,1,0.0,0.3333333333333333,0.07971615000000001,1,1,1,1.0,1.0,-1.0,0.0,-0.3333333333333333,0.12150000000000001,-1,-1,-1,0.356862745098039,0.694117647058824,0.803921568627451
135.03925728797913,0.0,0.23277954536801057,0.03,1,1,1,0.0,0.3333333333333333,0.07971615000000001,1,1,1,1.0,1.0,-1.0,0.0,-0.3333333333333333,0.12150000000000001,-1,-1,-1,0.356862745098039,0.694117647058824,0.803921568627451
135.07356095314026,0.0,0.24080642624276957,0.03,1,1,1,0.0,0.3333333333333333,0.07971615000000001,1,1,1,1.0,1.0,-1.0,0.0,-0.3333333333333333,0.12150000000000001,-1,-1,-1,0.356862745098039,0.694117647058824,0.803921568627451
135.11282300949097,0.0,0.24883330711752857,0.03,1,1,1,0.0,0.3333333333333333,0.07971615000000001,1,1,1,1.0,1.0,-1.0,0.0,-0.3333333333333333,0.12150000000000001,-1,-1,-1,0.356862745098039,0.694117647058824,0.803921568627451
135.14705538749695,0.0,0.25686018799228766,0.03,1,1,1,0.0,0.3333333333333333,0.07971615000000001,1,1,1,1.0,1.0,-1.0,0.0,-0.3333333333333333,0.12150000000000001,-1,-1,-1,0.356862745098039,0.694117647058824,0.803921568627451
135.1824471950531,0.0,0.26488706886704677,0.03,1,1,1,0.0,0.3333333333333333,0.07971615000000001,1,1,1,1.0,1.0,-1.0,0.0,-0.3333333333333333,0.12150000000000001,-1,-1,-1,0.356862745098039,0.694117647058824,0.803921568627451
135.2174870967865,0.0,0.2690647167618626,0.03,1,1,1,0.0,0.3333333333333333,0.07971615000000001,-1,-1,-1,1.0,1.0,-1.0,0.0,-0.3333333333333333,0.12150000000000001,-1,-1,-1,0.356862745098039,0.694117647058824,0.803921568627451
135.2517533302307,0.0,0.27067620933671627,0.03,1,1,1,0.0,0.3333333333333333,0.07971615000000001,-1,-1,-1,1.0,1.0,-1.0,0.0,-0.3333333333333333,0.12150000000000001,-1,-1,-1,0.356862745098039,0.694117647058824,0.803921568627451
135.2938621044159,0.0,0.2722877019115699,0.03,1,1,1,0.0,0.3333333333333333,0.07971615000000001,-1,-1,-1,1.0,1.0,-1.0,0.0,-0.3333333333333333,0.12150000000000001,-1,-1,-1,0.356862745098039,0.694117647058824,0.803921568627451
135.33523726463318,0.0,0.2738991944864236,0.03,1,1,1,0.0,0.3333333333333333,0.07971615000000001,-1,-1,-1,1.0,1.0,-1.0,0.0,-0.3333333333333333,0.12150000000000001,-1,-1,-1,0.356862745098039,0.694117647058824,0.803921568627451
135.3687002658844,0.0,0.27551068706127724,0.03,1,1,1,0.0,0.3333333333333333,0.07971615000000001,-1,-1,-1,1.0,1.0,-1.0,0.0,-0.3333333333333333,0.12150000000000001,-1,-1,-1,0.356862745098039,0.694117647058824,0.803921568627451
135.40454030036926,0.0,0.2771221796361309,0.03,1,1,1,0.0,0.3333333333333333,0.07971615000000001,-1,-1,-1,1.0,1.0,-1.0,0.0,-0.3333333333333333,0.12150000000000001,-1,-1,-1,0.356862745098039,0.694117647058824,0.803921568627451
135.44357657432556,0.0,0.27873367221098455,0.03,1,1,1,0.0,0.3333333333333333,0.07971615000000001,-1,-1,-1,1.0,1.0,-1.0,0.0,-0.3333333333333333,0.12150000000000001,-1,-1,-1,0.356862745098039,0.694117647058824,0.803921568627451
135.4781813621521,0.0,0.2803451647858382,0.03,1,1,1,0.0,0.3333333333333333,0.07971615000000001,-1,-1,-1,1.0,1.0,-1.0,0.0,-0.3333333333333333,0.12150000000000001,-1,-1,-1,0.356862745098039,0.694117647058824,0.803921568627451
135.51589560508728,0.0,0.28195665736069186,0.03,1,1,1,0.0,0.3333333333333333,0.07971615000000001,-1,-1,-1,1.0,1.0,-1.0,0.0,-0.3333333333333333,0.12150000000000001,-1,-1,-1,0.356862745098039,0.694117647058824,0.803921568627451
135.56456995010376,0.0,0.2835681499355455,0.03,1,1,1,0.0,0.3333333333333333,0.07971615000000001,-1,-1,-1,1.0,1.0,-1.0,0.0,-0.3333333333333333,0.12150000000000001,-1,-1,-1,0.356862745098039,0.694117647058824,0.803921568627451
135.5989956855774,0.0,0.2851796425103992,0.03,1,1,1,0.0,0.3333333333333333,0.07971615000000001,-1,-1,-1,1.0,1.0,-1.0,0.0,-0.3333333333333333,0.12150000000000001,-1,-1,-1,0.356862745098039,0.694117647058824,0.803921568627451
135.63390040397644,0.0,0.28679113508525284,0.03,1,1,1,0.0,0.3333333333333333,0.07971615000000001,-1,-1,-1,1.0,1.0,-1.0,0.0,-0.3333333333333333,0.12150000000000001,-1,-1,-1,0.356862745098039,0.694117647058824,0.803921568627451
135.66855216026306,0.0,0.2884026276601065,0.03,1,1,1,0.0,0.3333333333333333,0.07971615000000001,-1,-1,-1,1.0,1.0,-1.0,0.0,-0.3333333333333333,0.12150000000000001,-1,-1,-1,0.356862745098039,0.694117647058824,0.803921568627451
135.7133014202118,0.0,0.29001412023496015,0.03,1,1,1,0.0,0.3333333333333333,0.07971615000000001,-1,-1,-1,1.0,1.0,-1.0,0.0,-0.3333333333333333,0.12150000000000001,-1,-1,-1,0.356862745098039,0.694117647058824,0.803921568627451
135.75212264060974,0.0,0.2916256128098138,0.03,1,1,1,0.0,0.3333333333333333,0.07971615000000001,-1,-1,-1,1.0,1.0,-1.0,0.0,-0.3333333333333333,0.12150000000000001,-1,-1,-1,0.356862745098039,0.694117647058824,0.803921568627451
135.787038564682,0.0,0.29323710538466746,0.03,1,1,1,0.0,0.3333333333333333,0.07971615000000001,-1,-1,-1,1.0,1.0,-1.0,0.0,-0.3333333333333333,0.12150000000000001,-1,-1,-1,0.356862745098039,0.694117647058824,0.803921568627451
135.8210380077362,0.0,0.2948485979595211,0.03,1,1,1,0.0,0.3333333333333333,0.07971615000000001,-1,-1,-1,1.0,1.0,-1.0,0.0,-0.3333333333333333,0.12150000000000001,-1,-1,-1,0.356862745098039,0.694117647058824,0.803921568627451
135.86306428909302,0.0,0.2964600905343748,0.03,1,1,1,0.0,0.3333333333333333,0.07971615000000001,-1,-1,-1,1.0,1.0,-1.0,0.0,-0.3333333333333333,0.12150000000000001,-1,-1,-1,0.356862745098039,0.694117647058824,0.803921568627451
135.90464043617249,0.0,0.29807158310922843,0.03,1,1,1,0.0,0.3333333333333333,0.07971615000000001,-1,-1,-1,1.0,1.0,-1.0,0.0,-0.3333333333333333,0.12150000000000001,-1,-1,-1,0.356862745098039,0.694117647058824,0.803921568627451
135.9394965171814,0.0,0.2996830756840821,0.03,1,1,1,0.0,0.3333333333333333,0.07971615000000001,-1,-1,-1,1.0,1.0,-1.0,0.0,-0.3333333333333333,0.12150000000000001,-1,-1,-1,0.356862745098039,0.694117647058824,0.803921568627451
135.97415041923523,0.0,0.30129456825893575,0.03,1,1,1,0.0,0.3333333333333333,0.07971615000000001,-1,-1,-1,1.0,1.0,-1.0,0.0,-0.3333333333333333,0.12150000000000001,-1,-1,-1,0.356862745098039,0.694117647058824,0.803921568627451
136.01281714439392,0.0,0.3029060608337894,0.03,1,1,1,0.0,0.3333333333333333,0.07971615000000001,-1,-1,-1,1.0,1.0,-1.0,0.0,-0.3333333333333333,0.12150000000000001,-1,-1,-1,0.356862745098039,0.694117647058824,0.803921568627451
136.04778289794922,0.0,0.30451755340864306,0.03,1,1,1,0.0,0.3333333333333333,0.07971615000000001,-1,-1,-1,1.0,1.0,-1.0,0.0,-0.3333333333333333,0.12150000000000001,-1,-1,-1,0.356862745098039,0.694117647058824,0.803921568627451
136.08594369888306,0.0,0.3061290459834967,0.03,1,1,1,0.0,0.3333333333333333,0.07971615000000001,-1,-1,-1,1.0,1.0,-1.0,0.0,-0.3333333333333333,0.12150000000000001,-1,-1,-1,0.356862745098039,0.694117647058824,0.803921568627451
136.13376665115356,0.0,0.3077405385583504,0.03,1,1,1,0.0,0.3333333333333333,0.07971615000000001,-1,-1,-1,1.0,1.0,-1.0,0.0,-0.3333333333333333,0.12150000000000001,-1,-1,-1,0.356862745098039,0.694117647058824,0.803921568627451
136.16902875900269,0.0,0.30935203113320403,0.03,1,1,1,0.0,0.3333333333333333,0.07971615000000001,-1,-1,-1,1.0,1.0,-1.0,0.0,-0.3333333333333333,0.12150000000000001,-1,-1,-1,0.356862745098039,0.694117647058824,0.803921568627451
136.20329594612122,0.0,0.3109635237080577,0.03,1,1,1,0.0,0.3333333333333333,0.07971615000000001,-1,-1,-1,1.0,1.0,-1.0,0.0,-0.3333333333333333,0.12150000000000001,-1,-1,-1,0.356862745098039,0.694117647058824,0.803921568627451
136.2384033203125,0.0,0.31257501628291134,0.03,1,1,1,0.0,0.3333333333333333,0.07971615000000001,-1,-1,-1,1.0,1.0,-1.0,0.0,-0.3333333333333333,0.12150000000000001,-1,-1,-1,0.356862745098039,0.694117647058824,0.803921568627451
136.27271723747253,0.0,0.314186508857765,0.03,1,1,1,0.0,0.3333333333333333,0.07971615000000001,-1,-1,-1,1.0,1.0,-1.0,0.0,-0.3333333333333333,0.12150000000000001,-1,-1,-1,0.356862745098039,0.694117647058824,0.803921568627451
136.31612467765808,0.0,0.31579800143261866,0.03,1,1,1,0.0,0.3333333333333333,0.07971615000000001,-1,-1,-1,1.0,1.0,-1.0,0.0,-0.3333333333333333,0.12150000000000001,-1,-1,-1,0.356862745098039,0.694117647058824,0.803921568627451
136.3507239818573,0.0,0.3174094940074723,0.03,1,1,1,0.0,0.3333333333333333,0.07971615000000001,-1,-1,-1,1.0,1.0,-1.0,0.0,-0.3333333333333333,0.12150000000000001,-1,-1,-1,0.356862745098039,0.694117647058824,0.803921568627451
136.382239818573,0.0,0.31902098658232597,0.03,1,1,1,0.0,0.3333333333333333,0.07971615000000001,-1,-1,-1,1.0,1.0,-1.0,0.0,-0.3333333333333333,0.12150000000000001,-1,-1,-1,0.356862745098039,0.694117647058824,0.803921568627451
136.4184501171112,0.0,0.31970813689598965,0.03,1,1,1,0.0,0.3333333333333333,0.07971615000000001,-1,-1,-1,1.0,1.0,-1.0,0.0,-0.3333333333333333,0.12150000000000001,-1,-1,-1,0.356862745098039,0.694117647058824,0.803921568627451
136.45341205596924,0.0,0.31977905903552667,0.03,1,1,1,0.0,0.3333333333333333,0.07971615000000001,-1,-1,-1,1.0,1.0,-1.0,0.0,-0.3333333333333333,0.12150000000000001,-1,-1,-1,0.356862745098039,0.694117647058824,0.803921568627451
136.48864030838013,0.0,0.3198499811750637,0.03,1,1,1,0.0,0.3333333333333333,0.07971615000000001,-1,-1,-1,1.0,1.0,-1.0,0.0,-0.3333333333333333,0.12150000000000001,-1,-1,-1,0.356862745098039,0.694117647058824,0.803921568627451
136.53873777389526,0.0,0.3199209033146007,0.03,1,1,1,0.0,0.3333333333333333,0.07971615000000001,-1,-1,-1,1.0,1.0,-1.0,0.0,-0.3333333333333333,0.12150000000000001,-1,-1,-1,0.356862745098039,0.694117647058824,0.803921568627451
136.57693815231323,0.0,0.31999182545413773,0.03,1,1,1,0.0,0.3333333333333333,0.07971615000000001,-1,-1,-1,1.0,1.0,-1.0,0.0,-0.3333333333333333,0.12150000000000001,-1,-1,-1,0.356862745098039,0.694117647058824,0.803921568627451
136.61155557632446,0.0,0.32006274759367476,0.03,1,1,1,0.0,0.3333333333333333,0.07971615000000001,-1,-1,-1,1.0,1.0,-1.0,0.0,-0.3333333333333333,0.12150000000000001,-1,-1,-1,0.356862745098039,0.694117647058824,0.803921568627451
136.6504144668579,0.0,0.3201336697332118,0.03,1,1,1,0.0,0.3333333333333333,0.07971615000000001,-1,-1,-1,1.0,1.0,-1.0,0.0,-0.3333333333333333,0.12150000000000001,-1,-1,-1,0.356862745098039,0.694117647058824,0.803921568627451
136.68545842170715,0.0,0.3202045918727488,0.03,1,1,1,0.0,0.3333333333333333,0.07971615000000001,-1,-1,-1,1.0,1.0,-1.0,0.0,-0.3333333333333333,0.12150000000000001,-1,-1,-1,0.356862745098039,0.694117647058824,0.803921568627451
136.72261381149292,0.0,0.3202755140122858,0.03,1,1,1,0.0,0.3333333333333333,0.07971615000000001,-1,-1,-1,1.0,1.0,-1.0,0.0,-0.3333333333333333,0.12150000000000001,-1,-1,-1,0.356862745098039,0.694117647058824,0.803921568627451
136.7572944164276,0.0,0.32034643615182284,0.03,1,1,1,0.0,0.3333333333333333,0.07971615000000001,-1,-1,-1,1.0,1.0,-1.0,0.0,-0.3333333333333333,0.12150000000000001,-1,-1,-1,0.356862745098039,0.694117647058824,0.803921568627451
136.7915222644806,0.0,0.32041735829135987,0.03,1,1,1,0.0,0.3333333333333333,0.07971615000000001,-1,-1,-1,1.0,1.0,-1.0,0.0,-0.3333333333333333,0.12150000000000001,-1,-1,-1,0.356862745098039,0.694117647058824,0.803921568627451
136.82653164863586,0.0,0.3204882804308969,0.03,1,1,1,0.0,0.3333333333333333,0.07971615000000001,-1,-1,-1,1.0,1.0,-1.0,0.0,-0.3333333333333333,0.12150000000000001,-1,-1,-1,0.356862745098039,0.694117647058824,0.803921568627451
136.8611843585968,0.0,0.3205592025704339,0.03,1,1,1,0.0,0.3333333333333333,0.07971615000000001,-1,-1,-1,1.0,1.0,-1.0,0.0,-0.3333333333333333,0.12150000000000001,-1,-1,-1,0.356862745098039,0.694117647058824,0.803921568627451
136.89603996276855,0.0,0.32063012470997093,0.03,1,1,1,0.0,0.3333333333333333,0.07971615000000001,-1,-1,-1,1.0,1.0,-1.0,0.0,-0.3333333333333333,0.12150000000000001,-1,-1,-1,0.356862745098039,0.694117647058824,0.803921568627451
136.93118476867676,0.0,0.32070104684950795,0.03,1,1,1,0.0,0.3333333333333333,0.07971615000000001,-1,-1,-1,1.0,1.0,-1.0,0.0,-0.3333333333333333,0.12150000000000001,-1,-1,-1,0.356862745098039,0.694117647058824,0.803921568627451
136.96557807922363,0.0,0.320771968989045,0.03,1,1,1,0.0,0.3333333333333333,0.07971615000000001,-1,-1,-1,1.0,1.0,-1.0,0.0,-0.3333333333333333,0.12150000000000001,-1,-1,-1,0.356862745098039,0.694117647058824,0.803921568627451
137.00011944770813,0.0,0.320842891128582,0.03,1,1,1,0.0,0.3333333333333333,0.07971615000000001,-1,-1,-1,1.0,1.0,-1.0,0.0,-0.3333333333333333,0.12150000000000001,-1,-1,-1,0.356862745098039,0.694117647058824,0.803921568627451
137.0347180366516,0.0,0.320913813268119,0.03,1,1,1,0.0,0.3333333333333333,0.07971615000000001,-1,-1,-1,1.0,1.0,-1.0,0.0,-0.3333333333333333,0.12150000000000001,-1,-1,-1,0.356862745098039,0.694117647058824,0.803921568627451
137.06918287277222,0.0,0.32098473540765604,0.03,1,1,1,0.0,0.3333333333333333,0.07971615000000001,-1,-1,-1,1.0,1.0,-1.0,0.0,-0.3333333333333333,0.12150000000000001,-1,-1,-1,0.356862745098039,0.694117647058824,0.803921568627451
137.10441255569458,0.0,0.32105565754719306,0.03,1,1,1,0.0,0.3333333333333333,0.07971615000000001,-1,-1,-1,1.0,1.0,-1.0,0.0,-0.3333333333333333,0.12150000000000001,-1,-1,-1,0.356862745098039,0.694117647058824,0.803921568627451
137.13945960998535,0.0,0.3211265796867301,0.03,1,1,1,0.0,0.3333333333333333,0.07971615000000001,-1,-1,-1,1.0,1.0,-1.0,0.0,-0.3333333333333333,0.12150000000000001,-1,-1,-1,0.356862745098039,0.694117647058824,0.803921568627451
137.17383980751038,0.0,0.3211975018262671,0.03,1,1,1,0.0,0.3333333333333333,0.07971615000000001,-1,-1,-1,1.0,1.0,-1.0,0.0,-0.3333333333333333,0.12150000000000001,-1,-1,-1,0.356862745098039,0.694117647058824,0.803921568627451
137.2081265449524,0.0,0.32126842396580413,0.03,1,1,1,0.0,0.3333333333333333,0.07971615000000001,-1,-1,-1,1.0,1.0,-1.0,0.0,-0.3333333333333333,0.12150000000000001,-1,-1,-1,0.356862745098039,0.694117647058824,0.803921568627451
137.2430341243744,0.0,0.32133934610534115,0.03,1,1,1,0.0,0.3333333333333333,0.07971615000000001,-1,-1,-1,1.0,1.0,-1.0,0.0,-0.3333333333333333,0.12150000000000001,-1,-1,-1,0.356862745098039,0.694117647058824,0.803921568627451
137.27838778495789,0.0,0.3214102682448782,0.03,1,1,1,0.0,0.3333333333333333,0.07971615000000001,-1,-1,-1,1.0,1.0,-1.0,0.0,-0.3333333333333333,0.12150000000000001,-1,-1,-1,0.356862745098039,0.694117647058824,0.803921568627451
137.31273007392883,0.0,0.3214811903844152,0.03,1,1,1,0.0,0.3333333333333333,0.07971615000000001,-1,-1,-1,1.0,1.0,-1.0,0.0,-0.3333333333333333,0.12150000000000001,-1,-1,-1,0.356862745098039,0.694117647058824,0.803921568627451
137.34721183776855,0.0,0.3215521125239522,0.03,1,1,1,0.0,0.3333333333333333,0.07971615000000001,-1,-1,-1,1.0,1.0,-1.0,0.0,-0.3333333333333333,0.12150000000000001,-1,-1,-1,0.356862745098039,0.694117647058824,0.803921568627451
137.38661646842957,0.0,0.32162303466348924,0.03,1,1,1,0.0,0.3333333333333333,0.07971615000000001,-1,-1,-1,1.0,1.0,-1.0,0.0,-0.3333333333333333,0.12150000000000001,-1,-1,-1,0.356862745098039,0.694117647058824,0.803921568627451
137.42094039916992,0.0,0.32169395680302626,0.03,1,1,1,0.0,0.3333333333333333,0.07971615000000001,-1,-1,-1,1.0,1.0,-1.0,0.0,-0.3333333333333333,0.12150000000000001,-1,-1,-1,0.356862745098039,0.694117647058824,0.803921568627451
137.45472192764282,0.0,0.3217648789425633,0.03,1,1,1,0.0,0.3333333333333333,0.07971615000000001,-1,-1,-1,1.0,1.0,-1.0,0.0,-0.3333333333333333,0.12150000000000001,-1,-1,-1,0.356862745098039,0.694117647058824,0.803921568627451
137.48791193962097,0.0,0.3218358010821003,0.03,1,1,1,0.0,0.3333333333333333,0.07971615000000001,-1,-1,-1,1.0,1.0,-1.0,0.0,-0.3333333333333333,0.12150000000000001,-1,-1,-1,0.356862745098039,0.694117647058824,0.803921568627451
137.5213987827301,0.0,0.3219067232216373,0.03,1,1,1,0.0,0.3333333333333333,0.07971615000000001,-1,-1,-1,1.0,1.0,-1.0,0.0,-0.3333333333333333,0.12150000000000001,-1,-1,-1,0.356862745098039,0.694117647058824,0.803921568627451
137.55534434318542,0.0,0.32197764536117435,0.03,1,1,1,0.0,0.3333333333333333,0.07971615000000001,-1,-1,-1,1.0,1.0,-1.0,0.0,-0.3333333333333333,0.12150000000000001,-1,-1,-1,0.356862745098039,0.694117647058824,0.803921568627451
137.5906627178192,0.0,0.32204856750071137,0.03,1,1,1,0.0,0.3333333333333333,0.07971615000000001,-1,-1,-1,1.0,1.0,-1.0,0.0,-0.3333333333333333,0.12150000000000001,-1,-1,-1,0.356862745098039,0.694117647058824,0.803921568627451
137.62575364112854,0.0,0.3220769363565262,0.03,1,1,1,0.0,0.3333333333333333,0.07971615000000001,-1,-1,-1,1.0,1.0,-1.0,0.0,-0.3333333333333333,0.12150000000000001,-1,-1,-1,0.356862745098039,0.694117647058824,0.803921568627451
137.65974974632263,0.0,0.3220769363565262,0.03,1,1,1,0.0,0.3333333333333333,0.07971615000000001,-1,-1,-1,1.0,1.0,-1.0,0.0,-0.3333333333333333,0.12150000000000001,-1,-1,-1,0.356862745098039,0.694117647058824,0.803921568627451
137.69431233406067,0.0,0.3220769363565262,0.03,1,1,1,0.0,0.3333333333333333,0.07971615000000001,-1,-1,-1,1.0,1.0,-1.0,0.0,-0.3333333333333333,0.12150000000000001,-1,-1,-1,0.356862745098039,0.694117647058824,0.803921568627451
137.7289822101593,0.0,0.3220769363565262,0.03,1,1,1,0.0,0.3333333333333333,0.07971615000000001,-1,-1,-1,1.0,1.0,-1.0,0.0,-0.3333333333333333,0.12150000000000001,-1,-1,-1,0.356862745098039,0.694117647058824,0.803921568627451
137.76401138305664,0.0,0.3220769363565262,0.03,1,1,1,0.0,0.3333333333333333,0.07971615000000001,-1,-1,-1,1.0,1.0,-1.0,0.0,-0.3333333333333333,0.12150000000000001,-1,-1,-1,0.356862745098039,0.694117647058824,0.803921568627451
137.79860043525696,0.0,0.3220769363565262,0.03,1,1,1,0.0,0.3333333333333333,0.07971615000000001,-1,-1,-1,1.0,1.0,-1.0,0.0,-0.3333333333333333,0.12150000000000001,-1,-1,-1,0.356862745098039,0.694117647058824,0.803921568627451
137.83335733413696,0.0,0.3220769363565262,0.03,1,1,1,0.0,0.3333333333333333,0.07971615000000001,-1,-1,-1,1.0,1.0,-1.0,0.0,-0.3333333333333333,0.12150000000000001,-1,-1,-1,0.356862745098039,0.694117647058824,0.803921568627451
137.8681230545044,0.0,0.3220769363565262,0.03,1,1,1,0.0,0.3333333333333333,0.07971615000000001,-1,-1,-1,1.0,1.0,-1.0,0.0,-0.3333333333333333,0.12150000000000001,-1,-1,-1,0.356862745098039,0.694117647058824,0.803921568627451
137.90339422225952,0.0,0.3220769363565262,0.03,1,1,1,0.0,0.3333333333333333,0.07971615000000001,-1,-1,-1,1.0,1.0,-1.0,0.0,-0.3333333333333333,0.12150000000000001,-1,-1,-1,0.356862745098039,0.694117647058824,0.803921568627451
137.93729186058044,0.0,0.3220769363565262,0.03,1,1,1,0.0,0.3333333333333333,0.07971615000000001,-1,-1,-1,1.0,1.0,-1.0,0.0,-0.3333333333333333,0.12150000000000001,-1,-1,-1,0.356862745098039,0.694117647058824,0.803921568627451
137.97225284576416,0.0,0.3220769363565262,0.03,1,1,1,0.0,0.3333333333333333,0.07971615000000001,-1,-1,-1,1.0,1.0,-1.0,0.0,-0.3333333333333333,0.12150000000000001,-1,-1,-1,0.356862745098039,0.694117647058824,0.803921568627451
138.00725603103638,0.0,0.3220769363565262,0.03,1,1,1,0.0,0.3333333333333333,0.07971615000000001,-1,-1,-1,1.0,1.0,-1.0,0.0,-0.3333333333333333,0.12150000000000001,-1,-1,-1,0.356862745098039,0.694117647058824,0.803921568627451
138.04174709320068,0.0,0.3220769363565262,0.03,1,1,1,0.0,0.3333333333333333,0.07971615000000001,-1,-1,-1,1.0,1.0,-1.0,0.0,-0.3333333333333333,0.12150000000000001,-1,-1,-1,0.356862745098039,0.694117647058824,0.803921568627451
138.0762493610382,0.0,0.3220769363565262,0.03,1,1,1,0.0,0.3333333333333333,0.07971615000000001,-1,-1,-1,1.0,1.0,-1.0,0.0,-0.3333333333333333,0.12150000000000001,-1,-1,-1,0.356862745098039,0.694117647058824,0.803921568627451
138.11153435707092,0.0,0.3220769363565262,0.03,1,1,1,0.0,0.3333333333333333,0.07971615000000001,-1,-1,-1,1.0,1.0,-1.0,0.0,-0.3333333333333333,0.12150000000000001,-1,-1,-1,0.356862745098039,0.694117647058824,0.803921568627451
138.1458911895752,0.0,0.3220769363565262,0.03,1,1,1,0.0,0.3333333333333333,0.07971615000000001,-1,-1,-1,1.0,1.0,-1.0,0.0,-0.3333333333333333,0.12150000000000001,-1,-1,-1,0.356862745098039,0.694117647058824,0.803921568627451
138.1804814338684,0.0,0.3220769363565262,0.03,1,1,1,0.0,0.3333333333333333,0.07971615000000001,-1,-1,-1,1.0,1.0,-1.0,0.0,-0.3333333333333333,0.12150000000000001,-1,-1,-1,0.356862745098039,0.694117647058824,0.803921568627451
138.21540236473083,0.0,0.3220769363565262,0.03,1,1,1,0.0,0.3333333333333333,0.07971615000000001,-1,-1,-1,1.0,1.0,-1.0,0.0,-0.3333333333333333,0.12150000000000001,-1,-1,-1,0.356862745098039,0.694117647058824,0.803921568627451
138.24912238121033,0.0,0.3220769363565262,0.03,1,1,1,0.0,0.3333333333333333,0.07971615000000001,-1,-1,-1,1.0,1.0,-1.0,0.0,-0.3333333333333333,0.12150000000000001,-1,-1,-1,0.356862745098039,0.694117647058824,0.803921568627451
138.28429245948792,0.0,0.3220769363565262,0.03,1,1,1,0.0,0.3333333333333333,0.07971615000000001,-1,-1,-1,1.0,1.0,-1.0,0.0,-0.3333333333333333,0.12150000000000001,-1,-1,-1,0.356862745098039,0.694117647058824,0.803921568627451
138.31992292404175,0.0,0.3220769363565262,0.03,1,1,1,0.0,0.3333333333333333,0.07971615000000001,-1,-1,-1,1.0,1.0,-1.0,0.0,-0.3333333333333333,0.12150000000000001,-1,-1,-1,0.356862745098039,0.694117647058824,0.803921568627451
138.3537175655365,0.0,0.3220769363565262,0.03,1,1,1,0.0,0.3333333333333333,0.07971615000000001,-1,-1,-1,1.0,1.0,-1.0,0.0,-0.3333333333333333,0.12150000000000001,-1,-1,-1,0.356862745098039,0.694117647058824,0.803921568627451
138.3883821964264,0.0,0.3220769363565262,0.03,1,1,1,0.0,0.3333333333333333,0.07971615000000001,-1,-1,-1,1.0,1.0,-1.0,0.0,-0.3333333333333333,0.12150000000000001,-1,-1,-1,0.356862745098039,0.694117647058824,0.803921568627451
138.4271523952484,0.0,0.3220769363565262,0.03,1,1,1,0.0,0.3333333333333333,0.07971615000000001,-1,-1,-1,1.0,1.0,-1.0,0.0,-0.3333333333333333,0.12150000000000001,-1,-1,-1,0.356862745098039,0.694117647058824,0.803921568627451
138.46233654022217,0.0,0.3220769363565262,0.03,1,1,1,0.0,0.3333333333333333,0.07971615000000001,-1,-1,-1,1.0,1.0,-1.0,0.0,-0.3333333333333333,0.12150000000000001,-1,-1,-1,0.356862745098039,0.694117647058824,0.803921568627451
138.49538159370422,0.0,0.3220769363565262,0.03,1,1,1,0.0,0.3333333333333333,0.07971615000000001,-1,-1,-1,1.0,1.0,-1.0,0.0,-0.3333333333333333,0.12150000000000001,-1,-1,-1,0.356862745098039,0.694117647058824,0.803921568627451
138.52864742279053,0.0,0.3220769363565262,0.03,1,1,1,0.0,0.3333333333333333,0.07971615000000001,-1,-1,-1,1.0,1.0,-1.0,0.0,-0.3333333333333333,0.12150000000000001,-1,-1,-1,0.356862745098039,0.694117647058824,0.803921568627451
138.56335973739624,0.0,0.3220769363565262,0.03,1,1,1,0.0,0.3333333333333333,0.07971615000000001,-1,-1,-1,1.0,1.0,-1.0,0.0,-0.3333333333333333,0.12150000000000001,-1,-1,-1,0.356862745098039,0.694117647058824,0.803921568627451
138.5990161895752,0.0,0.3220769363565262,0.03,1,1,1,0.0,0.3333333333333333,0.07971615000000001,-1,-1,-1,1.0,1.0,-1.0,0.0,-0.3333333333333333,0.12150000000000001,-1,-1,-1,0.356862745098039,0.694117647058824,0.803921568627451
138.63455390930176,0.0,0.3220769363565262,0.03,1,1,1,0.0,0.3333333333333333,0.07971615000000001,-1,-1,-1,1.0,1.0,-1.0,0.0,-0.3333333333333333,0.12150000000000001,-1,-1,-1,0.356862745098039,0.694117647058824,0.803921568627451
138.68222546577454,0.0,0.3220769363565262,0.03,1,1,1,0.0,0.3333333333333333,0.07971615000000001,-1,-1,-1,1.0,1.0,-1.0,0.0,-0.3333333333333333,0.12150000000000001,-1,-1,-1,0.356862745098039,0.694117647058824,0.803921568627451
138.71731042861938,0.0,0.3220769363565262,0.03,1,1,1,0.0,0.3333333333333333,0.07971615000000001,-1,-1,-1,1.0,1.0,-1.0,0.0,-0.3333333333333333,0.12150000000000001,-1,-1,-1,0.356862745098039,0.694117647058824,0.803921568627451
138.7511270046234,0.0,0.3220769363565262,0.03,1,1,1,0.0,0.3333333333333333,0.07971615000000001,-1,-1,-1,1.0,1.0,-1.0,0.0,-0.3333333333333333,0.12150000000000001,-1,-1,-1,0.356862745098039,0.694117647058824,0.803921568627451
138.7861044406891,0.0,0.3220769363565262,0.03,1,1,1,0.0,0.3333333333333333,0.07971615000000001,-1,-1,-1,1.0,1.0,-1.0,0.0,-0.3333333333333333,0.12150000000000001,-1,-1,-1,0.356862745098039,0.694117647058824,0.803921568627451
138.8215615749359,0.0,0.32470342855296835,0.03,1,1,1,0.0,0.3333333333333333,0.07971615000000001,-1,-1,-1,1.0,1.0,-1.0,0.0,-0.3333333333333333,0.12150000000000001,-1,-1,-1,0.356862745098039,0.694117647058824,0.803921568627451
138.86564254760742,0.0,0.3312696590440738,0.03,1,1,1,0.0,0.3333333333333333,0.07971615000000001,-1,-1,-1,1.0,1.0,-1.0,0.0,-0.3333333333333333,0.12150000000000001,-1,-1,-1,0.356862745098039,0.694117647058824,0.803921568627451
138.90449571609497,0.0,0.33389615124051597,0.03,1,1,1,0.0,0.3333333333333333,0.07971615000000001,-1,-1,-1,1.0,1.0,-1.0,0.0,-0.3333333333333333,0.12150000000000001,-1,-1,-1,0.356862745098039,0.694117647058824,0.803921568627451
138.9393813610077,0.0,0.33389615124051597,0.03,1,1,1,0.0,0.3333333333333333,0.07971615000000001,-1,-1,-1,1.0,1.0,-1.0,0.0,-0.3333333333333333,0.12150000000000001,-1,-1,-1,0.356862745098039,0.694117647058824,0.803921568627451
138.97355961799622,0.0,0.33389615124051597,0.03,1,1,1,0.0,0.3333333333333333,0.07971615000000001,-1,-1,-1,1.0,1.0,-1.0,0.0,-0.3333333333333333,0.12150000000000001,-1,-1,-1,0.356862745098039,0.694117647058824,0.803921568627451
139.00899958610535,0.0,0.33389615124051597,0.03,1,1,1,0.0,0.3333333333333333,0.07971615000000001,-1,-1,-1,1.0,1.0,-1.0,0.0,-0.3333333333333333,0.12150000000000001,-1,-1,-1,0.356862745098039,0.694117647058824,0.803921568627451
139.0503044128418,0.0,0.33389615124051597,0.03,1,1,1,0.0,0.3333333333333333,0.07971615000000001,-1,-1,-1,1.0,1.0,-1.0,0.0,-0.3333333333333333,0.12150000000000001,-1,-1,-1,0.356862745098039,0.694117647058824,0.803921568627451
139.0918128490448,0.0,0.33389615124051597,0.03,1,1,1,0.0,0.3333333333333333,0.07971615000000001,-1,-1,-1,1.0,1.0,-1.0,0.0,-0.3333333333333333,0.12150000000000001,-1,-1,-1,0.356862745098039,0.694117647058824,0.803921568627451
139.12645888328552,0.0,0.33389615124051597,0.03,1,1,1,0.0,0.3333333333333333,0.07971615000000001,-1,-1,-1,1.0,1.0,-1.0,0.0,-0.3333333333333333,0.12150000000000001,-1,-1,-1,0.356862745098039,0.694117647058824,0.803921568627451
139.1608898639679,0.0,0.33389615124051597,0.03,1,1,1,0.0,0.3333333333333333,0.07971615000000001,-1,-1,-1,1.0,1.0,-1.0,0.0,-0.3333333333333333,0.12150000000000001,-1,-1,-1,0.356862745098039,0.694117647058824,0.803921568627451
139.1996762752533,0.0,0.33389615124051597,0.03,1,1,1,0.0,0.3333333333333333,0.07971615000000001,-1,-1,-1,1.0,1.0,-1.0,0.0,-0.3333333333333333,0.12150000000000001,-1,-1,-1,0.356862745098039,0.694117647058824,0.803921568627451
139.2347936630249,0.0,0.33389615124051597,0.03,1,1,1,0.0,0.3333333333333333,0.07971615000000001,-1,-1,-1,1.0,1.0,-1.0,0.0,-0.3333333333333333,0.12150000000000001,-1,-1,-1,0.356862745098039,0.694117647058824,0.803921568627451
139.27205348014832,0.0,0.33389615124051597,0.03,1,1,1,0.0,0.3333333333333333,0.07971615000000001,-1,-1,-1,1.0,1.0,-1.0,0.0,-0.3333333333333333,0.12150000000000001,-1,-1,-1,0.356862745098039,0.694117647058824,0.803921568627451
139.31396055221558,0.0,0.33389615124051597,0.03,1,1,1,0.0,0.3333333333333333,0.07971615000000001,-1,-1,-1,1.0,1.0,-1.0,0.0,-0.3333333333333333,0.12150000000000001,-1,-1,-1,0.356862745098039,0.694117647058824,0.803921568627451
139.3488690853119,0.0,0.33389615124051597,0.03,1,1,1,0.0,0.3333333333333333,0.07971615000000001,-1,-1,-1,1.0,1.0,-1.0,0.0,-0.3333333333333333,0.12150000000000001,-1,-1,-1,0.356862745098039,0.694117647058824,0.803921568627451
139.38356232643127,0.0,0.33389615124051597,0.03,1,1,1,0.0,0.3333333333333333,0.07971615000000001,-1,-1,-1,1.0,1.0,-1.0,0.0,-0.3333333333333333,0.12150000000000001,-1,-1,-1,0.356862745098039,0.694117647058824,0.803921568627451
139.41820240020752,0.0,0.33389615124051597,0.03,1,1,1,0.0,0.3333333333333333,0.07971615000000001,-1,-1,-1,1.0,1.0,-1.0,0.0,-0.3333333333333333,0.12150000000000001,-1,-1,-1,0.356862745098039,0.694117647058824,0.803921568627451
139.46012139320374,0.0,0.33389615124051597,0.03,1,1,1,0.0,0.3333333333333333,0.07971615000000001,-1,-1,-1,1.0,1.0,-1.0,0.0,-0.3333333333333333,0.12150000000000001,-1,-1,-1,0.356862745098039,0.694117647058824,0.803921568627451
139.49470376968384,0.0,0.33389615124051597,0.03,1,1,1,0.0,0.3333333333333333,0.07971615000000001,-1,-1,-1,1.0,1.0,-1.0,0.0,-0.3333333333333333,0.12150000000000001,-1,-1,-1,0.356862745098039,0.694117647058824,0.803921568627451
139.52955436706543,0.0,0.33389615124051597,0.03,1,1,1,0.0,0.3333333333333333,0.07971615000000001,-1,-1,-1,1.0,1.0,-1.0,0.0,-0.3333333333333333,0.12150000000000001,-1,-1,-1,0.356862745098039,0.694117647058824,0.803921568627451
139.5643653869629,0.0,0.33389615124051597,0.03,1,1,1,0.0,0.3333333333333333,0.07971615000000001,-1,-1,-1,1.0,1.0,-1.0,0.0,-0.3333333333333333,0.12150000000000001,-1,-1,-1,0.356862745098039,0.694117647058824,0.803921568627451
139.602694272995,0.0,0.33389615124051597,0.03,1,1,1,0.0,0.3333333333333333,0.07971615000000001,-1,-1,-1,1.0,1.0,-1.0,0.0,-0.3333333333333333,0.12150000000000001,-1,-1,-1,0.356862745098039,0.694117647058824,0.803921568627451
139.63801622390747,0.0,0.33389615124051597,0.03,1,1,1,0.0,0.3333333333333333,0.07971615000000001,-1,-1,-1,1.0,1.0,-1.0,0.0,-0.3333333333333333,0.12150000000000001,-1,-1,-1,0.356862745098039,0.694117647058824,0.803921568627451
139.67523837089539,0.0,0.33389615124051597,0.03,1,1,1,0.0,0.3333333333333333,0.07971615000000001,-1,-1,-1,1.0,1.0,-1.0,0.0,-0.3333333333333333,0.12150000000000001,-1,-1,-1,0.356862745098039,0.694117647058824,0.803921568627451
139.7241690158844,0.0,0.33389615124051597,0.03,1,1,1,0.0,0.3333333333333333,0.07971615000000001,-1,-1,-1,1.0,1.0,-1.0,0.0,-0.3333333333333333,0.12150000000000001,-1,-1,-1,0.356862745098039,0.694117647058824,0.803921568627451
139.75825786590576,0.0,0.33389615124051597,0.03,1,1,1,0.0,0.3333333333333333,0.07971615000000001,-1,-1,-1,1.0,1.0,-1.0,0.0,-0.3333333333333333,0.12150000000000001,-1,-1,-1,0.356862745098039,0.694117647058824,0.803921568627451
139.79291892051697,0.0,0.33389615124051597,0.03,1,1,1,0.0,0.3333333333333333,0.07971615000000001,-1,-1,-1,1.0,1.0,-1.0,0.0,-0.3333333333333333,0.12150000000000001,-1,-1,-1,0.356862745098039,0.694117647058824,0.803921568627451
139.8275501728058,0.0,0.33389615124051597,0.03,1,1,1,0.0,0.3333333333333333,0.07971615000000001,-1,-1,-1,1.0,1.0,-1.0,0.0,-0.3333333333333333,0.12150000000000001,-1,-1,-1,0.356862745098039,0.694117647058824,0.803921568627451
139.862163066864,0.0,0.33389615124051597,0.03,1,1,1,0.0,0.3333333333333333,0.07971615000000001,-1,-1,-1,1.0,1.0,-1.0,0.0,-0.3333333333333333,0.12150000000000001,-1,-1,-1,0.356862745098039,0.694117647058824,0.803921568627451
139.90622448921204,0.0,0.33389615124051597,0.03,1,1,1,0.0,0.3333333333333333,0.07971615000000001,-1,-1,-1,1.0,1.0,-1.0,0.0,-0.3333333333333333,0.12150000000000001,-1,-1,-1,0.356862745098039,0.694117647058824,0.803921568627451
139.94158935546875,0.0,0.33389615124051597,0.03,1,1,1,0.0,0.3333333333333333,0.07971615000000001,-1,-1,-1,1.0,1.0,-1.0,0.0,-0.3333333333333333,0.12150000000000001,-1,-1,-1,0.356862745098039,0.694117647058824,0.803921568627451
139.9745752811432,0.0,0.33389615124051597,0.03,1,1,1,0.0,0.3333333333333333,0.07971615000000001,-1,-1,-1,1.0,1.0,-1.0,0.0,-0.3333333333333333,0.12150000000000001,-1,-1,-1,0.356862745098039,0.694117647058824,0.803921568627451
140.00826930999756,0.0,0.33389615124051597,0.03,1,1,1,0.0,0.3333333333333333,0.07971615000000001,-1,-1,-1,1.0,1.0,-1.0,0.0,-0.3333333333333333,0.12150000000000001,-1,-1,-1,0.356862745098039,0.694117647058824,0.803921568627451
140.04325485229492,0.0,0.0012273521000034878,0.03,1,1,1,0.0,0.3333333333333333,0.07174453500000001,1,1,1,1.0,1.0,-1.0,0.0,-0.3333333333333333,0.12150000000000001,-1,-1,-1,0.356862745098039,0.694117647058824,0.803921568627451
140.07717847824097,0.0,0.002454704200006976,0.03,1,1,1,0.0,0.3333333333333333,0.07174453500000001,1,1,1,1.0,1.0,-1.0,0.0,-0.3333333333333333,0.12150000000000001,-1,-1,-1,0.356862745098039,0.694117647058824,0.803921568627451
140.1191258430481,0.0,0.0036820563000104643,0.03,1,1,1,0.0,0.3333333333333333,0.07174453500000001,1,1,1,1.0,1.0,-1.0,0.0,-0.3333333333333333,0.12150000000000001,-1,-1,-1,0.356862745098039,0.694117647058824,0.803921568627451
140.15390944480896,0.0,0.004909408400013952,0.03,1,1,1,0.0,0.3333333333333333,0.07174453500000001,1,1,1,1.0,1.0,-1.0,0.0,-0.3333333333333333,0.12150000000000001,-1,-1,-1,0.356862745098039,0.694117647058824,0.803921568627451
140.18862104415894,0.0,0.00613676050001744,0.03,1,1,1,0.0,0.3333333333333333,0.07174453500000001,1,1,1,1.0,1.0,-1.0,0.0,-0.3333333333333333,0.12150000000000001,-1,-1,-1,0.356862745098039,0.694117647058824,0.803921568627451
140.22324395179749,0.0,0.007364112600020929,0.03,1,1,1,0.0,0.3333333333333333,0.07174453500000001,1,1,1,1.0,1.0,-1.0,0.0,-0.3333333333333333,0.12150000000000001,-1,-1,-1,0.356862745098039,0.694117647058824,0.803921568627451
140.2581901550293,0.0,0.008591464700024413,0.03,1,1,1,0.0,0.3333333333333333,0.07174453500000001,1,1,1,1.0,1.0,-1.0,0.0,-0.3333333333333333,0.12150000000000001,-1,-1,-1,0.356862745098039,0.694117647058824,0.803921568627451
140.3000328540802,0.0,0.009818816800027897,0.03,1,1,1,0.0,0.3333333333333333,0.07174453500000001,1,1,1,1.0,1.0,-1.0,0.0,-0.3333333333333333,0.12150000000000001,-1,-1,-1,0.356862745098039,0.694117647058824,0.803921568627451
140.33430695533752,0.0,0.011046168900031381,0.03,1,1,1,0.0,0.3333333333333333,0.07174453500000001,1,1,1,1.0,1.0,-1.0,0.0,-0.3333333333333333,0.12150000000000001,-1,-1,-1,0.356862745098039,0.694117647058824,0.803921568627451
140.3691303730011,0.0,0.012273521000034865,0.03,1,1,1,0.0,0.3333333333333333,0.07174453500000001,1,1,1,1.0,1.0,-1.0,0.0,-0.3333333333333333,0.12150000000000001,-1,-1,-1,0.356862745098039,0.694117647058824,0.803921568627451
140.40362858772278,0.0,0.01350087310003835,0.03,1,1,1,0.0,0.3333333333333333,0.07174453500000001,1,1,1,1.0,1.0,-1.0,0.0,-0.3333333333333333,0.12150000000000001,-1,-1,-1,0.356862745098039,0.694117647058824,0.803921568627451
140.44198036193848,0.0,0.014728225200041833,0.03,1,1,1,0.0,0.3333333333333333,0.07174453500000001,1,1,1,1.0,1.0,-1.0,0.0,-0.3333333333333333,0.12150000000000001,-1,-1,-1,0.356862745098039,0.694117647058824,0.803921568627451
140.47657775878906,0.0,0.01595557730004532,0.03,1,1,1,0.0,0.3333333333333333,0.07174453500000001,1,1,1,1.0,1.0,-1.0,0.0,-0.3333333333333333,0.12150000000000001,-1,-1,-1,0.356862745098039,0.694117647058824,0.803921568627451
140.51459193229675,0.0,0.017182929400048813,0.03,1,1,1,0.0,0.3333333333333333,0.07174453500000001,1,1,1,1.0,1.0,-1.0,0.0,-0.3333333333333333,0.12150000000000001,-1,-1,-1,0.356862745098039,0.694117647058824,0.803921568627451
140.54973435401917,0.0,0.018410281500052306,0.03,1,1,1,0.0,0.3333333333333333,0.07174453500000001,1,1,1,1.0,1.0,-1.0,0.0,-0.3333333333333333,0.12150000000000001,-1,-1,-1,0.356862745098039,0.694117647058824,0.803921568627451
140.58438682556152,0.0,0.0196376336000558,0.03,1,1,1,0.0,0.3333333333333333,0.07174453500000001,1,1,1,1.0,1.0,-1.0,0.0,-0.3333333333333333,0.12150000000000001,-1,-1,-1,0.356862745098039,0.694117647058824,0.803921568627451
140.61970901489258,0.0,0.02086498570005929,0.03,1,1,1,0.0,0.3333333333333333,0.07174453500000001,1,1,1,1.0,1.0,-1.0,0.0,-0.3333333333333333,0.12150000000000001,-1,-1,-1,0.356862745098039,0.694117647058824,0.803921568627451
140.66137886047363,0.0,0.022092337800062783,0.03,1,1,1,0.0,0.3333333333333333,0.07174453500000001,1,1,1,1.0,1.0,-1.0,0.0,-0.3333333333333333,0.12150000000000001,-1,-1,-1,0.356862745098039,0.694117647058824,0.803921568627451
140.70284938812256,0.0,0.023319689900066276,0.03,1,1,1,0.0,0.3333333333333333,0.07174453500000001,1,1,1,1.0,1.0,-1.0,0.0,-0.3333333333333333,0.12150000000000001,-1,-1,-1,0.356862745098039,0.694117647058824,0.803921568627451
140.73757576942444,0.0,0.02454704200006977,0.03,1,1,1,0.0,0.3333333333333333,0.07174453500000001,1,1,1,1.0,1.0,-1.0,0.0,-0.3333333333333333,0.12150000000000001,-1,-1,-1,0.356862745098039,0.694117647058824,0.803921568627451
140.77217721939087,0.0,0.02577439410007326,0.03,1,1,1,0.0,0.3333333333333333,0.07174453500000001,1,1,1,1.0,1.0,-1.0,0.0,-0.3333333333333333,0.12150000000000001,-1,-1,-1,0.356862745098039,0.694117647058824,0.803921568627451
140.81114172935486,0.0,0.027001746200076754,0.03,1,1,1,0.0,0.3333333333333333,0.07174453500000001,1,1,1,1.0,1.0,-1.0,0.0,-0.3333333333333333,0.12150000000000001,-1,-1,-1,0.356862745098039,0.694117647058824,0.803921568627451
140.84579730033875,0.0,0.028229098300080246,0.03,1,1,1,0.0,0.3333333333333333,0.07174453500000001,1,1,1,1.0,1.0,-1.0,0.0,-0.3333333333333333,0.12150000000000001,-1,-1,-1,0.356862745098039,0.694117647058824,0.803921568627451
140.87971472740173,0.0,0.02945645040008374,0.03,1,1,1,0.0,0.3333333333333333,0.07174453500000001,1,1,1,1.0,1.0,-1.0,0.0,-0.3333333333333333,0.12150000000000001,-1,-1,-1,0.356862745098039,0.694117647058824,0.803921568627451
140.91816568374634,0.0,0.03068380250008723,0.03,1,1,1,0.0,0.3333333333333333,0.07174453500000001,1,1,1,1.0,1.0,-1.0,0.0,-0.3333333333333333,0.12150000000000001,-1,-1,-1,0.356862745098039,0.694117647058824,0.803921568627451
140.9529345035553,0.0,0.031911154600090724,0.03,1,1,1,0.0,0.3333333333333333,0.07174453500000001,1,1,1,1.0,1.0,-1.0,0.0,-0.3333333333333333,0.12150000000000001,-1,-1,-1,0.356862745098039,0.694117647058824,0.803921568627451
140.98724555969238,0.0,0.03313850670009422,0.03,1,1,1,0.0,0.3333333333333333,0.07174453500000001,1,1,1,1.0,1.0,-1.0,0.0,-0.3333333333333333,0.12150000000000001,-1,-1,-1,0.356862745098039,0.694117647058824,0.803921568627451
141.0220980644226,0.0,0.03436585880009771,0.03,1,1,1,0.0,0.3333333333333333,0.07174453500000001,1,1,1,1.0,1.0,-1.0,0.0,-0.3333333333333333,0.12150000000000001,-1,-1,-1,0.356862745098039,0.694117647058824,0.803921568627451
141.0641143321991,0.0,0.0355932109001012,0.03,1,1,1,0.0,0.3333333333333333,0.07174453500000001,1,1,1,1.0,1.0,-1.0,0.0,-0.3333333333333333,0.12150000000000001,-1,-1,-1,0.356862745098039,0.694117647058824,0.803921568627451
141.09832096099854,0.0,0.036820563000104695,0.03,1,1,1,0.0,0.3333333333333333,0.07174453500000001,1,1,1,1.0,1.0,-1.0,0.0,-0.3333333333333333,0.12150000000000001,-1,-1,-1,0.356862745098039,0.694117647058824,0.803921568627451
141.13305401802063,0.0,0.03804791510010819,0.03,1,1,1,0.0,0.3333333333333333,0.07174453500000001,1,1,1,1.0,1.0,-1.0,0.0,-0.3333333333333333,0.12150000000000001,-1,-1,-1,0.356862745098039,0.694117647058824,0.803921568627451
141.16781401634216,0.0,0.03927526720011168,0.03,1,1,1,0.0,0.3333333333333333,0.07174453500000001,1,1,1,1.0,1.0,-1.0,0.0,-0.3333333333333333,0.12150000000000001,-1,-1,-1,0.356862745098039,0.694117647058824,0.803921568627451
141.20253896713257,0.0,0.04050261930011517,0.03,1,1,1,0.0,0.3333333333333333,0.07174453500000001,1,1,1,1.0,1.0,-1.0,0.0,-0.3333333333333333,0.12150000000000001,-1,-1,-1,0.356862745098039,0.694117647058824,0.803921568627451
141.2375237941742,0.0,0.04006165934663536,0.03,1,1,1,0.0,0.3333333333333333,0.07174453500000001,-1,-1,-1,1.0,1.0,-1.0,0.0,-0.3333333333333333,0.12150000000000001,-1,-1,-1,0.356862745098039,0.694117647058824,0.803921568627451
141.28156805038452,0.0,0.03920362137978472,0.03,1,1,1,0.0,0.3333333333333333,0.07174453500000001,-1,-1,-1,1.0,1.0,-1.0,0.0,-0.3333333333333333,0.12150000000000001,-1,-1,-1,0.356862745098039,0.694117647058824,0.803921568627451
141.31489872932434,0.0,0.03834558341293408,0.03,1,1,1,0.0,0.3333333333333333,0.07174453500000001,-1,-1,-1,1.0,1.0,-1.0,0.0,-0.3333333333333333,0.12150000000000001,-1,-1,-1,0.356862745098039,0.694117647058824,0.803921568627451
141.34895753860474,0.0,0.03748754544608344,0.03,1,1,1,0.0,0.3333333333333333,0.07174453500000001,-1,-1,-1,1.0,1.0,-1.0,0.0,-0.3333333333333333,0.12150000000000001,-1,-1,-1,0.356862745098039,0.694117647058824,0.803921568627451
141.3834671974182,0.0,0.0366295074792328,0.03,1,1,1,0.0,0.3333333333333333,0.07174453500000001,-1,-1,-1,1.0,1.0,-1.0,0.0,-0.3333333333333333,0.12150000000000001,-1,-1,-1,0.356862745098039,0.694117647058824,0.803921568627451
141.41801929473877,0.0,0.03577146951238216,0.03,1,1,1,0.0,0.3333333333333333,0.07174453500000001,-1,-1,-1,1.0,1.0,-1.0,0.0,-0.3333333333333333,0.12150000000000001,-1,-1,-1,0.356862745098039,0.694117647058824,0.803921568627451
141.45256447792053,0.0,0.03491343154553152,0.03,1,1,1,0.0,0.3333333333333333,0.07174453500000001,-1,-1,-1,1.0,1.0,-1.0,0.0,-0.3333333333333333,0.12150000000000001,-1,-1,-1,0.356862745098039,0.694117647058824,0.803921568627451
141.49474334716797,0.0,0.03405539357868088,0.03,1,1,1,0.0,0.3333333333333333,0.07174453500000001,-1,-1,-1,1.0,1.0,-1.0,0.0,-0.3333333333333333,0.12150000000000001,-1,-1,-1,0.356862745098039,0.694117647058824,0.803921568627451
141.52935647964478,0.0,0.03319735561183024,0.03,1,1,1,0.0,0.3333333333333333,0.07174453500000001,-1,-1,-1,1.0,1.0,-1.0,0.0,-0.3333333333333333,0.12150000000000001,-1,-1,-1,0.356862745098039,0.694117647058824,0.803921568627451
141.56389713287354,0.0,0.0323393176449796,0.03,1,1,1,0.0,0.3333333333333333,0.07174453500000001,-1,-1,-1,1.0,1.0,-1.0,0.0,-0.3333333333333333,0.12150000000000001,-1,-1,-1,0.356862745098039,0.694117647058824,0.803921568627451
141.59917616844177,0.0,0.03148127967812896,0.03,1,1,1,0.0,0.3333333333333333,0.07174453500000001,-1,-1,-1,1.0,1.0,-1.0,0.0,-0.3333333333333333,0.12150000000000001,-1,-1,-1,0.356862745098039,0.694117647058824,0.803921568627451
141.64097666740417,0.0,0.030623241711278316,0.03,1,1,1,0.0,0.3333333333333333,0.07174453500000001,-1,-1,-1,1.0,1.0,-1.0,0.0,-0.3333333333333333,0.12150000000000001,-1,-1,-1,0.356862745098039,0.694117647058824,0.803921568627451
141.6852514743805,0.0,0.029765203744427676,0.03,1,1,1,0.0,0.3333333333333333,0.07174453500000001,-1,-1,-1,1.0,1.0,-1.0,0.0,-0.3333333333333333,0.12150000000000001,-1,-1,-1,0.356862745098039,0.694117647058824,0.803921568627451
141.72434663772583,0.0,0.028907165777577036,0.03,1,1,1,0.0,0.3333333333333333,0.07174453500000001,-1,-1,-1,1.0,1.0,-1.0,0.0,-0.3333333333333333,0.12150000000000001,-1,-1,-1,0.356862745098039,0.694117647058824,0.803921568627451
141.75876140594482,0.0,0.028049127810726396,0.03,1,1,1,0.0,0.3333333333333333,0.07174453500000001,-1,-1,-1,1.0,1.0,-1.0,0.0,-0.3333333333333333,0.12150000000000001,-1,-1,-1,0.356862745098039,0.694117647058824,0.803921568627451
141.79412937164307,0.0,0.027191089843875756,0.03,1,1,1,0.0,0.3333333333333333,0.07174453500000001,-1,-1,-1,1.0,1.0,-1.0,0.0,-0.3333333333333333,0.12150000000000001,-1,-1,-1,0.356862745098039,0.694117647058824,0.803921568627451
141.82808899879456,0.0,0.026333051877025115,0.03,1,1,1,0.0,0.3333333333333333,0.07174453500000001,-1,-1,-1,1.0,1.0,-1.0,0.0,-0.3333333333333333,0.12150000000000001,-1,-1,-1,0.356862745098039,0.694117647058824,0.803921568627451
141.8633508682251,0.0,0.025475013910174475,0.03,1,1,1,0.0,0.3333333333333333,0.07174453500000001,-1,-1,-1,1.0,1.0,-1.0,0.0,-0.3333333333333333,0.12150000000000001,-1,-1,-1,0.356862745098039,0.694117647058824,0.803921568627451
141.90503454208374,0.0,0.024616975943323835,0.03,1,1,1,0.0,0.3333333333333333,0.07174453500000001,-1,-1,-1,1.0,1.0,-1.0,0.0,-0.3333333333333333,0.12150000000000001,-1,-1,-1,0.356862745098039,0.694117647058824,0.803921568627451
141.94505047798157,0.0,0.023758937976473195,0.03,1,1,1,0.0,0.3333333333333333,0.07174453500000001,-1,-1,-1,1.0,1.0,-1.0,0.0,-0.3333333333333333,0.12150000000000001,-1,-1,-1,0.356862745098039,0.694117647058824,0.803921568627451
141.98028087615967,0.0,0.022900900009622555,0.03,1,1,1,0.0,0.3333333333333333,0.07174453500000001,-1,-1,-1,1.0,1.0,-1.0,0.0,-0.3333333333333333,0.12150000000000001,-1,-1,-1,0.356862745098039,0.694117647058824,0.803921568627451
142.01579999923706,0.0,0.022042862042771914,0.03,1,1,1,0.0,0.3333333333333333,0.07174453500000001,-1,-1,-1,1.0,1.0,-1.0,0.0,-0.3333333333333333,0.12150000000000001,-1,-1,-1,0.356862745098039,0.694117647058824,0.803921568627451
142.05489373207092,0.0,0.021184824075921274,0.03,1,1,1,0.0,0.3333333333333333,0.07174453500000001,-1,-1,-1,1.0,1.0,-1.0,0.0,-0.3333333333333333,0.12150000000000001,-1,-1,-1,0.356862745098039,0.694117647058824,0.803921568627451
142.08953046798706,0.0,0.020326786109070634,0.03,1,1,1,0.0,0.3333333333333333,0.07174453500000001,-1,-1,-1,1.0,1.0,-1.0,0.0,-0.3333333333333333,0.12150000000000001,-1,-1,-1,0.356862745098039,0.694117647058824,0.803921568627451
142.12737560272217,0.0,0.019468748142219994,0.03,1,1,1,0.0,0.3333333333333333,0.07174453500000001,-1,-1,-1,1.0,1.0,-1.0,0.0,-0.3333333333333333,0.12150000000000001,-1,-1,-1,0.356862745098039,0.694117647058824,0.803921568627451
142.16898584365845,0.0,0.018610710175369354,0.03,1,1,1,0.0,0.3333333333333333,0.07174453500000001,-1,-1,-1,1.0,1.0,-1.0,0.0,-0.3333333333333333,0.12150000000000001,-1,-1,-1,0.356862745098039,0.694117647058824,0.803921568627451
142.20353841781616,0.0,0.017752672208518713,0.03,1,1,1,0.0,0.3333333333333333,0.07174453500000001,-1,-1,-1,1.0,1.0,-1.0,0.0,-0.3333333333333333,0.12150000000000001,-1,-1,-1,0.356862745098039,0.694117647058824,0.803921568627451
142.23827624320984,0.0,0.016894634241668073,0.03,1,1,1,0.0,0.3333333333333333,0.07174453500000001,-1,-1,-1,1.0,1.0,-1.0,0.0,-0.3333333333333333,0.12150000000000001,-1,-1,-1,0.356862745098039,0.694117647058824,0.803921568627451
142.27283716201782,0.0,0.016036596274817433,0.03,1,1,1,0.0,0.3333333333333333,0.07174453500000001,-1,-1,-1,1.0,1.0,-1.0,0.0,-0.3333333333333333,0.12150000000000001,-1,-1,-1,0.356862745098039,0.694117647058824,0.803921568627451
142.3151285648346,0.0,0.0151785583079668,0.03,1,1,1,0.0,0.3333333333333333,0.07174453500000001,-1,-1,-1,1.0,1.0,-1.0,0.0,-0.3333333333333333,0.12150000000000001,-1,-1,-1,0.356862745098039,0.694117647058824,0.803921568627451
142.3586618900299,0.0,0.01432052034111617,0.03,1,1,1,0.0,0.3333333333333333,0.07174453500000001,-1,-1,-1,1.0,1.0,-1.0,0.0,-0.3333333333333333,0.12150000000000001,-1,-1,-1,0.356862745098039,0.694117647058824,0.803921568627451
142.39797115325928,0.0,0.013462482374265538,0.03,1,1,1,0.0,0.3333333333333333,0.07174453500000001,-1,-1,-1,1.0,1.0,-1.0,0.0,-0.3333333333333333,0.12150000000000001,-1,-1,-1,0.356862745098039,0.694117647058824,0.803921568627451
142.43300342559814,0.0,0.012196741071696156,0.03,1,1,1,0.0,0.3333333333333333,0.07174453500000001,-1,-1,-1,1.0,1.0,-1.0,0.0,-0.3333333333333333,0.12150000000000001,-1,-1,-1,0.356862745098039,0.694117647058824,0.803921568627451
142.46674466133118,0.0,0.01031944476554865,0.03,1,1,1,0.0,0.3333333333333333,0.07174453500000001,-1,-1,-1,1.0,1.0,-1.0,0.0,-0.3333333333333333,0.12150000000000001,-1,-1,-1,0.356862745098039,0.694117647058824,0.803921568627451
142.50916147232056,0.0,0.008442148459401142,0.03,1,1,1,0.0,0.3333333333333333,0.07174453500000001,-1,-1,-1,1.0,1.0,-1.0,0.0,-0.3333333333333333,0.12150000000000001,-1,-1,-1,0.356862745098039,0.694117647058824,0.803921568627451
142.5503101348877,0.0,0.006564852153253638,0.03,1,1,1,0.0,0.3333333333333333,0.07174453500000001,-1,-1,-1,1.0,1.0,-1.0,0.0,-0.3333333333333333,0.12150000000000001,-1,-1,-1,0.356862745098039,0.694117647058824,0.803921568627451
142.58516883850098,0.0,0.004687555847106135,0.03,1,1,1,0.0,0.3333333333333333,0.07174453500000001,-1,-1,-1,1.0,1.0,-1.0,0.0,-0.3333333333333333,0.12150000000000001,-1,-1,-1,0.356862745098039,0.694117647058824,0.803921568627451
142.61965370178223,0.0,0.002810259540958632,0.03,1,1,1,0.0,0.3333333333333333,0.07174453500000001,-1,-1,-1,1.0,1.0,-1.0,0.0,-0.3333333333333333,0.12150000000000001,-1,-1,-1,0.356862745098039,0.694117647058824,0.803921568627451
142.65879845619202,0.0,0.0009329632348111284,0.03,1,1,1,0.0,0.3333333333333333,0.07174453500000001,-1,-1,-1,1.0,1.0,-1.0,0.0,-0.3333333333333333,0.12150000000000001,-1,-1,-1,0.356862745098039,0.694117647058824,0.803921568627451
142.6933467388153,0.0,-0.0009443330713363754,0.03,1,1,1,0.0,0.3333333333333333,0.07174453500000001,-1,-1,-1,1.0,1.0,-1.0,0.0,-0.3333333333333333,0.12150000000000001,-1,-1,-1,0.356862745098039,0.694117647058824,0.803921568627451
142.73078155517578,0.0,-0.0028216293774838788,0.03,1,1,1,0.0,0.3333333333333333,0.07174453500000001,-1,-1,-1,1.0,1.0,-1.0,0.0,-0.3333333333333333,0.12150000000000001,-1,-1,-1,0.356862745098039,0.694117647058824,0.803921568627451
142.77219796180725,0.0,-0.004698925683631382,0.03,1,1,1,0.0,0.3333333333333333,0.07174453500000001,-1,-1,-1,1.0,1.0,-1.0,0.0,-0.3333333333333333,0.12150000000000001,-1,-1,-1,0.356862745098039,0.694117647058824,0.803921568627451
142.8070969581604,0.0,-0.006576221989778885,0.03,1,1,1,0.0,0.3333333333333333,0.07174453500000001,-1,-1,-1,1.0,1.0,-1.0,0.0,-0.3333333333333333,0.12150000000000001,-1,-1,-1,0.356862745098039,0.694117647058824,0.803921568627451
142.84153079986572,0.0,-0.00845351829592639,0.03,1,1,1,0.0,0.3333333333333333,0.07174453500000001,-1,-1,-1,1.0,1.0,-1.0,0.0,-0.3333333333333333,0.12150000000000001,-1,-1,-1,0.356862745098039,0.694117647058824,0.803921568627451
142.87618136405945,0.0,-0.010330814602073897,0.03,1,1,1,0.0,0.3333333333333333,0.07174453500000001,-1,-1,-1,1.0,1.0,-1.0,0.0,-0.3333333333333333,0.12150000000000001,-1,-1,-1,0.356862745098039,0.694117647058824,0.803921568627451
142.91068959236145,0.0,-0.012208110908221404,0.03,1,1,1,0.0,0.3333333333333333,0.07174453500000001,-1,-1,-1,1.0,1.0,-1.0,0.0,-0.3333333333333333,0.12150000000000001,-1,-1,-1,0.356862745098039,0.694117647058824,0.803921568627451
142.95247387886047,0.0,-0.014085407214368911,0.03,1,1,1,0.0,0.3333333333333333,0.07174453500000001,-1,-1,-1,1.0,1.0,-1.0,0.0,-0.3333333333333333,0.12150000000000001,-1,-1,-1,0.356862745098039,0.694117647058824,0.803921568627451
142.99634838104248,0.0,-0.01596270352051642,0.03,1,1,1,0.0,0.3333333333333333,0.07174453500000001,-1,-1,-1,1.0,1.0,-1.0,0.0,-0.3333333333333333,0.12150000000000001,-1,-1,-1,0.356862745098039,0.694117647058824,0.803921568627451
143.02963852882385,0.0,-0.017839999826663927,0.03,1,1,1,0.0,0.3333333333333333,0.07174453500000001,-1,-1,-1,1.0,1.0,-1.0,0.0,-0.3333333333333333,0.12150000000000001,-1,-1,-1,0.356862745098039,0.694117647058824,0.803921568627451
143.06329679489136,0.0,-0.019717296132811434,0.03,1,1,1,0.0,0.3333333333333333,0.07174453500000001,-1,-1,-1,1.0,1.0,-1.0,0.0,-0.3333333333333333,0.12150000000000001,-1,-1,-1,0.356862745098039,0.694117647058824,0.803921568627451
143.09815621376038,0.0,-0.02159459243895894,0.03,1,1,1,0.0,0.3333333333333333,0.07174453500000001,-1,-1,-1,1.0,1.0,-1.0,0.0,-0.3333333333333333,0.12150000000000001,-1,-1,-1,0.356862745098039,0.694117647058824,0.803921568627451
143.1328535079956,0.0,-0.02347188874510645,0.03,1,1,1,0.0,0.3333333333333333,0.07174453500000001,-1,-1,-1,1.0,1.0,-1.0,0.0,-0.3333333333333333,0.12150000000000001,-1,-1,-1,0.356862745098039,0.694117647058824,0.803921568627451
143.1677212715149,0.0,-0.025349185051253956,0.03,1,1,1,0.0,0.3333333333333333,0.07174453500000001,-1,-1,-1,1.0,1.0,-1.0,0.0,-0.3333333333333333,0.12150000000000001,-1,-1,-1,0.356862745098039,0.694117647058824,0.803921568627451
143.2098240852356,0.0,-0.027226481357401463,0.03,1,1,1,0.0,0.3333333333333333,0.07174453500000001,-1,-1,-1,1.0,1.0,-1.0,0.0,-0.3333333333333333,0.12150000000000001,-1,-1,-1,0.356862745098039,0.694117647058824,0.803921568627451
143.24447202682495,0.0,-0.02910377766354897,0.03,1,1,1,0.0,0.3333333333333333,0.07174453500000001,-1,-1,-1,1.0,1.0,-1.0,0.0,-0.3333333333333333,0.12150000000000001,-1,-1,-1,0.356862745098039,0.694117647058824,0.803921568627451
143.27918815612793,0.0,-0.03098107396969648,0.03,1,1,1,0.0,0.3333333333333333,0.07174453500000001,-1,-1,-1,1.0,1.0,-1.0,0.0,-0.3333333333333333,0.12150000000000001,-1,-1,-1,0.356862745098039,0.694117647058824,0.803921568627451
143.31437015533447,0.0,-0.03285837027584397,0.03,1,1,1,0.0,0.3333333333333333,0.07174453500000001,-1,-1,-1,1.0,1.0,-1.0,0.0,-0.3333333333333333,0.12150000000000001,-1,-1,-1,0.356862745098039,0.694117647058824,0.803921568627451
143.34856510162354,0.0,-0.03473566658199146,0.03,1,1,1,0.0,0.3333333333333333,0.07174453500000001,-1,-1,-1,1.0,1.0,-1.0,0.0,-0.3333333333333333,0.12150000000000001,-1,-1,-1,0.356862745098039,0.694117647058824,0.803921568627451
143.39074397087097,0.0,-0.03661296288813895,0.03,1,1,1,0.0,0.3333333333333333,0.07174453500000001,-1,-1,-1,1.0,1.0,-1.0,0.0,-0.3333333333333333,0.12150000000000001,-1,-1,-1,0.356862745098039,0.694117647058824,0.803921568627451
143.42557621002197,0.0,-0.03849025919428644,0.03,1,1,1,0.0,0.3333333333333333,0.07174453500000001,-1,-1,-1,1.0,1.0,-1.0,0.0,-0.3333333333333333,0.12150000000000001,-1,-1,-1,0.356862745098039,0.694117647058824,0.803921568627451
143.45982694625854,0.0,-0.04036755550043393,0.03,1,1,1,0.0,0.3333333333333333,0.07174453500000001,-1,-1,-1,1.0,1.0,-1.0,0.0,-0.3333333333333333,0.12150000000000001,-1,-1,-1,0.356862745098039,0.694117647058824,0.803921568627451
143.50879955291748,0.0,-0.04224485180658142,0.03,1,1,1,0.0,0.3333333333333333,0.07174453500000001,-1,-1,-1,1.0,1.0,-1.0,0.0,-0.3333333333333333,0.12150000000000001,-1,-1,-1,0.356862745098039,0.694117647058824,0.803921568627451
143.5429983139038,0.0,-0.04412214811272891,0.03,1,1,1,0.0,0.3333333333333333,0.07174453500000001,-1,-1,-1,1.0,1.0,-1.0,0.0,-0.3333333333333333,0.12150000000000001,-1,-1,-1,0.356862745098039,0.694117647058824,0.803921568627451
143.58513498306274,0.0,-0.0459994444188764,0.03,1,1,1,0.0,0.3333333333333333,0.07174453500000001,-1,-1,-1,1.0,1.0,-1.0,0.0,-0.3333333333333333,0.12150000000000001,-1,-1,-1,0.356862745098039,0.694117647058824,0.803921568627451
143.6195785999298,0.0,-0.04787674072502389,0.03,1,1,1,0.0,0.3333333333333333,0.07174453500000001,-1,-1,-1,1.0,1.0,-1.0,0.0,-0.3333333333333333,0.12150000000000001,-1,-1,-1,0.356862745098039,0.694117647058824,0.803921568627451
143.65417289733887,0.0,-0.046182203164108405,0.03,1,1,1,0.0,0.3333333333333333,0.07174453500000001,-1,-1,-1,1.0,1.0,-1.0,0.0,-0.3333333333333333,0.12150000000000001,-1,-1,-1,0.356862745098039,0.694117647058824,0.803921568627451
143.68944644927979,0.0,-0.04359470713642718,0.03,1,1,1,0.0,0.3333333333333333,0.07174453500000001,-1,-1,-1,1.0,1.0,-1.0,0.0,-0.3333333333333333,0.12150000000000001,-1,-1,-1,0.356862745098039,0.694117647058824,0.803921568627451
143.7236626148224,0.0,-0.04100721110874595,0.03,1,1,1,0.0,0.3333333333333333,0.07174453500000001,-1,-1,-1,1.0,1.0,-1.0,0.0,-0.3333333333333333,0.12150000000000001,-1,-1,-1,0.356862745098039,0.694117647058824,0.803921568627451
143.7582550048828,0.0,-0.038419715081064724,0.03,1,1,1,0.0,0.3333333333333333,0.07174453500000001,-1,-1,-1,1.0,1.0,-1.0,0.0,-0.3333333333333333,0.12150000000000001,-1,-1,-1,0.356862745098039,0.694117647058824,0.803921568627451
143.80100226402283,0.0,-0.0358322190533835,0.03,1,1,1,0.0,0.3333333333333333,0.07174453500000001,-1,-1,-1,1.0,1.0,-1.0,0.0,-0.3333333333333333,0.12150000000000001,-1,-1,-1,0.356862745098039,0.694117647058824,0.803921568627451
143.83473873138428,0.0,-0.03324472302570227,0.03,1,1,1,0.0,0.3333333333333333,0.07174453500000001,-1,-1,-1,1.0,1.0,-1.0,0.0,-0.3333333333333333,0.12150000000000001,-1,-1,-1,0.356862745098039,0.694117647058824,0.803921568627451
143.86947417259216,0.0,-0.03065722699802104,0.03,1,1,1,0.0,0.3333333333333333,0.07174453500000001,-1,-1,-1,1.0,1.0,-1.0,0.0,-0.3333333333333333,0.12150000000000001,-1,-1,-1,0.356862745098039,0.694117647058824,0.803921568627451
143.90355277061462,0.0,-0.028069730970339813,0.03,1,1,1,0.0,0.3333333333333333,0.07174453500000001,-1,-1,-1,1.0,1.0,-1.0,0.0,-0.3333333333333333,0.12150000000000001,-1,-1,-1,0.356862745098039,0.694117647058824,0.803921568627451
143.93839812278748,0.0,-0.025482234942658586,0.03,1,1,1,0.0,0.3333333333333333,0.07174453500000001,-1,-1,-1,1.0,1.0,-1.0,0.0,-0.3333333333333333,0.12150000000000001,-1,-1,-1,0.356862745098039,0.694117647058824,0.803921568627451
143.97306871414185,0.0,-0.02289473891497736,0.03,1,1,1,0.0,0.3333333333333333,0.07174453500000001,-1,-1,-1,1.0,1.0,-1.0,0.0,-0.3333333333333333,0.12150000000000001,-1,-1,-1,0.356862745098039,0.694117647058824,0.803921568627451
144.0150966644287,0.0,-0.020307242887296132,0.03,1,1,1,0.0,0.3333333333333333,0.07174453500000001,-1,-1,-1,1.0,1.0,-1.0,0.0,-0.3333333333333333,0.12150000000000001,-1,-1,-1,0.356862745098039,0.694117647058824,0.803921568627451
144.04965353012085,0.0,-0.017719746859614905,0.03,1,1,1,0.0,0.3333333333333333,0.07174453500000001,-1,-1,-1,1.0,1.0,-1.0,0.0,-0.3333333333333333,0.12150000000000001,-1,-1,-1,0.356862745098039,0.694117647058824,0.803921568627451
144.08502912521362,0.0,-0.015132250831933678,0.03,1,1,1,0.0,0.3333333333333333,0.07174453500000001,-1,-1,-1,1.0,1.0,-1.0,0.0,-0.3333333333333333,0.12150000000000001,-1,-1,-1,0.356862745098039,0.694117647058824,0.803921568627451
144.11993169784546,0.0,-0.01254475480425246,0.03,1,1,1,0.0,0.3333333333333333,0.07174453500000001,-1,-1,-1,1.0,1.0,-1.0,0.0,-0.3333333333333333,0.12150000000000001,-1,-1,-1,0.356862745098039,0.694117647058824,0.803921568627451
144.15507674217224,0.0,-0.009957258776571241,0.03,1,1,1,0.0,0.3333333333333333,0.07174453500000001,-1,-1,-1,1.0,1.0,-1.0,0.0,-0.3333333333333333,0.12150000000000001,-1,-1,-1,0.356862745098039,0.694117647058824,0.803921568627451
144.19635701179504,0.0,-0.007369762748890023,0.03,1,1,1,0.0,0.3333333333333333,0.07174453500000001,-1,-1,-1,1.0,1.0,-1.0,0.0,-0.3333333333333333,0.12150000000000001,-1,-1,-1,0.356862745098039,0.694117647058824,0.803921568627451
144.24051809310913,0.0,-0.004782266721208805,0.03,1,1,1,0.0,0.3333333333333333,0.07174453500000001,-1,-1,-1,1.0,1.0,-1.0,0.0,-0.3333333333333333,0.12150000000000001,-1,-1,-1,0.356862745098039,0.694117647058824,0.803921568627451
144.27401638031006,0.0,-0.0021947706935275847,0.03,1,1,1,0.0,0.3333333333333333,0.07174453500000001,-1,-1,-1,1.0,1.0,-1.0,0.0,-0.3333333333333333,0.12150000000000001,-1,-1,-1,0.356862745098039,0.694117647058824,0.803921568627451
144.30808973312378,0.0,0.00039272533415363544,0.03,1,1,1,0.0,0.3333333333333333,0.07174453500000001,-1,-1,-1,1.0,1.0,-1.0,0.0,-0.3333333333333333,0.12150000000000001,-1,-1,-1,0.356862745098039,0.694117647058824,0.803921568627451
144.34217762947083,0.0,0.002980221361834856,0.03,1,1,1,0.0,0.3333333333333333,0.07174453500000001,-1,-1,-1,1.0,1.0,-1.0,0.0,-0.3333333333333333,0.12150000000000001,-1,-1,-1,0.356862745098039,0.694117647058824,0.803921568627451
144.37715864181519,0.0,0.005567717389516075,0.03,1,1,1,0.0,0.3333333333333333,0.07174453500000001,-1,-1,-1,1.0,1.0,-1.0,0.0,-0.3333333333333333,0.12150000000000001,-1,-1,-1,0.356862745098039,0.694117647058824,0.803921568627451
144.42844486236572,0.0,0.008155213417197294,0.03,1,1,1,0.0,0.3333333333333333,0.07174453500000001,-1,-1,-1,1.0,1.0,-1.0,0.0,-0.3333333333333333,0.12150000000000001,-1,-1,-1,0.356862745098039,0.694117647058824,0.803921568627451
144.46701979637146,0.0,0.010742709444878512,0.03,1,1,1,0.0,0.3333333333333333,0.07174453500000001,-1,-1,-1,1.0,1.0,-1.0,0.0,-0.3333333333333333,0.12150000000000001,-1,-1,-1,0.356862745098039,0.694117647058824,0.803921568627451
144.5017228126526,0.0,0.01333020547255973,0.03,1,1,1,0.0,0.3333333333333333,0.07174453500000001,-1,-1,-1,1.0,1.0,-1.0,0.0,-0.3333333333333333,0.12150000000000001,-1,-1,-1,0.356862745098039,0.694117647058824,0.803921568627451
144.54064226150513,0.0,0.01591770150024095,0.03,1,1,1,0.0,0.3333333333333333,0.07174453500000001,-1,-1,-1,1.0,1.0,-1.0,0.0,-0.3333333333333333,0.12150000000000001,-1,-1,-1,0.356862745098039,0.694117647058824,0.803921568627451
144.57531905174255,0.0,0.018505197527922176,0.03,1,1,1,0.0,0.3333333333333333,0.07174453500000001,-1,-1,-1,1.0,1.0,-1.0,0.0,-0.3333333333333333,0.12150000000000001,-1,-1,-1,0.356862745098039,0.694117647058824,0.803921568627451
144.61289715766907,0.0,0.021092693555603403,0.03,1,1,1,0.0,0.3333333333333333,0.07174453500000001,-1,-1,-1,1.0,1.0,-1.0,0.0,-0.3333333333333333,0.12150000000000001,-1,-1,-1,0.356862745098039,0.694117647058824,0.803921568627451
144.65495991706848,0.0,0.02368018958328463,0.03,1,1,1,0.0,0.3333333333333333,0.07174453500000001,-1,-1,-1,1.0,1.0,-1.0,0.0,-0.3333333333333333,0.12150000000000001,-1,-1,-1,0.356862745098039,0.694117647058824,0.803921568627451
144.69658255577087,0.0,0.026267685610965857,0.03,1,1,1,0.0,0.3333333333333333,0.07174453500000001,-1,-1,-1,1.0,1.0,-1.0,0.0,-0.3333333333333333,0.12150000000000001,-1,-1,-1,0.356862745098039,0.694117647058824,0.803921568627451
144.73140001296997,0.0,0.028855181638647084,0.03,1,1,1,0.0,0.3333333333333333,0.07174453500000001,-1,-1,-1,1.0,1.0,-1.0,0.0,-0.3333333333333333,0.12150000000000001,-1,-1,-1,0.356862745098039,0.694117647058824,0.803921568627451
144.76555800437927,0.0,0.031442677666328314,0.03,1,1,1,0.0,0.3333333333333333,0.07174453500000001,-1,-1,-1,1.0,1.0,-1.0,0.0,-0.3333333333333333,0.12150000000000001,-1,-1,-1,0.356862745098039,0.694117647058824,0.803921568627451
144.81075429916382,0.0,0.03403017369400954,0.03,1,1,1,0.0,0.3333333333333333,0.07174453500000001,-1,-1,-1,1.0,1.0,-1.0,0.0,-0.3333333333333333,0.12150000000000001,-1,-1,-1,0.356862745098039,0.694117647058824,0.803921568627451
144.84949111938477,0.0,0.038479677473452704,0.03,1,1,1,0.0,0.3333333333333333,0.07174453500000001,-1,-1,-1,1.0,1.0,-1.0,0.0,-0.3333333333333333,0.12150000000000001,-1,-1,-1,0.356862745098039,0.694117647058824,0.803921568627451
144.89071679115295,0.0,0.04417051975407049,0.03,1,1,1,0.0,0.3333333333333333,0.07174453500000001,-1,-1,-1,1.0,1.0,-1.0,0.0,-0.3333333333333333,0.12150000000000001,-1,-1,-1,0.356862745098039,0.694117647058824,0.803921568627451
144.92568612098694,0.0,0.04986136203468828,0.03,1,1,1,0.0,0.3333333333333333,0.07174453500000001,-1,-1,-1,1.0,1.0,-1.0,0.0,-0.3333333333333333,0.12150000000000001,-1,-1,-1,0.356862745098039,0.694117647058824,0.803921568627451
144.9604012966156,0.0,0.05555220431530607,0.03,1,1,1,0.0,0.3333333333333333,0.07174453500000001,-1,-1,-1,1.0,1.0,-1.0,0.0,-0.3333333333333333,0.12150000000000001,-1,-1,-1,0.356862745098039,0.694117647058824,0.803921568627451
144.99503350257874,0.0,0.06124304659592385,0.03,1,1,1,0.0,0.3333333333333333,0.07174453500000001,-1,-1,-1,1.0,1.0,-1.0,0.0,-0.3333333333333333,0.12150000000000001,-1,-1,-1,0.356862745098039,0.694117647058824,0.803921568627451
145.03666043281555,0.0,0.06693388887654161,0.03,1,1,1,0.0,0.3333333333333333,0.07174453500000001,-1,-1,-1,1.0,1.0,-1.0,0.0,-0.3333333333333333,0.12150000000000001,-1,-1,-1,0.356862745098039,0.694117647058824,0.803921568627451
145.0808002948761,0.0,0.07262473115715937,0.03,1,1,1,0.0,0.3333333333333333,0.07174453500000001,-1,-1,-1,1.0,1.0,-1.0,0.0,-0.3333333333333333,0.12150000000000001,-1,-1,-1,0.356862745098039,0.694117647058824,0.803921568627451
145.11951804161072,0.0,0.07831557343777712,0.03,1,1,1,0.0,0.3333333333333333,0.07174453500000001,-1,-1,-1,1.0,1.0,-1.0,0.0,-0.3333333333333333,0.12150000000000001,-1,-1,-1,0.356862745098039,0.694117647058824,0.803921568627451
145.15452647209167,0.0,0.08400641571839487,0.03,1,1,1,0.0,0.3333333333333333,0.07174453500000001,-1,-1,-1,1.0,1.0,-1.0,0.0,-0.3333333333333333,0.12150000000000001,-1,-1,-1,0.356862745098039,0.694117647058824,0.803921568627451
145.18922543525696,0.0,0.08969725799901263,0.03,1,1,1,0.0,0.3333333333333333,0.07174453500000001,-1,-1,-1,1.0,1.0,-1.0,0.0,-0.3333333333333333,0.12150000000000001,-1,-1,-1,0.356862745098039,0.694117647058824,0.803921568627451
145.22401309013367,0.0,0.09538810027963038,0.03,1,1,1,0.0,0.3333333333333333,0.07174453500000001,-1,-1,-1,1.0,1.0,-1.0,0.0,-0.3333333333333333,0.12150000000000001,-1,-1,-1,0.356862745098039,0.694117647058824,0.803921568627451
145.25932359695435,0.0,0.10107894256024813,0.03,1,1,1,0.0,0.3333333333333333,0.07174453500000001,-1,-1,-1,1.0,1.0,-1.0,0.0,-0.3333333333333333,0.12150000000000001,-1,-1,-1,0.356862745098039,0.694117647058824,0.803921568627451
145.30026960372925,0.0,0.10676978484086588,0.03,1,1,1,0.0,0.3333333333333333,0.07174453500000001,-1,-1,-1,1.0,1.0,-1.0,0.0,-0.3333333333333333,0.12150000000000001,-1,-1,-1,0.356862745098039,0.694117647058824,0.803921568627451
145.34177923202515,0.0,0.11246062712148364,0.03,1,1,1,0.0,0.3333333333333333,0.07174453500000001,-1,-1,-1,1.0,1.0,-1.0,0.0,-0.3333333333333333,0.12150000000000001,-1,-1,-1,0.356862745098039,0.694117647058824,0.803921568627451
145.37615418434143,0.0,0.11815146940210139,0.03,1,1,1,0.0,0.3333333333333333,0.07174453500000001,-1,-1,-1,1.0,1.0,-1.0,0.0,-0.3333333333333333,0.12150000000000001,-1,-1,-1,0.356862745098039,0.694117647058824,0.803921568627451
145.41566252708435,0.0,0.12384231168271911,0.03,1,1,1,0.0,0.3333333333333333,0.07174453500000001,-1,-1,-1,1.0,1.0,-1.0,0.0,-0.3333333333333333,0.12150000000000001,-1,-1,-1,0.356862745098039,0.694117647058824,0.803921568627451
145.45035767555237,0.0,0.12953315396333687,0.03,1,1,1,0.0,0.3333333333333333,0.07174453500000001,-1,-1,-1,1.0,1.0,-1.0,0.0,-0.3333333333333333,0.12150000000000001,-1,-1,-1,0.356862745098039,0.694117647058824,0.803921568627451
145.48811626434326,0.0,0.13522399624395462,0.03,1,1,1,0.0,0.3333333333333333,0.07174453500000001,-1,-1,-1,1.0,1.0,-1.0,0.0,-0.3333333333333333,0.12150000000000001,-1,-1,-1,0.356862745098039,0.694117647058824,0.803921568627451
145.53021550178528,0.0,0.14091483852457237,0.03,1,1,1,0.0,0.3333333333333333,0.07174453500000001,-1,-1,-1,1.0,1.0,-1.0,0.0,-0.3333333333333333,0.12150000000000001,-1,-1,-1,0.356862745098039,0.694117647058824,0.803921568627451
145.5643434524536,0.0,0.14660568080519013,0.03,1,1,1,0.0,0.3333333333333333,0.07174453500000001,-1,-1,-1,1.0,1.0,-1.0,0.0,-0.3333333333333333,0.12150000000000001,-1,-1,-1,0.356862745098039,0.694117647058824,0.803921568627451
145.59882950782776,0.0,0.15229652308580788,0.03,1,1,1,0.0,0.3333333333333333,0.07174453500000001,-1,-1,-1,1.0,1.0,-1.0,0.0,-0.3333333333333333,0.12150000000000001,-1,-1,-1,0.356862745098039,0.694117647058824,0.803921568627451
145.6338713169098,0.0,0.15798736536642563,0.03,1,1,1,0.0,0.3333333333333333,0.07174453500000001,-1,-1,-1,1.0,1.0,-1.0,0.0,-0.3333333333333333,0.12150000000000001,-1,-1,-1,0.356862745098039,0.694117647058824,0.803921568627451
145.6687455177307,0.0,0.16367820764704338,0.03,1,1,1,0.0,0.3333333333333333,0.07174453500000001,-1,-1,-1,1.0,1.0,-1.0,0.0,-0.3333333333333333,0.12150000000000001,-1,-1,-1,0.356862745098039,0.694117647058824,0.803921568627451
145.7102391719818,0.0,0.16936904992766114,0.03,1,1,1,0.0,0.3333333333333333,0.07174453500000001,-1,-1,-1,1.0,1.0,-1.0,0.0,-0.3333333333333333,0.12150000000000001,-1,-1,-1,0.356862745098039,0.694117647058824,0.803921568627451
145.75322008132935,0.0,0.1750598922082789,0.03,1,1,1,0.0,0.3333333333333333,0.07174453500000001,-1,-1,-1,1.0,1.0,-1.0,0.0,-0.3333333333333333,0.12150000000000001,-1,-1,-1,0.356862745098039,0.694117647058824,0.803921568627451
145.78592610359192,0.0,0.18075073448889664,0.03,1,1,1,0.0,0.3333333333333333,0.07174453500000001,-1,-1,-1,1.0,1.0,-1.0,0.0,-0.3333333333333333,0.12150000000000001,-1,-1,-1,0.356862745098039,0.694117647058824,0.803921568627451
145.82033848762512,0.0,0.1864415767695144,0.03,1,1,1,0.0,0.3333333333333333,0.07174453500000001,-1,-1,-1,1.0,1.0,-1.0,0.0,-0.3333333333333333,0.12150000000000001,-1,-1,-1,0.356862745098039,0.694117647058824,0.803921568627451
145.8555507659912,0.0,0.19213241905013215,0.03,1,1,1,0.0,0.3333333333333333,0.07174453500000001,-1,-1,-1,1.0,1.0,-1.0,0.0,-0.3333333333333333,0.12150000000000001,-1,-1,-1,0.356862745098039,0.694117647058824,0.803921568627451
145.89001846313477,0.0,0.1978232613307499,0.03,1,1,1,0.0,0.3333333333333333,0.07174453500000001,-1,-1,-1,1.0,1.0,-1.0,0.0,-0.3333333333333333,0.12150000000000001,-1,-1,-1,0.356862745098039,0.694117647058824,0.803921568627451
145.93200159072876,0.0,0.20351410361136765,0.03,1,1,1,0.0,0.3333333333333333,0.07174453500000001,-1,-1,-1,1.0,1.0,-1.0,0.0,-0.3333333333333333,0.12150000000000001,-1,-1,-1,0.356862745098039,0.694117647058824,0.803921568627451
145.9666473865509,0.0,0.2092049458919854,0.03,1,1,1,0.0,0.3333333333333333,0.07174453500000001,-1,-1,-1,1.0,1.0,-1.0,0.0,-0.3333333333333333,0.12150000000000001,-1,-1,-1,0.356862745098039,0.694117647058824,0.803921568627451
146.0014510154724,0.0,0.21489578817260316,0.03,1,1,1,0.0,0.3333333333333333,0.07174453500000001,-1,-1,-1,1.0,1.0,-1.0,0.0,-0.3333333333333333,0.12150000000000001,-1,-1,-1,0.356862745098039,0.694117647058824,0.803921568627451
146.0367088317871,0.0,0.21888738779125794,0.03,1,1,1,0.0,0.3333333333333333,0.07174453500000001,-1,-1,-1,1.0,1.0,-1.0,0.0,-0.3333333333333333,0.12150000000000001,-1,-1,-1,0.356862745098039,0.694117647058824,0.803921568627451
146.07141399383545,0.0,0.21608201676206082,0.03,1,1,1,0.0,0.3333333333333333,0.07174453500000001,-1,-1,-1,1.0,1.0,-1.0,0.0,-0.3333333333333333,0.12150000000000001,-1,-1,-1,0.356862745098039,0.694117647058824,0.803921568627451
146.11269354820251,0.0,0.2132766457328637,0.03,1,1,1,0.0,0.3333333333333333,0.07174453500000001,-1,-1,-1,1.0,1.0,-1.0,0.0,-0.3333333333333333,0.12150000000000001,-1,-1,-1,0.356862745098039,0.694117647058824,0.803921568627451
146.14747977256775,0.0,0.21047127470366658,0.03,1,1,1,0.0,0.3333333333333333,0.07174453500000001,-1,-1,-1,1.0,1.0,-1.0,0.0,-0.3333333333333333,0.12150000000000001,-1,-1,-1,0.356862745098039,0.694117647058824,0.803921568627451
146.1818413734436,0.0,0.20766590367446947,0.03,1,1,1,0.0,0.3333333333333333,0.07174453500000001,-1,-1,-1,1.0,1.0,-1.0,0.0,-0.3333333333333333,0.12150000000000001,-1,-1,-1,0.356862745098039,0.694117647058824,0.803921568627451
146.21641039848328,0.0,0.20486053264527235,0.03,1,1,1,0.0,0.3333333333333333,0.07174453500000001,-1,-1,-1,1.0,1.0,-1.0,0.0,-0.3333333333333333,0.12150000000000001,-1,-1,-1,0.356862745098039,0.694117647058824,0.803921568627451
146.25445580482483,0.0,0.20205516161607523,0.03,1,1,1,0.0,0.3333333333333333,0.07174453500000001,-1,-1,-1,1.0,1.0,-1.0,0.0,-0.3333333333333333,0.12150000000000001,-1,-1,-1,0.356862745098039,0.694117647058824,0.803921568627451
146.2891047000885,0.0,0.1992497905868781,0.03,1,1,1,0.0,0.3333333333333333,0.07174453500000001,-1,-1,-1,1.0,1.0,-1.0,0.0,-0.3333333333333333,0.12150000000000001,-1,-1,-1,0.356862745098039,0.694117647058824,0.803921568627451
146.3276789188385,0.0,0.196444419557681,0.03,1,1,1,0.0,0.3333333333333333,0.07174453500000001,-1,-1,-1,1.0,1.0,-1.0,0.0,-0.3333333333333333,0.12150000000000001,-1,-1,-1,0.356862745098039,0.694117647058824,0.803921568627451
146.3622109889984,0.0,0.19363904852848388,0.03,1,1,1,0.0,0.3333333333333333,0.07174453500000001,-1,-1,-1,1.0,1.0,-1.0,0.0,-0.3333333333333333,0.12150000000000001,-1,-1,-1,0.356862745098039,0.694117647058824,0.803921568627451
146.39658737182617,0.0,0.19083367749928676,0.03,1,1,1,0.0,0.3333333333333333,0.07174453500000001,-1,-1,-1,1.0,1.0,-1.0,0.0,-0.3333333333333333,0.12150000000000001,-1,-1,-1,0.356862745098039,0.694117647058824,0.803921568627451
146.43248963356018,0.0,0.18802830647008964,0.03,1,1,1,0.0,0.3333333333333333,0.07174453500000001,-1,-1,-1,1.0,1.0,-1.0,0.0,-0.3333333333333333,0.12150000000000001,-1,-1,-1,0.356862745098039,0.694117647058824,0.803921568627451
146.46611046791077,0.0,0.18522293544089252,0.03,1,1,1,0.0,0.3333333333333333,0.07174453500000001,-1,-1,-1,1.0,1.0,-1.0,0.0,-0.3333333333333333,0.12150000000000001,-1,-1,-1,0.356862745098039,0.694117647058824,0.803921568627451
146.50892281532288,0.0,0.1824175644116954,0.03,1,1,1,0.0,0.3333333333333333,0.07174453500000001,-1,-1,-1,1.0,1.0,-1.0,0.0,-0.3333333333333333,0.12150000000000001,-1,-1,-1,0.356862745098039,0.694117647058824,0.803921568627451
146.5499985218048,0.0,0.1796121933824983,0.03,1,1,1,0.0,0.3333333333333333,0.07174453500000001,-1,-1,-1,1.0,1.0,-1.0,0.0,-0.3333333333333333,0.12150000000000001,-1,-1,-1,0.356862745098039,0.694117647058824,0.803921568627451
146.58491778373718,0.0,0.17680682235330117,0.03,1,1,1,0.0,0.3333333333333333,0.07174453500000001,-1,-1,-1,1.0,1.0,-1.0,0.0,-0.3333333333333333,0.12150000000000001,-1,-1,-1,0.356862745098039,0.694117647058824,0.803921568627451
146.62380194664001,0.0,0.17400145132410405,0.03,1,1,1,0.0,0.3333333333333333,0.07174453500000001,-1,-1,-1,1.0,1.0,-1.0,0.0,-0.3333333333333333,0.12150000000000001,-1,-1,-1,0.356862745098039,0.694117647058824,0.803921568627451
146.65831851959229,0.0,0.17119608029490693,0.03,1,1,1,0.0,0.3333333333333333,0.07174453500000001,-1,-1,-1,1.0,1.0,-1.0,0.0,-0.3333333333333333,0.12150000000000001,-1,-1,-1,0.356862745098039,0.694117647058824,0.803921568627451
146.69570922851562,0.0,0.16839070926570981,0.03,1,1,1,0.0,0.3333333333333333,0.07174453500000001,-1,-1,-1,1.0,1.0,-1.0,0.0,-0.3333333333333333,0.12150000000000001,-1,-1,-1,0.356862745098039,0.694117647058824,0.803921568627451
146.7379186153412,0.0,0.1655853382365127,0.03,1,1,1,0.0,0.3333333333333333,0.07174453500000001,-1,-1,-1,1.0,1.0,-1.0,0.0,-0.3333333333333333,0.12150000000000001,-1,-1,-1,0.356862745098039,0.694117647058824,0.803921568627451
146.77198123931885,0.0,0.16277996720731558,0.03,1,1,1,0.0,0.3333333333333333,0.07174453500000001,-1,-1,-1,1.0,1.0,-1.0,0.0,-0.3333333333333333,0.12150000000000001,-1,-1,-1,0.356862745098039,0.694117647058824,0.803921568627451
146.8070032596588,0.0,0.15997459617811846,0.03,1,1,1,0.0,0.3333333333333333,0.07174453500000001,-1,-1,-1,1.0,1.0,-1.0,0.0,-0.3333333333333333,0.12150000000000001,-1,-1,-1,0.356862745098039,0.694117647058824,0.803921568627451
146.84152960777283,0.0,0.15716922514892134,0.03,1,1,1,0.0,0.3333333333333333,0.07174453500000001,-1,-1,-1,1.0,1.0,-1.0,0.0,-0.3333333333333333,0.12150000000000001,-1,-1,-1,0.356862745098039,0.694117647058824,0.803921568627451
146.8834753036499,0.0,0.15436385411972423,0.03,1,1,1,0.0,0.3333333333333333,0.07174453500000001,-1,-1,-1,1.0,1.0,-1.0,0.0,-0.3333333333333333,0.12150000000000001,-1,-1,-1,0.356862745098039,0.694117647058824,0.803921568627451
146.91807055473328,0.0,0.1515584830905271,0.03,1,1,1,0.0,0.3333333333333333,0.07174453500000001,-1,-1,-1,1.0,1.0,-1.0,0.0,-0.3333333333333333,0.12150000000000001,-1,-1,-1,0.356862745098039,0.694117647058824,0.803921568627451
146.95286321640015,0.0,0.14875311206133,0.03,1,1,1,0.0,0.3333333333333333,0.07174453500000001,-1,-1,-1,1.0,1.0,-1.0,0.0,-0.3333333333333333,0.12150000000000001,-1,-1,-1,0.356862745098039,0.694117647058824,0.803921568627451
146.98726153373718,0.0,0.14594774103213287,0.03,1,1,1,0.0,0.3333333333333333,0.07174453500000001,-1,-1,-1,1.0,1.0,-1.0,0.0,-0.3333333333333333,0.12150000000000001,-1,-1,-1,0.356862745098039,0.694117647058824,0.803921568627451
147.02608966827393,0.0,0.14314237000293575,0.03,1,1,1,0.0,0.3333333333333333,0.07174453500000001,-1,-1,-1,1.0,1.0,-1.0,0.0,-0.3333333333333333,0.12150000000000001,-1,-1,-1,0.356862745098039,0.694117647058824,0.803921568627451
147.0606496334076,0.0,0.14033699897373864,0.03,1,1,1,0.0,0.3333333333333333,0.07174453500000001,-1,-1,-1,1.0,1.0,-1.0,0.0,-0.3333333333333333,0.12150000000000001,-1,-1,-1,0.356862745098039,0.694117647058824,0.803921568627451
147.09877753257751,0.0,0.13753162794454152,0.03,1,1,1,0.0,0.3333333333333333,0.07174453500000001,-1,-1,-1,1.0,1.0,-1.0,0.0,-0.3333333333333333,0.12150000000000001,-1,-1,-1,0.356862745098039,0.694117647058824,0.803921568627451
147.13366198539734,0.0,0.1347262569153444,0.03,1,1,1,0.0,0.3333333333333333,0.07174453500000001,-1,-1,-1,1.0,1.0,-1.0,0.0,-0.3333333333333333,0.12150000000000001,-1,-1,-1,0.356862745098039,0.694117647058824,0.803921568627451
147.16780996322632,0.0,0.13192088588614728,0.03,1,1,1,0.0,0.3333333333333333,0.07174453500000001,-1,-1,-1,1.0,1.0,-1.0,0.0,-0.3333333333333333,0.12150000000000001,-1,-1,-1,0.356862745098039,0.694117647058824,0.803921568627451
147.20285844802856,0.0,0.12911551485695016,0.03,1,1,1,0.0,0.3333333333333333,0.07174453500000001,-1,-1,-1,1.0,1.0,-1.0,0.0,-0.3333333333333333,0.12150000000000001,-1,-1,-1,0.356862745098039,0.694117647058824,0.803921568627451
147.23847198486328,0.0,0.12582449845928417,0.03,1,1,1,0.0,0.3333333333333333,0.07174453500000001,-1,-1,-1,1.0,1.0,-1.0,0.0,-0.3333333333333333,0.12150000000000001,-1,-1,-1,0.356862745098039,0.694117647058824,0.803921568627451
147.27258563041687,0.0,0.12059090058774263,0.03,1,1,1,0.0,0.3333333333333333,0.07174453500000001,-1,-1,-1,1.0,1.0,-1.0,0.0,-0.3333333333333333,0.12150000000000001,-1,-1,-1,0.356862745098039,0.694117647058824,0.803921568627451
147.3149070739746,0.0,0.1153573027162011,0.03,1,1,1,0.0,0.3333333333333333,0.07174453500000001,-1,-1,-1,1.0,1.0,-1.0,0.0,-0.3333333333333333,0.12150000000000001,-1,-1,-1,0.356862745098039,0.694117647058824,0.803921568627451
147.3491780757904,0.0,0.11012370484465954,0.03,1,1,1,0.0,0.3333333333333333,0.07174453500000001,-1,-1,-1,1.0,1.0,-1.0,0.0,-0.3333333333333333,0.12150000000000001,-1,-1,-1,0.356862745098039,0.694117647058824,0.803921568627451
147.3909146785736,0.0,0.10489010697311799,0.03,1,1,1,0.0,0.3333333333333333,0.07174453500000001,-1,-1,-1,1.0,1.0,-1.0,0.0,-0.3333333333333333,0.12150000000000001,-1,-1,-1,0.356862745098039,0.694117647058824,0.803921568627451
147.43237924575806,0.0,0.09965650910157643,0.03,1,1,1,0.0,0.3333333333333333,0.07174453500000001,-1,-1,-1,1.0,1.0,-1.0,0.0,-0.3333333333333333,0.12150000000000001,-1,-1,-1,0.356862745098039,0.694117647058824,0.803921568627451
147.4664545059204,0.0,0.09442291123003488,0.03,1,1,1,0.0,0.3333333333333333,0.07174453500000001,-1,-1,-1,1.0,1.0,-1.0,0.0,-0.3333333333333333,0.12150000000000001,-1,-1,-1,0.356862745098039,0.694117647058824,0.803921568627451
147.50153708457947,0.0,0.08918931335849332,0.03,1,1,1,0.0,0.3333333333333333,0.07174453500000001,-1,-1,-1,1.0,1.0,-1.0,0.0,-0.3333333333333333,0.12150000000000001,-1,-1,-1,0.356862745098039,0.694117647058824,0.803921568627451
147.54317545890808,0.0,0.08395571548695177,0.03,1,1,1,0.0,0.3333333333333333,0.07174453500000001,-1,-1,-1,1.0,1.0,-1.0,0.0,-0.3333333333333333,0.12150000000000001,-1,-1,-1,0.356862745098039,0.694117647058824,0.803921568627451
147.5776333808899,0.0,0.07872211761541022,0.03,1,1,1,0.0,0.3333333333333333,0.07174453500000001,-1,-1,-1,1.0,1.0,-1.0,0.0,-0.3333333333333333,0.12150000000000001,-1,-1,-1,0.356862745098039,0.694117647058824,0.803921568627451
147.6128692626953,0.0,0.07348851974386866,0.03,1,1,1,0.0,0.3333333333333333,0.07174453500000001,-1,-1,-1,1.0,1.0,-1.0,0.0,-0.3333333333333333,0.12150000000000001,-1,-1,-1,0.356862745098039,0.694117647058824,0.803921568627451
147.64810752868652,0.0,0.06825492187232711,0.03,1,1,1,0.0,0.3333333333333333,0.07174453500000001,-1,-1,-1,1.0,1.0,-1.0,0.0,-0.3333333333333333,0.12150000000000001,-1,-1,-1,0.356862745098039,0.694117647058824,0.803921568627451
147.6899871826172,0.0,0.06302132400078556,0.03,1,1,1,0.0,0.3333333333333333,0.07174453500000001,-1,-1,-1,1.0,1.0,-1.0,0.0,-0.3333333333333333,0.12150000000000001,-1,-1,-1,0.356862745098039,0.694117647058824,0.803921568627451
147.73382115364075,0.0,0.05778772612924404,0.03,1,1,1,0.0,0.3333333333333333,0.07174453500000001,-1,-1,-1,1.0,1.0,-1.0,0.0,-0.3333333333333333,0.12150000000000001,-1,-1,-1,0.356862745098039,0.694117647058824,0.803921568627451
147.7727563381195,0.0,0.05255412825770252,0.03,1,1,1,0.0,0.3333333333333333,0.07174453500000001,-1,-1,-1,1.0,1.0,-1.0,0.0,-0.3333333333333333,0.12150000000000001,-1,-1,-1,0.356862745098039,0.694117647058824,0.803921568627451
147.8076593875885,0.0,0.047320530386161,0.03,1,1,1,0.0,0.3333333333333333,0.07174453500000001,-1,-1,-1,1.0,1.0,-1.0,0.0,-0.3333333333333333,0.12150000000000001,-1,-1,-1,0.356862745098039,0.694117647058824,0.803921568627451
147.8422303199768,0.0,0.04208693251461948,0.03,1,1,1,0.0,0.3333333333333333,0.07174453500000001,-1,-1,-1,1.0,1.0,-1.0,0.0,-0.3333333333333333,0.12150000000000001,-1,-1,-1,0.356862745098039,0.694117647058824,0.803921568627451
147.88476872444153,0.0,0.03685333464307796,0.03,1,1,1,0.0,0.3333333333333333,0.07174453500000001,-1,-1,-1,1.0,1.0,-1.0,0.0,-0.3333333333333333,0.12150000000000001,-1,-1,-1,0.356862745098039,0.694117647058824,0.803921568627451
147.92575359344482,0.0,0.03161973677153644,0.03,1,1,1,0.0,0.3333333333333333,0.07174453500000001,-1,-1,-1,1.0,1.0,-1.0,0.0,-0.3333333333333333,0.12150000000000001,-1,-1,-1,0.356862745098039,0.694117647058824,0.803921568627451
147.96986484527588,0.0,0.026386138899994905,0.03,1,1,1,0.0,0.3333333333333333,0.07174453500000001,-1,-1,-1,1.0,1.0,-1.0,0.0,-0.3333333333333333,0.12150000000000001,-1,-1,-1,0.356862745098039,0.694117647058824,0.803921568627451
148.00910639762878,0.0,0.02115254102845337,0.03,1,1,1,0.0,0.3333333333333333,0.07174453500000001,-1,-1,-1,1.0,1.0,-1.0,0.0,-0.3333333333333333,0.12150000000000001,-1,-1,-1,0.356862745098039,0.694117647058824,0.803921568627451
148.04361939430237,0.0,0.015918943156911832,0.03,1,1,1,0.0,0.3333333333333333,0.07174453500000001,-1,-1,-1,1.0,1.0,-1.0,0.0,-0.3333333333333333,0.12150000000000001,-1,-1,-1,0.356862745098039,0.694117647058824,0.803921568627451
148.0857708454132,0.0,0.010685345285370303,0.03,1,1,1,0.0,0.3333333333333333,0.07174453500000001,-1,-1,-1,1.0,1.0,-1.0,0.0,-0.3333333333333333,0.12150000000000001,-1,-1,-1,0.356862745098039,0.694117647058824,0.803921568627451
148.12723112106323,0.0,0.005451747413828772,0.03,1,1,1,0.0,0.3333333333333333,0.07174453500000001,-1,-1,-1,1.0,1.0,-1.0,0.0,-0.3333333333333333,0.12150000000000001,-1,-1,-1,0.356862745098039,0.694117647058824,0.803921568627451
148.1617307662964,0.0,0.00021814954228724067,0.03,1,1,1,0.0,0.3333333333333333,0.07174453500000001,-1,-1,-1,1.0,1.0,-1.0,0.0,-0.3333333333333333,0.12150000000000001,-1,-1,-1,0.356862745098039,0.694117647058824,0.803921568627451
148.19630932807922,0.0,-0.005015448329254291,0.03,1,1,1,0.0,0.3333333333333333,0.07174453500000001,-1,-1,-1,1.0,1.0,-1.0,0.0,-0.3333333333333333,0.12150000000000001,-1,-1,-1,0.356862745098039,0.694117647058824,0.803921568627451
148.23522186279297,0.0,-0.01024904620079582,0.03,1,1,1,0.0,0.3333333333333333,0.07174453500000001,-1,-1,-1,1.0,1.0,-1.0,0.0,-0.3333333333333333,0.12150000000000001,-1,-1,-1,0.356862745098039,0.694117647058824,0.803921568627451
148.2701404094696,0.0,-0.015482644072337348,0.03,1,1,1,0.0,0.3333333333333333,0.07174453500000001,-1,-1,-1,1.0,1.0,-1.0,0.0,-0.3333333333333333,0.12150000000000001,-1,-1,-1,0.356862745098039,0.694117647058824,0.803921568627451
148.30744290351868,0.0,-0.020716241943878885,0.03,1,1,1,0.0,0.3333333333333333,0.07174453500000001,-1,-1,-1,1.0,1.0,-1.0,0.0,-0.3333333333333333,0.12150000000000001,-1,-1,-1,0.356862745098039,0.694117647058824,0.803921568627451
148.3492410182953,0.0,-0.02594983981542042,0.03,1,1,1,0.0,0.3333333333333333,0.07174453500000001,-1,-1,-1,1.0,1.0,-1.0,0.0,-0.3333333333333333,0.12150000000000001,-1,-1,-1,0.356862745098039,0.694117647058824,0.803921568627451
148.38370180130005,0.0,-0.031183437686961957,0.03,1,1,1,0.0,0.3333333333333333,0.07174453500000001,-1,-1,-1,1.0,1.0,-1.0,0.0,-0.3333333333333333,0.12150000000000001,-1,-1,-1,0.356862745098039,0.694117647058824,0.803921568627451
148.4186623096466,0.0,-0.03641703555850348,0.03,1,1,1,0.0,0.3333333333333333,0.07174453500000001,-1,-1,-1,1.0,1.0,-1.0,0.0,-0.3333333333333333,0.12150000000000001,-1,-1,-1,0.356862745098039,0.694117647058824,0.803921568627451
148.4535095691681,0.0,-0.036462476132762905,0.03,1,1,1,0.0,0.3333333333333333,0.07174453500000001,-1,-1,-1,1.0,1.0,-1.0,0.0,-0.3333333333333333,0.12150000000000001,-1,-1,-1,0.356862745098039,0.694117647058824,0.803921568627451
148.4877483844757,0.0,-0.033049145175500935,0.03,1,1,1,0.0,0.3333333333333333,0.07174453500000001,-1,-1,-1,1.0,1.0,-1.0,0.0,-0.3333333333333333,0.12150000000000001,-1,-1,-1,0.356862745098039,0.694117647058824,0.803921568627451
148.5384042263031,0.0,-0.029635814218238944,0.03,1,1,1,0.0,0.3333333333333333,0.07174453500000001,-1,-1,-1,1.0,1.0,-1.0,0.0,-0.3333333333333333,0.12150000000000001,-1,-1,-1,0.356862745098039,0.694117647058824,0.803921568627451
148.57302904129028,0.0,-0.026222483260976957,0.03,1,1,1,0.0,0.3333333333333333,0.07174453500000001,-1,-1,-1,1.0,1.0,-1.0,0.0,-0.3333333333333333,0.12150000000000001,-1,-1,-1,0.356862745098039,0.694117647058824,0.803921568627451
148.60608887672424,0.0,-0.02280915230371497,0.03,1,1,1,0.0,0.3333333333333333,0.07174453500000001,-1,-1,-1,1.0,1.0,-1.0,0.0,-0.3333333333333333,0.12150000000000001,-1,-1,-1,0.356862745098039,0.694117647058824,0.803921568627451
148.6410391330719,0.0,-0.01939582134645298,0.03,1,1,1,0.0,0.3333333333333333,0.07174453500000001,-1,-1,-1,1.0,1.0,-1.0,0.0,-0.3333333333333333,0.12150000000000001,-1,-1,-1,0.356862745098039,0.694117647058824,0.803921568627451
148.67567086219788,0.0,-0.015982490389190994,0.03,1,1,1,0.0,0.3333333333333333,0.07174453500000001,-1,-1,-1,1.0,1.0,-1.0,0.0,-0.3333333333333333,0.12150000000000001,-1,-1,-1,0.356862745098039,0.694117647058824,0.803921568627451
148.72397351264954,0.0,-0.012569159431929013,0.03,1,1,1,0.0,0.3333333333333333,0.07174453500000001,-1,-1,-1,1.0,1.0,-1.0,0.0,-0.3333333333333333,0.12150000000000001,-1,-1,-1,0.356862745098039,0.694117647058824,0.803921568627451
148.76525926589966,0.0,-0.009155828474667034,0.03,1,1,1,0.0,0.3333333333333333,0.07174453500000001,-1,-1,-1,1.0,1.0,-1.0,0.0,-0.3333333333333333,0.12150000000000001,-1,-1,-1,0.356862745098039,0.694117647058824,0.803921568627451
148.80037260055542,0.0,-0.0057424975174050555,0.03,1,1,1,0.0,0.3333333333333333,0.07174453500000001,-1,-1,-1,1.0,1.0,-1.0,0.0,-0.3333333333333333,0.12150000000000001,-1,-1,-1,0.356862745098039,0.694117647058824,0.803921568627451
148.83516836166382,0.0,-0.0023291665601430753,0.03,1,1,1,0.0,0.3333333333333333,0.07174453500000001,-1,-1,-1,1.0,1.0,-1.0,0.0,-0.3333333333333333,0.12150000000000001,-1,-1,-1,0.356862745098039,0.694117647058824,0.803921568627451
148.87481689453125,0.0,0.0010841643971189053,0.03,1,1,1,0.0,0.3333333333333333,0.07174453500000001,-1,-1,-1,1.0,1.0,-1.0,0.0,-0.3333333333333333,0.12150000000000001,-1,-1,-1,0.356862745098039,0.694117647058824,0.803921568627451
148.90944862365723,0.0,0.0044974953543808855,0.03,1,1,1,0.0,0.3333333333333333,0.07174453500000001,-1,-1,-1,1.0,1.0,-1.0,0.0,-0.3333333333333333,0.12150000000000001,-1,-1,-1,0.356862745098039,0.694117647058824,0.803921568627451
148.94575786590576,0.0,0.007910826311642865,0.03,1,1,1,0.0,0.3333333333333333,0.07174453500000001,-1,-1,-1,1.0,1.0,-1.0,0.0,-0.3333333333333333,0.12150000000000001,-1,-1,-1,0.356862745098039,0.694117647058824,0.803921568627451
148.98713374137878,0.0,0.011324157268904844,0.03,1,1,1,0.0,0.3333333333333333,0.07174453500000001,-1,-1,-1,1.0,1.0,-1.0,0.0,-0.3333333333333333,0.12150000000000001,-1,-1,-1,0.356862745098039,0.694117647058824,0.803921568627451
149.0223536491394,0.0,0.014737488226166823,0.03,1,1,1,0.0,0.3333333333333333,0.07174453500000001,-1,-1,-1,1.0,1.0,-1.0,0.0,-0.3333333333333333,0.12150000000000001,-1,-1,-1,0.356862745098039,0.694117647058824,0.803921568627451
149.0570969581604,0.0,0.01815081918342881,0.03,1,1,1,0.0,0.3333333333333333,0.07174453500000001,-1,-1,-1,1.0,1.0,-1.0,0.0,-0.3333333333333333,0.12150000000000001,-1,-1,-1,0.356862745098039,0.694117647058824,0.803921568627451
149.09199357032776,0.0,0.021564150140690796,0.03,1,1,1,0.0,0.3333333333333333,0.07174453500000001,-1,-1,-1,1.0,1.0,-1.0,0.0,-0.3333333333333333,0.12150000000000001,-1,-1,-1,0.356862745098039,0.694117647058824,0.803921568627451
149.12639045715332,0.0,0.024977481097952784,0.03,1,1,1,0.0,0.3333333333333333,0.07174453500000001,-1,-1,-1,1.0,1.0,-1.0,0.0,-0.3333333333333333,0.12150000000000001,-1,-1,-1,0.356862745098039,0.694117647058824,0.803921568627451
149.16801834106445,0.0,0.02839081205521477,0.03,1,1,1,0.0,0.3333333333333333,0.07174453500000001,-1,-1,-1,1.0,1.0,-1.0,0.0,-0.3333333333333333,0.12150000000000001,-1,-1,-1,0.356862745098039,0.694117647058824,0.803921568627451
149.20303583145142,0.0,0.03180414301247675,0.03,1,1,1,0.0,0.3333333333333333,0.07174453500000001,-1,-1,-1,1.0,1.0,-1.0,0.0,-0.3333333333333333,0.12150000000000001,-1,-1,-1,0.356862745098039,0.694117647058824,0.803921568627451
149.23807191848755,0.0,0.03521747396973872,0.03,1,1,1,0.0,0.3333333333333333,0.07174453500000001,-1,-1,-1,1.0,1.0,-1.0,0.0,-0.3333333333333333,0.12150000000000001,-1,-1,-1,0.356862745098039,0.694117647058824,0.803921568627451
149.27203035354614,0.0,0.03863080492700069,0.03,1,1,1,0.0,0.3333333333333333,0.07174453500000001,-1,-1,-1,1.0,1.0,-1.0,0.0,-0.3333333333333333,0.12150000000000001,-1,-1,-1,0.356862745098039,0.694117647058824,0.803921568627451
149.31005716323853,0.0,0.04204413588426266,0.03,1,1,1,0.0,0.3333333333333333,0.07174453500000001,-1,-1,-1,1.0,1.0,-1.0,0.0,-0.3333333333333333,0.12150000000000001,-1,-1,-1,0.356862745098039,0.694117647058824,0.803921568627451
149.3447186946869,0.0,0.04545746684152463,0.03,1,1,1,0.0,0.3333333333333333,0.07174453500000001,-1,-1,-1,1.0,1.0,-1.0,0.0,-0.3333333333333333,0.12150000000000001,-1,-1,-1,0.356862745098039,0.694117647058824,0.803921568627451
149.38225102424622,0.0,0.0488707977987866,0.03,1,1,1,0.0,0.3333333333333333,0.07174453500000001,-1,-1,-1,1.0,1.0,-1.0,0.0,-0.3333333333333333,0.12150000000000001,-1,-1,-1,0.356862745098039,0.694117647058824,0.803921568627451
149.4179971218109,0.0,0.05228412875604857,0.03,1,1,1,0.0,0.3333333333333333,0.07174453500000001,-1,-1,-1,1.0,1.0,-1.0,0.0,-0.3333333333333333,0.12150000000000001,-1,-1,-1,0.356862745098039,0.694117647058824,0.803921568627451
149.45257782936096,0.0,0.05569745971331054,0.03,1,1,1,0.0,0.3333333333333333,0.07174453500000001,-1,-1,-1,1.0,1.0,-1.0,0.0,-0.3333333333333333,0.12150000000000001,-1,-1,-1,0.356862745098039,0.694117647058824,0.803921568627451
149.48729515075684,0.0,0.05911079067057251,0.03,1,1,1,0.0,0.3333333333333333,0.07174453500000001,-1,-1,-1,1.0,1.0,-1.0,0.0,-0.3333333333333333,0.12150000000000001,-1,-1,-1,0.356862745098039,0.694117647058824,0.803921568627451
149.52178072929382,0.0,0.06252412162783448,0.03,1,1,1,0.0,0.3333333333333333,0.07174453500000001,-1,-1,-1,1.0,1.0,-1.0,0.0,-0.3333333333333333,0.12150000000000001,-1,-1,-1,0.356862745098039,0.694117647058824,0.803921568627451
149.55666995048523,0.0,0.06593745258509645,0.03,1,1,1,0.0,0.3333333333333333,0.07174453500000001,-1,-1,-1,1.0,1.0,-1.0,0.0,-0.3333333333333333,0.12150000000000001,-1,-1,-1,0.356862745098039,0.694117647058824,0.803921568627451
149.59919619560242,0.0,0.06935078354235842,0.03,1,1,1,0.0,0.3333333333333333,0.07174453500000001,-1,-1,-1,1.0,1.0,-1.0,0.0,-0.3333333333333333,0.12150000000000001,-1,-1,-1,0.356862745098039,0.694117647058824,0.803921568627451
149.63339185714722,0.0,0.07276411449962039,0.03,1,1,1,0.0,0.3333333333333333,0.07174453500000001,-1,-1,-1,1.0,1.0,-1.0,0.0,-0.3333333333333333,0.12150000000000001,-1,-1,-1,0.356862745098039,0.694117647058824,0.803921568627451
149.675066947937,0.0,0.07691871641061314,0.03,1,1,1,0.0,0.3333333333333333,0.07174453500000001,-1,-1,-1,1.0,1.0,-1.0,0.0,-0.3333333333333333,0.12150000000000001,-1,-1,-1,0.356862745098039,0.694117647058824,0.803921568627451
149.70946884155273,0.0,0.08125863606003858,0.03,1,1,1,0.0,0.3333333333333333,0.07174453500000001,-1,-1,-1,1.0,1.0,-1.0,0.0,-0.3333333333333333,0.12150000000000001,-1,-1,-1,0.356862745098039,0.694117647058824,0.803921568627451
149.74818587303162,0.0,0.08559855570946402,0.03,1,1,1,0.0,0.3333333333333333,0.07174453500000001,-1,-1,-1,1.0,1.0,-1.0,0.0,-0.3333333333333333,0.12150000000000001,-1,-1,-1,0.356862745098039,0.694117647058824,0.803921568627451
149.78301453590393,0.0,0.08993847535888946,0.03,1,1,1,0.0,0.3333333333333333,0.07174453500000001,-1,-1,-1,1.0,1.0,-1.0,0.0,-0.3333333333333333,0.12150000000000001,-1,-1,-1,0.356862745098039,0.694117647058824,0.803921568627451
149.82102727890015,0.0,0.0942783950083149,0.03,1,1,1,0.0,0.3333333333333333,0.07174453500000001,-1,-1,-1,1.0,1.0,-1.0,0.0,-0.3333333333333333,0.12150000000000001,-1,-1,-1,0.356862745098039,0.694117647058824,0.803921568627451
149.85533905029297,0.0,0.09861831465774035,0.03,1,1,1,0.0,0.3333333333333333,0.07174453500000001,-1,-1,-1,1.0,1.0,-1.0,0.0,-0.3333333333333333,0.12150000000000001,-1,-1,-1,0.356862745098039,0.694117647058824,0.803921568627451
149.89014744758606,0.0,0.10295823430716579,0.03,1,1,1,0.0,0.3333333333333333,0.07174453500000001,-1,-1,-1,1.0,1.0,-1.0,0.0,-0.3333333333333333,0.12150000000000001,-1,-1,-1,0.356862745098039,0.694117647058824,0.803921568627451
149.92561864852905,0.0,0.10729815395659123,0.03,1,1,1,0.0,0.3333333333333333,0.07174453500000001,-1,-1,-1,1.0,1.0,-1.0,0.0,-0.3333333333333333,0.12150000000000001,-1,-1,-1,0.356862745098039,0.694117647058824,0.803921568627451
149.95966243743896,0.0,0.11163807360601667,0.03,1,1,1,0.0,0.3333333333333333,0.07174453500000001,-1,-1,-1,1.0,1.0,-1.0,0.0,-0.3333333333333333,0.12150000000000001,-1,-1,-1,0.356862745098039,0.694117647058824,0.803921568627451
150.00242042541504,0.0,0.11597799325544211,0.03,1,1,1,0.0,0.3333333333333333,0.07174453500000001,-1,-1,-1,1.0,1.0,-1.0,0.0,-0.3333333333333333,0.12150000000000001,-1,-1,-1,0.356862745098039,0.694117647058824,0.803921568627451
150.03598499298096,0.0,0.12031791290486755,0.03,1,1,1,0.0,0.3333333333333333,0.07174453500000001,-1,-1,-1,1.0,1.0,-1.0,0.0,-0.3333333333333333,0.12150000000000001,-1,-1,-1,0.356862745098039,0.694117647058824,0.803921568627451
150.0707380771637,0.0,0.12465783255429301,0.03,1,1,1,0.0,0.3333333333333333,0.07174453500000001,-1,-1,-1,1.0,1.0,-1.0,0.0,-0.3333333333333333,0.12150000000000001,-1,-1,-1,0.356862745098039,0.694117647058824,0.803921568627451
150.10544562339783,0.0,0.1289977522037185,0.03,1,1,1,0.0,0.3333333333333333,0.07174453500000001,-1,-1,-1,1.0,1.0,-1.0,0.0,-0.3333333333333333,0.12150000000000001,-1,-1,-1,0.356862745098039,0.694117647058824,0.803921568627451
150.1402223110199,0.0,0.13333767185314402,0.03,1,1,1,0.0,0.3333333333333333,0.07174453500000001,-1,-1,-1,1.0,1.0,-1.0,0.0,-0.3333333333333333,0.12150000000000001,-1,-1,-1,0.356862745098039,0.694117647058824,0.803921568627451
150.18388175964355,0.0,0.13767759150256953,0.03,1,1,1,0.0,0.3333333333333333,0.07174453500000001,-1,-1,-1,1.0,1.0,-1.0,0.0,-0.3333333333333333,0.12150000000000001,-1,-1,-1,0.356862745098039,0.694117647058824,0.803921568627451
150.21692895889282,0.0,0.14201751115199504,0.03,1,1,1,0.0,0.3333333333333333,0.07174453500000001,-1,-1,-1,1.0,1.0,-1.0,0.0,-0.3333333333333333,0.12150000000000001,-1,-1,-1,0.356862745098039,0.694117647058824,0.803921568627451
150.2522897720337,0.0,0.14635743080142055,0.03,1,1,1,0.0,0.3333333333333333,0.07174453500000001,-1,-1,-1,1.0,1.0,-1.0,0.0,-0.3333333333333333,0.12150000000000001,-1,-1,-1,0.356862745098039,0.694117647058824,0.803921568627451
150.28623986244202,0.0,0.15069735045084606,0.03,1,1,1,0.0,0.3333333333333333,0.07174453500000001,-1,-1,-1,1.0,1.0,-1.0,0.0,-0.3333333333333333,0.12150000000000001,-1,-1,-1,0.356862745098039,0.694117647058824,0.803921568627451
150.3211259841919,0.0,0.15503727010027157,0.03,1,1,1,0.0,0.3333333333333333,0.07174453500000001,-1,-1,-1,1.0,1.0,-1.0,0.0,-0.3333333333333333,0.12150000000000001,-1,-1,-1,0.356862745098039,0.694117647058824,0.803921568627451
150.35520792007446,0.0,0.15937718974969708,0.03,1,1,1,0.0,0.3333333333333333,0.07174453500000001,-1,-1,-1,1.0,1.0,-1.0,0.0,-0.3333333333333333,0.12150000000000001,-1,-1,-1,0.356862745098039,0.694117647058824,0.803921568627451
150.40534281730652,0.0,0.1637171093991226,0.03,1,1,1,0.0,0.3333333333333333,0.07174453500000001,-1,-1,-1,1.0,1.0,-1.0,0.0,-0.3333333333333333,0.12150000000000001,-1,-1,-1,0.356862745098039,0.694117647058824,0.803921568627451
150.43942046165466,0.0,0.1680570290485481,0.03,1,1,1,0.0,0.3333333333333333,0.07174453500000001,-1,-1,-1,1.0,1.0,-1.0,0.0,-0.3333333333333333,0.12150000000000001,-1,-1,-1,0.356862745098039,0.694117647058824,0.803921568627451
150.47395420074463,0.0,0.17239694869797362,0.03,1,1,1,0.0,0.3333333333333333,0.07174453500000001,-1,-1,-1,1.0,1.0,-1.0,0.0,-0.3333333333333333,0.12150000000000001,-1,-1,-1,0.356862745098039,0.694117647058824,0.803921568627451
150.50804352760315,0.0,0.17673686834739913,0.03,1,1,1,0.0,0.3333333333333333,0.07174453500000001,-1,-1,-1,1.0,1.0,-1.0,0.0,-0.3333333333333333,0.12150000000000001,-1,-1,-1,0.356862745098039,0.694117647058824,0.803921568627451
150.54420113563538,0.0,0.18107678799682464,0.03,1,1,1,0.0,0.3333333333333333,0.07174453500000001,-1,-1,-1,1.0,1.0,-1.0,0.0,-0.3333333333333333,0.12150000000000001,-1,-1,-1,0.356862745098039,0.694117647058824,0.803921568627451
150.58735942840576,0.0,0.18541670764625015,0.03,1,1,1,0.0,0.3333333333333333,0.07174453500000001,-1,-1,-1,1.0,1.0,-1.0,0.0,-0.3333333333333333,0.12150000000000001,-1,-1,-1,0.356862745098039,0.694117647058824,0.803921568627451
150.62634110450745,0.0,0.18975662729567566,0.03,1,1,1,0.0,0.3333333333333333,0.07174453500000001,-1,-1,-1,1.0,1.0,-1.0,0.0,-0.3333333333333333,0.12150000000000001,-1,-1,-1,0.356862745098039,0.694117647058824,0.803921568627451
150.66116189956665,0.0,0.19409654694510117,0.03,1,1,1,0.0,0.3333333333333333,0.07174453500000001,-1,-1,-1,1.0,1.0,-1.0,0.0,-0.3333333333333333,0.12150000000000001,-1,-1,-1,0.356862745098039,0.694117647058824,0.803921568627451
150.69600820541382,0.0,0.19843646659452668,0.03,1,1,1,0.0,0.3333333333333333,0.07174453500000001,-1,-1,-1,1.0,1.0,-1.0,0.0,-0.3333333333333333,0.12150000000000001,-1,-1,-1,0.356862745098039,0.694117647058824,0.803921568627451
150.73092079162598,0.0,0.2027763862439522,0.03,1,1,1,0.0,0.3333333333333333,0.07174453500000001,-1,-1,-1,1.0,1.0,-1.0,0.0,-0.3333333333333333,0.12150000000000001,-1,-1,-1,0.356862745098039,0.694117647058824,0.803921568627451
150.77340292930603,0.0,0.2071163058933777,0.03,1,1,1,0.0,0.3333333333333333,0.07174453500000001,-1,-1,-1,1.0,1.0,-1.0,0.0,-0.3333333333333333,0.12150000000000001,-1,-1,-1,0.356862745098039,0.694117647058824,0.803921568627451
150.81459617614746,0.0,0.21145622554280322,0.03,1,1,1,0.0,0.3333333333333333,0.07174453500000001,-1,-1,-1,1.0,1.0,-1.0,0.0,-0.3333333333333333,0.12150000000000001,-1,-1,-1,0.356862745098039,0.694117647058824,0.803921568627451
150.85821723937988,0.0,0.2151608682050719,0.03,1,1,1,0.0,0.3333333333333333,0.07174453500000001,-1,-1,-1,1.0,1.0,-1.0,0.0,-0.3333333333333333,0.12150000000000001,-1,-1,-1,0.356862745098039,0.694117647058824,0.803921568627451
150.8977816104889,0.0,0.21791259538660537,0.03,1,1,1,0.0,0.3333333333333333,0.07174453500000001,-1,-1,-1,1.0,1.0,-1.0,0.0,-0.3333333333333333,0.12150000000000001,-1,-1,-1,0.356862745098039,0.694117647058824,0.803921568627451
150.93256497383118,0.0,0.22066432256813884,0.03,1,1,1,0.0,0.3333333333333333,0.07174453500000001,-1,-1,-1,1.0,1.0,-1.0,0.0,-0.3333333333333333,0.12150000000000001,-1,-1,-1,0.356862745098039,0.694117647058824,0.803921568627451
150.9741358757019,0.0,0.2234160497496723,0.03,1,1,1,0.0,0.3333333333333333,0.07174453500000001,-1,-1,-1,1.0,1.0,-1.0,0.0,-0.3333333333333333,0.12150000000000001,-1,-1,-1,0.356862745098039,0.694117647058824,0.803921568627451
151.00725603103638,0.0,0.22616777693120577,0.03,1,1,1,0.0,0.3333333333333333,0.07174453500000001,-1,-1,-1,1.0,1.0,-1.0,0.0,-0.3333333333333333,0.12150000000000001,-1,-1,-1,0.356862745098039,0.694117647058824,0.803921568627451
151.04234194755554,0.0,0.22891950411273923,0.03,1,1,1,0.0,0.3333333333333333,0.07174453500000001,-1,-1,-1,1.0,1.0,-1.0,0.0,-0.3333333333333333,0.12150000000000001,-1,-1,-1,0.356862745098039,0.694117647058824,0.803921568627451
151.07747387886047,0.0,0.2316712312942727,0.03,1,1,1,0.0,0.3333333333333333,0.07174453500000001,-1,-1,-1,1.0,1.0,-1.0,0.0,-0.3333333333333333,0.12150000000000001,-1,-1,-1,0.356862745098039,0.694117647058824,0.803921568627451
151.1130244731903,0.0,0.23442295847580616,0.03,1,1,1,0.0,0.3333333333333333,0.07174453500000001,-1,-1,-1,1.0,1.0,-1.0,0.0,-0.3333333333333333,0.12150000000000001,-1,-1,-1,0.356862745098039,0.694117647058824,0.803921568627451
151.14785385131836,0.0,0.23717468565733962,0.03,1,1,1,0.0,0.3333333333333333,0.07174453500000001,-1,-1,-1,1.0,1.0,-1.0,0.0,-0.3333333333333333,0.12150000000000001,-1,-1,-1,0.356862745098039,0.694117647058824,0.803921568627451
151.18259024620056,0.0,0.23992641283887314,0.03,1,1,1,0.0,0.3333333333333333,0.07174453500000001,-1,-1,-1,1.0,1.0,-1.0,0.0,-0.3333333333333333,0.12150000000000001,-1,-1,-1,0.356862745098039,0.694117647058824,0.803921568627451
151.2277762889862,0.0,0.24267814002040664,0.03,1,1,1,0.0,0.3333333333333333,0.07174453500000001,-1,-1,-1,1.0,1.0,-1.0,0.0,-0.3333333333333333,0.12150000000000001,-1,-1,-1,0.356862745098039,0.694117647058824,0.803921568627451
151.26676654815674,0.0,0.24542986720194016,0.03,1,1,1,0.0,0.3333333333333333,0.07174453500000001,-1,-1,-1,1.0,1.0,-1.0,0.0,-0.3333333333333333,0.12150000000000001,-1,-1,-1,0.356862745098039,0.694117647058824,0.803921568627451
151.30807447433472,0.0,0.24818159438347365,0.03,1,1,1,0.0,0.3333333333333333,0.07174453500000001,-1,-1,-1,1.0,1.0,-1.0,0.0,-0.3333333333333333,0.12150000000000001,-1,-1,-1,0.356862745098039,0.694117647058824,0.803921568627451
151.34234380722046,0.0,0.2509333215650072,0.03,1,1,1,0.0,0.3333333333333333,0.07174453500000001,-1,-1,-1,1.0,1.0,-1.0,0.0,-0.3333333333333333,0.12150000000000001,-1,-1,-1,0.356862745098039,0.694117647058824,0.803921568627451
151.3772041797638,0.0,0.2536850487465408,0.03,1,1,1,0.0,0.3333333333333333,0.07174453500000001,-1,-1,-1,1.0,1.0,-1.0,0.0,-0.3333333333333333,0.12150000000000001,-1,-1,-1,0.356862745098039,0.694117647058824,0.803921568627451
151.41151309013367,0.0,0.2564367759280744,0.03,1,1,1,0.0,0.3333333333333333,0.07174453500000001,-1,-1,-1,1.0,1.0,-1.0,0.0,-0.3333333333333333,0.12150000000000001,-1,-1,-1,0.356862745098039,0.694117647058824,0.803921568627451
151.45240688323975,0.0,0.259188503109608,0.03,1,1,1,0.0,0.3333333333333333,0.07174453500000001,-1,-1,-1,1.0,1.0,-1.0,0.0,-0.3333333333333333,0.12150000000000001,-1,-1,-1,0.356862745098039,0.694117647058824,0.803921568627451
151.48792338371277,0.0,0.2619402302911416,0.03,1,1,1,0.0,0.3333333333333333,0.07174453500000001,-1,-1,-1,1.0,1.0,-1.0,0.0,-0.3333333333333333,0.12150000000000001,-1,-1,-1,0.356862745098039,0.694117647058824,0.803921568627451
151.52281260490417,0.0,0.2646919574726752,0.03,1,1,1,0.0,0.3333333333333333,0.07174453500000001,-1,-1,-1,1.0,1.0,-1.0,0.0,-0.3333333333333333,0.12150000000000001,-1,-1,-1,0.356862745098039,0.694117647058824,0.803921568627451
151.56159234046936,0.0,0.2674436846542088,0.03,1,1,1,0.0,0.3333333333333333,0.07174453500000001,-1,-1,-1,1.0,1.0,-1.0,0.0,-0.3333333333333333,0.12150000000000001,-1,-1,-1,0.356862745098039,0.694117647058824,0.803921568627451
151.59621810913086,0.0,0.2701954118357424,0.03,1,1,1,0.0,0.3333333333333333,0.07174453500000001,-1,-1,-1,1.0,1.0,-1.0,0.0,-0.3333333333333333,0.12150000000000001,-1,-1,-1,0.356862745098039,0.694117647058824,0.803921568627451
151.63245296478271,0.0,0.272947139017276,0.03,1,1,1,0.0,0.3333333333333333,0.07174453500000001,-1,-1,-1,1.0,1.0,-1.0,0.0,-0.3333333333333333,0.12150000000000001,-1,-1,-1,0.356862745098039,0.694117647058824,0.803921568627451
151.6828932762146,0.0,0.2756988661988096,0.03,1,1,1,0.0,0.3333333333333333,0.07174453500000001,-1,-1,-1,1.0,1.0,-1.0,0.0,-0.3333333333333333,0.12150000000000001,-1,-1,-1,0.356862745098039,0.694117647058824,0.803921568627451
151.71750473976135,0.0,0.2784505933803432,0.03,1,1,1,0.0,0.3333333333333333,0.07174453500000001,-1,-1,-1,1.0,1.0,-1.0,0.0,-0.3333333333333333,0.12150000000000001,-1,-1,-1,0.356862745098039,0.694117647058824,0.803921568627451
151.75213956832886,0.0,0.28120232056187683,0.03,1,1,1,0.0,0.3333333333333333,0.07174453500000001,-1,-1,-1,1.0,1.0,-1.0,0.0,-0.3333333333333333,0.12150000000000001,-1,-1,-1,0.356862745098039,0.694117647058824,0.803921568627451
151.78631782531738,0.0,0.28395404774341043,0.03,1,1,1,0.0,0.3333333333333333,0.07174453500000001,-1,-1,-1,1.0,1.0,-1.0,0.0,-0.3333333333333333,0.12150000000000001,-1,-1,-1,0.356862745098039,0.694117647058824,0.803921568627451
151.83048558235168,0.0,0.28670577492494403,0.03,1,1,1,0.0,0.3333333333333333,0.07174453500000001,-1,-1,-1,1.0,1.0,-1.0,0.0,-0.3333333333333333,0.12150000000000001,-1,-1,-1,0.356862745098039,0.694117647058824,0.803921568627451
151.86270022392273,0.0,0.28945750210647764,0.03,1,1,1,0.0,0.3333333333333333,0.07174453500000001,-1,-1,-1,1.0,1.0,-1.0,0.0,-0.3333333333333333,0.12150000000000001,-1,-1,-1,0.356862745098039,0.694117647058824,0.803921568627451
151.897225856781,0.0,0.29220922928801124,0.03,1,1,1,0.0,0.3333333333333333,0.07174453500000001,-1,-1,-1,1.0,1.0,-1.0,0.0,-0.3333333333333333,0.12150000000000001,-1,-1,-1,0.356862745098039,0.694117647058824,0.803921568627451
151.93194723129272,0.0,0.29496095646954484,0.03,1,1,1,0.0,0.3333333333333333,0.07174453500000001,-1,-1,-1,1.0,1.0,-1.0,0.0,-0.3333333333333333,0.12150000000000001,-1,-1,-1,0.356862745098039,0.694117647058824,0.803921568627451
151.96699786186218,0.0,0.29771268365107845,0.03,1,1,1,0.0,0.3333333333333333,0.07174453500000001,-1,-1,-1,1.0,1.0,-1.0,0.0,-0.3333333333333333,0.12150000000000001,-1,-1,-1,0.356862745098039,0.694117647058824,0.803921568627451
152.00121402740479,0.0,0.30046441083261205,0.03,1,1,1,0.0,0.3333333333333333,0.07174453500000001,-1,-1,-1,1.0,1.0,-1.0,0.0,-0.3333333333333333,0.12150000000000001,-1,-1,-1,0.356862745098039,0.694117647058824,0.803921568627451
152.04322409629822,0.0,0.30321613801414565,0.03,1,1,1,0.0,0.3333333333333333,0.07174453500000001,-1,-1,-1,1.0,1.0,-1.0,0.0,-0.3333333333333333,0.12150000000000001,-1,-1,-1,0.356862745098039,0.694117647058824,0.803921568627451
152.07800602912903,0.0,0.30269450543780796,0.03,1,1,1,0.0,0.3333333333333333,0.07174453500000001,-1,-1,-1,1.0,1.0,-1.0,0.0,-0.3333333333333333,0.12150000000000001,-1,-1,-1,0.356862745098039,0.694117647058824,0.803921568627451
152.11301374435425,0.0,0.30217287286147027,0.03,1,1,1,0.0,0.3333333333333333,0.07174453500000001,-1,-1,-1,1.0,1.0,-1.0,0.0,-0.3333333333333333,0.12150000000000001,-1,-1,-1,0.356862745098039,0.694117647058824,0.803921568627451
152.14688897132874,0.0,0.30165124028513257,0.03,1,1,1,0.0,0.3333333333333333,0.07174453500000001,-1,-1,-1,1.0,1.0,-1.0,0.0,-0.3333333333333333,0.12150000000000001,-1,-1,-1,0.356862745098039,0.694117647058824,0.803921568627451
152.18225598335266,0.0,0.3011296077087949,0.03,1,1,1,0.0,0.3333333333333333,0.07174453500000001,-1,-1,-1,1.0,1.0,-1.0,0.0,-0.3333333333333333,0.12150000000000001,-1,-1,-1,0.356862745098039,0.694117647058824,0.803921568627451
152.2239327430725,0.0,0.3006079751324572,0.03,1,1,1,0.0,0.3333333333333333,0.07174453500000001,-1,-1,-1,1.0,1.0,-1.0,0.0,-0.3333333333333333,0.12150000000000001,-1,-1,-1,0.356862745098039,0.694117647058824,0.803921568627451
152.2587432861328,0.0,0.3000863425561195,0.03,1,1,1,0.0,0.3333333333333333,0.07174453500000001,-1,-1,-1,1.0,1.0,-1.0,0.0,-0.3333333333333333,0.12150000000000001,-1,-1,-1,0.356862745098039,0.694117647058824,0.803921568627451
152.2929618358612,0.0,0.2995647099797818,0.03,1,1,1,0.0,0.3333333333333333,0.07174453500000001,-1,-1,-1,1.0,1.0,-1.0,0.0,-0.3333333333333333,0.12150000000000001,-1,-1,-1,0.356862745098039,0.694117647058824,0.803921568627451
152.3310751914978,0.0,0.2990430774034441,0.03,1,1,1,0.0,0.3333333333333333,0.07174453500000001,-1,-1,-1,1.0,1.0,-1.0,0.0,-0.3333333333333333,0.12150000000000001,-1,-1,-1,0.356862745098039,0.694117647058824,0.803921568627451
152.36672639846802,0.0,0.2985214448271064,0.03,1,1,1,0.0,0.3333333333333333,0.07174453500000001,-1,-1,-1,1.0,1.0,-1.0,0.0,-0.3333333333333333,0.12150000000000001,-1,-1,-1,0.356862745098039,0.694117647058824,0.803921568627451
152.40457034111023,0.0,0.2979998122507687,0.03,1,1,1,0.0,0.3333333333333333,0.07174453500000001,-1,-1,-1,1.0,1.0,-1.0,0.0,-0.3333333333333333,0.12150000000000001,-1,-1,-1,0.356862745098039,0.694117647058824,0.803921568627451
152.45360779762268,0.0,0.297478179674431,0.03,1,1,1,0.0,0.3333333333333333,0.07174453500000001,-1,-1,-1,1.0,1.0,-1.0,0.0,-0.3333333333333333,0.12150000000000001,-1,-1,-1,0.356862745098039,0.694117647058824,0.803921568627451
152.48747539520264,0.0,0.2969565470980933,0.03,1,1,1,0.0,0.3333333333333333,0.07174453500000001,-1,-1,-1,1.0,1.0,-1.0,0.0,-0.3333333333333333,0.12150000000000001,-1,-1,-1,0.356862745098039,0.694117647058824,0.803921568627451
152.52225255966187,0.0,0.29643491452175563,0.03,1,1,1,0.0,0.3333333333333333,0.07174453500000001,-1,-1,-1,1.0,1.0,-1.0,0.0,-0.3333333333333333,0.12150000000000001,-1,-1,-1,0.356862745098039,0.694117647058824,0.803921568627451
152.5571095943451,0.0,0.29591328194541794,0.03,1,1,1,0.0,0.3333333333333333,0.07174453500000001,-1,-1,-1,1.0,1.0,-1.0,0.0,-0.3333333333333333,0.12150000000000001,-1,-1,-1,0.356862745098039,0.694117647058824,0.803921568627451
152.6007444858551,0.0,0.29539164936908024,0.03,1,1,1,0.0,0.3333333333333333,0.07174453500000001,-1,-1,-1,1.0,1.0,-1.0,0.0,-0.3333333333333333,0.12150000000000001,-1,-1,-1,0.356862745098039,0.694117647058824,0.803921568627451
152.63422536849976,0.0,0.29487001679274255,0.03,1,1,1,0.0,0.3333333333333333,0.07174453500000001,-1,-1,-1,1.0,1.0,-1.0,0.0,-0.3333333333333333,0.12150000000000001,-1,-1,-1,0.356862745098039,0.694117647058824,0.803921568627451
152.66792368888855,0.0,0.29434838421640486,0.03,1,1,1,0.0,0.3333333333333333,0.07174453500000001,-1,-1,-1,1.0,1.0,-1.0,0.0,-0.3333333333333333,0.12150000000000001,-1,-1,-1,0.356862745098039,0.694117647058824,0.803921568627451
152.7028169631958,0.0,0.29382675164006716,0.03,1,1,1,0.0,0.3333333333333333,0.07174453500000001,-1,-1,-1,1.0,1.0,-1.0,0.0,-0.3333333333333333,0.12150000000000001,-1,-1,-1,0.356862745098039,0.694117647058824,0.803921568627451
152.73748397827148,0.0,0.29330511906372947,0.03,1,1,1,0.0,0.3333333333333333,0.07174453500000001,-1,-1,-1,1.0,1.0,-1.0,0.0,-0.3333333333333333,0.12150000000000001,-1,-1,-1,0.356862745098039,0.694117647058824,0.803921568627451
152.7867796421051,0.0,0.2927834864873918,0.03,1,1,1,0.0,0.3333333333333333,0.07174453500000001,-1,-1,-1,1.0,1.0,-1.0,0.0,-0.3333333333333333,0.12150000000000001,-1,-1,-1,0.356862745098039,0.694117647058824,0.803921568627451
152.82073855400085,0.0,0.2922618539110541,0.03,1,1,1,0.0,0.3333333333333333,0.07174453500000001,-1,-1,-1,1.0,1.0,-1.0,0.0,-0.3333333333333333,0.12150000000000001,-1,-1,-1,0.356862745098039,0.694117647058824,0.803921568627451
152.85544109344482,0.0,0.2917402213347164,0.03,1,1,1,0.0,0.3333333333333333,0.07174453500000001,-1,-1,-1,1.0,1.0,-1.0,0.0,-0.3333333333333333,0.12150000000000001,-1,-1,-1,0.356862745098039,0.694117647058824,0.803921568627451
152.89048790931702,0.0,0.2912185887583787,0.03,1,1,1,0.0,0.3333333333333333,0.07174453500000001,-1,-1,-1,1.0,1.0,-1.0,0.0,-0.3333333333333333,0.12150000000000001,-1,-1,-1,0.356862745098039,0.694117647058824,0.803921568627451
152.9345579147339,0.0,0.290696956182041,0.03,1,1,1,0.0,0.3333333333333333,0.07174453500000001,-1,-1,-1,1.0,1.0,-1.0,0.0,-0.3333333333333333,0.12150000000000001,-1,-1,-1,0.356862745098039,0.694117647058824,0.803921568627451
152.96762108802795,0.0,0.2901753236057033,0.03,1,1,1,0.0,0.3333333333333333,0.07174453500000001,-1,-1,-1,1.0,1.0,-1.0,0.0,-0.3333333333333333,0.12150000000000001,-1,-1,-1,0.356862745098039,0.694117647058824,0.803921568627451
153.0004963874817,0.0,0.2896536910293656,0.03,1,1,1,0.0,0.3333333333333333,0.07174453500000001,-1,-1,-1,1.0,1.0,-1.0,0.0,-0.3333333333333333,0.12150000000000001,-1,-1,-1,0.356862745098039,0.694117647058824,0.803921568627451
153.03507947921753,0.0,0.2891320584530279,0.03,1,1,1,0.0,0.3333333333333333,0.07174453500000001,-1,-1,-1,1.0,1.0,-1.0,0.0,-0.3333333333333333,0.12150000000000001,-1,-1,-1,0.356862745098039,0.694117647058824,0.803921568627451
153.07015752792358,0.0,0.2886104258766902,0.03,1,1,1,0.0,0.3333333333333333,0.07174453500000001,-1,-1,-1,1.0,1.0,-1.0,0.0,-0.3333333333333333,0.12150000000000001,-1,-1,-1,0.356862745098039,0.694117647058824,0.803921568627451
153.10585165023804,0.0,0.28808879330035253,0.03,1,1,1,0.0,0.3333333333333333,0.07174453500000001,-1,-1,-1,1.0,1.0,-1.0,0.0,-0.3333333333333333,0.12150000000000001,-1,-1,-1,0.356862745098039,0.694117647058824,0.803921568627451
153.1551456451416,0.0,0.28756716072401484,0.03,1,1,1,0.0,0.3333333333333333,0.07174453500000001,-1,-1,-1,1.0,1.0,-1.0,0.0,-0.3333333333333333,0.12150000000000001,-1,-1,-1,0.356862745098039,0.694117647058824,0.803921568627451
153.18905091285706,0.0,0.28704552814767714,0.03,1,1,1,0.0,0.3333333333333333,0.07174453500000001,-1,-1,-1,1.0,1.0,-1.0,0.0,-0.3333333333333333,0.12150000000000001,-1,-1,-1,0.356862745098039,0.694117647058824,0.803921568627451
153.2240207195282,0.0,0.28652389557133945,0.03,1,1,1,0.0,0.3333333333333333,0.07174453500000001,-1,-1,-1,1.0,1.0,-1.0,0.0,-0.3333333333333333,0.12150000000000001,-1,-1,-1,0.356862745098039,0.694117647058824,0.803921568627451
153.25858116149902,0.0,0.2875419789618239,0.03,1,1,1,0.0,0.3333333333333333,0.07174453500000001,-1,-1,-1,1.0,1.0,-1.0,0.0,-0.3333333333333333,0.12150000000000001,-1,-1,-1,0.356862745098039,0.694117647058824,0.803921568627451
153.29335594177246,0.0,0.2908696363025415,0.03,1,1,1,0.0,0.3333333333333333,0.07174453500000001,-1,-1,-1,1.0,1.0,-1.0,0.0,-0.3333333333333333,0.12150000000000001,-1,-1,-1,0.356862745098039,0.694117647058824,0.803921568627451
153.3372642993927,0.0,0.2941972936432591,0.03,1,1,1,0.0,0.3333333333333333,0.07174453500000001,-1,-1,-1,1.0,1.0,-1.0,0.0,-0.3333333333333333,0.12150000000000001,-1,-1,-1,0.356862745098039,0.694117647058824,0.803921568627451
153.37063646316528,0.0,0.2975249509839767,0.03,1,1,1,0.0,0.3333333333333333,0.07174453500000001,-1,-1,-1,1.0,1.0,-1.0,0.0,-0.3333333333333333,0.12150000000000001,-1,-1,-1,0.356862745098039,0.694117647058824,0.803921568627451
153.4046812057495,0.0,0.3008526083246943,0.03,1,1,1,0.0,0.3333333333333333,0.07174453500000001,-1,-1,-1,1.0,1.0,-1.0,0.0,-0.3333333333333333,0.12150000000000001,-1,-1,-1,0.356862745098039,0.694117647058824,0.803921568627451
153.43889093399048,0.0,0.3041802656654119,0.03,1,1,1,0.0,0.3333333333333333,0.07174453500000001,-1,-1,-1,1.0,1.0,-1.0,0.0,-0.3333333333333333,0.12150000000000001,-1,-1,-1,0.356862745098039,0.694117647058824,0.803921568627451
153.4736888408661,0.0,0.3075079230061295,0.03,1,1,1,0.0,0.3333333333333333,0.07174453500000001,-1,-1,-1,1.0,1.0,-1.0,0.0,-0.3333333333333333,0.12150000000000001,-1,-1,-1,0.356862745098039,0.694117647058824,0.803921568627451
153.50878405570984,0.0,0.3108355803468471,0.03,1,1,1,0.0,0.3333333333333333,0.07174453500000001,-1,-1,-1,1.0,1.0,-1.0,0.0,-0.3333333333333333,0.12150000000000001,-1,-1,-1,0.356862745098039,0.694117647058824,0.803921568627451
153.55012321472168,0.0,0.3141632376875647,0.03,1,1,1,0.0,0.3333333333333333,0.07174453500000001,-1,-1,-1,1.0,1.0,-1.0,0.0,-0.3333333333333333,0.12150000000000001,-1,-1,-1,0.356862745098039,0.694117647058824,0.803921568627451
153.5844488143921,0.0,0.3174908950282823,0.03,1,1,1,0.0,0.3333333333333333,0.07174453500000001,-1,-1,-1,1.0,1.0,-1.0,0.0,-0.3333333333333333,0.12150000000000001,-1,-1,-1,0.356862745098039,0.694117647058824,0.803921568627451
153.61948919296265,0.0,0.3208185523689999,0.03,1,1,1,0.0,0.3333333333333333,0.07174453500000001,-1,-1,-1,1.0,1.0,-1.0,0.0,-0.3333333333333333,0.12150000000000001,-1,-1,-1,0.356862745098039,0.694117647058824,0.803921568627451
153.65417551994324,0.0,0.3241462097097175,0.03,1,1,1,0.0,0.3333333333333333,0.07174453500000001,-1,-1,-1,1.0,1.0,-1.0,0.0,-0.3333333333333333,0.12150000000000001,-1,-1,-1,0.356862745098039,0.694117647058824,0.803921568627451
153.69665789604187,0.0,0.32747386705043513,0.03,1,1,1,0.0,0.3333333333333333,0.07174453500000001,-1,-1,-1,1.0,1.0,-1.0,0.0,-0.3333333333333333,0.12150000000000001,-1,-1,-1,0.356862745098039,0.694117647058824,0.803921568627451
153.74088883399963,0.0,0.33080152439115273,0.03,1,1,1,0.0,0.3333333333333333,0.07174453500000001,-1,-1,-1,1.0,1.0,-1.0,0.0,-0.3333333333333333,0.12150000000000001,-1,-1,-1,0.356862745098039,0.694117647058824,0.803921568627451
153.78038001060486,0.0,0.3334636502637268,0.03,1,1,1,0.0,0.3333333333333333,0.07174453500000001,-1,-1,-1,1.0,1.0,-1.0,0.0,-0.3333333333333333,0.12150000000000001,-1,-1,-1,0.356862745098039,0.694117647058824,0.803921568627451
153.81487560272217,0.0,0.3334636502637268,0.03,1,1,1,0.0,0.3333333333333333,0.07174453500000001,-1,-1,-1,1.0,1.0,-1.0,0.0,-0.3333333333333333,0.12150000000000001,-1,-1,-1,0.356862745098039,0.694117647058824,0.803921568627451
153.84925937652588,0.0,0.3334636502637268,0.03,1,1,1,0.0,0.3333333333333333,0.07174453500000001,-1,-1,-1,1.0,1.0,-1.0,0.0,-0.3333333333333333,0.12150000000000001,-1,-1,-1,0.356862745098039,0.694117647058824,0.803921568627451
153.88408398628235,0.0,0.3334636502637268,0.03,1,1,1,0.0,0.3333333333333333,0.07174453500000001,-1,-1,-1,1.0,1.0,-1.0,0.0,-0.3333333333333333,0.12150000000000001,-1,-1,-1,0.356862745098039,0.694117647058824,0.803921568627451
153.9262397289276,0.0,0.3334636502637268,0.03,1,1,1,0.0,0.3333333333333333,0.07174453500000001,-1,-1,-1,1.0,1.0,-1.0,0.0,-0.3333333333333333,0.12150000000000001,-1,-1,-1,0.356862745098039,0.694117647058824,0.803921568627451
153.96743845939636,0.0,0.3334636502637268,0.03,1,1,1,0.0,0.3333333333333333,0.07174453500000001,-1,-1,-1,1.0,1.0,-1.0,0.0,-0.3333333333333333,0.12150000000000001,-1,-1,-1,0.356862745098039,0.694117647058824,0.803921568627451
154.01014256477356,0.0,0.3334636502637268,0.03,1,1,1,0.0,0.3333333333333333,0.07174453500000001,-1,-1,-1,1.0,1.0,-1.0,0.0,-0.3333333333333333,0.12150000000000001,-1,-1,-1,0.356862745098039,0.694117647058824,0.803921568627451
154.04390907287598,0.0,0.3334636502637268,0.03,1,1,1,0.0,0.3333333333333333,0.07174453500000001,-1,-1,-1,1.0,1.0,-1.0,0.0,-0.3333333333333333,0.12150000000000001,-1,-1,-1,0.356862745098039,0.694117647058824,0.803921568627451
154.078528881073,0.0,0.3334636502637268,0.03,1,1,1,0.0,0.3333333333333333,0.07174453500000001,-1,-1,-1,1.0,1.0,-1.0,0.0,-0.3333333333333333,0.12150000000000001,-1,-1,-1,0.356862745098039,0.694117647058824,0.803921568627451
154.11283016204834,0.0,0.3334636502637268,0.03,1,1,1,0.0,0.3333333333333333,0.07174453500000001,-1,-1,-1,1.0,1.0,-1.0,0.0,-0.3333333333333333,0.12150000000000001,-1,-1,-1,0.356862745098039,0.694117647058824,0.803921568627451
154.16223669052124,0.0,0.3334636502637268,0.03,1,1,1,0.0,0.3333333333333333,0.07174453500000001,-1,-1,-1,1.0,1.0,-1.0,0.0,-0.3333333333333333,0.12150000000000001,-1,-1,-1,0.356862745098039,0.694117647058824,0.803921568627451
154.19679856300354,0.0,0.3334636502637268,0.03,1,1,1,0.0,0.3333333333333333,0.07174453500000001,-1,-1,-1,1.0,1.0,-1.0,0.0,-0.3333333333333333,0.12150000000000001,-1,-1,-1,0.356862745098039,0.694117647058824,0.803921568627451
154.23114442825317,0.0,0.3334636502637268,0.03,1,1,1,0.0,0.3333333333333333,0.07174453500000001,-1,-1,-1,1.0,1.0,-1.0,0.0,-0.3333333333333333,0.12150000000000001,-1,-1,-1,0.356862745098039,0.694117647058824,0.803921568627451
154.2659740447998,0.0,0.3334636502637268,0.03,1,1,1,0.0,0.3333333333333333,0.07174453500000001,-1,-1,-1,1.0,1.0,-1.0,0.0,-0.3333333333333333,0.12150000000000001,-1,-1,-1,0.356862745098039,0.694117647058824,0.803921568627451
154.30087447166443,0.0,0.3334636502637268,0.03,1,1,1,0.0,0.3333333333333333,0.07174453500000001,-1,-1,-1,1.0,1.0,-1.0,0.0,-0.3333333333333333,0.12150000000000001,-1,-1,-1,0.356862745098039,0.694117647058824,0.803921568627451
154.3457796573639,0.0,0.3334636502637268,0.03,1,1,1,0.0,0.3333333333333333,0.07174453500000001,-1,-1,-1,1.0,1.0,-1.0,0.0,-0.3333333333333333,0.12150000000000001,-1,-1,-1,0.356862745098039,0.694117647058824,0.803921568627451
154.38400626182556,0.0,0.3334636502637268,0.03,1,1,1,0.0,0.3333333333333333,0.07174453500000001,-1,-1,-1,1.0,1.0,-1.0,0.0,-0.3333333333333333,0.12150000000000001,-1,-1,-1,0.356862745098039,0.694117647058824,0.803921568627451
154.42585706710815,0.0,0.3334636502637268,0.03,1,1,1,0.0,0.3333333333333333,0.07174453500000001,-1,-1,-1,1.0,1.0,-1.0,0.0,-0.3333333333333333,0.12150000000000001,-1,-1,-1,0.356862745098039,0.694117647058824,0.803921568627451
154.4870240688324,0.0,0.0,0.03,1,1,1,0.0,0.3333333333333333,0.06457008150000002,1,1,1,1.0,1.0,-1.0,0.0,-0.3333333333333333,0.12150000000000001,-1,-1,-1,0.356862745098039,0.694117647058824,0.803921568627451
154.51581740379333,0.0,0.0,0.03,1,1,1,0.0,0.3333333333333333,0.06457008150000002,1,1,1,1.0,1.0,-1.0,0.0,-0.3333333333333333,0.12150000000000001,-1,-1,-1,0.356862745098039,0.694117647058824,0.803921568627451
154.55402755737305,0.0,0.0,0.03,1,1,1,0.0,0.3333333333333333,0.06457008150000002,1,1,1,1.0,1.0,-1.0,0.0,-0.3333333333333333,0.12150000000000001,-1,-1,-1,0.356862745098039,0.694117647058824,0.803921568627451
154.58972907066345,0.0,0.0,0.03,1,1,1,0.0,0.3333333333333333,0.06457008150000002,1,1,1,1.0,1.0,-1.0,0.0,-0.3333333333333333,0.12150000000000001,-1,-1,-1,0.356862745098039,0.694117647058824,0.803921568627451
154.6270694732666,0.0,0.0,0.03,1,1,1,0.0,0.3333333333333333,0.06457008150000002,1,1,1,1.0,1.0,-1.0,0.0,-0.3333333333333333,0.12150000000000001,-1,-1,-1,0.356862745098039,0.694117647058824,0.803921568627451
154.66845965385437,0.0,0.0,0.03,1,1,1,0.0,0.3333333333333333,0.06457008150000002,1,1,1,1.0,1.0,-1.0,0.0,-0.3333333333333333,0.12150000000000001,-1,-1,-1,0.356862745098039,0.694117647058824,0.803921568627451
154.70317816734314,0.0,0.0,0.03,1,1,1,0.0,0.3333333333333333,0.06457008150000002,1,1,1,1.0,1.0,-1.0,0.0,-0.3333333333333333,0.12150000000000001,-1,-1,-1,0.356862745098039,0.694117647058824,0.803921568627451
154.73823976516724,0.0,0.0,0.03,1,1,1,0.0,0.3333333333333333,0.06457008150000002,1,1,1,1.0,1.0,-1.0,0.0,-0.3333333333333333,0.12150000000000001,-1,-1,-1,0.356862745098039,0.694117647058824,0.803921568627451
154.77246260643005,0.0,0.0,0.03,1,1,1,0.0,0.3333333333333333,0.06457008150000002,1,1,1,1.0,1.0,-1.0,0.0,-0.3333333333333333,0.12150000000000001,-1,-1,-1,0.356862745098039,0.694117647058824,0.803921568627451
154.80768036842346,0.0,0.0,0.03,1,1,1,0.0,0.3333333333333333,0.06457008150000002,1,1,1,1.0,1.0,-1.0,0.0,-0.3333333333333333,0.12150000000000001,-1,-1,-1,0.356862745098039,0.694117647058824,0.803921568627451
154.8491895198822,0.0,0.0,0.03,1,1,1,0.0,0.3333333333333333,0.06457008150000002,1,1,1,1.0,1.0,-1.0,0.0,-0.3333333333333333,0.12150000000000001,-1,-1,-1,0.356862745098039,0.694117647058824,0.803921568627451
154.89305567741394,0.0,0.0,0.03,1,1,1,0.0,0.3333333333333333,0.06457008150000002,1,1,1,1.0,1.0,-1.0,0.0,-0.3333333333333333,0.12150000000000001,-1,-1,-1,0.356862745098039,0.694117647058824,0.803921568627451
154.9262192249298,0.0,0.0,0.03,1,1,1,0.0,0.3333333333333333,0.06457008150000002,1,1,1,1.0,1.0,-1.0,0.0,-0.3333333333333333,0.12150000000000001,-1,-1,-1,0.356862745098039,0.694117647058824,0.803921568627451
154.96015286445618,0.0,0.0,0.03,1,1,1,0.0,0.3333333333333333,0.06457008150000002,1,1,1,1.0,1.0,-1.0,0.0,-0.3333333333333333,0.12150000000000001,-1,-1,-1,0.356862745098039,0.694117647058824,0.803921568627451
154.99509072303772,0.0,0.0,0.03,1,1,1,0.0,0.3333333333333333,0.06457008150000002,1,1,1,1.0,1.0,-1.0,0.0,-0.3333333333333333,0.12150000000000001,-1,-1,-1,0.356862745098039,0.694117647058824,0.803921568627451
155.0295763015747,0.0,0.0,0.03,1,1,1,0.0,0.3333333333333333,0.06457008150000002,1,1,1,1.0,1.0,-1.0,0.0,-0.3333333333333333,0.12150000000000001,-1,-1,-1,0.356862745098039,0.694117647058824,0.803921568627451
155.07855105400085,0.0,0.0,0.03,1,1,1,0.0,0.3333333333333333,0.06457008150000002,1,1,1,1.0,1.0,-1.0,0.0,-0.3333333333333333,0.12150000000000001,-1,-1,-1,0.356862745098039,0.694117647058824,0.803921568627451
155.112464427948,0.0,0.0,0.03,1,1,1,0.0,0.3333333333333333,0.06457008150000002,1,1,1,1.0,1.0,-1.0,0.0,-0.3333333333333333,0.12150000000000001,-1,-1,-1,0.356862745098039,0.694117647058824,0.803921568627451
155.1467409133911,0.0,0.0,0.03,1,1,1,0.0,0.3333333333333333,0.06457008150000002,1,1,1,1.0,1.0,-1.0,0.0,-0.3333333333333333,0.12150000000000001,-1,-1,-1,0.356862745098039,0.694117647058824,0.803921568627451
155.18181681632996,0.0,0.0,0.03,1,1,1,0.0,0.3333333333333333,0.06457008150000002,1,1,1,1.0,1.0,-1.0,0.0,-0.3333333333333333,0.12150000000000001,-1,-1,-1,0.356862745098039,0.694117647058824,0.803921568627451
155.21651577949524,0.0,0.0,0.03,1,1,1,0.0,0.3333333333333333,0.06457008150000002,1,1,1,1.0,1.0,-1.0,0.0,-0.3333333333333333,0.12150000000000001,-1,-1,-1,0.356862745098039,0.694117647058824,0.803921568627451
155.26002073287964,0.0,0.0,0.03,1,1,1,0.0,0.3333333333333333,0.06457008150000002,1,1,1,1.0,1.0,-1.0,0.0,-0.3333333333333333,0.12150000000000001,-1,-1,-1,0.356862745098039,0.694117647058824,0.803921568627451
155.2935140132904,0.0,0.0,0.03,1,1,1,0.0,0.3333333333333333,0.06457008150000002,1,1,1,1.0,1.0,-1.0,0.0,-0.3333333333333333,0.12150000000000001,-1,-1,-1,0.356862745098039,0.694117647058824,0.803921568627451
155.32732486724854,0.0,0.0,0.03,1,1,1,0.0,0.3333333333333333,0.06457008150000002,1,1,1,1.0,1.0,-1.0,0.0,-0.3333333333333333,0.12150000000000001,-1,-1,-1,0.356862745098039,0.694117647058824,0.803921568627451
155.3621118068695,0.0,0.0,0.03,1,1,1,0.0,0.3333333333333333,0.06457008150000002,1,1,1,1.0,1.0,-1.0,0.0,-0.3333333333333333,0.12150000000000001,-1,-1,-1,0.356862745098039,0.694117647058824,0.803921568627451
155.39693808555603,0.0,0.0,0.03,1,1,1,0.0,0.3333333333333333,0.06457008150000002,1,1,1,1.0,1.0,-1.0,0.0,-0.3333333333333333,0.12150000000000001,-1,-1,-1,0.356862745098039,0.694117647058824,0.803921568627451
155.4385166168213,0.0,0.0,0.03,1,1,1,0.0,0.3333333333333333,0.06457008150000002,1,1,1,1.0,1.0,-1.0,0.0,-0.3333333333333333,0.12150000000000001,-1,-1,-1,0.356862745098039,0.694117647058824,0.803921568627451
155.47349214553833,0.0,0.0,0.03,1,1,1,0.0,0.3333333333333333,0.06457008150000002,1,1,1,1.0,1.0,-1.0,0.0,-0.3333333333333333,0.12150000000000001,-1,-1,-1,0.356862745098039,0.694117647058824,0.803921568627451
155.50805974006653,0.0,0.0,0.03,1,1,1,0.0,0.3333333333333333,0.06457008150000002,1,1,1,1.0,1.0,-1.0,0.0,-0.3333333333333333,0.12150000000000001,-1,-1,-1,0.356862745098039,0.694117647058824,0.803921568627451
155.54302716255188,0.0,0.0,0.03,1,1,1,0.0,0.3333333333333333,0.06457008150000002,1,1,1,1.0,1.0,-1.0,0.0,-0.3333333333333333,0.12150000000000001,-1,-1,-1,0.356862745098039,0.694117647058824,0.803921568627451
155.5776243209839,0.0,0.0,0.03,1,1,1,0.0,0.3333333333333333,0.06457008150000002,1,1,1,1.0,1.0,-1.0,0.0,-0.3333333333333333,0.12150000000000001,-1,-1,-1,0.356862745098039,0.694117647058824,0.803921568627451
155.619637966156,0.0,0.0,0.03,1,1,1,0.0,0.3333333333333333,0.06457008150000002,1,1,1,1.0,1.0,-1.0,0.0,-0.3333333333333333,0.12150000000000001,-1,-1,-1,0.356862745098039,0.694117647058824,0.803921568627451
155.65437388420105,0.0,-0.0017210242946874158,0.03,1,1,1,0.0,0.3333333333333333,0.06457008150000002,-1,-1,-1,1.0,1.0,-1.0,0.0,-0.3333333333333333,0.12150000000000001,-1,-1,-1,0.356862745098039,0.694117647058824,0.803921568627451
155.68877148628235,0.0,-0.010326145768124493,0.03,1,1,1,0.0,0.3333333333333333,0.06457008150000002,-1,-1,-1,1.0,1.0,-1.0,0.0,-0.3333333333333333,0.12150000000000001,-1,-1,-1,0.356862745098039,0.694117647058824,0.803921568627451
155.7275059223175,0.0,-0.018931267241561568,0.03,1,1,1,0.0,0.3333333333333333,0.06457008150000002,-1,-1,-1,1.0,1.0,-1.0,0.0,-0.3333333333333333,0.12150000000000001,-1,-1,-1,0.356862745098039,0.694117647058824,0.803921568627451
155.76162123680115,0.0,-0.027536388714998642,0.03,1,1,1,0.0,0.3333333333333333,0.06457008150000002,-1,-1,-1,1.0,1.0,-1.0,0.0,-0.3333333333333333,0.12150000000000001,-1,-1,-1,0.356862745098039,0.694117647058824,0.803921568627451
155.80030822753906,0.0,-0.03614151018843572,0.03,1,1,1,0.0,0.3333333333333333,0.06457008150000002,-1,-1,-1,1.0,1.0,-1.0,0.0,-0.3333333333333333,0.12150000000000001,-1,-1,-1,0.356862745098039,0.694117647058824,0.803921568627451
155.84147262573242,0.0,-0.044746631661872795,0.03,1,1,1,0.0,0.3333333333333333,0.06457008150000002,-1,-1,-1,1.0,1.0,-1.0,0.0,-0.3333333333333333,0.12150000000000001,-1,-1,-1,0.356862745098039,0.694117647058824,0.803921568627451
155.8765046596527,0.0,-0.05335175313530987,0.03,1,1,1,0.0,0.3333333333333333,0.06457008150000002,-1,-1,-1,1.0,1.0,-1.0,0.0,-0.3333333333333333,0.12150000000000001,-1,-1,-1,0.356862745098039,0.694117647058824,0.803921568627451
155.9110071659088,0.0,-0.06195687460874695,0.03,1,1,1,0.0,0.3333333333333333,0.06457008150000002,-1,-1,-1,1.0,1.0,-1.0,0.0,-0.3333333333333333,0.12150000000000001,-1,-1,-1,0.356862745098039,0.694117647058824,0.803921568627451
155.94552612304688,0.0,-0.07056199608218403,0.03,1,1,1,0.0,0.3333333333333333,0.06457008150000002,-1,-1,-1,1.0,1.0,-1.0,0.0,-0.3333333333333333,0.12150000000000001,-1,-1,-1,0.356862745098039,0.694117647058824,0.803921568627451
155.98736310005188,0.0,-0.0791671175556211,0.03,1,1,1,0.0,0.3333333333333333,0.06457008150000002,-1,-1,-1,1.0,1.0,-1.0,0.0,-0.3333333333333333,0.12150000000000001,-1,-1,-1,0.356862745098039,0.694117647058824,0.803921568627451
156.02211928367615,0.0,-0.08777223902905817,0.03,1,1,1,0.0,0.3333333333333333,0.06457008150000002,-1,-1,-1,1.0,1.0,-1.0,0.0,-0.3333333333333333,0.12150000000000001,-1,-1,-1,0.356862745098039,0.694117647058824,0.803921568627451
156.05624651908875,0.0,-0.09637736050249525,0.03,1,1,1,0.0,0.3333333333333333,0.06457008150000002,-1,-1,-1,1.0,1.0,-1.0,0.0,-0.3333333333333333,0.12150000000000001,-1,-1,-1,0.356862745098039,0.694117647058824,0.803921568627451
156.09506750106812,0.0,-0.10498248197593232,0.03,1,1,1,0.0,0.3333333333333333,0.06457008150000002,-1,-1,-1,1.0,1.0,-1.0,0.0,-0.3333333333333333,0.12150000000000001,-1,-1,-1,0.356862745098039,0.694117647058824,0.803921568627451
156.12994289398193,0.0,-0.1135876034493694,0.03,1,1,1,0.0,0.3333333333333333,0.06457008150000002,-1,-1,-1,1.0,1.0,-1.0,0.0,-0.3333333333333333,0.12150000000000001,-1,-1,-1,0.356862745098039,0.694117647058824,0.803921568627451
156.1680030822754,0.0,-0.12219272492280647,0.03,1,1,1,0.0,0.3333333333333333,0.06457008150000002,-1,-1,-1,1.0,1.0,-1.0,0.0,-0.3333333333333333,0.12150000000000001,-1,-1,-1,0.356862745098039,0.694117647058824,0.803921568627451
156.20273208618164,0.0,-0.13079784639624362,0.03,1,1,1,0.0,0.3333333333333333,0.06457008150000002,-1,-1,-1,1.0,1.0,-1.0,0.0,-0.3333333333333333,0.12150000000000001,-1,-1,-1,0.356862745098039,0.694117647058824,0.803921568627451
156.23703289031982,0.0,-0.13940296786968076,0.03,1,1,1,0.0,0.3333333333333333,0.06457008150000002,-1,-1,-1,1.0,1.0,-1.0,0.0,-0.3333333333333333,0.12150000000000001,-1,-1,-1,0.356862745098039,0.694117647058824,0.803921568627451
156.27217960357666,0.0,-0.1480080893431179,0.03,1,1,1,0.0,0.3333333333333333,0.06457008150000002,-1,-1,-1,1.0,1.0,-1.0,0.0,-0.3333333333333333,0.12150000000000001,-1,-1,-1,0.356862745098039,0.694117647058824,0.803921568627451
156.31404376029968,0.0,-0.15661321081655505,0.03,1,1,1,0.0,0.3333333333333333,0.06457008150000002,-1,-1,-1,1.0,1.0,-1.0,0.0,-0.3333333333333333,0.12150000000000001,-1,-1,-1,0.356862745098039,0.694117647058824,0.803921568627451
156.3484001159668,0.0,-0.1652183322899922,0.03,1,1,1,0.0,0.3333333333333333,0.06457008150000002,-1,-1,-1,1.0,1.0,-1.0,0.0,-0.3333333333333333,0.12150000000000001,-1,-1,-1,0.356862745098039,0.694117647058824,0.803921568627451
156.38302397727966,0.0,-0.17382345376342934,0.03,1,1,1,0.0,0.3333333333333333,0.06457008150000002,-1,-1,-1,1.0,1.0,-1.0,0.0,-0.3333333333333333,0.12150000000000001,-1,-1,-1,0.356862745098039,0.694117647058824,0.803921568627451
156.4178397655487,0.0,-0.18242857523686648,0.03,1,1,1,0.0,0.3333333333333333,0.06457008150000002,-1,-1,-1,1.0,1.0,-1.0,0.0,-0.3333333333333333,0.12150000000000001,-1,-1,-1,0.356862745098039,0.694117647058824,0.803921568627451
156.45263361930847,0.0,-0.19103369671030362,0.03,1,1,1,0.0,0.3333333333333333,0.06457008150000002,-1,-1,-1,1.0,1.0,-1.0,0.0,-0.3333333333333333,0.12150000000000001,-1,-1,-1,0.356862745098039,0.694117647058824,0.803921568627451
156.487229347229,0.0,-0.19963881818374077,0.03,1,1,1,0.0,0.3333333333333333,0.06457008150000002,-1,-1,-1,1.0,1.0,-1.0,0.0,-0.3333333333333333,0.12150000000000001,-1,-1,-1,0.356862745098039,0.694117647058824,0.803921568627451
156.5312740802765,0.0,-0.2082439396571779,0.03,1,1,1,0.0,0.3333333333333333,0.06457008150000002,-1,-1,-1,1.0,1.0,-1.0,0.0,-0.3333333333333333,0.12150000000000001,-1,-1,-1,0.356862745098039,0.694117647058824,0.803921568627451
156.56456446647644,0.0,-0.21684906113061506,0.03,1,1,1,0.0,0.3333333333333333,0.06457008150000002,-1,-1,-1,1.0,1.0,-1.0,0.0,-0.3333333333333333,0.12150000000000001,-1,-1,-1,0.356862745098039,0.694117647058824,0.803921568627451
156.59817576408386,0.0,-0.2254541826040522,0.03,1,1,1,0.0,0.3333333333333333,0.06457008150000002,-1,-1,-1,1.0,1.0,-1.0,0.0,-0.3333333333333333,0.12150000000000001,-1,-1,-1,0.356862745098039,0.694117647058824,0.803921568627451
156.6329710483551,0.0,-0.23405930407748934,0.03,1,1,1,0.0,0.3333333333333333,0.06457008150000002,-1,-1,-1,1.0,1.0,-1.0,0.0,-0.3333333333333333,0.12150000000000001,-1,-1,-1,0.356862745098039,0.694117647058824,0.803921568627451
156.66789293289185,0.0,-0.2426644255509265,0.03,1,1,1,0.0,0.3333333333333333,0.06457008150000002,-1,-1,-1,1.0,1.0,-1.0,0.0,-0.3333333333333333,0.12150000000000001,-1,-1,-1,0.356862745098039,0.694117647058824,0.803921568627451
156.71716356277466,0.0,-0.2512695470243636,0.03,1,1,1,0.0,0.3333333333333333,0.06457008150000002,-1,-1,-1,1.0,1.0,-1.0,0.0,-0.3333333333333333,0.12150000000000001,-1,-1,-1,0.356862745098039,0.694117647058824,0.803921568627451
156.75223803520203,0.0,-0.2598746684978006,0.03,1,1,1,0.0,0.3333333333333333,0.06457008150000002,-1,-1,-1,1.0,1.0,-1.0,0.0,-0.3333333333333333,0.12150000000000001,-1,-1,-1,0.356862745098039,0.694117647058824,0.803921568627451
156.78711032867432,0.0,-0.2684797899712376,0.03,1,1,1,0.0,0.3333333333333333,0.06457008150000002,-1,-1,-1,1.0,1.0,-1.0,0.0,-0.3333333333333333,0.12150000000000001,-1,-1,-1,0.356862745098039,0.694117647058824,0.803921568627451
156.82132053375244,0.0,-0.2770849114446746,0.03,1,1,1,0.0,0.3333333333333333,0.06457008150000002,-1,-1,-1,1.0,1.0,-1.0,0.0,-0.3333333333333333,0.12150000000000001,-1,-1,-1,0.356862745098039,0.694117647058824,0.803921568627451
156.86612462997437,0.0,-0.2822479843287368,0.03,1,1,1,0.0,0.3333333333333333,0.06457008150000002,-1,-1,-1,1.0,1.0,-1.0,0.0,-0.3333333333333333,0.12150000000000001,-1,-1,-1,0.356862745098039,0.694117647058824,0.803921568627451
156.9048240184784,0.0,-0.2822479843287368,0.03,1,1,1,0.0,0.3333333333333333,0.06457008150000002,-1,-1,-1,1.0,1.0,-1.0,0.0,-0.3333333333333333,0.12150000000000001,-1,-1,-1,0.356862745098039,0.694117647058824,0.803921568627451
156.9394474029541,0.0,-0.2822479843287368,0.03,1,1,1,0.0,0.3333333333333333,0.06457008150000002,-1,-1,-1,1.0,1.0,-1.0,0.0,-0.3333333333333333,0.12150000000000001,-1,-1,-1,0.356862745098039,0.694117647058824,0.803921568627451
156.97410821914673,0.0,-0.2822479843287368,0.03,1,1,1,0.0,0.3333333333333333,0.06457008150000002,-1,-1,-1,1.0,1.0,-1.0,0.0,-0.3333333333333333,0.12150000000000001,-1,-1,-1,0.356862745098039,0.694117647058824,0.803921568627451
157.00877690315247,0.0,-0.2822479843287368,0.03,1,1,1,0.0,0.3333333333333333,0.06457008150000002,-1,-1,-1,1.0,1.0,-1.0,0.0,-0.3333333333333333,0.12150000000000001,-1,-1,-1,0.356862745098039,0.694117647058824,0.803921568627451
157.05086302757263,0.0,-0.2822479843287368,0.03,1,1,1,0.0,0.3333333333333333,0.06457008150000002,-1,-1,-1,1.0,1.0,-1.0,0.0,-0.3333333333333333,0.12150000000000001,-1,-1,-1,0.356862745098039,0.694117647058824,0.803921568627451
157.09212136268616,0.0,-0.2822479843287368,0.03,1,1,1,0.0,0.3333333333333333,0.06457008150000002,-1,-1,-1,1.0,1.0,-1.0,0.0,-0.3333333333333333,0.12150000000000001,-1,-1,-1,0.356862745098039,0.694117647058824,0.803921568627451
157.12597250938416,0.0,-0.2822479843287368,0.03,1,1,1,0.0,0.3333333333333333,0.06457008150000002,-1,-1,-1,1.0,1.0,-1.0,0.0,-0.3333333333333333,0.12150000000000001,-1,-1,-1,0.356862745098039,0.694117647058824,0.803921568627451
157.16588497161865,0.0,-0.2822479843287368,0.03,1,1,1,0.0,0.3333333333333333,0.06457008150000002,-1,-1,-1,1.0,1.0,-1.0,0.0,-0.3333333333333333,0.12150000000000001,-1,-1,-1,0.356862745098039,0.694117647058824,0.803921568627451
157.20101118087769,0.0,-0.2822479843287368,0.03,1,1,1,0.0,0.3333333333333333,0.06457008150000002,-1,-1,-1,1.0,1.0,-1.0,0.0,-0.3333333333333333,0.12150000000000001,-1,-1,-1,0.356862745098039,0.694117647058824,0.803921568627451
157.237557888031,0.0,-0.2822479843287368,0.03,1,1,1,0.0,0.3333333333333333,0.06457008150000002,-1,-1,-1,1.0,1.0,-1.0,0.0,-0.3333333333333333,0.12150000000000001,-1,-1,-1,0.356862745098039,0.694117647058824,0.803921568627451
157.2795684337616,0.0,-0.2822479843287368,0.03,1,1,1,0.0,0.3333333333333333,0.06457008150000002,-1,-1,-1,1.0,1.0,-1.0,0.0,-0.3333333333333333,0.12150000000000001,-1,-1,-1,0.356862745098039,0.694117647058824,0.803921568627451
157.3135268688202,0.0,-0.2822479843287368,0.03,1,1,1,0.0,0.3333333333333333,0.06457008150000002,-1,-1,-1,1.0,1.0,-1.0,0.0,-0.3333333333333333,0.12150000000000001,-1,-1,-1,0.356862745098039,0.694117647058824,0.803921568627451
157.34793090820312,0.0,-0.2822479843287368,0.03,1,1,1,0.0,0.3333333333333333,0.06457008150000002,-1,-1,-1,1.0,1.0,-1.0,0.0,-0.3333333333333333,0.12150000000000001,-1,-1,-1,0.356862745098039,0.694117647058824,0.803921568627451
157.3834991455078,0.0,-0.2822479843287368,0.03,1,1,1,0.0,0.3333333333333333,0.06457008150000002,-1,-1,-1,1.0,1.0,-1.0,0.0,-0.3333333333333333,0.12150000000000001,-1,-1,-1,0.356862745098039,0.694117647058824,0.803921568627451
157.42525577545166,0.0,-0.2822479843287368,0.03,1,1,1,0.0,0.3333333333333333,0.06457008150000002,-1,-1,-1,1.0,1.0,-1.0,0.0,-0.3333333333333333,0.12150000000000001,-1,-1,-1,0.356862745098039,0.694117647058824,0.803921568627451
157.46856951713562,0.0,-0.2822479843287368,0.03,1,1,1,0.0,0.3333333333333333,0.06457008150000002,-1,-1,-1,1.0,1.0,-1.0,0.0,-0.3333333333333333,0.12150000000000001,-1,-1,-1,0.356862745098039,0.694117647058824,0.803921568627451
157.5021607875824,0.0,-0.2822479843287368,0.03,1,1,1,0.0,0.3333333333333333,0.06457008150000002,-1,-1,-1,1.0,1.0,-1.0,0.0,-0.3333333333333333,0.12150000000000001,-1,-1,-1,0.356862745098039,0.694117647058824,0.803921568627451
157.53800511360168,0.0,-0.2822479843287368,0.03,1,1,1,0.0,0.3333333333333333,0.06457008150000002,-1,-1,-1,1.0,1.0,-1.0,0.0,-0.3333333333333333,0.12150000000000001,-1,-1,-1,0.356862745098039,0.694117647058824,0.803921568627451
157.57235074043274,0.0,-0.2822479843287368,0.03,1,1,1,0.0,0.3333333333333333,0.06457008150000002,-1,-1,-1,1.0,1.0,-1.0,0.0,-0.3333333333333333,0.12150000000000001,-1,-1,-1,0.356862745098039,0.694117647058824,0.803921568627451
157.62003469467163,0.0,-0.2822479843287368,0.03,1,1,1,0.0,0.3333333333333333,0.06457008150000002,-1,-1,-1,1.0,1.0,-1.0,0.0,-0.3333333333333333,0.12150000000000001,-1,-1,-1,0.356862745098039,0.694117647058824,0.803921568627451
157.65440464019775,0.0,-0.2822479843287368,0.03,1,1,1,0.0,0.3333333333333333,0.06457008150000002,-1,-1,-1,1.0,1.0,-1.0,0.0,-0.3333333333333333,0.12150000000000001,-1,-1,-1,0.356862745098039,0.694117647058824,0.803921568627451
157.6898078918457,0.0,-0.2822479843287368,0.03,1,1,1,0.0,0.3333333333333333,0.06457008150000002,-1,-1,-1,1.0,1.0,-1.0,0.0,-0.3333333333333333,0.12150000000000001,-1,-1,-1,0.356862745098039,0.694117647058824,0.803921568627451
157.72413730621338,0.0,-0.2822479843287368,0.03,1,1,1,0.0,0.3333333333333333,0.06457008150000002,-1,-1,-1,1.0,1.0,-1.0,0.0,-0.3333333333333333,0.12150000000000001,-1,-1,-1,0.356862745098039,0.694117647058824,0.803921568627451
157.75895357131958,0.0,-0.2822479843287368,0.03,1,1,1,0.0,0.3333333333333333,0.06457008150000002,-1,-1,-1,1.0,1.0,-1.0,0.0,-0.3333333333333333,0.12150000000000001,-1,-1,-1,0.356862745098039,0.694117647058824,0.803921568627451
157.80299353599548,0.0,-0.2822479843287368,0.03,1,1,1,0.0,0.3333333333333333,0.06457008150000002,-1,-1,-1,1.0,1.0,-1.0,0.0,-0.3333333333333333,0.12150000000000001,-1,-1,-1,0.356862745098039,0.694117647058824,0.803921568627451
157.84122323989868,0.0,-0.2822479843287368,0.03,1,1,1,0.0,0.3333333333333333,0.06457008150000002,-1,-1,-1,1.0,1.0,-1.0,0.0,-0.3333333333333333,0.12150000000000001,-1,-1,-1,0.356862745098039,0.694117647058824,0.803921568627451
157.87564945220947,0.0,-0.2822479843287368,0.03,1,1,1,0.0,0.3333333333333333,0.06457008150000002,-1,-1,-1,1.0,1.0,-1.0,0.0,-0.3333333333333333,0.12150000000000001,-1,-1,-1,0.356862745098039,0.694117647058824,0.803921568627451
157.91033267974854,0.0,-0.2822479843287368,0.03,1,1,1,0.0,0.3333333333333333,0.06457008150000002,-1,-1,-1,1.0,1.0,-1.0,0.0,-0.3333333333333333,0.12150000000000001,-1,-1,-1,0.356862745098039,0.694117647058824,0.803921568627451
157.94544458389282,0.0,-0.2822479843287368,0.03,1,1,1,0.0,0.3333333333333333,0.06457008150000002,-1,-1,-1,1.0,1.0,-1.0,0.0,-0.3333333333333333,0.12150000000000001,-1,-1,-1,0.356862745098039,0.694117647058824,0.803921568627451
157.98774433135986,0.0,-0.2822479843287368,0.03,1,1,1,0.0,0.3333333333333333,0.06457008150000002,-1,-1,-1,1.0,1.0,-1.0,0.0,-0.3333333333333333,0.12150000000000001,-1,-1,-1,0.356862745098039,0.694117647058824,0.803921568627451
158.02176547050476,0.0,-0.2822479843287368,0.03,1,1,1,0.0,0.3333333333333333,0.06457008150000002,-1,-1,-1,1.0,1.0,-1.0,0.0,-0.3333333333333333,0.12150000000000001,-1,-1,-1,0.356862745098039,0.694117647058824,0.803921568627451
158.05676579475403,0.0,-0.2828333976622117,0.03,1,1,1,0.0,0.3333333333333333,0.06457008150000002,-1,-1,-1,1.0,1.0,-1.0,0.0,-0.3333333333333333,0.12150000000000001,-1,-1,-1,0.356862745098039,0.694117647058824,0.803921568627451
158.0910677909851,0.0,-0.2857604643295862,0.03,1,1,1,0.0,0.3333333333333333,0.06457008150000002,-1,-1,-1,1.0,1.0,-1.0,0.0,-0.3333333333333333,0.12150000000000001,-1,-1,-1,0.356862745098039,0.694117647058824,0.803921568627451
158.12561559677124,0.0,-0.28868753099696065,0.03,1,1,1,0.0,0.3333333333333333,0.06457008150000002,-1,-1,-1,1.0,1.0,-1.0,0.0,-0.3333333333333333,0.12150000000000001,-1,-1,-1,0.356862745098039,0.694117647058824,0.803921568627451
158.16089129447937,0.0,-0.2916145976643351,0.03,1,1,1,0.0,0.3333333333333333,0.06457008150000002,-1,-1,-1,1.0,1.0,-1.0,0.0,-0.3333333333333333,0.12150000000000001,-1,-1,-1,0.356862745098039,0.694117647058824,0.803921568627451
158.2046446800232,0.0,-0.2945416643317096,0.03,1,1,1,0.0,0.3333333333333333,0.06457008150000002,-1,-1,-1,1.0,1.0,-1.0,0.0,-0.3333333333333333,0.12150000000000001,-1,-1,-1,0.356862745098039,0.694117647058824,0.803921568627451
158.23767757415771,0.0,-0.29746873099908405,0.03,1,1,1,0.0,0.3333333333333333,0.06457008150000002,-1,-1,-1,1.0,1.0,-1.0,0.0,-0.3333333333333333,0.12150000000000001,-1,-1,-1,0.356862745098039,0.694117647058824,0.803921568627451
158.27208304405212,0.0,-0.3003957976664585,0.03,1,1,1,0.0,0.3333333333333333,0.06457008150000002,-1,-1,-1,1.0,1.0,-1.0,0.0,-0.3333333333333333,0.12150000000000001,-1,-1,-1,0.356862745098039,0.694117647058824,0.803921568627451
158.3065173625946,0.0,-0.303322864333833,0.03,1,1,1,0.0,0.3333333333333333,0.06457008150000002,-1,-1,-1,1.0,1.0,-1.0,0.0,-0.3333333333333333,0.12150000000000001,-1,-1,-1,0.356862745098039,0.694117647058824,0.803921568627451
158.340717792511,0.0,-0.30624993100120745,0.03,1,1,1,0.0,0.3333333333333333,0.06457008150000002,-1,-1,-1,1.0,1.0,-1.0,0.0,-0.3333333333333333,0.12150000000000001,-1,-1,-1,0.356862745098039,0.694117647058824,0.803921568627451
158.37580823898315,0.0,-0.3091769976685819,0.03,1,1,1,0.0,0.3333333333333333,0.06457008150000002,-1,-1,-1,1.0,1.0,-1.0,0.0,-0.3333333333333333,0.12150000000000001,-1,-1,-1,0.356862745098039,0.694117647058824,0.803921568627451
158.41796875,0.0,-0.3121040643359564,0.03,1,1,1,0.0,0.3333333333333333,0.06457008150000002,-1,-1,-1,1.0,1.0,-1.0,0.0,-0.3333333333333333,0.12150000000000001,-1,-1,-1,0.356862745098039,0.694117647058824,0.803921568627451
158.4523642063141,0.0,-0.31503113100333086,0.03,1,1,1,0.0,0.3333333333333333,0.06457008150000002,-1,-1,-1,1.0,1.0,-1.0,0.0,-0.3333333333333333,0.12150000000000001,-1,-1,-1,0.356862745098039,0.694117647058824,0.803921568627451
158.48728775978088,0.0,-0.3179581976707053,0.03,1,1,1,0.0,0.3333333333333333,0.06457008150000002,-1,-1,-1,1.0,1.0,-1.0,0.0,-0.3333333333333333,0.12150000000000001,-1,-1,-1,0.356862745098039,0.694117647058824,0.803921568627451
158.52215433120728,0.0,-0.3208852643380798,0.03,1,1,1,0.0,0.3333333333333333,0.06457008150000002,-1,-1,-1,1.0,1.0,-1.0,0.0,-0.3333333333333333,0.12150000000000001,-1,-1,-1,0.356862745098039,0.694117647058824,0.803921568627451
158.563462972641,0.0,-0.32381233100545426,0.03,1,1,1,0.0,0.3333333333333333,0.06457008150000002,-1,-1,-1,1.0,1.0,-1.0,0.0,-0.3333333333333333,0.12150000000000001,-1,-1,-1,0.356862745098039,0.694117647058824,0.803921568627451
158.5985188484192,0.0,-0.3267393976728287,0.03,1,1,1,0.0,0.3333333333333333,0.06457008150000002,-1,-1,-1,1.0,1.0,-1.0,0.0,-0.3333333333333333,0.12150000000000001,-1,-1,-1,0.356862745098039,0.694117647058824,0.803921568627451
158.63298392295837,0.0,-0.3296664643402032,0.03,1,1,1,0.0,0.3333333333333333,0.06457008150000002,-1,-1,-1,1.0,1.0,-1.0,0.0,-0.3333333333333333,0.12150000000000001,-1,-1,-1,0.356862745098039,0.694117647058824,0.803921568627451
158.67220997810364,0.0,-0.33259353100757766,0.03,1,1,1,0.0,0.3333333333333333,0.06457008150000002,-1,-1,-1,1.0,1.0,-1.0,0.0,-0.3333333333333333,0.12150000000000001,-1,-1,-1,0.356862745098039,0.694117647058824,0.803921568627451
158.7064712047577,0.0,-0.33376435767452745,0.03,1,1,1,0.0,0.3333333333333333,0.06457008150000002,-1,-1,-1,1.0,1.0,-1.0,0.0,-0.3333333333333333,0.12150000000000001,-1,-1,-1,0.356862745098039,0.694117647058824,0.803921568627451
158.7443220615387,0.0,-0.33376435767452745,0.03,1,1,1,0.0,0.3333333333333333,0.06457008150000002,-1,-1,-1,1.0,1.0,-1.0,0.0,-0.3333333333333333,0.12150000000000001,-1,-1,-1,0.356862745098039,0.694117647058824,0.803921568627451
158.7862069606781,0.0,-0.33376435767452745,0.03,1,1,1,0.0,0.3333333333333333,0.06457008150000002,-1,-1,-1,1.0,1.0,-1.0,0.0,-0.3333333333333333,0.12150000000000001,-1,-1,-1,0.356862745098039,0.694117647058824,0.803921568627451
158.82032346725464,0.0,-0.33376435767452745,0.03,1,1,1,0.0,0.3333333333333333,0.06457008150000002,-1,-1,-1,1.0,1.0,-1.0,0.0,-0.3333333333333333,0.12150000000000001,-1,-1,-1,0.356862745098039,0.694117647058824,0.803921568627451
158.85556483268738,0.0,-0.33376435767452745,0.03,1,1,1,0.0,0.3333333333333333,0.06457008150000002,-1,-1,-1,1.0,1.0,-1.0,0.0,-0.3333333333333333,0.12150000000000001,-1,-1,-1,0.356862745098039,0.694117647058824,0.803921568627451
158.8908998966217,0.0,-0.33376435767452745,0.03,1,1,1,0.0,0.3333333333333333,0.06457008150000002,-1,-1,-1,1.0,1.0,-1.0,0.0,-0.3333333333333333,0.12150000000000001,-1,-1,-1,0.356862745098039,0.694117647058824,0.803921568627451
158.93254327774048,0.0,-0.33376435767452745,0.03,1,1,1,0.0,0.3333333333333333,0.06457008150000002,-1,-1,-1,1.0,1.0,-1.0,0.0,-0.3333333333333333,0.12150000000000001,-1,-1,-1,0.356862745098039,0.694117647058824,0.803921568627451
158.97613406181335,0.0,-0.33376435767452745,0.03,1,1,1,0.0,0.3333333333333333,0.06457008150000002,-1,-1,-1,1.0,1.0,-1.0,0.0,-0.3333333333333333,0.12150000000000001,-1,-1,-1,0.356862745098039,0.694117647058824,0.803921568627451
159.00994229316711,0.0,-0.33376435767452745,0.03,1,1,1,0.0,0.3333333333333333,0.06457008150000002,-1,-1,-1,1.0,1.0,-1.0,0.0,-0.3333333333333333,0.12150000000000001,-1,-1,-1,0.356862745098039,0.694117647058824,0.803921568627451
159.04366302490234,0.0,-0.33376435767452745,0.03,1,1,1,0.0,0.3333333333333333,0.06457008150000002,-1,-1,-1,1.0,1.0,-1.0,0.0,-0.3333333333333333,0.12150000000000001,-1,-1,-1,0.356862745098039,0.694117647058824,0.803921568627451
159.07816004753113,0.0,-0.33376435767452745,0.03,1,1,1,0.0,0.3333333333333333,0.06457008150000002,-1,-1,-1,1.0,1.0,-1.0,0.0,-0.3333333333333333,0.12150000000000001,-1,-1,-1,0.356862745098039,0.694117647058824,0.803921568627451
159.11323261260986,0.0,-0.33376435767452745,0.03,1,1,1,0.0,0.3333333333333333,0.06457008150000002,-1,-1,-1,1.0,1.0,-1.0,0.0,-0.3333333333333333,0.12150000000000001,-1,-1,-1,0.356862745098039,0.694117647058824,0.803921568627451
159.16185450553894,0.0,-0.33376435767452745,0.03,1,1,1,0.0,0.3333333333333333,0.06457008150000002,-1,-1,-1,1.0,1.0,-1.0,0.0,-0.3333333333333333,0.12150000000000001,-1,-1,-1,0.356862745098039,0.694117647058824,0.803921568627451
159.1966369152069,0.0,-0.33376435767452745,0.03,1,1,1,0.0,0.3333333333333333,0.06457008150000002,-1,-1,-1,1.0,1.0,-1.0,0.0,-0.3333333333333333,0.12150000000000001,-1,-1,-1,0.356862745098039,0.694117647058824,0.803921568627451
159.2312536239624,0.0,-0.33376435767452745,0.03,1,1,1,0.0,0.3333333333333333,0.06457008150000002,-1,-1,-1,1.0,1.0,-1.0,0.0,-0.3333333333333333,0.12150000000000001,-1,-1,-1,0.356862745098039,0.694117647058824,0.803921568627451
159.2695755958557,0.0,-0.0016638528268513532,0.03,1,1,1,0.0,0.3333333333333333,0.06457008150000002,-1,-1,-1,1.0,1.0,-1.0,0.0,-0.3333333333333333,0.10935000000000002,1,1,1,0.356862745098039,0.694117647058824,0.803921568627451
159.3006353378296,0.0,-0.005823484893979736,0.03,1,1,1,0.0,0.3333333333333333,0.06457008150000002,-1,-1,-1,1.0,1.0,-1.0,0.0,-0.3333333333333333,0.10935000000000002,1,1,1,0.356862745098039,0.694117647058824,0.803921568627451
159.3457293510437,0.0,-0.009983116961108119,0.03,1,1,1,0.0,0.3333333333333333,0.06457008150000002,-1,-1,-1,1.0,1.0,-1.0,0.0,-0.3333333333333333,0.10935000000000002,1,1,1,0.356862745098039,0.694117647058824,0.803921568627451
159.38396883010864,0.0,-0.014142749028236498,0.03,1,1,1,0.0,0.3333333333333333,0.06457008150000002,-1,-1,-1,1.0,1.0,-1.0,0.0,-0.3333333333333333,0.10935000000000002,1,1,1,0.356862745098039,0.694117647058824,0.803921568627451
159.4254970550537,0.0,-0.01830238109536488,0.03,1,1,1,0.0,0.3333333333333333,0.06457008150000002,-1,-1,-1,1.0,1.0,-1.0,0.0,-0.3333333333333333,0.10935000000000002,1,1,1,0.356862745098039,0.694117647058824,0.803921568627451
159.46049118041992,0.0,-0.022462013162493258,0.03,1,1,1,0.0,0.3333333333333333,0.06457008150000002,-1,-1,-1,1.0,1.0,-1.0,0.0,-0.3333333333333333,0.10935000000000002,1,1,1,0.356862745098039,0.694117647058824,0.803921568627451
159.4950397014618,0.0,-0.026621645229621637,0.03,1,1,1,0.0,0.3333333333333333,0.06457008150000002,-1,-1,-1,1.0,1.0,-1.0,0.0,-0.3333333333333333,0.10935000000000002,1,1,1,0.356862745098039,0.694117647058824,0.803921568627451
159.5369701385498,0.0,-0.030781277296750016,0.03,1,1,1,0.0,0.3333333333333333,0.06457008150000002,-1,-1,-1,1.0,1.0,-1.0,0.0,-0.3333333333333333,0.10935000000000002,1,1,1,0.356862745098039,0.694117647058824,0.803921568627451
159.58087182044983,0.0,-0.03494090936387841,0.03,1,1,1,0.0,0.3333333333333333,0.06457008150000002,-1,-1,-1,1.0,1.0,-1.0,0.0,-0.3333333333333333,0.10935000000000002,1,1,1,0.356862745098039,0.694117647058824,0.803921568627451
159.6194987297058,0.0,-0.03910054143100681,0.03,1,1,1,0.0,0.3333333333333333,0.06457008150000002,-1,-1,-1,1.0,1.0,-1.0,0.0,-0.3333333333333333,0.10935000000000002,1,1,1,0.356862745098039,0.694117647058824,0.803921568627451
159.65446281433105,0.0,-0.043260173498135206,0.03,1,1,1,0.0,0.3333333333333333,0.06457008150000002,-1,-1,-1,1.0,1.0,-1.0,0.0,-0.3333333333333333,0.10935000000000002,1,1,1,0.356862745098039,0.694117647058824,0.803921568627451
159.68848872184753,0.0,-0.0474198055652636,0.03,1,1,1,0.0,0.3333333333333333,0.06457008150000002,-1,-1,-1,1.0,1.0,-1.0,0.0,-0.3333333333333333,0.10935000000000002,1,1,1,0.356862745098039,0.694117647058824,0.803921568627451
159.72296619415283,0.0,-0.051579437632392,0.03,1,1,1,0.0,0.3333333333333333,0.06457008150000002,-1,-1,-1,1.0,1.0,-1.0,0.0,-0.3333333333333333,0.10935000000000002,1,1,1,0.356862745098039,0.694117647058824,0.803921568627451
159.76529622077942,0.0,-0.055739069699520395,0.03,1,1,1,0.0,0.3333333333333333,0.06457008150000002,-1,-1,-1,1.0,1.0,-1.0,0.0,-0.3333333333333333,0.10935000000000002,1,1,1,0.356862745098039,0.694117647058824,0.803921568627451
159.79957032203674,0.0,-0.059898701766648785,0.03,1,1,1,0.0,0.3333333333333333,0.06457008150000002,-1,-1,-1,1.0,1.0,-1.0,0.0,-0.3333333333333333,0.10935000000000002,1,1,1,0.356862745098039,0.694117647058824,0.803921568627451
159.83415031433105,0.0,-0.0640583338337772,0.03,1,1,1,0.0,0.3333333333333333,0.06457008150000002,-1,-1,-1,1.0,1.0,-1.0,0.0,-0.3333333333333333,0.10935000000000002,1,1,1,0.356862745098039,0.694117647058824,0.803921568627451
159.86889052391052,0.0,-0.06821796590090559,0.03,1,1,1,0.0,0.3333333333333333,0.06457008150000002,-1,-1,-1,1.0,1.0,-1.0,0.0,-0.3333333333333333,0.10935000000000002,1,1,1,0.356862745098039,0.694117647058824,0.803921568627451
159.90382194519043,0.0,-0.07237759796803399,0.03,1,1,1,0.0,0.3333333333333333,0.06457008150000002,-1,-1,-1,1.0,1.0,-1.0,0.0,-0.3333333333333333,0.10935000000000002,1,1,1,0.356862745098039,0.694117647058824,0.803921568627451
159.939208984375,0.0,-0.07653723003516238,0.03,1,1,1,0.0,0.3333333333333333,0.06457008150000002,-1,-1,-1,1.0,1.0,-1.0,0.0,-0.3333333333333333,0.10935000000000002,1,1,1,0.356862745098039,0.694117647058824,0.803921568627451
159.97407031059265,0.0,-0.08069686210229078,0.03,1,1,1,0.0,0.3333333333333333,0.06457008150000002,-1,-1,-1,1.0,1.0,-1.0,0.0,-0.3333333333333333,0.10935000000000002,1,1,1,0.356862745098039,0.694117647058824,0.803921568627451
160.01937651634216,0.0,-0.08485649416941918,0.03,1,1,1,0.0,0.3333333333333333,0.06457008150000002,-1,-1,-1,1.0,1.0,-1.0,0.0,-0.3333333333333333,0.10935000000000002,1,1,1,0.356862745098039,0.694117647058824,0.803921568627451
160.05735421180725,0.0,-0.08901612623654757,0.03,1,1,1,0.0,0.3333333333333333,0.06457008150000002,-1,-1,-1,1.0,1.0,-1.0,0.0,-0.3333333333333333,0.10935000000000002,1,1,1,0.356862745098039,0.694117647058824,0.803921568627451
160.10584616661072,0.0,-0.09317575830367597,0.03,1,1,1,0.0,0.3333333333333333,0.06457008150000002,-1,-1,-1,1.0,1.0,-1.0,0.0,-0.3333333333333333,0.10935000000000002,1,1,1,0.356862745098039,0.694117647058824,0.803921568627451
160.13905024528503,0.0,-0.09733539037080437,0.03,1,1,1,0.0,0.3333333333333333,0.06457008150000002,-1,-1,-1,1.0,1.0,-1.0,0.0,-0.3333333333333333,0.10935000000000002,1,1,1,0.356862745098039,0.694117647058824,0.803921568627451
160.17510271072388,0.0,-0.10149502243793276,0.03,1,1,1,0.0,0.3333333333333333,0.06457008150000002,-1,-1,-1,1.0,1.0,-1.0,0.0,-0.3333333333333333,0.10935000000000002,1,1,1,0.356862745098039,0.694117647058824,0.803921568627451
160.2198760509491,0.0,-0.10565465450506116,0.03,1,1,1,0.0,0.3333333333333333,0.06457008150000002,-1,-1,-1,1.0,1.0,-1.0,0.0,-0.3333333333333333,0.10935000000000002,1,1,1,0.356862745098039,0.694117647058824,0.803921568627451
160.25907921791077,0.0,-0.10981428657218956,0.03,1,1,1,0.0,0.3333333333333333,0.06457008150000002,-1,-1,-1,1.0,1.0,-1.0,0.0,-0.3333333333333333,0.10935000000000002,1,1,1,0.356862745098039,0.694117647058824,0.803921568627451
160.29391646385193,0.0,-0.11397391863931795,0.03,1,1,1,0.0,0.3333333333333333,0.06457008150000002,-1,-1,-1,1.0,1.0,-1.0,0.0,-0.3333333333333333,0.10935000000000002,1,1,1,0.356862745098039,0.694117647058824,0.803921568627451
160.32747149467468,0.0,-0.11813355070644635,0.03,1,1,1,0.0,0.3333333333333333,0.06457008150000002,-1,-1,-1,1.0,1.0,-1.0,0.0,-0.3333333333333333,0.10935000000000002,1,1,1,0.356862745098039,0.694117647058824,0.803921568627451
160.3621687889099,0.0,-0.12229318277357475,0.03,1,1,1,0.0,0.3333333333333333,0.06457008150000002,-1,-1,-1,1.0,1.0,-1.0,0.0,-0.3333333333333333,0.10935000000000002,1,1,1,0.356862745098039,0.694117647058824,0.803921568627451
160.4043664932251,0.0,-0.12645281484070311,0.03,1,1,1,0.0,0.3333333333333333,0.06457008150000002,-1,-1,-1,1.0,1.0,-1.0,0.0,-0.3333333333333333,0.10935000000000002,1,1,1,0.356862745098039,0.694117647058824,0.803921568627451
160.4463927745819,0.0,-0.13061244690783144,0.03,1,1,1,0.0,0.3333333333333333,0.06457008150000002,-1,-1,-1,1.0,1.0,-1.0,0.0,-0.3333333333333333,0.10935000000000002,1,1,1,0.356862745098039,0.694117647058824,0.803921568627451
160.48633646965027,0.0,-0.1322620308175438,0.03,1,1,1,0.0,0.3333333333333333,0.06457008150000002,-1,-1,-1,1.0,1.0,-1.0,0.0,-0.3333333333333333,0.10935000000000002,-1,-1,-1,0.356862745098039,0.694117647058824,0.803921568627451
160.51990413665771,0.0,-0.1332841026879022,0.03,1,1,1,0.0,0.3333333333333333,0.06457008150000002,-1,-1,-1,1.0,1.0,-1.0,0.0,-0.3333333333333333,0.10935000000000002,-1,-1,-1,0.356862745098039,0.694117647058824,0.803921568627451
160.55451917648315,0.0,-0.13430617455826058,0.03,1,1,1,0.0,0.3333333333333333,0.06457008150000002,-1,-1,-1,1.0,1.0,-1.0,0.0,-0.3333333333333333,0.10935000000000002,-1,-1,-1,0.356862745098039,0.694117647058824,0.803921568627451
160.59191727638245,0.0,-0.13532824642861896,0.03,1,1,1,0.0,0.3333333333333333,0.06457008150000002,-1,-1,-1,1.0,1.0,-1.0,0.0,-0.3333333333333333,0.10935000000000002,-1,-1,-1,0.356862745098039,0.694117647058824,0.803921568627451
160.6406126022339,0.0,-0.13635031829897734,0.03,1,1,1,0.0,0.3333333333333333,0.06457008150000002,-1,-1,-1,1.0,1.0,-1.0,0.0,-0.3333333333333333,0.10935000000000002,-1,-1,-1,0.356862745098039,0.694117647058824,0.803921568627451
160.6748034954071,0.0,-0.13737239016933572,0.03,1,1,1,0.0,0.3333333333333333,0.06457008150000002,-1,-1,-1,1.0,1.0,-1.0,0.0,-0.3333333333333333,0.10935000000000002,-1,-1,-1,0.356862745098039,0.694117647058824,0.803921568627451
160.70937871932983,0.0,-0.1383944620396941,0.03,1,1,1,0.0,0.3333333333333333,0.06457008150000002,-1,-1,-1,1.0,1.0,-1.0,0.0,-0.3333333333333333,0.10935000000000002,-1,-1,-1,0.356862745098039,0.694117647058824,0.803921568627451
160.744304895401,0.0,-0.1394165339100525,0.03,1,1,1,0.0,0.3333333333333333,0.06457008150000002,-1,-1,-1,1.0,1.0,-1.0,0.0,-0.3333333333333333,0.10935000000000002,-1,-1,-1,0.356862745098039,0.694117647058824,0.803921568627451
160.77952790260315,0.0,-0.14043860578041087,0.03,1,1,1,0.0,0.3333333333333333,0.06457008150000002,-1,-1,-1,1.0,1.0,-1.0,0.0,-0.3333333333333333,0.10935000000000002,-1,-1,-1,0.356862745098039,0.694117647058824,0.803921568627451
160.82358765602112,0.0,-0.14146067765076925,0.03,1,1,1,0.0,0.3333333333333333,0.06457008150000002,-1,-1,-1,1.0,1.0,-1.0,0.0,-0.3333333333333333,0.10935000000000002,-1,-1,-1,0.356862745098039,0.694117647058824,0.803921568627451
160.86241102218628,0.0,-0.14248274952112763,0.03,1,1,1,0.0,0.3333333333333333,0.06457008150000002,-1,-1,-1,1.0,1.0,-1.0,0.0,-0.3333333333333333,0.10935000000000002,-1,-1,-1,0.356862745098039,0.694117647058824,0.803921568627451
160.89633584022522,0.0,-0.14350482139148601,0.03,1,1,1,0.0,0.3333333333333333,0.06457008150000002,-1,-1,-1,1.0,1.0,-1.0,0.0,-0.3333333333333333,0.10935000000000002,-1,-1,-1,0.356862745098039,0.694117647058824,0.803921568627451
160.93128061294556,0.0,-0.1445268932618444,0.03,1,1,1,0.0,0.3333333333333333,0.06457008150000002,-1,-1,-1,1.0,1.0,-1.0,0.0,-0.3333333333333333,0.10935000000000002,-1,-1,-1,0.356862745098039,0.694117647058824,0.803921568627451
160.96638202667236,0.0,-0.14554896513220278,0.03,1,1,1,0.0,0.3333333333333333,0.06457008150000002,-1,-1,-1,1.0,1.0,-1.0,0.0,-0.3333333333333333,0.10935000000000002,-1,-1,-1,0.356862745098039,0.694117647058824,0.803921568627451
161.00902318954468,0.0,-0.14657103700256116,0.03,1,1,1,0.0,0.3333333333333333,0.06457008150000002,-1,-1,-1,1.0,1.0,-1.0,0.0,-0.3333333333333333,0.10935000000000002,-1,-1,-1,0.356862745098039,0.694117647058824,0.803921568627451
161.04958152770996,0.0,-0.14759310887291954,0.03,1,1,1,0.0,0.3333333333333333,0.06457008150000002,-1,-1,-1,1.0,1.0,-1.0,0.0,-0.3333333333333333,0.10935000000000002,-1,-1,-1,0.356862745098039,0.694117647058824,0.803921568627451
161.0845868587494,0.0,-0.14861518074327792,0.03,1,1,1,0.0,0.3333333333333333,0.06457008150000002,-1,-1,-1,1.0,1.0,-1.0,0.0,-0.3333333333333333,0.10935000000000002,-1,-1,-1,0.356862745098039,0.694117647058824,0.803921568627451
161.11924719810486,0.0,-0.1496372526136363,0.03,1,1,1,0.0,0.3333333333333333,0.06457008150000002,-1,-1,-1,1.0,1.0,-1.0,0.0,-0.3333333333333333,0.10935000000000002,-1,-1,-1,0.356862745098039,0.694117647058824,0.803921568627451
161.15336847305298,0.0,-0.1506593244839947,0.03,1,1,1,0.0,0.3333333333333333,0.06457008150000002,-1,-1,-1,1.0,1.0,-1.0,0.0,-0.3333333333333333,0.10935000000000002,-1,-1,-1,0.356862745098039,0.694117647058824,0.803921568627451
161.19206595420837,0.0,-0.15168139635435307,0.03,1,1,1,0.0,0.3333333333333333,0.06457008150000002,-1,-1,-1,1.0,1.0,-1.0,0.0,-0.3333333333333333,0.10935000000000002,-1,-1,-1,0.356862745098039,0.694117647058824,0.803921568627451
161.22701382637024,0.0,-0.15270346822471145,0.03,1,1,1,0.0,0.3333333333333333,0.06457008150000002,-1,-1,-1,1.0,1.0,-1.0,0.0,-0.3333333333333333,0.10935000000000002,-1,-1,-1,0.356862745098039,0.694117647058824,0.803921568627451
161.2650649547577,0.0,-0.15372554009506983,0.03,1,1,1,0.0,0.3333333333333333,0.06457008150000002,-1,-1,-1,1.0,1.0,-1.0,0.0,-0.3333333333333333,0.10935000000000002,-1,-1,-1,0.356862745098039,0.694117647058824,0.803921568627451
161.30659770965576,0.0,-0.15474761196542822,0.03,1,1,1,0.0,0.3333333333333333,0.06457008150000002,-1,-1,-1,1.0,1.0,-1.0,0.0,-0.3333333333333333,0.10935000000000002,-1,-1,-1,0.356862745098039,0.694117647058824,0.803921568627451
161.34099221229553,0.0,-0.1557696838357866,0.03,1,1,1,0.0,0.3333333333333333,0.06457008150000002,-1,-1,-1,1.0,1.0,-1.0,0.0,-0.3333333333333333,0.10935000000000002,-1,-1,-1,0.356862745098039,0.694117647058824,0.803921568627451
161.37572598457336,0.0,-0.15679175570614498,0.03,1,1,1,0.0,0.3333333333333333,0.06457008150000002,-1,-1,-1,1.0,1.0,-1.0,0.0,-0.3333333333333333,0.10935000000000002,-1,-1,-1,0.356862745098039,0.694117647058824,0.803921568627451
161.41054725646973,0.0,-0.15781382757650336,0.03,1,1,1,0.0,0.3333333333333333,0.06457008150000002,-1,-1,-1,1.0,1.0,-1.0,0.0,-0.3333333333333333,0.10935000000000002,-1,-1,-1,0.356862745098039,0.694117647058824,0.803921568627451
161.45308089256287,0.0,-0.15883589944686174,0.03,1,1,1,0.0,0.3333333333333333,0.06457008150000002,-1,-1,-1,1.0,1.0,-1.0,0.0,-0.3333333333333333,0.10935000000000002,-1,-1,-1,0.356862745098039,0.694117647058824,0.803921568627451
161.48683309555054,0.0,-0.15985797131722013,0.03,1,1,1,0.0,0.3333333333333333,0.06457008150000002,-1,-1,-1,1.0,1.0,-1.0,0.0,-0.3333333333333333,0.10935000000000002,-1,-1,-1,0.356862745098039,0.694117647058824,0.803921568627451
161.52186059951782,0.0,-0.1608800431875785,0.03,1,1,1,0.0,0.3333333333333333,0.06457008150000002,-1,-1,-1,1.0,1.0,-1.0,0.0,-0.3333333333333333,0.10935000000000002,-1,-1,-1,0.356862745098039,0.694117647058824,0.803921568627451
161.55651712417603,0.0,-0.1619021150579369,0.03,1,1,1,0.0,0.3333333333333333,0.06457008150000002,-1,-1,-1,1.0,1.0,-1.0,0.0,-0.3333333333333333,0.10935000000000002,-1,-1,-1,0.356862745098039,0.694117647058824,0.803921568627451
161.5944700241089,0.0,-0.16292418692829527,0.03,1,1,1,0.0,0.3333333333333333,0.06457008150000002,-1,-1,-1,1.0,1.0,-1.0,0.0,-0.3333333333333333,0.10935000000000002,-1,-1,-1,0.356862745098039,0.694117647058824,0.803921568627451
161.62898969650269,0.0,-0.16394625879865365,0.03,1,1,1,0.0,0.3333333333333333,0.06457008150000002,-1,-1,-1,1.0,1.0,-1.0,0.0,-0.3333333333333333,0.10935000000000002,-1,-1,-1,0.356862745098039,0.694117647058824,0.803921568627451
161.66811537742615,0.0,-0.16403252357409423,0.03,1,1,1,0.0,0.3333333333333333,0.06457008150000002,-1,-1,-1,1.0,1.0,-1.0,0.0,-0.3333333333333333,0.10935000000000002,-1,-1,-1,0.356862745098039,0.694117647058824,0.803921568627451
161.70239543914795,0.0,-0.16037555996986358,0.03,1,1,1,0.0,0.3333333333333333,0.06457008150000002,-1,-1,-1,1.0,1.0,-1.0,0.0,-0.3333333333333333,0.10935000000000002,-1,-1,-1,0.356862745098039,0.694117647058824,0.803921568627451
161.73738288879395,0.0,-0.15671859636563293,0.03,1,1,1,0.0,0.3333333333333333,0.06457008150000002,-1,-1,-1,1.0,1.0,-1.0,0.0,-0.3333333333333333,0.10935000000000002,-1,-1,-1,0.356862745098039,0.694117647058824,0.803921568627451
161.77245020866394,0.0,-0.15306163276140228,0.03,1,1,1,0.0,0.3333333333333333,0.06457008150000002,-1,-1,-1,1.0,1.0,-1.0,0.0,-0.3333333333333333,0.10935000000000002,-1,-1,-1,0.356862745098039,0.694117647058824,0.803921568627451
161.80744671821594,0.0,-0.14940466915717163,0.03,1,1,1,0.0,0.3333333333333333,0.06457008150000002,-1,-1,-1,1.0,1.0,-1.0,0.0,-0.3333333333333333,0.10935000000000002,-1,-1,-1,0.356862745098039,0.694117647058824,0.803921568627451
161.84919214248657,0.0,-0.14574770555294098,0.03,1,1,1,0.0,0.3333333333333333,0.06457008150000002,-1,-1,-1,1.0,1.0,-1.0,0.0,-0.3333333333333333,0.10935000000000002,-1,-1,-1,0.356862745098039,0.694117647058824,0.803921568627451
161.8833634853363,0.0,-0.14209074194871033,0.03,1,1,1,0.0,0.3333333333333333,0.06457008150000002,-1,-1,-1,1.0,1.0,-1.0,0.0,-0.3333333333333333,0.10935000000000002,-1,-1,-1,0.356862745098039,0.694117647058824,0.803921568627451
161.91857409477234,0.0,-0.13843377834447967,0.03,1,1,1,0.0,0.3333333333333333,0.06457008150000002,-1,-1,-1,1.0,1.0,-1.0,0.0,-0.3333333333333333,0.10935000000000002,-1,-1,-1,0.356862745098039,0.694117647058824,0.803921568627451
161.9530906677246,0.0,-0.13477681474024902,0.03,1,1,1,0.0,0.3333333333333333,0.06457008150000002,-1,-1,-1,1.0,1.0,-1.0,0.0,-0.3333333333333333,0.10935000000000002,-1,-1,-1,0.356862745098039,0.694117647058824,0.803921568627451
161.9877529144287,0.0,-0.13111985113601837,0.03,1,1,1,0.0,0.3333333333333333,0.06457008150000002,-1,-1,-1,1.0,1.0,-1.0,0.0,-0.3333333333333333,0.10935000000000002,-1,-1,-1,0.356862745098039,0.694117647058824,0.803921568627451
162.02225589752197,0.0,-0.12746288753178772,0.03,1,1,1,0.0,0.3333333333333333,0.06457008150000002,-1,-1,-1,1.0,1.0,-1.0,0.0,-0.3333333333333333,0.10935000000000002,-1,-1,-1,0.356862745098039,0.694117647058824,0.803921568627451
162.06629824638367,0.0,-0.12380592392755706,0.03,1,1,1,0.0,0.3333333333333333,0.06457008150000002,-1,-1,-1,1.0,1.0,-1.0,0.0,-0.3333333333333333,0.10935000000000002,-1,-1,-1,0.356862745098039,0.694117647058824,0.803921568627451
162.0990436077118,0.0,-0.12014896032332635,0.03,1,1,1,0.0,0.3333333333333333,0.06457008150000002,-1,-1,-1,1.0,1.0,-1.0,0.0,-0.3333333333333333,0.10935000000000002,-1,-1,-1,0.356862745098039,0.694117647058824,0.803921568627451
162.1333909034729,0.0,-0.11649199671909563,0.03,1,1,1,0.0,0.3333333333333333,0.06457008150000002,-1,-1,-1,1.0,1.0,-1.0,0.0,-0.3333333333333333,0.10935000000000002,-1,-1,-1,0.356862745098039,0.694117647058824,0.803921568627451
162.16811847686768,0.0,-0.11283503311486491,0.03,1,1,1,0.0,0.3333333333333333,0.06457008150000002,-1,-1,-1,1.0,1.0,-1.0,0.0,-0.3333333333333333,0.10935000000000002,-1,-1,-1,0.356862745098039,0.694117647058824,0.803921568627451
162.20266127586365,0.0,-0.10917806951063419,0.03,1,1,1,0.0,0.3333333333333333,0.06457008150000002,-1,-1,-1,1.0,1.0,-1.0,0.0,-0.3333333333333333,0.10935000000000002,-1,-1,-1,0.356862745098039,0.694117647058824,0.803921568627451
162.23712611198425,0.0,-0.10552110590640347,0.03,1,1,1,0.0,0.3333333333333333,0.06457008150000002,-1,-1,-1,1.0,1.0,-1.0,0.0,-0.3333333333333333,0.10935000000000002,-1,-1,-1,0.356862745098039,0.694117647058824,0.803921568627451
162.28604221343994,0.0,-0.10186414230217275,0.03,1,1,1,0.0,0.3333333333333333,0.06457008150000002,-1,-1,-1,1.0,1.0,-1.0,0.0,-0.3333333333333333,0.10935000000000002,-1,-1,-1,0.356862745098039,0.694117647058824,0.803921568627451
162.3201551437378,0.0,-0.09820717869794203,0.03,1,1,1,0.0,0.3333333333333333,0.06457008150000002,-1,-1,-1,1.0,1.0,-1.0,0.0,-0.3333333333333333,0.10935000000000002,-1,-1,-1,0.356862745098039,0.694117647058824,0.803921568627451
162.35547876358032,0.0,-0.09455021509371131,0.03,1,1,1,0.0,0.3333333333333333,0.06457008150000002,-1,-1,-1,1.0,1.0,-1.0,0.0,-0.3333333333333333,0.10935000000000002,-1,-1,-1,0.356862745098039,0.694117647058824,0.803921568627451
162.38964462280273,0.0,-0.09089325148948059,0.03,1,1,1,0.0,0.3333333333333333,0.06457008150000002,-1,-1,-1,1.0,1.0,-1.0,0.0,-0.3333333333333333,0.10935000000000002,-1,-1,-1,0.356862745098039,0.694117647058824,0.803921568627451
162.42430114746094,0.0,-0.08723628788524987,0.03,1,1,1,0.0,0.3333333333333333,0.06457008150000002,-1,-1,-1,1.0,1.0,-1.0,0.0,-0.3333333333333333,0.10935000000000002,-1,-1,-1,0.356862745098039,0.694117647058824,0.803921568627451
162.45951104164124,0.0,-0.08357932428101915,0.03,1,1,1,0.0,0.3333333333333333,0.06457008150000002,-1,-1,-1,1.0,1.0,-1.0,0.0,-0.3333333333333333,0.10935000000000002,-1,-1,-1,0.356862745098039,0.694117647058824,0.803921568627451
162.5033860206604,0.0,-0.07992236067678843,0.03,1,1,1,0.0,0.3333333333333333,0.06457008150000002,-1,-1,-1,1.0,1.0,-1.0,0.0,-0.3333333333333333,0.10935000000000002,-1,-1,-1,0.356862745098039,0.694117647058824,0.803921568627451
162.5364215373993,0.0,-0.07626539707255771,0.03,1,1,1,0.0,0.3333333333333333,0.06457008150000002,-1,-1,-1,1.0,1.0,-1.0,0.0,-0.3333333333333333,0.10935000000000002,-1,-1,-1,0.356862745098039,0.694117647058824,0.803921568627451
162.57010555267334,0.0,-0.07260843346832699,0.03,1,1,1,0.0,0.3333333333333333,0.06457008150000002,-1,-1,-1,1.0,1.0,-1.0,0.0,-0.3333333333333333,0.10935000000000002,-1,-1,-1,0.356862745098039,0.694117647058824,0.803921568627451
162.60530638694763,0.0,-0.06895146986409627,0.03,1,1,1,0.0,0.3333333333333333,0.06457008150000002,-1,-1,-1,1.0,1.0,-1.0,0.0,-0.3333333333333333,0.10935000000000002,-1,-1,-1,0.356862745098039,0.694117647058824,0.803921568627451
162.64056372642517,0.0,-0.06529450625986555,0.03,1,1,1,0.0,0.3333333333333333,0.06457008150000002,-1,-1,-1,1.0,1.0,-1.0,0.0,-0.3333333333333333,0.10935000000000002,-1,-1,-1,0.356862745098039,0.694117647058824,0.803921568627451
162.68908548355103,0.0,-0.061637542655634835,0.03,1,1,1,0.0,0.3333333333333333,0.06457008150000002,-1,-1,-1,1.0,1.0,-1.0,0.0,-0.3333333333333333,0.10935000000000002,-1,-1,-1,0.356862745098039,0.694117647058824,0.803921568627451
162.73065042495728,0.0,-0.05798057905140415,0.03,1,1,1,0.0,0.3333333333333333,0.06457008150000002,-1,-1,-1,1.0,1.0,-1.0,0.0,-0.3333333333333333,0.10935000000000002,-1,-1,-1,0.356862745098039,0.694117647058824,0.803921568627451
162.7653570175171,0.0,-0.054323615447173464,0.03,1,1,1,0.0,0.3333333333333333,0.06457008150000002,-1,-1,-1,1.0,1.0,-1.0,0.0,-0.3333333333333333,0.10935000000000002,-1,-1,-1,0.356862745098039,0.694117647058824,0.803921568627451
162.8040750026703,0.0,-0.05066665184294278,0.03,1,1,1,0.0,0.3333333333333333,0.06457008150000002,-1,-1,-1,1.0,1.0,-1.0,0.0,-0.3333333333333333,0.10935000000000002,-1,-1,-1,0.356862745098039,0.694117647058824,0.803921568627451
162.83886456489563,0.0,-0.04700968823871209,0.03,1,1,1,0.0,0.3333333333333333,0.06457008150000002,-1,-1,-1,1.0,1.0,-1.0,0.0,-0.3333333333333333,0.10935000000000002,-1,-1,-1,0.356862745098039,0.694117647058824,0.803921568627451
162.880389213562,0.0,-0.04464171129648927,0.03,1,1,1,0.0,0.3333333333333333,0.06457008150000002,-1,-1,-1,1.0,1.0,-1.0,0.0,-0.3333333333333333,0.10935000000000002,-1,-1,-1,0.356862745098039,0.694117647058824,0.803921568627451
162.9256820678711,0.0,-0.047429681002297906,0.03,1,1,1,0.0,0.3333333333333333,0.06457008150000002,-1,-1,-1,1.0,1.0,-1.0,0.0,-0.3333333333333333,0.10935000000000002,-1,-1,-1,0.356862745098039,0.694117647058824,0.803921568627451
162.9600591659546,0.0,-0.05021765070810654,0.03,1,1,1,0.0,0.3333333333333333,0.06457008150000002,-1,-1,-1,1.0,1.0,-1.0,0.0,-0.3333333333333333,0.10935000000000002,-1,-1,-1,0.356862745098039,0.694117647058824,0.803921568627451
162.9951457977295,0.0,-0.053005620413915176,0.03,1,1,1,0.0,0.3333333333333333,0.06457008150000002,-1,-1,-1,1.0,1.0,-1.0,0.0,-0.3333333333333333,0.10935000000000002,-1,-1,-1,0.356862745098039,0.694117647058824,0.803921568627451
163.02903842926025,0.0,-0.05579359011972381,0.03,1,1,1,0.0,0.3333333333333333,0.06457008150000002,-1,-1,-1,1.0,1.0,-1.0,0.0,-0.3333333333333333,0.10935000000000002,-1,-1,-1,0.356862745098039,0.694117647058824,0.803921568627451
163.07576608657837,0.0,-0.058581559825532446,0.03,1,1,1,0.0,0.3333333333333333,0.06457008150000002,-1,-1,-1,1.0,1.0,-1.0,0.0,-0.3333333333333333,0.10935000000000002,-1,-1,-1,0.356862745098039,0.694117647058824,0.803921568627451
163.11295771598816,0.0,-0.06136952953134109,0.03,1,1,1,0.0,0.3333333333333333,0.06457008150000002,-1,-1,-1,1.0,1.0,-1.0,0.0,-0.3333333333333333,0.10935000000000002,-1,-1,-1,0.356862745098039,0.694117647058824,0.803921568627451
163.15453028678894,0.0,-0.06415749923714972,0.03,1,1,1,0.0,0.3333333333333333,0.06457008150000002,-1,-1,-1,1.0,1.0,-1.0,0.0,-0.3333333333333333,0.10935000000000002,-1,-1,-1,0.356862745098039,0.694117647058824,0.803921568627451
163.18921494483948,0.0,-0.06694546894295836,0.03,1,1,1,0.0,0.3333333333333333,0.06457008150000002,-1,-1,-1,1.0,1.0,-1.0,0.0,-0.3333333333333333,0.10935000000000002,-1,-1,-1,0.356862745098039,0.694117647058824,0.803921568627451
163.22364497184753,0.0,-0.069733438648767,0.03,1,1,1,0.0,0.3333333333333333,0.06457008150000002,-1,-1,-1,1.0,1.0,-1.0,0.0,-0.3333333333333333,0.10935000000000002,-1,-1,-1,0.356862745098039,0.694117647058824,0.803921568627451
163.26582765579224,0.0,-0.07252140835457563,0.03,1,1,1,0.0,0.3333333333333333,0.06457008150000002,-1,-1,-1,1.0,1.0,-1.0,0.0,-0.3333333333333333,0.10935000000000002,-1,-1,-1,0.356862745098039,0.694117647058824,0.803921568627451
163.30842280387878,0.0,-0.07530937806038426,0.03,1,1,1,0.0,0.3333333333333333,0.06457008150000002,-1,-1,-1,1.0,1.0,-1.0,0.0,-0.3333333333333333,0.10935000000000002,-1,-1,-1,0.356862745098039,0.694117647058824,0.803921568627451
163.34071350097656,0.0,-0.0780973477661929,0.03,1,1,1,0.0,0.3333333333333333,0.06457008150000002,-1,-1,-1,1.0,1.0,-1.0,0.0,-0.3333333333333333,0.10935000000000002,-1,-1,-1,0.356862745098039,0.694117647058824,0.803921568627451
163.376042842865,0.0,-0.08088531747200153,0.03,1,1,1,0.0,0.3333333333333333,0.06457008150000002,-1,-1,-1,1.0,1.0,-1.0,0.0,-0.3333333333333333,0.10935000000000002,-1,-1,-1,0.356862745098039,0.694117647058824,0.803921568627451
163.41089868545532,0.0,-0.08367328717781017,0.03,1,1,1,0.0,0.3333333333333333,0.06457008150000002,-1,-1,-1,1.0,1.0,-1.0,0.0,-0.3333333333333333,0.10935000000000002,-1,-1,-1,0.356862745098039,0.694117647058824,0.803921568627451
163.44658136367798,0.0,-0.0864612568836188,0.03,1,1,1,0.0,0.3333333333333333,0.06457008150000002,-1,-1,-1,1.0,1.0,-1.0,0.0,-0.3333333333333333,0.10935000000000002,-1,-1,-1,0.356862745098039,0.694117647058824,0.803921568627451
163.4948275089264,0.0,-0.08924922658942744,0.03,1,1,1,0.0,0.3333333333333333,0.06457008150000002,-1,-1,-1,1.0,1.0,-1.0,0.0,-0.3333333333333333,0.10935000000000002,-1,-1,-1,0.356862745098039,0.694117647058824,0.803921568627451
163.52914237976074,0.0,-0.09203719629523607,0.03,1,1,1,0.0,0.3333333333333333,0.06457008150000002,-1,-1,-1,1.0,1.0,-1.0,0.0,-0.3333333333333333,0.10935000000000002,-1,-1,-1,0.356862745098039,0.694117647058824,0.803921568627451
163.56431984901428,0.0,-0.09482516600104471,0.03,1,1,1,0.0,0.3333333333333333,0.06457008150000002,-1,-1,-1,1.0,1.0,-1.0,0.0,-0.3333333333333333,0.10935000000000002,-1,-1,-1,0.356862745098039,0.694117647058824,0.803921568627451
163.5990822315216,0.0,-0.09761313570685334,0.03,1,1,1,0.0,0.3333333333333333,0.06457008150000002,-1,-1,-1,1.0,1.0,-1.0,0.0,-0.3333333333333333,0.10935000000000002,-1,-1,-1,0.356862745098039,0.694117647058824,0.803921568627451
163.64398980140686,0.0,-0.10040110541266198,0.03,1,1,1,0.0,0.3333333333333333,0.06457008150000002,-1,-1,-1,1.0,1.0,-1.0,0.0,-0.3333333333333333,0.10935000000000002,-1,-1,-1,0.356862745098039,0.694117647058824,0.803921568627451
163.68206882476807,0.0,-0.10318907511847061,0.03,1,1,1,0.0,0.3333333333333333,0.06457008150000002,-1,-1,-1,1.0,1.0,-1.0,0.0,-0.3333333333333333,0.10935000000000002,-1,-1,-1,0.356862745098039,0.694117647058824,0.803921568627451
163.71761989593506,0.0,-0.10597704482427925,0.03,1,1,1,0.0,0.3333333333333333,0.06457008150000002,-1,-1,-1,1.0,1.0,-1.0,0.0,-0.3333333333333333,0.10935000000000002,-1,-1,-1,0.356862745098039,0.694117647058824,0.803921568627451
163.75186038017273,0.0,-0.10876501453008788,0.03,1,1,1,0.0,0.3333333333333333,0.06457008150000002,-1,-1,-1,1.0,1.0,-1.0,0.0,-0.3333333333333333,0.10935000000000002,-1,-1,-1,0.356862745098039,0.694117647058824,0.803921568627451
163.79383301734924,0.0,-0.11155298423589652,0.03,1,1,1,0.0,0.3333333333333333,0.06457008150000002,-1,-1,-1,1.0,1.0,-1.0,0.0,-0.3333333333333333,0.10935000000000002,-1,-1,-1,0.356862745098039,0.694117647058824,0.803921568627451
163.83519411087036,0.0,-0.11434095394170515,0.03,1,1,1,0.0,0.3333333333333333,0.06457008150000002,-1,-1,-1,1.0,1.0,-1.0,0.0,-0.3333333333333333,0.10935000000000002,-1,-1,-1,0.356862745098039,0.694117647058824,0.803921568627451
163.86982536315918,0.0,-0.11712892364751379,0.03,1,1,1,0.0,0.3333333333333333,0.06457008150000002,-1,-1,-1,1.0,1.0,-1.0,0.0,-0.3333333333333333,0.10935000000000002,-1,-1,-1,0.356862745098039,0.694117647058824,0.803921568627451
163.90881490707397,0.0,-0.11991689335332247,0.03,1,1,1,0.0,0.3333333333333333,0.06457008150000002,-1,-1,-1,1.0,1.0,-1.0,0.0,-0.3333333333333333,0.10935000000000002,-1,-1,-1,0.356862745098039,0.694117647058824,0.803921568627451
163.9435133934021,0.0,-0.12270486305913117,0.03,1,1,1,0.0,0.3333333333333333,0.06457008150000002,-1,-1,-1,1.0,1.0,-1.0,0.0,-0.3333333333333333,0.10935000000000002,-1,-1,-1,0.356862745098039,0.694117647058824,0.803921568627451
163.9808919429779,0.0,-0.1254928327649398,0.03,1,1,1,0.0,0.3333333333333333,0.06457008150000002,-1,-1,-1,1.0,1.0,-1.0,0.0,-0.3333333333333333,0.10935000000000002,-1,-1,-1,0.356862745098039,0.694117647058824,0.803921568627451
164.02969002723694,0.0,-0.12828080247074844,0.03,1,1,1,0.0,0.3333333333333333,0.06457008150000002,-1,-1,-1,1.0,1.0,-1.0,0.0,-0.3333333333333333,0.10935000000000002,-1,-1,-1,0.356862745098039,0.694117647058824,0.803921568627451
164.06435871124268,0.0,-0.13106877217655707,0.03,1,1,1,0.0,0.3333333333333333,0.06457008150000002,-1,-1,-1,1.0,1.0,-1.0,0.0,-0.3333333333333333,0.10935000000000002,-1,-1,-1,0.356862745098039,0.694117647058824,0.803921568627451
164.09941267967224,0.0,-0.12985688813134916,0.03,1,1,1,0.0,0.3333333333333333,0.06457008150000002,-1,-1,-1,1.0,1.0,-1.0,0.0,-0.3333333333333333,0.10935000000000002,-1,-1,-1,0.356862745098039,0.694117647058824,0.803921568627451
164.13381552696228,0.0,-0.12597843491879687,0.03,1,1,1,0.0,0.3333333333333333,0.06457008150000002,-1,-1,-1,1.0,1.0,-1.0,0.0,-0.3333333333333333,0.10935000000000002,-1,-1,-1,0.356862745098039,0.694117647058824,0.803921568627451
164.16856122016907,0.0,-0.12209998170624464,0.03,1,1,1,0.0,0.3333333333333333,0.06457008150000002,-1,-1,-1,1.0,1.0,-1.0,0.0,-0.3333333333333333,0.10935000000000002,-1,-1,-1,0.356862745098039,0.694117647058824,0.803921568627451
164.21400928497314,0.0,-0.11822152849369241,0.03,1,1,1,0.0,0.3333333333333333,0.06457008150000002,-1,-1,-1,1.0,1.0,-1.0,0.0,-0.3333333333333333,0.10935000000000002,-1,-1,-1,0.356862745098039,0.694117647058824,0.803921568627451
164.25160312652588,0.0,-0.1143430752811402,0.03,1,1,1,0.0,0.3333333333333333,0.06457008150000002,-1,-1,-1,1.0,1.0,-1.0,0.0,-0.3333333333333333,0.10935000000000002,-1,-1,-1,0.356862745098039,0.694117647058824,0.803921568627451
164.28627729415894,0.0,-0.11046462206858798,0.03,1,1,1,0.0,0.3333333333333333,0.06457008150000002,-1,-1,-1,1.0,1.0,-1.0,0.0,-0.3333333333333333,0.10935000000000002,-1,-1,-1,0.356862745098039,0.694117647058824,0.803921568627451
164.32113909721375,0.0,-0.10658616885603577,0.03,1,1,1,0.0,0.3333333333333333,0.06457008150000002,-1,-1,-1,1.0,1.0,-1.0,0.0,-0.3333333333333333,0.10935000000000002,-1,-1,-1,0.356862745098039,0.694117647058824,0.803921568627451
164.3556523323059,0.0,-0.10270771564348355,0.03,1,1,1,0.0,0.3333333333333333,0.06457008150000002,-1,-1,-1,1.0,1.0,-1.0,0.0,-0.3333333333333333,0.10935000000000002,-1,-1,-1,0.356862745098039,0.694117647058824,0.803921568627451
164.3975167274475,0.0,-0.09882926243093133,0.03,1,1,1,0.0,0.3333333333333333,0.06457008150000002,-1,-1,-1,1.0,1.0,-1.0,0.0,-0.3333333333333333,0.10935000000000002,-1,-1,-1,0.356862745098039,0.694117647058824,0.803921568627451
164.43953609466553,0.0,-0.09495080921837912,0.03,1,1,1,0.0,0.3333333333333333,0.06457008150000002,-1,-1,-1,1.0,1.0,-1.0,0.0,-0.3333333333333333,0.10935000000000002,-1,-1,-1,0.356862745098039,0.694117647058824,0.803921568627451
164.4735689163208,0.0,-0.0910723560058269,0.03,1,1,1,0.0,0.3333333333333333,0.06457008150000002,-1,-1,-1,1.0,1.0,-1.0,0.0,-0.3333333333333333,0.10935000000000002,-1,-1,-1,0.356862745098039,0.694117647058824,0.803921568627451
164.51312732696533,0.0,-0.08719390279327469,0.03,1,1,1,0.0,0.3333333333333333,0.06457008150000002,-1,-1,-1,1.0,1.0,-1.0,0.0,-0.3333333333333333,0.10935000000000002,-1,-1,-1,0.356862745098039,0.694117647058824,0.803921568627451
164.54687428474426,0.0,-0.08331544958072247,0.03,1,1,1,0.0,0.3333333333333333,0.06457008150000002,-1,-1,-1,1.0,1.0,-1.0,0.0,-0.3333333333333333,0.10935000000000002,-1,-1,-1,0.356862745098039,0.694117647058824,0.803921568627451
164.58437824249268,0.0,-0.07943699636817025,0.03,1,1,1,0.0,0.3333333333333333,0.06457008150000002,-1,-1,-1,1.0,1.0,-1.0,0.0,-0.3333333333333333,0.10935000000000002,-1,-1,-1,0.356862745098039,0.694117647058824,0.803921568627451
164.62602186203003,0.0,-0.07555854315561804,0.03,1,1,1,0.0,0.3333333333333333,0.06457008150000002,-1,-1,-1,1.0,1.0,-1.0,0.0,-0.3333333333333333,0.10935000000000002,-1,-1,-1,0.356862745098039,0.694117647058824,0.803921568627451
164.66050004959106,0.0,-0.07168008994306582,0.03,1,1,1,0.0,0.3333333333333333,0.06457008150000002,-1,-1,-1,1.0,1.0,-1.0,0.0,-0.3333333333333333,0.10935000000000002,-1,-1,-1,0.356862745098039,0.694117647058824,0.803921568627451
164.6951506137848,0.0,-0.0678016367305136,0.03,1,1,1,0.0,0.3333333333333333,0.06457008150000002,-1,-1,-1,1.0,1.0,-1.0,0.0,-0.3333333333333333,0.10935000000000002,-1,-1,-1,0.356862745098039,0.694117647058824,0.803921568627451
164.73017978668213,0.0,-0.06392318351796139,0.03,1,1,1,0.0,0.3333333333333333,0.06457008150000002,-1,-1,-1,1.0,1.0,-1.0,0.0,-0.3333333333333333,0.10935000000000002,-1,-1,-1,0.356862745098039,0.694117647058824,0.803921568627451
164.7648777961731,0.0,-0.06004473030540918,0.03,1,1,1,0.0,0.3333333333333333,0.06457008150000002,-1,-1,-1,1.0,1.0,-1.0,0.0,-0.3333333333333333,0.10935000000000002,-1,-1,-1,0.356862745098039,0.694117647058824,0.803921568627451
164.80631470680237,0.0,-0.05616627709285697,0.03,1,1,1,0.0,0.3333333333333333,0.06457008150000002,-1,-1,-1,1.0,1.0,-1.0,0.0,-0.3333333333333333,0.10935000000000002,-1,-1,-1,0.356862745098039,0.694117647058824,0.803921568627451
164.8407280445099,0.0,-0.05228782388030476,0.03,1,1,1,0.0,0.3333333333333333,0.06457008150000002,-1,-1,-1,1.0,1.0,-1.0,0.0,-0.3333333333333333,0.10935000000000002,-1,-1,-1,0.356862745098039,0.694117647058824,0.803921568627451
164.8756811618805,0.0,-0.04840937066775254,0.03,1,1,1,0.0,0.3333333333333333,0.06457008150000002,-1,-1,-1,1.0,1.0,-1.0,0.0,-0.3333333333333333,0.10935000000000002,-1,-1,-1,0.356862745098039,0.694117647058824,0.803921568627451
164.910302400589,0.0,-0.044530917455200325,0.03,1,1,1,0.0,0.3333333333333333,0.06457008150000002,-1,-1,-1,1.0,1.0,-1.0,0.0,-0.3333333333333333,0.10935000000000002,-1,-1,-1,0.356862745098039,0.694117647058824,0.803921568627451
164.94964909553528,0.0,-0.04065246424264811,0.03,1,1,1,0.0,0.3333333333333333,0.06457008150000002,-1,-1,-1,1.0,1.0,-1.0,0.0,-0.3333333333333333,0.10935000000000002,-1,-1,-1,0.356862745098039,0.694117647058824,0.803921568627451
164.9849693775177,0.0,-0.03677401103009589,0.03,1,1,1,0.0,0.3333333333333333,0.06457008150000002,-1,-1,-1,1.0,1.0,-1.0,0.0,-0.3333333333333333,0.10935000000000002,-1,-1,-1,0.356862745098039,0.694117647058824,0.803921568627451
165.02234435081482,0.0,-0.03289555781754368,0.03,1,1,1,0.0,0.3333333333333333,0.06457008150000002,-1,-1,-1,1.0,1.0,-1.0,0.0,-0.3333333333333333,0.10935000000000002,-1,-1,-1,0.356862745098039,0.694117647058824,0.803921568627451
165.06385278701782,0.0,-0.029017104604991448,0.03,1,1,1,0.0,0.3333333333333333,0.06457008150000002,-1,-1,-1,1.0,1.0,-1.0,0.0,-0.3333333333333333,0.10935000000000002,-1,-1,-1,0.356862745098039,0.694117647058824,0.803921568627451
165.09848022460938,0.0,-0.025138651392439215,0.03,1,1,1,0.0,0.3333333333333333,0.06457008150000002,-1,-1,-1,1.0,1.0,-1.0,0.0,-0.3333333333333333,0.10935000000000002,-1,-1,-1,0.356862745098039,0.694117647058824,0.803921568627451
165.13320088386536,0.0,-0.02126019817988698,0.03,1,1,1,0.0,0.3333333333333333,0.06457008150000002,-1,-1,-1,1.0,1.0,-1.0,0.0,-0.3333333333333333,0.10935000000000002,-1,-1,-1,0.356862745098039,0.694117647058824,0.803921568627451
165.16805696487427,0.0,-0.017381744967334748,0.03,1,1,1,0.0,0.3333333333333333,0.06457008150000002,-1,-1,-1,1.0,1.0,-1.0,0.0,-0.3333333333333333,0.10935000000000002,-1,-1,-1,0.356862745098039,0.694117647058824,0.803921568627451
165.20958137512207,0.0,-0.013503291754782513,0.03,1,1,1,0.0,0.3333333333333333,0.06457008150000002,-1,-1,-1,1.0,1.0,-1.0,0.0,-0.3333333333333333,0.10935000000000002,-1,-1,-1,0.356862745098039,0.694117647058824,0.803921568627451
165.24430012702942,0.0,-0.00962483854223028,0.03,1,1,1,0.0,0.3333333333333333,0.06457008150000002,-1,-1,-1,1.0,1.0,-1.0,0.0,-0.3333333333333333,0.10935000000000002,-1,-1,-1,0.356862745098039,0.694117647058824,0.803921568627451
165.27918434143066,0.0,-0.005746385329678047,0.03,1,1,1,0.0,0.3333333333333333,0.06457008150000002,-1,-1,-1,1.0,1.0,-1.0,0.0,-0.3333333333333333,0.10935000000000002,-1,-1,-1,0.356862745098039,0.694117647058824,0.803921568627451
165.3135793209076,0.0,-0.009188404917516588,0.03,1,1,1,0.0,0.3333333333333333,0.06457008150000002,-1,-1,-1,1.0,1.0,-1.0,0.0,-0.3333333333333333,0.10935000000000002,-1,-1,-1,0.356862745098039,0.694117647058824,0.803921568627451
165.34792709350586,0.0,-0.012630424505355129,0.03,1,1,1,0.0,0.3333333333333333,0.06457008150000002,-1,-1,-1,1.0,1.0,-1.0,0.0,-0.3333333333333333,0.10935000000000002,-1,-1,-1,0.356862745098039,0.694117647058824,0.803921568627451
165.3865203857422,0.0,-0.01607244409319367,0.03,1,1,1,0.0,0.3333333333333333,0.06457008150000002,-1,-1,-1,1.0,1.0,-1.0,0.0,-0.3333333333333333,0.10935000000000002,-1,-1,-1,0.356862745098039,0.694117647058824,0.803921568627451
165.42104578018188,0.0,-0.01951446368103222,0.03,1,1,1,0.0,0.3333333333333333,0.06457008150000002,-1,-1,-1,1.0,1.0,-1.0,0.0,-0.3333333333333333,0.10935000000000002,-1,-1,-1,0.356862745098039,0.694117647058824,0.803921568627451
165.45895385742188,0.0,-0.02295648326887077,0.03,1,1,1,0.0,0.3333333333333333,0.06457008150000002,-1,-1,-1,1.0,1.0,-1.0,0.0,-0.3333333333333333,0.10935000000000002,-1,-1,-1,0.356862745098039,0.694117647058824,0.803921568627451
165.50754284858704,0.0,-0.02639850285670932,0.03,1,1,1,0.0,0.3333333333333333,0.06457008150000002,-1,-1,-1,1.0,1.0,-1.0,0.0,-0.3333333333333333,0.10935000000000002,-1,-1,-1,0.356862745098039,0.694117647058824,0.803921568627451
165.5421531200409,0.0,-0.02984052244454787,0.03,1,1,1,0.0,0.3333333333333333,0.06457008150000002,-1,-1,-1,1.0,1.0,-1.0,0.0,-0.3333333333333333,0.10935000000000002,-1,-1,-1,0.356862745098039,0.694117647058824,0.803921568627451
165.57693147659302,0.0,-0.033282542032386404,0.03,1,1,1,0.0,0.3333333333333333,0.06457008150000002,-1,-1,-1,1.0,1.0,-1.0,0.0,-0.3333333333333333,0.10935000000000002,-1,-1,-1,0.356862745098039,0.694117647058824,0.803921568627451
165.61187195777893,0.0,-0.03672456162022494,0.03,1,1,1,0.0,0.3333333333333333,0.06457008150000002,-1,-1,-1,1.0,1.0,-1.0,0.0,-0.3333333333333333,0.10935000000000002,-1,-1,-1,0.356862745098039,0.694117647058824,0.803921568627451
165.65713047981262,0.0,-0.04016658120806347,0.03,1,1,1,0.0,0.3333333333333333,0.06457008150000002,-1,-1,-1,1.0,1.0,-1.0,0.0,-0.3333333333333333,0.10935000000000002,-1,-1,-1,0.356862745098039,0.694117647058824,0.803921568627451
165.69639086723328,0.0,-0.043608600795902,0.03,1,1,1,0.0,0.3333333333333333,0.06457008150000002,-1,-1,-1,1.0,1.0,-1.0,0.0,-0.3333333333333333,0.10935000000000002,-1,-1,-1,0.356862745098039,0.694117647058824,0.803921568627451
165.73024225234985,0.0,-0.047050620383740534,0.03,1,1,1,0.0,0.3333333333333333,0.06457008150000002,-1,-1,-1,1.0,1.0,-1.0,0.0,-0.3333333333333333,0.10935000000000002,-1,-1,-1,0.356862745098039,0.694117647058824,0.803921568627451
165.76493668556213,0.0,-0.050492639971579066,0.03,1,1,1,0.0,0.3333333333333333,0.06457008150000002,-1,-1,-1,1.0,1.0,-1.0,0.0,-0.3333333333333333,0.10935000000000002,-1,-1,-1,0.356862745098039,0.694117647058824,0.803921568627451
165.79955673217773,0.0,-0.0539346595594176,0.03,1,1,1,0.0,0.3333333333333333,0.06457008150000002,-1,-1,-1,1.0,1.0,-1.0,0.0,-0.3333333333333333,0.10935000000000002,-1,-1,-1,0.356862745098039,0.694117647058824,0.803921568627451
165.83414363861084,0.0,-0.05737667914725613,0.03,1,1,1,0.0,0.3333333333333333,0.06457008150000002,-1,-1,-1,1.0,1.0,-1.0,0.0,-0.3333333333333333,0.10935000000000002,-1,-1,-1,0.356862745098039,0.694117647058824,0.803921568627451
165.87650299072266,0.0,-0.06081869873509465,0.03,1,1,1,0.0,0.3333333333333333,0.06457008150000002,-1,-1,-1,1.0,1.0,-1.0,0.0,-0.3333333333333333,0.10935000000000002,-1,-1,-1,0.356862745098039,0.694117647058824,0.803921568627451
165.91781854629517,0.0,-0.06426071832293317,0.03,1,1,1,0.0,0.3333333333333333,0.06457008150000002,-1,-1,-1,1.0,1.0,-1.0,0.0,-0.3333333333333333,0.10935000000000002,-1,-1,-1,0.356862745098039,0.694117647058824,0.803921568627451
165.95242071151733,0.0,-0.06770273791077171,0.03,1,1,1,0.0,0.3333333333333333,0.06457008150000002,-1,-1,-1,1.0,1.0,-1.0,0.0,-0.3333333333333333,0.10935000000000002,-1,-1,-1,0.356862745098039,0.694117647058824,0.803921568627451
165.98734593391418,0.0,-0.07114475749861024,0.03,1,1,1,0.0,0.3333333333333333,0.06457008150000002,-1,-1,-1,1.0,1.0,-1.0,0.0,-0.3333333333333333,0.10935000000000002,-1,-1,-1,0.356862745098039,0.694117647058824,0.803921568627451
166.026198387146,0.0,-0.07458677708644877,0.03,1,1,1,0.0,0.3333333333333333,0.06457008150000002,-1,-1,-1,1.0,1.0,-1.0,0.0,-0.3333333333333333,0.10935000000000002,-1,-1,-1,0.356862745098039,0.694117647058824,0.803921568627451
166.06171894073486,0.0,-0.0780287966742873,0.03,1,1,1,0.0,0.3333333333333333,0.06457008150000002,-1,-1,-1,1.0,1.0,-1.0,0.0,-0.3333333333333333,0.10935000000000002,-1,-1,-1,0.356862745098039,0.694117647058824,0.803921568627451
166.0982530117035,0.0,-0.08147081626212584,0.03,1,1,1,0.0,0.3333333333333333,0.06457008150000002,-1,-1,-1,1.0,1.0,-1.0,0.0,-0.3333333333333333,0.10935000000000002,-1,-1,-1,0.356862745098039,0.694117647058824,0.803921568627451
166.14019179344177,0.0,-0.08491283584996437,0.03,1,1,1,0.0,0.3333333333333333,0.06457008150000002,-1,-1,-1,1.0,1.0,-1.0,0.0,-0.3333333333333333,0.10935000000000002,-1,-1,-1,0.356862745098039,0.694117647058824,0.803921568627451
166.1747887134552,0.0,-0.0883548554378029,0.03,1,1,1,0.0,0.3333333333333333,0.06457008150000002,-1,-1,-1,1.0,1.0,-1.0,0.0,-0.3333333333333333,0.10935000000000002,-1,-1,-1,0.356862745098039,0.694117647058824,0.803921568627451
166.20947003364563,0.0,-0.09179687502564143,0.03,1,1,1,0.0,0.3333333333333333,0.06457008150000002,-1,-1,-1,1.0,1.0,-1.0,0.0,-0.3333333333333333,0.10935000000000002,-1,-1,-1,0.356862745098039,0.694117647058824,0.803921568627451
166.2446677684784,0.0,-0.09523889461347997,0.03,1,1,1,0.0,0.3333333333333333,0.06457008150000002,-1,-1,-1,1.0,1.0,-1.0,0.0,-0.3333333333333333,0.10935000000000002,-1,-1,-1,0.356862745098039,0.694117647058824,0.803921568627451
166.28586649894714,0.0,-0.0986809142013185,0.03,1,1,1,0.0,0.3333333333333333,0.06457008150000002,-1,-1,-1,1.0,1.0,-1.0,0.0,-0.3333333333333333,0.10935000000000002,-1,-1,-1,0.356862745098039,0.694117647058824,0.803921568627451
166.32064485549927,0.0,-0.10212293378915703,0.03,1,1,1,0.0,0.3333333333333333,0.06457008150000002,-1,-1,-1,1.0,1.0,-1.0,0.0,-0.3333333333333333,0.10935000000000002,-1,-1,-1,0.356862745098039,0.694117647058824,0.803921568627451
166.35547542572021,0.0,-0.10556495337699556,0.03,1,1,1,0.0,0.3333333333333333,0.06457008150000002,-1,-1,-1,1.0,1.0,-1.0,0.0,-0.3333333333333333,0.10935000000000002,-1,-1,-1,0.356862745098039,0.694117647058824,0.803921568627451
166.39449620246887,0.0,-0.1090069729648341,0.03,1,1,1,0.0,0.3333333333333333,0.06457008150000002,-1,-1,-1,1.0,1.0,-1.0,0.0,-0.3333333333333333,0.10935000000000002,-1,-1,-1,0.356862745098039,0.694117647058824,0.803921568627451
166.42932724952698,0.0,-0.11244899255267263,0.03,1,1,1,0.0,0.3333333333333333,0.06457008150000002,-1,-1,-1,1.0,1.0,-1.0,0.0,-0.3333333333333333,0.10935000000000002,-1,-1,-1,0.356862745098039,0.694117647058824,0.803921568627451
166.4655122756958,0.0,-0.11589101214051116,0.03,1,1,1,0.0,0.3333333333333333,0.06457008150000002,-1,-1,-1,1.0,1.0,-1.0,0.0,-0.3333333333333333,0.10935000000000002,-1,-1,-1,0.356862745098039,0.694117647058824,0.803921568627451
166.501074552536,0.0,-0.11282406097922487,0.03,1,1,1,0.0,0.3333333333333333,0.06457008150000002,-1,-1,-1,1.0,1.0,-1.0,0.0,-0.3333333333333333,0.10935000000000002,-1,-1,-1,0.356862745098039,0.694117647058824,0.803921568627451
166.53569388389587,0.0,-0.1054177959851887,0.03,1,1,1,0.0,0.3333333333333333,0.06457008150000002,-1,-1,-1,1.0,1.0,-1.0,0.0,-0.3333333333333333,0.10935000000000002,-1,-1,-1,0.356862745098039,0.694117647058824,0.803921568627451
166.57063698768616,0.0,-0.09801153099115253,0.03,1,1,1,0.0,0.3333333333333333,0.06457008150000002,-1,-1,-1,1.0,1.0,-1.0,0.0,-0.3333333333333333,0.10935000000000002,-1,-1,-1,0.356862745098039,0.694117647058824,0.803921568627451
166.6058497428894,0.0,-0.09060526599711637,0.03,1,1,1,0.0,0.3333333333333333,0.06457008150000002,-1,-1,-1,1.0,1.0,-1.0,0.0,-0.3333333333333333,0.10935000000000002,-1,-1,-1,0.356862745098039,0.694117647058824,0.803921568627451
166.64659810066223,0.0,-0.0831990010030802,0.03,1,1,1,0.0,0.3333333333333333,0.06457008150000002,-1,-1,-1,1.0,1.0,-1.0,0.0,-0.3333333333333333,0.10935000000000002,-1,-1,-1,0.356862745098039,0.694117647058824,0.803921568627451
166.6878445148468,0.0,-0.07579273600904403,0.03,1,1,1,0.0,0.3333333333333333,0.06457008150000002,-1,-1,-1,1.0,1.0,-1.0,0.0,-0.3333333333333333,0.10935000000000002,-1,-1,-1,0.356862745098039,0.694117647058824,0.803921568627451
166.72252798080444,0.0,-0.06838647101500786,0.03,1,1,1,0.0,0.3333333333333333,0.06457008150000002,-1,-1,-1,1.0,1.0,-1.0,0.0,-0.3333333333333333,0.10935000000000002,-1,-1,-1,0.356862745098039,0.694117647058824,0.803921568627451
166.75688433647156,0.0,-0.06098020602097169,0.03,1,1,1,0.0,0.3333333333333333,0.06457008150000002,-1,-1,-1,1.0,1.0,-1.0,0.0,-0.3333333333333333,0.10935000000000002,-1,-1,-1,0.356862745098039,0.694117647058824,0.803921568627451
166.7970609664917,0.0,-0.05357394102693552,0.03,1,1,1,0.0,0.3333333333333333,0.06457008150000002,-1,-1,-1,1.0,1.0,-1.0,0.0,-0.3333333333333333,0.10935000000000002,-1,-1,-1,0.356862745098039,0.694117647058824,0.803921568627451
166.83054280281067,0.0,-0.046167676032899355,0.03,1,1,1,0.0,0.3333333333333333,0.06457008150000002,-1,-1,-1,1.0,1.0,-1.0,0.0,-0.3333333333333333,0.10935000000000002,-1,-1,-1,0.356862745098039,0.694117647058824,0.803921568627451
166.8659918308258,0.0,-0.038761411038863186,0.03,1,1,1,0.0,0.3333333333333333,0.06457008150000002,-1,-1,-1,1.0,1.0,-1.0,0.0,-0.3333333333333333,0.10935000000000002,-1,-1,-1,0.356862745098039,0.694117647058824,0.803921568627451
166.9025821685791,0.0,-0.03135514604482702,0.03,1,1,1,0.0,0.3333333333333333,0.06457008150000002,-1,-1,-1,1.0,1.0,-1.0,0.0,-0.3333333333333333,0.10935000000000002,-1,-1,-1,0.356862745098039,0.694117647058824,0.803921568627451
166.9378364086151,0.0,-0.023948881050790866,0.03,1,1,1,0.0,0.3333333333333333,0.06457008150000002,-1,-1,-1,1.0,1.0,-1.0,0.0,-0.3333333333333333,0.10935000000000002,-1,-1,-1,0.356862745098039,0.694117647058824,0.803921568627451
166.97238969802856,0.0,-0.016542616056754715,0.03,1,1,1,0.0,0.3333333333333333,0.06457008150000002,-1,-1,-1,1.0,1.0,-1.0,0.0,-0.3333333333333333,0.10935000000000002,-1,-1,-1,0.356862745098039,0.694117647058824,0.803921568627451
167.00751185417175,0.0,-0.009136351062718564,0.03,1,1,1,0.0,0.3333333333333333,0.06457008150000002,-1,-1,-1,1.0,1.0,-1.0,0.0,-0.3333333333333333,0.10935000000000002,-1,-1,-1,0.356862745098039,0.694117647058824,0.803921568627451
167.04190135002136,0.0,-0.0017300860686824127,0.03,1,1,1,0.0,0.3333333333333333,0.06457008150000002,-1,-1,-1,1.0,1.0,-1.0,0.0,-0.3333333333333333,0.10935000000000002,-1,-1,-1,0.356862745098039,0.694117647058824,0.803921568627451
167.0841040611267,0.0,0.0056761789253537386,0.03,1,1,1,0.0,0.3333333333333333,0.06457008150000002,-1,-1,-1,1.0,1.0,-1.0,0.0,-0.3333333333333333,0.10935000000000002,-1,-1,-1,0.356862745098039,0.694117647058824,0.803921568627451
167.1181800365448,0.0,0.01308244391938989,0.03,1,1,1,0.0,0.3333333333333333,0.06457008150000002,-1,-1,-1,1.0,1.0,-1.0,0.0,-0.3333333333333333,0.10935000000000002,-1,-1,-1,0.356862745098039,0.694117647058824,0.803921568627451
167.15346765518188,0.0,0.02048870891342604,0.03,1,1,1,0.0,0.3333333333333333,0.06457008150000002,-1,-1,-1,1.0,1.0,-1.0,0.0,-0.3333333333333333,0.10935000000000002,-1,-1,-1,0.356862745098039,0.694117647058824,0.803921568627451
167.1879665851593,0.0,0.027894973907462192,0.03,1,1,1,0.0,0.3333333333333333,0.06457008150000002,-1,-1,-1,1.0,1.0,-1.0,0.0,-0.3333333333333333,0.10935000000000002,-1,-1,-1,0.356862745098039,0.694117647058824,0.803921568627451
167.22250413894653,0.0,0.03530123890149835,0.03,1,1,1,0.0,0.3333333333333333,0.06457008150000002,-1,-1,-1,1.0,1.0,-1.0,0.0,-0.3333333333333333,0.10935000000000002,-1,-1,-1,0.356862745098039,0.694117647058824,0.803921568627451
167.2573220729828,0.0,0.042707503895534515,0.03,1,1,1,0.0,0.3333333333333333,0.06457008150000002,-1,-1,-1,1.0,1.0,-1.0,0.0,-0.3333333333333333,0.10935000000000002,-1,-1,-1,0.356862745098039,0.694117647058824,0.803921568627451
167.30159163475037,0.0,0.050113768889570684,0.03,1,1,1,0.0,0.3333333333333333,0.06457008150000002,-1,-1,-1,1.0,1.0,-1.0,0.0,-0.3333333333333333,0.10935000000000002,-1,-1,-1,0.356862745098039,0.694117647058824,0.803921568627451
167.33437037467957,0.0,0.05752003388360685,0.03,1,1,1,0.0,0.3333333333333333,0.06457008150000002,-1,-1,-1,1.0,1.0,-1.0,0.0,-0.3333333333333333,0.10935000000000002,-1,-1,-1,0.356862745098039,0.694117647058824,0.803921568627451
167.36841440200806,0.0,0.06492629887764301,0.03,1,1,1,0.0,0.3333333333333333,0.06457008150000002,-1,-1,-1,1.0,1.0,-1.0,0.0,-0.3333333333333333,0.10935000000000002,-1,-1,-1,0.356862745098039,0.694117647058824,0.803921568627451
167.40345644950867,0.0,0.07233256387167918,0.03,1,1,1,0.0,0.3333333333333333,0.06457008150000002,-1,-1,-1,1.0,1.0,-1.0,0.0,-0.3333333333333333,0.10935000000000002,-1,-1,-1,0.356862745098039,0.694117647058824,0.803921568627451
167.43852519989014,0.0,0.07973882886571534,0.03,1,1,1,0.0,0.3333333333333333,0.06457008150000002,-1,-1,-1,1.0,1.0,-1.0,0.0,-0.3333333333333333,0.10935000000000002,-1,-1,-1,0.356862745098039,0.694117647058824,0.803921568627451
167.47279262542725,0.0,0.08714509385975151,0.03,1,1,1,0.0,0.3333333333333333,0.06457008150000002,-1,-1,-1,1.0,1.0,-1.0,0.0,-0.3333333333333333,0.10935000000000002,-1,-1,-1,0.356862745098039,0.694117647058824,0.803921568627451
167.5077862739563,0.0,0.09455135885378768,0.03,1,1,1,0.0,0.3333333333333333,0.06457008150000002,-1,-1,-1,1.0,1.0,-1.0,0.0,-0.3333333333333333,0.10935000000000002,-1,-1,-1,0.356862745098039,0.694117647058824,0.803921568627451
167.54266095161438,0.0,0.10195762384782385,0.03,1,1,1,0.0,0.3333333333333333,0.06457008150000002,-1,-1,-1,1.0,1.0,-1.0,0.0,-0.3333333333333333,0.10935000000000002,-1,-1,-1,0.356862745098039,0.694117647058824,0.803921568627451
167.57737016677856,0.0,0.10936388884186002,0.03,1,1,1,0.0,0.3333333333333333,0.06457008150000002,-1,-1,-1,1.0,1.0,-1.0,0.0,-0.3333333333333333,0.10935000000000002,-1,-1,-1,0.356862745098039,0.694117647058824,0.803921568627451
167.61172580718994,0.0,0.11677015383589619,0.03,1,1,1,0.0,0.3333333333333333,0.06457008150000002,-1,-1,-1,1.0,1.0,-1.0,0.0,-0.3333333333333333,0.10935000000000002,-1,-1,-1,0.356862745098039,0.694117647058824,0.803921568627451
167.64730262756348,0.0,0.12417641882993241,0.03,1,1,1,0.0,0.3333333333333333,0.06457008150000002,-1,-1,-1,1.0,1.0,-1.0,0.0,-0.3333333333333333,0.10935000000000002,-1,-1,-1,0.356862745098039,0.694117647058824,0.803921568627451
167.68875455856323,0.0,0.1315826838239685,0.03,1,1,1,0.0,0.3333333333333333,0.06457008150000002,-1,-1,-1,1.0,1.0,-1.0,0.0,-0.3333333333333333,0.10935000000000002,-1,-1,-1,0.356862745098039,0.694117647058824,0.803921568627451
167.73041701316833,0.0,0.13232013909724435,0.03,1,1,1,0.0,0.3333333333333333,0.06457008150000002,-1,-1,-1,1.0,1.0,-1.0,0.0,-0.3333333333333333,0.10935000000000002,-1,-1,-1,0.356862745098039,0.694117647058824,0.803921568627451
167.77073693275452,0.0,0.1330575943705202,0.03,1,1,1,0.0,0.3333333333333333,0.06457008150000002,-1,-1,-1,1.0,1.0,-1.0,0.0,-0.3333333333333333,0.10935000000000002,-1,-1,-1,0.356862745098039,0.694117647058824,0.803921568627451
167.80383563041687,0.0,0.13379504964379604,0.03,1,1,1,0.0,0.3333333333333333,0.06457008150000002,-1,-1,-1,1.0,1.0,-1.0,0.0,-0.3333333333333333,0.10935000000000002,-1,-1,-1,0.356862745098039,0.694117647058824,0.803921568627451
167.83871054649353,0.0,0.1345325049170719,0.03,1,1,1,0.0,0.3333333333333333,0.06457008150000002,-1,-1,-1,1.0,1.0,-1.0,0.0,-0.3333333333333333,0.10935000000000002,-1,-1,-1,0.356862745098039,0.694117647058824,0.803921568627451
167.87620091438293,0.0,0.13526996019034773,0.03,1,1,1,0.0,0.3333333333333333,0.06457008150000002,-1,-1,-1,1.0,1.0,-1.0,0.0,-0.3333333333333333,0.10935000000000002,-1,-1,-1,0.356862745098039,0.694117647058824,0.803921568627451
167.910964012146,0.0,0.13600741546362358,0.03,1,1,1,0.0,0.3333333333333333,0.06457008150000002,-1,-1,-1,1.0,1.0,-1.0,0.0,-0.3333333333333333,0.10935000000000002,-1,-1,-1,0.356862745098039,0.694117647058824,0.803921568627451
167.94587659835815,0.0,0.13674487073689942,0.03,1,1,1,0.0,0.3333333333333333,0.06457008150000002,-1,-1,-1,1.0,1.0,-1.0,0.0,-0.3333333333333333,0.10935000000000002,-1,-1,-1,0.356862745098039,0.694117647058824,0.803921568627451
167.98084473609924,0.0,0.13748232601017527,0.03,1,1,1,0.0,0.3333333333333333,0.06457008150000002,-1,-1,-1,1.0,1.0,-1.0,0.0,-0.3333333333333333,0.10935000000000002,-1,-1,-1,0.356862745098039,0.694117647058824,0.803921568627451
168.0226604938507,0.0,0.1382197812834511,0.03,1,1,1,0.0,0.3333333333333333,0.06457008150000002,-1,-1,-1,1.0,1.0,-1.0,0.0,-0.3333333333333333,0.10935000000000002,-1,-1,-1,0.356862745098039,0.694117647058824,0.803921568627451
168.06379914283752,0.0,0.13895723655672695,0.03,1,1,1,0.0,0.3333333333333333,0.06457008150000002,-1,-1,-1,1.0,1.0,-1.0,0.0,-0.3333333333333333,0.10935000000000002,-1,-1,-1,0.356862745098039,0.694117647058824,0.803921568627451
168.0985813140869,0.0,0.1396946918300028,0.03,1,1,1,0.0,0.3333333333333333,0.06457008150000002,-1,-1,-1,1.0,1.0,-1.0,0.0,-0.3333333333333333,0.10935000000000002,-1,-1,-1,0.356862745098039,0.694117647058824,0.803921568627451
168.13333296775818,0.0,0.14043214710327864,0.03,1,1,1,0.0,0.3333333333333333,0.06457008150000002,-1,-1,-1,1.0,1.0,-1.0,0.0,-0.3333333333333333,0.10935000000000002,-1,-1,-1,0.356862745098039,0.694117647058824,0.803921568627451
168.17339658737183,0.0,0.1411696023765545,0.03,1,1,1,0.0,0.3333333333333333,0.06457008150000002,-1,-1,-1,1.0,1.0,-1.0,0.0,-0.3333333333333333,0.10935000000000002,-1,-1,-1,0.356862745098039,0.694117647058824,0.803921568627451
168.20668768882751,0.0,0.14190705764983033,0.03,1,1,1,0.0,0.3333333333333333,0.06457008150000002,-1,-1,-1,1.0,1.0,-1.0,0.0,-0.3333333333333333,0.10935000000000002,-1,-1,-1,0.356862745098039,0.694117647058824,0.803921568627451
168.24056434631348,0.0,0.14264451292310618,0.03,1,1,1,0.0,0.3333333333333333,0.06457008150000002,-1,-1,-1,1.0,1.0,-1.0,0.0,-0.3333333333333333,0.10935000000000002,-1,-1,-1,0.356862745098039,0.694117647058824,0.803921568627451
168.2786831855774,0.0,0.14338196819638202,0.03,1,1,1,0.0,0.3333333333333333,0.06457008150000002,-1,-1,-1,1.0,1.0,-1.0,0.0,-0.3333333333333333,0.10935000000000002,-1,-1,-1,0.356862745098039,0.694117647058824,0.803921568627451
168.31429409980774,0.0,0.14411942346965786,0.03,1,1,1,0.0,0.3333333333333333,0.06457008150000002,-1,-1,-1,1.0,1.0,-1.0,0.0,-0.3333333333333333,0.10935000000000002,-1,-1,-1,0.356862745098039,0.694117647058824,0.803921568627451
168.34864377975464,0.0,0.1448568787429337,0.03,1,1,1,0.0,0.3333333333333333,0.06457008150000002,-1,-1,-1,1.0,1.0,-1.0,0.0,-0.3333333333333333,0.10935000000000002,-1,-1,-1,0.356862745098039,0.694117647058824,0.803921568627451
168.38267731666565,0.0,0.14559433401620955,0.03,1,1,1,0.0,0.3333333333333333,0.06457008150000002,-1,-1,-1,1.0,1.0,-1.0,0.0,-0.3333333333333333,0.10935000000000002,-1,-1,-1,0.356862745098039,0.694117647058824,0.803921568627451
168.42437839508057,0.0,0.1463317892894854,0.03,1,1,1,0.0,0.3333333333333333,0.06457008150000002,-1,-1,-1,1.0,1.0,-1.0,0.0,-0.3333333333333333,0.10935000000000002,-1,-1,-1,0.356862745098039,0.694117647058824,0.803921568627451
168.4668092727661,0.0,0.14706924456276124,0.03,1,1,1,0.0,0.3333333333333333,0.06457008150000002,-1,-1,-1,1.0,1.0,-1.0,0.0,-0.3333333333333333,0.10935000000000002,-1,-1,-1,0.356862745098039,0.694117647058824,0.803921568627451
168.50183248519897,0.0,0.1478066998360371,0.03,1,1,1,0.0,0.3333333333333333,0.06457008150000002,-1,-1,-1,1.0,1.0,-1.0,0.0,-0.3333333333333333,0.10935000000000002,-1,-1,-1,0.356862745098039,0.694117647058824,0.803921568627451
168.5410032272339,0.0,0.14854415510931293,0.03,1,1,1,0.0,0.3333333333333333,0.06457008150000002,-1,-1,-1,1.0,1.0,-1.0,0.0,-0.3333333333333333,0.10935000000000002,-1,-1,-1,0.356862745098039,0.694117647058824,0.803921568627451
168.57465267181396,0.0,0.14928161038258878,0.03,1,1,1,0.0,0.3333333333333333,0.06457008150000002,-1,-1,-1,1.0,1.0,-1.0,0.0,-0.3333333333333333,0.10935000000000002,-1,-1,-1,0.356862745098039,0.694117647058824,0.803921568627451
168.60932087898254,0.0,0.15001906565586462,0.03,1,1,1,0.0,0.3333333333333333,0.06457008150000002,-1,-1,-1,1.0,1.0,-1.0,0.0,-0.3333333333333333,0.10935000000000002,-1,-1,-1,0.356862745098039,0.694117647058824,0.803921568627451
168.64639496803284,0.0,0.15075652092914046,0.03,1,1,1,0.0,0.3333333333333333,0.06457008150000002,-1,-1,-1,1.0,1.0,-1.0,0.0,-0.3333333333333333,0.10935000000000002,-1,-1,-1,0.356862745098039,0.694117647058824,0.803921568627451
168.68135857582092,0.0,0.1514939762024163,0.03,1,1,1,0.0,0.3333333333333333,0.06457008150000002,-1,-1,-1,1.0,1.0,-1.0,0.0,-0.3333333333333333,0.10935000000000002,-1,-1,-1,0.356862745098039,0.694117647058824,0.803921568627451
168.71601915359497,0.0,0.15223143147569215,0.03,1,1,1,0.0,0.3333333333333333,0.06457008150000002,-1,-1,-1,1.0,1.0,-1.0,0.0,-0.3333333333333333,0.10935000000000002,-1,-1,-1,0.356862745098039,0.694117647058824,0.803921568627451
168.75132131576538,0.0,0.152968886748968,0.03,1,1,1,0.0,0.3333333333333333,0.06457008150000002,-1,-1,-1,1.0,1.0,-1.0,0.0,-0.3333333333333333,0.10935000000000002,-1,-1,-1,0.356862745098039,0.694117647058824,0.803921568627451
168.79297375679016,0.0,0.15370634202224384,0.03,1,1,1,0.0,0.3333333333333333,0.06457008150000002,-1,-1,-1,1.0,1.0,-1.0,0.0,-0.3333333333333333,0.10935000000000002,-1,-1,-1,0.356862745098039,0.694117647058824,0.803921568627451
168.83486247062683,0.0,0.15444379729551969,0.03,1,1,1,0.0,0.3333333333333333,0.06457008150000002,-1,-1,-1,1.0,1.0,-1.0,0.0,-0.3333333333333333,0.10935000000000002,-1,-1,-1,0.356862745098039,0.694117647058824,0.803921568627451
168.86948800086975,0.0,0.15518125256879553,0.03,1,1,1,0.0,0.3333333333333333,0.06457008150000002,-1,-1,-1,1.0,1.0,-1.0,0.0,-0.3333333333333333,0.10935000000000002,-1,-1,-1,0.356862745098039,0.694117647058824,0.803921568627451
168.90844106674194,0.0,0.15600873874746393,0.03,1,1,1,0.0,0.3333333333333333,0.06457008150000002,-1,-1,-1,1.0,1.0,-1.0,0.0,-0.3333333333333333,0.10935000000000002,-1,-1,-1,0.356862745098039,0.694117647058824,0.803921568627451
168.9434666633606,0.0,0.15697127128422117,0.03,1,1,1,0.0,0.3333333333333333,0.06457008150000002,-1,-1,-1,1.0,1.0,-1.0,0.0,-0.3333333333333333,0.10935000000000002,-1,-1,-1,0.356862745098039,0.694117647058824,0.803921568627451
168.98059821128845,0.0,0.1579338038209784,0.03,1,1,1,0.0,0.3333333333333333,0.06457008150000002,-1,-1,-1,1.0,1.0,-1.0,0.0,-0.3333333333333333,0.10935000000000002,-1,-1,-1,0.356862745098039,0.694117647058824,0.803921568627451
169.02893495559692,0.0,0.15889633635773565,0.03,1,1,1,0.0,0.3333333333333333,0.06457008150000002,-1,-1,-1,1.0,1.0,-1.0,0.0,-0.3333333333333333,0.10935000000000002,-1,-1,-1,0.356862745098039,0.694117647058824,0.803921568627451
169.06378149986267,0.0,0.15985886889449288,0.03,1,1,1,0.0,0.3333333333333333,0.06457008150000002,-1,-1,-1,1.0,1.0,-1.0,0.0,-0.3333333333333333,0.10935000000000002,-1,-1,-1,0.356862745098039,0.694117647058824,0.803921568627451
169.09791588783264,0.0,0.16082140143125012,0.03,1,1,1,0.0,0.3333333333333333,0.06457008150000002,-1,-1,-1,1.0,1.0,-1.0,0.0,-0.3333333333333333,0.10935000000000002,-1,-1,-1,0.356862745098039,0.694117647058824,0.803921568627451
169.13309288024902,0.0,0.16178393396800736,0.03,1,1,1,0.0,0.3333333333333333,0.06457008150000002,-1,-1,-1,1.0,1.0,-1.0,0.0,-0.3333333333333333,0.10935000000000002,-1,-1,-1,0.356862745098039,0.694117647058824,0.803921568627451
169.16768431663513,0.0,0.1627464665047646,0.03,1,1,1,0.0,0.3333333333333333,0.06457008150000002,-1,-1,-1,1.0,1.0,-1.0,0.0,-0.3333333333333333,0.10935000000000002,-1,-1,-1,0.356862745098039,0.694117647058824,0.803921568627451
169.21270298957825,0.0,0.16370899904152184,0.03,1,1,1,0.0,0.3333333333333333,0.06457008150000002,-1,-1,-1,1.0,1.0,-1.0,0.0,-0.3333333333333333,0.10935000000000002,-1,-1,-1,0.356862745098039,0.694117647058824,0.803921568627451
169.25159764289856,0.0,0.16467153157827907,0.03,1,1,1,0.0,0.3333333333333333,0.06457008150000002,-1,-1,-1,1.0,1.0,-1.0,0.0,-0.3333333333333333,0.10935000000000002,-1,-1,-1,0.356862745098039,0.694117647058824,0.803921568627451
169.2858681678772,0.0,0.1656340641150363,0.03,1,1,1,0.0,0.3333333333333333,0.06457008150000002,-1,-1,-1,1.0,1.0,-1.0,0.0,-0.3333333333333333,0.10935000000000002,-1,-1,-1,0.356862745098039,0.694117647058824,0.803921568627451
169.320561170578,0.0,0.16659659665179355,0.03,1,1,1,0.0,0.3333333333333333,0.06457008150000002,-1,-1,-1,1.0,1.0,-1.0,0.0,-0.3333333333333333,0.10935000000000002,-1,-1,-1,0.356862745098039,0.694117647058824,0.803921568627451
169.36267518997192,0.0,0.1675591291885508,0.03,1,1,1,0.0,0.3333333333333333,0.06457008150000002,-1,-1,-1,1.0,1.0,-1.0,0.0,-0.3333333333333333,0.10935000000000002,-1,-1,-1,0.356862745098039,0.694117647058824,0.803921568627451
169.40447473526,0.0,0.16852166172530803,0.03,1,1,1,0.0,0.3333333333333333,0.06457008150000002,-1,-1,-1,1.0,1.0,-1.0,0.0,-0.3333333333333333,0.10935000000000002,-1,-1,-1,0.356862745098039,0.694117647058824,0.803921568627451
169.4482991695404,0.0,0.16948419426206526,0.03,1,1,1,0.0,0.3333333333333333,0.06457008150000002,-1,-1,-1,1.0,1.0,-1.0,0.0,-0.3333333333333333,0.10935000000000002,-1,-1,-1,0.356862745098039,0.694117647058824,0.803921568627451
169.48085021972656,0.0,0.1704467267988225,0.03,1,1,1,0.0,0.3333333333333333,0.06457008150000002,-1,-1,-1,1.0,1.0,-1.0,0.0,-0.3333333333333333,0.10935000000000002,-1,-1,-1,0.356862745098039,0.694117647058824,0.803921568627451
169.5145547389984,0.0,0.17140925933557974,0.03,1,1,1,0.0,0.3333333333333333,0.06457008150000002,-1,-1,-1,1.0,1.0,-1.0,0.0,-0.3333333333333333,0.10935000000000002,-1,-1,-1,0.356862745098039,0.694117647058824,0.803921568627451
169.55023288726807,0.0,0.17237179187233698,0.03,1,1,1,0.0,0.3333333333333333,0.06457008150000002,-1,-1,-1,1.0,1.0,-1.0,0.0,-0.3333333333333333,0.10935000000000002,-1,-1,-1,0.356862745098039,0.694117647058824,0.803921568627451
169.58429861068726,0.0,0.17333432440909421,0.03,1,1,1,0.0,0.3333333333333333,0.06457008150000002,-1,-1,-1,1.0,1.0,-1.0,0.0,-0.3333333333333333,0.10935000000000002,-1,-1,-1,0.356862745098039,0.694117647058824,0.803921568627451
169.6257448196411,0.0,0.17429685694585145,0.03,1,1,1,0.0,0.3333333333333333,0.06457008150000002,-1,-1,-1,1.0,1.0,-1.0,0.0,-0.3333333333333333,0.10935000000000002,-1,-1,-1,0.356862745098039,0.694117647058824,0.803921568627451
169.66100239753723,0.0,0.1752593894826087,0.03,1,1,1,0.0,0.3333333333333333,0.06457008150000002,-1,-1,-1,1.0,1.0,-1.0,0.0,-0.3333333333333333,0.10935000000000002,-1,-1,-1,0.356862745098039,0.694117647058824,0.803921568627451
169.6953227519989,0.0,0.17622192201936593,0.03,1,1,1,0.0,0.3333333333333333,0.06457008150000002,-1,-1,-1,1.0,1.0,-1.0,0.0,-0.3333333333333333,0.10935000000000002,-1,-1,-1,0.356862745098039,0.694117647058824,0.803921568627451
169.73039197921753,0.0,0.17718445455612317,0.03,1,1,1,0.0,0.3333333333333333,0.06457008150000002,-1,-1,-1,1.0,1.0,-1.0,0.0,-0.3333333333333333,0.10935000000000002,-1,-1,-1,0.356862745098039,0.694117647058824,0.803921568627451
169.76419353485107,0.0,0.1781469870928804,0.03,1,1,1,0.0,0.3333333333333333,0.06457008150000002,-1,-1,-1,1.0,1.0,-1.0,0.0,-0.3333333333333333,0.10935000000000002,-1,-1,-1,0.356862745098039,0.694117647058824,0.803921568627451
169.80660104751587,0.0,0.17910951962963764,0.03,1,1,1,0.0,0.3333333333333333,0.06457008150000002,-1,-1,-1,1.0,1.0,-1.0,0.0,-0.3333333333333333,0.10935000000000002,-1,-1,-1,0.356862745098039,0.694117647058824,0.803921568627451
169.8409788608551,0.0,0.18007205216639488,0.03,1,1,1,0.0,0.3333333333333333,0.06457008150000002,-1,-1,-1,1.0,1.0,-1.0,0.0,-0.3333333333333333,0.10935000000000002,-1,-1,-1,0.356862745098039,0.694117647058824,0.803921568627451
169.87566232681274,0.0,0.18103458470315212,0.03,1,1,1,0.0,0.3333333333333333,0.06457008150000002,-1,-1,-1,1.0,1.0,-1.0,0.0,-0.3333333333333333,0.10935000000000002,-1,-1,-1,0.356862745098039,0.694117647058824,0.803921568627451
169.910542011261,0.0,0.18199711723990936,0.03,1,1,1,0.0,0.3333333333333333,0.06457008150000002,-1,-1,-1,1.0,1.0,-1.0,0.0,-0.3333333333333333,0.10935000000000002,-1,-1,-1,0.356862745098039,0.694117647058824,0.803921568627451
169.94885659217834,0.0,0.1829596497766666,0.03,1,1,1,0.0,0.3333333333333333,0.06457008150000002,-1,-1,-1,1.0,1.0,-1.0,0.0,-0.3333333333333333,0.10935000000000002,-1,-1,-1,0.356862745098039,0.694117647058824,0.803921568627451
169.9835033416748,0.0,0.18392218231342383,0.03,1,1,1,0.0,0.3333333333333333,0.06457008150000002,-1,-1,-1,1.0,1.0,-1.0,0.0,-0.3333333333333333,0.10935000000000002,-1,-1,-1,0.356862745098039,0.694117647058824,0.803921568627451
170.0218300819397,0.0,0.18488471485018107,0.03,1,1,1,0.0,0.3333333333333333,0.06457008150000002,-1,-1,-1,1.0,1.0,-1.0,0.0,-0.3333333333333333,0.10935000000000002,-1,-1,-1,0.356862745098039,0.694117647058824,0.803921568627451
170.05560040473938,0.0,0.1858472473869383,0.03,1,1,1,0.0,0.3333333333333333,0.06457008150000002,-1,-1,-1,1.0,1.0,-1.0,0.0,-0.3333333333333333,0.10935000000000002,-1,-1,-1,0.356862745098039,0.694117647058824,0.803921568627451
170.09176445007324,0.0,0.18680977992369555,0.03,1,1,1,0.0,0.3333333333333333,0.06457008150000002,-1,-1,-1,1.0,1.0,-1.0,0.0,-0.3333333333333333,0.10935000000000002,-1,-1,-1,0.356862745098039,0.694117647058824,0.803921568627451
170.12641263008118,0.0,0.18424113153857868,0.03,1,1,1,0.0,0.3333333333333333,0.06457008150000002,-1,-1,-1,1.0,1.0,-1.0,0.0,-0.3333333333333333,0.10935000000000002,-1,-1,-1,0.356862745098039,0.694117647058824,0.803921568627451
170.16770553588867,0.0,0.18167248315346182,0.03,1,1,1,0.0,0.3333333333333333,0.06457008150000002,-1,-1,-1,1.0,1.0,-1.0,0.0,-0.3333333333333333,0.10935000000000002,-1,-1,-1,0.356862745098039,0.694117647058824,0.803921568627451
170.20970749855042,0.0,0.17910383476834496,0.03,1,1,1,0.0,0.3333333333333333,0.06457008150000002,-1,-1,-1,1.0,1.0,-1.0,0.0,-0.3333333333333333,0.10935000000000002,-1,-1,-1,0.356862745098039,0.694117647058824,0.803921568627451
170.2445719242096,0.0,0.1765351863832281,0.03,1,1,1,0.0,0.3333333333333333,0.06457008150000002,-1,-1,-1,1.0,1.0,-1.0,0.0,-0.3333333333333333,0.10935000000000002,-1,-1,-1,0.356862745098039,0.694117647058824,0.803921568627451
170.27883958816528,0.0,0.17396653799811124,0.03,1,1,1,0.0,0.3333333333333333,0.06457008150000002,-1,-1,-1,1.0,1.0,-1.0,0.0,-0.3333333333333333,0.10935000000000002,-1,-1,-1,0.356862745098039,0.694117647058824,0.803921568627451
170.3178653717041,0.0,0.17139788961299438,0.03,1,1,1,0.0,0.3333333333333333,0.06457008150000002,-1,-1,-1,1.0,1.0,-1.0,0.0,-0.3333333333333333,0.10935000000000002,-1,-1,-1,0.356862745098039,0.694117647058824,0.803921568627451
170.35351395606995,0.0,0.1688292412278775,0.03,1,1,1,0.0,0.3333333333333333,0.06457008150000002,-1,-1,-1,1.0,1.0,-1.0,0.0,-0.3333333333333333,0.10935000000000002,-1,-1,-1,0.356862745098039,0.694117647058824,0.803921568627451
170.39088106155396,0.0,0.16626059284276065,0.03,1,1,1,0.0,0.3333333333333333,0.06457008150000002,-1,-1,-1,1.0,1.0,-1.0,0.0,-0.3333333333333333,0.10935000000000002,-1,-1,-1,0.356862745098039,0.694117647058824,0.803921568627451
170.43171381950378,0.0,0.1636919444576438,0.03,1,1,1,0.0,0.3333333333333333,0.06457008150000002,-1,-1,-1,1.0,1.0,-1.0,0.0,-0.3333333333333333,0.10935000000000002,-1,-1,-1,0.356862745098039,0.694117647058824,0.803921568627451
170.46741127967834,0.0,0.16112329607252693,0.03,1,1,1,0.0,0.3333333333333333,0.06457008150000002,-1,-1,-1,1.0,1.0,-1.0,0.0,-0.3333333333333333,0.10935000000000002,-1,-1,-1,0.356862745098039,0.694117647058824,0.803921568627451
170.5011854171753,0.0,0.15855464768741007,0.03,1,1,1,0.0,0.3333333333333333,0.06457008150000002,-1,-1,-1,1.0,1.0,-1.0,0.0,-0.3333333333333333,0.10935000000000002,-1,-1,-1,0.356862745098039,0.694117647058824,0.803921568627451
170.5360622406006,0.0,0.1559859993022932,0.03,1,1,1,0.0,0.3333333333333333,0.06457008150000002,-1,-1,-1,1.0,1.0,-1.0,0.0,-0.3333333333333333,0.10935000000000002,-1,-1,-1,0.356862745098039,0.694117647058824,0.803921568627451
170.57776594161987,0.0,0.15341735091717634,0.03,1,1,1,0.0,0.3333333333333333,0.06457008150000002,-1,-1,-1,1.0,1.0,-1.0,0.0,-0.3333333333333333,0.10935000000000002,-1,-1,-1,0.356862745098039,0.694117647058824,0.803921568627451
170.6213014125824,0.0,0.15084870253205948,0.03,1,1,1,0.0,0.3333333333333333,0.06457008150000002,-1,-1,-1,1.0,1.0,-1.0,0.0,-0.3333333333333333,0.10935000000000002,-1,-1,-1,0.356862745098039,0.694117647058824,0.803921568627451
170.65525269508362,0.0,0.14828005414694262,0.03,1,1,1,0.0,0.3333333333333333,0.06457008150000002,-1,-1,-1,1.0,1.0,-1.0,0.0,-0.3333333333333333,0.10935000000000002,-1,-1,-1,0.356862745098039,0.694117647058824,0.803921568627451
170.6889066696167,0.0,0.14571140576182576,0.03,1,1,1,0.0,0.3333333333333333,0.06457008150000002,-1,-1,-1,1.0,1.0,-1.0,0.0,-0.3333333333333333,0.10935000000000002,-1,-1,-1,0.356862745098039,0.694117647058824,0.803921568627451
170.7242031097412,0.0,0.1431427573767089,0.03,1,1,1,0.0,0.3333333333333333,0.06457008150000002,-1,-1,-1,1.0,1.0,-1.0,0.0,-0.3333333333333333,0.10935000000000002,-1,-1,-1,0.356862745098039,0.694117647058824,0.803921568627451
170.7586510181427,0.0,0.14057410899159203,0.03,1,1,1,0.0,0.3333333333333333,0.06457008150000002,-1,-1,-1,1.0,1.0,-1.0,0.0,-0.3333333333333333,0.10935000000000002,-1,-1,-1,0.356862745098039,0.694117647058824,0.803921568627451
170.80681777000427,0.0,0.13800546060647517,0.03,1,1,1,0.0,0.3333333333333333,0.06457008150000002,-1,-1,-1,1.0,1.0,-1.0,0.0,-0.3333333333333333,0.10935000000000002,-1,-1,-1,0.356862745098039,0.694117647058824,0.803921568627451
170.8416657447815,0.0,0.1354368122213583,0.03,1,1,1,0.0,0.3333333333333333,0.06457008150000002,-1,-1,-1,1.0,1.0,-1.0,0.0,-0.3333333333333333,0.10935000000000002,-1,-1,-1,0.356862745098039,0.694117647058824,0.803921568627451
170.87641310691833,0.0,0.13286816383624145,0.03,1,1,1,0.0,0.3333333333333333,0.06457008150000002,-1,-1,-1,1.0,1.0,-1.0,0.0,-0.3333333333333333,0.10935000000000002,-1,-1,-1,0.356862745098039,0.694117647058824,0.803921568627451
170.911057472229,0.0,0.1302995154511246,0.03,1,1,1,0.0,0.3333333333333333,0.06457008150000002,-1,-1,-1,1.0,1.0,-1.0,0.0,-0.3333333333333333,0.10935000000000002,-1,-1,-1,0.356862745098039,0.694117647058824,0.803921568627451
170.95564889907837,0.0,0.12773086706600772,0.03,1,1,1,0.0,0.3333333333333333,0.06457008150000002,-1,-1,-1,1.0,1.0,-1.0,0.0,-0.3333333333333333,0.10935000000000002,-1,-1,-1,0.356862745098039,0.694117647058824,0.803921568627451
170.9943675994873,0.0,0.12516221868089086,0.03,1,1,1,0.0,0.3333333333333333,0.06457008150000002,-1,-1,-1,1.0,1.0,-1.0,0.0,-0.3333333333333333,0.10935000000000002,-1,-1,-1,0.356862745098039,0.694117647058824,0.803921568627451
171.029194355011,0.0,0.12259357029577406,0.03,1,1,1,0.0,0.3333333333333333,0.06457008150000002,-1,-1,-1,1.0,1.0,-1.0,0.0,-0.3333333333333333,0.10935000000000002,-1,-1,-1,0.356862745098039,0.694117647058824,0.803921568627451
171.06370735168457,0.0,0.12002492191065733,0.03,1,1,1,0.0,0.3333333333333333,0.06457008150000002,-1,-1,-1,1.0,1.0,-1.0,0.0,-0.3333333333333333,0.10935000000000002,-1,-1,-1,0.356862745098039,0.694117647058824,0.803921568627451
171.09793519973755,0.0,0.11745627352554051,0.03,1,1,1,0.0,0.3333333333333333,0.06457008150000002,-1,-1,-1,1.0,1.0,-1.0,0.0,-0.3333333333333333,0.10935000000000002,-1,-1,-1,0.356862745098039,0.694117647058824,0.803921568627451
171.14007019996643,0.0,0.11488762514042372,0.03,1,1,1,0.0,0.3333333333333333,0.06457008150000002,-1,-1,-1,1.0,1.0,-1.0,0.0,-0.3333333333333333,0.10935000000000002,-1,-1,-1,0.356862745098039,0.694117647058824,0.803921568627451
171.1817591190338,0.0,0.11231897675530693,0.03,1,1,1,0.0,0.3333333333333333,0.06457008150000002,-1,-1,-1,1.0,1.0,-1.0,0.0,-0.3333333333333333,0.10935000000000002,-1,-1,-1,0.356862745098039,0.694117647058824,0.803921568627451
171.21658325195312,0.0,0.10975032837019014,0.03,1,1,1,0.0,0.3333333333333333,0.06457008150000002,-1,-1,-1,1.0,1.0,-1.0,0.0,-0.3333333333333333,0.10935000000000002,-1,-1,-1,0.356862745098039,0.694117647058824,0.803921568627451
171.251229763031,0.0,0.10718167998507334,0.03,1,1,1,0.0,0.3333333333333333,0.06457008150000002,-1,-1,-1,1.0,1.0,-1.0,0.0,-0.3333333333333333,0.10935000000000002,-1,-1,-1,0.356862745098039,0.694117647058824,0.803921568627451
171.28962469100952,0.0,0.10461303159995655,0.03,1,1,1,0.0,0.3333333333333333,0.06457008150000002,-1,-1,-1,1.0,1.0,-1.0,0.0,-0.3333333333333333,0.10935000000000002,-1,-1,-1,0.356862745098039,0.694117647058824,0.803921568627451
171.32530045509338,0.0,0.1059669440160803,0.03,1,1,1,0.0,0.3333333333333333,0.06457008150000002,-1,-1,-1,1.0,1.0,-1.0,0.0,-0.3333333333333333,0.10935000000000002,-1,-1,-1,0.356862745098039,0.694117647058824,0.803921568627451
171.3639271259308,0.0,0.10830149663251418,0.03,1,1,1,0.0,0.3333333333333333,0.06457008150000002,-1,-1,-1,1.0,1.0,-1.0,0.0,-0.3333333333333333,0.10935000000000002,-1,-1,-1,0.356862745098039,0.694117647058824,0.803921568627451
171.40403413772583,0.0,0.11063604924894806,0.03,1,1,1,0.0,0.3333333333333333,0.06457008150000002,-1,-1,-1,1.0,1.0,-1.0,0.0,-0.3333333333333333,0.10935000000000002,-1,-1,-1,0.356862745098039,0.694117647058824,0.803921568627451
171.43868231773376,0.0,0.11297060186538194,0.03,1,1,1,0.0,0.3333333333333333,0.06457008150000002,-1,-1,-1,1.0,1.0,-1.0,0.0,-0.3333333333333333,0.10935000000000002,-1,-1,-1,0.356862745098039,0.694117647058824,0.803921568627451
171.47255730628967,0.0,0.11530515448181582,0.03,1,1,1,0.0,0.3333333333333333,0.06457008150000002,-1,-1,-1,1.0,1.0,-1.0,0.0,-0.3333333333333333,0.10935000000000002,-1,-1,-1,0.356862745098039,0.694117647058824,0.803921568627451
171.50724530220032,0.0,0.1176397070982497,0.03,1,1,1,0.0,0.3333333333333333,0.06457008150000002,-1,-1,-1,1.0,1.0,-1.0,0.0,-0.3333333333333333,0.10935000000000002,-1,-1,-1,0.356862745098039,0.694117647058824,0.803921568627451
171.54905796051025,0.0,0.11997425971468356,0.03,1,1,1,0.0,0.3333333333333333,0.06457008150000002,-1,-1,-1,1.0,1.0,-1.0,0.0,-0.3333333333333333,0.10935000000000002,-1,-1,-1,0.356862745098039,0.694117647058824,0.803921568627451
171.59295439720154,0.0,0.1223088123311174,0.03,1,1,1,0.0,0.3333333333333333,0.06457008150000002,-1,-1,-1,1.0,1.0,-1.0,0.0,-0.3333333333333333,0.10935000000000002,-1,-1,-1,0.356862745098039,0.694117647058824,0.803921568627451
171.62760162353516,0.0,0.12464336494755125,0.03,1,1,1,0.0,0.3333333333333333,0.06457008150000002,-1,-1,-1,1.0,1.0,-1.0,0.0,-0.3333333333333333,0.10935000000000002,-1,-1,-1,0.356862745098039,0.694117647058824,0.803921568627451
171.66032218933105,0.0,0.1269779175639852,0.03,1,1,1,0.0,0.3333333333333333,0.06457008150000002,-1,-1,-1,1.0,1.0,-1.0,0.0,-0.3333333333333333,0.10935000000000002,-1,-1,-1,0.356862745098039,0.694117647058824,0.803921568627451
171.69596695899963,0.0,0.12931247018041914,0.03,1,1,1,0.0,0.3333333333333333,0.06457008150000002,-1,-1,-1,1.0,1.0,-1.0,0.0,-0.3333333333333333,0.10935000000000002,-1,-1,-1,0.356862745098039,0.694117647058824,0.803921568627451
171.73025679588318,0.0,0.13164702279685309,0.03,1,1,1,0.0,0.3333333333333333,0.06457008150000002,-1,-1,-1,1.0,1.0,-1.0,0.0,-0.3333333333333333,0.10935000000000002,-1,-1,-1,0.356862745098039,0.694117647058824,0.803921568627451
171.76544642448425,0.0,0.13398157541328704,0.03,1,1,1,0.0,0.3333333333333333,0.06457008150000002,-1,-1,-1,1.0,1.0,-1.0,0.0,-0.3333333333333333,0.10935000000000002,-1,-1,-1,0.356862745098039,0.694117647058824,0.803921568627451
171.8140947818756,0.0,0.13631612802972098,0.03,1,1,1,0.0,0.3333333333333333,0.06457008150000002,-1,-1,-1,1.0,1.0,-1.0,0.0,-0.3333333333333333,0.10935000000000002,-1,-1,-1,0.356862745098039,0.694117647058824,0.803921568627451
171.84889554977417,0.0,0.13865068064615493,0.03,1,1,1,0.0,0.3333333333333333,0.06457008150000002,-1,-1,-1,1.0,1.0,-1.0,0.0,-0.3333333333333333,0.10935000000000002,-1,-1,-1,0.356862745098039,0.694117647058824,0.803921568627451
171.88342237472534,0.0,0.14098523326258888,0.03,1,1,1,0.0,0.3333333333333333,0.06457008150000002,-1,-1,-1,1.0,1.0,-1.0,0.0,-0.3333333333333333,0.10935000000000002,-1,-1,-1,0.356862745098039,0.694117647058824,0.803921568627451
171.91763925552368,0.0,0.14331978587902283,0.03,1,1,1,0.0,0.3333333333333333,0.06457008150000002,-1,-1,-1,1.0,1.0,-1.0,0.0,-0.3333333333333333,0.10935000000000002,-1,-1,-1,0.356862745098039,0.694117647058824,0.803921568627451
171.95263028144836,0.0,0.14565433849545678,0.03,1,1,1,0.0,0.3333333333333333,0.06457008150000002,-1,-1,-1,1.0,1.0,-1.0,0.0,-0.3333333333333333,0.10935000000000002,-1,-1,-1,0.356862745098039,0.694117647058824,0.803921568627451
171.99703907966614,0.0,0.14798889111189073,0.03,1,1,1,0.0,0.3333333333333333,0.06457008150000002,-1,-1,-1,1.0,1.0,-1.0,0.0,-0.3333333333333333,0.10935000000000002,-1,-1,-1,0.356862745098039,0.694117647058824,0.803921568627451
172.03599762916565,0.0,0.15032344372832468,0.03,1,1,1,0.0,0.3333333333333333,0.06457008150000002,-1,-1,-1,1.0,1.0,-1.0,0.0,-0.3333333333333333,0.10935000000000002,-1,-1,-1,0.356862745098039,0.694117647058824,0.803921568627451
172.07124996185303,0.0,0.15265799634475863,0.03,1,1,1,0.0,0.3333333333333333,0.06457008150000002,-1,-1,-1,1.0,1.0,-1.0,0.0,-0.3333333333333333,0.10935000000000002,-1,-1,-1,0.356862745098039,0.694117647058824,0.803921568627451
172.10517573356628,0.0,0.15499254896119258,0.03,1,1,1,0.0,0.3333333333333333,0.06457008150000002,-1,-1,-1,1.0,1.0,-1.0,0.0,-0.3333333333333333,0.10935000000000002,-1,-1,-1,0.356862745098039,0.694117647058824,0.803921568627451
172.13992428779602,0.0,0.15732710157762653,0.03,1,1,1,0.0,0.3333333333333333,0.06457008150000002,-1,-1,-1,1.0,1.0,-1.0,0.0,-0.3333333333333333,0.10935000000000002,-1,-1,-1,0.356862745098039,0.694117647058824,0.803921568627451
172.18157243728638,0.0,0.15966165419406048,0.03,1,1,1,0.0,0.3333333333333333,0.06457008150000002,-1,-1,-1,1.0,1.0,-1.0,0.0,-0.3333333333333333,0.10935000000000002,-1,-1,-1,0.356862745098039,0.694117647058824,0.803921568627451
172.22350573539734,0.0,0.16199620681049443,0.03,1,1,1,0.0,0.3333333333333333,0.06457008150000002,-1,-1,-1,1.0,1.0,-1.0,0.0,-0.3333333333333333,0.10935000000000002,-1,-1,-1,0.356862745098039,0.694117647058824,0.803921568627451
172.2582700252533,0.0,0.16433075942692837,0.03,1,1,1,0.0,0.3333333333333333,0.06457008150000002,-1,-1,-1,1.0,1.0,-1.0,0.0,-0.3333333333333333,0.10935000000000002,-1,-1,-1,0.356862745098039,0.694117647058824,0.803921568627451
172.2931501865387,0.0,0.16666531204336232,0.03,1,1,1,0.0,0.3333333333333333,0.06457008150000002,-1,-1,-1,1.0,1.0,-1.0,0.0,-0.3333333333333333,0.10935000000000002,-1,-1,-1,0.356862745098039,0.694117647058824,0.803921568627451
172.33147287368774,0.0,0.16899986465979627,0.03,1,1,1,0.0,0.3333333333333333,0.06457008150000002,-1,-1,-1,1.0,1.0,-1.0,0.0,-0.3333333333333333,0.10935000000000002,-1,-1,-1,0.356862745098039,0.694117647058824,0.803921568627451
172.36509919166565,0.0,0.17133441727623022,0.03,1,1,1,0.0,0.3333333333333333,0.06457008150000002,-1,-1,-1,1.0,1.0,-1.0,0.0,-0.3333333333333333,0.10935000000000002,-1,-1,-1,0.356862745098039,0.694117647058824,0.803921568627451
172.40273070335388,0.0,0.17366896989266417,0.03,1,1,1,0.0,0.3333333333333333,0.06457008150000002,-1,-1,-1,1.0,1.0,-1.0,0.0,-0.3333333333333333,0.10935000000000002,-1,-1,-1,0.356862745098039,0.694117647058824,0.803921568627451
172.4386909008026,0.0,0.17600352250909812,0.03,1,1,1,0.0,0.3333333333333333,0.06457008150000002,-1,-1,-1,1.0,1.0,-1.0,0.0,-0.3333333333333333,0.10935000000000002,-1,-1,-1,0.356862745098039,0.694117647058824,0.803921568627451
172.47403764724731,0.0,0.17833807512553207,0.03,1,1,1,0.0,0.3333333333333333,0.06457008150000002,-1,-1,-1,1.0,1.0,-1.0,0.0,-0.3333333333333333,0.10935000000000002,-1,-1,-1,0.356862745098039,0.694117647058824,0.803921568627451
172.50854754447937,0.0,0.1778843436964475,0.03,1,1,1,0.0,0.3333333333333333,0.06457008150000002,-1,-1,-1,1.0,1.0,-1.0,0.0,-0.3333333333333333,0.10935000000000002,-1,-1,-1,0.356862745098039,0.694117647058824,0.803921568627451
172.549978017807,0.0,0.1732481861990852,0.03,1,1,1,0.0,0.3333333333333333,0.06457008150000002,-1,-1,-1,1.0,1.0,-1.0,0.0,-0.3333333333333333,0.10935000000000002,-1,-1,-1,0.356862745098039,0.694117647058824,0.803921568627451
172.5917375087738,0.0,0.16861202870172287,0.03,1,1,1,0.0,0.3333333333333333,0.06457008150000002,-1,-1,-1,1.0,1.0,-1.0,0.0,-0.3333333333333333,0.10935000000000002,-1,-1,-1,0.356862745098039,0.694117647058824,0.803921568627451
172.62619614601135,0.0,0.16397587120436055,0.03,1,1,1,0.0,0.3333333333333333,0.06457008150000002,-1,-1,-1,1.0,1.0,-1.0,0.0,-0.3333333333333333,0.10935000000000002,-1,-1,-1,0.356862745098039,0.694117647058824,0.803921568627451
172.6610734462738,0.0,0.15933971370699823,0.03,1,1,1,0.0,0.3333333333333333,0.06457008150000002,-1,-1,-1,1.0,1.0,-1.0,0.0,-0.3333333333333333,0.10935000000000002,-1,-1,-1,0.356862745098039,0.694117647058824,0.803921568627451
172.69909119606018,0.0,0.1547035562096359,0.03,1,1,1,0.0,0.3333333333333333,0.06457008150000002,-1,-1,-1,1.0,1.0,-1.0,0.0,-0.3333333333333333,0.10935000000000002,-1,-1,-1,0.356862745098039,0.694117647058824,0.803921568627451
172.73396372795105,0.0,0.1500673987122736,0.03,1,1,1,0.0,0.3333333333333333,0.06457008150000002,-1,-1,-1,1.0,1.0,-1.0,0.0,-0.3333333333333333,0.10935000000000002,-1,-1,-1,0.356862745098039,0.694117647058824,0.803921568627451
172.7715880870819,0.0,0.14543124121491127,0.03,1,1,1,0.0,0.3333333333333333,0.06457008150000002,-1,-1,-1,1.0,1.0,-1.0,0.0,-0.3333333333333333,0.10935000000000002,-1,-1,-1,0.356862745098039,0.694117647058824,0.803921568627451
172.80616998672485,0.0,0.14079508371754895,0.03,1,1,1,0.0,0.3333333333333333,0.06457008150000002,-1,-1,-1,1.0,1.0,-1.0,0.0,-0.3333333333333333,0.10935000000000002,-1,-1,-1,0.356862745098039,0.694117647058824,0.803921568627451
172.84101629257202,0.0,0.13615892622018663,0.03,1,1,1,0.0,0.3333333333333333,0.06457008150000002,-1,-1,-1,1.0,1.0,-1.0,0.0,-0.3333333333333333,0.10935000000000002,-1,-1,-1,0.356862745098039,0.694117647058824,0.803921568627451
172.87599897384644,0.0,0.1315227687228243,0.03,1,1,1,0.0,0.3333333333333333,0.06457008150000002,-1,-1,-1,1.0,1.0,-1.0,0.0,-0.3333333333333333,0.10935000000000002,-1,-1,-1,0.356862745098039,0.694117647058824,0.803921568627451
172.91073727607727,0.0,0.126886611225462,0.03,1,1,1,0.0,0.3333333333333333,0.06457008150000002,-1,-1,-1,1.0,1.0,-1.0,0.0,-0.3333333333333333,0.10935000000000002,-1,-1,-1,0.356862745098039,0.694117647058824,0.803921568627451
172.9527451992035,0.0,0.12225045372809965,0.03,1,1,1,0.0,0.3333333333333333,0.06457008150000002,-1,-1,-1,1.0,1.0,-1.0,0.0,-0.3333333333333333,0.10935000000000002,-1,-1,-1,0.356862745098039,0.694117647058824,0.803921568627451
172.9868040084839,0.0,0.11761429623073731,0.03,1,1,1,0.0,0.3333333333333333,0.06457008150000002,-1,-1,-1,1.0,1.0,-1.0,0.0,-0.3333333333333333,0.10935000000000002,-1,-1,-1,0.356862745098039,0.694117647058824,0.803921568627451
173.02195239067078,0.0,0.11297813873337499,0.03,1,1,1,0.0,0.3333333333333333,0.06457008150000002,-1,-1,-1,1.0,1.0,-1.0,0.0,-0.3333333333333333,0.10935000000000002,-1,-1,-1,0.356862745098039,0.694117647058824,0.803921568627451
173.05629229545593,0.0,0.10834198123601267,0.03,1,1,1,0.0,0.3333333333333333,0.06457008150000002,-1,-1,-1,1.0,1.0,-1.0,0.0,-0.3333333333333333,0.10935000000000002,-1,-1,-1,0.356862745098039,0.694117647058824,0.803921568627451
173.09097051620483,0.0,0.10370582373865035,0.03,1,1,1,0.0,0.3333333333333333,0.06457008150000002,-1,-1,-1,1.0,1.0,-1.0,0.0,-0.3333333333333333,0.10935000000000002,-1,-1,-1,0.356862745098039,0.694117647058824,0.803921568627451
173.1259138584137,0.0,0.09906966624128803,0.03,1,1,1,0.0,0.3333333333333333,0.06457008150000002,-1,-1,-1,1.0,1.0,-1.0,0.0,-0.3333333333333333,0.10935000000000002,-1,-1,-1,0.356862745098039,0.694117647058824,0.803921568627451
173.16060709953308,0.0,0.09443350874392571,0.03,1,1,1,0.0,0.3333333333333333,0.06457008150000002,-1,-1,-1,1.0,1.0,-1.0,0.0,-0.3333333333333333,0.10935000000000002,-1,-1,-1,0.356862745098039,0.694117647058824,0.803921568627451
173.20483708381653,0.0,0.08979735124656339,0.03,1,1,1,0.0,0.3333333333333333,0.06457008150000002,-1,-1,-1,1.0,1.0,-1.0,0.0,-0.3333333333333333,0.10935000000000002,-1,-1,-1,0.356862745098039,0.694117647058824,0.803921568627451
173.23825430870056,0.0,0.08516119374920107,0.03,1,1,1,0.0,0.3333333333333333,0.06457008150000002,-1,-1,-1,1.0,1.0,-1.0,0.0,-0.3333333333333333,0.10935000000000002,-1,-1,-1,0.356862745098039,0.694117647058824,0.803921568627451
173.27147841453552,0.0,0.08052503625183875,0.03,1,1,1,0.0,0.3333333333333333,0.06457008150000002,-1,-1,-1,1.0,1.0,-1.0,0.0,-0.3333333333333333,0.10935000000000002,-1,-1,-1,0.356862745098039,0.694117647058824,0.803921568627451
173.30660462379456,0.0,0.07588887875447643,0.03,1,1,1,0.0,0.3333333333333333,0.06457008150000002,-1,-1,-1,1.0,1.0,-1.0,0.0,-0.3333333333333333,0.10935000000000002,-1,-1,-1,0.356862745098039,0.694117647058824,0.803921568627451
173.3414101600647,0.0,0.07125272125711411,0.03,1,1,1,0.0,0.3333333333333333,0.06457008150000002,-1,-1,-1,1.0,1.0,-1.0,0.0,-0.3333333333333333,0.10935000000000002,-1,-1,-1,0.356862745098039,0.694117647058824,0.803921568627451
173.375825881958,0.0,0.06661656375975179,0.03,1,1,1,0.0,0.3333333333333333,0.06457008150000002,-1,-1,-1,1.0,1.0,-1.0,0.0,-0.3333333333333333,0.10935000000000002,-1,-1,-1,0.356862745098039,0.694117647058824,0.803921568627451
173.4172465801239,0.0,0.06198040626238947,0.03,1,1,1,0.0,0.3333333333333333,0.06457008150000002,-1,-1,-1,1.0,1.0,-1.0,0.0,-0.3333333333333333,0.10935000000000002,-1,-1,-1,0.356862745098039,0.694117647058824,0.803921568627451
173.45205450057983,0.0,0.05734424876502714,0.03,1,1,1,0.0,0.3333333333333333,0.06457008150000002,-1,-1,-1,1.0,1.0,-1.0,0.0,-0.3333333333333333,0.10935000000000002,-1,-1,-1,0.356862745098039,0.694117647058824,0.803921568627451
173.48686480522156,0.0,0.05270809126766482,0.03,1,1,1,0.0,0.3333333333333333,0.06457008150000002,-1,-1,-1,1.0,1.0,-1.0,0.0,-0.3333333333333333,0.10935000000000002,-1,-1,-1,0.356862745098039,0.694117647058824,0.803921568627451
173.55005621910095,0.0,0.0480719337703025,0.03,1,1,1,0.0,0.3333333333333333,0.06457008150000002,-1,-1,-1,1.0,1.0,-1.0,0.0,-0.3333333333333333,0.10935000000000002,-1,-1,-1,0.356862745098039,0.694117647058824,0.803921568627451
173.57199215888977,0.0,0.04343577627294018,0.03,1,1,1,0.0,0.3333333333333333,0.06457008150000002,-1,-1,-1,1.0,1.0,-1.0,0.0,-0.3333333333333333,0.10935000000000002,-1,-1,-1,0.356862745098039,0.694117647058824,0.803921568627451
173.60694336891174,0.0,0.03879961877557786,0.03,1,1,1,0.0,0.3333333333333333,0.06457008150000002,-1,-1,-1,1.0,1.0,-1.0,0.0,-0.3333333333333333,0.10935000000000002,-1,-1,-1,0.356862745098039,0.694117647058824,0.803921568627451
173.63979196548462,0.0,0.03416346127821554,0.03,1,1,1,0.0,0.3333333333333333,0.06457008150000002,-1,-1,-1,1.0,1.0,-1.0,0.0,-0.3333333333333333,0.10935000000000002,-1,-1,-1,0.356862745098039,0.694117647058824,0.803921568627451
173.67378163337708,0.0,0.029527303780853224,0.03,1,1,1,0.0,0.3333333333333333,0.06457008150000002,-1,-1,-1,1.0,1.0,-1.0,0.0,-0.3333333333333333,0.10935000000000002,-1,-1,-1,0.356862745098039,0.694117647058824,0.803921568627451
173.70950651168823,0.0,0.02521270830501826,0.03,1,1,1,0.0,0.3333333333333333,0.06457008150000002,-1,-1,-1,1.0,1.0,-1.0,0.0,-0.3333333333333333,0.10935000000000002,-1,-1,-1,0.356862745098039,0.694117647058824,0.803921568627451
173.7439751625061,0.0,0.022184360915292727,0.03,1,1,1,0.0,0.3333333333333333,0.06457008150000002,-1,-1,-1,1.0,1.0,-1.0,0.0,-0.3333333333333333,0.10935000000000002,-1,-1,-1,0.356862745098039,0.694117647058824,0.803921568627451
173.77878332138062,0.0,0.019156013525567193,0.03,1,1,1,0.0,0.3333333333333333,0.06457008150000002,-1,-1,-1,1.0,1.0,-1.0,0.0,-0.3333333333333333,0.10935000000000002,-1,-1,-1,0.356862745098039,0.694117647058824,0.803921568627451
173.82021570205688,0.0,0.01612766613584166,0.03,1,1,1,0.0,0.3333333333333333,0.06457008150000002,-1,-1,-1,1.0,1.0,-1.0,0.0,-0.3333333333333333,0.10935000000000002,-1,-1,-1,0.356862745098039,0.694117647058824,0.803921568627451
173.85529828071594,0.0,0.013099318746116135,0.03,1,1,1,0.0,0.3333333333333333,0.06457008150000002,-1,-1,-1,1.0,1.0,-1.0,0.0,-0.3333333333333333,0.10935000000000002,-1,-1,-1,0.356862745098039,0.694117647058824,0.803921568627451
173.8898844718933,0.0,0.01007097135639061,0.03,1,1,1,0.0,0.3333333333333333,0.06457008150000002,-1,-1,-1,1.0,1.0,-1.0,0.0,-0.3333333333333333,0.10935000000000002,-1,-1,-1,0.356862745098039,0.694117647058824,0.803921568627451
173.92481970787048,0.0,0.007042623966665085,0.03,1,1,1,0.0,0.3333333333333333,0.06457008150000002,-1,-1,-1,1.0,1.0,-1.0,0.0,-0.3333333333333333,0.10935000000000002,-1,-1,-1,0.356862745098039,0.694117647058824,0.803921568627451
173.95982003211975,0.0,0.00401427657693956,0.03,1,1,1,0.0,0.3333333333333333,0.06457008150000002,-1,-1,-1,1.0,1.0,-1.0,0.0,-0.3333333333333333,0.10935000000000002,-1,-1,-1,0.356862745098039,0.694117647058824,0.803921568627451
174.00073170661926,0.0,0.000985929187214035,0.03,1,1,1,0.0,0.3333333333333333,0.06457008150000002,-1,-1,-1,1.0,1.0,-1.0,0.0,-0.3333333333333333,0.10935000000000002,-1,-1,-1,0.356862745098039,0.694117647058824,0.803921568627451
174.04375648498535,0.0,-0.0020424182025114905,0.03,1,1,1,0.0,0.3333333333333333,0.06457008150000002,-1,-1,-1,1.0,1.0,-1.0,0.0,-0.3333333333333333,0.10935000000000002,-1,-1,-1,0.356862745098039,0.694117647058824,0.803921568627451
174.07810282707214,0.0,-0.005070765592237016,0.03,1,1,1,0.0,0.3333333333333333,0.06457008150000002,-1,-1,-1,1.0,1.0,-1.0,0.0,-0.3333333333333333,0.10935000000000002,-1,-1,-1,0.356862745098039,0.694117647058824,0.803921568627451
174.11325407028198,0.0,-0.008099112981962543,0.03,1,1,1,0.0,0.3333333333333333,0.06457008150000002,-1,-1,-1,1.0,1.0,-1.0,0.0,-0.3333333333333333,0.10935000000000002,-1,-1,-1,0.356862745098039,0.694117647058824,0.803921568627451
174.14866971969604,0.0,-0.011127460371688068,0.03,1,1,1,0.0,0.3333333333333333,0.06457008150000002,-1,-1,-1,1.0,1.0,-1.0,0.0,-0.3333333333333333,0.10935000000000002,-1,-1,-1,0.356862745098039,0.694117647058824,0.803921568627451
174.18157076835632,0.0,-0.014155807761413593,0.03,1,1,1,0.0,0.3333333333333333,0.06457008150000002,-1,-1,-1,1.0,1.0,-1.0,0.0,-0.3333333333333333,0.10935000000000002,-1,-1,-1,0.356862745098039,0.694117647058824,0.803921568627451
174.22332620620728,0.0,-0.017184155151139125,0.03,1,1,1,0.0,0.3333333333333333,0.06457008150000002,-1,-1,-1,1.0,1.0,-1.0,0.0,-0.3333333333333333,0.10935000000000002,-1,-1,-1,0.356862745098039,0.694117647058824,0.803921568627451
174.25801539421082,0.0,-0.02021250254086466,0.03,1,1,1,0.0,0.3333333333333333,0.06457008150000002,-1,-1,-1,1.0,1.0,-1.0,0.0,-0.3333333333333333,0.10935000000000002,-1,-1,-1,0.356862745098039,0.694117647058824,0.803921568627451
174.2934114933014,0.0,-0.023240849930590193,0.03,1,1,1,0.0,0.3333333333333333,0.06457008150000002,-1,-1,-1,1.0,1.0,-1.0,0.0,-0.3333333333333333,0.10935000000000002,-1,-1,-1,0.356862745098039,0.694117647058824,0.803921568627451
174.327290058136,0.0,-0.026269197320315726,0.03,1,1,1,0.0,0.3333333333333333,0.06457008150000002,-1,-1,-1,1.0,1.0,-1.0,0.0,-0.3333333333333333,0.10935000000000002,-1,-1,-1,0.356862745098039,0.694117647058824,0.803921568627451
174.36964464187622,0.0,-0.02929754471004126,0.03,1,1,1,0.0,0.3333333333333333,0.06457008150000002,-1,-1,-1,1.0,1.0,-1.0,0.0,-0.3333333333333333,0.10935000000000002,-1,-1,-1,0.356862745098039,0.694117647058824,0.803921568627451
174.41478037834167,0.0,-0.03232589209976679,0.03,1,1,1,0.0,0.3333333333333333,0.06457008150000002,-1,-1,-1,1.0,1.0,-1.0,0.0,-0.3333333333333333,0.10935000000000002,-1,-1,-1,0.356862745098039,0.694117647058824,0.803921568627451
174.45252394676208,0.0,-0.0353542394894923,0.03,1,1,1,0.0,0.3333333333333333,0.06457008150000002,-1,-1,-1,1.0,1.0,-1.0,0.0,-0.3333333333333333,0.10935000000000002,-1,-1,-1,0.356862745098039,0.694117647058824,0.803921568627451
174.49418473243713,0.0,-0.03838258687921782,0.03,1,1,1,0.0,0.3333333333333333,0.06457008150000002,-1,-1,-1,1.0,1.0,-1.0,0.0,-0.3333333333333333,0.10935000000000002,-1,-1,-1,0.356862745098039,0.694117647058824,0.803921568627451
174.52909803390503,0.0,-0.041410934268943336,0.03,1,1,1,0.0,0.3333333333333333,0.06457008150000002,-1,-1,-1,1.0,1.0,-1.0,0.0,-0.3333333333333333,0.10935000000000002,-1,-1,-1,0.356862745098039,0.694117647058824,0.803921568627451
174.5637650489807,0.0,-0.04443928165866885,0.03,1,1,1,0.0,0.3333333333333333,0.06457008150000002,-1,-1,-1,1.0,1.0,-1.0,0.0,-0.3333333333333333,0.10935000000000002,-1,-1,-1,0.356862745098039,0.694117647058824,0.803921568627451
174.60604310035706,0.0,-0.04746762904839437,0.03,1,1,1,0.0,0.3333333333333333,0.06457008150000002,-1,-1,-1,1.0,1.0,-1.0,0.0,-0.3333333333333333,0.10935000000000002,-1,-1,-1,0.356862745098039,0.694117647058824,0.803921568627451
174.63998436927795,0.0,-0.050495976438119886,0.03,1,1,1,0.0,0.3333333333333333,0.06457008150000002,-1,-1,-1,1.0,1.0,-1.0,0.0,-0.3333333333333333,0.10935000000000002,-1,-1,-1,0.356862745098039,0.694117647058824,0.803921568627451
174.6753568649292,0.0,-0.0535243238278454,0.03,1,1,1,0.0,0.3333333333333333,0.06457008150000002,-1,-1,-1,1.0,1.0,-1.0,0.0,-0.3333333333333333,0.10935000000000002,-1,-1,-1,0.356862745098039,0.694117647058824,0.803921568627451
174.71009492874146,0.0,-0.05655267121757092,0.03,1,1,1,0.0,0.3333333333333333,0.06457008150000002,-1,-1,-1,1.0,1.0,-1.0,0.0,-0.3333333333333333,0.10935000000000002,-1,-1,-1,0.356862745098039,0.694117647058824,0.803921568627451
174.74894762039185,0.0,-0.059581018607296435,0.03,1,1,1,0.0,0.3333333333333333,0.06457008150000002,-1,-1,-1,1.0,1.0,-1.0,0.0,-0.3333333333333333,0.10935000000000002,-1,-1,-1,0.356862745098039,0.694117647058824,0.803921568627451
174.78363943099976,0.0,-0.06260936599702194,0.03,1,1,1,0.0,0.3333333333333333,0.06457008150000002,-1,-1,-1,1.0,1.0,-1.0,0.0,-0.3333333333333333,0.10935000000000002,-1,-1,-1,0.356862745098039,0.694117647058824,0.803921568627451
174.82103967666626,0.0,-0.06563771338674745,0.03,1,1,1,0.0,0.3333333333333333,0.06457008150000002,-1,-1,-1,1.0,1.0,-1.0,0.0,-0.3333333333333333,0.10935000000000002,-1,-1,-1,0.356862745098039,0.694117647058824,0.803921568627451
174.8697850704193,0.0,-0.06866606077647297,0.03,1,1,1,0.0,0.3333333333333333,0.06457008150000002,-1,-1,-1,1.0,1.0,-1.0,0.0,-0.3333333333333333,0.10935000000000002,-1,-1,-1,0.356862745098039,0.694117647058824,0.803921568627451
174.90448880195618,0.0,-0.07169440816619849,0.03,1,1,1,0.0,0.3333333333333333,0.06457008150000002,-1,-1,-1,1.0,1.0,-1.0,0.0,-0.3333333333333333,0.10935000000000002,-1,-1,-1,0.356862745098039,0.694117647058824,0.803921568627451
174.93941688537598,0.0,-0.07716932219885829,0.03,1,1,1,0.0,0.3333333333333333,0.06457008150000002,-1,-1,-1,1.0,1.0,-1.0,0.0,-0.3333333333333333,0.10935000000000002,-1,-1,-1,0.356862745098039,0.694117647058824,0.803921568627451
174.97374820709229,0.0,-0.08264423623151809,0.03,1,1,1,0.0,0.3333333333333333,0.06457008150000002,-1,-1,-1,1.0,1.0,-1.0,0.0,-0.3333333333333333,0.10935000000000002,-1,-1,-1,0.356862745098039,0.694117647058824,0.803921568627451
175.00863409042358,0.0,-0.0881191502641779,0.03,1,1,1,0.0,0.3333333333333333,0.06457008150000002,-1,-1,-1,1.0,1.0,-1.0,0.0,-0.3333333333333333,0.10935000000000002,-1,-1,-1,0.356862745098039,0.694117647058824,0.803921568627451
175.05267596244812,0.0,-0.0935940642968377,0.03,1,1,1,0.0,0.3333333333333333,0.06457008150000002,-1,-1,-1,1.0,1.0,-1.0,0.0,-0.3333333333333333,0.10935000000000002,-1,-1,-1,0.356862745098039,0.694117647058824,0.803921568627451
175.09304547309875,0.0,-0.0990689783294975,0.03,1,1,1,0.0,0.3333333333333333,0.06457008150000002,-1,-1,-1,1.0,1.0,-1.0,0.0,-0.3333333333333333,0.10935000000000002,-1,-1,-1,0.356862745098039,0.694117647058824,0.803921568627451
175.1336314678192,0.0,-0.1045438923621573,0.03,1,1,1,0.0,0.3333333333333333,0.06457008150000002,-1,-1,-1,1.0,1.0,-1.0,0.0,-0.3333333333333333,0.10935000000000002,-1,-1,-1,0.356862745098039,0.694117647058824,0.803921568627451
175.16823816299438,0.0,-0.1100188063948171,0.03,1,1,1,0.0,0.3333333333333333,0.06457008150000002,-1,-1,-1,1.0,1.0,-1.0,0.0,-0.3333333333333333,0.10935000000000002,-1,-1,-1,0.356862745098039,0.694117647058824,0.803921568627451
175.20285606384277,0.0,-0.11549372042747691,0.03,1,1,1,0.0,0.3333333333333333,0.06457008150000002,-1,-1,-1,1.0,1.0,-1.0,0.0,-0.3333333333333333,0.10935000000000002,-1,-1,-1,0.356862745098039,0.694117647058824,0.803921568627451
175.24460220336914,0.0,-0.1209686344601367,0.03,1,1,1,0.0,0.3333333333333333,0.06457008150000002,-1,-1,-1,1.0,1.0,-1.0,0.0,-0.3333333333333333,0.10935000000000002,-1,-1,-1,0.356862745098039,0.694117647058824,0.803921568627451
175.28897905349731,0.0,-0.1264435484927965,0.03,1,1,1,0.0,0.3333333333333333,0.06457008150000002,-1,-1,-1,1.0,1.0,-1.0,0.0,-0.3333333333333333,0.10935000000000002,-1,-1,-1,0.356862745098039,0.694117647058824,0.803921568627451
175.3280177116394,0.0,-0.13191846252545636,0.03,1,1,1,0.0,0.3333333333333333,0.06457008150000002,-1,-1,-1,1.0,1.0,-1.0,0.0,-0.3333333333333333,0.10935000000000002,-1,-1,-1,0.356862745098039,0.694117647058824,0.803921568627451
175.36319255828857,0.0,-0.13739337655811623,0.03,1,1,1,0.0,0.3333333333333333,0.06457008150000002,-1,-1,-1,1.0,1.0,-1.0,0.0,-0.3333333333333333,0.10935000000000002,-1,-1,-1,0.356862745098039,0.694117647058824,0.803921568627451
175.39752912521362,0.0,-0.1428682905907761,0.03,1,1,1,0.0,0.3333333333333333,0.06457008150000002,-1,-1,-1,1.0,1.0,-1.0,0.0,-0.3333333333333333,0.10935000000000002,-1,-1,-1,0.356862745098039,0.694117647058824,0.803921568627451
175.43963718414307,0.0,-0.14834320462343598,0.03,1,1,1,0.0,0.3333333333333333,0.06457008150000002,-1,-1,-1,1.0,1.0,-1.0,0.0,-0.3333333333333333,0.10935000000000002,-1,-1,-1,0.356862745098039,0.694117647058824,0.803921568627451
175.480947971344,0.0,-0.15381811865609585,0.03,1,1,1,0.0,0.3333333333333333,0.06457008150000002,-1,-1,-1,1.0,1.0,-1.0,0.0,-0.3333333333333333,0.10935000000000002,-1,-1,-1,0.356862745098039,0.694117647058824,0.803921568627451
175.51538968086243,0.0,-0.15929303268875572,0.03,1,1,1,0.0,0.3333333333333333,0.06457008150000002,-1,-1,-1,1.0,1.0,-1.0,0.0,-0.3333333333333333,0.10935000000000002,-1,-1,-1,0.356862745098039,0.694117647058824,0.803921568627451
175.55580043792725,0.0,-0.1647679467214156,0.03,1,1,1,0.0,0.3333333333333333,0.06457008150000002,-1,-1,-1,1.0,1.0,-1.0,0.0,-0.3333333333333333,0.10935000000000002,-1,-1,-1,0.356862745098039,0.694117647058824,0.803921568627451
175.58891010284424,0.0,-0.17024286075407546,0.03,1,1,1,0.0,0.3333333333333333,0.06457008150000002,-1,-1,-1,1.0,1.0,-1.0,0.0,-0.3333333333333333,0.10935000000000002,-1,-1,-1,0.356862745098039,0.694117647058824,0.803921568627451
175.62370896339417,0.0,-0.17571777478673534,0.03,1,1,1,0.0,0.3333333333333333,0.06457008150000002,-1,-1,-1,1.0,1.0,-1.0,0.0,-0.3333333333333333,0.10935000000000002,-1,-1,-1,0.356862745098039,0.694117647058824,0.803921568627451
175.6615982055664,0.0,-0.1811926888193952,0.03,1,1,1,0.0,0.3333333333333333,0.06457008150000002,-1,-1,-1,1.0,1.0,-1.0,0.0,-0.3333333333333333,0.10935000000000002,-1,-1,-1,0.356862745098039,0.694117647058824,0.803921568627451
175.71017003059387,0.0,-0.18666760285205508,0.03,1,1,1,0.0,0.3333333333333333,0.06457008150000002,-1,-1,-1,1.0,1.0,-1.0,0.0,-0.3333333333333333,0.10935000000000002,-1,-1,-1,0.356862745098039,0.694117647058824,0.803921568627451
175.74434447288513,0.0,-0.19214251688471495,0.03,1,1,1,0.0,0.3333333333333333,0.06457008150000002,-1,-1,-1,1.0,1.0,-1.0,0.0,-0.3333333333333333,0.10935000000000002,-1,-1,-1,0.356862745098039,0.694117647058824,0.803921568627451
175.77924132347107,0.0,-0.19761743091737483,0.03,1,1,1,0.0,0.3333333333333333,0.06457008150000002,-1,-1,-1,1.0,1.0,-1.0,0.0,-0.3333333333333333,0.10935000000000002,-1,-1,-1,0.356862745098039,0.694117647058824,0.803921568627451
175.81395483016968,0.0,-0.2030923449500347,0.03,1,1,1,0.0,0.3333333333333333,0.06457008150000002,-1,-1,-1,1.0,1.0,-1.0,0.0,-0.3333333333333333,0.10935000000000002,-1,-1,-1,0.356862745098039,0.694117647058824,0.803921568627451
175.84875512123108,0.0,-0.20856725898269457,0.03,1,1,1,0.0,0.3333333333333333,0.06457008150000002,-1,-1,-1,1.0,1.0,-1.0,0.0,-0.3333333333333333,0.10935000000000002,-1,-1,-1,0.356862745098039,0.694117647058824,0.803921568627451
175.89312314987183,0.0,-0.21404217301535444,0.03,1,1,1,0.0,0.3333333333333333,0.06457008150000002,-1,-1,-1,1.0,1.0,-1.0,0.0,-0.3333333333333333,0.10935000000000002,-1,-1,-1,0.356862745098039,0.694117647058824,0.803921568627451
175.93166303634644,0.0,-0.21951708704801431,0.03,1,1,1,0.0,0.3333333333333333,0.06457008150000002,-1,-1,-1,1.0,1.0,-1.0,0.0,-0.3333333333333333,0.10935000000000002,-1,-1,-1,0.356862745098039,0.694117647058824,0.803921568627451
175.9655885696411,0.0,-0.2249920010806742,0.03,1,1,1,0.0,0.3333333333333333,0.06457008150000002,-1,-1,-1,1.0,1.0,-1.0,0.0,-0.3333333333333333,0.10935000000000002,-1,-1,-1,0.356862745098039,0.694117647058824,0.803921568627451
176.00049233436584,0.0,-0.23046691511333406,0.03,1,1,1,0.0,0.3333333333333333,0.06457008150000002,-1,-1,-1,1.0,1.0,-1.0,0.0,-0.3333333333333333,0.10935000000000002,-1,-1,-1,0.356862745098039,0.694117647058824,0.803921568627451
176.03608417510986,0.0,-0.23594182914599393,0.03,1,1,1,0.0,0.3333333333333333,0.06457008150000002,-1,-1,-1,1.0,1.0,-1.0,0.0,-0.3333333333333333,0.10935000000000002,-1,-1,-1,0.356862745098039,0.694117647058824,0.803921568627451
176.07035064697266,0.0,-0.2414167431786538,0.03,1,1,1,0.0,0.3333333333333333,0.06457008150000002,-1,-1,-1,1.0,1.0,-1.0,0.0,-0.3333333333333333,0.10935000000000002,-1,-1,-1,0.356862745098039,0.694117647058824,0.803921568627451
176.11274695396423,0.0,-0.24689165721131368,0.03,1,1,1,0.0,0.3333333333333333,0.06457008150000002,-1,-1,-1,1.0,1.0,-1.0,0.0,-0.3333333333333333,0.10935000000000002,-1,-1,-1,0.356862745098039,0.694117647058824,0.803921568627451
176.15457487106323,0.0,-0.24183702129781365,0.03,1,1,1,0.0,0.3333333333333333,0.06457008150000002,-1,-1,-1,1.0,1.0,-1.0,0.0,-0.3333333333333333,0.10935000000000002,-1,-1,-1,0.356862745098039,0.694117647058824,0.803921568627451
176.1882839202881,0.0,-0.2367823853843136,0.03,1,1,1,0.0,0.3333333333333333,0.06457008150000002,-1,-1,-1,1.0,1.0,-1.0,0.0,-0.3333333333333333,0.10935000000000002,-1,-1,-1,0.356862745098039,0.694117647058824,0.803921568627451
176.22737979888916,0.0,-0.2317277494708135,0.03,1,1,1,0.0,0.3333333333333333,0.06457008150000002,-1,-1,-1,1.0,1.0,-1.0,0.0,-0.3333333333333333,0.10935000000000002,-1,-1,-1,0.356862745098039,0.694117647058824,0.803921568627451
176.26148772239685,0.0,-0.22667311355731343,0.03,1,1,1,0.0,0.3333333333333333,0.06457008150000002,-1,-1,-1,1.0,1.0,-1.0,0.0,-0.3333333333333333,0.10935000000000002,-1,-1,-1,0.356862745098039,0.694117647058824,0.803921568627451
176.29965543746948,0.0,-0.22161847764381334,0.03,1,1,1,0.0,0.3333333333333333,0.06457008150000002,-1,-1,-1,1.0,1.0,-1.0,0.0,-0.3333333333333333,0.10935000000000002,-1,-1,-1,0.356862745098039,0.694117647058824,0.803921568627451
176.33453941345215,0.0,-0.21656384173031326,0.03,1,1,1,0.0,0.3333333333333333,0.06457008150000002,-1,-1,-1,1.0,1.0,-1.0,0.0,-0.3333333333333333,0.10935000000000002,-1,-1,-1,0.356862745098039,0.694117647058824,0.803921568627451
176.36822843551636,0.0,-0.21150920581681318,0.03,1,1,1,0.0,0.3333333333333333,0.06457008150000002,-1,-1,-1,1.0,1.0,-1.0,0.0,-0.3333333333333333,0.10935000000000002,-1,-1,-1,0.356862745098039,0.694117647058824,0.803921568627451
176.40399956703186,0.0,-0.2064545699033131,0.03,1,1,1,0.0,0.3333333333333333,0.06457008150000002,-1,-1,-1,1.0,1.0,-1.0,0.0,-0.3333333333333333,0.10935000000000002,-1,-1,-1,0.356862745098039,0.694117647058824,0.803921568627451
176.43860721588135,0.0,-0.201399933989813,0.03,1,1,1,0.0,0.3333333333333333,0.06457008150000002,-1,-1,-1,1.0,1.0,-1.0,0.0,-0.3333333333333333,0.10935000000000002,-1,-1,-1,0.356862745098039,0.694117647058824,0.803921568627451
176.47319507598877,0.0,-0.19634529807631293,0.03,1,1,1,0.0,0.3333333333333333,0.06457008150000002,-1,-1,-1,1.0,1.0,-1.0,0.0,-0.3333333333333333,0.10935000000000002,-1,-1,-1,0.356862745098039,0.694117647058824,0.803921568627451
176.51549577713013,0.0,-0.19129066216281285,0.03,1,1,1,0.0,0.3333333333333333,0.06457008150000002,-1,-1,-1,1.0,1.0,-1.0,0.0,-0.3333333333333333,0.10935000000000002,-1,-1,-1,0.356862745098039,0.694117647058824,0.803921568627451
176.5496802330017,0.0,-0.18623602624931276,0.03,1,1,1,0.0,0.3333333333333333,0.06457008150000002,-1,-1,-1,1.0,1.0,-1.0,0.0,-0.3333333333333333,0.10935000000000002,-1,-1,-1,0.356862745098039,0.694117647058824,0.803921568627451
176.5842583179474,0.0,-0.18118139033581268,0.03,1,1,1,0.0,0.3333333333333333,0.06457008150000002,-1,-1,-1,1.0,1.0,-1.0,0.0,-0.3333333333333333,0.10935000000000002,-1,-1,-1,0.356862745098039,0.694117647058824,0.803921568627451
176.61892676353455,0.0,-0.1761267544223126,0.03,1,1,1,0.0,0.3333333333333333,0.06457008150000002,-1,-1,-1,1.0,1.0,-1.0,0.0,-0.3333333333333333,0.10935000000000002,-1,-1,-1,0.356862745098039,0.694117647058824,0.803921568627451
176.6537344455719,0.0,-0.17107211850881252,0.03,1,1,1,0.0,0.3333333333333333,0.06457008150000002,-1,-1,-1,1.0,1.0,-1.0,0.0,-0.3333333333333333,0.10935000000000002,-1,-1,-1,0.356862745098039,0.694117647058824,0.803921568627451
176.688485622406,0.0,-0.16601748259531243,0.03,1,1,1,0.0,0.3333333333333333,0.06457008150000002,-1,-1,-1,1.0,1.0,-1.0,0.0,-0.3333333333333333,0.10935000000000002,-1,-1,-1,0.356862745098039,0.694117647058824,0.803921568627451
176.7327778339386,0.0,-0.16096284668181235,0.03,1,1,1,0.0,0.3333333333333333,0.06457008150000002,-1,-1,-1,1.0,1.0,-1.0,0.0,-0.3333333333333333,0.10935000000000002,-1,-1,-1,0.356862745098039,0.694117647058824,0.803921568627451
176.76563787460327,0.0,-0.15590821076831227,0.03,1,1,1,0.0,0.3333333333333333,0.06457008150000002,-1,-1,-1,1.0,1.0,-1.0,0.0,-0.3333333333333333,0.10935000000000002,-1,-1,-1,0.356862745098039,0.694117647058824,0.803921568627451
176.79988622665405,0.0,-0.15085357485481218,0.03,1,1,1,0.0,0.3333333333333333,0.06457008150000002,-1,-1,-1,1.0,1.0,-1.0,0.0,-0.3333333333333333,0.10935000000000002,-1,-1,-1,0.356862745098039,0.694117647058824,0.803921568627451
176.83425068855286,0.0,-0.1457989389413121,0.03,1,1,1,0.0,0.3333333333333333,0.06457008150000002,-1,-1,-1,1.0,1.0,-1.0,0.0,-0.3333333333333333,0.10935000000000002,-1,-1,-1,0.356862745098039,0.694117647058824,0.803921568627451
176.8695240020752,0.0,-0.14074430302781202,0.03,1,1,1,0.0,0.3333333333333333,0.06457008150000002,-1,-1,-1,1.0,1.0,-1.0,0.0,-0.3333333333333333,0.10935000000000002,-1,-1,-1,0.356862745098039,0.694117647058824,0.803921568627451
176.91865801811218,0.0,-0.13568966711431193,0.03,1,1,1,0.0,0.3333333333333333,0.06457008150000002,-1,-1,-1,1.0,1.0,-1.0,0.0,-0.3333333333333333,0.10935000000000002,-1,-1,-1,0.356862745098039,0.694117647058824,0.803921568627451
176.95244717597961,0.0,-0.13063503120081185,0.03,1,1,1,0.0,0.3333333333333333,0.06457008150000002,-1,-1,-1,1.0,1.0,-1.0,0.0,-0.3333333333333333,0.10935000000000002,-1,-1,-1,0.356862745098039,0.694117647058824,0.803921568627451
176.9872441291809,0.0,-0.12558039528731177,0.03,1,1,1,0.0,0.3333333333333333,0.06457008150000002,-1,-1,-1,1.0,1.0,-1.0,0.0,-0.3333333333333333,0.10935000000000002,-1,-1,-1,0.356862745098039,0.694117647058824,0.803921568627451
177.0224735736847,0.0,-0.12052575937381176,0.03,1,1,1,0.0,0.3333333333333333,0.06457008150000002,-1,-1,-1,1.0,1.0,-1.0,0.0,-0.3333333333333333,0.10935000000000002,-1,-1,-1,0.356862745098039,0.694117647058824,0.803921568627451
177.05659127235413,0.0,-0.11547112346031174,0.03,1,1,1,0.0,0.3333333333333333,0.06457008150000002,-1,-1,-1,1.0,1.0,-1.0,0.0,-0.3333333333333333,0.10935000000000002,-1,-1,-1,0.356862745098039,0.694117647058824,0.803921568627451
177.09124779701233,0.0,-0.11041648754681173,0.03,1,1,1,0.0,0.3333333333333333,0.06457008150000002,-1,-1,-1,1.0,1.0,-1.0,0.0,-0.3333333333333333,0.10935000000000002,-1,-1,-1,0.356862745098039,0.694117647058824,0.803921568627451
177.13624501228333,0.0,-0.10536185163331171,0.03,1,1,1,0.0,0.3333333333333333,0.06457008150000002,-1,-1,-1,1.0,1.0,-1.0,0.0,-0.3333333333333333,0.10935000000000002,-1,-1,-1,0.356862745098039,0.694117647058824,0.803921568627451
177.17505383491516,0.0,-0.1003072157198117,0.03,1,1,1,0.0,0.3333333333333333,0.06457008150000002,-1,-1,-1,1.0,1.0,-1.0,0.0,-0.3333333333333333,0.10935000000000002,-1,-1,-1,0.356862745098039,0.694117647058824,0.803921568627451
177.20900702476501,0.0,-0.09525257980631169,0.03,1,1,1,0.0,0.3333333333333333,0.06457008150000002,-1,-1,-1,1.0,1.0,-1.0,0.0,-0.3333333333333333,0.10935000000000002,-1,-1,-1,0.356862745098039,0.694117647058824,0.803921568627451
177.24401211738586,0.0,-0.09019794389281167,0.03,1,1,1,0.0,0.3333333333333333,0.06457008150000002,-1,-1,-1,1.0,1.0,-1.0,0.0,-0.3333333333333333,0.10935000000000002,-1,-1,-1,0.356862745098039,0.694117647058824,0.803921568627451
177.2786147594452,0.0,-0.08514330797931166,0.03,1,1,1,0.0,0.3333333333333333,0.06457008150000002,-1,-1,-1,1.0,1.0,-1.0,0.0,-0.3333333333333333,0.10935000000000002,-1,-1,-1,0.356862745098039,0.694117647058824,0.803921568627451
177.32147240638733,0.0,-0.08008867206581165,0.03,1,1,1,0.0,0.3333333333333333,0.06457008150000002,-1,-1,-1,1.0,1.0,-1.0,0.0,-0.3333333333333333,0.10935000000000002,-1,-1,-1,0.356862745098039,0.694117647058824,0.803921568627451
177.36218571662903,0.0,-0.08268796210646384,0.03,1,1,1,0.0,0.3333333333333333,0.06457008150000002,-1,-1,-1,1.0,1.0,-1.0,0.0,-0.3333333333333333,0.10935000000000002,-1,-1,-1,0.356862745098039,0.694117647058824,0.803921568627451
177.39667296409607,0.0,-0.08528725214711604,0.03,1,1,1,0.0,0.3333333333333333,0.06457008150000002,-1,-1,-1,1.0,1.0,-1.0,0.0,-0.3333333333333333,0.10935000000000002,-1,-1,-1,0.356862745098039,0.694117647058824,0.803921568627451
177.4313862323761,0.0,-0.08788654218776823,0.03,1,1,1,0.0,0.3333333333333333,0.06457008150000002,-1,-1,-1,1.0,1.0,-1.0,0.0,-0.3333333333333333,0.10935000000000002,-1,-1,-1,0.356862745098039,0.694117647058824,0.803921568627451
177.4710648059845,0.0,-0.09048583222842042,0.03,1,1,1,0.0,0.3333333333333333,0.06457008150000002,-1,-1,-1,1.0,1.0,-1.0,0.0,-0.3333333333333333,0.10935000000000002,-1,-1,-1,0.356862745098039,0.694117647058824,0.803921568627451
177.508535861969,0.0,-0.09308512226907262,0.03,1,1,1,0.0,0.3333333333333333,0.06457008150000002,-1,-1,-1,1.0,1.0,-1.0,0.0,-0.3333333333333333,0.10935000000000002,-1,-1,-1,0.356862745098039,0.694117647058824,0.803921568627451
177.54947781562805,0.0,-0.09568441230972481,0.03,1,1,1,0.0,0.3333333333333333,0.06457008150000002,-1,-1,-1,1.0,1.0,-1.0,0.0,-0.3333333333333333,0.10935000000000002,-1,-1,-1,0.356862745098039,0.694117647058824,0.803921568627451
177.58403611183167,0.0,-0.098283702350377,0.03,1,1,1,0.0,0.3333333333333333,0.06457008150000002,-1,-1,-1,1.0,1.0,-1.0,0.0,-0.3333333333333333,0.10935000000000002,-1,-1,-1,0.356862745098039,0.694117647058824,0.803921568627451
177.61910462379456,0.0,-0.1008829923910292,0.03,1,1,1,0.0,0.3333333333333333,0.06457008150000002,-1,-1,-1,1.0,1.0,-1.0,0.0,-0.3333333333333333,0.10935000000000002,-1,-1,-1,0.356862745098039,0.694117647058824,0.803921568627451
177.65371966362,0.0,-0.1034822824316814,0.03,1,1,1,0.0,0.3333333333333333,0.06457008150000002,-1,-1,-1,1.0,1.0,-1.0,0.0,-0.3333333333333333,0.10935000000000002,-1,-1,-1,0.356862745098039,0.694117647058824,0.803921568627451
177.69632291793823,0.0,-0.10608157247233359,0.03,1,1,1,0.0,0.3333333333333333,0.06457008150000002,-1,-1,-1,1.0,1.0,-1.0,0.0,-0.3333333333333333,0.10935000000000002,-1,-1,-1,0.356862745098039,0.694117647058824,0.803921568627451
177.73898553848267,0.0,-0.10868086251298578,0.03,1,1,1,0.0,0.3333333333333333,0.06457008150000002,-1,-1,-1,1.0,1.0,-1.0,0.0,-0.3333333333333333,0.10935000000000002,-1,-1,-1,0.356862745098039,0.694117647058824,0.803921568627451
177.7737855911255,0.0,-0.11128015255363798,0.03,1,1,1,0.0,0.3333333333333333,0.06457008150000002,-1,-1,-1,1.0,1.0,-1.0,0.0,-0.3333333333333333,0.10935000000000002,-1,-1,-1,0.356862745098039,0.694117647058824,0.803921568627451
177.81014895439148,0.0,-0.11387944259429017,0.03,1,1,1,0.0,0.3333333333333333,0.06457008150000002,-1,-1,-1,1.0,1.0,-1.0,0.0,-0.3333333333333333,0.10935000000000002,-1,-1,-1,0.356862745098039,0.694117647058824,0.803921568627451
177.84191370010376,0.0,-0.11647873263494236,0.03,1,1,1,0.0,0.3333333333333333,0.06457008150000002,-1,-1,-1,1.0,1.0,-1.0,0.0,-0.3333333333333333,0.10935000000000002,-1,-1,-1,0.356862745098039,0.694117647058824,0.803921568627451
177.87837624549866,0.0,-0.11907802267559457,0.03,1,1,1,0.0,0.3333333333333333,0.06457008150000002,-1,-1,-1,1.0,1.0,-1.0,0.0,-0.3333333333333333,0.10935000000000002,-1,-1,-1,0.356862745098039,0.694117647058824,0.803921568627451
177.9253330230713,0.0,-0.12167731271624675,0.03,1,1,1,0.0,0.3333333333333333,0.06457008150000002,-1,-1,-1,1.0,1.0,-1.0,0.0,-0.3333333333333333,0.10935000000000002,-1,-1,-1,0.356862745098039,0.694117647058824,0.803921568627451
177.96028184890747,0.0,-0.12427660275689895,0.03,1,1,1,0.0,0.3333333333333333,0.06457008150000002,-1,-1,-1,1.0,1.0,-1.0,0.0,-0.3333333333333333,0.10935000000000002,-1,-1,-1,0.356862745098039,0.694117647058824,0.803921568627451
177.99371314048767,0.0,-0.1268758927975511,0.03,1,1,1,0.0,0.3333333333333333,0.06457008150000002,-1,-1,-1,1.0,1.0,-1.0,0.0,-0.3333333333333333,0.10935000000000002,-1,-1,-1,0.356862745098039,0.694117647058824,0.803921568627451
178.02901315689087,0.0,-0.12947518283820322,0.03,1,1,1,0.0,0.3333333333333333,0.06457008150000002,-1,-1,-1,1.0,1.0,-1.0,0.0,-0.3333333333333333,0.10935000000000002,-1,-1,-1,0.356862745098039,0.694117647058824,0.803921568627451
178.0639066696167,0.0,-0.13207447287885535,0.03,1,1,1,0.0,0.3333333333333333,0.06457008150000002,-1,-1,-1,1.0,1.0,-1.0,0.0,-0.3333333333333333,0.10935000000000002,-1,-1,-1,0.356862745098039,0.694117647058824,0.803921568627451
178.1090886592865,0.0,-0.13467376291950747,0.03,1,1,1,0.0,0.3333333333333333,0.06457008150000002,-1,-1,-1,1.0,1.0,-1.0,0.0,-0.3333333333333333,0.10935000000000002,-1,-1,-1,0.356862745098039,0.694117647058824,0.803921568627451
178.14722633361816,0.0,-0.1372730529601596,0.03,1,1,1,0.0,0.3333333333333333,0.06457008150000002,-1,-1,-1,1.0,1.0,-1.0,0.0,-0.3333333333333333,0.10935000000000002,-1,-1,-1,0.356862745098039,0.694117647058824,0.803921568627451
178.18210339546204,0.0,-0.13987234300081172,0.03,1,1,1,0.0,0.3333333333333333,0.06457008150000002,-1,-1,-1,1.0,1.0,-1.0,0.0,-0.3333333333333333,0.10935000000000002,-1,-1,-1,0.356862745098039,0.694117647058824,0.803921568627451
178.22377490997314,0.0,-0.14247163304146385,0.03,1,1,1,0.0,0.3333333333333333,0.06457008150000002,-1,-1,-1,1.0,1.0,-1.0,0.0,-0.3333333333333333,0.10935000000000002,-1,-1,-1,0.356862745098039,0.694117647058824,0.803921568627451
178.25878381729126,0.0,-0.14507092308211597,0.03,1,1,1,0.0,0.3333333333333333,0.06457008150000002,-1,-1,-1,1.0,1.0,-1.0,0.0,-0.3333333333333333,0.10935000000000002,-1,-1,-1,0.356862745098039,0.694117647058824,0.803921568627451
178.30021238327026,0.0,-0.1476702131227681,0.03,1,1,1,0.0,0.3333333333333333,0.06457008150000002,-1,-1,-1,1.0,1.0,-1.0,0.0,-0.3333333333333333,0.10935000000000002,-1,-1,-1,0.356862745098039,0.694117647058824,0.803921568627451
178.34446382522583,0.0,-0.15026950316342022,0.03,1,1,1,0.0,0.3333333333333333,0.06457008150000002,-1,-1,-1,1.0,1.0,-1.0,0.0,-0.3333333333333333,0.10935000000000002,-1,-1,-1,0.356862745098039,0.694117647058824,0.803921568627451
178.38315987586975,0.0,-0.15286879320407235,0.03,1,1,1,0.0,0.3333333333333333,0.06457008150000002,-1,-1,-1,1.0,1.0,-1.0,0.0,-0.3333333333333333,0.10935000000000002,-1,-1,-1,0.356862745098039,0.694117647058824,0.803921568627451
178.4180235862732,0.0,-0.15546808324472447,0.03,1,1,1,0.0,0.3333333333333333,0.06457008150000002,-1,-1,-1,1.0,1.0,-1.0,0.0,-0.3333333333333333,0.10935000000000002,-1,-1,-1,0.356862745098039,0.694117647058824,0.803921568627451
178.45420908927917,0.0,-0.1580673732853766,0.03,1,1,1,0.0,0.3333333333333333,0.06457008150000002,-1,-1,-1,1.0,1.0,-1.0,0.0,-0.3333333333333333,0.10935000000000002,-1,-1,-1,0.356862745098039,0.694117647058824,0.803921568627451
178.48765444755554,0.0,-0.16066666332602872,0.03,1,1,1,0.0,0.3333333333333333,0.06457008150000002,-1,-1,-1,1.0,1.0,-1.0,0.0,-0.3333333333333333,0.10935000000000002,-1,-1,-1,0.356862745098039,0.694117647058824,0.803921568627451
178.52948379516602,0.0,-0.16326595336668084,0.03,1,1,1,0.0,0.3333333333333333,0.06457008150000002,-1,-1,-1,1.0,1.0,-1.0,0.0,-0.3333333333333333,0.10935000000000002,-1,-1,-1,0.356862745098039,0.694117647058824,0.803921568627451
178.5711874961853,0.0,-0.16278433309906085,0.03,1,1,1,0.0,0.3333333333333333,0.06457008150000002,-1,-1,-1,1.0,1.0,-1.0,0.0,-0.3333333333333333,0.10935000000000002,-1,-1,-1,0.356862745098039,0.694117647058824,0.803921568627451
178.60567045211792,0.0,-0.16230271283144085,0.03,1,1,1,0.0,0.3333333333333333,0.06457008150000002,-1,-1,-1,1.0,1.0,-1.0,0.0,-0.3333333333333333,0.10935000000000002,-1,-1,-1,0.356862745098039,0.694117647058824,0.803921568627451
178.64525079727173,0.0,-0.16182109256382085,0.03,1,1,1,0.0,0.3333333333333333,0.06457008150000002,-1,-1,-1,1.0,1.0,-1.0,0.0,-0.3333333333333333,0.10935000000000002,-1,-1,-1,0.356862745098039,0.694117647058824,0.803921568627451
178.67894577980042,0.0,-0.16133947229620085,0.03,1,1,1,0.0,0.3333333333333333,0.06457008150000002,-1,-1,-1,1.0,1.0,-1.0,0.0,-0.3333333333333333,0.10935000000000002,-1,-1,-1,0.356862745098039,0.694117647058824,0.803921568627451
178.71443963050842,0.0,-0.16085785202858086,0.03,1,1,1,0.0,0.3333333333333333,0.06457008150000002,-1,-1,-1,1.0,1.0,-1.0,0.0,-0.3333333333333333,0.10935000000000002,-1,-1,-1,0.356862745098039,0.694117647058824,0.803921568627451
178.7509274482727,0.0,-0.16037623176096086,0.03,1,1,1,0.0,0.3333333333333333,0.06457008150000002,-1,-1,-1,1.0,1.0,-1.0,0.0,-0.3333333333333333,0.10935000000000002,-1,-1,-1,0.356862745098039,0.694117647058824,0.803921568627451
178.78518724441528,0.0,-0.15989461149334086,0.03,1,1,1,0.0,0.3333333333333333,0.06457008150000002,-1,-1,-1,1.0,1.0,-1.0,0.0,-0.3333333333333333,0.10935000000000002,-1,-1,-1,0.356862745098039,0.694117647058824,0.803921568627451
178.82045125961304,0.0,-0.15941299122572086,0.03,1,1,1,0.0,0.3333333333333333,0.06457008150000002,-1,-1,-1,1.0,1.0,-1.0,0.0,-0.3333333333333333,0.10935000000000002,-1,-1,-1,0.356862745098039,0.694117647058824,0.803921568627451
178.8550248146057,0.0,-0.15893137095810086,0.03,1,1,1,0.0,0.3333333333333333,0.06457008150000002,-1,-1,-1,1.0,1.0,-1.0,0.0,-0.3333333333333333,0.10935000000000002,-1,-1,-1,0.356862745098039,0.694117647058824,0.803921568627451
178.8975715637207,0.0,-0.15844975069048087,0.03,1,1,1,0.0,0.3333333333333333,0.06457008150000002,-1,-1,-1,1.0,1.0,-1.0,0.0,-0.3333333333333333,0.10935000000000002,-1,-1,-1,0.356862745098039,0.694117647058824,0.803921568627451
178.9312870502472,0.0,-0.15796813042286087,0.03,1,1,1,0.0,0.3333333333333333,0.06457008150000002,-1,-1,-1,1.0,1.0,-1.0,0.0,-0.3333333333333333,0.10935000000000002,-1,-1,-1,0.356862745098039,0.694117647058824,0.803921568627451
178.96654796600342,0.0,-0.15748651015524087,0.03,1,1,1,0.0,0.3333333333333333,0.06457008150000002,-1,-1,-1,1.0,1.0,-1.0,0.0,-0.3333333333333333,0.10935000000000002,-1,-1,-1,0.356862745098039,0.694117647058824,0.803921568627451
179.00124382972717,0.0,-0.15700488988762087,0.03,1,1,1,0.0,0.3333333333333333,0.06457008150000002,-1,-1,-1,1.0,1.0,-1.0,0.0,-0.3333333333333333,0.10935000000000002,-1,-1,-1,0.356862745098039,0.694117647058824,0.803921568627451
179.03599786758423,0.0,-0.15652326962000088,0.03,1,1,1,0.0,0.3333333333333333,0.06457008150000002,-1,-1,-1,1.0,1.0,-1.0,0.0,-0.3333333333333333,0.10935000000000002,-1,-1,-1,0.356862745098039,0.694117647058824,0.803921568627451
179.07080101966858,0.0,-0.15604164935238088,0.03,1,1,1,0.0,0.3333333333333333,0.06457008150000002,-1,-1,-1,1.0,1.0,-1.0,0.0,-0.3333333333333333,0.10935000000000002,-1,-1,-1,0.356862745098039,0.694117647058824,0.803921568627451
179.11461973190308,0.0,-0.15556002908476088,0.03,1,1,1,0.0,0.3333333333333333,0.06457008150000002,-1,-1,-1,1.0,1.0,-1.0,0.0,-0.3333333333333333,0.10935000000000002,-1,-1,-1,0.356862745098039,0.694117647058824,0.803921568627451
179.1475646495819,0.0,-0.15507840881714088,0.03,1,1,1,0.0,0.3333333333333333,0.06457008150000002,-1,-1,-1,1.0,1.0,-1.0,0.0,-0.3333333333333333,0.10935000000000002,-1,-1,-1,0.356862745098039,0.694117647058824,0.803921568627451
179.18132376670837,0.0,-0.15459678854952089,0.03,1,1,1,0.0,0.3333333333333333,0.06457008150000002,-1,-1,-1,1.0,1.0,-1.0,0.0,-0.3333333333333333,0.10935000000000002,-1,-1,-1,0.356862745098039,0.694117647058824,0.803921568627451
179.21606254577637,0.0,-0.1541151682819009,0.03,1,1,1,0.0,0.3333333333333333,0.06457008150000002,-1,-1,-1,1.0,1.0,-1.0,0.0,-0.3333333333333333,0.10935000000000002,-1,-1,-1,0.356862745098039,0.694117647058824,0.803921568627451
179.25099658966064,0.0,-0.1536335480142809,0.03,1,1,1,0.0,0.3333333333333333,0.06457008150000002,-1,-1,-1,1.0,1.0,-1.0,0.0,-0.3333333333333333,0.10935000000000002,-1,-1,-1,0.356862745098039,0.694117647058824,0.803921568627451
179.29248762130737,0.0,-0.1531519277466609,0.03,1,1,1,0.0,0.3333333333333333,0.06457008150000002,-1,-1,-1,1.0,1.0,-1.0,0.0,-0.3333333333333333,0.10935000000000002,-1,-1,-1,0.356862745098039,0.694117647058824,0.803921568627451
179.3276915550232,0.0,-0.1526703074790409,0.03,1,1,1,0.0,0.3333333333333333,0.06457008150000002,-1,-1,-1,1.0,1.0,-1.0,0.0,-0.3333333333333333,0.10935000000000002,-1,-1,-1,0.356862745098039,0.694117647058824,0.803921568627451
179.36243963241577,0.0,-0.1521886872114209,0.03,1,1,1,0.0,0.3333333333333333,0.06457008150000002,-1,-1,-1,1.0,1.0,-1.0,0.0,-0.3333333333333333,0.10935000000000002,-1,-1,-1,0.356862745098039,0.694117647058824,0.803921568627451
179.39652729034424,0.0,-0.1517070669438009,0.03,1,1,1,0.0,0.3333333333333333,0.06457008150000002,-1,-1,-1,1.0,1.0,-1.0,0.0,-0.3333333333333333,0.10935000000000002,-1,-1,-1,0.356862745098039,0.694117647058824,0.803921568627451
179.432199716568,0.0,-0.1512254466761809,0.03,1,1,1,0.0,0.3333333333333333,0.06457008150000002,-1,-1,-1,1.0,1.0,-1.0,0.0,-0.3333333333333333,0.10935000000000002,-1,-1,-1,0.356862745098039,0.694117647058824,0.803921568627451
179.4724440574646,0.0,-0.1507438264085609,0.03,1,1,1,0.0,0.3333333333333333,0.06457008150000002,-1,-1,-1,1.0,1.0,-1.0,0.0,-0.3333333333333333,0.10935000000000002,-1,-1,-1,0.356862745098039,0.694117647058824,0.803921568627451
179.507084608078,0.0,-0.1502622061409409,0.03,1,1,1,0.0,0.3333333333333333,0.06457008150000002,-1,-1,-1,1.0,1.0,-1.0,0.0,-0.3333333333333333,0.10935000000000002,-1,-1,-1,0.356862745098039,0.694117647058824,0.803921568627451
179.54227423667908,0.0,-0.1497805858733209,0.03,1,1,1,0.0,0.3333333333333333,0.06457008150000002,-1,-1,-1,1.0,1.0,-1.0,0.0,-0.3333333333333333,0.10935000000000002,-1,-1,-1,0.356862745098039,0.694117647058824,0.803921568627451
179.58174324035645,0.0,-0.1492989656057009,0.03,1,1,1,0.0,0.3333333333333333,0.06457008150000002,-1,-1,-1,1.0,1.0,-1.0,0.0,-0.3333333333333333,0.10935000000000002,-1,-1,-1,0.356862745098039,0.694117647058824,0.803921568627451
179.61654686927795,0.0,-0.14881734533808091,0.03,1,1,1,0.0,0.3333333333333333,0.06457008150000002,-1,-1,-1,1.0,1.0,-1.0,0.0,-0.3333333333333333,0.10935000000000002,-1,-1,-1,0.356862745098039,0.694117647058824,0.803921568627451
179.65378427505493,0.0,-0.14833572507046092,0.03,1,1,1,0.0,0.3333333333333333,0.06457008150000002,-1,-1,-1,1.0,1.0,-1.0,0.0,-0.3333333333333333,0.10935000000000002,-1,-1,-1,0.356862745098039,0.694117647058824,0.803921568627451
179.69551587104797,0.0,-0.14785410480284092,0.03,1,1,1,0.0,0.3333333333333333,0.06457008150000002,-1,-1,-1,1.0,1.0,-1.0,0.0,-0.3333333333333333,0.10935000000000002,-1,-1,-1,0.356862745098039,0.694117647058824,0.803921568627451
179.73032402992249,0.0,-0.14737248453522092,0.03,1,1,1,0.0,0.3333333333333333,0.06457008150000002,-1,-1,-1,1.0,1.0,-1.0,0.0,-0.3333333333333333,0.10935000000000002,-1,-1,-1,0.356862745098039,0.694117647058824,0.803921568627451
179.76505517959595,0.0,-0.14758470093867135,0.03,1,1,1,0.0,0.3333333333333333,0.06457008150000002,-1,-1,-1,1.0,1.0,-1.0,0.0,-0.3333333333333333,0.10935000000000002,-1,-1,-1,0.356862745098039,0.694117647058824,0.803921568627451
179.7993929386139,0.0,-0.14779691734212178,0.03,1,1,1,0.0,0.3333333333333333,0.06457008150000002,-1,-1,-1,1.0,1.0,-1.0,0.0,-0.3333333333333333,0.10935000000000002,-1,-1,-1,0.356862745098039,0.694117647058824,0.803921568627451
179.83502173423767,0.0,-0.1480091337455722,0.03,1,1,1,0.0,0.3333333333333333,0.06457008150000002,-1,-1,-1,1.0,1.0,-1.0,0.0,-0.3333333333333333,0.10935000000000002,-1,-1,-1,0.356862745098039,0.694117647058824,0.803921568627451
179.8755979537964,0.0,-0.14822135014902263,0.03,1,1,1,0.0,0.3333333333333333,0.06457008150000002,-1,-1,-1,1.0,1.0,-1.0,0.0,-0.3333333333333333,0.10935000000000002,-1,-1,-1,0.356862745098039,0.694117647058824,0.803921568627451
179.91080713272095,0.0,-0.14843356655247306,0.03,1,1,1,0.0,0.3333333333333333,0.06457008150000002,-1,-1,-1,1.0,1.0,-1.0,0.0,-0.3333333333333333,0.10935000000000002,-1,-1,-1,0.356862745098039,0.694117647058824,0.803921568627451
179.94520783424377,0.0,-0.14864578295592348,0.03,1,1,1,0.0,0.3333333333333333,0.06457008150000002,-1,-1,-1,1.0,1.0,-1.0,0.0,-0.3333333333333333,0.10935000000000002,-1,-1,-1,0.356862745098039,0.694117647058824,0.803921568627451
179.98004961013794,0.0,-0.1488579993593739,0.03,1,1,1,0.0,0.3333333333333333,0.06457008150000002,-1,-1,-1,1.0,1.0,-1.0,0.0,-0.3333333333333333,0.10935000000000002,-1,-1,-1,0.356862745098039,0.694117647058824,0.803921568627451
180.0180606842041,0.0,-0.14907021576282434,0.03,1,1,1,0.0,0.3333333333333333,0.06457008150000002,-1,-1,-1,1.0,1.0,-1.0,0.0,-0.3333333333333333,0.10935000000000002,-1,-1,-1,0.356862745098039,0.694117647058824,0.803921568627451
180.0526523590088,0.0,-0.14928243216627476,0.03,1,1,1,0.0,0.3333333333333333,0.06457008150000002,-1,-1,-1,1.0,1.0,-1.0,0.0,-0.3333333333333333,0.10935000000000002,-1,-1,-1,0.356862745098039,0.694117647058824,0.803921568627451
180.0912504196167,0.0,-0.1494946485697252,0.03,1,1,1,0.0,0.3333333333333333,0.06457008150000002,-1,-1,-1,1.0,1.0,-1.0,0.0,-0.3333333333333333,0.10935000000000002,-1,-1,-1,0.356862745098039,0.694117647058824,0.803921568627451
180.12587714195251,0.0,-0.14970686497317562,0.03,1,1,1,0.0,0.3333333333333333,0.06457008150000002,-1,-1,-1,1.0,1.0,-1.0,0.0,-0.3333333333333333,0.10935000000000002,-1,-1,-1,0.356862745098039,0.694117647058824,0.803921568627451
180.1604449748993,0.0,-0.14991908137662605,0.03,1,1,1,0.0,0.3333333333333333,0.06457008150000002,-1,-1,-1,1.0,1.0,-1.0,0.0,-0.3333333333333333,0.10935000000000002,-1,-1,-1,0.356862745098039,0.694117647058824,0.803921568627451
180.19514679908752,0.0,-0.15013129778007647,0.03,1,1,1,0.0,0.3333333333333333,0.06457008150000002,-1,-1,-1,1.0,1.0,-1.0,0.0,-0.3333333333333333,0.10935000000000002,-1,-1,-1,0.356862745098039,0.694117647058824,0.803921568627451
180.23000526428223,0.0,-0.1503435141835269,0.03,1,1,1,0.0,0.3333333333333333,0.06457008150000002,-1,-1,-1,1.0,1.0,-1.0,0.0,-0.3333333333333333,0.10935000000000002,-1,-1,-1,0.356862745098039,0.694117647058824,0.803921568627451
180.27219557762146,0.0,-0.15055573058697733,0.03,1,1,1,0.0,0.3333333333333333,0.06457008150000002,-1,-1,-1,1.0,1.0,-1.0,0.0,-0.3333333333333333,0.10935000000000002,-1,-1,-1,0.356862745098039,0.694117647058824,0.803921568627451
180.3065071105957,0.0,-0.15076794699042775,0.03,1,1,1,0.0,0.3333333333333333,0.06457008150000002,-1,-1,-1,1.0,1.0,-1.0,0.0,-0.3333333333333333,0.10935000000000002,-1,-1,-1,0.356862745098039,0.694117647058824,0.803921568627451
180.34124279022217,0.0,-0.15098016339387818,0.03,1,1,1,0.0,0.3333333333333333,0.06457008150000002,-1,-1,-1,1.0,1.0,-1.0,0.0,-0.3333333333333333,0.10935000000000002,-1,-1,-1,0.356862745098039,0.694117647058824,0.803921568627451
180.3757495880127,0.0,-0.1511923797973286,0.03,1,1,1,0.0,0.3333333333333333,0.06457008150000002,-1,-1,-1,1.0,1.0,-1.0,0.0,-0.3333333333333333,0.10935000000000002,-1,-1,-1,0.356862745098039,0.694117647058824,0.803921568627451
180.4106183052063,0.0,-0.15140459620077903,0.03,1,1,1,0.0,0.3333333333333333,0.06457008150000002,-1,-1,-1,1.0,1.0,-1.0,0.0,-0.3333333333333333,0.10935000000000002,-1,-1,-1,0.356862745098039,0.694117647058824,0.803921568627451
180.4455418586731,0.0,-0.15161681260422946,0.03,1,1,1,0.0,0.3333333333333333,0.06457008150000002,-1,-1,-1,1.0,1.0,-1.0,0.0,-0.3333333333333333,0.10935000000000002,-1,-1,-1,0.356862745098039,0.694117647058824,0.803921568627451
180.48940420150757,0.0,-0.1518290290076799,0.03,1,1,1,0.0,0.3333333333333333,0.06457008150000002,-1,-1,-1,1.0,1.0,-1.0,0.0,-0.3333333333333333,0.10935000000000002,-1,-1,-1,0.356862745098039,0.694117647058824,0.803921568627451
180.52292227745056,0.0,-0.15204124541113032,0.03,1,1,1,0.0,0.3333333333333333,0.06457008150000002,-1,-1,-1,1.0,1.0,-1.0,0.0,-0.3333333333333333,0.10935000000000002,-1,-1,-1,0.356862745098039,0.694117647058824,0.803921568627451
180.5561773777008,0.0,-0.15225346181458074,0.03,1,1,1,0.0,0.3333333333333333,0.06457008150000002,-1,-1,-1,1.0,1.0,-1.0,0.0,-0.3333333333333333,0.10935000000000002,-1,-1,-1,0.356862745098039,0.694117647058824,0.803921568627451
180.59100031852722,0.0,-0.15246567821803117,0.03,1,1,1,0.0,0.3333333333333333,0.06457008150000002,-1,-1,-1,1.0,1.0,-1.0,0.0,-0.3333333333333333,0.10935000000000002,-1,-1,-1,0.356862745098039,0.694117647058824,0.803921568627451
180.62616181373596,0.0,-0.1526778946214816,0.03,1,1,1,0.0,0.3333333333333333,0.06457008150000002,-1,-1,-1,1.0,1.0,-1.0,0.0,-0.3333333333333333,0.10935000000000002,-1,-1,-1,0.356862745098039,0.694117647058824,0.803921568627451
180.66005539894104,0.0,-0.15289011102493202,0.03,1,1,1,0.0,0.3333333333333333,0.06457008150000002,-1,-1,-1,1.0,1.0,-1.0,0.0,-0.3333333333333333,0.10935000000000002,-1,-1,-1,0.356862745098039,0.694117647058824,0.803921568627451
180.70314598083496,0.0,-0.15310232742838245,0.03,1,1,1,0.0,0.3333333333333333,0.06457008150000002,-1,-1,-1,1.0,1.0,-1.0,0.0,-0.3333333333333333,0.10935000000000002,-1,-1,-1,0.356862745098039,0.694117647058824,0.803921568627451
180.7376754283905,0.0,-0.15331454383183288,0.03,1,1,1,0.0,0.3333333333333333,0.06457008150000002,-1,-1,-1,1.0,1.0,-1.0,0.0,-0.3333333333333333,0.10935000000000002,-1,-1,-1,0.356862745098039,0.694117647058824,0.803921568627451
180.77215957641602,0.0,-0.1535267602352833,0.03,1,1,1,0.0,0.3333333333333333,0.06457008150000002,-1,-1,-1,1.0,1.0,-1.0,0.0,-0.3333333333333333,0.10935000000000002,-1,-1,-1,0.356862745098039,0.694117647058824,0.803921568627451
180.80711698532104,0.0,-0.15373897663873373,0.03,1,1,1,0.0,0.3333333333333333,0.06457008150000002,-1,-1,-1,1.0,1.0,-1.0,0.0,-0.3333333333333333,0.10935000000000002,-1,-1,-1,0.356862745098039,0.694117647058824,0.803921568627451
180.84912967681885,0.0,-0.15395119304218416,0.03,1,1,1,0.0,0.3333333333333333,0.06457008150000002,-1,-1,-1,1.0,1.0,-1.0,0.0,-0.3333333333333333,0.10935000000000002,-1,-1,-1,0.356862745098039,0.694117647058824,0.803921568627451
180.89271068572998,0.0,-0.15416340944563459,0.03,1,1,1,0.0,0.3333333333333333,0.06457008150000002,-1,-1,-1,1.0,1.0,-1.0,0.0,-0.3333333333333333,0.10935000000000002,-1,-1,-1,0.356862745098039,0.694117647058824,0.803921568627451
180.92668771743774,0.0,-0.154375625849085,0.03,1,1,1,0.0,0.3333333333333333,0.06457008150000002,-1,-1,-1,1.0,1.0,-1.0,0.0,-0.3333333333333333,0.10935000000000002,-1,-1,-1,0.356862745098039,0.694117647058824,0.803921568627451
180.96049404144287,0.0,-0.15188904168354236,0.03,1,1,1,0.0,0.3333333333333333,0.06457008150000002,-1,-1,-1,1.0,1.0,-1.0,0.0,-0.3333333333333333,0.10935000000000002,-1,-1,-1,0.356862745098039,0.694117647058824,0.803921568627451
180.99576950073242,0.0,-0.14872775737575145,0.03,1,1,1,0.0,0.3333333333333333,0.06457008150000002,-1,-1,-1,1.0,1.0,-1.0,0.0,-0.3333333333333333,0.10935000000000002,-1,-1,-1,0.356862745098039,0.694117647058824,0.803921568627451
181.03008913993835,0.0,-0.14556647306796053,0.03,1,1,1,0.0,0.3333333333333333,0.06457008150000002,-1,-1,-1,1.0,1.0,-1.0,0.0,-0.3333333333333333,0.10935000000000002,-1,-1,-1,0.356862745098039,0.694117647058824,0.803921568627451
181.07825779914856,0.0,-0.1424051887601696,0.03,1,1,1,0.0,0.3333333333333333,0.06457008150000002,-1,-1,-1,1.0,1.0,-1.0,0.0,-0.3333333333333333,0.10935000000000002,-1,-1,-1,0.356862745098039,0.694117647058824,0.803921568627451
181.11994886398315,0.0,-0.1392439044523787,0.03,1,1,1,0.0,0.3333333333333333,0.06457008150000002,-1,-1,-1,1.0,1.0,-1.0,0.0,-0.3333333333333333,0.10935000000000002,-1,-1,-1,0.356862745098039,0.694117647058824,0.803921568627451
181.15451622009277,0.0,-0.13608262014458777,0.03,1,1,1,0.0,0.3333333333333333,0.06457008150000002,-1,-1,-1,1.0,1.0,-1.0,0.0,-0.3333333333333333,0.10935000000000002,-1,-1,-1,0.356862745098039,0.694117647058824,0.803921568627451
181.1935589313507,0.0,-0.13292133583679686,0.03,1,1,1,0.0,0.3333333333333333,0.06457008150000002,-1,-1,-1,1.0,1.0,-1.0,0.0,-0.3333333333333333,0.10935000000000002,-1,-1,-1,0.356862745098039,0.694117647058824,0.803921568627451
181.22836756706238,0.0,-0.12976005152900594,0.03,1,1,1,0.0,0.3333333333333333,0.06457008150000002,-1,-1,-1,1.0,1.0,-1.0,0.0,-0.3333333333333333,0.10935000000000002,-1,-1,-1,0.356862745098039,0.694117647058824,0.803921568627451
181.26623916625977,0.0,-0.12659876722121502,0.03,1,1,1,0.0,0.3333333333333333,0.06457008150000002,-1,-1,-1,1.0,1.0,-1.0,0.0,-0.3333333333333333,0.10935000000000002,-1,-1,-1,0.356862745098039,0.694117647058824,0.803921568627451
181.31471180915833,0.0,-0.12343748291342414,0.03,1,1,1,0.0,0.3333333333333333,0.06457008150000002,-1,-1,-1,1.0,1.0,-1.0,0.0,-0.3333333333333333,0.10935000000000002,-1,-1,-1,0.356862745098039,0.694117647058824,0.803921568627451
181.34911513328552,0.0,-0.12027619860563332,0.03,1,1,1,0.0,0.3333333333333333,0.06457008150000002,-1,-1,-1,1.0,1.0,-1.0,0.0,-0.3333333333333333,0.10935000000000002,-1,-1,-1,0.356862745098039,0.694117647058824,0.803921568627451
181.3838770389557,0.0,-0.11711491429784247,0.03,1,1,1,0.0,0.3333333333333333,0.06457008150000002,-1,-1,-1,1.0,1.0,-1.0,0.0,-0.3333333333333333,0.10935000000000002,-1,-1,-1,0.356862745098039,0.694117647058824,0.803921568627451
181.41837811470032,0.0,-0.11395362999005162,0.03,1,1,1,0.0,0.3333333333333333,0.06457008150000002,-1,-1,-1,1.0,1.0,-1.0,0.0,-0.3333333333333333,0.10935000000000002,-1,-1,-1,0.356862745098039,0.694117647058824,0.803921568627451
181.4627673625946,0.0,-0.11079234568226078,0.03,1,1,1,0.0,0.3333333333333333,0.06457008150000002,-1,-1,-1,1.0,1.0,-1.0,0.0,-0.3333333333333333,0.10935000000000002,-1,-1,-1,0.356862745098039,0.694117647058824,0.803921568627451
181.50174570083618,0.0,-0.10763106137446993,0.03,1,1,1,0.0,0.3333333333333333,0.06457008150000002,-1,-1,-1,1.0,1.0,-1.0,0.0,-0.3333333333333333,0.10935000000000002,-1,-1,-1,0.356862745098039,0.694117647058824,0.803921568627451
181.53596949577332,0.0,-0.10446977706667908,0.03,1,1,1,0.0,0.3333333333333333,0.06457008150000002,-1,-1,-1,1.0,1.0,-1.0,0.0,-0.3333333333333333,0.10935000000000002,-1,-1,-1,0.356862745098039,0.694117647058824,0.803921568627451
181.57098078727722,0.0,-0.10130849275888823,0.03,1,1,1,0.0,0.3333333333333333,0.06457008150000002,-1,-1,-1,1.0,1.0,-1.0,0.0,-0.3333333333333333,0.10935000000000002,-1,-1,-1,0.356862745098039,0.694117647058824,0.803921568627451
181.6056191921234,0.0,-0.09814720845109738,0.03,1,1,1,0.0,0.3333333333333333,0.06457008150000002,-1,-1,-1,1.0,1.0,-1.0,0.0,-0.3333333333333333,0.10935000000000002,-1,-1,-1,0.356862745098039,0.694117647058824,0.803921568627451
181.64775490760803,0.0,-0.09498592414330653,0.03,1,1,1,0.0,0.3333333333333333,0.06457008150000002,-1,-1,-1,1.0,1.0,-1.0,0.0,-0.3333333333333333,0.10935000000000002,-1,-1,-1,0.356862745098039,0.694117647058824,0.803921568627451
181.68937349319458,0.0,-0.09182463983551568,0.03,1,1,1,0.0,0.3333333333333333,0.06457008150000002,-1,-1,-1,1.0,1.0,-1.0,0.0,-0.3333333333333333,0.10935000000000002,-1,-1,-1,0.356862745098039,0.694117647058824,0.803921568627451
181.73194313049316,0.0,-0.08866335552772484,0.03,1,1,1,0.0,0.3333333333333333,0.06457008150000002,-1,-1,-1,1.0,1.0,-1.0,0.0,-0.3333333333333333,0.10935000000000002,-1,-1,-1,0.356862745098039,0.694117647058824,0.803921568627451
181.765207529068,0.0,-0.08550207121993399,0.03,1,1,1,0.0,0.3333333333333333,0.06457008150000002,-1,-1,-1,1.0,1.0,-1.0,0.0,-0.3333333333333333,0.10935000000000002,-1,-1,-1,0.356862745098039,0.694117647058824,0.803921568627451
181.79962611198425,0.0,-0.08234078691214314,0.03,1,1,1,0.0,0.3333333333333333,0.06457008150000002,-1,-1,-1,1.0,1.0,-1.0,0.0,-0.3333333333333333,0.10935000000000002,-1,-1,-1,0.356862745098039,0.694117647058824,0.803921568627451
181.8345866203308,0.0,-0.07917950260435229,0.03,1,1,1,0.0,0.3333333333333333,0.06457008150000002,-1,-1,-1,1.0,1.0,-1.0,0.0,-0.3333333333333333,0.10935000000000002,-1,-1,-1,0.356862745098039,0.694117647058824,0.803921568627451
181.86888194084167,0.0,-0.07601821829656144,0.03,1,1,1,0.0,0.3333333333333333,0.06457008150000002,-1,-1,-1,1.0,1.0,-1.0,0.0,-0.3333333333333333,0.10935000000000002,-1,-1,-1,0.356862745098039,0.694117647058824,0.803921568627451
181.91026329994202,0.0,-0.07285693398877059,0.03,1,1,1,0.0,0.3333333333333333,0.06457008150000002,-1,-1,-1,1.0,1.0,-1.0,0.0,-0.3333333333333333,0.10935000000000002,-1,-1,-1,0.356862745098039,0.694117647058824,0.803921568627451
181.94578528404236,0.0,-0.06969564968097974,0.03,1,1,1,0.0,0.3333333333333333,0.06457008150000002,-1,-1,-1,1.0,1.0,-1.0,0.0,-0.3333333333333333,0.10935000000000002,-1,-1,-1,0.356862745098039,0.694117647058824,0.803921568627451
181.9802267551422,0.0,-0.0665343653731889,0.03,1,1,1,0.0,0.3333333333333333,0.06457008150000002,-1,-1,-1,1.0,1.0,-1.0,0.0,-0.3333333333333333,0.10935000000000002,-1,-1,-1,0.356862745098039,0.694117647058824,0.803921568627451
182.01497340202332,0.0,-0.06337308106539805,0.03,1,1,1,0.0,0.3333333333333333,0.06457008150000002,-1,-1,-1,1.0,1.0,-1.0,0.0,-0.3333333333333333,0.10935000000000002,-1,-1,-1,0.356862745098039,0.694117647058824,0.803921568627451
182.0495982170105,0.0,-0.06021179675760717,0.03,1,1,1,0.0,0.3333333333333333,0.06457008150000002,-1,-1,-1,1.0,1.0,-1.0,0.0,-0.3333333333333333,0.10935000000000002,-1,-1,-1,0.356862745098039,0.694117647058824,0.803921568627451
182.09135460853577,0.0,-0.05705051244981628,0.03,1,1,1,0.0,0.3333333333333333,0.06457008150000002,-1,-1,-1,1.0,1.0,-1.0,0.0,-0.3333333333333333,0.10935000000000002,-1,-1,-1,0.356862745098039,0.694117647058824,0.803921568627451
182.1254632472992,0.0,-0.053889228142025396,0.03,1,1,1,0.0,0.3333333333333333,0.06457008150000002,-1,-1,-1,1.0,1.0,-1.0,0.0,-0.3333333333333333,0.10935000000000002,-1,-1,-1,0.356862745098039,0.694117647058824,0.803921568627451
182.16074299812317,0.0,-0.057434220483924464,0.03,1,1,1,0.0,0.3333333333333333,0.06457008150000002,-1,-1,-1,1.0,1.0,-1.0,0.0,-0.3333333333333333,0.10935000000000002,-1,-1,-1,0.356862745098039,0.694117647058824,0.803921568627451
182.19913601875305,0.0,-0.06265578198824602,0.03,1,1,1,0.0,0.3333333333333333,0.06457008150000002,-1,-1,-1,1.0,1.0,-1.0,0.0,-0.3333333333333333,0.10935000000000002,-1,-1,-1,0.356862745098039,0.694117647058824,0.803921568627451
182.23477244377136,0.0,-0.06787734349256758,0.03,1,1,1,0.0,0.3333333333333333,0.06457008150000002,-1,-1,-1,1.0,1.0,-1.0,0.0,-0.3333333333333333,0.10935000000000002,-1,-1,-1,0.356862745098039,0.694117647058824,0.803921568627451
182.27162408828735,0.0,-0.07309890499688913,0.03,1,1,1,0.0,0.3333333333333333,0.06457008150000002,-1,-1,-1,1.0,1.0,-1.0,0.0,-0.3333333333333333,0.10935000000000002,-1,-1,-1,0.356862745098039,0.694117647058824,0.803921568627451
182.31289172172546,0.0,-0.07832046650121069,0.03,1,1,1,0.0,0.3333333333333333,0.06457008150000002,-1,-1,-1,1.0,1.0,-1.0,0.0,-0.3333333333333333,0.10935000000000002,-1,-1,-1,0.356862745098039,0.694117647058824,0.803921568627451
182.3476538658142,0.0,-0.08354202800553225,0.03,1,1,1,0.0,0.3333333333333333,0.06457008150000002,-1,-1,-1,1.0,1.0,-1.0,0.0,-0.3333333333333333,0.10935000000000002,-1,-1,-1,0.356862745098039,0.694117647058824,0.803921568627451
182.38238310813904,0.0,-0.0887635895098538,0.03,1,1,1,0.0,0.3333333333333333,0.06457008150000002,-1,-1,-1,1.0,1.0,-1.0,0.0,-0.3333333333333333,0.10935000000000002,-1,-1,-1,0.356862745098039,0.694117647058824,0.803921568627451
182.41706609725952,0.0,-0.09398515101417536,0.03,1,1,1,0.0,0.3333333333333333,0.06457008150000002,-1,-1,-1,1.0,1.0,-1.0,0.0,-0.3333333333333333,0.10935000000000002,-1,-1,-1,0.356862745098039,0.694117647058824,0.803921568627451
182.45253109931946,0.0,-0.09920671251849691,0.03,1,1,1,0.0,0.3333333333333333,0.06457008150000002,-1,-1,-1,1.0,1.0,-1.0,0.0,-0.3333333333333333,0.10935000000000002,-1,-1,-1,0.356862745098039,0.694117647058824,0.803921568627451
182.49475955963135,0.0,-0.10442827402281847,0.03,1,1,1,0.0,0.3333333333333333,0.06457008150000002,-1,-1,-1,1.0,1.0,-1.0,0.0,-0.3333333333333333,0.10935000000000002,-1,-1,-1,0.356862745098039,0.694117647058824,0.803921568627451
182.52854466438293,0.0,-0.10964983552714003,0.03,1,1,1,0.0,0.3333333333333333,0.06457008150000002,-1,-1,-1,1.0,1.0,-1.0,0.0,-0.3333333333333333,0.10935000000000002,-1,-1,-1,0.356862745098039,0.694117647058824,0.803921568627451
182.56347250938416,0.0,-0.11487139703146158,0.03,1,1,1,0.0,0.3333333333333333,0.06457008150000002,-1,-1,-1,1.0,1.0,-1.0,0.0,-0.3333333333333333,0.10935000000000002,-1,-1,-1,0.356862745098039,0.694117647058824,0.803921568627451
182.6015944480896,0.0,-0.12009295853578313,0.03,1,1,1,0.0,0.3333333333333333,0.06457008150000002,-1,-1,-1,1.0,1.0,-1.0,0.0,-0.3333333333333333,0.10935000000000002,-1,-1,-1,0.356862745098039,0.694117647058824,0.803921568627451
182.63706374168396,0.0,-0.12531452004010463,0.03,1,1,1,0.0,0.3333333333333333,0.06457008150000002,-1,-1,-1,1.0,1.0,-1.0,0.0,-0.3333333333333333,0.10935000000000002,-1,-1,-1,0.356862745098039,0.694117647058824,0.803921568627451
182.67418241500854,0.0,-0.13053608154442625,0.03,1,1,1,0.0,0.3333333333333333,0.06457008150000002,-1,-1,-1,1.0,1.0,-1.0,0.0,-0.3333333333333333,0.10935000000000002,-1,-1,-1,0.356862745098039,0.694117647058824,0.803921568627451
182.71635937690735,0.0,-0.13575764304874788,0.03,1,1,1,0.0,0.3333333333333333,0.06457008150000002,-1,-1,-1,1.0,1.0,-1.0,0.0,-0.3333333333333333,0.10935000000000002,-1,-1,-1,0.356862745098039,0.694117647058824,0.803921568627451
182.7508466243744,0.0,-0.1409792045530695,0.03,1,1,1,0.0,0.3333333333333333,0.06457008150000002,-1,-1,-1,1.0,1.0,-1.0,0.0,-0.3333333333333333,0.10935000000000002,-1,-1,-1,0.356862745098039,0.694117647058824,0.803921568627451
182.78513097763062,0.0,-0.14620076605739113,0.03,1,1,1,0.0,0.3333333333333333,0.06457008150000002,-1,-1,-1,1.0,1.0,-1.0,0.0,-0.3333333333333333,0.10935000000000002,-1,-1,-1,0.356862745098039,0.694117647058824,0.803921568627451
182.82018303871155,0.0,-0.15142232756171276,0.03,1,1,1,0.0,0.3333333333333333,0.06457008150000002,-1,-1,-1,1.0,1.0,-1.0,0.0,-0.3333333333333333,0.10935000000000002,-1,-1,-1,0.356862745098039,0.694117647058824,0.803921568627451
182.85476660728455,0.0,-0.15664388906603438,0.03,1,1,1,0.0,0.3333333333333333,0.06457008150000002,-1,-1,-1,1.0,1.0,-1.0,0.0,-0.3333333333333333,0.10935000000000002,-1,-1,-1,0.356862745098039,0.694117647058824,0.803921568627451
182.89663577079773,0.0,-0.161865450570356,0.03,1,1,1,0.0,0.3333333333333333,0.06457008150000002,-1,-1,-1,1.0,1.0,-1.0,0.0,-0.3333333333333333,0.10935000000000002,-1,-1,-1,0.356862745098039,0.694117647058824,0.803921568627451
182.93098545074463,0.0,-0.16708701207467763,0.03,1,1,1,0.0,0.3333333333333333,0.06457008150000002,-1,-1,-1,1.0,1.0,-1.0,0.0,-0.3333333333333333,0.10935000000000002,-1,-1,-1,0.356862745098039,0.694117647058824,0.803921568627451
182.96583795547485,0.0,-0.17230857357899926,0.03,1,1,1,0.0,0.3333333333333333,0.06457008150000002,-1,-1,-1,1.0,1.0,-1.0,0.0,-0.3333333333333333,0.10935000000000002,-1,-1,-1,0.356862745098039,0.694117647058824,0.803921568627451
183.00501680374146,0.0,-0.17753013508332088,0.03,1,1,1,0.0,0.3333333333333333,0.06457008150000002,-1,-1,-1,1.0,1.0,-1.0,0.0,-0.3333333333333333,0.10935000000000002,-1,-1,-1,0.356862745098039,0.694117647058824,0.803921568627451
183.03891158103943,0.0,-0.1827516965876425,0.03,1,1,1,0.0,0.3333333333333333,0.06457008150000002,-1,-1,-1,1.0,1.0,-1.0,0.0,-0.3333333333333333,0.10935000000000002,-1,-1,-1,0.356862745098039,0.694117647058824,0.803921568627451
183.07407021522522,0.0,-0.18797325809196413,0.03,1,1,1,0.0,0.3333333333333333,0.06457008150000002,-1,-1,-1,1.0,1.0,-1.0,0.0,-0.3333333333333333,0.10935000000000002,-1,-1,-1,0.356862745098039,0.694117647058824,0.803921568627451
183.11175298690796,0.0,-0.19319481959628576,0.03,1,1,1,0.0,0.3333333333333333,0.06457008150000002,-1,-1,-1,1.0,1.0,-1.0,0.0,-0.3333333333333333,0.10935000000000002,-1,-1,-1,0.356862745098039,0.694117647058824,0.803921568627451
183.1462414264679,0.0,-0.1984163811006074,0.03,1,1,1,0.0,0.3333333333333333,0.06457008150000002,-1,-1,-1,1.0,1.0,-1.0,0.0,-0.3333333333333333,0.10935000000000002,-1,-1,-1,0.356862745098039,0.694117647058824,0.803921568627451
183.181334733963,0.0,-0.203637942604929,0.03,1,1,1,0.0,0.3333333333333333,0.06457008150000002,-1,-1,-1,1.0,1.0,-1.0,0.0,-0.3333333333333333,0.10935000000000002,-1,-1,-1,0.356862745098039,0.694117647058824,0.803921568627451
183.21574592590332,0.0,-0.20885950410925064,0.03,1,1,1,0.0,0.3333333333333333,0.06457008150000002,-1,-1,-1,1.0,1.0,-1.0,0.0,-0.3333333333333333,0.10935000000000002,-1,-1,-1,0.356862745098039,0.694117647058824,0.803921568627451
183.25826478004456,0.0,-0.21408106561357226,0.03,1,1,1,0.0,0.3333333333333333,0.06457008150000002,-1,-1,-1,1.0,1.0,-1.0,0.0,-0.3333333333333333,0.10935000000000002,-1,-1,-1,0.356862745098039,0.694117647058824,0.803921568627451
183.29293656349182,0.0,-0.2193026271178939,0.03,1,1,1,0.0,0.3333333333333333,0.06457008150000002,-1,-1,-1,1.0,1.0,-1.0,0.0,-0.3333333333333333,0.10935000000000002,-1,-1,-1,0.356862745098039,0.694117647058824,0.803921568627451
183.32751893997192,0.0,-0.22452418862221551,0.03,1,1,1,0.0,0.3333333333333333,0.06457008150000002,-1,-1,-1,1.0,1.0,-1.0,0.0,-0.3333333333333333,0.10935000000000002,-1,-1,-1,0.356862745098039,0.694117647058824,0.803921568627451
183.3624231815338,0.0,-0.2216958470239337,0.03,1,1,1,0.0,0.3333333333333333,0.06457008150000002,-1,-1,-1,1.0,1.0,-1.0,0.0,-0.3333333333333333,0.10935000000000002,-1,-1,-1,0.356862745098039,0.694117647058824,0.803921568627451
183.3973252773285,0.0,-0.216855029650001,0.03,1,1,1,0.0,0.3333333333333333,0.06457008150000002,-1,-1,-1,1.0,1.0,-1.0,0.0,-0.3333333333333333,0.10935000000000002,-1,-1,-1,0.356862745098039,0.694117647058824,0.803921568627451
183.4400656223297,0.0,-0.21201421227606831,0.03,1,1,1,0.0,0.3333333333333333,0.06457008150000002,-1,-1,-1,1.0,1.0,-1.0,0.0,-0.3333333333333333,0.10935000000000002,-1,-1,-1,0.356862745098039,0.694117647058824,0.803921568627451
183.47375631332397,0.0,-0.20717339490213563,0.03,1,1,1,0.0,0.3333333333333333,0.06457008150000002,-1,-1,-1,1.0,1.0,-1.0,0.0,-0.3333333333333333,0.10935000000000002,-1,-1,-1,0.356862745098039,0.694117647058824,0.803921568627451
183.5076003074646,0.0,-0.20233257752820294,0.03,1,1,1,0.0,0.3333333333333333,0.06457008150000002,-1,-1,-1,1.0,1.0,-1.0,0.0,-0.3333333333333333,0.10935000000000002,-1,-1,-1,0.356862745098039,0.694117647058824,0.803921568627451
183.54203605651855,0.0,-0.19749176015427025,0.03,1,1,1,0.0,0.3333333333333333,0.06457008150000002,-1,-1,-1,1.0,1.0,-1.0,0.0,-0.3333333333333333,0.10935000000000002,-1,-1,-1,0.356862745098039,0.694117647058824,0.803921568627451
183.576997756958,0.0,-0.19265094278033756,0.03,1,1,1,0.0,0.3333333333333333,0.06457008150000002,-1,-1,-1,1.0,1.0,-1.0,0.0,-0.3333333333333333,0.10935000000000002,-1,-1,-1,0.356862745098039,0.694117647058824,0.803921568627451
183.61214566230774,0.0,-0.18781012540640488,0.03,1,1,1,0.0,0.3333333333333333,0.06457008150000002,-1,-1,-1,1.0,1.0,-1.0,0.0,-0.3333333333333333,0.10935000000000002,-1,-1,-1,0.356862745098039,0.694117647058824,0.803921568627451
183.65473556518555,0.0,-0.1829693080324722,0.03,1,1,1,0.0,0.3333333333333333,0.06457008150000002,-1,-1,-1,1.0,1.0,-1.0,0.0,-0.3333333333333333,0.10935000000000002,-1,-1,-1,0.356862745098039,0.694117647058824,0.803921568627451
183.6889419555664,0.0,-0.1781284906585395,0.03,1,1,1,0.0,0.3333333333333333,0.06457008150000002,-1,-1,-1,1.0,1.0,-1.0,0.0,-0.3333333333333333,0.10935000000000002,-1,-1,-1,0.356862745098039,0.694117647058824,0.803921568627451
183.7235825061798,0.0,-0.1732876732846068,0.03,1,1,1,0.0,0.3333333333333333,0.06457008150000002,-1,-1,-1,1.0,1.0,-1.0,0.0,-0.3333333333333333,0.10935000000000002,-1,-1,-1,0.356862745098039,0.694117647058824,0.803921568627451
183.75844621658325,0.0,-0.16844685591067413,0.03,1,1,1,0.0,0.3333333333333333,0.06457008150000002,-1,-1,-1,1.0,1.0,-1.0,0.0,-0.3333333333333333,0.10935000000000002,-1,-1,-1,0.356862745098039,0.694117647058824,0.803921568627451
183.80020952224731,0.0,-0.16360603853674144,0.03,1,1,1,0.0,0.3333333333333333,0.06457008150000002,-1,-1,-1,1.0,1.0,-1.0,0.0,-0.3333333333333333,0.10935000000000002,-1,-1,-1,0.356862745098039,0.694117647058824,0.803921568627451
183.84437084197998,0.0,-0.15876522116280875,0.03,1,1,1,0.0,0.3333333333333333,0.06457008150000002,-1,-1,-1,1.0,1.0,-1.0,0.0,-0.3333333333333333,0.10935000000000002,-1,-1,-1,0.356862745098039,0.694117647058824,0.803921568627451
183.88379573822021,0.0,-0.15392440378887606,0.03,1,1,1,0.0,0.3333333333333333,0.06457008150000002,-1,-1,-1,1.0,1.0,-1.0,0.0,-0.3333333333333333,0.10935000000000002,-1,-1,-1,0.356862745098039,0.694117647058824,0.803921568627451
183.91823077201843,0.0,-0.14908358641494338,0.03,1,1,1,0.0,0.3333333333333333,0.06457008150000002,-1,-1,-1,1.0,1.0,-1.0,0.0,-0.3333333333333333,0.10935000000000002,-1,-1,-1,0.356862745098039,0.694117647058824,0.803921568627451
183.95303297042847,0.0,-0.1442427690410107,0.03,1,1,1,0.0,0.3333333333333333,0.06457008150000002,-1,-1,-1,1.0,1.0,-1.0,0.0,-0.3333333333333333,0.10935000000000002,-1,-1,-1,0.356862745098039,0.694117647058824,0.803921568627451
183.98758244514465,0.0,-0.139401951667078,0.03,1,1,1,0.0,0.3333333333333333,0.06457008150000002,-1,-1,-1,1.0,1.0,-1.0,0.0,-0.3333333333333333,0.10935000000000002,-1,-1,-1,0.356862745098039,0.694117647058824,0.803921568627451
184.02985882759094,0.0,-0.1345611342931453,0.03,1,1,1,0.0,0.3333333333333333,0.06457008150000002,-1,-1,-1,1.0,1.0,-1.0,0.0,-0.3333333333333333,0.10935000000000002,-1,-1,-1,0.356862745098039,0.694117647058824,0.803921568627451
184.07113695144653,0.0,-0.12972031691921262,0.03,1,1,1,0.0,0.3333333333333333,0.06457008150000002,-1,-1,-1,1.0,1.0,-1.0,0.0,-0.3333333333333333,0.10935000000000002,-1,-1,-1,0.356862745098039,0.694117647058824,0.803921568627451
184.11388897895813,0.0,-0.12487949954527992,0.03,1,1,1,0.0,0.3333333333333333,0.06457008150000002,-1,-1,-1,1.0,1.0,-1.0,0.0,-0.3333333333333333,0.10935000000000002,-1,-1,-1,0.356862745098039,0.694117647058824,0.803921568627451
184.1475374698639,0.0,-0.12003868217134729,0.03,1,1,1,0.0,0.3333333333333333,0.06457008150000002,-1,-1,-1,1.0,1.0,-1.0,0.0,-0.3333333333333333,0.10935000000000002,-1,-1,-1,0.356862745098039,0.694117647058824,0.803921568627451
184.18250179290771,0.0,-0.11519786479741462,0.03,1,1,1,0.0,0.3333333333333333,0.06457008150000002,-1,-1,-1,1.0,1.0,-1.0,0.0,-0.3333333333333333,0.10935000000000002,-1,-1,-1,0.356862745098039,0.694117647058824,0.803921568627451
184.21717023849487,0.0,-0.11035704742348193,0.03,1,1,1,0.0,0.3333333333333333,0.06457008150000002,-1,-1,-1,1.0,1.0,-1.0,0.0,-0.3333333333333333,0.10935000000000002,-1,-1,-1,0.356862745098039,0.694117647058824,0.803921568627451
184.26574087142944,0.0,-0.10551623004954924,0.03,1,1,1,0.0,0.3333333333333333,0.06457008150000002,-1,-1,-1,1.0,1.0,-1.0,0.0,-0.3333333333333333,0.10935000000000002,-1,-1,-1,0.356862745098039,0.694117647058824,0.803921568627451
184.30036067962646,0.0,-0.10067541267561655,0.03,1,1,1,0.0,0.3333333333333333,0.06457008150000002,-1,-1,-1,1.0,1.0,-1.0,0.0,-0.3333333333333333,0.10935000000000002,-1,-1,-1,0.356862745098039,0.694117647058824,0.803921568627451
184.3339250087738,0.0,-0.09583459530168387,0.03,1,1,1,0.0,0.3333333333333333,0.06457008150000002,-1,-1,-1,1.0,1.0,-1.0,0.0,-0.3333333333333333,0.10935000000000002,-1,-1,-1,0.356862745098039,0.694117647058824,0.803921568627451
184.36919569969177,0.0,-0.09099377792775118,0.03,1,1,1,0.0,0.3333333333333333,0.06457008150000002,-1,-1,-1,1.0,1.0,-1.0,0.0,-0.3333333333333333,0.10935000000000002,-1,-1,-1,0.356862745098039,0.694117647058824,0.803921568627451
184.40295839309692,0.0,-0.08615296055381849,0.03,1,1,1,0.0,0.3333333333333333,0.06457008150000002,-1,-1,-1,1.0,1.0,-1.0,0.0,-0.3333333333333333,0.10935000000000002,-1,-1,-1,0.356862745098039,0.694117647058824,0.803921568627451
184.44988250732422,0.0,-0.0813121431798858,0.03,1,1,1,0.0,0.3333333333333333,0.06457008150000002,-1,-1,-1,1.0,1.0,-1.0,0.0,-0.3333333333333333,0.10935000000000002,-1,-1,-1,0.356862745098039,0.694117647058824,0.803921568627451
184.4878408908844,0.0,-0.07647132580595312,0.03,1,1,1,0.0,0.3333333333333333,0.06457008150000002,-1,-1,-1,1.0,1.0,-1.0,0.0,-0.3333333333333333,0.10935000000000002,-1,-1,-1,0.356862745098039,0.694117647058824,0.803921568627451
184.52884936332703,0.0,-0.07163050843202043,0.03,1,1,1,0.0,0.3333333333333333,0.06457008150000002,-1,-1,-1,1.0,1.0,-1.0,0.0,-0.3333333333333333,0.10935000000000002,-1,-1,-1,0.356862745098039,0.694117647058824,0.803921568627451
184.56279826164246,0.0,-0.07042009494123225,0.03,1,1,1,0.0,0.3333333333333333,0.06457008150000002,-1,-1,-1,1.0,1.0,-1.0,0.0,-0.3333333333333333,0.10935000000000002,-1,-1,-1,0.356862745098039,0.694117647058824,0.803921568627451
184.5980100631714,0.0,-0.07011728242123019,0.03,1,1,1,0.0,0.3333333333333333,0.06457008150000002,-1,-1,-1,1.0,1.0,-1.0,0.0,-0.3333333333333333,0.10935000000000002,-1,-1,-1,0.356862745098039,0.694117647058824,0.803921568627451
184.6333510875702,0.0,-0.06981446990122814,0.03,1,1,1,0.0,0.3333333333333333,0.06457008150000002,-1,-1,-1,1.0,1.0,-1.0,0.0,-0.3333333333333333,0.10935000000000002,-1,-1,-1,0.356862745098039,0.694117647058824,0.803921568627451
184.6744921207428,0.0,-0.06951165738122608,0.03,1,1,1,0.0,0.3333333333333333,0.06457008150000002,-1,-1,-1,1.0,1.0,-1.0,0.0,-0.3333333333333333,0.10935000000000002,-1,-1,-1,0.356862745098039,0.694117647058824,0.803921568627451
184.70927333831787,0.0,-0.06920884486122403,0.03,1,1,1,0.0,0.3333333333333333,0.06457008150000002,-1,-1,-1,1.0,1.0,-1.0,0.0,-0.3333333333333333,0.10935000000000002,-1,-1,-1,0.356862745098039,0.694117647058824,0.803921568627451
184.7442753314972,0.0,-0.06890603234122197,0.03,1,1,1,0.0,0.3333333333333333,0.06457008150000002,-1,-1,-1,1.0,1.0,-1.0,0.0,-0.3333333333333333,0.10935000000000002,-1,-1,-1,0.356862745098039,0.694117647058824,0.803921568627451
184.77896666526794,0.0,-0.06860321982121992,0.03,1,1,1,0.0,0.3333333333333333,0.06457008150000002,-1,-1,-1,1.0,1.0,-1.0,0.0,-0.3333333333333333,0.10935000000000002,-1,-1,-1,0.356862745098039,0.694117647058824,0.803921568627451
184.81793451309204,0.0,-0.06830040730121786,0.03,1,1,1,0.0,0.3333333333333333,0.06457008150000002,-1,-1,-1,1.0,1.0,-1.0,0.0,-0.3333333333333333,0.10935000000000002,-1,-1,-1,0.356862745098039,0.694117647058824,0.803921568627451
184.85291719436646,0.0,-0.06799759478121581,0.03,1,1,1,0.0,0.3333333333333333,0.06457008150000002,-1,-1,-1,1.0,1.0,-1.0,0.0,-0.3333333333333333,0.10935000000000002,-1,-1,-1,0.356862745098039,0.694117647058824,0.803921568627451
184.89031553268433,0.0,-0.06769478226121375,0.03,1,1,1,0.0,0.3333333333333333,0.06457008150000002,-1,-1,-1,1.0,1.0,-1.0,0.0,-0.3333333333333333,0.10935000000000002,-1,-1,-1,0.356862745098039,0.694117647058824,0.803921568627451
184.9245731830597,0.0,-0.0673919697412117,0.03,1,1,1,0.0,0.3333333333333333,0.06457008150000002,-1,-1,-1,1.0,1.0,-1.0,0.0,-0.3333333333333333,0.10935000000000002,-1,-1,-1,0.356862745098039,0.694117647058824,0.803921568627451
184.95975160598755,0.0,-0.06708915722120964,0.03,1,1,1,0.0,0.3333333333333333,0.06457008150000002,-1,-1,-1,1.0,1.0,-1.0,0.0,-0.3333333333333333,0.10935000000000002,-1,-1,-1,0.356862745098039,0.694117647058824,0.803921568627451
184.99387001991272,0.0,-0.06678634470120759,0.03,1,1,1,0.0,0.3333333333333333,0.06457008150000002,-1,-1,-1,1.0,1.0,-1.0,0.0,-0.3333333333333333,0.10935000000000002,-1,-1,-1,0.356862745098039,0.694117647058824,0.803921568627451
185.02923274040222,0.0,-0.06648353218120553,0.03,1,1,1,0.0,0.3333333333333333,0.06457008150000002,-1,-1,-1,1.0,1.0,-1.0,0.0,-0.3333333333333333,0.10935000000000002,-1,-1,-1,0.356862745098039,0.694117647058824,0.803921568627451
185.07040977478027,0.0,-0.06618071966120348,0.03,1,1,1,0.0,0.3333333333333333,0.06457008150000002,-1,-1,-1,1.0,1.0,-1.0,0.0,-0.3333333333333333,0.10935000000000002,-1,-1,-1,0.356862745098039,0.694117647058824,0.803921568627451
185.1114161014557,0.0,-0.06587790714120142,0.03,1,1,1,0.0,0.3333333333333333,0.06457008150000002,-1,-1,-1,1.0,1.0,-1.0,0.0,-0.3333333333333333,0.10935000000000002,-1,-1,-1,0.356862745098039,0.694117647058824,0.803921568627451
185.14663219451904,0.0,-0.06557509462119937,0.03,1,1,1,0.0,0.3333333333333333,0.06457008150000002,-1,-1,-1,1.0,1.0,-1.0,0.0,-0.3333333333333333,0.10935000000000002,-1,-1,-1,0.356862745098039,0.694117647058824,0.803921568627451
185.18156790733337,0.0,-0.06527228210119732,0.03,1,1,1,0.0,0.3333333333333333,0.06457008150000002,-1,-1,-1,1.0,1.0,-1.0,0.0,-0.3333333333333333,0.10935000000000002,-1,-1,-1,0.356862745098039,0.694117647058824,0.803921568627451
185.22048592567444,0.0,-0.06496946958119526,0.03,1,1,1,0.0,0.3333333333333333,0.06457008150000002,-1,-1,-1,1.0,1.0,-1.0,0.0,-0.3333333333333333,0.10935000000000002,-1,-1,-1,0.356862745098039,0.694117647058824,0.803921568627451
185.25524711608887,0.0,-0.0646666570611932,0.03,1,1,1,0.0,0.3333333333333333,0.06457008150000002,-1,-1,-1,1.0,1.0,-1.0,0.0,-0.3333333333333333,0.10935000000000002,-1,-1,-1,0.356862745098039,0.694117647058824,0.803921568627451
185.29208970069885,0.0,-0.06436384454119115,0.03,1,1,1,0.0,0.3333333333333333,0.06457008150000002,-1,-1,-1,1.0,1.0,-1.0,0.0,-0.3333333333333333,0.10935000000000002,-1,-1,-1,0.356862745098039,0.694117647058824,0.803921568627451
185.33421969413757,0.0,-0.0640610320211891,0.03,1,1,1,0.0,0.3333333333333333,0.06457008150000002,-1,-1,-1,1.0,1.0,-1.0,0.0,-0.3333333333333333,0.10935000000000002,-1,-1,-1,0.356862745098039,0.694117647058824,0.803921568627451
185.36842155456543,0.0,-0.06375821950118704,0.03,1,1,1,0.0,0.3333333333333333,0.06457008150000002,-1,-1,-1,1.0,1.0,-1.0,0.0,-0.3333333333333333,0.10935000000000002,-1,-1,-1,0.356862745098039,0.694117647058824,0.803921568627451
185.4030213356018,0.0,-0.06345540698118499,0.03,1,1,1,0.0,0.3333333333333333,0.06457008150000002,-1,-1,-1,1.0,1.0,-1.0,0.0,-0.3333333333333333,0.10935000000000002,-1,-1,-1,0.356862745098039,0.694117647058824,0.803921568627451
185.43814206123352,0.0,-0.06315259446118293,0.03,1,1,1,0.0,0.3333333333333333,0.06457008150000002,-1,-1,-1,1.0,1.0,-1.0,0.0,-0.3333333333333333,0.10935000000000002,-1,-1,-1,0.356862745098039,0.694117647058824,0.803921568627451
185.47956895828247,0.0,-0.06284978194118088,0.03,1,1,1,0.0,0.3333333333333333,0.06457008150000002,-1,-1,-1,1.0,1.0,-1.0,0.0,-0.3333333333333333,0.10935000000000002,-1,-1,-1,0.356862745098039,0.694117647058824,0.803921568627451
185.51404786109924,0.0,-0.06254696942117882,0.03,1,1,1,0.0,0.3333333333333333,0.06457008150000002,-1,-1,-1,1.0,1.0,-1.0,0.0,-0.3333333333333333,0.10935000000000002,-1,-1,-1,0.356862745098039,0.694117647058824,0.803921568627451
185.54890179634094,0.0,-0.06224415690117675,0.03,1,1,1,0.0,0.3333333333333333,0.06457008150000002,-1,-1,-1,1.0,1.0,-1.0,0.0,-0.3333333333333333,0.10935000000000002,-1,-1,-1,0.356862745098039,0.694117647058824,0.803921568627451
185.58376145362854,0.0,-0.061941344381174684,0.03,1,1,1,0.0,0.3333333333333333,0.06457008150000002,-1,-1,-1,1.0,1.0,-1.0,0.0,-0.3333333333333333,0.10935000000000002,-1,-1,-1,0.356862745098039,0.694117647058824,0.803921568627451
185.62151217460632,0.0,-0.061638531861172616,0.03,1,1,1,0.0,0.3333333333333333,0.06457008150000002,-1,-1,-1,1.0,1.0,-1.0,0.0,-0.3333333333333333,0.10935000000000002,-1,-1,-1,0.356862745098039,0.694117647058824,0.803921568627451
185.6572082042694,0.0,-0.06133571934117054,0.03,1,1,1,0.0,0.3333333333333333,0.06457008150000002,-1,-1,-1,1.0,1.0,-1.0,0.0,-0.3333333333333333,0.10935000000000002,-1,-1,-1,0.356862745098039,0.694117647058824,0.803921568627451
185.69453835487366,0.0,-0.06103290682116847,0.03,1,1,1,0.0,0.3333333333333333,0.06457008150000002,-1,-1,-1,1.0,1.0,-1.0,0.0,-0.3333333333333333,0.10935000000000002,-1,-1,-1,0.356862745098039,0.694117647058824,0.803921568627451
185.72907948493958,0.0,-0.0607300943011664,0.03,1,1,1,0.0,0.3333333333333333,0.06457008150000002,-1,-1,-1,1.0,1.0,-1.0,0.0,-0.3333333333333333,0.10935000000000002,-1,-1,-1,0.356862745098039,0.694117647058824,0.803921568627451
185.76401138305664,0.0,-0.060901243713245554,0.03,1,1,1,0.0,0.3333333333333333,0.06457008150000002,-1,-1,-1,1.0,1.0,-1.0,0.0,-0.3333333333333333,0.10935000000000002,-1,-1,-1,0.356862745098039,0.694117647058824,0.803921568627451
185.79887747764587,0.0,-0.06138836774671219,0.03,1,1,1,0.0,0.3333333333333333,0.06457008150000002,-1,-1,-1,1.0,1.0,-1.0,0.0,-0.3333333333333333,0.10935000000000002,-1,-1,-1,0.356862745098039,0.694117647058824,0.803921568627451
185.83332133293152,0.0,-0.06187549178017883,0.03,1,1,1,0.0,0.3333333333333333,0.06457008150000002,-1,-1,-1,1.0,1.0,-1.0,0.0,-0.3333333333333333,0.10935000000000002,-1,-1,-1,0.356862745098039,0.694117647058824,0.803921568627451
185.87590384483337,0.0,-0.06236261581364547,0.03,1,1,1,0.0,0.3333333333333333,0.06457008150000002,-1,-1,-1,1.0,1.0,-1.0,0.0,-0.3333333333333333,0.10935000000000002,-1,-1,-1,0.356862745098039,0.694117647058824,0.803921568627451
185.90968465805054,0.0,-0.06284973984711213,0.03,1,1,1,0.0,0.3333333333333333,0.06457008150000002,-1,-1,-1,1.0,1.0,-1.0,0.0,-0.3333333333333333,0.10935000000000002,-1,-1,-1,0.356862745098039,0.694117647058824,0.803921568627451
185.94529914855957,0.0,-0.06333686388057881,0.03,1,1,1,0.0,0.3333333333333333,0.06457008150000002,-1,-1,-1,1.0,1.0,-1.0,0.0,-0.3333333333333333,0.10935000000000002,-1,-1,-1,0.356862745098039,0.694117647058824,0.803921568627451
185.98005509376526,0.0,-0.06382398791404549,0.03,1,1,1,0.0,0.3333333333333333,0.06457008150000002,-1,-1,-1,1.0,1.0,-1.0,0.0,-0.3333333333333333,0.10935000000000002,-1,-1,-1,0.356862745098039,0.694117647058824,0.803921568627451
186.01468324661255,0.0,-0.06431111194751217,0.03,1,1,1,0.0,0.3333333333333333,0.06457008150000002,-1,-1,-1,1.0,1.0,-1.0,0.0,-0.3333333333333333,0.10935000000000002,-1,-1,-1,0.356862745098039,0.694117647058824,0.803921568627451
186.0494945049286,0.0,-0.06479823598097885,0.03,1,1,1,0.0,0.3333333333333333,0.06457008150000002,-1,-1,-1,1.0,1.0,-1.0,0.0,-0.3333333333333333,0.10935000000000002,-1,-1,-1,0.356862745098039,0.694117647058824,0.803921568627451
186.0928976535797,0.0,-0.06528536001444553,0.03,1,1,1,0.0,0.3333333333333333,0.06457008150000002,-1,-1,-1,1.0,1.0,-1.0,0.0,-0.3333333333333333,0.10935000000000002,-1,-1,-1,0.356862745098039,0.694117647058824,0.803921568627451
186.1262125968933,0.0,-0.06577248404791221,0.03,1,1,1,0.0,0.3333333333333333,0.06457008150000002,-1,-1,-1,1.0,1.0,-1.0,0.0,-0.3333333333333333,0.10935000000000002,-1,-1,-1,0.356862745098039,0.694117647058824,0.803921568627451
186.16035556793213,0.0,-0.06625960808137889,0.03,1,1,1,0.0,0.3333333333333333,0.06457008150000002,-1,-1,-1,1.0,1.0,-1.0,0.0,-0.3333333333333333,0.10935000000000002,-1,-1,-1,0.356862745098039,0.694117647058824,0.803921568627451
186.19475531578064,0.0,-0.06674673211484557,0.03,1,1,1,0.0,0.3333333333333333,0.06457008150000002,-1,-1,-1,1.0,1.0,-1.0,0.0,-0.3333333333333333,0.10935000000000002,-1,-1,-1,0.356862745098039,0.694117647058824,0.803921568627451
186.23142290115356,0.0,-0.06723385614831225,0.03,1,1,1,0.0,0.3333333333333333,0.06457008150000002,-1,-1,-1,1.0,1.0,-1.0,0.0,-0.3333333333333333,0.10935000000000002,-1,-1,-1,0.356862745098039,0.694117647058824,0.803921568627451
186.278977394104,0.0,-0.06772098018177893,0.03,1,1,1,0.0,0.3333333333333333,0.06457008150000002,-1,-1,-1,1.0,1.0,-1.0,0.0,-0.3333333333333333,0.10935000000000002,-1,-1,-1,0.356862745098039,0.694117647058824,0.803921568627451
186.31312203407288,0.0,-0.0682081042152456,0.03,1,1,1,0.0,0.3333333333333333,0.06457008150000002,-1,-1,-1,1.0,1.0,-1.0,0.0,-0.3333333333333333,0.10935000000000002,-1,-1,-1,0.356862745098039,0.694117647058824,0.803921568627451
186.34811854362488,0.0,-0.06869522824871228,0.03,1,1,1,0.0,0.3333333333333333,0.06457008150000002,-1,-1,-1,1.0,1.0,-1.0,0.0,-0.3333333333333333,0.10935000000000002,-1,-1,-1,0.356862745098039,0.694117647058824,0.803921568627451
186.38247728347778,0.0,-0.06918235228217896,0.03,1,1,1,0.0,0.3333333333333333,0.06457008150000002,-1,-1,-1,1.0,1.0,-1.0,0.0,-0.3333333333333333,0.10935000000000002,-1,-1,-1,0.356862745098039,0.694117647058824,0.803921568627451
186.4174988269806,0.0,-0.06966947631564564,0.03,1,1,1,0.0,0.3333333333333333,0.06457008150000002,-1,-1,-1,1.0,1.0,-1.0,0.0,-0.3333333333333333,0.10935000000000002,-1,-1,-1,0.356862745098039,0.694117647058824,0.803921568627451
186.4621980190277,0.0,-0.07015660034911232,0.03,1,1,1,0.0,0.3333333333333333,0.06457008150000002,-1,-1,-1,1.0,1.0,-1.0,0.0,-0.3333333333333333,0.10935000000000002,-1,-1,-1,0.356862745098039,0.694117647058824,0.803921568627451
186.5008888244629,0.0,-0.070643724382579,0.03,1,1,1,0.0,0.3333333333333333,0.06457008150000002,-1,-1,-1,1.0,1.0,-1.0,0.0,-0.3333333333333333,0.10935000000000002,-1,-1,-1,0.356862745098039,0.694117647058824,0.803921568627451
186.53576254844666,0.0,-0.07113084841604568,0.03,1,1,1,0.0,0.3333333333333333,0.06457008150000002,-1,-1,-1,1.0,1.0,-1.0,0.0,-0.3333333333333333,0.10935000000000002,-1,-1,-1,0.356862745098039,0.694117647058824,0.803921568627451
186.57044506072998,0.0,-0.07161797244951236,0.03,1,1,1,0.0,0.3333333333333333,0.06457008150000002,-1,-1,-1,1.0,1.0,-1.0,0.0,-0.3333333333333333,0.10935000000000002,-1,-1,-1,0.356862745098039,0.694117647058824,0.803921568627451
186.60477995872498,0.0,-0.07210509648297904,0.03,1,1,1,0.0,0.3333333333333333,0.06457008150000002,-1,-1,-1,1.0,1.0,-1.0,0.0,-0.3333333333333333,0.10935000000000002,-1,-1,-1,0.356862745098039,0.694117647058824,0.803921568627451
186.64723873138428,0.0,-0.07259222051644572,0.03,1,1,1,0.0,0.3333333333333333,0.06457008150000002,-1,-1,-1,1.0,1.0,-1.0,0.0,-0.3333333333333333,0.10935000000000002,-1,-1,-1,0.356862745098039,0.694117647058824,0.803921568627451
186.68195843696594,0.0,-0.0730793445499124,0.03,1,1,1,0.0,0.3333333333333333,0.06457008150000002,-1,-1,-1,1.0,1.0,-1.0,0.0,-0.3333333333333333,0.10935000000000002,-1,-1,-1,0.356862745098039,0.694117647058824,0.803921568627451
186.7165563106537,0.0,-0.07356646858337908,0.03,1,1,1,0.0,0.3333333333333333,0.06457008150000002,-1,-1,-1,1.0,1.0,-1.0,0.0,-0.3333333333333333,0.10935000000000002,-1,-1,-1,0.356862745098039,0.694117647058824,0.803921568627451
186.75138807296753,0.0,-0.07405359261684576,0.03,1,1,1,0.0,0.3333333333333333,0.06457008150000002,-1,-1,-1,1.0,1.0,-1.0,0.0,-0.3333333333333333,0.10935000000000002,-1,-1,-1,0.356862745098039,0.694117647058824,0.803921568627451
186.7865092754364,0.0,-0.07454071665031244,0.03,1,1,1,0.0,0.3333333333333333,0.06457008150000002,-1,-1,-1,1.0,1.0,-1.0,0.0,-0.3333333333333333,0.10935000000000002,-1,-1,-1,0.356862745098039,0.694117647058824,0.803921568627451
186.83123779296875,0.0,-0.07502784068377912,0.03,1,1,1,0.0,0.3333333333333333,0.06457008150000002,-1,-1,-1,1.0,1.0,-1.0,0.0,-0.3333333333333333,0.10935000000000002,-1,-1,-1,0.356862745098039,0.694117647058824,0.803921568627451
186.86951279640198,0.0,-0.0755149647172458,0.03,1,1,1,0.0,0.3333333333333333,0.06457008150000002,-1,-1,-1,1.0,1.0,-1.0,0.0,-0.3333333333333333,0.10935000000000002,-1,-1,-1,0.356862745098039,0.694117647058824,0.803921568627451
186.91119003295898,0.0,-0.07600208875071247,0.03,1,1,1,0.0,0.3333333333333333,0.06457008150000002,-1,-1,-1,1.0,1.0,-1.0,0.0,-0.3333333333333333,0.10935000000000002,-1,-1,-1,0.356862745098039,0.694117647058824,0.803921568627451
186.94624733924866,0.0,-0.07648921278417915,0.03,1,1,1,0.0,0.3333333333333333,0.06457008150000002,-1,-1,-1,1.0,1.0,-1.0,0.0,-0.3333333333333333,0.10935000000000002,-1,-1,-1,0.356862745098039,0.694117647058824,0.803921568627451
186.98156714439392,0.0,-0.07435394832336474,0.03,1,1,1,0.0,0.3333333333333333,0.06457008150000002,-1,-1,-1,1.0,1.0,-1.0,0.0,-0.3333333333333333,0.10935000000000002,-1,-1,-1,0.356862745098039,0.694117647058824,0.803921568627451
187.02240419387817,0.0,-0.07221868386255033,0.03,1,1,1,0.0,0.3333333333333333,0.06457008150000002,-1,-1,-1,1.0,1.0,-1.0,0.0,-0.3333333333333333,0.10935000000000002,-1,-1,-1,0.356862745098039,0.694117647058824,0.803921568627451
187.06723976135254,0.0,-0.07008341940173592,0.03,1,1,1,0.0,0.3333333333333333,0.06457008150000002,-1,-1,-1,1.0,1.0,-1.0,0.0,-0.3333333333333333,0.10935000000000002,-1,-1,-1,0.356862745098039,0.694117647058824,0.803921568627451
187.10538911819458,0.0,-0.0679481549409215,0.03,1,1,1,0.0,0.3333333333333333,0.06457008150000002,-1,-1,-1,1.0,1.0,-1.0,0.0,-0.3333333333333333,0.10935000000000002,-1,-1,-1,0.356862745098039,0.694117647058824,0.803921568627451
187.14068579673767,0.0,-0.06581289048010709,0.03,1,1,1,0.0,0.3333333333333333,0.06457008150000002,-1,-1,-1,1.0,1.0,-1.0,0.0,-0.3333333333333333,0.10935000000000002,-1,-1,-1,0.356862745098039,0.694117647058824,0.803921568627451
187.17504572868347,0.0,-0.06367762601929268,0.03,1,1,1,0.0,0.3333333333333333,0.06457008150000002,-1,-1,-1,1.0,1.0,-1.0,0.0,-0.3333333333333333,0.10935000000000002,-1,-1,-1,0.356862745098039,0.694117647058824,0.803921568627451
187.2168207168579,0.0,-0.061542361558478254,0.03,1,1,1,0.0,0.3333333333333333,0.06457008150000002,-1,-1,-1,1.0,1.0,-1.0,0.0,-0.3333333333333333,0.10935000000000002,-1,-1,-1,0.356862745098039,0.694117647058824,0.803921568627451
187.25870442390442,0.0,-0.05940709709766382,0.03,1,1,1,0.0,0.3333333333333333,0.06457008150000002,-1,-1,-1,1.0,1.0,-1.0,0.0,-0.3333333333333333,0.10935000000000002,-1,-1,-1,0.356862745098039,0.694117647058824,0.803921568627451
187.30138659477234,0.0,-0.057271832636849374,0.03,1,1,1,0.0,0.3333333333333333,0.06457008150000002,-1,-1,-1,1.0,1.0,-1.0,0.0,-0.3333333333333333,0.10935000000000002,-1,-1,-1,0.356862745098039,0.694117647058824,0.803921568627451
187.33500003814697,0.0,-0.05513656817603493,0.03,1,1,1,0.0,0.3333333333333333,0.06457008150000002,-1,-1,-1,1.0,1.0,-1.0,0.0,-0.3333333333333333,0.10935000000000002,-1,-1,-1,0.356862745098039,0.694117647058824,0.803921568627451
187.36987733840942,0.0,-0.05300130371522048,0.03,1,1,1,0.0,0.3333333333333333,0.06457008150000002,-1,-1,-1,1.0,1.0,-1.0,0.0,-0.3333333333333333,0.10935000000000002,-1,-1,-1,0.356862745098039,0.694117647058824,0.803921568627451
187.4045054912567,0.0,-0.05086603925440603,0.03,1,1,1,0.0,0.3333333333333333,0.06457008150000002,-1,-1,-1,1.0,1.0,-1.0,0.0,-0.3333333333333333,0.10935000000000002,-1,-1,-1,0.356862745098039,0.694117647058824,0.803921568627451
187.45212936401367,0.0,-0.048730774793591586,0.03,1,1,1,0.0,0.3333333333333333,0.06457008150000002,-1,-1,-1,1.0,1.0,-1.0,0.0,-0.3333333333333333,0.10935000000000002,-1,-1,-1,0.356862745098039,0.694117647058824,0.803921568627451
187.50112962722778,0.0,-0.04659551033277714,0.03,1,1,1,0.0,0.3333333333333333,0.06457008150000002,-1,-1,-1,1.0,1.0,-1.0,0.0,-0.3333333333333333,0.10935000000000002,-1,-1,-1,0.356862745098039,0.694117647058824,0.803921568627451
187.5361475944519,0.0,-0.04446024587196269,0.03,1,1,1,0.0,0.3333333333333333,0.06457008150000002,-1,-1,-1,1.0,1.0,-1.0,0.0,-0.3333333333333333,0.10935000000000002,-1,-1,-1,0.356862745098039,0.694117647058824,0.803921568627451
187.5714123249054,0.0,-0.042324981411148245,0.03,1,1,1,0.0,0.3333333333333333,0.06457008150000002,-1,-1,-1,1.0,1.0,-1.0,0.0,-0.3333333333333333,0.10935000000000002,-1,-1,-1,0.356862745098039,0.694117647058824,0.803921568627451
187.60595083236694,0.0,-0.0401897169503338,0.03,1,1,1,0.0,0.3333333333333333,0.06457008150000002,-1,-1,-1,1.0,1.0,-1.0,0.0,-0.3333333333333333,0.10935000000000002,-1,-1,-1,0.356862745098039,0.694117647058824,0.803921568627451
187.65448474884033,0.0,-0.03805445248951935,0.03,1,1,1,0.0,0.3333333333333333,0.06457008150000002,-1,-1,-1,1.0,1.0,-1.0,0.0,-0.3333333333333333,0.10935000000000002,-1,-1,-1,0.356862745098039,0.694117647058824,0.803921568627451
187.68878293037415,0.0,-0.035919188028704904,0.03,1,1,1,0.0,0.3333333333333333,0.06457008150000002,-1,-1,-1,1.0,1.0,-1.0,0.0,-0.3333333333333333,0.10935000000000002,-1,-1,-1,0.356862745098039,0.694117647058824,0.803921568627451
187.72374749183655,0.0,-0.03378392356789046,0.03,1,1,1,0.0,0.3333333333333333,0.06457008150000002,-1,-1,-1,1.0,1.0,-1.0,0.0,-0.3333333333333333,0.10935000000000002,-1,-1,-1,0.356862745098039,0.694117647058824,0.803921568627451
187.75856184959412,0.0,-0.03164865910707601,0.03,1,1,1,0.0,0.3333333333333333,0.06457008150000002,-1,-1,-1,1.0,1.0,-1.0,0.0,-0.3333333333333333,0.10935000000000002,-1,-1,-1,0.356862745098039,0.694117647058824,0.803921568627451
187.79314064979553,0.0,-0.02951339464626155,0.03,1,1,1,0.0,0.3333333333333333,0.06457008150000002,-1,-1,-1,1.0,1.0,-1.0,0.0,-0.3333333333333333,0.10935000000000002,-1,-1,-1,0.356862745098039,0.694117647058824,0.803921568627451
187.83825850486755,0.0,-0.027378130185447103,0.03,1,1,1,0.0,0.3333333333333333,0.06457008150000002,-1,-1,-1,1.0,1.0,-1.0,0.0,-0.3333333333333333,0.10935000000000002,-1,-1,-1,0.356862745098039,0.694117647058824,0.803921568627451
187.87665390968323,0.0,-0.025242865724632656,0.03,1,1,1,0.0,0.3333333333333333,0.06457008150000002,-1,-1,-1,1.0,1.0,-1.0,0.0,-0.3333333333333333,0.10935000000000002,-1,-1,-1,0.356862745098039,0.694117647058824,0.803921568627451
187.911039352417,0.0,-0.02310760126381821,0.03,1,1,1,0.0,0.3333333333333333,0.06457008150000002,-1,-1,-1,1.0,1.0,-1.0,0.0,-0.3333333333333333,0.10935000000000002,-1,-1,-1,0.356862745098039,0.694117647058824,0.803921568627451
187.95324230194092,0.0,-0.020972336803003762,0.03,1,1,1,0.0,0.3333333333333333,0.06457008150000002,-1,-1,-1,1.0,1.0,-1.0,0.0,-0.3333333333333333,0.10935000000000002,-1,-1,-1,0.356862745098039,0.694117647058824,0.803921568627451
187.98768591880798,0.0,-0.018837072342189315,0.03,1,1,1,0.0,0.3333333333333333,0.06457008150000002,-1,-1,-1,1.0,1.0,-1.0,0.0,-0.3333333333333333,0.10935000000000002,-1,-1,-1,0.356862745098039,0.694117647058824,0.803921568627451
188.02915215492249,0.0,-0.016701807881374868,0.03,1,1,1,0.0,0.3333333333333333,0.06457008150000002,-1,-1,-1,1.0,1.0,-1.0,0.0,-0.3333333333333333,0.10935000000000002,-1,-1,-1,0.356862745098039,0.694117647058824,0.803921568627451
188.07345390319824,0.0,-0.014566543420560428,0.03,1,1,1,0.0,0.3333333333333333,0.06457008150000002,-1,-1,-1,1.0,1.0,-1.0,0.0,-0.3333333333333333,0.10935000000000002,-1,-1,-1,0.356862745098039,0.694117647058824,0.803921568627451
188.10758566856384,0.0,-0.01243127895974599,0.03,1,1,1,0.0,0.3333333333333333,0.06457008150000002,-1,-1,-1,1.0,1.0,-1.0,0.0,-0.3333333333333333,0.10935000000000002,-1,-1,-1,0.356862745098039,0.694117647058824,0.803921568627451
188.1404674053192,0.0,-0.010296014498931551,0.03,1,1,1,0.0,0.3333333333333333,0.06457008150000002,-1,-1,-1,1.0,1.0,-1.0,0.0,-0.3333333333333333,0.10935000000000002,-1,-1,-1,0.356862745098039,0.694117647058824,0.803921568627451
188.17662930488586,0.0,-0.0098210814666003,0.03,1,1,1,0.0,0.3333333333333333,0.06457008150000002,-1,-1,-1,1.0,1.0,-1.0,0.0,-0.3333333333333333,0.10935000000000002,-1,-1,-1,0.356862745098039,0.694117647058824,0.803921568627451
188.21038913726807,0.0,-0.009761231291389847,0.03,1,1,1,0.0,0.3333333333333333,0.06457008150000002,-1,-1,-1,1.0,1.0,-1.0,0.0,-0.3333333333333333,0.10935000000000002,-1,-1,-1,0.356862745098039,0.694117647058824,0.803921568627451
188.25833320617676,0.0,-0.009701381116179393,0.03,1,1,1,0.0,0.3333333333333333,0.06457008150000002,-1,-1,-1,1.0,1.0,-1.0,0.0,-0.3333333333333333,0.10935000000000002,-1,-1,-1,0.356862745098039,0.694117647058824,0.803921568627451
188.2927474975586,0.0,-0.009641530940968939,0.03,1,1,1,0.0,0.3333333333333333,0.06457008150000002,-1,-1,-1,1.0,1.0,-1.0,0.0,-0.3333333333333333,0.10935000000000002,-1,-1,-1,0.356862745098039,0.694117647058824,0.803921568627451
188.3264183998108,0.0,-0.009581680765758485,0.03,1,1,1,0.0,0.3333333333333333,0.06457008150000002,-1,-1,-1,1.0,1.0,-1.0,0.0,-0.3333333333333333,0.10935000000000002,-1,-1,-1,0.356862745098039,0.694117647058824,0.803921568627451
188.36173295974731,0.0,-0.00952183059054803,0.03,1,1,1,0.0,0.3333333333333333,0.06457008150000002,-1,-1,-1,1.0,1.0,-1.0,0.0,-0.3333333333333333,0.10935000000000002,-1,-1,-1,0.356862745098039,0.694117647058824,0.803921568627451
188.39716458320618,0.0,-0.009461980415337577,0.03,1,1,1,0.0,0.3333333333333333,0.06457008150000002,-1,-1,-1,1.0,1.0,-1.0,0.0,-0.3333333333333333,0.10935000000000002,-1,-1,-1,0.356862745098039,0.694117647058824,0.803921568627451
188.44206404685974,0.0,-0.009402130240127123,0.03,1,1,1,0.0,0.3333333333333333,0.06457008150000002,-1,-1,-1,1.0,1.0,-1.0,0.0,-0.3333333333333333,0.10935000000000002,-1,-1,-1,0.356862745098039,0.694117647058824,0.803921568627451
188.48757672309875,0.0,-0.009342280064916669,0.03,1,1,1,0.0,0.3333333333333333,0.06457008150000002,-1,-1,-1,1.0,1.0,-1.0,0.0,-0.3333333333333333,0.10935000000000002,-1,-1,-1,0.356862745098039,0.694117647058824,0.803921568627451
188.52209615707397,0.0,-0.009282429889706215,0.03,1,1,1,0.0,0.3333333333333333,0.06457008150000002,-1,-1,-1,1.0,1.0,-1.0,0.0,-0.3333333333333333,0.10935000000000002,-1,-1,-1,0.356862745098039,0.694117647058824,0.803921568627451
188.55700278282166,0.0,-0.009222579714495761,0.03,1,1,1,0.0,0.3333333333333333,0.06457008150000002,-1,-1,-1,1.0,1.0,-1.0,0.0,-0.3333333333333333,0.10935000000000002,-1,-1,-1,0.356862745098039,0.694117647058824,0.803921568627451
188.59182238578796,0.0,-0.009162729539285307,0.03,1,1,1,0.0,0.3333333333333333,0.06457008150000002,-1,-1,-1,1.0,1.0,-1.0,0.0,-0.3333333333333333,0.10935000000000002,-1,-1,-1,0.356862745098039,0.694117647058824,0.803921568627451
188.63319420814514,0.0,-0.009102879364074853,0.03,1,1,1,0.0,0.3333333333333333,0.06457008150000002,-1,-1,-1,1.0,1.0,-1.0,0.0,-0.3333333333333333,0.10935000000000002,-1,-1,-1,0.356862745098039,0.694117647058824,0.803921568627451
188.67663311958313,0.0,-0.009043029188864399,0.03,1,1,1,0.0,0.3333333333333333,0.06457008150000002,-1,-1,-1,1.0,1.0,-1.0,0.0,-0.3333333333333333,0.10935000000000002,-1,-1,-1,0.356862745098039,0.694117647058824,0.803921568627451
188.70942211151123,0.0,-0.008983179013653945,0.03,1,1,1,0.0,0.3333333333333333,0.06457008150000002,-1,-1,-1,1.0,1.0,-1.0,0.0,-0.3333333333333333,0.10935000000000002,-1,-1,-1,0.356862745098039,0.694117647058824,0.803921568627451
188.7432553768158,0.0,-0.008923328838443491,0.03,1,1,1,0.0,0.3333333333333333,0.06457008150000002,-1,-1,-1,1.0,1.0,-1.0,0.0,-0.3333333333333333,0.10935000000000002,-1,-1,-1,0.356862745098039,0.694117647058824,0.803921568627451
188.77827405929565,0.0,-0.008863478663233037,0.03,1,1,1,0.0,0.3333333333333333,0.06457008150000002,-1,-1,-1,1.0,1.0,-1.0,0.0,-0.3333333333333333,0.10935000000000002,-1,-1,-1,0.356862745098039,0.694117647058824,0.803921568627451
188.81298232078552,0.0,-0.008803628488022583,0.03,1,1,1,0.0,0.3333333333333333,0.06457008150000002,-1,-1,-1,1.0,1.0,-1.0,0.0,-0.3333333333333333,0.10935000000000002,-1,-1,-1,0.356862745098039,0.694117647058824,0.803921568627451
188.84777641296387,0.0,-0.00874377831281213,0.03,1,1,1,0.0,0.3333333333333333,0.06457008150000002,-1,-1,-1,1.0,1.0,-1.0,0.0,-0.3333333333333333,0.10935000000000002,-1,-1,-1,0.356862745098039,0.694117647058824,0.803921568627451
188.88322234153748,0.0,-0.008683928137601675,0.03,1,1,1,0.0,0.3333333333333333,0.06457008150000002,-1,-1,-1,1.0,1.0,-1.0,0.0,-0.3333333333333333,0.10935000000000002,-1,-1,-1,0.356862745098039,0.694117647058824,0.803921568627451
188.93176674842834,0.0,-0.008624077962391221,0.03,1,1,1,0.0,0.3333333333333333,0.06457008150000002,-1,-1,-1,1.0,1.0,-1.0,0.0,-0.3333333333333333,0.10935000000000002,-1,-1,-1,0.356862745098039,0.694117647058824,0.803921568627451
188.96553444862366,0.0,-0.008564227787180767,0.03,1,1,1,0.0,0.3333333333333333,0.06457008150000002,-1,-1,-1,1.0,1.0,-1.0,0.0,-0.3333333333333333,0.10935000000000002,-1,-1,-1,0.356862745098039,0.694117647058824,0.803921568627451
189.00056910514832,0.0,-0.008504377611970313,0.03,1,1,1,0.0,0.3333333333333333,0.06457008150000002,-1,-1,-1,1.0,1.0,-1.0,0.0,-0.3333333333333333,0.10935000000000002,-1,-1,-1,0.356862745098039,0.694117647058824,0.803921568627451
189.03493189811707,0.0,-0.00844452743675986,0.03,1,1,1,0.0,0.3333333333333333,0.06457008150000002,-1,-1,-1,1.0,1.0,-1.0,0.0,-0.3333333333333333,0.10935000000000002,-1,-1,-1,0.356862745098039,0.694117647058824,0.803921568627451
189.06965517997742,0.0,-0.008384677261549405,0.03,1,1,1,0.0,0.3333333333333333,0.06457008150000002,-1,-1,-1,1.0,1.0,-1.0,0.0,-0.3333333333333333,0.10935000000000002,-1,-1,-1,0.356862745098039,0.694117647058824,0.803921568627451
189.1145544052124,0.0,-0.008324827086338952,0.03,1,1,1,0.0,0.3333333333333333,0.06457008150000002,-1,-1,-1,1.0,1.0,-1.0,0.0,-0.3333333333333333,0.10935000000000002,-1,-1,-1,0.356862745098039,0.694117647058824,0.803921568627451
189.15329575538635,0.0,-0.008264976911128498,0.03,1,1,1,0.0,0.3333333333333333,0.06457008150000002,-1,-1,-1,1.0,1.0,-1.0,0.0,-0.3333333333333333,0.10935000000000002,-1,-1,-1,0.356862745098039,0.694117647058824,0.803921568627451
189.1885588169098,0.0,-0.008205126735918044,0.03,1,1,1,0.0,0.3333333333333333,0.06457008150000002,-1,-1,-1,1.0,1.0,-1.0,0.0,-0.3333333333333333,0.10935000000000002,-1,-1,-1,0.356862745098039,0.694117647058824,0.803921568627451
189.22281002998352,0.0,-0.00814527656070759,0.03,1,1,1,0.0,0.3333333333333333,0.06457008150000002,-1,-1,-1,1.0,1.0,-1.0,0.0,-0.3333333333333333,0.10935000000000002,-1,-1,-1,0.356862745098039,0.694117647058824,0.803921568627451
189.25748443603516,0.0,-0.008085426385497136,0.03,1,1,1,0.0,0.3333333333333333,0.06457008150000002,-1,-1,-1,1.0,1.0,-1.0,0.0,-0.3333333333333333,0.10935000000000002,-1,-1,-1,0.356862745098039,0.694117647058824,0.803921568627451
189.29994106292725,0.0,-0.008025576210286682,0.03,1,1,1,0.0,0.3333333333333333,0.06457008150000002,-1,-1,-1,1.0,1.0,-1.0,0.0,-0.3333333333333333,0.10935000000000002,-1,-1,-1,0.356862745098039,0.694117647058824,0.803921568627451
189.33426904678345,0.0,-0.007965726035076228,0.03,1,1,1,0.0,0.3333333333333333,0.06457008150000002,-1,-1,-1,1.0,1.0,-1.0,0.0,-0.3333333333333333,0.10935000000000002,-1,-1,-1,0.356862745098039,0.694117647058824,0.803921568627451
189.3693208694458,0.0,-0.010323329959933228,0.03,1,1,1,0.0,0.3333333333333333,0.06457008150000002,-1,-1,-1,1.0,1.0,-1.0,0.0,-0.3333333333333333,0.10935000000000002,-1,-1,-1,0.356862745098039,0.694117647058824,0.803921568627451
189.4038848876953,0.0,-0.014292569951501863,0.03,1,1,1,0.0,0.3333333333333333,0.06457008150000002,-1,-1,-1,1.0,1.0,-1.0,0.0,-0.3333333333333333,0.10935000000000002,-1,-1,-1,0.356862745098039,0.694117647058824,0.803921568627451
189.4381754398346,0.0,-0.0182618099430705,0.03,1,1,1,0.0,0.3333333333333333,0.06457008150000002,-1,-1,-1,1.0,1.0,-1.0,0.0,-0.3333333333333333,0.10935000000000002,-1,-1,-1,0.356862745098039,0.694117647058824,0.803921568627451
189.4842984676361,0.0,-0.022231049934639136,0.03,1,1,1,0.0,0.3333333333333333,0.06457008150000002,-1,-1,-1,1.0,1.0,-1.0,0.0,-0.3333333333333333,0.10935000000000002,-1,-1,-1,0.356862745098039,0.694117647058824,0.803921568627451
189.52168130874634,0.0,-0.026200289926207772,0.03,1,1,1,0.0,0.3333333333333333,0.06457008150000002,-1,-1,-1,1.0,1.0,-1.0,0.0,-0.3333333333333333,0.10935000000000002,-1,-1,-1,0.356862745098039,0.694117647058824,0.803921568627451
189.55641198158264,0.0,-0.030169529917776407,0.03,1,1,1,0.0,0.3333333333333333,0.06457008150000002,-1,-1,-1,1.0,1.0,-1.0,0.0,-0.3333333333333333,0.10935000000000002,-1,-1,-1,0.356862745098039,0.694117647058824,0.803921568627451
189.59104442596436,0.0,-0.03413876990934506,0.03,1,1,1,0.0,0.3333333333333333,0.06457008150000002,-1,-1,-1,1.0,1.0,-1.0,0.0,-0.3333333333333333,0.10935000000000002,-1,-1,-1,0.356862745098039,0.694117647058824,0.803921568627451
189.62576007843018,0.0,-0.03810800990091371,0.03,1,1,1,0.0,0.3333333333333333,0.06457008150000002,-1,-1,-1,1.0,1.0,-1.0,0.0,-0.3333333333333333,0.10935000000000002,-1,-1,-1,0.356862745098039,0.694117647058824,0.803921568627451
189.66071152687073,0.0,-0.04207724989248236,0.03,1,1,1,0.0,0.3333333333333333,0.06457008150000002,-1,-1,-1,1.0,1.0,-1.0,0.0,-0.3333333333333333,0.10935000000000002,-1,-1,-1,0.356862745098039,0.694117647058824,0.803921568627451
189.702819108963,0.0,-0.046046489884051016,0.03,1,1,1,0.0,0.3333333333333333,0.06457008150000002,-1,-1,-1,1.0,1.0,-1.0,0.0,-0.3333333333333333,0.10935000000000002,-1,-1,-1,0.356862745098039,0.694117647058824,0.803921568627451
189.74448561668396,0.0,-0.05001572987561967,0.03,1,1,1,0.0,0.3333333333333333,0.06457008150000002,-1,-1,-1,1.0,1.0,-1.0,0.0,-0.3333333333333333,0.10935000000000002,-1,-1,-1,0.356862745098039,0.694117647058824,0.803921568627451
189.77904629707336,0.0,-0.05398496986718832,0.03,1,1,1,0.0,0.3333333333333333,0.06457008150000002,-1,-1,-1,1.0,1.0,-1.0,0.0,-0.3333333333333333,0.10935000000000002,-1,-1,-1,0.356862745098039,0.694117647058824,0.803921568627451
189.8138928413391,0.0,-0.057954209858756975,0.03,1,1,1,0.0,0.3333333333333333,0.06457008150000002,-1,-1,-1,1.0,1.0,-1.0,0.0,-0.3333333333333333,0.10935000000000002,-1,-1,-1,0.356862745098039,0.694117647058824,0.803921568627451
189.85330939292908,0.0,-0.06192344985032564,0.03,1,1,1,0.0,0.3333333333333333,0.06457008150000002,-1,-1,-1,1.0,1.0,-1.0,0.0,-0.3333333333333333,0.10935000000000002,-1,-1,-1,0.356862745098039,0.694117647058824,0.803921568627451
189.88725471496582,0.0,-0.06589268984189427,0.03,1,1,1,0.0,0.3333333333333333,0.06457008150000002,-1,-1,-1,1.0,1.0,-1.0,0.0,-0.3333333333333333,0.10935000000000002,-1,-1,-1,0.356862745098039,0.694117647058824,0.803921568627451
189.9223804473877,0.0,-0.06986192983346289,0.03,1,1,1,0.0,0.3333333333333333,0.06457008150000002,-1,-1,-1,1.0,1.0,-1.0,0.0,-0.3333333333333333,0.10935000000000002,-1,-1,-1,0.356862745098039,0.694117647058824,0.803921568627451
189.96002316474915,0.0,-0.0738311698250315,0.03,1,1,1,0.0,0.3333333333333333,0.06457008150000002,-1,-1,-1,1.0,1.0,-1.0,0.0,-0.3333333333333333,0.10935000000000002,-1,-1,-1,0.356862745098039,0.694117647058824,0.803921568627451
190.00146985054016,0.0,-0.07780040981660012,0.03,1,1,1,0.0,0.3333333333333333,0.06457008150000002,-1,-1,-1,1.0,1.0,-1.0,0.0,-0.3333333333333333,0.10935000000000002,-1,-1,-1,0.356862745098039,0.694117647058824,0.803921568627451
190.0360083580017,0.0,-0.08176964980816874,0.03,1,1,1,0.0,0.3333333333333333,0.06457008150000002,-1,-1,-1,1.0,1.0,-1.0,0.0,-0.3333333333333333,0.10935000000000002,-1,-1,-1,0.356862745098039,0.694117647058824,0.803921568627451
190.0708293914795,0.0,-0.08573888979973736,0.03,1,1,1,0.0,0.3333333333333333,0.06457008150000002,-1,-1,-1,1.0,1.0,-1.0,0.0,-0.3333333333333333,0.10935000000000002,-1,-1,-1,0.356862745098039,0.694117647058824,0.803921568627451
190.11304306983948,0.0,-0.08970812979130598,0.03,1,1,1,0.0,0.3333333333333333,0.06457008150000002,-1,-1,-1,1.0,1.0,-1.0,0.0,-0.3333333333333333,0.10935000000000002,-1,-1,-1,0.356862745098039,0.694117647058824,0.803921568627451
190.1568088531494,0.0,-0.0936773697828746,0.03,1,1,1,0.0,0.3333333333333333,0.06457008150000002,-1,-1,-1,1.0,1.0,-1.0,0.0,-0.3333333333333333,0.10935000000000002,-1,-1,-1,0.356862745098039,0.694117647058824,0.803921568627451
190.1959707736969,0.0,-0.09764660977444321,0.03,1,1,1,0.0,0.3333333333333333,0.06457008150000002,-1,-1,-1,1.0,1.0,-1.0,0.0,-0.3333333333333333,0.10935000000000002,-1,-1,-1,0.356862745098039,0.694117647058824,0.803921568627451
190.23084807395935,0.0,-0.10161584976601183,0.03,1,1,1,0.0,0.3333333333333333,0.06457008150000002,-1,-1,-1,1.0,1.0,-1.0,0.0,-0.3333333333333333,0.10935000000000002,-1,-1,-1,0.356862745098039,0.694117647058824,0.803921568627451
190.26547241210938,0.0,-0.10558508975758045,0.03,1,1,1,0.0,0.3333333333333333,0.06457008150000002,-1,-1,-1,1.0,1.0,-1.0,0.0,-0.3333333333333333,0.10935000000000002,-1,-1,-1,0.356862745098039,0.694117647058824,0.803921568627451
190.300475358963,0.0,-0.10955432974914907,0.03,1,1,1,0.0,0.3333333333333333,0.06457008150000002,-1,-1,-1,1.0,1.0,-1.0,0.0,-0.3333333333333333,0.10935000000000002,-1,-1,-1,0.356862745098039,0.694117647058824,0.803921568627451
190.34098482131958,0.0,-0.11352356974071769,0.03,1,1,1,0.0,0.3333333333333333,0.06457008150000002,-1,-1,-1,1.0,1.0,-1.0,0.0,-0.3333333333333333,0.10935000000000002,-1,-1,-1,0.356862745098039,0.694117647058824,0.803921568627451
190.37513709068298,0.0,-0.1174928097322863,0.03,1,1,1,0.0,0.3333333333333333,0.06457008150000002,-1,-1,-1,1.0,1.0,-1.0,0.0,-0.3333333333333333,0.10935000000000002,-1,-1,-1,0.356862745098039,0.694117647058824,0.803921568627451
190.41137433052063,0.0,-0.12146204972385491,0.03,1,1,1,0.0,0.3333333333333333,0.06457008150000002,-1,-1,-1,1.0,1.0,-1.0,0.0,-0.3333333333333333,0.10935000000000002,-1,-1,-1,0.356862745098039,0.694117647058824,0.803921568627451
190.4459137916565,0.0,-0.12543128971542353,0.03,1,1,1,0.0,0.3333333333333333,0.06457008150000002,-1,-1,-1,1.0,1.0,-1.0,0.0,-0.3333333333333333,0.10935000000000002,-1,-1,-1,0.356862745098039,0.694117647058824,0.803921568627451
190.48759293556213,0.0,-0.12940052970699215,0.03,1,1,1,0.0,0.3333333333333333,0.06457008150000002,-1,-1,-1,1.0,1.0,-1.0,0.0,-0.3333333333333333,0.10935000000000002,-1,-1,-1,0.356862745098039,0.694117647058824,0.803921568627451
190.52665424346924,0.0,-0.13336976969856076,0.03,1,1,1,0.0,0.3333333333333333,0.06457008150000002,-1,-1,-1,1.0,1.0,-1.0,0.0,-0.3333333333333333,0.10935000000000002,-1,-1,-1,0.356862745098039,0.694117647058824,0.803921568627451
190.5621657371521,0.0,-0.13617526216784115,0.03,1,1,1,0.0,0.3333333333333333,0.06457008150000002,-1,-1,-1,1.0,1.0,-1.0,0.0,-0.3333333333333333,0.10935000000000002,-1,-1,-1,0.356862745098039,0.694117647058824,0.803921568627451
190.59894227981567,0.0,-0.1343257645479686,0.03,1,1,1,0.0,0.3333333333333333,0.06457008150000002,-1,-1,-1,1.0,1.0,-1.0,0.0,-0.3333333333333333,0.10935000000000002,-1,-1,-1,0.356862745098039,0.694117647058824,0.803921568627451
190.63856077194214,0.0,-0.13247626692809605,0.03,1,1,1,0.0,0.3333333333333333,0.06457008150000002,-1,-1,-1,1.0,1.0,-1.0,0.0,-0.3333333333333333,0.10935000000000002,-1,-1,-1,0.356862745098039,0.694117647058824,0.803921568627451
190.6753191947937,0.0,-0.1306267693082235,0.03,1,1,1,0.0,0.3333333333333333,0.06457008150000002,-1,-1,-1,1.0,1.0,-1.0,0.0,-0.3333333333333333,0.10935000000000002,-1,-1,-1,0.356862745098039,0.694117647058824,0.803921568627451
190.71017265319824,0.0,-0.12877727168835096,0.03,1,1,1,0.0,0.3333333333333333,0.06457008150000002,-1,-1,-1,1.0,1.0,-1.0,0.0,-0.3333333333333333,0.10935000000000002,-1,-1,-1,0.356862745098039,0.694117647058824,0.803921568627451
190.7444088459015,0.0,-0.1269277740684784,0.03,1,1,1,0.0,0.3333333333333333,0.06457008150000002,-1,-1,-1,1.0,1.0,-1.0,0.0,-0.3333333333333333,0.10935000000000002,-1,-1,-1,0.356862745098039,0.694117647058824,0.803921568627451
190.78520512580872,0.0,-0.12507827644860586,0.03,1,1,1,0.0,0.3333333333333333,0.06457008150000002,-1,-1,-1,1.0,1.0,-1.0,0.0,-0.3333333333333333,0.10935000000000002,-1,-1,-1,0.356862745098039,0.694117647058824,0.803921568627451
190.82885098457336,0.0,-0.12322877882873343,0.03,1,1,1,0.0,0.3333333333333333,0.06457008150000002,-1,-1,-1,1.0,1.0,-1.0,0.0,-0.3333333333333333,0.10935000000000002,-1,-1,-1,0.356862745098039,0.694117647058824,0.803921568627451
190.86244893074036,0.0,-0.12137928120886102,0.03,1,1,1,0.0,0.3333333333333333,0.06457008150000002,-1,-1,-1,1.0,1.0,-1.0,0.0,-0.3333333333333333,0.10935000000000002,-1,-1,-1,0.356862745098039,0.694117647058824,0.803921568627451
190.89675378799438,0.0,-0.11952978358898861,0.03,1,1,1,0.0,0.3333333333333333,0.06457008150000002,-1,-1,-1,1.0,1.0,-1.0,0.0,-0.3333333333333333,0.10935000000000002,-1,-1,-1,0.356862745098039,0.694117647058824,0.803921568627451
190.9309093952179,0.0,-0.11768028596911616,0.03,1,1,1,0.0,0.3333333333333333,0.06457008150000002,-1,-1,-1,1.0,1.0,-1.0,0.0,-0.3333333333333333,0.10935000000000002,-1,-1,-1,0.356862745098039,0.694117647058824,0.803921568627451
190.96610569953918,0.0,-0.11583078834924368,0.03,1,1,1,0.0,0.3333333333333333,0.06457008150000002,-1,-1,-1,1.0,1.0,-1.0,0.0,-0.3333333333333333,0.10935000000000002,-1,-1,-1,0.356862745098039,0.694117647058824,0.803921568627451
191.01537537574768,0.0,-0.1139812907293712,0.03,1,1,1,0.0,0.3333333333333333,0.06457008150000002,-1,-1,-1,1.0,1.0,-1.0,0.0,-0.3333333333333333,0.10935000000000002,-1,-1,-1,0.356862745098039,0.694117647058824,0.803921568627451
191.0495216846466,0.0,-0.11213179310949872,0.03,1,1,1,0.0,0.3333333333333333,0.06457008150000002,-1,-1,-1,1.0,1.0,-1.0,0.0,-0.3333333333333333,0.10935000000000002,-1,-1,-1,0.356862745098039,0.694117647058824,0.803921568627451
191.08368802070618,0.0,-0.11028229548962624,0.03,1,1,1,0.0,0.3333333333333333,0.06457008150000002,-1,-1,-1,1.0,1.0,-1.0,0.0,-0.3333333333333333,0.10935000000000002,-1,-1,-1,0.356862745098039,0.694117647058824,0.803921568627451
191.11845588684082,0.0,-0.10843279786975377,0.03,1,1,1,0.0,0.3333333333333333,0.06457008150000002,-1,-1,-1,1.0,1.0,-1.0,0.0,-0.3333333333333333,0.10935000000000002,-1,-1,-1,0.356862745098039,0.694117647058824,0.803921568627451
191.15308380126953,0.0,-0.10658330024988129,0.03,1,1,1,0.0,0.3333333333333333,0.06457008150000002,-1,-1,-1,1.0,1.0,-1.0,0.0,-0.3333333333333333,0.10935000000000002,-1,-1,-1,0.356862745098039,0.694117647058824,0.803921568627451
191.1882996559143,0.0,-0.10473380263000881,0.03,1,1,1,0.0,0.3333333333333333,0.06457008150000002,-1,-1,-1,1.0,1.0,-1.0,0.0,-0.3333333333333333,0.10935000000000002,-1,-1,-1,0.356862745098039,0.694117647058824,0.803921568627451
191.2323009967804,0.0,-0.10288430501013633,0.03,1,1,1,0.0,0.3333333333333333,0.06457008150000002,-1,-1,-1,1.0,1.0,-1.0,0.0,-0.3333333333333333,0.10935000000000002,-1,-1,-1,0.356862745098039,0.694117647058824,0.803921568627451
191.2653248310089,0.0,-0.10103480739026385,0.03,1,1,1,0.0,0.3333333333333333,0.06457008150000002,-1,-1,-1,1.0,1.0,-1.0,0.0,-0.3333333333333333,0.10935000000000002,-1,-1,-1,0.356862745098039,0.694117647058824,0.803921568627451
191.29953837394714,0.0,-0.09918530977039137,0.03,1,1,1,0.0,0.3333333333333333,0.06457008150000002,-1,-1,-1,1.0,1.0,-1.0,0.0,-0.3333333333333333,0.10935000000000002,-1,-1,-1,0.356862745098039,0.694117647058824,0.803921568627451
191.33456707000732,0.0,-0.0973358121505189,0.03,1,1,1,0.0,0.3333333333333333,0.06457008150000002,-1,-1,-1,1.0,1.0,-1.0,0.0,-0.3333333333333333,0.10935000000000002,-1,-1,-1,0.356862745098039,0.694117647058824,0.803921568627451
191.36883234977722,0.0,-0.09548631453064642,0.03,1,1,1,0.0,0.3333333333333333,0.06457008150000002,-1,-1,-1,1.0,1.0,-1.0,0.0,-0.3333333333333333,0.10935000000000002,-1,-1,-1,0.356862745098039,0.694117647058824,0.803921568627451
191.4107096195221,0.0,-0.09363681691077394,0.03,1,1,1,0.0,0.3333333333333333,0.06457008150000002,-1,-1,-1,1.0,1.0,-1.0,0.0,-0.3333333333333333,0.10935000000000002,-1,-1,-1,0.356862745098039,0.694117647058824,0.803921568627451
191.4454700946808,0.0,-0.09178731929090146,0.03,1,1,1,0.0,0.3333333333333333,0.06457008150000002,-1,-1,-1,1.0,1.0,-1.0,0.0,-0.3333333333333333,0.10935000000000002,-1,-1,-1,0.356862745098039,0.694117647058824,0.803921568627451
191.48040509223938,0.0,-0.08993782167102898,0.03,1,1,1,0.0,0.3333333333333333,0.06457008150000002,-1,-1,-1,1.0,1.0,-1.0,0.0,-0.3333333333333333,0.10935000000000002,-1,-1,-1,0.356862745098039,0.694117647058824,0.803921568627451
191.51482558250427,0.0,-0.0880883240511565,0.03,1,1,1,0.0,0.3333333333333333,0.06457008150000002,-1,-1,-1,1.0,1.0,-1.0,0.0,-0.3333333333333333,0.10935000000000002,-1,-1,-1,0.356862745098039,0.694117647058824,0.803921568627451
191.5563554763794,0.0,-0.08623882643128403,0.03,1,1,1,0.0,0.3333333333333333,0.06457008150000002,-1,-1,-1,1.0,1.0,-1.0,0.0,-0.3333333333333333,0.10935000000000002,-1,-1,-1,0.356862745098039,0.694117647058824,0.803921568627451
191.60034799575806,0.0,-0.08438932881141155,0.03,1,1,1,0.0,0.3333333333333333,0.06457008150000002,-1,-1,-1,1.0,1.0,-1.0,0.0,-0.3333333333333333,0.10935000000000002,-1,-1,-1,0.356862745098039,0.694117647058824,0.803921568627451
191.63332867622375,0.0,-0.08253983119153907,0.03,1,1,1,0.0,0.3333333333333333,0.06457008150000002,-1,-1,-1,1.0,1.0,-1.0,0.0,-0.3333333333333333,0.10935000000000002,-1,-1,-1,0.356862745098039,0.694117647058824,0.803921568627451
191.66747736930847,0.0,-0.08069033357166659,0.03,1,1,1,0.0,0.3333333333333333,0.06457008150000002,-1,-1,-1,1.0,1.0,-1.0,0.0,-0.3333333333333333,0.10935000000000002,-1,-1,-1,0.356862745098039,0.694117647058824,0.803921568627451
191.70196056365967,0.0,-0.07884083595179411,0.03,1,1,1,0.0,0.3333333333333333,0.06457008150000002,-1,-1,-1,1.0,1.0,-1.0,0.0,-0.3333333333333333,0.10935000000000002,-1,-1,-1,0.356862745098039,0.694117647058824,0.803921568627451
191.73838543891907,0.0,-0.07699133833192164,0.03,1,1,1,0.0,0.3333333333333333,0.06457008150000002,-1,-1,-1,1.0,1.0,-1.0,0.0,-0.3333333333333333,0.10935000000000002,-1,-1,-1,0.356862745098039,0.694117647058824,0.803921568627451
191.78574442863464,0.0,-0.0735993062879553,0.03,1,1,1,0.0,0.3333333333333333,0.06457008150000002,-1,-1,-1,1.0,1.0,-1.0,0.0,-0.3333333333333333,0.10935000000000002,-1,-1,-1,0.356862745098039,0.694117647058824,0.803921568627451
191.82046222686768,0.0,-0.0698216406379655,0.03,1,1,1,0.0,0.3333333333333333,0.06457008150000002,-1,-1,-1,1.0,1.0,-1.0,0.0,-0.3333333333333333,0.10935000000000002,-1,-1,-1,0.356862745098039,0.694117647058824,0.803921568627451
191.85509967803955,0.0,-0.0660439749879757,0.03,1,1,1,0.0,0.3333333333333333,0.06457008150000002,-1,-1,-1,1.0,1.0,-1.0,0.0,-0.3333333333333333,0.10935000000000002,-1,-1,-1,0.356862745098039,0.694117647058824,0.803921568627451
191.8898000717163,0.0,-0.06226630933798591,0.03,1,1,1,0.0,0.3333333333333333,0.06457008150000002,-1,-1,-1,1.0,1.0,-1.0,0.0,-0.3333333333333333,0.10935000000000002,-1,-1,-1,0.356862745098039,0.694117647058824,0.803921568627451
191.92527079582214,0.0,-0.05848864368799606,0.03,1,1,1,0.0,0.3333333333333333,0.06457008150000002,-1,-1,-1,1.0,1.0,-1.0,0.0,-0.3333333333333333,0.10935000000000002,-1,-1,-1,0.356862745098039,0.694117647058824,0.803921568627451
191.96982765197754,0.0,-0.05471097803800623,0.03,1,1,1,0.0,0.3333333333333333,0.06457008150000002,-1,-1,-1,1.0,1.0,-1.0,0.0,-0.3333333333333333,0.10935000000000002,-1,-1,-1,0.356862745098039,0.694117647058824,0.803921568627451
192.00855660438538,0.0,-0.0509333123880164,0.03,1,1,1,0.0,0.3333333333333333,0.06457008150000002,-1,-1,-1,1.0,1.0,-1.0,0.0,-0.3333333333333333,0.10935000000000002,-1,-1,-1,0.356862745098039,0.694117647058824,0.803921568627451
192.05030584335327,0.0,-0.047155646738026566,0.03,1,1,1,0.0,0.3333333333333333,0.06457008150000002,-1,-1,-1,1.0,1.0,-1.0,0.0,-0.3333333333333333,0.10935000000000002,-1,-1,-1,0.356862745098039,0.694117647058824,0.803921568627451
192.0855712890625,0.0,-0.043377981088036734,0.03,1,1,1,0.0,0.3333333333333333,0.06457008150000002,-1,-1,-1,1.0,1.0,-1.0,0.0,-0.3333333333333333,0.10935000000000002,-1,-1,-1,0.356862745098039,0.694117647058824,0.803921568627451
192.11983156204224,0.0,-0.0396003154380469,0.03,1,1,1,0.0,0.3333333333333333,0.06457008150000002,-1,-1,-1,1.0,1.0,-1.0,0.0,-0.3333333333333333,0.10935000000000002,-1,-1,-1,0.356862745098039,0.694117647058824,0.803921568627451
192.1615355014801,0.0,-0.03582264978805707,0.03,1,1,1,0.0,0.3333333333333333,0.06457008150000002,-1,-1,-1,1.0,1.0,-1.0,0.0,-0.3333333333333333,0.10935000000000002,-1,-1,-1,0.356862745098039,0.694117647058824,0.803921568627451
192.20558762550354,0.0,-0.03204498413806724,0.03,1,1,1,0.0,0.3333333333333333,0.06457008150000002,-1,-1,-1,1.0,1.0,-1.0,0.0,-0.3333333333333333,0.10935000000000002,-1,-1,-1,0.356862745098039,0.694117647058824,0.803921568627451
192.24479222297668,0.0,-0.02826731848807742,0.03,1,1,1,0.0,0.3333333333333333,0.06457008150000002,-1,-1,-1,1.0,1.0,-1.0,0.0,-0.3333333333333333,0.10935000000000002,-1,-1,-1,0.356862745098039,0.694117647058824,0.803921568627451
192.27961468696594,0.0,-0.024489652838087603,0.03,1,1,1,0.0,0.3333333333333333,0.06457008150000002,-1,-1,-1,1.0,1.0,-1.0,0.0,-0.3333333333333333,0.10935000000000002,-1,-1,-1,0.356862745098039,0.694117647058824,0.803921568627451
192.3144075870514,0.0,-0.02071198718809779,0.03,1,1,1,0.0,0.3333333333333333,0.06457008150000002,-1,-1,-1,1.0,1.0,-1.0,0.0,-0.3333333333333333,0.10935000000000002,-1,-1,-1,0.356862745098039,0.694117647058824,0.803921568627451
192.35626912117004,0.0,-0.016934321538107974,0.03,1,1,1,0.0,0.3333333333333333,0.06457008150000002,-1,-1,-1,1.0,1.0,-1.0,0.0,-0.3333333333333333,0.10935000000000002,-1,-1,-1,0.356862745098039,0.694117647058824,0.803921568627451
192.3975706100464,0.0,-0.013156655888118153,0.03,1,1,1,0.0,0.3333333333333333,0.06457008150000002,-1,-1,-1,1.0,1.0,-1.0,0.0,-0.3333333333333333,0.10935000000000002,-1,-1,-1,0.356862745098039,0.694117647058824,0.803921568627451
192.4319543838501,0.0,-0.00937899023812833,0.03,1,1,1,0.0,0.3333333333333333,0.06457008150000002,-1,-1,-1,1.0,1.0,-1.0,0.0,-0.3333333333333333,0.10935000000000002,-1,-1,-1,0.356862745098039,0.694117647058824,0.803921568627451
192.4715235233307,0.0,-0.005601324588138506,0.03,1,1,1,0.0,0.3333333333333333,0.06457008150000002,-1,-1,-1,1.0,1.0,-1.0,0.0,-0.3333333333333333,0.10935000000000002,-1,-1,-1,0.356862745098039,0.694117647058824,0.803921568627451
192.5050721168518,0.0,-0.0018236589381486826,0.03,1,1,1,0.0,0.3333333333333333,0.06457008150000002,-1,-1,-1,1.0,1.0,-1.0,0.0,-0.3333333333333333,0.10935000000000002,-1,-1,-1,0.356862745098039,0.694117647058824,0.803921568627451
192.54002714157104,0.0,0.0019540067118411406,0.03,1,1,1,0.0,0.3333333333333333,0.06457008150000002,-1,-1,-1,1.0,1.0,-1.0,0.0,-0.3333333333333333,0.10935000000000002,-1,-1,-1,0.356862745098039,0.694117647058824,0.803921568627451
192.57754564285278,0.0,0.005731672361830964,0.03,1,1,1,0.0,0.3333333333333333,0.06457008150000002,-1,-1,-1,1.0,1.0,-1.0,0.0,-0.3333333333333333,0.10935000000000002,-1,-1,-1,0.356862745098039,0.694117647058824,0.803921568627451
192.611989736557,0.0,0.009509338011820787,0.03,1,1,1,0.0,0.3333333333333333,0.06457008150000002,-1,-1,-1,1.0,1.0,-1.0,0.0,-0.3333333333333333,0.10935000000000002,-1,-1,-1,0.356862745098039,0.694117647058824,0.803921568627451
192.647536277771,0.0,0.01328700366181061,0.03,1,1,1,0.0,0.3333333333333333,0.06457008150000002,-1,-1,-1,1.0,1.0,-1.0,0.0,-0.3333333333333333,0.10935000000000002,-1,-1,-1,0.356862745098039,0.694117647058824,0.803921568627451
192.6817409992218,0.0,0.01706466931180043,0.03,1,1,1,0.0,0.3333333333333333,0.06457008150000002,-1,-1,-1,1.0,1.0,-1.0,0.0,-0.3333333333333333,0.10935000000000002,-1,-1,-1,0.356862745098039,0.694117647058824,0.803921568627451
192.7235403060913,0.0,0.020842334961790245,0.03,1,1,1,0.0,0.3333333333333333,0.06457008150000002,-1,-1,-1,1.0,1.0,-1.0,0.0,-0.3333333333333333,0.10935000000000002,-1,-1,-1,0.356862745098039,0.694117647058824,0.803921568627451
192.76515340805054,0.0,0.02462000061178006,0.03,1,1,1,0.0,0.3333333333333333,0.06457008150000002,-1,-1,-1,1.0,1.0,-1.0,0.0,-0.3333333333333333,0.10935000000000002,-1,-1,-1,0.356862745098039,0.694117647058824,0.803921568627451
192.7992115020752,0.0,0.028397666261769875,0.03,1,1,1,0.0,0.3333333333333333,0.06457008150000002,-1,-1,-1,1.0,1.0,-1.0,0.0,-0.3333333333333333,0.10935000000000002,-1,-1,-1,0.356862745098039,0.694117647058824,0.803921568627451
192.83408117294312,0.0,0.0321753319117597,0.03,1,1,1,0.0,0.3333333333333333,0.06457008150000002,-1,-1,-1,1.0,1.0,-1.0,0.0,-0.3333333333333333,0.10935000000000002,-1,-1,-1,0.356862745098039,0.694117647058824,0.803921568627451
192.87367415428162,0.0,0.03595299756174953,0.03,1,1,1,0.0,0.3333333333333333,0.06457008150000002,-1,-1,-1,1.0,1.0,-1.0,0.0,-0.3333333333333333,0.10935000000000002,-1,-1,-1,0.356862745098039,0.694117647058824,0.803921568627451
192.90772366523743,0.0,0.03973066321173936,0.03,1,1,1,0.0,0.3333333333333333,0.06457008150000002,-1,-1,-1,1.0,1.0,-1.0,0.0,-0.3333333333333333,0.10935000000000002,-1,-1,-1,0.356862745098039,0.694117647058824,0.803921568627451
192.942485332489,0.0,0.043508328861729194,0.03,1,1,1,0.0,0.3333333333333333,0.06457008150000002,-1,-1,-1,1.0,1.0,-1.0,0.0,-0.3333333333333333,0.10935000000000002,-1,-1,-1,0.356862745098039,0.694117647058824,0.803921568627451
192.98094391822815,0.0,0.045183742800475026,0.03,1,1,1,0.0,0.3333333333333333,0.06457008150000002,-1,-1,-1,1.0,1.0,-1.0,0.0,-0.3333333333333333,0.10935000000000002,-1,-1,-1,0.356862745098039,0.694117647058824,0.803921568627451
193.02214884757996,0.0,0.04545765559839152,0.03,1,1,1,0.0,0.3333333333333333,0.06457008150000002,-1,-1,-1,1.0,1.0,-1.0,0.0,-0.3333333333333333,0.10935000000000002,-1,-1,-1,0.356862745098039,0.694117647058824,0.803921568627451
193.05636835098267,0.0,0.04573156839630802,0.03,1,1,1,0.0,0.3333333333333333,0.06457008150000002,-1,-1,-1,1.0,1.0,-1.0,0.0,-0.3333333333333333,0.10935000000000002,-1,-1,-1,0.356862745098039,0.694117647058824,0.803921568627451
193.09134936332703,0.0,0.04600548119422452,0.03,1,1,1,0.0,0.3333333333333333,0.06457008150000002,-1,-1,-1,1.0,1.0,-1.0,0.0,-0.3333333333333333,0.10935000000000002,-1,-1,-1,0.356862745098039,0.694117647058824,0.803921568627451
193.13334679603577,0.0,0.04627939399214102,0.03,1,1,1,0.0,0.3333333333333333,0.06457008150000002,-1,-1,-1,1.0,1.0,-1.0,0.0,-0.3333333333333333,0.10935000000000002,-1,-1,-1,0.356862745098039,0.694117647058824,0.803921568627451
193.1773464679718,0.0,0.046553306790057515,0.03,1,1,1,0.0,0.3333333333333333,0.06457008150000002,-1,-1,-1,1.0,1.0,-1.0,0.0,-0.3333333333333333,0.10935000000000002,-1,-1,-1,0.356862745098039,0.694117647058824,0.803921568627451
193.2109498977661,0.0,0.04682721958797401,0.03,1,1,1,0.0,0.3333333333333333,0.06457008150000002,-1,-1,-1,1.0,1.0,-1.0,0.0,-0.3333333333333333,0.10935000000000002,-1,-1,-1,0.356862745098039,0.694117647058824,0.803921568627451
193.24514293670654,0.0,0.04710113238589051,0.03,1,1,1,0.0,0.3333333333333333,0.06457008150000002,-1,-1,-1,1.0,1.0,-1.0,0.0,-0.3333333333333333,0.10935000000000002,-1,-1,-1,0.356862745098039,0.694117647058824,0.803921568627451
193.2790596485138,0.0,0.04737504518380701,0.03,1,1,1,0.0,0.3333333333333333,0.06457008150000002,-1,-1,-1,1.0,1.0,-1.0,0.0,-0.3333333333333333,0.10935000000000002,-1,-1,-1,0.356862745098039,0.694117647058824,0.803921568627451
193.3144724369049,0.0,0.04764895798172351,0.03,1,1,1,0.0,0.3333333333333333,0.06457008150000002,-1,-1,-1,1.0,1.0,-1.0,0.0,-0.3333333333333333,0.10935000000000002,-1,-1,-1,0.356862745098039,0.694117647058824,0.803921568627451
193.3484125137329,0.0,0.047922870779640005,0.03,1,1,1,0.0,0.3333333333333333,0.06457008150000002,-1,-1,-1,1.0,1.0,-1.0,0.0,-0.3333333333333333,0.10935000000000002,-1,-1,-1,0.356862745098039,0.694117647058824,0.803921568627451
193.39663171768188,0.0,0.0481967835775565,0.03,1,1,1,0.0,0.3333333333333333,0.06457008150000002,-1,-1,-1,1.0,1.0,-1.0,0.0,-0.3333333333333333,0.10935000000000002,-1,-1,-1,0.356862745098039,0.694117647058824,0.803921568627451
193.4320192337036,0.0,0.048470696375473,0.03,1,1,1,0.0,0.3333333333333333,0.06457008150000002,-1,-1,-1,1.0,1.0,-1.0,0.0,-0.3333333333333333,0.10935000000000002,-1,-1,-1,0.356862745098039,0.694117647058824,0.803921568627451
193.46765613555908,0.0,0.0487446091733895,0.03,1,1,1,0.0,0.3333333333333333,0.06457008150000002,-1,-1,-1,1.0,1.0,-1.0,0.0,-0.3333333333333333,0.10935000000000002,-1,-1,-1,0.356862745098039,0.694117647058824,0.803921568627451
193.50127696990967,0.0,0.049018521971305996,0.03,1,1,1,0.0,0.3333333333333333,0.06457008150000002,-1,-1,-1,1.0,1.0,-1.0,0.0,-0.3333333333333333,0.10935000000000002,-1,-1,-1,0.356862745098039,0.694117647058824,0.803921568627451
193.53612303733826,0.0,0.049292434769222494,0.03,1,1,1,0.0,0.3333333333333333,0.06457008150000002,-1,-1,-1,1.0,1.0,-1.0,0.0,-0.3333333333333333,0.10935000000000002,-1,-1,-1,0.356862745098039,0.694117647058824,0.803921568627451
193.5815670490265,0.0,0.04956634756713899,0.03,1,1,1,0.0,0.3333333333333333,0.06457008150000002,-1,-1,-1,1.0,1.0,-1.0,0.0,-0.3333333333333333,0.10935000000000002,-1,-1,-1,0.356862745098039,0.694117647058824,0.803921568627451
193.61938047409058,0.0,0.04984026036505549,0.03,1,1,1,0.0,0.3333333333333333,0.06457008150000002,-1,-1,-1,1.0,1.0,-1.0,0.0,-0.3333333333333333,0.10935000000000002,-1,-1,-1,0.356862745098039,0.694117647058824,0.803921568627451
193.65439581871033,0.0,0.05011417316297199,0.03,1,1,1,0.0,0.3333333333333333,0.06457008150000002,-1,-1,-1,1.0,1.0,-1.0,0.0,-0.3333333333333333,0.10935000000000002,-1,-1,-1,0.356862745098039,0.694117647058824,0.803921568627451
193.688307762146,0.0,0.050388085960888486,0.03,1,1,1,0.0,0.3333333333333333,0.06457008150000002,-1,-1,-1,1.0,1.0,-1.0,0.0,-0.3333333333333333,0.10935000000000002,-1,-1,-1,0.356862745098039,0.694117647058824,0.803921568627451
193.72346878051758,0.0,0.050661998758804984,0.03,1,1,1,0.0,0.3333333333333333,0.06457008150000002,-1,-1,-1,1.0,1.0,-1.0,0.0,-0.3333333333333333,0.10935000000000002,-1,-1,-1,0.356862745098039,0.694117647058824,0.803921568627451
193.76517915725708,0.0,0.05093591155672148,0.03,1,1,1,0.0,0.3333333333333333,0.06457008150000002,-1,-1,-1,1.0,1.0,-1.0,0.0,-0.3333333333333333,0.10935000000000002,-1,-1,-1,0.356862745098039,0.694117647058824,0.803921568627451
193.80672550201416,0.0,0.05120982435463798,0.03,1,1,1,0.0,0.3333333333333333,0.06457008150000002,-1,-1,-1,1.0,1.0,-1.0,0.0,-0.3333333333333333,0.10935000000000002,-1,-1,-1,0.356862745098039,0.694117647058824,0.803921568627451
193.84112524986267,0.0,0.05148373715255448,0.03,1,1,1,0.0,0.3333333333333333,0.06457008150000002,-1,-1,-1,1.0,1.0,-1.0,0.0,-0.3333333333333333,0.10935000000000002,-1,-1,-1,0.356862745098039,0.694117647058824,0.803921568627451
193.87549710273743,0.0,0.051757649950470976,0.03,1,1,1,0.0,0.3333333333333333,0.06457008150000002,-1,-1,-1,1.0,1.0,-1.0,0.0,-0.3333333333333333,0.10935000000000002,-1,-1,-1,0.356862745098039,0.694117647058824,0.803921568627451
193.90969610214233,0.0,0.052031562748387473,0.03,1,1,1,0.0,0.3333333333333333,0.06457008150000002,-1,-1,-1,1.0,1.0,-1.0,0.0,-0.3333333333333333,0.10935000000000002,-1,-1,-1,0.356862745098039,0.694117647058824,0.803921568627451
193.94845533370972,0.0,0.05230547554630397,0.03,1,1,1,0.0,0.3333333333333333,0.06457008150000002,-1,-1,-1,1.0,1.0,-1.0,0.0,-0.3333333333333333,0.10935000000000002,-1,-1,-1,0.356862745098039,0.694117647058824,0.803921568627451
193.9832673072815,0.0,0.05257938834422047,0.03,1,1,1,0.0,0.3333333333333333,0.06457008150000002,-1,-1,-1,1.0,1.0,-1.0,0.0,-0.3333333333333333,0.10935000000000002,-1,-1,-1,0.356862745098039,0.694117647058824,0.803921568627451
194.0214400291443,0.0,0.05285330114213697,0.03,1,1,1,0.0,0.3333333333333333,0.06457008150000002,-1,-1,-1,1.0,1.0,-1.0,0.0,-0.3333333333333333,0.10935000000000002,-1,-1,-1,0.356862745098039,0.694117647058824,0.803921568627451
194.05628156661987,0.0,0.053127213940053465,0.03,1,1,1,0.0,0.3333333333333333,0.06457008150000002,-1,-1,-1,1.0,1.0,-1.0,0.0,-0.3333333333333333,0.10935000000000002,-1,-1,-1,0.356862745098039,0.694117647058824,0.803921568627451
194.09074020385742,0.0,0.05340112673796996,0.03,1,1,1,0.0,0.3333333333333333,0.06457008150000002,-1,-1,-1,1.0,1.0,-1.0,0.0,-0.3333333333333333,0.10935000000000002,-1,-1,-1,0.356862745098039,0.694117647058824,0.803921568627451
194.12576508522034,0.0,0.05367503953588646,0.03,1,1,1,0.0,0.3333333333333333,0.06457008150000002,-1,-1,-1,1.0,1.0,-1.0,0.0,-0.3333333333333333,0.10935000000000002,-1,-1,-1,0.356862745098039,0.694117647058824,0.803921568627451
194.16004967689514,0.0,0.05394895233380296,0.03,1,1,1,0.0,0.3333333333333333,0.06457008150000002,-1,-1,-1,1.0,1.0,-1.0,0.0,-0.3333333333333333,0.10935000000000002,-1,-1,-1,0.356862745098039,0.694117647058824,0.803921568627451
194.2032344341278,0.0,0.056715942467448884,0.03,1,1,1,0.0,0.3333333333333333,0.06457008150000002,-1,-1,-1,1.0,1.0,-1.0,0.0,-0.3333333333333333,0.10935000000000002,-1,-1,-1,0.356862745098039,0.694117647058824,0.803921568627451
194.2367560863495,0.0,0.05948293260109481,0.03,1,1,1,0.0,0.3333333333333333,0.06457008150000002,-1,-1,-1,1.0,1.0,-1.0,0.0,-0.3333333333333333,0.10935000000000002,-1,-1,-1,0.356862745098039,0.694117647058824,0.803921568627451
194.2716600894928,0.0,0.06224992273474077,0.03,1,1,1,0.0,0.3333333333333333,0.06457008150000002,-1,-1,-1,1.0,1.0,-1.0,0.0,-0.3333333333333333,0.10935000000000002,-1,-1,-1,0.356862745098039,0.694117647058824,0.803921568627451
194.30652832984924,0.0,0.06501691286838669,0.03,1,1,1,0.0,0.3333333333333333,0.06457008150000002,-1,-1,-1,1.0,1.0,-1.0,0.0,-0.3333333333333333,0.10935000000000002,-1,-1,-1,0.356862745098039,0.694117647058824,0.803921568627451
194.34088802337646,0.0,0.06778390300203262,0.03,1,1,1,0.0,0.3333333333333333,0.06457008150000002,-1,-1,-1,1.0,1.0,-1.0,0.0,-0.3333333333333333,0.10935000000000002,-1,-1,-1,0.356862745098039,0.694117647058824,0.803921568627451
194.3755304813385,0.0,0.07055089313567854,0.03,1,1,1,0.0,0.3333333333333333,0.06457008150000002,-1,-1,-1,1.0,1.0,-1.0,0.0,-0.3333333333333333,0.10935000000000002,-1,-1,-1,0.356862745098039,0.694117647058824,0.803921568627451
194.42001128196716,0.0,0.07331788326932447,0.03,1,1,1,0.0,0.3333333333333333,0.06457008150000002,-1,-1,-1,1.0,1.0,-1.0,0.0,-0.3333333333333333,0.10935000000000002,-1,-1,-1,0.356862745098039,0.694117647058824,0.803921568627451
194.45300436019897,0.0,0.07608487340297039,0.03,1,1,1,0.0,0.3333333333333333,0.06457008150000002,-1,-1,-1,1.0,1.0,-1.0,0.0,-0.3333333333333333,0.10935000000000002,-1,-1,-1,0.356862745098039,0.694117647058824,0.803921568627451
194.4863257408142,0.0,0.07885186353661632,0.03,1,1,1,0.0,0.3333333333333333,0.06457008150000002,-1,-1,-1,1.0,1.0,-1.0,0.0,-0.3333333333333333,0.10935000000000002,-1,-1,-1,0.356862745098039,0.694117647058824,0.803921568627451
194.52133178710938,0.0,0.08161885367026224,0.03,1,1,1,0.0,0.3333333333333333,0.06457008150000002,-1,-1,-1,1.0,1.0,-1.0,0.0,-0.3333333333333333,0.10935000000000002,-1,-1,-1,0.356862745098039,0.694117647058824,0.803921568627451
194.55671525001526,0.0,0.08438584380390816,0.03,1,1,1,0.0,0.3333333333333333,0.06457008150000002,-1,-1,-1,1.0,1.0,-1.0,0.0,-0.3333333333333333,0.10935000000000002,-1,-1,-1,0.356862745098039,0.694117647058824,0.803921568627451
194.59095859527588,0.0,0.08715283393755409,0.03,1,1,1,0.0,0.3333333333333333,0.06457008150000002,-1,-1,-1,1.0,1.0,-1.0,0.0,-0.3333333333333333,0.10935000000000002,-1,-1,-1,0.356862745098039,0.694117647058824,0.803921568627451
194.63233470916748,0.0,0.08991982407120001,0.03,1,1,1,0.0,0.3333333333333333,0.06457008150000002,-1,-1,-1,1.0,1.0,-1.0,0.0,-0.3333333333333333,0.10935000000000002,-1,-1,-1,0.356862745098039,0.694117647058824,0.803921568627451
194.66742372512817,0.0,0.09268681420484594,0.03,1,1,1,0.0,0.3333333333333333,0.06457008150000002,-1,-1,-1,1.0,1.0,-1.0,0.0,-0.3333333333333333,0.10935000000000002,-1,-1,-1,0.356862745098039,0.694117647058824,0.803921568627451
194.7024793624878,0.0,0.09545380433849186,0.03,1,1,1,0.0,0.3333333333333333,0.06457008150000002,-1,-1,-1,1.0,1.0,-1.0,0.0,-0.3333333333333333,0.10935000000000002,-1,-1,-1,0.356862745098039,0.694117647058824,0.803921568627451
194.73725652694702,0.0,0.09822079447213779,0.03,1,1,1,0.0,0.3333333333333333,0.06457008150000002,-1,-1,-1,1.0,1.0,-1.0,0.0,-0.3333333333333333,0.10935000000000002,-1,-1,-1,0.356862745098039,0.694117647058824,0.803921568627451
194.77838826179504,0.0,0.10098778460578371,0.03,1,1,1,0.0,0.3333333333333333,0.06457008150000002,-1,-1,-1,1.0,1.0,-1.0,0.0,-0.3333333333333333,0.10935000000000002,-1,-1,-1,0.356862745098039,0.694117647058824,0.803921568627451
194.81309413909912,0.0,0.10375477473942964,0.03,1,1,1,0.0,0.3333333333333333,0.06457008150000002,-1,-1,-1,1.0,1.0,-1.0,0.0,-0.3333333333333333,0.10935000000000002,-1,-1,-1,0.356862745098039,0.694117647058824,0.803921568627451
194.84745931625366,0.0,0.10652176487307556,0.03,1,1,1,0.0,0.3333333333333333,0.06457008150000002,-1,-1,-1,1.0,1.0,-1.0,0.0,-0.3333333333333333,0.10935000000000002,-1,-1,-1,0.356862745098039,0.694117647058824,0.803921568627451
194.88202023506165,0.0,0.10928875500672149,0.03,1,1,1,0.0,0.3333333333333333,0.06457008150000002,-1,-1,-1,1.0,1.0,-1.0,0.0,-0.3333333333333333,0.10935000000000002,-1,-1,-1,0.356862745098039,0.694117647058824,0.803921568627451
194.92147636413574,0.0,0.11205574514036741,0.03,1,1,1,0.0,0.3333333333333333,0.06457008150000002,-1,-1,-1,1.0,1.0,-1.0,0.0,-0.3333333333333333,0.10935000000000002,-1,-1,-1,0.356862745098039,0.694117647058824,0.803921568627451
194.95982813835144,0.0,0.11482273527401334,0.03,1,1,1,0.0,0.3333333333333333,0.06457008150000002,-1,-1,-1,1.0,1.0,-1.0,0.0,-0.3333333333333333,0.10935000000000002,-1,-1,-1,0.356862745098039,0.694117647058824,0.803921568627451
195.00160360336304,0.0,0.11758972540765926,0.03,1,1,1,0.0,0.3333333333333333,0.06457008150000002,-1,-1,-1,1.0,1.0,-1.0,0.0,-0.3333333333333333,0.10935000000000002,-1,-1,-1,0.356862745098039,0.694117647058824,0.803921568627451
195.03619503974915,0.0,0.12035671554130516,0.03,1,1,1,0.0,0.3333333333333333,0.06457008150000002,-1,-1,-1,1.0,1.0,-1.0,0.0,-0.3333333333333333,0.10935000000000002,-1,-1,-1,0.356862745098039,0.694117647058824,0.803921568627451
195.07071161270142,0.0,0.12312370567495105,0.03,1,1,1,0.0,0.3333333333333333,0.06457008150000002,-1,-1,-1,1.0,1.0,-1.0,0.0,-0.3333333333333333,0.10935000000000002,-1,-1,-1,0.356862745098039,0.694117647058824,0.803921568627451
195.1056411266327,0.0,0.12589069580859696,0.03,1,1,1,0.0,0.3333333333333333,0.06457008150000002,-1,-1,-1,1.0,1.0,-1.0,0.0,-0.3333333333333333,0.10935000000000002,-1,-1,-1,0.356862745098039,0.694117647058824,0.803921568627451
195.14726901054382,0.0,0.1286576859422429,0.03,1,1,1,0.0,0.3333333333333333,0.06457008150000002,-1,-1,-1,1.0,1.0,-1.0,0.0,-0.3333333333333333,0.10935000000000002,-1,-1,-1,0.356862745098039,0.694117647058824,0.803921568627451
195.18175411224365,0.0,0.1314246760758888,0.03,1,1,1,0.0,0.3333333333333333,0.06457008150000002,-1,-1,-1,1.0,1.0,-1.0,0.0,-0.3333333333333333,0.10935000000000002,-1,-1,-1,0.356862745098039,0.694117647058824,0.803921568627451
195.21684217453003,0.0,0.13419166620953474,0.03,1,1,1,0.0,0.3333333333333333,0.06457008150000002,-1,-1,-1,1.0,1.0,-1.0,0.0,-0.3333333333333333,0.10935000000000002,-1,-1,-1,0.356862745098039,0.694117647058824,0.803921568627451
195.25100684165955,0.0,0.13695865634318066,0.03,1,1,1,0.0,0.3333333333333333,0.06457008150000002,-1,-1,-1,1.0,1.0,-1.0,0.0,-0.3333333333333333,0.10935000000000002,-1,-1,-1,0.356862745098039,0.694117647058824,0.803921568627451
195.288898229599,0.0,0.1397256464768266,0.03,1,1,1,0.0,0.3333333333333333,0.06457008150000002,-1,-1,-1,1.0,1.0,-1.0,0.0,-0.3333333333333333,0.10935000000000002,-1,-1,-1,0.356862745098039,0.694117647058824,0.803921568627451
195.3259539604187,0.0,0.1424926366104725,0.03,1,1,1,0.0,0.3333333333333333,0.06457008150000002,-1,-1,-1,1.0,1.0,-1.0,0.0,-0.3333333333333333,0.10935000000000002,-1,-1,-1,0.356862745098039,0.694117647058824,0.803921568627451
195.3616337776184,0.0,0.14525962674411844,0.03,1,1,1,0.0,0.3333333333333333,0.06457008150000002,-1,-1,-1,1.0,1.0,-1.0,0.0,-0.3333333333333333,0.10935000000000002,-1,-1,-1,0.356862745098039,0.694117647058824,0.803921568627451
195.40333700180054,0.0,0.14525962674411844,0.03,1,1,1,0.0,0.3333333333333333,0.06457008150000002,-1,-1,-1,1.0,1.0,-1.0,0.0,-0.3333333333333333,0.10935000000000002,-1,-1,-1,0.356862745098039,0.694117647058824,0.803921568627451
195.43799591064453,0.0,0.14525962674411844,0.03,1,1,1,0.0,0.3333333333333333,0.06457008150000002,-1,-1,-1,1.0,1.0,-1.0,0.0,-0.3333333333333333,0.10935000000000002,-1,-1,-1,0.356862745098039,0.694117647058824,0.803921568627451
195.47227573394775,0.0,0.14525962674411844,0.03,1,1,1,0.0,0.3333333333333333,0.06457008150000002,-1,-1,-1,1.0,1.0,-1.0,0.0,-0.3333333333333333,0.10935000000000002,-1,-1,-1,0.356862745098039,0.694117647058824,0.803921568627451
195.50709915161133,0.0,0.14525962674411844,0.03,1,1,1,0.0,0.3333333333333333,0.06457008150000002,-1,-1,-1,1.0,1.0,-1.0,0.0,-0.3333333333333333,0.10935000000000002,-1,-1,-1,0.356862745098039,0.694117647058824,0.803921568627451
195.5418450832367,0.0,0.14525962674411844,0.03,1,1,1,0.0,0.3333333333333333,0.06457008150000002,-1,-1,-1,1.0,1.0,-1.0,0.0,-0.3333333333333333,0.10935000000000002,-1,-1,-1,0.356862745098039,0.694117647058824,0.803921568627451
195.5837721824646,0.0,0.14525962674411844,0.03,1,1,1,0.0,0.3333333333333333,0.06457008150000002,-1,-1,-1,1.0,1.0,-1.0,0.0,-0.3333333333333333,0.10935000000000002,-1,-1,-1,0.356862745098039,0.694117647058824,0.803921568627451
195.61865949630737,0.0,0.14525962674411844,0.03,1,1,1,0.0,0.3333333333333333,0.06457008150000002,-1,-1,-1,1.0,1.0,-1.0,0.0,-0.3333333333333333,0.10935000000000002,-1,-1,-1,0.356862745098039,0.694117647058824,0.803921568627451
195.65306997299194,0.0,0.14525962674411844,0.03,1,1,1,0.0,0.3333333333333333,0.06457008150000002,-1,-1,-1,1.0,1.0,-1.0,0.0,-0.3333333333333333,0.10935000000000002,-1,-1,-1,0.356862745098039,0.694117647058824,0.803921568627451
195.69296002388,0.0,0.14525962674411844,0.03,1,1,1,0.0,0.3333333333333333,0.06457008150000002,-1,-1,-1,1.0,1.0,-1.0,0.0,-0.3333333333333333,0.10935000000000002,-1,-1,-1,0.356862745098039,0.694117647058824,0.803921568627451
195.72701382637024,0.0,0.14525962674411844,0.03,1,1,1,0.0,0.3333333333333333,0.06457008150000002,-1,-1,-1,1.0,1.0,-1.0,0.0,-0.3333333333333333,0.10935000000000002,-1,-1,-1,0.356862745098039,0.694117647058824,0.803921568627451
195.76210618019104,0.0,0.14525962674411844,0.03,1,1,1,0.0,0.3333333333333333,0.06457008150000002,-1,-1,-1,1.0,1.0,-1.0,0.0,-0.3333333333333333,0.10935000000000002,-1,-1,-1,0.356862745098039,0.694117647058824,0.803921568627451
195.79930305480957,0.0,0.14525962674411844,0.03,1,1,1,0.0,0.3333333333333333,0.06457008150000002,-1,-1,-1,1.0,1.0,-1.0,0.0,-0.3333333333333333,0.10935000000000002,-1,-1,-1,0.356862745098039,0.694117647058824,0.803921568627451
195.83471775054932,0.0,0.14525962674411844,0.03,1,1,1,0.0,0.3333333333333333,0.06457008150000002,-1,-1,-1,1.0,1.0,-1.0,0.0,-0.3333333333333333,0.10935000000000002,-1,-1,-1,0.356862745098039,0.694117647058824,0.803921568627451
195.86794352531433,0.0,0.14525962674411844,0.03,1,1,1,0.0,0.3333333333333333,0.06457008150000002,-1,-1,-1,1.0,1.0,-1.0,0.0,-0.3333333333333333,0.10935000000000002,-1,-1,-1,0.356862745098039,0.694117647058824,0.803921568627451
195.90313482284546,0.0,0.14525962674411844,0.03,1,1,1,0.0,0.3333333333333333,0.06457008150000002,-1,-1,-1,1.0,1.0,-1.0,0.0,-0.3333333333333333,0.10935000000000002,-1,-1,-1,0.356862745098039,0.694117647058824,0.803921568627451
195.94546175003052,0.0,0.14525962674411844,0.03,1,1,1,0.0,0.3333333333333333,0.06457008150000002,-1,-1,-1,1.0,1.0,-1.0,0.0,-0.3333333333333333,0.10935000000000002,-1,-1,-1,0.356862745098039,0.694117647058824,0.803921568627451
195.98711681365967,0.0,0.14525962674411844,0.03,1,1,1,0.0,0.3333333333333333,0.06457008150000002,-1,-1,-1,1.0,1.0,-1.0,0.0,-0.3333333333333333,0.10935000000000002,-1,-1,-1,0.356862745098039,0.694117647058824,0.803921568627451
196.02159667015076,0.0,0.14525962674411844,0.03,1,1,1,0.0,0.3333333333333333,0.06457008150000002,-1,-1,-1,1.0,1.0,-1.0,0.0,-0.3333333333333333,0.10935000000000002,-1,-1,-1,0.356862745098039,0.694117647058824,0.803921568627451
196.05675506591797,0.0,0.14525962674411844,0.03,1,1,1,0.0,0.3333333333333333,0.06457008150000002,-1,-1,-1,1.0,1.0,-1.0,0.0,-0.3333333333333333,0.10935000000000002,-1,-1,-1,0.356862745098039,0.694117647058824,0.803921568627451
196.0954954624176,0.0,0.14525962674411844,0.03,1,1,1,0.0,0.3333333333333333,0.06457008150000002,-1,-1,-1,1.0,1.0,-1.0,0.0,-0.3333333333333333,0.10935000000000002,-1,-1,-1,0.356862745098039,0.694117647058824,0.803921568627451
196.1295611858368,0.0,0.14525962674411844,0.03,1,1,1,0.0,0.3333333333333333,0.06457008150000002,-1,-1,-1,1.0,1.0,-1.0,0.0,-0.3333333333333333,0.10935000000000002,-1,-1,-1,0.356862745098039,0.694117647058824,0.803921568627451
196.16764545440674,0.0,0.14525962674411844,0.03,1,1,1,0.0,0.3333333333333333,0.06457008150000002,-1,-1,-1,1.0,1.0,-1.0,0.0,-0.3333333333333333,0.10935000000000002,-1,-1,-1,0.356862745098039,0.694117647058824,0.803921568627451
196.20953512191772,0.0,0.14525962674411844,0.03,1,1,1,0.0,0.3333333333333333,0.06457008150000002,-1,-1,-1,1.0,1.0,-1.0,0.0,-0.3333333333333333,0.10935000000000002,-1,-1,-1,0.356862745098039,0.694117647058824,0.803921568627451
196.2442615032196,0.0,0.14525962674411844,0.03,1,1,1,0.0,0.3333333333333333,0.06457008150000002,-1,-1,-1,1.0,1.0,-1.0,0.0,-0.3333333333333333,0.10935000000000002,-1,-1,-1,0.356862745098039,0.694117647058824,0.803921568627451
196.27887964248657,0.0,0.14525962674411844,0.03,1,1,1,0.0,0.3333333333333333,0.06457008150000002,-1,-1,-1,1.0,1.0,-1.0,0.0,-0.3333333333333333,0.10935000000000002,-1,-1,-1,0.356862745098039,0.694117647058824,0.803921568627451
196.31340432167053,0.0,0.14525962674411844,0.03,1,1,1,0.0,0.3333333333333333,0.06457008150000002,-1,-1,-1,1.0,1.0,-1.0,0.0,-0.3333333333333333,0.10935000000000002,-1,-1,-1,0.356862745098039,0.694117647058824,0.803921568627451
196.3552165031433,0.0,0.14525962674411844,0.03,1,1,1,0.0,0.3333333333333333,0.06457008150000002,-1,-1,-1,1.0,1.0,-1.0,0.0,-0.3333333333333333,0.10935000000000002,-1,-1,-1,0.356862745098039,0.694117647058824,0.803921568627451
196.39982652664185,0.0,0.14525962674411844,0.03,1,1,1,0.0,0.3333333333333333,0.06457008150000002,-1,-1,-1,1.0,1.0,-1.0,0.0,-0.3333333333333333,0.10935000000000002,-1,-1,-1,0.356862745098039,0.694117647058824,0.803921568627451
196.4387128353119,0.0,0.14525962674411844,0.03,1,1,1,0.0,0.3333333333333333,0.06457008150000002,-1,-1,-1,1.0,1.0,-1.0,0.0,-0.3333333333333333,0.10935000000000002,-1,-1,-1,0.356862745098039,0.694117647058824,0.803921568627451
196.47328925132751,0.0,0.14525962674411844,0.03,1,1,1,0.0,0.3333333333333333,0.06457008150000002,-1,-1,-1,1.0,1.0,-1.0,0.0,-0.3333333333333333,0.10935000000000002,-1,-1,-1,0.356862745098039,0.694117647058824,0.803921568627451
196.5080749988556,0.0,0.14525962674411844,0.03,1,1,1,0.0,0.3333333333333333,0.06457008150000002,-1,-1,-1,1.0,1.0,-1.0,0.0,-0.3333333333333333,0.10935000000000002,-1,-1,-1,0.356862745098039,0.694117647058824,0.803921568627451
196.54976105690002,0.0,0.14525962674411844,0.03,1,1,1,0.0,0.3333333333333333,0.06457008150000002,-1,-1,-1,1.0,1.0,-1.0,0.0,-0.3333333333333333,0.10935000000000002,-1,-1,-1,0.356862745098039,0.694117647058824,0.803921568627451
196.59172940254211,0.0,0.1443023030573744,0.03,1,1,1,0.0,0.3333333333333333,0.06457008150000002,-1,-1,-1,1.0,1.0,-1.0,0.0,-0.3333333333333333,0.10935000000000002,-1,-1,-1,0.356862745098039,0.694117647058824,0.803921568627451
196.62596344947815,0.0,0.14270676357946768,0.03,1,1,1,0.0,0.3333333333333333,0.06457008150000002,-1,-1,-1,1.0,1.0,-1.0,0.0,-0.3333333333333333,0.10935000000000002,-1,-1,-1,0.356862745098039,0.694117647058824,0.803921568627451
196.6607048511505,0.0,0.14111122410156096,0.03,1,1,1,0.0,0.3333333333333333,0.06457008150000002,-1,-1,-1,1.0,1.0,-1.0,0.0,-0.3333333333333333,0.10935000000000002,-1,-1,-1,0.356862745098039,0.694117647058824,0.803921568627451
196.69916820526123,0.0,0.13951568462365424,0.03,1,1,1,0.0,0.3333333333333333,0.06457008150000002,-1,-1,-1,1.0,1.0,-1.0,0.0,-0.3333333333333333,0.10935000000000002,-1,-1,-1,0.356862745098039,0.694117647058824,0.803921568627451
196.7337498664856,0.0,0.13792014514574752,0.03,1,1,1,0.0,0.3333333333333333,0.06457008150000002,-1,-1,-1,1.0,1.0,-1.0,0.0,-0.3333333333333333,0.10935000000000002,-1,-1,-1,0.356862745098039,0.694117647058824,0.803921568627451
196.771723985672,0.0,0.1363246056678408,0.03,1,1,1,0.0,0.3333333333333333,0.06457008150000002,-1,-1,-1,1.0,1.0,-1.0,0.0,-0.3333333333333333,0.10935000000000002,-1,-1,-1,0.356862745098039,0.694117647058824,0.803921568627451
196.80676078796387,0.0,0.13472906618993408,0.03,1,1,1,0.0,0.3333333333333333,0.06457008150000002,-1,-1,-1,1.0,1.0,-1.0,0.0,-0.3333333333333333,0.10935000000000002,-1,-1,-1,0.356862745098039,0.694117647058824,0.803921568627451
196.84163355827332,0.0,0.13313352671202736,0.03,1,1,1,0.0,0.3333333333333333,0.06457008150000002,-1,-1,-1,1.0,1.0,-1.0,0.0,-0.3333333333333333,0.10935000000000002,-1,-1,-1,0.356862745098039,0.694117647058824,0.803921568627451
196.87576293945312,0.0,0.13153798723412063,0.03,1,1,1,0.0,0.3333333333333333,0.06457008150000002,-1,-1,-1,1.0,1.0,-1.0,0.0,-0.3333333333333333,0.10935000000000002,-1,-1,-1,0.356862745098039,0.694117647058824,0.803921568627451
196.9111249446869,0.0,0.1299424477562139,0.03,1,1,1,0.0,0.3333333333333333,0.06457008150000002,-1,-1,-1,1.0,1.0,-1.0,0.0,-0.3333333333333333,0.10935000000000002,-1,-1,-1,0.356862745098039,0.694117647058824,0.803921568627451
196.95242047309875,0.0,0.1283469082783072,0.03,1,1,1,0.0,0.3333333333333333,0.06457008150000002,-1,-1,-1,1.0,1.0,-1.0,0.0,-0.3333333333333333,0.10935000000000002,-1,-1,-1,0.356862745098039,0.694117647058824,0.803921568627451
196.98678851127625,0.0,0.12675136880040047,0.03,1,1,1,0.0,0.3333333333333333,0.06457008150000002,-1,-1,-1,1.0,1.0,-1.0,0.0,-0.3333333333333333,0.10935000000000002,-1,-1,-1,0.356862745098039,0.694117647058824,0.803921568627451
197.02158737182617,0.0,0.12515582932249375,0.03,1,1,1,0.0,0.3333333333333333,0.06457008150000002,-1,-1,-1,1.0,1.0,-1.0,0.0,-0.3333333333333333,0.10935000000000002,-1,-1,-1,0.356862745098039,0.694117647058824,0.803921568627451
197.05606365203857,0.0,0.12356028984458697,0.03,1,1,1,0.0,0.3333333333333333,0.06457008150000002,-1,-1,-1,1.0,1.0,-1.0,0.0,-0.3333333333333333,0.10935000000000002,-1,-1,-1,0.356862745098039,0.694117647058824,0.803921568627451
197.09094047546387,0.0,0.1219647503666802,0.03,1,1,1,0.0,0.3333333333333333,0.06457008150000002,-1,-1,-1,1.0,1.0,-1.0,0.0,-0.3333333333333333,0.10935000000000002,-1,-1,-1,0.356862745098039,0.694117647058824,0.803921568627451
197.12562036514282,0.0,0.12036921088877342,0.03,1,1,1,0.0,0.3333333333333333,0.06457008150000002,-1,-1,-1,1.0,1.0,-1.0,0.0,-0.3333333333333333,0.10935000000000002,-1,-1,-1,0.356862745098039,0.694117647058824,0.803921568627451
197.1696400642395,0.0,0.11877367141086666,0.03,1,1,1,0.0,0.3333333333333333,0.06457008150000002,-1,-1,-1,1.0,1.0,-1.0,0.0,-0.3333333333333333,0.10935000000000002,-1,-1,-1,0.356862745098039,0.694117647058824,0.803921568627451
197.20283460617065,0.0,0.11717813193295987,0.03,1,1,1,0.0,0.3333333333333333,0.06457008150000002,-1,-1,-1,1.0,1.0,-1.0,0.0,-0.3333333333333333,0.10935000000000002,-1,-1,-1,0.356862745098039,0.694117647058824,0.803921568627451
197.23692107200623,0.0,0.11558259245505308,0.03,1,1,1,0.0,0.3333333333333333,0.06457008150000002,-1,-1,-1,1.0,1.0,-1.0,0.0,-0.3333333333333333,0.10935000000000002,-1,-1,-1,0.356862745098039,0.694117647058824,0.803921568627451
197.2717969417572,0.0,0.11398705297714629,0.03,1,1,1,0.0,0.3333333333333333,0.06457008150000002,-1,-1,-1,1.0,1.0,-1.0,0.0,-0.3333333333333333,0.10935000000000002,-1,-1,-1,0.356862745098039,0.694117647058824,0.803921568627451
197.3059048652649,0.0,0.1123915134992395,0.03,1,1,1,0.0,0.3333333333333333,0.06457008150000002,-1,-1,-1,1.0,1.0,-1.0,0.0,-0.3333333333333333,0.10935000000000002,-1,-1,-1,0.356862745098039,0.694117647058824,0.803921568627451
197.34047174453735,0.0,0.1107959740213327,0.03,1,1,1,0.0,0.3333333333333333,0.06457008150000002,-1,-1,-1,1.0,1.0,-1.0,0.0,-0.3333333333333333,0.10935000000000002,-1,-1,-1,0.356862745098039,0.694117647058824,0.803921568627451
197.382390499115,0.0,0.10920043454342591,0.03,1,1,1,0.0,0.3333333333333333,0.06457008150000002,-1,-1,-1,1.0,1.0,-1.0,0.0,-0.3333333333333333,0.10935000000000002,-1,-1,-1,0.356862745098039,0.694117647058824,0.803921568627451
197.41752076148987,0.0,0.10760489506551912,0.03,1,1,1,0.0,0.3333333333333333,0.06457008150000002,-1,-1,-1,1.0,1.0,-1.0,0.0,-0.3333333333333333,0.10935000000000002,-1,-1,-1,0.356862745098039,0.694117647058824,0.803921568627451
197.45209527015686,0.0,0.10600935558761233,0.03,1,1,1,0.0,0.3333333333333333,0.06457008150000002,-1,-1,-1,1.0,1.0,-1.0,0.0,-0.3333333333333333,0.10935000000000002,-1,-1,-1,0.356862745098039,0.694117647058824,0.803921568627451
197.48654174804688,0.0,0.10441381610970554,0.03,1,1,1,0.0,0.3333333333333333,0.06457008150000002,-1,-1,-1,1.0,1.0,-1.0,0.0,-0.3333333333333333,0.10935000000000002,-1,-1,-1,0.356862745098039,0.694117647058824,0.803921568627451
197.5212903022766,0.0,0.10281827663179875,0.03,1,1,1,0.0,0.3333333333333333,0.06457008150000002,-1,-1,-1,1.0,1.0,-1.0,0.0,-0.3333333333333333,0.10935000000000002,-1,-1,-1,0.356862745098039,0.694117647058824,0.803921568627451
197.5635290145874,0.0,0.10122273715389196,0.03,1,1,1,0.0,0.3333333333333333,0.06457008150000002,-1,-1,-1,1.0,1.0,-1.0,0.0,-0.3333333333333333,0.10935000000000002,-1,-1,-1,0.356862745098039,0.694117647058824,0.803921568627451
197.5979778766632,0.0,0.09962719767598517,0.03,1,1,1,0.0,0.3333333333333333,0.06457008150000002,-1,-1,-1,1.0,1.0,-1.0,0.0,-0.3333333333333333,0.10935000000000002,-1,-1,-1,0.356862745098039,0.694117647058824,0.803921568627451
197.63230109214783,0.0,0.09803165819807838,0.03,1,1,1,0.0,0.3333333333333333,0.06457008150000002,-1,-1,-1,1.0,1.0,-1.0,0.0,-0.3333333333333333,0.10935000000000002,-1,-1,-1,0.356862745098039,0.694117647058824,0.803921568627451
197.6713740825653,0.0,0.09643611872017159,0.03,1,1,1,0.0,0.3333333333333333,0.06457008150000002,-1,-1,-1,1.0,1.0,-1.0,0.0,-0.3333333333333333,0.10935000000000002,-1,-1,-1,0.356862745098039,0.694117647058824,0.803921568627451
197.70683193206787,0.0,0.0948405792422648,0.03,1,1,1,0.0,0.3333333333333333,0.06457008150000002,-1,-1,-1,1.0,1.0,-1.0,0.0,-0.3333333333333333,0.10935000000000002,-1,-1,-1,0.356862745098039,0.694117647058824,0.803921568627451
197.7435028553009,0.0,0.09324503976435801,0.03,1,1,1,0.0,0.3333333333333333,0.06457008150000002,-1,-1,-1,1.0,1.0,-1.0,0.0,-0.3333333333333333,0.10935000000000002,-1,-1,-1,0.356862745098039,0.694117647058824,0.803921568627451
197.78558135032654,0.0,0.09241137758011897,0.03,1,1,1,0.0,0.3333333333333333,0.06457008150000002,-1,-1,-1,1.0,1.0,-1.0,0.0,-0.3333333333333333,0.10935000000000002,-1,-1,-1,0.356862745098039,0.694117647058824,0.803921568627451
197.81971859931946,0.0,0.09272053133638156,0.03,1,1,1,0.0,0.3333333333333333,0.06457008150000002,-1,-1,-1,1.0,1.0,-1.0,0.0,-0.3333333333333333,0.10935000000000002,-1,-1,-1,0.356862745098039,0.694117647058824,0.803921568627451
197.85471105575562,0.0,0.09302968509264414,0.03,1,1,1,0.0,0.3333333333333333,0.06457008150000002,-1,-1,-1,1.0,1.0,-1.0,0.0,-0.3333333333333333,0.10935000000000002,-1,-1,-1,0.356862745098039,0.694117647058824,0.803921568627451
197.88971042633057,0.0,0.09333883884890673,0.03,1,1,1,0.0,0.3333333333333333,0.06457008150000002,-1,-1,-1,1.0,1.0,-1.0,0.0,-0.3333333333333333,0.10935000000000002,-1,-1,-1,0.356862745098039,0.694117647058824,0.803921568627451
197.92407369613647,0.0,0.09364799260516932,0.03,1,1,1,0.0,0.3333333333333333,0.06457008150000002,-1,-1,-1,1.0,1.0,-1.0,0.0,-0.3333333333333333,0.10935000000000002,-1,-1,-1,0.356862745098039,0.694117647058824,0.803921568627451
197.9663336277008,0.0,0.0939571463614319,0.03,1,1,1,0.0,0.3333333333333333,0.06457008150000002,-1,-1,-1,1.0,1.0,-1.0,0.0,-0.3333333333333333,0.10935000000000002,-1,-1,-1,0.356862745098039,0.694117647058824,0.803921568627451
198.00065231323242,0.0,0.09426630011769449,0.03,1,1,1,0.0,0.3333333333333333,0.06457008150000002,-1,-1,-1,1.0,1.0,-1.0,0.0,-0.3333333333333333,0.10935000000000002,-1,-1,-1,0.356862745098039,0.694117647058824,0.803921568627451
198.03509283065796,0.0,0.09457545387395708,0.03,1,1,1,0.0,0.3333333333333333,0.06457008150000002,-1,-1,-1,1.0,1.0,-1.0,0.0,-0.3333333333333333,0.10935000000000002,-1,-1,-1,0.356862745098039,0.694117647058824,0.803921568627451
198.07400512695312,0.0,0.09488460763021966,0.03,1,1,1,0.0,0.3333333333333333,0.06457008150000002,-1,-1,-1,1.0,1.0,-1.0,0.0,-0.3333333333333333,0.10935000000000002,-1,-1,-1,0.356862745098039,0.694117647058824,0.803921568627451
198.1086938381195,0.0,0.09519376138648225,0.03,1,1,1,0.0,0.3333333333333333,0.06457008150000002,-1,-1,-1,1.0,1.0,-1.0,0.0,-0.3333333333333333,0.10935000000000002,-1,-1,-1,0.356862745098039,0.694117647058824,0.803921568627451
198.14629793167114,0.0,0.09550291514274484,0.03,1,1,1,0.0,0.3333333333333333,0.06457008150000002,-1,-1,-1,1.0,1.0,-1.0,0.0,-0.3333333333333333,0.10935000000000002,-1,-1,-1,0.356862745098039,0.694117647058824,0.803921568627451
198.1885769367218,0.0,0.09581206889900742,0.03,1,1,1,0.0,0.3333333333333333,0.06457008150000002,-1,-1,-1,1.0,1.0,-1.0,0.0,-0.3333333333333333,0.10935000000000002,-1,-1,-1,0.356862745098039,0.694117647058824,0.803921568627451
198.22303795814514,0.0,0.09612122265527001,0.03,1,1,1,0.0,0.3333333333333333,0.06457008150000002,-1,-1,-1,1.0,1.0,-1.0,0.0,-0.3333333333333333,0.10935000000000002,-1,-1,-1,0.356862745098039,0.694117647058824,0.803921568627451
198.25783014297485,0.0,0.0964303764115326,0.03,1,1,1,0.0,0.3333333333333333,0.06457008150000002,-1,-1,-1,1.0,1.0,-1.0,0.0,-0.3333333333333333,0.10935000000000002,-1,-1,-1,0.356862745098039,0.694117647058824,0.803921568627451
198.29269862174988,0.0,0.09673953016779518,0.03,1,1,1,0.0,0.3333333333333333,0.06457008150000002,-1,-1,-1,1.0,1.0,-1.0,0.0,-0.3333333333333333,0.10935000000000002,-1,-1,-1,0.356862745098039,0.694117647058824,0.803921568627451
198.33429098129272,0.0,0.09704868392405777,0.03,1,1,1,0.0,0.3333333333333333,0.06457008150000002,-1,-1,-1,1.0,1.0,-1.0,0.0,-0.3333333333333333,0.10935000000000002,-1,-1,-1,0.356862745098039,0.694117647058824,0.803921568627451
198.3692467212677,0.0,0.09735783768032036,0.03,1,1,1,0.0,0.3333333333333333,0.06457008150000002,-1,-1,-1,1.0,1.0,-1.0,0.0,-0.3333333333333333,0.10935000000000002,-1,-1,-1,0.356862745098039,0.694117647058824,0.803921568627451
198.40371751785278,0.0,0.09766699143658295,0.03,1,1,1,0.0,0.3333333333333333,0.06457008150000002,-1,-1,-1,1.0,1.0,-1.0,0.0,-0.3333333333333333,0.10935000000000002,-1,-1,-1,0.356862745098039,0.694117647058824,0.803921568627451
